  0
SECTION
  2
HEADER
  9
$ACADVER
  1
AC1027
  9
$ACADMAINTVER
 70
   105
  9
$DWGCODEPAGE
  3
ANSI_1252
  9
$LASTSAVEDBY
  1
pkineyko
  9
$REQUIREDVERSIONS
160
                 0
  9
$INSBASE
 10
0.0
 20
0.0
 30
0.0
  9
$EXTMIN
 10
0.0
 20
0.0
 30
0.0
  9
$EXTMAX
 10
11.0
 20
8.5
 30
0.0
  9
$LIMMIN
 10
0.0
 20
0.0
  9
$LIMMAX
 10
11.0
 20
8.5
  9
$ORTHOMODE
 70
     0
  9
$REGENMODE
 70
     1
  9
$FILLMODE
 70
     1
  9
$QTEXTMODE
 70
     0
  9
$MIRRTEXT
 70
     1
  9
$LTSCALE
 40
1.0
  9
$ATTMODE
 70
     1
  9
$TEXTSIZE
 40
0.1377952756
  9
$TRACEWID
 40
0.05
  9
$TEXTSTYLE
  7
Standard
  9
$CLAYER
  8
0
  9
$CELTYPE
  6
ByLayer
  9
$CECOLOR
 62
   256
  9
$CELTSCALE
 40
1.0
  9
$DISPSILH
 70
     0
  9
$DIMSCALE
 40
1.0
  9
$DIMASZ
 40
0.13
  9
$DIMEXO
 40
0.05
  9
$DIMDLI
 40
0.38
  9
$DIMRND
 40
0.0
  9
$DIMDLE
 40
0.0
  9
$DIMEXE
 40
0.125
  9
$DIMTP
 40
0.0
  9
$DIMTM
 40
0.0
  9
$DIMTXT
 40
0.1111111111
  9
$DIMCEN
 40
0.09
  9
$DIMTSZ
 40
0.0
  9
$DIMTOL
 70
     0
  9
$DIMLIM
 70
     0
  9
$DIMTIH
 70
     1
  9
$DIMTOH
 70
     1
  9
$DIMSE1
 70
     0
  9
$DIMSE2
 70
     0
  9
$DIMTAD
 70
     0
  9
$DIMZIN
 70
     1
  9
$DIMBLK
  1

  9
$DIMASO
 70
     1
  9
$DIMSHO
 70
     1
  9
$DIMPOST
  1

  9
$DIMAPOST
  1

  9
$DIMALT
 70
     0
  9
$DIMALTD
 70
     2
  9
$DIMALTF
 40
25.4
  9
$DIMLFAC
 40
1.0
  9
$DIMTOFL
 70
     0
  9
$DIMTVP
 40
0.0
  9
$DIMTIX
 70
     0
  9
$DIMSOXD
 70
     0
  9
$DIMSAH
 70
     0
  9
$DIMBLK1
  1

  9
$DIMBLK2
  1

  9
$DIMSTYLE
  2
Standard
  9
$DIMCLRD
 70
     0
  9
$DIMCLRE
 70
     0
  9
$DIMCLRT
 70
     0
  9
$DIMTFAC
 40
1.0
  9
$DIMGAP
 40
0.06
  9
$DIMJUST
 70
     0
  9
$DIMSD1
 70
     0
  9
$DIMSD2
 70
     0
  9
$DIMTOLJ
 70
     1
  9
$DIMTZIN
 70
     1
  9
$DIMALTZ
 70
     0
  9
$DIMALTTZ
 70
     0
  9
$DIMUPT
 70
     0
  9
$DIMDEC
 70
     2
  9
$DIMTDEC
 70
     2
  9
$DIMALTU
 70
     2
  9
$DIMALTTD
 70
     2
  9
$DIMTXSTY
  7
Standard
  9
$DIMAUNIT
 70
     0
  9
$DIMADEC
 70
     2
  9
$DIMALTRND
 40
0.0
  9
$DIMAZIN
 70
     0
  9
$DIMDSEP
 70
    46
  9
$DIMATFIT
 70
     3
  9
$DIMFRAC
 70
     0
  9
$DIMLDRBLK
  1

  9
$DIMLUNIT
 70
     2
  9
$DIMLWD
 70
    -2
  9
$DIMLWE
 70
    -2
  9
$DIMTMOVE
 70
     0
  9
$DIMFXL
 40
1.0
  9
$DIMFXLON
 70
     0
  9
$DIMJOGANG
 40
0.7853981634
  9
$DIMTFILL
 70
     0
  9
$DIMTFILLCLR
 70
     0
  9
$DIMARCSYM
 70
     0
  9
$DIMLTYPE
  6

  9
$DIMLTEX1
  6

  9
$DIMLTEX2
  6

  9
$DIMTXTDIRECTION
 70
     0
  9
$LUNITS
 70
     2
  9
$LUPREC
 70
     2
  9
$SKETCHINC
 40
0.1
  9
$FILLETRAD
 40
0.0
  9
$AUNITS
 70
     0
  9
$AUPREC
 70
     2
  9
$MENU
  1
.
  9
$ELEVATION
 40
0.0
  9
$PELEVATION
 40
0.0
  9
$THICKNESS
 40
0.0
  9
$LIMCHECK
 70
     0
  9
$CHAMFERA
 40
0.0
  9
$CHAMFERB
 40
0.0
  9
$CHAMFERC
 40
0.0
  9
$CHAMFERD
 40
0.0
  9
$SKPOLY
 70
     0
  9
$TDCREATE
 40
2460971.419923218
  9
$TDUCREATE
 40
2460971.586589885
  9
$TDUPDATE
 40
2460971.419930672
  9
$TDUUPDATE
 40
2460971.586597338
  9
$TDINDWG
 40
0.0000000116
  9
$TDUSRTIMER
 40
0.0000000116
  9
$USRTIMER
 70
     1
  9
$ANGBASE
 50
0.0
  9
$ANGDIR
 70
     0
  9
$PDMODE
 70
     0
  9
$PDSIZE
 40
-1.0
  9
$PLINEWID
 40
0.0
  9
$SPLFRAME
 70
     0
  9
$SPLINETYPE
 70
     6
  9
$SPLINESEGS
 70
     8
  9
$HANDSEED
  5
80B
  9
$SURFTAB1
 70
     6
  9
$SURFTAB2
 70
     6
  9
$SURFTYPE
 70
     6
  9
$SURFU
 70
     6
  9
$SURFV
 70
     6
  9
$UCSBASE
  2

  9
$UCSNAME
  2

  9
$UCSORG
 10
0.0
 20
0.0
 30
0.0
  9
$UCSXDIR
 10
1.0
 20
0.0
 30
0.0
  9
$UCSYDIR
 10
0.0
 20
1.0
 30
0.0
  9
$UCSORTHOREF
  2

  9
$UCSORTHOVIEW
 70
     0
  9
$UCSORGTOP
 10
0.0
 20
0.0
 30
0.0
  9
$UCSORGBOTTOM
 10
0.0
 20
0.0
 30
0.0
  9
$UCSORGLEFT
 10
0.0
 20
0.0
 30
0.0
  9
$UCSORGRIGHT
 10
0.0
 20
0.0
 30
0.0
  9
$UCSORGFRONT
 10
0.0
 20
0.0
 30
0.0
  9
$UCSORGBACK
 10
0.0
 20
0.0
 30
0.0
  9
$PUCSBASE
  2

  9
$PUCSNAME
  2

  9
$PUCSORG
 10
0.0
 20
0.0
 30
0.0
  9
$PUCSXDIR
 10
1.0
 20
0.0
 30
0.0
  9
$PUCSYDIR
 10
0.0
 20
1.0
 30
0.0
  9
$PUCSORTHOREF
  2

  9
$PUCSORTHOVIEW
 70
     0
  9
$PUCSORGTOP
 10
0.0
 20
0.0
 30
0.0
  9
$PUCSORGBOTTOM
 10
0.0
 20
0.0
 30
0.0
  9
$PUCSORGLEFT
 10
0.0
 20
0.0
 30
0.0
  9
$PUCSORGRIGHT
 10
0.0
 20
0.0
 30
0.0
  9
$PUCSORGFRONT
 10
0.0
 20
0.0
 30
0.0
  9
$PUCSORGBACK
 10
0.0
 20
0.0
 30
0.0
  9
$USERI1
 70
     0
  9
$USERI2
 70
     0
  9
$USERI3
 70
     0
  9
$USERI4
 70
     0
  9
$USERI5
 70
     0
  9
$USERR1
 40
0.0
  9
$USERR2
 40
0.0
  9
$USERR3
 40
0.0
  9
$USERR4
 40
0.0
  9
$USERR5
 40
0.0
  9
$WORLDVIEW
 70
     1
  9
$SHADEDGE
 70
     3
  9
$SHADEDIF
 70
    70
  9
$TILEMODE
 70
     1
  9
$MAXACTVP
 70
    64
  9
$PINSBASE
 10
0.0
 20
0.0
 30
0.0
  9
$PLIMCHECK
 70
     0
  9
$PEXTMIN
 10
1.0000000000E+20
 20
1.0000000000E+20
 30
1.0000000000E+20
  9
$PEXTMAX
 10
-1.0000000000E+20
 20
-1.0000000000E+20
 30
-1.0000000000E+20
  9
$PLIMMIN
 10
0.0
 20
0.0
  9
$PLIMMAX
 10
12.0
 20
9.0
  9
$UNITMODE
 70
     0
  9
$VISRETAIN
 70
     1
  9
$PLINEGEN
 70
     0
  9
$PSLTSCALE
 70
     1
  9
$TREEDEPTH
 70
  3020
  9
$CMLSTYLE
  2
Standard
  9
$CMLJUST
 70
     0
  9
$CMLSCALE
 40
1.0
  9
$PROXYGRAPHICS
 70
     1
  9
$MEASUREMENT
 70
     0
  9
$CELWEIGHT
370
    -1
  9
$ENDCAPS
280
     0
  9
$JOINSTYLE
280
     0
  9
$LWDISPLAY
290
     1
  9
$INSUNITS
 70
     1
  9
$HYPERLINKBASE
  1

  9
$STYLESHEET
  1

  9
$XEDIT
290
     1
  9
$CEPSNTYPE
380
     0
  9
$PSTYLEMODE
290
     1
  9
$FINGERPRINTGUID
  2
{8b03b93e-03c7-436d-9794-b12b58692e90}
  9
$VERSIONGUID
  2
{FAEB1C32-E019-11D5-929B-00C0DF256EC4}
  9
$EXTNAMES
290
     1
  9
$PSVPSCALE
 40
0.0
  9
$OLESTARTUP
290
     0
  9
$SORTENTS
280
   127
  9
$INDEXCTL
280
     0
  9
$HIDETEXT
280
     1
  9
$XCLIPFRAME
280
     2
  9
$HALOGAP
280
     0
  9
$OBSCOLOR
 70
   257
  9
$OBSLTYPE
280
     0
  9
$INTERSECTIONDISPLAY
280
     0
  9
$INTERSECTIONCOLOR
 70
   257
  9
$DIMASSOC
280
     2
  9
$PROJECTNAME
  1

  9
$CAMERADISPLAY
290
     0
  9
$LENSLENGTH
 40
50.0
  9
$CAMERAHEIGHT
 40
0.0
  9
$STEPSPERSEC
 40
2.0
  9
$STEPSIZE
 40
6.0
  9
$3DDWFPREC
 40
2.0
  9
$PSOLWIDTH
 40
0.25
  9
$PSOLHEIGHT
 40
4.0
  9
$LOFTANG1
 40
1.5707963268
  9
$LOFTANG2
 40
1.5707963268
  9
$LOFTMAG1
 40
0.0
  9
$LOFTMAG2
 40
0.0
  9
$LOFTPARAM
 70
     7
  9
$LOFTNORMALS
280
     1
  9
$LATITUDE
 40
37.795
  9
$LONGITUDE
 40
-122.394
  9
$NORTHDIRECTION
 40
0.0
  9
$TIMEZONE
 70
 -8000
  9
$LIGHTGLYPHDISPLAY
280
     1
  9
$TILEMODELIGHTSYNCH
280
     1
  9
$CMATERIAL
347
44
  9
$SOLIDHIST
280
     0
  9
$SHOWHIST
280
     1
  9
$DWFFRAME
280
     2
  9
$DGNFRAME
280
     2
  9
$REALWORLDSCALE
290
     1
  9
$INTERFERECOLOR
 62
   256
  9
$CSHADOW
280
     0
  9
$SHADOWPLANELOCATION
 40
0.0
  0
ENDSEC
  0
SECTION
  2
CLASSES
  0
CLASS
  1
ACDBDICTIONARYWDFLT
  2
AcDbDictionaryWithDefault
  3
ObjectDBX Classes
 90
        0
 91
        3
280
     0
281
     0
  0
CLASS
  1
VISUALSTYLE
  2
AcDbVisualStyle
  3
ObjectDBX Classes
 90
     4095
 91
        3
280
     0
281
     0
  0
CLASS
  1
MATERIAL
  2
AcDbMaterial
  3
ObjectDBX Classes
 90
     1153
 91
        3
280
     0
281
     0
  0
CLASS
  1
SCALE
  2
AcDbScale
  3
ObjectDBX Classes
 90
     1153
 91
        3
280
     0
281
     0
  0
CLASS
  1
TABLESTYLE
  2
AcDbTableStyle
  3
ObjectDBX Classes
 90
     4095
 91
        3
280
     0
281
     0
  0
CLASS
  1
MLEADERSTYLE
  2
AcDbMLeaderStyle
  3
ACDB_MLEADERSTYLE_CLASS
 90
     4095
 91
        3
280
     0
281
     0
  0
CLASS
  1
SUN
  2
AcDbSun
  3
SCENEOE
 90
     1153
 91
        3
280
     0
281
     0
  0
CLASS
  1
DICTIONARYVAR
  2
AcDbDictionaryVar
  3
ObjectDBX Classes
 90
        0
 91
        3
280
     0
281
     0
  0
CLASS
  1
CELLSTYLEMAP
  2
AcDbCellStyleMap
  3
ObjectDBX Classes
 90
     1152
 91
        3
280
     0
281
     0
  0
ENDSEC
  0
SECTION
  2
TABLES
  0
TABLE
  2
VPORT
  5
8
330
0
100
AcDbSymbolTable
 70
     1
  0
VPORT
  5
29
330
8
100
AcDbSymbolTableRecord
100
AcDbViewportTableRecord
  2
*Active
 70
     0
 10
0.0
 20
0.0
 11
1.0
 21
1.0
 12
5.5
 22
4.25
 13
0.0
 23
0.0
 14
0.5
 24
0.5
 15
0.5
 25
0.5
 16
0.0
 26
0.0
 36
1.0
 17
0.0
 27
0.0
 37
0.0
 40
8.5
 41
1.2941176471
 42
50.0
 43
0.0
 44
0.0
 50
0.0
 51
0.0
 71
     0
 72
  2000
 73
     1
 74
     3
 75
     0
 76
     0
 77
     0
 78
     0
281
     0
 65
     1
110
0.0
120
0.0
130
0.0
111
1.0
121
0.0
131
0.0
112
0.0
122
1.0
132
0.0
 79
     0
146
0.0
348
2F
 60
     3
 61
     5
292
     1
282
     1
141
0.0
142
0.0
 63
   250
361
5D
  0
ENDTAB
  0
TABLE
  2
LTYPE
  5
5
330
0
100
AcDbSymbolTable
 70
     6
  0
LTYPE
  5
14
330
5
100
AcDbSymbolTableRecord
100
AcDbLinetypeTableRecord
  2
ByBlock
 70
     0
  3

 72
    65
 73
     0
 40
0.0
  0
LTYPE
  5
15
330
5
100
AcDbSymbolTableRecord
100
AcDbLinetypeTableRecord
  2
ByLayer
 70
     0
  3

 72
    65
 73
     0
 40
0.0
  0
LTYPE
  5
16
330
5
100
AcDbSymbolTableRecord
100
AcDbLinetypeTableRecord
  2
Continuous
 70
     0
  3
Solid line
 72
    65
 73
     0
 40
0.0
  0
LTYPE
  5
5E
330
5
100
AcDbSymbolTableRecord
100
AcDbLinetypeTableRecord
  2
HIDDEN
 70
     0
  3
Hidden __ __ __ __ __ __ __ __ __ __ __ __ __ __
 72
    65
 73
     2
 40
0.075
 49
0.05
 74
     0
 49
-0.025
 74
     0
  0
LTYPE
  5
5F
330
5
100
AcDbSymbolTableRecord
100
AcDbLinetypeTableRecord
  2
PHANTOM
 70
     0
  3
Phantom ______  __  __  ______  __  __  ______
 72
    65
 73
     6
 40
0.5
 49
0.25
 74
     0
 49
-0.05
 74
     0
 49
0.05
 74
     0
 49
-0.05
 74
     0
 49
0.05
 74
     0
 49
-0.05
 74
     0
  0
LTYPE
  5
60
330
5
100
AcDbSymbolTableRecord
100
AcDbLinetypeTableRecord
  2
CENTER
 70
     0
  3
Center ____ _ ____ _ ____ _ ____ _ ____ _ ____
 72
    65
 73
     4
 40
0.4
 49
0.25
 74
     0
 49
-0.05
 74
     0
 49
0.05
 74
     0
 49
-0.05
 74
     0
  0
LTYPE
  5
61
330
5
100
AcDbSymbolTableRecord
100
AcDbLinetypeTableRecord
  2
CENTERX2
 70
     0
  3
Center (2x) ________  __  ________  __  _____
 72
    65
 73
     4
 40
0.8
 49
0.5
 74
     0
 49
-0.1
 74
     0
 49
0.1
 74
     0
 49
-0.1
 74
     0
  0
LTYPE
  5
62
330
5
100
AcDbSymbolTableRecord
100
AcDbLinetypeTableRecord
  2
DOT2
 70
     0
  3
Dot (.5x) ........................................
 72
    65
 73
     2
 40
0.025
 49
0.0
 74
     0
 49
-0.025
 74
     0
  0
ENDTAB
  0
TABLE
  2
LAYER
  5
2
330
0
100
AcDbSymbolTable
 70
     3
  0
LAYER
  5
10
330
2
100
AcDbSymbolTableRecord
100
AcDbLayerTableRecord
  2
0
 70
     0
 62
     7
  6
Continuous
370
    -3
390
F
347
46
348
0
  0
LAYER
  5
63
330
2
100
AcDbSymbolTableRecord
100
AcDbLayerTableRecord
  2
FORMAT
 70
     0
 62
     7
  6
Continuous
370
    -3
390
F
347
46
348
0
  0
LAYER
  5
64
330
2
100
AcDbSymbolTableRecord
100
AcDbLayerTableRecord
  2
SHEET_DIMS
 70
     0
 62
    -7
  6
Continuous
290
     0
370
    -3
390
F
347
46
348
0
  0
ENDTAB
  0
TABLE
  2
STYLE
  5
3
330
0
100
AcDbSymbolTable
 70
     7
  0
STYLE
  5
11
330
3
100
AcDbSymbolTableRecord
100
AcDbTextStyleTableRecord
  2
Standard
 70
     0
 40
0.0
 41
1.0
 50
0.0
 71
     0
 42
0.1377952756
  3
txt
  4

  0
STYLE
  5
123
330
3
100
AcDbSymbolTableRecord
100
AcDbTextStyleTableRecord
  2
SLDTEXTSTYLE0
 70
     0
 40
0.0
 41
0.75
 50
0.0
 71
     0
 42
0.1377952756
  3
TXT
  4

  0
STYLE
  5
127
330
3
100
AcDbSymbolTableRecord
100
AcDbTextStyleTableRecord
  2
SLDTEXTSTYLE1
 70
     0
 40
0.0
 41
0.75
 50
0.0
 71
     0
 42
0.1377952756
  3
TXT
  4
bigfont
  0
STYLE
  5
12E
330
3
100
AcDbSymbolTableRecord
100
AcDbTextStyleTableRecord
  2
SLDTEXTSTYLE2
 70
     0
 40
0.0
 41
0.6964285714
 50
0.0
 71
     0
 42
0.1377952756
  3
TXT
  4
bigfont
  0
STYLE
  5
132
330
3
100
AcDbSymbolTableRecord
100
AcDbTextStyleTableRecord
  2
SLDTEXTSTYLE3
 70
     0
 40
0.0
 41
0.7
 50
0.0
 71
     0
 42
0.1377952756
  3
TXT
  4

  0
STYLE
  5
141
330
3
100
AcDbSymbolTableRecord
100
AcDbTextStyleTableRecord
  2
SLDTEXTSTYLE4
 70
     0
 40
0.0
 41
0.6
 50
0.0
 71
     0
 42
0.1377952756
  3
TXT
  4

  0
STYLE
  5
146
330
3
100
AcDbSymbolTableRecord
100
AcDbTextStyleTableRecord
  2
SLDTEXTSTYLE5
 70
     0
 40
0.0
 41
0.6875
 50
0.0
 71
     0
 42
0.1377952756
  3
TXT
  4

  0
ENDTAB
  0
TABLE
  2
VIEW
  5
6
330
0
100
AcDbSymbolTable
 70
     0
  0
ENDTAB
  0
TABLE
  2
UCS
  5
7
330
0
100
AcDbSymbolTable
 70
     0
  0
ENDTAB
  0
TABLE
  2
APPID
  5
9
330
0
100
AcDbSymbolTable
 70
     1
  0
APPID
  5
12
330
9
100
AcDbSymbolTableRecord
100
AcDbRegAppTableRecord
  2
ACAD
 70
     0
  0
ENDTAB
  0
TABLE
  2
DIMSTYLE
  5
A
330
0
100
AcDbSymbolTable
 70
     8
100
AcDbDimStyleTable
  0
DIMSTYLE
105
27
330
A
100
AcDbSymbolTableRecord
100
AcDbDimStyleTableRecord
  2
Standard
 70
     0
178
     0
340
11
  0
DIMSTYLE
105
498
330
A
100
AcDbSymbolTableRecord
100
AcDbDimStyleTableRecord
  2
SLDDIMSTYLE0
 70
     0
 41
0.13
 44
0.0
 45
0.000000001
146
0.13
147
0.0
173
     1
178
     0
271
     0
272
     0
276
     2
340
11
  0
DIMSTYLE
105
4E3
102
{ACAD_REACTORS
330
4E2
102
}
330
A
100
AcDbSymbolTableRecord
100
AcDbDimStyleTableRecord
  2
SLDDIMSTYLE1
 70
     0
 41
0.13
 44
0.0
 45
0.000000001
 78
     8
 79
     2
140
0.0833333333
141
0.0
147
0.0208333333
148
0.000000001
170
     1
171
     1
173
     1
178
     0
271
     2
272
     2
274
     1
276
     2
284
    12
340
123
  0
DIMSTYLE
105
4F6
102
{ACAD_REACTORS
330
4F5
102
}
330
A
100
AcDbSymbolTableRecord
100
AcDbDimStyleTableRecord
  2
SLDDIMSTYLE2
 70
     0
 41
0.13
 44
0.0
 45
0.000000001
140
0.0833333333
141
0.0
147
0.0208333333
148
0.000000001
170
     1
171
     1
173
     1
178
     0
271
     2
272
     2
274
     1
276
     2
284
    12
340
123
  0
DIMSTYLE
105
508
102
{ACAD_REACTORS
330
507
330
64C
102
}
330
A
100
AcDbSymbolTableRecord
100
AcDbDimStyleTableRecord
  2
SLDDIMSTYLE3
 70
     0
 41
0.13
 44
0.0
 45
0.000000001
 78
    12
 79
     3
140
0.0833333333
147
0.0208333333
148
0.000000001
170
     1
171
     1
173
     1
178
     0
271
     2
272
     2
274
     1
276
     2
284
    12
340
123
  0
DIMSTYLE
105
639
102
{ACAD_REACTORS
330
638
330
7EE
102
}
330
A
100
AcDbSymbolTableRecord
100
AcDbDimStyleTableRecord
  2
SLDDIMSTYLE4
 70
     0
 41
0.13
 44
0.0
 45
0.000000001
140
0.0833333333
147
0.0208333333
148
0.000000001
170
     1
171
     1
173
     1
178
     0
271
     2
272
     2
274
     1
276
     2
284
    12
340
123
  0
DIMSTYLE
105
662
102
{ACAD_REACTORS
330
661
102
}
330
A
100
AcDbSymbolTableRecord
100
AcDbDimStyleTableRecord
  2
SLDDIMSTYLE5
 70
     0
 41
0.13
 44
0.0
 45
0.000000001
 78
     4
 79
     1
140
0.0833333333
147
0.0208333333
148
0.000000001
170
     1
171
     1
173
     1
178
     0
271
     2
272
     2
274
     1
276
     2
284
    12
340
123
  0
DIMSTYLE
105
677
102
{ACAD_REACTORS
330
676
102
}
330
A
100
AcDbSymbolTableRecord
100
AcDbDimStyleTableRecord
  2
SLDDIMSTYLE6
 70
     0
 41
0.13
 44
0.0
 45
0.000000001
 78
    12
 79
     3
140
0.0833333333
147
0.0208333333
148
0.000000001
170
     1
171
     1
173
     1
178
     0
271
     2
272
     2
274
     0
276
     2
284
    12
340
123
  0
ENDTAB
  0
TABLE
  2
BLOCK_RECORD
  5
1
330
0
100
AcDbSymbolTable
 70
    21
  0
BLOCK_RECORD
  5
1F
330
1
100
AcDbSymbolTableRecord
100
AcDbBlockTableRecord
  2
*Model_Space
340
22
 70
     0
280
     1
281
     0
  0
BLOCK_RECORD
  5
1B
330
1
100
AcDbSymbolTableRecord
100
AcDbBlockTableRecord
  2
*Paper_Space
340
1E
 70
     0
280
     1
281
     0
  0
BLOCK_RECORD
  5
23
330
1
100
AcDbSymbolTableRecord
100
AcDbBlockTableRecord
  2
*Paper_Space0
340
26
 70
     0
280
     1
281
     0
  0
BLOCK_RECORD
  5
65
330
1
100
AcDbSymbolTableRecord
100
AcDbBlockTableRecord
  2
Third Angle Projection Block
340
0
102
{BLKREFS
331
11E
102
}
 70
     0
280
     1
281
     0
  0
BLOCK_RECORD
  5
72
330
1
100
AcDbSymbolTableRecord
100
AcDbBlockTableRecord
  2
THORLABS LOGO1
340
0
102
{BLKREFS
331
11F
102
}
 70
     0
280
     1
281
     0
  0
BLOCK_RECORD
  5
120
330
1
100
AcDbSymbolTableRecord
100
AcDbBlockTableRecord
  2
SW_NOTE_0
340
0
102
{BLKREFS
331
135
102
}
 70
     0
280
     1
281
     0
  0
BLOCK_RECORD
  5
148
330
1
100
AcDbSymbolTableRecord
100
AcDbBlockTableRecord
  2
SW_NOTE_0_1
340
0
102
{BLKREFS
331
14D
102
}
 70
     0
280
     1
281
     0
  0
BLOCK_RECORD
  5
14E
330
1
100
AcDbSymbolTableRecord
100
AcDbBlockTableRecord
  2
SW_NOTE_0_2
340
0
102
{BLKREFS
331
153
102
}
 70
     0
280
     1
281
     0
  0
BLOCK_RECORD
  5
155
330
1
100
AcDbSymbolTableRecord
100
AcDbBlockTableRecord
  2
SW_NOTE_0_3
340
0
102
{BLKREFS
331
15A
102
}
 70
     0
280
     1
281
     0
  0
BLOCK_RECORD
  5
15C
330
1
100
AcDbSymbolTableRecord
100
AcDbBlockTableRecord
  2
SW_NOTE_0_4
340
0
102
{BLKREFS
331
161
102
}
 70
     0
280
     1
281
     0
  0
BLOCK_RECORD
  5
162
330
1
100
AcDbSymbolTableRecord
100
AcDbBlockTableRecord
  2
SW_TABLEANNOTATION_0
340
0
102
{BLKREFS
331
19E
102
}
 70
     0
280
     1
281
     0
  0
BLOCK_RECORD
  5
186
330
1
100
AcDbSymbolTableRecord
100
AcDbBlockTableRecord
  2
SW_SYMBOL_C#_1
340
0
102
{BLKREFS
331
18B
331
68B
102
}
 70
     0
280
     1
281
     0
  0
BLOCK_RECORD
  5
18E
330
1
100
AcDbSymbolTableRecord
100
AcDbBlockTableRecord
  2
SW_SYMBOL_C#_2
340
0
102
{BLKREFS
331
193
331
497
102
}
 70
     0
280
     1
281
     0
  0
BLOCK_RECORD
  5
196
330
1
100
AcDbSymbolTableRecord
100
AcDbBlockTableRecord
  2
SW_SYMBOL_C#_3
340
0
102
{BLKREFS
331
19B
331
49A
102
}
 70
     0
280
     1
281
     0
  0
BLOCK_RECORD
  5
49C
330
1
100
AcDbSymbolTableRecord
100
AcDbBlockTableRecord
  2
SW_NOTE_0_5
340
0
102
{BLKREFS
331
4A3
102
}
 70
     0
280
     1
281
     0
  0
BLOCK_RECORD
  5
4E4
330
1
100
AcDbSymbolTableRecord
100
AcDbBlockTableRecord
  2
_D
340
0
 70
     0
280
     1
281
     0
  0
BLOCK_RECORD
  5
4F7
330
1
100
AcDbSymbolTableRecord
100
AcDbBlockTableRecord
  2
_D_1
340
0
 70
     0
280
     1
281
     0
  0
BLOCK_RECORD
  5
509
330
1
100
AcDbSymbolTableRecord
100
AcDbBlockTableRecord
  2
_D_2
340
0
 70
     0
280
     1
281
     0
  0
BLOCK_RECORD
  5
63A
330
1
100
AcDbSymbolTableRecord
100
AcDbBlockTableRecord
  2
_D_3
340
0
 70
     0
280
     1
281
     0
  0
BLOCK_RECORD
  5
64D
330
1
100
AcDbSymbolTableRecord
100
AcDbBlockTableRecord
  2
_D_4
340
0
 70
     0
280
     1
281
     0
  0
BLOCK_RECORD
  5
663
330
1
100
AcDbSymbolTableRecord
100
AcDbBlockTableRecord
  2
_D_5
340
0
 70
     0
280
     1
281
     0
  0
BLOCK_RECORD
  5
678
330
1
100
AcDbSymbolTableRecord
100
AcDbBlockTableRecord
  2
_D_6
340
0
 70
     0
280
     1
281
     0
  0
BLOCK_RECORD
  5
7EF
330
1
100
AcDbSymbolTableRecord
100
AcDbBlockTableRecord
  2
_D_7
340
0
 70
     0
280
     1
281
     0
  0
ENDTAB
  0
ENDSEC
  0
SECTION
  2
BLOCKS
  0
BLOCK
  5
20
330
1F
100
AcDbEntity
  8
0
100
AcDbBlockBegin
  2
*Model_Space
 70
     0
 10
0.0
 20
0.0
 30
0.0
  3
*Model_Space
  1

  0
ENDBLK
  5
21
330
1F
100
AcDbEntity
  8
0
100
AcDbBlockEnd
  0
BLOCK
  5
1C
330
1B
100
AcDbEntity
 67
     1
  8
0
100
AcDbBlockBegin
  2
*Paper_Space
 70
     0
 10
0.0
 20
0.0
 30
0.0
  3
*Paper_Space
  1

  0
ENDBLK
  5
1D
330
1B
100
AcDbEntity
 67
     1
  8
0
100
AcDbBlockEnd
  0
BLOCK
  5
24
330
23
100
AcDbEntity
  8
0
100
AcDbBlockBegin
  2
*Paper_Space0
 70
     0
 10
0.0
 20
0.0
 30
0.0
  3
*Paper_Space0
  1

  0
ENDBLK
  5
25
330
23
100
AcDbEntity
  8
0
100
AcDbBlockEnd
  0
BLOCK
  5
66
330
65
100
AcDbEntity
  8
0
100
AcDbBlockBegin
  2
Third Angle Projection Block
 70
     0
 10
0.0
 20
0.0
 30
0.0
  3
Third Angle Projection Block
  1

  0
CIRCLE
  5
68
330
65
100
AcDbEntity
  8
0
  6
Continuous
 62
     7
370
    35
100
AcDbCircle
 10
3.9951432636
 20
0.7456853688
 30
0.0
 40
0.0696152422706639
  0
CIRCLE
  5
69
330
65
100
AcDbEntity
  8
0
  6
Continuous
 62
     7
370
    35
100
AcDbCircle
 10
3.9951432636
 20
0.7456853688
 30
0.0
 40
0.1535916633280245
  0
LINE
  5
6A
330
65
100
AcDbEntity
  8
0
  6
CENTERX2
 62
     7
370
    18
100
AcDbLine
 10
4.3360937897
 20
0.7456853688
 30
0.0
 11
4.7028635231
 21
0.7456853688
 31
0.0
  0
LINE
  5
6B
330
65
100
AcDbEntity
  8
0
  6
Continuous
 62
     7
370
    35
100
AcDbLine
 10
4.3701432636
 20
0.815300611
 30
0.0
 11
4.3701432636
 21
0.6760701265
 31
0.0
  0
LINE
  5
6C
330
65
100
AcDbEntity
  8
0
  6
Continuous
 62
     7
370
    35
100
AcDbLine
 10
4.3701432636
 20
0.6760701265
 30
0.0
 11
4.6701432636
 21
0.5956853688
 31
0.0
  0
LINE
  5
6D
330
65
100
AcDbEntity
  8
0
  6
Continuous
 62
     7
370
    35
100
AcDbLine
 10
4.6701432636
 20
0.5956853688
 30
0.0
 11
4.6701432636
 21
0.8956853688
 31
0.0
  0
LINE
  5
6E
330
65
100
AcDbEntity
  8
0
  6
Continuous
 62
     7
370
    35
100
AcDbLine
 10
4.6701432636
 20
0.8956853688
 30
0.0
 11
4.3701432636
 21
0.815300611
 31
0.0
  0
LINE
  5
6F
330
65
100
AcDbEntity
  8
0
  6
CENTERX2
 62
     7
370
    18
100
AcDbLine
 10
3.8032513961
 20
0.7456853688
 30
0.0
 11
4.187035131
 21
0.7456853688
 31
0.0
  0
LINE
  5
70
330
65
100
AcDbEntity
  8
0
  6
CENTERX2
 62
     7
370
    18
100
AcDbLine
 10
3.9951432636
 20
0.9375772362
 30
0.0
 11
3.9951432636
 21
0.5537935013
 31
0.0
  0
POINT
  5
71
330
65
100
AcDbEntity
  8
0
  6
Continuous
 62
     7
370
     0
100
AcDbPoint
 10
3.9951432636
 20
0.7456853688
 30
0.0
  0
ENDBLK
  5
67
330
65
100
AcDbEntity
  8
0
100
AcDbBlockEnd
  0
BLOCK
  5
73
330
72
100
AcDbEntity
  8
0
100
AcDbBlockBegin
  2
THORLABS LOGO1
 70
     0
 10
0.0
 20
0.0
 30
0.0
  3
THORLABS LOGO1
  1

  0
LINE
  5
75
330
72
100
AcDbEntity
  8
0
  6
Continuous
 62
     7
370
    18
100
AcDbLine
 10
5.0027566628
 20
1.4252803453
 30
0.0
 11
5.1019592021
 21
1.728862631
 31
0.0
  0
LINE
  5
76
330
72
100
AcDbEntity
  8
0
  6
Continuous
 62
     7
370
    18
100
AcDbLine
 10
5.1019592021
 20
1.728862631
 30
0.0
 11
5.1328565749
 21
1.728862631
 31
0.0
  0
LINE
  5
77
330
72
100
AcDbEntity
  8
0
  6
Continuous
 62
     7
370
    18
100
AcDbLine
 10
5.1328565749
 20
1.728862631
 30
0.0
 11
5.2287632137
 21
1.4252803453
 31
0.0
  0
LINE
  5
78
330
72
100
AcDbEntity
  8
0
  6
Continuous
 62
     7
370
    18
100
AcDbLine
 10
5.2287632137
 20
1.4252803453
 30
0.0
 11
5.0027566628
 21
1.4252803453
 31
0.0
  0
LINE
  5
79
330
72
100
AcDbEntity
  8
0
  6
Continuous
 62
     7
370
    18
100
AcDbLine
 10
5.0560200442
 20
1.4657534622
 30
0.0
 11
5.1727057766
 21
1.4657534622
 31
0.0
  0
LINE
  5
7A
330
72
100
AcDbEntity
  8
0
  6
Continuous
 62
     7
370
    18
100
AcDbLine
 10
5.1727057766
 20
1.4657534622
 30
0.0
 11
5.1153462552
 21
1.6488997419
 31
0.0
  0
LINE
  5
7B
330
72
100
AcDbEntity
  8
0
  6
Continuous
 62
     7
370
    18
100
AcDbLine
 10
5.1153462552
 20
1.6488997419
 30
0.0
 11
5.0560200442
 21
1.4657534622
 31
0.0
  0
LINE
  5
7C
330
72
100
AcDbEntity
  8
0
  6
Continuous
 62
     7
370
    18
100
AcDbLine
 10
5.8491927678
 20
1.1691359706
 30
0.0
 11
5.2940573106
 21
1.1691359706
 31
0.0
  0
LINE
  5
7D
330
72
100
AcDbEntity
  8
0
  6
Continuous
 62
     7
370
    18
100
AcDbLine
 10
5.2940573106
 20
1.1691359706
 30
0.0
 11
5.2375115919
 21
1.2980829958
 31
0.0
  0
LINE
  5
7E
330
72
100
AcDbEntity
  8
0
  6
Continuous
 62
     7
370
    18
100
AcDbLine
 10
5.2375115919
 20
1.2980829958
 30
0.0
 11
4.9921772287
 21
1.2980829958
 31
0.0
  0
LINE
  5
7F
330
72
100
AcDbEntity
  8
0
  6
Continuous
 62
     7
370
    18
100
AcDbLine
 10
4.9921772287
 20
1.2980829958
 30
0.0
 11
4.9345193131
 21
1.1701803507
 31
0.0
  0
LINE
  5
80
330
72
100
AcDbEntity
  8
0
  6
Continuous
 62
     7
370
    18
100
AcDbLine
 10
4.9345193131
 20
1.1701803507
 30
0.0
 11
4.2326145533
 21
1.1701803507
 31
0.0
  0
LINE
  5
81
330
72
100
AcDbEntity
  8
0
  6
Continuous
 62
     7
370
    18
100
AcDbLine
 10
4.2326145533
 20
1.1701803507
 30
0.0
 11
4.2326145533
 21
1.9287122094
 31
0.0
  0
LINE
  5
82
330
72
100
AcDbEntity
  8
0
  6
Continuous
 62
     7
370
    18
100
AcDbLine
 10
4.2326145533
 20
1.9287122094
 30
0.0
 11
4.4305042238
 21
1.9287122094
 31
0.0
  0
LINE
  5
83
330
72
100
AcDbEntity
  8
0
  6
Continuous
 62
     7
370
    18
100
AcDbLine
 10
4.4305042238
 20
1.9287122094
 30
0.0
 11
4.4305042238
 21
1.3417570697
 31
0.0
  0
LINE
  5
84
330
72
100
AcDbEntity
  8
0
  6
Continuous
 62
     7
370
    18
100
AcDbLine
 10
4.4305042238
 20
1.3417570697
 30
0.0
 11
4.7945045723
 21
1.3417570697
 31
0.0
  0
LINE
  5
85
330
72
100
AcDbEntity
  8
0
  6
Continuous
 62
     7
370
    18
100
AcDbLine
 10
4.7945045723
 20
1.3417570697
 30
0.0
 11
5.0153706034
 21
1.9287122094
 31
0.0
  0
LINE
  5
86
330
72
100
AcDbEntity
  8
0
  6
Continuous
 62
     7
370
    18
100
AcDbLine
 10
5.0153706034
 20
1.9287122094
 30
0.0
 11
5.2164205406
 21
1.9287122094
 31
0.0
  0
LINE
  5
87
330
72
100
AcDbEntity
  8
0
  6
Continuous
 62
     7
370
    18
100
AcDbLine
 10
5.2164205406
 20
1.9287122094
 30
0.0
 11
5.4843243631
 21
1.2215584227
 31
0.0
  0
LINE
  5
88
330
72
100
AcDbEntity
  8
0
  6
Continuous
 62
     7
370
    18
100
AcDbLine
 10
5.4843243631
 20
1.2215584227
 30
0.0
 11
5.4843243631
 21
1.9287122094
 31
0.0
  0
LINE
  5
89
330
72
100
AcDbEntity
  8
0
  6
Continuous
 62
     7
370
    18
100
AcDbLine
 10
5.4843243631
 20
1.9287122094
 30
0.0
 11
5.8396034603
 21
1.9287122094
 31
0.0
  0
LINE
  5
8A
330
72
100
AcDbEntity
  8
0
  6
Continuous
 62
     7
370
    18
100
AcDbLine
 10
6.1439656401
 20
1.4265146126
 30
0.0
 11
6.3331069324
 21
1.4265146126
 31
0.0
  0
LINE
  5
8B
330
72
100
AcDbEntity
  8
0
  6
Continuous
 62
     7
370
    18
100
AcDbLine
 10
6.7713803334
 20
1.7009356377
 30
0.0
 11
6.5735177897
 21
1.7009356377
 31
0.0
  0
LINE
  5
8C
330
72
100
AcDbEntity
  8
0
  6
Continuous
 62
     7
370
    18
100
AcDbLine
 10
6.3611288693
 20
1.4617251393
 30
0.0
 11
6.1697496198
 21
1.4617251393
 31
0.0
  0
LINE
  5
8D
330
72
100
AcDbEntity
  8
0
  6
Continuous
 62
     7
370
    18
100
AcDbLine
 10
6.5822574058
 20
1.661764605
 30
0.0
 11
6.8137468534
 21
1.6601369997
 31
0.0
  0
LINE
  5
8E
330
72
100
AcDbEntity
  8
0
  6
Continuous
 62
     7
370
    18
100
AcDbLine
 10
5.8160384047
 20
1.9703585585
 30
0.0
 11
5.445043348
 21
1.9703585585
 31
0.0
  0
LINE
  5
8F
330
72
100
AcDbEntity
  8
0
  6
Continuous
 62
     7
370
    18
100
AcDbLine
 10
5.445043348
 20
1.9703585585
 30
0.0
 11
5.445043348
 21
1.4468596781
 31
0.0
  0
LINE
  5
90
330
72
100
AcDbEntity
  8
0
  6
Continuous
 62
     7
370
    18
100
AcDbLine
 10
5.445043348
 20
1.4468596781
 30
0.0
 11
5.2510328034
 21
1.9703585585
 31
0.0
  0
LINE
  5
91
330
72
100
AcDbEntity
  8
0
  6
Continuous
 62
     7
370
    18
100
AcDbLine
 10
5.2510328034
 20
1.9703585585
 30
0.0
 11
4.9914754811
 21
1.9703585585
 31
0.0
  0
LINE
  5
92
330
72
100
AcDbEntity
  8
0
  6
Continuous
 62
     7
370
    18
100
AcDbLine
 10
4.9914754811
 20
1.9703585585
 30
0.0
 11
4.7654196175
 21
1.3715077401
 31
0.0
  0
LINE
  5
93
330
72
100
AcDbEntity
  8
0
  6
Continuous
 62
     7
370
    18
100
AcDbLine
 10
4.7654196175
 20
1.3715077401
 30
0.0
 11
4.4777117365
 21
1.3697177642
 31
0.0
  0
LINE
  5
94
330
72
100
AcDbEntity
  8
0
  6
Continuous
 62
     7
370
    18
100
AcDbLine
 10
4.4777117365
 20
1.3697177642
 30
0.0
 11
4.473974847
 21
1.9703585585
 31
0.0
  0
LINE
  5
95
330
72
100
AcDbEntity
  8
0
  6
Continuous
 62
     7
370
    18
100
AcDbLine
 10
4.473974847
 20
1.9703585585
 30
0.0
 11
4.1883843809
 21
1.9703585585
 31
0.0
  0
LINE
  5
96
330
72
100
AcDbEntity
  8
0
  6
Continuous
 62
     7
370
    18
100
AcDbLine
 10
4.1883843809
 20
1.9703585585
 30
0.0
 11
4.1878689726
 21
1.1298564308
 31
0.0
  0
LINE
  5
97
330
72
100
AcDbEntity
  8
0
  6
Continuous
 62
     7
370
    18
100
AcDbLine
 10
4.1878689726
 20
1.1298564308
 30
0.0
 11
4.9634093061
 21
1.1323114021
 31
0.0
  0
LINE
  5
98
330
72
100
AcDbEntity
  8
0
  6
Continuous
 62
     7
370
    18
100
AcDbLine
 10
4.9634093061
 20
1.1323114021
 30
0.0
 11
5.0133903503
 21
1.2561992876
 31
0.0
  0
LINE
  5
99
330
72
100
AcDbEntity
  8
0
  6
Continuous
 62
     7
370
    18
100
AcDbLine
 10
5.0133903503
 20
1.2561992876
 30
0.0
 11
5.2171800897
 21
1.2561992876
 31
0.0
  0
LINE
  5
9A
330
72
100
AcDbEntity
  8
0
  6
Continuous
 62
     7
370
    18
100
AcDbLine
 10
5.2171800897
 20
1.2561992876
 30
0.0
 11
5.2651401908
 21
1.1323114021
 31
0.0
  0
LINE
  5
9B
330
72
100
AcDbEntity
  8
0
  6
Continuous
 62
     7
370
    18
100
AcDbLine
 10
5.2651401908
 20
1.1323114021
 30
0.0
 11
5.8927766994
 21
1.1323114021
 31
0.0
  0
LINE
  5
9C
330
72
100
AcDbEntity
  8
0
  6
Continuous
 62
     7
370
    18
100
AcDbLine
 10
1.888727374
 20
1.7820107237
 30
0.0
 11
1.6606795348
 21
1.7820107237
 31
0.0
  0
LINE
  5
9D
330
72
100
AcDbEntity
  8
0
  6
Continuous
 62
     7
370
    18
100
AcDbLine
 10
1.6606795348
 20
1.7820107237
 30
0.0
 11
1.6606795348
 21
1.1298564308
 31
0.0
  0
LINE
  5
9E
330
72
100
AcDbEntity
  8
0
  6
Continuous
 62
     7
370
    18
100
AcDbLine
 10
1.6606795348
 20
1.1298564308
 30
0.0
 11
1.4408443204
 21
1.1298564308
 31
0.0
  0
LINE
  5
9F
330
72
100
AcDbEntity
  8
0
  6
Continuous
 62
     7
370
    18
100
AcDbLine
 10
1.4408443204
 20
1.1298564308
 30
0.0
 11
1.4408443204
 21
1.7820107237
 31
0.0
  0
LINE
  5
A0
330
72
100
AcDbEntity
  8
0
  6
Continuous
 62
     7
370
    18
100
AcDbLine
 10
1.4408443204
 20
1.7820107237
 30
0.0
 11
1.1890944799
 21
1.7820107237
 31
0.0
  0
LINE
  5
A1
330
72
100
AcDbEntity
  8
0
  6
Continuous
 62
     7
370
    18
100
AcDbLine
 10
1.1890944799
 20
1.7820107237
 30
0.0
 11
1.1890944799
 21
1.9703585585
 31
0.0
  0
LINE
  5
A2
330
72
100
AcDbEntity
  8
0
  6
Continuous
 62
     7
370
    18
100
AcDbLine
 10
1.1890944799
 20
1.9703585585
 30
0.0
 11
2.1085422433
 21
1.9703585585
 31
0.0
  0
LINE
  5
A3
330
72
100
AcDbEntity
  8
0
  6
Continuous
 62
     7
370
    18
100
AcDbLine
 10
2.1085422433
 20
1.9703585585
 30
0.0
 11
2.1085422433
 21
1.6642873931
 31
0.0
  0
LINE
  5
A4
330
72
100
AcDbEntity
  8
0
  6
Continuous
 62
     7
370
    18
100
AcDbLine
 10
2.1085422433
 20
1.6642873931
 30
0.0
 11
2.398127124
 21
1.6642873931
 31
0.0
  0
LINE
  5
A5
330
72
100
AcDbEntity
  8
0
  6
Continuous
 62
     7
370
    18
100
AcDbLine
 10
2.398127124
 20
1.6642873931
 30
0.0
 11
2.398127124
 21
1.9703585585
 31
0.0
  0
LINE
  5
A6
330
72
100
AcDbEntity
  8
0
  6
Continuous
 62
     7
370
    18
100
AcDbLine
 10
2.398127124
 20
1.9703585585
 30
0.0
 11
2.6179691201
 21
1.9703585585
 31
0.0
  0
LINE
  5
A7
330
72
100
AcDbEntity
  8
0
  6
Continuous
 62
     7
370
    18
100
AcDbLine
 10
2.6179691201
 20
1.9703585585
 30
0.0
 11
2.6179691201
 21
1.1298564308
 31
0.0
  0
LINE
  5
A8
330
72
100
AcDbEntity
  8
0
  6
Continuous
 62
     7
370
    18
100
AcDbLine
 10
2.6179691201
 20
1.1298564308
 30
0.0
 11
2.398127124
 21
1.1298564308
 31
0.0
  0
LINE
  5
A9
330
72
100
AcDbEntity
  8
0
  6
Continuous
 62
     7
370
    18
100
AcDbLine
 10
2.398127124
 20
1.1298564308
 30
0.0
 11
2.398127124
 21
1.4759666851
 31
0.0
  0
LINE
  5
AA
330
72
100
AcDbEntity
  8
0
  6
Continuous
 62
     7
370
    18
100
AcDbLine
 10
2.398127124
 20
1.4759666851
 30
0.0
 11
2.1085422433
 21
1.4759666851
 31
0.0
  0
LINE
  5
AB
330
72
100
AcDbEntity
  8
0
  6
Continuous
 62
     7
370
    18
100
AcDbLine
 10
2.1085422433
 20
1.4759666851
 30
0.0
 11
2.1085422433
 21
1.1298564308
 31
0.0
  0
LINE
  5
AC
330
72
100
AcDbEntity
  8
0
  6
Continuous
 62
     7
370
    18
100
AcDbLine
 10
2.1085422433
 20
1.1298564308
 30
0.0
 11
1.888727374
 21
1.1298564308
 31
0.0
  0
LINE
  5
AD
330
72
100
AcDbEntity
  8
0
  6
Continuous
 62
     7
370
    18
100
AcDbLine
 10
1.888727374
 20
1.1298564308
 30
0.0
 11
1.888727374
 21
1.7820107237
 31
0.0
  0
LINE
  5
AE
330
72
100
AcDbEntity
  8
0
  6
Continuous
 62
     7
370
    18
100
AcDbLine
 10
3.6696191191
 20
1.6063107381
 30
0.0
 11
3.8539996661
 21
1.6063107381
 31
0.0
  0
LINE
  5
AF
330
72
100
AcDbEntity
  8
0
  6
Continuous
 62
     7
370
    18
100
AcDbLine
 10
3.8445459923
 20
1.7958182415
 30
0.0
 11
3.6696191191
 21
1.7958182415
 31
0.0
  0
LINE
  5
B0
330
72
100
AcDbEntity
  8
0
  6
Continuous
 62
     7
370
    18
100
AcDbLine
 10
3.6696191191
 20
1.7958182415
 30
0.0
 11
3.6696191191
 21
1.6063107381
 31
0.0
  0
LINE
  5
B1
330
72
100
AcDbEntity
  8
0
  6
Continuous
 62
     7
370
    18
100
AcDbLine
 10
3.4497771227
 20
1.9703585585
 30
0.0
 11
3.8800074411
 21
1.9703585585
 31
0.0
  0
LINE
  5
B2
330
72
100
AcDbEntity
  8
0
  6
Continuous
 62
     7
370
    18
100
AcDbLine
 10
4.0430934862
 20
1.5230587301
 30
0.0
 11
4.0430934862
 21
1.5206987025
 31
0.0
  0
LINE
  5
B3
330
72
100
AcDbEntity
  8
0
  6
Continuous
 62
     7
370
    18
100
AcDbLine
 10
4.1876713682
 20
1.1298564308
 30
0.0
 11
3.9839978526
 21
1.1298564308
 31
0.0
  0
LINE
  5
B4
330
72
100
AcDbEntity
  8
0
  6
Continuous
 62
     7
370
    18
100
AcDbLine
 10
3.8362994587
 20
1.4359411596
 30
0.0
 11
3.6696191188
 21
1.4359411596
 31
0.0
  0
LINE
  5
B5
330
72
100
AcDbEntity
  8
0
  6
Continuous
 62
     7
370
    18
100
AcDbLine
 10
3.6696191188
 20
1.4359411596
 30
0.0
 11
3.6696191188
 21
1.1298564308
 31
0.0
  0
LINE
  5
B6
330
72
100
AcDbEntity
  8
0
  6
Continuous
 62
     7
370
    18
100
AcDbLine
 10
3.6696191188
 20
1.1298564308
 30
0.0
 11
3.4497771227
 21
1.1298564308
 31
0.0
  0
LINE
  5
B7
330
72
100
AcDbEntity
  8
0
  6
Continuous
 62
     7
370
    18
100
AcDbLine
 10
3.4497771227
 20
1.1298564308
 30
0.0
 11
3.4497771227
 21
1.9703585585
 31
0.0
  0
LINE
  5
B8
330
72
100
AcDbEntity
  8
0
  6
Continuous
 62
     7
370
    18
100
AcDbLine
 10
5.6646494603
 20
1.7856524905
 30
0.0
 11
5.8407563473
 21
1.7856524905
 31
0.0
  0
LINE
  5
B9
330
72
100
AcDbEntity
  8
0
  6
Continuous
 62
     7
370
    18
100
AcDbLine
 10
5.8407563473
 20
1.601936549
 30
0.0
 11
5.6646494603
 21
1.601936549
 31
0.0
  0
LINE
  5
BA
330
72
100
AcDbEntity
  8
0
  6
Continuous
 62
     7
370
    18
100
AcDbLine
 10
5.6646494603
 20
1.601936549
 30
0.0
 11
5.6646494603
 21
1.7856524905
 31
0.0
  0
LINE
  5
BB
330
72
100
AcDbEntity
  8
0
  6
Continuous
 62
     7
370
    18
100
AcDbLine
 10
5.7031965778
 20
1.7453489157
 30
0.0
 11
5.7031965778
 21
1.6393104343
 31
0.0
  0
LINE
  5
BC
330
72
100
AcDbEntity
  8
0
  6
Continuous
 62
     7
370
    18
100
AcDbLine
 10
5.7031965778
 20
1.6393104343
 30
0.0
 11
5.8261350269
 21
1.6393104343
 31
0.0
  0
LINE
  5
BD
330
72
100
AcDbEntity
  8
0
  6
Continuous
 62
     7
370
    18
100
AcDbLine
 10
5.8261350269
 20
1.7453489157
 30
0.0
 11
5.7031965778
 21
1.7453489157
 31
0.0
  0
LINE
  5
BE
330
72
100
AcDbEntity
  8
0
  6
Continuous
 62
     7
370
    18
100
AcDbLine
 10
5.6646494603
 20
1.5140797745
 30
0.0
 11
5.8602604834
 21
1.5140797745
 31
0.0
  0
LINE
  5
BF
330
72
100
AcDbEntity
  8
0
  6
Continuous
 62
     7
370
    18
100
AcDbLine
 10
5.8602604834
 20
1.3023554595
 30
0.0
 11
5.6646494603
 21
1.3023554595
 31
0.0
  0
LINE
  5
C0
330
72
100
AcDbEntity
  8
0
  6
Continuous
 62
     7
370
    18
100
AcDbLine
 10
5.6646494603
 20
1.3023554595
 30
0.0
 11
5.6646494603
 21
1.5140797745
 31
0.0
  0
LINE
  5
C1
330
72
100
AcDbEntity
  8
0
  6
Continuous
 62
     7
370
    18
100
AcDbLine
 10
5.7021793245
 20
1.4746510376
 30
0.0
 11
5.7021793245
 21
1.338420479
 31
0.0
  0
LINE
  5
C2
330
72
100
AcDbEntity
  8
0
  6
Continuous
 62
     7
370
    18
100
AcDbLine
 10
5.7021793245
 20
1.338420479
 30
0.0
 11
5.849057134
 21
1.338420479
 31
0.0
  0
LINE
  5
C3
330
72
100
AcDbEntity
  8
0
  6
Continuous
 62
     7
370
    18
100
AcDbLine
 10
5.849057134
 20
1.4746510376
 30
0.0
 11
5.7021793245
 21
1.4746510376
 31
0.0
  0
LINE
  5
C4
330
72
100
AcDbEntity
  8
0
  6
Continuous
 62
     7
370
    18
100
AcDbLine
 10
4.1876713682
 20
1.169893795
 30
0.0
 11
4.1876713682
 21
1.1298564308
 31
0.0
  0
SPLINE
  5
C5
330
72
100
AcDbEntity
  8
0
  6
Continuous
 62
     8
420
  8421504
370
     0
100
AcDbSpline
210
0.0
220
0.0
230
1.0
 70
     8
 71
     3
 72
     8
 73
     4
 74
     0
 42
0.00000001
 43
0.00000001
 40
0.0
 40
0.0
 40
0.0
 40
0.0
 40
1.0
 40
1.0
 40
1.0
 40
1.0
 10
6.53206810961936
 20
1.672201623557404
 30
0.0
 10
6.42666710695353
 20
1.698718025592109
 30
0.0
 10
6.398197578630848
 20
1.703322792083558
 30
0.0
 10
6.398197578630848
 20
1.725763399329808
 30
0.0
  0
SPLINE
  5
C6
330
72
100
AcDbEntity
  8
0
  6
Continuous
 62
     8
420
  8421504
370
     0
100
AcDbSpline
210
0.0
220
0.0
230
1.0
 70
     8
 71
     3
 72
     8
 73
     4
 74
     0
 42
0.00000001
 43
0.00000001
 40
1.0
 40
1.0
 40
1.0
 40
1.0
 40
2.0
 40
2.0
 40
2.0
 40
2.0
 10
6.398197578630848
 20
1.725763399329808
 30
0.0
 10
6.398197578630848
 20
1.735746044801697
 30
0.0
 10
6.444163863283336
 20
1.742378536154624
 30
0.0
 10
6.466136534023091
 20
1.741747839124131
 30
0.0
  0
SPLINE
  5
C7
330
72
100
AcDbEntity
  8
0
  6
Continuous
 62
     8
420
  8421504
370
     0
100
AcDbSpline
210
0.0
220
0.0
230
1.0
 70
     8
 71
     3
 72
     8
 73
     4
 74
     0
 42
0.00000001
 43
0.00000001
 40
2.0
 40
2.0
 40
2.0
 40
2.0
 40
3.0
 40
3.0
 40
3.0
 40
3.0
 10
6.466136534023091
 20
1.741747839124131
 30
0.0
 10
6.511465339956586
 20
1.740405064801146
 30
0.0
 10
6.525652632298431
 20
1.731161623375749
 30
0.0
 10
6.53007429320038
 20
1.703790728590053
 30
0.0
  0
SPLINE
  5
C8
330
72
100
AcDbEntity
  8
0
  6
Continuous
 62
     8
420
  8421504
370
     0
100
AcDbSpline
210
0.0
220
0.0
230
1.0
 70
     8
 71
     3
 72
     8
 73
     4
 74
     0
 42
0.00000001
 43
0.00000001
 40
3.0
 40
3.0
 40
3.0
 40
3.0
 40
4.0
 40
4.0
 40
4.0
 40
4.0
 10
6.53007429320038
 20
1.703790728590053
 30
0.0
 10
6.531851095587361
 20
1.692994280498173
 30
0.0
 10
6.532040982865359
 20
1.686293972260247
 30
0.0
 10
6.53206810961936
 20
1.672201623557404
 30
0.0
  0
SPLINE
  5
C9
330
72
100
AcDbEntity
  8
0
  6
Continuous
 62
     8
420
  8421504
370
     0
100
AcDbSpline
210
0.0
220
0.0
230
1.0
 70
     8
 71
     3
 72
     8
 73
     4
 74
     0
 42
0.00000001
 43
0.00000001
 40
0.0
 40
0.0
 40
0.0
 40
0.0
 40
1.0
 40
1.0
 40
1.0
 40
1.0
 10
6.464970083601106
 20
1.146580074682249
 30
0.0
 10
6.310659543473821
 20
1.146580074682249
 30
0.0
 10
6.172313098075359
 20
1.216228015576475
 30
0.0
 10
6.1417005561867
 20
1.364258712152829
 30
0.0
  0
SPLINE
  5
CA
330
72
100
AcDbEntity
  8
0
  6
Continuous
 62
     8
420
  8421504
370
     0
100
AcDbSpline
210
0.0
220
0.0
230
1.0
 70
     8
 71
     3
 72
     8
 73
     4
 74
     0
 42
0.00000001
 43
0.00000001
 40
1.0
 40
1.0
 40
1.0
 40
1.0
 40
2.0
 40
2.0
 40
2.0
 40
2.0
 10
6.1417005561867
 20
1.364258712152829
 30
0.0
 10
6.121531814587923
 20
1.219727366842436
 30
0.0
 10
5.997969450119299
 20
1.169135970632998
 30
0.0
 10
5.849192767807954
 20
1.169135970632998
 30
0.0
  0
SPLINE
  5
CB
330
72
100
AcDbEntity
  8
0
  6
Continuous
 62
     8
420
  8421504
370
     0
100
AcDbSpline
210
0.0
220
0.0
230
1.0
 70
     8
 71
     3
 72
     8
 73
     4
 74
     0
 42
0.00000001
 43
0.00000001
 40
16.0
 40
16.0
 40
16.0
 40
16.0
 40
17.0
 40
17.0
 40
17.0
 40
17.0
 10
5.839603460269061
 20
1.928712209378552
 30
0.0
 10
5.970422231432604
 20
1.930828096190528
 30
0.0
 10
6.114058393861008
 20
1.896939998756405
 30
0.0
 10
6.114058393861008
 20
1.739062290478161
 30
0.0
  0
SPLINE
  5
CC
330
72
100
AcDbEntity
  8
0
  6
Continuous
 62
     8
420
  8421504
370
     0
100
AcDbSpline
210
0.0
220
0.0
230
1.0
 70
     8
 71
     3
 72
     8
 73
     4
 74
     0
 42
0.00000001
 43
0.00000001
 40
17.0
 40
17.0
 40
17.0
 40
17.0
 40
18.0
 40
18.0
 40
18.0
 40
18.0
 10
6.114058393861008
 20
1.739062290478161
 30
0.0
 10
6.114058393861008
 20
1.671245405478915
 30
0.0
 10
6.073639530401458
 20
1.616178094859527
 30
0.0
 10
6.014055615241119
 20
1.586508207672357
 30
0.0
  0
SPLINE
  5
CD
330
72
100
AcDbEntity
  8
0
  6
Continuous
 62
     8
420
  8421504
370
     0
100
AcDbSpline
210
0.0
220
0.0
230
1.0
 70
     8
 71
     3
 72
     8
 73
     4
 74
     0
 42
0.00000001
 43
0.00000001
 40
18.0
 40
18.0
 40
18.0
 40
18.0
 40
19.0
 40
19.0
 40
19.0
 40
19.0
 10
6.014055615241119
 20
1.586508207672357
 30
0.0
 10
6.088844076018288
 20
1.564935656554097
 30
0.0
 10
6.137129698137751
 20
1.50351390381028
 30
0.0
 10
6.143965640145676
 20
1.426514612582136
 30
0.0
  0
SPLINE
  5
CE
330
72
100
AcDbEntity
  8
0
  6
Continuous
 62
     8
420
  8421504
370
     0
100
AcDbSpline
210
0.0
220
0.0
230
1.0
 70
     8
 71
     3
 72
     8
 73
     4
 74
     0
 42
0.00000001
 43
0.00000001
 40
20.0
 40
20.0
 40
20.0
 40
20.0
 40
21.0
 40
21.0
 40
21.0
 40
21.0
 10
6.33310693240857
 20
1.426514612582136
 30
0.0
 10
6.337338706032524
 20
1.337511732709126
 30
0.0
 10
6.392663720814909
 20
1.308906570616444
 30
0.0
 10
6.476688841328976
 20
1.308906570616444
 30
0.0
  0
SPLINE
  5
CF
330
72
100
AcDbEntity
  8
0
  6
Continuous
 62
     8
420
  8421504
370
     0
100
AcDbSpline
210
0.0
220
0.0
230
1.0
 70
     8
 71
     3
 72
     8
 73
     4
 74
     0
 42
0.00000001
 43
0.00000001
 40
21.0
 40
21.0
 40
21.0
 40
21.0
 40
22.0
 40
22.0
 40
22.0
 40
22.0
 10
6.476688841328976
 20
1.308906570616444
 30
0.0
 10
6.536259193112312
 20
1.308906570616444
 30
0.0
 10
6.597972558461627
 20
1.330119692244208
 30
0.0
 10
6.597972558461627
 20
1.386272073023584
 30
0.0
  0
SPLINE
  5
D0
330
72
100
AcDbEntity
  8
0
  6
Continuous
 62
     8
420
  8421504
370
     0
100
AcDbSpline
210
0.0
220
0.0
230
1.0
 70
     8
 71
     3
 72
     8
 73
     4
 74
     0
 42
0.00000001
 43
0.00000001
 40
22.0
 40
22.0
 40
22.0
 40
22.0
 40
23.0
 40
23.0
 40
23.0
 40
23.0
 10
6.597972558461627
 20
1.386272073023584
 30
0.0
 10
6.597972558461627
 20
1.453003887862842
 30
0.0
 10
6.489492669216833
 20
1.4657127721117
 30
0.0
 10
6.379887019681052
 20
1.496433821016359
 30
0.0
  0
SPLINE
  5
D1
330
72
100
AcDbEntity
  8
0
  6
Continuous
 62
     8
420
  8421504
370
     0
100
AcDbSpline
210
0.0
220
0.0
230
1.0
 70
     8
 71
     3
 72
     8
 73
     4
 74
     0
 42
0.00000001
 43
0.00000001
 40
23.0
 40
23.0
 40
23.0
 40
23.0
 40
24.0
 40
24.0
 40
24.0
 40
24.0
 10
6.379887019681052
 20
1.496433821016359
 30
0.0
 10
6.271380003682258
 20
1.527148088232517
 30
0.0
 10
6.157569707276522
 20
1.575894865169975
 30
0.0
 10
6.157569707276522
 20
1.714702465386432
 30
0.0
  0
SPLINE
  5
D2
330
72
100
AcDbEntity
  8
0
  6
Continuous
 62
     8
420
  8421504
370
     0
100
AcDbSpline
210
0.0
220
0.0
230
1.0
 70
     8
 71
     3
 72
     8
 73
     4
 74
     0
 42
0.00000001
 43
0.00000001
 40
24.0
 40
24.0
 40
24.0
 40
24.0
 40
25.0
 40
25.0
 40
25.0
 40
25.0
 10
6.157569707276522
 20
1.714702465386432
 30
0.0
 10
6.157569707276522
 20
1.879972214129594
 30
0.0
 10
6.324602695029665
 20
1.944588142156874
 30
0.0
 10
6.467113097167081
 20
1.944588142156874
 30
0.0
  0
SPLINE
  5
D3
330
72
100
AcDbEntity
  8
0
  6
Continuous
 62
     8
420
  8421504
370
     0
100
AcDbSpline
210
0.0
220
0.0
230
1.0
 70
     8
 71
     3
 72
     8
 73
     4
 74
     0
 42
0.00000001
 43
0.00000001
 40
25.0
 40
25.0
 40
25.0
 40
25.0
 40
26.0
 40
26.0
 40
26.0
 40
26.0
 10
6.467113097167081
 20
1.944588142156874
 30
0.0
 10
6.6181819901914
 20
1.944588142156874
 30
0.0
 10
6.77029526324471
 20
1.871501885193187
 30
0.0
 10
6.771380333404697
 20
1.700935637731585
 30
0.0
  0
SPLINE
  5
D4
330
72
100
AcDbEntity
  8
0
  6
Continuous
 62
     8
420
  8421504
370
     0
100
AcDbSpline
210
0.0
220
0.0
230
1.0
 70
     8
 71
     3
 72
     8
 73
     4
 74
     0
 42
0.00000001
 43
0.00000001
 40
27.0
 40
27.0
 40
27.0
 40
27.0
 40
28.0
 40
28.0
 40
28.0
 40
28.0
 10
6.573517789730897
 20
1.700935637731585
 30
0.0
 10
6.576718746702861
 20
1.769776557694319
 30
0.0
 10
6.511804424381583
 20
1.792034059351072
 30
0.0
 10
6.451149002438259
 20
1.792034059351072
 30
0.0
  0
SPLINE
  5
D5
330
72
100
AcDbEntity
  8
0
  6
Continuous
 62
     8
420
  8421504
370
     0
100
AcDbSpline
210
0.0
220
0.0
230
1.0
 70
     8
 71
     3
 72
     8
 73
     4
 74
     0
 42
0.00000001
 43
0.00000001
 40
28.0
 40
28.0
 40
28.0
 40
28.0
 40
29.0
 40
29.0
 40
29.0
 40
29.0
 10
6.451149002438259
 20
1.792034059351072
 30
0.0
 10
6.408641378920731
 20
1.792034059351072
 30
0.0
 10
6.355459377704324
 20
1.777202506601737
 30
0.0
 10
6.355459377704324
 20
1.72741813132379
 30
0.0
  0
SPLINE
  5
D6
330
72
100
AcDbEntity
  8
0
  6
Continuous
 62
     8
420
  8421504
370
     0
100
AcDbSpline
210
0.0
220
0.0
230
1.0
 70
     8
 71
     3
 72
     8
 73
     4
 74
     0
 42
0.00000001
 43
0.00000001
 40
29.0
 40
29.0
 40
29.0
 40
29.0
 40
30.0
 40
30.0
 40
30.0
 40
30.0
 10
6.355459377704324
 20
1.72741813132379
 30
0.0
 10
6.355459377704324
 20
1.669136300355438
 30
0.0
 10
6.464970083601106
 20
1.658529739541556
 30
0.0
 10
6.575633676542875
 20
1.627808690636898
 30
0.0
  0
SPLINE
  5
D7
330
72
100
AcDbEntity
  8
0
  6
Continuous
 62
     8
420
  8421504
370
     0
100
AcDbSpline
210
0.0
220
0.0
230
1.0
 70
     8
 71
     3
 72
     8
 73
     4
 74
     0
 42
0.00000001
 43
0.00000001
 40
30.0
 40
30.0
 40
30.0
 40
30.0
 40
31.0
 40
31.0
 40
31.0
 40
31.0
 10
6.575633676542875
 20
1.627808690636898
 30
0.0
 10
6.685225762701656
 20
1.597094423420739
 30
0.0
 10
6.795835102135427
 20
1.546231759671305
 30
0.0
 10
6.795835102135427
 20
1.409573954709325
 30
0.0
  0
SPLINE
  5
D8
330
72
100
AcDbEntity
  8
0
  6
Continuous
 62
     8
420
  8421504
370
     0
100
AcDbSpline
210
0.0
220
0.0
230
1.0
 70
     8
 71
     3
 72
     8
 73
     4
 74
     0
 42
0.00000001
 43
0.00000001
 40
31.0
 40
31.0
 40
31.0
 40
31.0
 40
32.0
 40
32.0
 40
32.0
 40
32.0
 10
6.795835102135427
 20
1.409573954709325
 30
0.0
 10
6.795835102135427
 20
1.217814930685457
 30
0.0
 10
6.632016634731248
 20
1.146580074682249
 30
0.0
 10
6.464970083601106
 20
1.146580074682249
 30
0.0
  0
SPLINE
  5
D9
330
72
100
AcDbEntity
  8
0
  6
Continuous
 62
     8
420
  8421504
370
     0
100
AcDbSpline
210
0.0
220
0.0
230
1.0
 70
     8
 71
     3
 72
     8
 73
     4
 74
     0
 42
0.00000001
 43
0.00000001
 40
0.0
 40
0.0
 40
0.0
 40
0.0
 40
1.0
 40
1.0
 40
1.0
 40
1.0
 10
6.323924526179674
 20
1.472182502940628
 30
0.0
 10
6.336145128856538
 20
1.468805222067666
 30
0.0
 10
6.348623435696399
 20
1.465305870801705
 30
0.0
 10
6.361128869290259
 20
1.461725139273745
 30
0.0
  0
SPLINE
  5
DA
330
72
100
AcDbEntity
  8
0
  6
Continuous
 62
     8
420
  8421504
370
     0
100
AcDbSpline
210
0.0
220
0.0
230
1.0
 70
     8
 71
     3
 72
     8
 73
     4
 74
     0
 42
0.00000001
 43
0.00000001
 40
3.00211844657731
 40
3.00211844657731
 40
3.00211844657731
 40
3.00211844657731
 40
4.0
 40
4.0
 40
4.0
 40
4.0
 10
2.618907161005894
 20
1.540397219651859
 30
0.0
 10
2.619039712447584
 20
1.78244579638247
 30
0.0
 10
2.768105767566222
 20
1.975436844263769
 30
0.0
 10
3.032483353120667
 20
1.975982452153303
 30
0.0
  0
SPLINE
  5
DB
330
72
100
AcDbEntity
  8
0
  6
Continuous
 62
     8
420
  8421504
370
     0
100
AcDbSpline
210
0.0
220
0.0
230
1.0
 70
     8
 71
     3
 72
     8
 73
     4
 74
     0
 42
0.00000001
 43
0.00000001
 40
3.0
 40
3.0
 40
3.0
 40
3.0
 40
4.0
 40
4.0
 40
4.0
 40
4.0
 10
6.366310079304203
 20
1.460219604426761
 30
0.0
 10
6.459436225785168
 20
1.43335055459006
 30
0.0
 10
6.553118470723124
 20
1.401395238378416
 30
0.0
 10
6.548235655003179
 20
1.381891102252633
 30
0.0
  0
SPLINE
  5
DC
330
72
100
AcDbEntity
  8
0
  6
Continuous
 62
     8
420
  8421504
370
     0
100
AcDbSpline
210
0.0
220
0.0
230
1.0
 70
     8
 71
     3
 72
     8
 73
     4
 74
     0
 42
0.00000001
 43
0.00000001
 40
4.0
 40
4.0
 40
4.0
 40
4.0
 40
5.0
 40
5.0
 40
5.0
 40
5.0
 10
6.548235655003179
 20
1.381891102252633
 30
0.0
 10
6.538971868512282
 20
1.344741012650046
 30
0.0
 10
6.511858677889584
 20
1.33444640950716
 30
0.0
 10
6.441261300605367
 20
1.353719968223946
 30
0.0
  0
SPLINE
  5
DD
330
72
100
AcDbEntity
  8
0
  6
Continuous
 62
     8
420
  8421504
370
     0
100
AcDbSpline
210
0.0
220
0.0
230
1.0
 70
     8
 71
     3
 72
     8
 73
     4
 74
     0
 42
0.00000001
 43
0.00000001
 40
5.0
 40
5.0
 40
5.0
 40
5.0
 40
6.0
 40
6.0
 40
6.0
 40
6.0
 10
6.441261300605367
 20
1.353719968223946
 30
0.0
 10
6.367259515694191
 20
1.373970090084721
 30
0.0
 10
6.366323642681204
 20
1.414755164723267
 30
0.0
 10
6.366310079304203
 20
1.460219604426761
 30
0.0
  0
SPLINE
  5
DE
330
72
100
AcDbEntity
  8
0
  6
Continuous
 62
     8
420
  8421504
370
     0
100
AcDbSpline
210
0.0
220
0.0
230
1.0
 70
     8
 71
     3
 72
     8
 73
     4
 74
     0
 42
0.00000001
 43
0.00000001
 40
8.0
 40
8.0
 40
8.0
 40
8.0
 40
9.0
 40
9.0
 40
9.0
 40
9.0
 10
6.169749619822387
 20
1.461725139273745
 30
0.0
 10
6.169749619822387
 20
1.519206730999106
 30
0.0
 10
6.12010766000294
 20
1.568855472507053
 30
0.0
 10
6.088749132379288
 20
1.589756636463821
 30
0.0
  0
SPLINE
  5
DF
330
72
100
AcDbEntity
  8
0
  6
Continuous
 62
     8
420
  8421504
370
     0
100
AcDbSpline
210
0.0
220
0.0
230
1.0
 70
     8
 71
     3
 72
     8
 73
     4
 74
     0
 42
0.00000001
 43
0.00000001
 40
9.0
 40
9.0
 40
9.0
 40
9.0
 40
10.0
 40
10.0
 40
10.0
 40
10.0
 10
6.088749132379288
 20
1.589756636463821
 30
0.0
 10
6.104401269437113
 20
1.608040068659618
 30
0.0
 10
6.127933728531853
 20
1.626343845920914
 30
0.0
 10
6.135800487191765
 20
1.657695591856065
 30
0.0
  0
SPLINE
  5
E0
330
72
100
AcDbEntity
  8
0
  6
Continuous
 62
     8
420
  8421504
370
     0
100
AcDbSpline
210
0.0
220
0.0
230
1.0
 70
     8
 71
     3
 72
     8
 73
     4
 74
     0
 42
0.00000001
 43
0.00000001
 40
10.0
 40
10.0
 40
10.0
 40
10.0
 40
11.0
 40
11.0
 40
11.0
 40
11.0
 10
6.135800487191765
 20
1.657695591856065
 30
0.0
 10
6.135800487191765
 20
1.568855472507053
 30
0.0
 10
6.219418706395836
 20
1.500902953737809
 30
0.0
 10
6.323924526179674
 20
1.472182502940628
 30
0.0
  0
SPLINE
  5
E1
330
72
100
AcDbEntity
  8
0
  6
Continuous
 62
     8
420
  8421504
370
     0
100
AcDbSpline
210
0.0
220
0.0
230
1.0
 70
     8
 71
     3
 72
     8
 73
     4
 74
     0
 42
0.00000001
 43
0.00000001
 40
0.0
 40
0.0
 40
0.0
 40
0.0
 40
1.0
 40
1.0
 40
1.0
 40
1.0
 10
6.588021841015449
 20
1.660259070109037
 30
0.0
 10
6.58601446121947
 20
1.660788041812031
 30
0.0
 10
6.58427834896349
 20
1.661255978318526
 30
0.0
 10
6.582257405790513
 20
1.66176460495602
 30
0.0
  0
SPLINE
  5
E2
330
72
100
AcDbEntity
  8
0
  6
Continuous
 62
     8
420
  8421504
370
     0
100
AcDbSpline
210
0.0
220
0.0
230
1.0
 70
     8
 71
     3
 72
     8
 73
     4
 74
     0
 42
0.00000001
 43
0.00000001
 40
2.0
 40
2.0
 40
2.0
 40
2.0
 40
3.0
 40
3.0
 40
3.0
 40
3.0
 10
6.813746853383429
 20
1.660136999716037
 30
0.0
 10
6.813746853383429
 20
1.782356589861678
 30
0.0
 10
6.789753239470694
 20
1.978347387509499
 30
0.0
 10
6.464055867573316
 20
1.978347387509499
 30
0.0
  0
SPLINE
  5
E3
330
72
100
AcDbEntity
  8
0
  6
Continuous
 62
     8
420
  8421504
370
     0
100
AcDbSpline
210
0.0
220
0.0
230
1.0
 70
     8
 71
     3
 72
     8
 73
     4
 74
     0
 42
0.00000001
 43
0.00000001
 40
3.0
 40
3.0
 40
3.0
 40
3.0
 40
4.0
 40
4.0
 40
4.0
 40
4.0
 10
6.464055867573316
 20
1.978347387509499
 30
0.0
 10
6.274209279706429
 20
1.978347387509499
 30
0.0
 10
6.180160823589475
 20
1.885858719747527
 30
0.0
 10
6.142373255267896
 20
1.818496207877776
 30
0.0
  0
SPLINE
  5
E4
330
72
100
AcDbEntity
  8
0
  6
Continuous
 62
     8
420
  8421504
370
     0
100
AcDbSpline
210
0.0
220
0.0
230
1.0
 70
     8
 71
     3
 72
     8
 73
     4
 74
     0
 42
0.00000001
 43
0.00000001
 40
4.0
 40
4.0
 40
4.0
 40
4.0
 40
5.0
 40
5.0
 40
5.0
 40
5.0
 10
6.142373255267896
 20
1.818496207877776
 30
0.0
 10
6.106986404675287
 20
1.885858719747527
 30
0.0
 10
6.08608524071852
 20
1.970358558456588
 30
0.0
 10
5.816038404651523
 20
1.970358558456588
 30
0.0
  0
SPLINE
  5
E5
330
72
100
AcDbEntity
  8
0
  6
Continuous
 62
     8
420
  8421504
370
     0
100
AcDbSpline
210
0.0
220
0.0
230
1.0
 70
     8
 71
     3
 72
     8
 73
     4
 74
     0
 42
0.00000001
 43
0.00000001
 40
19.0
 40
19.0
 40
19.0
 40
19.0
 40
20.0
 40
20.0
 40
20.0
 40
20.0
 10
5.892776699380181
 20
1.132311402078408
 30
0.0
 10
6.004742376513936
 20
1.134291655120386
 30
0.0
 10
6.109207506166772
 20
1.187310895812797
 30
0.0
 10
6.140986498477418
 20
1.265490200839927
 30
0.0
  0
SPLINE
  5
E6
330
72
100
AcDbEntity
  8
0
  6
Continuous
 62
     8
420
  8421504
370
     0
100
AcDbSpline
210
0.0
220
0.0
230
1.0
 70
     8
 71
     3
 72
     8
 73
     4
 74
     0
 42
0.00000001
 43
0.00000001
 40
20.0
 40
20.0
 40
20.0
 40
20.0
 40
21.0
 40
21.0
 40
21.0
 40
21.0
 10
6.140986498477418
 20
1.265490200839927
 30
0.0
 10
6.171124322171085
 20
1.187310895812797
 30
0.0
 10
6.276294747427915
 20
1.10880606973767
 30
0.0
 10
6.480111613604649
 20
1.10880606973767
 30
0.0
  0
SPLINE
  5
E7
330
72
100
AcDbEntity
  8
0
  6
Continuous
 62
     8
420
  8421504
370
     0
100
AcDbSpline
210
0.0
220
0.0
230
1.0
 70
     8
 71
     3
 72
     8
 73
     4
 74
     0
 42
0.00000001
 43
0.00000001
 40
21.0
 40
21.0
 40
21.0
 40
21.0
 40
22.0
 40
22.0
 40
22.0
 40
22.0
 10
6.480111613604649
 20
1.10880606973767
 30
0.0
 10
6.683928479781382
 20
1.10880606973767
 30
0.0
 10
6.835295767099698
 20
1.232531194730293
 30
0.0
 10
6.835295767099698
 20
1.395590113022481
 30
0.0
  0
SPLINE
  5
E8
330
72
100
AcDbEntity
  8
0
  6
Continuous
 62
     8
420
  8421504
370
     0
100
AcDbSpline
210
0.0
220
0.0
230
1.0
 70
     8
 71
     3
 72
     8
 73
     4
 74
     0
 42
0.00000001
 43
0.00000001
 40
22.0
 40
22.0
 40
22.0
 40
22.0
 40
23.0
 40
23.0
 40
23.0
 40
23.0
 10
6.835295767099698
 20
1.395590113022481
 30
0.0
 10
6.835295767099698
 20
1.561429523599636
 30
0.0
 10
6.739904536659761
 20
1.620294579778982
 30
0.0
 10
6.588021841015449
 20
1.660259070109037
 30
0.0
  0
SPLINE
  5
E9
330
72
100
AcDbEntity
  8
0
  6
Continuous
 62
     8
420
  8421504
370
     0
100
AcDbSpline
210
0.0
220
0.0
230
1.0
 70
     8
 71
     3
 72
     8
 73
     4
 74
     0
 42
0.00000001
 43
0.00000001
 40
0.0
 40
0.0
 40
0.0
 40
0.0
 40
1.0
 40
1.0
 40
1.0
 40
1.0
 10
3.032764315477773
 20
1.301406023135528
 30
0.0
 10
3.174616893830695
 20
1.301406023135528
 30
0.0
 10
3.228951782092092
 20
1.42620265491114
 30
0.0
 10
3.228951782092092
 20
1.550965378244252
 30
0.0
  0
SPLINE
  5
EA
330
72
100
AcDbEntity
  8
0
  6
Continuous
 62
     8
420
  8421504
370
     0
100
AcDbSpline
210
0.0
220
0.0
230
1.0
 70
     8
 71
     3
 72
     8
 73
     4
 74
     0
 42
0.00000001
 43
0.00000001
 40
1.0
 40
1.0
 40
1.0
 40
1.0
 40
2.0
 40
2.0
 40
2.0
 40
2.0
 10
3.228951782092092
 20
1.550965378244252
 30
0.0
 10
3.228951782092092
 20
1.675741664954365
 30
0.0
 10
3.174616893830695
 20
1.800517951664477
 30
0.0
 10
3.032764315477773
 20
1.800517951664477
 30
0.0
  0
SPLINE
  5
EB
330
72
100
AcDbEntity
  8
0
  6
Continuous
 62
     8
420
  8421504
370
     0
100
AcDbSpline
210
0.0
220
0.0
230
1.0
 70
     8
 71
     3
 72
     8
 73
     4
 74
     0
 42
0.00000001
 43
0.00000001
 40
2.0
 40
2.0
 40
2.0
 40
2.0
 40
3.0
 40
3.0
 40
3.0
 40
3.0
 10
3.032764315477773
 20
1.800517951664477
 30
0.0
 10
2.890925300501851
 20
1.800517951664477
 30
0.0
 10
2.836570067174956
 20
1.675741664954365
 30
0.0
 10
2.836570067174955
 20
1.550965378244252
 30
0.0
  0
SPLINE
  5
EC
330
72
100
AcDbEntity
  8
0
  6
Continuous
 62
     8
420
  8421504
370
     0
100
AcDbSpline
210
0.0
220
0.0
230
1.0
 70
     8
 71
     3
 72
     8
 73
     4
 74
     0
 42
0.00000001
 43
0.00000001
 40
3.0
 40
3.0
 40
3.0
 40
3.0
 40
4.0
 40
4.0
 40
4.0
 40
4.0
 10
2.836570067174955
 20
1.550965378244252
 30
0.0
 10
2.836570067174956
 20
1.42620265491114
 30
0.0
 10
2.890925300501851
 20
1.301406023135528
 30
0.0
 10
3.032764315477773
 20
1.301406023135528
 30
0.0
  0
SPLINE
  5
ED
330
72
100
AcDbEntity
  8
0
  6
Continuous
 62
     8
420
  8421504
370
     0
100
AcDbSpline
210
0.0
220
0.0
230
1.0
 70
     8
 71
     3
 72
    11
 73
     7
 74
     0
 42
0.00000001
 43
0.00000001
 40
2.0
 40
2.0
 40
2.0
 40
2.0
 40
3.0
 40
3.0
 40
3.0
 40
3.00211844657731
 40
3.00211844657731
 40
3.00211844657731
 40
3.00211844657731
 10
3.034117935009433
 20
1.100203506378222
 30
0.0
 10
2.768194808885813
 20
1.100689084870614
 30
0.0
 10
2.61845739025513
 20
1.295190389455294
 30
0.0
 10
2.618902313994104
 20
1.538849269351653
 30
0.0
 10
2.618903256593752
 20
1.539365476405043
 30
0.0
 10
2.618904872373764
 20
1.53988146029703
 30
0.0
 10
2.618907161005894
 20
1.540397219651859
 30
0.0
  0
SPLINE
  5
EE
330
72
100
AcDbEntity
  8
0
  6
Continuous
 62
     8
420
  8421504
370
     0
100
AcDbSpline
210
0.0
220
0.0
230
1.0
 70
     8
 71
     3
 72
    11
 73
     7
 74
     0
 42
0.00000001
 43
0.00000001
 40
0.0
 40
0.0
 40
0.0
 40
0.0
 40
1.0
 40
1.0
 40
1.0
 40
2.0
 40
2.0
 40
2.0
 40
2.0
 10
3.032483353120667
 20
1.975982452153303
 30
0.0
 10
3.298426804429495
 20
1.976478817532996
 30
0.0
 10
3.448874590455874
 20
1.782538502862197
 30
0.0
 10
3.44932938847851
 20
1.538866077795837
 30
0.0
 10
3.449784161186067
 20
1.295207216082856
 30
0.0
 10
3.300061386318252
 20
1.100699871757913
 30
0.0
 10
3.034117935009433
 20
1.100203506378222
 30
0.0
  0
SPLINE
  5
EF
330
72
100
AcDbEntity
  8
0
  6
Continuous
 62
     8
420
  8421504
370
     0
100
AcDbSpline
210
0.0
220
0.0
230
1.0
 70
     8
 71
     3
 72
     8
 73
     4
 74
     0
 42
0.00000001
 43
0.00000001
 40
1.0
 40
1.0
 40
1.0
 40
1.0
 40
2.0
 40
2.0
 40
2.0
 40
2.0
 10
3.853999666064641
 20
1.606310738092137
 30
0.0
 10
3.920188945823905
 20
1.606310738092137
 30
0.0
 10
3.955630049924511
 20
1.641602645045744
 30
0.0
 10
3.955630049924511
 20
1.705167411355538
 30
0.0
  0
SPLINE
  5
F0
330
72
100
AcDbEntity
  8
0
  6
Continuous
 62
     8
420
  8421504
370
     0
100
AcDbSpline
210
0.0
220
0.0
230
1.0
 70
     8
 71
     3
 72
     8
 73
     4
 74
     0
 42
0.00000001
 43
0.00000001
 40
2.0
 40
2.0
 40
2.0
 40
2.0
 40
3.0
 40
3.0
 40
3.0
 40
3.0
 10
3.955630049924511
 20
1.705167411355538
 30
0.0
 10
3.955630049924511
 20
1.767545382177844
 30
0.0
 10
3.906021998547562
 20
1.795818241534029
 30
0.0
 10
3.844545992295747
 20
1.795818241534029
 30
0.0
  0
SPLINE
  5
F1
330
72
100
AcDbEntity
  8
0
  6
Continuous
 62
     8
420
  8421504
370
     0
100
AcDbSpline
210
0.0
220
0.0
230
1.0
 70
     8
 71
     3
 72
     8
 73
     4
 74
     0
 42
0.00000001
 43
0.00000001
 40
1.0
 40
1.0
 40
1.0
 40
1.0
 40
2.0
 40
2.0
 40
2.0
 40
2.0
 10
3.880007441125517
 20
1.970358558456588
 30
0.0
 10
4.028906193829861
 20
1.970358558456588
 30
0.0
 10
4.175485609067231
 20
1.903253750749834
 30
0.0
 10
4.175485609067231
 20
1.733765791759719
 30
0.0
  0
SPLINE
  5
F2
330
72
100
AcDbEntity
  8
0
  6
Continuous
 62
     8
420
  8421504
370
     0
100
AcDbSpline
210
0.0
220
0.0
230
1.0
 70
     8
 71
     3
 72
     8
 73
     4
 74
     0
 42
0.00000001
 43
0.00000001
 40
2.0
 40
2.0
 40
2.0
 40
2.0
 40
3.0
 40
3.0
 40
3.0
 40
3.0
 10
4.175485609067231
 20
1.733765791759719
 30
0.0
 10
4.175485609067231
 20
1.643108179892727
 30
0.0
 10
4.131730154865718
 20
1.557190968287183
 30
0.0
 10
4.043093486171702
 20
1.523058730067062
 30
0.0
  0
SPLINE
  5
F3
330
72
100
AcDbEntity
  8
0
  6
Continuous
 62
     8
420
  8421504
370
     0
100
AcDbSpline
210
0.0
220
0.0
230
1.0
 70
     8
 71
     3
 72
     8
 73
     4
 74
     0
 42
0.00000001
 43
0.00000001
 40
4.0
 40
4.0
 40
4.0
 40
4.0
 40
5.0
 40
5.0
 40
5.0
 40
5.0
 10
4.043093486171702
 20
1.520698702469088
 30
0.0
 10
4.132937295418703
 20
1.499499144218324
 30
0.0
 10
4.158951852504415
 20
1.399428548713437
 30
0.0
 10
4.166045498675334
 20
1.319391061037327
 30
0.0
  0
SPLINE
  5
F4
330
72
100
AcDbEntity
  8
0
  6
Continuous
 62
     8
420
  8421504
370
     0
100
AcDbSpline
210
0.0
220
0.0
230
1.0
 70
     8
 71
     3
 72
     8
 73
     4
 74
     0
 42
0.00000001
 43
0.00000001
 40
5.0
 40
5.0
 40
5.0
 40
5.0
 40
5.74044267676188
 40
5.74044267676188
 40
5.74044267676188
 40
5.74044267676188
 10
4.166045498675334
 20
1.319391061037327
 30
0.0
 10
4.168535794277692
 20
1.293311000813384
 30
0.0
 10
4.173109208796841
 20
1.218861526889058
 30
0.0
 10
4.187671368160243
 20
1.169893794958518
 30
0.0
  0
SPLINE
  5
F5
330
72
100
AcDbEntity
  8
0
  6
Continuous
 62
     8
420
  8421504
370
     0
100
AcDbSpline
210
0.0
220
0.0
230
1.0
 70
     8
 71
     3
 72
     8
 73
     4
 74
     0
 42
0.00000001
 43
0.00000001
 40
7.0
 40
7.0
 40
7.0
 40
7.0
 40
8.0
 40
8.0
 40
8.0
 40
8.0
 10
3.983997852583361
 20
1.129856430841435
 30
0.0
 10
3.965117631799571
 20
1.15813607188612
 30
0.0
 10
3.961564027025609
 20
1.240520023783204
 30
0.0
 10
3.959190436050636
 20
1.264052482877943
 30
0.0
  0
SPLINE
  5
F6
330
72
100
AcDbEntity
  8
0
  6
Continuous
 62
     8
420
  8421504
370
     0
100
AcDbSpline
210
0.0
220
0.0
230
1.0
 70
     8
 71
     3
 72
     8
 73
     4
 74
     0
 42
0.00000001
 43
0.00000001
 40
8.0
 40
8.0
 40
8.0
 40
8.0
 40
9.0
 40
9.0
 40
9.0
 40
9.0
 10
3.959190436050636
 20
1.264052482877943
 30
0.0
 10
3.953283585367202
 20
1.348837152504
 30
0.0
 10
3.939109856402359
 20
1.435941159597031
 30
0.0
 10
3.836299458743503
 20
1.435941159597031
 30
0.0
  0
SPLINE
  5
F7
330
72
100
AcDbEntity
  8
0
  6
Continuous
 62
     8
420
  8421504
370
     0
100
AcDbSpline
210
0.0
220
0.0
230
1.0
 70
     8
 71
     3
 72
     8
 73
     4
 74
     0
 42
0.00000001
 43
0.00000001
 40
1.0
 40
1.0
 40
1.0
 40
1.0
 40
2.0
 40
2.0
 40
2.0
 40
2.0
 10
5.840756347314047
 20
1.785652490472643
 30
0.0
 10
5.888512997730517
 20
1.785652490472643
 30
0.0
 10
5.933733296648012
 20
1.762825326981896
 30
0.0
 10
5.933733296648012
 20
1.693116350891172
 30
0.0
  0
SPLINE
  5
F8
330
72
100
AcDbEntity
  8
0
  6
Continuous
 62
     8
420
  8421504
370
     0
100
AcDbSpline
210
0.0
220
0.0
230
1.0
 70
     8
 71
     3
 72
     8
 73
     4
 74
     0
 42
0.00000001
 43
0.00000001
 40
2.0
 40
2.0
 40
2.0
 40
2.0
 40
3.0
 40
3.0
 40
3.0
 40
3.0
 10
5.933733296648012
 20
1.693116350891172
 30
0.0
 10
5.933733296648012
 20
1.624750149123432
 30
0.0
 10
5.879940943466611
 20
1.601936549009686
 30
0.0
 10
5.840756347314047
 20
1.601936549009686
 30
0.0
  0
SPLINE
  5
F9
330
72
100
AcDbEntity
  8
0
  6
Continuous
 62
     8
420
  8421504
370
     0
100
AcDbSpline
210
0.0
220
0.0
230
1.0
 70
     8
 71
     3
 72
     8
 73
     4
 74
     0
 42
0.00000001
 43
0.00000001
 40
2.0
 40
2.0
 40
2.0
 40
2.0
 40
3.0
 40
3.0
 40
3.0
 40
3.0
 10
5.82613502690821
 20
1.63931043433277
 30
0.0
 10
5.853478794939905
 20
1.63931043433277
 30
0.0
 10
5.891008659098489
 20
1.652480473399623
 30
0.0
 10
5.891008659098489
 20
1.691943118780685
 30
0.0
  0
SPLINE
  5
FA
330
72
100
AcDbEntity
  8
0
  6
Continuous
 62
     8
420
  8421504
370
     0
100
AcDbSpline
210
0.0
220
0.0
230
1.0
 70
     8
 71
     3
 72
     8
 73
     4
 74
     0
 42
0.00000001
 43
0.00000001
 40
3.0
 40
3.0
 40
3.0
 40
3.0
 40
4.0
 40
4.0
 40
4.0
 40
4.0
 10
5.891008659098489
 20
1.691943118780685
 30
0.0
 10
5.891008659098489
 20
1.732178876650737
 30
0.0
 10
5.85943311744284
 20
1.745348915717591
 30
0.0
 10
5.82613502690821
 20
1.745348915717591
 30
0.0
  0
SPLINE
  5
FB
330
72
100
AcDbEntity
  8
0
  6
Continuous
 62
     8
420
  8421504
370
     0
100
AcDbSpline
210
0.0
220
0.0
230
1.0
 70
     8
 71
     3
 72
     8
 73
     4
 74
     0
 42
0.00000001
 43
0.00000001
 40
1.0
 40
1.0
 40
1.0
 40
1.0
 40
2.0
 40
2.0
 40
2.0
 40
2.0
 10
5.860260483439831
 20
1.514079774493162
 30
0.0
 10
5.913279724132241
 20
1.514079774493162
 30
0.0
 10
5.96349134578568
 20
1.487787168178955
 30
0.0
 10
5.96349134578568
 20
1.407458067897348
 30
0.0
  0
SPLINE
  5
FC
330
72
100
AcDbEntity
  8
0
  6
Continuous
 62
     8
420
  8421504
370
     0
100
AcDbSpline
210
0.0
220
0.0
230
1.0
 70
     8
 71
     3
 72
     8
 73
     4
 74
     0
 42
0.00000001
 43
0.00000001
 40
2.0
 40
2.0
 40
2.0
 40
2.0
 40
3.0
 40
3.0
 40
3.0
 40
3.0
 10
5.96349134578568
 20
1.407458067897348
 30
0.0
 10
5.96349134578568
 20
1.328641284151225
 30
0.0
 10
5.903771796855347
 20
1.302355459525517
 30
0.0
 10
5.860260483439831
 20
1.302355459525517
 30
0.0
  0
SPLINE
  5
FD
330
72
100
AcDbEntity
  8
0
  6
Continuous
 62
     8
420
  8421504
370
     0
100
AcDbSpline
210
0.0
220
0.0
230
1.0
 70
     8
 71
     3
 72
     8
 73
     4
 74
     0
 42
0.00000001
 43
0.00000001
 40
2.0
 40
2.0
 40
2.0
 40
2.0
 40
3.0
 40
3.0
 40
3.0
 40
3.0
 10
5.849057134037955
 20
1.338420478968116
 30
0.0
 10
5.881731309230591
 20
1.338420478968116
 30
0.0
 10
5.926571833592093
 20
1.355320446709928
 30
0.0
 10
5.926571833592093
 20
1.406033913312364
 30
0.0
  0
SPLINE
  5
FE
330
72
100
AcDbEntity
  8
0
  6
Continuous
 62
     8
420
  8421504
370
     0
100
AcDbSpline
210
0.0
220
0.0
230
1.0
 70
     8
 71
     3
 72
     8
 73
     4
 74
     0
 42
0.00000001
 43
0.00000001
 40
3.0
 40
3.0
 40
3.0
 40
3.0
 40
4.0
 40
4.0
 40
4.0
 40
4.0
 10
5.926571833592093
 20
1.406033913312364
 30
0.0
 10
5.926571833592093
 20
1.457723943058789
 30
0.0
 10
5.888865645532511
 20
1.474651037554601
 30
0.0
 10
5.849057134037955
 20
1.474651037554601
 30
0.0
  0
HATCH
  5
FF
330
72
100
AcDbEntity
  8
0
  6
Continuous
 62
     7
100
AcDbHatch
 10
0.0
 20
0.0
 30
0.0
210
0.0
220
0.0
230
1.0
  2
SOLID
 70
     1
 71
     0
 91
        2
 92
        0
 93
        3
 72
     4
 94
        3
 73
     1
 74
     0
 95
       11
 96
        7
 40
0.0
 40
0.0
 40
0.0
 40
0.0
 40
1.0
 40
1.0
 40
1.0
 40
2.0
 40
2.0
 40
2.0
 40
2.0
 10
3.034117935009431
 20
1.100203506378222
 42
1.0
 10
3.300061386318251
 20
1.100699871757914
 42
1.0
 10
3.449784161186065
 20
1.295207216082855
 42
1.0
 10
3.449329388478511
 20
1.538866077795837
 42
1.0
 10
3.448874590455874
 20
1.782538502862197
 42
1.0
 10
3.298426804429493
 20
1.976478817532996
 42
1.0
 10
3.032483353120669
 20
1.975982452153303
 42
1.0
 97
        0
 72
     4
 94
        3
 73
     1
 74
     0
 95
        8
 96
        4
 40
3.00211844657731
 40
3.00211844657731
 40
3.00211844657731
 40
3.00211844657731
 40
4.0
 40
4.0
 40
4.0
 40
4.0
 10
3.032483353120669
 20
1.975982452153303
 42
1.0
 10
2.768105767566224
 20
1.975436844263769
 42
1.0
 10
2.619039712447582
 20
1.78244579638247
 42
1.0
 10
2.618907161005896
 20
1.540397219651859
 42
1.0
 97
        0
 72
     4
 94
        3
 73
     1
 74
     0
 95
       11
 96
        7
 40
2.0
 40
2.0
 40
2.0
 40
2.0
 40
2.00211844657731
 40
2.00211844657731
 40
2.00211844657731
 40
3.00211844657731
 40
3.00211844657731
 40
3.00211844657731
 40
3.00211844657731
 10
2.618907161005896
 20
1.540397219651859
 42
1.0
 10
2.618904872373764
 20
1.539881460297031
 42
1.0
 10
2.618903256593752
 20
1.539365476405043
 42
1.0
 10
2.618902313994106
 20
1.538849269351653
 42
1.0
 10
2.61845739025513
 20
1.295190389455295
 42
1.0
 10
2.768194808885812
 20
1.100689084870614
 42
1.0
 10
3.034117935009431
 20
1.100203506378222
 42
1.0
 97
        0
 97
        0
 92
        0
 93
        4
 72
     4
 94
        3
 73
     1
 74
     0
 95
        8
 96
        4
 40
3.0
 40
3.0
 40
3.0
 40
3.0
 40
4.0
 40
4.0
 40
4.0
 40
4.0
 10
3.032764315477776
 20
1.301406023135528
 42
1.0
 10
2.890925300501853
 20
1.301406023135528
 42
1.0
 10
2.836570067174955
 20
1.42620265491114
 42
1.0
 10
2.836570067174955
 20
1.550965378244252
 42
1.0
 97
        0
 72
     4
 94
        3
 73
     1
 74
     0
 95
        8
 96
        4
 40
2.0
 40
2.0
 40
2.0
 40
2.0
 40
3.0
 40
3.0
 40
3.0
 40
3.0
 10
2.836570067174955
 20
1.550965378244252
 42
1.0
 10
2.836570067174955
 20
1.675741664954365
 42
1.0
 10
2.890925300501853
 20
1.800517951664477
 42
1.0
 10
3.032764315477776
 20
1.800517951664477
 42
1.0
 97
        0
 72
     4
 94
        3
 73
     1
 74
     0
 95
        8
 96
        4
 40
1.0
 40
1.0
 40
1.0
 40
1.0
 40
2.0
 40
2.0
 40
2.0
 40
2.0
 10
3.032764315477776
 20
1.800517951664477
 42
1.0
 10
3.174616893830695
 20
1.800517951664477
 42
1.0
 10
3.228951782092092
 20
1.675741664954365
 42
1.0
 10
3.228951782092092
 20
1.550965378244252
 42
1.0
 97
        0
 72
     4
 94
        3
 73
     1
 74
     0
 95
        8
 96
        4
 40
0.0
 40
0.0
 40
0.0
 40
0.0
 40
1.0
 40
1.0
 40
1.0
 40
1.0
 10
3.228951782092092
 20
1.550965378244252
 42
1.0
 10
3.228951782092092
 20
1.42620265491114
 42
1.0
 10
3.174616893830695
 20
1.301406023135528
 42
1.0
 10
3.032764315477776
 20
1.301406023135528
 42
1.0
 97
        0
 97
        0
 75
     0
 76
     1
 98
        1
 10
0.0
 20
0.0
  0
HATCH
  5
100
330
72
100
AcDbEntity
  8
0
  6
Continuous
 62
     7
100
AcDbHatch
 10
0.0
 20
0.0
 30
0.0
210
0.0
220
0.0
230
1.0
  2
SOLID
 70
     1
 71
     0
 91
        1
 92
        0
 93
       18
 72
     1
 10
2.398127123966332
 20
1.664287393077992
 11
2.398127123966332
 21
1.970358558456588
 72
     1
 10
2.398127123966332
 20
1.970358558456588
 11
2.617969120068386
 21
1.970358558456588
 72
     1
 10
2.617969120068386
 20
1.970358558456588
 11
2.617969120068386
 21
1.129856430841435
 72
     1
 10
2.617969120068386
 20
1.129856430841435
 11
2.398127123966332
 21
1.129856430841435
 72
     1
 10
2.398127123966332
 20
1.129856430841435
 11
2.398127123966332
 21
1.475966685123586
 72
     1
 10
2.398127123966332
 20
1.475966685123586
 11
2.108542243331052
 21
1.475966685123586
 72
     1
 10
2.108542243331052
 20
1.475966685123586
 11
2.108542243331052
 21
1.129856430841435
 72
     1
 10
2.108542243331052
 20
1.129856430841435
 11
1.888727373982996
 21
1.129856430841435
 72
     1
 10
1.888727373982996
 20
1.129856430841435
 11
1.888727373982996
 21
1.782010723748182
 72
     1
 10
1.888727373982996
 20
1.782010723748182
 11
1.660679534796032
 21
1.782010723748182
 72
     1
 10
1.660679534796032
 20
1.782010723748182
 11
1.660679534796032
 21
1.129856430841435
 72
     1
 10
1.660679534796032
 20
1.129856430841435
 11
1.440844320382477
 21
1.129856430841435
 72
     1
 10
1.440844320382477
 20
1.129856430841435
 11
1.440844320382477
 21
1.782010723748182
 72
     1
 10
1.440844320382477
 20
1.782010723748182
 11
1.189094479888277
 21
1.782010723748182
 72
     1
 10
1.189094479888277
 20
1.782010723748182
 11
1.189094479888277
 21
1.970358558456588
 72
     1
 10
1.189094479888277
 20
1.970358558456588
 11
2.108542243331052
 21
1.970358558456588
 72
     1
 10
2.108542243331052
 20
1.970358558456588
 11
2.108542243331052
 21
1.664287393077992
 72
     1
 10
2.108542243331052
 20
1.664287393077992
 11
2.398127123966332
 21
1.664287393077992
 97
        0
 75
     0
 76
     1
 98
        1
 10
0.0
 20
0.0
  0
HATCH
  5
101
330
72
100
AcDbEntity
  8
0
  6
Continuous
 62
     7
100
AcDbHatch
 10
0.0
 20
0.0
 30
0.0
210
0.0
220
0.0
230
1.0
  2
SOLID
 70
     1
 71
     0
 91
        2
 92
        0
 93
       14
 72
     1
 10
3.449777122690302
 20
1.129856430841435
 11
3.449777122690302
 21
1.970358558456588
 72
     1
 10
3.449777122690302
 20
1.970358558456588
 11
3.880007441125517
 21
1.970358558456588
 72
     4
 94
        3
 73
     1
 74
     0
 95
        8
 96
        4
 40
1.0
 40
1.0
 40
1.0
 40
1.0
 40
2.0
 40
2.0
 40
2.0
 40
2.0
 10
3.880007441125517
 20
1.970358558456588
 42
1.0
 10
4.028906193829861
 20
1.970358558456588
 42
1.0
 10
4.175485609067231
 20
1.903253750749834
 42
1.0
 10
4.175485609067231
 20
1.733765791759719
 42
1.0
 97
        0
 72
     4
 94
        3
 73
     1
 74
     0
 95
        8
 96
        4
 40
2.0
 40
2.0
 40
2.0
 40
2.0
 40
3.0
 40
3.0
 40
3.0
 40
3.0
 10
4.175485609067231
 20
1.733765791759719
 42
1.0
 10
4.175485609067231
 20
1.643108179892727
 42
1.0
 10
4.131730154865718
 20
1.557190968287183
 42
1.0
 10
4.043093486171702
 20
1.523058730067062
 42
1.0
 97
        0
 72
     1
 10
4.043093486171702
 20
1.523058730067062
 11
4.043093486171702
 21
1.520698702469088
 72
     4
 94
        3
 73
     1
 74
     0
 95
        8
 96
        4
 40
4.0
 40
4.0
 40
4.0
 40
4.0
 40
5.0
 40
5.0
 40
5.0
 40
5.0
 10
4.043093486171702
 20
1.520698702469088
 42
1.0
 10
4.132937295418703
 20
1.499499144218324
 42
1.0
 10
4.158951852504415
 20
1.399428548713437
 42
1.0
 10
4.166045498675334
 20
1.319391061037327
 42
1.0
 97
        0
 72
     4
 94
        3
 73
     1
 74
     0
 95
        8
 96
        4
 40
5.0
 40
5.0
 40
5.0
 40
5.0
 40
5.74044267676188
 40
5.74044267676188
 40
5.74044267676188
 40
5.74044267676188
 10
4.166045498675334
 20
1.319391061037327
 42
1.0
 10
4.168535794277692
 20
1.293311000813384
 42
1.0
 10
4.173109208796841
 20
1.218861526889058
 42
1.0
 10
4.187671368160243
 20
1.169893794958518
 42
1.0
 97
        0
 72
     1
 10
4.187671368160243
 20
1.169893794958518
 11
4.187671368160243
 21
1.129856430841435
 72
     1
 10
4.187671368160243
 20
1.129856430841435
 11
3.983997852583361
 21
1.129856430841435
 72
     4
 94
        3
 73
     1
 74
     0
 95
        8
 96
        4
 40
7.0
 40
7.0
 40
7.0
 40
7.0
 40
8.0
 40
8.0
 40
8.0
 40
8.0
 10
3.983997852583361
 20
1.129856430841435
 42
1.0
 10
3.965117631799571
 20
1.15813607188612
 42
1.0
 10
3.961564027025609
 20
1.240520023783204
 42
1.0
 10
3.959190436050636
 20
1.264052482877943
 42
1.0
 97
        0
 72
     4
 94
        3
 73
     1
 74
     0
 95
        8
 96
        4
 40
8.0
 40
8.0
 40
8.0
 40
8.0
 40
9.0
 40
9.0
 40
9.0
 40
9.0
 10
3.959190436050636
 20
1.264052482877943
 42
1.0
 10
3.953283585367202
 20
1.348837152504
 42
1.0
 10
3.939109856402359
 20
1.435941159597031
 42
1.0
 10
3.836299458743503
 20
1.435941159597031
 42
1.0
 97
        0
 72
     1
 10
3.836299458743503
 20
1.435941159597031
 11
3.669619118792356
 21
1.435941159597031
 72
     1
 10
3.669619118792356
 20
1.435941159597031
 11
3.669619118792356
 21
1.129856430841435
 72
     1
 10
3.669619118792356
 20
1.129856430841435
 11
3.449777122690302
 21
1.129856430841435
 97
        0
 92
        0
 93
        5
 72
     1
 10
3.844545992295747
 20
1.795818241534029
 11
3.669619119128692
 21
1.795818241534029
 72
     1
 10
3.669619119128692
 20
1.795818241534029
 11
3.669619119128692
 21
1.606310738092137
 72
     1
 10
3.669619119128692
 20
1.606310738092137
 11
3.853999666064641
 21
1.606310738092137
 72
     4
 94
        3
 73
     1
 74
     0
 95
        8
 96
        4
 40
1.0
 40
1.0
 40
1.0
 40
1.0
 40
2.0
 40
2.0
 40
2.0
 40
2.0
 10
3.853999666064641
 20
1.606310738092137
 42
1.0
 10
3.920188945823905
 20
1.606310738092137
 42
1.0
 10
3.955630049924511
 20
1.641602645045744
 42
1.0
 10
3.955630049924511
 20
1.705167411355538
 42
1.0
 97
        0
 72
     4
 94
        3
 73
     1
 74
     0
 95
        8
 96
        4
 40
2.0
 40
2.0
 40
2.0
 40
2.0
 40
3.0
 40
3.0
 40
3.0
 40
3.0
 10
3.955630049924511
 20
1.705167411355538
 42
1.0
 10
3.955630049924511
 20
1.767545382177844
 42
1.0
 10
3.906021998547562
 20
1.795818241534029
 42
1.0
 10
3.844545992295747
 20
1.795818241534029
 42
1.0
 97
        0
 97
        0
 75
     0
 76
     1
 98
        1
 10
0.0
 20
0.0
  0
HATCH
  5
102
330
72
100
AcDbEntity
  8
0
  6
Continuous
 62
     7
100
AcDbHatch
 10
0.0
 20
0.0
 30
0.0
210
0.0
220
0.0
230
1.0
  2
SOLID
 70
     1
 71
     0
 91
        5
 92
        0
 93
       23
 72
     4
 94
        3
 73
     1
 74
     0
 95
        8
 96
        4
 40
4.0
 40
4.0
 40
4.0
 40
4.0
 40
5.0
 40
5.0
 40
5.0
 40
5.0
 10
6.142373255267896
 20
1.818496207877776
 42
1.0
 10
6.106986404675287
 20
1.885858719747527
 42
1.0
 10
6.08608524071852
 20
1.970358558456588
 42
1.0
 10
5.816038404651523
 20
1.970358558456588
 42
1.0
 97
        0
 72
     1
 10
5.816038404651523
 20
1.970358558456588
 11
5.445043348028588
 21
1.970358558456588
 72
     1
 10
5.445043348028588
 20
1.970358558456588
 11
5.445043348028588
 21
1.446859678081909
 72
     1
 10
5.445043348028588
 20
1.446859678081909
 11
5.251032803422746
 21
1.970358558456588
 72
     1
 10
5.251032803422746
 20
1.970358558456588
 11
4.9914754810861
 21
1.970358558456588
 72
     1
 10
4.9914754810861
 20
1.970358558456588
 11
4.76541961746511
 21
1.371507740129275
 72
     1
 10
4.76541961746511
 20
1.371507740129275
 11
4.477711736478974
 21
1.369717764235982
 72
     1
 10
4.477711736478974
 20
1.369717764235982
 11
4.473974847039246
 21
1.970358558456588
 72
     1
 10
4.473974847039246
 20
1.970358558456588
 11
4.188384380930422
 21
1.970358558456588
 72
     1
 10
4.188384380930422
 20
1.970358558456588
 11
4.187868972604427
 21
1.129856430841435
 72
     1
 10
4.187868972604427
 20
1.129856430841435
 11
4.963409306078804
 21
1.132311402078408
 72
     1
 10
4.963409306078804
 20
1.132311402078408
 11
5.013390350323246
 21
1.25619928759503
 72
     1
 10
5.013390350323246
 20
1.25619928759503
 11
5.217180089745982
 21
1.25619928759503
 72
     1
 10
5.217180089745982
 20
1.25619928759503
 11
5.265140190817449
 21
1.132311402078408
 72
     1
 10
5.265140190817449
 20
1.132311402078408
 11
5.892776699380181
 21
1.132311402078408
 72
     4
 94
        3
 73
     1
 74
     0
 95
        8
 96
        4
 40
19.0
 40
19.0
 40
19.0
 40
19.0
 40
20.0
 40
20.0
 40
20.0
 40
20.0
 10
5.892776699380181
 20
1.132311402078408
 42
1.0
 10
6.004742376513936
 20
1.134291655120386
 42
1.0
 10
6.109207506166772
 20
1.187310895812797
 42
1.0
 10
6.140986498477418
 20
1.265490200839927
 42
1.0
 97
        0
 72
     4
 94
        3
 73
     1
 74
     0
 95
        8
 96
        4
 40
20.0
 40
20.0
 40
20.0
 40
20.0
 40
21.0
 40
21.0
 40
21.0
 40
21.0
 10
6.140986498477418
 20
1.265490200839927
 42
1.0
 10
6.171124322171085
 20
1.187310895812797
 42
1.0
 10
6.276294747427915
 20
1.10880606973767
 42
1.0
 10
6.480111613604649
 20
1.10880606973767
 42
1.0
 97
        0
 72
     4
 94
        3
 73
     1
 74
     0
 95
        8
 96
        4
 40
21.0
 40
21.0
 40
21.0
 40
21.0
 40
22.0
 40
22.0
 40
22.0
 40
22.0
 10
6.480111613604649
 20
1.10880606973767
 42
1.0
 10
6.683928479781382
 20
1.10880606973767
 42
1.0
 10
6.835295767099698
 20
1.232531194730293
 42
1.0
 10
6.835295767099698
 20
1.395590113022481
 42
1.0
 97
        0
 72
     4
 94
        3
 73
     1
 74
     0
 95
        8
 96
        4
 40
22.0
 40
22.0
 40
22.0
 40
22.0
 40
23.0
 40
23.0
 40
23.0
 40
23.0
 10
6.835295767099698
 20
1.395590113022481
 42
1.0
 10
6.835295767099698
 20
1.561429523599636
 42
1.0
 10
6.739904536659761
 20
1.620294579778982
 42
1.0
 10
6.588021841015449
 20
1.660259070109037
 42
1.0
 97
        0
 72
     4
 94
        3
 73
     1
 74
     0
 95
        8
 96
        4
 40
0.0
 40
0.0
 40
0.0
 40
0.0
 40
1.0
 40
1.0
 40
1.0
 40
1.0
 10
6.588021841015449
 20
1.660259070109037
 42
1.0
 10
6.58601446121947
 20
1.660788041812031
 42
1.0
 10
6.58427834896349
 20
1.661255978318526
 42
1.0
 10
6.582257405790513
 20
1.66176460495602
 42
1.0
 97
        0
 72
     1
 10
6.582257405790513
 20
1.66176460495602
 11
6.813746853383429
 21
1.660136999716037
 72
     4
 94
        3
 73
     1
 74
     0
 95
        8
 96
        4
 40
2.0
 40
2.0
 40
2.0
 40
2.0
 40
3.0
 40
3.0
 40
3.0
 40
3.0
 10
6.813746853383429
 20
1.660136999716037
 42
1.0
 10
6.813746853383429
 20
1.782356589861678
 42
1.0
 10
6.789753239470694
 20
1.978347387509499
 42
1.0
 10
6.464055867573316
 20
1.978347387509499
 42
1.0
 97
        0
 72
     4
 94
        3
 73
     1
 74
     0
 95
        8
 96
        4
 40
3.0
 40
3.0
 40
3.0
 40
3.0
 40
4.0
 40
4.0
 40
4.0
 40
4.0
 10
6.464055867573316
 20
1.978347387509499
 42
1.0
 10
6.274209279706429
 20
1.978347387509499
 42
1.0
 10
6.180160823589475
 20
1.885858719747527
 42
1.0
 10
6.142373255267896
 20
1.818496207877776
 42
1.0
 97
        0
 97
        0
 92
        0
 93
        3
 72
     4
 94
        3
 73
     1
 74
     0
 95
        8
 96
        4
 40
4.0
 40
4.0
 40
4.0
 40
4.0
 40
5.0
 40
5.0
 40
5.0
 40
5.0
 10
6.548235655003179
 20
1.381891102252633
 42
1.0
 10
6.538971868512282
 20
1.344741012650046
 42
1.0
 10
6.511858677889584
 20
1.33444640950716
 42
1.0
 10
6.441261300605367
 20
1.353719968223946
 42
1.0
 97
        0
 72
     4
 94
        3
 73
     1
 74
     0
 95
        8
 96
        4
 40
5.0
 40
5.0
 40
5.0
 40
5.0
 40
6.0
 40
6.0
 40
6.0
 40
6.0
 10
6.441261300605367
 20
1.353719968223946
 42
1.0
 10
6.367259515694191
 20
1.373970090084721
 42
1.0
 10
6.366323642681204
 20
1.414755164723267
 42
1.0
 10
6.366310079304203
 20
1.460219604426761
 42
1.0
 97
        0
 72
     4
 94
        3
 73
     1
 74
     0
 95
        8
 96
        4
 40
3.0
 40
3.0
 40
3.0
 40
3.0
 40
4.0
 40
4.0
 40
4.0
 40
4.0
 10
6.366310079304203
 20
1.460219604426761
 42
1.0
 10
6.459436225785168
 20
1.43335055459006
 42
1.0
 10
6.553118470723124
 20
1.401395238378416
 42
1.0
 10
6.548235655003179
 20
1.381891102252633
 42
1.0
 97
        0
 97
        0
 92
        0
 93
       32
 72
     4
 94
        3
 73
     1
 74
     0
 95
        8
 96
        4
 40
17.0
 40
17.0
 40
17.0
 40
17.0
 40
18.0
 40
18.0
 40
18.0
 40
18.0
 10
6.114058393861008
 20
1.739062290478161
 42
1.0
 10
6.114058393861008
 20
1.671245405478915
 42
1.0
 10
6.073639530401458
 20
1.616178094859527
 42
1.0
 10
6.014055615241119
 20
1.586508207672357
 42
1.0
 97
        0
 72
     4
 94
        3
 73
     1
 74
     0
 95
        8
 96
        4
 40
18.0
 40
18.0
 40
18.0
 40
18.0
 40
19.0
 40
19.0
 40
19.0
 40
19.0
 10
6.014055615241119
 20
1.586508207672357
 42
1.0
 10
6.088844076018288
 20
1.564935656554097
 42
1.0
 10
6.137129698137751
 20
1.50351390381028
 42
1.0
 10
6.143965640145676
 20
1.426514612582136
 42
1.0
 97
        0
 72
     1
 10
6.143965640145676
 20
1.426514612582136
 11
6.33310693240857
 21
1.426514612582136
 72
     4
 94
        3
 73
     1
 74
     0
 95
        8
 96
        4
 40
20.0
 40
20.0
 40
20.0
 40
20.0
 40
21.0
 40
21.0
 40
21.0
 40
21.0
 10
6.33310693240857
 20
1.426514612582136
 42
1.0
 10
6.337338706032524
 20
1.337511732709126
 42
1.0
 10
6.392663720814909
 20
1.308906570616444
 42
1.0
 10
6.476688841328976
 20
1.308906570616444
 42
1.0
 97
        0
 72
     4
 94
        3
 73
     1
 74
     0
 95
        8
 96
        4
 40
21.0
 40
21.0
 40
21.0
 40
21.0
 40
22.0
 40
22.0
 40
22.0
 40
22.0
 10
6.476688841328976
 20
1.308906570616444
 42
1.0
 10
6.536259193112312
 20
1.308906570616444
 42
1.0
 10
6.597972558461627
 20
1.330119692244208
 42
1.0
 10
6.597972558461627
 20
1.386272073023584
 42
1.0
 97
        0
 72
     4
 94
        3
 73
     1
 74
     0
 95
        8
 96
        4
 40
22.0
 40
22.0
 40
22.0
 40
22.0
 40
23.0
 40
23.0
 40
23.0
 40
23.0
 10
6.597972558461627
 20
1.386272073023584
 42
1.0
 10
6.597972558461627
 20
1.453003887862842
 42
1.0
 10
6.489492669216833
 20
1.4657127721117
 42
1.0
 10
6.379887019681052
 20
1.496433821016359
 42
1.0
 97
        0
 72
     4
 94
        3
 73
     1
 74
     0
 95
        8
 96
        4
 40
23.0
 40
23.0
 40
23.0
 40
23.0
 40
24.0
 40
24.0
 40
24.0
 40
24.0
 10
6.379887019681052
 20
1.496433821016359
 42
1.0
 10
6.271380003682258
 20
1.527148088232517
 42
1.0
 10
6.157569707276522
 20
1.575894865169975
 42
1.0
 10
6.157569707276522
 20
1.714702465386432
 42
1.0
 97
        0
 72
     4
 94
        3
 73
     1
 74
     0
 95
        8
 96
        4
 40
24.0
 40
24.0
 40
24.0
 40
24.0
 40
25.0
 40
25.0
 40
25.0
 40
25.0
 10
6.157569707276522
 20
1.714702465386432
 42
1.0
 10
6.157569707276522
 20
1.879972214129594
 42
1.0
 10
6.324602695029665
 20
1.944588142156874
 42
1.0
 10
6.467113097167081
 20
1.944588142156874
 42
1.0
 97
        0
 72
     4
 94
        3
 73
     1
 74
     0
 95
        8
 96
        4
 40
25.0
 40
25.0
 40
25.0
 40
25.0
 40
26.0
 40
26.0
 40
26.0
 40
26.0
 10
6.467113097167081
 20
1.944588142156874
 42
1.0
 10
6.6181819901914
 20
1.944588142156874
 42
1.0
 10
6.77029526324471
 20
1.871501885193187
 42
1.0
 10
6.771380333404697
 20
1.700935637731585
 42
1.0
 97
        0
 72
     1
 10
6.771380333404697
 20
1.700935637731585
 11
6.573517789730897
 21
1.700935637731585
 72
     4
 94
        3
 73
     1
 74
     0
 95
        8
 96
        4
 40
27.0
 40
27.0
 40
27.0
 40
27.0
 40
28.0
 40
28.0
 40
28.0
 40
28.0
 10
6.573517789730897
 20
1.700935637731585
 42
1.0
 10
6.576718746702861
 20
1.769776557694319
 42
1.0
 10
6.511804424381583
 20
1.792034059351072
 42
1.0
 10
6.451149002438259
 20
1.792034059351072
 42
1.0
 97
        0
 72
     4
 94
        3
 73
     1
 74
     0
 95
        8
 96
        4
 40
28.0
 40
28.0
 40
28.0
 40
28.0
 40
29.0
 40
29.0
 40
29.0
 40
29.0
 10
6.451149002438259
 20
1.792034059351072
 42
1.0
 10
6.408641378920731
 20
1.792034059351072
 42
1.0
 10
6.355459377704324
 20
1.777202506601737
 42
1.0
 10
6.355459377704324
 20
1.72741813132379
 42
1.0
 97
        0
 72
     4
 94
        3
 73
     1
 74
     0
 95
        8
 96
        4
 40
29.0
 40
29.0
 40
29.0
 40
29.0
 40
30.0
 40
30.0
 40
30.0
 40
30.0
 10
6.355459377704324
 20
1.72741813132379
 42
1.0
 10
6.355459377704324
 20
1.669136300355438
 42
1.0
 10
6.464970083601106
 20
1.658529739541556
 42
1.0
 10
6.575633676542875
 20
1.627808690636898
 42
1.0
 97
        0
 72
     4
 94
        3
 73
     1
 74
     0
 95
        8
 96
        4
 40
30.0
 40
30.0
 40
30.0
 40
30.0
 40
31.0
 40
31.0
 40
31.0
 40
31.0
 10
6.575633676542875
 20
1.627808690636898
 42
1.0
 10
6.685225762701656
 20
1.597094423420739
 42
1.0
 10
6.795835102135427
 20
1.546231759671305
 42
1.0
 10
6.795835102135427
 20
1.409573954709325
 42
1.0
 97
        0
 72
     4
 94
        3
 73
     1
 74
     0
 95
        8
 96
        4
 40
31.0
 40
31.0
 40
31.0
 40
31.0
 40
32.0
 40
32.0
 40
32.0
 40
32.0
 10
6.795835102135427
 20
1.409573954709325
 42
1.0
 10
6.795835102135427
 20
1.217814930685457
 42
1.0
 10
6.632016634731248
 20
1.146580074682249
 42
1.0
 10
6.464970083601106
 20
1.146580074682249
 42
1.0
 97
        0
 72
     4
 94
        3
 73
     1
 74
     0
 95
        8
 96
        4
 40
0.0
 40
0.0
 40
0.0
 40
0.0
 40
1.0
 40
1.0
 40
1.0
 40
1.0
 10
6.464970083601106
 20
1.146580074682249
 42
1.0
 10
6.310659543473821
 20
1.146580074682249
 42
1.0
 10
6.172313098075359
 20
1.216228015576475
 42
1.0
 10
6.1417005561867
 20
1.364258712152829
 42
1.0
 97
        0
 72
     4
 94
        3
 73
     1
 74
     0
 95
        8
 96
        4
 40
1.0
 40
1.0
 40
1.0
 40
1.0
 40
2.0
 40
2.0
 40
2.0
 40
2.0
 10
6.1417005561867
 20
1.364258712152829
 42
1.0
 10
6.121531814587923
 20
1.219727366842436
 42
1.0
 10
5.997969450119299
 20
1.169135970632998
 42
1.0
 10
5.849192767807954
 20
1.169135970632998
 42
1.0
 97
        0
 72
     1
 10
5.849192767807954
 20
1.169135970632998
 11
5.294057310581126
 21
1.169135970632998
 72
     1
 10
5.294057310581126
 20
1.169135970632998
 11
5.237511591868754
 21
1.298082995770565
 72
     1
 10
5.237511591868754
 20
1.298082995770565
 11
4.992177228695482
 21
1.298082995770565
 72
     1
 10
4.992177228695482
 20
1.298082995770565
 11
4.934519313069123
 21
1.170180350661987
 72
     1
 10
4.934519313069123
 20
1.170180350661987
 11
4.23261455332693
 21
1.170180350661987
 72
     1
 10
4.23261455332693
 20
1.170180350661987
 11
4.23261455332693
 21
1.928712209378552
 72
     1
 10
4.23261455332693
 20
1.928712209378552
 11
4.430504223754729
 21
1.928712209378552
 72
     1
 10
4.430504223754729
 20
1.928712209378552
 11
4.430504223754729
 21
1.341757069710079
 72
     1
 10
4.430504223754729
 20
1.341757069710079
 11
4.794504572299681
 21
1.341757069710079
 72
     1
 10
4.794504572299681
 20
1.341757069710079
 11
5.015370603365226
 21
1.928712209378552
 72
     1
 10
5.015370603365226
 20
1.928712209378552
 11
5.21642054063399
 21
1.928712209378552
 72
     1
 10
5.21642054063399
 20
1.928712209378552
 11
5.48432436313501
 21
1.221558422737415
 72
     1
 10
5.48432436313501
 20
1.221558422737415
 11
5.48432436313501
 21
1.928712209378552
 72
     1
 10
5.48432436313501
 20
1.928712209378552
 11
5.839603460269061
 21
1.928712209378552
 72
     4
 94
        3
 73
     1
 74
     0
 95
        8
 96
        4
 40
16.0
 40
16.0
 40
16.0
 40
16.0
 40
17.0
 40
17.0
 40
17.0
 40
17.0
 10
5.839603460269061
 20
1.928712209378552
 42
1.0
 10
5.970422231432604
 20
1.930828096190528
 42
1.0
 10
6.114058393861008
 20
1.896939998756405
 42
1.0
 10
6.114058393861008
 20
1.739062290478161
 42
1.0
 97
        0
 97
        0
 92
        0
 93
        5
 72
     1
 10
6.361128869290259
 20
1.461725139273745
 11
6.169749619822387
 21
1.461725139273745
 72
     4
 94
        3
 73
     1
 74
     0
 95
        8
 96
        4
 40
8.0
 40
8.0
 40
8.0
 40
8.0
 40
9.0
 40
9.0
 40
9.0
 40
9.0
 10
6.169749619822387
 20
1.461725139273745
 42
1.0
 10
6.169749619822387
 20
1.519206730999106
 42
1.0
 10
6.12010766000294
 20
1.568855472507053
 42
1.0
 10
6.088749132379288
 20
1.589756636463821
 42
1.0
 97
        0
 72
     4
 94
        3
 73
     1
 74
     0
 95
        8
 96
        4
 40
9.0
 40
9.0
 40
9.0
 40
9.0
 40
10.0
 40
10.0
 40
10.0
 40
10.0
 10
6.088749132379288
 20
1.589756636463821
 42
1.0
 10
6.104401269437113
 20
1.608040068659618
 42
1.0
 10
6.127933728531853
 20
1.626343845920914
 42
1.0
 10
6.135800487191765
 20
1.657695591856065
 42
1.0
 97
        0
 72
     4
 94
        3
 73
     1
 74
     0
 95
        8
 96
        4
 40
10.0
 40
10.0
 40
10.0
 40
10.0
 40
11.0
 40
11.0
 40
11.0
 40
11.0
 10
6.135800487191765
 20
1.657695591856065
 42
1.0
 10
6.135800487191765
 20
1.568855472507053
 42
1.0
 10
6.219418706395836
 20
1.500902953737809
 42
1.0
 10
6.323924526179674
 20
1.472182502940628
 42
1.0
 97
        0
 72
     4
 94
        3
 73
     1
 74
     0
 95
        8
 96
        4
 40
0.0
 40
0.0
 40
0.0
 40
0.0
 40
1.0
 40
1.0
 40
1.0
 40
1.0
 10
6.323924526179674
 20
1.472182502940628
 42
1.0
 10
6.336145128856538
 20
1.468805222067666
 42
1.0
 10
6.348623435696399
 20
1.465305870801705
 42
1.0
 10
6.361128869290259
 20
1.461725139273745
 42
1.0
 97
        0
 97
        0
 92
        0
 93
        4
 72
     4
 94
        3
 73
     1
 74
     0
 95
        8
 96
        4
 40
2.0
 40
2.0
 40
2.0
 40
2.0
 40
3.0
 40
3.0
 40
3.0
 40
3.0
 10
6.466136534023091
 20
1.741747839124131
 42
1.0
 10
6.511465339956586
 20
1.740405064801146
 42
1.0
 10
6.525652632298431
 20
1.731161623375749
 42
1.0
 10
6.53007429320038
 20
1.703790728590053
 42
1.0
 97
        0
 72
     4
 94
        3
 73
     1
 74
     0
 95
        8
 96
        4
 40
3.0
 40
3.0
 40
3.0
 40
3.0
 40
4.0
 40
4.0
 40
4.0
 40
4.0
 10
6.53007429320038
 20
1.703790728590053
 42
1.0
 10
6.531851095587361
 20
1.692994280498173
 42
1.0
 10
6.532040982865359
 20
1.686293972260247
 42
1.0
 10
6.53206810961936
 20
1.672201623557404
 42
1.0
 97
        0
 72
     4
 94
        3
 73
     1
 74
     0
 95
        8
 96
        4
 40
0.0
 40
0.0
 40
0.0
 40
0.0
 40
1.0
 40
1.0
 40
1.0
 40
1.0
 10
6.53206810961936
 20
1.672201623557404
 42
1.0
 10
6.42666710695353
 20
1.698718025592109
 42
1.0
 10
6.398197578630848
 20
1.703322792083558
 42
1.0
 10
6.398197578630848
 20
1.725763399329808
 42
1.0
 97
        0
 72
     4
 94
        3
 73
     1
 74
     0
 95
        8
 96
        4
 40
1.0
 40
1.0
 40
1.0
 40
1.0
 40
2.0
 40
2.0
 40
2.0
 40
2.0
 10
6.398197578630848
 20
1.725763399329808
 42
1.0
 10
6.398197578630848
 20
1.735746044801697
 42
1.0
 10
6.444163863283336
 20
1.742378536154624
 42
1.0
 10
6.466136534023091
 20
1.741747839124131
 42
1.0
 97
        0
 97
        0
 75
     0
 76
     1
 98
        1
 10
0.0
 20
0.0
  0
HATCH
  5
103
330
72
100
AcDbEntity
  8
0
  6
Continuous
 62
     7
100
AcDbHatch
 10
0.0
 20
0.0
 30
0.0
210
0.0
220
0.0
230
1.0
  2
SOLID
 70
     1
 71
     0
 91
        2
 92
        0
 93
        4
 72
     1
 10
5.002756662755367
 20
1.425280345275149
 11
5.228763213703859
 21
1.42528034527515
 72
     1
 10
5.228763213703859
 20
1.42528034527515
 11
5.132856574937915
 21
1.728862630974274
 72
     1
 10
5.132856574937915
 20
1.728862630974274
 11
5.101959202132266
 21
1.728862630974275
 72
     1
 10
5.101959202132266
 20
1.728862630974275
 11
5.002756662755367
 21
1.425280345275149
 97
        0
 92
        0
 93
        3
 72
     1
 10
5.056020044233768
 20
1.4657534622427
 11
5.115346255231104
 21
1.648899741871664
 72
     1
 10
5.115346255231104
 20
1.648899741871664
 11
5.172705776563476
 21
1.4657534622427
 72
     1
 10
5.172705776563476
 20
1.4657534622427
 11
5.056020044233768
 21
1.4657534622427
 97
        0
 75
     0
 76
     1
 98
        1
 10
0.0
 20
0.0
  0
HATCH
  5
104
330
72
100
AcDbEntity
  8
0
  6
Continuous
 62
     7
100
AcDbHatch
 10
0.0
 20
0.0
 30
0.0
210
0.0
220
0.0
230
1.0
  2
SOLID
 70
     1
 71
     0
 91
        2
 92
        0
 93
        5
 72
     1
 10
5.664649460348006
 20
1.601936549009686
 11
5.664649460348006
 21
1.785652490472643
 72
     1
 10
5.664649460348006
 20
1.785652490472643
 11
5.840756347314047
 21
1.785652490472643
 72
     4
 94
        3
 73
     1
 74
     0
 95
        8
 96
        4
 40
1.0
 40
1.0
 40
1.0
 40
1.0
 40
2.0
 40
2.0
 40
2.0
 40
2.0
 10
5.840756347314047
 20
1.785652490472643
 42
1.0
 10
5.888512997730517
 20
1.785652490472643
 42
1.0
 10
5.933733296648012
 20
1.762825326981896
 42
1.0
 10
5.933733296648012
 20
1.693116350891172
 42
1.0
 97
        0
 72
     4
 94
        3
 73
     1
 74
     0
 95
        8
 96
        4
 40
2.0
 40
2.0
 40
2.0
 40
2.0
 40
3.0
 40
3.0
 40
3.0
 40
3.0
 10
5.933733296648012
 20
1.693116350891172
 42
1.0
 10
5.933733296648012
 20
1.624750149123432
 42
1.0
 10
5.879940943466611
 20
1.601936549009686
 42
1.0
 10
5.840756347314047
 20
1.601936549009686
 42
1.0
 97
        0
 72
     1
 10
5.840756347314047
 20
1.601936549009686
 11
5.664649460348006
 21
1.601936549009686
 97
        0
 92
        0
 93
        5
 72
     4
 94
        3
 73
     1
 74
     0
 95
        8
 96
        4
 40
3.0
 40
3.0
 40
3.0
 40
3.0
 40
4.0
 40
4.0
 40
4.0
 40
4.0
 10
5.891008659098489
 20
1.691943118780685
 42
1.0
 10
5.891008659098489
 20
1.732178876650737
 42
1.0
 10
5.85943311744284
 20
1.745348915717591
 42
1.0
 10
5.82613502690821
 20
1.745348915717591
 42
1.0
 97
        0
 72
     1
 10
5.82613502690821
 20
1.745348915717591
 11
5.703196577781577
 21
1.745348915717591
 72
     1
 10
5.703196577781577
 20
1.745348915717591
 11
5.703196577781577
 21
1.63931043433277
 72
     1
 10
5.703196577781577
 20
1.63931043433277
 11
5.82613502690821
 21
1.63931043433277
 72
     4
 94
        3
 73
     1
 74
     0
 95
        8
 96
        4
 40
2.0
 40
2.0
 40
2.0
 40
2.0
 40
3.0
 40
3.0
 40
3.0
 40
3.0
 10
5.82613502690821
 20
1.63931043433277
 42
1.0
 10
5.853478794939905
 20
1.63931043433277
 42
1.0
 10
5.891008659098489
 20
1.652480473399623
 42
1.0
 10
5.891008659098489
 20
1.691943118780685
 42
1.0
 97
        0
 97
        0
 75
     0
 76
     1
 98
        1
 10
0.0
 20
0.0
  0
HATCH
  5
105
330
72
100
AcDbEntity
  8
0
  6
Continuous
 62
     7
100
AcDbHatch
 10
0.0
 20
0.0
 30
0.0
210
0.0
220
0.0
230
1.0
  2
SOLID
 70
     1
 71
     0
 91
        2
 92
        0
 93
        5
 72
     1
 10
5.664649460348006
 20
1.302355459525517
 11
5.664649460348006
 21
1.514079774493162
 72
     1
 10
5.664649460348006
 20
1.514079774493162
 11
5.860260483439831
 21
1.514079774493162
 72
     4
 94
        3
 73
     1
 74
     0
 95
        8
 96
        4
 40
1.0
 40
1.0
 40
1.0
 40
1.0
 40
2.0
 40
2.0
 40
2.0
 40
2.0
 10
5.860260483439831
 20
1.514079774493162
 42
1.0
 10
5.913279724132241
 20
1.514079774493162
 42
1.0
 10
5.96349134578568
 20
1.487787168178955
 42
1.0
 10
5.96349134578568
 20
1.407458067897348
 42
1.0
 97
        0
 72
     4
 94
        3
 73
     1
 74
     0
 95
        8
 96
        4
 40
2.0
 40
2.0
 40
2.0
 40
2.0
 40
3.0
 40
3.0
 40
3.0
 40
3.0
 10
5.96349134578568
 20
1.407458067897348
 42
1.0
 10
5.96349134578568
 20
1.328641284151225
 42
1.0
 10
5.903771796855347
 20
1.302355459525517
 42
1.0
 10
5.860260483439831
 20
1.302355459525517
 42
1.0
 97
        0
 72
     1
 10
5.860260483439831
 20
1.302355459525517
 11
5.664649460348006
 21
1.302355459525517
 97
        0
 92
        0
 93
        5
 72
     4
 94
        3
 73
     1
 74
     0
 95
        8
 96
        4
 40
3.0
 40
3.0
 40
3.0
 40
3.0
 40
4.0
 40
4.0
 40
4.0
 40
4.0
 10
5.926571833592093
 20
1.406033913312364
 42
1.0
 10
5.926571833592093
 20
1.457723943058789
 42
1.0
 10
5.888865645532511
 20
1.474651037554601
 42
1.0
 10
5.849057134037955
 20
1.474651037554601
 42
1.0
 97
        0
 72
     1
 10
5.849057134037955
 20
1.474651037554601
 11
5.702179324506586
 21
1.474651037554601
 72
     1
 10
5.702179324506586
 20
1.474651037554601
 11
5.702179324506586
 21
1.338420478968116
 72
     1
 10
5.702179324506586
 20
1.338420478968116
 11
5.849057134037955
 21
1.338420478968116
 72
     4
 94
        3
 73
     1
 74
     0
 95
        8
 96
        4
 40
2.0
 40
2.0
 40
2.0
 40
2.0
 40
3.0
 40
3.0
 40
3.0
 40
3.0
 10
5.849057134037955
 20
1.338420478968116
 42
1.0
 10
5.881731309230591
 20
1.338420478968116
 42
1.0
 10
5.926571833592093
 20
1.355320446709928
 42
1.0
 10
5.926571833592093
 20
1.406033913312364
 42
1.0
 97
        0
 97
        0
 75
     0
 76
     1
 98
        1
 10
0.0
 20
0.0
  0
ENDBLK
  5
74
330
72
100
AcDbEntity
  8
0
100
AcDbBlockEnd
  0
BLOCK
  5
121
330
120
100
AcDbEntity
  8
0
100
AcDbBlockBegin
  2
SW_NOTE_0
 70
     0
 10
0.0
 20
0.0
 30
0.0
  3
SW_NOTE_0
  1

  0
MTEXT
  5
124
330
120
100
AcDbEntity
  8
0
  6
Continuous
 62
     0
370
     0
100
AcDbMText
 10
0.0
 20
0.1342778896
 30
0.0
 40
0.1041666667
 41
0.0
 46
0.0
 71
     1
 72
     1
  1
NOTES/SPECIFICATIONS:
  7
SLDTEXTSTYLE0
 73
     1
 44
1.0
  0
MTEXT
  5
125
330
120
100
AcDbEntity
  8
0
  6
Continuous
 62
     0
370
     0
100
AcDbMText
 10
0.3937007786
 20
-0.2222400552
 30
0.0
 40
0.1041666667
 41
0.0
 46
0.0
 71
     1
 72
     1
  1
SURFACE QUALITY: 40-20 SCRATCH-DIG
  7
SLDTEXTSTYLE0
 73
     1
 44
1.0
  0
MTEXT
  5
126
330
120
100
AcDbEntity
  8
0
  6
Continuous
 62
     0
370
     0
100
AcDbMText
 10
0.0
 20
-0.2222400552
 30
0.0
 40
0.1041666667
 41
0.0
 46
0.0
 71
     1
 72
     1
  1
1.
  7
SLDTEXTSTYLE0
 73
     1
 44
1.0
  0
MTEXT
  5
128
330
120
100
AcDbEntity
  8
0
  6
Continuous
 62
     0
370
     0
100
AcDbMText
 10
0.3937007786
 20
-0.4004990277
 30
0.0
 40
0.1041666667
 41
0.0
 46
0.0
 71
     1
 72
     1
  1
SURFACE FLATNESS: <λ/8 AT 633 nm
  7
SLDTEXTSTYLE1
 73
     1
 44
1.0
  0
MTEXT
  5
129
330
120
100
AcDbEntity
  8
0
  6
Continuous
 62
     0
370
     0
100
AcDbMText
 10
0.0
 20
-0.4004990277
 30
0.0
 40
0.1041666667
 41
0.0
 46
0.0
 71
     1
 72
     1
  1
2.
  7
SLDTEXTSTYLE0
 73
     1
 44
1.0
  0
MTEXT
  5
12A
330
120
100
AcDbEntity
  8
0
  6
Continuous
 62
     0
370
     0
100
AcDbMText
 10
0.3937007786
 20
-0.5787580001
 30
0.0
 40
0.1041666667
 41
0.0
 46
0.0
 71
     1
 72
     1
  1
BEAM DEVIATION: <20 arcsec
  7
SLDTEXTSTYLE0
 73
     1
 44
1.0
  0
MTEXT
  5
12B
330
120
100
AcDbEntity
  8
0
  6
Continuous
 62
     0
370
     0
100
AcDbMText
 10
0.0
 20
-0.5787580001
 30
0.0
 40
0.1041666667
 41
0.0
 46
0.0
 71
     1
 72
     1
  1
3.
  7
SLDTEXTSTYLE0
 73
     1
 44
1.0
  0
MTEXT
  5
12C
330
120
100
AcDbEntity
  8
0
  6
Continuous
 62
     0
370
     0
100
AcDbMText
 10
0.3937007786
 20
-0.7570169725
 30
0.0
 40
0.1041666667
 41
0.0
 46
0.0
 71
     1
 72
     1
  1
COATING: PROTECTED GOLD
  7
SLDTEXTSTYLE0
 73
     1
 44
1.0
  0
MTEXT
  5
12D
330
120
100
AcDbEntity
  8
0
  6
Continuous
 62
     0
370
     0
100
AcDbMText
 10
0.0
 20
-0.7570169725
 30
0.0
 40
0.1041666667
 41
0.0
 46
0.0
 71
     1
 72
     1
  1
4.
  7
SLDTEXTSTYLE0
 73
     1
 44
1.0
  0
MTEXT
  5
12F
330
120
100
AcDbEntity
  8
0
  6
Continuous
 62
     0
370
     0
100
AcDbMText
 10
0.3937007874
 20
-0.9352759449
 30
0.0
 40
0.1041666667
 41
0.0
 46
0.0
 71
     1
 72
     1
  1
Ravg: >96% FROM 800 nm - 20 μm PER SURFACE
  7
SLDTEXTSTYLE2
 73
     1
 44
1.0
  0
MTEXT
  5
130
330
120
100
AcDbEntity
  8
0
  6
Continuous
 62
     0
370
     0
100
AcDbMText
 10
0.3937007874
 20
-1.1135349173
 30
0.0
 40
0.1041666667
 41
0.0
 46
0.0
 71
     1
 72
     1
  1
AOI: 0
  7
SLDTEXTSTYLE0
 73
     1
 44
1.0
  0
MTEXT
  5
131
330
120
100
AcDbEntity
  8
0
  6
Continuous
 62
     0
370
     0
100
AcDbMText
 10
0.8024585221
 20
-1.1135349173
 30
0.0
 40
0.1041666667
 41
0.0
 46
0.0
 71
     1
 72
     1
  1
%%d
  7
SLDTEXTSTYLE0
 73
     1
 44
1.0
  0
MTEXT
  5
133
330
120
100
AcDbEntity
  8
0
  6
Continuous
 62
     0
370
     0
100
AcDbMText
 10
0.9077247106
 20
-1.1135349173
 30
0.0
 40
0.1041666667
 41
0.0
 46
0.0
 71
     1
 72
     1
  1
TO 45
  7
SLDTEXTSTYLE3
 73
     1
 44
1.0
  0
MTEXT
  5
134
330
120
100
AcDbEntity
  8
0
  6
Continuous
 62
     0
370
     0
100
AcDbMText
 10
1.2793489563
 20
-1.1135349173
 30
0.0
 40
0.1041666667
 41
0.0
 46
0.0
 71
     1
 72
     1
  1
%%d
  7
SLDTEXTSTYLE0
 73
     1
 44
1.0
  0
ENDBLK
  5
122
330
120
100
AcDbEntity
  8
0
100
AcDbBlockEnd
  0
BLOCK
  5
149
330
148
100
AcDbEntity
  8
0
100
AcDbBlockBegin
  2
SW_NOTE_0_1
 70
     0
 10
0.0
 20
0.0
 30
0.0
  3
SW_NOTE_0_1
  1

  0
MTEXT
  5
14B
330
148
100
AcDbEntity
  8
0
  6
Continuous
 62
     0
370
     0
100
AcDbMText
 10
0.78375
 20
0.0773440644
 30
0.0
 40
0.06
 41
0.0
 46
0.0
 71
     2
 72
     1
  1
VALUES IN PARENTHESIS ARE CALCULATED
  7
SLDTEXTSTYLE0
 73
     1
 44
1.0
  0
MTEXT
  5
14C
330
148
100
AcDbEntity
  8
0
  6
Continuous
 62
     0
370
     0
100
AcDbMText
 10
0.7825936818
 20
-0.0220260102
 30
0.0
 40
0.06
 41
0.0
 46
0.0
 71
     2
 72
     1
  1
AND MAY CONTAIN ROUNDOFF ERRORS
  7
SLDTEXTSTYLE0
 73
     1
 44
1.0
  0
ENDBLK
  5
14A
330
148
100
AcDbEntity
  8
0
100
AcDbBlockEnd
  0
BLOCK
  5
14F
330
14E
100
AcDbEntity
  8
0
100
AcDbBlockBegin
  2
SW_NOTE_0_2
 70
     0
 10
0.0
 20
0.0
 30
0.0
  3
SW_NOTE_0_2
  1

  0
MTEXT
  5
151
330
14E
100
AcDbEntity
  8
0
  6
Continuous
 62
     0
370
     0
100
AcDbMText
 10
0.0
 20
0.1074223116
 30
0.0
 40
0.0833333333
 41
0.0
 46
0.0
 71
     1
 72
     1
  1
DRAWING
  7
SLDTEXTSTYLE0
 73
     1
 44
1.0
  0
MTEXT
  5
152
330
14E
100
AcDbEntity
  8
0
  6
Continuous
 62
     0
370
     0
100
AcDbMText
 10
0.0
 20
-0.0036887981
 30
0.0
 40
0.0833333333
 41
0.0
 46
0.0
 71
     1
 72
     1
  1
PROJECTION
  7
SLDTEXTSTYLE0
 73
     1
 44
1.0
  0
ENDBLK
  5
150
330
14E
100
AcDbEntity
  8
0
100
AcDbBlockEnd
  0
BLOCK
  5
156
330
155
100
AcDbEntity
  8
0
100
AcDbBlockBegin
  2
SW_NOTE_0_3
 70
     0
 10
0.0
 20
0.0
 30
0.0
  3
SW_NOTE_0_3
  1

  0
MTEXT
  5
158
330
155
100
AcDbEntity
  8
0
  6
Continuous
 62
     0
370
     0
100
AcDbMText
 10
0.966796875
 20
0.1342778896
 30
0.0
 40
0.1041666667
 41
0.0
 46
0.0
 71
     2
 72
     1
  1
1" HOLLOW RETROREFLECTOR
  7
SLDTEXTSTYLE0
 73
     1
 44
1.0
  0
MTEXT
  5
159
330
155
100
AcDbEntity
  8
0
  6
Continuous
 62
     0
370
     0
100
AcDbMText
 10
0.9671345234
 20
-0.0046109977
 30
0.0
 40
0.1041666667
 41
0.0
 46
0.0
 71
     2
 72
     1
  1
MIRROR PROTECTED GOLD
  7
SLDTEXTSTYLE0
 73
     1
 44
1.0
  0
ENDBLK
  5
157
330
155
100
AcDbEntity
  8
0
100
AcDbBlockEnd
  0
BLOCK
  5
15D
330
15C
100
AcDbEntity
  8
0
100
AcDbBlockBegin
  2
SW_NOTE_0_4
 70
     0
 10
0.0
 20
0.0
 30
0.0
  3
SW_NOTE_0_4
  1

  0
MTEXT
  5
15F
330
15C
100
AcDbEntity
  8
0
  6
Continuous
 62
     0
370
     0
100
AcDbMText
 10
0.986328125
 20
0.1611334675
 30
0.0
 40
0.125
 41
0.0
 46
0.0
 71
     2
 72
     1
  1
FOR INFORMATION ONLY
  7
SLDTEXTSTYLE0
 73
     1
 44
1.0
  0
MTEXT
  5
160
330
15C
100
AcDbEntity
  8
0
  6
Continuous
 62
     0
370
     0
100
AcDbMText
 10
0.999088459
 20
-0.0055331972
 30
0.0
 40
0.125
 41
0.0
 46
0.0
 71
     2
 72
     1
  1
NOT FOR MANUFACTURING PURPOSES
  7
SLDTEXTSTYLE0
 73
     1
 44
1.0
  0
ENDBLK
  5
15E
330
15C
100
AcDbEntity
  8
0
100
AcDbBlockEnd
  0
BLOCK
  5
163
330
162
100
AcDbEntity
  8
0
100
AcDbBlockBegin
  2
SW_TABLEANNOTATION_0
 70
     0
 10
0.0
 20
0.0
 30
0.0
  3
SW_TABLEANNOTATION_0
  1

  0
LINE
  5
165
330
162
100
AcDbEntity
  8
FORMAT
 62
     0
100
AcDbLine
 10
0.0
 20
0.0
 30
0.0
 11
0.0
 21
-0.1998034724
 31
0.0
  0
LINE
  5
166
330
162
100
AcDbEntity
  8
FORMAT
 62
     0
100
AcDbLine
 10
0.2844626785
 20
0.0
 30
0.0
 11
0.2844626785
 21
-0.1998034724
 31
0.0
  0
LINE
  5
167
330
162
100
AcDbEntity
  8
FORMAT
 62
     0
100
AcDbLine
 10
0.0
 20
-0.1998034724
 30
0.0
 11
0.0
 21
-0.4033152783
 31
0.0
  0
LINE
  5
168
330
162
100
AcDbEntity
  8
FORMAT
 62
     0
100
AcDbLine
 10
0.2844626785
 20
-0.1998034724
 30
0.0
 11
0.2844626785
 21
-0.4033152783
 31
0.0
  0
LINE
  5
169
330
162
100
AcDbEntity
  8
FORMAT
 62
     0
100
AcDbLine
 10
0.0
 20
-0.4033152783
 30
0.0
 11
0.0
 21
-0.6150445802
 31
0.0
  0
LINE
  5
16A
330
162
100
AcDbEntity
  8
FORMAT
 62
     0
100
AcDbLine
 10
0.2844626785
 20
-0.4033152783
 30
0.0
 11
0.2844626785
 21
-0.6150445802
 31
0.0
  0
LINE
  5
16B
330
162
100
AcDbEntity
  8
FORMAT
 62
     0
100
AcDbLine
 10
0.0
 20
-0.6150445802
 30
0.0
 11
0.0
 21
-0.8366607391
 31
0.0
  0
LINE
  5
16C
330
162
100
AcDbEntity
  8
FORMAT
 62
     0
100
AcDbLine
 10
0.2844626785
 20
-0.6150445802
 30
0.0
 11
0.2844626785
 21
-0.8366607391
 31
0.0
  0
LINE
  5
16D
330
162
100
AcDbEntity
  8
FORMAT
 62
     0
100
AcDbLine
 10
3.7027846256
 20
0.0
 30
0.0
 11
3.7027846256
 21
-0.1998034724
 31
0.0
  0
LINE
  5
16E
330
162
100
AcDbEntity
  8
FORMAT
 62
     0
100
AcDbLine
 10
3.7027846256
 20
-0.1998034724
 30
0.0
 11
3.7027846256
 21
-0.4033152783
 31
0.0
  0
LINE
  5
16F
330
162
100
AcDbEntity
  8
FORMAT
 62
     0
100
AcDbLine
 10
3.7027846256
 20
-0.4033152783
 30
0.0
 11
3.7027846256
 21
-0.6150445802
 31
0.0
  0
LINE
  5
170
330
162
100
AcDbEntity
  8
FORMAT
 62
     0
100
AcDbLine
 10
3.7027846256
 20
-0.6150445802
 30
0.0
 11
3.7027846256
 21
-0.8366607391
 31
0.0
  0
LINE
  5
171
330
162
100
AcDbEntity
  8
FORMAT
 62
     0
100
AcDbLine
 10
5.0914893873
 20
0.0
 30
0.0
 11
5.0914893873
 21
-0.1998034724
 31
0.0
  0
LINE
  5
172
330
162
100
AcDbEntity
  8
FORMAT
 62
     0
100
AcDbLine
 10
5.0914893873
 20
-0.1998034724
 30
0.0
 11
5.0914893873
 21
-0.4033152783
 31
0.0
  0
LINE
  5
173
330
162
100
AcDbEntity
  8
FORMAT
 62
     0
100
AcDbLine
 10
5.0914893873
 20
-0.4033152783
 30
0.0
 11
5.0914893873
 21
-0.6150445802
 31
0.0
  0
LINE
  5
174
330
162
100
AcDbEntity
  8
FORMAT
 62
     0
100
AcDbLine
 10
5.0914893873
 20
-0.6150445802
 30
0.0
 11
5.0914893873
 21
-0.8366607391
 31
0.0
  0
LINE
  5
175
330
162
100
AcDbEntity
  8
FORMAT
 62
     0
100
AcDbLine
 10
0.0
 20
0.0
 30
0.0
 11
0.2844626785
 21
0.0
 31
0.0
  0
LINE
  5
176
330
162
100
AcDbEntity
  8
FORMAT
 62
     0
100
AcDbLine
 10
0.0
 20
-0.1998034724
 30
0.0
 11
0.2844626785
 21
-0.1998034724
 31
0.0
  0
LINE
  5
177
330
162
100
AcDbEntity
  8
FORMAT
 62
     0
100
AcDbLine
 10
0.2844626785
 20
0.0
 30
0.0
 11
3.7027846256
 21
0.0
 31
0.0
  0
LINE
  5
178
330
162
100
AcDbEntity
  8
FORMAT
 62
     0
100
AcDbLine
 10
0.2844626785
 20
-0.1998034724
 30
0.0
 11
3.7027846256
 21
-0.1998034724
 31
0.0
  0
LINE
  5
179
330
162
100
AcDbEntity
  8
FORMAT
 62
     0
100
AcDbLine
 10
3.7027846256
 20
0.0
 30
0.0
 11
5.0914893873
 21
0.0
 31
0.0
  0
LINE
  5
17A
330
162
100
AcDbEntity
  8
FORMAT
 62
     0
100
AcDbLine
 10
3.7027846256
 20
-0.1998034724
 30
0.0
 11
5.0914893873
 21
-0.1998034724
 31
0.0
  0
LINE
  5
17B
330
162
100
AcDbEntity
  8
FORMAT
 62
     0
100
AcDbLine
 10
0.0
 20
-0.4033152783
 30
0.0
 11
0.2844626785
 21
-0.4033152783
 31
0.0
  0
LINE
  5
17C
330
162
100
AcDbEntity
  8
FORMAT
 62
     0
100
AcDbLine
 10
0.2844626785
 20
-0.4033152783
 30
0.0
 11
3.7027846256
 21
-0.4033152783
 31
0.0
  0
LINE
  5
17D
330
162
100
AcDbEntity
  8
FORMAT
 62
     0
100
AcDbLine
 10
3.7027846256
 20
-0.4033152783
 30
0.0
 11
5.0914893873
 21
-0.4033152783
 31
0.0
  0
LINE
  5
17E
330
162
100
AcDbEntity
  8
FORMAT
 62
     0
100
AcDbLine
 10
0.0
 20
-0.6150445802
 30
0.0
 11
0.2844626785
 21
-0.6150445802
 31
0.0
  0
LINE
  5
17F
330
162
100
AcDbEntity
  8
FORMAT
 62
     0
100
AcDbLine
 10
0.2844626785
 20
-0.6150445802
 30
0.0
 11
3.7027846256
 21
-0.6150445802
 31
0.0
  0
LINE
  5
180
330
162
100
AcDbEntity
  8
FORMAT
 62
     0
100
AcDbLine
 10
3.7027846256
 20
-0.6150445802
 30
0.0
 11
5.0914893873
 21
-0.6150445802
 31
0.0
  0
LINE
  5
181
330
162
100
AcDbEntity
  8
FORMAT
 62
     0
100
AcDbLine
 10
0.0
 20
-0.8366607391
 30
0.0
 11
0.2844626785
 21
-0.8366607391
 31
0.0
  0
LINE
  5
182
330
162
100
AcDbEntity
  8
FORMAT
 62
     0
100
AcDbLine
 10
0.2844626785
 20
-0.8366607391
 30
0.0
 11
3.7027846256
 21
-0.8366607391
 31
0.0
  0
LINE
  5
183
330
162
100
AcDbEntity
  8
FORMAT
 62
     0
100
AcDbLine
 10
3.7027846256
 20
-0.8366607391
 30
0.0
 11
5.0914893873
 21
-0.8366607391
 31
0.0
  0
MTEXT
  5
184
330
162
100
AcDbEntity
  8
FORMAT
 62
     0
100
AcDbMText
 10
1.8622193259
 20
-0.0583971749
 30
0.0
 40
0.0833333333
 41
0.0
 46
0.0
 71
     1
 72
     1
  1
PART
  7
SLDTEXTSTYLE0
 73
     1
 44
1.0
  0
MTEXT
  5
185
330
162
100
AcDbEntity
  8
FORMAT
 62
     0
100
AcDbMText
 10
4.1383407045
 20
-0.0583971749
 30
0.0
 40
0.0833333333
 41
0.0
 46
0.0
 71
     1
 72
     1
  1
MATERIAL
  7
SLDTEXTSTYLE0
 73
     1
 44
1.0
  0
INSERT
  5
18B
330
162
100
AcDbEntity
  8
FORMAT
 62
     0
100
AcDbBlockReference
  2
SW_SYMBOL_C#_1
 10
0.0296850394
 20
-0.355921136
 30
0.0
 41
0.0027037109
 42
0.0027037109
 43
0.0027037109
  0
MTEXT
  5
18C
330
162
100
AcDbEntity
  8
FORMAT
 62
     0
100
AcDbMText
 10
1.3274970872
 20
-0.2668127645
 30
0.0
 40
0.0833333333
 41
0.0
 46
0.0
 71
     1
 72
     1
  1
ENGRAVED BASE MOUNT
  7
SLDTEXTSTYLE0
 73
     1
 44
1.0
  0
MTEXT
  5
18D
330
162
100
AcDbEntity
  8
FORMAT
 62
     0
100
AcDbMText
 10
3.8040814242
 20
-0.260054814
 30
0.0
 40
0.0833333333
 41
0.0
 46
0.0
 71
     1
 72
     1
  1
ANODIZED ALUMINUM
  7
SLDTEXTSTYLE0
 73
     1
 44
1.0
  0
INSERT
  5
193
330
162
100
AcDbEntity
  8
FORMAT
 62
     0
100
AcDbBlockReference
  2
SW_SYMBOL_C#_2
 10
0.0296850394
 20
-0.5635416899
 30
0.0
 41
0.0027037109
 42
0.0027037109
 43
0.0027037109
  0
MTEXT
  5
194
330
162
100
AcDbEntity
  8
FORMAT
 62
     0
100
AcDbMText
 10
0.9233305162
 20
-0.4676753679
 30
0.0
 40
0.0833333333
 41
0.0
 46
0.0
 71
     1
 72
     1
  1
SET SCREW WITH LOCTITE 242, 5/64in HEX
  7
SLDTEXTSTYLE0
 73
     1
 44
1.0
  0
MTEXT
  5
195
330
162
100
AcDbEntity
  8
FORMAT
 62
     0
100
AcDbMText
 10
3.9880320425
 20
-0.4744333184
 30
0.0
 40
0.0833333333
 41
0.0
 46
0.0
 71
     1
 72
     1
  1
STAINLESS STEEL
  7
SLDTEXTSTYLE0
 73
     1
 44
1.0
  0
INSERT
  5
19B
330
162
100
AcDbEntity
  8
FORMAT
 62
     0
100
AcDbBlockReference
  2
SW_SYMBOL_C#_3
 10
0.0296850394
 20
-0.7802144204
 30
0.0
 41
0.0027037109
 42
0.0027037109
 43
0.0027037109
  0
MTEXT
  5
19C
330
162
100
AcDbEntity
  8
FORMAT
 62
     0
100
AcDbMText
 10
0.47834569
 20
-0.6843480983
 30
0.0
 40
0.0833333333
 41
0.0
 46
0.0
 71
     1
 72
     1
  1
1" HOLLOW RETROREFLECTOR MIRROR PROTECTED GOLD
  7
SLDTEXTSTYLE0
 73
     1
 44
1.0
  0
MTEXT
  5
19D
330
162
100
AcDbEntity
  8
FORMAT
 62
     0
100
AcDbMText
 10
3.9641123422
 20
-0.6911060488
 30
0.0
 40
0.0833333333
 41
0.0
 46
0.0
 71
     1
 72
     1
  1
UV FUSED SILICA
  7
SLDTEXTSTYLE0
 73
     1
 44
1.0
  0
ENDBLK
  5
164
330
162
100
AcDbEntity
  8
0
100
AcDbBlockEnd
  0
BLOCK
  5
187
330
186
100
AcDbEntity
  8
0
100
AcDbBlockBegin
  2
SW_SYMBOL_C#_1
 70
     0
 10
0.0
 20
0.0
 30
0.0
  3
SW_SYMBOL_C#_1
  1

  0
CIRCLE
  5
189
330
186
100
AcDbEntity
  8
FORMAT
 62
     0
100
AcDbCircle
 10
31.4960629921
 20
19.6850393701
 30
0.0
 40
31.49606299212599
  0
MTEXT
  5
18A
330
186
100
AcDbEntity
  8
FORMAT
 62
     0
100
AcDbMText
 10
31.4960629921
 20
19.6850393701
 30
0.0
 40
30.821835344
 41
0.0
 46
0.0
 71
     5
 72
     1
  1
1
  7
SLDTEXTSTYLE0
 73
     1
 44
1.0
  0
ENDBLK
  5
188
330
186
100
AcDbEntity
  8
0
100
AcDbBlockEnd
  0
BLOCK
  5
18F
330
18E
100
AcDbEntity
  8
0
100
AcDbBlockBegin
  2
SW_SYMBOL_C#_2
 70
     0
 10
0.0
 20
0.0
 30
0.0
  3
SW_SYMBOL_C#_2
  1

  0
CIRCLE
  5
191
330
18E
100
AcDbEntity
  8
FORMAT
 62
     0
100
AcDbCircle
 10
31.4960629921
 20
19.6850393701
 30
0.0
 40
31.49606299212599
  0
MTEXT
  5
192
330
18E
100
AcDbEntity
  8
FORMAT
 62
     0
100
AcDbMText
 10
31.4960629921
 20
19.6850393701
 30
0.0
 40
30.821835344
 41
0.0
 46
0.0
 71
     5
 72
     1
  1
2
  7
SLDTEXTSTYLE0
 73
     1
 44
1.0
  0
ENDBLK
  5
190
330
18E
100
AcDbEntity
  8
0
100
AcDbBlockEnd
  0
BLOCK
  5
197
330
196
100
AcDbEntity
  8
0
100
AcDbBlockBegin
  2
SW_SYMBOL_C#_3
 70
     0
 10
0.0
 20
0.0
 30
0.0
  3
SW_SYMBOL_C#_3
  1

  0
CIRCLE
  5
199
330
196
100
AcDbEntity
  8
FORMAT
 62
     0
100
AcDbCircle
 10
31.4960629921
 20
19.6850393701
 30
0.0
 40
31.49606299212599
  0
MTEXT
  5
19A
330
196
100
AcDbEntity
  8
FORMAT
 62
     0
100
AcDbMText
 10
31.4960629921
 20
19.6850393701
 30
0.0
 40
30.821835344
 41
0.0
 46
0.0
 71
     5
 72
     1
  1
3
  7
SLDTEXTSTYLE0
 73
     1
 44
1.0
  0
ENDBLK
  5
198
330
196
100
AcDbEntity
  8
0
100
AcDbBlockEnd
  0
BLOCK
  5
49D
330
49C
100
AcDbEntity
  8
0
100
AcDbBlockBegin
  2
SW_NOTE_0_5
 70
     0
 10
0.0
 20
0.0
 30
0.0
  3
SW_NOTE_0_5
  1

  0
MTEXT
  5
49F
330
49C
100
AcDbEntity
  8
0
  6
Continuous
 62
     0
370
     0
100
AcDbMText
 10
0.022222591
 20
0.0988060747
 30
0.0
 40
0.0833333333
 41
0.0
 46
0.0
 71
     1
 72
     1
  1
SM05 (
  7
SLDTEXTSTYLE0
 73
     1
 44
1.0
  0
MTEXT
  5
4A0
330
49C
100
AcDbEntity
  8
0
  6
Continuous
 62
     0
370
     0
100
AcDbMText
 10
0.3746917392
 20
0.0988060747
 30
0.0
 40
0.0833333333
 41
0.0
 46
0.0
 71
     1
 72
     1
  1
%%c
  7
SLDTEXTSTYLE0
 73
     1
 44
1.0
  0
MTEXT
  5
4A1
330
49C
100
AcDbEntity
  8
0
  6
Continuous
 62
     0
370
     0
100
AcDbMText
 10
0.5004787694
 20
0.0988060747
 30
0.0
 40
0.0833333333
 41
0.0
 46
0.0
 71
     1
 72
     1
  1
0.535-40) SERIES
  7
SLDTEXTSTYLE0
 73
     1
 44
1.0
  0
MTEXT
  5
4A2
330
49C
100
AcDbEntity
  8
0
  6
Continuous
 62
     0
370
     0
100
AcDbMText
 10
0.022222591
 20
-0.0516751111
 30
0.0
 40
0.0833333333
 41
0.0
 46
0.0
 71
     1
 72
     1
  1
EXTERNAL THREAD
  7
SLDTEXTSTYLE0
 73
     1
 44
1.0
  0
ENDBLK
  5
49E
330
49C
100
AcDbEntity
  8
0
100
AcDbBlockEnd
  0
BLOCK
  5
4E5
330
4E4
100
AcDbEntity
  8
0
100
AcDbBlockBegin
  2
_D
 70
     0
 10
0.0
 20
0.0
 30
0.0
  3
_D
  1

  0
SOLID
  5
4E7
330
4E4
100
AcDbEntity
  8
0
  6
Continuous
 62
     8
420
  8421504
370
    18
100
AcDbTrace
 10
4.8415184737
 20
4.5572930436
 30
0.0
 11
4.8891979657
 21
4.4347097411
 31
0.0
 12
4.9238389818
 22
4.4547097411
 32
0.0
 13
4.9238389818
 23
4.4547097411
 33
0.0
  0
LINE
  5
4E8
330
4E4
100
AcDbEntity
  8
0
  6
Continuous
 62
     8
420
  8421504
370
     0
100
AcDbLine
 10
5.4749669437
 20
4.221415336
 30
0.0
 11
5.449619721
 21
4.221415336
 31
0.0
  0
LINE
  5
4E9
330
4E4
100
AcDbEntity
  8
0
  6
Continuous
 62
     8
420
  8421504
370
     0
100
AcDbLine
 10
5.449619721
 20
4.221415336
 30
0.0
 11
5.449619721
 21
4.0890079314
 31
0.0
  0
LINE
  5
4EA
330
4E4
100
AcDbEntity
  8
0
  6
Continuous
 62
     8
420
  8421504
370
     0
100
AcDbLine
 10
5.449619721
 20
4.0890079314
 30
0.0
 11
5.4749669437
 21
4.0890079314
 31
0.0
  0
LINE
  5
4EB
330
4E4
100
AcDbEntity
  8
0
  6
Continuous
 62
     8
420
  8421504
370
     0
100
AcDbLine
 10
5.8987323916
 20
4.221415336
 30
0.0
 11
5.9240796142
 21
4.221415336
 31
0.0
  0
LINE
  5
4EC
330
4E4
100
AcDbEntity
  8
0
  6
Continuous
 62
     8
420
  8421504
370
     0
100
AcDbLine
 10
5.9240796142
 20
4.221415336
 30
0.0
 11
5.9240796142
 21
4.0890079314
 31
0.0
  0
LINE
  5
4ED
330
4E4
100
AcDbEntity
  8
0
  6
Continuous
 62
     8
420
  8421504
370
     0
100
AcDbLine
 10
5.9240796142
 20
4.0890079314
 30
0.0
 11
5.8987323916
 21
4.0890079314
 31
0.0
  0
LINE
  5
4EE
330
4E4
100
AcDbEntity
  8
0
  6
Continuous
 62
     8
420
  8421504
370
     0
100
AcDbLine
 10
4.8415184737
 20
4.5572930436
 30
0.0
 11
5.1430224984
 21
4.0350727541
 31
0.0
  0
LINE
  5
4EF
330
4E4
100
AcDbEntity
  8
0
  6
Continuous
 62
     8
420
  8421504
370
     0
100
AcDbLine
 10
5.1430224984
 20
4.0350727541
 30
0.0
 11
5.3930224984
 21
4.0350727541
 31
0.0
  0
MTEXT
  5
4F0
330
4E4
100
AcDbEntity
  8
0
  6
Continuous
 62
     8
420
  8421504
370
    18
100
AcDbMText
 10
5.4242724984
 20
4.3457357945
 30
0.0
 40
0.0833333333
 41
0.0
 46
0.0
 71
     1
 72
     1
  1
%%c
  7
SLDTEXTSTYLE0
 73
     1
 44
1.0
  0
MTEXT
  5
4F1
330
4E4
100
AcDbEntity
  8
0
  6
Continuous
 62
     8
420
  8421504
370
    18
100
AcDbMText
 10
5.5500595378
 20
4.3457357945
 30
0.0
 40
0.0833333333
 41
0.0
 46
0.0
 71
     1
 72
     1
  1
0.41in
  7
SLDTEXTSTYLE0
 73
     1
 44
1.0
  0
MTEXT
  5
4F2
330
4E4
100
AcDbEntity
  8
0
  6
Continuous
 62
     8
420
  8421504
370
    18
100
AcDbMText
 10
5.4749669437
 20
4.1964302385
 30
0.0
 40
0.0833333333
 41
0.0
 46
0.0
 71
     1
 72
     1
  1
10.4mm
  7
SLDTEXTSTYLE0
 73
     1
 44
1.0
  0
MTEXT
  5
4F3
330
4E4
100
AcDbEntity
  8
0
  6
Continuous
 62
     8
420
  8421504
370
    18
100
AcDbMText
 10
5.4242724984
 20
4.04712471
 30
0.0
 40
0.0833333333
 41
0.0
 46
0.0
 71
     1
 72
     1
  1
SINGLE LEG
  7
SLDTEXTSTYLE0
 73
     1
 44
1.0
  0
MTEXT
  5
4F4
330
4E4
100
AcDbEntity
  8
0
  6
Continuous
 62
     8
420
  8421504
370
    18
100
AcDbMText
 10
5.4242724984
 20
3.9147173054
 30
0.0
 40
0.0833333333
 41
0.0
 46
0.0
 71
     1
 72
     1
  1
CLEAR APERTURE
  7
SLDTEXTSTYLE0
 73
     1
 44
1.0
  0
ENDBLK
  5
4E6
330
4E4
100
AcDbEntity
  8
0
100
AcDbBlockEnd
  0
BLOCK
  5
4F8
330
4F7
100
AcDbEntity
  8
0
100
AcDbBlockBegin
  2
_D_1
 70
     0
 10
0.0
 20
0.0
 30
0.0
  3
_D_1
  1

  0
SOLID
  5
4FA
330
4F7
100
AcDbEntity
  8
0
  6
Continuous
 62
     8
420
  8421504
370
    18
100
AcDbTrace
 10
4.6188535189
 20
4.3001616295
 30
0.0
 11
4.6331814783
 21
4.1694148912
 31
0.0
 12
4.6718185113
 22
4.179767653
 32
0.0
 13
4.6718185113
 23
4.179767653
 33
0.0
  0
LINE
  5
4FB
330
4F7
100
AcDbEntity
  8
0
  6
Continuous
 62
     8
420
  8421504
370
     0
100
AcDbLine
 10
5.206719809
 20
3.4651871767
 30
0.0
 11
5.1813725864
 21
3.4651871767
 31
0.0
  0
LINE
  5
4FC
330
4F7
100
AcDbEntity
  8
0
  6
Continuous
 62
     8
420
  8421504
370
     0
100
AcDbLine
 10
5.1813725864
 20
3.4651871767
 30
0.0
 11
5.1813725864
 21
3.3327797721
 31
0.0
  0
LINE
  5
4FD
330
4F7
100
AcDbEntity
  8
0
  6
Continuous
 62
     8
420
  8421504
370
     0
100
AcDbLine
 10
5.1813725864
 20
3.3327797721
 30
0.0
 11
5.206719809
 21
3.3327797721
 31
0.0
  0
LINE
  5
4FE
330
4F7
100
AcDbEntity
  8
0
  6
Continuous
 62
     8
420
  8421504
370
     0
100
AcDbLine
 10
5.630485257
 20
3.4651871767
 30
0.0
 11
5.6558324796
 21
3.4651871767
 31
0.0
  0
LINE
  5
4FF
330
4F7
100
AcDbEntity
  8
0
  6
Continuous
 62
     8
420
  8421504
370
     0
100
AcDbLine
 10
5.6558324796
 20
3.4651871767
 30
0.0
 11
5.6558324796
 21
3.3327797721
 31
0.0
  0
LINE
  5
500
330
4F7
100
AcDbEntity
  8
0
  6
Continuous
 62
     8
420
  8421504
370
     0
100
AcDbLine
 10
5.6558324796
 20
3.3327797721
 30
0.0
 11
5.630485257
 21
3.3327797721
 31
0.0
  0
LINE
  5
501
330
4F7
100
AcDbEntity
  8
0
  6
Continuous
 62
     8
420
  8421504
370
     0
100
AcDbLine
 10
4.6188535189
 20
4.3001616295
 30
0.0
 11
4.8747753638
 21
3.3450483016
 31
0.0
  0
LINE
  5
502
330
4F7
100
AcDbEntity
  8
0
  6
Continuous
 62
     8
420
  8421504
370
     0
100
AcDbLine
 10
4.8747753638
 20
3.3450483016
 30
0.0
 11
5.1247753638
 21
3.3450483016
 31
0.0
  0
MTEXT
  5
503
330
4F7
100
AcDbEntity
  8
0
  6
Continuous
 62
     8
420
  8421504
370
    18
100
AcDbMText
 10
5.1560253638
 20
3.5895076352
 30
0.0
 40
0.0833333333
 41
0.0
 46
0.0
 71
     1
 72
     1
  1
%%c
  7
SLDTEXTSTYLE0
 73
     1
 44
1.0
  0
MTEXT
  5
504
330
4F7
100
AcDbEntity
  8
0
  6
Continuous
 62
     8
420
  8421504
370
    18
100
AcDbMText
 10
5.2818124032
 20
3.5895076352
 30
0.0
 40
0.0833333333
 41
0.0
 46
0.0
 71
     1
 72
     1
  1
0.90in
  7
SLDTEXTSTYLE0
 73
     1
 44
1.0
  0
MTEXT
  5
505
330
4F7
100
AcDbEntity
  8
0
  6
Continuous
 62
     8
420
  8421504
370
    18
100
AcDbMText
 10
5.206719809
 20
3.4402020791
 30
0.0
 40
0.0833333333
 41
0.0
 46
0.0
 71
     1
 72
     1
  1
22.9mm
  7
SLDTEXTSTYLE0
 73
     1
 44
1.0
  0
MTEXT
  5
506
330
4F7
100
AcDbEntity
  8
0
  6
Continuous
 62
     8
420
  8421504
370
    18
100
AcDbMText
 10
5.1560253638
 20
3.2908965506
 30
0.0
 40
0.0833333333
 41
0.0
 46
0.0
 71
     1
 72
     1
  1
CLEAR APERTURE
  7
SLDTEXTSTYLE0
 73
     1
 44
1.0
  0
ENDBLK
  5
4F9
330
4F7
100
AcDbEntity
  8
0
100
AcDbBlockEnd
  0
BLOCK
  5
50A
330
509
100
AcDbEntity
  8
0
100
AcDbBlockBegin
  2
_D_2
 70
     0
 10
0.0
 20
0.0
 30
0.0
  3
_D_2
  1

  0
SOLID
  5
50C
330
509
100
AcDbEntity
  8
0
  6
Continuous
 62
     8
420
  8421504
370
    18
100
AcDbTrace
 10
3.7389235959
 20
5.8193805924
 30
0.0
 11
3.8689231091
 21
5.7993774288
 31
0.0
 12
3.8689240825
 22
5.8393774288
 32
0.0
 13
3.8689240825
 23
5.8393774288
 33
0.0
  0
SOLID
  5
50D
330
509
100
AcDbEntity
  8
0
  6
Continuous
 62
     8
420
  8421504
370
    18
100
AcDbTrace
 10
5.2618076867
 20
5.8193435327
 30
0.0
 11
5.1318081734
 21
5.8393466963
 31
0.0
 12
5.1318072
 22
5.7993466963
 32
0.0
 13
5.1318072
 23
5.7993466963
 33
0.0
  0
LINE
  5
50E
330
509
100
AcDbEntity
  8
0
  6
Continuous
 62
     8
420
  8421504
370
     0
100
AcDbLine
 10
4.2612229783
 20
5.8193627168
 30
0.0
 11
4.2358757557
 21
5.8193627168
 31
0.0
  0
LINE
  5
50F
330
509
100
AcDbEntity
  8
0
  6
Continuous
 62
     8
420
  8421504
370
     0
100
AcDbLine
 10
4.2358757557
 20
5.8193627168
 30
0.0
 11
4.2358757557
 21
5.6869553122
 31
0.0
  0
LINE
  5
510
330
509
100
AcDbEntity
  8
0
  6
Continuous
 62
     8
420
  8421504
370
     0
100
AcDbLine
 10
4.2358757557
 20
5.6869553122
 30
0.0
 11
4.2612229783
 21
5.6869553122
 31
0.0
  0
LINE
  5
511
330
509
100
AcDbEntity
  8
0
  6
Continuous
 62
     8
420
  8421504
370
     0
100
AcDbLine
 10
4.6849884262
 20
5.8193627168
 30
0.0
 11
4.7103356488
 21
5.8193627168
 31
0.0
  0
LINE
  5
512
330
509
100
AcDbEntity
  8
0
  6
Continuous
 62
     8
420
  8421504
370
     0
100
AcDbLine
 10
4.7103356488
 20
5.8193627168
 30
0.0
 11
4.7103356488
 21
5.6869553122
 31
0.0
  0
LINE
  5
513
330
509
100
AcDbEntity
  8
0
  6
Continuous
 62
     8
420
  8421504
370
     0
100
AcDbLine
 10
4.7103356488
 20
5.6869553122
 30
0.0
 11
4.6849884262
 21
5.6869553122
 31
0.0
  0
LINE
  5
514
330
509
100
AcDbEntity
  8
0
  6
Continuous
 62
     8
420
  8421504
370
     0
100
AcDbLine
 10
3.7388984183
 20
4.7847636715
 30
0.0
 11
3.7389266378
 21
5.9443805924
 31
0.0
  0
LINE
  5
515
330
509
100
AcDbEntity
  8
0
  6
Continuous
 62
     8
420
  8421504
370
     0
100
AcDbLine
 10
5.261782678
 20
4.7916679391
 30
0.0
 11
5.2618107286
 21
5.9443435327
 31
0.0
  0
LINE
  5
516
330
509
100
AcDbEntity
  8
0
  6
Continuous
 62
     8
420
  8421504
370
     0
100
AcDbLine
 10
3.7389235959
 20
5.8193805924
 30
0.0
 11
4.1629230825
 21
5.8193702743
 31
0.0
  0
LINE
  5
517
330
509
100
AcDbEntity
  8
0
  6
Continuous
 62
     8
420
  8421504
370
     0
100
AcDbLine
 10
5.2618076867
 20
5.8193435327
 30
0.0
 11
4.783288322
 21
5.8193551776
 31
0.0
  0
MTEXT
  5
518
330
509
100
AcDbEntity
  8
0
  6
Continuous
 62
     8
420
  8421504
370
    18
100
AcDbMText
 10
4.211068657
 20
5.9436831753
 30
0.0
 40
0.0833333333
 41
0.0
 46
0.0
 71
     1
 72
     1
  1

  7
SLDTEXTSTYLE0
 73
     1
 44
1.0
  0
MTEXT
  5
519
330
509
100
AcDbEntity
  8
0
  6
Continuous
 62
     8
420
  8421504
370
    18
100
AcDbMText
 10
4.3204050721
 20
5.9436831753
 30
0.0
 40
0.0833333333
 41
0.0
 46
0.0
 71
     1
 72
     1
  1
1.52in
  7
SLDTEXTSTYLE0
 73
     1
 44
1.0
  0
MTEXT
  5
51A
330
509
100
AcDbEntity
  8
0
  6
Continuous
 62
     8
420
  8421504
370
    18
100
AcDbMText
 10
4.2612229783
 20
5.7943776192
 30
0.0
 40
0.0833333333
 41
0.0
 46
0.0
 71
     1
 72
     1
  1
38.7mm
  7
SLDTEXTSTYLE0
 73
     1
 44
1.0
  0
MTEXT
  5
51B
330
509
100
AcDbEntity
  8
0
  6
Continuous
 62
     8
420
  8421504
370
    18
100
AcDbMText
 10
4.7669328623
 20
5.9436831753
 30
0.0
 40
0.0833333333
 41
0.0
 46
0.0
 71
     1
 72
     1
  1

  7
SLDTEXTSTYLE0
 73
     1
 44
1.0
  0
ENDBLK
  5
50B
330
509
100
AcDbEntity
  8
0
100
AcDbBlockEnd
  0
BLOCK
  5
63B
330
63A
100
AcDbEntity
  8
0
100
AcDbBlockBegin
  2
_D_3
 70
     0
 10
0.0
 20
0.0
 30
0.0
  3
_D_3
  1

  0
SOLID
  5
63D
330
63A
100
AcDbEntity
  8
0
  6
Continuous
 62
     8
420
  8421504
370
    18
100
AcDbTrace
 10
1.0743235152
 20
4.3348282513
 30
0.0
 11
1.0943235152
 21
4.4648282513
 31
0.0
 12
1.0543235152
 22
4.4648282513
 32
0.0
 13
1.0543235152
 23
4.4648282513
 33
0.0
  0
SOLID
  5
63E
330
63A
100
AcDbEntity
  8
0
  6
Continuous
 62
     8
420
  8421504
370
    18
100
AcDbTrace
 10
1.0743235152
 20
5.1348282513
 30
0.0
 11
1.0543235152
 21
5.0048282513
 31
0.0
 12
1.0943235152
 22
5.0048282513
 32
0.0
 13
1.0943235152
 23
5.0048282513
 33
0.0
  0
LINE
  5
63F
330
63A
100
AcDbEntity
  8
0
  6
Continuous
 62
     8
420
  8421504
370
     0
100
AcDbLine
 10
0.8624408004
 20
4.7352288765
 30
0.0
 11
0.8370935778
 21
4.7352288765
 31
0.0
  0
LINE
  5
640
330
63A
100
AcDbEntity
  8
0
  6
Continuous
 62
     8
420
  8421504
370
     0
100
AcDbLine
 10
0.8370935778
 20
4.7352288765
 30
0.0
 11
0.8370935778
 21
4.602821472
 31
0.0
  0
LINE
  5
641
330
63A
100
AcDbEntity
  8
0
  6
Continuous
 62
     8
420
  8421504
370
     0
100
AcDbLine
 10
0.8370935778
 20
4.602821472
 30
0.0
 11
0.8624408004
 21
4.602821472
 31
0.0
  0
LINE
  5
642
330
63A
100
AcDbEntity
  8
0
  6
Continuous
 62
     8
420
  8421504
370
     0
100
AcDbLine
 10
1.2862062483
 20
4.7352288765
 30
0.0
 11
1.3115534709
 21
4.7352288765
 31
0.0
  0
LINE
  5
643
330
63A
100
AcDbEntity
  8
0
  6
Continuous
 62
     8
420
  8421504
370
     0
100
AcDbLine
 10
1.3115534709
 20
4.7352288765
 30
0.0
 11
1.3115534709
 21
4.602821472
 31
0.0
  0
LINE
  5
644
330
63A
100
AcDbEntity
  8
0
  6
Continuous
 62
     8
420
  8421504
370
     0
100
AcDbLine
 10
1.3115534709
 20
4.602821472
 30
0.0
 11
1.2862062483
 21
4.602821472
 31
0.0
  0
LINE
  5
645
330
63A
100
AcDbEntity
  8
0
  6
Continuous
 62
     8
420
  8421504
370
     0
100
AcDbLine
 10
1.5280243026
 20
4.3348282513
 30
0.0
 11
0.9493235152
 21
4.3348282513
 31
0.0
  0
LINE
  5
646
330
63A
100
AcDbEntity
  8
0
  6
Continuous
 62
     8
420
  8421504
370
     0
100
AcDbLine
 10
1.5280243026
 20
5.1348282513
 30
0.0
 11
0.9493235152
 21
5.1348282513
 31
0.0
  0
LINE
  5
647
330
63A
100
AcDbEntity
  8
0
  6
Continuous
 62
     8
420
  8421504
370
     0
100
AcDbLine
 10
1.0743235152
 20
4.3348282513
 30
0.0
 11
1.0743235152
 21
4.585923348
 31
0.0
  0
LINE
  5
648
330
63A
100
AcDbEntity
  8
0
  6
Continuous
 62
     8
420
  8421504
370
     0
100
AcDbLine
 10
1.0743235152
 20
5.1348282513
 30
0.0
 11
1.0743235152
 21
4.8845344417
 31
0.0
  0
MTEXT
  5
649
330
63A
100
AcDbEntity
  8
0
  6
Continuous
 62
     8
420
  8421504
370
    18
100
AcDbMText
 10
0.8587293791
 20
4.8595493351
 30
0.0
 40
0.0833333333
 41
0.0
 46
0.0
 71
     1
 72
     1
  1
%%c
  7
SLDTEXTSTYLE0
 73
     1
 44
1.0
  0
MTEXT
  5
64A
330
63A
100
AcDbEntity
  8
0
  6
Continuous
 62
     8
420
  8421504
370
    18
100
AcDbMText
 10
0.9845164185
 20
4.8595493351
 30
0.0
 40
0.0833333333
 41
0.0
 46
0.0
 71
     1
 72
     1
  1
0.80in
  7
SLDTEXTSTYLE0
 73
     1
 44
1.0
  0
MTEXT
  5
64B
330
63A
100
AcDbEntity
  8
0
  6
Continuous
 62
     8
420
  8421504
370
    18
100
AcDbMText
 10
0.8624408004
 20
4.710243779
 30
0.0
 40
0.0833333333
 41
0.0
 46
0.0
 71
     1
 72
     1
  1
20.3mm
  7
SLDTEXTSTYLE0
 73
     1
 44
1.0
  0
ENDBLK
  5
63C
330
63A
100
AcDbEntity
  8
0
100
AcDbBlockEnd
  0
BLOCK
  5
64E
330
64D
100
AcDbEntity
  8
0
100
AcDbBlockBegin
  2
_D_4
 70
     0
 10
0.0
 20
0.0
 30
0.0
  3
_D_4
  1

  0
SOLID
  5
650
330
64D
100
AcDbEntity
  8
0
  6
Continuous
 62
     8
420
  8421504
370
    18
100
AcDbTrace
 10
1.4680243026
 20
6.6432698666
 30
0.0
 11
1.5980243026
 21
6.6232698666
 31
0.0
 12
1.5980243026
 22
6.6632698666
 32
0.0
 13
1.5980243026
 23
6.6632698666
 33
0.0
  0
SOLID
  5
651
330
64D
100
AcDbEntity
  8
0
  6
Continuous
 62
     8
420
  8421504
370
    18
100
AcDbTrace
 10
2.87884501
 20
6.6432698666
 30
0.0
 11
2.74884501
 21
6.6632698666
 31
0.0
 12
2.74884501
 22
6.6232698666
 32
0.0
 13
2.74884501
 23
6.6232698666
 33
0.0
  0
LINE
  5
652
330
64D
100
AcDbEntity
  8
0
  6
Continuous
 62
     8
420
  8421504
370
     0
100
AcDbLine
 10
1.9635304221
 20
6.6432698574
 30
0.0
 11
1.9381831995
 21
6.6432698574
 31
0.0
  0
LINE
  5
653
330
64D
100
AcDbEntity
  8
0
  6
Continuous
 62
     8
420
  8421504
370
     0
100
AcDbLine
 10
1.9381831995
 20
6.6432698574
 30
0.0
 11
1.9381831995
 21
6.5108624528
 31
0.0
  0
LINE
  5
654
330
64D
100
AcDbEntity
  8
0
  6
Continuous
 62
     8
420
  8421504
370
     0
100
AcDbLine
 10
1.9381831995
 20
6.5108624528
 30
0.0
 11
1.9635304221
 21
6.5108624528
 31
0.0
  0
LINE
  5
655
330
64D
100
AcDbEntity
  8
0
  6
Continuous
 62
     8
420
  8421504
370
     0
100
AcDbLine
 10
2.3872958701
 20
6.6432698574
 30
0.0
 11
2.4126430927
 21
6.6432698574
 31
0.0
  0
LINE
  5
656
330
64D
100
AcDbEntity
  8
0
  6
Continuous
 62
     8
420
  8421504
370
     0
100
AcDbLine
 10
2.4126430927
 20
6.6432698574
 30
0.0
 11
2.4126430927
 21
6.5108624528
 31
0.0
  0
LINE
  5
657
330
64D
100
AcDbEntity
  8
0
  6
Continuous
 62
     8
420
  8421504
370
     0
100
AcDbLine
 10
2.4126430927
 20
6.5108624528
 30
0.0
 11
2.3872958701
 21
6.5108624528
 31
0.0
  0
LINE
  5
658
330
64D
100
AcDbEntity
  8
0
  6
Continuous
 62
     8
420
  8421504
370
     0
100
AcDbLine
 10
1.4680243026
 20
5.0423282513
 30
0.0
 11
1.4680243026
 21
5.1048282513
 31
0.0
  0
LINE
  5
659
330
64D
100
AcDbEntity
  8
0
  6
Continuous
 62
     8
420
  8421504
370
     0
100
AcDbLine
 10
1.4680243026
 20
5.1648282513
 30
0.0
 11
1.4680243026
 21
6.7682698666
 31
0.0
  0
LINE
  5
65A
330
64D
100
AcDbEntity
  8
0
  6
Continuous
 62
     8
420
  8421504
370
     0
100
AcDbLine
 10
2.87884501
 20
5.2927883543
 30
0.0
 11
2.87884501
 21
6.7682698666
 31
0.0
  0
LINE
  5
65B
330
64D
100
AcDbEntity
  8
0
  6
Continuous
 62
     8
420
  8421504
370
     0
100
AcDbLine
 10
1.4680243026
 20
6.6432698666
 30
0.0
 11
1.8652305264
 21
6.6432698666
 31
0.0
  0
LINE
  5
65C
330
64D
100
AcDbEntity
  8
0
  6
Continuous
 62
     8
420
  8421504
370
     0
100
AcDbLine
 10
2.87884501
 20
6.6432698666
 30
0.0
 11
2.4855957658
 21
6.6432698666
 31
0.0
  0
MTEXT
  5
65D
330
64D
100
AcDbEntity
  8
0
  6
Continuous
 62
     8
420
  8421504
370
    18
100
AcDbMText
 10
1.9133761008
 20
6.7675903159
 30
0.0
 40
0.0833333333
 41
0.0
 46
0.0
 71
     1
 72
     1
  1

  7
SLDTEXTSTYLE0
 73
     1
 44
1.0
  0
MTEXT
  5
65E
330
64D
100
AcDbEntity
  8
0
  6
Continuous
 62
     8
420
  8421504
370
    18
100
AcDbMText
 10
2.0227125159
 20
6.7675903159
 30
0.0
 40
0.0833333333
 41
0.0
 46
0.0
 71
     1
 72
     1
  1
1.41in
  7
SLDTEXTSTYLE0
 73
     1
 44
1.0
  0
MTEXT
  5
65F
330
64D
100
AcDbEntity
  8
0
  6
Continuous
 62
     8
420
  8421504
370
    18
100
AcDbMText
 10
1.9635304221
 20
6.6182847599
 30
0.0
 40
0.0833333333
 41
0.0
 46
0.0
 71
     1
 72
     1
  1
35.8mm
  7
SLDTEXTSTYLE0
 73
     1
 44
1.0
  0
MTEXT
  5
660
330
64D
100
AcDbEntity
  8
0
  6
Continuous
 62
     8
420
  8421504
370
    18
100
AcDbMText
 10
2.4692403061
 20
6.7675903159
 30
0.0
 40
0.0833333333
 41
0.0
 46
0.0
 71
     1
 72
     1
  1

  7
SLDTEXTSTYLE0
 73
     1
 44
1.0
  0
ENDBLK
  5
64F
330
64D
100
AcDbEntity
  8
0
100
AcDbBlockEnd
  0
BLOCK
  5
664
330
663
100
AcDbEntity
  8
0
100
AcDbBlockBegin
  2
_D_5
 70
     0
 10
0.0
 20
0.0
 30
0.0
  3
_D_5
  1

  0
SOLID
  5
666
330
663
100
AcDbEntity
  8
0
  6
Continuous
 62
     8
420
  8421504
370
    18
100
AcDbTrace
 10
2.87884501
 20
6.2502571921
 30
0.0
 11
2.74884501
 21
6.2702571921
 31
0.0
 12
2.74884501
 22
6.2302571921
 32
0.0
 13
2.74884501
 23
6.2302571921
 33
0.0
  0
SOLID
  5
667
330
663
100
AcDbEntity
  8
0
  6
Continuous
 62
     8
420
  8421504
370
    18
100
AcDbTrace
 10
1.5780243026
 20
6.2502571921
 30
0.0
 11
1.7080243026
 21
6.2302571921
 31
0.0
 12
1.7080243026
 22
6.2702571921
 32
0.0
 13
1.7080243026
 23
6.2702571921
 33
0.0
  0
LINE
  5
668
330
663
100
AcDbEntity
  8
0
  6
Continuous
 62
     8
420
  8421504
370
     0
100
AcDbLine
 10
1.9635304221
 20
6.2502571829
 30
0.0
 11
1.9381831995
 21
6.2502571829
 31
0.0
  0
LINE
  5
669
330
663
100
AcDbEntity
  8
0
  6
Continuous
 62
     8
420
  8421504
370
     0
100
AcDbLine
 10
1.9381831995
 20
6.2502571829
 30
0.0
 11
1.9381831995
 21
6.1178497783
 31
0.0
  0
LINE
  5
66A
330
663
100
AcDbEntity
  8
0
  6
Continuous
 62
     8
420
  8421504
370
     0
100
AcDbLine
 10
1.9381831995
 20
6.1178497783
 30
0.0
 11
1.9635304221
 21
6.1178497783
 31
0.0
  0
LINE
  5
66B
330
663
100
AcDbEntity
  8
0
  6
Continuous
 62
     8
420
  8421504
370
     0
100
AcDbLine
 10
2.3872958701
 20
6.2502571829
 30
0.0
 11
2.4126430927
 21
6.2502571829
 31
0.0
  0
LINE
  5
66C
330
663
100
AcDbEntity
  8
0
  6
Continuous
 62
     8
420
  8421504
370
     0
100
AcDbLine
 10
2.4126430927
 20
6.2502571829
 30
0.0
 11
2.4126430927
 21
6.1178497783
 31
0.0
  0
LINE
  5
66D
330
663
100
AcDbEntity
  8
0
  6
Continuous
 62
     8
420
  8421504
370
     0
100
AcDbLine
 10
2.4126430927
 20
6.1178497783
 30
0.0
 11
2.3872958701
 21
6.1178497783
 31
0.0
  0
LINE
  5
66E
330
663
100
AcDbEntity
  8
0
  6
Continuous
 62
     8
420
  8421504
370
     0
100
AcDbLine
 10
2.87884501
 20
5.2927883543
 30
0.0
 11
2.87884501
 21
6.3752571921
 31
0.0
  0
LINE
  5
66F
330
663
100
AcDbEntity
  8
0
  6
Continuous
 62
     8
420
  8421504
370
     0
100
AcDbLine
 10
1.5780243026
 20
5.1848282513
 30
0.0
 11
1.5780243026
 21
6.3752571921
 31
0.0
  0
LINE
  5
670
330
663
100
AcDbEntity
  8
0
  6
Continuous
 62
     8
420
  8421504
370
     0
100
AcDbLine
 10
2.87884501
 20
6.2502571921
 30
0.0
 11
2.4855957658
 21
6.2502571921
 31
0.0
  0
LINE
  5
671
330
663
100
AcDbEntity
  8
0
  6
Continuous
 62
     8
420
  8421504
370
     0
100
AcDbLine
 10
1.5780243026
 20
6.2502571921
 30
0.0
 11
1.8652305264
 21
6.2502571921
 31
0.0
  0
MTEXT
  5
672
330
663
100
AcDbEntity
  8
0
  6
Continuous
 62
     8
420
  8421504
370
    18
100
AcDbMText
 10
1.9133761008
 20
6.3745776414
 30
0.0
 40
0.0833333333
 41
0.0
 46
0.0
 71
     1
 72
     1
  1

  7
SLDTEXTSTYLE0
 73
     1
 44
1.0
  0
MTEXT
  5
673
330
663
100
AcDbEntity
  8
0
  6
Continuous
 62
     8
420
  8421504
370
    18
100
AcDbMText
 10
2.0227125159
 20
6.3745776414
 30
0.0
 40
0.0833333333
 41
0.0
 46
0.0
 71
     1
 72
     1
  1
1.30in
  7
SLDTEXTSTYLE0
 73
     1
 44
1.0
  0
MTEXT
  5
674
330
663
100
AcDbEntity
  8
0
  6
Continuous
 62
     8
420
  8421504
370
    18
100
AcDbMText
 10
1.9635304221
 20
6.2252720854
 30
0.0
 40
0.0833333333
 41
0.0
 46
0.0
 71
     1
 72
     1
  1
33.0mm
  7
SLDTEXTSTYLE0
 73
     1
 44
1.0
  0
MTEXT
  5
675
330
663
100
AcDbEntity
  8
0
  6
Continuous
 62
     8
420
  8421504
370
    18
100
AcDbMText
 10
2.4692403061
 20
6.3745776414
 30
0.0
 40
0.0833333333
 41
0.0
 46
0.0
 71
     1
 72
     1
  1

  7
SLDTEXTSTYLE0
 73
     1
 44
1.0
  0
ENDBLK
  5
665
330
663
100
AcDbEntity
  8
0
100
AcDbBlockEnd
  0
BLOCK
  5
679
330
678
100
AcDbEntity
  8
0
100
AcDbBlockBegin
  2
_D_6
 70
     0
 10
0.0
 20
0.0
 30
0.0
  3
_D_6
  1

  0
SOLID
  5
67B
330
678
100
AcDbEntity
  8
0
  6
Continuous
 62
     8
420
  8421504
370
    18
100
AcDbTrace
 10
1.8680243026
 20
5.8192400229
 30
0.0
 11
1.9980243026
 21
5.7992400229
 31
0.0
 12
1.9980243026
 22
5.8392400229
 32
0.0
 13
1.9980243026
 23
5.8392400229
 33
0.0
  0
SOLID
  5
67C
330
678
100
AcDbEntity
  8
0
  6
Continuous
 62
     8
420
  8421504
370
    18
100
AcDbTrace
 10
2.87884501
 20
5.8192400229
 30
0.0
 11
2.74884501
 21
5.8392400229
 31
0.0
 12
2.74884501
 22
5.7992400229
 32
0.0
 13
2.74884501
 23
5.7992400229
 33
0.0
  0
LINE
  5
67D
330
678
100
AcDbEntity
  8
0
  6
Continuous
 62
     8
420
  8421504
370
     0
100
AcDbLine
 10
2.1667037416
 20
5.8192400137
 30
0.0
 11
2.141356519
 21
5.8192400137
 31
0.0
  0
LINE
  5
67E
330
678
100
AcDbEntity
  8
0
  6
Continuous
 62
     8
420
  8421504
370
     0
100
AcDbLine
 10
2.141356519
 20
5.8192400137
 30
0.0
 11
2.141356519
 21
5.6868326091
 31
0.0
  0
LINE
  5
67F
330
678
100
AcDbEntity
  8
0
  6
Continuous
 62
     8
420
  8421504
370
     0
100
AcDbLine
 10
2.141356519
 20
5.6868326091
 30
0.0
 11
2.1667037416
 21
5.6868326091
 31
0.0
  0
LINE
  5
680
330
678
100
AcDbEntity
  8
0
  6
Continuous
 62
     8
420
  8421504
370
     0
100
AcDbLine
 10
2.5904691895
 20
5.8192400137
 30
0.0
 11
2.6158164121
 21
5.8192400137
 31
0.0
  0
LINE
  5
681
330
678
100
AcDbEntity
  8
0
  6
Continuous
 62
     8
420
  8421504
370
     0
100
AcDbLine
 10
2.6158164121
 20
5.8192400137
 30
0.0
 11
2.6158164121
 21
5.6868326091
 31
0.0
  0
LINE
  5
682
330
678
100
AcDbEntity
  8
0
  6
Continuous
 62
     8
420
  8421504
370
     0
100
AcDbLine
 10
2.6158164121
 20
5.6868326091
 30
0.0
 11
2.5904691895
 21
5.6868326091
 31
0.0
  0
LINE
  5
683
330
678
100
AcDbEntity
  8
0
  6
Continuous
 62
     8
420
  8421504
370
     0
100
AcDbLine
 10
1.8680243026
 20
5.1848282513
 30
0.0
 11
1.8680243026
 21
5.9442400229
 31
0.0
  0
LINE
  5
684
330
678
100
AcDbEntity
  8
0
  6
Continuous
 62
     8
420
  8421504
370
     0
100
AcDbLine
 10
2.87884501
 20
5.2927883543
 30
0.0
 11
2.87884501
 21
5.9442400229
 31
0.0
  0
LINE
  5
685
330
678
100
AcDbEntity
  8
0
  6
Continuous
 62
     8
420
  8421504
370
     0
100
AcDbLine
 10
1.8680243026
 20
5.8192400229
 30
0.0
 11
2.0684038458
 21
5.8192400229
 31
0.0
  0
LINE
  5
686
330
678
100
AcDbEntity
  8
0
  6
Continuous
 62
     8
420
  8421504
370
     0
100
AcDbLine
 10
2.87884501
 20
5.8192400229
 30
0.0
 11
2.6887690853
 21
5.8192400229
 31
0.0
  0
MTEXT
  5
687
330
678
100
AcDbEntity
  8
0
  6
Continuous
 62
     8
420
  8421504
370
    18
100
AcDbMText
 10
2.1165494203
 20
5.9435604722
 30
0.0
 40
0.0833333333
 41
0.0
 46
0.0
 71
     1
 72
     1
  1

  7
SLDTEXTSTYLE0
 73
     1
 44
1.0
  0
MTEXT
  5
688
330
678
100
AcDbEntity
  8
0
  6
Continuous
 62
     8
420
  8421504
370
    18
100
AcDbMText
 10
2.2258858354
 20
5.9435604722
 30
0.0
 40
0.0833333333
 41
0.0
 46
0.0
 71
     1
 72
     1
  1
1.01in
  7
SLDTEXTSTYLE0
 73
     1
 44
1.0
  0
MTEXT
  5
689
330
678
100
AcDbEntity
  8
0
  6
Continuous
 62
     8
420
  8421504
370
    18
100
AcDbMText
 10
2.1667037416
 20
5.7942549162
 30
0.0
 40
0.0833333333
 41
0.0
 46
0.0
 71
     1
 72
     1
  1
25.7mm
  7
SLDTEXTSTYLE0
 73
     1
 44
1.0
  0
MTEXT
  5
68A
330
678
100
AcDbEntity
  8
0
  6
Continuous
 62
     8
420
  8421504
370
    18
100
AcDbMText
 10
2.6724136256
 20
5.9435604722
 30
0.0
 40
0.0833333333
 41
0.0
 46
0.0
 71
     1
 72
     1
  1

  7
SLDTEXTSTYLE0
 73
     1
 44
1.0
  0
ENDBLK
  5
67A
330
678
100
AcDbEntity
  8
0
100
AcDbBlockEnd
  0
BLOCK
  5
7F0
330
7EF
100
AcDbEntity
  8
0
100
AcDbBlockBegin
  2
_D_7
 70
     0
 10
0.0
 20
0.0
 30
0.0
  3
_D_7
  1

  0
SOLID
  5
7F2
330
7EF
100
AcDbEntity
  8
0
  6
Continuous
 62
     8
420
  8421504
370
    18
100
AcDbTrace
 10
8.4392118174
 20
2.30810763
 30
0.0
 11
8.4592118174
 21
2.43810763
 31
0.0
 12
8.4192118174
 22
2.43810763
 32
0.0
 13
8.4192118174
 23
2.43810763
 33
0.0
  0
SOLID
  5
7F3
330
7EF
100
AcDbEntity
  8
0
  6
Continuous
 62
     8
420
  8421504
370
    18
100
AcDbTrace
 10
8.4392118174
 20
3.10810763
 30
0.0
 11
8.4192118174
 21
2.97810763
 31
0.0
 12
8.4592118174
 22
2.97810763
 32
0.0
 13
8.4592118174
 23
2.97810763
 33
0.0
  0
LINE
  5
7F4
330
7EF
100
AcDbEntity
  8
0
  6
Continuous
 62
     8
420
  8421504
370
     0
100
AcDbLine
 10
8.2273291026
 20
2.777412152
 30
0.0
 11
8.20198188
 21
2.777412152
 31
0.0
  0
LINE
  5
7F5
330
7EF
100
AcDbEntity
  8
0
  6
Continuous
 62
     8
420
  8421504
370
     0
100
AcDbLine
 10
8.20198188
 20
2.777412152
 30
0.0
 11
8.20198188
 21
2.6450047474
 31
0.0
  0
LINE
  5
7F6
330
7EF
100
AcDbEntity
  8
0
  6
Continuous
 62
     8
420
  8421504
370
     0
100
AcDbLine
 10
8.20198188
 20
2.6450047474
 30
0.0
 11
8.2273291026
 21
2.6450047474
 31
0.0
  0
LINE
  5
7F7
330
7EF
100
AcDbEntity
  8
0
  6
Continuous
 62
     8
420
  8421504
370
     0
100
AcDbLine
 10
8.6510945506
 20
2.777412152
 30
0.0
 11
8.6764417732
 21
2.777412152
 31
0.0
  0
LINE
  5
7F8
330
7EF
100
AcDbEntity
  8
0
  6
Continuous
 62
     8
420
  8421504
370
     0
100
AcDbLine
 10
8.6764417732
 20
2.777412152
 30
0.0
 11
8.6764417732
 21
2.6450047474
 31
0.0
  0
LINE
  5
7F9
330
7EF
100
AcDbEntity
  8
0
  6
Continuous
 62
     8
420
  8421504
370
     0
100
AcDbLine
 10
8.6764417732
 20
2.6450047474
 30
0.0
 11
8.6510945506
 21
2.6450047474
 31
0.0
  0
LINE
  5
7FA
330
7EF
100
AcDbEntity
  8
0
  6
Continuous
 62
     8
420
  8421504
370
     0
100
AcDbLine
 10
7.98551103
 20
2.30810763
 30
0.0
 11
8.5642118174
 21
2.30810763
 31
0.0
  0
LINE
  5
7FB
330
7EF
100
AcDbEntity
  8
0
  6
Continuous
 62
     8
420
  8421504
370
     0
100
AcDbLine
 10
7.98551103
 20
3.10810763
 30
0.0
 11
8.5642118174
 21
3.10810763
 31
0.0
  0
LINE
  5
7FC
330
7EF
100
AcDbEntity
  8
0
  6
Continuous
 62
     8
420
  8421504
370
     0
100
AcDbLine
 10
8.4392118174
 20
2.30810763
 30
0.0
 11
8.4392118174
 21
2.4956992097
 31
0.0
  0
LINE
  5
7FD
330
7EF
100
AcDbEntity
  8
0
  6
Continuous
 62
     8
420
  8421504
370
     0
100
AcDbLine
 10
8.4392118174
 20
3.10810763
 30
0.0
 11
8.4392118174
 21
2.9267177172
 31
0.0
  0
MTEXT
  5
7FE
330
7EF
100
AcDbEntity
  8
0
  6
Continuous
 62
     8
420
  8421504
370
    18
100
AcDbMText
 10
8.2236176813
 20
2.9017326105
 30
0.0
 40
0.0833333333
 41
0.0
 46
0.0
 71
     1
 72
     1
  1
%%c
  7
SLDTEXTSTYLE0
 73
     1
 44
1.0
  0
MTEXT
  5
7FF
330
7EF
100
AcDbEntity
  8
0
  6
Continuous
 62
     8
420
  8421504
370
    18
100
AcDbMText
 10
8.3494047207
 20
2.9017326105
 30
0.0
 40
0.0833333333
 41
0.0
 46
0.0
 71
     1
 72
     1
  1
0.80in
  7
SLDTEXTSTYLE0
 73
     1
 44
1.0
  0
MTEXT
  5
800
330
7EF
100
AcDbEntity
  8
0
  6
Continuous
 62
     8
420
  8421504
370
    18
100
AcDbMText
 10
8.2273291026
 20
2.7524270544
 30
0.0
 40
0.0833333333
 41
0.0
 46
0.0
 71
     1
 72
     1
  1
20.3mm
  7
SLDTEXTSTYLE0
 73
     1
 44
1.0
  0
MTEXT
  5
801
330
7EF
100
AcDbEntity
  8
0
  6
Continuous
 62
     8
420
  8421504
370
    18
100
AcDbMText
 10
8.3487797171
 20
2.6031215259
 30
0.0
 40
0.0833333333
 41
0.0
 46
0.0
 71
     1
 72
     1
  1
REF
  7
SLDTEXTSTYLE0
 73
     1
 44
1.0
  0
ENDBLK
  5
7F1
330
7EF
100
AcDbEntity
  8
0
100
AcDbBlockEnd
  0
ENDSEC
  0
SECTION
  2
ENTITIES
  0
LINE
  5
106
330
1F
100
AcDbEntity
  8
0
  6
Continuous
 62
     7
370
    18
100
AcDbLine
 10
0.0621791378
 20
8.4506055117
 30
0.0
 11
10.9444569626
 21
8.4506055117
 31
0.0
  0
LINE
  5
107
330
1F
100
AcDbEntity
  8
0
  6
Continuous
 62
     7
370
    18
100
AcDbLine
 10
0.0621791378
 20
8.4506055117
 30
0.0
 11
0.0621791378
 21
0.035557648
 31
0.0
  0
LINE
  5
108
330
1F
100
AcDbEntity
  8
0
  6
Continuous
 62
     7
370
    18
100
AcDbLine
 10
10.9444569626
 20
0.035557648
 30
0.0
 11
0.0621791378
 21
0.035557648
 31
0.0
  0
LINE
  5
109
330
1F
100
AcDbEntity
  8
0
  6
Continuous
 62
     7
370
    18
100
AcDbLine
 10
10.9444569626
 20
0.035557648
 30
0.0
 11
10.9444569626
 21
8.4506055117
 31
0.0
  0
LINE
  5
10A
330
1F
100
AcDbEntity
  8
0
  6
Continuous
 62
     7
370
    18
100
AcDbLine
 10
8.4938096065
 20
0.4840901186
 30
0.0
 11
6.7571952625
 21
0.4840901186
 31
0.0
  0
LINE
  5
10B
330
1F
100
AcDbEntity
  8
0
  6
Continuous
 62
     7
370
    18
100
AcDbLine
 10
6.7571952625
 20
0.4840901186
 30
0.0
 11
6.7571952625
 21
1.030163002
 31
0.0
  0
LINE
  5
10C
330
1F
100
AcDbEntity
  8
0
  6
Continuous
 62
     7
370
    18
100
AcDbLine
 10
6.7571952625
 20
0.035557648
 30
0.0
 11
6.7571952625
 21
1.030163002
 31
0.0
  0
LINE
  5
10D
330
1F
100
AcDbEntity
  8
0
  6
Continuous
 62
     7
370
    18
100
AcDbLine
 10
8.4938096065
 20
0.6756085809
 30
0.0
 11
10.9444569626
 21
0.6756085809
 31
0.0
  0
LINE
  5
10E
330
1F
100
AcDbEntity
  8
0
  6
Continuous
 62
     7
370
    18
100
AcDbLine
 10
8.4938096065
 20
1.3873799542
 30
0.0
 11
8.4938096065
 21
0.035557648
 31
0.0
  0
LINE
  5
10F
330
1F
100
AcDbEntity
  8
0
  6
Continuous
 62
     7
370
    18
100
AcDbLine
 10
8.4938096065
 20
1.030163002
 30
0.0
 11
6.7571952625
 21
1.030163002
 31
0.0
  0
LINE
  5
110
330
1F
100
AcDbEntity
  8
0
  6
Continuous
 62
     7
370
    18
100
AcDbLine
 10
8.4938096065
 20
0.3598787426
 30
0.0
 11
10.9444569626
 21
0.3598787426
 31
0.0
  0
LINE
  5
111
330
1F
100
AcDbEntity
  8
0
  6
Continuous
 62
     7
370
    18
100
AcDbLine
 10
8.4938096065
 20
0.6662079686
 30
0.0
 11
6.7571952625
 21
0.6662079686
 31
0.0
  0
LINE
  5
112
330
1F
100
AcDbEntity
  8
0
  6
Continuous
 62
     7
370
    18
100
AcDbLine
 10
8.4938096065
 20
0.8459606517
 30
0.0
 11
6.7571952625
 21
0.8459606517
 31
0.0
  0
LINE
  5
113
330
1F
100
AcDbEntity
  8
0
  6
Continuous
 62
     7
370
    18
100
AcDbLine
 10
7.3281027587
 20
1.030163002
 30
0.0
 11
7.3281027587
 21
0.4840901186
 31
0.0
  0
LINE
  5
114
330
1F
100
AcDbEntity
  8
0
  6
Continuous
 62
     7
370
    18
100
AcDbLine
 10
7.8037240401
 20
1.030163002
 30
0.0
 11
7.8037240401
 21
0.4840901186
 31
0.0
  0
LINE
  5
115
330
1F
100
AcDbEntity
  8
0
  6
Continuous
 62
     7
370
    18
100
AcDbLine
 10
9.990119718
 20
0.3598787426
 30
0.0
 11
9.990119718
 21
0.035557648
 31
0.0
  0
LINE
  5
116
330
1F
100
AcDbEntity
  8
0
  6
Continuous
 62
     7
370
    18
100
AcDbLine
 10
6.7571952625
 20
0.4840901186
 30
0.0
 11
6.7571952625
 21
0.297745443
 31
0.0
  0
LINE
  5
117
330
1F
100
AcDbEntity
  8
0
  6
Continuous
 62
     7
370
    18
100
AcDbLine
 10
6.7571952625
 20
0.297745443
 30
0.0
 11
8.4938096065
 21
0.297745443
 31
0.0
  0
LINE
  5
118
330
1F
100
AcDbEntity
  8
0
  6
Continuous
 62
     7
370
    18
100
AcDbLine
 10
6.7571952625
 20
0.297745443
 30
0.0
 11
6.7571952625
 21
1.3873799542
 31
0.0
  0
LINE
  5
119
330
1F
100
AcDbEntity
  8
0
  6
Continuous
 62
     7
370
    18
100
AcDbLine
 10
6.7571952625
 20
1.3873799542
 30
0.0
 11
8.4938096065
 21
1.3873799542
 31
0.0
  0
LINE
  5
11A
330
1F
100
AcDbEntity
  8
0
  6
Continuous
 62
     7
370
    18
100
AcDbLine
 10
10.6365495992
 20
0.6756085809
 30
0.0
 11
10.6365495992
 21
0.3598787426
 31
0.0
  0
LINE
  5
11B
330
1F
100
AcDbEntity
  8
0
  6
Continuous
 62
     7
370
    18
100
AcDbLine
 10
8.4938096065
 20
1.3873799542
 30
0.0
 11
10.9444569626
 21
1.3873799542
 31
0.0
  0
LINE
  5
11C
330
1F
100
AcDbEntity
  8
0
  6
Continuous
 62
     7
370
    18
100
AcDbLine
 10
10.9444569626
 20
1.3873799542
 30
0.0
 11
10.9444569626
 21
1.9698084888
 31
0.0
  0
LINE
  5
11D
330
1F
100
AcDbEntity
  8
0
  6
Continuous
 62
     7
370
    18
100
AcDbLine
 10
8.4938096065
 20
0.9800288797
 30
0.0
 11
10.9444569626
 21
0.9800288797
 31
0.0
  0
INSERT
  5
11E
330
1F
100
AcDbEntity
  8
0
  6
Continuous
 62
     7
100
AcDbBlockReference
  2
Third Angle Projection Block
 10
4.6348905679
 20
0.6108753523
 30
0.0
 41
0.8
 42
0.8
 43
0.8
  0
INSERT
  5
11F
330
1F
100
AcDbEntity
  8
0
  6
Continuous
 62
     7
100
AcDbBlockReference
  2
THORLABS LOGO1
 10
8.7223523294
 20
0.8395657607
 30
0.0
 41
0.25
 42
0.25
 43
0.25
  0
INSERT
  5
135
330
1F
100
AcDbEntity
  8
0
  6
Continuous
 62
     7
370
     0
100
AcDbBlockReference
  2
SW_NOTE_0
 10
0.2543431984
 20
2.0271336905
 30
0.0
  0
MTEXT
  5
136
330
1F
100
AcDbEntity
  8
0
  6
Continuous
 62
     7
370
     0
100
AcDbMText
 10
10.7892734632
 20
0.5227176726
 30
0.0
 40
0.125
 41
0.0
 46
0.0
 71
     2
 72
     1
  1
A
  7
SLDTEXTSTYLE0
 73
     1
 44
1.0
  0
MTEXT
  5
137
330
1F
100
AcDbEntity
  8
0
  6
Continuous
 62
     7
370
     0
100
AcDbMText
 10
9.236649567
 20
0.2019943461
 30
0.0
 40
0.125
 41
0.0
 46
0.0
 71
     2
 72
     1
  1
HRR204-M01
  7
SLDTEXTSTYLE0
 73
     1
 44
1.0
  0
MTEXT
  5
138
330
1F
100
AcDbEntity
  8
0
  6
Continuous
 62
     7
370
     0
100
AcDbMText
 10
8.5204715199
 20
0.6623747189
 30
0.0
 40
0.0833333333
 41
0.0
 46
0.0
 71
     1
 72
     1
  1
MATERIAL
  7
SLDTEXTSTYLE0
 73
     1
 44
1.0
  0
MTEXT
  5
139
330
1F
100
AcDbEntity
  8
0
  6
Continuous
 62
     7
370
     0
100
AcDbMText
 10
6.8594860853
 20
0.7895493672
 30
0.0
 40
0.0729166667
 41
0.0
 46
0.0
 71
     1
 72
     1
  1
DRAWN
  7
SLDTEXTSTYLE0
 73
     1
 44
1.0
  0
MTEXT
  5
13A
330
1F
100
AcDbEntity
  8
0
  6
Continuous
 62
     7
370
     0
100
AcDbMText
 10
6.7872445848
 20
0.613335314
 30
0.0
 40
0.0729166667
 41
0.0
 46
0.0
 71
     1
 72
     1
  1
APPROVAL
  7
SLDTEXTSTYLE0
 73
     1
 44
1.0
  0
MTEXT
  5
13B
330
1F
100
AcDbEntity
  8
0
  6
Continuous
 62
     7
370
     0
100
AcDbMText
 10
10.6936137314
 20
0.6373332609
 30
0.0
 40
0.0833333333
 41
0.0
 46
0.0
 71
     1
 72
     1
  1
REV
  7
SLDTEXTSTYLE0
 73
     1
 44
1.0
  0
MTEXT
  5
13C
330
1F
100
AcDbEntity
  8
0
  6
Continuous
 62
     7
370
     0
100
AcDbMText
 10
7.4919633718
 20
0.7999100272
 30
0.0
 40
0.0833333333
 41
0.0
 46
0.0
 71
     1
 72
     1
  1
PK
  7
SLDTEXTSTYLE0
 73
     1
 44
1.0
  0
MTEXT
  5
13D
330
1F
100
AcDbEntity
  8
0
  6
Continuous
 62
     7
370
     0
100
AcDbMText
 10
7.4919633718
 20
0.623695974
 30
0.0
 40
0.0833333333
 41
0.0
 46
0.0
 71
     1
 72
     1
  1
BW
  7
SLDTEXTSTYLE0
 73
     1
 44
1.0
  0
MTEXT
  5
13E
330
1F
100
AcDbEntity
  8
0
  6
Continuous
 62
     7
370
     0
100
AcDbMText
 10
7.8687497515
 20
0.7999100272
 30
0.0
 40
0.0833333333
 41
0.0
 46
0.0
 71
     1
 72
     1
  1
09/MAY/25
  7
SLDTEXTSTYLE0
 73
     1
 44
1.0
  0
MTEXT
  5
13F
330
1F
100
AcDbEntity
  8
0
  6
Continuous
 62
     7
370
     0
100
AcDbMText
 10
8.0163191884
 20
0.9772495896
 30
0.0
 40
0.0833333333
 41
0.0
 46
0.0
 71
     1
 72
     1
  1
DATE
  7
SLDTEXTSTYLE0
 73
     1
 44
1.0
  0
MTEXT
  5
140
330
1F
100
AcDbEntity
  8
0
  6
Continuous
 62
     7
370
     0
100
AcDbMText
 10
7.8687497515
 20
0.623695974
 30
0.0
 40
0.0833333333
 41
0.0
 46
0.0
 71
     1
 72
     1
  1
23/SEP/25
  7
SLDTEXTSTYLE0
 73
     1
 44
1.0
  0
MTEXT
  5
142
330
1F
100
AcDbEntity
  8
0
  6
Continuous
 62
     7
370
     0
100
AcDbMText
 10
9.0316104912
 20
1.0943207896
 30
0.0
 40
0.0833333333
 41
0.0
 46
0.0
 71
     1
 72
     1
  1
w w w . t h o r  l a b s . c o m
  7
SLDTEXTSTYLE4
 73
     1
 44
1.0
  0
MTEXT
  5
143
330
1F
100
AcDbEntity
  8
0
  6
Continuous
 62
     7
370
     0
100
AcDbMText
 10
8.5315119501
 20
0.328719653
 30
0.0
 40
0.0833333333
 41
0.0
 46
0.0
 71
     1
 72
     1
  1
ITEM #
  7
SLDTEXTSTYLE0
 73
     1
 44
1.0
  0
MTEXT
  5
144
330
1F
100
AcDbEntity
  8
0
  6
Continuous
 62
     7
370
     0
100
AcDbMText
 10
10.0209370115
 20
0.328719653
 30
0.0
 40
0.0833333333
 41
0.0
 46
0.0
 71
     1
 72
     1
  1
APPROX WEIGHT
  7
SLDTEXTSTYLE0
 73
     1
 44
1.0
  0
MTEXT
  5
145
330
1F
100
AcDbEntity
  8
0
  6
Continuous
 62
     7
370
     0
100
AcDbMText
 10
9.5949135982
 20
0.5414715262
 30
0.0
 40
0.125
 41
0.0
 46
0.0
 71
     2
 72
     1
  1
SEE TABLE
  7
SLDTEXTSTYLE0
 73
     1
 44
1.0
  0
MTEXT
  5
147
330
1F
100
AcDbEntity
  8
0
  6
Continuous
 62
     7
370
     0
100
AcDbMText
 10
10.4826226539
 20
0.2019943461
 30
0.0
 40
0.125
 41
0.0
 46
0.0
 71
     2
 72
     1
  1
31 g
  7
SLDTEXTSTYLE5
 73
     1
 44
1.0
  0
INSERT
  5
14D
330
1F
100
AcDbEntity
  8
0
  6
Continuous
 62
     7
370
     0
100
AcDbBlockReference
  2
SW_NOTE_0_1
 10
6.8835832285
 20
0.1754273811
 30
0.0
  0
INSERT
  5
153
330
1F
100
AcDbEntity
  8
0
  6
Continuous
 62
     7
370
     0
100
AcDbBlockReference
  2
SW_NOTE_0_2
 10
6.8719828753
 20
1.2001390658
 30
0.0
  0
MTEXT
  5
154
330
1F
100
AcDbEntity
  8
0
  6
Continuous
 62
     7
370
     0
100
AcDbMText
 10
7.3987149145
 20
0.9772495896
 30
0.0
 40
0.0833333333
 41
0.0
 46
0.0
 71
     1
 72
     1
  1
NAME
  7
SLDTEXTSTYLE0
 73
     1
 44
1.0
  0
INSERT
  5
15A
330
1F
100
AcDbEntity
  8
0
  6
Continuous
 62
     7
370
     0
100
AcDbBlockReference
  2
SW_NOTE_0_3
 10
8.7994429984
 20
0.8252423426
 30
0.0
  0
MTEXT
  5
15B
330
1F
100
AcDbEntity
  8
0
  6
Continuous
 62
     7
370
     0
100
AcDbMText
 10
7.0281258754
 20
0.4200025137
 30
0.0
 40
0.0625
 41
0.0
 46
0.0
 71
     1
 72
     1
  1
COPYRIGHT © 2025 BY THORLABS
  7
SLDTEXTSTYLE0
 73
     1
 44
1.0
  0
INSERT
  5
161
330
1F
100
AcDbEntity
  8
0
  6
Continuous
 62
     7
370
     0
100
AcDbBlockReference
  2
SW_NOTE_0_4
 10
2.8815814135
 20
0.3219551564
 30
0.0
  0
INSERT
  5
19E
330
1F
100
AcDbEntity
  8
FORMAT
100
AcDbBlockReference
  2
SW_TABLEANNOTATION_0
 10
0.0630910572
 20
8.4501082289
 30
0.0
  0
LINE
  5
19F
330
1F
100
AcDbEntity
  8
0
  6
Continuous
 62
     7
370
    25
100
AcDbLine
 10
10.2836494519
 20
7.6811416615
 30
0.0
 11
10.2722368096
 21
7.6876968503
 31
0.0
  0
LINE
  5
1A0
330
1F
100
AcDbEntity
  8
0
  6
Continuous
 62
     7
370
    25
100
AcDbLine
 10
9.1643847217
 20
6.910696072
 30
0.0
 11
9.1647434113
 21
6.8200171104
 31
0.0
  0
LINE
  5
1A1
330
1F
100
AcDbEntity
  8
0
  6
Continuous
 62
     7
370
    25
100
AcDbLine
 10
9.1642383829
 20
6.9476914354
 30
0.0
 11
9.1642409989
 21
6.9470300793
 31
0.0
  0
LINE
  5
1A2
330
1F
100
AcDbEntity
  8
0
  6
Continuous
 62
     7
370
    25
100
AcDbLine
 10
9.1637864533
 20
7.061942028
 30
0.0
 11
9.1641562389
 21
6.9684579541
 31
0.0
  0
LINE
  5
1A3
330
1F
100
AcDbEntity
  8
0
  6
Continuous
 62
     7
370
    25
100
AcDbLine
 10
9.9642295672
 20
6.9515023344
 30
0.0
 11
9.9640494189
 21
6.9970449349
 31
0.0
  0
LINE
  5
1A4
330
1F
100
AcDbEntity
  8
0
  6
Continuous
 62
     7
370
    25
100
AcDbLine
 10
9.9647371527
 20
6.8231815649
 30
0.0
 11
9.9643048031
 21
6.9324822326
 31
0.0
  0
LINE
  5
1A5
330
1F
100
AcDbEntity
  8
0
  6
Continuous
 62
     7
370
    25
100
AcDbLine
 10
9.8187633531
 20
6.7899472654
 30
0.0
 11
9.8184425327
 21
6.790160814
 31
0.0
  0
LINE
  5
1A6
330
1F
100
AcDbEntity
  8
0
  6
Continuous
 62
     7
370
    25
100
AcDbLine
 10
9.8120844837
 20
6.7646438298
 30
0.0
 11
9.8117684351
 21
6.7648638106
 31
0.0
  0
LINE
  5
1A7
330
1F
100
AcDbEntity
  8
0
  6
Continuous
 62
     7
370
    25
100
AcDbLine
 10
9.8617111703
 20
6.813132478
 30
0.0
 11
9.8613368147
 21
6.8133169824
 31
0.0
  0
LINE
  5
1A8
330
1F
100
AcDbEntity
  8
0
  6
Continuous
 62
     7
370
    25
100
AcDbLine
 10
9.8556988015
 20
6.7874555475
 30
0.0
 11
9.8553309269
 21
6.7876452778
 31
0.0
  0
LINE
  5
1A9
330
1F
100
AcDbEntity
  8
0
  6
Continuous
 62
     7
370
    25
100
AcDbLine
 10
9.8914572504
 20
6.8339482924
 30
0.0
 11
9.8910456128
 21
6.8341066353
 31
0.0
  0
LINE
  5
1AA
330
1F
100
AcDbEntity
  8
0
  6
Continuous
 62
     7
370
    25
100
AcDbLine
 10
9.1642511767
 20
6.9444570834
 30
0.0
 11
9.1643728892
 21
6.9136873892
 31
0.0
  0
LINE
  5
1AB
330
1F
100
AcDbEntity
  8
0
  6
Continuous
 62
     7
370
    25
100
AcDbLine
 10
9.1641688478
 20
6.9652703318
 30
0.0
 11
9.1642275585
 21
6.9504278991
 31
0.0
  0
LINE
  5
1AC
330
1F
100
AcDbEntity
  8
0
  6
Continuous
 62
     7
370
    25
100
AcDbLine
 10
9.3348022125
 20
6.7653927595
 30
0.0
 11
9.3513402109
 21
6.8048736966
 31
0.0
  0
LINE
  5
1AD
330
1F
100
AcDbEntity
  8
0
  6
Continuous
 62
     7
370
    25
100
AcDbLine
 10
9.3670711917
 20
6.7197112847
 30
0.0
 11
9.3348022125
 21
6.7653927595
 31
0.0
  0
LINE
  5
1AE
330
1F
100
AcDbEntity
  8
0
  6
Continuous
 62
     7
370
    25
100
AcDbLine
 10
9.4158781693
 20
6.7135107469
 30
0.0
 11
9.3670711917
 21
6.7197112847
 31
0.0
  0
LINE
  5
1AF
330
1F
100
AcDbEntity
  8
0
  6
Continuous
 62
     7
370
    25
100
AcDbLine
 10
9.4306460697
 20
6.7487659531
 30
0.0
 11
9.4158781693
 21
6.7135107469
 31
0.0
  0
LINE
  5
1B0
330
1F
100
AcDbEntity
  8
0
  6
Continuous
 62
     7
370
    25
100
AcDbLine
 10
9.3513402109
 20
6.8048736966
 30
0.0
 11
9.3752869212
 21
6.8018314577
 31
0.0
  0
LINE
  5
1B1
330
1F
100
AcDbEntity
  8
0
  6
Continuous
 62
     7
370
    25
100
AcDbLine
 10
9.386453638
 20
6.7973949102
 30
0.0
 11
9.3627349067
 21
6.8004081861
 31
0.0
  0
LINE
  5
1B2
330
1F
100
AcDbEntity
  8
0
  6
Continuous
 62
     7
370
    25
100
AcDbLine
 10
9.3513402109
 20
6.8048736966
 30
0.0
 11
9.3627349067
 21
6.8004081861
 31
0.0
  0
LINE
  5
1B3
330
1F
100
AcDbEntity
  8
0
  6
Continuous
 62
     7
370
    25
100
AcDbLine
 10
9.4141186315
 20
6.7276669841
 30
0.0
 11
9.4272858277
 21
6.7591008512
 31
0.0
  0
LINE
  5
1B4
330
1F
100
AcDbEntity
  8
0
  6
Continuous
 62
     7
370
    25
100
AcDbLine
 10
9.4141186315
 20
6.7276669841
 30
0.0
 11
9.4158781693
 21
6.7135107469
 31
0.0
  0
LINE
  5
1B5
330
1F
100
AcDbEntity
  8
0
  6
Continuous
 62
     7
370
    25
100
AcDbLine
 10
9.3627349067
 20
6.8004081861
 30
0.0
 11
9.3495677105
 21
6.768974319
 31
0.0
  0
LINE
  5
1B6
330
1F
100
AcDbEntity
  8
0
  6
Continuous
 62
     7
370
    25
100
AcDbLine
 10
9.3348022125
 20
6.7653927595
 30
0.0
 11
9.3495677105
 21
6.768974319
 31
0.0
  0
LINE
  5
1B7
330
1F
100
AcDbEntity
  8
0
  6
Continuous
 62
     7
370
    25
100
AcDbLine
 10
9.3786172643
 20
6.798390459
 30
0.0
 11
9.3784731845
 21
6.7980464993
 31
0.0
  0
LINE
  5
1B8
330
1F
100
AcDbEntity
  8
0
  6
Continuous
 62
     7
370
    25
100
AcDbLine
 10
9.3784731845
 20
6.7980464993
 30
0.0
 11
9.3495677105
 21
6.768974319
 31
0.0
  0
LINE
  5
1B9
330
1F
100
AcDbEntity
  8
0
  6
Continuous
 62
     7
370
    25
100
AcDbLine
 10
9.3752595729
 20
6.732603718
 30
0.0
 11
9.4141186315
 21
6.7276669841
 31
0.0
  0
LINE
  5
1BA
330
1F
100
AcDbEntity
  8
0
  6
Continuous
 62
     7
370
    25
100
AcDbLine
 10
9.3752595729
 20
6.732603718
 30
0.0
 11
9.3670711917
 21
6.7197112847
 31
0.0
  0
LINE
  5
1BB
330
1F
100
AcDbEntity
  8
0
  6
Continuous
 62
     7
370
    25
100
AcDbLine
 10
9.4041650469
 20
6.7616758984
 30
0.0
 11
9.4260755405
 21
6.7588923447
 31
0.0
  0
LINE
  5
1BC
330
1F
100
AcDbEntity
  8
0
  6
Continuous
 62
     7
370
    25
100
AcDbLine
 10
9.3784731845
 20
6.7980464993
 30
0.0
 11
9.4041650469
 21
6.7616758984
 31
0.0
  0
LINE
  5
1BD
330
1F
100
AcDbEntity
  8
0
  6
Continuous
 62
     7
370
    25
100
AcDbLine
 10
9.3495677105
 20
6.768974319
 30
0.0
 11
9.3752595729
 21
6.732603718
 31
0.0
  0
LINE
  5
1BE
330
1F
100
AcDbEntity
  8
0
  6
Continuous
 62
     7
370
    25
100
AcDbLine
 10
9.4041650469
 20
6.7616758984
 30
0.0
 11
9.3752595729
 21
6.732603718
 31
0.0
  0
LINE
  5
1BF
330
1F
100
AcDbEntity
  8
0
  6
Continuous
 62
     7
370
    25
100
AcDbLine
 10
9.8584633236
 20
7.3045921406
 30
0.0
 11
10.134684675
 21
7.9236077498
 31
0.0
  0
LINE
  5
1C0
330
1F
100
AcDbEntity
  8
0
  6
Continuous
 62
     7
370
    25
100
AcDbLine
 10
10.134684675
 20
7.9236077498
 30
0.0
 11
10.1430291818
 21
7.9113094549
 31
0.0
  0
LINE
  5
1C1
330
1F
100
AcDbEntity
  8
0
  6
Continuous
 62
     7
370
    25
100
AcDbLine
 10
10.1430291818
 20
7.9113094549
 30
0.0
 11
9.8733265631
 21
7.3069024096
 31
0.0
  0
LINE
  5
1C2
330
1F
100
AcDbEntity
  8
0
  6
Continuous
 62
     7
370
    25
100
AcDbLine
 10
9.8610565831
 20
7.3031026253
 30
0.0
 11
9.8733265631
 21
7.3069024096
 31
0.0
  0
LINE
  5
1C3
330
1F
100
AcDbEntity
  8
0
  6
Continuous
 62
     7
370
    25
100
AcDbLine
 10
9.8733265631
 20
7.3069024096
 30
0.0
 11
10.0505024844
 21
7.2051361774
 31
0.0
  0
LINE
  5
1C4
330
1F
100
AcDbEntity
  8
0
  6
Continuous
 62
     7
370
    25
100
AcDbLine
 10
10.0505024844
 20
7.2051361774
 30
0.0
 11
10.0443891312
 21
7.1978001523
 31
0.0
  0
LINE
  5
1C5
330
1F
100
AcDbEntity
  8
0
  6
Continuous
 62
     7
370
    25
100
AcDbLine
 10
10.3202051031
 20
7.8095432227
 30
0.0
 11
10.1430291818
 21
7.9113094549
 31
0.0
  0
LINE
  5
1C6
330
1F
100
AcDbEntity
  8
0
  6
Continuous
 62
     7
370
    25
100
AcDbLine
 10
10.0505024844
 20
7.2051361774
 30
0.0
 11
10.3202051031
 21
7.8095432227
 31
0.0
  0
LINE
  5
1C7
330
1F
100
AcDbEntity
  8
0
  6
Continuous
 62
     7
370
    25
100
AcDbLine
 10
10.134684675
 20
7.9236077498
 30
0.0
 11
9.8320741054
 21
7.8533704973
 31
0.0
  0
LINE
  5
1C8
330
1F
100
AcDbEntity
  8
0
  6
Continuous
 62
     7
370
    25
100
AcDbLine
 10
10.054411985
 20
7.1995486103
 30
0.0
 11
10.0461739215
 21
7.1967750052
 31
0.0
  0
LINE
  5
1C9
330
1F
100
AcDbEntity
  8
0
  6
Continuous
 62
     7
370
    25
100
AcDbLine
 10
10.0505024844
 20
7.2051361774
 30
0.0
 11
10.054411985
 21
7.1995486103
 31
0.0
  0
LINE
  5
1CA
330
1F
100
AcDbEntity
  8
0
  6
Continuous
 62
     7
370
    25
100
AcDbLine
 10
10.3202051031
 20
7.8095432227
 30
0.0
 11
10.3241146037
 21
7.8039556556
 31
0.0
  0
LINE
  5
1CB
330
1F
100
AcDbEntity
  8
0
  6
Continuous
 62
     7
370
    25
100
AcDbLine
 10
10.3241146037
 20
7.8039556556
 30
0.0
 11
10.054411985
 21
7.1995486103
 31
0.0
  0
LINE
  5
1CC
330
1F
100
AcDbEntity
  8
0
  6
Continuous
 62
     7
370
    25
100
AcDbLine
 10
10.134684675
 20
7.9236077498
 30
0.0
 11
10.3199140473
 21
7.8172157798
 31
0.0
  0
LINE
  5
1CD
330
1F
100
AcDbEntity
  8
0
  6
Continuous
 62
     7
370
    25
100
AcDbLine
 10
10.3199140473
 20
7.8172157798
 30
0.0
 11
10.3202051031
 21
7.8095432227
 31
0.0
  0
LINE
  5
1CE
330
1F
100
AcDbEntity
  8
0
  6
Continuous
 62
     7
370
    25
100
AcDbLine
 10
10.3199140473
 20
7.8172157798
 30
0.0
 11
10.3241146037
 21
7.8039556556
 31
0.0
  0
LINE
  5
1CF
330
1F
100
AcDbEntity
  8
0
  6
Continuous
 62
     7
370
    25
100
AcDbLine
 10
9.2010086242
 20
7.4327302605
 30
0.0
 11
9.1930117793
 21
7.4231340449
 31
0.0
  0
LINE
  5
1D0
330
1F
100
AcDbEntity
  8
0
  6
Continuous
 62
     7
370
    25
100
AcDbLine
 10
9.1888112228
 20
7.4363941691
 30
0.0
 11
9.1930117793
 21
7.4231340449
 31
0.0
  0
LINE
  5
1D1
330
1F
100
AcDbEntity
  8
0
  6
Continuous
 62
     7
370
    25
100
AcDbLine
 10
9.2010086242
 20
7.4327302605
 30
0.0
 11
9.1888112228
 21
7.4363941691
 31
0.0
  0
LINE
  5
1D2
330
1F
100
AcDbEntity
  8
0
  6
Continuous
 62
     7
370
    25
100
AcDbLine
 10
9.2896251989
 20
7.6313211468
 30
0.0
 11
9.2010086242
 21
7.4327302605
 31
0.0
  0
LINE
  5
1D3
330
1F
100
AcDbEntity
  8
0
  6
Continuous
 62
     7
370
    25
100
AcDbLine
 10
9.1888112228
 20
7.4363941691
 30
0.0
 11
9.273574903
 21
7.6263506691
 31
0.0
  0
LINE
  5
1D4
330
1F
100
AcDbEntity
  8
0
  6
Continuous
 62
     7
370
    25
100
AcDbLine
 10
9.2896251989
 20
7.6313211468
 30
0.0
 11
9.273574903
 21
7.6263506691
 31
0.0
  0
LINE
  5
1D5
330
1F
100
AcDbEntity
  8
0
  6
Continuous
 62
     7
370
    25
100
AcDbLine
 10
9.2010086242
 20
7.4327302605
 30
0.0
 11
9.9580330151
 21
6.9979109047
 31
0.0
  0
LINE
  5
1D6
330
1F
100
AcDbEntity
  8
0
  6
Continuous
 62
     7
370
    25
100
AcDbLine
 10
9.9580330151
 20
6.9979109047
 30
0.0
 11
9.9500361702
 21
6.9883146891
 31
0.0
  0
LINE
  5
1D7
330
1F
100
AcDbEntity
  8
0
  6
Continuous
 62
     7
370
    25
100
AcDbLine
 10
9.9500361702
 20
6.9883146891
 30
0.0
 11
9.1930117793
 21
7.4231340449
 31
0.0
  0
LINE
  5
1D8
330
1F
100
AcDbEntity
  8
0
  6
Continuous
 62
     7
370
    25
100
AcDbLine
 10
9.2896251989
 20
7.6313211468
 30
0.0
 11
10.0466495898
 21
7.196501791
 31
0.0
  0
LINE
  5
1D9
330
1F
100
AcDbEntity
  8
0
  6
Continuous
 62
     7
370
    25
100
AcDbLine
 10
9.9580330151
 20
6.9979109047
 30
0.0
 11
10.0466495898
 21
7.196501791
 31
0.0
  0
LINE
  5
1DA
330
1F
100
AcDbEntity
  8
0
  6
Continuous
 62
     7
370
    25
100
AcDbLine
 10
8.8987346956
 20
7.3690661232
 30
0.0
 11
9.1888112228
 21
7.4363941691
 31
0.0
  0
LINE
  5
1DB
330
1F
100
AcDbEntity
  8
0
  6
Continuous
 62
     7
370
    25
100
AcDbLine
 10
9.1930117793
 20
7.4231340449
 30
0.0
 11
8.902935252
 21
7.355805999
 31
0.0
  0
LINE
  5
1DC
330
1F
100
AcDbEntity
  8
0
  6
Continuous
 62
     7
370
    25
100
AcDbLine
 10
8.8987346956
 20
7.3690661232
 30
0.0
 11
8.902935252
 21
7.355805999
 31
0.0
  0
LINE
  5
1DD
330
1F
100
AcDbEntity
  8
0
  6
Continuous
 62
     7
370
    25
100
AcDbLine
 10
9.273574903
 20
7.6263506691
 30
0.0
 11
8.9834983757
 21
7.5590226232
 31
0.0
  0
LINE
  5
1DE
330
1F
100
AcDbEntity
  8
0
  6
Continuous
 62
     7
370
    25
100
AcDbLine
 10
8.9834983757
 20
7.5590226232
 30
0.0
 11
8.8987346956
 21
7.3690661232
 31
0.0
  0
LINE
  5
1DF
330
1F
100
AcDbEntity
  8
0
  6
Continuous
 62
     7
370
    25
100
AcDbLine
 10
9.6599596429
 20
6.9209866432
 30
0.0
 11
9.9500361702
 21
6.9883146891
 31
0.0
  0
LINE
  5
1E0
330
1F
100
AcDbEntity
  8
0
  6
Continuous
 62
     7
370
    25
100
AcDbLine
 10
8.902935252
 20
7.355805999
 30
0.0
 11
9.6599596429
 21
6.9209866432
 31
0.0
  0
LINE
  5
1E1
330
1F
100
AcDbEntity
  8
0
  6
Continuous
 62
     7
370
    25
100
AcDbLine
 10
8.9912607709
 20
7.5620694425
 30
0.0
 11
9.2896251989
 21
7.6313211468
 31
0.0
  0
LINE
  5
1E2
330
1F
100
AcDbEntity
  8
0
  6
Continuous
 62
     7
370
    25
100
AcDbLine
 10
8.9912607709
 20
7.5620694425
 30
0.0
 11
8.9834983757
 21
7.5590226232
 31
0.0
  0
LINE
  5
1E3
330
1F
100
AcDbEntity
  8
0
  6
Continuous
 62
     7
370
    25
100
AcDbLine
 10
9.9580330151
 20
6.9979109047
 30
0.0
 11
9.9619425157
 21
6.9923233376
 31
0.0
  0
LINE
  5
1E4
330
1F
100
AcDbEntity
  8
0
  6
Continuous
 62
     7
370
    25
100
AcDbLine
 10
9.9500361702
 20
6.9883146891
 30
0.0
 11
9.9619425157
 21
6.9923233376
 31
0.0
  0
LINE
  5
1E5
330
1F
100
AcDbEntity
  8
0
  6
Continuous
 62
     7
370
    25
100
AcDbLine
 10
10.0467061958
 20
7.1822798376
 30
0.0
 11
9.9619425157
 21
6.9923233376
 31
0.0
  0
LINE
  5
1E6
330
1F
100
AcDbEntity
  8
0
  6
Continuous
 62
     7
370
    25
100
AcDbLine
 10
10.0467061958
 20
7.1822798376
 30
0.0
 11
10.0466495898
 21
7.196501791
 31
0.0
  0
LINE
  5
1E7
330
1F
100
AcDbEntity
  8
0
  6
Continuous
 62
     7
370
    25
100
AcDbLine
 10
9.4583889189
 20
7.0300806926
 30
0.0
 11
8.8946473512
 21
7.3538823406
 31
0.0
  0
LINE
  5
1E8
330
1F
100
AcDbEntity
  8
0
  6
Continuous
 62
     7
370
    25
100
AcDbLine
 10
8.8946473512
 20
7.3538823406
 30
0.0
 11
8.8945907452
 21
7.368104294
 31
0.0
  0
LINE
  5
1E9
330
1F
100
AcDbEntity
  8
0
  6
Continuous
 62
     7
370
    25
100
AcDbLine
 10
8.8945907452
 20
7.368104294
 30
0.0
 11
8.9000288648
 21
7.3649807491
 31
0.0
  0
LINE
  5
1EA
330
1F
100
AcDbEntity
  8
0
  6
Continuous
 62
     7
370
    25
100
AcDbLine
 10
9.4583889189
 20
7.0300806926
 30
0.0
 11
9.4659495507
 21
7.0324220795
 31
0.0
  0
LINE
  5
1EB
330
1F
100
AcDbEntity
  8
0
  6
Continuous
 62
     7
370
    25
100
AcDbLine
 10
8.8946473512
 20
7.3538823406
 30
0.0
 11
8.8034804426
 21
7.3327220976
 31
0.0
  0
LINE
  5
1EC
330
1F
100
AcDbEntity
  8
0
  6
Continuous
 62
     7
370
    25
100
AcDbLine
 10
8.7992798862
 20
7.3459822218
 30
0.0
 11
8.8034804426
 21
7.3327220976
 31
0.0
  0
LINE
  5
1ED
330
1F
100
AcDbEntity
  8
0
  6
Continuous
 62
     7
370
    25
100
AcDbLine
 10
8.7992798862
 20
7.3459822218
 30
0.0
 11
8.8945907452
 21
7.368104294
 31
0.0
  0
LINE
  5
1EE
330
1F
100
AcDbEntity
  8
0
  6
Continuous
 62
     7
370
    25
100
AcDbLine
 10
9.8366113028
 20
7.8466834884
 30
0.0
 11
9.2567628332
 21
8.179736612
 31
0.0
  0
LINE
  5
1EF
330
1F
100
AcDbEntity
  8
0
  6
Continuous
 62
     7
370
    25
100
AcDbLine
 10
9.6485238523
 20
7.4251770871
 30
0.0
 11
9.8366113028
 21
7.8466834884
 31
0.0
  0
LINE
  5
1F0
330
1F
100
AcDbEntity
  8
0
  6
Continuous
 62
     7
370
    25
100
AcDbLine
 10
9.2567628332
 20
8.179736612
 30
0.0
 11
8.8945907452
 21
7.368104294
 31
0.0
  0
LINE
  5
1F1
330
1F
100
AcDbEntity
  8
0
  6
Continuous
 62
     7
370
    25
100
AcDbLine
 10
9.2567628332
 20
8.179736612
 30
0.0
 11
9.1614519742
 21
8.1576145397
 31
0.0
  0
LINE
  5
1F2
330
1F
100
AcDbEntity
  8
0
  6
Continuous
 62
     7
370
    25
100
AcDbLine
 10
9.1614519742
 20
8.1576145397
 30
0.0
 11
8.7992798862
 21
7.3459822218
 31
0.0
  0
LINE
  5
1F3
330
1F
100
AcDbEntity
  8
0
  6
Continuous
 62
     7
370
    25
100
AcDbLine
 10
9.3672220103
 20
7.0089204496
 30
0.0
 11
9.4583889189
 21
7.0300806926
 31
0.0
  0
LINE
  5
1F4
330
1F
100
AcDbEntity
  8
0
  6
Continuous
 62
     7
370
    25
100
AcDbLine
 10
8.8034804426
 20
7.3327220976
 30
0.0
 11
9.3672220103
 21
7.0089204496
 31
0.0
  0
LINE
  5
1F5
330
1F
100
AcDbEntity
  8
0
  6
Continuous
 62
     7
370
    25
100
AcDbLine
 10
9.1614519742
 20
8.1576145397
 30
0.0
 11
9.1733583197
 21
8.1616231883
 31
0.0
  0
LINE
  5
1F6
330
1F
100
AcDbEntity
  8
0
  6
Continuous
 62
     7
370
    25
100
AcDbLine
 10
9.1733583197
 20
8.1616231883
 30
0.0
 11
9.2645252283
 21
8.1827834313
 31
0.0
  0
LINE
  5
1F7
330
1F
100
AcDbEntity
  8
0
  6
Continuous
 62
     7
370
    25
100
AcDbLine
 10
9.2567628332
 20
8.179736612
 30
0.0
 11
9.2645252283
 21
8.1827834313
 31
0.0
  0
LINE
  5
1F8
330
1F
100
AcDbEntity
  8
0
  6
Continuous
 62
     7
370
    25
100
AcDbLine
 10
9.2645252283
 20
8.1827834313
 30
0.0
 11
9.828266796
 21
7.8589817833
 31
0.0
  0
LINE
  5
1F9
330
1F
100
AcDbEntity
  8
0
  6
Continuous
 62
     7
370
    25
100
AcDbLine
 10
9.8366113028
 20
7.8466834884
 30
0.0
 11
9.828266796
 21
7.8589817833
 31
0.0
  0
LINE
  5
1FA
330
1F
100
AcDbEntity
  8
0
  6
Continuous
 62
     7
370
    25
100
AcDbLine
 10
10.2790269679
 20
7.6349766513
 30
0.0
 11
10.12607516
 21
7.2922096781
 31
0.0
  0
ARC
  5
1FB
330
1F
100
AcDbEntity
  8
0
  6
Continuous
 62
     7
370
    25
100
AcDbCircle
 10
10.0229754092
 20
7.3285648745
 30
0.0
 40
0.1093218135140458
100
AcDbArc
 50
299.8126172489
 51
340.5762502951
  0
LINE
  5
1FC
330
1F
100
AcDbEntity
  8
0
  6
Continuous
 62
     7
370
    25
100
AcDbLine
 10
10.0773263932
 20
7.2337111479
 30
0.0
 11
10.0687700319
 21
7.2317251786
 31
0.0
  0
LWPOLYLINE
  5
1FD
330
1F
100
AcDbEntity
  8
0
  6
Continuous
 62
     7
370
    25
100
AcDbPolyline
 90
        8
 70
   128
 43
0.0
 10
10.2836494519
 20
7.6811416615
 10
10.2851319972
 20
7.679985734
 10
10.2873289264
 20
7.6761354067
 10
10.2882360298
 20
7.6704780477
 10
10.2878184481
 20
7.6632310662
 10
10.2860922286
 20
7.6546729597
 10
10.283123709
 20
7.6451326113
 10
10.2790269679
 20
7.6349766513
  0
LINE
  5
1FE
330
1F
100
AcDbEntity
  8
0
  6
Continuous
 62
     7
370
    25
100
AcDbLine
 10
9.4824514723
 20
7.0229437126
 30
0.0
 11
9.4346094113
 21
6.9157290372
 31
0.0
  0
ELLIPSE
  5
1FF
330
1F
100
AcDbEntity
  8
0
  6
Continuous
 62
     7
370
    25
100
AcDbEllipse
 10
9.5632818798
 20
7.1902924635
 30
0.0
 11
0.2382593532714328
 21
0.3245486079401828
 31
0.0
210
0.0
220
0.0
230
1.0
 40
0.2211163701
 41
2.286187616549368
 42
2.464691575277349
  0
LWPOLYLINE
  5
200
330
1F
100
AcDbEntity
  8
0
  6
Continuous
 62
     7
370
    25
100
AcDbPolyline
 90
       23
 70
   128
 43
0.0
 10
9.3720371219
 20
6.6277848022
 10
9.4067667185
 20
6.618527084
 10
9.4429712717
 20
6.6111653968
 10
9.4803127494
 20
6.6057684746
 10
9.5184425042
 20
6.602386707
 10
9.5570045289
 20
6.6010516686
 10
9.5956387802
 20
6.6017758245
 10
9.6339845406
 20
6.6045524132
 10
9.6716837859
 20
6.6093555106
 10
9.7083845286
 20
6.6161402714
 10
9.7437441037
 20
6.6248433482
 10
9.7774323683
 20
6.6353834826
 10
9.8091347842
 20
6.6476622643
 10
9.8385553545
 20
6.6615650496
 10
9.8654193873
 20
6.6769620319
 10
9.8894760602
 20
6.6937094538
 10
9.9105007627
 20
6.711650949
 10
9.9282971927
 20
6.7306190028
 10
9.9426991898
 20
6.7504365154
 10
9.9535722864
 20
6.7709184561
 10
9.9608149634
 20
6.7918735905
 10
9.9643595978
 20
6.8131062663
 10
9.9647371527
 20
6.8231815649
  0
LWPOLYLINE
  5
201
330
1F
100
AcDbEntity
  8
0
  6
Continuous
 62
     7
370
    25
100
AcDbPolyline
 90
       13
 70
   128
 43
0.0
 10
9.1647434113
 20
6.8200171104
 10
9.1647471167
 20
6.8194338937
 10
9.1668007166
 20
6.7981569171
 10
9.172569771
 20
6.777098816
 10
9.1820004158
 20
6.7564562044
 10
9.1950045996
 20
6.7364218166
 10
9.2114609059
 20
6.7171827083
 10
9.2312156865
 20
6.6989185101
 10
9.2540844964
 20
6.6817997496
 10
9.2798538157
 20
6.6659862602
 10
9.3082830431
 20
6.6516256882
 10
9.3391067427
 20
6.6388521144
 10
9.3720371219
 20
6.6277848022
  0
LWPOLYLINE
  5
202
330
1F
100
AcDbEntity
  8
0
  6
Continuous
 62
     7
370
    25
100
AcDbPolyline
 90
       19
 70
   128
 43
0.0
 10
9.3710801639
 20
6.8697097197
 10
9.4058097605
 20
6.8604520016
 10
9.4420143138
 20
6.8530903144
 10
9.4793557914
 20
6.8476933922
 10
9.5174855462
 20
6.8443116246
 10
9.5560475709
 20
6.8429765862
 10
9.5946818222
 20
6.8437007421
 10
9.6330275826
 20
6.8464773308
 10
9.670726828
 20
6.8512804282
 10
9.7074275707
 20
6.858065189
 10
9.7427871457
 20
6.8667682658
 10
9.7764754103
 20
6.8773084002
 10
9.8081778263
 20
6.8895871819
 10
9.8375983965
 20
6.9034899672
 10
9.8644624293
 20
6.9188869495
 10
9.8885191022
 20
6.9356343714
 10
9.9095438047
 20
6.9535758666
 10
9.9273402347
 20
6.9725439204
 10
9.9370728847
 20
6.9853058532
  0
LWPOLYLINE
  5
203
330
1F
100
AcDbEntity
  8
0
  6
Continuous
 62
     7
370
    25
100
AcDbPolyline
 90
       15
 70
   128
 43
0.0
 10
9.1768112203
 20
7.1182885203
 10
9.1708711488
 20
7.1037745729
 10
9.1654711872
 20
7.0826560061
 10
9.1637901587
 20
7.0613588113
 10
9.1658437586
 20
7.0400818347
 10
9.171612813
 20
7.0190237336
 10
9.1810434579
 20
6.998381122
 10
9.1940476417
 20
6.9783467342
 10
9.2105039479
 20
6.9591076259
 10
9.2302587286
 20
6.9408434276
 10
9.2531275385
 20
6.9237246672
 10
9.2788968577
 20
6.9079111778
 10
9.3073260852
 20
6.8935506058
 10
9.3381497848
 20
6.880777032
 10
9.3710801639
 20
6.8697097197
  0
SPLINE
  5
204
330
1F
100
AcDbEntity
  8
0
  6
Continuous
 62
     7
370
    25
100
AcDbSpline
210
0.0
220
0.0
230
1.0
 70
    11
 71
     3
 72
    26
 73
    22
 74
     0
 42
0.00000001
 43
0.00000001
 40
0.0
 40
0.0
 40
0.0
 40
0.0
 40
0.0531647300514391
 40
0.1063114338700211
 40
0.1599282729397368
 40
0.2138827720916349
 40
0.2673169873518899
 40
0.3201825077515643
 40
0.3733178601891658
 40
0.4271364734134374
 40
0.4809958827394353
 40
0.534196912961577
 40
0.5870686971295823
 40
0.640428940954877
 40
0.6943605885608245
 40
0.74805423314792
 40
0.8010526875628214
 40
0.8539910296248998
 40
0.9075879732847227
 40
0.9615447017168256
 40
1.0
 40
1.0
 40
1.0
 40
1.0
 10
9.371789632745793
 20
6.690351591189637
 30
0.0
 10
9.365202299333005
 20
6.693029117684425
 30
0.0
 10
9.352029866033414
 20
6.69838326282182
 30
0.0
 10
9.335135079776528
 20
6.714205796851038
 30
0.0
 10
9.322457211522
 20
6.733522406120668
 30
0.0
 10
9.315221468738878
 20
6.754541759191592
 30
0.0
 10
9.314062390098323
 20
6.774338903616851
 30
0.0
 10
9.318966356385683
 20
6.790661492200615
 30
0.0
 10
9.329513075394093
 20
6.802024268508349
 30
0.0
 10
9.344975744918923
 20
6.807484735427753
 30
0.0
 10
9.363956047467953
 20
6.80660124188165
 30
0.0
 10
9.384321779330739
 20
6.799677648975082
 30
0.0
 10
9.403751177643263
 20
6.787576654881203
 30
0.0
 10
9.420051553249436
 20
6.771350715781332
 30
0.0
 10
9.431091015789228
 20
6.752359554327525
 30
0.0
 10
9.435192139671324
 20
6.732535983037511
 30
0.0
 10
9.431832740900715
 20
6.714137476856358
 30
0.0
 10
9.421611698337985
 20
6.699172171040037
 30
0.0
 10
9.405837082835621
 20
6.689588854593445
 30
0.0
 10
9.388214764673743
 20
6.686671407971347
 30
0.0
 10
9.376616149583645
 20
6.689270171183552
 30
0.0
 10
9.371789632745793
 20
6.690351591189637
 30
0.0
  0
ARC
  5
205
330
1F
100
AcDbEntity
  8
0
  6
Continuous
 62
     7
370
    25
100
AcDbCircle
 10
9.603744946
 20
7.2279432414
 30
0.0
 40
0.5259952806968193
100
AcDbArc
 50
288.6642668203
 51
289.4923155789
  0
LINE
  5
206
330
1F
100
AcDbEntity
  8
0
  6
Continuous
 62
     7
370
    25
100
AcDbLine
 10
9.7790612864
 20
6.7821481528
 30
0.0
 11
9.7792592777
 21
6.7320947215
 31
0.0
  0
ARC
  5
207
330
1F
100
AcDbEntity
  8
0
  6
Continuous
 62
     7
370
    25
100
AcDbCircle
 10
9.6035469547
 20
7.2779966726
 30
0.0
 40
0.5259952807108871
100
AcDbArc
 50
288.6642668203
 51
289.4923155789
  0
LINE
  5
208
330
1F
100
AcDbEntity
  8
0
  6
Continuous
 62
     7
370
    25
100
AcDbLine
 10
9.7719583433
 20
6.7591287177
 30
0.0
 11
9.7718771161
 21
6.7796634587
 31
0.0
  0
ARC
  5
209
330
1F
100
AcDbEntity
  8
0
  6
Continuous
 62
     7
370
    25
100
AcDbCircle
 10
9.5947890187
 20
7.2841307091
 30
0.0
 40
0.554090300013006
100
AcDbArc
 50
285.8847956257
 51
288.6476921628
  0
LINE
  5
20A
330
1F
100
AcDbEntity
  8
0
  6
Continuous
 62
     7
370
    25
100
AcDbLine
 10
9.7463645203
 20
6.771733656
 30
0.0
 11
9.7464457475
 21
6.751198915
 31
0.0
  0
ARC
  5
20B
330
1F
100
AcDbEntity
  8
0
  6
Continuous
 62
     7
370
    25
100
AcDbCircle
 10
9.5871075789
 20
7.3307751773
 30
0.0
 40
0.5812832321052005
100
AcDbArc
 50
285.1262539198
 51
285.9009266362
  0
LINE
  5
20C
330
1F
100
AcDbEntity
  8
0
  6
Continuous
 62
     7
370
    25
100
AcDbLine
 10
9.7389896146
 20
6.7195781401
 30
0.0
 11
9.7387916233
 21
6.7696315713
 31
0.0
  0
ARC
  5
20D
330
1F
100
AcDbEntity
  8
0
  6
Continuous
 62
     7
370
    25
100
AcDbCircle
 10
9.5873055702
 20
7.2807217461
 30
0.0
 40
0.5812832321089327
100
AcDbArc
 50
285.1262539198
 51
285.9009266361
  0
LINE
  5
20E
330
1F
100
AcDbEntity
  8
0
  6
Continuous
 62
     7
370
    25
100
AcDbLine
 10
9.7464685926
 20
6.7454235191
 30
0.0
 11
9.7465625116
 21
6.7216802248
 31
0.0
  0
ARC
  5
20F
330
1F
100
AcDbEntity
  8
0
  6
Continuous
 62
     7
370
    25
100
AcDbCircle
 10
9.5948118638
 20
7.2783553132
 30
0.0
 40
0.5540903000126576
100
AcDbArc
 50
285.8847956257
 51
288.6476921628
  0
LINE
  5
210
330
1F
100
AcDbEntity
  8
0
  6
Continuous
 62
     7
370
    25
100
AcDbLine
 10
9.7720751074
 20
6.7296100275
 30
0.0
 11
9.7719811884
 21
6.7533533218
 31
0.0
  0
SPLINE
  5
211
330
1F
100
AcDbEntity
  8
0
  6
Continuous
 62
     7
370
    25
100
AcDbSpline
210
0.0
220
0.0
230
1.0
 70
     8
 71
     3
 72
    11
 73
     7
 74
     0
 42
0.00000001
 43
0.00000001
 40
0.0
 40
0.0
 40
0.0
 40
0.0
 40
0.5004268218185554
 40
0.7501480321239715
 40
0.8750392778078031
 40
1.0
 40
1.0
 40
1.0
 40
1.0
 10
9.81785833563298
 20
6.758202181809597
 30
0.0
 10
9.816559949066987
 20
6.75991176490857
 30
0.0
 10
9.814613646261158
 20
6.762474458076745
 30
0.0
 10
9.811869051552081
 20
6.76501073721927
 30
0.0
 10
9.80976681774622
 20
6.765663373148093
 30
0.0
 10
9.808552798475638
 20
6.765567021133823
 30
0.0
 10
9.80794562004876
 20
6.765518831730353
 30
0.0
  0
LINE
  5
212
330
1F
100
AcDbEntity
  8
0
  6
Continuous
 62
     7
370
    25
100
AcDbLine
 10
9.8236378063
 20
6.7502924304
 30
0.0
 11
9.8178583356
 21
6.7582021818
 31
0.0
  0
ARC
  5
213
330
1F
100
AcDbEntity
  8
0
  6
Continuous
 62
     7
370
    25
100
AcDbCircle
 10
9.6419849427
 20
7.1350883902
 30
0.0
 40
0.4255181471414069
100
AcDbArc
 50
295.2708625152
 51
296.3641473076
  0
LINE
  5
214
330
1F
100
AcDbEntity
  8
0
  6
Continuous
 62
     7
370
    25
100
AcDbLine
 10
9.8234733083
 20
6.7640574195
 30
0.0
 11
9.8309467448
 21
6.7538284646
 31
0.0
  0
LINE
  5
215
330
1F
100
AcDbEntity
  8
0
  6
Continuous
 62
     7
370
    25
100
AcDbLine
 10
9.8185985941
 20
6.7686245869
 30
0.0
 11
9.8194686264
 21
6.7678094452
 31
0.0
  0
LINE
  5
216
330
1F
100
AcDbEntity
  8
0
  6
Continuous
 62
     7
370
    25
100
AcDbLine
 10
9.8207068543
 20
6.7666493373
 30
0.0
 11
9.8234733083
 21
6.7640574195
 31
0.0
  0
LINE
  5
217
330
1F
100
AcDbEntity
  8
0
  6
Continuous
 62
     7
370
    25
100
AcDbLine
 10
9.8149721516
 20
6.7694578347
 30
0.0
 11
9.8185985941
 21
6.7686245869
 31
0.0
  0
SPLINE
  5
218
330
1F
100
AcDbEntity
  8
0
  6
Continuous
 62
     7
370
    25
100
AcDbSpline
210
0.0
220
0.0
230
1.0
 70
     8
 71
     3
 72
    12
 73
     8
 74
     0
 42
0.00000001
 43
0.00000001
 40
0.0
 40
0.0
 40
0.0
 40
0.0
 40
0.2495348999500678
 40
0.3753908410012807
 40
0.5001202572687925
 40
0.7495459627043369
 40
1.0
 40
1.0
 40
1.0
 40
1.0
 10
9.827117177793022
 20
6.78858164059836
 30
0.0
 10
9.82698382766895
 20
6.786762164996581
 30
0.0
 10
9.826783220799
 20
6.784025014896655
 30
0.0
 10
9.825281255428285
 20
6.780198914156538
 30
0.0
 10
9.823271461264428
 20
6.776543750034043
 30
0.0
 10
9.819746848110764
 20
6.772595897148161
 30
0.0
 10
9.816565898351227
 20
6.770505289054224
 30
0.0
 10
9.814972151612546
 20
6.769457834651155
 30
0.0
  0
SPLINE
  5
219
330
1F
100
AcDbEntity
  8
0
  6
Continuous
 62
     7
370
    25
100
AcDbSpline
210
0.0
220
0.0
230
1.0
 70
     8
 71
     3
 72
    13
 73
     9
 74
     0
 42
0.00000001
 43
0.00000001
 40
0.0
 40
0.0
 40
0.0
 40
0.0
 40
0.2505391078856867
 40
0.3757803961171289
 40
0.5006985424693056
 40
0.6203517654820795
 40
0.7509892519469404
 40
1.0
 40
1.0
 40
1.0
 40
1.0
 10
9.811573819212397
 20
6.794956274099266
 30
0.0
 10
9.813508083326829
 20
6.795759167409691
 30
0.0
 10
9.816409261275652
 20
6.796963416793261
 30
0.0
 10
9.820139321261015
 20
6.797758711767298
 30
0.0
 10
9.822660959999746
 20
6.797509793176322
 30
0.0
 10
9.824644012919684
 20
6.796204866080798
 30
0.0
 10
9.826580147360957
 20
6.793539629115263
 30
0.0
 10
9.826904460957149
 20
6.790545491372247
 30
0.0
 10
9.827117177793022
 20
6.78858164059836
 30
0.0
  0
ARC
  5
21A
330
1F
100
AcDbEntity
  8
0
  6
Continuous
 62
     7
370
    25
100
AcDbCircle
 10
9.620501526
 20
7.2327854185
 30
0.0
 40
0.4777059565040857
100
AcDbArc
 50
290.8603254237
 51
293.5768581382
  0
LINE
  5
21B
330
1F
100
AcDbEntity
  8
0
  6
Continuous
 62
     7
370
    25
100
AcDbLine
 10
9.7908063196
 20
6.7363390475
 30
0.0
 11
9.7906083283
 21
6.7863924787
 31
0.0
  0
ARC
  5
21C
330
1F
100
AcDbEntity
  8
0
  6
Continuous
 62
     7
370
    25
100
AcDbCircle
 10
9.6156334799
 20
7.195614582
 30
0.0
 40
0.4915481059451744
100
AcDbArc
 50
290.8774120894
 51
291.7437088877
  0
LINE
  5
21D
330
1F
100
AcDbEntity
  8
0
  6
Continuous
 62
     7
370
    25
100
AcDbLine
 10
9.7976413131
 20
6.7614998815
 30
0.0
 11
9.7977301554
 21
6.7390400085
 31
0.0
  0
ARC
  5
21E
330
1F
100
AcDbEntity
  8
0
  6
Continuous
 62
     7
370
    25
100
AcDbCircle
 10
9.6205150823
 20
7.2056159581
 30
0.0
 40
0.4781346998248468
100
AcDbArc
 50
291.7435314725
 51
292.6472639388
  0
LINE
  5
21F
330
1F
100
AcDbEntity
  8
0
  6
Continuous
 62
     7
370
    25
100
AcDbLine
 10
9.80794562
 20
6.7655188317
 30
0.0
 11
9.8046240799
 21
6.7643488415
 31
0.0
  0
SPLINE
  5
220
330
1F
100
AcDbEntity
  8
0
  6
Continuous
 62
     7
370
    25
100
AcDbSpline
210
0.0
220
0.0
230
1.0
 70
     8
 71
     3
 72
    11
 73
     7
 74
     0
 42
0.00000001
 43
0.00000001
 40
0.0
 40
0.0
 40
0.0
 40
0.0
 40
0.5004268218185565
 40
0.7501480321239735
 40
0.875039277807806
 40
1.0
 40
1.0
 40
1.0
 40
1.0
 10
9.861244549969607
 20
6.781129785541752
 30
0.0
 10
9.860117536937878
 20
6.782740096824447
 30
0.0
 10
9.858428125877024
 20
6.785153979908151
 30
0.0
 10
9.856037449148962
 20
6.787479681429389
 30
0.0
 10
9.8542038781841
 20
6.787970491657632
 30
0.0
 10
9.853143143407635
 20
6.787780447053534
 30
0.0
 10
9.852612628539779
 20
6.787685398328569
 30
0.0
  0
LINE
  5
221
330
1F
100
AcDbEntity
  8
0
  6
Continuous
 62
     7
370
    25
100
AcDbLine
 10
9.8662434279
 20
6.7736610152
 30
0.0
 11
9.86124455
 21
6.7811297855
 31
0.0
  0
ARC
  5
222
330
1F
100
AcDbEntity
  8
0
  6
Continuous
 62
     7
370
    25
100
AcDbCircle
 10
9.6865857716
 20
7.0557051185
 30
0.0
 40
0.3344035730227377
100
AcDbArc
 50
302.4964951698
 51
303.7803015498
  0
LINE
  5
223
330
1F
100
AcDbEntity
  8
0
  6
Continuous
 62
     7
370
    25
100
AcDbLine
 10
9.8660941313
 20
6.7874175733
 30
0.0
 11
9.8725174648
 21
6.7777570026
 31
0.0
  0
LINE
  5
224
330
1F
100
AcDbEntity
  8
0
  6
Continuous
 62
     7
370
    25
100
AcDbLine
 10
9.86188027
 20
6.7916122156
 30
0.0
 11
9.8660941313
 21
6.7874175733
 31
0.0
  0
LINE
  5
225
330
1F
100
AcDbEntity
  8
0
  6
Continuous
 62
     7
370
    25
100
AcDbLine
 10
9.8587343807
 20
6.7921669874
 30
0.0
 11
9.86188027
 21
6.7916122156
 31
0.0
  0
SPLINE
  5
226
330
1F
100
AcDbEntity
  8
0
  6
Continuous
 62
     7
370
    25
100
AcDbSpline
210
0.0
220
0.0
230
1.0
 70
     8
 71
     3
 72
    12
 73
     8
 74
     0
 42
0.00000001
 43
0.00000001
 40
0.0
 40
0.0
 40
0.0
 40
0.0
 40
0.2495348999500937
 40
0.3753908409955571
 40
0.5001202572687297
 40
0.749545962704305
 40
1.0
 40
1.0
 40
1.0
 40
1.0
 10
9.869215495129557
 20
6.812228123560435
 30
0.0
 10
9.869102074301928
 20
6.810397903932119
 30
0.0
 10
9.868931448309818
 20
6.807644590926129
 30
0.0
 10
9.867642405016301
 20
6.803702416795036
 30
0.0
 10
9.865914155125196
 20
6.799892260985682
 30
0.0
 10
9.862875692618227
 20
6.795673058601884
 30
0.0
 10
9.860116709886473
 20
6.793337279471569
 30
0.0
 10
9.858734380688212
 20
6.79216698737247
 30
0.0
  0
SPLINE
  5
227
330
1F
100
AcDbEntity
  8
0
  6
Continuous
 62
     7
370
    25
100
AcDbSpline
210
0.0
220
0.0
230
1.0
 70
     8
 71
     3
 72
    13
 73
     9
 74
     0
 42
0.00000001
 43
0.00000001
 40
0.0
 40
0.0
 40
0.0
 40
0.0
 40
0.2505391078856903
 40
0.3757803961171395
 40
0.5006985424693142
 40
0.6203517654796635
 40
0.7509892519469357
 40
1.0
 40
1.0
 40
1.0
 40
1.0
 10
9.855764435892974
 20
6.817411575225684
 30
0.0
 10
9.857447052803986
 20
6.818363622315944
 30
0.0
 10
9.859970788338405
 20
6.819791585541805
 30
0.0
 10
9.863198759195209
 20
6.820873500629438
 30
0.0
 10
9.865376203095668
 20
6.820817872052866
 30
0.0
 10
9.86708533275598
 20
6.819664440117955
 30
0.0
 10
9.868751846883475
 20
6.817146559011428
 30
0.0
 10
9.869031844852076
 20
6.814176307432538
 30
0.0
 10
9.869215495129557
 20
6.812228123560435
 30
0.0
  0
ARC
  5
228
330
1F
100
AcDbEntity
  8
0
  6
Continuous
 62
     7
370
    25
100
AcDbCircle
 10
9.6608604905
 20
7.1481078461
 30
0.0
 40
0.3838587910414259
100
AcDbArc
 50
297.3709741923
 51
300.5140126063
  0
LINE
  5
229
330
1F
100
AcDbEntity
  8
0
  6
Continuous
 62
     7
370
    25
100
AcDbLine
 10
9.8375375465
 20
6.7571692271
 30
0.0
 11
9.8373395552
 21
6.8072226584
 31
0.0
  0
ARC
  5
22A
330
1F
100
AcDbEntity
  8
0
  6
Continuous
 62
     7
370
    25
100
AcDbCircle
 10
9.6546682941
 20
7.1100354674
 30
0.0
 40
0.3974364691177691
100
AcDbArc
 50
297.3949784833
 51
298.3931376162
  0
LINE
  5
22B
330
1F
100
AcDbEntity
  8
0
  6
Continuous
 62
     7
370
    25
100
AcDbLine
 10
9.8435679843
 20
6.7828682796
 30
0.0
 11
9.8436568265
 21
6.7604084067
 31
0.0
  0
ARC
  5
22C
330
1F
100
AcDbEntity
  8
0
  6
Continuous
 62
     7
370
    25
100
AcDbCircle
 10
9.6608507138
 20
7.1208969029
 30
0.0
 40
0.3842511562845544
100
AcDbArc
 50
298.3929008101
 51
299.4384173165
  0
LINE
  5
22D
330
1F
100
AcDbEntity
  8
0
  6
Continuous
 62
     7
370
    25
100
AcDbLine
 10
9.8526126285
 20
6.7876853983
 30
0.0
 11
9.8497054691
 21
6.7862585421
 31
0.0
  0
ARC
  5
22E
330
1F
100
AcDbEntity
  8
0
  6
Continuous
 62
     7
370
    25
100
AcDbCircle
 10
9.7135054715
 20
7.0240363585
 30
0.0
 40
0.2877425813660306
100
AcDbArc
 50
305.6830972613
 51
309.9774616045
  0
LINE
  5
22F
330
1F
100
AcDbEntity
  8
0
  6
Continuous
 62
     7
370
    25
100
AcDbLine
 10
9.8884456275
 20
6.8048951551
 30
0.0
 11
9.8813461838
 21
6.7903158236
 31
0.0
  0
SPLINE
  5
230
330
1F
100
AcDbEntity
  8
0
  6
Continuous
 62
     7
370
    25
100
AcDbSpline
210
0.0
220
0.0
230
1.0
 70
     8
 71
     3
 72
    10
 73
     6
 74
     0
 42
0.00000001
 43
0.00000001
 40
0.0
 40
0.0
 40
0.0
 40
0.0
 40
0.2491473148458569
 40
0.499115553034516
 40
1.0
 40
1.0
 40
1.0
 40
1.0
 10
9.897834401302784
 20
6.83300433785768
 30
0.0
 10
9.89766838991987
 20
6.830721198814476
 30
0.0
 10
9.8973358201579
 20
6.826147397941252
 30
0.0
 10
9.894045230516586
 20
6.816207205040904
 30
0.0
 10
9.890686316866114
 20
6.809421688468394
 30
0.0
 10
9.888445627527862
 20
6.804895155124376
 30
0.0
  0
SPLINE
  5
231
330
1F
100
AcDbEntity
  8
0
  6
Continuous
 62
     7
370
    25
100
AcDbSpline
210
0.0
220
0.0
230
1.0
 70
     8
 71
     3
 72
    14
 73
    10
 74
     0
 42
0.00000001
 43
0.00000001
 40
0.0
 40
0.0
 40
0.0
 40
0.0
 40
0.2496622647180045
 40
0.3764023489840224
 40
0.4997921821397452
 40
0.6260642083099824
 40
0.7499266052409151
 40
0.8758468855473137
 40
0.9999999999999999
 40
0.9999999999999999
 40
0.9999999999999999
 40
0.9999999999999999
 10
9.887243038076141
 20
6.838434127429312
 30
0.0
 10
9.888607609488103
 20
6.839355739144446
 30
0.0
 10
9.890664900306156
 20
6.840745203486681
 30
0.0
 10
9.893140120581016
 20
6.841204704611934
 30
0.0
 10
9.894774210357593
 20
6.84083841875777
 30
0.0
 10
9.896114229749333
 20
6.839799712190453
 30
0.0
 10
9.897127623991304
 20
6.838120024527
 30
0.0
 10
9.897724516362972
 20
6.835819170643404
 30
0.0
 10
9.897797945955093
 20
6.833938184734929
 30
0.0
 10
9.897834401302784
 20
6.83300433785768
 30
0.0
  0
SPLINE
  5
232
330
1F
100
AcDbEntity
  8
0
  6
Continuous
 62
     7
370
    25
100
AcDbSpline
210
0.0
220
0.0
230
1.0
 70
     8
 71
     3
 72
    13
 73
     9
 74
     0
 42
0.00000001
 43
0.00000001
 40
0.0
 40
0.0
 40
0.0
 40
0.0
 40
0.2496902918593166
 40
0.3756191739098108
 40
0.4998560264858627
 40
0.622380546230296
 40
0.7501090923194608
 40
1.0
 40
1.0
 40
1.0
 40
1.0
 10
9.875591791447969
 20
6.815872750933094
 30
0.0
 10
9.875822328336026
 20
6.818016511941786
 30
0.0
 10
9.876169134272306
 20
6.821241458066639
 30
0.0
 10
9.87764192688492
 20
6.825768845053958
 30
0.0
 10
9.879139189956673
 20
6.829017092684126
 30
0.0
 10
9.880961251222288
 20
6.831995254648812
 30
0.0
 10
9.883671407729212
 20
6.835454070110774
 30
0.0
 10
9.885820722200382
 20
6.837247391282759
 30
0.0
 10
9.887243038076141
 20
6.838434127429312
 30
0.0
  0
LINE
  5
233
330
1F
100
AcDbEntity
  8
0
  6
Continuous
 62
     7
370
    25
100
AcDbLine
 10
9.8803650669
 20
6.818571456
 30
0.0
 11
9.8755917914
 21
6.8158727509
 31
0.0
  0
SPLINE
  5
234
330
1F
100
AcDbEntity
  8
0
  6
Continuous
 62
     7
370
    25
100
AcDbSpline
210
0.0
220
0.0
230
1.0
 70
     8
 71
     3
 72
    13
 73
     9
 74
     0
 42
0.00000001
 43
0.00000001
 40
0.0
 40
0.0
 40
0.0
 40
0.0
 40
0.2498971509617088
 40
0.3775214939230586
 40
0.5003297361579702
 40
0.6250161647468061
 40
0.7504793360069041
 40
1.0
 40
1.0
 40
1.0
 40
1.0
 10
9.887166645854013
 20
6.832583525432447
 30
0.0
 10
9.88628907649687
 20
6.831843140320718
 30
0.0
 10
9.884963325909258
 20
6.830724634998098
 30
0.0
 10
9.883330100666155
 20
6.828518091237607
 30
0.0
 10
9.882245146976327
 20
6.826638740722105
 30
0.0
 10
9.881372356225297
 20
6.824607747550745
 30
0.0
 10
9.88053794222208
 20
6.821798677294465
 30
0.0
 10
9.880434139190024
 20
6.819860891725555
 30
0.0
 10
9.880365066875306
 20
6.818571456031603
 30
0.0
  0
SPLINE
  5
235
330
1F
100
AcDbEntity
  8
0
  6
Continuous
 62
     7
370
    25
100
AcDbSpline
210
0.0
220
0.0
230
1.0
 70
     8
 71
     3
 72
    14
 73
    10
 74
     0
 42
0.00000001
 43
0.00000001
 40
0.0
 40
0.0
 40
0.0
 40
0.0
 40
0.1267689647721073
 40
0.2500365832025932
 40
0.3705295145569753
 40
0.5001688600341567
 40
0.6252328685812706
 40
0.7502798798785036
 40
1.0
 40
1.0
 40
1.0
 40
1.0
 10
9.893529439716911
 20
6.829417280070242
 30
0.0
 10
9.893505084077328
 20
6.829976451461429
 30
0.0
 10
9.893457045498533
 20
6.831079349984963
 30
0.0
 10
9.893077970568102
 20
6.832395370362488
 30
0.0
 10
9.89245767460017
 20
6.833355767613007
 30
0.0
 10
9.891637751738939
 20
6.833952403323435
 30
0.0
 10
9.890644252463469
 20
6.834150173921978
 30
0.0
 10
9.889182499941919
 20
6.833938905837404
 30
0.0
 10
9.887972746096633
 20
6.833125515291649
 30
0.0
 10
9.887166645854013
 20
6.832583525432447
 30
0.0
  0
SPLINE
  5
236
330
1F
100
AcDbEntity
  8
0
  6
Continuous
 62
     7
370
    25
100
AcDbSpline
210
0.0
220
0.0
230
1.0
 70
     8
 71
     3
 72
    11
 73
     7
 74
     0
 42
0.00000001
 43
0.00000001
 40
0.0
 40
0.0
 40
0.0
 40
0.0
 40
0.5005298593449846
 40
0.7502949271103407
 40
0.8753500380509088
 40
1.0
 40
1.0
 40
1.0
 40
1.0
 10
9.884177555051197
 20
6.804716053631287
 30
0.0
 10
9.886215770896717
 20
6.808703734830191
 30
0.0
 10
9.889271059169127
 20
6.814681274268869
 30
0.0
 10
9.892227325308728
 20
6.822077860766482
 30
0.0
 10
9.893351330967032
 20
6.826434159306514
 30
0.0
 10
9.893470134386865
 20
6.828423982651794
 30
0.0
 10
9.893529439716911
 20
6.829417280070242
 30
0.0
  0
SPLINE
  5
237
330
1F
100
AcDbEntity
  8
0
  6
Continuous
 62
     7
370
    25
100
AcDbSpline
210
0.0
220
0.0
230
1.0
 70
     8
 71
     3
 72
     9
 73
     5
 74
     0
 42
0.00000001
 43
0.00000001
 40
0.0
 40
0.0
 40
0.0
 40
0.0
 40
0.4987293958201711
 40
1.0
 40
1.0
 40
1.0
 40
1.0
 10
9.875738962088858
 20
6.784404362290266
 30
0.0
 10
9.876773570873139
 20
6.787921796149461
 30
0.0
 10
9.878848060151187
 20
6.794974586477592
 30
0.0
 10
9.88239804966352
 20
6.801463401436449
 30
0.0
 10
9.884177555051197
 20
6.804716053631287
 30
0.0
  0
LINE
  5
238
330
1F
100
AcDbEntity
  8
0
  6
Continuous
 62
     7
370
    25
100
AcDbLine
 10
9.8752505027
 20
6.7796056911
 30
0.0
 11
9.8757389621
 21
6.7844043623
 31
0.0
  0
ARC
  5
239
330
1F
100
AcDbEntity
  8
0
  6
Continuous
 62
     7
370
    25
100
AcDbCircle
 10
9.7094813949
 20
7.0227453977
 30
0.0
 40
0.2942725165940729
100
AcDbArc
 50
304.2855956616
 51
309.9403924836
  0
LINE
  5
23A
330
1F
100
AcDbEntity
  8
0
  6
Continuous
 62
     7
370
    25
100
AcDbLine
 10
9.8983761155
 20
6.8035400135
 30
0.0
 11
9.898401499
 21
6.797122907
 31
0.0
  0
SPLINE
  5
23B
330
1F
100
AcDbEntity
  8
0
  6
Continuous
 62
     7
370
    25
100
AcDbSpline
210
0.0
220
0.0
230
1.0
 70
     8
 71
     3
 72
    10
 73
     6
 74
     0
 42
0.00000001
 43
0.00000001
 40
0.0
 40
0.0
 40
0.0
 40
0.0
 40
0.2496855319905328
 40
0.4998090218859249
 40
1.0
 40
1.0
 40
1.0
 40
1.0
 10
9.906031319981679
 20
6.807981980925949
 30
0.0
 10
9.90544812614352
 20
6.808992863733956
 30
0.0
 10
9.904280715523067
 20
6.811016402476806
 30
0.0
 10
9.903131146226427
 20
6.817013902131338
 30
0.0
 10
9.90298245958081
 20
6.822252434835906
 30
0.0
 10
9.902883338849604
 20
6.825744659641769
 30
0.0
  0
SPLINE
  5
23C
330
1F
100
AcDbEntity
  8
0
  6
Continuous
 62
     7
370
    25
100
AcDbSpline
210
0.0
220
0.0
230
1.0
 70
     8
 71
     3
 72
    11
 73
     7
 74
     0
 42
0.00000001
 43
0.00000001
 40
0.0
 40
0.0
 40
0.0
 40
0.0
 40
0.4988196528087625
 40
0.7491544824811065
 40
0.8745528006390585
 40
1.0
 40
1.0
 40
1.0
 40
1.0
 10
9.912824819608415
 20
6.809553488253719
 30
0.0
 10
9.911565885199929
 20
6.808507454423106
 30
0.0
 10
9.909675149039161
 20
6.806936463928611
 30
0.0
 10
9.907700581433943
 20
6.80699892354487
 30
0.0
 10
9.906688648407908
 20
6.807398436541651
 30
0.0
 10
9.906250457919864
 20
6.807787440863309
 30
0.0
 10
9.906031319981679
 20
6.807981980925949
 30
0.0
  0
SPLINE
  5
23D
330
1F
100
AcDbEntity
  8
0
  6
Continuous
 62
     7
370
    25
100
AcDbSpline
210
0.0
220
0.0
230
1.0
 70
     8
 71
     3
 72
    13
 73
     9
 74
     0
 42
0.00000001
 43
0.00000001
 40
0.0
 40
0.0
 40
0.0
 40
0.0
 40
0.2504937539646133
 40
0.5003640298591976
 40
0.6304163206907115
 40
0.7502166774686094
 40
0.8749850062459746
 40
1.0
 40
1.0
 40
1.0
 40
1.0
 10
9.92176065391421
 20
6.844265408433492
 30
0.0
 10
9.92173174079801
 20
6.841391959140135
 30
0.0
 10
9.921673986530257
 20
6.835652212558577
 30
0.0
 10
9.920812440721019
 20
6.827633771559474
 30
0.0
 10
9.919280310954656
 20
6.821008880637065
 30
0.0
 10
9.917532977576723
 20
6.816233746441117
 30
0.0
 10
9.91530792787725
 20
6.81225608288586
 30
0.0
 10
9.913653067098412
 20
6.810454946014803
 30
0.0
 10
9.912824819608415
 20
6.809553488253719
 30
0.0
  0
SPLINE
  5
23E
330
1F
100
AcDbEntity
  8
0
  6
Continuous
 62
     7
370
    25
100
AcDbSpline
210
0.0
220
0.0
230
1.0
 70
     8
 71
     3
 72
    12
 73
     8
 74
     0
 42
0.00000001
 43
0.00000001
 40
0.0
 40
0.0
 40
0.0
 40
0.0
 40
0.1253572780056122
 40
0.2505888740255695
 40
0.3755820749780377
 40
0.5009852626419835
 40
1.0
 40
1.0
 40
1.0
 40
1.0
 10
9.912624289953587
 20
6.86024863013582
 30
0.0
 10
9.913453353476637
 20
6.860977543886787
 30
0.0
 10
9.915110649311726
 20
6.862434640586898
 30
0.0
 10
9.917374670857491
 20
6.863056406412456
 30
0.0
 10
9.919168757604002
 20
6.862035308716775
 30
0.0
 10
9.921364048744756
 20
6.856758514589514
 30
0.0
 10
9.921584486858455
 20
6.849814689931171
 30
0.0
 10
9.92176065391421
 20
6.844265408433492
 30
0.0
  0
SPLINE
  5
23F
330
1F
100
AcDbEntity
  8
0
  6
Continuous
 62
     7
370
    25
100
AcDbSpline
210
0.0
220
0.0
230
1.0
 70
     8
 71
     3
 72
    13
 73
     9
 74
     0
 42
0.00000001
 43
0.00000001
 40
0.0
 40
0.0
 40
0.0
 40
0.0
 40
0.2505130929495953
 40
0.5003915696451038
 40
0.6317814495492349
 40
0.7502440432237705
 40
0.8749895034697208
 40
1.0
 40
1.0
 40
1.0
 40
1.0
 10
9.902883338849604
 20
6.825744659641769
 30
0.0
 10
9.90292103218098
 20
6.828618809983415
 30
0.0
 10
9.90299632335651
 20
6.834359829679904
 30
0.0
 10
9.904008772857644
 20
6.842346680662098
 30
0.0
 10
9.90578209910151
 20
6.848909460883627
 30
0.0
 10
9.907726765494923
 20
6.853622630977648
 30
0.0
 10
9.910106484959064
 20
6.857547580201104
 30
0.0
 10
9.911784428088271
 20
6.859347643426598
 30
0.0
 10
9.912624289953587
 20
6.86024863013582
 30
0.0
  0
ARC
  5
240
330
1F
100
AcDbEntity
  8
0
  6
Continuous
 62
     7
370
    25
100
AcDbCircle
 10
9.7919840394
 20
6.9593896144
 30
0.0
 40
0.1774599989709287
100
AcDbArc
 50
325.0047985066
 51
326.5581002272
  0
LINE
  5
241
330
1F
100
AcDbEntity
  8
0
  6
Continuous
 62
     7
370
    25
100
AcDbLine
 10
9.9372374436
 20
6.8884170269
 30
0.0
 11
9.9373592844
 21
6.8576149154
 31
0.0
  0
ARC
  5
242
330
1F
100
AcDbEntity
  8
0
  6
Continuous
 62
     7
370
    25
100
AcDbCircle
 10
9.787565115
 20
6.9931913168
 30
0.0
 40
0.1827004591370476
100
AcDbArc
 50
323.9406256913
 51
325.0070395233
  0
LINE
  5
243
330
1F
100
AcDbEntity
  8
0
  6
Continuous
 62
     7
370
    25
100
AcDbLine
 10
9.9238311487
 20
6.84047598
 30
0.0
 11
9.9352615276
 21
6.8856495692
 31
0.0
  0
LINE
  5
244
330
1F
100
AcDbEntity
  8
0
  6
Continuous
 62
     7
370
    25
100
AcDbLine
 10
9.9238565322
 20
6.8340588735
 30
0.0
 11
9.9238311487
 21
6.84047598
 31
0.0
  0
ARC
  5
245
330
1F
100
AcDbEntity
  8
0
  6
Continuous
 62
     7
370
    25
100
AcDbCircle
 10
9.7751315513
 20
6.9654597156
 30
0.0
 40
0.1984573033185965
100
AcDbArc
 50
318.5389006772
 51
323.4410728858
  0
LINE
  5
246
330
1F
100
AcDbEntity
  8
0
  6
Continuous
 62
     7
370
    25
100
AcDbLine
 10
9.9345895525
 20
6.8350562759
 30
0.0
 11
9.9345413238
 21
6.8472487784
 31
0.0
  0
ARC
  5
247
330
1F
100
AcDbEntity
  8
0
  6
Continuous
 62
     7
370
    25
100
AcDbCircle
 10
9.7869851926
 20
6.9443311273
 30
0.0
 40
0.1836519539144156
100
AcDbArc
 50
323.4866153276
 51
325.00480335
  0
LINE
  5
248
330
1F
100
AcDbEntity
  8
0
  6
Continuous
 62
     7
370
    25
100
AcDbLine
 10
9.9373846679
 20
6.8511978088
 30
0.0
 11
9.9374328966
 21
6.8390053063
 31
0.0
  0
ARC
  5
249
330
1F
100
AcDbEntity
  8
0
  6
Continuous
 62
     7
370
    25
100
AcDbCircle
 10
9.7920094229
 20
6.9529725078
 30
0.0
 40
0.1774599989663989
100
AcDbArc
 50
325.0047985066
 51
326.5581002273
  0
LINE
  5
24A
330
1F
100
AcDbEntity
  8
0
  6
Continuous
 62
     7
370
    25
100
AcDbLine
 10
9.9400646623
 20
6.8615929869
 30
0.0
 11
9.9400900458
 21
6.8551758804
 31
0.0
  0
ARC
  5
24B
330
1F
100
AcDbEntity
  8
0
  6
Continuous
 62
     7
370
    25
100
AcDbCircle
 10
9.804924154
 20
6.9473772835
 30
0.0
 40
0.1621723126326055
100
AcDbArc
 50
327.793985932
 51
332.5777388075
  0
LINE
  5
24C
330
1F
100
AcDbEntity
  8
0
  6
Continuous
 62
     7
370
    25
100
AcDbLine
 10
9.9488513754
 20
6.8784650813
 30
0.0
 11
9.9488742206
 21
6.8726896854
 31
0.0
  0
ARC
  5
24D
330
1F
100
AcDbEntity
  8
0
  6
Continuous
 62
     7
370
    25
100
AcDbCircle
 10
9.8049013088
 20
6.9531526794
 30
0.0
 40
0.1621723126320409
100
AcDbArc
 50
327.7939859319
 51
332.5777388075
  0
LINE
  5
24E
330
1F
100
AcDbEntity
  8
0
  6
Continuous
 62
     7
370
    25
100
AcDbLine
 10
9.942144185
 20
6.8609451017
 30
0.0
 11
9.9421213399
 21
6.8667204976
 31
0.0
  0
LINE
  5
24F
330
1F
100
AcDbEntity
  8
0
  6
Continuous
 62
     7
370
    25
100
AcDbLine
 10
9.9605842254
 20
6.9314255052
 30
0.0
 11
9.9582897734
 21
6.880343425
 31
0.0
  0
LINE
  5
250
330
1F
100
AcDbEntity
  8
0
  6
Continuous
 62
     7
370
    25
100
AcDbLine
 10
9.9607517565
 20
6.8890726018
 30
0.0
 11
9.9605842254
 21
6.9314255052
 31
0.0
  0
ARC
  5
251
330
1F
100
AcDbEntity
  8
0
  6
Continuous
 62
     7
370
    25
100
AcDbCircle
 10
9.836153979
 20
6.9196105285
 30
0.0
 40
0.1282855062772841
100
AcDbArc
 50
346.2287231354
 51
348.35001582
  0
LINE
  5
252
330
1F
100
AcDbEntity
  8
0
  6
Continuous
 62
     7
370
    25
100
AcDbLine
 10
9.9615987431
 20
6.9437589577
 30
0.0
 11
9.9617967344
 21
6.8937055264
 31
0.0
  0
ARC
  5
253
330
1F
100
AcDbEntity
  8
0
  6
Continuous
 62
     7
370
    25
100
AcDbCircle
 10
9.835396954
 20
6.9697882168
 30
0.0
 40
0.1288581153972637
100
AcDbArc
 50
345.1915548688
 51
348.3460983982
  0
LINE
  5
254
330
1F
100
AcDbEntity
  8
0
  6
Continuous
 62
     7
370
    25
100
AcDbLine
 10
9.9579776166
 20
6.8950976622
 30
0.0
 11
9.9599751408
 21
6.9368535952
 31
0.0
  0
SPLINE
  5
255
330
1F
100
AcDbEntity
  8
0
  6
Continuous
 62
     7
370
    25
100
AcDbSpline
210
0.0
220
0.0
230
1.0
 70
     8
 71
     3
 72
     9
 73
     5
 74
     0
 42
0.00000001
 43
0.00000001
 40
0.0
 40
0.0
 40
0.0
 40
0.0
 40
0.352234354232198
 40
1.0
 40
1.0
 40
1.0
 40
1.0
 10
9.957477032777652
 20
6.88554795798881
 30
0.0
 10
9.957535828842865
 20
6.886667522373473
 30
0.0
 10
9.957702751985101
 20
6.889845986856597
 30
0.0
 10
9.95786956250018
 20
6.893033136265497
 30
0.0
 10
9.9579776166212
 20
6.89509766216051
 30
0.0
  0
SPLINE
  5
256
330
1F
100
AcDbEntity
  8
0
  6
Continuous
 62
     7
370
    25
100
AcDbSpline
210
0.0
220
0.0
230
1.0
 70
     8
 71
     3
 72
    10
 73
     6
 74
     0
 42
0.00000001
 43
0.00000001
 40
0.0
 40
0.0
 40
0.0
 40
0.0
 40
0.6895965401932206
 40
0.8921964026921533
 40
1.0
 40
1.0
 40
1.0
 40
1.0
 10
9.956940587141808
 20
6.891431419610049
 30
0.0
 10
9.957065880722123
 20
6.890081808888564
 30
0.0
 10
9.957227984902062
 20
6.888335689584649
 30
0.0
 10
9.957405241119131
 20
6.88637590978165
 30
0.0
 10
9.957458526635985
 20
6.885761383803001
 30
0.0
 10
9.957477032777652
 20
6.88554795798881
 30
0.0
  0
LINE
  5
257
330
1F
100
AcDbEntity
  8
0
  6
Continuous
 62
     7
370
    25
100
AcDbLine
 10
9.9540202895
 20
6.9193120699
 30
0.0
 11
9.9569405871
 21
6.8914314196
 31
0.0
  0
ARC
  5
258
330
1F
100
AcDbEntity
  8
0
  6
Continuous
 62
     7
370
    25
100
AcDbCircle
 10
9.8185269473
 20
6.9756841345
 30
0.0
 40
0.1467523609294019
100
AcDbArc
 50
334.4928528529
 51
337.4102258797
  0
LINE
  5
259
330
1F
100
AcDbEntity
  8
0
  6
Continuous
 62
     7
370
    25
100
AcDbLine
 10
9.9511735781
 20
6.8624356611
 30
0.0
 11
9.9509755868
 21
6.9124890923
 31
0.0
  0
ARC
  5
25A
330
1F
100
AcDbEntity
  8
0
  6
Continuous
 62
     7
370
    25
100
AcDbCircle
 10
9.8177122302
 20
6.9260964091
 30
0.0
 40
0.1478669070863461
100
AcDbArc
 50
334.4989680866
 51
336.4285819093
  0
LINE
  5
25B
330
1F
100
AcDbEntity
  8
0
  6
Continuous
 62
     7
370
    25
100
AcDbLine
 10
9.9530739359
 20
6.9093185405
 30
0.0
 11
9.953241467
 21
6.8669656371
 31
0.0
  0
LINE
  5
25C
330
1F
100
AcDbEntity
  8
0
  6
Continuous
 62
     7
370
    25
100
AcDbLine
 10
9.9566584649
 20
6.8755447568
 30
0.0
 11
9.9530739359
 21
6.9093185405
 31
0.0
  0
ARC
  5
25D
330
1F
100
AcDbEntity
  8
0
  6
Continuous
 62
     7
370
    25
100
AcDbCircle
 10
9.8283067607
 20
6.9218545678
 30
0.0
 40
0.1364505719408405
100
AcDbArc
 50
340.1603524273
 51
342.2886905628
  0
SPLINE
  5
25E
330
1F
100
AcDbEntity
  8
0
  6
Continuous
 62
     7
370
    25
100
AcDbSpline
210
0.0
220
0.0
230
1.0
 70
     8
 71
     3
 72
    10
 73
     6
 74
     0
 42
0.00000001
 43
0.00000001
 40
0.0
 40
0.0
 40
0.0
 40
0.0
 40
0.2496855319905342
 40
0.4998090218859244
 40
1.0
 40
1.0
 40
1.0
 40
1.0
 10
9.963199882982577
 20
6.906157530751656
 30
0.0
 10
9.963107186314346
 20
6.90708190714641
 30
0.0
 10
9.962921630384406
 20
6.908932281327218
 30
0.0
 10
9.962707186506975
 20
6.914759131970943
 30
0.0
 10
9.962664607957269
 20
6.919978243999531
 30
0.0
 10
9.962636223316784
 20
6.923457522171246
 30
0.0
  0
LINE
  5
25F
330
1F
100
AcDbEntity
  8
0
  6
Continuous
 62
     7
370
    25
100
AcDbLine
 10
9.9640069719
 20
6.9087135216
 30
0.0
 11
9.963623882
 21
6.9057669994
 31
0.0
  0
SPLINE
  5
260
330
1F
100
AcDbEntity
  8
0
  6
Continuous
 62
     7
370
    25
100
AcDbSpline
210
0.0
220
0.0
230
1.0
 70
     8
 71
     3
 72
    10
 73
     6
 74
     0
 42
0.00000001
 43
0.00000001
 40
0.0
 40
0.0
 40
0.0
 40
0.0
 40
0.1770650761330693
 40
0.5884523571459079
 40
1.0
 40
1.0
 40
1.0
 40
1.0
 10
9.963453145108906
 20
6.90556934009509
 30
0.0
 10
9.963437474810226
 20
6.905544737611288
 30
0.0
 10
9.96338539664553
 20
6.905462974510957
 30
0.0
 10
9.96329842950693
 20
6.905689619979767
 30
0.0
 10
9.963232736091161
 20
6.9060015402335
 30
0.0
 10
9.963199882982577
 20
6.906157530751656
 30
0.0
  0
SPLINE
  5
261
330
1F
100
AcDbEntity
  8
0
  6
Continuous
 62
     7
370
    25
100
AcDbSpline
210
0.0
220
0.0
230
1.0
 70
     8
 71
     3
 72
    13
 73
     9
 74
     0
 42
0.00000001
 43
0.00000001
 40
0.0
 40
0.0
 40
0.0
 40
0.0
 40
0.2504937539646758
 40
0.5003640298593189
 40
0.6304163206930153
 40
0.7502166774685508
 40
0.8749850062459431
 40
1.0
 40
1.0
 40
1.0
 40
1.0
 10
9.96425379484435
 20
6.944643459152263
 30
0.0
 10
9.964265505883183
 20
6.941764882196795
 30
0.0
 10
9.964288898812113
 20
6.936014893053745
 30
0.0
 10
9.964326414282086
 20
6.927882485083476
 30
0.0
 10
9.964333215289372
 20
6.921054748134932
 30
0.0
 10
9.964298591054483
 20
6.916045408792841
 30
0.0
 10
9.96420133046043
 20
6.911764460596054
 30
0.0
 10
9.964071800714793
 20
6.909731170558779
 30
0.0
 10
9.964006971885642
 20
6.908713521587127
 30
0.0
  0
SPLINE
  5
262
330
1F
100
AcDbEntity
  8
0
  6
Continuous
 62
     7
370
    25
100
AcDbSpline
210
0.0
220
0.0
230
1.0
 70
     8
 71
     3
 72
    12
 73
     8
 74
     0
 42
0.00000001
 43
0.00000001
 40
0.0
 40
0.0
 40
0.0
 40
0.0
 40
0.1253572780056079
 40
0.2505888740255662
 40
0.3755820749780349
 40
0.5009852626419823
 40
1.0
 40
1.0
 40
1.0
 40
1.0
 10
9.963806442230812
 20
6.959408663469228
 30
0.0
 10
9.963871941863687
 20
6.960253783986619
 30
0.0
 10
9.964002875460139
 20
6.961943177711805
 30
0.0
 10
9.964114909570515
 20
6.962871733942069
 30
0.0
 10
9.964171944201574
 20
6.962087831761508
 30
0.0
 10
9.964217612489557
 20
6.957093767197604
 30
0.0
 10
9.9642377230949
 20
6.950173730264472
 30
0.0
 10
9.96425379484435
 20
6.944643459152263
 30
0.0
  0
SPLINE
  5
263
330
1F
100
AcDbEntity
  8
0
  6
Continuous
 62
     7
370
    25
100
AcDbSpline
210
0.0
220
0.0
230
1.0
 70
     8
 71
     3
 72
    13
 73
     9
 74
     0
 42
0.00000001
 43
0.00000001
 40
0.0
 40
0.0
 40
0.0
 40
0.0
 40
0.250513092949625
 40
0.5003915696451652
 40
0.6317814495480668
 40
0.7502440432237383
 40
0.8749895034697045
 40
1.0
 40
1.0
 40
1.0
 40
1.0
 10
9.962636223316784
 20
6.923457522171246
 30
0.0
 10
9.962633268326567
 20
6.926339123102946
 30
0.0
 10
9.96262736583191
 20
6.93209502510522
 30
0.0
 10
9.962773672166339
 20
6.940240267208512
 30
0.0
 10
9.9630288746425
 20
6.947072548404469
 30
0.0
 10
9.963289219522569
 20
6.952075995148596
 30
0.0
 10
9.963574039242856
 20
6.956349624576815
 30
0.0
 10
9.96372891978273
 20
6.958388262717047
 30
0.0
 10
9.963806442230812
 20
6.959408663469228
 30
0.0
  0
SPLINE
  5
264
330
1F
100
AcDbEntity
  8
0
  6
Continuous
 62
     7
370
    25
100
AcDbSpline
210
0.0
220
0.0
230
1.0
 70
     8
 71
     3
 72
    13
 73
     9
 74
     0
 42
0.00000001
 43
0.00000001
 40
0.0
 40
0.0
 40
0.0
 40
0.0
 40
0.1057491423895793
 40
0.403276542496506
 40
0.5553942564597641
 40
0.7016718238439748
 40
0.8499516011732599
 40
1.0
 40
1.0
 40
1.0
 40
1.0
 10
9.164432153514918
 20
6.91240922869763
 30
0.0
 10
9.164412749703231
 20
6.911827632820965
 30
0.0
 10
9.164338752865897
 20
6.909609704911842
 30
0.0
 10
9.164454019032707
 20
6.908961614554074
 30
0.0
 10
9.164594784604697
 20
6.909873804800837
 30
0.0
 10
9.164703011568509
 20
6.911800949971338
 30
0.0
 10
9.164780324697373
 20
6.914784844410985
 30
0.0
 10
9.164780978825306
 20
6.917593724673486
 30
0.0
 10
9.164781307828253
 20
6.919006490947577
 30
0.0
  0
SPLINE
  5
265
330
1F
100
AcDbEntity
  8
0
  6
Continuous
 62
     7
370
    25
100
AcDbSpline
210
0.0
220
0.0
230
1.0
 70
     8
 71
     3
 72
    12
 73
     8
 74
     0
 42
0.00000001
 43
0.00000001
 40
0.0
 40
0.0
 40
0.0
 40
0.0
 40
0.2672673880196568
 40
0.4017147468466272
 40
0.5350457338759711
 40
0.8022203524647797
 40
1.0
 40
1.0
 40
1.0
 40
1.0
 10
9.164781307828253
 20
6.919006490947577
 30
0.0
 10
9.164763183346347
 20
6.921426257570205
 30
0.0
 10
9.164735941445585
 20
6.925063274205266
 30
0.0
 10
9.16460986136156
 20
6.930615823628155
 30
0.0
 10
9.16445811475172
 20
6.936138456856579
 30
0.0
 10
9.164284340629317
 20
6.941813996709856
 30
0.0
 10
9.16426448366078
 20
6.945473512944402
 30
0.0
 10
9.164256037014464
 20
6.947030177510687
 30
0.0
  0
LINE
  5
266
330
1F
100
AcDbEntity
  8
0
  6
Continuous
 62
     7
370
    25
100
AcDbLine
 10
9.164240897
 20
6.9491114804
 30
0.0
 11
9.1646249839
 21
6.9383813977
 31
0.0
  0
SPLINE
  5
267
330
1F
100
AcDbEntity
  8
0
  6
Continuous
 62
     7
370
    25
100
AcDbSpline
210
0.0
220
0.0
230
1.0
 70
     8
 71
     3
 72
    13
 73
     9
 74
     0
 42
0.00000001
 43
0.00000001
 40
0.0
 40
0.0
 40
0.0
 40
0.0
 40
0.3450896843030301
 40
0.5207202657727394
 40
0.6899375554227061
 40
0.8368660110094753
 40
0.9975915578669294
 40
1.0
 40
1.0
 40
1.0
 40
1.0
 10
9.164624983947318
 20
6.938381397701974
 30
0.0
 10
9.164603790925382
 20
6.941657179390625
 30
0.0
 10
9.164571811887708
 20
6.946600143463785
 30
0.0
 10
9.164422470486167
 20
6.954175061256096
 30
0.0
 10
9.164291420184169
 20
6.959593742452258
 30
0.0
 10
9.164205850826523
 20
6.964281496129646
 30
0.0
 10
9.164134090417214
 20
6.967290645237324
 30
0.0
 10
9.164157115067773
 20
6.968440965696721
 30
0.0
 10
9.164157454994106
 20
6.968457948547922
 30
0.0
  0
LWPOLYLINE
  5
268
330
1F
100
AcDbEntity
  8
0
  6
Continuous
 62
     7
370
    25
100
AcDbPolyline
 90
       23
 70
   128
 43
0.0
 10
9.7708379673
 20
6.9467219931
 10
9.763782049
 20
6.9430394335
 10
9.7377864386
 20
6.9313163304
 10
9.709576286
 20
6.9212758412
 10
9.6795106225
 20
6.9130457513
 10
9.6479720946
 20
6.9067308053
 10
9.6153620939
 20
6.9024113737
 10
9.5820956489
 20
6.9001424301
 10
9.5485961424
 20
6.8999528512
 10
9.5152899236
 20
6.90184505
 10
9.4826008816
 20
6.9057949444
 10
9.4509450507
 20
6.9117522638
 10
9.4207253155
 20
6.9196411895
 10
9.3923262834
 20
6.9293613187
 10
9.3661093896
 20
6.9407889432
 10
9.3424082972
 20
6.9537786233
 10
9.3215246507
 20
6.968165039
 10
9.3037242367
 20
6.9837650939
 10
9.2892336017
 20
7.0003802458
 10
9.2782371683
 20
7.0177990332
 10
9.2708748884
 20
7.0357997667
 10
9.2672404619
 20
7.0541533505
 10
9.2669160599
 20
7.0665341399
  0
ARC
  5
269
330
1F
100
AcDbEntity
  8
0
  6
Continuous
 62
     7
370
    25
100
AcDbCircle
 10
9.4128575169
 20
7.0288512791
 30
0.0
 40
0.1000937242222376
100
AcDbArc
 50
173.6902806898
 51
238.0558509162
  0
LINE
  5
26A
330
1F
100
AcDbEntity
  8
0
  6
Continuous
 62
     7
370
    25
100
AcDbLine
 10
9.7686078099
 20
6.9455320126
 30
0.0
 11
9.7698398665
 21
6.9464903295
 31
0.0
  0
LINE
  5
26B
330
1F
100
AcDbEntity
  8
0
  6
Continuous
 62
     7
370
    25
100
AcDbLine
 10
9.7461379916
 20
6.7716691681
 30
0.0
 11
9.7462179953
 21
6.7514437336
 31
0.0
  0
LINE
  5
26C
330
1F
100
AcDbEntity
  8
0
  6
Continuous
 62
     7
370
    25
100
AcDbLine
 10
9.7787939543
 20
6.7820535989
 30
0.0
 11
9.7789906546
 21
6.732326522
 31
0.0
  0
ARC
  5
26D
330
1F
100
AcDbEntity
  8
0
  6
Continuous
 62
     7
370
    25
100
AcDbCircle
 10
9.6036957158
 20
7.2275552312
 30
0.0
 40
0.525337786578754
100
AcDbArc
 50
288.6642668203
 51
289.4923155789
  0
ARC
  5
26E
330
1F
100
AcDbEntity
  8
0
  6
Continuous
 62
     7
370
    25
100
AcDbCircle
 10
9.5947736826
 20
7.277933967
 30
0.0
 40
0.5533976871390596
100
AcDbArc
 50
285.8847956257
 51
288.6476921628
  0
LINE
  5
26F
330
1F
100
AcDbEntity
  8
0
  6
Continuous
 62
     7
370
    25
100
AcDbLine
 10
9.7462408405
 20
6.7456683377
 30
0.0
 11
9.7463347594
 21
6.7219250434
 31
0.0
  0
ARC
  5
270
330
1F
100
AcDbEntity
  8
0
  6
Continuous
 62
     7
370
    25
100
AcDbCircle
 10
9.5872768892
 20
7.2802677627
 30
0.0
 40
0.5805566280308647
100
AcDbArc
 50
285.1262539198
 51
285.9009266362
  0
LINE
  5
271
330
1F
100
AcDbEntity
  8
0
  6
Continuous
 62
     7
370
    25
100
AcDbLine
 10
9.7462179953
 20
6.7514437336
 30
0.0
 11
9.7464457475
 21
6.751198915
 31
0.0
  0
LINE
  5
272
330
1F
100
AcDbEntity
  8
0
  6
Continuous
 62
     7
370
    25
100
AcDbLine
 10
9.7717215455
 20
6.7535882281
 30
0.0
 11
9.7719811884
 21
6.7533533218
 31
0.0
  0
LINE
  5
273
330
1F
100
AcDbEntity
  8
0
  6
Continuous
 62
     7
370
    25
100
AcDbLine
 10
9.7462408405
 20
6.7456683377
 30
0.0
 11
9.7464685926
 21
6.7454235191
 31
0.0
  0
SPLINE
  5
274
330
1F
100
AcDbEntity
  8
0
  6
Continuous
 62
     7
370
    25
100
AcDbSpline
210
0.0
220
0.0
230
1.0
 70
     8
 71
     3
 72
    10
 73
     6
 74
     0
 42
0.00000001
 43
0.00000001
 40
0.0
 40
0.0
 40
0.0
 40
0.0
 40
0.1301110799401206
 40
0.4293466838068428
 40
1.0
 40
1.0
 40
1.0
 40
1.0
 10
9.823276465015809
 20
6.796910581761561
 30
0.0
 10
9.823588281338893
 20
6.796736981421725
 30
0.0
 10
9.824617227561875
 20
6.796164126825093
 30
0.0
 10
9.826215230121196
 20
6.793687340268855
 30
0.0
 10
9.826561437233638
 20
6.790729133734571
 30
0.0
 10
9.826788551560819
 20
6.788788529216172
 30
0.0
  0
SPLINE
  5
275
330
1F
100
AcDbEntity
  8
0
  6
Continuous
 62
     7
370
    25
100
AcDbSpline
210
0.0
220
0.0
230
1.0
 70
     8
 71
     3
 72
    12
 73
     8
 74
     0
 42
0.00000001
 43
0.00000001
 40
0.0
 40
0.0
 40
0.0
 40
0.0
 40
0.2496817157135384
 40
0.3756093965438555
 40
0.5003264072697216
 40
0.7496831930528046
 40
1.0
 40
1.0
 40
1.0
 40
1.0
 10
9.826788551560819
 20
6.788788529216172
 30
0.0
 10
9.826655421051868
 20
6.786969260290073
 30
0.0
 10
9.82645514579348
 20
6.784232437925929
 30
0.0
 10
9.82495503324188
 20
6.780407065032906
 30
0.0
 10
9.82294807561521
 20
6.776753632736747
 30
0.0
 10
9.819428144238683
 20
6.7728076459227
 30
0.0
 10
9.816250598545853
 20
6.77071842543728
 30
0.0
 10
9.814658773195603
 20
6.769671808188484
 30
0.0
  0
LINE
  5
276
330
1F
100
AcDbEntity
  8
0
  6
Continuous
 62
     7
370
    25
100
AcDbLine
 10
9.8182806949
 20
6.7688365188
 30
0.0
 11
9.8191488471
 21
6.7680216244
 31
0.0
  0
LINE
  5
277
330
1F
100
AcDbEntity
  8
0
  6
Continuous
 62
     7
370
    25
100
AcDbLine
 10
9.8203853157
 20
6.7668610084
 30
0.0
 11
9.8231493493
 21
6.7642665376
 31
0.0
  0
LINE
  5
278
330
1F
100
AcDbEntity
  8
0
  6
Continuous
 62
     7
370
    25
100
AcDbLine
 10
9.8231493493
 20
6.7642665376
 30
0.0
 11
9.8306135124
 21
6.7540330979
 31
0.0
  0
ARC
  5
279
330
1F
100
AcDbEntity
  8
0
  6
Continuous
 62
     7
370
    25
100
AcDbCircle
 10
9.6418879125
 20
7.1348164486
 30
0.0
 40
0.4249862494577343
100
AcDbArc
 50
295.2708625152
 51
296.3641473076
  0
SPLINE
  5
27A
330
1F
100
AcDbEntity
  8
0
  6
Continuous
 62
     7
370
    25
100
AcDbSpline
210
0.0
220
0.0
230
1.0
 70
     8
 71
     3
 72
    10
 73
     6
 74
     0
 42
0.00000001
 43
0.00000001
 40
0.0
 40
0.0
 40
0.0
 40
0.0
 40
0.0932461908252791
 40
0.5465500577947953
 40
1.0
 40
1.0
 40
1.0
 40
1.0
 10
9.811245425411093
 20
6.765122898810669
 30
0.0
 10
9.811162227592305
 20
6.765192399356502
 30
0.0
 10
9.810674574721299
 20
6.765599767496749
 30
0.0
 10
9.809439050916723
 20
6.765850223733667
 30
0.0
 10
9.808240434076387
 20
6.765774504386976
 30
0.0
 10
9.807641029109483
 20
6.765736638614553
 30
0.0
  0
LINE
  5
27B
330
1F
100
AcDbEntity
  8
0
  6
Continuous
 62
     7
370
    25
100
AcDbLine
 10
9.8076410291
 20
6.7657366386
 30
0.0
 11
9.8043236397
 21
6.7645683991
 31
0.0
  0
ARC
  5
27C
330
1F
100
AcDbEntity
  8
0
  6
Continuous
 62
     7
370
    25
100
AcDbCircle
 10
9.6204447784
 20
7.2052839318
 30
0.0
 40
0.4775370314559769
100
AcDbArc
 50
291.7435314725
 51
292.6472639388
  0
LINE
  5
27D
330
1F
100
AcDbEntity
  8
0
  6
Continuous
 62
     7
370
    25
100
AcDbLine
 10
9.7973496014
 20
6.7617230003
 30
0.0
 11
9.7974384437
 21
6.7392631273
 31
0.0
  0
ARC
  5
27E
330
1F
100
AcDbEntity
  8
0
  6
Continuous
 62
     7
370
    25
100
AcDbCircle
 10
9.615569389
 20
7.1952669827
 30
0.0
 40
0.4909336708287379
100
AcDbArc
 50
290.8774120894
 51
291.7437088877
  0
SPLINE
  5
27F
330
1F
100
AcDbEntity
  8
0
  6
Continuous
 62
     7
370
    25
100
AcDbSpline
210
0.0
220
0.0
230
1.0
 70
     8
 71
     3
 72
    11
 73
     7
 74
     0
 42
0.00000001
 43
0.00000001
 40
0.0
 40
0.0
 40
0.0
 40
0.0
 40
0.1294536231261074
 40
0.3185060737457238
 40
0.5253371975118811
 40
1.0
 40
1.0
 40
1.0
 40
1.0
 10
9.818408968946466
 20
6.790106862752682
 30
0.0
 10
9.81819140360438
 20
6.790262860429189
 30
0.0
 10
9.817656108560355
 20
6.790646675159568
 30
0.0
 10
9.816496109061951
 20
6.79080480593666
 30
0.0
 10
9.81444539524682
 20
6.790643339158909
 30
0.0
 10
9.81272843535578
 20
6.789971668281729
 30
0.0
 10
9.811532567040238
 20
6.789503847265825
 30
0.0
  0
ARC
  5
280
330
1F
100
AcDbEntity
  8
0
  6
Continuous
 62
     7
370
    25
100
AcDbCircle
 10
9.6231051042
 20
7.2203734263
 30
0.0
 40
0.470269606556562
100
AcDbArc
 50
291.7363969356
 51
293.6206737509
  0
LINE
  5
281
330
1F
100
AcDbEntity
  8
0
  6
Continuous
 62
     7
370
    25
100
AcDbLine
 10
9.7972632975
 20
6.7835411626
 30
0.0
 11
9.7973267563
 21
6.7674983962
 31
0.0
  0
LINE
  5
282
330
1F
100
AcDbEntity
  8
0
  6
Continuous
 62
     7
370
    25
100
AcDbLine
 10
9.7789906546
 20
6.732326522
 30
0.0
 11
9.7792592777
 21
6.7320947215
 31
0.0
  0
LINE
  5
283
330
1F
100
AcDbEntity
  8
0
  6
Continuous
 62
     7
370
    25
100
AcDbLine
 10
9.7463347594
 20
6.7219250434
 30
0.0
 11
9.7465625116
 21
6.7216802248
 31
0.0
  0
ARC
  5
284
330
1F
100
AcDbEntity
  8
0
  6
Continuous
 62
     7
370
    25
100
AcDbCircle
 10
9.6226968874
 20
7.2059818945
 30
0.0
 40
0.4722933995995197
100
AcDbArc
 50
291.7382125553
 51
293.4278468767
  0
LINE
  5
285
330
1F
100
AcDbEntity
  8
0
  6
Continuous
 62
     7
370
    25
100
AcDbLine
 10
9.7975550092
 20
6.7833180438
 30
0.0
 11
9.797618468
 21
6.7672752774
 31
0.0
  0
ARC
  5
286
330
1F
100
AcDbEntity
  8
0
  6
Continuous
 62
     7
370
    25
100
AcDbCircle
 10
9.6231788457
 20
7.2206970312
 30
0.0
 40
0.47085817927954
100
AcDbArc
 50
291.7363969356
 51
293.6206737509
  0
SPLINE
  5
287
330
1F
100
AcDbEntity
  8
0
  6
Continuous
 62
     7
370
    25
100
AcDbSpline
210
0.0
220
0.0
230
1.0
 70
     8
 71
     3
 72
    13
 73
     9
 74
     0
 42
0.00000001
 43
0.00000001
 40
0.0
 40
0.0
 40
0.0
 40
0.0
 40
0.2494884266535053
 40
0.3751670306188368
 40
0.500078444015336
 40
0.6086205259957065
 40
0.7273930895947441
 40
0.9999999999999999
 40
0.9999999999999999
 40
0.9999999999999999
 40
0.9999999999999999
 10
9.82068227770522
 20
6.785384284330094
 30
0.0
 10
9.820569646091979
 20
6.786508347704047
 30
0.0
 10
9.820400276841228
 20
6.788198652636784
 30
0.0
 10
9.819238866590243
 20
6.789669188769437
 30
0.0
 10
9.818143258989409
 20
6.790369203929346
 30
0.0
 10
9.81681847588933
 20
6.790602431229718
 30
0.0
 10
9.814753956566207
 20
6.790422192035233
 30
0.0
 10
9.813037616918459
 20
6.78975376765747
 30
0.0
 10
9.811842137646662
 20
6.789288191109478
 30
0.0
  0
SPLINE
  5
288
330
1F
100
AcDbEntity
  8
0
  6
Continuous
 62
     7
370
    25
100
AcDbSpline
210
0.0
220
0.0
230
1.0
 70
     8
 71
     3
 72
    14
 73
    10
 74
     0
 42
0.00000001
 43
0.00000001
 40
0.0
 40
0.0
 40
0.0
 40
0.0
 40
0.2503234301812872
 40
0.3850833922388682
 40
0.5002612892150445
 40
0.6219823026199172
 40
0.7499595610183815
 40
0.874987245548107
 40
1.0
 40
1.0
 40
1.0
 40
1.0
 10
9.810477857566232
 20
6.77262365642335
 30
0.0
 10
9.811708762683608
 20
6.773191597396412
 30
0.0
 10
9.813602317425088
 20
6.774065285633825
 30
0.0
 10
9.815989760193045
 20
6.775683966838674
 30
0.0
 10
9.817649680161294
 20
6.777220002499582
 30
0.0
 10
9.819004826361553
 20
6.779097915207347
 30
0.0
 10
9.819962937265094
 20
6.781212682768651
 30
0.0
 10
9.820580507419983
 20
6.783375071093007
 30
0.0
 10
9.820648355627227
 20
6.784714573245248
 30
0.0
 10
9.82068227770522
 20
6.785384284330094
 30
0.0
  0
LINE
  5
289
330
1F
100
AcDbEntity
  8
0
  6
Continuous
 62
     7
370
    25
100
AcDbLine
 10
9.7972632975
 20
6.7835411626
 30
0.0
 11
9.7975550092
 21
6.7833180438
 31
0.0
  0
LINE
  5
28A
330
1F
100
AcDbEntity
  8
0
  6
Continuous
 62
     7
370
    25
100
AcDbLine
 10
9.811532567
 20
6.7895038473
 30
0.0
 11
9.8118421376
 21
6.7892881911
 31
0.0
  0
LINE
  5
28B
330
1F
100
AcDbEntity
  8
0
  6
Continuous
 62
     7
370
    25
100
AcDbLine
 10
9.7973267563
 20
6.7674983962
 30
0.0
 11
9.797618468
 21
6.7672752774
 31
0.0
  0
LINE
  5
28C
330
1F
100
AcDbEntity
  8
0
  6
Continuous
 62
     7
370
    25
100
AcDbLine
 10
9.8267885516
 20
6.7887885292
 30
0.0
 11
9.8271171778
 21
6.7885816406
 31
0.0
  0
LINE
  5
28D
330
1F
100
AcDbEntity
  8
0
  6
Continuous
 62
     7
370
    25
100
AcDbLine
 10
9.8043236397
 20
6.7645683991
 30
0.0
 11
9.8046240799
 21
6.7643488415
 31
0.0
  0
LINE
  5
28E
330
1F
100
AcDbEntity
  8
0
  6
Continuous
 62
     7
370
    25
100
AcDbLine
 10
9.7973496014
 20
6.7617230003
 30
0.0
 11
9.7976413131
 21
6.7614998815
 31
0.0
  0
LINE
  5
28F
330
1F
100
AcDbEntity
  8
0
  6
Continuous
 62
     7
370
    25
100
AcDbLine
 10
9.8146587732
 20
6.7696718082
 30
0.0
 11
9.8149721516
 21
6.7694578347
 31
0.0
  0
LINE
  5
290
330
1F
100
AcDbEntity
  8
0
  6
Continuous
 62
     7
370
    25
100
AcDbLine
 10
9.7974384437
 20
6.7392631273
 30
0.0
 11
9.7977301554
 21
6.7390400085
 31
0.0
  0
LINE
  5
291
330
1F
100
AcDbEntity
  8
0
  6
Continuous
 62
     7
370
    25
100
AcDbLine
 10
9.8076410291
 20
6.7657366386
 30
0.0
 11
9.80794562
 21
6.7655188317
 31
0.0
  0
SPLINE
  5
292
330
1F
100
AcDbEntity
  8
0
  6
Continuous
 62
     7
370
    25
100
AcDbSpline
210
0.0
220
0.0
230
1.0
 70
     8
 71
     3
 72
    10
 73
     6
 74
     0
 42
0.00000001
 43
0.00000001
 40
0.0
 40
0.0
 40
0.0
 40
0.0
 40
0.1892568445450633
 40
0.4681467258938149
 40
1.0
 40
1.0
 40
1.0
 40
1.0
 10
9.865371278858545
 20
6.820539686862015
 30
0.0
 10
9.86579543599391
 20
6.820313899693843
 30
0.0
 10
9.86684463331442
 20
6.819755391367331
 30
0.0
 10
9.868350740870046
 20
6.817282139091881
 30
0.0
 10
9.868642711313779
 20
6.814337293632692
 30
0.0
 10
9.868834246000684
 20
6.812405454074543
 30
0.0
  0
SPLINE
  5
293
330
1F
100
AcDbEntity
  8
0
  6
Continuous
 62
     7
370
    25
100
AcDbSpline
210
0.0
220
0.0
230
1.0
 70
     8
 71
     3
 72
    12
 73
     8
 74
     0
 42
0.00000001
 43
0.00000001
 40
0.0
 40
0.0
 40
0.0
 40
0.0
 40
0.2496817157135207
 40
0.3756093965351381
 40
0.5003264072697514
 40
0.7496831930528163
 40
1.0
 40
1.0
 40
1.0
 40
1.0
 10
9.868834246000684
 20
6.812405454074544
 30
0.0
 10
9.86872101358147
 20
6.81057545797499
 30
0.0
 10
9.868550672070764
 20
6.807822498157127
 30
0.0
 10
9.867263221258687
 20
6.8038811938575
 30
0.0
 10
9.865537412347685
 20
6.800072987581423
 30
0.0
 10
9.862502990724876
 20
6.795856010819004
 30
0.0
 10
9.859746961614674
 20
6.793521881437197
 30
0.0
 10
9.858366299484926
 20
6.792352574468897
 30
0.0
  0
LINE
  5
294
330
1F
100
AcDbEntity
  8
0
  6
Continuous
 62
     7
370
    25
100
AcDbLine
 10
9.8615082686
 20
6.7917954129
 30
0.0
 11
9.8657168963
 21
6.7875974913
 31
0.0
  0
LINE
  5
295
330
1F
100
AcDbEntity
  8
0
  6
Continuous
 62
     7
370
    25
100
AcDbLine
 10
9.8657168963
 20
6.7875974913
 30
0.0
 11
9.8721322689
 21
6.7779317252
 31
0.0
  0
ARC
  5
296
330
1F
100
AcDbEntity
  8
0
  6
Continuous
 62
     7
370
    25
100
AcDbCircle
 10
9.6864329904
 20
7.0555324059
 30
0.0
 40
0.333985568534469
100
AcDbArc
 50
302.4964951697
 51
303.7803015498
  0
SPLINE
  5
297
330
1F
100
AcDbEntity
  8
0
  6
Continuous
 62
     7
370
    25
100
AcDbSpline
210
0.0
220
0.0
230
1.0
 70
     8
 71
     3
 72
    10
 73
     6
 74
     0
 42
0.00000001
 43
0.00000001
 40
0.0
 40
0.0
 40
0.0
 40
0.0
 40
0.0585403951494004
 40
0.5291943644586552
 40
1.0
 40
1.0
 40
1.0
 40
1.0
 10
9.855310494165943
 20
6.787611064534862
 30
0.0
 10
9.85526634350912
 20
6.787648648869937
 30
0.0
 10
9.854867229722508
 20
6.787988404320215
 30
0.0
 10
9.853820837550186
 20
6.788123842326108
 30
0.0
 10
9.852775137896316
 20
6.787958287668499
 30
0.0
 10
9.852252203839889
 20
6.787875497004521
 30
0.0
  0
LINE
  5
298
330
1F
100
AcDbEntity
  8
0
  6
Continuous
 62
     7
370
    25
100
AcDbLine
 10
9.8522522038
 20
6.787875497
 30
0.0
 11
9.8493486772
 21
6.7864507127
 31
0.0
  0
ARC
  5
299
330
1F
100
AcDbEntity
  8
0
  6
Continuous
 62
     7
370
    25
100
AcDbCircle
 10
9.6607299903
 20
7.1206707755
 30
0.0
 40
0.3837708423341632
100
AcDbArc
 50
298.3929008101
 51
299.4384173165
  0
LINE
  5
29A
330
1F
100
AcDbEntity
  8
0
  6
Continuous
 62
     7
370
    25
100
AcDbLine
 10
9.8432188642
 20
6.783064688
 30
0.0
 11
9.8433077065
 21
6.760604815
 31
0.0
  0
ARC
  5
29B
330
1F
100
AcDbEntity
  8
0
  6
Continuous
 62
     7
370
    25
100
AcDbCircle
 10
9.6545554098
 20
7.1097948419
 30
0.0
 40
0.3969396735540919
100
AcDbArc
 50
297.3949784833
 51
298.3931376162
  0
SPLINE
  5
29C
330
1F
100
AcDbEntity
  8
0
  6
Continuous
 62
     7
370
    25
100
AcDbSpline
210
0.0
220
0.0
230
1.0
 70
     8
 71
     3
 72
    11
 73
     7
 74
     0
 42
0.00000001
 43
0.00000001
 40
0.0
 40
0.0
 40
0.0
 40
0.0
 40
0.0687867774859156
 40
0.2710139608349614
 40
0.4922587817868794
 40
1.0
 40
1.0
 40
1.0
 40
1.0
 10
9.861311309651096
 20
6.813267412331879
 30
0.0
 10
9.861216267387896
 20
6.813333644910599
 30
0.0
 10
9.860841809081544
 20
6.81359459554895
 30
0.0
 10
9.859946157481279
 20
6.813624635036348
 30
0.0
 10
9.858173874223349
 20
6.813319922516583
 30
0.0
 10
9.856678124267978
 20
6.812512424176043
 30
0.0
 10
9.855636329413649
 20
6.811949998876924
 30
0.0
  0
ARC
  5
29D
330
1F
100
AcDbEntity
  8
0
  6
Continuous
 62
     7
370
    25
100
AcDbCircle
 10
9.6640537493
 20
7.1363184347
 30
0.0
 40
0.3767210734022821
100
AcDbArc
 50
298.3829100075
 51
300.567484612
  0
LINE
  5
29E
330
1F
100
AcDbEntity
  8
0
  6
Continuous
 62
     7
370
    25
100
AcDbLine
 10
9.8431325603
 20
6.8048828503
 30
0.0
 11
9.8431960191
 21
6.7888400839
 31
0.0
  0
LINE
  5
29F
330
1F
100
AcDbEntity
  8
0
  6
Continuous
 62
     7
370
    25
100
AcDbLine
 10
9.8231493493
 20
6.7642665376
 30
0.0
 11
9.8234733083
 21
6.7640574195
 31
0.0
  0
ARC
  5
2A0
330
1F
100
AcDbEntity
  8
0
  6
Continuous
 62
     7
370
    25
100
AcDbCircle
 10
9.6635680677
 20
7.1217064466
 30
0.0
 40
0.3785796557024828
100
AcDbArc
 50
298.3854493204
 51
300.3435385658
  0
LINE
  5
2A1
330
1F
100
AcDbEntity
  8
0
  6
Continuous
 62
     7
370
    25
100
AcDbLine
 10
9.8434816804
 20
6.804686442
 30
0.0
 11
9.8435451391
 21
6.7886436755
 31
0.0
  0
ARC
  5
2A2
330
1F
100
AcDbEntity
  8
0
  6
Continuous
 62
     7
370
    25
100
AcDbCircle
 10
9.6641787406
 20
7.1365368393
 30
0.0
 40
0.3771925641076744
100
AcDbArc
 50
298.3829100075
 51
300.567484612
  0
SPLINE
  5
2A3
330
1F
100
AcDbEntity
  8
0
  6
Continuous
 62
     7
370
    25
100
AcDbSpline
210
0.0
220
0.0
230
1.0
 70
     8
 71
     3
 72
    13
 73
     9
 74
     0
 42
0.00000001
 43
0.00000001
 40
0.0
 40
0.0
 40
0.0
 40
0.0
 40
0.2494884266548226
 40
0.3751670306201417
 40
0.5000784440163016
 40
0.608620526001188
 40
0.727393089599985
 40
1.0
 40
1.0
 40
1.0
 40
1.0
 10
9.863673797711249
 20
6.808536934027612
 30
0.0
 10
9.863575903753233
 20
6.80965269989667
 30
0.0
 10
9.86342869618117
 20
6.811330527496031
 30
0.0
 10
9.862423460118986
 20
6.812712376230451
 30
0.0
 10
9.861474603651459
 20
6.813328477419707
 30
0.0
 10
9.860326244320104
 20
6.813459990369762
 30
0.0
 10
9.858534954355402
 20
6.81312098555638
 30
0.0
 10
9.857041401010756
 20
6.812320203177786
 30
0.0
 10
9.856001098721414
 20
6.811762435526099
 30
0.0
  0
SPLINE
  5
2A4
330
1F
100
AcDbEntity
  8
0
  6
Continuous
 62
     7
370
    25
100
AcDbSpline
210
0.0
220
0.0
230
1.0
 70
     8
 71
     3
 72
    14
 73
    10
 74
     0
 42
0.00000001
 43
0.00000001
 40
0.0
 40
0.0
 40
0.0
 40
0.0
 40
0.2503234301810762
 40
0.3850833922312176
 40
0.5002612892150909
 40
0.6219823026264228
 40
0.7499595610185908
 40
0.8749872455482121
 40
1.0
 40
1.0
 40
1.0
 40
1.0
 10
9.854820287769549
 20
6.794987692902801
 30
0.0
 10
9.85589270417118
 20
6.795650644341371
 30
0.0
 10
9.857542448845605
 20
6.796670491299622
 30
0.0
 10
9.85961518857622
 20
6.798473291287724
 30
0.0
 10
9.861054002187755
 20
6.800137369512991
 30
0.0
 10
9.862226582535483
 20
6.80211992640446
 30
0.0
 10
9.863054273169828
 20
6.804308876199746
 30
0.0
 10
9.863586941867446
 20
6.806519304282298
 30
0.0
 10
9.86364484691583
 20
6.807864417551705
 30
0.0
 10
9.863673797711249
 20
6.808536934027612
 30
0.0
  0
LINE
  5
2A5
330
1F
100
AcDbEntity
  8
0
  6
Continuous
 62
     7
370
    25
100
AcDbLine
 10
9.8431325603
 20
6.8048828503
 30
0.0
 11
9.8434816804
 21
6.804686442
 31
0.0
  0
LINE
  5
2A6
330
1F
100
AcDbEntity
  8
0
  6
Continuous
 62
     7
370
    25
100
AcDbLine
 10
9.8556363294
 20
6.8119499989
 30
0.0
 11
9.8560010987
 21
6.8117624355
 31
0.0
  0
LINE
  5
2A7
330
1F
100
AcDbEntity
  8
0
  6
Continuous
 62
     7
370
    25
100
AcDbLine
 10
9.8431960191
 20
6.7888400839
 30
0.0
 11
9.8435451391
 21
6.7886436755
 31
0.0
  0
LINE
  5
2A8
330
1F
100
AcDbEntity
  8
0
  6
Continuous
 62
     7
370
    25
100
AcDbLine
 10
9.8306135124
 20
6.7540330979
 30
0.0
 11
9.8309467448
 21
6.7538284646
 31
0.0
  0
LINE
  5
2A9
330
1F
100
AcDbEntity
  8
0
  6
Continuous
 62
     7
370
    25
100
AcDbLine
 10
9.868834246
 20
6.8124054541
 30
0.0
 11
9.8692154951
 21
6.8122281236
 31
0.0
  0
LINE
  5
2AA
330
1F
100
AcDbEntity
  8
0
  6
Continuous
 62
     7
370
    25
100
AcDbLine
 10
9.8493486772
 20
6.7864507127
 30
0.0
 11
9.8497054691
 21
6.7862585421
 31
0.0
  0
LINE
  5
2AB
330
1F
100
AcDbEntity
  8
0
  6
Continuous
 62
     7
370
    25
100
AcDbLine
 10
9.8432188642
 20
6.783064688
 30
0.0
 11
9.8435679843
 21
6.7828682796
 31
0.0
  0
LINE
  5
2AC
330
1F
100
AcDbEntity
  8
0
  6
Continuous
 62
     7
370
    25
100
AcDbLine
 10
9.8433077065
 20
6.760604815
 30
0.0
 11
9.8436568265
 21
6.7604084067
 31
0.0
  0
LINE
  5
2AD
330
1F
100
AcDbEntity
  8
0
  6
Continuous
 62
     7
370
    25
100
AcDbLine
 10
9.8583662995
 20
6.7923525745
 30
0.0
 11
9.8587343807
 21
6.7921669874
 31
0.0
  0
LINE
  5
2AE
330
1F
100
AcDbEntity
  8
0
  6
Continuous
 62
     7
370
    25
100
AcDbLine
 10
9.8522522038
 20
6.787875497
 30
0.0
 11
9.8526126285
 21
6.7876853983
 31
0.0
  0
LINE
  5
2AF
330
1F
100
AcDbEntity
  8
0
  6
Continuous
 62
     7
370
    25
100
AcDbLine
 10
9.8979605378
 20
6.8031916898
 30
0.0
 11
9.8979839481
 21
6.7972734222
 31
0.0
  0
ARC
  5
2B0
330
1F
100
AcDbEntity
  8
0
  6
Continuous
 62
     7
370
    25
100
AcDbCircle
 10
9.7092999942
 20
7.0226138848
 30
0.0
 40
0.2939046759490198
100
AcDbArc
 50
304.2855956616
 51
309.9403924836
  0
SPLINE
  5
2B1
330
1F
100
AcDbEntity
  8
0
  6
Continuous
 62
     7
370
    25
100
AcDbSpline
210
0.0
220
0.0
230
1.0
 70
     8
 71
     3
 72
    10
 73
     6
 74
     0
 42
0.00000001
 43
0.00000001
 40
0.0
 40
0.0
 40
0.0
 40
0.0
 40
0.2194120353573898
 40
0.479897305038864
 40
1.0
 40
1.0
 40
1.0
 40
1.0
 10
9.891036335463156
 20
6.834078448860579
 30
0.0
 10
9.890769933834818
 20
6.834155036966878
 30
0.0
 10
9.890187261041646
 20
6.834322550229091
 30
0.0
 10
9.888771277864425
 20
6.834085308076358
 30
0.0
 10
9.887565994910558
 20
6.833280981835834
 30
0.0
 10
9.88676291961233
 20
6.832745062420888
 30
0.0
  0
SPLINE
  5
2B2
330
1F
100
AcDbEntity
  8
0
  6
Continuous
 62
     7
370
    25
100
AcDbSpline
210
0.0
220
0.0
230
1.0
 70
     8
 71
     3
 72
    13
 73
     9
 74
     0
 42
0.00000001
 43
0.00000001
 40
0.0
 40
0.0
 40
0.0
 40
0.0
 40
0.2497529494724597
 40
0.3773484322604058
 40
0.5001138157923755
 40
0.6248388471650913
 40
0.7503262300002597
 40
1.0
 40
1.0
 40
1.0
 40
1.0
 10
9.88676291961233
 20
6.832745062420888
 30
0.0
 10
9.885886411411954
 20
6.832005453411136
 30
0.0
 10
9.884562106750192
 20
6.830887987928124
 30
0.0
 10
9.88293096129295
 20
6.828682893410929
 30
0.0
 10
9.881847323940931
 20
6.826804327884918
 30
0.0
 10
9.880975731007398
 20
6.824774215370444
 30
0.0
 10
9.88014245913768
 20
6.821965851516027
 30
0.0
 10
9.880038844008192
 20
6.820028563871162
 30
0.0
 10
9.879969887028471
 20
6.818739278170304
 30
0.0
  0
LINE
  5
2B3
330
1F
100
AcDbEntity
  8
0
  6
Continuous
 62
     7
370
    25
100
AcDbLine
 10
9.879969887
 20
6.8187392782
 30
0.0
 11
9.875202575
 21
6.8160447486
 31
0.0
  0
SPLINE
  5
2B4
330
1F
100
AcDbEntity
  8
0
  6
Continuous
 62
     7
370
    25
100
AcDbSpline
210
0.0
220
0.0
230
1.0
 70
     8
 71
     3
 72
    11
 73
     7
 74
     0
 42
0.00000001
 43
0.00000001
 40
0.0
 40
0.0
 40
0.0
 40
0.0
 40
0.2363426822883001
 40
0.4892160335302527
 40
0.746399906074911
 40
1.0
 40
1.0
 40
1.0
 40
1.0
 10
9.894414982830698
 20
6.840797834889487
 30
0.0
 10
9.894847614728908
 20
6.840518531898287
 30
0.0
 10
9.895743138377757
 20
6.839940390446285
 30
0.0
 10
9.896707320337574
 20
6.838261447960276
 30
0.0
 10
9.897308684493431
 20
6.835972540280277
 30
0.0
 10
9.897381318121038
 20
6.834089975279231
 30
0.0
 10
9.897417380127663
 20
6.833155297034757
 30
0.0
  0
SPLINE
  5
2B5
330
1F
100
AcDbEntity
  8
0
  6
Continuous
 62
     7
370
    25
100
AcDbSpline
210
0.0
220
0.0
230
1.0
 70
     8
 71
     3
 72
    10
 73
     6
 74
     0
 42
0.00000001
 43
0.00000001
 40
0.0
 40
0.0
 40
0.0
 40
0.0
 40
0.2492407077877029
 40
0.4992283203082293
 40
1.0
 40
1.0
 40
1.0
 40
1.0
 10
9.897417380127663
 20
6.833155297034757
 30
0.0
 10
9.897251640390142
 20
6.830872505116195
 30
0.0
 10
9.896919664239432
 20
6.826300080389784
 30
0.0
 10
9.893633768384055
 20
6.816363855987516
 30
0.0
 10
9.890278485566773
 20
6.809580331088707
 30
0.0
 10
9.888040443853962
 20
6.805055582353599
 30
0.0
  0
LINE
  5
2B6
330
1F
100
AcDbEntity
  8
0
  6
Continuous
 62
     7
370
    25
100
AcDbLine
 10
9.8880404439
 20
6.8050555824
 30
0.0
 11
9.8809499203
 21
6.7904828691
 31
0.0
  0
LINE
  5
2B7
330
1F
100
AcDbEntity
  8
0
  6
Continuous
 62
     7
370
    25
100
AcDbLine
 10
9.8657168963
 20
6.7875974913
 30
0.0
 11
9.8660941313
 21
6.7874175733
 31
0.0
  0
LINE
  5
2B8
330
1F
100
AcDbEntity
  8
0
  6
Continuous
 62
     7
370
    25
100
AcDbLine
 10
9.8803650669
 20
6.818571456
 30
0.0
 11
9.879969887
 21
6.8187392782
 31
0.0
  0
LINE
  5
2B9
330
1F
100
AcDbEntity
  8
0
  6
Continuous
 62
     7
370
    25
100
AcDbLine
 10
9.8871666459
 20
6.8325835254
 30
0.0
 11
9.8867629196
 21
6.8327450624
 31
0.0
  0
ARC
  5
2BA
330
1F
100
AcDbEntity
  8
0
  6
Continuous
 62
     7
370
    25
100
AcDbCircle
 10
9.5637788882
 20
7.0646456671
 30
0.0
 40
0.4679525458097376
100
AcDbArc
 50
257.0417882769
 51
283.4114876205
  0
LINE
  5
2BB
330
1F
100
AcDbEntity
  8
0
  6
Continuous
 62
     7
370
    25
100
AcDbLine
 10
9.8978344013
 20
6.8330043379
 30
0.0
 11
9.8974173801
 21
6.833155297
 31
0.0
  0
LINE
  5
2BC
330
1F
100
AcDbEntity
  8
0
  6
Continuous
 62
     7
370
    25
100
AcDbLine
 10
9.8721322689
 20
6.7779317252
 30
0.0
 11
9.8725174648
 21
6.7777570026
 31
0.0
  0
LINE
  5
2BD
330
1F
100
AcDbEntity
  8
0
  6
Continuous
 62
     7
370
    25
100
AcDbLine
 10
9.8884456275
 20
6.8048951551
 30
0.0
 11
9.8880404439
 21
6.8050555824
 31
0.0
  0
LINE
  5
2BE
330
1F
100
AcDbEntity
  8
0
  6
Continuous
 62
     7
370
    25
100
AcDbLine
 10
9.8813461838
 20
6.7903158236
 30
0.0
 11
9.8809499203
 21
6.7904828691
 31
0.0
  0
LINE
  5
2BF
330
1F
100
AcDbEntity
  8
0
  6
Continuous
 62
     7
370
    25
100
AcDbLine
 10
9.898401499
 20
6.797122907
 30
0.0
 11
9.8979839481
 21
6.7972734222
 31
0.0
  0
SPLINE
  5
2C0
330
1F
100
AcDbEntity
  8
0
  6
Continuous
 62
     7
370
    25
100
AcDbSpline
210
0.0
220
0.0
230
1.0
 70
     8
 71
     3
 72
    10
 73
     6
 74
     0
 42
0.00000001
 43
0.00000001
 40
0.0
 40
0.0
 40
0.0
 40
0.0
 40
0.1327181673175309
 40
0.3068593591285436
 40
1.0
 40
1.0
 40
1.0
 40
1.0
 10
9.917268034806577
 20
6.862671588456717
 30
0.0
 10
9.917744652918792
 20
6.862487167770587
 30
0.0
 10
9.918846647705333
 20
6.862060766361502
 30
0.0
 10
9.920871502430233
 20
6.856740505722906
 30
0.0
 10
9.921117321157995
 20
6.849874908961676
 30
0.0
 10
9.921313782036203
 20
6.844387852782573
 30
0.0
  0
SPLINE
  5
2C1
330
1F
100
AcDbEntity
  8
0
  6
Continuous
 62
     7
370
    25
100
AcDbSpline
210
0.0
220
0.0
230
1.0
 70
     8
 71
     3
 72
    13
 73
     9
 74
     0
 42
0.00000001
 43
0.00000001
 40
0.0
 40
0.0
 40
0.0
 40
0.0
 40
0.2506008324767311
 40
0.5005584852352083
 40
0.6306397726975084
 40
0.7503947585767626
 40
0.8750852492297151
 40
1.0
 40
1.0
 40
1.0
 40
1.0
 10
9.921313782036203
 20
6.844387852782573
 30
0.0
 10
9.921284917035578
 20
6.841514471577314
 30
0.0
 10
9.921227261117819
 20
6.835775083845069
 30
0.0
 10
9.920366945760625
 20
6.827758317628774
 30
0.0
 10
9.918836855410552
 20
6.821135466716867
 30
0.0
 10
9.917091802824768
 20
6.816362674518553
 30
0.0
 10
9.914869461524471
 20
6.812387437908279
 30
0.0
 10
9.913216477391186
 20
6.81058812690936
 30
0.0
 10
9.91238924275517
 20
6.809687663106171
 30
0.0
  0
SPLINE
  5
2C2
330
1F
100
AcDbEntity
  8
0
  6
Continuous
 62
     7
370
    25
100
AcDbSpline
210
0.0
220
0.0
230
1.0
 70
     8
 71
     3
 72
     9
 73
     5
 74
     0
 42
0.00000001
 43
0.00000001
 40
0.0
 40
0.0
 40
0.0
 40
0.0
 40
0.6657845568725005
 40
1.0
 40
1.0
 40
1.0
 40
1.0
 10
9.91238924275517
 20
6.809687663106171
 30
0.0
 10
9.91112299378202
 20
6.808616421345551
 30
0.0
 10
9.909221103808637
 20
6.807007429743745
 30
0.0
 10
9.9075784353395
 20
6.807203801648617
 30
0.0
 10
9.907029430169176
 20
6.807269432171822
 30
0.0
  0
SPLINE
  5
2C3
330
1F
100
AcDbEntity
  8
0
  6
Continuous
 62
     7
370
    25
100
AcDbSpline
210
0.0
220
0.0
230
1.0
 70
     8
 71
     3
 72
     9
 73
     5
 74
     0
 42
0.00000001
 43
0.00000001
 40
0.0
 40
0.0
 40
0.0
 40
0.0
 40
0.4102099556996248
 40
1.0
 40
1.0
 40
1.0
 40
1.0
 10
9.914944667357465
 20
6.855648515536
 30
0.0
 10
9.914615328683652
 20
6.855748925117317
 30
0.0
 10
9.91381247475669
 20
6.855993701188501
 30
0.0
 10
9.912779519108724
 20
6.855096243796857
 30
0.0
 10
9.912170292151352
 20
6.854566932362083
 30
0.0
  0
SPLINE
  5
2C4
330
1F
100
AcDbEntity
  8
0
  6
Continuous
 62
     7
370
    25
100
AcDbSpline
210
0.0
220
0.0
230
1.0
 70
     8
 71
     3
 72
    11
 73
     7
 74
     0
 42
0.00000001
 43
0.00000001
 40
0.0
 40
0.0
 40
0.0
 40
0.0
 40
0.2499019777665566
 40
0.4997149186921643
 40
0.7497213516178649
 40
0.9999999999999999
 40
0.9999999999999999
 40
0.9999999999999999
 40
0.9999999999999999
 10
9.912170292151352
 20
6.854566932362083
 30
0.0
 10
9.911786985600042
 20
6.85415641648336
 30
0.0
 10
9.911020509064585
 20
6.853335530987411
 30
0.0
 10
9.909923061762042
 20
6.85157436466672
 30
0.0
 10
9.908950967927568
 20
6.849533346309179
 30
0.0
 10
9.908450240974172
 20
6.848058123473097
 30
0.0
 10
9.908199741269527
 20
6.847320110705432
 30
0.0
  0
SPLINE
  5
2C5
330
1F
100
AcDbEntity
  8
0
  6
Continuous
 62
     7
370
    25
100
AcDbSpline
210
0.0
220
0.0
230
1.0
 70
     8
 71
     3
 72
    10
 73
     6
 74
     0
 42
0.00000001
 43
0.00000001
 40
0.0
 40
0.0
 40
0.0
 40
0.0
 40
0.2493833866123671
 40
0.4995400605383075
 40
1.0
 40
1.0
 40
1.0
 40
1.0
 10
9.908199741269527
 20
6.847320110705432
 30
0.0
 10
9.907835414836278
 20
6.845730218264739
 30
0.0
 10
9.907105632267381
 20
6.842545503449282
 30
0.0
 10
9.906572854019437
 20
6.836535756605197
 30
0.0
 10
9.906521152429216
 20
6.832331978489152
 30
0.0
 10
9.906486681336714
 20
6.829529186086287
 30
0.0
  0
SPLINE
  5
2C6
330
1F
100
AcDbEntity
  8
0
  6
Continuous
 62
     7
370
    25
100
AcDbSpline
210
0.0
220
0.0
230
1.0
 70
     8
 71
     3
 72
    10
 73
     6
 74
     0
 42
0.00000001
 43
0.00000001
 40
0.0
 40
0.0
 40
0.0
 40
0.0
 40
0.6668506605317482
 40
0.8336162558086551
 40
1.0
 40
1.0
 40
1.0
 40
1.0
 10
9.906486681336714
 20
6.829529186086287
 30
0.0
 10
9.90654359715932
 20
6.825492191571091
 30
0.0
 10
9.906614746455174
 20
6.820445627997478
 30
0.0
 10
9.907799809965136
 20
6.815613869225452
 30
0.0
 10
9.90864712073125
 20
6.814891629963495
 30
0.0
 10
9.909070290526468
 20
6.814530924242757
 30
0.0
  0
SPLINE
  5
2C7
330
1F
100
AcDbEntity
  8
0
  6
Continuous
 62
     7
370
    25
100
AcDbSpline
210
0.0
220
0.0
230
1.0
 70
     8
 71
     3
 72
    12
 73
     8
 74
     0
 42
0.00000001
 43
0.00000001
 40
0.0
 40
0.0
 40
0.0
 40
0.0
 40
0.5004787011776037
 40
0.6256562070231491
 40
0.7505878888278104
 40
0.8753281206205793
 40
1.0
 40
1.0
 40
1.0
 40
1.0
 10
9.906914996241786
 20
6.829388120059917
 30
0.0
 10
9.90696397627893
 20
6.825330427179436
 30
0.0
 10
9.907025206985024
 20
6.8202578422105
 30
0.0
 10
9.90824482219622
 20
6.815512534759605
 30
0.0
 10
9.909442978125636
 20
6.814243211653771
 30
0.0
 10
9.910987809057733
 20
6.813875182253699
 30
0.0
 10
9.912197363152243
 20
6.814844405400653
 30
0.0
 10
9.912801974457864
 20
6.815328884164338
 30
0.0
  0
SPLINE
  5
2C8
330
1F
100
AcDbEntity
  8
0
  6
Continuous
 62
     7
370
    25
100
AcDbSpline
210
0.0
220
0.0
230
1.0
 70
     8
 71
     3
 72
    10
 73
     6
 74
     0
 42
0.00000001
 43
0.00000001
 40
0.0
 40
0.0
 40
0.0
 40
0.0
 40
0.2494160731631745
 40
0.4995689914936088
 40
1.0
 40
1.0
 40
1.0
 40
1.0
 10
9.908630280098633
 20
6.847181107120753
 30
0.0
 10
9.908265495618299
 20
6.845590837886006
 30
0.0
 10
9.907534848981765
 20
6.842405601314319
 30
0.0
 10
9.907001296357397
 20
6.836394891399298
 30
0.0
 10
9.906949518015002
 20
6.832190968809902
 30
0.0
 10
9.906914996241786
 20
6.829388120059917
 30
0.0
  0
SPLINE
  5
2C9
330
1F
100
AcDbEntity
  8
0
  6
Continuous
 62
     7
370
    25
100
AcDbSpline
210
0.0
220
0.0
230
1.0
 70
     8
 71
     3
 72
    11
 73
     7
 74
     0
 42
0.00000001
 43
0.00000001
 40
0.0
 40
0.0
 40
0.0
 40
0.0
 40
0.249977037643501
 40
0.4998309935750619
 40
0.7498139437786263
 40
1.0
 40
1.0
 40
1.0
 40
1.0
 10
9.912605817357415
 20
6.854432706850413
 30
0.0
 10
9.912222039464918
 20
6.854021735154812
 30
0.0
 10
9.911454672641442
 20
6.853199994114595
 30
0.0
 10
9.910355910531646
 20
6.851437659650741
 30
0.0
 10
9.909382579254986
 20
6.849395556586663
 30
0.0
 10
9.908881114361499
 20
6.847919456745028
 30
0.0
 10
9.908630280098633
 20
6.847181107120753
 30
0.0
  0
SPLINE
  5
2CA
330
1F
100
AcDbEntity
  8
0
  6
Continuous
 62
     7
370
    25
100
AcDbSpline
210
0.0
220
0.0
230
1.0
 70
     8
 71
     3
 72
    12
 73
     8
 74
     0
 42
0.00000001
 43
0.00000001
 40
0.0
 40
0.0
 40
0.0
 40
0.0
 40
0.5004676345093086
 40
0.625618104843206
 40
0.7505797837678634
 40
0.8752822366754871
 40
1.0
 40
1.0
 40
1.0
 40
1.0
 10
9.918244178419776
 20
6.840503309715655
 30
0.0
 10
9.918203674926549
 20
6.844581338201484
 30
0.0
 10
9.918153042843823
 20
6.84967914728419
 30
0.0
 10
9.91699676289136
 20
6.854334838090966
 30
0.0
 10
9.915901823306843
 20
6.855641082719516
 30
0.0
 10
9.914406692809207
 20
6.85591967733918
 30
0.0
 10
9.91320613373973
 20
6.854928383963194
 30
0.0
 10
9.912605817357415
 20
6.854432706850413
 30
0.0
  0
SPLINE
  5
2CB
330
1F
100
AcDbEntity
  8
0
  6
Continuous
 62
     7
370
    25
100
AcDbSpline
210
0.0
220
0.0
230
1.0
 70
     8
 71
     3
 72
    12
 73
     8
 74
     0
 42
0.00000001
 43
0.00000001
 40
0.0
 40
0.0
 40
0.0
 40
0.0
 40
0.1246285781746342
 40
0.2493679806442526
 40
0.3743001701902713
 40
0.4994763830735831
 40
1.0
 40
1.0
 40
1.0
 40
1.0
 10
9.912801974457864
 20
6.815328884164338
 30
0.0
 10
9.913398346070396
 20
6.816027824427633
 30
0.0
 10
9.914591619610928
 20
6.817426326477494
 30
0.0
 10
9.916053252870055
 20
6.820723564830735
 30
0.0
 10
9.917140007575975
 20
6.824248619125806
 30
0.0
 10
9.918220795616435
 20
6.831238797857263
 30
0.0
 10
9.918233786480826
 20
6.83638591454167
 30
0.0
 10
9.918244178419776
 20
6.840503309715655
 30
0.0
  0
LINE
  5
2CC
330
1F
100
AcDbEntity
  8
0
  6
Continuous
 62
     7
370
    25
100
AcDbLine
 10
9.9064866813
 20
6.8295291861
 30
0.0
 11
9.9069149962
 21
6.8293881201
 31
0.0
  0
LINE
  5
2CD
330
1F
100
AcDbEntity
  8
0
  6
Continuous
 62
     7
370
    25
100
AcDbLine
 10
9.9081997413
 20
6.8473201107
 30
0.0
 11
9.9086302801
 21
6.8471811071
 31
0.0
  0
LINE
  5
2CE
330
1F
100
AcDbEntity
  8
0
  6
Continuous
 62
     7
370
    25
100
AcDbLine
 10
9.9121702922
 20
6.8545669324
 30
0.0
 11
9.9126058174
 21
6.8544327069
 31
0.0
  0
LINE
  5
2CF
330
1F
100
AcDbEntity
  8
0
  6
Continuous
 62
     7
370
    25
100
AcDbLine
 10
9.9217606539
 20
6.8442654084
 30
0.0
 11
9.921313782
 21
6.8443878528
 31
0.0
  0
LWPOLYLINE
  5
2D0
330
1F
100
AcDbEntity
  8
0
  6
Continuous
 62
     7
370
    25
100
AcDbPolyline
 90
        3
 70
   128
 43
0.0
 10
9.4410506067
 20
6.6050666065
 10
9.4147563775
 20
6.6141467892
 10
9.4012626176
 20
6.619843765
  0
ARC
  5
2D1
330
1F
100
AcDbEntity
  8
0
  6
Continuous
 62
     7
370
    25
100
AcDbCircle
 10
9.5630309677
 20
7.0154150521
 30
0.0
 40
0.4280946802033694
100
AcDbArc
 50
253.4448687256
 51
292.9284904815
  0
LINE
  5
2D2
330
1F
100
AcDbEntity
  8
0
  6
Continuous
 62
     7
370
    25
100
AcDbLine
 10
9.9128248196
 20
6.8095534883
 30
0.0
 11
9.9123892428
 21
6.8096876631
 31
0.0
  0
ARC
  5
2D3
330
1F
100
AcDbEntity
  8
0
  6
Continuous
 62
     7
370
    25
100
AcDbCircle
 10
9.7748680276
 20
6.9654150504
 30
0.0
 40
0.1982092316899866
100
AcDbArc
 50
318.5389006772
 51
323.4410728858
  0
LINE
  5
2D4
330
1F
100
AcDbEntity
  8
0
  6
Continuous
 62
     7
370
    25
100
AcDbLine
 10
9.9367740978
 20
6.8877582022
 30
0.0
 11
9.9368929443
 21
6.8577130776
 31
0.0
  0
LINE
  5
2D5
330
1F
100
AcDbEntity
  8
0
  6
Continuous
 62
     7
370
    25
100
AcDbLine
 10
9.9395980895
 20
6.8608900929
 30
0.0
 11
9.939620324
 21
6.85526907
 31
0.0
  0
ARC
  5
2D6
330
1F
100
AcDbEntity
  8
0
  6
Continuous
 62
     7
370
    25
100
AcDbCircle
 10
9.7917248018
 20
6.9529434517
 30
0.0
 40
0.177238173972489
100
AcDbArc
 50
325.0047985066
 51
326.5581002273
  0
LINE
  5
2D7
330
1F
100
AcDbEntity
  8
0
  6
Continuous
 62
     7
370
    25
100
AcDbLine
 10
9.9369183278
 20
6.851295971
 30
0.0
 11
9.9369665564
 21
6.8391034685
 31
0.0
  0
ARC
  5
2D8
330
1F
100
AcDbEntity
  8
0
  6
Continuous
 62
     7
370
    25
100
AcDbCircle
 10
9.7867069122
 20
6.9442976322
 30
0.0
 40
0.1834223889628786
100
AcDbArc
 50
323.4866153276
 51
325.0048033501
  0
LINE
  5
2D9
330
1F
100
AcDbEntity
  8
0
  6
Continuous
 62
     7
370
    25
100
AcDbLine
 10
9.9339818426
 20
6.8717970422
 30
0.0
 11
9.9274359765
 21
6.8453339035
 31
0.0
  0
LINE
  5
2DA
330
1F
100
AcDbEntity
  8
0
  6
Continuous
 62
     7
370
    25
100
AcDbLine
 10
9.9344446285
 20
6.8716939437
 30
0.0
 11
9.9278904806
 21
6.845220248
 31
0.0
  0
LINE
  5
2DB
330
1F
100
AcDbEntity
  8
0
  6
Continuous
 62
     7
370
    25
100
AcDbLine
 10
9.9274359765
 20
6.8453339035
 30
0.0
 11
9.9278904806
 21
6.845220248
 31
0.0
  0
LINE
  5
2DC
330
1F
100
AcDbEntity
  8
0
  6
Continuous
 62
     7
370
    25
100
AcDbLine
 10
9.9339818426
 20
6.8717970422
 30
0.0
 11
9.9344446285
 21
6.8716939437
 31
0.0
  0
LINE
  5
2DD
330
1F
100
AcDbEntity
  8
0
  6
Continuous
 62
     7
370
    25
100
AcDbLine
 10
9.9345159403
 20
6.853665885
 30
0.0
 11
9.9344446285
 21
6.8716939437
 31
0.0
  0
ARC
  5
2DE
330
1F
100
AcDbEntity
  8
0
  6
Continuous
 62
     7
370
    25
100
AcDbCircle
 10
9.7785179447
 20
6.9692220807
 30
0.0
 40
0.1941355428936277
100
AcDbArc
 50
320.3021880662
 51
323.4706406928
  0
LINE
  5
2DF
330
1F
100
AcDbEntity
  8
0
  6
Continuous
 62
     7
370
    25
100
AcDbLine
 10
9.9340785379
 20
6.8473518769
 30
0.0
 11
9.9345413238
 21
6.8472487784
 31
0.0
  0
LINE
  5
2E0
330
1F
100
AcDbEntity
  8
0
  6
Continuous
 62
     7
370
    25
100
AcDbLine
 10
9.9368929443
 20
6.8577130776
 30
0.0
 11
9.9373592844
 21
6.8576149154
 31
0.0
  0
LINE
  5
2E1
330
1F
100
AcDbEntity
  8
0
  6
Continuous
 62
     7
370
    25
100
AcDbLine
 10
9.939620324
 20
6.85526907
 30
0.0
 11
9.9400900458
 21
6.8551758804
 31
0.0
  0
LINE
  5
2E2
330
1F
100
AcDbEntity
  8
0
  6
Continuous
 62
     7
370
    25
100
AcDbLine
 10
9.9369183278
 20
6.851295971
 30
0.0
 11
9.9373846679
 21
6.8511978088
 31
0.0
  0
LINE
  5
2E3
330
1F
100
AcDbEntity
  8
0
  6
Continuous
 62
     7
370
    25
100
AcDbLine
 10
9.9369665564
 20
6.8391034685
 30
0.0
 11
9.9374328966
 21
6.8390053063
 31
0.0
  0
LINE
  5
2E4
330
1F
100
AcDbEntity
  8
0
  6
Continuous
 62
     7
370
    25
100
AcDbLine
 10
9.9483745668
 20
6.8775520886
 30
0.0
 11
9.9483935058
 21
6.8727641914
 31
0.0
  0
ARC
  5
2E5
330
1F
100
AcDbEntity
  8
0
  6
Continuous
 62
     7
370
    25
100
AcDbCircle
 10
9.8046233768
 20
6.9473584299
 30
0.0
 40
0.1619695972428139
100
AcDbArc
 50
327.793985932
 51
332.5777388075
  0
LINE
  5
2E6
330
1F
100
AcDbEntity
  8
0
  6
Continuous
 62
     7
370
    25
100
AcDbLine
 10
9.9483935058
 20
6.8727641914
 30
0.0
 11
9.9488742206
 21
6.8726896854
 31
0.0
  0
LINE
  5
2E7
330
1F
100
AcDbEntity
  8
0
  6
Continuous
 62
     7
370
    25
100
AcDbLine
 10
9.9535329677
 20
6.9193724155
 30
0.0
 11
9.9564497886
 21
6.8914827114
 31
0.0
  0
SPLINE
  5
2E8
330
1F
100
AcDbEntity
  8
0
  6
Continuous
 62
     7
370
    25
100
AcDbSpline
210
0.0
220
0.0
230
1.0
 70
     8
 71
     3
 72
    10
 73
     6
 74
     0
 42
0.00000001
 43
0.00000001
 40
0.0
 40
0.0
 40
0.0
 40
0.0
 40
0.6898980096337202
 40
0.8924225031880207
 40
0.9999999999999999
 40
0.9999999999999999
 40
0.9999999999999999
 40
0.9999999999999999
 10
9.956449788585832
 20
6.891482711435998
 30
0.0
 10
9.95657498790346
 20
6.89013208275012
 30
0.0
 10
9.956736940375965
 20
6.888384967356399
 30
0.0
 10
9.95691398920688
 20
6.886424590706067
 30
0.0
 10
9.956967155933071
 20
6.885810463908902
 30
0.0
 10
9.956985600004682
 20
6.885597417151329
 30
0.0
  0
LINE
  5
2E9
330
1F
100
AcDbEntity
  8
0
  6
Continuous
 62
     7
370
    25
100
AcDbLine
 10
9.9611110144
 20
6.9414967647
 30
0.0
 11
9.9612999395
 21
6.8937353134
 31
0.0
  0
ARC
  5
2EA
330
1F
100
AcDbEntity
  8
0
  6
Continuous
 62
     7
370
    25
100
AcDbCircle
 10
9.8362879372
 20
6.919505527
 30
0.0
 40
0.1276405289759425
100
AcDbArc
 50
347.1735761883
 51
348.3520996483
  0
LINE
  5
2EB
330
1F
100
AcDbEntity
  8
0
  6
Continuous
 62
     7
370
    25
100
AcDbLine
 10
9.9600887367
 20
6.9314610833
 30
0.0
 11
9.9577973622
 21
6.8803899145
 31
0.0
  0
ARC
  5
2EC
330
1F
100
AcDbEntity
  8
0
  6
Continuous
 62
     7
370
    25
100
AcDbCircle
 10
9.8283676802
 20
6.9217195612
 30
0.0
 40
0.1358682533663716
100
AcDbArc
 50
340.6415363246
 51
342.2906129018
  0
LINE
  5
2ED
330
1F
100
AcDbEntity
  8
0
  6
Continuous
 62
     7
370
    25
100
AcDbLine
 10
9.952587835
 20
6.9093817523
 30
0.0
 11
9.9527553661
 21
6.8670288489
 31
0.0
  0
ARC
  5
2EE
330
1F
100
AcDbEntity
  8
0
  6
Continuous
 62
     7
370
    25
100
AcDbCircle
 10
9.8178736058
 20
6.9258713808
 30
0.0
 40
0.1471581897985864
100
AcDbArc
 50
334.9310602924
 51
336.4306335802
  0
LINE
  5
2EF
330
1F
100
AcDbEntity
  8
0
  6
Continuous
 62
     7
370
    25
100
AcDbLine
 10
9.9564497886
 20
6.8914827114
 30
0.0
 11
9.9569405871
 21
6.8914314196
 31
0.0
  0
LINE
  5
2F0
330
1F
100
AcDbEntity
  8
0
  6
Continuous
 62
     7
370
    25
100
AcDbLine
 10
9.9527553661
 20
6.8670288489
 30
0.0
 11
9.953241467
 21
6.8669656371
 31
0.0
  0
LINE
  5
2F1
330
1F
100
AcDbEntity
  8
0
  6
Continuous
 62
     7
370
    25
100
AcDbLine
 10
9.952587835
 20
6.9093817523
 30
0.0
 11
9.9530739359
 21
6.9093185405
 31
0.0
  0
LINE
  5
2F2
330
1F
100
AcDbEntity
  8
0
  6
Continuous
 62
     7
370
    25
100
AcDbLine
 10
9.9600887367
 20
6.9314610833
 30
0.0
 11
9.9605842254
 21
6.9314255052
 31
0.0
  0
LINE
  5
2F3
330
1F
100
AcDbEntity
  8
0
  6
Continuous
 62
     7
370
    25
100
AcDbLine
 10
9.9577973622
 20
6.8803899145
 30
0.0
 11
9.9582897734
 21
6.880343425
 31
0.0
  0
LINE
  5
2F4
330
1F
100
AcDbEntity
  8
0
  6
Continuous
 62
     7
370
    25
100
AcDbLine
 10
9.9569856
 20
6.8855974172
 30
0.0
 11
9.9574770328
 21
6.885547958
 31
0.0
  0
LINE
  5
2F5
330
1F
100
AcDbEntity
  8
0
  6
Continuous
 62
     7
370
    25
100
AcDbLine
 10
9.9612999395
 20
6.8937353134
 30
0.0
 11
9.9617967344
 21
6.8937055264
 31
0.0
  0
LINE
  5
2F6
330
1F
100
AcDbEntity
  8
0
  6
Continuous
 62
     7
370
    25
100
AcDbLine
 10
9.9636943689
 20
6.9594109574
 30
0.0
 11
9.9637111762
 21
6.9552342734
 31
0.0
  0
SPLINE
  5
2F7
330
1F
100
AcDbEntity
  8
0
  6
Continuous
 62
     7
370
    25
100
AcDbSpline
210
0.0
220
0.0
230
1.0
 70
     8
 71
     3
 72
     9
 73
     5
 74
     0
 42
0.00000001
 43
0.00000001
 40
0.0
 40
0.0
 40
0.0
 40
0.0
 40
0.2053005600361195
 40
1.0
 40
1.0
 40
1.0
 40
1.0
 10
9.963712461802961
 20
6.913083813054014
 30
0.0
 10
9.963704200571671
 20
6.912710142330829
 30
0.0
 10
9.963663960879728
 20
6.910890026871235
 30
0.0
 10
9.963576735389935
 20
6.909682983271017
 30
0.0
 10
9.963507417342049
 20
6.908723746397912
 30
0.0
  0
LINE
  5
2F8
330
1F
100
AcDbEntity
  8
0
  6
Continuous
 62
     7
370
    25
100
AcDbLine
 10
9.9635074173
 20
6.9087237464
 30
0.0
 11
9.9631737417
 21
6.9061585505
 31
0.0
  0
LINE
  5
2F9
330
1F
100
AcDbEntity
  8
0
  6
Continuous
 62
     7
370
    25
100
AcDbLine
 10
9.9635605584
 20
6.9550782677
 30
0.0
 11
9.9634637408
 21
6.9550323211
 31
0.0
  0
SPLINE
  5
2FA
330
1F
100
AcDbEntity
  8
0
  6
Continuous
 62
     7
370
    25
100
AcDbSpline
210
0.0
220
0.0
230
1.0
 70
     8
 71
     3
 72
    11
 73
     7
 74
     0
 42
0.00000001
 43
0.00000001
 40
0.0
 40
0.0
 40
0.0
 40
0.0
 40
0.571881722360155
 40
0.7148975450952262
 40
0.857585897724285
 40
1.0
 40
1.0
 40
1.0
 40
1.0
 10
9.962756315627251
 20
6.927725314304329
 30
0.0
 10
9.962777898904061
 20
6.923661311300471
 30
0.0
 10
9.96280487971321
 20
6.918580984972278
 30
0.0
 10
9.962984459336766
 20
6.914057143858664
 30
0.0
 10
9.963140081770124
 20
6.912855559111258
 30
0.0
 10
9.963257695386277
 20
6.913018709092102
 30
0.0
 10
9.96331644562596
 20
6.913100205612595
 30
0.0
  0
SPLINE
  5
2FB
330
1F
100
AcDbEntity
  8
0
  6
Continuous
 62
     7
370
    25
100
AcDbSpline
210
0.0
220
0.0
230
1.0
 70
     8
 71
     3
 72
    12
 73
     8
 74
     0
 42
0.00000001
 43
0.00000001
 40
0.0
 40
0.0
 40
0.0
 40
0.0
 40
0.500478701177606
 40
0.6256562070231508
 40
0.7505878888278095
 40
0.8753281206205737
 40
1.0
 40
1.0
 40
1.0
 40
1.0
 10
9.96325505560653
 20
6.92770714706171
 30
0.0
 10
9.963276568882403
 20
6.923654429658908
 30
0.0
 10
9.963303462963115
 20
6.918588064611987
 30
0.0
 10
9.963483577779996
 20
6.914019034870114
 30
0.0
 10
9.963638677428714
 20
6.91292346254945
 30
0.0
 10
9.963817909653217
 20
6.912777956907438
 30
0.0
 10
9.963928731164831
 20
6.913918701509558
 30
0.0
 10
9.963984126735092
 20
6.914488917497746
 30
0.0
  0
SPLINE
  5
2FC
330
1F
100
AcDbEntity
  8
0
  6
Continuous
 62
     7
370
    25
100
AcDbSpline
210
0.0
220
0.0
230
1.0
 70
     8
 71
     3
 72
    10
 73
     6
 74
     0
 42
0.00000001
 43
0.00000001
 40
0.0
 40
0.0
 40
0.0
 40
0.0
 40
0.2494160731631697
 40
0.4995689914936113
 40
1.0
 40
1.0
 40
1.0
 40
1.0
 10
9.963422331292408
 20
6.945761951913612
 30
0.0
 10
9.96338074739281
 20
6.944117481257488
 30
0.0
 10
9.963297456743094
 20
6.940823681716815
 30
0.0
 10
9.963243011136782
 20
6.93473070343151
 30
0.0
 10
9.963250237577606
 20
6.930516710159753
 30
0.0
 10
9.96325505560653
 20
6.92770714706171
 30
0.0
  0
SPLINE
  5
2FD
330
1F
100
AcDbEntity
  8
0
  6
Continuous
 62
     7
370
    25
100
AcDbSpline
210
0.0
220
0.0
230
1.0
 70
     8
 71
     3
 72
    11
 73
     7
 74
     0
 42
0.00000001
 43
0.00000001
 40
0.0
 40
0.0
 40
0.0
 40
0.0
 40
0.2499770376434952
 40
0.4998309935750792
 40
0.749813943778636
 40
0.9999999999999999
 40
0.9999999999999999
 40
0.9999999999999999
 40
0.9999999999999999
 10
9.963825738739779
 20
6.953586905644661
 30
0.0
 10
9.963791596618837
 20
6.953121542897903
 30
0.0
 10
9.96372332918758
 20
6.952191046536006
 30
0.0
 10
9.9636126439501
 20
6.950270611752048
 30
0.0
 10
9.963507967168717
 20
6.948087048848319
 30
0.0
 10
9.963450884311145
 20
6.946537194010833
 30
0.0
 10
9.963422331292408
 20
6.945761951913612
 30
0.0
  0
SPLINE
  5
2FE
330
1F
100
AcDbEntity
  8
0
  6
Continuous
 62
     7
370
    25
100
AcDbSpline
210
0.0
220
0.0
230
1.0
 70
     8
 71
     3
 72
    12
 73
     8
 74
     0
 42
0.00000001
 43
0.00000001
 40
0.0
 40
0.0
 40
0.0
 40
0.0
 40
0.5004676345093159
 40
0.6256181048432121
 40
0.7505797837678653
 40
0.8752822366754894
 40
1.0
 40
1.0
 40
1.0
 40
1.0
 10
9.964225837863383
 20
6.940421843979568
 30
0.0
 10
9.964209977947815
 20
6.944496778311707
 30
0.0
 10
9.96419015198978
 20
6.949590719494802
 30
0.0
 10
9.964125922928451
 20
6.954093980529711
 30
0.0
 10
9.964066148935359
 20
6.955252774309247
 30
0.0
 10
9.963972226251837
 20
6.955326771478751
 30
0.0
 10
9.963874569908644
 20
6.954166884655532
 30
0.0
 10
9.963825738739779
 20
6.953586905644661
 30
0.0
  0
SPLINE
  5
2FF
330
1F
100
AcDbEntity
  8
0
  6
Continuous
 62
     7
370
    25
100
AcDbSpline
210
0.0
220
0.0
230
1.0
 70
     8
 71
     3
 72
    12
 73
     8
 74
     0
 42
0.00000001
 43
0.00000001
 40
0.0
 40
0.0
 40
0.0
 40
0.0
 40
0.1246285781746327
 40
0.2493679806442548
 40
0.3743001701902737
 40
0.4994763830735792
 40
1.0
 40
1.0
 40
1.0
 40
1.0
 10
9.963984126735092
 20
6.914488917497746
 30
0.0
 10
9.964031649923182
 20
6.915271687435604
 30
0.0
 10
9.964126738558722
 20
6.916837923379012
 30
0.0
 10
9.964205014034343
 20
6.92033706800202
 30
0.0
 10
9.964246040358512
 20
6.924011026295216
 30
0.0
 10
9.964262711834595
 20
6.931149651120172
 30
0.0
 10
9.964242225635717
 20
6.936301035164696
 30
0.0
 10
9.964225837863383
 20
6.940421843979568
 30
0.0
  0
LINE
  5
300
330
1F
100
AcDbEntity
  8
0
  6
Continuous
 62
     7
370
    25
100
AcDbLine
 10
9.9627563156
 20
6.9277253143
 30
0.0
 11
9.9632550556
 21
6.9277071471
 31
0.0
  0
SPLINE
  5
301
330
1F
100
AcDbEntity
  8
0
  6
Continuous
 62
     7
370
    25
100
AcDbSpline
210
0.0
220
0.0
230
1.0
 70
     8
 71
     3
 72
    13
 73
     9
 74
     0
 42
0.00000001
 43
0.00000001
 40
0.0
 40
0.0
 40
0.0
 40
0.0
 40
0.1306871796145048
 40
0.2499852690313349
 40
0.3721107330014453
 40
0.4999593672119562
 40
0.7496668497934174
 40
1.0
 40
1.0
 40
1.0
 40
1.0
 10
9.164631521220153
 20
6.92178677765307
 30
0.0
 10
9.164624736818775
 20
6.922845271302124
 30
0.0
 10
9.164611759261152
 20
6.924870013288349
 30
0.0
 10
9.164558921966679
 20
6.928256863909919
 30
0.0
 10
9.164484589416176
 20
6.931739657288944
 30
0.0
 10
9.164374235951627
 20
6.93635361053018
 30
0.0
 10
9.164255241319045
 20
6.941645965638714
 30
0.0
 10
9.164253691071803
 20
6.945250661657478
 30
0.0
 10
9.164252914978322
 20
6.94705526482519
 30
0.0
  0
SPLINE
  5
302
330
1F
100
AcDbEntity
  8
0
  6
Continuous
 62
     7
370
    25
100
AcDbSpline
210
0.0
220
0.0
230
1.0
 70
     8
 71
     3
 72
    12
 73
     8
 74
     0
 42
0.00000001
 43
0.00000001
 40
0.0
 40
0.0
 40
0.0
 40
0.0
 40
0.2673223211353268
 40
0.4506134664525552
 40
0.6276951175985271
 40
0.8061928218176906
 40
1.0
 40
1.0
 40
1.0
 40
1.0
 10
9.164393221729709
 20
6.913687528751201
 30
0.0
 10
9.164399161998846
 20
6.913051334801046
 30
0.0
 10
9.164409175248979
 20
6.911978930671088
 30
0.0
 10
9.164512404886482
 20
6.912791881676917
 30
0.0
 10
9.164587889039986
 20
6.914633290341117
 30
0.0
 10
9.164637022121301
 20
6.917673182772683
 30
0.0
 10
9.164633404441167
 20
6.920378497788602
 30
0.0
 10
9.164631521220153
 20
6.92178677765307
 30
0.0
  0
SPLINE
  5
303
330
1F
100
AcDbEntity
  8
0
  6
Continuous
 62
     7
370
    25
100
AcDbSpline
210
0.0
220
0.0
230
1.0
 70
     8
 71
     3
 72
    12
 73
     8
 74
     0
 42
0.00000001
 43
0.00000001
 40
0.0
 40
0.0
 40
0.0
 40
0.0
 40
0.1975410796051292
 40
0.3817428468473815
 40
0.5689754853561649
 40
0.7634746718823678
 40
1.0
 40
1.0
 40
1.0
 40
1.0
 10
9.164474040977913
 20
6.943159067866935
 30
0.0
 10
9.164465201586987
 20
6.944525697144253
 30
0.0
 10
9.16444811970071
 20
6.947166671628908
 30
0.0
 10
9.16438068244515
 20
6.951626267899591
 30
0.0
 10
9.164298253837126
 20
6.956140654266752
 30
0.0
 10
9.164202325649137
 20
6.960985652763918
 30
0.0
 10
9.164193750386639
 20
6.963752259920127
 30
0.0
 10
9.164189044698896
 20
6.965270439613306
 30
0.0
  0
LINE
  5
304
330
1F
100
AcDbEntity
  8
0
  6
Continuous
 62
     7
370
    25
100
AcDbLine
 10
9.1642816693
 20
6.9504284831
 30
0.0
 11
9.164474041
 21
6.9431590679
 31
0.0
  0
LINE
  5
305
330
1F
100
AcDbEntity
  8
0
  6
Continuous
 62
     7
370
    25
100
AcDbLine
 10
9.1645784235
 20
6.9431613808
 30
0.0
 11
9.164474041
 21
6.9431590679
 31
0.0
  0
LINE
  5
306
330
1F
100
AcDbEntity
  8
0
  6
Continuous
 62
     7
370
    25
100
AcDbLine
 10
9.9640069719
 20
6.9087135216
 30
0.0
 11
9.9635074173
 21
6.9087237464
 31
0.0
  0
LINE
  5
307
330
1F
100
AcDbEntity
  8
0
  6
Continuous
 62
     7
370
    25
100
AcDbLine
 10
10.2790269679
 20
7.6349766513
 30
0.0
 11
10.2548963957
 21
7.6488367593
 31
0.0
  0
LINE
  5
308
330
1F
100
AcDbEntity
  8
0
  6
Continuous
 62
     7
370
    25
100
AcDbLine
 10
10.1019445879
 20
7.3060697861
 30
0.0
 11
10.12607516
 21
7.2922096781
 31
0.0
  0
LINE
  5
309
330
1F
100
AcDbEntity
  8
0
  6
Continuous
 62
     7
370
    25
100
AcDbLine
 10
10.0773263932
 20
7.2337111479
 30
0.0
 11
10.0712210467
 21
7.2372179343
 31
0.0
  0
LINE
  5
30A
330
1F
100
AcDbEntity
  8
0
  6
Continuous
 62
     7
370
    25
100
AcDbLine
 10
7.8268707368
 20
4.3348282513
 30
0.0
 11
7.93551103
 21
4.3348282513
 31
0.0
  0
LINE
  5
30B
330
1F
100
AcDbEntity
  8
0
  6
Continuous
 62
     7
370
    25
100
AcDbLine
 10
7.64551103
 20
4.3348282513
 30
0.0
 11
7.7568504642
 21
4.3348282513
 31
0.0
  0
LINE
  5
30C
330
1F
100
AcDbEntity
  8
0
  6
Continuous
 62
     7
370
    25
100
AcDbLine
 10
7.7609724124
 20
5.1348282513
 30
0.0
 11
7.64551103
 21
5.1348282513
 31
0.0
  0
LINE
  5
30D
330
1F
100
AcDbEntity
  8
0
  6
Continuous
 62
     7
370
    25
100
AcDbLine
 10
7.93551103
 20
5.1348282513
 30
0.0
 11
7.8207892891
 21
5.1348282513
 31
0.0
  0
LINE
  5
30E
330
1F
100
AcDbEntity
  8
0
  6
Continuous
 62
     7
370
    25
100
AcDbLine
 10
8.028190522
 20
4.4673282513
 30
0.0
 11
8.04551103
 21
4.4773282513
 31
0.0
  0
LINE
  5
30F
330
1F
100
AcDbEntity
  8
0
  6
Continuous
 62
     7
370
    25
100
AcDbLine
 10
8.04551103
 20
4.9923282513
 30
0.0
 11
8.028190522
 21
5.0023282513
 31
0.0
  0
LINE
  5
310
330
1F
100
AcDbEntity
  8
0
  6
Continuous
 62
     7
370
    25
100
AcDbLine
 10
7.94551103
 20
4.4673282513
 30
0.0
 11
8.028190522
 21
4.4673282513
 31
0.0
  0
LINE
  5
311
330
1F
100
AcDbEntity
  8
0
  6
Continuous
 62
     7
370
    25
100
AcDbLine
 10
8.028190522
 20
5.0023282513
 30
0.0
 11
7.94551103
 21
5.0023282513
 31
0.0
  0
LINE
  5
312
330
1F
100
AcDbEntity
  8
0
  6
Continuous
 62
     7
370
    25
100
AcDbLine
 10
7.93551103
 20
4.4773282513
 30
0.0
 11
7.94551103
 21
4.4773282513
 31
0.0
  0
LINE
  5
313
330
1F
100
AcDbEntity
  8
0
  6
Continuous
 62
     7
370
    25
100
AcDbLine
 10
7.94551103
 20
4.9923282513
 30
0.0
 11
7.93551103
 21
4.9923282513
 31
0.0
  0
LINE
  5
314
330
1F
100
AcDbEntity
  8
0
  6
Continuous
 62
     7
370
    25
100
AcDbLine
 10
7.8236178567
 20
4.3353282513
 30
0.0
 11
7.8268707368
 21
4.3353282513
 31
0.0
  0
LINE
  5
315
330
1F
100
AcDbEntity
  8
0
  6
Continuous
 62
     7
370
    25
100
AcDbLine
 10
7.7757915313
 20
4.3793170419
 30
0.0
 11
7.7757915313
 21
4.3788720967
 31
0.0
  0
LINE
  5
316
330
1F
100
AcDbEntity
  8
0
  6
Continuous
 62
     7
370
    25
100
AcDbLine
 10
7.8132335755
 20
5.1348282513
 30
0.0
 11
7.7685478837
 21
5.1348282513
 31
0.0
  0
LINE
  5
317
330
1F
100
AcDbEntity
  8
0
  6
Continuous
 62
     7
370
    25
100
AcDbLine
 10
7.8026655289
 20
4.6790932412
 30
0.0
 11
7.7493203448
 21
4.6981666923
 31
0.0
  0
LINE
  5
318
330
1F
100
AcDbEntity
  8
0
  6
Continuous
 62
     7
370
    25
100
AcDbLine
 10
7.7493203448
 20
4.6981666923
 30
0.0
 11
7.7581235418
 21
4.7056391119
 31
0.0
  0
LINE
  5
319
330
1F
100
AcDbEntity
  8
0
  6
Continuous
 62
     7
370
    25
100
AcDbLine
 10
7.7581235418
 20
4.7056391119
 30
0.0
 11
7.8005958221
 21
4.6904532432
 31
0.0
  0
LINE
  5
31A
330
1F
100
AcDbEntity
  8
0
  6
Continuous
 62
     7
370
    25
100
AcDbLine
 10
7.8026655289
 20
4.6790932412
 30
0.0
 11
7.8005958221
 21
4.6904532432
 31
0.0
  0
LINE
  5
31B
330
1F
100
AcDbEntity
  8
0
  6
Continuous
 62
     7
370
    25
100
AcDbLine
 10
7.8005958221
 20
4.6904532432
 30
0.0
 11
7.8349833104
 21
4.7196423826
 31
0.0
  0
LINE
  5
31C
330
1F
100
AcDbEntity
  8
0
  6
Continuous
 62
     7
370
    25
100
AcDbLine
 10
7.8349833104
 20
4.7196423826
 30
0.0
 11
7.8458562142
 21
4.7157548002
 31
0.0
  0
LINE
  5
31D
330
1F
100
AcDbEntity
  8
0
  6
Continuous
 62
     7
370
    25
100
AcDbLine
 10
7.8458562142
 20
4.7157548002
 30
0.0
 11
7.8026655289
 21
4.6790932412
 31
0.0
  0
LINE
  5
31E
330
1F
100
AcDbEntity
  8
0
  6
Continuous
 62
     7
370
    25
100
AcDbLine
 10
7.8268985183
 20
4.7640173907
 30
0.0
 11
7.7844262379
 21
4.7792032595
 31
0.0
  0
LINE
  5
31F
330
1F
100
AcDbEntity
  8
0
  6
Continuous
 62
     7
370
    25
100
AcDbLine
 10
7.7844262379
 20
4.7792032595
 30
0.0
 11
7.7823565312
 21
4.7905632615
 31
0.0
  0
LINE
  5
320
330
1F
100
AcDbEntity
  8
0
  6
Continuous
 62
     7
370
    25
100
AcDbLine
 10
7.7823565312
 20
4.7905632615
 30
0.0
 11
7.8357017153
 21
4.7714898104
 31
0.0
  0
LINE
  5
321
330
1F
100
AcDbEntity
  8
0
  6
Continuous
 62
     7
370
    25
100
AcDbLine
 10
7.8268985183
 20
4.7640173907
 30
0.0
 11
7.8357017153
 21
4.7714898104
 31
0.0
  0
LINE
  5
322
330
1F
100
AcDbEntity
  8
0
  6
Continuous
 62
     7
370
    25
100
AcDbLine
 10
7.8357017153
 20
4.7714898104
 30
0.0
 11
7.8458562142
 21
4.7157548002
 31
0.0
  0
LINE
  5
323
330
1F
100
AcDbEntity
  8
0
  6
Continuous
 62
     7
370
    25
100
AcDbLine
 10
7.7391658459
 20
4.7539017024
 30
0.0
 11
7.7823565312
 21
4.7905632615
 31
0.0
  0
LINE
  5
324
330
1F
100
AcDbEntity
  8
0
  6
Continuous
 62
     7
370
    25
100
AcDbLine
 10
7.7493203448
 20
4.6981666923
 30
0.0
 11
7.7391658459
 21
4.7539017024
 31
0.0
  0
LINE
  5
325
330
1F
100
AcDbEntity
  8
0
  6
Continuous
 62
     7
370
    25
100
AcDbLine
 10
7.7844262379
 20
4.7792032595
 30
0.0
 11
7.7500387497
 21
4.7500141201
 31
0.0
  0
LINE
  5
326
330
1F
100
AcDbEntity
  8
0
  6
Continuous
 62
     7
370
    25
100
AcDbLine
 10
7.7391658459
 20
4.7539017024
 30
0.0
 11
7.7500387497
 21
4.7500141201
 31
0.0
  0
LINE
  5
327
330
1F
100
AcDbEntity
  8
0
  6
Continuous
 62
     7
370
    25
100
AcDbLine
 10
7.8349833104
 20
4.7196423826
 30
0.0
 11
7.8268985183
 21
4.7640173907
 31
0.0
  0
LINE
  5
328
330
1F
100
AcDbEntity
  8
0
  6
Continuous
 62
     7
370
    25
100
AcDbLine
 10
7.7500387497
 20
4.7500141201
 30
0.0
 11
7.7581235418
 21
4.7056391119
 31
0.0
  0
LINE
  5
329
330
1F
100
AcDbEntity
  8
0
  6
Continuous
 62
     7
370
    25
100
AcDbLine
 10
7.0267778988
 20
5.2288689295
 30
0.0
 11
6.62900838
 21
5.2288689295
 31
0.0
  0
LINE
  5
32A
330
1F
100
AcDbEntity
  8
0
  6
Continuous
 62
     7
370
    25
100
AcDbLine
 10
6.62900838
 20
5.2288689295
 30
0.0
 11
6.6346903226
 21
5.2427883543
 31
0.0
  0
LINE
  5
32B
330
1F
100
AcDbEntity
  8
0
  6
Continuous
 62
     7
370
    25
100
AcDbLine
 10
6.6346903226
 20
5.2427883543
 30
0.0
 11
7.0324598415
 21
5.2427883543
 31
0.0
  0
LINE
  5
32C
330
1F
100
AcDbEntity
  8
0
  6
Continuous
 62
     7
370
    25
100
AcDbLine
 10
7.0343541418
 20
5.238148546
 30
0.0
 11
7.0324598415
 21
5.2427883543
 31
0.0
  0
LINE
  5
32D
330
1F
100
AcDbEntity
  8
0
  6
Continuous
 62
     7
370
    25
100
AcDbLine
 10
7.0324598415
 20
5.2427883543
 30
0.0
 11
7.1574731189
 21
5.3959084811
 31
0.0
  0
LINE
  5
32E
330
1F
100
AcDbEntity
  8
0
  6
Continuous
 62
     7
370
    25
100
AcDbLine
 10
7.1574731189
 20
5.3959084811
 30
0.0
 11
7.1612615597
 21
5.3935886748
 31
0.0
  0
LINE
  5
32F
330
1F
100
AcDbEntity
  8
0
  6
Continuous
 62
     7
370
    25
100
AcDbLine
 10
6.62900838
 20
5.2288689295
 30
0.0
 11
6.8279099058
 21
4.9852892637
 31
0.0
  0
LINE
  5
330
330
1F
100
AcDbEntity
  8
0
  6
Continuous
 62
     7
370
    25
100
AcDbLine
 10
6.7597036
 20
5.3959084811
 30
0.0
 11
6.6346903226
 21
5.2427883543
 31
0.0
  0
LINE
  5
331
330
1F
100
AcDbEntity
  8
0
  6
Continuous
 62
     7
370
    25
100
AcDbLine
 10
7.1574731189
 20
5.3959084811
 30
0.0
 11
6.7597036
 21
5.3959084811
 31
0.0
  0
LINE
  5
332
330
1F
100
AcDbEntity
  8
0
  6
Continuous
 62
     7
370
    25
100
AcDbLine
 10
7.1574731189
 20
5.3959084811
 30
0.0
 11
7.1688384413
 21
5.3959090678
 31
0.0
  0
LINE
  5
333
330
1F
100
AcDbEntity
  8
0
  6
Continuous
 62
     7
370
    25
100
AcDbLine
 10
6.7597036
 20
5.3959084811
 30
0.0
 11
6.7710689224
 21
5.3959090678
 31
0.0
  0
LINE
  5
334
330
1F
100
AcDbEntity
  8
0
  6
Continuous
 62
     7
370
    25
100
AcDbLine
 10
6.7710689224
 20
5.3959090678
 30
0.0
 11
7.1688384413
 21
5.3959090678
 31
0.0
  0
LINE
  5
335
330
1F
100
AcDbEntity
  8
0
  6
Continuous
 62
     7
370
    25
100
AcDbLine
 10
6.7597036
 20
4.7416679391
 30
0.0
 11
6.7710689224
 21
4.7347085201
 31
0.0
  0
LINE
  5
336
330
1F
100
AcDbEntity
  8
0
  6
Continuous
 62
     7
370
    25
100
AcDbLine
 10
6.759704079
 20
4.7277485143
 30
0.0
 11
6.7710689224
 21
4.7347085201
 31
0.0
  0
LINE
  5
337
330
1F
100
AcDbEntity
  8
0
  6
Continuous
 62
     7
370
    25
100
AcDbLine
 10
6.7597036
 20
4.7416679391
 30
0.0
 11
6.759704079
 21
4.7277485143
 31
0.0
  0
LINE
  5
338
330
1F
100
AcDbEntity
  8
0
  6
Continuous
 62
     7
370
    25
100
AcDbLine
 10
6.7597036
 20
4.7416679391
 30
0.0
 11
7.2938512397
 21
5.3959084811
 31
0.0
  0
LINE
  5
339
330
1F
100
AcDbEntity
  8
0
  6
Continuous
 62
     7
370
    25
100
AcDbLine
 10
7.2938512397
 20
5.3959084811
 30
0.0
 11
7.3052165621
 21
5.3889490621
 31
0.0
  0
LINE
  5
33A
330
1F
100
AcDbEntity
  8
0
  6
Continuous
 62
     7
370
    25
100
AcDbLine
 10
7.3052165621
 20
5.3889490621
 30
0.0
 11
6.7710689224
 21
4.7347085201
 31
0.0
  0
LINE
  5
33B
330
1F
100
AcDbEntity
  8
0
  6
Continuous
 62
     7
370
    25
100
AcDbLine
 10
7.1575071321
 20
4.2405891809
 30
0.0
 11
6.759704079
 21
4.7277485143
 31
0.0
  0
LINE
  5
33C
330
1F
100
AcDbEntity
  8
0
  6
Continuous
 62
     7
370
    25
100
AcDbLine
 10
6.7710689224
 20
4.7347085201
 30
0.0
 11
7.1688719755
 21
4.2475491867
 31
0.0
  0
LINE
  5
33D
330
1F
100
AcDbEntity
  8
0
  6
Continuous
 62
     7
370
    25
100
AcDbLine
 10
7.1575071321
 20
4.2405891809
 30
0.0
 11
7.1688719755
 21
4.2475491867
 31
0.0
  0
LINE
  5
33E
330
1F
100
AcDbEntity
  8
0
  6
Continuous
 62
     7
370
    25
100
AcDbLine
 10
7.64551103
 20
4.9722161464
 30
0.0
 11
7.3052165621
 21
5.3889490621
 31
0.0
  0
LINE
  5
33F
330
1F
100
AcDbEntity
  8
0
  6
Continuous
 62
     7
370
    25
100
AcDbLine
 10
7.1688719755
 20
4.2475491867
 30
0.0
 11
7.64551103
 21
4.8313514357
 31
0.0
  0
LINE
  5
340
330
1F
100
AcDbEntity
  8
0
  6
Continuous
 62
     7
370
    25
100
AcDbLine
 10
6.6290079009
 20
4.7416679391
 30
0.0
 11
6.7597036
 21
4.7416679391
 31
0.0
  0
LINE
  5
341
330
1F
100
AcDbEntity
  8
0
  6
Continuous
 62
     7
370
    25
100
AcDbLine
 10
6.759704079
 20
4.7277485143
 30
0.0
 11
6.6346908017
 21
4.7277485143
 31
0.0
  0
LINE
  5
342
330
1F
100
AcDbEntity
  8
0
  6
Continuous
 62
     7
370
    25
100
AcDbLine
 10
6.6290079009
 20
4.7416679391
 30
0.0
 11
6.6346908017
 21
4.7277485143
 31
0.0
  0
LINE
  5
343
330
1F
100
AcDbEntity
  8
0
  6
Continuous
 62
     7
370
    25
100
AcDbLine
 10
6.6290079009
 20
4.7416679391
 30
0.0
 11
7.1631555406
 21
5.3959084811
 31
0.0
  0
LINE
  5
344
330
1F
100
AcDbEntity
  8
0
  6
Continuous
 62
     7
370
    25
100
AcDbLine
 10
7.2938512397
 20
5.3959084811
 30
0.0
 11
7.1631555406
 21
5.3959084811
 31
0.0
  0
LINE
  5
345
330
1F
100
AcDbEntity
  8
0
  6
Continuous
 62
     7
370
    25
100
AcDbLine
 10
6.6346908017
 20
4.7277485143
 30
0.0
 11
7.0324938547
 21
4.2405891809
 31
0.0
  0
LINE
  5
346
330
1F
100
AcDbEntity
  8
0
  6
Continuous
 62
     7
370
    25
100
AcDbLine
 10
7.0324938547
 20
4.2405891809
 30
0.0
 11
7.1575071321
 21
4.2405891809
 31
0.0
  0
LINE
  5
347
330
1F
100
AcDbEntity
  8
0
  6
Continuous
 62
     7
370
    25
100
AcDbLine
 10
7.1688719755
 20
4.2475491867
 30
0.0
 11
7.1688724545
 21
4.2405897677
 31
0.0
  0
LINE
  5
348
330
1F
100
AcDbEntity
  8
0
  6
Continuous
 62
     7
370
    25
100
AcDbLine
 10
7.1575071321
 20
4.2405891809
 30
0.0
 11
7.1688724545
 21
4.2405897677
 31
0.0
  0
LINE
  5
349
330
1F
100
AcDbEntity
  8
0
  6
Continuous
 62
     7
370
    25
100
AcDbLine
 10
7.64551103
 20
4.8243914299
 30
0.0
 11
7.1688724545
 21
4.2405897677
 31
0.0
  0
LINE
  5
34A
330
1F
100
AcDbEntity
  8
0
  6
Continuous
 62
     7
370
    25
100
AcDbLine
 10
7.2938512397
 20
5.3959084811
 30
0.0
 11
7.3052165621
 21
5.3959090678
 31
0.0
  0
LINE
  5
34B
330
1F
100
AcDbEntity
  8
0
  6
Continuous
 62
     7
370
    25
100
AcDbLine
 10
7.3052165621
 20
5.3889490621
 30
0.0
 11
7.3052165621
 21
5.3959090678
 31
0.0
  0
LINE
  5
34C
330
1F
100
AcDbEntity
  8
0
  6
Continuous
 62
     7
370
    25
100
AcDbLine
 10
7.3052165621
 20
5.3959090678
 30
0.0
 11
7.64551103
 21
4.9791761522
 31
0.0
  0
LINE
  5
34D
330
1F
100
AcDbEntity
  8
0
  6
Continuous
 62
     7
370
    25
100
AcDbLine
 10
7.1802032847
 20
5.3959090678
 30
0.0
 11
7.3052165621
 21
5.3959090678
 31
0.0
  0
LINE
  5
34E
330
1F
100
AcDbEntity
  8
0
  6
Continuous
 62
     7
370
    25
100
AcDbLine
 10
7.1802032847
 20
5.3959090678
 30
0.0
 11
7.1631555406
 21
5.3959084811
 31
0.0
  0
LINE
  5
34F
330
1F
100
AcDbEntity
  8
0
  6
Continuous
 62
     7
370
    25
100
AcDbLine
 10
7.180237777
 20
4.2336303486
 30
0.0
 11
7.3052615937
 21
4.0805231295
 31
0.0
  0
LINE
  5
350
330
1F
100
AcDbEntity
  8
0
  6
Continuous
 62
     7
370
    25
100
AcDbLine
 10
7.2938967503
 20
4.0735631238
 30
0.0
 11
7.3052615937
 21
4.0805231295
 31
0.0
  0
LINE
  5
351
330
1F
100
AcDbEntity
  8
0
  6
Continuous
 62
     7
370
    25
100
AcDbLine
 10
7.2938967503
 20
4.0735631238
 30
0.0
 11
7.1631900329
 21
4.2336297619
 31
0.0
  0
LINE
  5
352
330
1F
100
AcDbEntity
  8
0
  6
Continuous
 62
     7
370
    25
100
AcDbLine
 10
7.180237777
 20
4.2336303486
 30
0.0
 11
7.1631900329
 21
4.2336297619
 31
0.0
  0
LINE
  5
353
330
1F
100
AcDbEntity
  8
0
  6
Continuous
 62
     7
370
    25
100
AcDbLine
 10
7.5780072959
 20
4.7208307522
 30
0.0
 11
7.180237777
 21
4.2336303486
 31
0.0
  0
LINE
  5
354
330
1F
100
AcDbEntity
  8
0
  6
Continuous
 62
     7
370
    25
100
AcDbLine
 10
7.1631900329
 20
4.2336297619
 30
0.0
 11
7.5723243952
 21
4.734750177
 31
0.0
  0
LINE
  5
355
330
1F
100
AcDbEntity
  8
0
  6
Continuous
 62
     7
370
    25
100
AcDbLine
 10
7.5780072959
 20
4.7208307522
 30
0.0
 11
7.5723243952
 21
4.734750177
 31
0.0
  0
LINE
  5
356
330
1F
100
AcDbEntity
  8
0
  6
Continuous
 62
     7
370
    25
100
AcDbLine
 10
7.64551103
 20
4.6381640309
 30
0.0
 11
7.5780072959
 21
4.7208307522
 31
0.0
  0
LINE
  5
357
330
1F
100
AcDbEntity
  8
0
  6
Continuous
 62
     7
370
    25
100
AcDbLine
 10
7.3052615937
 20
4.0805231295
 30
0.0
 11
7.64551103
 21
4.4972711578
 31
0.0
  0
LINE
  5
358
330
1F
100
AcDbEntity
  8
0
  6
Continuous
 62
     7
370
    25
100
AcDbLine
 10
6.8335923289
 20
4.4841688467
 30
0.0
 11
6.6290423932
 21
4.2336297619
 31
0.0
  0
LINE
  5
359
330
1F
100
AcDbEntity
  8
0
  6
Continuous
 62
     7
370
    25
100
AcDbLine
 10
6.6290423932
 20
4.2336297619
 30
0.0
 11
7.1631900329
 21
4.2336297619
 31
0.0
  0
LINE
  5
35A
330
1F
100
AcDbEntity
  8
0
  6
Continuous
 62
     7
370
    25
100
AcDbLine
 10
6.6290423932
 20
4.2336297619
 30
0.0
 11
6.7597491106
 21
4.0735631238
 31
0.0
  0
LINE
  5
35B
330
1F
100
AcDbEntity
  8
0
  6
Continuous
 62
     7
370
    25
100
AcDbLine
 10
6.7597491106
 20
4.0735631238
 30
0.0
 11
7.2938967503
 21
4.0735631238
 31
0.0
  0
LINE
  5
35C
330
1F
100
AcDbEntity
  8
0
  6
Continuous
 62
     7
370
    25
100
AcDbLine
 10
7.3052620727
 20
4.0735637105
 30
0.0
 11
7.3052615937
 21
4.0805231295
 31
0.0
  0
LINE
  5
35D
330
1F
100
AcDbEntity
  8
0
  6
Continuous
 62
     7
370
    25
100
AcDbLine
 10
7.2938967503
 20
4.0735631238
 30
0.0
 11
7.3052620727
 21
4.0735637105
 31
0.0
  0
LINE
  5
35E
330
1F
100
AcDbEntity
  8
0
  6
Continuous
 62
     7
370
    25
100
AcDbLine
 10
7.64551103
 20
4.490311152
 30
0.0
 11
7.3052620727
 21
4.0735637105
 31
0.0
  0
LINE
  5
35F
330
1F
100
AcDbEntity
  8
0
  6
Continuous
 62
     7
370
    25
100
AcDbLine
 10
7.5723243952
 20
4.734750177
 30
0.0
 11
7.64551103
 21
4.6451240367
 31
0.0
  0
LINE
  5
360
330
1F
100
AcDbEntity
  8
0
  6
Continuous
 62
     7
370
    25
100
AcDbLine
 10
7.5816765339
 20
4.7232973195
 30
0.0
 11
7.64551103
 21
4.7232973195
 31
0.0
  0
LINE
  5
361
330
1F
100
AcDbEntity
  8
0
  6
Continuous
 62
     7
370
    25
100
AcDbLine
 10
7.64551103
 20
4.7348282513
 30
0.0
 11
7.64551103
 21
5.1348282513
 31
0.0
  0
LINE
  5
362
330
1F
100
AcDbEntity
  8
0
  6
Continuous
 62
     7
370
    25
100
AcDbLine
 10
7.64551103
 20
4.3348282513
 30
0.0
 11
7.64551103
 21
4.7348282513
 31
0.0
  0
SPLINE
  5
363
330
1F
100
AcDbEntity
  8
0
  6
Continuous
 62
     7
370
    25
100
AcDbSpline
210
0.0
220
0.0
230
1.0
 70
    11
 71
     3
 72
    26
 73
    22
 74
     0
 42
0.00000001
 43
0.00000001
 40
0.0
 40
0.0
 40
0.0
 40
0.0
 40
0.0531647300514391
 40
0.1063114338700211
 40
0.1599282729397368
 40
0.2138827720916349
 40
0.2673169873518899
 40
0.3201825077515643
 40
0.3733178601891658
 40
0.4271364734134374
 40
0.4809958827394353
 40
0.534196912961577
 40
0.5870686971295823
 40
0.640428940954877
 40
0.6943605885608245
 40
0.74805423314792
 40
0.8010526875628214
 40
0.8539910296248998
 40
0.9075879732847227
 40
0.9615447017168256
 40
1.0
 40
1.0
 40
1.0
 40
1.0
 10
7.860511030033037
 20
4.734828251340311
 30
0.0
 10
7.859770204882119
 20
4.727242682817249
 30
0.0
 10
7.85828880576724
 20
4.712074117762452
 30
0.0
 10
7.846753772433011
 20
4.691845353741069
 30
0.0
 10
7.829681803151808
 20
4.67632096053028
 30
0.0
 10
7.808195640664368
 20
4.667321028324281
 30
0.0
 10
7.78503898665309
 20
4.66595091490084
 30
0.0
 10
7.762861748151761
 20
4.672227428907391
 30
0.0
 10
7.743961296274048
 20
4.685397807355351
 30
0.0
 10
7.730350095580918
 20
4.704174235609179
 30
0.0
 10
7.723715330714882
 20
4.726479273905973
 30
0.0
 10
7.724831502481861
 20
4.749607119322459
 30
0.0
 10
7.733416688704422
 20
4.770970185713852
 30
0.0
 10
7.748552494308157
 20
4.788394251271049
 30
0.0
 10
7.768722227219795
 20
4.799927865582506
 30
0.0
 10
7.791594844767157
 20
4.804114120875465
 30
0.0
 10
7.814408017746797
 20
4.800543175120229
 30
0.0
 10
7.834758886512271
 20
4.789745082136134
 30
0.0
 10
7.850404935313475
 20
4.772807591147684
 30
0.0
 10
7.859179079820468
 20
4.75345114557742
 30
0.0
 10
7.86011963712634
 20
4.740300579538298
 30
0.0
 10
7.860511030033037
 20
4.734828251340311
 30
0.0
  0
LINE
  5
364
330
1F
100
AcDbEntity
  8
0
  6
Continuous
 62
     7
370
    25
100
AcDbLine
 10
7.82051103
 20
5.0815347098
 30
0.0
 11
7.82051103
 21
5.0856767194
 31
0.0
  0
LINE
  5
365
330
1F
100
AcDbEntity
  8
0
  6
Continuous
 62
     7
370
    25
100
AcDbLine
 10
7.76051103
 20
5.0856767194
 30
0.0
 11
7.82051103
 21
5.0856767194
 31
0.0
  0
LINE
  5
366
330
1F
100
AcDbEntity
  8
0
  6
Continuous
 62
     7
370
    25
100
AcDbLine
 10
7.76051103
 20
5.0815347098
 30
0.0
 11
7.76051103
 21
5.0856767194
 31
0.0
  0
LINE
  5
367
330
1F
100
AcDbEntity
  8
0
  6
Continuous
 62
     7
370
    25
100
AcDbLine
 10
7.7851264146
 20
5.0815347098
 30
0.0
 11
7.76051103
 21
5.0815347098
 31
0.0
  0
LINE
  5
368
330
1F
100
AcDbEntity
  8
0
  6
Continuous
 62
     7
370
    25
100
AcDbLine
 10
7.7851264146
 20
5.0660445287
 30
0.0
 11
7.7851264146
 21
5.0815347098
 31
0.0
  0
LINE
  5
369
330
1F
100
AcDbEntity
  8
0
  6
Continuous
 62
     7
370
    25
100
AcDbLine
 10
7.76051103
 20
5.0660445287
 30
0.0
 11
7.7851264146
 21
5.0660445287
 31
0.0
  0
LINE
  5
36A
330
1F
100
AcDbEntity
  8
0
  6
Continuous
 62
     7
370
    25
100
AcDbLine
 10
7.76051103
 20
5.0612266642
 30
0.0
 11
7.76051103
 21
5.0660445287
 31
0.0
  0
LINE
  5
36B
330
1F
100
AcDbEntity
  8
0
  6
Continuous
 62
     7
370
    25
100
AcDbLine
 10
7.82051103
 20
5.0612266642
 30
0.0
 11
7.76051103
 21
5.0612266642
 31
0.0
  0
LINE
  5
36C
330
1F
100
AcDbEntity
  8
0
  6
Continuous
 62
     7
370
    25
100
AcDbLine
 10
7.82051103
 20
5.0612266642
 30
0.0
 11
7.82051103
 21
5.0660445287
 31
0.0
  0
LINE
  5
36D
330
1F
100
AcDbEntity
  8
0
  6
Continuous
 62
     7
370
    25
100
AcDbLine
 10
7.7920494916
 20
5.0660445287
 30
0.0
 11
7.82051103
 21
5.0660445287
 31
0.0
  0
LINE
  5
36E
330
1F
100
AcDbEntity
  8
0
  6
Continuous
 62
     7
370
    25
100
AcDbLine
 10
7.7920494916
 20
5.0660445287
 30
0.0
 11
7.7920494916
 21
5.0815347098
 31
0.0
  0
LINE
  5
36F
330
1F
100
AcDbEntity
  8
0
  6
Continuous
 62
     7
370
    25
100
AcDbLine
 10
7.82051103
 20
5.0815347098
 30
0.0
 11
7.7920494916
 21
5.0815347098
 31
0.0
  0
SPLINE
  5
370
330
1F
100
AcDbEntity
  8
0
  6
Continuous
 62
     7
370
    25
100
AcDbSpline
210
0.0
220
0.0
230
1.0
 70
     8
 71
     3
 72
    11
 73
     7
 74
     0
 42
0.00000001
 43
0.00000001
 40
0.0
 40
0.0
 40
0.0
 40
0.0
 40
0.5004268218185554
 40
0.7501480321239715
 40
0.8750392778078031
 40
1.0
 40
1.0
 40
1.0
 40
1.0
 10
7.807842760802268
 20
5.106054665511577
 30
0.0
 10
7.805095209004062
 20
5.105430630040811
 30
0.0
 10
7.800976583693185
 20
5.104495190611984
 30
0.0
 10
7.79649741169924
 20
5.103145185332775
 30
0.0
 10
7.794623915770982
 20
5.102098645253161
 30
0.0
 10
7.794117615797822
 20
5.101486530876679
 30
0.0
 10
7.793864395417653
 20
5.101180388582906
 30
0.0
  0
LINE
  5
371
330
1F
100
AcDbEntity
  8
0
  6
Continuous
 62
     7
370
    25
100
AcDbLine
 10
7.82051103
 20
5.1087738335
 30
0.0
 11
7.8078427608
 21
5.1060546655
 31
0.0
  0
LINE
  5
372
330
1F
100
AcDbEntity
  8
0
  6
Continuous
 62
     7
370
    25
100
AcDbLine
 10
7.82051103
 20
5.1087738335
 30
0.0
 11
7.82051103
 21
5.1121069499
 31
0.0
  0
LINE
  5
373
330
1F
100
AcDbEntity
  8
0
  6
Continuous
 62
     7
370
    25
100
AcDbLine
 10
7.80394853
 20
5.1087226064
 30
0.0
 11
7.82051103
 21
5.1121069499
 31
0.0
  0
LINE
  5
374
330
1F
100
AcDbEntity
  8
0
  6
Continuous
 62
     7
370
    25
100
AcDbLine
 10
7.7957754531
 20
5.1064294792
 30
0.0
 11
7.80394853
 21
5.1087226064
 31
0.0
  0
LINE
  5
375
330
1F
100
AcDbEntity
  8
0
  6
Continuous
 62
     7
370
    25
100
AcDbLine
 10
7.7928187223
 20
5.1046784472
 30
0.0
 11
7.7957754531
 21
5.1064294792
 31
0.0
  0
SPLINE
  5
376
330
1F
100
AcDbEntity
  8
0
  6
Continuous
 62
     7
370
    25
100
AcDbSpline
210
0.0
220
0.0
230
1.0
 70
     8
 71
     3
 72
    12
 73
     8
 74
     0
 42
0.00000001
 43
0.00000001
 40
0.0
 40
0.0
 40
0.0
 40
0.0
 40
0.2495348999500678
 40
0.3753908410012807
 40
0.5001202572687925
 40
0.7495459627043369
 40
1.0
 40
1.0
 40
1.0
 40
1.0
 10
7.776688914648422
 20
5.110445279026925
 30
0.0
 10
7.778788307118607
 20
5.110381523088731
 30
0.0
 10
7.781946553540781
 20
5.110285611072969
 30
0.0
 10
7.785661380636735
 20
5.109590294642149
 30
0.0
 10
7.78889124354092
 20
5.108654267059857
 30
0.0
 10
7.79163710126088
 20
5.106997028891525
 30
0.0
 10
7.792424308843857
 20
5.105452366954131
 30
0.0
 10
7.792818722340729
 20
5.104678447178219
 30
0.0
  0
SPLINE
  5
377
330
1F
100
AcDbEntity
  8
0
  6
Continuous
 62
     7
370
    25
100
AcDbSpline
210
0.0
220
0.0
230
1.0
 70
     8
 71
     3
 72
    13
 73
     9
 74
     0
 42
0.00000001
 43
0.00000001
 40
0.0
 40
0.0
 40
0.0
 40
0.0
 40
0.2505391078856867
 40
0.3757803961171289
 40
0.5006985424693056
 40
0.6203517654820795
 40
0.7509892519469404
 40
1.0
 40
1.0
 40
1.0
 40
1.0
 10
7.760511030033038
 20
5.103055774225569
 30
0.0
 10
7.760572002333229
 20
5.104009353940909
 30
0.0
 10
7.760663453904648
 20
5.105439615931478
 30
0.0
 10
7.76175818840658
 20
5.107221378409127
 30
0.0
 10
7.763462363535084
 20
5.10840763629539
 30
0.0
 10
7.766146691640907
 20
5.109326022656413
 30
0.0
 10
7.770445038603577
 20
5.11021060746235
 30
0.0
 10
7.774215726023455
 20
5.110352326021461
 30
0.0
 10
7.776688914648422
 20
5.110445279026925
 30
0.0
  0
LINE
  5
378
330
1F
100
AcDbEntity
  8
0
  6
Continuous
 62
     7
370
    25
100
AcDbLine
 10
7.76051103
 20
5.0921150953
 30
0.0
 11
7.76051103
 21
5.1030557742
 31
0.0
  0
LINE
  5
379
330
1F
100
AcDbEntity
  8
0
  6
Continuous
 62
     7
370
    25
100
AcDbLine
 10
7.82051103
 20
5.0921150953
 30
0.0
 11
7.76051103
 21
5.0921150953
 31
0.0
  0
LINE
  5
37A
330
1F
100
AcDbEntity
  8
0
  6
Continuous
 62
     7
370
    25
100
AcDbLine
 10
7.82051103
 20
5.0921150953
 30
0.0
 11
7.82051103
 21
5.0958393987
 31
0.0
  0
LINE
  5
37B
330
1F
100
AcDbEntity
  8
0
  6
Continuous
 62
     7
370
    25
100
AcDbLine
 10
7.7935879531
 20
5.0958393987
 30
0.0
 11
7.82051103
 21
5.0958393987
 31
0.0
  0
LINE
  5
37C
330
1F
100
AcDbEntity
  8
0
  6
Continuous
 62
     7
370
    25
100
AcDbLine
 10
7.7935879531
 20
5.0958393987
 30
0.0
 11
7.7935879531
 21
5.0994861826
 31
0.0
  0
LINE
  5
37D
330
1F
100
AcDbEntity
  8
0
  6
Continuous
 62
     7
370
    25
100
AcDbLine
 10
7.7938643954
 20
5.1011803886
 30
0.0
 11
7.7935879531
 21
5.0994861826
 31
0.0
  0
SPLINE
  5
37E
330
1F
100
AcDbEntity
  8
0
  6
Continuous
 62
     7
370
    25
100
AcDbSpline
210
0.0
220
0.0
230
1.0
 70
     8
 71
     3
 72
    11
 73
     7
 74
     0
 42
0.00000001
 43
0.00000001
 40
0.0
 40
0.0
 40
0.0
 40
0.0
 40
0.5004268218185565
 40
0.7501480321239735
 40
0.875039277807806
 40
1.0
 40
1.0
 40
1.0
 40
1.0
 10
7.807842760802268
 20
5.12414743414076
 30
0.0
 10
7.805095209004062
 20
5.123760717993446
 30
0.0
 10
7.800976583693185
 20
5.123181024131625
 30
0.0
 10
7.79649741169924
 20
5.122325987306455
 30
0.0
 10
7.794623915770982
 20
5.121656907612288
 30
0.0
 10
7.794117615797822
 20
5.121261343063217
 30
0.0
 10
7.793864395417653
 20
5.121063505791228
 30
0.0
  0
LINE
  5
37F
330
1F
100
AcDbEntity
  8
0
  6
Continuous
 62
     7
370
    25
100
AcDbLine
 10
7.82051103
 20
5.1257954117
 30
0.0
 11
7.8078427608
 21
5.1241474341
 31
0.0
  0
LINE
  5
380
330
1F
100
AcDbEntity
  8
0
  6
Continuous
 62
     7
370
    25
100
AcDbLine
 10
7.82051103
 20
5.1257954117
 30
0.0
 11
7.82051103
 21
5.1277299302
 31
0.0
  0
LINE
  5
381
330
1F
100
AcDbEntity
  8
0
  6
Continuous
 62
     7
370
    25
100
AcDbLine
 10
7.80394853
 20
5.1257649081
 30
0.0
 11
7.82051103
 21
5.1277299302
 31
0.0
  0
LINE
  5
382
330
1F
100
AcDbEntity
  8
0
  6
Continuous
 62
     7
370
    25
100
AcDbLine
 10
7.7957754531
 20
5.1243779463
 30
0.0
 11
7.80394853
 21
5.1257649081
 31
0.0
  0
LINE
  5
383
330
1F
100
AcDbEntity
  8
0
  6
Continuous
 62
     7
370
    25
100
AcDbLine
 10
7.7928187223
 20
5.1232924797
 30
0.0
 11
7.7957754531
 21
5.1243779463
 31
0.0
  0
SPLINE
  5
384
330
1F
100
AcDbEntity
  8
0
  6
Continuous
 62
     7
370
    25
100
AcDbSpline
210
0.0
220
0.0
230
1.0
 70
     8
 71
     3
 72
    12
 73
     8
 74
     0
 42
0.00000001
 43
0.00000001
 40
0.0
 40
0.0
 40
0.0
 40
0.0
 40
0.2495348999500937
 40
0.3753908409955571
 40
0.5001202572687297
 40
0.749545962704305
 40
1.0
 40
1.0
 40
1.0
 40
1.0
 10
7.776688914648422
 20
5.126778289982193
 30
0.0
 10
7.77878830711861
 20
5.126741432948538
 30
0.0
 10
7.781946553540739
 20
5.126685986624747
 30
0.0
 10
7.785661380636681
 20
5.126279177852658
 30
0.0
 10
7.788891243540903
 20
5.125725959034058
 30
0.0
 10
7.791637101260878
 20
5.124732978663891
 30
0.0
 10
7.792424308843856
 20
5.12377330411628
 30
0.0
 10
7.792818722340729
 20
5.123292479741148
 30
0.0
  0
SPLINE
  5
385
330
1F
100
AcDbEntity
  8
0
  6
Continuous
 62
     7
370
    25
100
AcDbSpline
210
0.0
220
0.0
230
1.0
 70
     8
 71
     3
 72
    13
 73
     9
 74
     0
 42
0.00000001
 43
0.00000001
 40
0.0
 40
0.0
 40
0.0
 40
0.0
 40
0.2505391078856903
 40
0.3757803961171395
 40
0.5006985424693142
 40
0.6203517654796635
 40
0.7509892519469357
 40
1.0
 40
1.0
 40
1.0
 40
1.0
 10
7.760511030033038
 20
5.122268020000107
 30
0.0
 10
7.760572002333229
 20
5.122870162316396
 30
0.0
 10
7.760663453904648
 20
5.123773307857398
 30
0.0
 10
7.76175818840658
 20
5.124863465648646
 30
0.0
 10
7.763462363535073
 20
5.125578402664065
 30
0.0
 10
7.766146691640889
 20
5.126123731767207
 30
0.0
 10
7.770445038603552
 20
5.126642656769138
 30
0.0
 10
7.774215726023455
 20
5.126724565898421
 30
0.0
 10
7.776688914648422
 20
5.126778289982193
 30
0.0
  0
LINE
  5
386
330
1F
100
AcDbEntity
  8
0
  6
Continuous
 62
     7
370
    25
100
AcDbLine
 10
7.76051103
 20
5.1149796341
 30
0.0
 11
7.76051103
 21
5.12226802
 31
0.0
  0
LINE
  5
387
330
1F
100
AcDbEntity
  8
0
  6
Continuous
 62
     7
370
    25
100
AcDbLine
 10
7.82051103
 20
5.1149796341
 30
0.0
 11
7.76051103
 21
5.1149796341
 31
0.0
  0
LINE
  5
388
330
1F
100
AcDbEntity
  8
0
  6
Continuous
 62
     7
370
    25
100
AcDbLine
 10
7.82051103
 20
5.1149796341
 30
0.0
 11
7.82051103
 21
5.1175267366
 31
0.0
  0
LINE
  5
389
330
1F
100
AcDbEntity
  8
0
  6
Continuous
 62
     7
370
    25
100
AcDbLine
 10
7.7935879531
 20
5.1175267366
 30
0.0
 11
7.82051103
 21
5.1175267366
 31
0.0
  0
LINE
  5
38A
330
1F
100
AcDbEntity
  8
0
  6
Continuous
 62
     7
370
    25
100
AcDbLine
 10
7.7935879531
 20
5.1175267366
 30
0.0
 11
7.7935879531
 21
5.1199578385
 31
0.0
  0
LINE
  5
38B
330
1F
100
AcDbEntity
  8
0
  6
Continuous
 62
     7
370
    25
100
AcDbLine
 10
7.7938643954
 20
5.1210635058
 30
0.0
 11
7.7935879531
 21
5.1199578385
 31
0.0
  0
LINE
  5
38C
330
1F
100
AcDbEntity
  8
0
  6
Continuous
 62
     7
370
    25
100
AcDbLine
 10
7.8128187223
 20
5.1317045747
 30
0.0
 11
7.8128187223
 21
5.1335550738
 31
0.0
  0
LINE
  5
38D
330
1F
100
AcDbEntity
  8
0
  6
Continuous
 62
     7
370
    25
100
AcDbLine
 10
7.8016889146
 20
5.1317891934
 30
0.0
 11
7.8128187223
 21
5.1301442867
 31
0.0
  0
SPLINE
  5
38E
330
1F
100
AcDbEntity
  8
0
  6
Continuous
 62
     7
370
    25
100
AcDbSpline
210
0.0
220
0.0
230
1.0
 70
     8
 71
     3
 72
    10
 73
     6
 74
     0
 42
0.00000001
 43
0.00000001
 40
0.0
 40
0.0
 40
0.0
 40
0.0
 40
0.2491473148458569
 40
0.499115553034516
 40
1.0
 40
1.0
 40
1.0
 40
1.0
 10
7.777073530033038
 20
5.133493011135478
 30
0.0
 10
7.779635242196592
 20
5.133467348532554
 30
0.0
 10
7.784767107189873
 20
5.133415938770186
 30
0.0
 10
7.793387586830828
 20
5.132900999943803
 30
0.0
 10
7.798367126162405
 20
5.132234084418037
 30
0.0
 10
7.801688914648422
 20
5.131789193401597
 30
0.0
  0
SPLINE
  5
38F
330
1F
100
AcDbEntity
  8
0
  6
Continuous
 62
     7
370
    25
100
AcDbSpline
210
0.0
220
0.0
230
1.0
 70
     8
 71
     3
 72
    14
 73
    10
 74
     0
 42
0.00000001
 43
0.00000001
 40
0.0
 40
0.0
 40
0.0
 40
0.0
 40
0.2496622647180045
 40
0.3764023489840224
 40
0.4997921821397452
 40
0.6260642083099824
 40
0.7499266052409151
 40
0.8758468855473137
 40
0.9999999999999999
 40
0.9999999999999999
 40
0.9999999999999999
 40
0.9999999999999999
 10
7.760511030033038
 20
5.131561811754561
 30
0.0
 10
7.760658996503945
 20
5.131847416966136
 30
0.0
 10
7.760882077582228
 20
5.132278008560104
 30
0.0
 10
7.762683747151727
 20
5.132733209511585
 30
0.0
 10
7.764695886930456
 20
5.133016757661872
 30
0.0
 10
7.767247383378824
 20
5.133234710430937
 30
0.0
 10
7.770256463366161
 20
5.133390830171241
 30
0.0
 10
7.773600578402252
 20
5.133478502870118
 30
0.0
 10
7.775921346126522
 20
5.133488197883917
 30
0.0
 10
7.777073530033038
 20
5.133493011135478
 30
0.0
  0
SPLINE
  5
390
330
1F
100
AcDbEntity
  8
0
  6
Continuous
 62
     7
370
    25
100
AcDbSpline
210
0.0
220
0.0
230
1.0
 70
     8
 71
     3
 72
    13
 73
     9
 74
     0
 42
0.00000001
 43
0.00000001
 40
0.0
 40
0.0
 40
0.0
 40
0.0
 40
0.2496902918593166
 40
0.3756191739098108
 40
0.4998560264858627
 40
0.622380546230296
 40
0.7501090923194608
 40
1.0
 40
1.0
 40
1.0
 40
1.0
 10
7.777434106956115
 20
5.128651720157304
 30
0.0
 10
7.775060194599702
 20
5.128718432607801
 30
0.0
 10
7.771489022522445
 20
5.128818790837025
 30
0.0
 10
7.767298894119126
 20
5.129223573871959
 30
0.0
 10
7.764672354957735
 20
5.129623270487182
 30
0.0
 10
7.762663714194631
 20
5.130092197687
 30
0.0
 10
7.760870644838777
 20
5.130763828956177
 30
0.0
 10
7.760654237979459
 20
5.131244034299316
 30
0.0
 10
7.760511030033038
 20
5.131561811754561
 30
0.0
  0
LINE
  5
391
330
1F
100
AcDbEntity
  8
0
  6
Continuous
 62
     7
370
    25
100
AcDbLine
 10
7.7782033377
 20
5.1299253932
 30
0.0
 11
7.777434107
 21
5.1286517202
 31
0.0
  0
SPLINE
  5
392
330
1F
100
AcDbEntity
  8
0
  6
Continuous
 62
     7
370
    25
100
AcDbSpline
210
0.0
220
0.0
230
1.0
 70
     8
 71
     3
 72
    13
 73
     9
 74
     0
 42
0.00000001
 43
0.00000001
 40
0.0
 40
0.0
 40
0.0
 40
0.0
 40
0.2498971509617088
 40
0.3775214939230586
 40
0.5003297361579702
 40
0.6250161647468061
 40
0.7504793360069041
 40
1.0
 40
1.0
 40
1.0
 40
1.0
 10
7.767434106956114
 20
5.131540316212696
 30
0.0
 10
7.767529748084439
 20
5.131346055682856
 30
0.0
 10
7.76767423385191
 20
5.131052584848342
 30
0.0
 10
7.768875978399586
 20
5.130665885191858
 30
0.0
 10
7.770177009132737
 20
5.130402446900113
 30
0.0
 10
7.771850865190484
 20
5.130185114184269
 30
0.0
 10
7.774492791761239
 20
5.129972914069819
 30
0.0
 10
7.776720789731122
 20
5.129944380181237
 30
0.0
 10
7.778203337725345
 20
5.129925393243251
 30
0.0
  0
SPLINE
  5
393
330
1F
100
AcDbEntity
  8
0
  6
Continuous
 62
     7
370
    25
100
AcDbSpline
210
0.0
220
0.0
230
1.0
 70
     8
 71
     3
 72
    14
 73
    10
 74
     0
 42
0.00000001
 43
0.00000001
 40
0.0
 40
0.0
 40
0.0
 40
0.0
 40
0.1267689647721073
 40
0.2500365832025932
 40
0.3705295145569753
 40
0.5001688600341567
 40
0.6252328685812706
 40
0.7502798798785036
 40
1.0
 40
1.0
 40
1.0
 40
1.0
 10
7.777145645417653
 20
5.132791336002054
 30
0.0
 10
7.776454109351185
 20
5.132787425013393
 30
0.0
 10
7.775090137376409
 20
5.13277971105719
 30
0.0
 10
7.773154610739869
 20
5.132713141235227
 30
0.0
 10
7.771415887524795
 20
5.132601297292703
 30
0.0
 10
7.76992669611058
 20
5.132449255425658
 30
0.0
 10
7.768758175956417
 20
5.132258520060604
 30
0.0
 10
7.767650528246047
 20
5.131969148302965
 30
0.0
 10
7.76752064955628
 20
5.131711797697434
 30
0.0
 10
7.767434106956114
 20
5.131540316212696
 30
0.0
  0
SPLINE
  5
394
330
1F
100
AcDbEntity
  8
0
  6
Continuous
 62
     7
370
    25
100
AcDbSpline
210
0.0
220
0.0
230
1.0
 70
     8
 71
     3
 72
    11
 73
     7
 74
     0
 42
0.00000001
 43
0.00000001
 40
0.0
 40
0.0
 40
0.0
 40
0.0
 40
0.5005298593449846
 40
0.7502949271103407
 40
0.8753500380509088
 40
1.0
 40
1.0
 40
1.0
 40
1.0
 10
7.798071126186884
 20
5.130842538094362
 30
0.0
 10
7.795129418190465
 20
5.131302174346946
 30
0.0
 10
7.790719793978154
 20
5.131991169702947
 30
0.0
 10
7.784671968646
 20
5.132552104690081
 30
0.0
 10
7.78053915317541
 20
5.132757941578992
 30
0.0
 10
7.77827559045248
 20
5.132780216574836
 30
0.0
 10
7.777145645417653
 20
5.132791336002054
 30
0.0
  0
SPLINE
  5
395
330
1F
100
AcDbEntity
  8
0
  6
Continuous
 62
     7
370
    25
100
AcDbSpline
210
0.0
220
0.0
230
1.0
 70
     8
 71
     3
 72
     9
 73
     5
 74
     0
 42
0.00000001
 43
0.00000001
 40
0.0
 40
0.0
 40
0.0
 40
0.0
 40
0.4987293958201711
 40
1.0
 40
1.0
 40
1.0
 40
1.0
 10
7.815174491571499
 20
5.128658030633254
 30
0.0
 10
7.811818825702426
 20
5.128949536698383
 30
0.0
 10
7.805090395621513
 20
5.129534034158471
 30
0.0
 10
7.800414843182741
 20
5.130405631811985
 30
0.0
 10
7.798071126186884
 20
5.130842538094362
 30
0.0
  0
LINE
  5
396
330
1F
100
AcDbEntity
  8
0
  6
Continuous
 62
     7
370
    25
100
AcDbLine
 10
7.82051103
 20
5.1285163344
 30
0.0
 11
7.8151744916
 21
5.1286580306
 31
0.0
  0
LINE
  5
397
330
1F
100
AcDbEntity
  8
0
  6
Continuous
 62
     7
370
    25
100
AcDbLine
 10
7.82051103
 20
5.1292140632
 30
0.0
 11
7.82051103
 21
5.1335550738
 31
0.0
  0
LINE
  5
398
330
1F
100
AcDbEntity
  8
0
  6
Continuous
 62
     7
370
    25
100
AcDbLine
 10
7.8128187223
 20
5.1335550738
 30
0.0
 11
7.82051103
 21
5.1335550738
 31
0.0
  0
SPLINE
  5
399
330
1F
100
AcDbEntity
  8
0
  6
Continuous
 62
     7
370
    25
100
AcDbSpline
210
0.0
220
0.0
230
1.0
 70
     8
 71
     3
 72
    10
 73
     6
 74
     0
 42
0.00000001
 43
0.00000001
 40
0.0
 40
0.0
 40
0.0
 40
0.0
 40
0.2496855319905328
 40
0.4998090218859249
 40
1.0
 40
1.0
 40
1.0
 40
1.0
 10
7.815499010802267
 20
5.134439695658406
 30
0.0
 10
7.813662639074892
 20
5.134387799169396
 30
0.0
 10
7.809986674554395
 20
5.134283915162964
 30
0.0
 10
7.801609913803764
 20
5.134163519646097
 30
0.0
 10
7.795195680100409
 20
5.134149643956517
 30
0.0
 10
7.790919683879191
 20
5.134140393842013
 30
0.0
  0
SPLINE
  5
39A
330
1F
100
AcDbEntity
  8
0
  6
Continuous
 62
     7
370
    25
100
AcDbSpline
210
0.0
220
0.0
230
1.0
 70
     8
 71
     3
 72
    11
 73
     7
 74
     0
 42
0.00000001
 43
0.00000001
 40
0.0
 40
0.0
 40
0.0
 40
0.0
 40
0.4988196528087625
 40
0.7491544824811065
 40
0.8745528006390585
 40
1.0
 40
1.0
 40
1.0
 40
1.0
 10
7.821280260802268
 20
5.134805877288541
 30
0.0
 10
7.821073354168465
 20
5.134764929871129
 30
0.0
 10
7.820762610533372
 20
5.134703432812768
 30
0.0
 10
7.818499039663435
 20
5.134570129565908
 30
0.0
 10
7.816910765945111
 20
5.13449408933313
 30
0.0
 10
7.815969656979854
 20
5.134457829238598
 30
0.0
 10
7.815499010802267
 20
5.134439695658406
 30
0.0
  0
SPLINE
  5
39B
330
1F
100
AcDbEntity
  8
0
  6
Continuous
 62
     7
370
    25
100
AcDbSpline
210
0.0
220
0.0
230
1.0
 70
     8
 71
     3
 72
    11
 73
     7
 74
     0
 42
0.00000001
 43
0.00000001
 40
0.0
 40
0.0
 40
0.0
 40
0.0
 40
0.0984080593666479
 40
0.390658616419962
 40
0.695028441089159
 40
1.0
 40
1.0
 40
1.0
 40
1.0
 10
7.814011886570726
 20
5.134703597577667
 30
0.0
 10
7.814490539744847
 20
5.134710828731971
 30
0.0
 10
7.816390688858143
 20
5.134739534843582
 30
0.0
 10
7.818938933209784
 20
5.134796596369584
 30
0.0
 10
7.820995852253831
 20
5.134840672391008
 30
0.0
 10
7.821185395560453
 20
5.134817483289232
 30
0.0
 10
7.821280260802268
 20
5.134805877288541
 30
0.0
  0
SPLINE
  5
39C
330
1F
100
AcDbEntity
  8
0
  6
Continuous
 62
     7
370
    25
100
AcDbSpline
210
0.0
220
0.0
230
1.0
 70
     8
 71
     3
 72
    12
 73
     8
 74
     0
 42
0.00000001
 43
0.00000001
 40
0.0
 40
0.0
 40
0.0
 40
0.0
 40
0.1565339254297576
 40
0.3129736292204173
 40
0.6249869181660205
 40
0.9364062481472754
 40
1.0
 40
1.0
 40
1.0
 40
1.0
 10
7.760511030033037
 20
5.134805877288541
 30
0.0
 10
7.760537184251162
 20
5.134813287221468
 30
0.0
 10
7.760589476944542
 20
5.134828102627102
 30
0.0
 10
7.761222914397567
 20
5.134830384483588
 30
0.0
 10
7.762901796812042
 20
5.134797551706153
 30
0.0
 10
7.765327338601278
 20
5.134738663556963
 30
0.0
 10
7.767128645906084
 20
5.134713056249097
 30
0.0
 10
7.767434106956114
 20
5.134708713827829
 30
0.0
  0
SPLINE
  5
39D
330
1F
100
AcDbEntity
  8
0
  6
Continuous
 62
     7
370
    25
100
AcDbSpline
210
0.0
220
0.0
230
1.0
 70
     8
 71
     3
 72
    13
 73
     9
 74
     0
 42
0.00000001
 43
0.00000001
 40
0.0
 40
0.0
 40
0.0
 40
0.0
 40
0.2505130929495953
 40
0.5003915696451038
 40
0.6317814495492349
 40
0.7502440432237705
 40
0.8749895034697208
 40
1.0
 40
1.0
 40
1.0
 40
1.0
 10
7.790919683879191
 20
5.134140393842013
 30
0.0
 10
7.78752598214684
 20
5.134145750010872
 30
0.0
 10
7.780747175830715
 20
5.134156448779991
 30
0.0
 10
7.77227284025406
 20
5.134269201526399
 30
0.0
 10
7.766338083478424
 20
5.134436410301016
 30
0.0
 10
7.762837138102309
 20
5.134589218636085
 30
0.0
 10
7.760812106438454
 20
5.134732977634306
 30
0.0
 10
7.760611459808976
 20
5.134781560218824
 30
0.0
 10
7.760511030033037
 20
5.134805877288541
 30
0.0
  0
SPLINE
  5
39E
330
1F
100
AcDbEntity
  8
0
  6
Continuous
 62
     7
370
    25
100
AcDbSpline
210
0.0
220
0.0
230
1.0
 70
     8
 71
     3
 72
     9
 73
     5
 74
     0
 42
0.00000001
 43
0.00000001
 40
0.0
 40
0.0
 40
0.0
 40
0.0
 40
0.3372063214834612
 40
1.0
 40
1.0
 40
1.0
 40
1.0
 10
7.823597974778405
 20
4.335236444369279
 30
0.0
 10
7.823984923459194
 20
4.33523356650769
 30
0.0
 10
7.825132436587316
 20
4.33522503208409
 30
0.0
 10
7.826184107703713
 20
4.335203100101139
 30
0.0
 10
7.82688114867154
 20
4.335188563721482
 30
0.0
  0
SPLINE
  5
39F
330
1F
100
AcDbEntity
  8
0
  6
Continuous
 62
     7
370
    25
100
AcDbSpline
210
0.0
220
0.0
230
1.0
 70
     8
 71
     3
 72
     9
 73
     5
 74
     0
 42
0.00000001
 43
0.00000001
 40
0.0
 40
0.0
 40
0.0
 40
0.0
 40
0.4999999999999972
 40
1.0
 40
1.0
 40
1.0
 40
1.0
 10
7.826870736772178
 20
4.334828251340311
 30
0.0
 10
7.826830058873558
 20
4.335046125296375
 30
0.0
 10
7.82674870307632
 20
4.335481873208503
 30
0.0
 10
7.826667347279082
 20
4.338515130518812
 30
0.0
 10
7.826626669380461
 20
4.340031759173966
 30
0.0
  0
LINE
  5
3A0
330
1F
100
AcDbEntity
  8
0
  6
Continuous
 62
     7
370
    25
100
AcDbLine
 10
7.8266266694
 20
4.3400317592
 30
0.0
 11
7.8163062403
 21
4.3407212838
 31
0.0
  0
LINE
  5
3A1
330
1F
100
AcDbEntity
  8
0
  6
Continuous
 62
     7
370
    25
100
AcDbLine
 10
7.8163062403
 20
4.3407212838
 30
0.0
 11
7.8162958326
 21
4.3439777707
 31
0.0
  0
LINE
  5
3A2
330
1F
100
AcDbEntity
  8
0
  6
Continuous
 62
     7
370
    25
100
AcDbLine
 10
7.8162958326
 20
4.3439777707
 30
0.0
 11
7.8266112597
 21
4.3448480812
 31
0.0
  0
LINE
  5
3A3
330
1F
100
AcDbEntity
  8
0
  6
Continuous
 62
     7
370
    25
100
AcDbLine
 10
7.8266112597
 20
4.3448480812
 30
0.0
 11
7.8265792057
 21
4.3597666596
 31
0.0
  0
SPLINE
  5
3A4
330
1F
100
AcDbEntity
  8
0
  6
Continuous
 62
     7
370
    25
100
AcDbSpline
210
0.0
220
0.0
230
1.0
 70
     8
 71
     3
 72
    12
 73
     8
 74
     0
 42
0.00000001
 43
0.00000001
 40
0.0
 40
0.0
 40
0.0
 40
0.0
 40
0.2555208101667567
 40
0.5002905053115644
 40
0.7499631231929957
 40
0.8783198572370926
 40
0.9999999999999999
 40
0.9999999999999999
 40
0.9999999999999999
 40
0.9999999999999999
 10
7.826579205670212
 20
4.359766659577545
 30
0.0
 10
7.826421963573863
 20
4.360506318805428
 30
0.0
 10
7.826114095389715
 20
4.361954515876479
 30
0.0
 10
7.824041098746108
 20
4.364130527803777
 30
0.0
 10
7.821260525962359
 20
4.365799197346561
 30
0.0
 10
7.818220059893424
 20
4.366905053498259
 30
0.0
 10
7.816373496469811
 20
4.367269227546524
 30
0.0
 10
7.815474868619891
 20
4.367446452405311
 30
0.0
  0
SPLINE
  5
3A5
330
1F
100
AcDbEntity
  8
0
  6
Continuous
 62
     7
370
    25
100
AcDbSpline
210
0.0
220
0.0
230
1.0
 70
     8
 71
     3
 72
    11
 73
     7
 74
     0
 42
0.00000001
 43
0.00000001
 40
0.0
 40
0.0
 40
0.0
 40
0.0
 40
0.1208276953601965
 40
0.2504222565827728
 40
0.5004455838787587
 40
1.0
 40
1.0
 40
1.0
 40
1.0
 10
7.815474868619891
 20
4.367446452405311
 30
0.0
 10
7.816665259926296
 20
4.367680326996124
 30
0.0
 10
7.819132413473154
 20
4.368165045359857
 30
0.0
 10
7.82299246120848
 20
4.369770064460347
 30
0.0
 10
7.827652037114986
 20
4.373321794902301
 30
0.0
 10
7.828164978763131
 20
4.377045659404929
 30
0.0
 10
7.828506827581074
 20
4.379527420601364
 30
0.0
  0
SPLINE
  5
3A6
330
1F
100
AcDbEntity
  8
0
  6
Continuous
 62
     7
370
    25
100
AcDbSpline
210
0.0
220
0.0
230
1.0
 70
     8
 71
     3
 72
    13
 73
     9
 74
     0
 42
0.00000001
 43
0.00000001
 40
0.0
 40
0.0
 40
0.0
 40
0.0
 40
0.2500012018705687
 40
0.4995343061351244
 40
0.6271138344919678
 40
0.7497952932770474
 40
0.8741559845052708
 40
1.0
 40
1.0
 40
1.0
 40
1.0
 10
7.828506827581074
 20
4.379527420601364
 30
0.0
 10
7.828250765218859
 20
4.381172768376203
 30
0.0
 10
7.82773911994084
 20
4.384460383207272
 30
0.0
 10
7.823828737797111
 20
4.388521809870572
 30
0.0
 10
7.819162557116509
 20
4.391222728440427
 30
0.0
 10
7.814834014719803
 20
4.392809356157408
 30
0.0
 10
7.809910199848318
 20
4.393871216953576
 30
0.0
 10
7.806379823670327
 20
4.39400134135158
 30
0.0
 10
7.804604170764896
 20
4.394066789268101
 30
0.0
  0
SPLINE
  5
3A7
330
1F
100
AcDbEntity
  8
0
  6
Continuous
 62
     7
370
    25
100
AcDbSpline
210
0.0
220
0.0
230
1.0
 70
     8
 71
     3
 72
    12
 73
     8
 74
     0
 42
0.00000001
 43
0.00000001
 40
0.0
 40
0.0
 40
0.0
 40
0.0
 40
0.2496748704822527
 40
0.3752724121446719
 40
0.4998270656865174
 40
0.7494152731613478
 40
0.9999999999999999
 40
0.9999999999999999
 40
0.9999999999999999
 40
0.9999999999999999
 10
7.804604170764896
 20
4.394066789268101
 30
0.0
 10
7.801817834778182
 20
4.393975465124256
 30
0.0
 10
7.797629848118735
 20
4.393838200882636
 30
0.0
 10
7.792590170682023
 20
4.392565305567171
 30
0.0
 10
7.788348853424671
 20
4.390705246922334
 30
0.0
 10
7.784854246871696
 20
4.387589718604683
 30
0.0
 10
7.783335167487711
 20
4.385019332388308
 30
0.0
 10
7.78257411452709
 20
4.383731578726099
 30
0.0
  0
LINE
  5
3A8
330
1F
100
AcDbEntity
  8
0
  6
Continuous
 62
     7
370
    25
100
AcDbLine
 10
7.7825741145
 20
4.3837315787
 30
0.0
 11
7.782449022
 21
4.3835017698
 31
0.0
  0
LINE
  5
3A9
330
1F
100
AcDbEntity
  8
0
  6
Continuous
 62
     7
370
    25
100
AcDbLine
 10
7.782449022
 20
4.3835017697
 30
0.0
 11
7.782572753
 21
4.3931233277
 31
0.0
  0
SPLINE
  5
3AA
330
1F
100
AcDbEntity
  8
0
  6
Continuous
 62
     7
370
    25
100
AcDbSpline
210
0.0
220
0.0
230
1.0
 70
     8
 71
     3
 72
    13
 73
     9
 74
     0
 42
0.00000001
 43
0.00000001
 40
0.0
 40
0.0
 40
0.0
 40
0.0
 40
0.2498324508915086
 40
0.3769826400045158
 40
0.4994898377837056
 40
0.6058607258010743
 40
0.722220208911602
 40
1.0
 40
1.0
 40
1.0
 40
1.0
 10
7.782572753036334
 20
4.393123327688793
 30
0.0
 10
7.778758809195919
 20
4.393034961072591
 30
0.0
 10
7.773003789731245
 20
4.392901620987486
 30
0.0
 10
7.766059305298536
 20
4.391224003974195
 30
0.0
 10
7.762014035430219
 20
4.389363374962819
 30
0.0
 10
7.759218311795734
 20
4.387142351662938
 30
0.0
 10
7.756570473088029
 20
4.383637908837506
 30
0.0
 10
7.756287920189473
 20
4.380855717680192
 30
0.0
 10
7.756088783766717
 20
4.378894896901757
 30
0.0
  0
SPLINE
  5
3AB
330
1F
100
AcDbEntity
  8
0
  6
Continuous
 62
     7
370
    25
100
AcDbSpline
210
0.0
220
0.0
230
1.0
 70
     8
 71
     3
 72
    11
 73
     7
 74
     0
 42
0.00000001
 43
0.00000001
 40
0.0
 40
0.0
 40
0.0
 40
0.0
 40
0.2619245903919871
 40
0.5005461600193681
 40
0.7504107115370328
 40
1.0
 40
1.0
 40
1.0
 40
1.0
 10
7.756088783766717
 20
4.378894896901757
 30
0.0
 10
7.756221412979436
 20
4.37765903811999
 30
0.0
 10
7.756474871591449
 20
4.375297272977535
 30
0.0
 10
7.758898661258352
 20
4.372078575669155
 30
0.0
 10
7.762987681340021
 20
4.369297098643247
 30
0.0
 10
7.767275518325748
 20
4.3680861248558
 30
0.0
 10
7.769418255244849
 20
4.367480971662929
 30
0.0
  0
SPLINE
  5
3AC
330
1F
100
AcDbEntity
  8
0
  6
Continuous
 62
     7
370
    25
100
AcDbSpline
210
0.0
220
0.0
230
1.0
 70
     8
 71
     3
 72
    15
 73
    11
 74
     0
 42
0.00000001
 43
0.00000001
 40
0.0
 40
0.0
 40
0.0
 40
0.0
 40
0.0063571777473997
 40
0.0189229892263834
 40
0.0626807125153601
 40
0.1253534856572773
 40
0.2503530277210792
 40
0.3678986858614479
 40
0.5004446443697341
 40
1.0
 40
1.0
 40
1.0
 40
1.0
 10
7.769418255244849
 20
4.367480971662929
 30
0.0
 10
7.769357609039067
 20
4.367468644319847
 30
0.0
 10
7.76917708750196
 20
4.367431950335564
 30
0.0
 10
7.768577482306481
 20
4.367311804029769
 30
0.0
 10
7.767437311824078
 20
4.367085475911987
 30
0.0
 10
7.765233501188767
 20
4.366638596634897
 30
0.0
 10
7.762540218207866
 20
4.365882118349833
 30
0.0
 10
7.760128261967068
 20
4.364624181540708
 30
0.0
 10
7.757062579938395
 20
4.361802994236324
 30
0.0
 10
7.756908774208542
 20
4.359443656620628
 30
0.0
 10
7.756787220156437
 20
4.357579050875793
 30
0.0
  0
LINE
  5
3AD
330
1F
100
AcDbEntity
  8
0
  6
Continuous
 62
     7
370
    25
100
AcDbLine
 10
7.7567872202
 20
4.3575790509
 30
0.0
 11
7.7568061672
 21
4.3484423464
 31
0.0
  0
LINE
  5
3AE
330
1F
100
AcDbEntity
  8
0
  6
Continuous
 62
     7
370
    25
100
AcDbLine
 10
7.7568061672
 20
4.3484423464
 30
0.0
 11
7.8004052388
 21
4.3484492631
 31
0.0
  0
LINE
  5
3AF
330
1F
100
AcDbEntity
  8
0
  6
Continuous
 62
     7
370
    25
100
AcDbLine
 10
7.8004052388
 20
4.3484492631
 30
0.0
 11
7.7568160756
 21
4.3445790408
 31
0.0
  0
LINE
  5
3B0
330
1F
100
AcDbEntity
  8
0
  6
Continuous
 62
     7
370
    25
100
AcDbLine
 10
7.7568160756
 20
4.3445790408
 30
0.0
 11
7.7568293314
 21
4.3404071757
 31
0.0
  0
LINE
  5
3B1
330
1F
100
AcDbEntity
  8
0
  6
Continuous
 62
     7
370
    25
100
AcDbLine
 10
7.7568293314
 20
4.3404071757
 30
0.0
 11
7.8067155573
 21
4.3377153864
 31
0.0
  0
LINE
  5
3B2
330
1F
100
AcDbEntity
  8
0
  6
Continuous
 62
     7
370
    25
100
AcDbLine
 10
7.8067155573
 20
4.3377153864
 30
0.0
 11
7.8068793271
 21
4.3355556715
 31
0.0
  0
LINE
  5
3B3
330
1F
100
AcDbEntity
  8
0
  6
Continuous
 62
     7
370
    25
100
AcDbLine
 10
7.8068793271
 20
4.3355556715
 30
0.0
 11
7.7568557607
 21
4.3355352074
 31
0.0
  0
LINE
  5
3B4
330
1F
100
AcDbEntity
  8
0
  6
Continuous
 62
     7
370
    25
100
AcDbLine
 10
7.7568557607
 20
4.3355352074
 30
0.0
 11
7.7568703461
 21
4.3348282513
 31
0.0
  0
LINE
  5
3B5
330
1F
100
AcDbEntity
  8
0
  6
Continuous
 62
     7
370
    25
100
AcDbLine
 10
7.7568703461
 20
4.3348282513
 30
0.0
 11
7.8235979748
 21
4.3348282513
 31
0.0
  0
LINE
  5
3B6
330
1F
100
AcDbEntity
  8
0
  6
Continuous
 62
     7
370
    25
100
AcDbLine
 10
7.93551103
 20
4.7348282513
 30
0.0
 11
7.93551103
 21
5.1348282513
 31
0.0
  0
LINE
  5
3B7
330
1F
100
AcDbEntity
  8
0
  6
Continuous
 62
     7
370
    25
100
AcDbLine
 10
7.93551103
 20
4.3348282513
 30
0.0
 11
7.93551103
 21
4.7348282513
 31
0.0
  0
LINE
  5
3B8
330
1F
100
AcDbEntity
  8
0
  6
Continuous
 62
     7
370
    25
100
AcDbLine
 10
8.028190522
 20
4.7348282513
 30
0.0
 11
8.028190522
 21
5.0023282513
 31
0.0
  0
LINE
  5
3B9
330
1F
100
AcDbEntity
  8
0
  6
Continuous
 62
     7
370
    25
100
AcDbLine
 10
8.028190522
 20
4.4673282513
 30
0.0
 11
8.028190522
 21
4.7348282513
 31
0.0
  0
LINE
  5
3BA
330
1F
100
AcDbEntity
  8
0
  6
Continuous
 62
     7
370
    25
100
AcDbLine
 10
8.04551103
 20
4.7348282513
 30
0.0
 11
8.04551103
 21
4.4773282513
 31
0.0
  0
LINE
  5
3BB
330
1F
100
AcDbEntity
  8
0
  6
Continuous
 62
     7
370
    25
100
AcDbLine
 10
8.04551103
 20
4.9923282513
 30
0.0
 11
8.04551103
 21
4.7348282513
 31
0.0
  0
LINE
  5
3BC
330
1F
100
AcDbEntity
  8
0
  6
Continuous
 62
     7
370
    25
100
AcDbLine
 10
7.94551103
 20
4.7348282513
 30
0.0
 11
7.94551103
 21
5.0023282513
 31
0.0
  0
LINE
  5
3BD
330
1F
100
AcDbEntity
  8
0
  6
Continuous
 62
     7
370
    25
100
AcDbLine
 10
7.94551103
 20
4.4673282513
 30
0.0
 11
7.94551103
 21
4.7348282513
 31
0.0
  0
LINE
  5
3BE
330
1F
100
AcDbEntity
  8
0
  6
Continuous
 62
     7
370
    25
100
AcDbLine
 10
7.76051103
 20
5.0656305083
 30
0.0
 11
7.7851264146
 21
5.0656305083
 31
0.0
  0
LINE
  5
3BF
330
1F
100
AcDbEntity
  8
0
  6
Continuous
 62
     7
370
    25
100
AcDbLine
 10
7.76051103
 20
5.0852381588
 30
0.0
 11
7.82051103
 21
5.0852381588
 31
0.0
  0
LINE
  5
3C0
330
1F
100
AcDbEntity
  8
0
  6
Continuous
 62
     7
370
    25
100
AcDbLine
 10
7.7920494916
 20
5.0656305083
 30
0.0
 11
7.82051103
 21
5.0656305083
 31
0.0
  0
LINE
  5
3C1
330
1F
100
AcDbEntity
  8
0
  6
Continuous
 62
     7
370
    25
100
AcDbLine
 10
7.7851264146
 20
5.0656305083
 30
0.0
 11
7.7851264146
 21
5.0660445287
 31
0.0
  0
LINE
  5
3C2
330
1F
100
AcDbEntity
  8
0
  6
Continuous
 62
     7
370
    25
100
AcDbLine
 10
7.7920494916
 20
5.0656305083
 30
0.0
 11
7.7920494916
 21
5.0660445287
 31
0.0
  0
LINE
  5
3C3
330
1F
100
AcDbEntity
  8
0
  6
Continuous
 62
     7
370
    25
100
AcDbLine
 10
7.7568703461
 20
4.3353282513
 30
0.0
 11
7.7603264546
 21
4.3353282513
 31
0.0
  0
LINE
  5
3C4
330
1F
100
AcDbEntity
  8
0
  6
Continuous
 62
     7
370
    25
100
AcDbLine
 10
7.8067155573
 20
4.3382117775
 30
0.0
 11
7.8068793271
 21
4.3360547622
 31
0.0
  0
LINE
  5
3C5
330
1F
100
AcDbEntity
  8
0
  6
Continuous
 62
     7
370
    25
100
AcDbLine
 10
7.7568293314
 20
4.3409002021
 30
0.0
 11
7.7758450408
 21
4.3398754242
 31
0.0
  0
LINE
  5
3C6
330
1F
100
AcDbEntity
  8
0
  6
Continuous
 62
     7
370
    25
100
AcDbLine
 10
7.756817627
 20
4.3445791786
 30
0.0
 11
7.7568293314
 21
4.3409002021
 31
0.0
  0
LINE
  5
3C7
330
1F
100
AcDbEntity
  8
0
  6
Continuous
 62
     7
370
    25
100
AcDbLine
 10
7.7568061672
 20
4.3489253288
 30
0.0
 11
7.8004052388
 21
4.3489322368
 31
0.0
  0
LINE
  5
3C8
330
1F
100
AcDbEntity
  8
0
  6
Continuous
 62
     7
370
    25
100
AcDbLine
 10
7.7567872202
 20
4.3580506124
 30
0.0
 11
7.7568061672
 21
4.3489253288
 31
0.0
  0
SPLINE
  5
3C9
330
1F
100
AcDbEntity
  8
0
  6
Continuous
 62
     7
370
    25
100
AcDbSpline
210
0.0
220
0.0
230
1.0
 70
     8
 71
     3
 72
    11
 73
     7
 74
     0
 42
0.00000001
 43
0.00000001
 40
0.0
 40
0.0
 40
0.0
 40
0.0
 40
0.2618090125996752
 40
0.5004218743918026
 40
0.7503008021377077
 40
1.0
 40
1.0
 40
1.0
 40
1.0
 10
7.756088783766717
 20
4.379339813594805
 30
0.0
 10
7.756221352520152
 20
4.378105653626129
 30
0.0
 10
7.756474744500133
 20
4.375746679659986
 30
0.0
 10
7.758898801609864
 20
4.372531765272458
 30
0.0
 10
7.762988861175237
 20
4.369753536255528
 30
0.0
 10
7.767275637963324
 20
4.36854447093441
 30
0.0
 10
7.769418255244849
 20
4.367940155762526
 30
0.0
  0
LINE
  5
3CA
330
1F
100
AcDbEntity
  8
0
  6
Continuous
 62
     7
370
    25
100
AcDbLine
 10
7.782449022
 20
4.3839409278
 30
0.0
 11
7.782572753
 21
4.3935504588
 31
0.0
  0
SPLINE
  5
3CB
330
1F
100
AcDbEntity
  8
0
  6
Continuous
 62
     7
370
    25
100
AcDbSpline
210
0.0
220
0.0
230
1.0
 70
     8
 71
     3
 72
    11
 73
     7
 74
     0
 42
0.00000001
 43
0.00000001
 40
0.0
 40
0.0
 40
0.0
 40
0.0
 40
0.1208716826335044
 40
0.2505485519475764
 40
0.5005740436723328
 40
1.0
 40
1.0
 40
1.0
 40
1.0
 10
7.815474868619891
 20
4.36790567965398
 30
0.0
 10
7.816664888944429
 20
4.368139135242164
 30
0.0
 10
7.819131619468942
 20
4.368623053048959
 30
0.0
 10
7.822991551597622
 20
4.370225904333451
 30
0.0
 10
7.827651676870945
 20
4.373773000332535
 30
0.0
 10
7.828164852892676
 20
4.377492748555618
 30
0.0
 10
7.828506827581074
 20
4.379971546639788
 30
0.0
  0
LINE
  5
3CC
330
1F
100
AcDbEntity
  8
0
  6
Continuous
 62
     7
370
    25
100
AcDbLine
 10
7.8162958326
 20
4.3444663338
 30
0.0
 11
7.8266112597
 21
4.3453355564
 31
0.0
  0
SPLINE
  5
3CD
330
1F
100
AcDbEntity
  8
0
  6
Continuous
 62
     7
370
    25
100
AcDbSpline
210
0.0
220
0.0
230
1.0
 70
     8
 71
     3
 72
    10
 73
     6
 74
     0
 42
0.00000001
 43
0.00000001
 40
0.0
 40
0.0
 40
0.0
 40
0.0
 40
0.3790951068347029
 40
0.6891055084542907
 40
1.0
 40
1.0
 40
1.0
 40
1.0
 10
7.781582348728299
 20
4.381964012765462
 30
0.0
 10
7.781248999624705
 20
4.381962003292398
 30
0.0
 10
7.780643049562616
 20
4.381958350544231
 30
0.0
 10
7.779764245780841
 20
4.381935791959055
 30
0.0
 10
7.779222728335832
 20
4.381902298259154
 30
0.0
 10
7.778951584087199
 20
4.38188552756381
 30
0.0
  0
SPLINE
  5
3CE
330
1F
100
AcDbEntity
  8
0
  6
Continuous
 62
     7
370
    25
100
AcDbSpline
210
0.0
220
0.0
230
1.0
 70
     8
 71
     3
 72
    12
 73
     8
 74
     0
 42
0.00000001
 43
0.00000001
 40
0.0
 40
0.0
 40
0.0
 40
0.0
 40
0.1390236279411959
 40
0.2505337227618592
 40
0.3702785641597925
 40
0.5005272627164887
 40
1.0
 40
1.0
 40
1.0
 40
1.0
 10
7.778951584087199
 20
4.38188552756381
 30
0.0
 10
7.778638640415442
 20
4.381855023969755
 30
0.0
 10
7.778074686328924
 20
4.381800053609039
 30
0.0
 10
7.777291944081631
 20
4.381632568904168
 30
0.0
 10
7.776678366930424
 20
4.381360051146922
 30
0.0
 10
7.775877124118751
 20
4.380638209638951
 30
0.0
 10
7.775830561748858
 20
4.379961259984978
 30
0.0
 10
7.775793630126364
 20
4.379424327497962
 30
0.0
  0
LINE
  5
3CF
330
1F
100
AcDbEntity
  8
0
  6
Continuous
 62
     7
370
    25
100
AcDbLine
 10
7.7757936301
 20
4.3794243275
 30
0.0
 11
7.7758124021
 21
4.3793186265
 31
0.0
  0
SPLINE
  5
3D0
330
1F
100
AcDbEntity
  8
0
  6
Continuous
 62
     7
370
    25
100
AcDbSpline
210
0.0
220
0.0
230
1.0
 70
     8
 71
     3
 72
    13
 73
     9
 74
     0
 42
0.00000001
 43
0.00000001
 40
0.0
 40
0.0
 40
0.0
 40
0.0
 40
0.1279904475082728
 40
0.2472511329576675
 40
0.3678574071689664
 40
0.4995761944491271
 40
0.730624315546281
 40
1.0
 40
1.0
 40
1.0
 40
1.0
 10
7.776992717650104
 20
4.375314966907127
 30
0.0
 10
7.776533848160482
 20
4.375331716173444
 30
0.0
 10
7.775647406997118
 20
4.375364072299652
 30
0.0
 10
7.774425012752671
 20
4.375605674265927
 30
0.0
 10
7.773412597523089
 20
4.375994556823302
 30
0.0
 10
7.77246715292585
 20
4.376640595258372
 30
0.0
 10
7.771742168915913
 20
4.377608478219919
 30
0.0
 10
7.771653882838015
 20
4.378419160680138
 30
0.0
 10
7.771606358874531
 20
4.378855547079373
 30
0.0
  0
LINE
  5
3D1
330
1F
100
AcDbEntity
  8
0
  6
Continuous
 62
     7
370
    25
100
AcDbLine
 10
7.7791871487
 20
4.3835930117
 30
0.0
 11
7.7791770437
 21
4.3917307486
 31
0.0
  0
SPLINE
  5
3D2
330
1F
100
AcDbEntity
  8
0
  6
Continuous
 62
     7
370
    25
100
AcDbSpline
210
0.0
220
0.0
230
1.0
 70
     8
 71
     3
 72
    13
 73
     9
 74
     0
 42
0.00000001
 43
0.00000001
 40
0.0
 40
0.0
 40
0.0
 40
0.0
 40
0.129554864625334
 40
0.2503455161379151
 40
0.3730923684015234
 40
0.5005637831191254
 40
0.750005262454847
 40
1.0
 40
1.0
 40
1.0
 40
1.0
 10
7.779177043686289
 20
4.391730748560154
 30
0.0
 10
7.777606600116421
 20
4.391677847568658
 30
0.0
 10
7.774571951381301
 20
4.391575624266901
 30
0.0
 10
7.770278060310852
 20
4.39076890038404
 30
0.0
 10
7.76653895210073
 20
4.389469126189189
 30
0.0
 10
7.762572697684281
 20
4.38715877419099
 30
0.0
 10
7.759485776816486
 20
4.383661269616158
 30
0.0
 10
7.759095557713549
 20
4.38085926166912
 30
0.0
 10
7.75890023202645
 20
4.379456705711738
 30
0.0
  0
SPLINE
  5
3D3
330
1F
100
AcDbEntity
  8
0
  6
Continuous
 62
     7
370
    25
100
AcDbSpline
210
0.0
220
0.0
230
1.0
 70
     8
 71
     3
 72
    12
 73
     8
 74
     0
 42
0.00000001
 43
0.00000001
 40
0.0
 40
0.0
 40
0.0
 40
0.0
 40
0.2800683757743569
 40
0.5000742049690614
 40
0.6134959151417645
 40
0.7302283939494454
 40
1.0
 40
1.0
 40
1.0
 40
1.0
 10
7.811841835793906
 20
4.379836173489931
 30
0.0
 10
7.811770999737052
 20
4.379089415590157
 30
0.0
 10
7.811644518892092
 20
4.377756047043988
 30
0.0
 10
7.8102719476879
 20
4.376236805021152
 30
0.0
 10
7.808449241964026
 20
4.375390802979976
 30
0.0
 10
7.805921006396988
 20
4.374717123560536
 30
0.0
 10
7.803643767051288
 20
4.374597909691957
 30
0.0
 10
7.802054302567682
 20
4.374514700954843
 30
0.0
  0
SPLINE
  5
3D4
330
1F
100
AcDbEntity
  8
0
  6
Continuous
 62
     7
370
    25
100
AcDbSpline
210
0.0
220
0.0
230
1.0
 70
     8
 71
     3
 72
    11
 73
     7
 74
     0
 42
0.00000001
 43
0.00000001
 40
0.0
 40
0.0
 40
0.0
 40
0.0
 40
0.2557131985966621
 40
0.5003789038548525
 40
0.7458721227799194
 40
0.9999999999999999
 40
0.9999999999999999
 40
0.9999999999999999
 40
0.9999999999999999
 10
7.802063962200199
 20
4.368000510357681
 30
0.0
 10
7.800519584606498
 20
4.367898909993642
 30
0.0
 10
7.797497550657075
 20
4.367700098672723
 30
0.0
 10
7.793536360599449
 20
4.366770002837528
 30
0.0
 10
7.790375522390278
 20
4.365469339275855
 30
0.0
 10
7.789295193080864
 20
4.36439743009151
 30
0.0
 10
7.788745693077326
 20
4.363852212910547
 30
0.0
  0
SPLINE
  5
3D5
330
1F
100
AcDbEntity
  8
0
  6
Continuous
 62
     7
370
    25
100
AcDbSpline
210
0.0
220
0.0
230
1.0
 70
     8
 71
     3
 72
    11
 73
     7
 74
     0
 42
0.00000001
 43
0.00000001
 40
0.0
 40
0.0
 40
0.0
 40
0.0
 40
0.2567730578174039
 40
0.5001200194913298
 40
0.7482074455046879
 40
1.0
 40
1.0
 40
1.0
 40
1.0
 10
7.788745693077326
 20
4.363852212910547
 30
0.0
 10
7.788051746807549
 20
4.364295946284473
 30
0.0
 10
7.786700139185952
 20
4.365160211194132
 30
0.0
 10
7.783662495751106
 20
4.366181014720806
 30
0.0
 10
7.780057192979293
 20
4.366886689778775
 30
0.0
 10
7.777382522105954
 20
4.366972745046085
 30
0.0
 10
7.776035274290694
 20
4.367016091602115
 30
0.0
  0
SPLINE
  5
3D6
330
1F
100
AcDbEntity
  8
0
  6
Continuous
 62
     7
370
    25
100
AcDbSpline
210
0.0
220
0.0
230
1.0
 70
     8
 71
     3
 72
    13
 73
     9
 74
     0
 42
0.00000001
 43
0.00000001
 40
0.0
 40
0.0
 40
0.0
 40
0.0
 40
0.134411823360928
 40
0.2559033085256833
 40
0.3742186974207375
 40
0.4998434195551787
 40
0.7231221964125397
 40
1.0
 40
1.0
 40
1.0
 40
1.0
 10
7.776035274290694
 20
4.367016091602115
 30
0.0
 10
7.774619272520654
 20
4.366983094780349
 30
0.0
 10
7.771923382168368
 20
4.366920272956721
 30
0.0
 10
7.768199553533859
 20
4.366351375744952
 30
0.0
 10
7.76515623155387
 20
4.365417451502547
 30
0.0
 10
7.762374323842775
 20
4.363865455059894
 30
0.0
 10
7.760435447119245
 20
4.361512592795873
 30
0.0
 10
7.760318970086515
 20
4.359707026594918
 30
0.0
 10
7.760254490469029
 20
4.358707497200529
 30
0.0
  0
LINE
  5
3D7
330
1F
100
AcDbEntity
  8
0
  6
Continuous
 62
     7
370
    25
100
AcDbLine
 10
7.8138520137
 20
4.3493108322
 30
0.0
 11
7.760286317
 21
4.3444456148
 31
0.0
  0
LINE
  5
3D8
330
1F
100
AcDbEntity
  8
0
  6
Continuous
 62
     7
370
    25
100
AcDbLine
 10
7.8092104161
 20
4.3358373946
 30
0.0
 11
7.8068793271
 21
4.3358373226
 31
0.0
  0
LINE
  5
3D9
330
1F
100
AcDbEntity
  8
0
  6
Continuous
 62
     7
370
    25
100
AcDbLine
 10
7.8235101149
 20
4.3353455697
 30
0.0
 11
7.823474268
 21
4.3401457407
 31
0.0
  0
LINE
  5
3DA
330
1F
100
AcDbEntity
  8
0
  6
Continuous
 62
     7
370
    25
100
AcDbLine
 10
7.823474268
 20
4.3401457407
 30
0.0
 11
7.8128190817
 21
4.3409156347
 31
0.0
  0
LINE
  5
3DB
330
1F
100
AcDbEntity
  8
0
  6
Continuous
 62
     7
370
    25
100
AcDbLine
 10
7.8128190817
 20
4.3409156347
 30
0.0
 11
7.8128081145
 21
4.3443410558
 31
0.0
  0
LINE
  5
3DC
330
1F
100
AcDbEntity
  8
0
  6
Continuous
 62
     7
370
    25
100
AcDbLine
 10
7.8235428861
 20
4.3458771813
 30
0.0
 11
7.8235145348
 21
4.3589902423
 31
0.0
  0
SPLINE
  5
3DD
330
1F
100
AcDbEntity
  8
0
  6
Continuous
 62
     7
370
    25
100
AcDbSpline
210
0.0
220
0.0
230
1.0
 70
     8
 71
     3
 72
    13
 73
     9
 74
     0
 42
0.00000001
 43
0.00000001
 40
0.0
 40
0.0
 40
0.0
 40
0.0
 40
0.291598587001253
 40
0.5352452883874124
 40
0.6697181150209292
 40
0.7985544735830996
 40
0.929655645874416
 40
1.0
 40
1.0
 40
1.0
 40
1.0
 10
7.823514534825584
 20
4.358990242291556
 30
0.0
 10
7.823385495817317
 20
4.360004160085231
 30
0.0
 10
7.823148637601018
 20
4.361865262114078
 30
0.0
 10
7.820928323767088
 20
4.364263402227608
 30
0.0
 10
7.818007515039627
 20
4.365872662143051
 30
0.0
 10
7.814974597359816
 20
4.366879435808988
 30
0.0
 10
7.811995877952157
 20
4.367504147823547
 30
0.0
 10
7.810009137201246
 20
4.367669438356543
 30
0.0
 10
7.809315371509729
 20
4.367727157463011
 30
0.0
  0
SPLINE
  5
3DE
330
1F
100
AcDbEntity
  8
0
  6
Continuous
 62
     7
370
    25
100
AcDbSpline
210
0.0
220
0.0
230
1.0
 70
     8
 71
     3
 72
    13
 73
     9
 74
     0
 42
0.00000001
 43
0.00000001
 40
0.0
 40
0.0
 40
0.0
 40
0.0
 40
0.250091216567773
 40
0.4994704929436316
 40
0.6246354169092733
 40
0.7455987281249117
 40
0.8675609533387271
 40
1.0
 40
1.0
 40
1.0
 40
1.0
 10
7.825361631311334
 20
4.379393885587421
 30
0.0
 10
7.825174266039075
 20
4.380924227667844
 30
0.0
 10
7.824800068871416
 20
4.383980555370075
 30
0.0
 10
7.821631179928838
 20
4.387841957975895
 30
0.0
 10
7.817362991187836
 20
4.390374673182381
 30
0.0
 10
7.813296048865738
 20
4.391781209921066
 30
0.0
 10
7.808559170329248
 20
4.392640366387931
 30
0.0
 10
7.805193627693219
 20
4.392735434259489
 30
0.0
 10
7.803441556035212
 20
4.392784925750568
 30
0.0
  0
SPLINE
  5
3DF
330
1F
100
AcDbEntity
  8
0
  6
Continuous
 62
     7
370
    25
100
AcDbSpline
210
0.0
220
0.0
230
1.0
 70
     8
 71
     3
 72
    13
 73
     9
 74
     0
 42
0.00000001
 43
0.00000001
 40
0.0
 40
0.0
 40
0.0
 40
0.0
 40
0.1307701161727255
 40
0.25013168768164
 40
0.3722950304213607
 40
0.5001477389654263
 40
0.7497849608050974
 40
1.0
 40
1.0
 40
1.0
 40
1.0
 10
7.803441556035212
 20
4.392784925750568
 30
0.0
 10
7.802217202764437
 20
4.392750153886724
 30
0.0
 10
7.799875310297714
 20
4.39268364369891
 30
0.0
 10
7.796521670367683
 20
4.392133095794147
 30
0.0
 10
7.793544168415762
 20
4.391204977180438
 30
0.0
 10
7.790217052986017
 20
4.389513907092137
 30
0.0
 10
7.787321437057765
 20
4.386907357490362
 30
0.0
 10
7.785959233267945
 20
4.384755737580655
 30
0.0
 10
7.785277344035404
 20
4.383678684015016
 30
0.0
  0
SPLINE
  5
3E0
330
1F
100
AcDbEntity
  8
0
  6
Continuous
 62
     7
370
    25
100
AcDbSpline
210
0.0
220
0.0
230
1.0
 70
     8
 71
     3
 72
    12
 73
     8
 74
     0
 42
0.00000001
 43
0.00000001
 40
0.0
 40
0.0
 40
0.0
 40
0.0
 40
0.5008714313588275
 40
0.7509275431744015
 40
0.8755195499283831
 40
0.9374358542946994
 40
1.0
 40
1.0
 40
1.0
 40
1.0
 10
7.785277344035404
 20
4.383678684015016
 30
0.0
 10
7.784457989386468
 20
4.382066034988184
 30
0.0
 10
7.783229578391168
 20
4.379648283653402
 30
0.0
 10
7.781489906169678
 20
4.376993434433188
 30
0.0
 10
7.779820029885587
 20
4.375822865323155
 30
0.0
 10
7.778316560352246
 20
4.375383040906187
 30
0.0
 10
7.777435526956428
 20
4.375337736833081
 30
0.0
 10
7.776992717650104
 20
4.375314966907127
 30
0.0
  0
LINE
  5
3E1
330
1F
100
AcDbEntity
  8
0
  6
Continuous
 62
     7
370
    25
100
AcDbLine
 10
7.7991301725
 20
4.3688545427
 30
0.0
 11
7.7991203986
 21
4.3755267915
 31
0.0
  0
LINE
  5
3E2
330
1F
100
AcDbEntity
  8
0
  6
Continuous
 62
     7
370
    25
100
AcDbLine
 10
7.7991203986
 20
4.3755267915
 30
0.0
 11
7.7982513677
 21
4.3741844597
 31
0.0
  0
SPLINE
  5
3E3
330
1F
100
AcDbEntity
  8
0
  6
Continuous
 62
     7
370
    25
100
AcDbSpline
210
0.0
220
0.0
230
1.0
 70
     8
 71
     3
 72
    12
 73
     8
 74
     0
 42
0.00000001
 43
0.00000001
 40
0.0
 40
0.0
 40
0.0
 40
0.0
 40
0.2626313756074197
 40
0.5005707121628266
 40
0.7608497247917486
 40
0.8800968011200668
 40
1.0
 40
1.0
 40
1.0
 40
1.0
 10
7.798251367745804
 20
4.374184459745233
 30
0.0
 10
7.797605802597987
 20
4.373347308091899
 30
0.0
 10
7.796375366953948
 20
4.371751711989457
 30
0.0
 10
7.793077093828984
 20
4.36968261625724
 30
0.0
 10
7.789334307702824
 20
4.368377476679901
 30
0.0
 10
7.785632011729864
 20
4.367808904431929
 30
0.0
 10
7.783752860160631
 20
4.367754605956538
 30
0.0
 10
7.782810706595743
 20
4.367727382233345
 30
0.0
  0
SPLINE
  5
3E4
330
1F
100
AcDbEntity
  8
0
  6
Continuous
 62
     7
370
    25
100
AcDbSpline
210
0.0
220
0.0
230
1.0
 70
     8
 71
     3
 72
    12
 73
     8
 74
     0
 42
0.00000001
 43
0.00000001
 40
0.0
 40
0.0
 40
0.0
 40
0.0
 40
0.0854218858480366
 40
0.331228695004974
 40
0.5426474925352668
 40
0.7498448173928293
 40
1.0
 40
1.0
 40
1.0
 40
1.0
 10
7.808814597701049
 20
4.380649230529906
 30
0.0
 10
7.808845014160718
 20
4.380722999957229
 30
0.0
 10
7.808962955881891
 20
4.381009045516876
 30
0.0
 10
7.808692983429774
 20
4.381497998228461
 30
0.0
 10
7.808108322523191
 20
4.382034317920589
 30
0.0
 10
7.80705683517644
 20
4.382411719421571
 30
0.0
 10
7.806218356636517
 20
4.382535722467404
 30
0.0
 10
7.805759739379931
 20
4.382603547622111
 30
0.0
  0
SPLINE
  5
3E5
330
1F
100
AcDbEntity
  8
0
  6
Continuous
 62
     7
370
    25
100
AcDbSpline
210
0.0
220
0.0
230
1.0
 70
     8
 71
     3
 72
    14
 73
    10
 74
     0
 42
0.00000001
 43
0.00000001
 40
0.0
 40
0.0
 40
0.0
 40
0.0
 40
0.0155665964527273
 40
0.0312714290991995
 40
0.06245744152216
 40
0.1249108092086233
 40
0.2498919240663456
 40
0.4999148781043364
 40
0.9999999999999999
 40
0.9999999999999999
 40
0.9999999999999999
 40
0.9999999999999999
 10
7.805759739379931
 20
4.382603547622111
 30
0.0
 10
7.805670965767704
 20
4.382607269223696
 30
0.0
 10
7.805492630206101
 20
4.38261474547584
 30
0.0
 10
7.805170810663951
 20
4.382535757627839
 30
0.0
 10
7.804720301087401
 20
4.382338114007613
 30
0.0
 10
7.804034489773334
 20
4.381853966023844
 30
0.0
 10
7.802965708549035
 20
4.380821602729777
 30
0.0
 10
7.80124128949294
 20
4.378696463412489
 30
0.0
 10
7.800043840858873
 20
4.376907870064205
 30
0.0
 10
7.799245520902931
 20
4.375715443330916
 30
0.0
  0
LINE
  5
3E6
330
1F
100
AcDbEntity
  8
0
  6
Continuous
 62
     7
370
    25
100
AcDbLine
 10
7.782449022
 20
4.3839409278
 30
0.0
 11
7.782449022
 21
4.3835017697
 31
0.0
  0
SPLINE
  5
3E7
330
1F
100
AcDbEntity
  8
0
  6
Continuous
 62
     7
370
    25
100
AcDbSpline
210
0.0
220
0.0
230
1.0
 70
     8
 71
     3
 72
    13
 73
     9
 74
     0
 42
0.00000001
 43
0.00000001
 40
0.0
 40
0.0
 40
0.0
 40
0.0
 40
0.1306871796145048
 40
0.2499852690313349
 40
0.3721107330014453
 40
0.4999593672119562
 40
0.7496668497934174
 40
1.0
 40
1.0
 40
1.0
 40
1.0
 10
7.803441556035212
 20
4.392356836481994
 30
0.0
 10
7.802217182374298
 20
4.392322018905041
 30
0.0
 10
7.799875136429767
 20
4.392255418023704
 30
0.0
 10
7.796521310988
 20
4.391704111796898
 30
0.0
 10
7.793543771364258
 20
4.390774751576146
 30
0.0
 10
7.790216511387563
 20
4.389081378451449
 30
0.0
 10
7.787321239122966
 20
4.386471607710295
 30
0.0
 10
7.785959210469914
 20
4.384317566105128
 30
0.0
 10
7.785277344035404
 20
4.383239197697963
 30
0.0
  0
SPLINE
  5
3E8
330
1F
100
AcDbEntity
  8
0
  6
Continuous
 62
     7
370
    25
100
AcDbSpline
210
0.0
220
0.0
230
1.0
 70
     8
 71
     3
 72
    13
 73
     9
 74
     0
 42
0.00000001
 43
0.00000001
 40
0.0
 40
0.0
 40
0.0
 40
0.0
 40
0.2502177066511854
 40
0.4996796939314782
 40
0.6248428926614665
 40
0.7457658420786767
 40
0.867655765279074
 40
1.0
 40
1.0
 40
1.0
 40
1.0
 10
7.825361631311334
 20
4.378949036568957
 30
0.0
 10
7.825174274893599
 20
4.380481255095519
 30
0.0
 10
7.824800127920858
 20
4.383541064469664
 30
0.0
 10
7.821631913160397
 20
4.387407110063424
 30
0.0
 10
7.81736359389694
 20
4.38994329402685
 30
0.0
 10
7.813296635891662
 20
4.391351721550519
 30
0.0
 10
7.808559471621722
 20
4.392212077959419
 30
0.0
 10
7.805193662812401
 20
4.392307278730568
 30
0.0
 10
7.803441556035212
 20
4.392356836481994
 30
0.0
  0
SPLINE
  5
3E9
330
1F
100
AcDbEntity
  8
0
  6
Continuous
 62
     7
370
    25
100
AcDbSpline
210
0.0
220
0.0
230
1.0
 70
     8
 71
     3
 72
    13
 73
     9
 74
     0
 42
0.00000001
 43
0.00000001
 40
0.0
 40
0.0
 40
0.0
 40
0.0
 40
0.1273790072395364
 40
0.2501310070044323
 40
0.3730165472043697
 40
0.5003194830223389
 40
0.7499451392701232
 40
1.0
 40
1.0
 40
1.0
 40
1.0
 10
7.807248997195335
 20
4.367467982488355
 30
0.0
 10
7.808699617545897
 20
4.36762148152085
 30
0.0
 10
7.811548164860956
 20
4.367922903775615
 30
0.0
 10
7.815381879710499
 20
4.368811161707669
 30
0.0
 10
7.818664820385848
 20
4.370006999250734
 30
0.0
 10
7.822123877807652
 20
4.371986805605817
 30
0.0
 10
7.824852897567807
 20
4.374970091075092
 30
0.0
 10
7.825191956317771
 20
4.377621962122554
 30
0.0
 10
7.825361631311334
 20
4.378949036568957
 30
0.0
  0
SPLINE
  5
3EA
330
1F
100
AcDbEntity
  8
0
  6
Continuous
 62
     7
370
    25
100
AcDbSpline
210
0.0
220
0.0
230
1.0
 70
     8
 71
     3
 72
    13
 73
     9
 74
     0
 42
0.00000001
 43
0.00000001
 40
0.0
 40
0.0
 40
0.0
 40
0.0
 40
0.272393512302662
 40
0.499978813353663
 40
0.6256513029316761
 40
0.7460112609656776
 40
0.8684476347704151
 40
1.0
 40
1.0
 40
1.0
 40
1.0
 10
7.823514534825584
 20
4.358519856798378
 30
0.0
 10
7.823385493851914
 20
4.359534477167769
 30
0.0
 10
7.823148638897686
 20
4.361396814798369
 30
0.0
 10
7.820931371892276
 20
4.363798672452382
 30
0.0
 10
7.818009524718309
 20
4.365407652772466
 30
0.0
 10
7.814982773373567
 20
4.366424863991732
 30
0.0
 10
7.811340842137532
 20
4.367151657623077
 30
0.0
 10
7.808645195614506
 20
4.367360047734453
 30
0.0
 10
7.807248997195335
 20
4.367467982488355
 30
0.0
  0
LINE
  5
3EB
330
1F
100
AcDbEntity
  8
0
  6
Continuous
 62
     7
370
    25
100
AcDbLine
 10
7.8235428861
 20
4.345390384
 30
0.0
 11
7.8235145348
 21
4.3585198568
 31
0.0
  0
LINE
  5
3EC
330
1F
100
AcDbEntity
  8
0
  6
Continuous
 62
     7
370
    25
100
AcDbLine
 10
7.8128065522
 20
4.3443409031
 30
0.0
 11
7.8235428861
 21
4.345390384
 31
0.0
  0
LINE
  5
3ED
330
1F
100
AcDbEntity
  8
0
  6
Continuous
 62
     7
370
    25
100
AcDbLine
 10
7.8128190817
 20
4.3404226277
 30
0.0
 11
7.8128065522
 21
4.3443409031
 31
0.0
  0
LINE
  5
3EE
330
1F
100
AcDbEntity
  8
0
  6
Continuous
 62
     7
370
    25
100
AcDbLine
 10
7.823474268
 20
4.3396517701
 30
0.0
 11
7.8128190817
 21
4.3404226277
 31
0.0
  0
LINE
  5
3EF
330
1F
100
AcDbEntity
  8
0
  6
Continuous
 62
     7
370
    25
100
AcDbLine
 10
7.8235101149
 20
4.3348455914
 30
0.0
 11
7.823474268
 21
4.3396517701
 31
0.0
  0
LINE
  5
3F0
330
1F
100
AcDbEntity
  8
0
  6
Continuous
 62
     7
370
    25
100
AcDbLine
 10
7.760336561
 20
4.3348452325
 30
0.0
 11
7.8235101149
 21
4.3348455914
 31
0.0
  0
LINE
  5
3F1
330
1F
100
AcDbEntity
  8
0
  6
Continuous
 62
     7
370
    25
100
AcDbLine
 10
7.7603264546
 20
4.33533652
 30
0.0
 11
7.760336561
 21
4.3348452325
 31
0.0
  0
LINE
  5
3F2
330
1F
100
AcDbEntity
  8
0
  6
Continuous
 62
     7
370
    25
100
AcDbLine
 10
7.8092104161
 20
4.3353380318
 30
0.0
 11
7.7603264546
 21
4.33533652
 31
0.0
  0
LINE
  5
3F3
330
1F
100
AcDbEntity
  8
0
  6
Continuous
 62
     7
370
    25
100
AcDbLine
 10
7.8091918262
 20
4.338013369
 30
0.0
 11
7.8092104161
 21
4.3353380318
 31
0.0
  0
LINE
  5
3F4
330
1F
100
AcDbEntity
  8
0
  6
Continuous
 62
     7
370
    25
100
AcDbLine
 10
7.7602965849
 20
4.3407436363
 30
0.0
 11
7.8091918262
 21
4.338013369
 31
0.0
  0
LINE
  5
3F5
330
1F
100
AcDbEntity
  8
0
  6
Continuous
 62
     7
370
    25
100
AcDbLine
 10
7.760286317
 20
4.3439570258
 30
0.0
 11
7.7602965849
 21
4.3407436363
 31
0.0
  0
LINE
  5
3F6
330
1F
100
AcDbEntity
  8
0
  6
Continuous
 62
     7
370
    25
100
AcDbLine
 10
7.8191672184
 20
4.3493117012
 30
0.0
 11
7.760286317
 21
4.3439570258
 31
0.0
  0
LINE
  5
3F7
330
1F
100
AcDbEntity
  8
0
  6
Continuous
 62
     7
370
    25
100
AcDbLine
 10
7.7602726349
 20
4.3493020724
 30
0.0
 11
7.8191672184
 21
4.3493117012
 31
0.0
  0
LINE
  5
3F8
330
1F
100
AcDbEntity
  8
0
  6
Continuous
 62
     7
370
    25
100
AcDbLine
 10
7.7602544905
 20
4.3582367578
 30
0.0
 11
7.7602726349
 21
4.3493020724
 31
0.0
  0
SPLINE
  5
3F9
330
1F
100
AcDbEntity
  8
0
  6
Continuous
 62
     7
370
    25
100
AcDbSpline
210
0.0
220
0.0
230
1.0
 70
     8
 71
     3
 72
    13
 73
     9
 74
     0
 42
0.00000001
 43
0.00000001
 40
0.0
 40
0.0
 40
0.0
 40
0.0
 40
0.1343633357137849
 40
0.255816835107572
 40
0.3741271789759496
 40
0.4997959598459212
 40
0.7231263000546683
 40
1.0
 40
1.0
 40
1.0
 40
1.0
 10
7.776035274290694
 20
4.36655575097666
 30
0.0
 10
7.774618648782405
 20
4.366522695777231
 30
0.0
 10
7.771921509327373
 20
4.366459761372864
 30
0.0
 10
7.76819627479562
 20
4.365889726681052
 30
0.0
 10
7.76515267238558
 20
4.364953980777957
 30
0.0
 10
7.762372509996252
 20
4.363399367977708
 30
0.0
 10
7.760435547122273
 20
4.361044176267288
 30
0.0
 10
7.760319001164545
 20
4.35923704427721
 30
0.0
 10
7.760254490469029
 20
4.358236757833645
 30
0.0
  0
SPLINE
  5
3FA
330
1F
100
AcDbEntity
  8
0
  6
Continuous
 62
     7
370
    25
100
AcDbSpline
210
0.0
220
0.0
230
1.0
 70
     8
 71
     3
 72
    11
 73
     7
 74
     0
 42
0.00000001
 43
0.00000001
 40
0.0
 40
0.0
 40
0.0
 40
0.0
 40
0.2568172686756953
 40
0.5001227485449635
 40
0.748240499617995
 40
1.0
 40
1.0
 40
1.0
 40
1.0
 10
7.788745693077326
 20
4.36338791248698
 30
0.0
 10
7.788052034116249
 20
4.363832058148461
 30
0.0
 10
7.786701211299873
 20
4.364696981874655
 30
0.0
 10
7.783664337750833
 20
4.36571914925698
 30
0.0
 10
7.780058745700763
 20
4.366426072260156
 30
0.0
 10
7.777382929457269
 20
4.366512315302717
 30
0.0
 10
7.776035274290694
 20
4.36655575097666
 30
0.0
  0
SPLINE
  5
3FB
330
1F
100
AcDbEntity
  8
0
  6
Continuous
 62
     7
370
    25
100
AcDbSpline
210
0.0
220
0.0
230
1.0
 70
     8
 71
     3
 72
    11
 73
     7
 74
     0
 42
0.00000001
 43
0.00000001
 40
0.0
 40
0.0
 40
0.0
 40
0.0
 40
0.2556744275863254
 40
0.5003675698897951
 40
0.7458201479537694
 40
1.0
 40
1.0
 40
1.0
 40
1.0
 10
7.802063962200199
 20
4.367541401795751
 30
0.0
 10
7.800519038177832
 20
4.367439613729568
 30
0.0
 10
7.797495545034484
 20
4.367240409421963
 30
0.0
 10
7.793534110987567
 20
4.366308656437062
 30
0.0
 10
7.790374482516109
 20
4.365006273699259
 30
0.0
 10
7.789294908669011
 20
4.363933611758843
 30
0.0
 10
7.788745693077326
 20
4.36338791248698
 30
0.0
  0
LINE
  5
3FC
330
1F
100
AcDbEntity
  8
0
  6
Continuous
 62
     7
370
    25
100
AcDbLine
 10
7.8020543026
 20
4.3740637453
 30
0.0
 11
7.8020639622
 21
4.3675414018
 31
0.0
  0
SPLINE
  5
3FD
330
1F
100
AcDbEntity
  8
0
  6
Continuous
 62
     7
370
    25
100
AcDbSpline
210
0.0
220
0.0
230
1.0
 70
     8
 71
     3
 72
    12
 73
     8
 74
     0
 42
0.00000001
 43
0.00000001
 40
0.0
 40
0.0
 40
0.0
 40
0.0
 40
0.2800937298998315
 40
0.5000817276224182
 40
0.613559029696384
 40
0.7302986815760923
 40
1.0
 40
1.0
 40
1.0
 40
1.0
 10
7.811841835793906
 20
4.379391878023285
 30
0.0
 10
7.811771063644497
 20
4.378644535668793
 30
0.0
 10
7.81164470644701
 20
4.377310224272772
 30
0.0
 10
7.810273822531184
 20
4.375789394898981
 30
0.0
 10
7.808451757124846
 20
4.374941822827481
 30
0.0
 10
7.805923061453599
 20
4.37426664633648
 30
0.0
 10
7.803644520711098
 20
4.374147145938267
 30
0.0
 10
7.802054302567682
 20
4.374063745322321
 30
0.0
  0
SPLINE
  5
3FE
330
1F
100
AcDbEntity
  8
0
  6
Continuous
 62
     7
370
    25
100
AcDbSpline
210
0.0
220
0.0
230
1.0
 70
     8
 71
     3
 72
    13
 73
     9
 74
     0
 42
0.00000001
 43
0.00000001
 40
0.0
 40
0.0
 40
0.0
 40
0.0
 40
0.1242542479427194
 40
0.2416800146493195
 40
0.3633787674036402
 40
0.4994097943876423
 40
0.730904446934873
 40
1.0
 40
1.0
 40
1.0
 40
1.0
 10
7.80539233457463
 20
4.384136137480169
 30
0.0
 10
7.805946239276191
 20
4.384112517034492
 30
0.0
 10
7.807023608449514
 20
4.384066574221657
 30
0.0
 10
7.808503624099543
 20
4.383714557678723
 30
0.0
 10
7.80972148140112
 20
4.383155692543434
 30
0.0
 10
7.81083848451801
 20
4.382259966694174
 30
0.0
 10
7.811686593275045
 20
4.380971427930907
 30
0.0
 10
7.8117875603042
 20
4.379944116194764
 30
0.0
 10
7.811841835793906
 20
4.379391878023285
 30
0.0
  0
SPLINE
  5
3FF
330
1F
100
AcDbEntity
  8
0
  6
Continuous
 62
     7
370
    25
100
AcDbSpline
210
0.0
220
0.0
230
1.0
 70
     8
 71
     3
 72
    13
 73
     9
 74
     0
 42
0.00000001
 43
0.00000001
 40
0.0
 40
0.0
 40
0.0
 40
0.0
 40
0.5007370199592633
 40
0.7504473824671238
 40
0.8170559323117174
 40
0.8754383111103827
 40
0.935555134551559
 40
0.9999999999999999
 40
0.9999999999999999
 40
0.9999999999999999
 40
0.9999999999999999
 10
7.796228763338448
 20
4.375762037152169
 30
0.0
 10
7.797075009942186
 20
4.377319689333781
 30
0.0
 10
7.798343267577199
 20
4.379654120294327
 30
0.0
 10
7.800256083431202
 20
4.382307586954526
 30
0.0
 10
7.801842591485794
 20
4.38335214768952
 30
0.0
 10
7.802828957418642
 20
4.383785813559825
 30
0.0
 10
7.80403132479859
 20
4.38407363851019
 30
0.0
 10
7.804928276107461
 20
4.384114827437641
 30
0.0
 10
7.80539233457463
 20
4.384136137480169
 30
0.0
  0
SPLINE
  5
400
330
1F
100
AcDbEntity
  8
0
  6
Continuous
 62
     7
370
    25
100
AcDbSpline
210
0.0
220
0.0
230
1.0
 70
     8
 71
     3
 72
    13
 73
     9
 74
     0
 42
0.00000001
 43
0.00000001
 40
0.0
 40
0.0
 40
0.0
 40
0.0
 40
0.1302770581547897
 40
0.2499903621230449
 40
0.3719891545419606
 40
0.4999416967562956
 40
0.7496544058914547
 40
1.0
 40
1.0
 40
1.0
 40
1.0
 10
7.77806183536894
 20
4.36798576314364
 30
0.0
 10
7.779289179214084
 20
4.368011903673795
 30
0.0
 10
7.781644345477759
 20
4.368062065081278
 30
0.0
 10
7.785012371226065
 20
4.368496734706019
 30
0.0
 10
7.788000075611408
 20
4.369238190758166
 30
0.0
 10
7.791318501965012
 20
4.370619190306273
 30
0.0
 10
7.794179192418334
 20
4.372815626967093
 30
0.0
 10
7.795544996834204
 20
4.37477907209712
 30
0.0
 10
7.796228763338448
 20
4.375762037152169
 30
0.0
  0
SPLINE
  5
401
330
1F
100
AcDbEntity
  8
0
  6
Continuous
 62
     7
370
    25
100
AcDbSpline
210
0.0
220
0.0
230
1.0
 70
     8
 71
     3
 72
    13
 73
     9
 74
     0
 42
0.00000001
 43
0.00000001
 40
0.0
 40
0.0
 40
0.0
 40
0.0
 40
0.2501365797494364
 40
0.4999028474508724
 40
0.6295134961686791
 40
0.7499932777298828
 40
0.8715013132107845
 40
1.0
 40
1.0
 40
1.0
 40
1.0
 10
7.75890023202645
 20
4.379011935316709
 30
0.0
 10
7.759090678511654
 20
4.377663029911944
 30
0.0
 10
7.759471289537586
 20
4.374967216075123
 30
0.0
 10
7.762251242995993
 20
4.371922898697031
 30
0.0
 10
7.765856742398639
 20
4.369932603794006
 30
0.0
 10
7.769376375905233
 20
4.368805642910117
 30
0.0
 10
7.773528162465444
 20
4.368107388338905
 30
0.0
 10
7.776522700126781
 20
4.368027053644377
 30
0.0
 10
7.77806183536894
 20
4.36798576314364
 30
0.0
  0
SPLINE
  5
402
330
1F
100
AcDbEntity
  8
0
  6
Continuous
 62
     7
370
    25
100
AcDbSpline
210
0.0
220
0.0
230
1.0
 70
     8
 71
     3
 72
    13
 73
     9
 74
     0
 42
0.00000001
 43
0.00000001
 40
0.0
 40
0.0
 40
0.0
 40
0.0
 40
0.1294625609156155
 40
0.2501829323949709
 40
0.3728896469517005
 40
0.5003586414212051
 40
0.7498792879148412
 40
1.0
 40
1.0
 40
1.0
 40
1.0
 10
7.779177043686289
 20
4.391301339920879
 30
0.0
 10
7.77760656736217
 20
4.391248368319484
 30
0.0
 10
7.774571663917913
 20
4.39114600211819
 30
0.0
 10
7.77027753211864
 20
4.390338155567219
 30
0.0
 10
7.766538416380325
 20
4.389036645033695
 30
0.0
 10
7.762572022215592
 20
4.386723138737629
 30
0.0
 10
7.759485690201633
 20
4.383221378535335
 30
0.0
 10
7.759095540940307
 20
4.380416206053414
 30
0.0
 10
7.75890023202645
 20
4.379011935316709
 30
0.0
  0
LINE
  5
403
330
1F
100
AcDbEntity
  8
0
  6
Continuous
 62
     7
370
    25
100
AcDbLine
 10
7.7791871487
 20
4.3831534181
 30
0.0
 11
7.7791770437
 21
4.3913013399
 31
0.0
  0
SPLINE
  5
404
330
1F
100
AcDbEntity
  8
0
  6
Continuous
 62
     7
370
    25
100
AcDbSpline
210
0.0
220
0.0
230
1.0
 70
     8
 71
     3
 72
    13
 73
     9
 74
     0
 42
0.00000001
 43
0.00000001
 40
0.0
 40
0.0
 40
0.0
 40
0.0
 40
0.2717467356950986
 40
0.5003970930207213
 40
0.6280178863269711
 40
0.7470460497327677
 40
0.867747746316484
 40
0.9999999999999999
 40
0.9999999999999999
 40
0.9999999999999999
 40
0.9999999999999999
 10
7.771606358874531
 20
4.378410024295567
 30
0.0
 10
7.771668965772172
 20
4.379006723159375
 30
0.0
 10
7.771784250724916
 20
4.380105490274623
 30
0.0
 10
7.772828707121763
 20
4.381454694280284
 30
0.0
 10
7.774189807843277
 20
4.382331019380239
 30
0.0
 10
7.775619084911553
 20
4.382840346177604
 30
0.0
 10
7.777329569649765
 20
4.383133814805742
 30
0.0
 10
7.778549388955287
 20
4.38314668776356
 30
0.0
 10
7.779187148721724
 20
4.383153418149393
 30
0.0
  0
SPLINE
  5
405
330
1F
100
AcDbEntity
  8
0
  6
Continuous
 62
     7
370
    25
100
AcDbSpline
210
0.0
220
0.0
230
1.0
 70
     8
 71
     3
 72
    13
 73
     9
 74
     0
 42
0.00000001
 43
0.00000001
 40
0.0
 40
0.0
 40
0.0
 40
0.0
 40
0.1278915324078024
 40
0.2470818043637735
 40
0.3676565486604504
 40
0.4993838638705359
 40
0.7305056604401758
 40
1.0
 40
1.0
 40
1.0
 40
1.0
 10
7.776992717650104
 20
4.374865012859026
 30
0.0
 10
7.776533833766838
 20
4.374881785148323
 30
0.0
 10
7.775647286739557
 20
4.374914188603228
 30
0.0
 10
7.774424821969889
 20
4.375156136515226
 30
0.0
 10
7.773412452352898
 20
4.375545530600213
 30
0.0
 10
7.772467046915961
 20
4.376192400449477
 30
0.0
 10
7.77174215586105
 20
4.377161462404642
 30
0.0
 10
7.771653880003448
 20
4.377973099499948
 30
0.0
 10
7.771606358874531
 20
4.378410024295567
 30
0.0
  0
SPLINE
  5
406
330
1F
100
AcDbEntity
  8
0
  6
Continuous
 62
     7
370
    25
100
AcDbSpline
210
0.0
220
0.0
230
1.0
 70
     8
 71
     3
 72
    12
 73
     8
 74
     0
 42
0.00000001
 43
0.00000001
 40
0.0
 40
0.0
 40
0.0
 40
0.0
 40
0.5009626305378115
 40
0.751047759977452
 40
0.8756184912943644
 40
0.93749507634032
 40
1.0
 40
1.0
 40
1.0
 40
1.0
 10
7.785277344035404
 20
4.383239197697963
 30
0.0
 10
7.784457994204965
 20
4.381624535145897
 30
0.0
 10
7.783229617441358
 20
4.379203818272171
 30
0.0
 10
7.78149004266271
 20
4.376545796899379
 30
0.0
 10
7.779820399068525
 20
4.375373706917478
 30
0.0
 10
7.778316769501969
 20
4.374933197546553
 30
0.0
 10
7.777435552150579
 20
4.374887817503722
 30
0.0
 10
7.776992717650104
 20
4.374865012859026
 30
0.0
  0
LINE
  5
407
330
1F
100
AcDbEntity
  8
0
  6
Continuous
 62
     7
370
    25
100
AcDbLine
 10
7.7933777826
 20
4.3536288325
 30
0.0
 11
7.7933777826
 21
4.3588794328
 31
0.0
  0
LINE
  5
408
330
1F
100
AcDbEntity
  8
0
  6
Continuous
 62
     7
370
    25
100
AcDbLine
 10
7.7933777826
 20
4.3536288325
 30
0.0
 11
7.81101103
 21
4.3536288325
 31
0.0
  0
LINE
  5
409
330
1F
100
AcDbEntity
  8
0
  6
Continuous
 62
     7
370
    25
100
AcDbLine
 10
7.81101103
 20
4.3536288325
 30
0.0
 11
7.81101103
 21
4.3588794328
 31
0.0
  0
SPLINE
  5
40A
330
1F
100
AcDbEntity
  8
0
  6
Continuous
 62
     7
370
    25
100
AcDbSpline
210
0.0
220
0.0
230
1.0
 70
     8
 71
     3
 72
    13
 73
     9
 74
     0
 42
0.00000001
 43
0.00000001
 40
0.0
 40
0.0
 40
0.0
 40
0.0
 40
0.2489488357139037
 40
0.3765149141606215
 40
0.4996868739238707
 40
0.6171986907916486
 40
0.7364952575848752
 40
1.0
 40
1.0
 40
1.0
 40
1.0
 10
7.811011030033038
 20
4.358879432775092
 30
0.0
 10
7.810894997176598
 20
4.359274155794617
 30
0.0
 10
7.810719506896207
 20
4.359871142333588
 30
0.0
 10
7.809674215945
 20
4.360598540145385
 30
0.0
 10
7.808619951448518
 20
4.361071039250066
 30
0.0
 10
7.807324329988016
 20
4.361442814923707
 30
0.0
 10
7.805248856849586
 20
4.361815967790527
 30
0.0
 10
7.803477200363573
 20
4.361867109183057
 30
0.0
 10
7.802257664602423
 20
4.361902312823017
 30
0.0
  0
SPLINE
  5
40B
330
1F
100
AcDbEntity
  8
0
  6
Continuous
 62
     7
370
    25
100
AcDbSpline
210
0.0
220
0.0
230
1.0
 70
     8
 71
     3
 72
    13
 73
     9
 74
     0
 42
0.00000001
 43
0.00000001
 40
0.0
 40
0.0
 40
0.0
 40
0.0
 40
0.2710267316331088
 40
0.3884563885689361
 40
0.4999321189301262
 40
0.6148284127930465
 40
0.732976305004764
 40
1.0
 40
1.0
 40
1.0
 40
1.0
 10
7.802257664602423
 20
4.361902312823017
 30
0.0
 10
7.800979628763458
 20
4.3618709429629
 30
0.0
 10
7.799147849353822
 20
4.361825981263007
 30
0.0
 10
7.796992434386944
 20
4.361478465029248
 30
0.0
 10
7.795694230623825
 20
4.361131526522243
 30
0.0
 10
7.794662171867298
 20
4.360686153956294
 30
0.0
 10
7.793605121256324
 20
4.359939790187601
 30
0.0
 10
7.793470860254843
 20
4.359313567400151
 30
0.0
 10
7.793377782598285
 20
4.358879432775092
 30
0.0
  0
LINE
  5
40C
330
1F
100
AcDbEntity
  8
0
  6
Continuous
 62
     7
370
    25
100
AcDbLine
 10
7.7707601211
 20
4.3536288325
 30
0.0
 11
7.7707601211
 21
4.3583277642
 31
0.0
  0
LINE
  5
40D
330
1F
100
AcDbEntity
  8
0
  6
Continuous
 62
     7
370
    25
100
AcDbLine
 10
7.7707601211
 20
4.3536288325
 30
0.0
 11
7.7860607192
 21
4.3536288325
 31
0.0
  0
LINE
  5
40E
330
1F
100
AcDbEntity
  8
0
  6
Continuous
 62
     7
370
    25
100
AcDbLine
 10
7.7860607192
 20
4.3536288325
 30
0.0
 11
7.7860607192
 21
4.3583277642
 31
0.0
  0
SPLINE
  5
40F
330
1F
100
AcDbEntity
  8
0
  6
Continuous
 62
     7
370
    25
100
AcDbSpline
210
0.0
220
0.0
230
1.0
 70
     8
 71
     3
 72
    13
 73
     9
 74
     0
 42
0.00000001
 43
0.00000001
 40
0.0
 40
0.0
 40
0.0
 40
0.0
 40
0.2497414350921339
 40
0.3776551130290414
 40
0.5002855815575099
 40
0.6184149077433956
 40
0.7375920933291932
 40
1.0
 40
1.0
 40
1.0
 40
1.0
 10
7.786060719160835
 20
4.358327764159684
 30
0.0
 10
7.785963448215273
 20
4.358673419757883
 30
0.0
 10
7.785816356604595
 20
4.359196114776269
 30
0.0
 10
7.784933095039416
 20
4.359837057450585
 30
0.0
 10
7.784034395155302
 20
4.360258057313675
 30
0.0
 10
7.782915971916866
 20
4.360593064713551
 30
0.0
 10
7.781102616914328
 20
4.360931891850325
 30
0.0
 10
7.77954087632195
 20
4.3609800576837
 30
0.0
 10
7.778466900718803
 20
4.361013180297149
 30
0.0
  0
SPLINE
  5
410
330
1F
100
AcDbEntity
  8
0
  6
Continuous
 62
     7
370
    25
100
AcDbSpline
210
0.0
220
0.0
230
1.0
 70
     8
 71
     3
 72
    13
 73
     9
 74
     0
 42
0.00000001
 43
0.00000001
 40
0.0
 40
0.0
 40
0.0
 40
0.0
 40
0.2682278992467475
 40
0.3858580110764428
 40
0.4990701646674868
 40
0.6124514862595148
 40
0.7304784531142892
 40
1.0
 40
1.0
 40
1.0
 40
1.0
 10
7.778466900718803
 20
4.361013180297149
 30
0.0
 10
7.777347847307002
 20
4.360984777534037
 30
0.0
 10
7.775738038167169
 20
4.360943918869765
 30
0.0
 10
7.773854790809721
 20
4.360626300253894
 30
0.0
 10
7.772729023333131
 20
4.360313428232882
 30
0.0
 10
7.771845823313684
 20
4.359917463640246
 30
0.0
 10
7.770953332045869
 20
4.359259583190978
 30
0.0
 10
7.77083937367428
 20
4.358709984141663
 30
0.0
 10
7.770760121050411
 20
4.358327764159684
 30
0.0
  0
LINE
  5
411
330
1F
100
AcDbEntity
  8
0
  6
Continuous
 62
     7
370
    25
100
AcDbLine
 10
7.8007733541
 20
4.3405943446
 30
0.0
 11
7.8007733541
 21
4.3442140473
 31
0.0
  0
LINE
  5
412
330
1F
100
AcDbEntity
  8
0
  6
Continuous
 62
     7
370
    25
100
AcDbLine
 10
7.8007733541
 20
4.3442140473
 30
0.0
 11
7.7754898076
 21
4.3425718806
 31
0.0
  0
LINE
  5
413
330
1F
100
AcDbEntity
  8
0
  6
Continuous
 62
     7
370
    25
100
AcDbLine
 10
7.7754898076
 20
4.3420761196
 30
0.0
 11
7.7754898076
 21
4.3425718806
 31
0.0
  0
LINE
  5
414
330
1F
100
AcDbEntity
  8
0
  6
Continuous
 62
     7
370
    25
100
AcDbLine
 10
7.7754898076
 20
4.3420761196
 30
0.0
 11
7.8007733541
 21
4.3405943446
 31
0.0
  0
LINE
  5
415
330
1F
100
AcDbEntity
  8
0
  6
Continuous
 62
     7
370
    25
100
AcDbLine
 10
7.803441556
 20
4.3927849258
 30
0.0
 11
7.803441556
 21
4.3923568365
 31
0.0
  0
LINE
  5
416
330
1F
100
AcDbEntity
  8
0
  6
Continuous
 62
     7
370
    25
100
AcDbLine
 10
7.8253616313
 20
4.3793938856
 30
0.0
 11
7.8253616313
 21
4.3789490366
 31
0.0
  0
LINE
  5
417
330
1F
100
AcDbEntity
  8
0
  6
Continuous
 62
     7
370
    25
100
AcDbLine
 10
7.785277344
 20
4.383678684
 30
0.0
 11
7.785277344
 21
4.3832391977
 31
0.0
  0
LINE
  5
418
330
1F
100
AcDbEntity
  8
0
  6
Continuous
 62
     7
370
    25
100
AcDbLine
 10
7.7791770437
 20
4.3917307486
 30
0.0
 11
7.7791770437
 21
4.3913013399
 31
0.0
  0
LINE
  5
419
330
1F
100
AcDbEntity
  8
0
  6
Continuous
 62
     7
370
    25
100
AcDbLine
 10
7.7791871487
 20
4.3835930117
 30
0.0
 11
7.7791871487
 21
4.3831534181
 31
0.0
  0
LINE
  5
41A
330
1F
100
AcDbEntity
  8
0
  6
Continuous
 62
     7
370
    25
100
AcDbLine
 10
7.758900232
 20
4.3794567057
 30
0.0
 11
7.758900232
 21
4.3790119353
 31
0.0
  0
LINE
  5
41B
330
1F
100
AcDbEntity
  8
0
  6
Continuous
 62
     7
370
    25
100
AcDbLine
 10
7.7769927177
 20
4.3753149669
 30
0.0
 11
7.7769927177
 21
4.3748650129
 31
0.0
  0
SPLINE
  5
41C
330
1F
100
AcDbEntity
  8
0
  6
Continuous
 62
     7
370
    25
100
AcDbSpline
210
0.0
220
0.0
230
1.0
 70
     8
 71
     3
 72
    12
 73
     8
 74
     0
 42
0.00000001
 43
0.00000001
 40
0.0
 40
0.0
 40
0.0
 40
0.0
 40
0.5001295130930792
 40
0.6345457220529834
 40
0.7501276040309526
 40
0.8633489114557126
 40
1.0
 40
1.0
 40
1.0
 40
1.0
 10
7.808111406896181
 20
4.378047108011854
 30
0.0
 10
7.808558974102049
 20
4.378832563862798
 30
0.0
 10
7.809126830723944
 20
4.379829121028552
 30
0.0
 10
7.808719009992514
 20
4.381054562581506
 30
0.0
 10
7.808102219058057
 20
4.381592939466799
 30
0.0
 10
7.807058984606079
 20
4.381970522785314
 30
0.0
 10
7.806219073111392
 20
4.382094768029511
 30
0.0
 10
7.805759739379931
 20
4.382162715702564
 30
0.0
  0
LINE
  5
41D
330
1F
100
AcDbEntity
  8
0
  6
Continuous
 62
     7
370
    25
100
AcDbLine
 10
7.8057597394
 20
4.3826035476
 30
0.0
 11
7.8057597394
 21
4.3821627157
 31
0.0
  0
SPLINE
  5
41E
330
1F
100
AcDbEntity
  8
0
  6
Continuous
 62
     7
370
    25
100
AcDbSpline
210
0.0
220
0.0
230
1.0
 70
     8
 71
     3
 72
    13
 73
     9
 74
     0
 42
0.00000001
 43
0.00000001
 40
0.0
 40
0.0
 40
0.0
 40
0.0
 40
0.2502954523255669
 40
0.381690143175405
 40
0.5001041458585904
 40
0.6053666082880743
 40
0.7212086671077225
 40
1.0
 40
1.0
 40
1.0
 40
1.0
 10
7.799245520902931
 20
4.375265990504873
 30
0.0
 10
7.800254205931071
 20
4.375265587119388
 30
0.0
 10
7.801792408600085
 20
4.375264971973319
 30
0.0
 10
7.803764637892774
 20
4.375462488124567
 30
0.0
 10
7.805056818053318
 20
4.375745396836438
 30
0.0
 10
7.806077882723651
 20
4.376152427871088
 30
0.0
 10
7.80726141271688
 20
4.376880741290456
 30
0.0
 10
7.807759517514132
 20
4.377564243452507
 30
0.0
 10
7.808111406896181
 20
4.378047108011854
 30
0.0
  0
SPLINE
  5
41F
330
1F
100
AcDbEntity
  8
0
  6
Continuous
 62
     7
370
    25
100
AcDbSpline
210
0.0
220
0.0
230
1.0
 70
     8
 71
     3
 72
    14
 73
    10
 74
     0
 42
0.00000001
 43
0.00000001
 40
0.0
 40
0.0
 40
0.0
 40
0.0
 40
0.0155504641372317
 40
0.0312422515818039
 40
0.0624126822796226
 40
0.124852767550375
 40
0.2498284951206368
 40
0.4998638829931644
 40
0.9999999999999999
 40
0.9999999999999999
 40
0.9999999999999999
 40
0.9999999999999999
 10
7.805759739379931
 20
4.382162715702564
 30
0.0
 10
7.805670962363141
 20
4.382166441145122
 30
0.0
 10
7.805492601520102
 20
4.382173925887225
 30
0.0
 10
7.805170751232846
 20
4.382094820624532
 30
0.0
 10
7.804720235041972
 20
4.381896910968207
 30
0.0
 10
7.804034432453966
 20
4.38141214475625
 30
0.0
 10
7.802965658414699
 20
4.380378484489206
 30
0.0
 10
7.801241242514418
 20
4.378250674756489
 30
0.0
 10
7.800043830406867
 20
4.376459895401528
 30
0.0
 10
7.799245520902931
 20
4.375265990504873
 30
0.0
  0
LINE
  5
420
330
1F
100
AcDbEntity
  8
0
  6
Continuous
 62
     7
370
    25
100
AcDbLine
 10
7.7992455209
 20
4.3757154433
 30
0.0
 11
7.7992455209
 21
4.3752659905
 31
0.0
  0
SPLINE
  5
421
330
1F
100
AcDbEntity
  8
0
  6
Continuous
 62
     7
370
    25
100
AcDbSpline
210
0.0
220
0.0
230
1.0
 70
     8
 71
     3
 72
    12
 73
     8
 74
     0
 42
0.00000001
 43
0.00000001
 40
0.0
 40
0.0
 40
0.0
 40
0.0
 40
0.1389167723022825
 40
0.2503591626036409
 40
0.37007362045256
 40
0.5003373142464494
 40
1.0
 40
1.0
 40
1.0
 40
1.0
 10
7.778951584087199
 20
4.381443796995879
 30
0.0
 10
7.778638631739039
 20
4.381413254158436
 30
0.0
 10
7.778074621457762
 20
4.381358209119027
 30
0.0
 10
7.777291816196384
 20
4.38119048499739
 30
0.0
 10
7.776678269448618
 20
4.380917597897139
 30
0.0
 10
7.775877045942037
 20
4.380194793342643
 30
0.0
 10
7.775830528297367
 20
4.37951708238114
 30
0.0
 10
7.775793630126364
 20
4.378979516579511
 30
0.0
  0
SPLINE
  5
422
330
1F
100
AcDbEntity
  8
0
  6
Continuous
 62
     7
370
    25
100
AcDbSpline
210
0.0
220
0.0
230
1.0
 70
     8
 71
     3
 72
    10
 73
     6
 74
     0
 42
0.00000001
 43
0.00000001
 40
0.0
 40
0.0
 40
0.0
 40
0.0
 40
0.3850642521947722
 40
0.6920977124602032
 40
1.0
 40
1.0
 40
1.0
 40
1.0
 10
7.781582348728299
 20
4.38152238042682
 30
0.0
 10
7.781243746633471
 20
4.381520319337816
 30
0.0
 10
7.780635157978647
 20
4.381516614826228
 30
0.0
 10
7.779756390710907
 20
4.381493730202295
 30
0.0
 10
7.779220105529723
 20
4.381460457068276
 30
0.0
 10
7.778951584087199
 20
4.381443796995879
 30
0.0
  0
SPLINE
  5
423
330
1F
100
AcDbEntity
  8
0
  6
Continuous
 62
     7
370
    25
100
AcDbSpline
210
0.0
220
0.0
230
1.0
 70
     8
 71
     3
 72
    13
 73
     9
 74
     0
 42
0.00000001
 43
0.00000001
 40
0.0
 40
0.0
 40
0.0
 40
0.0
 40
0.5001581019163909
 40
0.8348152074085083
 40
0.9340448346187177
 40
0.9698533303182256
 40
0.9853853449857001
 40
0.9999999999999999
 40
0.9999999999999999
 40
0.9999999999999999
 40
0.9999999999999999
 10
7.775793630126364
 20
4.378979516579511
 30
0.0
 10
7.775843498465022
 20
4.378526250210397
 30
0.0
 10
7.775926733840636
 20
4.377769702117919
 30
0.0
 10
7.776300841258774
 20
4.37694813115981
 30
0.0
 10
7.776709333692178
 20
4.376565403711675
 30
0.0
 10
7.7769262828404
 20
4.376470663690541
 30
0.0
 10
7.777041662767938
 20
4.376441474322777
 30
0.0
 10
7.777100044868313
 20
4.376434734033656
 30
0.0
 10
7.777128347638238
 20
4.376431466442201
 30
0.0
  0
SPLINE
  5
424
330
1F
100
AcDbEntity
  8
0
  6
Continuous
 62
     7
370
    25
100
AcDbSpline
210
0.0
220
0.0
230
1.0
 70
     8
 71
     3
 72
    16
 73
    12
 74
     0
 42
0.00000001
 43
0.00000001
 40
0.0
 40
0.0
 40
0.0
 40
0.0
 40
0.0342387160071547
 40
0.0624474098875934
 40
0.0919350317057538
 40
0.1250171361494627
 40
0.4990192818764315
 40
0.5029564377697001
 40
0.5366671923683012
 40
0.6327135020387135
 40
1.0
 40
1.0
 40
1.0
 40
1.0
 10
7.777128347638238
 20
4.376431466442201
 30
0.0
 10
7.777270793054961
 20
4.376436711242301
 30
0.0
 10
7.777530596819878
 20
4.376446277143707
 30
0.0
 10
7.777896411200008
 20
4.376503763557633
 30
0.0
 10
7.778204292434533
 20
4.376604615207891
 30
0.0
 10
7.779393798080743
 20
4.377222223887791
 30
0.0
 10
7.779673635105814
 20
4.378039197352645
 30
0.0
 10
7.780101576085817
 20
4.378794683156344
 30
0.0
 10
7.780236732908925
 20
4.379040882601138
 30
0.0
 10
7.780742149396583
 20
4.379958620366267
 30
0.0
 10
7.781210826096863
 20
4.380830910878226
 30
0.0
 10
7.781582348728299
 20
4.38152238042682
 30
0.0
  0
LINE
  5
425
330
1F
100
AcDbEntity
  8
0
  6
Continuous
 62
     7
370
    25
100
AcDbLine
 10
7.7789515841
 20
4.3818855276
 30
0.0
 11
7.7789515841
 21
4.381443797
 31
0.0
  0
LINE
  5
426
330
1F
100
AcDbEntity
  8
0
  6
Continuous
 62
     7
370
    25
100
AcDbLine
 10
7.7815823487
 20
4.3819640128
 30
0.0
 11
7.7815823487
 21
4.3815223804
 31
0.0
  0
LINE
  5
427
330
1F
100
AcDbEntity
  8
0
  6
Continuous
 62
     7
370
    25
100
AcDbLine
 10
7.7757936301
 20
4.3794243275
 30
0.0
 11
7.7757936301
 21
4.3789795166
 31
0.0
  0
LINE
  5
428
330
1F
100
AcDbEntity
  8
0
  6
Continuous
 62
     7
370
    25
100
AcDbLine
 10
7.8154748686
 20
4.3679056797
 30
0.0
 11
7.8154748686
 21
4.3674464524
 31
0.0
  0
LINE
  5
429
330
1F
100
AcDbEntity
  8
0
  6
Continuous
 62
     7
370
    25
100
AcDbLine
 10
7.8020543026
 20
4.374514701
 30
0.0
 11
7.8020543026
 21
4.3740637453
 31
0.0
  0
LINE
  5
42A
330
1F
100
AcDbEntity
  8
0
  6
Continuous
 62
     7
370
    25
100
AcDbLine
 10
7.7694182552
 20
4.3679401558
 30
0.0
 11
7.7694182552
 21
4.3674809717
 31
0.0
  0
SPLINE
  5
42B
330
1F
100
AcDbEntity
  8
0
  6
Continuous
 62
     7
370
    25
100
AcDbSpline
210
0.0
220
0.0
230
1.0
 70
     8
 71
     3
 72
    13
 73
     9
 74
     0
 42
0.00000001
 43
0.00000001
 40
0.0
 40
0.0
 40
0.0
 40
0.0
 40
0.2504048824893284
 40
0.3755874630796435
 40
0.500472682556865
 40
0.620164261961979
 40
0.7508250553356265
 40
1.0
 40
1.0
 40
1.0
 40
1.0
 10
7.760511030033038
 20
5.102595489821963
 30
0.0
 10
7.760572005476216
 20
5.103547887488698
 30
0.0
 10
7.760663463804766
 20
5.104976408450177
 30
0.0
 10
7.761758290783029
 20
5.106756022258532
 30
0.0
 10
7.763462891822626
 20
5.107940943150972
 30
0.0
 10
7.766147400766611
 20
5.10885808007691
 30
0.0
 10
7.770446040289114
 20
5.109741480142485
 30
0.0
 10
7.77421587577038
 20
5.109882951515683
 30
0.0
 10
7.776688914648422
 20
5.109975757742315
 30
0.0
  0
SPLINE
  5
42C
330
1F
100
AcDbEntity
  8
0
  6
Continuous
 62
     7
370
    25
100
AcDbSpline
210
0.0
220
0.0
230
1.0
 70
     8
 71
     3
 72
    12
 73
     8
 74
     0
 42
0.00000001
 43
0.00000001
 40
0.0
 40
0.0
 40
0.0
 40
0.0
 40
0.2496817157135384
 40
0.3756093965438555
 40
0.5003264072697216
 40
0.7496831930528046
 40
1.0
 40
1.0
 40
1.0
 40
1.0
 10
7.776688914648422
 20
5.109975757742315
 30
0.0
 10
7.778788187205614
 20
5.109912101960613
 30
0.0
 10
7.781946233825625
 20
5.109816341205027
 30
0.0
 10
7.785661254090075
 20
5.109121875619934
 30
0.0
 10
7.788890659067884
 20
5.108187162570144
 30
0.0
 10
7.79163689768521
 20
5.106532129283083
 30
0.0
 10
7.792424276526132
 20
5.104989120908878
 30
0.0
 10
7.792818722340729
 20
5.104216134433422
 30
0.0
  0
LINE
  5
42D
330
1F
100
AcDbEntity
  8
0
  6
Continuous
 62
     7
370
    25
100
AcDbLine
 10
7.7928187223
 20
5.1042161344
 30
0.0
 11
7.7957754531
 21
5.1059649777
 31
0.0
  0
LINE
  5
42E
330
1F
100
AcDbEntity
  8
0
  6
Continuous
 62
     7
370
    25
100
AcDbLine
 10
7.7957754531
 20
5.1059649777
 30
0.0
 11
7.80394853
 21
5.1082552385
 31
0.0
  0
LINE
  5
42F
330
1F
100
AcDbEntity
  8
0
  6
Continuous
 62
     7
370
    25
100
AcDbLine
 10
7.80394853
 20
5.1082552385
 30
0.0
 11
7.82051103
 21
5.1116353516
 31
0.0
  0
LINE
  5
430
330
1F
100
AcDbEntity
  8
0
  6
Continuous
 62
     7
370
    25
100
AcDbLine
 10
7.7935879531
 20
5.0953881347
 30
0.0
 11
7.82051103
 21
5.0953881347
 31
0.0
  0
LINE
  5
431
330
1F
100
AcDbEntity
  8
0
  6
Continuous
 62
     7
370
    25
100
AcDbLine
 10
7.767434107
 20
5.0953881347
 30
0.0
 11
7.7866648762
 21
5.0953881347
 31
0.0
  0
LINE
  5
432
330
1F
100
AcDbEntity
  8
0
  6
Continuous
 62
     7
370
    25
100
AcDbLine
 10
7.7991203986
 20
4.3750771026
 30
0.0
 11
7.7982513677
 21
4.3737330908
 31
0.0
  0
LINE
  5
433
330
1F
100
AcDbEntity
  8
0
  6
Continuous
 62
     7
370
    25
100
AcDbLine
 10
7.7982513677
 20
4.3741844597
 30
0.0
 11
7.7982513677
 21
4.3737330908
 31
0.0
  0
LINE
  5
434
330
1F
100
AcDbEntity
  8
0
  6
Continuous
 62
     7
370
    25
100
AcDbLine
 10
7.7991203986
 20
4.3755267915
 30
0.0
 11
7.7991203986
 21
4.3750771026
 31
0.0
  0
SPLINE
  5
435
330
1F
100
AcDbEntity
  8
0
  6
Continuous
 62
     7
370
    25
100
AcDbSpline
210
0.0
220
0.0
230
1.0
 70
     8
 71
     3
 72
    11
 73
     7
 74
     0
 42
0.00000001
 43
0.00000001
 40
0.0
 40
0.0
 40
0.0
 40
0.0
 40
0.2425058042304798
 40
0.4994753670787661
 40
0.9068474138097858
 40
0.9999999999999999
 40
0.9999999999999999
 40
0.9999999999999999
 40
0.9999999999999999
 10
7.782810706595743
 20
4.367267931833963
 30
0.0
 10
7.783346005710029
 20
4.367196922063024
 30
0.0
 10
7.78444853075042
 20
4.36705066728979
 30
0.0
 10
7.786206117573823
 20
4.366580840536224
 30
0.0
 10
7.787447092742716
 20
4.366096261027945
 30
0.0
 10
7.788310624513415
 20
4.365796809701463
 30
0.0
 10
7.788471336319402
 20
4.365741078846945
 30
0.0
  0
SPLINE
  5
436
330
1F
100
AcDbEntity
  8
0
  6
Continuous
 62
     7
370
    25
100
AcDbSpline
210
0.0
220
0.0
230
1.0
 70
     8
 71
     3
 72
    12
 73
     8
 74
     0
 42
0.00000001
 43
0.00000001
 40
0.0
 40
0.0
 40
0.0
 40
0.0
 40
0.2626568503481154
 40
0.5005723523181633
 40
0.7609120113928852
 40
0.8801370207312331
 40
1.0
 40
1.0
 40
1.0
 40
1.0
 10
7.798251367745804
 20
4.37373309079455
 30
0.0
 10
7.797606108123245
 20
4.372895210261945
 30
0.0
 10
7.796376370057427
 20
4.371298374585998
 30
0.0
 10
7.793079515452244
 20
4.369226811388606
 30
0.0
 10
7.789337039951211
 20
4.36791940585467
 30
0.0
 10
7.785633046297986
 20
4.36734961254858
 30
0.0
 10
7.783753158561318
 20
4.367295207129697
 30
0.0
 10
7.782810706595743
 20
4.367267931833963
 30
0.0
  0
LINE
  5
437
330
1F
100
AcDbEntity
  8
0
  6
Continuous
 62
     7
370
    25
100
AcDbLine
 10
7.7991301725
 20
4.368396503
 30
0.0
 11
7.7991203986
 21
4.3750771026
 31
0.0
  0
SPLINE
  5
438
330
1F
100
AcDbEntity
  8
0
  6
Continuous
 62
     7
370
    25
100
AcDbSpline
210
0.0
220
0.0
230
1.0
 70
     8
 71
     3
 72
    10
 73
     6
 74
     0
 42
0.00000001
 43
0.00000001
 40
0.0
 40
0.0
 40
0.0
 40
0.0
 40
0.4996344214740408
 40
0.7609999991019557
 40
1.0
 40
1.0
 40
1.0
 40
1.0
 10
7.788471336319402
 20
4.365741078846945
 30
0.0
 10
7.789876455532026
 20
4.366393283072697
 30
0.0
 10
7.792016611761434
 20
4.367386664220752
 30
0.0
 10
7.795919329261539
 20
4.368244427179505
 30
0.0
 10
7.798092267088588
 20
4.36834734446056
 30
0.0
 10
7.799130172501958
 20
4.368396502978492
 30
0.0
  0
LINE
  5
439
330
1F
100
AcDbEntity
  8
0
  6
Continuous
 62
     7
370
    25
100
AcDbLine
 10
7.7991301725
 20
4.3688545427
 30
0.0
 11
7.7991301725
 21
4.368396503
 31
0.0
  0
LINE
  5
43A
330
1F
100
AcDbEntity
  8
0
  6
Continuous
 62
     7
370
    25
100
AcDbLine
 10
7.7828107066
 20
4.3677273822
 30
0.0
 11
7.7828107066
 21
4.3672679318
 31
0.0
  0
LINE
  5
43B
330
1F
100
AcDbEntity
  8
0
  6
Continuous
 62
     7
370
    25
100
AcDbLine
 10
7.7866648762
 20
5.0958393987
 30
0.0
 11
7.7866648762
 21
5.1024663687
 31
0.0
  0
LINE
  5
43C
330
1F
100
AcDbEntity
  8
0
  6
Continuous
 62
     7
370
    25
100
AcDbLine
 10
7.767434107
 20
5.0958393987
 30
0.0
 11
7.7866648762
 21
5.0958393987
 31
0.0
  0
LINE
  5
43D
330
1F
100
AcDbEntity
  8
0
  6
Continuous
 62
     7
370
    25
100
AcDbLine
 10
7.767434107
 20
5.0958393987
 30
0.0
 11
7.767434107
 21
5.1031777182
 31
0.0
  0
SPLINE
  5
43E
330
1F
100
AcDbEntity
  8
0
  6
Continuous
 62
     7
370
    25
100
AcDbSpline
210
0.0
220
0.0
230
1.0
 70
     8
 71
     3
 72
    13
 73
     9
 74
     0
 42
0.00000001
 43
0.00000001
 40
0.0
 40
0.0
 40
0.0
 40
0.0
 40
0.2494884266535053
 40
0.3751670306188368
 40
0.500078444015336
 40
0.6086205259957065
 40
0.7273930895947441
 40
0.9999999999999999
 40
0.9999999999999999
 40
0.9999999999999999
 40
0.9999999999999999
 10
7.77686920310996
 20
5.107452373117264
 30
0.0
 10
7.77546158599499
 20
5.10740134612254
 30
0.0
 10
7.773344888477776
 20
5.107324614522808
 30
0.0
 10
7.77094481892726
 20
5.106775524584999
 30
0.0
 10
7.769507164021351
 20
5.106253203781804
 30
0.0
 10
7.768508501176803
 20
5.105616096209249
 30
0.0
 10
7.767611590385936
 20
5.104615751928313
 30
0.0
 10
7.767506974729593
 20
5.103768118771348
 30
0.0
 10
7.767434106956114
 20
5.103177718222965
 30
0.0
  0
SPLINE
  5
43F
330
1F
100
AcDbEntity
  8
0
  6
Continuous
 62
     7
370
    25
100
AcDbSpline
210
0.0
220
0.0
230
1.0
 70
     8
 71
     3
 72
    14
 73
    10
 74
     0
 42
0.00000001
 43
0.00000001
 40
0.0
 40
0.0
 40
0.0
 40
0.0
 40
0.2503234301812872
 40
0.3850833922388682
 40
0.5002612892150445
 40
0.6219823026199172
 40
0.7499595610183815
 40
0.874987245548107
 40
1.0
 40
1.0
 40
1.0
 40
1.0
 10
7.786664876186884
 20
5.102466368665428
 30
0.0
 10
7.786628026931683
 20
5.103078749483307
 30
0.0
 10
7.786571340123803
 20
5.104020801461902
 30
0.0
 10
7.785912199491467
 20
5.105186797312922
 30
0.0
 10
7.784971818392106
 20
5.105991509567879
 30
0.0
 10
7.783465194226906
 20
5.106644066451093
 30
0.0
 10
7.78146232934021
 20
5.10710392827261
 30
0.0
 10
7.779216793252735
 20
5.10740051962981
 30
0.0
 10
7.777651702006679
 20
5.107435089309505
 30
0.0
 10
7.77686920310996
 20
5.107452373117264
 30
0.0
  0
LINE
  5
440
330
1F
100
AcDbEntity
  8
0
  6
Continuous
 62
     7
370
    25
100
AcDbLine
 10
7.767434107
 20
5.0953881347
 30
0.0
 11
7.767434107
 21
5.0958393987
 31
0.0
  0
LINE
  5
441
330
1F
100
AcDbEntity
  8
0
  6
Continuous
 62
     7
370
    25
100
AcDbLine
 10
7.7866648762
 20
5.0953881347
 30
0.0
 11
7.7866648762
 21
5.0958393987
 31
0.0
  0
LINE
  5
442
330
1F
100
AcDbEntity
  8
0
  6
Continuous
 62
     7
370
    25
100
AcDbLine
 10
7.7935879531
 20
5.0953881347
 30
0.0
 11
7.7935879531
 21
5.0958393987
 31
0.0
  0
LINE
  5
443
330
1F
100
AcDbEntity
  8
0
  6
Continuous
 62
     7
370
    25
100
AcDbLine
 10
7.7887456931
 20
4.3638522129
 30
0.0
 11
7.7887456931
 21
4.3633879125
 31
0.0
  0
LINE
  5
444
330
1F
100
AcDbEntity
  8
0
  6
Continuous
 62
     7
370
    25
100
AcDbLine
 10
7.8235145348
 20
4.3589902423
 30
0.0
 11
7.8235145348
 21
4.3585198568
 31
0.0
  0
LINE
  5
445
330
1F
100
AcDbEntity
  8
0
  6
Continuous
 62
     7
370
    25
100
AcDbLine
 10
7.7766889146
 20
5.1099757577
 30
0.0
 11
7.7766889146
 21
5.110445279
 31
0.0
  0
LINE
  5
446
330
1F
100
AcDbEntity
  8
0
  6
Continuous
 62
     7
370
    25
100
AcDbLine
 10
7.7602544905
 20
4.3587074972
 30
0.0
 11
7.7602544905
 21
4.3582367578
 31
0.0
  0
LINE
  5
447
330
1F
100
AcDbEntity
  8
0
  6
Continuous
 62
     7
370
    25
100
AcDbLine
 10
7.7760352743
 20
4.3670160916
 30
0.0
 11
7.7760352743
 21
4.366555751
 31
0.0
  0
LINE
  5
448
330
1F
100
AcDbEntity
  8
0
  6
Continuous
 62
     7
370
    25
100
AcDbLine
 10
7.7928187223
 20
5.1042161344
 30
0.0
 11
7.7928187223
 21
5.1046784472
 31
0.0
  0
LINE
  5
449
330
1F
100
AcDbEntity
  8
0
  6
Continuous
 62
     7
370
    25
100
AcDbLine
 10
7.7957754531
 20
5.1059649777
 30
0.0
 11
7.7957754531
 21
5.1064294792
 31
0.0
  0
LINE
  5
44A
330
1F
100
AcDbEntity
  8
0
  6
Continuous
 62
     7
370
    25
100
AcDbLine
 10
7.80394853
 20
5.1082552385
 30
0.0
 11
7.80394853
 21
5.1087226064
 31
0.0
  0
LINE
  5
44B
330
1F
100
AcDbEntity
  8
0
  6
Continuous
 62
     7
370
    25
100
AcDbLine
 10
7.7933777826
 20
4.3541053318
 30
0.0
 11
7.81101103
 21
4.3541053318
 31
0.0
  0
SPLINE
  5
44C
330
1F
100
AcDbEntity
  8
0
  6
Continuous
 62
     7
370
    25
100
AcDbSpline
210
0.0
220
0.0
230
1.0
 70
     8
 71
     3
 72
    12
 73
     8
 74
     0
 42
0.00000001
 43
0.00000001
 40
0.0
 40
0.0
 40
0.0
 40
0.0
 40
0.2659824511925778
 40
0.383809132903268
 40
0.5000212038253783
 40
0.7278762528919145
 40
1.0
 40
1.0
 40
1.0
 40
1.0
 10
7.802376273890101
 20
4.36126887960488
 30
0.0
 10
7.80150079924276
 20
4.361241516332744
 30
0.0
 10
7.800237500992187
 20
4.361202031495663
 30
0.0
 10
7.79880412107808
 20
4.360912600674283
 30
0.0
 10
7.797720221755196
 20
4.360541983806881
 30
0.0
 10
7.796815338046077
 20
4.35989192088817
 30
0.0
 10
7.796715761844887
 20
4.359335155238032
 30
0.0
 10
7.796661565448562
 20
4.359032124077239
 30
0.0
  0
SPLINE
  5
44D
330
1F
100
AcDbEntity
  8
0
  6
Continuous
 62
     7
370
    25
100
AcDbSpline
210
0.0
220
0.0
230
1.0
 70
     8
 71
     3
 72
    13
 73
     9
 74
     0
 42
0.00000001
 43
0.00000001
 40
0.0
 40
0.0
 40
0.0
 40
0.0
 40
0.2621328964831335
 40
0.499655966028033
 40
0.621418319908702
 40
0.7408740825431321
 40
0.8649864356690428
 40
1.0
 40
1.0
 40
1.0
 40
1.0
 10
7.808007391024133
 20
4.359032124077239
 30
0.0
 10
7.807942412375271
 20
4.35931917442105
 30
0.0
 10
7.807818555469083
 20
4.359866325956623
 30
0.0
 10
7.806872155177416
 20
4.360498245383936
 30
0.0
 10
7.805803902533513
 20
4.360887625338519
 30
0.0
 10
7.80479841714574
 20
4.361104790665962
 30
0.0
 10
7.80363685802459
 20
4.361240066757256
 30
0.0
 10
7.80280809045505
 20
4.361259009684622
 30
0.0
 10
7.802376273890101
 20
4.36126887960488
 30
0.0
  0
LINE
  5
44E
330
1F
100
AcDbEntity
  8
0
  6
Continuous
 62
     7
370
    25
100
AcDbLine
 10
7.7707601211
 20
4.3541053318
 30
0.0
 11
7.7860607192
 21
4.3541053318
 31
0.0
  0
SPLINE
  5
44F
330
1F
100
AcDbEntity
  8
0
  6
Continuous
 62
     7
370
    25
100
AcDbSpline
210
0.0
220
0.0
230
1.0
 70
     8
 71
     3
 72
    13
 73
     9
 74
     0
 42
0.00000001
 43
0.00000001
 40
0.0
 40
0.0
 40
0.0
 40
0.0
 40
0.138836341163854
 40
0.2638474305683091
 40
0.3816966524582018
 40
0.500261103042187
 40
0.7265983173551607
 40
1.0
 40
1.0
 40
1.0
 40
1.0
 10
7.778564612179604
 20
4.360230556712362
 30
0.0
 10
7.778198193857078
 20
4.36022243447797
 30
0.0
 10
7.77750184496095
 20
4.360206998817127
 30
0.0
 10
7.776534185537952
 20
4.36009739849271
 30
0.0
 10
7.775717831085699
 20
4.359920190741355
 30
0.0
 10
7.77489113117635
 20
4.359604895661904
 30
0.0
 10
7.774232590603087
 20
4.359077137831202
 30
0.0
 10
7.774157723089314
 20
4.358632609845364
 30
0.0
 10
7.77411676389169
 20
4.358389413448105
 30
0.0
  0
SPLINE
  5
450
330
1F
100
AcDbEntity
  8
0
  6
Continuous
 62
     7
370
    25
100
AcDbSpline
210
0.0
220
0.0
230
1.0
 70
     8
 71
     3
 72
    13
 73
     9
 74
     0
 42
0.00000001
 43
0.00000001
 40
0.0
 40
0.0
 40
0.0
 40
0.0
 40
0.2636112037069571
 40
0.4999063073688808
 40
0.6245936234666937
 40
0.7444401388662902
 40
0.8671685895771425
 40
1.0
 40
1.0
 40
1.0
 40
1.0
 10
7.782948072568492
 20
4.358389413448105
 30
0.0
 10
7.782899358009099
 20
4.358619882875445
 30
0.0
 10
7.78280697682363
 20
4.359056939869848
 30
0.0
 10
7.782108652852067
 20
4.359571911389643
 30
0.0
 10
7.781291627397663
 20
4.359900062296949
 30
0.0
 10
7.780497390886362
 20
4.360087735677668
 30
0.0
 10
7.7795719081712
 20
4.360205079134191
 30
0.0
 10
7.778909111546803
 20
4.360221843275963
 30
0.0
 10
7.778564612179604
 20
4.360230556712362
 30
0.0
  0
LINE
  5
451
330
1F
100
AcDbEntity
  8
0
  6
Continuous
 62
     7
370
    25
100
AcDbLine
 10
7.7966615654
 20
4.358561791
 30
0.0
 11
7.7966615654
 21
4.3590321241
 31
0.0
  0
LINE
  5
452
330
1F
100
AcDbEntity
  8
0
  6
Continuous
 62
     7
370
    25
100
AcDbLine
 10
7.8023762739
 20
4.360801346
 30
0.0
 11
7.8023762739
 21
4.3612688796
 31
0.0
  0
SPLINE
  5
453
330
1F
100
AcDbEntity
  8
0
  6
Continuous
 62
     7
370
    25
100
AcDbSpline
210
0.0
220
0.0
230
1.0
 70
     8
 71
     3
 72
    12
 73
     8
 74
     0
 42
0.00000001
 43
0.00000001
 40
0.0
 40
0.0
 40
0.0
 40
0.0
 40
0.2658132224956272
 40
0.3835960602783445
 40
0.4997996050921598
 40
0.7277266442609557
 40
1.0
 40
1.0
 40
1.0
 40
1.0
 10
7.802376273890101
 20
4.360801345973171
 30
0.0
 10
7.801500741890292
 20
4.360773937736769
 30
0.0
 10
7.800237258371221
 20
4.360734384807818
 30
0.0
 10
7.798803977814988
 20
4.360444583514008
 30
0.0
 10
7.797720002814793
 20
4.360073443903891
 30
0.0
 10
7.796815304577733
 20
4.359422569256009
 30
0.0
 10
7.796715753786448
 20
4.358865188992518
 30
0.0
 10
7.796661565448562
 20
4.358561791001817
 30
0.0
  0
LINE
  5
454
330
1F
100
AcDbEntity
  8
0
  6
Continuous
 62
     7
370
    25
100
AcDbLine
 10
7.808007391
 20
4.358561791
 30
0.0
 11
7.808007391
 21
4.3590321241
 31
0.0
  0
SPLINE
  5
455
330
1F
100
AcDbEntity
  8
0
  6
Continuous
 62
     7
370
    25
100
AcDbSpline
210
0.0
220
0.0
230
1.0
 70
     8
 71
     3
 72
    13
 73
     9
 74
     0
 42
0.00000001
 43
0.00000001
 40
0.0
 40
0.0
 40
0.0
 40
0.0
 40
0.262272713275234
 40
0.4998654451871696
 40
0.6216212628418364
 40
0.7410358510591102
 40
0.8650776387234279
 40
1.0
 40
1.0
 40
1.0
 40
1.0
 10
7.808007391024133
 20
4.358561791001817
 30
0.0
 10
7.807942425028637
 20
4.358849188561971
 30
0.0
 10
7.807818606367312
 20
4.359396939441422
 30
0.0
 10
7.806872350572168
 20
4.360029659216868
 30
0.0
 10
7.805804038160652
 20
4.360419576439428
 30
0.0
 10
7.80479854099154
 20
4.360637032721403
 30
0.0
 10
7.803636922406724
 20
4.36077249428556
 30
0.0
 10
7.802808097956653
 20
4.360791463081226
 30
0.0
 10
7.802376273890101
 20
4.360801345973171
 30
0.0
  0
LINE
  5
456
330
1F
100
AcDbEntity
  8
0
  6
Continuous
 62
     7
370
    25
100
AcDbLine
 10
7.808007391
 20
4.3545874503
 30
0.0
 11
7.808007391
 21
4.358561791
 31
0.0
  0
LINE
  5
457
330
1F
100
AcDbEntity
  8
0
  6
Continuous
 62
     7
370
    25
100
AcDbLine
 10
7.7966615654
 20
4.3545874503
 30
0.0
 11
7.808007391
 21
4.3545874503
 31
0.0
  0
LINE
  5
458
330
1F
100
AcDbEntity
  8
0
  6
Continuous
 62
     7
370
    25
100
AcDbLine
 10
7.7966615654
 20
4.3545874503
 30
0.0
 11
7.7966615654
 21
4.358561791
 31
0.0
  0
LINE
  5
459
330
1F
100
AcDbEntity
  8
0
  6
Continuous
 62
     7
370
    25
100
AcDbLine
 10
7.7829480726
 20
4.357918276
 30
0.0
 11
7.7829480726
 21
4.3583894134
 31
0.0
  0
SPLINE
  5
45A
330
1F
100
AcDbEntity
  8
0
  6
Continuous
 62
     7
370
    25
100
AcDbSpline
210
0.0
220
0.0
230
1.0
 70
     8
 71
     3
 72
    13
 73
     9
 74
     0
 42
0.00000001
 43
0.00000001
 40
0.0
 40
0.0
 40
0.0
 40
0.0
 40
0.2637445141782409
 40
0.5001114104759695
 40
0.6247965816003068
 40
0.7446044383130873
 40
0.867262119131113
 40
1.0
 40
1.0
 40
1.0
 40
1.0
 10
7.782948072568492
 20
4.357918275978903
 30
0.0
 10
7.782899365076549
 20
4.358149025986623
 30
0.0
 10
7.782807006103427
 20
4.358586573331208
 30
0.0
 10
7.782108785387368
 20
4.35910218656076
 30
0.0
 10
7.7812917388632
 20
4.359430780770058
 30
0.0
 10
7.780497503081084
 20
4.359618704831602
 30
0.0
 10
7.779571970053171
 20
4.359736211121446
 30
0.0
 10
7.778909118822818
 20
4.359752998548082
 30
0.0
 10
7.778564612179604
 20
4.359761723552627
 30
0.0
  0
LINE
  5
45B
330
1F
100
AcDbEntity
  8
0
  6
Continuous
 62
     7
370
    25
100
AcDbLine
 10
7.7785646122
 20
4.3597617236
 30
0.0
 11
7.7785646122
 21
4.3602305567
 31
0.0
  0
LINE
  5
45C
330
1F
100
AcDbEntity
  8
0
  6
Continuous
 62
     7
370
    25
100
AcDbLine
 10
7.7741167639
 20
4.357918276
 30
0.0
 11
7.7741167639
 21
4.3583894134
 31
0.0
  0
SPLINE
  5
45D
330
1F
100
AcDbEntity
  8
0
  6
Continuous
 62
     7
370
    25
100
AcDbSpline
210
0.0
220
0.0
230
1.0
 70
     8
 71
     3
 72
    13
 73
     9
 74
     0
 42
0.00000001
 43
0.00000001
 40
0.0
 40
0.0
 40
0.0
 40
0.0
 40
0.138739447865923
 40
0.2636767669929625
 40
0.3814844565502763
 40
0.5000449383926224
 40
0.7264560857229662
 40
1.0
 40
1.0
 40
1.0
 40
1.0
 10
7.778564612179604
 20
4.359761723552627
 30
0.0
 10
7.778198187546404
 20
4.359753590680972
 30
0.0
 10
7.777501791070023
 20
4.359738134014988
 30
0.0
 10
7.776534077786752
 20
4.359628382561285
 30
0.0
 10
7.775717711100942
 20
4.359450935038425
 30
0.0
 10
7.774890984021568
 20
4.359135204706111
 30
0.0
 10
7.774232574171959
 20
4.358606800498772
 30
0.0
 10
7.774157719598635
 20
4.358161769116079
 30
0.0
 10
7.77411676389169
 20
4.357918275978903
 30
0.0
  0
LINE
  5
45E
330
1F
100
AcDbEntity
  8
0
  6
Continuous
 62
     7
370
    25
100
AcDbLine
 10
7.7829480726
 20
4.3546137572
 30
0.0
 11
7.7829480726
 21
4.357918276
 31
0.0
  0
LINE
  5
45F
330
1F
100
AcDbEntity
  8
0
  6
Continuous
 62
     7
370
    25
100
AcDbLine
 10
7.7741167639
 20
4.3546137572
 30
0.0
 11
7.7829480726
 21
4.3546137572
 31
0.0
  0
LINE
  5
460
330
1F
100
AcDbEntity
  8
0
  6
Continuous
 62
     7
370
    25
100
AcDbLine
 10
7.7741167639
 20
4.3546137572
 30
0.0
 11
7.7741167639
 21
4.357918276
 31
0.0
  0
LINE
  5
461
330
1F
100
AcDbEntity
  8
0
  6
Continuous
 62
     7
370
    25
100
AcDbLine
 10
7.8235428861
 20
4.3458771813
 30
0.0
 11
7.8235428861
 21
4.345390384
 31
0.0
  0
LINE
  5
462
330
1F
100
AcDbEntity
  8
0
  6
Continuous
 62
     7
370
    25
100
AcDbLine
 10
7.7568061672
 20
4.3489253288
 30
0.0
 11
7.7568061672
 21
4.3484423464
 31
0.0
  0
SPLINE
  5
463
330
1F
100
AcDbEntity
  8
0
  6
Continuous
 62
     7
370
    25
100
AcDbSpline
210
0.0
220
0.0
230
1.0
 70
     8
 71
     3
 72
    13
 73
     9
 74
     0
 42
0.00000001
 43
0.00000001
 40
0.0
 40
0.0
 40
0.0
 40
0.0
 40
0.2504048824893415
 40
0.3755874630796693
 40
0.5004726825568927
 40
0.6201642619630042
 40
0.7508250553356117
 40
0.9999999999999999
 40
0.9999999999999999
 40
0.9999999999999999
 40
0.9999999999999999
 10
7.760511030033038
 20
5.121783720289282
 30
0.0
 10
7.760572005476216
 20
5.122385116049924
 30
0.0
 10
7.760663463804766
 20
5.123287161991684
 30
0.0
 10
7.76175829078303
 20
5.124376003958781
 30
0.0
 10
7.763462891822629
 20
5.125090133552992
 30
0.0
 10
7.766147400766628
 20
5.125634718089059
 30
0.0
 10
7.770446040289121
 20
5.126152947464766
 30
0.0
 10
7.774215875770378
 20
5.126234713399424
 30
0.0
 10
7.776688914648422
 20
5.12628835243389
 30
0.0
  0
SPLINE
  5
464
330
1F
100
AcDbEntity
  8
0
  6
Continuous
 62
     7
370
    25
100
AcDbSpline
210
0.0
220
0.0
230
1.0
 70
     8
 71
     3
 72
    12
 73
     8
 74
     0
 42
0.00000001
 43
0.00000001
 40
0.0
 40
0.0
 40
0.0
 40
0.0
 40
0.2496817157135207
 40
0.3756093965351381
 40
0.5003264072697514
 40
0.7496831930528163
 40
1.0
 40
1.0
 40
1.0
 40
1.0
 10
7.776688914648422
 20
5.12628835243389
 30
0.0
 10
7.778788187205611
 20
5.126251553410897
 30
0.0
 10
7.781946233825549
 20
5.126196194696384
 30
0.0
 10
7.78566125409002
 20
5.125789883959893
 30
0.0
 10
7.788890659067842
 20
5.125237441887843
 30
0.0
 10
7.791636897685212
 20
5.124245789108974
 30
0.0
 10
7.792424276526132
 20
5.123287143287735
 30
0.0
 10
7.792818722340729
 20
5.122806899455647
 30
0.0
  0
LINE
  5
465
330
1F
100
AcDbEntity
  8
0
  6
Continuous
 62
     7
370
    25
100
AcDbLine
 10
7.7928187223
 20
5.1228068995
 30
0.0
 11
7.7957754531
 21
5.1238910092
 31
0.0
  0
LINE
  5
466
330
1F
100
AcDbEntity
  8
0
  6
Continuous
 62
     7
370
    25
100
AcDbLine
 10
7.7957754531
 20
5.1238910092
 30
0.0
 11
7.80394853
 21
5.1252762373
 31
0.0
  0
LINE
  5
467
330
1F
100
AcDbEntity
  8
0
  6
Continuous
 62
     7
370
    25
100
AcDbLine
 10
7.80394853
 20
5.1252762373
 30
0.0
 11
7.82051103
 21
5.1272388031
 31
0.0
  0
LINE
  5
468
330
1F
100
AcDbEntity
  8
0
  6
Continuous
 62
     7
370
    25
100
AcDbLine
 10
7.7935879531
 20
5.1170483635
 30
0.0
 11
7.82051103
 21
5.1170483635
 31
0.0
  0
LINE
  5
469
330
1F
100
AcDbEntity
  8
0
  6
Continuous
 62
     7
370
    25
100
AcDbLine
 10
7.767434107
 20
5.1170483635
 30
0.0
 11
7.7866648762
 21
5.1170483635
 31
0.0
  0
LINE
  5
46A
330
1F
100
AcDbEntity
  8
0
  6
Continuous
 62
     7
370
    25
100
AcDbLine
 10
7.7866648762
 20
5.1175267366
 30
0.0
 11
7.7866648762
 21
5.1218917505
 31
0.0
  0
LINE
  5
46B
330
1F
100
AcDbEntity
  8
0
  6
Continuous
 62
     7
370
    25
100
AcDbLine
 10
7.767434107
 20
5.1175267366
 30
0.0
 11
7.7866648762
 21
5.1175267366
 31
0.0
  0
LINE
  5
46C
330
1F
100
AcDbEntity
  8
0
  6
Continuous
 62
     7
370
    25
100
AcDbLine
 10
7.767434107
 20
5.1175267366
 30
0.0
 11
7.767434107
 21
5.1223455976
 31
0.0
  0
SPLINE
  5
46D
330
1F
100
AcDbEntity
  8
0
  6
Continuous
 62
     7
370
    25
100
AcDbSpline
210
0.0
220
0.0
230
1.0
 70
     8
 71
     3
 72
    13
 73
     9
 74
     0
 42
0.00000001
 43
0.00000001
 40
0.0
 40
0.0
 40
0.0
 40
0.0
 40
0.2494884266548226
 40
0.3751670306201417
 40
0.5000784440163016
 40
0.608620526001188
 40
0.727393089599985
 40
1.0
 40
1.0
 40
1.0
 40
1.0
 10
7.77686920310996
 20
5.125001701976339
 30
0.0
 10
7.775461585994982
 20
5.124970874462231
 30
0.0
 10
7.773344888477756
 20
5.124924517735051
 30
0.0
 10
7.770944818927243
 20
5.124590143930306
 30
0.0
 10
7.769507164021329
 20
5.12427008868114
 30
0.0
 10
7.768508501176755
 20
5.123876872116194
 30
0.0
 10
7.767611590385903
 20
5.123255327363962
 30
0.0
 10
7.767506974729579
 20
5.122719097127992
 30
0.0
 10
7.767434106956114
 20
5.12234559755123
 30
0.0
  0
SPLINE
  5
46E
330
1F
100
AcDbEntity
  8
0
  6
Continuous
 62
     7
370
    25
100
AcDbSpline
210
0.0
220
0.0
230
1.0
 70
     8
 71
     3
 72
    14
 73
    10
 74
     0
 42
0.00000001
 43
0.00000001
 40
0.0
 40
0.0
 40
0.0
 40
0.0
 40
0.2503234301810762
 40
0.3850833922312176
 40
0.5002612892150909
 40
0.6219823026264228
 40
0.7499595610185908
 40
0.8749872455482121
 40
1.0
 40
1.0
 40
1.0
 40
1.0
 10
7.786664876186884
 20
5.121891750475369
 30
0.0
 10
7.786628026931667
 20
5.122281857056039
 30
0.0
 10
7.786571340123764
 20
5.122881974932767
 30
0.0
 10
7.785912199491552
 20
5.123610577401754
 30
0.0
 10
7.784971818392094
 20
5.124109133210961
 30
0.0
 10
7.783465194226908
 20
5.124509842239669
 30
0.0
 10
7.781462329340165
 20
5.124790291011892
 30
0.0
 10
7.779216793252736
 20
5.124970307283919
 30
0.0
 10
7.777651702006679
 20
5.12499123749545
 30
0.0
 10
7.77686920310996
 20
5.125001701976339
 30
0.0
  0
LINE
  5
46F
330
1F
100
AcDbEntity
  8
0
  6
Continuous
 62
     7
370
    25
100
AcDbLine
 10
7.767434107
 20
5.1170483635
 30
0.0
 11
7.767434107
 21
5.1175267366
 31
0.0
  0
LINE
  5
470
330
1F
100
AcDbEntity
  8
0
  6
Continuous
 62
     7
370
    25
100
AcDbLine
 10
7.7866648762
 20
5.1170483635
 30
0.0
 11
7.7866648762
 21
5.1175267366
 31
0.0
  0
LINE
  5
471
330
1F
100
AcDbEntity
  8
0
  6
Continuous
 62
     7
370
    25
100
AcDbLine
 10
7.7935879531
 20
5.1170483635
 30
0.0
 11
7.7935879531
 21
5.1175267366
 31
0.0
  0
LINE
  5
472
330
1F
100
AcDbEntity
  8
0
  6
Continuous
 62
     7
370
    25
100
AcDbLine
 10
7.760286317
 20
4.3444456148
 30
0.0
 11
7.760286317
 21
4.3439570258
 31
0.0
  0
LINE
  5
473
330
1F
100
AcDbEntity
  8
0
  6
Continuous
 62
     7
370
    25
100
AcDbLine
 10
7.8004052388
 20
4.3489322368
 30
0.0
 11
7.8004052388
 21
4.3484492631
 31
0.0
  0
LINE
  5
474
330
1F
100
AcDbEntity
  8
0
  6
Continuous
 62
     7
370
    25
100
AcDbLine
 10
7.7766889146
 20
5.1262883524
 30
0.0
 11
7.7766889146
 21
5.12677829
 31
0.0
  0
LINE
  5
475
330
1F
100
AcDbEntity
  8
0
  6
Continuous
 62
     7
370
    25
100
AcDbLine
 10
7.7928187223
 20
5.1228068995
 30
0.0
 11
7.7928187223
 21
5.1232924797
 31
0.0
  0
LINE
  5
476
330
1F
100
AcDbEntity
  8
0
  6
Continuous
 62
     7
370
    25
100
AcDbLine
 10
7.7957754531
 20
5.1238910092
 30
0.0
 11
7.7957754531
 21
5.1243779463
 31
0.0
  0
LINE
  5
477
330
1F
100
AcDbEntity
  8
0
  6
Continuous
 62
     7
370
    25
100
AcDbLine
 10
7.80394853
 20
5.1252762373
 30
0.0
 11
7.80394853
 21
5.1257649081
 31
0.0
  0
LINE
  5
478
330
1F
100
AcDbEntity
  8
0
  6
Continuous
 62
     7
370
    25
100
AcDbLine
 10
7.8162958326
 20
4.3444663338
 30
0.0
 11
7.8162958326
 21
4.3439777707
 31
0.0
  0
LINE
  5
479
330
1F
100
AcDbEntity
  8
0
  6
Continuous
 62
     7
370
    25
100
AcDbLine
 10
7.7568293314
 20
4.3409002021
 30
0.0
 11
7.7568293314
 21
4.3404071757
 31
0.0
  0
LINE
  5
47A
330
1F
100
AcDbEntity
  8
0
  6
Continuous
 62
     7
370
    25
100
AcDbLine
 10
7.8128190817
 20
4.3409156347
 30
0.0
 11
7.8128190817
 21
4.3404226277
 31
0.0
  0
LINE
  5
47B
330
1F
100
AcDbEntity
  8
0
  6
Continuous
 62
     7
370
    25
100
AcDbLine
 10
7.7754898076
 20
4.3425670597
 30
0.0
 11
7.8007733541
 21
4.341087137
 31
0.0
  0
LINE
  5
47C
330
1F
100
AcDbEntity
  8
0
  6
Continuous
 62
     7
370
    25
100
AcDbLine
 10
7.7974025911
 20
4.3437247357
 30
0.0
 11
7.7821494367
 21
4.3427796001
 31
0.0
  0
LINE
  5
47D
330
1F
100
AcDbEntity
  8
0
  6
Continuous
 62
     7
370
    25
100
AcDbLine
 10
7.7974025911
 20
4.3413690626
 30
0.0
 11
7.7974025911
 21
4.3432352444
 31
0.0
  0
LINE
  5
47E
330
1F
100
AcDbEntity
  8
0
  6
Continuous
 62
     7
370
    25
100
AcDbLine
 10
7.7821494367
 20
4.342288926
 30
0.0
 11
7.7974025911
 21
4.3413690626
 31
0.0
  0
LINE
  5
47F
330
1F
100
AcDbEntity
  8
0
  6
Continuous
 62
     7
370
    25
100
AcDbLine
 10
7.7974025911
 20
4.3432352444
 30
0.0
 11
7.7821494367
 21
4.342288926
 31
0.0
  0
LINE
  5
480
330
1F
100
AcDbEntity
  8
0
  6
Continuous
 62
     7
370
    25
100
AcDbLine
 10
7.7821494367
 20
4.3427796001
 30
0.0
 11
7.7821494367
 21
4.342288926
 31
0.0
  0
LINE
  5
481
330
1F
100
AcDbEntity
  8
0
  6
Continuous
 62
     7
370
    25
100
AcDbLine
 10
7.7974025911
 20
4.3437247357
 30
0.0
 11
7.7974025911
 21
4.3432352444
 31
0.0
  0
LINE
  5
482
330
1F
100
AcDbEntity
  8
0
  6
Continuous
 62
     7
370
    25
100
AcDbLine
 10
7.8128187223
 20
5.1330566652
 30
0.0
 11
7.82051103
 21
5.1330566652
 31
0.0
  0
SPLINE
  5
483
330
1F
100
AcDbEntity
  8
0
  6
Continuous
 62
     7
370
    25
100
AcDbSpline
210
0.0
220
0.0
230
1.0
 70
     8
 71
     3
 72
    13
 73
     9
 74
     0
 42
0.00000001
 43
0.00000001
 40
0.0
 40
0.0
 40
0.0
 40
0.0
 40
0.2497529494724597
 40
0.3773484322604058
 40
0.5001138157923755
 40
0.6248388471650913
 40
0.7503262300002597
 40
1.0
 40
1.0
 40
1.0
 40
1.0
 10
7.767434106956114
 20
5.131044426131606
 30
0.0
 10
7.767529775618923
 20
5.130850399845559
 30
0.0
 10
7.767674320137832
 20
5.130557248092948
 30
0.0
 10
7.768876164779621
 20
5.130171036561823
 30
0.0
 10
7.770177405736316
 20
5.129907915299148
 30
0.0
 10
7.771851245426664
 20
5.129690877690451
 30
0.0
 10
7.774493307908563
 20
5.129478964566796
 30
0.0
 10
7.776720870761167
 20
5.129450479159724
 30
0.0
 10
7.778203337725345
 20
5.129431521815873
 30
0.0
  0
SPLINE
  5
484
330
1F
100
AcDbEntity
  8
0
  6
Continuous
 62
     7
370
    25
100
AcDbSpline
210
0.0
220
0.0
230
1.0
 70
     8
 71
     3
 72
    14
 73
    10
 74
     0
 42
0.00000001
 43
0.00000001
 40
0.0
 40
0.0
 40
0.0
 40
0.0
 40
0.2495241513816057
 40
0.3762365963522814
 40
0.4995840395895943
 40
0.6258938696273496
 40
0.7497733489610439
 40
0.8757644985518585
 40
1.0
 40
1.0
 40
1.0
 40
1.0
 10
7.760511030033038
 20
5.131065894804043
 30
0.0
 10
7.760659032618652
 20
5.131351152125124
 30
0.0
 10
7.760882193337785
 20
5.131781267779155
 30
0.0
 10
7.762684024632546
 20
5.132235884479175
 30
0.0
 10
7.764696478137559
 20
5.132519086650047
 30
0.0
 10
7.767247940788322
 20
5.132736739639665
 30
0.0
 10
7.770257052055704
 20
5.132892645967039
 30
0.0
 10
7.773600750070956
 20
5.132980191384824
 30
0.0
 10
7.775921364034036
 20
5.132989873228784
 30
0.0
 10
7.777073530033038
 20
5.132994680185734
 30
0.0
  0
SPLINE
  5
485
330
1F
100
AcDbEntity
  8
0
  6
Continuous
 62
     7
370
    25
100
AcDbSpline
210
0.0
220
0.0
230
1.0
 70
     8
 71
     3
 72
    10
 73
     6
 74
     0
 42
0.00000001
 43
0.00000001
 40
0.0
 40
0.0
 40
0.0
 40
0.0
 40
0.2492407077877029
 40
0.4992283203082293
 40
1.0
 40
1.0
 40
1.0
 40
1.0
 10
7.777073530033038
 20
5.132994680185734
 30
0.0
 10
7.779635099676854
 20
5.132969057294599
 30
0.0
 10
7.784765915272692
 20
5.132917734727685
 30
0.0
 10
7.79338627618366
 20
5.132403540096614
 30
0.0
 10
7.798366802528778
 20
5.131737352720101
 30
0.0
 10
7.801688914648422
 20
5.13129299222402
 30
0.0
  0
LINE
  5
486
330
1F
100
AcDbEntity
  8
0
  6
Continuous
 62
     7
370
    25
100
AcDbLine
 10
7.8016889146
 20
5.1312929922
 30
0.0
 11
7.8128187223
 21
5.1296501417
 31
0.0
  0
LINE
  5
487
330
1F
100
AcDbEntity
  8
0
  6
Continuous
 62
     7
370
    25
100
AcDbLine
 10
7.823474268
 20
4.3401457407
 30
0.0
 11
7.823474268
 21
4.3396517701
 31
0.0
  0
LINE
  5
488
330
1F
100
AcDbEntity
  8
0
  6
Continuous
 62
     7
370
    25
100
AcDbLine
 10
7.8067155573
 20
4.3382117775
 30
0.0
 11
7.8067155573
 21
4.3377153864
 31
0.0
  0
LINE
  5
489
330
1F
100
AcDbEntity
  8
0
  6
Continuous
 62
     7
370
    25
100
AcDbLine
 10
7.767434107
 20
5.1315403162
 30
0.0
 11
7.767434107
 21
5.1310444261
 31
0.0
  0
LINE
  5
48A
330
1F
100
AcDbEntity
  8
0
  6
Continuous
 62
     7
370
    25
100
AcDbLine
 10
7.8235101149
 20
4.3353455697
 30
0.0
 11
7.8235101149
 21
4.3348455914
 31
0.0
  0
LINE
  5
48B
330
1F
100
AcDbEntity
  8
0
  6
Continuous
 62
     7
370
    25
100
AcDbLine
 10
7.8016889146
 20
5.1317891934
 30
0.0
 11
7.8016889146
 21
5.1312929922
 31
0.0
  0
LINE
  5
48C
330
1F
100
AcDbEntity
  8
0
  6
Continuous
 62
     7
370
    25
100
AcDbLine
 10
7.8128187223
 20
5.1301442867
 30
0.0
 11
7.8128187223
 21
5.1296501417
 31
0.0
  0
LINE
  5
48D
330
1F
100
AcDbEntity
  8
0
  6
Continuous
 62
     7
370
    25
100
AcDbLine
 10
7.77707353
 20
5.1334930111
 30
0.0
 11
7.77707353
 21
5.1329946802
 31
0.0
  0
LINE
  5
48E
330
1F
100
AcDbEntity
  8
0
  6
Continuous
 62
     7
370
    25
100
AcDbLine
 10
7.8068793271
 20
4.3360547622
 30
0.0
 11
7.8068793271
 21
4.3355556715
 31
0.0
  0
LINE
  5
48F
330
1F
100
AcDbEntity
  8
0
  6
Continuous
 62
     7
370
    25
100
AcDbLine
 10
7.7568703461
 20
4.3353282513
 30
0.0
 11
7.7568703461
 21
4.3348282513
 31
0.0
  0
LINE
  5
490
330
1F
100
AcDbEntity
  8
0
  6
Continuous
 62
     7
370
    25
100
AcDbLine
 10
7.7603264546
 20
4.3355366272
 30
0.0
 11
7.7603264546
 21
4.33533652
 31
0.0
  0
SPLINE
  5
491
330
1F
100
AcDbEntity
  8
0
  6
Continuous
 62
     7
370
    25
100
AcDbSpline
210
0.0
220
0.0
230
1.0
 70
     8
 71
     3
 72
    10
 73
     6
 74
     0
 42
0.00000001
 43
0.00000001
 40
0.0
 40
0.0
 40
0.0
 40
0.0
 40
0.2494160731631745
 40
0.4995689914936088
 40
1.0
 40
1.0
 40
1.0
 40
1.0
 10
7.771544683879192
 20
5.134639286749842
 30
0.0
 10
7.773037757677726
 20
5.134615582064415
 30
0.0
 10
7.77602831623436
 20
5.134568102663258
 30
0.0
 10
7.782622057343912
 20
5.134525764541969
 30
0.0
 10
7.78758604462334
 20
5.134520779461425
 30
0.0
 10
7.790895645417653
 20
5.134517455797281
 30
0.0
  0
SPLINE
  5
492
330
1F
100
AcDbEntity
  8
0
  6
Continuous
 62
     7
370
    25
100
AcDbSpline
210
0.0
220
0.0
230
1.0
 70
     8
 71
     3
 72
    12
 73
     8
 74
     0
 42
0.00000001
 43
0.00000001
 40
0.0
 40
0.0
 40
0.0
 40
0.0
 40
0.5004787011776037
 40
0.6256562070231491
 40
0.7505878888278104
 40
0.8753281206205793
 40
1.0
 40
1.0
 40
1.0
 40
1.0
 10
7.790895645417653
 20
5.134517455797281
 30
0.0
 10
7.795794578616221
 20
5.134520853922148
 30
0.0
 10
7.801918811188483
 20
5.134525101970886
 30
0.0
 10
7.808934958296815
 20
5.134608654447399
 30
0.0
 10
7.811790756081135
 20
5.134680764400685
 30
0.0
 10
7.81398164783297
 20
5.134756603101534
 30
0.0
 10
7.814232028069696
 20
5.134789455560656
 30
0.0
 10
7.814357183879191
 20
5.134805877288541
 30
0.0
  0
SPLINE
  5
493
330
1F
100
AcDbEntity
  8
0
  6
Continuous
 62
     7
370
    25
100
AcDbSpline
210
0.0
220
0.0
230
1.0
 70
     8
 71
     3
 72
    11
 73
     7
 74
     0
 42
0.00000001
 43
0.00000001
 40
0.0
 40
0.0
 40
0.0
 40
0.0
 40
0.249977037643501
 40
0.4998309935750619
 40
0.7498139437786263
 40
1.0
 40
1.0
 40
1.0
 40
1.0
 10
7.767434106956114
 20
5.134804978571989
 30
0.0
 10
7.76747724640652
 20
5.134795236503911
 30
0.0
 10
7.767563504066674
 20
5.134775757164476
 30
0.0
 10
7.768408329180518
 20
5.1347317749552
 30
0.0
 10
7.769743187586911
 20
5.134683860341716
 30
0.0
 10
7.770944022572165
 20
5.134654148635525
 30
0.0
 10
7.771544683879192
 20
5.134639286749842
 30
0.0
  0
SPLINE
  5
494
330
1F
100
AcDbEntity
  8
0
  6
Continuous
 62
     7
370
    25
100
AcDbSpline
210
0.0
220
0.0
230
1.0
 70
     8
 71
     3
 72
     9
 73
     5
 74
     0
 42
0.00000001
 43
0.00000001
 40
0.0
 40
0.0
 40
0.0
 40
0.0
 40
0.1918856287920573
 40
1.0
 40
1.0
 40
1.0
 40
1.0
 10
7.768547883668563
 20
5.13482612296173
 30
0.0
 10
7.768381998815666
 20
5.134826830032338
 30
0.0
 10
7.767517500239398
 20
5.134830514886766
 30
0.0
 10
7.767471378553397
 20
5.134816391712267
 30
0.0
 10
7.767434106956114
 20
5.134804978571989
 30
0.0
  0
SPLINE
  5
495
330
1F
100
AcDbEntity
  8
0
  6
Continuous
 62
     7
370
    25
100
AcDbSpline
210
0.0
220
0.0
230
1.0
 70
     8
 71
     3
 72
     9
 73
     5
 74
     0
 42
0.00000001
 43
0.00000001
 40
0.0
 40
0.0
 40
0.0
 40
0.0
 40
0.8203459521034142
 40
1.0
 40
1.0
 40
1.0
 40
1.0
 10
7.814357183879191
 20
5.134805877288541
 30
0.0
 10
7.814304896270625
 20
5.134817022984411
 30
0.0
 10
7.814241157785133
 20
5.134830609564366
 30
0.0
 10
7.813387024062858
 20
5.134826933713583
 30
0.0
 10
7.813233575482206
 20
5.134826273332111
 30
0.0
  0
LINE
  5
496
330
1F
100
AcDbEntity
  8
0
  6
Continuous
 62
     7
370
    25
100
AcDbLine
 10
7.8235979748
 20
4.3353282513
 30
0.0
 11
7.8235979748
 21
4.3348282513
 31
0.0
  0
INSERT
  5
497
330
1F
100
AcDbEntity
  8
0
  6
Continuous
 62
     8
420
  8421504
370
     0
100
AcDbBlockReference
  2
SW_SYMBOL_C#_2
 10
8.4218598396
 20
5.2471669981
 30
0.0
 41
0.0044707031
 42
0.0044707031
 43
0.0044707031
  0
LEADER
  5
499
330
1F
100
AcDbEntity
  8
0
  6
Continuous
 62
     8
420
  8421504
370
     0
100
AcDbLeader
  3
SLDDIMSTYLE0
 76
     3
 10
7.8131673134
 20
4.7996149626
 30
0.0
 10
8.1492051789
 20
5.3334747667
 30
0.0
 10
8.3992051789
 20
5.3334747667
 30
0.0
  0
INSERT
  5
49A
330
1F
100
AcDbEntity
  8
0
  6
Continuous
 62
     8
420
  8421504
370
     0
100
AcDbBlockReference
  2
SW_SYMBOL_C#_3
 10
8.1835940031
 20
5.7534341046
 30
0.0
 41
0.0044707031
 42
0.0044707031
 43
0.0044707031
  0
LEADER
  5
49B
330
1F
100
AcDbEntity
  8
0
  6
Continuous
 62
     8
420
  8421504
370
     0
100
AcDbLeader
  3
SLDDIMSTYLE0
 76
     3
 10
7.4583022117
 20
5.2014766371
 30
0.0
 10
7.9127064726
 20
5.8435700154
 30
0.0
 10
8.1627064726
 20
5.8435700154
 30
0.0
  0
INSERT
  5
4A3
102
{ACAD_REACTORS
330
4A4
102
}
330
1F
100
AcDbEntity
  8
0
  6
Continuous
 62
     8
420
  8421504
370
     0
100
AcDbBlockReference
  2
SW_NOTE_0_5
 10
8.5244103763
 20
4.007470533
 30
0.0
  0
LEADER
  5
4A4
330
1F
100
AcDbEntity
  8
0
  6
Continuous
 62
     8
420
  8421504
370
     0
100
AcDbLeader
  3
SLDDIMSTYLE0
 73
     2
 76
     3
 10
7.986948724
 20
4.4673282513
 30
0.0
 10
8.2744103763
 20
4.007470533
 30
0.0
 10
8.5244103763
 20
4.007470533
 30
0.0
340
4A3
  0
LINE
  5
4A5
330
1F
100
AcDbEntity
  8
0
  6
Continuous
 62
     7
370
    25
100
AcDbLine
 10
4.7876522136
 20
5.2288689295
 30
0.0
 11
4.2090244593
 21
5.2288689295
 31
0.0
  0
LINE
  5
4A6
330
1F
100
AcDbEntity
  8
0
  6
Continuous
 62
     7
370
    25
100
AcDbLine
 10
4.2090244593
 20
5.2288689295
 30
0.0
 11
4.2170612947
 21
5.2427883543
 31
0.0
  0
LINE
  5
4A7
330
1F
100
AcDbEntity
  8
0
  6
Continuous
 62
     7
370
    25
100
AcDbLine
 10
4.2170612947
 20
5.2427883543
 30
0.0
 11
4.7796160557
 21
5.2427883543
 31
0.0
  0
LINE
  5
4A8
330
1F
100
AcDbEntity
  8
0
  6
Continuous
 62
     7
370
    25
100
AcDbLine
 10
4.7876522136
 20
5.2288689295
 30
0.0
 11
4.7796160557
 21
5.2427883543
 31
0.0
  0
LINE
  5
4A9
330
1F
100
AcDbEntity
  8
0
  6
Continuous
 62
     7
370
    25
100
AcDbLine
 10
4.2090244593
 20
5.2288689295
 30
0.0
 11
4.1166125398
 21
5.3889490621
 31
0.0
  0
LINE
  5
4AA
330
1F
100
AcDbEntity
  8
0
  6
Continuous
 62
     7
370
    25
100
AcDbLine
 10
4.1166125398
 20
5.3889490621
 30
0.0
 11
4.1286672846
 21
5.3959084811
 31
0.0
  0
LINE
  5
4AB
330
1F
100
AcDbEntity
  8
0
  6
Continuous
 62
     7
370
    25
100
AcDbLine
 10
4.1286672846
 20
5.3959084811
 30
0.0
 11
4.2170612947
 21
5.2427883543
 31
0.0
  0
LWPOLYLINE
  5
4AC
330
1F
100
AcDbEntity
  8
0
  6
Continuous
 62
     7
370
    25
100
AcDbPolyline
 90
        3
 70
   128
 43
0.0
 10
4.7876281636
 20
4.2405897677
 10
4.5023565858
 20
4.734750177
 10
4.7876522136
 20
5.2288689295
  0
LINE
  5
4AD
330
1F
100
AcDbEntity
  8
0
  6
Continuous
 62
     7
370
    25
100
AcDbLine
 10
3.8313091211
 20
4.5746835389
 30
0.0
 11
3.8393456177
 21
4.5746835389
 31
0.0
  0
LINE
  5
4AE
330
1F
100
AcDbEntity
  8
0
  6
Continuous
 62
     7
370
    25
100
AcDbLine
 10
4.2090244593
 20
5.2288689295
 30
0.0
 11
3.8313091211
 21
4.5746835389
 31
0.0
  0
LINE
  5
4AF
330
1F
100
AcDbEntity
  8
0
  6
Continuous
 62
     7
370
    25
100
AcDbLine
 10
3.7388972015
 20
4.7347636715
 30
0.0
 11
3.8313091211
 21
4.5746835389
 31
0.0
  0
LINE
  5
4B0
330
1F
100
AcDbEntity
  8
0
  6
Continuous
 62
     7
370
    25
100
AcDbLine
 10
4.1166125398
 20
5.3889490621
 30
0.0
 11
3.7388972015
 21
4.7347636715
 31
0.0
  0
LINE
  5
4B1
330
1F
100
AcDbEntity
  8
0
  6
Continuous
 62
     7
370
    25
100
AcDbLine
 10
4.6912220457
 20
5.3959084811
 30
0.0
 11
4.1286672846
 21
5.3959084811
 31
0.0
  0
LINE
  5
4B2
330
1F
100
AcDbEntity
  8
0
  6
Continuous
 62
     7
370
    25
100
AcDbLine
 10
4.7796160557
 20
5.2427883543
 30
0.0
 11
4.6912220457
 21
5.3959084811
 31
0.0
  0
LINE
  5
4B3
330
1F
100
AcDbEntity
  8
0
  6
Continuous
 62
     7
370
    25
100
AcDbLine
 10
4.1166125398
 20
5.3889490621
 30
0.0
 11
4.1206311268
 21
5.3959090678
 31
0.0
  0
LINE
  5
4B4
330
1F
100
AcDbEntity
  8
0
  6
Continuous
 62
     7
370
    25
100
AcDbLine
 10
4.1286672846
 20
5.3959084811
 30
0.0
 11
4.1206311268
 21
5.3959090678
 31
0.0
  0
LINE
  5
4B5
330
1F
100
AcDbEntity
  8
0
  6
Continuous
 62
     7
370
    25
100
AcDbLine
 10
4.1206311268
 20
5.3959090678
 30
0.0
 11
4.6831858879
 21
5.3959090678
 31
0.0
  0
LINE
  5
4B6
330
1F
100
AcDbEntity
  8
0
  6
Continuous
 62
     7
370
    25
100
AcDbLine
 10
4.6912220457
 20
5.3959084811
 30
0.0
 11
4.6831858879
 21
5.3959090678
 31
0.0
  0
LINE
  5
4B7
330
1F
100
AcDbEntity
  8
0
  6
Continuous
 62
     7
370
    25
100
AcDbLine
 10
4.695240294
 20
5.3889490621
 30
0.0
 11
4.7876522136
 21
5.2288689295
 31
0.0
  0
LINE
  5
4B8
330
1F
100
AcDbEntity
  8
0
  6
Continuous
 62
     7
370
    25
100
AcDbLine
 10
4.6912220457
 20
5.3959084811
 30
0.0
 11
4.695240294
 21
5.3889490621
 31
0.0
  0
LINE
  5
4B9
330
1F
100
AcDbEntity
  8
0
  6
Continuous
 62
     7
370
    25
100
AcDbLine
 10
5.0769420397
 20
4.7416679391
 30
0.0
 11
5.2617814612
 21
4.7416679391
 31
0.0
  0
LINE
  5
4BA
330
1F
100
AcDbEntity
  8
0
  6
Continuous
 62
     7
370
    25
100
AcDbLine
 10
5.2617814612
 20
4.7416679391
 30
0.0
 11
5.2617811225
 21
4.7277485143
 31
0.0
  0
LINE
  5
4BB
330
1F
100
AcDbEntity
  8
0
  6
Continuous
 62
     7
370
    25
100
AcDbLine
 10
5.2617811225
 20
4.7277485143
 30
0.0
 11
5.0849781976
 21
4.7277485143
 31
0.0
  0
LINE
  5
4BC
330
1F
100
AcDbEntity
  8
0
  6
Continuous
 62
     7
370
    25
100
AcDbLine
 10
5.0769420397
 20
4.7416679391
 30
0.0
 11
5.0849781976
 21
4.7277485143
 31
0.0
  0
LINE
  5
4BD
330
1F
100
AcDbEntity
  8
0
  6
Continuous
 62
     7
370
    25
100
AcDbLine
 10
4.7876281636
 20
4.2405897677
 30
0.0
 11
5.0769420397
 21
4.7416679391
 31
0.0
  0
LINE
  5
4BE
330
1F
100
AcDbEntity
  8
0
  6
Continuous
 62
     7
370
    25
100
AcDbLine
 10
5.0849781976
 20
4.7277485143
 30
0.0
 11
4.803700818
 21
4.2405891809
 31
0.0
  0
LINE
  5
4BF
330
1F
100
AcDbEntity
  8
0
  6
Continuous
 62
     7
370
    25
100
AcDbLine
 10
4.7876281636
 20
4.2405897677
 30
0.0
 11
4.803700818
 21
4.2405891809
 31
0.0
  0
LINE
  5
4C0
330
1F
100
AcDbEntity
  8
0
  6
Continuous
 62
     7
370
    25
100
AcDbLine
 10
4.6992585423
 20
5.3959084811
 30
0.0
 11
4.695240294
 21
5.3889490621
 31
0.0
  0
LINE
  5
4C1
330
1F
100
AcDbEntity
  8
0
  6
Continuous
 62
     7
370
    25
100
AcDbLine
 10
5.0769420397
 20
4.7416679391
 30
0.0
 11
4.6992585423
 21
5.3959084811
 31
0.0
  0
LINE
  5
4C2
330
1F
100
AcDbEntity
  8
0
  6
Continuous
 62
     7
370
    25
100
AcDbLine
 10
4.8840979638
 20
5.3959084811
 30
0.0
 11
4.6992585423
 21
5.3959084811
 31
0.0
  0
LINE
  5
4C3
330
1F
100
AcDbEntity
  8
0
  6
Continuous
 62
     7
370
    25
100
AcDbLine
 10
5.2617814612
 20
4.7416679391
 30
0.0
 11
4.8840979638
 21
5.3959084811
 31
0.0
  0
LINE
  5
4C4
330
1F
100
AcDbEntity
  8
0
  6
Continuous
 62
     7
370
    25
100
AcDbLine
 10
4.980503743
 20
4.2405891809
 30
0.0
 11
5.2617811225
 21
4.7277485143
 31
0.0
  0
LINE
  5
4C5
330
1F
100
AcDbEntity
  8
0
  6
Continuous
 62
     7
370
    25
100
AcDbLine
 10
4.803700818
 20
4.2405891809
 30
0.0
 11
4.980503743
 21
4.2405891809
 31
0.0
  0
LINE
  5
4C6
330
1F
100
AcDbEntity
  8
0
  6
Continuous
 62
     7
370
    25
100
AcDbLine
 10
5.2617814612
 20
4.7416679391
 30
0.0
 11
5.2657997095
 21
4.7347085201
 31
0.0
  0
LINE
  5
4C7
330
1F
100
AcDbEntity
  8
0
  6
Continuous
 62
     7
370
    25
100
AcDbLine
 10
5.2617811225
 20
4.7277485143
 30
0.0
 11
5.2657997095
 21
4.7347085201
 31
0.0
  0
LINE
  5
4C8
330
1F
100
AcDbEntity
  8
0
  6
Continuous
 62
     7
370
    25
100
AcDbLine
 10
4.8840979638
 20
5.3959084811
 30
0.0
 11
4.8881162121
 21
5.3889490621
 31
0.0
  0
LINE
  5
4C9
330
1F
100
AcDbEntity
  8
0
  6
Continuous
 62
     7
370
    25
100
AcDbLine
 10
4.8881162121
 20
5.3889490621
 30
0.0
 11
5.2657997095
 21
4.7347085201
 31
0.0
  0
LINE
  5
4CA
330
1F
100
AcDbEntity
  8
0
  6
Continuous
 62
     7
370
    25
100
AcDbLine
 10
4.699258881
 20
5.3959090678
 30
0.0
 11
4.8760618059
 21
5.3959090678
 31
0.0
  0
LINE
  5
4CB
330
1F
100
AcDbEntity
  8
0
  6
Continuous
 62
     7
370
    25
100
AcDbLine
 10
4.8840979638
 20
5.3959084811
 30
0.0
 11
4.8760618059
 21
5.3959090678
 31
0.0
  0
LINE
  5
4CC
330
1F
100
AcDbEntity
  8
0
  6
Continuous
 62
     7
370
    25
100
AcDbLine
 10
4.699258881
 20
5.3959090678
 30
0.0
 11
4.6992585423
 21
5.3959084811
 31
0.0
  0
LINE
  5
4CD
330
1F
100
AcDbEntity
  8
0
  6
Continuous
 62
     7
370
    25
100
AcDbLine
 10
4.2210548155
 20
4.2336297619
 30
0.0
 11
4.1286351051
 21
4.0735631238
 31
0.0
  0
LINE
  5
4CE
330
1F
100
AcDbEntity
  8
0
  6
Continuous
 62
     7
370
    25
100
AcDbLine
 10
4.1286351051
 20
4.0735631238
 30
0.0
 11
4.116580699
 21
4.0805231295
 31
0.0
  0
LINE
  5
4CF
330
1F
100
AcDbEntity
  8
0
  6
Continuous
 62
     7
370
    25
100
AcDbLine
 10
4.116580699
 20
4.0805231295
 30
0.0
 11
4.2049821611
 21
4.2336303486
 31
0.0
  0
LINE
  5
4D0
330
1F
100
AcDbEntity
  8
0
  6
Continuous
 62
     7
370
    25
100
AcDbLine
 10
4.2210548155
 20
4.2336297619
 30
0.0
 11
4.2049821611
 21
4.2336303486
 31
0.0
  0
LINE
  5
4D1
330
1F
100
AcDbEntity
  8
0
  6
Continuous
 62
     7
370
    25
100
AcDbLine
 10
3.9317653281
 20
4.734750177
 30
0.0
 11
4.2210548155
 21
4.2336297619
 31
0.0
  0
LINE
  5
4D2
330
1F
100
AcDbEntity
  8
0
  6
Continuous
 62
     7
370
    25
100
AcDbLine
 10
4.2049821611
 20
4.2336303486
 30
0.0
 11
3.9237284928
 21
4.7208307522
 31
0.0
  0
LINE
  5
4D3
330
1F
100
AcDbEntity
  8
0
  6
Continuous
 62
     7
370
    25
100
AcDbLine
 10
3.9317653281
 20
4.734750177
 30
0.0
 11
3.9237284928
 21
4.7208307522
 31
0.0
  0
LINE
  5
4D4
330
1F
100
AcDbEntity
  8
0
  6
Continuous
 62
     7
370
    25
100
AcDbLine
 10
4.5023565858
 20
4.734750177
 30
0.0
 11
3.9317653281
 21
4.734750177
 31
0.0
  0
LINE
  5
4D5
330
1F
100
AcDbEntity
  8
0
  6
Continuous
 62
     7
370
    25
100
AcDbLine
 10
4.9764854947
 20
4.2336297619
 30
0.0
 11
4.9724679238
 21
4.2405891809
 31
0.0
  0
LINE
  5
4D6
330
1F
100
AcDbEntity
  8
0
  6
Continuous
 62
     7
370
    25
100
AcDbLine
 10
4.2210548155
 20
4.2336297619
 30
0.0
 11
4.9764854947
 21
4.2336297619
 31
0.0
  0
LINE
  5
4D7
330
1F
100
AcDbEntity
  8
0
  6
Continuous
 62
     7
370
    25
100
AcDbLine
 10
4.8840657843
 20
4.0735631238
 30
0.0
 11
4.9764854947
 21
4.2336297619
 31
0.0
  0
LINE
  5
4D8
330
1F
100
AcDbEntity
  8
0
  6
Continuous
 62
     7
370
    25
100
AcDbLine
 10
4.1286351051
 20
4.0735631238
 30
0.0
 11
4.8840657843
 21
4.0735631238
 31
0.0
  0
LINE
  5
4D9
330
1F
100
AcDbEntity
  8
0
  6
Continuous
 62
     7
370
    25
100
AcDbLine
 10
3.8353270307
 20
4.5677235331
 30
0.0
 11
4.116580699
 21
4.0805231295
 31
0.0
  0
LINE
  5
4DA
330
1F
100
AcDbEntity
  8
0
  6
Continuous
 62
     7
370
    25
100
AcDbLine
 10
3.9237284928
 20
4.7208307522
 30
0.0
 11
3.8353270307
 21
4.5677235331
 31
0.0
  0
LINE
  5
4DB
330
1F
100
AcDbEntity
  8
0
  6
Continuous
 62
     7
370
    25
100
AcDbLine
 10
4.1286351051
 20
4.0735631238
 30
0.0
 11
4.1205989473
 21
4.0735637105
 31
0.0
  0
LINE
  5
4DC
330
1F
100
AcDbEntity
  8
0
  6
Continuous
 62
     7
370
    25
100
AcDbLine
 10
4.116580699
 20
4.0805231295
 30
0.0
 11
4.1205989473
 21
4.0735637105
 31
0.0
  0
LINE
  5
4DD
330
1F
100
AcDbEntity
  8
0
  6
Continuous
 62
     7
370
    25
100
AcDbLine
 10
4.9724686013
 20
4.2405891809
 30
0.0
 11
4.9764858334
 21
4.2336303486
 31
0.0
  0
LINE
  5
4DE
330
1F
100
AcDbEntity
  8
0
  6
Continuous
 62
     7
370
    25
100
AcDbLine
 10
4.9764858334
 20
4.2336303486
 30
0.0
 11
4.9764854947
 21
4.2336297619
 31
0.0
  0
LINE
  5
4DF
330
1F
100
AcDbEntity
  8
0
  6
CENTERX2
 62
     7
370
    18
100
AcDbLine
 10
4.5023849486
 20
4.7348282513
 30
0.0
 11
4.9756519988
 21
4.7348282513
 31
0.0
  0
CIRCLE
  5
4E0
330
1F
100
AcDbEntity
  8
0
  6
CENTERX2
 62
     7
370
    18
100
AcDbCircle
 10
4.5023849486
 20
4.7348282513
 30
0.0
 40
0.4500000000000001
  0
CIRCLE
  5
4E1
330
1F
100
AcDbEntity
  8
0
  6
Continuous
 62
     7
370
    18
100
AcDbCircle
 10
4.7390184737
 20
4.7348282513
 30
0.0
 40
0.2050000000000002
  0
DIMENSION
  5
4E2
330
1F
100
AcDbEntity
  8
0
  6
Continuous
 62
     8
420
  8421504
370
    18
100
AcDbDimension
280
     0
  2
_D
 10
4.6365184737
 20
4.9123634591
 30
0.0
 11
5.8761243253
 21
4.0890079406
 31
0.0
 70
   163
  1
<>\PSINGLE LEG\PCLEAR APERTURE
 71
     1
 42
-1.0
 73
     0
 74
     0
 75
     0
  3
SLDDIMSTYLE1
100
AcDbDiametricDimension
 15
4.8415184737
 25
4.5572930436
 35
0.0
 40
0.0
  0
DIMENSION
  5
4F5
330
1F
100
AcDbEntity
  8
0
  6
Continuous
 62
     8
420
  8421504
370
    18
100
AcDbDimension
280
     0
  2
_D_1
 10
4.3859163783
 20
5.1694948732
 30
0.0
 11
5.6078771907
 21
3.3989834881
 31
0.0
 70
   163
  1
<>\PCLEAR APERTURE
 71
     1
 42
-1.0
 73
     0
 74
     0
 75
     0
  3
SLDDIMSTYLE2
100
AcDbDiametricDimension
 15
4.6188535189
 25
4.3001616295
 35
0.0
 40
0.0
  0
DIMENSION
  5
507
330
1F
100
AcDbEntity
  8
0
  6
Continuous
 62
     8
420
  8421504
370
    18
100
AcDbDimension
280
     0
  2
_D_2
 10
5.2618076867
 20
5.8193435327
 30
0.0
 11
4.4731057022
 21
5.8193627259
 31
0.0
 70
   160
  1
<>
 71
     2
 42
-1.0
 73
     0
 74
     0
 75
     0
  3
SLDDIMSTYLE3
100
AcDbAlignedDimension
 13
3.7388972015
 23
4.7347636715
 33
0.0
 14
5.2617814612
 24
4.7416679391
 34
0.0
 50
-0.0013943034
100
AcDbRotatedDimension
  0
LINE
  5
51C
330
1F
100
AcDbEntity
  8
0
  6
Continuous
 62
     7
370
    25
100
AcDbLine
 10
2.2112899619
 20
4.5492390072
 30
0.0
 11
2.2473763818
 21
4.5934313182
 31
0.0
  0
LINE
  5
51D
330
1F
100
AcDbEntity
  8
0
  6
Continuous
 62
     7
370
    25
100
AcDbLine
 10
2.6162971729
 20
5.3278615017
 30
0.0
 11
2.5802137951
 21
5.3720575383
 31
0.0
  0
LINE
  5
51E
330
1F
100
AcDbEntity
  8
0
  6
Continuous
 62
     7
370
    25
100
AcDbLine
 10
1.6927460435
 20
5.1348282513
 30
0.0
 11
1.5780243026
 21
5.1348282513
 31
0.0
  0
LINE
  5
51F
330
1F
100
AcDbEntity
  8
0
  6
Continuous
 62
     7
370
    25
100
AcDbLine
 10
1.8680243026
 20
5.1348282513
 30
0.0
 11
1.7525629202
 21
5.1348282513
 31
0.0
  0
LINE
  5
520
330
1F
100
AcDbEntity
  8
0
  6
Continuous
 62
     7
370
    25
100
AcDbLine
 10
1.7566848685
 20
4.3348282513
 30
0.0
 11
1.8680243026
 21
4.3348282513
 31
0.0
  0
LINE
  5
521
330
1F
100
AcDbEntity
  8
0
  6
Continuous
 62
     7
370
    25
100
AcDbLine
 10
1.5780243026
 20
4.3348282513
 30
0.0
 11
1.6866645959
 21
4.3348282513
 31
0.0
  0
LINE
  5
522
330
1F
100
AcDbEntity
  8
0
  6
Continuous
 62
     7
370
    25
100
AcDbLine
 10
1.4853448107
 20
5.0023282513
 30
0.0
 11
1.4680243026
 21
4.9923282513
 31
0.0
  0
LINE
  5
523
330
1F
100
AcDbEntity
  8
0
  6
Continuous
 62
     7
370
    25
100
AcDbLine
 10
1.4680243026
 20
4.4773282513
 30
0.0
 11
1.4853448107
 21
4.4673282513
 31
0.0
  0
LINE
  5
524
330
1F
100
AcDbEntity
  8
0
  6
Continuous
 62
     7
370
    25
100
AcDbLine
 10
1.5680243026
 20
5.0023282513
 30
0.0
 11
1.4853448107
 21
5.0023282513
 31
0.0
  0
LINE
  5
525
330
1F
100
AcDbEntity
  8
0
  6
Continuous
 62
     7
370
    25
100
AcDbLine
 10
1.4853448107
 20
4.4673282513
 30
0.0
 11
1.5680243026
 21
4.4673282513
 31
0.0
  0
LINE
  5
526
330
1F
100
AcDbEntity
  8
0
  6
Continuous
 62
     7
370
    25
100
AcDbLine
 10
1.5780243026
 20
4.9923282513
 30
0.0
 11
1.5680243026
 21
4.9923282513
 31
0.0
  0
LINE
  5
527
330
1F
100
AcDbEntity
  8
0
  6
Continuous
 62
     7
370
    25
100
AcDbLine
 10
1.5680243026
 20
4.4773282513
 30
0.0
 11
1.5780243026
 21
4.4773282513
 31
0.0
  0
LINE
  5
528
330
1F
100
AcDbEntity
  8
0
  6
Continuous
 62
     7
370
    25
100
AcDbLine
 10
1.744987449
 20
5.1348282513
 30
0.0
 11
1.7003017571
 21
5.1348282513
 31
0.0
  0
LINE
  5
529
330
1F
100
AcDbEntity
  8
0
  6
Continuous
 62
     7
370
    25
100
AcDbLine
 10
2.2196385823
 20
4.7347636715
 30
0.0
 11
2.2082732599
 21
4.7278042525
 31
0.0
  0
LINE
  5
52A
330
1F
100
AcDbEntity
  8
0
  6
Continuous
 62
     7
370
    25
100
AcDbLine
 10
2.2082737389
 20
4.7417236773
 30
0.0
 11
2.2082732599
 21
4.7278042525
 31
0.0
  0
LINE
  5
52B
330
1F
100
AcDbEntity
  8
0
  6
Continuous
 62
     7
370
    25
100
AcDbLine
 10
2.2196385823
 20
4.7347636715
 30
0.0
 11
2.2082737389
 21
4.7417236773
 31
0.0
  0
LINE
  5
52C
330
1F
100
AcDbEntity
  8
0
  6
Continuous
 62
     7
370
    25
100
AcDbLine
 10
2.3332865373
 20
4.5746841256
 30
0.0
 11
2.2082732599
 21
4.7278042525
 31
0.0
  0
LINE
  5
52D
330
1F
100
AcDbEntity
  8
0
  6
Continuous
 62
     7
370
    25
100
AcDbLine
 10
2.2196385823
 20
4.7347636715
 30
0.0
 11
2.3503342814
 21
4.5746835389
 31
0.0
  0
LINE
  5
52E
330
1F
100
AcDbEntity
  8
0
  6
Continuous
 62
     7
370
    25
100
AcDbLine
 10
2.3332865373
 20
4.5746841256
 30
0.0
 11
2.3503342814
 21
4.5746835389
 31
0.0
  0
LINE
  5
52F
330
1F
100
AcDbEntity
  8
0
  6
Continuous
 62
     7
370
    25
100
AcDbLine
 10
2.7538312536
 20
5.3889490621
 30
0.0
 11
2.2196385823
 21
4.7347636715
 31
0.0
  0
LINE
  5
530
330
1F
100
AcDbEntity
  8
0
  6
Continuous
 62
     7
370
    25
100
AcDbLine
 10
2.2082737389
 20
4.7417236773
 30
0.0
 11
2.7424664102
 21
5.3959090678
 31
0.0
  0
LINE
  5
531
330
1F
100
AcDbEntity
  8
0
  6
Continuous
 62
     7
370
    25
100
AcDbLine
 10
2.7538312536
 20
5.3889490621
 30
0.0
 11
2.7424664102
 21
5.3959090678
 31
0.0
  0
LINE
  5
532
330
1F
100
AcDbEntity
  8
0
  6
Continuous
 62
     7
370
    25
100
AcDbLine
 10
2.8845269527
 20
5.2288689295
 30
0.0
 11
2.7538312536
 21
5.3889490621
 31
0.0
  0
LINE
  5
533
330
1F
100
AcDbEntity
  8
0
  6
Continuous
 62
     7
370
    25
100
AcDbLine
 10
2.8845269527
 20
5.2288689295
 30
0.0
 11
2.3503342814
 21
4.5746835389
 31
0.0
  0
LINE
  5
534
330
1F
100
AcDbEntity
  8
0
  6
Continuous
 62
     7
370
    25
100
AcDbLine
 10
2.1568191162
 20
4.7417236773
 30
0.0
 11
2.2082737389
 21
4.7417236773
 31
0.0
  0
LINE
  5
535
330
1F
100
AcDbEntity
  8
0
  6
Continuous
 62
     7
370
    25
100
AcDbLine
 10
2.2082732599
 20
4.7278042525
 30
0.0
 11
2.1568186371
 21
4.7278042525
 31
0.0
  0
LINE
  5
536
330
1F
100
AcDbEntity
  8
0
  6
Continuous
 62
     7
370
    25
100
AcDbLine
 10
2.2320678576
 20
4.5746841256
 30
0.0
 11
2.3332865373
 21
4.5746841256
 31
0.0
  0
LINE
  5
537
330
1F
100
AcDbEntity
  8
0
  6
Continuous
 62
     7
370
    25
100
AcDbLine
 10
2.7424664102
 20
5.3959090678
 30
0.0
 11
2.3446968913
 21
5.3959090678
 31
0.0
  0
LINE
  5
538
330
1F
100
AcDbEntity
  8
0
  6
Continuous
 62
     7
370
    25
100
AcDbLine
 10
2.3446968913
 20
5.3959090678
 30
0.0
 11
2.3259566699
 21
5.3729593351
 31
0.0
  0
LINE
  5
539
330
1F
100
AcDbEntity
  8
0
  6
Continuous
 62
     7
370
    25
100
AcDbLine
 10
2.3503342814
 20
4.5746835389
 30
0.0
 11
2.2320673785
 21
4.5746835389
 31
0.0
  0
LINE
  5
53A
330
1F
100
AcDbEntity
  8
0
  6
Continuous
 62
     7
370
    25
100
AcDbLine
 10
2.7538317327
 20
5.3959084811
 30
0.0
 11
2.7424664102
 21
5.3959090678
 31
0.0
  0
LINE
  5
53B
330
1F
100
AcDbEntity
  8
0
  6
Continuous
 62
     7
370
    25
100
AcDbLine
 10
2.7538312536
 20
5.3889490621
 30
0.0
 11
2.7538317327
 21
5.3959084811
 31
0.0
  0
LINE
  5
53C
330
1F
100
AcDbEntity
  8
0
  6
Continuous
 62
     7
370
    25
100
AcDbLine
 10
2.7538317327
 20
5.3959084811
 30
0.0
 11
2.87884501
 21
5.2427883543
 31
0.0
  0
LINE
  5
53D
330
1F
100
AcDbEntity
  8
0
  6
Continuous
 62
     7
370
    25
100
AcDbLine
 10
2.8845269527
 20
5.2288689295
 30
0.0
 11
2.87884501
 21
5.2427883543
 31
0.0
  0
LINE
  5
53E
330
1F
100
AcDbEntity
  8
0
  6
Continuous
 62
     7
370
    25
100
AcDbLine
 10
2.3065470651
 20
5.3631075238
 30
0.0
 11
2.3333320479
 21
5.3959090678
 31
0.0
  0
LINE
  5
53F
330
1F
100
AcDbEntity
  8
0
  6
Continuous
 62
     7
370
    25
100
AcDbLine
 10
2.3333320479
 20
5.3959090678
 30
0.0
 11
2.3446965719
 21
5.3959086767
 31
0.0
  0
LINE
  5
540
330
1F
100
AcDbEntity
  8
0
  6
Continuous
 62
     7
370
    25
100
AcDbLine
 10
2.6771015533
 20
4.487649143
 30
0.0
 11
2.8845274317
 21
4.7416679391
 31
0.0
  0
LINE
  5
541
330
1F
100
AcDbEntity
  8
0
  6
Continuous
 62
     7
370
    25
100
AcDbLine
 10
2.8845274317
 20
4.7416679391
 30
0.0
 11
2.6856254269
 21
4.9852892637
 31
0.0
  0
LINE
  5
542
330
1F
100
AcDbEntity
  8
0
  6
Continuous
 62
     7
370
    25
100
AcDbLine
 10
2.2083187705
 20
5.3959090678
 30
0.0
 11
1.8680243026
 21
4.9791761522
 31
0.0
  0
LINE
  5
543
330
1F
100
AcDbEntity
  8
0
  6
Continuous
 62
     7
370
    25
100
AcDbLine
 10
2.3333320479
 20
5.3959090678
 30
0.0
 11
2.2083187705
 21
5.3959090678
 31
0.0
  0
LINE
  5
544
330
1F
100
AcDbEntity
  8
0
  6
Continuous
 62
     7
370
    25
100
AcDbLine
 10
2.8845274317
 20
4.7416679391
 30
0.0
 11
2.878844531
 21
4.7277485143
 31
0.0
  0
LINE
  5
545
330
1F
100
AcDbEntity
  8
0
  6
Continuous
 62
     7
370
    25
100
AcDbLine
 10
2.878844531
 20
4.7277485143
 30
0.0
 11
2.6799430037
 21
4.4841688467
 31
0.0
  0
LINE
  5
546
330
1F
100
AcDbEntity
  8
0
  6
Continuous
 62
     7
370
    25
100
AcDbLine
 10
2.3446513807
 20
4.5607641141
 30
0.0
 11
2.3446518597
 21
4.5746835389
 31
0.0
  0
LINE
  5
547
330
1F
100
AcDbEntity
  8
0
  6
Continuous
 62
     7
370
    25
100
AcDbLine
 10
2.3560167031
 20
4.5677235331
 30
0.0
 11
2.3446518597
 21
4.5746835389
 31
0.0
  0
LINE
  5
548
330
1F
100
AcDbEntity
  8
0
  6
Continuous
 62
     7
370
    25
100
AcDbLine
 10
2.3560167031
 20
4.5677235331
 30
0.0
 11
2.3446513807
 21
4.5607641141
 31
0.0
  0
LINE
  5
549
330
1F
100
AcDbEntity
  8
0
  6
Continuous
 62
     7
370
    25
100
AcDbLine
 10
2.3560167031
 20
4.5677235331
 30
0.0
 11
2.753786222
 21
4.0805231295
 31
0.0
  0
LINE
  5
54A
330
1F
100
AcDbEntity
  8
0
  6
Continuous
 62
     7
370
    25
100
AcDbLine
 10
2.753786222
 20
4.0805231295
 30
0.0
 11
2.7424208996
 21
4.0735637105
 31
0.0
  0
LINE
  5
54B
330
1F
100
AcDbEntity
  8
0
  6
Continuous
 62
     7
370
    25
100
AcDbLine
 10
2.7424208996
 20
4.0735637105
 30
0.0
 11
2.3446513807
 21
4.5607641141
 31
0.0
  0
LINE
  5
54C
330
1F
100
AcDbEntity
  8
0
  6
Continuous
 62
     7
370
    25
100
AcDbLine
 10
2.4772524516
 20
4.7301106295
 30
0.0
 11
2.4810405198
 21
4.7208307522
 31
0.0
  0
LINE
  5
54D
330
1F
100
AcDbEntity
  8
0
  6
Continuous
 62
     7
370
    25
100
AcDbLine
 10
2.4810405198
 20
4.7208307522
 30
0.0
 11
2.3560167031
 21
4.5677235331
 31
0.0
  0
LINE
  5
54E
330
1F
100
AcDbEntity
  8
0
  6
Continuous
 62
     7
370
    25
100
AcDbLine
 10
2.8788100387
 20
4.2336303486
 30
0.0
 11
2.4810405198
 21
4.7208307522
 31
0.0
  0
LINE
  5
54F
330
1F
100
AcDbEntity
  8
0
  6
Continuous
 62
     7
370
    25
100
AcDbLine
 10
2.753786222
 20
4.0805231295
 30
0.0
 11
2.8788100387
 21
4.2336303486
 31
0.0
  0
LINE
  5
550
330
1F
100
AcDbEntity
  8
0
  6
Continuous
 62
     7
370
    25
100
AcDbLine
 10
2.3446513807
 20
4.5607641141
 30
0.0
 11
2.2207010979
 21
4.5607641141
 31
0.0
  0
LINE
  5
551
330
1F
100
AcDbEntity
  8
0
  6
Continuous
 62
     7
370
    25
100
AcDbLine
 10
2.2320673785
 20
4.5746835389
 30
0.0
 11
2.3446518597
 21
4.5746835389
 31
0.0
  0
LINE
  5
552
330
1F
100
AcDbEntity
  8
0
  6
Continuous
 62
     7
370
    25
100
AcDbLine
 10
2.2082732599
 20
4.0735637105
 30
0.0
 11
2.7424208996
 21
4.0735637105
 31
0.0
  0
LINE
  5
553
330
1F
100
AcDbEntity
  8
0
  6
Continuous
 62
     7
370
    25
100
AcDbLine
 10
1.8680243026
 20
4.490311152
 30
0.0
 11
2.2082732599
 21
4.0735637105
 31
0.0
  0
LINE
  5
554
330
1F
100
AcDbEntity
  8
0
  6
Continuous
 62
     7
370
    25
100
AcDbLine
 10
2.4781995485
 20
4.7312704675
 30
0.0
 11
2.8844929395
 21
4.2336297619
 31
0.0
  0
LINE
  5
555
330
1F
100
AcDbEntity
  8
0
  6
Continuous
 62
     7
370
    25
100
AcDbLine
 10
2.8844929395
 20
4.2336297619
 30
0.0
 11
2.8788100387
 21
4.2336303486
 31
0.0
  0
LINE
  5
556
330
1F
100
AcDbEntity
  8
0
  6
Continuous
 62
     7
370
    25
100
AcDbLine
 10
2.753786222
 20
4.0735631238
 30
0.0
 11
2.7424208996
 21
4.0735637105
 31
0.0
  0
LINE
  5
557
330
1F
100
AcDbEntity
  8
0
  6
Continuous
 62
     7
370
    25
100
AcDbLine
 10
2.753786222
 20
4.0735631238
 30
0.0
 11
2.753786222
 21
4.0805231295
 31
0.0
  0
LINE
  5
558
330
1F
100
AcDbEntity
  8
0
  6
Continuous
 62
     7
370
    25
100
AcDbLine
 10
2.8844929395
 20
4.2336297619
 30
0.0
 11
2.753786222
 21
4.0735631238
 31
0.0
  0
LINE
  5
559
330
1F
100
AcDbEntity
  8
0
  6
Continuous
 62
     7
370
    25
100
AcDbLine
 10
2.753786222
 20
4.0735631238
 30
0.0
 11
2.2196385823
 21
4.0735631238
 31
0.0
  0
LINE
  5
55A
330
1F
100
AcDbEntity
  8
0
  6
Continuous
 62
     7
370
    25
100
AcDbLine
 10
2.2196385823
 20
4.0735631238
 30
0.0
 11
2.2082732599
 21
4.0735637105
 31
0.0
  0
LINE
  5
55B
330
1F
100
AcDbEntity
  8
0
  6
Continuous
 62
     7
370
    25
100
AcDbLine
 10
2.6044601095
 20
5.2899157693
 30
0.0
 11
2.5683767317
 21
5.3341118059
 31
0.0
  0
LINE
  5
55C
330
1F
100
AcDbEntity
  8
0
  6
Continuous
 62
     7
370
    25
100
AcDbLine
 10
2.6044601095
 20
5.2899157693
 30
0.0
 11
2.1511362154
 21
4.7347642582
 31
0.0
  0
LINE
  5
55D
330
1F
100
AcDbEntity
  8
0
  6
Continuous
 62
     7
370
    25
100
AcDbLine
 10
2.1511362154
 20
4.7347642582
 30
0.0
 11
2.2355424527
 21
4.6313808894
 31
0.0
  0
LINE
  5
55E
330
1F
100
AcDbEntity
  8
0
  6
Continuous
 62
     7
370
    25
100
AcDbLine
 10
2.1994560329
 20
4.5871885784
 30
0.0
 11
2.2355424527
 21
4.6313808894
 31
0.0
  0
LINE
  5
55F
330
1F
100
AcDbEntity
  8
0
  6
Continuous
 62
     7
370
    25
100
AcDbLine
 10
2.1994560329
 20
4.5871885784
 30
0.0
 11
2.1366998223
 21
4.6640543253
 31
0.0
  0
ARC
  5
560
330
1F
100
AcDbEntity
  8
0
  6
Continuous
 62
     7
370
    25
100
AcDbCircle
 10
2.2279810772
 20
4.7347618618
 30
0.0
 40
0.1154635146586425
100
AcDbArc
 50
142.23427065
 51
217.7617854982
  0
LINE
  5
561
330
1F
100
AcDbEntity
  8
0
  6
Continuous
 62
     7
370
    25
100
AcDbLine
 10
2.1367046895
 20
4.8054756814
 30
0.0
 11
2.5683767317
 21
5.3341118059
 31
0.0
  0
LWPOLYLINE
  5
562
330
1F
100
AcDbEntity
  8
0
  6
Continuous
 62
     7
370
    25
100
AcDbPolyline
 90
        9
 70
   128
 43
0.0
 10
2.1994560329
 20
4.5447603833
 10
2.2055483713
 20
4.5455756292
 10
2.2100753871
 20
4.5479900373
 10
2.2128631097
 20
4.5519108235
 10
2.2138044084
 20
4.5571873139
 10
2.2128631097
 20
4.5636167362
 10
2.2100753871
 20
4.5709520111
 10
2.2055483713
 20
4.5789112482
 10
2.1994560329
 20
4.5871885784
  0
LINE
  5
563
330
1F
100
AcDbEntity
  8
0
  6
Continuous
 62
     7
370
    25
100
AcDbLine
 10
1.8820987578
 20
4.5447603833
 30
0.0
 11
2.1994560329
 21
4.5447603833
 31
0.0
  0
LINE
  5
564
330
1F
100
AcDbEntity
  8
0
  6
Continuous
 62
     7
370
    25
100
AcDbLine
 10
1.8680243026
 20
4.5619992111
 30
0.0
 11
1.8820987578
 21
4.5447603833
 31
0.0
  0
ARC
  5
565
330
1F
100
AcDbEntity
  8
0
  6
Continuous
 62
     7
370
    25
100
AcDbCircle
 10
1.8411902117
 20
5.0931604284
 30
0.0
 40
0.1826048849868627
100
AcDbArc
 50
279.9550851373
 51
323.0063548389
  0
LINE
  5
566
330
1F
100
AcDbEntity
  8
0
  6
Continuous
 62
     7
370
    25
100
AcDbLine
 10
2.2735164598
 20
5.3341118059
 30
0.0
 11
1.987037145
 21
4.983282241
 31
0.0
  0
ARC
  5
567
330
1F
100
AcDbEntity
  8
0
  6
Continuous
 62
     7
370
    25
100
AcDbCircle
 10
2.3617222574
 20
5.267849072
 30
0.0
 40
0.1103223124905285
100
AcDbArc
 50
99.8763696436
 51
143.0850703326
  0
LINE
  5
568
330
1F
100
AcDbEntity
  8
0
  6
Continuous
 62
     7
370
    25
100
AcDbLine
 10
2.568379652
 20
5.3765364245
 30
0.0
 11
2.3427994655
 21
5.3765364245
 31
0.0
  0
LWPOLYLINE
  5
569
330
1F
100
AcDbEntity
  8
0
  6
Continuous
 62
     7
370
    25
100
AcDbPolyline
 90
        9
 70
   128
 43
0.0
 10
2.5683767317
 20
5.3341118059
 10
2.5744696398
 20
5.3423884384
 10
2.5789972034
 20
5.3503470046
 10
2.5817854309
 20
5.3576816611
 10
2.5827271722
 20
5.3641105414
 10
2.5817862366
 20
5.3693865871
 10
2.5789987839
 20
5.3733070427
 10
2.5744719343
 20
5.3757212473
 10
2.568379652
 20
5.3765364245
  0
LINE
  5
56A
330
1F
100
AcDbEntity
  8
0
  6
Continuous
 62
     7
370
    25
100
AcDbLine
 10
1.872758236
 20
4.9133049201
 30
0.0
 11
1.8680243026
 21
4.9075076297
 31
0.0
  0
LWPOLYLINE
  5
56B
330
1F
100
AcDbEntity
  8
0
  6
Continuous
 62
     7
370
    25
100
AcDbPolyline
 90
        7
 70
   128
 43
0.0
 10
2.2355424527
 20
4.6313808894
 10
2.2416347911
 20
4.6231035591
 10
2.2461618069
 20
4.615144322
 10
2.2489495295
 20
4.6078090471
 10
2.2498908282
 20
4.6013796249
 10
2.2489495295
 20
4.5961031344
 10
2.2473763818
 20
4.5934313182
  0
LWPOLYLINE
  5
56C
330
1F
100
AcDbEntity
  8
0
  6
Continuous
 62
     7
370
    25
100
AcDbPolyline
 90
        7
 70
   128
 43
0.0
 10
2.6162971729
 20
5.3278615017
 10
2.6178696144
 20
5.3251905505
 10
2.6188105499
 20
5.3199145048
 10
2.6178688087
 20
5.3134856245
 10
2.6150805812
 20
5.306150968
 10
2.6105530176
 20
5.2981924018
 10
2.6044601095
 20
5.2899157693
  0
ELLIPSE
  5
56D
330
1F
100
AcDbEntity
  8
0
  6
Continuous
 62
     7
370
    25
100
AcDbEllipse
 10
2.0719467494
 20
4.7348282513
 30
0.0
 11
0.3535682941510263
 21
8.881784197001252E-16
 31
0.0
210
0.0
220
0.0
230
1.0
 40
0.7070769753
 41
4.0976375646357
 42
4.103810900811711
  0
ELLIPSE
  5
56E
330
1F
100
AcDbEntity
  8
0
  6
Continuous
 62
     7
370
    25
100
AcDbEllipse
 10
2.0199837649
 20
4.7348282513
 30
0.0
 11
0.3486663060307822
 21
0.2342515213653318
 31
0.0
210
0.0
220
0.0
230
1.0
 40
0.2504637157
 41
4.101418593002698
 42
4.107008586668338
  0
LINE
  5
56F
330
1F
100
AcDbEntity
  8
0
  6
Continuous
 62
     7
370
    25
100
AcDbLine
 10
1.8680243026
 20
4.9191031882
 30
0.0
 11
1.872758236
 21
4.9133049201
 31
0.0
  0
LINE
  5
570
330
1F
100
AcDbEntity
  8
0
  6
Continuous
 62
     7
370
    25
100
AcDbLine
 10
1.8698112581
 20
4.5297128111
 30
0.0
 11
1.8820987578
 21
4.5447603833
 31
0.0
  0
LINE
  5
571
330
1F
100
AcDbEntity
  8
0
  6
Continuous
 62
     7
370
    25
100
AcDbLine
 10
1.8680243026
 20
5.1348282513
 30
0.0
 11
1.8680243026
 21
4.3348282513
 31
0.0
  0
SPLINE
  5
572
330
1F
100
AcDbEntity
  8
0
  6
Continuous
 62
     7
370
    25
100
AcDbSpline
210
0.0
220
0.0
230
1.0
 70
     8
 71
     3
 72
    13
 73
     9
 74
     0
 42
0.00000001
 43
0.00000001
 40
0.0
 40
0.0
 40
0.0
 40
0.0
 40
0.2798372462614964
 40
0.5589779786041427
 40
0.704264934307762
 40
0.8380990176382697
 40
0.9774830341780164
 40
1.0
 40
1.0
 40
1.0
 40
1.0
 10
1.722615648747143
 20
5.134547034297751
 30
0.0
 10
1.719223094427132
 20
5.134550415879582
 30
0.0
 10
1.712446429842846
 20
5.134557170626501
 30
0.0
 10
1.704018478189611
 20
5.134628565953555
 30
0.0
 10
1.698050036303384
 20
5.134723907893327
 30
0.0
 10
1.694624894514692
 20
5.134793394001175
 30
0.0
 10
1.692965923138413
 20
5.134835162171137
 30
0.0
 10
1.692772890244315
 20
5.134825319519524
 30
0.0
 10
1.692746043495051
 20
5.134823950617083
 30
0.0
  0
SPLINE
  5
573
330
1F
100
AcDbEntity
  8
0
  6
Continuous
 62
     7
370
    25
100
AcDbSpline
210
0.0
220
0.0
230
1.0
 70
     8
 71
     3
 72
    13
 73
     9
 74
     0
 42
0.00000001
 43
0.00000001
 40
0.0
 40
0.0
 40
0.0
 40
0.0
 40
0.0227155745753268
 40
0.162190565370553
 40
0.3014000468941544
 40
0.4410661455545395
 40
0.7202179803596159
 40
1.0
 40
1.0
 40
1.0
 40
1.0
 10
1.752562920229568
 20
5.134826536446359
 30
0.0
 10
1.752515325202166
 20
5.134826976648124
 30
0.0
 10
1.752175493850886
 20
5.134830119715151
 30
0.0
 10
1.750638545391258
 20
5.134795151817181
 30
0.0
 10
1.747186272962559
 20
5.134720215841377
 30
0.0
 10
1.741086476299627
 20
5.134633361413923
 30
0.0
 10
1.732818125908784
 20
5.134553574544005
 30
0.0
 10
1.726019029741606
 20
5.134549216017881
 30
0.0
 10
1.722615648747143
 20
5.134547034297751
 30
0.0
  0
LINE
  5
574
330
1F
100
AcDbEntity
  8
0
  6
Continuous
 62
     7
370
    25
100
AcDbLine
 10
1.7153319949
 20
5.1312608964
 30
0.0
 11
1.7153319949
 21
5.1301626086
 31
0.0
  0
LINE
  5
575
330
1F
100
AcDbEntity
  8
0
  6
Continuous
 62
     7
370
    25
100
AcDbLine
 10
1.7522550718
 20
5.1312608964
 30
0.0
 11
1.7153319949
 21
5.1312608964
 31
0.0
  0
LINE
  5
576
330
1F
100
AcDbEntity
  8
0
  6
Continuous
 62
     7
370
    25
100
AcDbLine
 10
1.7522550718
 20
5.1319424897
 30
0.0
 11
1.7522550718
 21
5.1312608964
 31
0.0
  0
LINE
  5
577
330
1F
100
AcDbEntity
  8
0
  6
Continuous
 62
     7
370
    25
100
AcDbLine
 10
1.7153319949
 20
5.1343473936
 30
0.0
 11
1.7522550718
 21
5.1319424897
 31
0.0
  0
LINE
  5
578
330
1F
100
AcDbEntity
  8
0
  6
Continuous
 62
     7
370
    25
100
AcDbLine
 10
1.7076396872
 20
5.1343473936
 30
0.0
 11
1.7153319949
 21
5.1343473936
 31
0.0
  0
LINE
  5
579
330
1F
100
AcDbEntity
  8
0
  6
Continuous
 62
     7
370
    25
100
AcDbLine
 10
1.7076396872
 20
5.1343473936
 30
0.0
 11
1.7076396872
 21
5.1322125789
 31
0.0
  0
LINE
  5
57A
330
1F
100
AcDbEntity
  8
0
  6
Continuous
 62
     7
370
    25
100
AcDbLine
 10
1.6930243026
 20
5.1322125789
 30
0.0
 11
1.7076396872
 21
5.1322125789
 31
0.0
  0
LINE
  5
57B
330
1F
100
AcDbEntity
  8
0
  6
Continuous
 62
     7
370
    25
100
AcDbLine
 10
1.6930243026
 20
5.1322125789
 30
0.0
 11
1.6930243026
 21
5.1312608964
 31
0.0
  0
LINE
  5
57C
330
1F
100
AcDbEntity
  8
0
  6
Continuous
 62
     7
370
    25
100
AcDbLine
 10
1.7076396872
 20
5.1312608964
 30
0.0
 11
1.6930243026
 21
5.1312608964
 31
0.0
  0
LINE
  5
57D
330
1F
100
AcDbEntity
  8
0
  6
Continuous
 62
     7
370
    25
100
AcDbLine
 10
1.7076396872
 20
5.1312608964
 30
0.0
 11
1.7076396872
 21
5.1301626086
 31
0.0
  0
LINE
  5
57E
330
1F
100
AcDbEntity
  8
0
  6
Continuous
 62
     7
370
    25
100
AcDbLine
 10
1.7153319949
 20
5.1301626086
 30
0.0
 11
1.7076396872
 21
5.1301626086
 31
0.0
  0
LINE
  5
57F
330
1F
100
AcDbEntity
  8
0
  6
Continuous
 62
     7
370
    25
100
AcDbLine
 10
1.7107166103
 20
5.1291786938
 30
0.0
 11
1.7107166103
 21
5.124831524
 31
0.0
  0
LINE
  5
580
330
1F
100
AcDbEntity
  8
0
  6
Continuous
 62
     7
370
    25
100
AcDbLine
 10
1.7176396872
 20
5.124831524
 30
0.0
 11
1.7107166103
 21
5.124831524
 31
0.0
  0
LINE
  5
581
330
1F
100
AcDbEntity
  8
0
  6
Continuous
 62
     7
370
    25
100
AcDbLine
 10
1.7176396872
 20
5.1291786938
 30
0.0
 11
1.7176396872
 21
5.124831524
 31
0.0
  0
LINE
  5
582
330
1F
100
AcDbEntity
  8
0
  6
Continuous
 62
     7
370
    25
100
AcDbLine
 10
1.7107166103
 20
5.1291786938
 30
0.0
 11
1.7176396872
 21
5.1291786938
 31
0.0
  0
LINE
  5
583
330
1F
100
AcDbEntity
  8
0
  6
Continuous
 62
     7
370
    25
100
AcDbLine
 10
1.7437935334
 20
5.10800898
 30
0.0
 11
1.6930243026
 21
5.1134720593
 31
0.0
  0
LINE
  5
584
330
1F
100
AcDbEntity
  8
0
  6
Continuous
 62
     7
370
    25
100
AcDbLine
 10
1.6930243026
 20
5.10800898
 30
0.0
 11
1.7437935334
 21
5.10800898
 31
0.0
  0
LINE
  5
585
330
1F
100
AcDbEntity
  8
0
  6
Continuous
 62
     7
370
    25
100
AcDbLine
 10
1.6930243026
 20
5.10800898
 30
0.0
 11
1.6930243026
 21
5.1048795495
 31
0.0
  0
LINE
  5
586
330
1F
100
AcDbEntity
  8
0
  6
Continuous
 62
     7
370
    25
100
AcDbLine
 10
1.7530243026
 20
5.1048795495
 30
0.0
 11
1.6930243026
 21
5.1048795495
 31
0.0
  0
LINE
  5
587
330
1F
100
AcDbEntity
  8
0
  6
Continuous
 62
     7
370
    25
100
AcDbLine
 10
1.7530243026
 20
5.1094859053
 30
0.0
 11
1.7530243026
 21
5.1048795495
 31
0.0
  0
LINE
  5
588
330
1F
100
AcDbEntity
  8
0
  6
Continuous
 62
     7
370
    25
100
AcDbLine
 10
1.7116420911
 20
5.1139307375
 30
0.0
 11
1.7530243026
 21
5.1094859053
 31
0.0
  0
SPLINE
  5
589
330
1F
100
AcDbEntity
  8
0
  6
Continuous
 62
     7
370
    25
100
AcDbSpline
210
0.0
220
0.0
230
1.0
 70
     8
 71
     3
 72
     9
 73
     5
 74
     0
 42
0.00000001
 43
0.00000001
 40
0.0
 40
0.0
 40
0.0
 40
0.0
 40
0.352234354232198
 40
1.0
 40
1.0
 40
1.0
 40
1.0
 10
1.702110841054835
 20
5.114859806042701
 30
0.0
 10
1.703231619728896
 20
5.114753454414514
 30
0.0
 10
1.706413531602611
 20
5.114451520128693
 30
0.0
 10
1.709586652407534
 20
5.114135466310738
 30
0.0
 10
1.711642091054835
 20
5.113930737505252
 30
0.0
  0
SPLINE
  5
58A
330
1F
100
AcDbEntity
  8
0
  6
Continuous
 62
     7
370
    25
100
AcDbSpline
210
0.0
220
0.0
230
1.0
 70
     8
 71
     3
 72
    10
 73
     6
 74
     0
 42
0.00000001
 43
0.00000001
 40
0.0
 40
0.0
 40
0.0
 40
0.0
 40
0.6895965401932206
 40
0.8921964026921533
 40
1.0
 40
1.0
 40
1.0
 40
1.0
 10
1.710920937208681
 20
5.115694890757891
 30
0.0
 10
1.70889692675049
 20
5.115503059582103
 30
0.0
 10
1.70627827258888
 20
5.115254869408592
 30
0.0
 10
1.703342003256898
 20
5.114974251636808
 30
0.0
 10
1.702428204695629
 20
5.114889307330474
 30
0.0
 10
1.702110841054835
 20
5.114859806042701
 30
0.0
  0
LINE
  5
58B
330
1F
100
AcDbEntity
  8
0
  6
Continuous
 62
     7
370
    25
100
AcDbLine
 10
1.7530243026
 20
5.1195788768
 30
0.0
 11
1.7109209372
 21
5.1156948908
 31
0.0
  0
LINE
  5
58C
330
1F
100
AcDbEntity
  8
0
  6
Continuous
 62
     7
370
    25
100
AcDbLine
 10
1.7530243026
 20
5.122864516
 30
0.0
 11
1.7530243026
 21
5.1195788768
 31
0.0
  0
LINE
  5
58D
330
1F
100
AcDbEntity
  8
0
  6
Continuous
 62
     7
370
    25
100
AcDbLine
 10
1.6930243026
 20
5.122864516
 30
0.0
 11
1.7530243026
 21
5.122864516
 31
0.0
  0
LINE
  5
58E
330
1F
100
AcDbEntity
  8
0
  6
Continuous
 62
     7
370
    25
100
AcDbLine
 10
1.6930243026
 20
5.122864516
 30
0.0
 11
1.6930243026
 21
5.1207238739
 31
0.0
  0
LINE
  5
58F
330
1F
100
AcDbEntity
  8
0
  6
Continuous
 62
     7
370
    25
100
AcDbLine
 10
1.7437935334
 20
5.1207238739
 30
0.0
 11
1.6930243026
 21
5.1207238739
 31
0.0
  0
LINE
  5
590
330
1F
100
AcDbEntity
  8
0
  6
Continuous
 62
     7
370
    25
100
AcDbLine
 10
1.6930243026
 20
5.1162310795
 30
0.0
 11
1.7437935334
 21
5.1207238739
 31
0.0
  0
LINE
  5
591
330
1F
100
AcDbEntity
  8
0
  6
Continuous
 62
     7
370
    25
100
AcDbLine
 10
1.6930243026
 20
5.1162310795
 30
0.0
 11
1.6930243026
 21
5.1134720593
 31
0.0
  0
SPLINE
  5
592
330
1F
100
AcDbEntity
  8
0
  6
Continuous
 62
     7
370
    25
100
AcDbSpline
210
0.0
220
0.0
230
1.0
 70
     8
 71
     3
 72
    10
 73
     6
 74
     0
 42
0.00000001
 43
0.00000001
 40
0.0
 40
0.0
 40
0.0
 40
0.0
 40
0.2496855319905342
 40
0.4998090218859244
 40
1.0
 40
1.0
 40
1.0
 40
1.0
 10
1.698036321824065
 20
5.098901012795591
 30
0.0
 10
1.699872693551441
 20
5.099355700844976
 30
0.0
 10
1.703548658071939
 20
5.100265874483853
 30
0.0
 10
1.711925418822569
 20
5.101116277232705
 30
0.0
 10
1.718339652525924
 20
5.101212607423306
 30
0.0
 10
1.722615648747143
 20
5.101276825153755
 30
0.0
  0
SPLINE
  5
593
330
1F
100
AcDbEntity
  8
0
  6
Continuous
 62
     7
370
    25
100
AcDbSpline
210
0.0
220
0.0
230
1.0
 70
     8
 71
     3
 72
    11
 73
     7
 74
     0
 42
0.00000001
 43
0.00000001
 40
0.0
 40
0.0
 40
0.0
 40
0.0
 40
0.4988196528087714
 40
0.7491544824811054
 40
0.8745528006390587
 40
1.0
 40
1.0
 40
1.0
 40
1.0
 10
1.692255071824065
 20
5.093146741144595
 30
0.0
 10
1.692461978457869
 20
5.094261977838172
 30
0.0
 10
1.692772722092962
 20
5.095936900955807
 30
0.0
 10
1.695036292962898
 20
5.097561469353465
 30
0.0
 10
1.696624566681223
 20
5.098379441484937
 30
0.0
 10
1.697565675646479
 20
5.098727133107642
 30
0.0
 10
1.698036321824065
 20
5.098901012795591
 30
0.0
  0
SPLINE
  5
594
330
1F
100
AcDbEntity
  8
0
  6
Continuous
 62
     7
370
    25
100
AcDbSpline
210
0.0
220
0.0
230
1.0
 70
     8
 71
     3
 72
    13
 73
     9
 74
     0
 42
0.00000001
 43
0.00000001
 40
0.0
 40
0.0
 40
0.0
 40
0.0
 40
0.2504937539646758
 40
0.5003640298593189
 40
0.6304163206930153
 40
0.7502166774685508
 40
0.8749850062459431
 40
1.0
 40
1.0
 40
1.0
 40
1.0
 10
1.722615648747143
 20
5.084188602685335
 30
0.0
 10
1.719224117411457
 20
5.08423211435009
 30
0.0
 10
1.712449496249619
 20
5.084319029379223
 30
0.0
 10
1.7040086911239
 20
5.085280599181628
 30
0.0
 10
1.698067250120852
 20
5.086904205670945
 30
0.0
 10
1.694564022832557
 20
5.088686861405693
 30
0.0
 10
1.692547730030325
 20
5.090866149812163
 30
0.0
 10
1.692352688761597
 20
5.092386043727367
 30
0.0
 10
1.692255071824065
 20
5.093146741144595
 30
0.0
  0
SPLINE
  5
595
330
1F
100
AcDbEntity
  8
0
  6
Continuous
 62
     7
370
    25
100
AcDbSpline
210
0.0
220
0.0
230
1.0
 70
     8
 71
     3
 72
    14
 73
    10
 74
     0
 42
0.00000001
 43
0.00000001
 40
0.0
 40
0.0
 40
0.0
 40
0.0
 40
0.0626332850290495
 40
0.1252288695355974
 40
0.2500734820100409
 40
0.3746804360918546
 40
0.4996961099675618
 40
0.749566014522254
 40
1.0
 40
1.0
 40
1.0
 40
1.0
 10
1.753024302593296
 20
5.093146741144595
 30
0.0
 10
1.752998453804305
 20
5.092767714169563
 30
0.0
 10
1.752946771785348
 20
5.092009888365205
 30
0.0
 10
1.752307239159278
 20
5.090496380672597
 30
0.0
 10
1.750675414253951
 20
5.088662583690585
 30
0.0
 10
1.747176588663436
 20
5.086847742460569
 30
0.0
 10
1.741092055091127
 20
5.085356966916985
 30
0.0
 10
1.732816359949458
 20
5.084266816683924
 30
0.0
 10
1.726018440646202
 20
5.084214693607381
 30
0.0
 10
1.722615648747143
 20
5.084188602685335
 30
0.0
  0
SPLINE
  5
596
330
1F
100
AcDbEntity
  8
0
  6
Continuous
 62
     7
370
    25
100
AcDbSpline
210
0.0
220
0.0
230
1.0
 70
     8
 71
     3
 72
    13
 73
     9
 74
     0
 42
0.00000001
 43
0.00000001
 40
0.0
 40
0.0
 40
0.0
 40
0.0
 40
0.250513092949625
 40
0.5003915696451652
 40
0.6317814495480668
 40
0.7502440432237383
 40
0.8749895034697045
 40
1.0
 40
1.0
 40
1.0
 40
1.0
 10
1.722615648747143
 20
5.101276825153755
 30
0.0
 10
1.726009350479493
 20
5.101239953735906
 30
0.0
 10
1.732788156795615
 20
5.101166304305308
 30
0.0
 10
1.741262492372267
 20
5.100379583772762
 30
0.0
 10
1.747197249147877
 20
5.0989773417888
 30
0.0
 10
1.750698194524025
 20
5.097396508114075
 30
0.0
 10
1.752723226187877
 20
5.095394819095422
 30
0.0
 10
1.752923872817357
 20
5.093896630411343
 30
0.0
 10
1.753024302593296
 20
5.093146741144595
 30
0.0
  0
LINE
  5
597
330
1F
100
AcDbEntity
  8
0
  6
Continuous
 62
     7
370
    25
100
AcDbLine
 10
1.7530243026
 20
5.0660445287
 30
0.0
 11
1.6930243026
 21
5.0660445287
 31
0.0
  0
LINE
  5
598
330
1F
100
AcDbEntity
  8
0
  6
Continuous
 62
     7
370
    25
100
AcDbLine
 10
1.7530243026
 20
5.0687954619
 30
0.0
 11
1.7530243026
 21
5.0660445287
 31
0.0
  0
SPLINE
  5
599
330
1F
100
AcDbEntity
  8
0
  6
Continuous
 62
     7
370
    25
100
AcDbSpline
210
0.0
220
0.0
230
1.0
 70
     8
 71
     3
 72
     9
 73
     5
 74
     0
 42
0.00000001
 43
0.00000001
 40
0.0
 40
0.0
 40
0.0
 40
0.0
 40
0.5004843448986658
 40
1.0
 40
1.0
 40
1.0
 40
1.0
 10
1.738024302593296
 20
5.077634570656499
 30
0.0
 10
1.739887304896325
 20
5.075887341347864
 30
0.0
 10
1.743609703652686
 20
5.072396264501119
 30
0.0
 10
1.749888130229016
 20
5.06999495404614
 30
0.0
 10
1.753024302593296
 20
5.068795461881119
 30
0.0
  0
LINE
  5
59A
330
1F
100
AcDbEntity
  8
0
  6
Continuous
 62
     7
370
    25
100
AcDbLine
 10
1.7309329564
 20
5.0776345707
 30
0.0
 11
1.7380243026
 21
5.0776345707
 31
0.0
  0
LINE
  5
59B
330
1F
100
AcDbEntity
  8
0
  6
Continuous
 62
     7
370
    25
100
AcDbLine
 10
1.7397791103
 20
5.0702958499
 30
0.0
 11
1.7309329564
 21
5.0776345707
 31
0.0
  0
LINE
  5
59C
330
1F
100
AcDbEntity
  8
0
  6
Continuous
 62
     7
370
    25
100
AcDbLine
 10
1.6930243026
 20
5.0702958499
 30
0.0
 11
1.7397791103
 21
5.0702958499
 31
0.0
  0
LINE
  5
59D
330
1F
100
AcDbEntity
  8
0
  6
Continuous
 62
     7
370
    25
100
AcDbLine
 10
1.6930243026
 20
5.0702958499
 30
0.0
 11
1.6930243026
 21
5.0660445287
 31
0.0
  0
SPLINE
  5
59E
330
1F
100
AcDbEntity
  8
0
  6
Continuous
 62
     7
370
    25
100
AcDbSpline
210
0.0
220
0.0
230
1.0
 70
     8
 71
     3
 72
    13
 73
     9
 74
     0
 42
0.00000001
 43
0.00000001
 40
0.0
 40
0.0
 40
0.0
 40
0.0
 40
0.1329613841718794
 40
0.2554955438896281
 40
0.3752574728802939
 40
0.5004118229544302
 40
0.7498539398283742
 40
1.0
 40
1.0
 40
1.0
 40
1.0
 10
1.736959940003756
 20
4.334829661617278
 30
0.0
 10
1.738533407286222
 20
4.334829840091443
 30
0.0
 10
1.741556945899558
 20
4.334830183043301
 30
0.0
 10
1.745788480523941
 20
4.334836790742535
 30
0.0
 10
1.749405485634914
 20
4.334859963101672
 30
0.0
 10
1.753217570938685
 20
4.334936461207506
 30
0.0
 10
1.756127502532406
 20
4.335140206384905
 30
0.0
 10
1.756475162525917
 20
4.335481561612608
 30
0.0
 10
1.756649237457334
 20
4.335652479719266
 30
0.0
  0
LINE
  5
59F
330
1F
100
AcDbEntity
  8
0
  6
Continuous
 62
     7
370
    25
100
AcDbLine
 10
1.7566492375
 20
4.3356524797
 30
0.0
 11
1.7566272652
 21
4.3395489256
 31
0.0
  0
LINE
  5
5A0
330
1F
100
AcDbEntity
  8
0
  6
Continuous
 62
     7
370
    25
100
AcDbLine
 10
1.7566272652
 20
4.3395489256
 30
0.0
 11
1.721662083
 21
4.3395456418
 31
0.0
  0
SPLINE
  5
5A1
330
1F
100
AcDbEntity
  8
0
  6
Continuous
 62
     7
370
    25
100
AcDbSpline
210
0.0
220
0.0
230
1.0
 70
     8
 71
     3
 72
    13
 73
     9
 74
     0
 42
0.00000001
 43
0.00000001
 40
0.0
 40
0.0
 40
0.0
 40
0.0
 40
0.2497673117694407
 40
0.3771557697526537
 40
0.5002042120342621
 40
0.6247610907847677
 40
0.750556965488743
 40
0.9999999999999999
 40
0.9999999999999999
 40
0.9999999999999999
 40
0.9999999999999999
 10
1.721662053104257
 20
4.339553101537609
 30
0.0
 10
1.726300926867898
 20
4.339624314339121
 30
0.0
 10
1.733305758656001
 20
4.339731847701993
 30
0.0
 10
1.74172705369993
 20
4.340384136617571
 30
0.0
 10
1.747295032172023
 20
4.341100114962917
 30
0.0
 10
1.751766663474824
 20
4.342071937541301
 30
0.0
 10
1.756093291724176
 20
4.343692324995002
 30
0.0
 10
1.756682591884101
 20
4.345292921744316
 30
0.0
 10
1.757074333829085
 20
4.346356931100415
 30
0.0
  0
SPLINE
  5
5A2
330
1F
100
AcDbEntity
  8
0
  6
Continuous
 62
     7
370
    25
100
AcDbSpline
210
0.0
220
0.0
230
1.0
 70
     8
 71
     3
 72
    13
 73
     9
 74
     0
 42
0.00000001
 43
0.00000001
 40
0.0
 40
0.0
 40
0.0
 40
0.0
 40
0.2494127152958613
 40
0.3751365553787424
 40
0.4997686176638718
 40
0.6227314143325128
 40
0.7502183478797612
 40
1.0
 40
1.0
 40
1.0
 40
1.0
 10
1.757074333829085
 20
4.346356931100415
 30
0.0
 10
1.756647560598337
 20
4.347525114047055
 30
0.0
 10
1.756005659725237
 20
4.349282154084628
 30
0.0
 10
1.751520077602124
 20
4.351630222504479
 30
0.0
 10
1.746910511996074
 20
4.353186800595592
 30
0.0
 10
1.741200263800443
 20
4.354451441033011
 30
0.0
 10
1.732604772173449
 20
4.355681721423701
 30
0.0
 10
1.72550894094158
 20
4.355866572320164
 30
0.0
 10
1.720810939264269
 20
4.355988958238497
 30
0.0
  0
LINE
  5
5A3
330
1F
100
AcDbEntity
  8
0
  6
Continuous
 62
     7
370
    25
100
AcDbLine
 10
1.7208109393
 20
4.3559889582
 30
0.0
 11
1.7208108913
 21
4.356014049
 31
0.0
  0
LINE
  5
5A4
330
1F
100
AcDbEntity
  8
0
  6
Continuous
 62
     7
370
    25
100
AcDbLine
 10
1.7208108913
 20
4.356014049
 30
0.0
 11
1.7565847839
 21
4.3560210942
 31
0.0
  0
LINE
  5
5A5
330
1F
100
AcDbEntity
  8
0
  6
Continuous
 62
     7
370
    25
100
AcDbLine
 10
1.7565847839
 20
4.3560210942
 30
0.0
 11
1.7565735564
 21
4.3622964101
 31
0.0
  0
LINE
  5
5A6
330
1F
100
AcDbEntity
  8
0
  6
Continuous
 62
     7
370
    25
100
AcDbLine
 10
1.7565735564
 20
4.3622964101
 30
0.0
 11
1.7310827308
 21
4.3622907178
 31
0.0
  0
LINE
  5
5A7
330
1F
100
AcDbEntity
  8
0
  6
Continuous
 62
     7
370
    25
100
AcDbLine
 10
1.7310827308
 20
4.3622907178
 30
0.0
 11
1.7310679414
 21
4.371744631
 31
0.0
  0
LINE
  5
5A8
330
1F
100
AcDbEntity
  8
0
  6
Continuous
 62
     7
370
    25
100
AcDbLine
 10
1.7310679414
 20
4.371744631
 30
0.0
 11
1.756558767
 21
4.3717511902
 31
0.0
  0
SPLINE
  5
5A9
330
1F
100
AcDbEntity
  8
0
  6
Continuous
 62
     7
370
    25
100
AcDbSpline
210
0.0
220
0.0
230
1.0
 70
     8
 71
     3
 72
     9
 73
     5
 74
     0
 42
0.00000001
 43
0.00000001
 40
0.0
 40
0.0
 40
0.0
 40
0.0
 40
0.4999999999999998
 40
1.0
 40
1.0
 40
1.0
 40
1.0
 10
1.756558766980887
 20
4.371751190185675
 30
0.0
 10
1.756550940796727
 20
4.377389143529476
 30
0.0
 10
1.756535288428407
 20
4.38866505021708
 30
0.0
 10
1.756519636060087
 20
4.403102896191346
 30
0.0
 10
1.756511809875926
 20
4.410321819178478
 30
0.0
  0
LINE
  5
5AA
330
1F
100
AcDbEntity
  8
0
  6
Continuous
 62
     7
370
    25
100
AcDbLine
 10
1.7565118099
 20
4.4103218192
 30
0.0
 11
1.7408254521
 21
4.4103161952
 31
0.0
  0
LINE
  5
5AB
330
1F
100
AcDbEntity
  8
0
  6
Continuous
 62
     7
370
    25
100
AcDbLine
 10
1.7408254521
 20
4.4103161952
 30
0.0
 11
1.7408383092
 21
4.3985091499
 31
0.0
  0
LINE
  5
5AC
330
1F
100
AcDbEntity
  8
0
  6
Continuous
 62
     7
370
    25
100
AcDbLine
 10
1.7408383092
 20
4.3985091499
 30
0.0
 11
1.6865243026
 21
4.3984911208
 31
0.0
  0
LINE
  5
5AD
330
1F
100
AcDbEntity
  8
0
  6
Continuous
 62
     7
370
    25
100
AcDbLine
 10
1.6865243026
 20
4.3984911208
 30
0.0
 11
1.6865355298
 21
4.3889366938
 31
0.0
  0
LINE
  5
5AE
330
1F
100
AcDbEntity
  8
0
  6
Continuous
 62
     7
370
    25
100
AcDbLine
 10
1.6865355298
 20
4.3889366938
 30
0.0
 11
1.7408495364
 21
4.3889534227
 31
0.0
  0
LINE
  5
5AF
330
1F
100
AcDbEntity
  8
0
  6
Continuous
 62
     7
370
    25
100
AcDbLine
 10
1.7408495364
 20
4.3889534227
 30
0.0
 11
1.7408611831
 21
4.3798065685
 31
0.0
  0
LINE
  5
5B0
330
1F
100
AcDbEntity
  8
0
  6
Continuous
 62
     7
370
    25
100
AcDbLine
 10
1.7408611831
 20
4.3798065685
 30
0.0
 11
1.6865471764
 21
4.3797912254
 31
0.0
  0
LINE
  5
5B1
330
1F
100
AcDbEntity
  8
0
  6
Continuous
 62
     7
370
    25
100
AcDbLine
 10
1.6865471764
 20
4.3797912254
 30
0.0
 11
1.6865584026
 21
4.3717331793
 31
0.0
  0
LINE
  5
5B2
330
1F
100
AcDbEntity
  8
0
  6
Continuous
 62
     7
370
    25
100
AcDbLine
 10
1.6865584026
 20
4.3717331793
 30
0.0
 11
1.7153838429
 21
4.3717405955
 31
0.0
  0
LINE
  5
5B3
330
1F
100
AcDbEntity
  8
0
  6
Continuous
 62
     7
370
    25
100
AcDbLine
 10
1.7153838429
 20
4.3717405955
 30
0.0
 11
1.7153986323
 21
4.3622872157
 31
0.0
  0
LINE
  5
5B4
330
1F
100
AcDbEntity
  8
0
  6
Continuous
 62
     7
370
    25
100
AcDbLine
 10
1.7153986323
 20
4.3622872157
 30
0.0
 11
1.686573192
 21
4.3622807798
 31
0.0
  0
LINE
  5
5B5
330
1F
100
AcDbEntity
  8
0
  6
Continuous
 62
     7
370
    25
100
AcDbLine
 10
1.686573192
 20
4.3622807798
 30
0.0
 11
1.6865844195
 21
4.3560073096
 31
0.0
  0
LINE
  5
5B6
330
1F
100
AcDbEntity
  8
0
  6
Continuous
 62
     7
370
    25
100
AcDbLine
 10
1.6865844195
 20
4.3560073096
 30
0.0
 11
1.7207408914
 21
4.3560140352
 31
0.0
  0
LINE
  5
5B7
330
1F
100
AcDbEntity
  8
0
  6
Continuous
 62
     7
370
    25
100
AcDbLine
 10
1.7207408914
 20
4.3560140352
 30
0.0
 11
1.7207409392
 21
4.3559890005
 31
0.0
  0
SPLINE
  5
5B8
330
1F
100
AcDbEntity
  8
0
  6
Continuous
 62
     7
370
    25
100
AcDbSpline
210
0.0
220
0.0
230
1.0
 70
     8
 71
     3
 72
    13
 73
     9
 74
     0
 42
0.00000001
 43
0.00000001
 40
0.0
 40
0.0
 40
0.0
 40
0.0
 40
0.2497862118918478
 40
0.3772980095804321
 40
0.5002401260719594
 40
0.6248906992611569
 40
0.7505971081715526
 40
1.0
 40
1.0
 40
1.0
 40
1.0
 10
1.7207409391704
 20
4.355989000475202
 30
0.0
 10
1.716002568849402
 20
4.355871259179612
 30
0.0
 10
1.708845337562586
 20
4.355693412868019
 30
0.0
 10
1.700164728894266
 20
4.354462002163714
 30
0.0
 10
1.69439411829549
 20
4.353191779727024
 30
0.0
 10
1.689734208014611
 20
4.351625391356671
 30
0.0
 10
1.685201477823553
 20
4.34925963838303
 30
0.0
 10
1.684561540748542
 20
4.347490276268025
 30
0.0
 10
1.684136059010868
 20
4.346313861747498
 30
0.0
  0
SPLINE
  5
5B9
330
1F
100
AcDbEntity
  8
0
  6
Continuous
 62
     7
370
    25
100
AcDbSpline
210
0.0
220
0.0
230
1.0
 70
     8
 71
     3
 72
    13
 73
     9
 74
     0
 42
0.00000001
 43
0.00000001
 40
0.0
 40
0.0
 40
0.0
 40
0.0
 40
0.249371877465876
 40
0.3750056748948694
 40
0.4997321104598948
 40
0.6225909927835838
 40
0.7501992208410166
 40
1.0
 40
1.0
 40
1.0
 40
1.0
 10
1.684136059010868
 20
4.346313861747498
 30
0.0
 10
1.684580337564956
 20
4.34521807208076
 30
0.0
 10
1.685248444092083
 20
4.343570222500873
 30
0.0
 10
1.689926735637862
 20
4.341930612867626
 30
0.0
 10
1.694722425325478
 20
4.340964280457046
 30
0.0
 10
1.700640635383535
 20
4.340268961503478
 30
0.0
 10
1.709510643121207
 20
4.339658616341514
 30
0.0
 10
1.716780353178444
 20
4.339594985992514
 30
0.0
 10
1.721592054017148
 20
4.339552870117021
 30
0.0
  0
LINE
  5
5BA
330
1F
100
AcDbEntity
  8
0
  6
Continuous
 62
     7
370
    25
100
AcDbLine
 10
1.721592083
 20
4.3395456352
 30
0.0
 11
1.6866269008
 21
4.3395423526
 31
0.0
  0
LINE
  5
5BB
330
1F
100
AcDbEntity
  8
0
  6
Continuous
 62
     7
370
    25
100
AcDbLine
 10
1.6866269008
 20
4.3395423526
 30
0.0
 11
1.6866381283
 21
4.337154681
 31
0.0
  0
LINE
  5
5BC
330
1F
100
AcDbEntity
  8
0
  6
Continuous
 62
     7
370
    25
100
AcDbLine
 10
1.6866381283
 20
4.337154681
 30
0.0
 11
1.7121300835
 21
4.3371563648
 31
0.0
  0
LINE
  5
5BD
330
1F
100
AcDbEntity
  8
0
  6
Continuous
 62
     7
370
    25
100
AcDbLine
 10
1.7121300835
 20
4.3371563648
 30
0.0
 11
1.712138596
 21
4.3359005725
 31
0.0
  0
SPLINE
  5
5BE
330
1F
100
AcDbEntity
  8
0
  6
Continuous
 62
     7
370
    25
100
AcDbSpline
210
0.0
220
0.0
230
1.0
 70
     8
 71
     3
 72
    13
 73
     9
 74
     0
 42
0.00000001
 43
0.00000001
 40
0.0
 40
0.0
 40
0.0
 40
0.0
 40
0.1333182880061175
 40
0.2499885755928716
 40
0.3709634455206131
 40
0.4996895834886691
 40
0.7494410840904837
 40
1.0
 40
1.0
 40
1.0
 40
1.0
 10
1.712138596011707
 20
4.33590057245209
 30
0.0
 10
1.71209229022612
 20
4.335837424556181
 30
0.0
 10
1.712005461047964
 20
4.335719014300646
 30
0.0
 10
1.711176249431355
 20
4.335569925668509
 30
0.0
 10
1.709676663826068
 20
4.335455344881162
 30
0.0
 10
1.706889658852428
 20
4.3353546763771
 30
0.0
 10
1.702786543989811
 20
4.335301479203691
 30
0.0
 10
1.699483490617531
 20
4.335288429632244
 30
0.0
 10
1.697829298650231
 20
4.335281894316632
 30
0.0
  0
SPLINE
  5
5BF
330
1F
100
AcDbEntity
  8
0
  6
Continuous
 62
     7
370
    25
100
AcDbSpline
210
0.0
220
0.0
230
1.0
 70
     8
 71
     3
 72
    10
 73
     6
 74
     0
 42
0.00000001
 43
0.00000001
 40
0.0
 40
0.0
 40
0.0
 40
0.0
 40
0.5005158479851546
 40
0.7986196192916237
 40
1.0
 40
1.0
 40
1.0
 40
1.0
 10
1.697829298650231
 20
4.335281894316632
 30
0.0
 10
1.695932397031242
 20
4.335274359208048
 30
0.0
 10
1.692905713950399
 20
4.335262336240999
 30
0.0
 10
1.689098932223281
 20
4.335236286993944
 30
0.0
 10
1.687356636874092
 20
4.335202276115715
 30
0.0
 10
1.686654183954795
 20
4.335188563721482
 30
0.0
  0
LINE
  5
5C0
330
1F
100
AcDbEntity
  8
0
  6
Continuous
 62
     7
370
    25
100
AcDbLine
 10
1.686654184
 20
4.3351885637
 30
0.0
 11
1.6866645959
 21
4.3348282513
 31
0.0
  0
LINE
  5
5C1
330
1F
100
AcDbEntity
  8
0
  6
Continuous
 62
     7
370
    25
100
AcDbLine
 10
1.6866645959
 20
4.3348282513
 30
0.0
 11
1.6866984145
 21
4.3351893459
 31
0.0
  0
LINE
  5
5C2
330
1F
100
AcDbEntity
  8
0
  6
Continuous
 62
     7
370
    25
100
AcDbLine
 10
1.7566649866
 20
4.3348282513
 30
0.0
 11
1.6899373578
 21
4.3348282513
 31
0.0
  0
LINE
  5
5C3
330
1F
100
AcDbEntity
  8
0
  6
Continuous
 62
     7
370
    25
100
AcDbLine
 10
1.6899373578
 20
4.3348282513
 30
0.0
 11
1.7024486801
 21
4.3348324248
 31
0.0
  0
SPLINE
  5
5C4
330
1F
100
AcDbEntity
  8
0
  6
Continuous
 62
     7
370
    25
100
AcDbSpline
210
0.0
220
0.0
230
1.0
 70
     8
 71
     3
 72
    12
 73
     8
 74
     0
 42
0.00000001
 43
0.00000001
 40
0.0
 40
0.0
 40
0.0
 40
0.0
 40
0.3150729102223189
 40
0.5716284683798692
 40
0.7892883415241081
 40
0.8934390183502288
 40
1.0
 40
1.0
 40
1.0
 40
1.0
 10
1.70244868011595
 20
4.334832424774446
 30
0.0
 10
1.704641097876968
 20
4.334833730236373
 30
0.0
 10
1.708618743577754
 20
4.334836098701504
 30
0.0
 10
1.713834093258201
 20
4.334852562367306
 30
0.0
 10
1.716985952496789
 20
4.334892948862441
 30
0.0
 10
1.718564420196238
 20
4.334949619786098
 30
0.0
 10
1.718991911989595
 20
4.334990097706339
 30
0.0
 10
1.719208102899376
 20
4.335010568177443
 30
0.0
  0
LINE
  5
5C5
330
1F
100
AcDbEntity
  8
0
  6
Continuous
 62
     7
370
    25
100
AcDbLine
 10
1.7192081029
 20
4.3350105682
 30
0.0
 11
1.7194046554
 21
4.3350105718
 31
0.0
  0
SPLINE
  5
5C6
330
1F
100
AcDbEntity
  8
0
  6
Continuous
 62
     7
370
    25
100
AcDbSpline
210
0.0
220
0.0
230
1.0
 70
     8
 71
     3
 72
    11
 73
     7
 74
     0
 42
0.00000001
 43
0.00000001
 40
0.0
 40
0.0
 40
0.0
 40
0.0
 40
0.2504285694199278
 40
0.4995761795701438
 40
0.7423131448882394
 40
1.0
 40
1.0
 40
1.0
 40
1.0
 10
1.719404655391768
 20
4.335010571816111
 30
0.0
 10
1.720229300053081
 20
4.334967071160241
 30
0.0
 10
1.721874371261832
 20
4.334880292357333
 30
0.0
 10
1.72624458856163
 20
4.334842353930036
 30
0.0
 10
1.731375044318976
 20
4.33482998587656
 30
0.0
 10
1.735061596857342
 20
4.334829771835162
 30
0.0
 10
1.736959940003756
 20
4.334829661617278
 30
0.0
  0
LINE
  5
5C7
330
1F
100
AcDbEntity
  8
0
  6
Continuous
 62
     7
370
    25
100
AcDbLine
 10
1.5780243026
 20
5.1348282513
 30
0.0
 11
1.5780243026
 21
4.3348282513
 31
0.0
  0
LINE
  5
5C8
330
1F
100
AcDbEntity
  8
0
  6
Continuous
 62
     7
370
    25
100
AcDbLine
 10
1.4853448107
 20
5.0023282513
 30
0.0
 11
1.4853448107
 21
4.4673282513
 31
0.0
  0
LINE
  5
5C9
330
1F
100
AcDbEntity
  8
0
  6
Continuous
 62
     7
370
    25
100
AcDbLine
 10
1.4680243026
 20
4.4773282513
 30
0.0
 11
1.4680243026
 21
4.9923282513
 31
0.0
  0
LINE
  5
5CA
330
1F
100
AcDbEntity
  8
0
  6
Continuous
 62
     7
370
    25
100
AcDbLine
 10
1.5680243026
 20
5.0023282513
 30
0.0
 11
1.5680243026
 21
4.4673282513
 31
0.0
  0
LINE
  5
5CB
330
1F
100
AcDbEntity
  8
0
  6
Continuous
 62
     7
370
    25
100
AcDbLine
 10
1.7408258944
 20
4.4103161954
 30
0.0
 11
1.7408383092
 21
4.3989295488
 31
0.0
  0
LINE
  5
5CC
330
1F
100
AcDbEntity
  8
0
  6
Continuous
 62
     7
370
    25
100
AcDbLine
 10
1.7408383092
 20
4.3989295488
 30
0.0
 11
1.7408383092
 21
4.3985091499
 31
0.0
  0
LINE
  5
5CD
330
1F
100
AcDbEntity
  8
0
  6
Continuous
 62
     7
370
    25
100
AcDbLine
 10
1.7121300835
 20
4.3376534547
 30
0.0
 11
1.712138596
 21
4.3363992321
 31
0.0
  0
LINE
  5
5CE
330
1F
100
AcDbEntity
  8
0
  6
Continuous
 62
     7
370
    25
100
AcDbLine
 10
1.6866381283
 20
4.337651773
 30
0.0
 11
1.7121300835
 21
4.3376534547
 31
0.0
  0
LINE
  5
5CF
330
1F
100
AcDbEntity
  8
0
  6
Continuous
 62
     7
370
    25
100
AcDbLine
 10
1.6866292271
 20
4.3395423528
 30
0.0
 11
1.6866381283
 21
4.337651773
 31
0.0
  0
LINE
  5
5D0
330
1F
100
AcDbEntity
  8
0
  6
Continuous
 62
     7
370
    25
100
AcDbLine
 10
1.721592054
 20
4.3400469643
 30
0.0
 11
1.721592083
 21
4.3400397385
 31
0.0
  0
SPLINE
  5
5D1
330
1F
100
AcDbEntity
  8
0
  6
Continuous
 62
     7
370
    25
100
AcDbSpline
210
0.0
220
0.0
230
1.0
 70
     8
 71
     3
 72
    13
 73
     9
 74
     0
 42
0.00000001
 43
0.00000001
 40
0.0
 40
0.0
 40
0.0
 40
0.0
 40
0.2492174960966282
 40
0.3747894583699216
 40
0.4995178098193083
 40
0.6223838931679082
 40
0.7500573751598169
 40
1.0
 40
1.0
 40
1.0
 40
1.0
 10
1.684136059010868
 20
4.346799504734489
 30
0.0
 10
1.684580481448907
 20
4.345705030106391
 30
0.0
 10
1.685248832778363
 20
4.34405908806986
 30
0.0
 10
1.689927163365936
 20
4.342421624841831
 30
0.0
 10
1.694722767089868
 20
4.341456560524083
 30
0.0
 10
1.700641098524304
 20
4.340762116818454
 30
0.0
 10
1.709511275660639
 20
4.340152548332698
 30
0.0
 10
1.716780549850053
 20
4.340089016087964
 30
0.0
 10
1.721592054017148
 20
4.340046964343551
 30
0.0
  0
LINE
  5
5D2
330
1F
100
AcDbEntity
  8
0
  6
Continuous
 62
     7
370
    25
100
AcDbLine
 10
1.7207408914
 20
4.356487553
 30
0.0
 11
1.7207409392
 21
4.3564625495
 31
0.0
  0
LINE
  5
5D3
330
1F
100
AcDbEntity
  8
0
  6
Continuous
 62
     7
370
    25
100
AcDbLine
 10
1.6865844195
 20
4.3564808358
 30
0.0
 11
1.7207408914
 21
4.356487553
 31
0.0
  0
LINE
  5
5D4
330
1F
100
AcDbEntity
  8
0
  6
Continuous
 62
     7
370
    25
100
AcDbLine
 10
1.6865740264
 20
4.36228078
 30
0.0
 11
1.6865844195
 21
4.3564808358
 31
0.0
  0
LINE
  5
5D5
330
1F
100
AcDbEntity
  8
0
  6
Continuous
 62
     7
370
    25
100
AcDbLine
 10
1.7153838429
 20
4.3721944551
 30
0.0
 11
1.7153986323
 21
4.362752892
 31
0.0
  0
LINE
  5
5D6
330
1F
100
AcDbEntity
  8
0
  6
Continuous
 62
     7
370
    25
100
AcDbLine
 10
1.6865584026
 20
4.3721870481
 30
0.0
 11
1.7153838429
 21
4.3721944551
 31
0.0
  0
LINE
  5
5D7
330
1F
100
AcDbEntity
  8
0
  6
Continuous
 62
     7
370
    25
100
AcDbLine
 10
1.6865477955
 20
4.3797912256
 30
0.0
 11
1.6865584026
 21
4.3721870481
 31
0.0
  0
LINE
  5
5D8
330
1F
100
AcDbEntity
  8
0
  6
Continuous
 62
     7
370
    25
100
AcDbLine
 10
1.7408495364
 20
4.3893857662
 30
0.0
 11
1.7408611831
 21
4.3802503456
 31
0.0
  0
LINE
  5
5D9
330
1F
100
AcDbEntity
  8
0
  6
Continuous
 62
     7
370
    25
100
AcDbLine
 10
1.6865355298
 20
4.3893690583
 30
0.0
 11
1.7408495364
 21
4.3893857662
 31
0.0
  0
LINE
  5
5DA
330
1F
100
AcDbEntity
  8
0
  6
Continuous
 62
     7
370
    25
100
AcDbLine
 10
1.6865247972
 20
4.3984911209
 30
0.0
 11
1.6865355298
 21
4.3893690583
 31
0.0
  0
LINE
  5
5DB
330
1F
100
AcDbEntity
  8
0
  6
Continuous
 62
     7
370
    25
100
AcDbLine
 10
1.7310679414
 20
4.3721984855
 30
0.0
 11
1.756558767
 21
4.3722050365
 31
0.0
  0
LINE
  5
5DC
330
1F
100
AcDbEntity
  8
0
  6
Continuous
 62
     7
370
    25
100
AcDbLine
 10
1.7208108913
 20
4.3564875667
 30
0.0
 11
1.7565847839
 21
4.3564946031
 31
0.0
  0
LINE
  5
5DD
330
1F
100
AcDbEntity
  8
0
  6
Continuous
 62
     7
370
    25
100
AcDbLine
 10
1.7208109393
 20
4.3564625074
 30
0.0
 11
1.7208108913
 21
4.3564875667
 31
0.0
  0
SPLINE
  5
5DE
330
1F
100
AcDbEntity
  8
0
  6
Continuous
 62
     7
370
    25
100
AcDbSpline
210
0.0
220
0.0
230
1.0
 70
     8
 71
     3
 72
    13
 73
     9
 74
     0
 42
0.00000001
 43
0.00000001
 40
0.0
 40
0.0
 40
0.0
 40
0.0
 40
0.2499109979542073
 40
0.3773321395429654
 40
0.5004159030175903
 40
0.6249426880700976
 40
0.7507067174578151
 40
1.0
 40
1.0
 40
1.0
 40
1.0
 10
1.721662053104257
 20
4.340047195474862
 30
0.0
 10
1.726300714392732
 20
4.340118303664609
 30
0.0
 10
1.733304471742044
 20
4.340225667508521
 30
0.0
 10
1.741726082040181
 20
4.340877097516684
 30
0.0
 10
1.747293916561019
 20
4.341592089543712
 30
0.0
 10
1.751765982377742
 20
4.342562689818126
 30
0.0
 10
1.756092910915781
 20
4.344180937356397
 30
0.0
 10
1.756682467237164
 20
4.345779792446245
 30
0.0
 10
1.757074333829085
 20
4.346842520250715
 30
0.0
  0
LINE
  5
5DF
330
1F
100
AcDbEntity
  8
0
  6
Continuous
 62
     7
370
    25
100
AcDbLine
 10
1.721662083
 20
4.3400397451
 30
0.0
 11
1.7216620531
 21
4.3400471955
 31
0.0
  0
SPLINE
  5
5E0
330
1F
100
AcDbEntity
  8
0
  6
Continuous
 62
     7
370
    25
100
AcDbSpline
210
0.0
220
0.0
230
1.0
 70
     8
 71
     3
 72
    13
 73
     9
 74
     0
 42
0.00000001
 43
0.00000001
 40
0.0
 40
0.0
 40
0.0
 40
0.0
 40
0.1329853030982404
 40
0.2555608282013094
 40
0.3753884824527547
 40
0.5006354246237092
 40
0.7499883571671554
 40
1.0
 40
1.0
 40
1.0
 40
1.0
 10
1.736959940003756
 20
4.335329659854432
 30
0.0
 10
1.738532661240911
 20
4.335329835401223
 30
0.0
 10
1.741554994781034
 20
4.335330172753413
 30
0.0
 10
1.745785885357193
 20
4.335336754560712
 30
0.0
 10
1.749403425799744
 20
4.335359885614193
 30
0.0
 10
1.753216330474225
 20
4.335436276171905
 30
0.0
 10
1.756127481693559
 20
4.335639777102981
 30
0.0
 10
1.756475165992976
 20
4.335980742068239
 30
0.0
 10
1.756649237457334
 20
4.336151449433792
 30
0.0
  0
SPLINE
  5
5E1
330
1F
100
AcDbEntity
  8
0
  6
Continuous
 62
     7
370
    25
100
AcDbSpline
210
0.0
220
0.0
230
1.0
 70
     8
 71
     3
 72
    10
 73
     6
 74
     0
 42
0.00000001
 43
0.00000001
 40
0.0
 40
0.0
 40
0.0
 40
0.0
 40
0.3537820974394323
 40
0.7058985236472889
 40
0.9999999999999999
 40
0.9999999999999999
 40
0.9999999999999999
 40
0.9999999999999999
 10
1.719404655391768
 20
4.335510343915517
 30
0.0
 10
1.72023178314103
 20
4.335466974529687
 30
0.0
 10
1.721882144369869
 20
4.335380439949081
 30
0.0
 10
1.726014571704653
 20
4.33534324885393
 30
0.0
 10
1.729185670583902
 20
4.335337001673803
 30
0.0
 10
1.730628875512692
 20
4.335334158507603
 30
0.0
  0
LINE
  5
5E2
330
1F
100
AcDbEntity
  8
0
  6
Continuous
 62
     7
370
    25
100
AcDbLine
 10
1.7192081029
 20
4.3355103403
 30
0.0
 11
1.7194046554
 21
4.3355103439
 31
0.0
  0
SPLINE
  5
5E3
330
1F
100
AcDbEntity
  8
0
  6
Continuous
 62
     7
370
    25
100
AcDbSpline
210
0.0
220
0.0
230
1.0
 70
     8
 71
     3
 72
    12
 73
     8
 74
     0
 42
0.00000001
 43
0.00000001
 40
0.0
 40
0.0
 40
0.0
 40
0.0
 40
0.2440681733134468
 40
0.527325343741833
 40
0.7675511066809247
 40
0.8824574370506119
 40
1.0
 40
1.0
 40
1.0
 40
1.0
 10
1.704393727437377
 20
4.335334452479506
 30
0.0
 10
1.705929589828452
 20
4.335335467807085
 30
0.0
 10
1.709247921556503
 20
4.335337661489112
 30
0.0
 10
1.713831294441897
 20
4.335352621593649
 30
0.0
 10
1.71698576005283
 20
4.335392847367233
 30
0.0
 10
1.718564300504245
 20
4.335449464224436
 30
0.0
 10
1.718991885668352
 20
4.335489895417303
 30
0.0
 10
1.719208102899376
 20
4.335510340281397
 30
0.0
  0
SPLINE
  5
5E4
330
1F
100
AcDbEntity
  8
0
  6
Continuous
 62
     7
370
    25
100
AcDbSpline
210
0.0
220
0.0
230
1.0
 70
     8
 71
     3
 72
    13
 73
     9
 74
     0
 42
0.00000001
 43
0.00000001
 40
0.0
 40
0.0
 40
0.0
 40
0.0
 40
0.1324086395874781
 40
0.2545147030459893
 40
0.3742918289215166
 40
0.5001570779534663
 40
0.7497110085176081
 40
0.9999999999999999
 40
0.9999999999999999
 40
0.9999999999999999
 40
0.9999999999999999
 10
1.742460965809233
 20
4.346834817828398
 30
0.0
 10
1.742384285575234
 20
4.347151501401998
 30
0.0
 10
1.742236891515097
 20
4.347760227735457
 30
0.0
 10
1.740946234683589
 20
4.348652933578035
 30
0.0
 10
1.738825102985543
 20
4.349435178213566
 30
0.0
 10
1.735006942476198
 20
4.350273764304161
 30
0.0
 10
1.729104463787074
 20
4.350924795130365
 30
0.0
 10
1.724148726434792
 20
4.351003156340179
 30
0.0
 10
1.721667213845045
 20
4.351042394563449
 30
0.0
  0
SPLINE
  5
5E5
330
1F
100
AcDbEntity
  8
0
  6
Continuous
 62
     7
370
    25
100
AcDbSpline
210
0.0
220
0.0
230
1.0
 70
     8
 71
     3
 72
    13
 73
     9
 74
     0
 42
0.00000001
 43
0.00000001
 40
0.0
 40
0.0
 40
0.0
 40
0.0
 40
0.2502728769247639
 40
0.4997878513505939
 40
0.6256752115407294
 40
0.7454653891967575
 40
0.8675805614078844
 40
1.0
 40
1.0
 40
1.0
 40
1.0
 10
1.721667213845045
 20
4.351042394563449
 30
0.0
 10
1.719185988905747
 20
4.35100231015169
 30
0.0
 10
1.714231052931993
 20
4.35092226271598
 30
0.0
 10
1.708331866060514
 20
4.350269354748584
 30
0.0
 10
1.704516907051784
 20
4.349429867010597
 30
0.0
 10
1.702398779424213
 20
4.348647062960215
 30
0.0
 10
1.701112141673897
 20
4.347754082345301
 30
0.0
 10
1.700967950801801
 20
4.347145409391247
 30
0.0
 10
1.70089293674272
 20
4.34682875253029
 30
0.0
  0
LINE
  5
5E6
330
1F
100
AcDbEntity
  8
0
  6
Continuous
 62
     7
370
    25
100
AcDbLine
 10
1.7421110137
 20
4.3363509383
 30
0.0
 11
1.74210208
 21
4.3376554327
 31
0.0
  0
LINE
  5
5E7
330
1F
100
AcDbEntity
  8
0
  6
Continuous
 62
     7
370
    25
100
AcDbLine
 10
1.74210208
 20
4.3376554327
 30
0.0
 11
1.7263191405
 21
4.337654391
 31
0.0
  0
LINE
  5
5E8
330
1F
100
AcDbEntity
  8
0
  6
Continuous
 62
     7
370
    25
100
AcDbLine
 10
1.6930243026
 20
5.0698765154
 30
0.0
 11
1.7397791103
 21
5.0698765154
 31
0.0
  0
LINE
  5
5E9
330
1F
100
AcDbEntity
  8
0
  6
Continuous
 62
     7
370
    25
100
AcDbLine
 10
1.7309329564
 20
5.0772060628
 30
0.0
 11
1.7380243026
 21
5.0772060628
 31
0.0
  0
SPLINE
  5
5EA
330
1F
100
AcDbEntity
  8
0
  6
Continuous
 62
     7
370
    25
100
AcDbSpline
210
0.0
220
0.0
230
1.0
 70
     8
 71
     3
 72
     9
 73
     5
 74
     0
 42
0.00000001
 43
0.00000001
 40
0.0
 40
0.0
 40
0.0
 40
0.0
 40
0.5003906521418142
 40
1.0
 40
1.0
 40
1.0
 40
1.0
 10
1.738024302593296
 20
5.077206062757353
 30
0.0
 10
1.73988761946142
 20
5.075460913466958
 30
0.0
 10
1.743611343835864
 20
5.071973339742457
 30
0.0
 10
1.749888284407671
 20
5.069575824096367
 30
0.0
 10
1.753024302593296
 20
5.068378002867943
 30
0.0
  0
LINE
  5
5EB
330
1F
100
AcDbEntity
  8
0
  6
Continuous
 62
     7
370
    25
100
AcDbLine
 10
1.7380243026
 20
5.0776345707
 30
0.0
 11
1.7380243026
 21
5.0772060628
 31
0.0
  0
LINE
  5
5EC
330
1F
100
AcDbEntity
  8
0
  6
Continuous
 62
     7
370
    25
100
AcDbLine
 10
1.7397791103
 20
5.0702958499
 30
0.0
 11
1.7397791103
 21
5.0698765154
 31
0.0
  0
LINE
  5
5ED
330
1F
100
AcDbEntity
  8
0
  6
Continuous
 62
     7
370
    25
100
AcDbLine
 10
1.6865355298
 20
4.3893690583
 30
0.0
 11
1.6865355298
 21
4.3889366938
 31
0.0
  0
LINE
  5
5EE
330
1F
100
AcDbEntity
  8
0
  6
Continuous
 62
     7
370
    25
100
AcDbLine
 10
1.7408495364
 20
4.3893857662
 30
0.0
 11
1.7408495364
 21
4.3889534227
 31
0.0
  0
LINE
  5
5EF
330
1F
100
AcDbEntity
  8
0
  6
Continuous
 62
     7
370
    25
100
AcDbLine
 10
1.7408611831
 20
4.3802503456
 30
0.0
 11
1.7408611831
 21
4.3798065685
 31
0.0
  0
SPLINE
  5
5F0
330
1F
100
AcDbEntity
  8
0
  6
Continuous
 62
     7
370
    25
100
AcDbSpline
210
0.0
220
0.0
230
1.0
 70
     8
 71
     3
 72
    13
 73
     9
 74
     0
 42
0.00000001
 43
0.00000001
 40
0.0
 40
0.0
 40
0.0
 40
0.0
 40
0.2506200503609425
 40
0.5005859676455472
 40
0.6320042491866921
 40
0.7504218785276792
 40
0.8750897387330355
 40
0.9999999999999999
 40
0.9999999999999999
 40
0.9999999999999999
 40
0.9999999999999999
 10
1.722615648747143
 20
5.100818764436488
 30
0.0
 10
1.726009333936072
 20
5.100781936845129
 30
0.0
 10
1.732787846595926
 20
5.100708377784589
 30
0.0
 10
1.741261764306295
 20
5.099922754130034
 30
0.0
 10
1.74719672765805
 20
5.098522349991636
 30
0.0
 10
1.750697738067446
 20
5.096943561560811
 30
0.0
 10
1.752723178551093
 20
5.094944308214245
 30
0.0
 10
1.752923862941443
 20
5.093447815912316
 30
0.0
 10
1.753024302593296
 20
5.092698843032339
 30
0.0
  0
SPLINE
  5
5F1
330
1F
100
AcDbEntity
  8
0
  6
Continuous
 62
     7
370
    25
100
AcDbSpline
210
0.0
220
0.0
230
1.0
 70
     8
 71
     3
 72
    10
 73
     6
 74
     0
 42
0.00000001
 43
0.00000001
 40
0.0
 40
0.0
 40
0.0
 40
0.0
 40
0.4989591466366511
 40
0.7494303397190318
 40
1.0
 40
1.0
 40
1.0
 40
1.0
 10
1.692255071824065
 20
5.092698843032339
 30
0.0
 10
1.692470783506429
 20
5.09380917910196
 30
0.0
 10
1.692794779730336
 20
5.095476889862385
 30
0.0
 10
1.695320640374144
 20
5.097356253889255
 30
0.0
 10
1.697130976081842
 20
5.098082651607092
 30
0.0
 10
1.698036321824065
 20
5.098445921843771
 30
0.0
  0
SPLINE
  5
5F2
330
1F
100
AcDbEntity
  8
0
  6
Continuous
 62
     7
370
    25
100
AcDbSpline
210
0.0
220
0.0
230
1.0
 70
     8
 71
     3
 72
    10
 73
     6
 74
     0
 42
0.00000001
 43
0.00000001
 40
0.0
 40
0.0
 40
0.0
 40
0.0
 40
0.249639918424538
 40
0.4997649854710474
 40
1.0
 40
1.0
 40
1.0
 40
1.0
 10
1.698036321824065
 20
5.098445921843771
 30
0.0
 10
1.699872790360638
 20
5.098900050680467
 30
0.0
 10
1.703549296415001
 20
5.099809190904939
 30
0.0
 10
1.711925743204006
 20
5.100658410695037
 30
0.0
 10
1.718339712377856
 20
5.10075462332764
 30
0.0
 10
1.722615648747143
 20
5.100818764436488
 30
0.0
  0
SPLINE
  5
5F3
330
1F
100
AcDbEntity
  8
0
  6
Continuous
 62
     7
370
    25
100
AcDbSpline
210
0.0
220
0.0
230
1.0
 70
     8
 71
     3
 72
    12
 73
     8
 74
     0
 42
0.00000001
 43
0.00000001
 40
0.0
 40
0.0
 40
0.0
 40
0.0
 40
0.5006353216686327
 40
0.625809036966924
 40
0.7507547669498345
 40
0.8753900485310842
 40
1.0
 40
1.0
 40
1.0
 40
1.0
 10
1.722639687208681
 20
5.087428639904008
 30
0.0
 10
1.727560026547525
 20
5.087455034320732
 30
0.0
 10
1.733710597012528
 20
5.087488028126396
 30
0.0
 10
1.740705744609397
 20
5.088614283962841
 30
0.0
 10
1.743610341564652
 20
5.089673311196176
 30
0.0
 10
1.745753972224884
 20
5.091092636088044
 30
0.0
 10
1.745985482364355
 20
5.092188371323393
 30
0.0
 10
1.74610122567022
 20
5.092736183262776
 30
0.0
  0
SPLINE
  5
5F4
330
1F
100
AcDbEntity
  8
0
  6
Continuous
 62
     7
370
    25
100
AcDbSpline
210
0.0
220
0.0
230
1.0
 70
     8
 71
     3
 72
    12
 73
     8
 74
     0
 42
0.00000001
 43
0.00000001
 40
0.0
 40
0.0
 40
0.0
 40
0.0
 40
0.124521303851846
 40
0.2491943847800943
 40
0.3741098253456748
 40
0.4993095205187028
 40
1.0
 40
1.0
 40
1.0
 40
1.0
 10
1.699178148747143
 20
5.092698843032339
 30
0.0
 10
1.6993095048677
 20
5.09215345167788
 30
0.0
 10
1.699572377216742
 20
5.091062004199938
 30
0.0
 10
1.70173891322835
 20
5.089660529449714
 30
0.0
 10
1.704611976374485
 20
5.088590529804903
 30
0.0
 10
1.711613181200205
 20
5.087492860533412
 30
0.0
 10
1.717739135650193
 20
5.087457181719999
 30
0.0
 10
1.722639687208681
 20
5.087428639904008
 30
0.0
  0
SPLINE
  5
5F5
330
1F
100
AcDbEntity
  8
0
  6
Continuous
 62
     7
370
    25
100
AcDbSpline
210
0.0
220
0.0
230
1.0
 70
     8
 71
     3
 72
    12
 73
     8
 74
     0
 42
0.00000001
 43
0.00000001
 40
0.0
 40
0.0
 40
0.0
 40
0.0
 40
0.1246285781746327
 40
0.2493679806442548
 40
0.3743001701902737
 40
0.4994763830735792
 40
1.0
 40
1.0
 40
1.0
 40
1.0
 10
1.699178148747143
 20
5.093146741144595
 30
0.0
 10
1.69930945824598
 20
5.092600698927752
 30
0.0
 10
1.69957219400887
 20
5.091508128933334
 30
0.0
 10
1.701738375246716
 20
5.090104878817488
 30
0.0
 10
1.70461142713106
 20
5.089033412299467
 30
0.0
 10
1.711612601709209
 20
5.087934265473301
 30
0.0
 10
1.717738957487285
 20
5.087898529069877
 30
0.0
 10
1.722639687208681
 20
5.087869942017354
 30
0.0
  0
LINE
  5
5F6
330
1F
100
AcDbEntity
  8
0
  6
Continuous
 62
     7
370
    25
100
AcDbLine
 10
1.7226396872
 20
5.0874286399
 30
0.0
 11
1.7226396872
 21
5.087869942
 31
0.0
  0
LINE
  5
5F7
330
1F
100
AcDbEntity
  8
0
  6
Continuous
 62
     7
370
    25
100
AcDbLine
 10
1.6991781487
 20
5.092698843
 30
0.0
 11
1.6991781487
 21
5.0931467411
 31
0.0
  0
SPLINE
  5
5F8
330
1F
100
AcDbEntity
  8
0
  6
Continuous
 62
     7
370
    25
100
AcDbSpline
210
0.0
220
0.0
230
1.0
 70
     8
 71
     3
 72
    12
 73
     8
 74
     0
 42
0.00000001
 43
0.00000001
 40
0.0
 40
0.0
 40
0.0
 40
0.0
 40
0.500478701177606
 40
0.6256562070231508
 40
0.7505878888278095
 40
0.8753281206205737
 40
1.0
 40
1.0
 40
1.0
 40
1.0
 10
1.722639687208681
 20
5.098125403918593
 30
0.0
 10
1.717740754010113
 20
5.098100319703675
 30
0.0
 10
1.71161652143785
 20
5.098068961536534
 30
0.0
 10
1.704600374329518
 20
5.097085082475533
 30
0.0
 10
1.7017445765452
 20
5.096088843996288
 30
0.0
 10
1.699553684793363
 20
5.094770300432369
 30
0.0
 10
1.699303304556639
 20
5.093687828688577
 30
0.0
 10
1.699178148747143
 20
5.093146741144595
 30
0.0
  0
SPLINE
  5
5F9
330
1F
100
AcDbEntity
  8
0
  6
Continuous
 62
     7
370
    25
100
AcDbSpline
210
0.0
220
0.0
230
1.0
 70
     8
 71
     3
 72
    10
 73
     6
 74
     0
 42
0.00000001
 43
0.00000001
 40
0.0
 40
0.0
 40
0.0
 40
0.0
 40
0.2494160731631697
 40
0.4995689914936113
 40
1.0
 40
1.0
 40
1.0
 40
1.0
 10
1.741990648747142
 20
5.096658236903478
 30
0.0
 10
1.740497574948607
 20
5.096965887073018
 30
0.0
 10
1.737507016391974
 20
5.09758209629715
 30
0.0
 10
1.730913275282422
 20
5.098032631374135
 30
0.0
 10
1.725949288002993
 20
5.098088293044315
 30
0.0
 10
1.722639687208681
 20
5.098125403918593
 30
0.0
  0
SPLINE
  5
5FA
330
1F
100
AcDbEntity
  8
0
  6
Continuous
 62
     7
370
    25
100
AcDbSpline
210
0.0
220
0.0
230
1.0
 70
     8
 71
     3
 72
    11
 73
     7
 74
     0
 42
0.00000001
 43
0.00000001
 40
0.0
 40
0.0
 40
0.0
 40
0.0
 40
0.2499770376434952
 40
0.4998309935750792
 40
0.749813943778636
 40
0.9999999999999999
 40
0.9999999999999999
 40
0.9999999999999999
 40
0.9999999999999999
 10
1.74610122567022
 20
5.093184128108737
 30
0.0
 10
1.746058086219813
 20
5.093529135510186
 30
0.0
 10
1.745971828559661
 20
5.094218980441076
 30
0.0
 10
1.745127003445816
 20
5.095181362150589
 30
0.0
 10
1.743792145039422
 20
5.096020335131426
 30
0.0
 10
1.742591310054169
 20
5.096445545423736
 30
0.0
 10
1.741990648747142
 20
5.096658236903478
 30
0.0
  0
SPLINE
  5
5FB
330
1F
100
AcDbEntity
  8
0
  6
Continuous
 62
     7
370
    25
100
AcDbSpline
210
0.0
220
0.0
230
1.0
 70
     8
 71
     3
 72
    12
 73
     8
 74
     0
 42
0.00000001
 43
0.00000001
 40
0.0
 40
0.0
 40
0.0
 40
0.0
 40
0.5004676345093159
 40
0.6256181048432121
 40
0.7505797837678653
 40
0.8752822366754894
 40
1.0
 40
1.0
 40
1.0
 40
1.0
 10
1.722639687208681
 20
5.087869942017354
 30
0.0
 10
1.727560213912244
 20
5.087896384375079
 30
0.0
 10
1.733711202265629
 20
5.087929439095478
 30
0.0
 10
1.740706278452019
 20
5.089057190440002
 30
0.0
 10
1.743610905160188
 20
5.090117687888355
 30
0.0
 10
1.745754141617086
 20
5.09153879787765
 30
0.0
 10
1.745985526251401
 20
5.092635662255057
 30
0.0
 10
1.74610122567022
 20
5.093184128108737
 30
0.0
  0
LINE
  5
5FC
330
1F
100
AcDbEntity
  8
0
  6
Continuous
 62
     7
370
    25
100
AcDbLine
 10
1.7461012257
 20
5.0927361833
 30
0.0
 11
1.7461012257
 21
5.0931841281
 31
0.0
  0
LINE
  5
5FD
330
1F
100
AcDbEntity
  8
0
  6
Continuous
 62
     7
370
    25
100
AcDbLine
 10
1.6865584026
 20
4.3721870481
 30
0.0
 11
1.6865584026
 21
4.3717331793
 31
0.0
  0
LINE
  5
5FE
330
1F
100
AcDbEntity
  8
0
  6
Continuous
 62
     7
370
    25
100
AcDbLine
 10
1.6980363218
 20
5.0989010128
 30
0.0
 11
1.6980363218
 21
5.0984459218
 31
0.0
  0
LINE
  5
5FF
330
1F
100
AcDbEntity
  8
0
  6
Continuous
 62
     7
370
    25
100
AcDbLine
 10
1.7226156487
 20
5.1012768252
 30
0.0
 11
1.7226156487
 21
5.1008187644
 31
0.0
  0
LINE
  5
600
330
1F
100
AcDbEntity
  8
0
  6
Continuous
 62
     7
370
    25
100
AcDbLine
 10
1.7310679414
 20
4.3721984855
 30
0.0
 11
1.7310679414
 21
4.371744631
 31
0.0
  0
LINE
  5
601
330
1F
100
AcDbEntity
  8
0
  6
Continuous
 62
     7
370
    25
100
AcDbLine
 10
1.7153838429
 20
4.3721944551
 30
0.0
 11
1.7153838429
 21
4.3717405955
 31
0.0
  0
LINE
  5
602
330
1F
100
AcDbEntity
  8
0
  6
Continuous
 62
     7
370
    25
100
AcDbLine
 10
1.7153986323
 20
4.362752892
 30
0.0
 11
1.7153986323
 21
4.3622872157
 31
0.0
  0
LINE
  5
603
330
1F
100
AcDbEntity
  8
0
  6
Continuous
 62
     7
370
    25
100
AcDbLine
 10
1.6930243026
 20
5.1223794706
 30
0.0
 11
1.7530243026
 21
5.1223794706
 31
0.0
  0
SPLINE
  5
604
330
1F
100
AcDbEntity
  8
0
  6
Continuous
 62
     7
370
    25
100
AcDbSpline
210
0.0
220
0.0
230
1.0
 70
     8
 71
     3
 72
     9
 73
     5
 74
     0
 42
0.00000001
 43
0.00000001
 40
0.0
 40
0.0
 40
0.0
 40
0.0
 40
0.3520862668799746
 40
1.0
 40
1.0
 40
1.0
 40
1.0
 10
1.702110841054835
 20
5.114384766599323
 30
0.0
 10
1.703231145967823
 20
5.114278594385333
 30
0.0
 10
1.706413050570112
 20
5.1139770426806
 30
0.0
 10
1.709586178131118
 20
5.113661380960814
 30
0.0
 10
1.711642091054835
 20
5.113456859397546
 30
0.0
  0
LINE
  5
605
330
1F
100
AcDbEntity
  8
0
  6
Continuous
 62
     7
370
    25
100
AcDbLine
 10
1.7116420911
 20
5.1134568594
 30
0.0
 11
1.7530243026
 21
5.1090175832
 31
0.0
  0
LINE
  5
606
330
1F
100
AcDbEntity
  8
0
  6
Continuous
 62
     7
370
    25
100
AcDbLine
 10
1.6930243026
 20
5.1075425041
 30
0.0
 11
1.7437935334
 21
5.1075425041
 31
0.0
  0
LINE
  5
607
330
1F
100
AcDbEntity
  8
0
  6
Continuous
 62
     7
370
    25
100
AcDbLine
 10
1.6930243026
 20
5.1157543259
 30
0.0
 11
1.7437935334
 21
5.1202415044
 31
0.0
  0
LINE
  5
608
330
1F
100
AcDbEntity
  8
0
  6
Continuous
 62
     7
370
    25
100
AcDbLine
 10
1.6865844195
 20
4.3564808358
 30
0.0
 11
1.6865844195
 21
4.3560073096
 31
0.0
  0
LINE
  5
609
330
1F
100
AcDbEntity
  8
0
  6
Continuous
 62
     7
370
    25
100
AcDbLine
 10
1.7437935334
 20
5.1075425041
 30
0.0
 11
1.7437935334
 21
5.10800898
 31
0.0
  0
LINE
  5
60A
330
1F
100
AcDbEntity
  8
0
  6
Continuous
 62
     7
370
    25
100
AcDbLine
 10
1.7116420911
 20
5.1134568594
 30
0.0
 11
1.7116420911
 21
5.1139307375
 31
0.0
  0
LINE
  5
60B
330
1F
100
AcDbEntity
  8
0
  6
Continuous
 62
     7
370
    25
100
AcDbLine
 10
1.7208109393
 20
4.3564875667
 30
0.0
 11
1.7208109393
 21
4.356014049
 31
0.0
  0
LINE
  5
60C
330
1F
100
AcDbEntity
  8
0
  6
Continuous
 62
     7
370
    25
100
AcDbLine
 10
1.7207408914
 20
4.356487553
 30
0.0
 11
1.7207408914
 21
4.3560140352
 31
0.0
  0
LINE
  5
60D
330
1F
100
AcDbEntity
  8
0
  6
Continuous
 62
     7
370
    25
100
AcDbLine
 10
1.7021108411
 20
5.1143847666
 30
0.0
 11
1.7021108411
 21
5.114859806
 31
0.0
  0
LINE
  5
60E
330
1F
100
AcDbEntity
  8
0
  6
Continuous
 62
     7
370
    25
100
AcDbLine
 10
1.7437935334
 20
5.1202415044
 30
0.0
 11
1.7437935334
 21
5.1207238739
 31
0.0
  0
SPLINE
  5
60F
330
1F
100
AcDbEntity
  8
0
  6
Continuous
 62
     7
370
    25
100
AcDbSpline
210
0.0
220
0.0
230
1.0
 70
     8
 71
     3
 72
    13
 73
     9
 74
     0
 42
0.00000001
 43
0.00000001
 40
0.0
 40
0.0
 40
0.0
 40
0.0
 40
0.2502714958634248
 40
0.4997833372626286
 40
0.6256075225550475
 40
0.7453873544840905
 40
0.867531731553559
 40
1.0
 40
1.0
 40
1.0
 40
1.0
 10
1.721667213845045
 20
4.350562061826556
 30
0.0
 10
1.719184696423935
 20
4.350521889181151
 30
0.0
 10
1.714227196820336
 20
4.350441665827237
 30
0.0
 10
1.708326813956924
 20
4.349787295663002
 30
0.0
 10
1.704513572223369
 20
4.348946545581134
 30
0.0
 10
1.702397356679803
 20
4.348162970479097
 30
0.0
 10
1.701111954569847
 20
4.347269242200377
 30
0.0
 10
1.700967889837207
 20
4.346660078180173
 30
0.0
 10
1.70089293674272
 20
4.346343146148801
 30
0.0
  0
LINE
  5
610
330
1F
100
AcDbEntity
  8
0
  6
Continuous
 62
     7
370
    25
100
AcDbLine
 10
1.7008929367
 20
4.3468287525
 30
0.0
 11
1.7008929367
 21
4.3463431461
 31
0.0
  0
LINE
  5
611
330
1F
100
AcDbEntity
  8
0
  6
Continuous
 62
     7
370
    25
100
AcDbLine
 10
1.7216672138
 20
4.3510423946
 30
0.0
 11
1.7216672138
 21
4.3505620618
 31
0.0
  0
SPLINE
  5
612
330
1F
100
AcDbEntity
  8
0
  6
Continuous
 62
     7
370
    25
100
AcDbSpline
210
0.0
220
0.0
230
1.0
 70
     8
 71
     3
 72
    13
 73
     9
 74
     0
 42
0.00000001
 43
0.00000001
 40
0.0
 40
0.0
 40
0.0
 40
0.0
 40
0.1325053114675442
 40
0.2546831964188997
 40
0.3744980156003209
 40
0.5003635358100764
 40
0.7498356574163342
 40
1.0
 40
1.0
 40
1.0
 40
1.0
 10
1.70089293674272
 20
4.346343146148801
 30
0.0
 10
1.700969612672123
 20
4.346033486561144
 30
0.0
 10
1.70111698843067
 20
4.345438302166548
 30
0.0
 10
1.702407508161913
 20
4.344647809188703
 30
0.0
 10
1.704528563666662
 20
4.343996285315781
 30
0.0
 10
1.708346488072796
 20
4.343337563982944
 30
0.0
 10
1.71424935452004
 20
4.342862032768252
 30
0.0
 10
1.719205664712282
 20
4.342806423868964
 30
0.0
 10
1.721687253166586
 20
4.342778580897665
 30
0.0
  0
SPLINE
  5
613
330
1F
100
AcDbEntity
  8
0
  6
Continuous
 62
     7
370
    25
100
AcDbSpline
210
0.0
220
0.0
230
1.0
 70
     8
 71
     3
 72
    13
 73
     9
 74
     0
 42
0.00000001
 43
0.00000001
 40
0.0
 40
0.0
 40
0.0
 40
0.0
 40
0.1325042190352455
 40
0.2546824239359199
 40
0.3744980782205635
 40
0.500363901519099
 40
0.7498358562003532
 40
1.0
 40
1.0
 40
1.0
 40
1.0
 10
1.742460965809233
 20
4.34634921903802
 30
0.0
 10
1.742384292409866
 20
4.346666291901285
 30
0.0
 10
1.742236920746199
 20
4.347275728234472
 30
0.0
 10
1.740946459603699
 20
4.348169494053018
 30
0.0
 10
1.738825510287437
 20
4.348952718396566
 30
0.0
 10
1.735007773461051
 20
4.349792328604672
 30
0.0
 10
1.729105063710232
 20
4.350444301217621
 30
0.0
 10
1.724148785920263
 20
4.350522772052765
 30
0.0
 10
1.721667213845045
 20
4.350562061826556
 30
0.0
  0
SPLINE
  5
614
330
1F
100
AcDbEntity
  8
0
  6
Continuous
 62
     7
370
    25
100
AcDbSpline
210
0.0
220
0.0
230
1.0
 70
     8
 71
     3
 72
    13
 73
     9
 74
     0
 42
0.00000001
 43
0.00000001
 40
0.0
 40
0.0
 40
0.0
 40
0.0
 40
0.2502719124242307
 40
0.4997834049089497
 40
0.6255964743311409
 40
0.7453721107020078
 40
0.8675203168724955
 40
1.0
 40
1.0
 40
1.0
 40
1.0
 10
1.721687253166586
 20
4.342778580897665
 30
0.0
 10
1.724169750605507
 20
4.342807039452328
 30
0.0
 10
1.729127202725019
 20
4.342863870093893
 30
0.0
 10
1.735027665622258
 20
4.343341253960125
 30
0.0
 10
1.738840761835185
 20
4.344001191077672
 30
0.0
 10
1.740956755224984
 20
4.344653344420497
 30
0.0
 10
1.742241987854885
 20
4.345444258315967
 30
0.0
 10
1.742386025063894
 20
4.346039514660632
 30
0.0
 10
1.742460965809233
 20
4.34634921903802
 30
0.0
  0
LINE
  5
615
330
1F
100
AcDbEntity
  8
0
  6
Continuous
 62
     7
370
    25
100
AcDbLine
 10
1.7424609658
 20
4.3468348178
 30
0.0
 11
1.7424609658
 21
4.346349219
 31
0.0
  0
LINE
  5
616
330
1F
100
AcDbEntity
  8
0
  6
Continuous
 62
     7
370
    25
100
AcDbLine
 10
1.721662083
 20
4.3400471955
 30
0.0
 11
1.721662083
 21
4.3395531015
 31
0.0
  0
LINE
  5
617
330
1F
100
AcDbEntity
  8
0
  6
Continuous
 62
     7
370
    25
100
AcDbLine
 10
1.721592054
 20
4.3400469643
 30
0.0
 11
1.721592054
 21
4.3395528701
 31
0.0
  0
LINE
  5
618
330
1F
100
AcDbEntity
  8
0
  6
Continuous
 62
     7
370
    25
100
AcDbLine
 10
1.7107166103
 20
5.1286857558
 30
0.0
 11
1.7176396872
 21
5.1286857558
 31
0.0
  0
LINE
  5
619
330
1F
100
AcDbEntity
  8
0
  6
Continuous
 62
     7
370
    25
100
AcDbLine
 10
1.6866381283
 20
4.337651773
 30
0.0
 11
1.6866381283
 21
4.337154681
 31
0.0
  0
LINE
  5
61A
330
1F
100
AcDbEntity
  8
0
  6
Continuous
 62
     7
370
    25
100
AcDbLine
 10
1.6930243026
 20
5.1317158485
 30
0.0
 11
1.7076396872
 21
5.1317158485
 31
0.0
  0
LINE
  5
61B
330
1F
100
AcDbEntity
  8
0
  6
Continuous
 62
     7
370
    25
100
AcDbLine
 10
1.7076396872
 20
5.1338479946
 30
0.0
 11
1.7153319949
 21
5.1338479946
 31
0.0
  0
LINE
  5
61C
330
1F
100
AcDbEntity
  8
0
  6
Continuous
 62
     7
370
    25
100
AcDbLine
 10
1.7153319949
 20
5.1338479946
 30
0.0
 11
1.7522550718
 21
5.1314460969
 31
0.0
  0
LINE
  5
61D
330
1F
100
AcDbEntity
  8
0
  6
Continuous
 62
     7
370
    25
100
AcDbLine
 10
1.7153319949
 20
5.1317158485
 30
0.0
 11
1.7369425718
 21
5.1317158485
 31
0.0
  0
LINE
  5
61E
330
1F
100
AcDbEntity
  8
0
  6
Continuous
 62
     7
370
    25
100
AcDbLine
 10
1.7153319949
 20
5.1317158485
 30
0.0
 11
1.7153319949
 21
5.1322125789
 31
0.0
  0
LINE
  5
61F
330
1F
100
AcDbEntity
  8
0
  6
Continuous
 62
     7
370
    25
100
AcDbLine
 10
1.7153319949
 20
5.1322125789
 30
0.0
 11
1.7369425718
 21
5.1322125789
 31
0.0
  0
LINE
  5
620
330
1F
100
AcDbEntity
  8
0
  6
Continuous
 62
     7
370
    25
100
AcDbLine
 10
1.7369425718
 20
5.1317158485
 30
0.0
 11
1.7369425718
 21
5.1322125789
 31
0.0
  0
LINE
  5
621
330
1F
100
AcDbEntity
  8
0
  6
Continuous
 62
     7
370
    25
100
AcDbLine
 10
1.7153319949
 20
5.1337694367
 30
0.0
 11
1.7153319949
 21
5.1322125789
 31
0.0
  0
LINE
  5
622
330
1F
100
AcDbEntity
  8
0
  6
Continuous
 62
     7
370
    25
100
AcDbLine
 10
1.7369425718
 20
5.1322125789
 30
0.0
 11
1.7153319949
 21
5.1337694367
 31
0.0
  0
LINE
  5
623
330
1F
100
AcDbEntity
  8
0
  6
Continuous
 62
     7
370
    25
100
AcDbLine
 10
1.7076396872
 20
5.1317158485
 30
0.0
 11
1.7076396872
 21
5.1322125789
 31
0.0
  0
LINE
  5
624
330
1F
100
AcDbEntity
  8
0
  6
Continuous
 62
     7
370
    25
100
AcDbLine
 10
1.7263191405
 20
4.3371573023
 30
0.0
 11
1.726328557
 21
4.3357960177
 31
0.0
  0
LINE
  5
625
330
1F
100
AcDbEntity
  8
0
  6
Continuous
 62
     7
370
    25
100
AcDbLine
 10
1.74210208
 20
4.3371583453
 30
0.0
 11
1.7263191405
 21
4.3371573023
 31
0.0
  0
LINE
  5
626
330
1F
100
AcDbEntity
  8
0
  6
Continuous
 62
     7
370
    25
100
AcDbLine
 10
1.7421110137
 20
4.3358522182
 30
0.0
 11
1.74210208
 21
4.3371583453
 31
0.0
  0
SPLINE
  5
627
330
1F
100
AcDbEntity
  8
0
  6
Continuous
 62
     7
370
    25
100
AcDbSpline
210
0.0
220
0.0
230
1.0
 70
     8
 71
     3
 72
    13
 73
     9
 74
     0
 42
0.00000001
 43
0.00000001
 40
0.0
 40
0.0
 40
0.0
 40
0.0
 40
0.1352558282249358
 40
0.2588607701523671
 40
0.3778915874857488
 40
0.500221463352185
 40
0.7302745291480071
 40
1.0
 40
1.0
 40
1.0
 40
1.0
 10
1.734566924753329
 20
4.335297212171444
 30
0.0
 10
1.735174240020344
 20
4.335299037604257
 30
0.0
 10
1.736336556645129
 20
4.335302531227787
 30
0.0
 10
1.737959293573595
 20
4.335329862347639
 30
0.0
 10
1.73934270529186
 20
4.335375998985542
 30
0.0
 10
1.740754731450926
 20
4.335461851804652
 30
0.0
 10
1.741912737602865
 20
4.335613615974667
 30
0.0
 10
1.742041514255443
 20
4.335768583691182
 30
0.0
 10
1.742111013725117
 20
4.335852218215755
 30
0.0
  0
SPLINE
  5
628
330
1F
100
AcDbEntity
  8
0
  6
Continuous
 62
     7
370
    25
100
AcDbSpline
210
0.0
220
0.0
230
1.0
 70
     8
 71
     3
 72
    13
 73
     9
 74
     0
 42
0.00000001
 43
0.00000001
 40
0.0
 40
0.0
 40
0.0
 40
0.0
 40
0.2702004933990591
 40
0.387245187726487
 40
0.4983076146263778
 40
0.6116592827692314
 40
0.7295114590342864
 40
1.0
 40
1.0
 40
1.0
 40
1.0
 10
1.726328556954039
 20
4.335796017737981
 30
0.0
 10
1.726407871400426
 20
4.335714354333475
 30
0.0
 10
1.726521543056957
 20
4.335597316203712
 30
0.0
 10
1.727436204059894
 20
4.335477330974038
 30
0.0
 10
1.728351280680605
 20
4.335408743017807
 30
0.0
 10
1.729544545839701
 20
4.335357252070966
 30
0.0
 10
1.731586509737032
 20
4.335307073592366
 30
0.0
 10
1.733343287370501
 20
4.335301260870441
 30
0.0
 10
1.734566924753329
 20
4.335297212171444
 30
0.0
  0
LINE
  5
629
330
1F
100
AcDbEntity
  8
0
  6
Continuous
 62
     7
370
    25
100
AcDbLine
 10
1.7263191405
 20
4.337654391
 30
0.0
 11
1.7263191405
 21
4.3371573023
 31
0.0
  0
LINE
  5
62A
330
1F
100
AcDbEntity
  8
0
  6
Continuous
 62
     7
370
    25
100
AcDbLine
 10
1.74210208
 20
4.3376554327
 30
0.0
 11
1.74210208
 21
4.3371583453
 31
0.0
  0
LINE
  5
62B
330
1F
100
AcDbEntity
  8
0
  6
Continuous
 62
     7
370
    25
100
AcDbLine
 10
1.7421110137
 20
4.3363509383
 30
0.0
 11
1.7421110137
 21
4.3358522182
 31
0.0
  0
LINE
  5
62C
330
1F
100
AcDbEntity
  8
0
  6
Continuous
 62
     7
370
    25
100
AcDbLine
 10
1.7121300835
 20
4.3376534547
 30
0.0
 11
1.7121300835
 21
4.3371563648
 31
0.0
  0
LINE
  5
62D
330
1F
100
AcDbEntity
  8
0
  6
Continuous
 62
     7
370
    25
100
AcDbLine
 10
1.712138596
 20
4.3363992321
 30
0.0
 11
1.712138596
 21
4.3359005725
 31
0.0
  0
LINE
  5
62E
330
1F
100
AcDbEntity
  8
0
  6
Continuous
 62
     7
370
    25
100
AcDbLine
 10
1.73695994
 20
4.3353296599
 30
0.0
 11
1.73695994
 21
4.3348296616
 31
0.0
  0
LINE
  5
62F
330
1F
100
AcDbEntity
  8
0
  6
Continuous
 62
     7
370
    25
100
AcDbLine
 10
1.6866645959
 20
4.3353282513
 30
0.0
 11
1.6866645959
 21
4.3348282513
 31
0.0
  0
LINE
  5
630
330
1F
100
AcDbEntity
  8
0
  6
Continuous
 62
     7
370
    25
100
AcDbLine
 10
1.7194046554
 20
4.3355103421
 30
0.0
 11
1.7194046554
 21
4.33501057
 31
0.0
  0
LINE
  5
631
330
1F
100
AcDbEntity
  8
0
  6
Continuous
 62
     7
370
    25
100
AcDbLine
 10
1.7192081029
 20
4.3355103421
 30
0.0
 11
1.7192081029
 21
4.33501057
 31
0.0
  0
LINE
  5
632
330
1F
100
AcDbEntity
  8
0
  6
Continuous
 62
     7
370
    25
100
AcDbLine
 10
1.7024486801
 20
4.3353324196
 30
0.0
 11
1.7024486801
 21
4.3348324248
 31
0.0
  0
SPLINE
  5
633
330
1F
100
AcDbEntity
  8
0
  6
Continuous
 62
     7
370
    25
100
AcDbSpline
210
0.0
220
0.0
230
1.0
 70
     8
 71
     3
 72
    12
 73
     8
 74
     0
 42
0.00000001
 43
0.00000001
 40
0.0
 40
0.0
 40
0.0
 40
0.0
 40
0.5004676345093086
 40
0.625618104843206
 40
0.7505797837678634
 40
0.8752822366754871
 40
1.0
 40
1.0
 40
1.0
 40
1.0
 10
1.722639687208681
 20
5.134761500238359
 30
0.0
 10
1.727560213912244
 20
5.134763584687745
 30
0.0
 10
1.733711202265629
 20
5.134766190389262
 30
0.0
 10
1.74070627845202
 20
5.134801168726954
 30
0.0
 10
1.743610905160188
 20
5.134823228963834
 30
0.0
 10
1.745754141617086
 20
5.134834328261392
 30
0.0
 10
1.745985526251401
 20
5.134814762202137
 30
0.0
 10
1.74610122567022
 20
5.134804978571989
 30
0.0
  0
SPLINE
  5
634
330
1F
100
AcDbEntity
  8
0
  6
Continuous
 62
     7
370
    25
100
AcDbSpline
210
0.0
220
0.0
230
1.0
 70
     8
 71
     3
 72
    12
 73
     8
 74
     0
 42
0.00000001
 43
0.00000001
 40
0.0
 40
0.0
 40
0.0
 40
0.0
 40
0.1246285781746342
 40
0.2493679806442526
 40
0.3743001701902713
 40
0.4994763830735831
 40
1.0
 40
1.0
 40
1.0
 40
1.0
 10
1.699178148747143
 20
5.134805877288541
 30
0.0
 10
1.69930945824598
 20
5.134815355005897
 30
0.0
 10
1.69957219400887
 20
5.134834318868545
 30
0.0
 10
1.701738375246716
 20
5.13482304318001
 30
0.0
 10
1.704611427131059
 20
5.134800565110941
 30
0.0
 10
1.711612601709209
 20
5.134766164605368
 30
0.0
 10
1.717738957487285
 20
5.134763573206962
 30
0.0
 10
1.722639687208681
 20
5.134761500238359
 30
0.0
  0
LINE
  5
635
330
1F
100
AcDbEntity
  8
0
  6
Continuous
 62
     7
370
    25
100
AcDbLine
 10
1.6899373578
 20
4.3353282513
 30
0.0
 11
1.6899373578
 21
4.3348282513
 31
0.0
  0
LINE
  5
636
330
1F
100
AcDbEntity
  8
0
  6
Continuous
 62
     7
370
    25
100
AcDbLine
 10
2.1366998223
 20
4.6640543253
 30
0.0
 11
1.8680243026
 21
4.6640543253
 31
0.0
  0
LINE
  5
637
330
1F
100
AcDbEntity
  8
0
  6
Continuous
 62
     7
370
    25
100
AcDbLine
 10
1.8680243026
 20
4.8054756814
 30
0.0
 11
2.1367046895
 21
4.8054756814
 31
0.0
  0
DIMENSION
  5
638
330
1F
100
AcDbEntity
  8
0
  6
Continuous
 62
     8
420
  8421504
370
    18
100
AcDbDimension
280
     0
  2
_D_3
 10
1.0743235152
 20
5.1348282513
 30
0.0
 11
1.0743235152
 21
4.7352288949
 31
0.0
 70
   160
  1
%%c<>
 71
     2
 42
-1.0
 73
     0
 74
     0
 75
     0
  3
SLDDIMSTYLE4
100
AcDbAlignedDimension
 13
1.5780243026
 23
4.3348282513
 33
0.0
 14
1.5780243026
 24
5.1348282513
 34
0.0
 50
90.0
100
AcDbRotatedDimension
  0
DIMENSION
  5
64C
330
1F
100
AcDbEntity
  8
0
  6
Continuous
 62
     8
420
  8421504
370
    18
100
AcDbDimension
280
     0
  2
_D_4
 10
2.87884501
 20
6.6432698666
 30
0.0
 11
2.1754131461
 21
6.6432698666
 31
0.0
 70
   160
  1
<>
 71
     2
 42
-1.0
 73
     0
 74
     0
 75
     0
  3
SLDDIMSTYLE3
100
AcDbAlignedDimension
 13
1.4680243026
 23
4.9923282513
 33
0.0
 14
2.87884501
 24
5.2427883543
 34
0.0
 50
0.0
100
AcDbRotatedDimension
  0
DIMENSION
  5
661
330
1F
100
AcDbEntity
  8
0
  6
Continuous
 62
     8
420
  8421504
370
    18
100
AcDbDimension
280
     0
  2
_D_5
 10
1.5780243026
 20
6.2502571921
 30
0.0
 11
2.1754131461
 21
6.2502571921
 31
0.0
 70
   160
  1
<>
 71
     2
 42
-1.0
 73
     0
 74
     0
 75
     0
  3
SLDDIMSTYLE5
100
AcDbAlignedDimension
 13
2.87884501
 23
5.2427883543
 33
0.0
 14
1.5780243026
 24
5.1348282513
 34
0.0
 50
0.0
100
AcDbRotatedDimension
  0
DIMENSION
  5
676
330
1F
100
AcDbEntity
  8
0
  6
Continuous
 62
     8
420
  8421504
370
    18
100
AcDbDimension
280
     0
  2
_D_6
 10
2.87884501
 20
5.8192400229
 30
0.0
 11
2.3785864656
 21
5.8192400229
 31
0.0
 70
   160
  1
<>
 71
     2
 42
-1.0
 73
     0
 74
     0
 75
     0
  3
SLDDIMSTYLE6
100
AcDbAlignedDimension
 13
1.8680243026
 23
5.1348282513
 33
0.0
 14
2.87884501
 24
5.2427883543
 34
0.0
 50
0.0
100
AcDbRotatedDimension
  0
INSERT
  5
68B
330
1F
100
AcDbEntity
  8
0
  6
Continuous
 62
     8
420
  8421504
370
     0
100
AcDbBlockReference
  2
SW_SYMBOL_C#_1
 10
0.7727019123
 20
3.6129436356
 30
0.0
 41
0.0044707031
 42
0.0044707031
 43
0.0044707031
  0
LEADER
  5
68C
330
1F
100
AcDbEntity
  8
0
  6
Continuous
 62
     8
420
  8421504
370
     0
100
AcDbLeader
  3
SLDDIMSTYLE0
 76
     3
 10
1.7194046554
 20
4.3350105718
 30
0.0
 10
1.4136587708
 20
3.7058072004
 30
0.0
 10
1.1636587708
 20
3.7058072004
 30
0.0
  0
LINE
  5
68D
330
1F
100
AcDbEntity
  8
0
  6
Continuous
 62
     7
370
    25
100
AcDbLine
 10
7.400748044
 20
1.9902754713
 30
0.0
 11
7.64551103
 21
2.3364371971
 31
0.0
  0
LINE
  5
68E
330
1F
100
AcDbEntity
  8
0
  6
Continuous
 62
     7
370
    25
100
AcDbLine
 10
7.64551103
 20
2.30810763
 30
0.0
 11
7.93551103
 21
2.30810763
 31
0.0
  0
LINE
  5
68F
330
1F
100
AcDbEntity
  8
0
  6
Continuous
 62
     7
370
    25
100
AcDbLine
 10
7.725384342
 20
3.10810763
 30
0.0
 11
7.64551103
 21
3.10810763
 31
0.0
  0
LINE
  5
690
330
1F
100
AcDbEntity
  8
0
  6
Continuous
 62
     7
370
    25
100
AcDbLine
 10
7.93551103
 20
3.10810763
 30
0.0
 11
7.86051103
 21
3.10810763
 31
0.0
  0
LINE
  5
691
330
1F
100
AcDbEntity
  8
0
  6
Continuous
 62
     7
370
    25
100
AcDbLine
 10
7.7757915313
 20
2.8905773975
 30
0.0
 11
7.7757915313
 21
2.8903493103
 31
0.0
  0
LINE
  5
692
330
1F
100
AcDbEntity
  8
0
  6
Continuous
 62
     7
370
    25
100
AcDbLine
 10
7.94551103
 20
2.44060763
 30
0.0
 11
8.028190522
 21
2.44060763
 31
0.0
  0
LINE
  5
693
330
1F
100
AcDbEntity
  8
0
  6
Continuous
 62
     7
370
    25
100
AcDbLine
 10
8.028190522
 20
2.97560763
 30
0.0
 11
7.94551103
 21
2.97560763
 31
0.0
  0
LINE
  5
694
330
1F
100
AcDbEntity
  8
0
  6
Continuous
 62
     7
370
    25
100
AcDbLine
 10
8.028190522
 20
2.44060763
 30
0.0
 11
8.04551103
 21
2.45060763
 31
0.0
  0
LINE
  5
695
330
1F
100
AcDbEntity
  8
0
  6
Continuous
 62
     7
370
    25
100
AcDbLine
 10
8.04551103
 20
2.96560763
 30
0.0
 11
8.028190522
 21
2.97560763
 31
0.0
  0
LINE
  5
696
330
1F
100
AcDbEntity
  8
0
  6
Continuous
 62
     7
370
    25
100
AcDbLine
 10
7.93551103
 20
2.45060763
 30
0.0
 11
7.94551103
 21
2.45060763
 31
0.0
  0
LINE
  5
697
330
1F
100
AcDbEntity
  8
0
  6
Continuous
 62
     7
370
    25
100
AcDbLine
 10
7.94551103
 20
2.96560763
 30
0.0
 11
7.93551103
 21
2.96560763
 31
0.0
  0
LINE
  5
698
330
1F
100
AcDbEntity
  8
0
  6
Continuous
 62
     7
370
    25
100
AcDbLine
 10
7.5780183143
 20
2.5995869023
 30
0.0
 11
7.1802487954
 21
2.0370321412
 31
0.0
  0
LINE
  5
699
330
1F
100
AcDbEntity
  8
0
  6
Continuous
 62
     7
370
    25
100
AcDbLine
 10
7.1802487954
 20
2.0370321412
 30
0.0
 11
7.1632010512
 21
2.0370318025
 31
0.0
  0
LINE
  5
69A
330
1F
100
AcDbEntity
  8
0
  6
Continuous
 62
     7
370
    25
100
AcDbLine
 10
7.1632010512
 20
2.0370318025
 30
0.0
 11
7.1688829939
 21
2.0450676216
 31
0.0
  0
LINE
  5
69B
330
1F
100
AcDbEntity
  8
0
  6
Continuous
 62
     7
370
    25
100
AcDbLine
 10
7.5780183143
 20
2.5995869023
 30
0.0
 11
7.5723354135
 21
2.6156595567
 31
0.0
  0
LINE
  5
69C
330
1F
100
AcDbEntity
  8
0
  6
Continuous
 62
     7
370
    25
100
AcDbLine
 10
7.1802487954
 20
2.0370321412
 30
0.0
 11
7.3052620727
 21
1.9486381312
 31
0.0
  0
LINE
  5
69D
330
1F
100
AcDbEntity
  8
0
  6
Continuous
 62
     7
370
    25
100
AcDbLine
 10
7.2938967503
 20
1.9446198829
 30
0.0
 11
7.3052620727
 21
1.9486381312
 31
0.0
  0
LINE
  5
69E
330
1F
100
AcDbEntity
  8
0
  6
Continuous
 62
     7
370
    25
100
AcDbLine
 10
7.2938967503
 20
1.9446198829
 30
0.0
 11
7.1632010512
 21
2.0370318025
 31
0.0
  0
LINE
  5
69F
330
1F
100
AcDbEntity
  8
0
  6
Continuous
 62
     7
370
    25
100
AcDbLine
 10
7.6013499253
 20
2.5830896574
 30
0.0
 11
7.5780183143
 21
2.5995869023
 31
0.0
  0
LINE
  5
6A0
330
1F
100
AcDbEntity
  8
0
  6
Continuous
 62
     7
370
    25
100
AcDbLine
 10
7.5723354135
 20
2.6156595567
 30
0.0
 11
7.6083412662
 21
2.5902006473
 31
0.0
  0
LINE
  5
6A1
330
1F
100
AcDbEntity
  8
0
  6
Continuous
 62
     7
370
    25
100
AcDbLine
 10
6.6318667165
 20
2.4187896093
 30
0.0
 11
6.62900838
 21
2.4147471407
 31
0.0
  0
LINE
  5
6A2
330
1F
100
AcDbEntity
  8
0
  6
Continuous
 62
     7
370
    25
100
AcDbLine
 10
6.62900838
 20
2.4147471407
 30
0.0
 11
6.6347252939
 21
2.4107048425
 31
0.0
  0
LINE
  5
6A3
330
1F
100
AcDbEntity
  8
0
  6
Continuous
 62
     7
370
    25
100
AcDbLine
 10
7.1575186295
 20
2.041049712
 30
0.0
 11
7.1632010512
 21
2.0370318025
 31
0.0
  0
LINE
  5
6A4
330
1F
100
AcDbEntity
  8
0
  6
Continuous
 62
     7
370
    25
100
AcDbLine
 10
7.3052620727
 20
1.9486381312
 30
0.0
 11
7.3567166955
 21
2.021409024
 31
0.0
  0
LINE
  5
6A5
330
1F
100
AcDbEntity
  8
0
  6
Continuous
 62
     7
370
    25
100
AcDbLine
 10
6.62900838
 20
2.4147471407
 30
0.0
 11
6.631866596
 21
2.4187899501
 31
0.0
  0
LINE
  5
6A6
330
1F
100
AcDbEntity
  8
0
  6
Continuous
 62
     7
370
    25
100
AcDbLine
 10
7.0353354249
 20
3.0013868334
 30
0.0
 11
7.0324938547
 21
3.0094234994
 31
0.0
  0
LINE
  5
6A7
330
1F
100
AcDbEntity
  8
0
  6
Continuous
 62
     7
370
    25
100
AcDbLine
 10
7.0324938547
 20
3.0094234994
 30
0.0
 11
7.1575071321
 21
3.1862264243
 31
0.0
  0
LINE
  5
6A8
330
1F
100
AcDbEntity
  8
0
  6
Continuous
 62
     7
370
    25
100
AcDbLine
 10
7.1575071321
 20
3.1862264243
 30
0.0
 11
7.1631900329
 21
3.182208176
 31
0.0
  0
LINE
  5
6A9
330
1F
100
AcDbEntity
  8
0
  6
Continuous
 62
     7
370
    25
100
AcDbLine
 10
7.0324943338
 20
2.9973687545
 30
0.0
 11
6.6290079009
 21
3.2826647211
 31
0.0
  0
LINE
  5
6AA
330
1F
100
AcDbEntity
  8
0
  6
Continuous
 62
     7
370
    25
100
AcDbLine
 10
6.6290079009
 20
3.2826647211
 30
0.0
 11
6.6346908017
 21
3.2907008789
 31
0.0
  0
LINE
  5
6AB
330
1F
100
AcDbEntity
  8
0
  6
Continuous
 62
     7
370
    25
100
AcDbLine
 10
6.6346908017
 20
3.2907008789
 30
0.0
 11
7.0324938547
 21
3.0094234994
 31
0.0
  0
LINE
  5
6AC
330
1F
100
AcDbEntity
  8
0
  6
Continuous
 62
     7
370
    25
100
AcDbLine
 10
7.1688719755
 20
3.1902450113
 30
0.0
 11
7.1688722949
 21
3.1822082889
 31
0.0
  0
LINE
  5
6AD
330
1F
100
AcDbEntity
  8
0
  6
Continuous
 62
     7
370
    25
100
AcDbLine
 10
7.1575071321
 20
3.1862264243
 30
0.0
 11
7.1688719755
 21
3.1902450113
 31
0.0
  0
LINE
  5
6AE
330
1F
100
AcDbEntity
  8
0
  6
Continuous
 62
     7
370
    25
100
AcDbLine
 10
6.759704079
 20
3.4675038038
 30
0.0
 11
6.6346908017
 21
3.2907008789
 31
0.0
  0
LINE
  5
6AF
330
1F
100
AcDbEntity
  8
0
  6
Continuous
 62
     7
370
    25
100
AcDbLine
 10
7.1575071321
 20
3.1862264243
 30
0.0
 11
6.759704079
 21
3.4675038038
 31
0.0
  0
LINE
  5
6B0
330
1F
100
AcDbEntity
  8
0
  6
Continuous
 62
     7
370
    25
100
AcDbLine
 10
6.759704079
 20
3.4675038038
 30
0.0
 11
6.7710689224
 21
3.4715223909
 31
0.0
  0
LINE
  5
6B1
330
1F
100
AcDbEntity
  8
0
  6
Continuous
 62
     7
370
    25
100
AcDbLine
 10
6.7710689224
 20
3.4715223909
 30
0.0
 11
7.1688719755
 21
3.1902450113
 31
0.0
  0
LINE
  5
6B2
330
1F
100
AcDbEntity
  8
0
  6
Continuous
 62
     7
370
    25
100
AcDbLine
 10
7.1688719755
 20
3.1902450113
 30
0.0
 11
7.180237777
 21
3.1822085148
 31
0.0
  0
LINE
  5
6B3
330
1F
100
AcDbEntity
  8
0
  6
Continuous
 62
     7
370
    25
100
AcDbLine
 10
6.6290079009
 20
3.2826647211
 30
0.0
 11
6.7597036
 21
3.4675041426
 31
0.0
  0
LINE
  5
6B4
330
1F
100
AcDbEntity
  8
0
  6
Continuous
 62
     7
370
    25
100
AcDbLine
 10
6.7597036
 20
3.4675041426
 30
0.0
 11
6.759704079
 21
3.4675038038
 31
0.0
  0
LINE
  5
6B5
330
1F
100
AcDbEntity
  8
0
  6
Continuous
 62
     7
370
    25
100
AcDbLine
 10
6.7597036
 20
3.4675041426
 30
0.0
 11
6.7710689224
 21
3.4715223909
 31
0.0
  0
LINE
  5
6B6
330
1F
100
AcDbEntity
  8
0
  6
Continuous
 62
     7
370
    25
100
AcDbLine
 10
6.7597491106
 20
2.3343577864
 30
0.0
 11
6.7711144331
 21
2.3263216286
 31
0.0
  0
LINE
  5
6B7
330
1F
100
AcDbEntity
  8
0
  6
Continuous
 62
     7
370
    25
100
AcDbLine
 10
6.7597491106
 20
2.3223033803
 30
0.0
 11
6.7711144331
 21
2.3263216286
 31
0.0
  0
LINE
  5
6B8
330
1F
100
AcDbEntity
  8
0
  6
Continuous
 62
     7
370
    25
100
AcDbLine
 10
6.7597491106
 20
2.3343577864
 30
0.0
 11
6.7597491106
 21
2.3223033803
 31
0.0
  0
LINE
  5
6B9
330
1F
100
AcDbEntity
  8
0
  6
Continuous
 62
     7
370
    25
100
AcDbLine
 10
6.7597491106
 20
2.3343577864
 30
0.0
 11
7.2938967503
 21
3.0897884656
 31
0.0
  0
LINE
  5
6BA
330
1F
100
AcDbEntity
  8
0
  6
Continuous
 62
     7
370
    25
100
AcDbLine
 10
7.2938967503
 20
3.0897884656
 30
0.0
 11
7.3052620727
 21
3.0817523078
 31
0.0
  0
LINE
  5
6BB
330
1F
100
AcDbEntity
  8
0
  6
Continuous
 62
     7
370
    25
100
AcDbLine
 10
7.3052620727
 20
3.0817523078
 30
0.0
 11
6.7711144331
 21
2.3263216286
 31
0.0
  0
LINE
  5
6BC
330
1F
100
AcDbEntity
  8
0
  6
Continuous
 62
     7
370
    25
100
AcDbLine
 10
7.2938967503
 20
3.0897884656
 30
0.0
 11
7.3052615937
 21
3.0938070526
 31
0.0
  0
LINE
  5
6BD
330
1F
100
AcDbEntity
  8
0
  6
Continuous
 62
     7
370
    25
100
AcDbLine
 10
7.3052620727
 20
3.0817523078
 30
0.0
 11
7.3052615937
 21
3.0938070526
 31
0.0
  0
LINE
  5
6BE
330
1F
100
AcDbEntity
  8
0
  6
Continuous
 62
     7
370
    25
100
AcDbLine
 10
6.6290423932
 20
2.4267774969
 30
0.0
 11
6.7597491106
 21
2.3343577864
 31
0.0
  0
LINE
  5
6BF
330
1F
100
AcDbEntity
  8
0
  6
Continuous
 62
     7
370
    25
100
AcDbLine
 10
6.7597491106
 20
2.3223033803
 30
0.0
 11
6.6347252939
 21
2.4107048425
 31
0.0
  0
LINE
  5
6C0
330
1F
100
AcDbEntity
  8
0
  6
Continuous
 62
     7
370
    25
100
AcDbLine
 10
6.6290423932
 20
2.4267774969
 30
0.0
 11
6.6347252939
 21
2.4107048425
 31
0.0
  0
LINE
  5
6C1
330
1F
100
AcDbEntity
  8
0
  6
Continuous
 62
     7
370
    25
100
AcDbLine
 10
6.6290423932
 20
2.4267774969
 30
0.0
 11
7.1631900329
 21
3.182208176
 31
0.0
  0
LINE
  5
6C2
330
1F
100
AcDbEntity
  8
0
  6
Continuous
 62
     7
370
    25
100
AcDbLine
 10
7.2938967503
 20
3.0897884656
 30
0.0
 11
7.1631900329
 21
3.182208176
 31
0.0
  0
LINE
  5
6C3
330
1F
100
AcDbEntity
  8
0
  6
Continuous
 62
     7
370
    25
100
AcDbLine
 10
7.180237777
 20
3.1822085148
 30
0.0
 11
7.3052615937
 21
3.0938070526
 31
0.0
  0
LINE
  5
6C4
330
1F
100
AcDbEntity
  8
0
  6
Continuous
 62
     7
370
    25
100
AcDbLine
 10
7.180237777
 20
3.1822085148
 30
0.0
 11
7.1631900329
 21
3.182208176
 31
0.0
  0
LINE
  5
6C5
330
1F
100
AcDbEntity
  8
0
  6
Continuous
 62
     7
370
    25
100
AcDbLine
 10
7.1575186295
 20
2.041049712
 30
0.0
 11
6.7597491106
 21
2.3223033803
 31
0.0
  0
LINE
  5
6C6
330
1F
100
AcDbEntity
  8
0
  6
Continuous
 62
     7
370
    25
100
AcDbLine
 10
6.7711144331
 20
2.3263216286
 30
0.0
 11
7.168883952
 21
2.0450679603
 31
0.0
  0
LINE
  5
6C7
330
1F
100
AcDbEntity
  8
0
  6
Continuous
 62
     7
370
    25
100
AcDbLine
 10
7.1575186295
 20
2.041049712
 30
0.0
 11
7.168883952
 21
2.0450679603
 31
0.0
  0
LINE
  5
6C8
330
1F
100
AcDbEntity
  8
0
  6
Continuous
 62
     7
370
    25
100
AcDbLine
 10
7.64551103
 20
2.8411701042
 30
0.0
 11
7.3052620727
 21
3.0817523078
 31
0.0
  0
LINE
  5
6C9
330
1F
100
AcDbEntity
  8
0
  6
Continuous
 62
     7
370
    25
100
AcDbLine
 10
7.168883952
 20
2.0450679603
 30
0.0
 11
7.64551103
 21
2.7191488521
 31
0.0
  0
LINE
  5
6CA
330
1F
100
AcDbEntity
  8
0
  6
Continuous
 62
     7
370
    25
100
AcDbLine
 10
7.3052615937
 20
3.0938070526
 30
0.0
 11
7.64551103
 21
2.8532245103
 31
0.0
  0
LINE
  5
6CB
330
1F
100
AcDbEntity
  8
0
  6
Continuous
 62
     7
370
    25
100
AcDbLine
 10
7.5769802725
 20
2.5734063308
 30
0.0
 11
7.5953501551
 21
2.5799002438
 31
0.0
  0
LWPOLYLINE
  5
6CC
330
1F
100
AcDbEntity
  8
0
  6
Continuous
 62
     7
370
    25
100
AcDbPolyline
 90
       10
 70
   128
 43
0.0
 10
7.5953501551
 20
2.5799002438
 10
7.6016335546
 20
2.5832966368
 10
7.6071590834
 20
2.5886336883
 10
7.6112602812
 20
2.5952676711
 10
7.6134424829
 20
2.6023984288
 10
7.6134424829
 20
2.609165887
 10
7.6112602812
 20
2.6147537902
 10
7.6071590834
 20
2.6184881548
 10
7.6016335546
 20
2.6199185615
 10
7.5953501551
 20
2.618872482
  0
LINE
  5
6CD
330
1F
100
AcDbEntity
  8
0
  6
Continuous
 62
     7
370
    25
100
AcDbLine
 10
7.5953501551
 20
2.618872482
 30
0.0
 11
7.576977175
 21
2.612377474
 31
0.0
  0
LINE
  5
6CE
330
1F
100
AcDbEntity
  8
0
  6
Continuous
 62
     7
370
    25
100
AcDbLine
 10
7.6220255596
 20
2.8698305457
 30
0.0
 11
7.64551103
 21
2.9030454166
 31
0.0
  0
ELLIPSE
  5
6CF
330
1F
100
AcDbEntity
  8
0
  6
Continuous
 62
     7
370
    25
100
AcDbEllipse
 10
7.4935515677
 20
2.70810763
 30
0.0
 11
0.3415229738070496
 21
0.1767637884192946
 31
0.0
210
0.0
220
0.0
230
1.0
 40
0.5176506847
 41
4.88928207386796
 42
4.8948720675336
  0
LINE
  5
6D0
330
1F
100
AcDbEntity
  8
0
  6
Continuous
 62
     7
370
    25
100
AcDbLine
 10
7.6437240745
 20
2.5651822782
 30
0.0
 11
7.6314365749
 21
2.5738704863
 31
0.0
  0
LINE
  5
6D1
330
1F
100
AcDbEntity
  8
0
  6
Continuous
 62
     7
370
    25
100
AcDbLine
 10
7.6314365749
 20
2.5738704863
 30
0.0
 11
7.3140792997
 21
2.1250406046
 31
0.0
  0
LINE
  5
6D2
330
1F
100
AcDbEntity
  8
0
  6
Continuous
 62
     7
370
    25
100
AcDbLine
 10
7.2779928799
 20
2.1505564812
 30
0.0
 11
7.3140792997
 21
2.1250406046
 31
0.0
  0
LINE
  5
6D3
330
1F
100
AcDbEntity
  8
0
  6
Continuous
 62
     7
370
    25
100
AcDbLine
 10
7.5769802725
 20
2.5734063308
 30
0.0
 11
7.2779928799
 21
2.1505564812
 31
0.0
  0
ARC
  5
6D4
330
1F
100
AcDbEntity
  8
0
  6
Continuous
 62
     7
370
    25
100
AcDbCircle
 10
7.3530504429
 20
2.0882987747
 30
0.0
 40
0.0535603591075756
100
AcDbArc
 50
136.6865451961
 51
223.3134548039
  0
LINE
  5
6D5
330
1F
100
AcDbEntity
  8
0
  6
Continuous
 62
     7
370
    25
100
AcDbLine
 10
7.3140792997
 20
2.0515569448
 30
0.0
 11
7.3768355103
 21
2.0071834732
 31
0.0
  0
LINE
  5
6D6
330
1F
100
AcDbEntity
  8
0
  6
Continuous
 62
     7
370
    25
100
AcDbLine
 10
7.6437240745
 20
2.5651822782
 30
0.0
 11
7.64551103
 21
2.5639187631
 31
0.0
  0
LINE
  5
6D7
330
1F
100
AcDbEntity
  8
0
  6
Continuous
 62
     7
370
    25
100
AcDbLine
 10
7.400748044
 20
1.9902754713
 30
0.0
 11
7.3768355103
 21
2.0071834732
 31
0.0
  0
LINE
  5
6D8
330
1F
100
AcDbEntity
  8
0
  6
Continuous
 62
     7
370
    25
100
AcDbLine
 10
7.3140792997
 20
2.0515569448
 30
0.0
 11
7.2779928799
 21
2.0770728214
 31
0.0
  0
ARC
  5
6D9
330
1F
100
AcDbEntity
  8
0
  6
Continuous
 62
     7
370
    25
100
AcDbCircle
 10
7.3169640231
 20
2.1138146513
 30
0.0
 40
0.0535603591075776
100
AcDbArc
 50
136.6865451961
 51
223.3134548039
  0
LINE
  5
6DA
330
1F
100
AcDbEntity
  8
0
  6
Continuous
 62
     7
370
    25
100
AcDbLine
 10
7.93551103
 20
2.30810763
 30
0.0
 11
7.93551103
 21
3.10810763
 31
0.0
  0
LINE
  5
6DB
330
1F
100
AcDbEntity
  8
0
  6
Continuous
 62
     7
370
    25
100
AcDbLine
 10
7.64551103
 20
2.30810763
 30
0.0
 11
7.64551103
 21
3.10810763
 31
0.0
  0
SPLINE
  5
6DC
330
1F
100
AcDbEntity
  8
0
  6
Continuous
 62
     7
370
    25
100
AcDbSpline
210
0.0
220
0.0
230
1.0
 70
     8
 71
     3
 72
    17
 73
    13
 74
     0
 42
0.00000001
 43
0.00000001
 40
0.0
 40
0.0
 40
0.0
 40
0.0
 40
0.1063255495401571
 40
0.2126150479405299
 40
0.3198447822620976
 40
0.4277498119112459
 40
0.534614312046893
 40
0.6403414642920612
 40
0.7466082607654304
 40
0.8542415285544945
 40
0.96195638554623
 40
1.0
 40
1.0
 40
1.0
 40
1.0
 10
7.860511030033037
 20
3.108107629969508
 30
0.0
 10
7.859770195213046
 20
3.107978249553403
 30
0.0
 10
7.858288776763296
 20
3.107719532589403
 30
0.0
 10
7.846753888830326
 20
3.10591423210432
 30
0.0
 10
7.829681361169767
 20
3.103874994819848
 30
0.0
 10
7.808197295043033
 20
3.102376417521175
 30
0.0
 10
7.785032907361932
 20
3.10213285352647
 30
0.0
 10
7.762884222913053
 20
3.10321357466008
 30
0.0
 10
7.743876451697572
 20
3.105166316216493
 30
0.0
 10
7.730671332913507
 20
3.107062295633733
 30
0.0
 10
7.724253444459732
 20
3.108150783299991
 30
0.0
 10
7.725150267239644
 20
3.107999825302996
 30
0.0
 10
7.72538434200548
 20
3.107960424589065
 30
0.0
  0
SPLINE
  5
6DD
330
1F
100
AcDbEntity
  8
0
  6
Continuous
 62
     7
370
    25
100
AcDbSpline
210
0.0
220
0.0
230
1.0
 70
     8
 71
     3
 72
    13
 73
     9
 74
     0
 42
0.00000001
 43
0.00000001
 40
0.0
 40
0.0
 40
0.0
 40
0.0
 40
0.1329613841718794
 40
0.2554955438896281
 40
0.3752574728802939
 40
0.5004118229544302
 40
0.7498539398283742
 40
1.0
 40
1.0
 40
1.0
 40
1.0
 10
7.776575392622577
 20
2.707045453155264
 30
0.0
 10
7.775001925340112
 20
2.706954062623239
 30
0.0
 10
7.771978386726776
 20
2.706778448674636
 30
0.0
 10
7.767746852102393
 20
2.705267077521341
 30
0.0
 10
7.76412984699142
 20
2.702785947688257
 30
0.0
 10
7.760317761687649
 20
2.69829905036302
 30
0.0
 10
7.757407830093928
 20
2.691297971282252
 30
0.0
 10
7.757060170100417
 20
2.685397037472808
 30
0.0
 10
7.756886095169
 20
2.682442413221099
 30
0.0
  0
LINE
  5
6DE
330
1F
100
AcDbEntity
  8
0
  6
Continuous
 62
     7
370
    25
100
AcDbLine
 10
7.7568860952
 20
2.6824424132
 30
0.0
 11
7.7569080675
 21
2.6468356572
 31
0.0
  0
LINE
  5
6DF
330
1F
100
AcDbEntity
  8
0
  6
Continuous
 62
     7
370
    25
100
AcDbLine
 10
7.7569080675
 20
2.6468356572
 30
0.0
 11
7.7918732497
 21
2.6468568455
 31
0.0
  0
SPLINE
  5
6E0
330
1F
100
AcDbEntity
  8
0
  6
Continuous
 62
     7
370
    25
100
AcDbSpline
210
0.0
220
0.0
230
1.0
 70
     8
 71
     3
 72
    13
 73
     9
 74
     0
 42
0.00000001
 43
0.00000001
 40
0.0
 40
0.0
 40
0.0
 40
0.0
 40
0.2497673117694407
 40
0.3771557697526537
 40
0.5002042120342621
 40
0.6247610907847677
 40
0.750556965488743
 40
0.9999999999999999
 40
0.9999999999999999
 40
0.9999999999999999
 40
0.9999999999999999
 10
7.791873279522077
 20
2.646808723385037
 30
0.0
 10
7.787234405758436
 20
2.646340730806835
 30
0.0
 10
7.780229573970333
 20
2.645634048656077
 30
0.0
 10
7.771808278926403
 20
2.641637554262104
 30
0.0
 10
7.766240300454311
 20
2.637496209572713
 30
0.0
 10
7.76176866915151
 20
2.632264542291344
 30
0.0
 10
7.757442040902158
 20
2.624117979725635
 30
0.0
 10
7.756852740742233
 20
2.617298960541695
 30
0.0
 10
7.756460998797249
 20
2.612765963574002
 30
0.0
  0
SPLINE
  5
6E1
330
1F
100
AcDbEntity
  8
0
  6
Continuous
 62
     7
370
    25
100
AcDbSpline
210
0.0
220
0.0
230
1.0
 70
     8
 71
     3
 72
    13
 73
     9
 74
     0
 42
0.00000001
 43
0.00000001
 40
0.0
 40
0.0
 40
0.0
 40
0.0
 40
0.2494127152958613
 40
0.3751365553787424
 40
0.4997686176638718
 40
0.6227314143325128
 40
0.7502183478797612
 40
1.0
 40
1.0
 40
1.0
 40
1.0
 10
7.756460998797249
 20
2.612765963574002
 30
0.0
 10
7.756887772027997
 20
2.608208514724931
 30
0.0
 10
7.757529672901097
 20
2.601353749279122
 30
0.0
 10
7.76201525502421
 20
2.593351659551019
 30
0.0
 10
7.76662482063026
 20
2.588284872960697
 30
0.0
 10
7.772335068825891
 20
2.584342936726503
 30
0.0
 10
7.780930560452886
 20
2.580625820554915
 30
0.0
 10
7.788026391684754
 20
2.580086905306656
 30
0.0
 10
7.792724393362064
 20
2.579730100774881
 30
0.0
  0
LINE
  5
6E2
330
1F
100
AcDbEntity
  8
0
  6
Continuous
 62
     7
370
    25
100
AcDbLine
 10
7.7927243934
 20
2.5797301008
 30
0.0
 11
7.7927244413
 21
2.5796560824
 31
0.0
  0
LINE
  5
6E3
330
1F
100
AcDbEntity
  8
0
  6
Continuous
 62
     7
370
    25
100
AcDbLine
 10
7.7927244413
 20
2.5796560824
 30
0.0
 11
7.7569505487
 21
2.5796353074
 31
0.0
  0
LINE
  5
6E4
330
1F
100
AcDbEntity
  8
0
  6
Continuous
 62
     7
370
    25
100
AcDbLine
 10
7.7569505487
 20
2.5796353074
 30
0.0
 11
7.7569617763
 21
2.5624366746
 31
0.0
  0
LINE
  5
6E5
330
1F
100
AcDbEntity
  8
0
  6
Continuous
 62
     7
370
    25
100
AcDbLine
 10
7.7569617763
 20
2.5624366746
 30
0.0
 11
7.7824526018
 21
2.5624512326
 31
0.0
  0
LINE
  5
6E6
330
1F
100
AcDbEntity
  8
0
  6
Continuous
 62
     7
370
    25
100
AcDbLine
 10
7.7824526018
 20
2.5624512326
 30
0.0
 11
7.7824673912
 21
2.5402675733
 31
0.0
  0
LINE
  5
6E7
330
1F
100
AcDbEntity
  8
0
  6
Continuous
 62
     7
370
    25
100
AcDbLine
 10
7.7824673912
 20
2.5402675733
 30
0.0
 11
7.7569765656
 21
2.5402533847
 31
0.0
  0
SPLINE
  5
6E8
330
1F
100
AcDbEntity
  8
0
  6
Continuous
 62
     7
370
    25
100
AcDbSpline
210
0.0
220
0.0
230
1.0
 70
     8
 71
     3
 72
     9
 73
     5
 74
     0
 42
0.00000001
 43
0.00000001
 40
0.0
 40
0.0
 40
0.0
 40
0.0
 40
0.4999999999999998
 40
1.0
 40
1.0
 40
1.0
 40
1.0
 10
7.756976565645447
 20
2.540253384675228
 30
0.0
 10
7.756984391829606
 20
2.52878877100263
 30
0.0
 10
7.757000044197927
 20
2.505859543657436
 30
0.0
 10
7.757015696566247
 20
2.484777699765156
 30
0.0
 10
7.757023522750407
 20
2.474236777819015
 30
0.0
  0
LINE
  5
6E9
330
1F
100
AcDbEntity
  8
0
  6
Continuous
 62
     7
370
    25
100
AcDbLine
 10
7.7570235228
 20
2.4742367778
 30
0.0
 11
7.7727098805
 21
2.4742445815
 31
0.0
  0
LINE
  5
6EA
330
1F
100
AcDbEntity
  8
0
  6
Continuous
 62
     7
370
    25
100
AcDbLine
 10
7.7727098805
 20
2.4742445815
 30
0.0
 11
7.7726970234
 21
2.4915678831
 31
0.0
  0
LINE
  5
6EB
330
1F
100
AcDbEntity
  8
0
  6
Continuous
 62
     7
370
    25
100
AcDbLine
 10
7.7726970234
 20
2.4915678831
 30
0.0
 11
7.82701103
 21
2.4915958876
 31
0.0
  0
LINE
  5
6EC
330
1F
100
AcDbEntity
  8
0
  6
Continuous
 62
     7
370
    25
100
AcDbLine
 10
7.82701103
 20
2.4915958876
 30
0.0
 11
7.8269998028
 21
2.507212059
 31
0.0
  0
LINE
  5
6ED
330
1F
100
AcDbEntity
  8
0
  6
Continuous
 62
     7
370
    25
100
AcDbLine
 10
7.8269998028
 20
2.507212059
 30
0.0
 11
7.7726857962
 21
2.5071832589
 31
0.0
  0
LINE
  5
6EE
330
1F
100
AcDbEntity
  8
0
  6
Continuous
 62
     7
370
    25
100
AcDbLine
 10
7.7726857962
 20
2.5071832589
 30
0.0
 11
7.7726741496
 21
2.5238263105
 31
0.0
  0
LINE
  5
6EF
330
1F
100
AcDbEntity
  8
0
  6
Continuous
 62
     7
370
    25
100
AcDbLine
 10
7.7726741496
 20
2.5238263105
 30
0.0
 11
7.8269881562
 21
2.5238558722
 31
0.0
  0
LINE
  5
6F0
330
1F
100
AcDbEntity
  8
0
  6
Continuous
 62
     7
370
    25
100
AcDbLine
 10
7.8269881562
 20
2.5238558722
 30
0.0
 11
7.82697693
 21
2.5402923486
 31
0.0
  0
LINE
  5
6F1
330
1F
100
AcDbEntity
  8
0
  6
Continuous
 62
     7
370
    25
100
AcDbLine
 10
7.82697693
 20
2.5402923486
 30
0.0
 11
7.7981514897
 21
2.5402763034
 31
0.0
  0
LINE
  5
6F2
330
1F
100
AcDbEntity
  8
0
  6
Continuous
 62
     7
370
    25
100
AcDbLine
 10
7.7981514897
 20
2.5402763034
 30
0.0
 11
7.7981367003
 21
2.5624601901
 31
0.0
  0
LINE
  5
6F3
330
1F
100
AcDbEntity
  8
0
  6
Continuous
 62
     7
370
    25
100
AcDbLine
 10
7.7981367003
 20
2.5624601901
 30
0.0
 11
7.8269621407
 21
2.562476653
 31
0.0
  0
LINE
  5
6F4
330
1F
100
AcDbEntity
  8
0
  6
Continuous
 62
     7
370
    25
100
AcDbLine
 10
7.8269621407
 20
2.562476653
 30
0.0
 11
7.8269509131
 21
2.5796759591
 31
0.0
  0
LINE
  5
6F5
330
1F
100
AcDbEntity
  8
0
  6
Continuous
 62
     7
370
    25
100
AcDbLine
 10
7.8269509131
 20
2.5796759591
 30
0.0
 11
7.7927944413
 21
2.579656123
 31
0.0
  0
LINE
  5
6F6
330
1F
100
AcDbEntity
  8
0
  6
Continuous
 62
     7
370
    25
100
AcDbLine
 10
7.7927944413
 20
2.579656123
 30
0.0
 11
7.7927943935
 21
2.5797299761
 31
0.0
  0
SPLINE
  5
6F7
330
1F
100
AcDbEntity
  8
0
  6
Continuous
 62
     7
370
    25
100
AcDbSpline
210
0.0
220
0.0
230
1.0
 70
     8
 71
     3
 72
    13
 73
     9
 74
     0
 42
0.00000001
 43
0.00000001
 40
0.0
 40
0.0
 40
0.0
 40
0.0
 40
0.2497862118918478
 40
0.3772980095804321
 40
0.5002401260719594
 40
0.6248906992611569
 40
0.7505971081715526
 40
1.0
 40
1.0
 40
1.0
 40
1.0
 10
7.792794393455933
 20
2.579729976135348
 30
0.0
 10
7.797532763776931
 20
2.580073002792476
 30
0.0
 10
7.804689995063747
 20
2.580591138977764
 30
0.0
 10
7.813370603732069
 20
2.584310404034458
 30
0.0
 10
7.819141214330845
 20
2.588268669222441
 30
0.0
 10
7.823801124611723
 20
2.593367210066168
 30
0.0
 10
7.82833385480278
 20
2.601431861986642
 30
0.0
 10
7.828973791877792
 20
2.60834512656164
 30
0.0
 10
7.829399273615466
 20
2.612941621966002
 30
0.0
  0
SPLINE
  5
6F8
330
1F
100
AcDbEntity
  8
0
  6
Continuous
 62
     7
370
    25
100
AcDbSpline
210
0.0
220
0.0
230
1.0
 70
     8
 71
     3
 72
    13
 73
     9
 74
     0
 42
0.00000001
 43
0.00000001
 40
0.0
 40
0.0
 40
0.0
 40
0.0
 40
0.249371877465876
 40
0.3750056748948694
 40
0.4997321104598948
 40
0.6225909927835838
 40
0.7501992208410166
 40
1.0
 40
1.0
 40
1.0
 40
1.0
 10
7.829399273615466
 20
2.612941621966002
 30
0.0
 10
7.828954995061378
 20
2.617627712534563
 30
0.0
 10
7.828286888534252
 20
2.624674660146056
 30
0.0
 10
7.823608596988471
 20
2.632998816570566
 30
0.0
 10
7.818812907300856
 20
2.638258318289832
 30
0.0
 10
7.812894697242798
 20
2.642327149426935
 30
0.0
 10
7.804024689505127
 20
2.646104761319374
 30
0.0
 10
7.79675497944789
 20
2.646529252191547
 30
0.0
 10
7.791943278609185
 20
2.64681021567834
 30
0.0
  0
LINE
  5
6F9
330
1F
100
AcDbEntity
  8
0
  6
Continuous
 62
     7
370
    25
100
AcDbLine
 10
7.7919432496
 20
2.6468568879
 30
0.0
 11
7.8269084319
 21
2.6468780763
 31
0.0
  0
LINE
  5
6FA
330
1F
100
AcDbEntity
  8
0
  6
Continuous
 62
     7
370
    25
100
AcDbLine
 10
7.8269084319
 20
2.6468780763
 30
0.0
 11
7.8268972043
 21
2.6650294284
 31
0.0
  0
LINE
  5
6FB
330
1F
100
AcDbEntity
  8
0
  6
Continuous
 62
     7
370
    25
100
AcDbLine
 10
7.8268972043
 20
2.6650294284
 30
0.0
 11
7.8014052491
 21
2.6650138873
 31
0.0
  0
LINE
  5
6FC
330
1F
100
AcDbEntity
  8
0
  6
Continuous
 62
     7
370
    25
100
AcDbLine
 10
7.8014052491
 20
2.6650138873
 30
0.0
 11
7.8013967366
 21
2.6788380721
 31
0.0
  0
SPLINE
  5
6FD
330
1F
100
AcDbEntity
  8
0
  6
Continuous
 62
     7
370
    25
100
AcDbSpline
210
0.0
220
0.0
230
1.0
 70
     8
 71
     3
 72
    13
 73
     9
 74
     0
 42
0.00000001
 43
0.00000001
 40
0.0
 40
0.0
 40
0.0
 40
0.0
 40
0.1333182880061175
 40
0.2499885755928716
 40
0.3709634455206131
 40
0.4996895834886691
 40
0.7494410840904837
 40
1.0
 40
1.0
 40
1.0
 40
1.0
 10
7.801396736614626
 20
2.678838072117423
 30
0.0
 10
7.801443042400213
 20
2.679722009952521
 30
0.0
 10
7.80152987157837
 20
2.681379504686465
 30
0.0
 10
7.802359083194978
 20
2.683732197125895
 30
0.0
 10
7.803858668800266
 20
2.68569512604329
 30
0.0
 10
7.806645673773906
 20
2.687568306910078
 30
0.0
 10
7.810748788636523
 20
2.688654502310584
 30
0.0
 10
7.814051842008803
 20
2.688926501233176
 30
0.0
 10
7.815706033976102
 20
2.689062720174306
 30
0.0
  0
SPLINE
  5
6FE
330
1F
100
AcDbEntity
  8
0
  6
Continuous
 62
     7
370
    25
100
AcDbSpline
210
0.0
220
0.0
230
1.0
 70
     8
 71
     3
 72
    10
 73
     6
 74
     0
 42
0.00000001
 43
0.00000001
 40
0.0
 40
0.0
 40
0.0
 40
0.0
 40
0.5005158479851546
 40
0.7986196192916237
 40
1.0
 40
1.0
 40
1.0
 40
1.0
 10
7.815706033976102
 20
2.689062720174306
 30
0.0
 10
7.817602935595092
 20
2.689223260056122
 30
0.0
 10
7.820629618675935
 20
2.68947941637927
 30
0.0
 10
7.824436400403053
 20
2.690033107334788
 30
0.0
 10
7.82617869575224
 20
2.690817343812449
 30
0.0
 10
7.82688114867154
 20
2.691133529701029
 30
0.0
  0
LINE
  5
6FF
330
1F
100
AcDbEntity
  8
0
  6
Continuous
 62
     7
370
    25
100
AcDbLine
 10
7.8268811487
 20
2.6911335297
 30
0.0
 11
7.8268707368
 21
2.70810763
 31
0.0
  0
SPLINE
  5
700
330
1F
100
AcDbEntity
  8
0
  6
Continuous
 62
     7
370
    25
100
AcDbSpline
210
0.0
220
0.0
230
1.0
 70
     8
 71
     3
 72
     9
 73
     5
 74
     0
 42
0.00000001
 43
0.00000001
 40
0.0
 40
0.0
 40
0.0
 40
0.0
 40
0.4999999999999972
 40
1.0
 40
1.0
 40
1.0
 40
1.0
 10
7.826870736772178
 20
2.70810762998498
 30
0.0
 10
7.826830058873558
 20
2.718878446576032
 30
0.0
 10
7.82674870307632
 20
2.740420079758137
 30
0.0
 10
7.826667347279082
 20
2.76175153977579
 30
0.0
 10
7.826626669380461
 20
2.772417269784617
 30
0.0
  0
LINE
  5
701
330
1F
100
AcDbEntity
  8
0
  6
Continuous
 62
     7
370
    25
100
AcDbLine
 10
7.8266266694
 20
2.7724172698
 30
0.0
 11
7.8163062403
 21
2.7765159494
 31
0.0
  0
LINE
  5
702
330
1F
100
AcDbEntity
  8
0
  6
Continuous
 62
     7
370
    25
100
AcDbLine
 10
7.8163062403
 20
2.7765159494
 30
0.0
 11
7.8162958326
 21
2.7931717338
 31
0.0
  0
LINE
  5
703
330
1F
100
AcDbEntity
  8
0
  6
Continuous
 62
     7
370
    25
100
AcDbLine
 10
7.8162958326
 20
2.7931717338
 30
0.0
 11
7.8266112597
 21
2.7970765397
 31
0.0
  0
LINE
  5
704
330
1F
100
AcDbEntity
  8
0
  6
Continuous
 62
     7
370
    25
100
AcDbLine
 10
7.8266112597
 20
2.7970765397
 30
0.0
 11
7.8265792057
 21
2.8471356933
 31
0.0
  0
SPLINE
  5
705
330
1F
100
AcDbEntity
  8
0
  6
Continuous
 62
     7
370
    25
100
AcDbSpline
210
0.0
220
0.0
230
1.0
 70
     8
 71
     3
 72
    12
 73
     8
 74
     0
 42
0.00000001
 43
0.00000001
 40
0.0
 40
0.0
 40
0.0
 40
0.0
 40
0.2555208101667567
 40
0.5002905053115644
 40
0.7499631231929957
 40
0.8783198572370926
 40
0.9999999999999999
 40
0.9999999999999999
 40
0.9999999999999999
 40
0.9999999999999999
 10
7.826579205670212
 20
2.847135693267463
 30
0.0
 10
7.826421963573863
 20
2.849103209596966
 30
0.0
 10
7.826114095389715
 20
2.852955458414013
 30
0.0
 10
7.824041098746108
 20
2.858416150452717
 30
0.0
 10
7.821260525962359
 20
2.862450851757627
 30
0.0
 10
7.818220059893424
 20
2.865058617842034
 30
0.0
 10
7.816373496469811
 20
2.865905942980057
 30
0.0
 10
7.815474868619891
 20
2.866318292730532
 30
0.0
  0
SPLINE
  5
706
330
1F
100
AcDbEntity
  8
0
  6
Continuous
 62
     7
370
    25
100
AcDbSpline
210
0.0
220
0.0
230
1.0
 70
     8
 71
     3
 72
    11
 73
     7
 74
     0
 42
0.00000001
 43
0.00000001
 40
0.0
 40
0.0
 40
0.0
 40
0.0
 40
0.1208276953601965
 40
0.2504222565827728
 40
0.5004455838787587
 40
1.0
 40
1.0
 40
1.0
 40
1.0
 10
7.815474868619891
 20
2.866318292730532
 30
0.0
 10
7.816665259926296
 20
2.86686030609872
 30
0.0
 10
7.819132413473154
 20
2.867983659567928
 30
0.0
 10
7.82299246120848
 20
2.871630575712881
 30
0.0
 10
7.827652037114986
 20
2.879490424478399
 30
0.0
 10
7.828164978763131
 20
2.886907243709232
 30
0.0
 10
7.828506827581074
 20
2.891850166351844
 30
0.0
  0
SPLINE
  5
707
330
1F
100
AcDbEntity
  8
0
  6
Continuous
 62
     7
370
    25
100
AcDbSpline
210
0.0
220
0.0
230
1.0
 70
     8
 71
     3
 72
    13
 73
     9
 74
     0
 42
0.00000001
 43
0.00000001
 40
0.0
 40
0.0
 40
0.0
 40
0.0
 40
0.2500012018705687
 40
0.4995343061351244
 40
0.6271138344919678
 40
0.7497952932770474
 40
0.8741559845052708
 40
1.0
 40
1.0
 40
1.0
 40
1.0
 10
7.828506827581074
 20
2.891850166351844
 30
0.0
 10
7.828250765218859
 20
2.894972154879813
 30
0.0
 10
7.82773911994084
 20
2.901210286382428
 30
0.0
 10
7.823828737797111
 20
2.908320024464444
 30
0.0
 10
7.819162557116509
 20
2.912899242537846
 30
0.0
 10
7.814834014719803
 20
2.915532808616072
 30
0.0
 10
7.809910199848318
 20
2.917269594053373
 30
0.0
 10
7.806379823670327
 20
2.917480811646842
 30
0.0
 10
7.804604170764896
 20
2.917587046539275
 30
0.0
  0
SPLINE
  5
708
330
1F
100
AcDbEntity
  8
0
  6
Continuous
 62
     7
370
    25
100
AcDbSpline
210
0.0
220
0.0
230
1.0
 70
     8
 71
     3
 72
    12
 73
     8
 74
     0
 42
0.00000001
 43
0.00000001
 40
0.0
 40
0.0
 40
0.0
 40
0.0
 40
0.2496748704822527
 40
0.3752724121446719
 40
0.4998270656865174
 40
0.7494152731613478
 40
0.9999999999999999
 40
0.9999999999999999
 40
0.9999999999999999
 40
0.9999999999999999
 10
7.804604170764896
 20
2.917587046539275
 30
0.0
 10
7.801817834778182
 20
2.917439525398226
 30
0.0
 10
7.797629848118735
 20
2.917217794575509
 30
0.0
 10
7.792590170682023
 20
2.915129233715018
 30
0.0
 10
7.788348853424671
 20
2.912033460874858
 30
0.0
 10
7.784854246871696
 20
2.906732889171646
 30
0.0
 10
7.783335167487711
 20
2.902088242848703
 30
0.0
 10
7.78257411452709
 20
2.899761292807525
 30
0.0
  0
LINE
  5
709
330
1F
100
AcDbEntity
  8
0
  6
Continuous
 62
     7
370
    25
100
AcDbLine
 10
7.7825741145
 20
2.8997612928
 30
0.0
 11
7.782449022
 21
2.8993396968
 31
0.0
  0
LINE
  5
70A
330
1F
100
AcDbEntity
  8
0
  6
Continuous
 62
     7
370
    25
100
AcDbLine
 10
7.782449022
 20
2.8993396966
 30
0.0
 11
7.782572753
 21
2.9160445078
 31
0.0
  0
SPLINE
  5
70B
330
1F
100
AcDbEntity
  8
0
  6
Continuous
 62
     7
370
    25
100
AcDbSpline
210
0.0
220
0.0
230
1.0
 70
     8
 71
     3
 72
    13
 73
     9
 74
     0
 42
0.00000001
 43
0.00000001
 40
0.0
 40
0.0
 40
0.0
 40
0.0
 40
0.2498324508915086
 40
0.3769826400045158
 40
0.4994898377837056
 40
0.6058607258010743
 40
0.722220208911602
 40
1.0
 40
1.0
 40
1.0
 40
1.0
 10
7.782572753036334
 20
2.916044507776957
 30
0.0
 10
7.778758809195919
 20
2.915901227715139
 30
0.0
 10
7.773003789731245
 20
2.915685026433954
 30
0.0
 10
7.766059305298536
 20
2.912898837785355
 30
0.0
 10
7.762014035430219
 20
2.909750384267789
 30
0.0
 10
7.759218311795734
 20
2.905896964775437
 30
0.0
 10
7.756570473088029
 20
2.899672662730197
 30
0.0
 10
7.756287920189473
 20
2.894363580540398
 30
0.0
 10
7.756088783766717
 20
2.890621868313036
 30
0.0
  0
SPLINE
  5
70C
330
1F
100
AcDbEntity
  8
0
  6
Continuous
 62
     7
370
    25
100
AcDbSpline
210
0.0
220
0.0
230
1.0
 70
     8
 71
     3
 72
    11
 73
     7
 74
     0
 42
0.00000001
 43
0.00000001
 40
0.0
 40
0.0
 40
0.0
 40
0.0
 40
0.2619245903919871
 40
0.5005461600193681
 40
0.7504107115370328
 40
1.0
 40
1.0
 40
1.0
 40
1.0
 10
7.756088783766717
 20
2.890621868313036
 30
0.0
 10
7.756221412979436
 20
2.888175693878142
 30
0.0
 10
7.756474871591449
 20
2.883500977318344
 30
0.0
 10
7.758898661258352
 20
2.876714158156832
 30
0.0
 10
7.762987681340021
 20
2.870587109528688
 30
0.0
 10
7.767275518325748
 20
2.867794140760277
 30
0.0
 10
7.769418255244849
 20
2.866398426017881
 30
0.0
  0
SPLINE
  5
70D
330
1F
100
AcDbEntity
  8
0
  6
Continuous
 62
     7
370
    25
100
AcDbSpline
210
0.0
220
0.0
230
1.0
 70
     8
 71
     3
 72
    15
 73
    11
 74
     0
 42
0.00000001
 43
0.00000001
 40
0.0
 40
0.0
 40
0.0
 40
0.0
 40
0.0063571777473997
 40
0.0189229892263834
 40
0.0626807125153601
 40
0.1253534856572773
 40
0.2503530277210792
 40
0.3678986858614479
 40
0.5004446443697341
 40
1.0
 40
1.0
 40
1.0
 40
1.0
 10
7.769418255244849
 20
2.866398426017881
 30
0.0
 10
7.769357609039067
 20
2.866369812193673
 30
0.0
 10
7.76917708750196
 20
2.866284639321572
 30
0.0
 10
7.768577482306481
 20
2.866005445548078
 30
0.0
 10
7.767437311824078
 20
2.865478064622817
 30
0.0
 10
7.765233501188767
 20
2.864431183406442
 30
0.0
 10
7.762540218207866
 20
2.86264406035988
 30
0.0
 10
7.760128261967068
 20
2.859608662347025
 30
0.0
 10
7.757062579938395
 20
2.852650519425398
 30
0.0
 10
7.756908774208542
 20
2.846190576163305
 30
0.0
 10
7.756787220156437
 20
2.841085224882641
 30
0.0
  0
LINE
  5
70E
330
1F
100
AcDbEntity
  8
0
  6
Continuous
 62
     7
370
    25
100
AcDbLine
 10
7.7567872202
 20
2.8410852249
 30
0.0
 11
7.7568061672
 21
2.811577106
 31
0.0
  0
LINE
  5
70F
330
1F
100
AcDbEntity
  8
0
  6
Continuous
 62
     7
370
    25
100
AcDbLine
 10
7.7568061672
 20
2.811577106
 30
0.0
 11
7.8004052388
 21
2.8116029314
 31
0.0
  0
LINE
  5
710
330
1F
100
AcDbEntity
  8
0
  6
Continuous
 62
     7
370
    25
100
AcDbLine
 10
7.8004052388
 20
2.8116029314
 30
0.0
 11
7.7568160756
 21
2.7958889133
 31
0.0
  0
LINE
  5
711
330
1F
100
AcDbEntity
  8
0
  6
Continuous
 62
     7
370
    25
100
AcDbLine
 10
7.7568160756
 20
2.7958889133
 30
0.0
 11
7.7568293314
 21
2.7746810114
 31
0.0
  0
LINE
  5
712
330
1F
100
AcDbEntity
  8
0
  6
Continuous
 62
     7
370
    25
100
AcDbLine
 10
7.7568293314
 20
2.7746810114
 30
0.0
 11
7.8067155573
 21
2.7560802525
 31
0.0
  0
LINE
  5
713
330
1F
100
AcDbEntity
  8
0
  6
Continuous
 62
     7
370
    25
100
AcDbLine
 10
7.8067155573
 20
2.7560802525
 30
0.0
 11
7.8068793271
 21
2.7322200125
 31
0.0
  0
LINE
  5
714
330
1F
100
AcDbEntity
  8
0
  6
Continuous
 62
     7
370
    25
100
AcDbLine
 10
7.8068793271
 20
2.7322200125
 30
0.0
 11
7.7568557607
 21
2.7318787272
 31
0.0
  0
LINE
  5
715
330
1F
100
AcDbEntity
  8
0
  6
Continuous
 62
     7
370
    25
100
AcDbLine
 10
7.7568557607
 20
2.7318787271
 30
0.0
 11
7.7568703461
 21
2.70810763
 31
0.0
  0
LINE
  5
716
330
1F
100
AcDbEntity
  8
0
  6
Continuous
 62
     7
370
    25
100
AcDbLine
 10
7.7568703461
 20
2.70810763
 30
0.0
 11
7.8235979748
 21
2.70810763
 31
0.0
  0
LINE
  5
717
330
1F
100
AcDbEntity
  8
0
  6
Continuous
 62
     7
370
    25
100
AcDbLine
 10
7.8235979748
 20
2.70810763
 30
0.0
 11
7.8110866525
 21
2.7062804108
 31
0.0
  0
SPLINE
  5
718
330
1F
100
AcDbEntity
  8
0
  6
Continuous
 62
     7
370
    25
100
AcDbSpline
210
0.0
220
0.0
230
1.0
 70
     8
 71
     3
 72
    12
 73
     8
 74
     0
 42
0.00000001
 43
0.00000001
 40
0.0
 40
0.0
 40
0.0
 40
0.0
 40
0.3150729102223189
 40
0.5716284683798692
 40
0.7892883415241081
 40
0.8934390183502288
 40
1.0
 40
1.0
 40
1.0
 40
1.0
 10
7.811086652510384
 20
2.706280410800726
 30
0.0
 10
7.808894234749365
 20
2.705999725828322
 30
0.0
 10
7.80491658904858
 20
2.705490486488261
 30
0.0
 10
7.799701239368133
 20
2.703441137317664
 30
0.0
 10
7.796549380129544
 20
2.700749043723686
 30
0.0
 10
7.794970912430096
 20
2.698164071607525
 30
0.0
 10
7.794543420636739
 20
2.696748106360971
 30
0.0
 10
7.794327229726958
 20
2.696032025211279
 30
0.0
  0
LINE
  5
719
330
1F
100
AcDbEntity
  8
0
  6
Continuous
 62
     7
370
    25
100
AcDbLine
 10
7.7943272297
 20
2.6960320252
 30
0.0
 11
7.7941306772
 21
2.6960319047
 31
0.0
  0
SPLINE
  5
71A
330
1F
100
AcDbEntity
  8
0
  6
Continuous
 62
     7
370
    25
100
AcDbSpline
210
0.0
220
0.0
230
1.0
 70
     8
 71
     3
 72
    11
 73
     7
 74
     0
 42
0.00000001
 43
0.00000001
 40
0.0
 40
0.0
 40
0.0
 40
0.0
 40
0.2504285694199278
 40
0.4995761795701438
 40
0.7423131448882394
 40
1.0
 40
1.0
 40
1.0
 40
1.0
 10
7.794130677234564
 20
2.696031904737279
 30
0.0
 10
7.793306032573252
 20
2.697694754402504
 30
0.0
 10
7.791660961364502
 20
2.701011948143124
 30
0.0
 10
7.787290744064704
 20
2.704491531822453
 30
0.0
 10
7.782160288307357
 20
2.706676883015595
 30
0.0
 10
7.778473735768992
 20
2.706920173716202
 30
0.0
 10
7.776575392622577
 20
2.707045453155264
 30
0.0
  0
LINE
  5
71B
330
1F
100
AcDbEntity
  8
0
  6
Continuous
 62
     7
370
    25
100
AcDbLine
 10
7.8266266694
 20
2.7723368827
 30
0.0
 11
7.8266266694
 21
2.7724172698
 31
0.0
  0
LINE
  5
71C
330
1F
100
AcDbEntity
  8
0
  6
Continuous
 62
     7
370
    25
100
AcDbLine
 10
7.760336561
 20
2.7117933696
 30
0.0
 11
7.8235101149
 21
2.7118321069
 31
0.0
  0
LINE
  5
71D
330
1F
100
AcDbEntity
  8
0
  6
Continuous
 62
     7
370
    25
100
AcDbLine
 10
7.8235101149
 20
2.7118274513
 30
0.0
 11
7.8235101149
 21
2.7118321069
 31
0.0
  0
LINE
  5
71E
330
1F
100
AcDbEntity
  8
0
  6
Continuous
 62
     7
370
    25
100
AcDbLine
 10
7.760336561
 20
2.7117887625
 30
0.0
 11
7.8235101149
 21
2.7118274513
 31
0.0
  0
LINE
  5
71F
330
1F
100
AcDbEntity
  8
0
  6
Continuous
 62
     7
370
    25
100
AcDbLine
 10
7.760336561
 20
2.7117887625
 30
0.0
 11
7.760336561
 21
2.7117933696
 31
0.0
  0
SPLINE
  5
720
330
1F
100
AcDbEntity
  8
0
  6
Continuous
 62
     7
370
    25
100
AcDbSpline
210
0.0
220
0.0
230
1.0
 70
     8
 71
     3
 72
    13
 73
     9
 74
     0
 42
0.00000001
 43
0.00000001
 40
0.0
 40
0.0
 40
0.0
 40
0.0
 40
0.1306871796145048
 40
0.2499852690313349
 40
0.3721107330014453
 40
0.4999593672119562
 40
0.7496668497934174
 40
1.0
 40
1.0
 40
1.0
 40
1.0
 10
7.803441556035212
 20
2.914779664857982
 30
0.0
 10
7.802217182374298
 20
2.91472202920261
 30
0.0
 10
7.799875136429767
 20
2.914611780708024
 30
0.0
 10
7.796521310988
 20
2.913695680595765
 30
0.0
 10
7.793543771364258
 20
2.912139111342912
 30
0.0
 10
7.790216511387563
 20
2.909265207799433
 30
0.0
 10
7.787321239122966
 20
2.904745309733137
 30
0.0
 10
7.785959210469914
 20
2.900821083667338
 30
0.0
 10
7.785277344035404
 20
2.898856515572749
 30
0.0
  0
SPLINE
  5
721
330
1F
100
AcDbEntity
  8
0
  6
Continuous
 62
     7
370
    25
100
AcDbSpline
210
0.0
220
0.0
230
1.0
 70
     8
 71
     3
 72
    13
 73
     9
 74
     0
 42
0.00000001
 43
0.00000001
 40
0.0
 40
0.0
 40
0.0
 40
0.0
 40
0.2502177066511854
 40
0.4996796939314782
 40
0.6248428926614665
 40
0.7457658420786767
 40
0.867655765279074
 40
1.0
 40
1.0
 40
1.0
 40
1.0
 10
7.825361631311334
 20
2.890727411191928
 30
0.0
 10
7.825174274893599
 20
2.893661368882127
 30
0.0
 10
7.824800127920858
 20
2.899520422984523
 30
0.0
 10
7.821631913160397
 20
2.906377007485806
 30
0.0
 10
7.81736359389694
 20
2.910735566745585
 30
0.0
 10
7.813296635891662
 20
2.913108568279595
 30
0.0
 10
7.808559471621722
 20
2.914540242234825
 30
0.0
 10
7.805193662812401
 20
2.914697699066723
 30
0.0
 10
7.803441556035212
 20
2.914779664857982
 30
0.0
  0
SPLINE
  5
722
330
1F
100
AcDbEntity
  8
0
  6
Continuous
 62
     7
370
    25
100
AcDbSpline
210
0.0
220
0.0
230
1.0
 70
     8
 71
     3
 72
    13
 73
     9
 74
     0
 42
0.00000001
 43
0.00000001
 40
0.0
 40
0.0
 40
0.0
 40
0.0
 40
0.1273790072395364
 40
0.2501310070044323
 40
0.3730165472043697
 40
0.5003194830223389
 40
0.7499451392701232
 40
1.0
 40
1.0
 40
1.0
 40
1.0
 10
7.807248997195335
 20
2.866368278486499
 30
0.0
 10
7.808699617545897
 20
2.866724219008739
 30
0.0
 10
7.811548164860956
 20
2.867423170611447
 30
0.0
 10
7.815381879710499
 20
2.86945710073098
 30
0.0
 10
7.818664820385848
 20
2.872147814952239
 30
0.0
 10
7.822123877807652
 20
2.876501517827744
 30
0.0
 10
7.824852897567807
 20
2.882849536821433
 30
0.0
 10
7.825191956317771
 20
2.888099949774027
 30
0.0
 10
7.825361631311334
 20
2.890727411191928
 30
0.0
  0
SPLINE
  5
723
330
1F
100
AcDbEntity
  8
0
  6
Continuous
 62
     7
370
    25
100
AcDbSpline
210
0.0
220
0.0
230
1.0
 70
     8
 71
     3
 72
    13
 73
     9
 74
     0
 42
0.00000001
 43
0.00000001
 40
0.0
 40
0.0
 40
0.0
 40
0.0
 40
0.272393512302662
 40
0.499978813353663
 40
0.6256513029316761
 40
0.7460112609656776
 40
0.8684476347704151
 40
1.0
 40
1.0
 40
1.0
 40
1.0
 10
7.823514534825584
 20
2.843724709267336
 30
0.0
 10
7.823385493851914
 20
2.846485351880089
 30
0.0
 10
7.823148638897686
 20
2.851552516681297
 30
0.0
 10
7.820931371892276
 20
2.857590161666176
 30
0.0
 10
7.818009524718309
 20
2.861507425268265
 30
0.0
 10
7.814982773373567
 20
2.863929775275114
 30
0.0
 10
7.811340842137532
 20
2.86563382678215
 30
0.0
 10
7.808645195614506
 20
2.86611767262947
 30
0.0
 10
7.807248997195335
 20
2.866368278486499
 30
0.0
  0
LINE
  5
724
330
1F
100
AcDbEntity
  8
0
  6
Continuous
 62
     7
370
    25
100
AcDbLine
 10
7.8235428861
 20
2.7994210871
 30
0.0
 11
7.8235145348
 21
2.8437247093
 31
0.0
  0
LINE
  5
725
330
1F
100
AcDbEntity
  8
0
  6
Continuous
 62
     7
370
    25
100
AcDbLine
 10
7.8128065522
 20
2.794823435
 30
0.0
 11
7.8235428861
 21
2.7994210871
 31
0.0
  0
LINE
  5
726
330
1F
100
AcDbEntity
  8
0
  6
Continuous
 62
     7
370
    25
100
AcDbLine
 10
7.8128190817
 20
2.7747724937
 30
0.0
 11
7.8128065522
 21
2.794823435
 31
0.0
  0
LINE
  5
727
330
1F
100
AcDbEntity
  8
0
  6
Continuous
 62
     7
370
    25
100
AcDbLine
 10
7.823474268
 20
2.7700394364
 30
0.0
 11
7.8128190817
 21
2.7747724937
 31
0.0
  0
LINE
  5
728
330
1F
100
AcDbEntity
  8
0
  6
Continuous
 62
     7
370
    25
100
AcDbLine
 10
7.8235101149
 20
2.7118321069
 30
0.0
 11
7.823474268
 21
2.7700394364
 31
0.0
  0
LINE
  5
729
330
1F
100
AcDbEntity
  8
0
  6
Continuous
 62
     7
370
    25
100
AcDbLine
 10
7.7603264546
 20
2.7282659191
 30
0.0
 11
7.760336561
 21
2.7117933696
 31
0.0
  0
LINE
  5
72A
330
1F
100
AcDbEntity
  8
0
  6
Continuous
 62
     7
370
    25
100
AcDbLine
 10
7.8092104161
 20
2.7282958573
 30
0.0
 11
7.7603264546
 21
2.7282659191
 31
0.0
  0
LINE
  5
72B
330
1F
100
AcDbEntity
  8
0
  6
Continuous
 62
     7
370
    25
100
AcDbLine
 10
7.8091918262
 20
2.7584856925
 30
0.0
 11
7.8092104161
 21
2.7282958573
 31
0.0
  0
LINE
  5
72C
330
1F
100
AcDbEntity
  8
0
  6
Continuous
 62
     7
370
    25
100
AcDbLine
 10
7.7602965849
 20
2.7766445995
 30
0.0
 11
7.8091918262
 21
2.7584856925
 31
0.0
  0
LINE
  5
72D
330
1F
100
AcDbEntity
  8
0
  6
Continuous
 62
     7
370
    25
100
AcDbLine
 10
7.760286317
 20
2.7930763597
 30
0.0
 11
7.7602965849
 21
2.7766445995
 31
0.0
  0
LINE
  5
72E
330
1F
100
AcDbEntity
  8
0
  6
Continuous
 62
     7
370
    25
100
AcDbLine
 10
7.8191672184
 20
2.8147706017
 30
0.0
 11
7.760286317
 21
2.7930763597
 31
0.0
  0
LINE
  5
72F
330
1F
100
AcDbEntity
  8
0
  6
Continuous
 62
     7
370
    25
100
AcDbLine
 10
7.7602726349
 20
2.8147357939
 30
0.0
 11
7.8191672184
 21
2.8147706017
 31
0.0
  0
LINE
  5
730
330
1F
100
AcDbEntity
  8
0
  6
Continuous
 62
     7
370
    25
100
AcDbLine
 10
7.7602544905
 20
2.8429365846
 30
0.0
 11
7.7602726349
 21
2.8147357939
 31
0.0
  0
SPLINE
  5
731
330
1F
100
AcDbEntity
  8
0
  6
Continuous
 62
     7
370
    25
100
AcDbSpline
210
0.0
220
0.0
230
1.0
 70
     8
 71
     3
 72
    13
 73
     9
 74
     0
 42
0.00000001
 43
0.00000001
 40
0.0
 40
0.0
 40
0.0
 40
0.0
 40
0.1343633357137849
 40
0.255816835107572
 40
0.3741271789759496
 40
0.4997959598459212
 40
0.7231263000546683
 40
1.0
 40
1.0
 40
1.0
 40
1.0
 10
7.776035274290694
 20
2.864233750384718
 30
0.0
 10
7.774618648782405
 20
2.864155937838154
 30
0.0
 10
7.771921509327373
 20
2.864007789094392
 30
0.0
 10
7.76819627479562
 20
2.862657097191967
 30
0.0
 10
7.76515267238558
 20
2.860409478888822
 30
0.0
 10
7.762372509996252
 20
2.856594124763283
 30
0.0
 10
7.760435547122273
 20
2.850627236915033
 30
0.0
 10
7.760319001164545
 20
2.845676772966258
 30
0.0
 10
7.760254490469029
 20
2.842936584643267
 30
0.0
  0
SPLINE
  5
732
330
1F
100
AcDbEntity
  8
0
  6
Continuous
 62
     7
370
    25
100
AcDbSpline
210
0.0
220
0.0
230
1.0
 70
     8
 71
     3
 72
    11
 73
     7
 74
     0
 42
0.00000001
 43
0.00000001
 40
0.0
 40
0.0
 40
0.0
 40
0.0
 40
0.2568172686756953
 40
0.5001227485449635
 40
0.748240499617995
 40
1.0
 40
1.0
 40
1.0
 40
1.0
 10
7.788745693077326
 20
2.856539684029682
 30
0.0
 10
7.788052034116249
 20
2.85764211517848
 30
0.0
 10
7.786701211299873
 20
2.859788975859079
 30
0.0
 10
7.783664337750833
 20
2.862249809399145
 30
0.0
 10
7.780058745700763
 20
2.863928904959007
 30
0.0
 10
7.777382929457269
 20
2.864131642908091
 30
0.0
 10
7.776035274290694
 20
2.864233750384718
 30
0.0
  0
SPLINE
  5
733
330
1F
100
AcDbEntity
  8
0
  6
Continuous
 62
     7
370
    25
100
AcDbSpline
210
0.0
220
0.0
230
1.0
 70
     8
 71
     3
 72
    11
 73
     7
 74
     0
 42
0.00000001
 43
0.00000001
 40
0.0
 40
0.0
 40
0.0
 40
0.0
 40
0.2556744275863254
 40
0.5003675698897951
 40
0.7458201479537694
 40
1.0
 40
1.0
 40
1.0
 40
1.0
 10
7.802063962200199
 20
2.866538593330939
 30
0.0
 10
7.800519038177832
 20
2.866302969757328
 30
0.0
 10
7.797495545034484
 20
2.86584184270583
 30
0.0
 10
7.793534110987567
 20
2.863656765713198
 30
0.0
 10
7.790374482516109
 20
2.86054960588052
 30
0.0
 10
7.789294908669011
 20
2.857891799625154
 30
0.0
 10
7.788745693077326
 20
2.856539684029682
 30
0.0
  0
LINE
  5
734
330
1F
100
AcDbEntity
  8
0
  6
Continuous
 62
     7
370
    25
100
AcDbLine
 10
7.8020543026
 20
2.880876178
 30
0.0
 11
7.8020639622
 21
2.8665385933
 31
0.0
  0
SPLINE
  5
735
330
1F
100
AcDbEntity
  8
0
  6
Continuous
 62
     7
370
    25
100
AcDbSpline
210
0.0
220
0.0
230
1.0
 70
     8
 71
     3
 72
    12
 73
     8
 74
     0
 42
0.00000001
 43
0.00000001
 40
0.0
 40
0.0
 40
0.0
 40
0.0
 40
0.2800937298998315
 40
0.5000817276224182
 40
0.613559029696384
 40
0.7302986815760923
 40
1.0
 40
1.0
 40
1.0
 40
1.0
 10
7.811841835793906
 20
2.891587831962092
 30
0.0
 10
7.811771063644497
 20
2.890127647581058
 30
0.0
 10
7.81164470644701
 20
2.887520621967967
 30
0.0
 10
7.810273822531184
 20
2.884439291606298
 30
0.0
 10
7.808451757124846
 20
2.882699591007271
 30
0.0
 10
7.805923061453599
 20
2.88130116798285
 30
0.0
 10
7.803644520711098
 20
2.88105086628143
 30
0.0
 10
7.802054302567682
 20
2.880876178026136
 30
0.0
  0
SPLINE
  5
736
330
1F
100
AcDbEntity
  8
0
  6
Continuous
 62
     7
370
    25
100
AcDbSpline
210
0.0
220
0.0
230
1.0
 70
     8
 71
     3
 72
    13
 73
     9
 74
     0
 42
0.00000001
 43
0.00000001
 40
0.0
 40
0.0
 40
0.0
 40
0.0
 40
0.1242542479427194
 40
0.2416800146493195
 40
0.3633787674036402
 40
0.4994097943876423
 40
0.730904446934873
 40
1.0
 40
1.0
 40
1.0
 40
1.0
 10
7.80539233457463
 20
2.90050056454951
 30
0.0
 10
7.805946239276191
 20
2.900457539466279
 30
0.0
 10
7.807023608449514
 20
2.900373853774099
 30
0.0
 10
7.808503624099543
 20
2.899730845737842
 30
0.0
 10
7.80972148140112
 20
2.898704193925589
 30
0.0
 10
7.81083848451801
 20
2.897044572146632
 30
0.0
 10
7.811686593275045
 20
2.894628459328328
 30
0.0
 10
7.8117875603042
 20
2.892650888272486
 30
0.0
 10
7.811841835793906
 20
2.891587831962092
 30
0.0
  0
SPLINE
  5
737
330
1F
100
AcDbEntity
  8
0
  6
Continuous
 62
     7
370
    25
100
AcDbSpline
210
0.0
220
0.0
230
1.0
 70
     8
 71
     3
 72
    13
 73
     9
 74
     0
 42
0.00000001
 43
0.00000001
 40
0.0
 40
0.0
 40
0.0
 40
0.0
 40
0.5007370199592633
 40
0.7504473824671238
 40
0.8170559323117174
 40
0.8754383111103827
 40
0.935555134551559
 40
0.9999999999999999
 40
0.9999999999999999
 40
0.9999999999999999
 40
0.9999999999999999
 10
7.796228763338448
 20
2.884378597030438
 30
0.0
 10
7.797075009942186
 20
2.887495483320986
 30
0.0
 10
7.798343267577199
 20
2.892166716053848
 30
0.0
 10
7.800256083431202
 20
2.897136898984821
 30
0.0
 10
7.801842591485794
 20
2.899065493303902
 30
0.0
 10
7.802828957418642
 20
2.899861089036137
 30
0.0
 10
7.80403132479859
 20
2.900386703252014
 30
0.0
 10
7.804928276107461
 20
2.900461741684226
 30
0.0
 10
7.80539233457463
 20
2.90050056454951
 30
0.0
  0
SPLINE
  5
738
330
1F
100
AcDbEntity
  8
0
  6
Continuous
 62
     7
370
    25
100
AcDbSpline
210
0.0
220
0.0
230
1.0
 70
     8
 71
     3
 72
    13
 73
     9
 74
     0
 42
0.00000001
 43
0.00000001
 40
0.0
 40
0.0
 40
0.0
 40
0.0
 40
0.1302770581547897
 40
0.2499903621230449
 40
0.3719891545419606
 40
0.4999416967562956
 40
0.7496544058914547
 40
1.0
 40
1.0
 40
1.0
 40
1.0
 10
7.77806183536894
 20
2.867564799308723
 30
0.0
 10
7.779289179214084
 20
2.867625018878698
 30
0.0
 10
7.781644345477759
 20
2.867740575004376
 30
0.0
 10
7.785012371226065
 20
2.868737215953378
 30
0.0
 10
7.788000075611408
 20
2.870420929535746
 30
0.0
 10
7.791318501965012
 20
2.873507706031481
 30
0.0
 10
7.794179192418334
 20
2.878301176752334
 30
0.0
 10
7.795544996834204
 20
2.882351081720966
 30
0.0
 10
7.796228763338448
 20
2.884378597030438
 30
0.0
  0
SPLINE
  5
739
330
1F
100
AcDbEntity
  8
0
  6
Continuous
 62
     7
370
    25
100
AcDbSpline
210
0.0
220
0.0
230
1.0
 70
     8
 71
     3
 72
    13
 73
     9
 74
     0
 42
0.00000001
 43
0.00000001
 40
0.0
 40
0.0
 40
0.0
 40
0.0
 40
0.2501365797494364
 40
0.4999028474508724
 40
0.6295134961686791
 40
0.7499932777298828
 40
0.8715013132107845
 40
1.0
 40
1.0
 40
1.0
 40
1.0
 10
7.75890023202645
 20
2.890849932820795
 30
0.0
 10
7.759090678511654
 20
2.888180897219803
 30
0.0
 10
7.759471289537586
 20
2.882846777363279
 30
0.0
 10
7.762251242995993
 20
2.876364981266417
 30
0.0
 10
7.765856742398639
 20
2.871981875079789
 30
0.0
 10
7.769376375905233
 20
2.869442890400461
 30
0.0
 10
7.773528162465444
 20
2.867845251805242
 30
0.0
 10
7.776522700126781
 20
2.867660010041904
 30
0.0
 10
7.77806183536894
 20
2.867564799308723
 30
0.0
  0
SPLINE
  5
73A
330
1F
100
AcDbEntity
  8
0
  6
Continuous
 62
     7
370
    25
100
AcDbSpline
210
0.0
220
0.0
230
1.0
 70
     8
 71
     3
 72
    13
 73
     9
 74
     0
 42
0.00000001
 43
0.00000001
 40
0.0
 40
0.0
 40
0.0
 40
0.0
 40
0.1294625609156155
 40
0.2501829323949709
 40
0.3728896469517005
 40
0.5003586414212051
 40
0.7498792879148412
 40
1.0
 40
1.0
 40
1.0
 40
1.0
 10
7.779177043686289
 20
2.91302044345521
 30
0.0
 10
7.77760656736217
 20
2.912931772333855
 30
0.0
 10
7.774571663917913
 20
2.912760417766152
 30
0.0
 10
7.77027753211864
 20
2.911400288143111
 30
0.0
 10
7.766538416380325
 20
2.909183227728689
 30
0.0
 10
7.762572022215592
 20
2.905168485912545
 30
0.0
 10
7.759485690201633
 20
2.898914503757685
 30
0.0
 10
7.759095540940307
 20
2.893540274602969
 30
0.0
 10
7.75890023202645
 20
2.890849932820795
 30
0.0
  0
LINE
  5
73B
330
1F
100
AcDbEntity
  8
0
  6
Continuous
 62
     7
370
    25
100
AcDbLine
 10
7.7791871487
 20
2.8986983215
 30
0.0
 11
7.7791770437
 21
2.9130204435
 31
0.0
  0
SPLINE
  5
73C
330
1F
100
AcDbEntity
  8
0
  6
Continuous
 62
     7
370
    25
100
AcDbSpline
210
0.0
220
0.0
230
1.0
 70
     8
 71
     3
 72
    13
 73
     9
 74
     0
 42
0.00000001
 43
0.00000001
 40
0.0
 40
0.0
 40
0.0
 40
0.0
 40
0.2717467356950986
 40
0.5003970930207213
 40
0.6280178863269711
 40
0.7470460497327677
 40
0.867747746316484
 40
0.9999999999999999
 40
0.9999999999999999
 40
0.9999999999999999
 40
0.9999999999999999
 10
7.771606358874531
 20
2.889673175793272
 30
0.0
 10
7.771668965772172
 20
2.890836416127252
 30
0.0
 10
7.771784250724916
 20
2.892978418238589
 30
0.0
 10
7.772828707121763
 20
2.895534153473877
 30
0.0
 10
7.774189807843277
 20
2.897174460843498
 30
0.0
 10
7.775619084911553
 20
2.898120082292764
 30
0.0
 10
7.777329569649765
 20
2.898662219199274
 30
0.0
 10
7.778549388955287
 20
2.898685926556169
 30
0.0
 10
7.779187148721724
 20
2.898698321505426
 30
0.0
  0
SPLINE
  5
73D
330
1F
100
AcDbEntity
  8
0
  6
Continuous
 62
     7
370
    25
100
AcDbSpline
210
0.0
220
0.0
230
1.0
 70
     8
 71
     3
 72
    13
 73
     9
 74
     0
 42
0.00000001
 43
0.00000001
 40
0.0
 40
0.0
 40
0.0
 40
0.0
 40
0.1278915324078024
 40
0.2470818043637735
 40
0.3676565486604504
 40
0.4993838638705359
 40
0.7305056604401758
 40
1.0
 40
1.0
 40
1.0
 40
1.0
 10
7.776992717650104
 20
2.882539470360146
 30
0.0
 10
7.776533833766838
 20
2.882574100930809
 30
0.0
 10
7.775647286739557
 20
2.882641005937923
 30
0.0
 10
7.774424821969889
 20
2.883139432279661
 30
0.0
 10
7.773412452352898
 20
2.883937940754652
 30
0.0
 10
7.772467046915961
 20
2.88525526519959
 30
0.0
 10
7.77174215586105
 20
2.887209550433274
 30
0.0
 10
7.771653880003448
 20
2.888811048721541
 30
0.0
 10
7.771606358874531
 20
2.889673175793272
 30
0.0
  0
SPLINE
  5
73E
330
1F
100
AcDbEntity
  8
0
  6
Continuous
 62
     7
370
    25
100
AcDbSpline
210
0.0
220
0.0
230
1.0
 70
     8
 71
     3
 72
    12
 73
     8
 74
     0
 42
0.00000001
 43
0.00000001
 40
0.0
 40
0.0
 40
0.0
 40
0.0
 40
0.5009626305378115
 40
0.751047759977452
 40
0.8756184912943644
 40
0.93749507634032
 40
1.0
 40
1.0
 40
1.0
 40
1.0
 10
7.785277344035404
 20
2.898856515572749
 30
0.0
 10
7.784457994204965
 20
2.895829640130747
 30
0.0
 10
7.783229617441358
 20
2.891291720769365
 30
0.0
 10
7.78149004266271
 20
2.885978026052418
 30
0.0
 10
7.779820399068525
 20
2.883587254864749
 30
0.0
 10
7.778316769501969
 20
2.882680260751105
 30
0.0
 10
7.777435552150579
 20
2.8825865582762
 30
0.0
 10
7.776992717650104
 20
2.882539470360146
 30
0.0
  0
LINE
  5
73F
330
1F
100
AcDbEntity
  8
0
  6
Continuous
 62
     7
370
    25
100
AcDbLine
 10
7.7933777826
 20
2.8292975762
 30
0.0
 11
7.7933777826
 21
2.844718339
 31
0.0
  0
LINE
  5
740
330
1F
100
AcDbEntity
  8
0
  6
Continuous
 62
     7
370
    25
100
AcDbLine
 10
7.7933777826
 20
2.8292975762
 30
0.0
 11
7.81101103
 21
2.8292975762
 31
0.0
  0
LINE
  5
741
330
1F
100
AcDbEntity
  8
0
  6
Continuous
 62
     7
370
    25
100
AcDbLine
 10
7.81101103
 20
2.8292975762
 30
0.0
 11
7.81101103
 21
2.844718339
 31
0.0
  0
SPLINE
  5
742
330
1F
100
AcDbEntity
  8
0
  6
Continuous
 62
     7
370
    25
100
AcDbSpline
210
0.0
220
0.0
230
1.0
 70
     8
 71
     3
 72
    13
 73
     9
 74
     0
 42
0.00000001
 43
0.00000001
 40
0.0
 40
0.0
 40
0.0
 40
0.0
 40
0.2489488357139037
 40
0.3765149141606215
 40
0.4996868739238707
 40
0.6171986907916486
 40
0.7364952575848752
 40
1.0
 40
1.0
 40
1.0
 40
1.0
 10
7.811011030033038
 20
2.844718338991225
 30
0.0
 10
7.810894997176598
 20
2.845796237029923
 30
0.0
 10
7.810719506896207
 20
2.847426470352164
 30
0.0
 10
7.809674215945
 20
2.84936179829344
 30
0.0
 10
7.808619951448518
 20
2.850606852494154
 30
0.0
 10
7.807324329988016
 20
2.851577416588079
 30
0.0
 10
7.805248856849586
 20
2.85254489298375
 30
0.0
 10
7.803477200363573
 20
2.852676262876737
 30
0.0
 10
7.802257664602423
 20
2.852766692530398
 30
0.0
  0
SPLINE
  5
743
330
1F
100
AcDbEntity
  8
0
  6
Continuous
 62
     7
370
    25
100
AcDbSpline
210
0.0
220
0.0
230
1.0
 70
     8
 71
     3
 72
    13
 73
     9
 74
     0
 42
0.00000001
 43
0.00000001
 40
0.0
 40
0.0
 40
0.0
 40
0.0
 40
0.2710267316331088
 40
0.3884563885689361
 40
0.4999321189301262
 40
0.6148284127930465
 40
0.732976305004764
 40
1.0
 40
1.0
 40
1.0
 40
1.0
 10
7.802257664602423
 20
2.852766692530398
 30
0.0
 10
7.800979628763458
 20
2.852686122781503
 30
0.0
 10
7.799147849353822
 20
2.852570644011217
 30
0.0
 10
7.796992434386944
 20
2.851670020759934
 30
0.0
 10
7.795694230623825
 20
2.850765193236434
 30
0.0
 10
7.794662171867298
 20
2.849593450667636
 30
0.0
 10
7.793605121256324
 20
2.84761191355819
 30
0.0
 10
7.793470860254843
 20
2.845903034731443
 30
0.0
 10
7.793377782598285
 20
2.844718338991225
 30
0.0
  0
LINE
  5
744
330
1F
100
AcDbEntity
  8
0
  6
Continuous
 62
     7
370
    25
100
AcDbLine
 10
7.7707601211
 20
2.8292975762
 30
0.0
 11
7.7707601211
 21
2.8431905051
 31
0.0
  0
LINE
  5
745
330
1F
100
AcDbEntity
  8
0
  6
Continuous
 62
     7
370
    25
100
AcDbLine
 10
7.7707601211
 20
2.8292975762
 30
0.0
 11
7.7860607192
 21
2.8292975762
 31
0.0
  0
LINE
  5
746
330
1F
100
AcDbEntity
  8
0
  6
Continuous
 62
     7
370
    25
100
AcDbLine
 10
7.7860607192
 20
2.8292975762
 30
0.0
 11
7.7860607192
 21
2.8431905051
 31
0.0
  0
SPLINE
  5
747
330
1F
100
AcDbEntity
  8
0
  6
Continuous
 62
     7
370
    25
100
AcDbSpline
210
0.0
220
0.0
230
1.0
 70
     8
 71
     3
 72
    13
 73
     9
 74
     0
 42
0.00000001
 43
0.00000001
 40
0.0
 40
0.0
 40
0.0
 40
0.0
 40
0.2497414350921339
 40
0.3776551130290414
 40
0.5002855815575099
 40
0.6184149077433956
 40
0.7375920933291932
 40
1.0
 40
1.0
 40
1.0
 40
1.0
 10
7.786060719160835
 20
2.84319050509715
 30
0.0
 10
7.785963448215273
 20
2.844147291436902
 30
0.0
 10
7.785816356604595
 20
2.845594128855573
 30
0.0
 10
7.784933095039416
 20
2.847327255680619
 30
0.0
 10
7.784034395155302
 20
2.848455656399387
 30
0.0
 10
7.782915971916866
 20
2.849345903710915
 30
0.0
 10
7.781102616914328
 20
2.850240513082016
 30
0.0
 10
7.77954087632195
 20
2.85036660169196
 30
0.0
 10
7.778466900718803
 20
2.850453310132258
 30
0.0
  0
SPLINE
  5
748
330
1F
100
AcDbEntity
  8
0
  6
Continuous
 62
     7
370
    25
100
AcDbSpline
210
0.0
220
0.0
230
1.0
 70
     8
 71
     3
 72
    13
 73
     9
 74
     0
 42
0.00000001
 43
0.00000001
 40
0.0
 40
0.0
 40
0.0
 40
0.0
 40
0.2682278992467475
 40
0.3858580110764428
 40
0.4990701646674868
 40
0.6124514862595148
 40
0.7304784531142892
 40
1.0
 40
1.0
 40
1.0
 40
1.0
 10
7.778466900718803
 20
2.850453310132258
 30
0.0
 10
7.777347847307002
 20
2.850378981662897
 30
0.0
 10
7.775738038167169
 20
2.850272056785081
 30
0.0
 10
7.773854790809721
 20
2.849433825049669
 30
0.0
 10
7.772729023333131
 20
2.848603171525675
 30
0.0
 10
7.771845823313684
 20
2.847543413622931
 30
0.0
 10
7.770953332045869
 20
2.845768123301237
 30
0.0
 10
7.77083937367428
 20
2.844247810379001
 30
0.0
 10
7.770760121050411
 20
2.84319050509715
 30
0.0
  0
LINE
  5
749
330
1F
100
AcDbEntity
  8
0
  6
Continuous
 62
     7
370
    25
100
AcDbLine
 10
7.8007733541
 20
2.7757805696
 30
0.0
 11
7.8007733541
 21
2.7942502072
 31
0.0
  0
LINE
  5
74A
330
1F
100
AcDbEntity
  8
0
  6
Continuous
 62
     7
370
    25
100
AcDbLine
 10
7.8007733541
 20
2.7942502072
 30
0.0
 11
7.7754898076
 21
2.7864334855
 31
0.0
  0
LINE
  5
74B
330
1F
100
AcDbEntity
  8
0
  6
Continuous
 62
     7
370
    25
100
AcDbLine
 10
7.7754898076
 20
2.7839084412
 30
0.0
 11
7.7754898076
 21
2.7864334855
 31
0.0
  0
LINE
  5
74C
330
1F
100
AcDbEntity
  8
0
  6
Continuous
 62
     7
370
    25
100
AcDbLine
 10
7.7754898076
 20
2.7839084412
 30
0.0
 11
7.8007733541
 21
2.7757805696
 31
0.0
  0
LINE
  5
74D
330
1F
100
AcDbEntity
  8
0
  6
Continuous
 62
     7
370
    25
100
AcDbLine
 10
7.7603264546
 20
2.7282407212
 30
0.0
 11
7.760336561
 21
2.7117887625
 31
0.0
  0
LINE
  5
74E
330
1F
100
AcDbEntity
  8
0
  6
Continuous
 62
     7
370
    25
100
AcDbLine
 10
7.7603264546
 20
2.7282407212
 30
0.0
 11
7.7603264546
 21
2.7282659191
 31
0.0
  0
SPLINE
  5
74F
330
1F
100
AcDbEntity
  8
0
  6
Continuous
 62
     7
370
    25
100
AcDbSpline
210
0.0
220
0.0
230
1.0
 70
     8
 71
     3
 72
    10
 73
     6
 74
     0
 42
0.00000001
 43
0.00000001
 40
0.0
 40
0.0
 40
0.0
 40
0.0
 40
0.5005361004303713
 40
0.7986968550829251
 40
1.0
 40
1.0
 40
1.0
 40
1.0
 10
7.815706033976102
 20
2.68908652631155
 30
0.0
 10
7.817602922744445
 20
2.689246924637748
 30
0.0
 10
7.82062975555913
 20
2.689502869490846
 30
0.0
 10
7.824436481435792
 20
2.690055411747484
 30
0.0
 10
7.826178890757581
 20
2.690838950927136
 30
0.0
 10
7.82688114867154
 20
2.691154747326365
 30
0.0
  0
LINE
  5
750
330
1F
100
AcDbEntity
  8
0
  6
Continuous
 62
     7
370
    25
100
AcDbLine
 10
7.815706034
 20
2.6890865263
 30
0.0
 11
7.815706034
 21
2.6890627202
 31
0.0
  0
SPLINE
  5
751
330
1F
100
AcDbEntity
  8
0
  6
Continuous
 62
     7
370
    25
100
AcDbSpline
210
0.0
220
0.0
230
1.0
 70
     8
 71
     3
 72
    13
 73
     9
 74
     0
 42
0.00000001
 43
0.00000001
 40
0.0
 40
0.0
 40
0.0
 40
0.0
 40
0.1331805655145063
 40
0.2498134548953058
 40
0.3707280075449024
 40
0.499484343813496
 40
0.7493263494671208
 40
1.0
 40
1.0
 40
1.0
 40
1.0
 10
7.801396736614626
 20
2.678874659064738
 30
0.0
 10
7.801442991552096
 20
2.679757273939791
 30
0.0
 10
7.801529754254225
 20
2.681412838852188
 30
0.0
 10
7.802359085976949
 20
2.683762675392606
 30
0.0
 10
7.803858892634974
 20
2.685723394428981
 30
0.0
 10
7.806646071767225
 20
2.6875941633016
 30
0.0
 10
7.8107489775561
 20
2.688678818093237
 30
0.0
 10
7.814051852510014
 20
2.688950473113611
 30
0.0
 10
7.815706033976102
 20
2.68908652631155
 30
0.0
  0
LINE
  5
752
330
1F
100
AcDbEntity
  8
0
  6
Continuous
 62
     7
370
    25
100
AcDbLine
 10
7.8013967366
 20
2.6788746591
 30
0.0
 11
7.8013967366
 21
2.6788380721
 31
0.0
  0
LINE
  5
753
330
1F
100
AcDbEntity
  8
0
  6
Continuous
 62
     7
370
    25
100
AcDbLine
 10
7.7872161922
 20
2.665005237
 30
0.0
 11
7.7872067757
 21
2.6802997795
 31
0.0
  0
LINE
  5
754
330
1F
100
AcDbEntity
  8
0
  6
Continuous
 62
     7
370
    25
100
AcDbLine
 10
7.7714332526
 20
2.6649956151
 30
0.0
 11
7.7872161922
 21
2.665005237
 31
0.0
  0
LINE
  5
755
330
1F
100
AcDbEntity
  8
0
  6
Continuous
 62
     7
370
    25
100
AcDbLine
 10
7.7714243189
 20
2.6795047456
 30
0.0
 11
7.7714332526
 21
2.6649956151
 31
0.0
  0
SPLINE
  5
756
330
1F
100
AcDbEntity
  8
0
  6
Continuous
 62
     7
370
    25
100
AcDbSpline
210
0.0
220
0.0
230
1.0
 70
     8
 71
     3
 72
    13
 73
     9
 74
     0
 42
0.00000001
 43
0.00000001
 40
0.0
 40
0.0
 40
0.0
 40
0.0
 40
0.1352558282249358
 40
0.2588607701523671
 40
0.3778915874857488
 40
0.500221463352185
 40
0.7302745291480071
 40
1.0
 40
1.0
 40
1.0
 40
1.0
 10
7.778968407873004
 20
2.688744036794553
 30
0.0
 10
7.77836109260599
 20
2.688706197013842
 30
0.0
 10
7.777198775981205
 20
2.688633776956935
 30
0.0
 10
7.775576039052738
 20
2.688077588080618
 30
0.0
 10
7.774192627334473
 20
2.687172124666535
 30
0.0
 10
7.772780601175408
 20
2.685576289701701
 30
0.0
 10
7.771622595023469
 20
2.682960279555521
 30
0.0
 10
7.771493818370891
 20
2.680715974563249
 30
0.0
 10
7.771424318901217
 20
2.679504745636061
 30
0.0
  0
SPLINE
  5
757
330
1F
100
AcDbEntity
  8
0
  6
Continuous
 62
     7
370
    25
100
AcDbSpline
210
0.0
220
0.0
230
1.0
 70
     8
 71
     3
 72
    13
 73
     9
 74
     0
 42
0.00000001
 43
0.00000001
 40
0.0
 40
0.0
 40
0.0
 40
0.0
 40
0.2702004933990591
 40
0.387245187726487
 40
0.4983076146263778
 40
0.6116592827692314
 40
0.7295114590342864
 40
1.0
 40
1.0
 40
1.0
 40
1.0
 10
7.787206775672294
 20
2.680299779525153
 30
0.0
 10
7.787127461225908
 20
2.681517231979641
 30
0.0
 10
7.787013789569377
 20
2.683262057084716
 30
0.0
 10
7.786099128566439
 20
2.685318194337972
 30
0.0
 10
7.785184051945728
 20
2.686555819699799
 30
0.0
 10
7.783990786786632
 20
2.687536746439542
 30
0.0
 10
7.781948822889302
 20
2.688534697245425
 30
0.0
 10
7.780192045255833
 20
2.688658090476132
 30
0.0
 10
7.778968407873004
 20
2.688744036794553
 30
0.0
  0
LINE
  5
758
330
1F
100
AcDbEntity
  8
0
  6
Continuous
 62
     7
370
    25
100
AcDbLine
 10
7.7789684079
 20
2.6887682413
 30
0.0
 11
7.7789684079
 21
2.6887440368
 31
0.0
  0
SPLINE
  5
759
330
1F
100
AcDbEntity
  8
0
  6
Continuous
 62
     7
370
    25
100
AcDbSpline
210
0.0
220
0.0
230
1.0
 70
     8
 71
     3
 72
    13
 73
     9
 74
     0
 42
0.00000001
 43
0.00000001
 40
0.0
 40
0.0
 40
0.0
 40
0.0
 40
0.2701643239215125
 40
0.3872093258117197
 40
0.498303027058014
 40
0.6116165105198846
 40
0.729466942403764
 40
1.0
 40
1.0
 40
1.0
 40
1.0
 10
7.787206775672294
 20
2.680334539338208
 30
0.0
 10
7.787127372686262
 20
2.68155109396149
 30
0.0
 10
7.787013569441469
 20
2.683294704252651
 30
0.0
 10
7.786097924833901
 20
2.685348907741629
 30
0.0
 10
7.785182132447505
 20
2.686584780440393
 30
0.0
 10
7.783988608147158
 20
2.687563757776647
 30
0.0
 10
7.781947212044725
 20
2.688559413060919
 30
0.0
 10
7.780191423145776
 20
2.688682502145761
 30
0.0
 10
7.778968407873004
 20
2.688768241286022
 30
0.0
  0
LINE
  5
75A
330
1F
100
AcDbEntity
  8
0
  6
Continuous
 62
     7
370
    25
100
AcDbLine
 10
7.7872067757
 20
2.6803345393
 30
0.0
 11
7.7872067757
 21
2.6802997795
 31
0.0
  0
LINE
  5
75B
330
1F
100
AcDbEntity
  8
0
  6
Continuous
 62
     7
370
    25
100
AcDbLine
 10
7.7714243189
 20
2.6795404992
 30
0.0
 11
7.7714243189
 21
2.6795047456
 31
0.0
  0
SPLINE
  5
75C
330
1F
100
AcDbEntity
  8
0
  6
Continuous
 62
     7
370
    25
100
AcDbSpline
210
0.0
220
0.0
230
1.0
 70
     8
 71
     3
 72
    13
 73
     9
 74
     0
 42
0.00000001
 43
0.00000001
 40
0.0
 40
0.0
 40
0.0
 40
0.0
 40
0.1353509932974163
 40
0.2590284478014838
 40
0.3780996689830013
 40
0.5004328955161542
 40
0.7304131436289641
 40
1.0
 40
1.0
 40
1.0
 40
1.0
 10
7.778968407873004
 20
2.688768241286022
 30
0.0
 10
7.778361104101842
 20
2.688730451434719
 30
0.0
 10
7.777198874336432
 20
2.688658130971549
 30
0.0
 10
7.775576229050286
 20
2.688102712509678
 30
0.0
 10
7.774192826307493
 20
2.687198464290959
 30
0.0
 10
7.772780843926827
 20
2.685604810887302
 30
0.0
 10
7.771622631877828
 20
2.682992029057714
 30
0.0
 10
7.771493827185205
 20
2.680750253231167
 30
0.0
 10
7.771424318901217
 20
2.679540499241478
 30
0.0
  0
LINE
  5
75D
330
1F
100
AcDbEntity
  8
0
  6
Continuous
 62
     7
370
    25
100
AcDbLine
 10
7.8068793271
 20
2.732189872
 30
0.0
 11
7.7568557607
 21
2.7318490133
 31
0.0
  0
LINE
  5
75E
330
1F
100
AcDbEntity
  8
0
  6
Continuous
 62
     7
370
    25
100
AcDbLine
 10
7.8004052388
 20
2.8114735623
 30
0.0
 11
7.7568160756
 21
2.7957791867
 31
0.0
  0
SPLINE
  5
75F
330
1F
100
AcDbEntity
  8
0
  6
Continuous
 62
     7
370
    25
100
AcDbSpline
210
0.0
220
0.0
230
1.0
 70
     8
 71
     3
 72
    12
 73
     8
 74
     0
 42
0.00000001
 43
0.00000001
 40
0.0
 40
0.0
 40
0.0
 40
0.0
 40
0.0063488356393599
 40
0.2498729468166756
 40
0.3675127858256277
 40
0.5001747760720394
 40
1.0
 40
1.0
 40
1.0
 40
1.0
 10
7.769418255244849
 20
2.86620056252282
 30
0.0
 10
7.769357791453897
 20
2.866172087986308
 30
0.0
 10
7.766978100676117
 20
2.86505140747862
 30
0.0
 10
7.763299205980018
 20
2.863428479196412
 30
0.0
 10
7.760129005704545
 20
2.859415579774059
 30
0.0
 10
7.757062328701769
 20
2.852475932071034
 30
0.0
 10
7.756908658538326
 20
2.846020461216183
 30
0.0
 10
7.756787220156437
 20
2.840919002889
 30
0.0
  0
SPLINE
  5
760
330
1F
100
AcDbEntity
  8
0
  6
Continuous
 62
     7
370
    25
100
AcDbSpline
210
0.0
220
0.0
230
1.0
 70
     8
 71
     3
 72
    13
 73
     9
 74
     0
 42
0.00000001
 43
0.00000001
 40
0.0
 40
0.0
 40
0.0
 40
0.0
 40
0.2499218983538375
 40
0.3772903676229394
 40
0.4999248977352098
 40
0.6062535255529491
 40
0.7225288529907468
 40
1.0
 40
1.0
 40
1.0
 40
1.0
 10
7.782572753036334
 20
2.915784586679698
 30
0.0
 10
7.77876018866306
 20
2.915641555877344
 30
0.0
 10
7.773004615328137
 20
2.915425631845249
 30
0.0
 10
7.766056732927447
 20
2.912642509492587
 30
0.0
 10
7.762009607149254
 20
2.909494189168211
 30
0.0
 10
7.759215671575069
 20
2.905643393724059
 30
0.0
 10
7.756570377404266
 20
2.899429097833064
 30
0.0
 10
7.756287867245356
 20
2.894128810889177
 30
0.0
 10
7.756088783766717
 20
2.890393725515107
 30
0.0
  0
LINE
  5
761
330
1F
100
AcDbEntity
  8
0
  6
Continuous
 62
     7
370
    25
100
AcDbLine
 10
7.7825741145
 20
2.8995217257
 30
0.0
 11
7.782449022
 21
2.8991006565
 31
0.0
  0
SPLINE
  5
762
330
1F
100
AcDbEntity
  8
0
  6
Continuous
 62
     7
370
    25
100
AcDbSpline
210
0.0
220
0.0
230
1.0
 70
     8
 71
     3
 72
    12
 73
     8
 74
     0
 42
0.00000001
 43
0.00000001
 40
0.0
 40
0.0
 40
0.0
 40
0.0
 40
0.2498203273486025
 40
0.3754451813364356
 40
0.5000303098614812
 40
0.7495450475357109
 40
1.0
 40
1.0
 40
1.0
 40
1.0
 10
7.804604170764895
 20
2.917325197268563
 30
0.0
 10
7.801817973335149
 20
2.917177907824289
 30
0.0
 10
7.79763070638873
 20
2.916956552289689
 30
0.0
 10
7.792590876428613
 20
2.914870855510991
 30
0.0
 10
7.78834981662887
 20
2.911779522565257
 30
0.0
 10
7.784854488862916
 20
2.90648536993256
 30
0.0
 10
7.78333519167389
 20
2.901845848737435
 30
0.0
 10
7.78257411452709
 20
2.899521725728978
 30
0.0
  0
SPLINE
  5
763
330
1F
100
AcDbEntity
  8
0
  6
Continuous
 62
     7
370
    25
100
AcDbSpline
210
0.0
220
0.0
230
1.0
 70
     8
 71
     3
 72
    13
 73
     9
 74
     0
 42
0.00000001
 43
0.00000001
 40
0.0
 40
0.0
 40
0.0
 40
0.0
 40
0.2498653389756981
 40
0.4993405595358498
 40
0.6269512488174348
 40
0.7496994944101506
 40
0.874096339599744
 40
1.0
 40
1.0
 40
1.0
 40
1.0
 10
7.828506827581074
 20
2.891620488181366
 30
0.0
 10
7.82825074740122
 20
2.894738548322207
 30
0.0
 10
7.827738986863247
 20
2.900969800330896
 30
0.0
 10
7.823827801610752
 20
2.908071064079247
 30
0.0
 10
7.819161000205521
 20
2.91264456180761
 30
0.0
 10
7.814831844877565
 20
2.915274542657592
 30
0.0
 10
7.80990850583351
 20
2.917008366259975
 30
0.0
 10
7.806379364294107
 20
2.917219163929978
 30
0.0
 10
7.804604170764895
 20
2.917325197268563
 30
0.0
  0
SPLINE
  5
764
330
1F
100
AcDbEntity
  8
0
  6
Continuous
 62
     7
370
    25
100
AcDbSpline
210
0.0
220
0.0
230
1.0
 70
     8
 71
     3
 72
    12
 73
     8
 74
     0
 42
0.00000001
 43
0.00000001
 40
0.0
 40
0.0
 40
0.0
 40
0.0
 40
0.2554001189743998
 40
0.5001582951843196
 40
0.7498411439319992
 40
0.8782586561313597
 40
1.0
 40
1.0
 40
1.0
 40
1.0
 10
7.826579205670212
 20
2.846961908188341
 30
0.0
 10
7.82642201738596
 20
2.848926707839659
 30
0.0
 10
7.826114190496178
 20
2.852774438404264
 30
0.0
 10
7.824040982661416
 20
2.858228685809472
 30
0.0
 10
7.821259861034493
 20
2.862258428067555
 30
0.0
 10
7.818219776295311
 20
2.864862952660846
 30
0.0
 10
7.816373412770332
 20
2.865708862286759
 30
0.0
 10
7.815474868619891
 20
2.866120529402081
 30
0.0
  0
LINE
  5
765
330
1F
100
AcDbEntity
  8
0
  6
Continuous
 62
     7
370
    25
100
AcDbLine
 10
7.8266112597
 20
2.7969653285
 30
0.0
 11
7.8265792057
 21
2.8469619082
 31
0.0
  0
LINE
  5
766
330
1F
100
AcDbEntity
  8
0
  6
Continuous
 62
     7
370
    25
100
AcDbLine
 10
7.8163062403
 20
2.776430439
 30
0.0
 11
7.8162958326
 21
2.7930654037
 31
0.0
  0
LINE
  5
767
330
1F
100
AcDbEntity
  8
0
  6
Continuous
 62
     7
370
    25
100
AcDbLine
 10
7.8266266694
 20
2.7723368827
 30
0.0
 11
7.8163062403
 21
2.776430439
 31
0.0
  0
LINE
  5
768
330
1F
100
AcDbEntity
  8
0
  6
Continuous
 62
     7
370
    25
100
AcDbLine
 10
7.7919432496
 20
2.6469334513
 30
0.0
 11
7.8269084319
 21
2.6469546132
 31
0.0
  0
SPLINE
  5
769
330
1F
100
AcDbEntity
  8
0
  6
Continuous
 62
     7
370
    25
100
AcDbSpline
210
0.0
220
0.0
230
1.0
 70
     8
 71
     3
 72
    13
 73
     9
 74
     0
 42
0.00000001
 43
0.00000001
 40
0.0
 40
0.0
 40
0.0
 40
0.0
 40
0.2499288663594067
 40
0.37747473074413
 40
0.5004533886952055
 40
0.6250752596627854
 40
0.7507496160682591
 40
0.9999999999999999
 40
0.9999999999999999
 40
0.9999999999999999
 40
0.9999999999999999
 10
7.792794393455933
 20
2.579890448202641
 30
0.0
 10
7.797532562479017
 20
2.580232963681509
 30
0.0
 10
7.804688754967952
 20
2.580750274626999
 30
0.0
 10
7.813369613799839
 20
2.584464624784305
 30
0.0
 10
7.819140054211267
 20
2.588417470320364
 30
0.0
 10
7.823800394614675
 20
2.593509617360263
 30
0.0
 10
7.82833343349819
 20
2.601563741137424
 30
0.0
 10
7.828973654188943
 20
2.608469574069873
 30
0.0
 10
7.829399273615466
 20
2.613060579476007
 30
0.0
  0
LINE
  5
76A
330
1F
100
AcDbEntity
  8
0
  6
Continuous
 62
     7
370
    25
100
AcDbLine
 10
7.7981367003
 20
2.5626422494
 30
0.0
 11
7.8269621407
 21
2.5626586917
 31
0.0
  0
LINE
  5
76B
330
1F
100
AcDbEntity
  8
0
  6
Continuous
 62
     7
370
    25
100
AcDbLine
 10
7.7726741496
 20
2.5240566622
 30
0.0
 11
7.8269881562
 21
2.5240861869
 31
0.0
  0
LINE
  5
76C
330
1F
100
AcDbEntity
  8
0
  6
Continuous
 62
     7
370
    25
100
AcDbLine
 10
7.7726970234
 20
2.4918385577
 30
0.0
 11
7.82701103
 21
2.4918665272
 31
0.0
  0
LINE
  5
76D
330
1F
100
AcDbEntity
  8
0
  6
Continuous
 62
     7
370
    25
100
AcDbLine
 10
7.7570235228
 20
2.4745291164
 30
0.0
 11
7.7727098805
 21
2.4745369104
 31
0.0
  0
SPLINE
  5
76E
330
1F
100
AcDbEntity
  8
0
  6
Continuous
 62
     7
370
    25
100
AcDbSpline
210
0.0
220
0.0
230
1.0
 70
     8
 71
     3
 72
     9
 73
     5
 74
     0
 42
0.00000001
 43
0.00000001
 40
0.0
 40
0.0
 40
0.0
 40
0.0
 40
0.5000000000000001
 40
1.0
 40
1.0
 40
1.0
 40
1.0
 10
7.756976565645447
 20
2.540463202481845
 30
0.0
 10
7.756984391829606
 20
2.529012919576339
 30
0.0
 10
7.757000044197928
 20
2.506112353765327
 30
0.0
 10
7.757015696566247
 20
2.485056862177911
 30
0.0
 10
7.757023522750407
 20
2.474529116384203
 30
0.0
  0
LINE
  5
76F
330
1F
100
AcDbEntity
  8
0
  6
Continuous
 62
     7
370
    25
100
AcDbLine
 10
7.7824526018
 20
2.5626333031
 30
0.0
 11
7.7824673912
 21
2.5404773733
 31
0.0
  0
LINE
  5
770
330
1F
100
AcDbEntity
  8
0
  6
Continuous
 62
     7
370
    25
100
AcDbLine
 10
7.7569617763
 20
2.5626187633
 30
0.0
 11
7.7824526018
 21
2.5626333031
 31
0.0
  0
LINE
  5
771
330
1F
100
AcDbEntity
  8
0
  6
Continuous
 62
     7
370
    25
100
AcDbLine
 10
7.7569505487
 20
2.5797958978
 30
0.0
 11
7.7569617763
 21
2.5626187633
 31
0.0
  0
SPLINE
  5
772
330
1F
100
AcDbEntity
  8
0
  6
Continuous
 62
     7
370
    25
100
AcDbSpline
210
0.0
220
0.0
230
1.0
 70
     8
 71
     3
 72
    13
 73
     9
 74
     0
 42
0.00000001
 43
0.00000001
 40
0.0
 40
0.0
 40
0.0
 40
0.0
 40
0.249260660604319
 40
0.3749222664444945
 40
0.4995557078153171
 40
0.6225240562265422
 40
0.750075646026539
 40
1.0
 40
1.0
 40
1.0
 40
1.0
 10
7.756460998797249
 20
2.612885140656997
 30
0.0
 10
7.756887904267486
 20
2.608333134349733
 30
0.0
 10
7.757530028724954
 20
2.601486291701353
 30
0.0
 10
7.76201564376762
 20
2.593494569371931
 30
0.0
 10
7.76662513102447
 20
2.588434393795382
 30
0.0
 10
7.772335518806586
 20
2.584497380637598
 30
0.0
 10
7.780931230339998
 20
2.580784965622112
 30
0.0
 10
7.788026597297609
 20
2.580246853321665
 30
0.0
 10
7.792724393362064
 20
2.579890572686374
 30
0.0
  0
LINE
  5
773
330
1F
100
AcDbEntity
  8
0
  6
Continuous
 62
     7
370
    25
100
AcDbLine
 10
7.7569080675
 20
2.6469122472
 30
0.0
 11
7.7918732497
 21
2.6469334089
 31
0.0
  0
LINE
  5
774
330
1F
100
AcDbEntity
  8
0
  6
Continuous
 62
     7
370
    25
100
AcDbLine
 10
7.7568860952
 20
2.6824744947
 30
0.0
 11
7.7569080675
 21
2.6469122472
 31
0.0
  0
SPLINE
  5
775
330
1F
100
AcDbEntity
  8
0
  6
Continuous
 62
     7
370
    25
100
AcDbSpline
210
0.0
220
0.0
230
1.0
 70
     8
 71
     3
 72
    18
 73
    14
 74
     0
 42
0.00000001
 43
0.00000001
 40
0.0
 40
0.0
 40
0.0
 40
0.0
 40
0.0341516962853829
 40
0.0624390860751992
 40
0.0919466911668525
 40
0.1249794899800361
 40
0.2494869199230644
 40
0.499601742222761
 40
0.5035284291317105
 40
0.5111015253476555
 40
0.5371870335226043
 40
0.6331153889607342
 40
1.0
 40
1.0
 40
1.0
 40
1.0
 10
7.777128347638238
 20
2.885513702337007
 30
0.0
 10
7.777270482073395
 20
2.885524070023291
 30
0.0
 10
7.777530344545724
 20
2.885543025124405
 30
0.0
 10
7.777896344158385
 20
2.885659231362482
 30
0.0
 10
7.778203973272253
 20
2.885862758419777
 30
0.0
 10
7.77871945682134
 20
2.886390865361378
 30
0.0
 10
7.779385805749533
 20
2.887816425624412
 30
0.0
 10
7.779801748471897
 20
2.889164688862104
 30
0.0
 10
7.780074043910191
 20
2.890103555393597
 30
0.0
 10
7.780112458385447
 20
2.890238581940887
 30
0.0
 10
7.780244629519371
 20
2.890704065389789
 30
0.0
 10
7.780741032776844
 20
2.892459335010525
 30
0.0
 10
7.781210326579536
 20
2.894112541277477
 30
0.0
 10
7.781582348728299
 20
2.895423083509764
 30
0.0
  0
SPLINE
  5
776
330
1F
100
AcDbEntity
  8
0
  6
Continuous
 62
     7
370
    25
100
AcDbSpline
210
0.0
220
0.0
230
1.0
 70
     8
 71
     3
 72
    13
 73
     9
 74
     0
 42
0.00000001
 43
0.00000001
 40
0.0
 40
0.0
 40
0.0
 40
0.0
 40
0.4797905154533282
 40
0.8280286497146703
 40
0.931310644557797
 40
0.9685966338848695
 40
0.9847746052286063
 40
1.0
 40
1.0
 40
1.0
 40
1.0
 10
7.775812402074142
 20
2.890350645377325
 30
0.0
 10
7.775859174442957
 20
2.889533600370432
 30
0.0
 10
7.775939894799336
 20
2.888123533576646
 30
0.0
 10
7.776301059068566
 20
2.886552306078886
 30
0.0
 10
7.776709390879844
 20
2.885783365216035
 30
0.0
 10
7.776926310148288
 20
2.88559265612241
 30
0.0
 10
7.777041673816056
 20
2.885533865614721
 30
0.0
 10
7.777100046582539
 20
2.885520286124722
 30
0.0
 10
7.777128347638238
 20
2.885513702337007
 30
0.0
  0
SPLINE
  5
777
330
1F
100
AcDbEntity
  8
0
  6
Continuous
 62
     7
370
    25
100
AcDbSpline
210
0.0
220
0.0
230
1.0
 70
     8
 71
     3
 72
    13
 73
     9
 74
     0
 42
0.00000001
 43
0.00000001
 40
0.0
 40
0.0
 40
0.0
 40
0.0
 40
0.2717386807240021
 40
0.5003948600808771
 40
0.6279450418334555
 40
0.7469615481449974
 40
0.8676956544034713
 40
1.0
 40
1.0
 40
1.0
 40
1.0
 10
7.771606358874531
 20
2.889446218860992
 30
0.0
 10
7.771669016608546
 20
2.890608553301992
 30
0.0
 10
7.771784398077103
 20
2.892748941186491
 30
0.0
 10
7.772829857538098
 20
2.895302024801655
 30
0.0
 10
7.774191561181382
 20
2.896939626317729
 30
0.0
 10
7.775620563972417
 20
2.897883183033357
 30
0.0
 10
7.777330355229994
 20
2.898424079383664
 30
0.0
 10
7.778549633632676
 20
2.89844772154093
 30
0.0
 10
7.779187148721724
 20
2.898460083141006
 30
0.0
  0
SPLINE
  5
778
330
1F
100
AcDbEntity
  8
0
  6
Continuous
 62
     7
370
    25
100
AcDbSpline
210
0.0
220
0.0
230
1.0
 70
     8
 71
     3
 72
    13
 73
     9
 74
     0
 42
0.00000001
 43
0.00000001
 40
0.0
 40
0.0
 40
0.0
 40
0.0
 40
0.2501354973870756
 40
0.4998990078619156
 40
0.6294861001209859
 40
0.7499900581764817
 40
0.8714892840714863
 40
0.9999999999999999
 40
0.9999999999999999
 40
0.9999999999999999
 40
0.9999999999999999
 10
7.75890023202645
 20
2.890621504942231
 30
0.0
 10
7.759090856410593
 20
2.887954490999227
 30
0.0
 10
7.759471821693421
 20
2.88262442934069
 30
0.0
 10
7.762254342996571
 20
2.876148976614161
 30
0.0
 10
7.765861715040861
 20
2.871772329158058
 30
0.0
 10
7.769381484320426
 20
2.86923864666194
 30
0.0
 10
7.773531500833973
 20
2.867645178660184
 30
0.0
 10
7.776523751455787
 20
2.867460438454894
 30
0.0
 10
7.77806183536894
 20
2.867365477847049
 30
0.0
  0
SPLINE
  5
779
330
1F
100
AcDbEntity
  8
0
  6
Continuous
 62
     7
370
    25
100
AcDbSpline
210
0.0
220
0.0
230
1.0
 70
     8
 71
     3
 72
    13
 73
     9
 74
     0
 42
0.00000001
 43
0.00000001
 40
0.0
 40
0.0
 40
0.0
 40
0.0
 40
0.1303605279611693
 40
0.250137698429637
 40
0.3721742146014463
 40
0.5001301871807683
 40
0.749771739468245
 40
1.0
 40
1.0
 40
1.0
 40
1.0
 10
7.77806183536894
 20
2.867365477847049
 30
0.0
 10
7.779289159617316
 20
2.867425618576497
 30
0.0
 10
7.781644167436913
 20
2.867541017492727
 30
0.0
 10
7.785012005620774
 20
2.868536284355403
 30
0.0
 10
7.787999672907289
 20
2.870217745676829
 30
0.0
 10
7.791317967876448
 20
2.87330032817742
 30
0.0
 10
7.794179005878139
 20
2.878087890479607
 30
0.0
 10
7.795544976428407
 20
2.882133219676856
 30
0.0
 10
7.796228763338448
 20
2.884158258321612
 30
0.0
  0
SPLINE
  5
77A
330
1F
100
AcDbEntity
  8
0
  6
Continuous
 62
     7
370
    25
100
AcDbSpline
210
0.0
220
0.0
230
1.0
 70
     8
 71
     3
 72
    13
 73
     9
 74
     0
 42
0.00000001
 43
0.00000001
 40
0.0
 40
0.0
 40
0.0
 40
0.0
 40
0.5006290143067886
 40
0.7503115089905745
 40
0.8169300715814396
 40
0.8753358166885926
 40
0.935495674361882
 40
1.0
 40
1.0
 40
1.0
 40
1.0
 10
7.796228763338448
 20
2.884158258321612
 30
0.0
 10
7.797074990434522
 20
2.887271281404777
 30
0.0
 10
7.798343262770442
 20
2.891936886034756
 30
0.0
 10
7.800256326303612
 20
2.896900970635591
 30
0.0
 10
7.801842700560981
 20
2.898826909294729
 30
0.0
 10
7.802829133099452
 20
2.899621506963558
 30
0.0
 10
7.804031464803376
 20
2.900146378947425
 30
0.0
 10
7.804928293348299
 20
2.90022130486307
 30
0.0
 10
7.80539233457463
 20
2.900260073381285
 30
0.0
  0
SPLINE
  5
77B
330
1F
100
AcDbEntity
  8
0
  6
Continuous
 62
     7
370
    25
100
AcDbSpline
210
0.0
220
0.0
230
1.0
 70
     8
 71
     3
 72
    13
 73
     9
 74
     0
 42
0.00000001
 43
0.00000001
 40
0.0
 40
0.0
 40
0.0
 40
0.0
 40
0.1243528786072356
 40
0.2418473939462848
 40
0.3635747206087828
 40
0.4995944844361138
 40
0.7310169814778451
 40
1.0
 40
1.0
 40
1.0
 40
1.0
 10
7.80539233457463
 20
2.900260073381285
 30
0.0
 10
7.805946219098438
 20
2.900217108680871
 30
0.0
 10
7.80702344006936
 20
2.900133548887619
 30
0.0
 10
7.808503378665815
 20
2.899491466855978
 30
0.0
 10
7.80972131457767
 20
2.898466144299649
 30
0.0
 10
7.810838374305605
 20
2.896808627433002
 30
0.0
 10
7.811686579734882
 20
2.894395453104998
 30
0.0
 10
7.811787557309694
 20
2.892420225804956
 30
0.0
 10
7.811841835793906
 20
2.891358481709602
 30
0.0
  0
LINE
  5
77C
330
1F
100
AcDbEntity
  8
0
  6
Continuous
 62
     7
370
    25
100
AcDbLine
 10
7.8020543026
 20
2.8806602173
 30
0.0
 11
7.8020639622
 21
2.8663405546
 31
0.0
  0
LINE
  5
77D
330
1F
100
AcDbEntity
  8
0
  6
Continuous
 62
     7
370
    25
100
AcDbLine
 10
7.7603207291
 20
2.8436222595
 30
0.0
 11
7.7602544905
 21
2.8427680484
 31
0.0
  0
LINE
  5
77E
330
1F
100
AcDbEntity
  8
0
  6
Continuous
 62
     7
370
    25
100
AcDbLine
 10
7.7602544905
 20
2.8427680484
 30
0.0
 11
7.7602726349
 21
2.8146025087
 31
0.0
  0
LINE
  5
77F
330
1F
100
AcDbEntity
  8
0
  6
Continuous
 62
     7
370
    25
100
AcDbLine
 10
7.7602726349
 20
2.8146025087
 30
0.0
 11
7.8188047669
 21
2.8146370591
 31
0.0
  0
LINE
  5
780
330
1F
100
AcDbEntity
  8
0
  6
Continuous
 62
     7
370
    25
100
AcDbLine
 10
7.760286317
 20
2.7929701488
 30
0.0
 11
7.7602965849
 21
2.7765589283
 31
0.0
  0
LINE
  5
781
330
1F
100
AcDbEntity
  8
0
  6
Continuous
 62
     7
370
    25
100
AcDbLine
 10
7.7602965849
 20
2.7765589283
 30
0.0
 11
7.8091918262
 21
2.75842272
 31
0.0
  0
LINE
  5
782
330
1F
100
AcDbEntity
  8
0
  6
Continuous
 62
     7
370
    25
100
AcDbLine
 10
7.8091918262
 20
2.75842272
 30
0.0
 11
7.8092104161
 21
2.728270622
 31
0.0
  0
LINE
  5
783
330
1F
100
AcDbEntity
  8
0
  6
Continuous
 62
     7
370
    25
100
AcDbLine
 10
7.8128065522
 20
2.7947150403
 30
0.0
 11
7.8235428861
 21
2.7993069453
 31
0.0
  0
SPLINE
  5
784
330
1F
100
AcDbEntity
  8
0
  6
Continuous
 62
     7
370
    25
100
AcDbSpline
210
0.0
220
0.0
230
1.0
 70
     8
 71
     3
 72
    13
 73
     9
 74
     0
 42
0.00000001
 43
0.00000001
 40
0.0
 40
0.0
 40
0.0
 40
0.0
 40
0.1274669130381643
 40
0.2502800477144337
 40
0.3731957482050498
 40
0.5004974471987993
 40
0.7500533414766859
 40
1.0
 40
1.0
 40
1.0
 40
1.0
 10
7.807248997195335
 20
2.866170452675853
 30
0.0
 10
7.80869956707064
 20
2.86652592384467
 30
0.0
 10
7.811547746954747
 20
2.867223888037669
 30
0.0
 10
7.815381427608826
 20
2.869255110123091
 30
0.0
 10
7.818664438977414
 20
2.871942378239067
 30
0.0
 10
7.822123403461934
 20
2.876290283833593
 30
0.0
 10
7.824852830958974
 20
2.882630527371775
 30
0.0
 10
7.825191942764056
 20
2.887874899198271
 30
0.0
 10
7.825361631311334
 20
2.8904991364654
 30
0.0
  0
SPLINE
  5
785
330
1F
100
AcDbEntity
  8
0
  6
Continuous
 62
     7
370
    25
100
AcDbSpline
210
0.0
220
0.0
230
1.0
 70
     8
 71
     3
 72
    11
 73
     7
 74
     0
 42
0.00000001
 43
0.00000001
 40
0.0
 40
0.0
 40
0.0
 40
0.0
 40
0.2425671405779702
 40
0.4995481818616959
 40
0.906861165465865
 40
0.9999999999999999
 40
0.9999999999999999
 40
0.9999999999999999
 40
0.9999999999999999
 10
7.782810706595743
 20
2.865705859340622
 30
0.0
 10
7.783345985081319
 20
2.865540570377501
 30
0.0
 10
7.784448349538525
 20
2.865200170598649
 30
0.0
 10
7.786205944086392
 20
2.864100173139859
 30
0.0
 10
7.787447095755356
 20
2.862953602303861
 30
0.0
 10
7.788310625277225
 20
2.862238342666865
 30
0.0
 10
7.788471336319402
 20
2.862105226057904
 30
0.0
  0
SPLINE
  5
786
330
1F
100
AcDbEntity
  8
0
  6
Continuous
 62
     7
370
    25
100
AcDbSpline
210
0.0
220
0.0
230
1.0
 70
     8
 71
     3
 72
    10
 73
     6
 74
     0
 42
0.00000001
 43
0.00000001
 40
0.0
 40
0.0
 40
0.0
 40
0.0
 40
0.4995155215520342
 40
0.7609150791433374
 40
1.0
 40
1.0
 40
1.0
 40
1.0
 10
7.788471336319402
 20
2.862105226057904
 30
0.0
 10
7.789876661307408
 20
2.863647202318314
 30
0.0
 10
7.79201740154136
 20
2.865996104279521
 30
0.0
 10
7.795919715257019
 20
2.867958686404069
 30
0.0
 10
7.798092309230382
 20
2.868193672896976
 30
0.0
 10
7.799130172501958
 20
2.868305927581144
 30
0.0
  0
SPLINE
  5
787
330
1F
100
AcDbEntity
  8
0
  6
Continuous
 62
     7
370
    25
100
AcDbSpline
210
0.0
220
0.0
230
1.0
 70
     8
 71
     3
 72
    13
 73
     9
 74
     0
 42
0.00000001
 43
0.00000001
 40
0.0
 40
0.0
 40
0.0
 40
0.0
 40
0.2502980676790144
 40
0.3817015394586081
 40
0.5001057869578159
 40
0.6053898786826828
 40
0.7212320698111548
 40
1.0
 40
1.0
 40
1.0
 40
1.0
 10
7.799245520902931
 20
2.88314545766286
 30
0.0
 10
7.800253712113626
 20
2.883144649738026
 30
0.0
 10
7.801791191570656
 20
2.883143417662381
 30
0.0
 10
7.803762568247786
 20
2.883547263481752
 30
0.0
 10
7.805054794516126
 20
2.88412380118534
 30
0.0
 10
7.806076481943281
 20
2.884949440724233
 30
0.0
 10
7.807260840219416
 20
2.886420021694624
 30
0.0
 10
7.807759285659918
 20
2.887775422019951
 30
0.0
 10
7.808111406896181
 20
2.888732929501026
 30
0.0
  0
LINE
  5
788
330
1F
100
AcDbEntity
  8
0
  6
Continuous
 62
     7
370
    25
100
AcDbLine
 10
7.8081114069
 20
2.8887329295
 30
0.0
 11
7.8088870428
 21
2.893350098
 31
0.0
  0
SPLINE
  5
789
330
1F
100
AcDbEntity
  8
0
  6
Continuous
 62
     7
370
    25
100
AcDbSpline
210
0.0
220
0.0
230
1.0
 70
     8
 71
     3
 72
    13
 73
     9
 74
     0
 42
0.00000001
 43
0.00000001
 40
0.0
 40
0.0
 40
0.0
 40
0.0
 40
0.1324097280028605
 40
0.2545154700787524
 40
0.3742917625963016
 40
0.5001567128533956
 40
0.7497108147648189
 40
1.0
 40
1.0
 40
1.0
 40
1.0
 10
7.812642395883614
 20
2.612941255008745
 30
0.0
 10
7.812565713118838
 20
2.614218043171932
 30
0.0
 10
7.81241831496148
 20
2.616672261184807
 30
0.0
 10
7.811127599512569
 20
2.620113780309716
 30
0.0
 10
7.809006361604541
 20
2.623050593485267
 30
0.0
 10
7.805188013579381
 20
2.626122892519525
 30
0.0
 10
7.799285378335549
 20
2.628439108794751
 30
0.0
 10
7.794329608448973
 20
2.628714788686648
 30
0.0
 10
7.791848079459747
 20
2.628852831343822
 30
0.0
  0
SPLINE
  5
78A
330
1F
100
AcDbEntity
  8
0
  6
Continuous
 62
     7
370
    25
100
AcDbSpline
210
0.0
220
0.0
230
1.0
 70
     8
 71
     3
 72
    13
 73
     9
 74
     0
 42
0.00000001
 43
0.00000001
 40
0.0
 40
0.0
 40
0.0
 40
0.0
 40
0.2502732913687813
 40
0.4997879224232313
 40
0.62566417288902
 40
0.7454501543122141
 40
0.8675691519269078
 40
1.0
 40
1.0
 40
1.0
 40
1.0
 10
7.791848079459747
 20
2.628852831343822
 30
0.0
 10
7.789366874537606
 20
2.628711870747052
 30
0.0
 10
7.784411986038071
 20
2.628430376851246
 30
0.0
 10
7.778512719660302
 20
2.62610743592897
 30
0.0
 10
7.774697905891865
 20
2.623031257461961
 30
0.0
 10
7.772580000168682
 20
2.620091744142711
 30
0.0
 10
7.771293531863887
 20
2.61664829063417
 30
0.0
 10
7.771149368525148
 20
2.61419359674374
 30
0.0
 10
7.771074366817101
 20
2.612916529799184
 30
0.0
  0
LINE
  5
78B
330
1F
100
AcDbEntity
  8
0
  6
Continuous
 62
     7
370
    25
100
AcDbLine
 10
7.7872161922
 20
2.665059115
 30
0.0
 11
7.7872067757
 21
2.6803345393
 31
0.0
  0
LINE
  5
78C
330
1F
100
AcDbEntity
  8
0
  6
Continuous
 62
     7
370
    25
100
AcDbLine
 10
7.8091918262
 20
2.75842272
 30
0.0
 11
7.8091918262
 21
2.7584856925
 31
0.0
  0
LINE
  5
78D
330
1F
100
AcDbEntity
  8
0
  6
Continuous
 62
     7
370
    25
100
AcDbLine
 10
7.8068793271
 20
2.732189872
 30
0.0
 11
7.8068793271
 21
2.7322200125
 31
0.0
  0
LINE
  5
78E
330
1F
100
AcDbEntity
  8
0
  6
Continuous
 62
     7
370
    25
100
AcDbLine
 10
7.7569080675
 20
2.6469122472
 30
0.0
 11
7.7569080675
 21
2.6468356572
 31
0.0
  0
LINE
  5
78F
330
1F
100
AcDbEntity
  8
0
  6
Continuous
 62
     7
370
    25
100
AcDbLine
 10
7.7568860952
 20
2.6824744947
 30
0.0
 11
7.7568860952
 21
2.6824424132
 31
0.0
  0
LINE
  5
790
330
1F
100
AcDbEntity
  8
0
  6
Continuous
 62
     7
370
    25
100
AcDbLine
 10
7.7872161922
 20
2.665059115
 30
0.0
 11
7.7872161922
 21
2.665005237
 31
0.0
  0
LINE
  5
791
330
1F
100
AcDbEntity
  8
0
  6
Continuous
 62
     7
370
    25
100
AcDbLine
 10
7.7602965849
 20
2.7765589283
 30
0.0
 11
7.7602965849
 21
2.7766445995
 31
0.0
  0
LINE
  5
792
330
1F
100
AcDbEntity
  8
0
  6
Continuous
 62
     7
370
    25
100
AcDbLine
 10
7.7918732497
 20
2.6469334089
 30
0.0
 11
7.7918732497
 21
2.6468568455
 31
0.0
  0
LINE
  5
793
330
1F
100
AcDbEntity
  8
0
  6
Continuous
 62
     7
370
    25
100
AcDbLine
 10
7.7919432786
 20
2.6469334513
 30
0.0
 11
7.7919432786
 21
2.6468568879
 31
0.0
  0
LINE
  5
794
330
1F
100
AcDbEntity
  8
0
  6
Continuous
 62
     7
370
    25
100
AcDbLine
 10
7.8163062403
 20
2.776430439
 30
0.0
 11
7.8163062403
 21
2.7765159494
 31
0.0
  0
LINE
  5
795
330
1F
100
AcDbEntity
  8
0
  6
Continuous
 62
     7
370
    25
100
AcDbLine
 10
7.8162958326
 20
2.7930654037
 30
0.0
 11
7.8162958326
 21
2.7931717338
 31
0.0
  0
LINE
  5
796
330
1F
100
AcDbEntity
  8
0
  6
Continuous
 62
     7
370
    25
100
AcDbLine
 10
7.760286317
 20
2.7929701488
 30
0.0
 11
7.760286317
 21
2.7930763597
 31
0.0
  0
LINE
  5
797
330
1F
100
AcDbEntity
  8
0
  6
Continuous
 62
     7
370
    25
100
AcDbLine
 10
7.8007733541
 20
2.7941425289
 30
0.0
 11
7.7754898076
 21
2.7863355781
 31
0.0
  0
LINE
  5
798
330
1F
100
AcDbEntity
  8
0
  6
Continuous
 62
     7
370
    25
100
AcDbLine
 10
7.7821494367
 20
2.7849067515
 30
0.0
 11
7.7974025911
 21
2.7800583092
 31
0.0
  0
LINE
  5
799
330
1F
100
AcDbEntity
  8
0
  6
Continuous
 62
     7
370
    25
100
AcDbLine
 10
7.7821494367
 20
2.7850028705
 30
0.0
 11
7.7974025911
 21
2.7801483601
 31
0.0
  0
LINE
  5
79A
330
1F
100
AcDbEntity
  8
0
  6
Continuous
 62
     7
370
    25
100
AcDbLine
 10
7.7821494367
 20
2.7849067515
 30
0.0
 11
7.7821494367
 21
2.7850028705
 31
0.0
  0
LINE
  5
79B
330
1F
100
AcDbEntity
  8
0
  6
Continuous
 62
     7
370
    25
100
AcDbLine
 10
7.7974025911
 20
2.7800583092
 30
0.0
 11
7.7974025911
 21
2.7801483601
 31
0.0
  0
LINE
  5
79C
330
1F
100
AcDbEntity
  8
0
  6
Continuous
 62
     7
370
    25
100
AcDbLine
 10
7.7974025911
 20
2.7896853041
 30
0.0
 11
7.7821494367
 21
2.7850028705
 31
0.0
  0
LINE
  5
79D
330
1F
100
AcDbEntity
  8
0
  6
Continuous
 62
     7
370
    25
100
AcDbLine
 10
7.7974025911
 20
2.7801483601
 30
0.0
 11
7.7974025911
 21
2.7896853041
 31
0.0
  0
SPLINE
  5
79E
330
1F
100
AcDbEntity
  8
0
  6
Continuous
 62
     7
370
    25
100
AcDbSpline
210
0.0
220
0.0
230
1.0
 70
     8
 71
     3
 72
    13
 73
     9
 74
     0
 42
0.00000001
 43
0.00000001
 40
0.0
 40
0.0
 40
0.0
 40
0.0
 40
0.1325053114675442
 40
0.2546831964188997
 40
0.3744980156003209
 40
0.5003635358100764
 40
0.7498356574163342
 40
1.0
 40
1.0
 40
1.0
 40
1.0
 10
7.812642395883614
 20
2.612822148156478
 30
0.0
 10
7.81256571995421
 20
2.61410050683594
 30
0.0
 10
7.812418344195664
 20
2.616557589280783
 30
0.0
 10
7.81112782446442
 20
2.620003208005135
 30
0.0
 10
7.809006768959672
 20
2.622943710779778
 30
0.0
 10
7.805188844553538
 20
2.626019773536636
 30
0.0
 10
7.799285978106294
 20
2.628339351613271
 30
0.0
 10
7.794329667914052
 20
2.628615415616818
 30
0.0
 10
7.791848079459747
 20
2.628753638854929
 30
0.0
  0
SPLINE
  5
79F
330
1F
100
AcDbEntity
  8
0
  6
Continuous
 62
     7
370
    25
100
AcDbSpline
210
0.0
220
0.0
230
1.0
 70
     8
 71
     3
 72
    13
 73
     9
 74
     0
 42
0.00000001
 43
0.00000001
 40
0.0
 40
0.0
 40
0.0
 40
0.0
 40
0.2502714958634248
 40
0.4997833372626286
 40
0.6256075225550475
 40
0.7453873544840905
 40
0.867531731553559
 40
1.0
 40
1.0
 40
1.0
 40
1.0
 10
7.791868118781289
 20
2.597024347714349
 30
0.0
 10
7.794350636202399
 20
2.597162836657789
 30
0.0
 10
7.799308135805997
 20
2.597439394186194
 30
0.0
 10
7.805208518669409
 20
2.599724730941761
 30
0.0
 10
7.809021760402965
 20
2.602761379001212
 30
0.0
 10
7.811137975946531
 20
2.605671646664464
 30
0.0
 10
7.812423378056486
 20
2.609092701685153
 30
0.0
 10
7.812567442789127
 20
2.611545843129545
 30
0.0
 10
7.812642395883614
 20
2.612822148156478
 30
0.0
  0
SPLINE
  5
7A0
330
1F
100
AcDbEntity
  8
0
  6
Continuous
 62
     7
370
    25
100
AcDbSpline
210
0.0
220
0.0
230
1.0
 70
     8
 71
     3
 72
    13
 73
     9
 74
     0
 42
0.00000001
 43
0.00000001
 40
0.0
 40
0.0
 40
0.0
 40
0.0
 40
0.1325042190352455
 40
0.2546824239359199
 40
0.3744980782205635
 40
0.500363901519099
 40
0.7498358562003532
 40
1.0
 40
1.0
 40
1.0
 40
1.0
 10
7.771074366817101
 20
2.612797392001724
 30
0.0
 10
7.771151040216466
 20
2.611520873092446
 30
0.0
 10
7.771298411880135
 20
2.609067314010464
 30
0.0
 10
7.772588873022634
 20
2.605647042045637
 30
0.0
 10
7.774709822338896
 20
2.602738791884929
 30
0.0
 10
7.778527559165283
 20
2.599706923233899
 30
0.0
 10
7.784430268916102
 20
2.597430288637528
 30
0.0
 10
7.789386546706071
 20
2.597159786272186
 30
0.0
 10
7.791868118781289
 20
2.597024347714349
 30
0.0
  0
SPLINE
  5
7A1
330
1F
100
AcDbEntity
  8
0
  6
Continuous
 62
     7
370
    25
100
AcDbSpline
210
0.0
220
0.0
230
1.0
 70
     8
 71
     3
 72
    13
 73
     9
 74
     0
 42
0.00000001
 43
0.00000001
 40
0.0
 40
0.0
 40
0.0
 40
0.0
 40
0.2502719124242307
 40
0.4997834049089497
 40
0.6255964743311409
 40
0.7453721107020078
 40
0.8675203168724955
 40
1.0
 40
1.0
 40
1.0
 40
1.0
 10
7.791848079459747
 20
2.628753638854929
 30
0.0
 10
7.789365582020826
 20
2.62861236960175
 30
0.0
 10
7.784408129901315
 20
2.628330260324369
 30
0.0
 10
7.778507667004075
 20
2.626002083570585
 30
0.0
 10
7.774694570791149
 20
2.622921174347972
 30
0.0
 10
7.77257857740135
 20
2.619978677684306
 30
0.0
 10
7.771293344771449
 20
2.616532260871383
 30
0.0
 10
7.77114930756244
 20
2.614075574810898
 30
0.0
 10
7.771074366817101
 20
2.612797392001724
 30
0.0
  0
LINE
  5
7A2
330
1F
100
AcDbEntity
  8
0
  6
Continuous
 62
     7
370
    25
100
AcDbLine
 10
7.7710743668
 20
2.6129165298
 30
0.0
 11
7.7710743668
 21
2.612797392
 31
0.0
  0
LINE
  5
7A3
330
1F
100
AcDbEntity
  8
0
  6
Continuous
 62
     7
370
    25
100
AcDbLine
 10
7.7918480795
 20
2.6288528313
 30
0.0
 11
7.7918480795
 21
2.6287536389
 31
0.0
  0
LINE
  5
7A4
330
1F
100
AcDbEntity
  8
0
  6
Continuous
 62
     7
370
    25
100
AcDbLine
 10
7.8126423959
 20
2.612941255
 30
0.0
 11
7.8126423959
 21
2.6128221482
 31
0.0
  0
LINE
  5
7A5
330
1F
100
AcDbEntity
  8
0
  6
Continuous
 62
     7
370
    25
100
AcDbLine
 10
7.8235428861
 20
2.7993069453
 30
0.0
 11
7.8235428861
 21
2.7994210871
 31
0.0
  0
LINE
  5
7A6
330
1F
100
AcDbEntity
  8
0
  6
Continuous
 62
     7
370
    25
100
AcDbLine
 10
7.8004052388
 20
2.8114735623
 30
0.0
 11
7.8004052388
 21
2.8116029314
 31
0.0
  0
LINE
  5
7A7
330
1F
100
AcDbEntity
  8
0
  6
Continuous
 62
     7
370
    25
100
AcDbLine
 10
7.8265792057
 20
2.8469619082
 30
0.0
 11
7.8265792057
 21
2.8471356933
 31
0.0
  0
LINE
  5
7A8
330
1F
100
AcDbEntity
  8
0
  6
Continuous
 62
     7
370
    25
100
AcDbLine
 10
7.7927944413
 20
2.5798904482
 30
0.0
 11
7.7927944413
 21
2.5797299761
 31
0.0
  0
LINE
  5
7A9
330
1F
100
AcDbEntity
  8
0
  6
Continuous
 62
     7
370
    25
100
AcDbLine
 10
7.7927243934
 20
2.5798905727
 30
0.0
 11
7.7927243934
 21
2.5797301008
 31
0.0
  0
LINE
  5
7AA
330
1F
100
AcDbEntity
  8
0
  6
Continuous
 62
     7
370
    25
100
AcDbLine
 10
7.7602726349
 20
2.8146025087
 30
0.0
 11
7.7602726349
 21
2.8147357939
 31
0.0
  0
LINE
  5
7AB
330
1F
100
AcDbEntity
  8
0
  6
Continuous
 62
     7
370
    25
100
AcDbLine
 10
7.7602544905
 20
2.8427680484
 30
0.0
 11
7.7602544905
 21
2.8429365846
 31
0.0
  0
SPLINE
  5
7AC
330
1F
100
AcDbEntity
  8
0
  6
Continuous
 62
     7
370
    25
100
AcDbSpline
210
0.0
220
0.0
230
1.0
 70
     8
 71
     3
 72
    13
 73
     9
 74
     0
 42
0.00000001
 43
0.00000001
 40
0.0
 40
0.0
 40
0.0
 40
0.0
 40
0.2696205006075306
 40
0.3872315437526587
 40
0.5000602445126656
 40
0.6136110212035298
 40
0.7315845619110611
 40
1.0
 40
1.0
 40
1.0
 40
1.0
 10
7.778466900718803
 20
2.850275378032055
 30
0.0
 10
7.777342425848876
 20
2.850201650623597
 30
0.0
 10
7.775727444277328
 20
2.85009576261386
 30
0.0
 10
7.773840577843219
 20
2.849256770944049
 30
0.0
 10
7.772719387772362
 20
2.848422528961145
 30
0.0
 10
7.771842670592694
 20
2.847360380286527
 30
0.0
 10
7.770953866850641
 20
2.845589068699853
 30
0.0
 10
7.770839540740483
 20
2.844074079363858
 30
0.0
 10
7.770760121050411
 20
2.84302165150324
 30
0.0
  0
SPLINE
  5
7AD
330
1F
100
AcDbEntity
  8
0
  6
Continuous
 62
     7
370
    25
100
AcDbSpline
210
0.0
220
0.0
230
1.0
 70
     8
 71
     3
 72
    13
 73
     9
 74
     0
 42
0.00000001
 43
0.00000001
 40
0.0
 40
0.0
 40
0.0
 40
0.0
 40
0.2495654446345459
 40
0.3773882399258476
 40
0.5000086729998131
 40
0.618642728048965
 40
0.7380086276997087
 40
0.9999999999999999
 40
0.9999999999999999
 40
0.9999999999999999
 40
0.9999999999999999
 10
7.786060719160835
 20
2.84302165150324
 30
0.0
 10
7.785963412320174
 20
2.843977273081527
 30
0.0
 10
7.785816266719216
 20
2.845422346320705
 30
0.0
 10
7.784933127211199
 20
2.847153347765573
 30
0.0
 10
7.784032849328259
 20
2.848281632964818
 30
0.0
 10
7.782912907689195
 20
2.849172978912436
 30
0.0
 10
7.781099699228796
 20
2.850068573216485
 30
0.0
 10
7.779539057318163
 20
2.850191160745031
 30
0.0
 10
7.778466900718803
 20
2.850275378032055
 30
0.0
  0
LINE
  5
7AE
330
1F
100
AcDbEntity
  8
0
  6
Continuous
 62
     7
370
    25
100
AcDbLine
 10
7.7741167639
 20
2.8321977998
 30
0.0
 11
7.7829480726
 21
2.8321977998
 31
0.0
  0
SPLINE
  5
7AF
330
1F
100
AcDbEntity
  8
0
  6
Continuous
 62
     7
370
    25
100
AcDbSpline
210
0.0
220
0.0
230
1.0
 70
     8
 71
     3
 72
    13
 73
     9
 74
     0
 42
0.00000001
 43
0.00000001
 40
0.0
 40
0.0
 40
0.0
 40
0.0
 40
0.2706185971748353
 40
0.3882365030039395
 40
0.5002024180582979
 40
0.6150799468759082
 40
0.7331709429405743
 40
1.0
 40
1.0
 40
1.0
 40
1.0
 10
7.802257664602423
 20
2.852585868702197
 30
0.0
 10
7.800981817693593
 20
2.852507827304021
 30
0.0
 10
7.799151454416925
 20
2.852395867077216
 30
0.0
 10
7.796996177263015
 20
2.851494251566819
 30
0.0
 10
7.79569608337153
 20
2.850588396062021
 30
0.0
 10
7.794662051099377
 20
2.849416863261816
 30
0.0
 10
7.793604981020335
 20
2.847437777173112
 30
0.0
 10
7.793470798668079
 20
2.845730837303499
 30
0.0
 10
7.793377782598285
 20
2.844547575604948
 30
0.0
  0
SPLINE
  5
7B0
330
1F
100
AcDbEntity
  8
0
  6
Continuous
 62
     7
370
    25
100
AcDbSpline
210
0.0
220
0.0
230
1.0
 70
     8
 71
     3
 72
    13
 73
     9
 74
     0
 42
0.00000001
 43
0.00000001
 40
0.0
 40
0.0
 40
0.0
 40
0.0
 40
0.2494274092326309
 40
0.3767949087517754
 40
0.4998450050374744
 40
0.6172803246576841
 40
0.7365377706562287
 40
1.0
 40
1.0
 40
1.0
 40
1.0
 10
7.811011030033038
 20
2.844547575604948
 30
0.0
 10
7.810894397093995
 20
2.845626918068924
 30
0.0
 10
7.810718206763674
 20
2.847257415480885
 30
0.0
 10
7.809670421268334
 20
2.849190859171399
 30
0.0
 10
7.808615981569448
 20
2.850432317000036
 30
0.0
 10
7.807320712524194
 20
2.85140007048361
 30
0.0
 10
7.805246291116504
 20
2.852364727222449
 30
0.0
 10
7.803476191766934
 20
2.852495704575297
 30
0.0
 10
7.802257664602423
 20
2.852585868702197
 30
0.0
  0
LINE
  5
7B1
330
1F
100
AcDbEntity
  8
0
  6
Continuous
 62
     7
370
    25
100
AcDbLine
 10
7.7966615654
 20
2.8321173674
 30
0.0
 11
7.808007391
 21
2.8321173674
 31
0.0
  0
LINE
  5
7B2
330
1F
100
AcDbEntity
  8
0
  6
Continuous
 62
     7
370
    25
100
AcDbLine
 10
7.808007391
 20
2.8322725736
 30
0.0
 11
7.808007391
 21
2.8438410114
 31
0.0
  0
LINE
  5
7B3
330
1F
100
AcDbEntity
  8
0
  6
Continuous
 62
     7
370
    25
100
AcDbLine
 10
7.7966615654
 20
2.8322725736
 30
0.0
 11
7.808007391
 21
2.8322725736
 31
0.0
  0
LINE
  5
7B4
330
1F
100
AcDbEntity
  8
0
  6
Continuous
 62
     7
370
    25
100
AcDbLine
 10
7.7966615654
 20
2.8322725736
 30
0.0
 11
7.7966615654
 21
2.8438410114
 31
0.0
  0
SPLINE
  5
7B5
330
1F
100
AcDbEntity
  8
0
  6
Continuous
 62
     7
370
    25
100
AcDbSpline
210
0.0
220
0.0
230
1.0
 70
     8
 71
     3
 72
    12
 73
     8
 74
     0
 42
0.00000001
 43
0.00000001
 40
0.0
 40
0.0
 40
0.0
 40
0.0
 40
0.2658132224956272
 40
0.3835960602783445
 40
0.4997996050921598
 40
0.7277266442609557
 40
1.0
 40
1.0
 40
1.0
 40
1.0
 10
7.802376273890101
 20
2.849895760860217
 30
0.0
 10
7.801500741890292
 20
2.849823661227122
 30
0.0
 10
7.800237258371221
 20
2.84971961397566
 30
0.0
 10
7.798803977814988
 20
2.848951669952487
 30
0.0
 10
7.797720002814793
 20
2.847962409226531
 30
0.0
 10
7.796815304577733
 20
2.846212888094524
 30
0.0
 10
7.796715753786448
 20
2.844677025319765
 30
0.0
 10
7.796661565448562
 20
2.843841011362369
 30
0.0
  0
SPLINE
  5
7B6
330
1F
100
AcDbEntity
  8
0
  6
Continuous
 62
     7
370
    25
100
AcDbSpline
210
0.0
220
0.0
230
1.0
 70
     8
 71
     3
 72
    13
 73
     9
 74
     0
 42
0.00000001
 43
0.00000001
 40
0.0
 40
0.0
 40
0.0
 40
0.0
 40
0.262272713275234
 40
0.4998654451871696
 40
0.6216212628418364
 40
0.7410358510591102
 40
0.8650776387234279
 40
1.0
 40
1.0
 40
1.0
 40
1.0
 10
7.808007391024133
 20
2.843841011362369
 30
0.0
 10
7.807942425028637
 20
2.844633102723553
 30
0.0
 10
7.807818606367312
 20
2.846142749289308
 30
0.0
 10
7.806872350572168
 20
2.847845195840984
 30
0.0
 10
7.805804038160652
 20
2.848885220558239
 30
0.0
 10
7.80479854099154
 20
2.84946182538401
 30
0.0
 10
7.803636922406724
 20
2.849819684650007
 30
0.0
 10
7.802808097956653
 20
2.849869701623223
 30
0.0
 10
7.802376273890101
 20
2.849895760860217
 30
0.0
  0
LINE
  5
7B7
330
1F
100
AcDbEntity
  8
0
  6
Continuous
 62
     7
370
    25
100
AcDbLine
 10
7.7966615654
 20
2.8322725736
 30
0.0
 11
7.7966615654
 21
2.8321173674
 31
0.0
  0
LINE
  5
7B8
330
1F
100
AcDbEntity
  8
0
  6
Continuous
 62
     7
370
    25
100
AcDbLine
 10
7.808007391
 20
2.8322725736
 30
0.0
 11
7.808007391
 21
2.8321173674
 31
0.0
  0
LINE
  5
7B9
330
1F
100
AcDbEntity
  8
0
  6
Continuous
 62
     7
370
    25
100
AcDbLine
 10
7.7829480726
 20
2.8323531067
 30
0.0
 11
7.7829480726
 21
2.8420436986
 31
0.0
  0
LINE
  5
7BA
330
1F
100
AcDbEntity
  8
0
  6
Continuous
 62
     7
370
    25
100
AcDbLine
 10
7.7741167639
 20
2.8323531067
 30
0.0
 11
7.7829480726
 21
2.8323531067
 31
0.0
  0
LINE
  5
7BB
330
1F
100
AcDbEntity
  8
0
  6
Continuous
 62
     7
370
    25
100
AcDbLine
 10
7.7741167639
 20
2.8323531067
 30
0.0
 11
7.7741167639
 21
2.8420436986
 31
0.0
  0
SPLINE
  5
7BC
330
1F
100
AcDbEntity
  8
0
  6
Continuous
 62
     7
370
    25
100
AcDbSpline
210
0.0
220
0.0
230
1.0
 70
     8
 71
     3
 72
    13
 73
     9
 74
     0
 42
0.00000001
 43
0.00000001
 40
0.0
 40
0.0
 40
0.0
 40
0.0
 40
0.138739447865923
 40
0.2636767669929625
 40
0.3814844565502763
 40
0.5000449383926224
 40
0.7264560857229662
 40
1.0
 40
1.0
 40
1.0
 40
1.0
 10
7.778564612179604
 20
2.847122376429339
 30
0.0
 10
7.778198187546404
 20
2.847100441334348
 30
0.0
 10
7.777501791070023
 20
2.847058753299548
 30
0.0
 10
7.776534077786752
 20
2.846762277624258
 30
0.0
 10
7.775717711100942
 20
2.846281425600177
 30
0.0
 10
7.774890984021568
 20
2.845421600620425
 30
0.0
 10
7.774232574171959
 20
2.84397175789159
 30
0.0
 10
7.774157719598635
 20
2.842725546784311
 30
0.0
 10
7.77411676389169
 20
2.842043698573386
 30
0.0
  0
SPLINE
  5
7BD
330
1F
100
AcDbEntity
  8
0
  6
Continuous
 62
     7
370
    25
100
AcDbSpline
210
0.0
220
0.0
230
1.0
 70
     8
 71
     3
 72
    13
 73
     9
 74
     0
 42
0.00000001
 43
0.00000001
 40
0.0
 40
0.0
 40
0.0
 40
0.0
 40
0.2637445141782409
 40
0.5001114104759695
 40
0.6247965816003068
 40
0.7446044383130873
 40
0.867262119131113
 40
1.0
 40
1.0
 40
1.0
 40
1.0
 10
7.782948072568492
 20
2.842043698573386
 30
0.0
 10
7.782899365076549
 20
2.842689979749404
 30
0.0
 10
7.782807006103427
 20
2.843915455818582
 30
0.0
 10
7.782108785387368
 20
2.845331321749654
 30
0.0
 10
7.7812917388632
 20
2.84622671397779
 30
0.0
 10
7.780497503081084
 20
2.846736112846036
 30
0.0
 10
7.779571970053171
 20
2.84705356821785
 30
0.0
 10
7.778909118822818
 20
2.847098844686959
 30
0.0
 10
7.778564612179604
 20
2.847122376429339
 30
0.0
  0
LINE
  5
7BE
330
1F
100
AcDbEntity
  8
0
  6
Continuous
 62
     7
370
    25
100
AcDbLine
 10
7.7741167639
 20
2.8323531067
 30
0.0
 11
7.7741167639
 21
2.8321977998
 31
0.0
  0
LINE
  5
7BF
330
1F
100
AcDbEntity
  8
0
  6
Continuous
 62
     7
370
    25
100
AcDbLine
 10
7.7829480726
 20
2.8323531067
 30
0.0
 11
7.7829480726
 21
2.8321977998
 31
0.0
  0
LINE
  5
7C0
330
1F
100
AcDbEntity
  8
0
  6
Continuous
 62
     7
370
    25
100
AcDbLine
 10
7.7569617763
 20
2.5626187633
 30
0.0
 11
7.7569617763
 21
2.5624366746
 31
0.0
  0
LINE
  5
7C1
330
1F
100
AcDbEntity
  8
0
  6
Continuous
 62
     7
370
    25
100
AcDbLine
 10
7.7694182552
 20
2.8662005625
 30
0.0
 11
7.7694182552
 21
2.866398426
 31
0.0
  0
LINE
  5
7C2
330
1F
100
AcDbEntity
  8
0
  6
Continuous
 62
     7
370
    25
100
AcDbLine
 10
7.7567872202
 20
2.8409190029
 30
0.0
 11
7.7567872202
 21
2.8410852249
 31
0.0
  0
LINE
  5
7C3
330
1F
100
AcDbEntity
  8
0
  6
Continuous
 62
     7
370
    25
100
AcDbLine
 10
7.7784669007
 20
2.850275378
 30
0.0
 11
7.7784669007
 21
2.8504533101
 31
0.0
  0
LINE
  5
7C4
330
1F
100
AcDbEntity
  8
0
  6
Continuous
 62
     7
370
    25
100
AcDbLine
 10
7.8022576646
 20
2.8525858687
 30
0.0
 11
7.8022576646
 21
2.8527666925
 31
0.0
  0
LINE
  5
7C5
330
1F
100
AcDbEntity
  8
0
  6
Continuous
 62
     7
370
    25
100
AcDbLine
 10
7.8154748686
 20
2.8661205294
 30
0.0
 11
7.8154748686
 21
2.8663182927
 31
0.0
  0
LINE
  5
7C6
330
1F
100
AcDbEntity
  8
0
  6
Continuous
 62
     7
370
    25
100
AcDbLine
 10
7.7981367003
 20
2.5626422494
 30
0.0
 11
7.7981367003
 21
2.5624601901
 31
0.0
  0
LINE
  5
7C7
330
1F
100
AcDbEntity
  8
0
  6
Continuous
 62
     7
370
    25
100
AcDbLine
 10
7.7824526018
 20
2.5626333031
 30
0.0
 11
7.7824526018
 21
2.5624512326
 31
0.0
  0
LINE
  5
7C8
330
1F
100
AcDbEntity
  8
0
  6
Continuous
 62
     7
370
    25
100
AcDbLine
 10
7.7824673912
 20
2.5404773733
 30
0.0
 11
7.7824673912
 21
2.5402675733
 31
0.0
  0
LINE
  5
7C9
330
1F
100
AcDbEntity
  8
0
  6
Continuous
 62
     7
370
    25
100
AcDbLine
 10
7.7828107066
 20
2.8657058593
 30
0.0
 11
7.7828107066
 21
2.8659031037
 31
0.0
  0
SPLINE
  5
7CA
330
1F
100
AcDbEntity
  8
0
  6
Continuous
 62
     7
370
    25
100
AcDbSpline
210
0.0
220
0.0
230
1.0
 70
     8
 71
     3
 72
    11
 73
     7
 74
     0
 42
0.00000001
 43
0.00000001
 40
0.0
 40
0.0
 40
0.0
 40
0.0
 40
0.2425058042304798
 40
0.4994753670787661
 40
0.9068474138097858
 40
0.9999999999999999
 40
0.9999999999999999
 40
0.9999999999999999
 40
0.9999999999999999
 10
7.782810706595743
 20
2.865903103682764
 30
0.0
 10
7.783346005710029
 20
2.86573759537349
 30
0.0
 10
7.78444853075042
 20
2.865396707353132
 30
0.0
 10
7.786206117573823
 20
2.864295261220023
 30
0.0
 10
7.787447092742716
 20
2.863147404222051
 30
0.0
 10
7.788310624513415
 20
2.862431247775499
 30
0.0
 10
7.788471336319402
 20
2.862297963975411
 30
0.0
  0
LINE
  5
7CB
330
1F
100
AcDbEntity
  8
0
  6
Continuous
 62
     7
370
    25
100
AcDbLine
 10
7.7884713363
 20
2.8621052261
 30
0.0
 11
7.7884713363
 21
2.862297964
 31
0.0
  0
SPLINE
  5
7CC
330
1F
100
AcDbEntity
  8
0
  6
Continuous
 62
     7
370
    25
100
AcDbSpline
210
0.0
220
0.0
230
1.0
 70
     8
 71
     3
 72
    10
 73
     6
 74
     0
 42
0.00000001
 43
0.00000001
 40
0.0
 40
0.0
 40
0.0
 40
0.0
 40
0.4996344214740408
 40
0.7609999991019557
 40
1.0
 40
1.0
 40
1.0
 40
1.0
 10
7.788471336319402
 20
2.862297963975411
 30
0.0
 10
7.789876455532026
 20
2.863841752179912
 30
0.0
 10
7.792016611761434
 20
2.866193117041387
 30
0.0
 10
7.795919329261539
 20
2.86815867263935
 30
0.0
 10
7.798092267088588
 20
2.86839401474141
 30
0.0
 10
7.799130172501958
 20
2.868506426076277
 30
0.0
  0
LINE
  5
7CD
330
1F
100
AcDbEntity
  8
0
  6
Continuous
 62
     7
370
    25
100
AcDbLine
 10
7.7991301725
 20
2.8683059276
 30
0.0
 11
7.7991301725
 21
2.8685064261
 31
0.0
  0
SPLINE
  5
7CE
330
1F
100
AcDbEntity
  8
0
  6
Continuous
 62
     7
370
    25
100
AcDbSpline
210
0.0
220
0.0
230
1.0
 70
     8
 71
     3
 72
    12
 73
     8
 74
     0
 42
0.00000001
 43
0.00000001
 40
0.0
 40
0.0
 40
0.0
 40
0.0
 40
0.2626568503481154
 40
0.5005723523181633
 40
0.7609120113928852
 40
0.8801370207312331
 40
1.0
 40
1.0
 40
1.0
 40
1.0
 10
7.798251367745804
 20
2.88018402297689
 30
0.0
 10
7.797606108123245
 20
2.878405558372347
 30
0.0
 10
7.796376370057427
 20
2.875016154252748
 30
0.0
 10
7.793079515452244
 20
2.870409059156604
 30
0.0
 10
7.789337039951211
 20
2.867416839161745
 30
0.0
 10
7.785633046297986
 20
2.866093470296047
 30
0.0
 10
7.783753158561318
 20
2.86596667200118
 30
0.0
 10
7.782810706595743
 20
2.865903103682764
 30
0.0
  0
LINE
  5
7CF
330
1F
100
AcDbEntity
  8
0
  6
Continuous
 62
     7
370
    25
100
AcDbLine
 10
7.7991203986
 20
2.8829764693
 30
0.0
 11
7.7982513677
 21
2.880184023
 31
0.0
  0
LINE
  5
7D0
330
1F
100
AcDbEntity
  8
0
  6
Continuous
 62
     7
370
    25
100
AcDbLine
 10
7.7991301725
 20
2.8685064261
 30
0.0
 11
7.7991203986
 21
2.8829764693
 31
0.0
  0
LINE
  5
7D1
330
1F
100
AcDbEntity
  8
0
  6
Continuous
 62
     7
370
    25
100
AcDbLine
 10
7.8253616313
 20
2.8904991365
 30
0.0
 11
7.8253616313
 21
2.8907274112
 31
0.0
  0
LINE
  5
7D2
330
1F
100
AcDbEntity
  8
0
  6
Continuous
 62
     7
370
    25
100
AcDbLine
 10
7.8020543026
 20
2.8806602173
 30
0.0
 11
7.8020543026
 21
2.880876178
 31
0.0
  0
LINE
  5
7D3
330
1F
100
AcDbEntity
  8
0
  6
Continuous
 62
     7
370
    25
100
AcDbLine
 10
7.7780618354
 20
2.8673654778
 30
0.0
 11
7.7780618354
 21
2.8675647993
 31
0.0
  0
LINE
  5
7D4
330
1F
100
AcDbEntity
  8
0
  6
Continuous
 62
     7
370
    25
100
AcDbLine
 10
7.758900232
 20
2.8906215049
 30
0.0
 11
7.758900232
 21
2.8908499328
 31
0.0
  0
LINE
  5
7D5
330
1F
100
AcDbEntity
  8
0
  6
Continuous
 62
     7
370
    25
100
AcDbLine
 10
7.7962287633
 20
2.8841582583
 30
0.0
 11
7.7962287633
 21
2.884378597
 31
0.0
  0
LINE
  5
7D6
330
1F
100
AcDbEntity
  8
0
  6
Continuous
 62
     7
370
    25
100
AcDbLine
 10
7.7570235228
 20
2.4745291164
 30
0.0
 11
7.7570235228
 21
2.4742367778
 31
0.0
  0
SPLINE
  5
7D7
330
1F
100
AcDbEntity
  8
0
  6
Continuous
 62
     7
370
    25
100
AcDbSpline
210
0.0
220
0.0
230
1.0
 70
     8
 71
     3
 72
    13
 73
     9
 74
     0
 42
0.00000001
 43
0.00000001
 40
0.0
 40
0.0
 40
0.0
 40
0.0
 40
0.2502954523255669
 40
0.381690143175405
 40
0.5001041458585904
 40
0.6053666082880743
 40
0.7212086671077225
 40
1.0
 40
1.0
 40
1.0
 40
1.0
 10
7.799245520902931
 20
2.883364528786382
 30
0.0
 10
7.800254205931071
 20
2.883363739249537
 30
0.0
 10
7.801792408600085
 20
2.883362535238723
 30
0.0
 10
7.803764637892774
 20
2.883767308746854
 30
0.0
 10
7.805056818053318
 20
2.884345313892823
 30
0.0
 10
7.806077882723651
 20
2.885172387438176
 30
0.0
 10
7.80726141271688
 20
2.886644543067141
 30
0.0
 10
7.807759517514132
 20
2.888000833491404
 30
0.0
 10
7.808111406896181
 20
2.888958993705697
 30
0.0
  0
LINE
  5
7D8
330
1F
100
AcDbEntity
  8
0
  6
Continuous
 62
     7
370
    25
100
AcDbLine
 10
7.8081114069
 20
2.8887329295
 30
0.0
 11
7.8081114069
 21
2.8889589937
 31
0.0
  0
LINE
  5
7D9
330
1F
100
AcDbEntity
  8
0
  6
Continuous
 62
     7
370
    25
100
AcDbLine
 10
7.7992455209
 20
2.8831454577
 30
0.0
 11
7.7992455209
 21
2.8833645288
 31
0.0
  0
SPLINE
  5
7DA
330
1F
100
AcDbEntity
  8
0
  6
Continuous
 62
     7
370
    25
100
AcDbSpline
210
0.0
220
0.0
230
1.0
 70
     8
 71
     3
 72
    12
 73
     8
 74
     0
 42
0.00000001
 43
0.00000001
 40
0.0
 40
0.0
 40
0.0
 40
0.0
 40
0.5001295130930792
 40
0.6345457220529834
 40
0.7501276040309526
 40
0.8633489114557126
 40
1.0
 40
1.0
 40
1.0
 40
1.0
 10
7.808111406896181
 20
2.888958993705697
 30
0.0
 10
7.808558974102049
 20
2.890495588948902
 30
0.0
 10
7.809126830723944
 20
2.892445163834161
 30
0.0
 10
7.808719009992514
 20
2.894774897754412
 30
0.0
 10
7.808102219058057
 20
2.895791193551194
 30
0.0
 10
7.807058984606079
 20
2.896499622630666
 30
0.0
 10
7.806219073111392
 20
2.896731843859119
 30
0.0
 10
7.805759739379931
 20
2.896858841815527
 30
0.0
  0
SPLINE
  5
7DB
330
1F
100
AcDbEntity
  8
0
  6
Continuous
 62
     7
370
    25
100
AcDbSpline
210
0.0
220
0.0
230
1.0
 70
     8
 71
     3
 72
    14
 73
    10
 74
     0
 42
0.00000001
 43
0.00000001
 40
0.0
 40
0.0
 40
0.0
 40
0.0
 40
0.0155504641372317
 40
0.0312422515818039
 40
0.0624126822796226
 40
0.124852767550375
 40
0.2498284951206368
 40
0.4998638829931644
 40
0.9999999999999999
 40
0.9999999999999999
 40
0.9999999999999999
 40
0.9999999999999999
 10
7.805759739379931
 20
2.896858841815527
 30
0.0
 10
7.805670962363141
 20
2.896865803059845
 30
0.0
 10
7.805492601520102
 20
2.896879788812578
 30
0.0
 10
7.805170751232846
 20
2.896731975799063
 30
0.0
 10
7.804720235041972
 20
2.896361676184485
 30
0.0
 10
7.804034432453966
 20
2.895451512923824
 30
0.0
 10
7.802965658414699
 20
2.893493723137448
 30
0.0
 10
7.801241242514418
 20
2.889402022453408
 30
0.0
 10
7.800043830406867
 20
2.885779589357255
 30
0.0
 10
7.799245520902931
 20
2.883364528786382
 30
0.0
  0
LINE
  5
7DC
330
1F
100
AcDbEntity
  8
0
  6
Continuous
 62
     7
370
    25
100
AcDbLine
 10
7.8053923346
 20
2.9002600734
 30
0.0
 11
7.8053923346
 21
2.9005005645
 31
0.0
  0
SPLINE
  5
7DD
330
1F
100
AcDbEntity
  8
0
  6
Continuous
 62
     7
370
    25
100
AcDbSpline
210
0.0
220
0.0
230
1.0
 70
     8
 71
     3
 72
    12
 73
     8
 74
     0
 42
0.00000001
 43
0.00000001
 40
0.0
 40
0.0
 40
0.0
 40
0.0
 40
0.1389167723022825
 40
0.2503591626036409
 40
0.37007362045256
 40
0.5003373142464494
 40
1.0
 40
1.0
 40
1.0
 40
1.0
 10
7.778951584087199
 20
2.895509410717952
 30
0.0
 10
7.778638631739039
 20
2.895451803827502
 30
0.0
 10
7.778074621457762
 20
2.895347983298027
 30
0.0
 10
7.777291816196384
 20
2.895031145297809
 30
0.0
 10
7.776678269448618
 20
2.894514132448464
 30
0.0
 10
7.775877045942037
 20
2.893139764046645
 30
0.0
 10
7.775830528297367
 20
2.8918276088328
 30
0.0
 10
7.775793630126364
 20
2.890786796732272
 30
0.0
  0
SPLINE
  5
7DE
330
1F
100
AcDbEntity
  8
0
  6
Continuous
 62
     7
370
    25
100
AcDbSpline
210
0.0
220
0.0
230
1.0
 70
     8
 71
     3
 72
    10
 73
     6
 74
     0
 42
0.00000001
 43
0.00000001
 40
0.0
 40
0.0
 40
0.0
 40
0.0
 40
0.3850642521947722
 40
0.6920977124602032
 40
1.0
 40
1.0
 40
1.0
 40
1.0
 10
7.781582348728299
 20
2.895657520873393
 30
0.0
 10
7.781243746633471
 20
2.895653637701659
 30
0.0
 10
7.780635157978647
 20
2.895646658257945
 30
0.0
 10
7.779756390710907
 20
2.895603548377632
 30
0.0
 10
7.779220105529723
 20
2.89554081948054
 30
0.0
 10
7.778951584087199
 20
2.895509410717952
 30
0.0
  0
SPLINE
  5
7DF
330
1F
100
AcDbEntity
  8
0
  6
Continuous
 62
     7
370
    25
100
AcDbSpline
210
0.0
220
0.0
230
1.0
 70
     8
 71
     3
 72
    16
 73
    12
 74
     0
 42
0.00000001
 43
0.00000001
 40
0.0
 40
0.0
 40
0.0
 40
0.0
 40
0.0342387160071547
 40
0.0624474098875934
 40
0.0919350317057538
 40
0.1250171361494627
 40
0.4990192818764315
 40
0.5029564377697001
 40
0.5366671923683012
 40
0.6327135020387135
 40
1.0
 40
1.0
 40
1.0
 40
1.0
 10
7.777128347638238
 20
2.885735737471385
 30
0.0
 10
7.777270793054961
 20
2.885746320296587
 30
0.0
 10
7.777530596819878
 20
2.885765622130891
 30
0.0
 10
7.777896411200008
 20
2.885881563140534
 30
0.0
 10
7.778204292434533
 20
2.886084731711726
 30
0.0
 10
7.779393798080743
 20
2.887326947770103
 30
0.0
 10
7.779673635105814
 20
2.888949745458148
 30
0.0
 10
7.780101576085817
 20
2.890426358759043
 30
0.0
 10
7.780236732908925
 20
2.890906846639507
 30
0.0
 10
7.780742149396583
 20
2.892690665861825
 30
0.0
 10
7.781210826096863
 20
2.894345625303642
 30
0.0
 10
7.781582348728299
 20
2.895657520873393
 30
0.0
  0
SPLINE
  5
7E0
330
1F
100
AcDbEntity
  8
0
  6
Continuous
 62
     7
370
    25
100
AcDbSpline
210
0.0
220
0.0
230
1.0
 70
     8
 71
     3
 72
    13
 73
     9
 74
     0
 42
0.00000001
 43
0.00000001
 40
0.0
 40
0.0
 40
0.0
 40
0.0
 40
0.5001581019163909
 40
0.8348152074085083
 40
0.9340448346187177
 40
0.9698533303182256
 40
0.9853853449857001
 40
0.9999999999999999
 40
0.9999999999999999
 40
0.9999999999999999
 40
0.9999999999999999
 10
7.775793630126364
 20
2.890786796732272
 30
0.0
 10
7.775843498465022
 20
2.889899302131923
 30
0.0
 10
7.775926733840636
 20
2.888417982553122
 30
0.0
 10
7.776300841258774
 20
2.886775867247277
 30
0.0
 10
7.776709333692178
 20
2.886005825977807
 30
0.0
 10
7.7769262828404
 20
2.885814809962822
 30
0.0
 10
7.777041662767938
 20
2.885755929862795
 30
0.0
 10
7.777100044868313
 20
2.885742330324398
 30
0.0
 10
7.777128347638238
 20
2.885735737471385
 30
0.0
  0
LINE
  5
7E1
330
1F
100
AcDbEntity
  8
0
  6
Continuous
 62
     7
370
    25
100
AcDbLine
 10
7.7771283476
 20
2.8855137023
 30
0.0
 11
7.7771283476
 21
2.8857357375
 31
0.0
  0
LINE
  5
7E2
330
1F
100
AcDbEntity
  8
0
  6
Continuous
 62
     7
370
    25
100
AcDbLine
 10
7.7815823487
 20
2.8954230835
 30
0.0
 11
7.7815823487
 21
2.8956575209
 31
0.0
  0
LINE
  5
7E3
330
1F
100
AcDbEntity
  8
0
  6
Continuous
 62
     7
370
    25
100
AcDbLine
 10
7.7791871487
 20
2.8984600831
 30
0.0
 11
7.7791871487
 21
2.8986983215
 31
0.0
  0
LINE
  5
7E4
330
1F
100
AcDbEntity
  8
0
  6
Continuous
 62
     7
370
    25
100
AcDbLine
 10
7.8046041708
 20
2.9173251973
 30
0.0
 11
7.8046041708
 21
2.9175870465
 31
0.0
  0
LINE
  5
7E5
330
1F
100
AcDbEntity
  8
0
  6
Continuous
 62
     7
370
    25
100
AcDbLine
 10
7.7726741496
 20
2.5240566622
 30
0.0
 11
7.7726741496
 21
2.5238263105
 31
0.0
  0
LINE
  5
7E6
330
1F
100
AcDbEntity
  8
0
  6
Continuous
 62
     7
370
    25
100
AcDbLine
 10
7.7825741145
 20
2.8995217257
 30
0.0
 11
7.7825741145
 21
2.8997612928
 31
0.0
  0
LINE
  5
7E7
330
1F
100
AcDbEntity
  8
0
  6
Continuous
 62
     7
370
    25
100
AcDbLine
 10
7.782449022
 20
2.8991006565
 30
0.0
 11
7.782449022
 21
2.8993396966
 31
0.0
  0
LINE
  5
7E8
330
1F
100
AcDbEntity
  8
0
  6
Continuous
 62
     7
370
    25
100
AcDbLine
 10
7.7726970234
 20
2.4918385577
 30
0.0
 11
7.7726970234
 21
2.4915678831
 31
0.0
  0
LINE
  5
7E9
330
1F
100
AcDbEntity
  8
0
  6
Continuous
 62
     7
370
    25
100
AcDbLine
 10
8.028190522
 20
2.44060763
 30
0.0
 11
8.028190522
 21
2.97560763
 31
0.0
  0
LINE
  5
7EA
330
1F
100
AcDbEntity
  8
0
  6
Continuous
 62
     7
370
    25
100
AcDbLine
 10
7.94551103
 20
2.44060763
 30
0.0
 11
7.94551103
 21
2.97560763
 31
0.0
  0
LINE
  5
7EB
330
1F
100
AcDbEntity
  8
0
  6
Continuous
 62
     7
370
    25
100
AcDbLine
 10
8.04551103
 20
2.96560763
 30
0.0
 11
8.04551103
 21
2.45060763
 31
0.0
  0
LINE
  5
7EC
330
1F
100
AcDbEntity
  8
0
  6
Continuous
 62
     7
370
    25
100
AcDbLine
 10
7.3768355103
 20
2.0071834732
 30
0.0
 11
7.64551103
 21
2.3871640539
 31
0.0
  0
LINE
  5
7ED
330
1F
100
AcDbEntity
  8
0
  6
Continuous
 62
     7
370
    25
100
AcDbLine
 10
7.6137215862
 20
2.605882466
 30
0.0
 11
7.5953501551
 21
2.618872482
 31
0.0
  0
DIMENSION
  5
7EE
330
1F
100
AcDbEntity
  8
0
  6
Continuous
 62
     8
420
  8421504
370
    18
100
AcDbDimension
280
     0
  2
_D_7
 10
8.4392118174
 20
3.10810763
 30
0.0
 11
8.4392118174
 21
2.7112084634
 31
0.0
 70
   160
  1
%%c<>\PREF
 71
     2
 42
-1.0
 73
     0
 74
     0
 75
     0
  3
SLDDIMSTYLE4
100
AcDbAlignedDimension
 13
7.93551103
 23
2.30810763
 33
0.0
 14
7.93551103
 24
3.10810763
 34
0.0
 50
90.0
100
AcDbRotatedDimension
  0
ENDSEC
  0
SECTION
  2
OBJECTS
  0
DICTIONARY
  5
C
330
0
100
AcDbDictionary
281
     1
  3
ACAD_DETAILVIEWSTYLE
350
809
  3
ACAD_GROUP
350
D
  3
ACAD_LAYOUT
350
1A
  3
ACAD_MATERIAL
350
43
  3
ACAD_MLEADERSTYLE
350
5B
  3
ACAD_MLINESTYLE
350
17
  3
ACAD_PLOTSETTINGS
350
19
  3
ACAD_PLOTSTYLENAME
350
E
  3
ACAD_SCALELIST
350
47
  3
ACAD_SECTIONVIEWSTYLE
350
80A
  3
ACAD_TABLESTYLE
350
59
  3
ACAD_VISUALSTYLE
350
2A
  3
ACDB_RECOMPOSE_DATA
350
806
  3
AcDbVariableDictionary
350
802
  0
SUN
  5
5D
330
29
100
AcDbSun
 90
        1
290
     0
 63
     7
421
 16777215
 40
1.0
291
     1
 91
  2455826
 92
 54000000
292
     0
 70
     2
 71
   256
280
     1
  0
DICTIONARY
  5
809
102
{ACAD_REACTORS
330
C
102
}
330
C
100
AcDbDictionary
281
     1
  0
DICTIONARY
  5
D
102
{ACAD_REACTORS
330
C
102
}
330
C
100
AcDbDictionary
281
     1
  0
DICTIONARY
  5
1A
102
{ACAD_REACTORS
330
C
102
}
330
C
100
AcDbDictionary
281
     1
  3
Layout1
350
1E
  3
Layout2
350
26
  3
Model
350
22
  0
DICTIONARY
  5
43
102
{ACAD_REACTORS
330
C
102
}
330
C
100
AcDbDictionary
281
     1
  3
ByBlock
350
45
  3
ByLayer
350
44
  3
Global
350
46
  0
DICTIONARY
  5
5B
102
{ACAD_REACTORS
330
C
102
}
330
C
100
AcDbDictionary
281
     1
  3
Standard
350
5C
  0
DICTIONARY
  5
17
102
{ACAD_REACTORS
330
C
102
}
330
C
100
AcDbDictionary
281
     1
  3
Standard
350
18
  0
DICTIONARY
  5
19
102
{ACAD_REACTORS
330
C
102
}
330
C
100
AcDbDictionary
281
     1
  0
ACDBDICTIONARYWDFLT
  5
E
102
{ACAD_REACTORS
330
C
102
}
330
C
100
AcDbDictionary
281
     1
  3
Normal
350
F
100
AcDbDictionaryWithDefault
340
F
  0
DICTIONARY
  5
47
102
{ACAD_REACTORS
330
C
102
}
330
C
100
AcDbDictionary
281
     1
  3
A0
350
48
  3
A1
350
49
  3
A2
350
4A
  3
A3
350
4B
  3
A4
350
4C
  3
A5
350
4D
  3
A6
350
4E
  3
A7
350
4F
  3
A8
350
50
  3
A9
350
51
  3
B1
350
52
  3
B2
350
53
  3
B3
350
54
  3
B4
350
55
  3
B5
350
56
  3
B6
350
57
  3
B7
350
58
  0
DICTIONARY
  5
80A
102
{ACAD_REACTORS
330
C
102
}
330
C
100
AcDbDictionary
281
     1
  0
DICTIONARY
  5
59
102
{ACAD_REACTORS
330
C
102
}
330
C
100
AcDbDictionary
281
     1
  3
Standard
350
5A
  0
DICTIONARY
  5
2A
102
{ACAD_REACTORS
330
C
102
}
330
C
100
AcDbDictionary
281
     1
  3
2dWireframe
350
2F
  3
Basic
350
32
  3
Brighten
350
36
  3
ColorChange
350
3A
  3
Conceptual
350
34
  3
Dim
350
35
  3
EdgeColorOff
350
3D
  3
Facepattern
350
39
  3
Flat
350
2B
  3
FlatWithEdges
350
2C
  3
Gouraud
350
2D
  3
GouraudWithEdges
350
2E
  3
Hidden
350
31
  3
JitterOff
350
3B
  3
Linepattern
350
38
  3
OverhangOff
350
3C
  3
Realistic
350
33
  3
Shaded
350
42
  3
Shaded with edges
350
41
  3
Shades of Gray
350
3E
  3
Sketchy
350
3F
  3
Thicken
350
37
  3
Wireframe
350
30
  3
X-Ray
350
40
  0
XRECORD
  5
806
102
{ACAD_REACTORS
330
C
102
}
330
C
100
AcDbXrecord
280
     1
 90
        1
330
5A
  0
DICTIONARY
  5
802
102
{ACAD_REACTORS
330
C
102
}
330
C
100
AcDbDictionary
281
     1
  3
CANNOSCALE
350
803
  3
CMLEADERSTYLE
350
808
  3
CTABLESTYLE
350
807
  0
LAYOUT
  5
1E
102
{ACAD_REACTORS
330
1A
102
}
330
1A
100
AcDbPlotSettings
  1

  2
none_device
  4

  6

 40
0.0
 41
0.0
 42
0.0
 43
0.0
 44
0.0
 45
0.0
 46
0.0
 47
0.0
 48
0.0
 49
0.0
140
0.0
141
0.0
142
1.0
143
1.0
 70
   688
 72
     0
 73
     0
 74
     5
  7

 75
    16
 76
     0
 77
     2
 78
   300
147
1.0
148
0.0
149
0.0
100
AcDbLayout
  1
Layout1
 70
     1
 71
     1
 10
0.0
 20
0.0
 11
12.0
 21
9.0
 12
0.0
 22
0.0
 32
0.0
 14
1.0000000000E+20
 24
1.0000000000E+20
 34
1.0000000000E+20
 15
-1.0000000000E+20
 25
-1.0000000000E+20
 35
-1.0000000000E+20
146
0.0
 13
0.0
 23
0.0
 33
0.0
 16
1.0
 26
0.0
 36
0.0
 17
0.0
 27
1.0
 37
0.0
 76
     0
330
1B
  0
LAYOUT
  5
26
102
{ACAD_REACTORS
330
1A
102
}
330
1A
100
AcDbPlotSettings
  1

  2
none_device
  4

  6

 40
0.0
 41
0.0
 42
0.0
 43
0.0
 44
0.0
 45
0.0
 46
0.0
 47
0.0
 48
0.0
 49
0.0
140
0.0
141
0.0
142
1.0
143
1.0
 70
   688
 72
     0
 73
     0
 74
     5
  7

 75
    16
 76
     0
 77
     2
 78
   300
147
1.0
148
0.0
149
0.0
100
AcDbLayout
  1
Layout2
 70
     1
 71
     2
 10
0.0
 20
0.0
 11
0.0
 21
0.0
 12
0.0
 22
0.0
 32
0.0
 14
0.0
 24
0.0
 34
0.0
 15
0.0
 25
0.0
 35
0.0
146
0.0
 13
0.0
 23
0.0
 33
0.0
 16
1.0
 26
0.0
 36
0.0
 17
0.0
 27
1.0
 37
0.0
 76
     0
330
23
  0
LAYOUT
  5
22
102
{ACAD_REACTORS
330
1A
102
}
330
1A
100
AcDbPlotSettings
  1

  2
none_device
  4
Letter_(8.50_x_11.00_Inches)
  6

 40
6.35
 41
6.35
 42
6.35000508
 43
6.35000508
 44
215.9
 45
279.4
 46
0.0
 47
0.0
 48
0.0
 49
0.0
140
0.0
141
0.0
142
1.0
143
1.0
 70
  1712
 72
     0
 73
     0
 74
     0
  7

 75
     0
 76
     0
 77
     2
 78
   300
147
1.0
148
0.0
149
0.0
100
AcDbLayout
  1
Model
 70
     1
 71
     0
 10
0.0
 20
0.0
 11
11.0
 21
8.5
 12
0.0
 22
0.0
 32
0.0
 14
0.0
 24
0.0
 34
0.0
 15
11.0
 25
8.5
 35
0.0
146
0.0
 13
0.0
 23
0.0
 33
0.0
 16
1.0
 26
0.0
 36
0.0
 17
0.0
 27
1.0
 37
0.0
 76
     0
330
1F
331
29
  0
MATERIAL
  5
45
102
{ACAD_REACTORS
330
43
102
}
330
43
100
AcDbMaterial
  1
ByBlock
 72
     1
 94
      127
  0
MATERIAL
  5
44
102
{ACAD_REACTORS
330
43
102
}
330
43
100
AcDbMaterial
  1
ByLayer
 72
     1
 94
      127
  0
MATERIAL
  5
46
102
{ACAD_REACTORS
330
43
102
}
330
43
100
AcDbMaterial
  1
Global
 72
     1
 94
      127
  0
MLEADERSTYLE
  5
5C
102
{ACAD_REACTORS
330
5B
102
}
330
5B
100
AcDbMLeaderStyle
179
     2
170
     2
171
     1
172
     0
 90
        2
 40
0.0
 41
0.0
173
     1
 91
-1056964608
340
14
 92
       -2
290
     1
 42
0.09
291
     1
 43
0.36
  3
Standard
341
0
 44
0.18
300

342
11
174
     1
178
     6
175
     1
176
     0
 93
-1056964608
 45
0.18
292
     0
297
     0
 46
0.18
343
0
 94
-1056964608
 47
1.0
 49
1.0
140
1.0
293
     1
141
0.0
294
     1
177
     0
142
1.0
295
     0
296
     0
143
0.125
271
     0
272
     9
273
     9
298
     0
  0
MLINESTYLE
  5
18
102
{ACAD_REACTORS
330
17
102
}
330
17
100
AcDbMlineStyle
  2
Standard
 70
     0
  3

 62
   256
 51
90.0
 52
90.0
 71
     2
 49
0.5
 62
   256
  6
BYLAYER
 49
-0.5
 62
   256
  6
BYLAYER
  0
ACDBPLACEHOLDER
  5
F
102
{ACAD_REACTORS
330
E
102
}
330
E
  0
SCALE
  5
48
102
{ACAD_REACTORS
330
47
102
}
330
47
100
AcDbScale
 70
     0
300
1:1
140
1.0
141
1.0
290
     1
  0
SCALE
  5
49
102
{ACAD_REACTORS
330
47
102
}
330
47
100
AcDbScale
 70
     0
300
1/128" = 1'-0"
140
0.0078125
141
12.0
290
     0
  0
SCALE
  5
4A
102
{ACAD_REACTORS
330
47
102
}
330
47
100
AcDbScale
 70
     0
300
1/64" = 1'-0"
140
0.015625
141
12.0
290
     0
  0
SCALE
  5
4B
102
{ACAD_REACTORS
330
47
102
}
330
47
100
AcDbScale
 70
     0
300
1/32" = 1'-0"
140
0.03125
141
12.0
290
     0
  0
SCALE
  5
4C
102
{ACAD_REACTORS
330
47
102
}
330
47
100
AcDbScale
 70
     0
300
1/16" = 1'-0"
140
0.0625
141
12.0
290
     0
  0
SCALE
  5
4D
102
{ACAD_REACTORS
330
47
102
}
330
47
100
AcDbScale
 70
     0
300
3/32" = 1'-0"
140
0.09375
141
12.0
290
     0
  0
SCALE
  5
4E
102
{ACAD_REACTORS
330
47
102
}
330
47
100
AcDbScale
 70
     0
300
1/8" = 1'-0"
140
0.125
141
12.0
290
     0
  0
SCALE
  5
4F
102
{ACAD_REACTORS
330
47
102
}
330
47
100
AcDbScale
 70
     0
300
3/16" = 1'-0"
140
0.1875
141
12.0
290
     0
  0
SCALE
  5
50
102
{ACAD_REACTORS
330
47
102
}
330
47
100
AcDbScale
 70
     0
300
1/4" = 1'-0"
140
0.25
141
12.0
290
     0
  0
SCALE
  5
51
102
{ACAD_REACTORS
330
47
102
}
330
47
100
AcDbScale
 70
     0
300
3/8" = 1'-0"
140
0.375
141
12.0
290
     0
  0
SCALE
  5
52
102
{ACAD_REACTORS
330
47
102
}
330
47
100
AcDbScale
 70
     0
300
1/2" = 1'-0"
140
0.5
141
12.0
290
     0
  0
SCALE
  5
53
102
{ACAD_REACTORS
330
47
102
}
330
47
100
AcDbScale
 70
     0
300
3/4" = 1'-0"
140
0.75
141
12.0
290
     0
  0
SCALE
  5
54
102
{ACAD_REACTORS
330
47
102
}
330
47
100
AcDbScale
 70
     0
300
1" = 1'-0"
140
1.0
141
12.0
290
     0
  0
SCALE
  5
55
102
{ACAD_REACTORS
330
47
102
}
330
47
100
AcDbScale
 70
     0
300
1-1/2" = 1'-0"
140
1.5
141
12.0
290
     0
  0
SCALE
  5
56
102
{ACAD_REACTORS
330
47
102
}
330
47
100
AcDbScale
 70
     0
300
3" = 1'-0"
140
3.0
141
12.0
290
     0
  0
SCALE
  5
57
102
{ACAD_REACTORS
330
47
102
}
330
47
100
AcDbScale
 70
     0
300
6" = 1'-0"
140
6.0
141
12.0
290
     0
  0
SCALE
  5
58
102
{ACAD_REACTORS
330
47
102
}
330
47
100
AcDbScale
 70
     0
300
1'-0" = 1'-0"
140
12.0
141
12.0
290
     0
  0
TABLESTYLE
  5
5A
102
{ACAD_REACTORS
330
59
102
}
102
{ACAD_XDICTIONARY
360
804
102
}
330
59
100
AcDbTableStyle
  3
Standard
 70
     0
 71
     0
 40
0.06
 41
0.06
280
     0
281
     0
  7
Standard
140
0.18
170
     2
 62
     0
 63
   257
283
     0
 90
        4
 91
        0
  1

274
    -2
284
     1
 64
     0
275
    -2
285
     1
 65
     0
276
    -2
286
     1
 66
     0
277
    -2
287
     1
 67
     0
278
    -2
288
     1
 68
     0
279
    -2
289
     1
 69
     0
  7
Standard
140
0.25
170
     5
 62
     0
 63
   257
283
     0
 90
        4
 91
        0
  1

274
    -2
284
     1
 64
     0
275
    -2
285
     1
 65
     0
276
    -2
286
     1
 66
     0
277
    -2
287
     1
 67
     0
278
    -2
288
     1
 68
     0
279
    -2
289
     1
 69
     0
  7
Standard
140
0.18
170
     5
 62
     0
 63
   257
283
     0
 90
        4
 91
        0
  1

274
    -2
284
     1
 64
     0
275
    -2
285
     1
 65
     0
276
    -2
286
     1
 66
     0
277
    -2
287
     1
 67
     0
278
    -2
288
     1
 68
     0
279
    -2
289
     1
 69
     0
  0
VISUALSTYLE
  5
2F
102
{ACAD_REACTORS
330
2A
102
}
330
2A
100
AcDbVisualStyle
  2
2dWireframe
 70
     4
177
     3
291
     0
 70
    58
 90
        0
176
     1
 90
        2
176
     1
 90
        0
176
     1
 90
        0
176
     1
 40
0.6
176
     1
 40
30.0
176
     1
 62
     7
420
 16777215
176
     1
 90
        1
176
     1
 90
        4
176
     1
 62
     7
176
     1
 62
   257
176
     1
 90
        1
176
     1
 90
        1
176
     1
 40
1.0
176
     1
 90
        0
176
     1
 62
   257
176
     1
 40
1.0
176
     1
 90
        1
176
     1
 90
        6
176
     1
 90
        2
176
     1
 62
     7
176
     1
 90
        5
176
     1
 90
        0
176
     1
 90
        0
176
     1
290
     0
176
     1
 90
        1
176
     1
 40
0.0
176
     1
 90
        0
176
     1
290
     1
176
     1
290
     1
176
     1
290
     0
176
     1
290
     0
176
     1
290
     0
176
     1
290
     0
176
     1
290
     0
176
     1
290
     0
176
     1
290
     0
176
     1
 90
       50
176
     1
 40
0.0
176
     1
 40
1.0
176
     1
 90
        0
176
     1
 62
    18
420
        0
176
     1
 90
       50
176
     1
 90
        3
176
     1
 62
     5
420
      255
176
     1
290
     0
176
     1
 90
       50
176
     1
 90
       50
176
     1
 90
       50
176
     1
290
     0
176
     1
 90
       50
176
     1
 62
   256
176
     0
 40
1.0
176
     0
 90
        2
176
     1
  1
strokes_ogs.tif
176
     1
290
     0
176
     1
 40
1.0
176
     1
 40
1.0
176
     1
  0
VISUALSTYLE
  5
32
102
{ACAD_REACTORS
330
2A
102
}
330
2A
100
AcDbVisualStyle
  2
Basic
 70
     7
177
     3
291
     1
 70
    58
 90
        1
176
     1
 90
        0
176
     1
 90
        1
176
     1
 90
        0
176
     1
 40
0.6
176
     1
 40
30.0
176
     1
 62
     7
420
 16777215
176
     1
 90
        0
176
     1
 90
        4
176
     1
 62
     7
176
     1
 62
   257
176
     1
 90
        1
176
     1
 90
        1
176
     1
 40
1.0
176
     1
 90
        8
176
     1
 62
     7
176
     1
 40
1.0
176
     1
 90
        1
176
     1
 90
        6
176
     1
 90
        2
176
     1
 62
     7
176
     1
 90
        5
176
     1
 90
        0
176
     1
 90
        0
176
     1
290
     0
176
     1
 90
        1
176
     1
 40
0.0
176
     1
 90
        0
176
     1
290
     0
176
     1
290
     1
176
     1
290
     1
176
     1
290
     0
176
     1
290
     0
176
     1
290
     0
176
     1
290
     0
176
     1
290
     0
176
     1
290
     0
176
     1
 90
       50
176
     1
 40
0.0
176
     1
 40
1.0
176
     1
 90
        0
176
     1
 62
    18
420
        0
176
     1
 90
       50
176
     1
 90
        3
176
     1
 62
     5
420
      255
176
     1
290
     0
176
     1
 90
       50
176
     1
 90
       50
176
     1
 90
       50
176
     1
290
     0
176
     1
 90
       50
176
     1
 62
   256
176
     0
 40
1.0
176
     0
 90
        2
176
     1
  1
strokes_ogs.tif
176
     1
290
     0
176
     1
 40
1.0
176
     1
 40
1.0
176
     1
  0
VISUALSTYLE
  5
36
102
{ACAD_REACTORS
330
2A
102
}
330
2A
100
AcDbVisualStyle
  2
Brighten
 70
    12
177
     3
291
     1
 70
    58
 90
        2
176
     1
 90
        2
176
     1
 90
        0
176
     1
 90
        0
176
     1
 40
0.6
176
     1
 40
30.0
176
     1
 62
     7
420
 16777215
176
     1
 90
        1
176
     1
 90
        4
176
     1
 62
     7
176
     1
 62
   257
176
     1
 90
        1
176
     1
 90
        1
176
     1
 40
1.0
176
     1
 90
        8
176
     1
 62
     7
176
     1
 40
1.0
176
     1
 90
        1
176
     1
 90
        6
176
     1
 90
        2
176
     1
 62
     7
176
     1
 90
        5
176
     1
 90
        0
176
     1
 90
        0
176
     1
290
     0
176
     1
 90
        1
176
     1
 40
50.0
176
     1
 90
        0
176
     1
290
     0
176
     1
290
     1
176
     1
290
     1
176
     1
290
     0
176
     1
290
     0
176
     1
290
     0
176
     1
290
     0
176
     1
290
     0
176
     1
290
     0
176
     1
 90
       50
176
     1
 40
0.0
176
     1
 40
1.0
176
     1
 90
        0
176
     1
 62
    18
420
        0
176
     1
 90
       50
176
     1
 90
        3
176
     1
 62
     5
420
      255
176
     1
290
     0
176
     1
 90
       50
176
     1
 90
       50
176
     1
 90
       50
176
     1
290
     0
176
     1
 90
       50
176
     1
 62
   256
176
     0
 40
1.0
176
     0
 90
        2
176
     1
  1
strokes_ogs.tif
176
     1
290
     0
176
     1
 40
1.0
176
     1
 40
1.0
176
     1
  0
VISUALSTYLE
  5
3A
102
{ACAD_REACTORS
330
2A
102
}
330
2A
100
AcDbVisualStyle
  2
ColorChange
 70
    16
177
     3
291
     1
 70
    58
 90
        2
176
     1
 90
        2
176
     1
 90
        3
176
     1
 90
        0
176
     1
 40
0.6
176
     1
 40
30.0
176
     1
 62
     8
420
  8421504
176
     1
 90
        1
176
     1
 90
        4
176
     1
 62
     7
176
     1
 62
   257
176
     1
 90
        1
176
     1
 90
        1
176
     1
 40
1.0
176
     1
 90
        8
176
     1
 62
     8
420
  8421504
176
     1
 40
1.0
176
     1
 90
        1
176
     1
 90
        6
176
     1
 90
        2
176
     1
 62
     7
176
     1
 90
        5
176
     1
 90
        0
176
     1
 90
        0
176
     1
290
     0
176
     1
 90
        1
176
     1
 40
0.0
176
     1
 90
        0
176
     1
290
     0
176
     1
290
     1
176
     1
290
     1
176
     1
290
     0
176
     1
290
     0
176
     1
290
     0
176
     1
290
     0
176
     1
290
     0
176
     1
290
     0
176
     1
 90
       50
176
     1
 40
0.0
176
     1
 40
1.0
176
     1
 90
        0
176
     1
 62
    18
420
        0
176
     1
 90
       50
176
     1
 90
        3
176
     1
 62
     5
420
      255
176
     1
290
     0
176
     1
 90
       50
176
     1
 90
       50
176
     1
 90
       50
176
     1
290
     0
176
     1
 90
       50
176
     1
 62
   256
176
     0
 40
1.0
176
     0
 90
        2
176
     1
  1
strokes_ogs.tif
176
     1
290
     0
176
     1
 40
1.0
176
     1
 40
1.0
176
     1
  0
VISUALSTYLE
  5
34
102
{ACAD_REACTORS
330
2A
102
}
330
2A
100
AcDbVisualStyle
  2
Conceptual
 70
     9
177
     3
291
     0
 70
    58
 90
        3
176
     1
 90
        2
176
     1
 90
        0
176
     1
 90
        0
176
     1
 40
0.6
176
     1
 40
30.0
176
     1
 62
     7
420
 16777215
176
     1
 90
        2
176
     1
 90
        2
176
     1
 62
     7
176
     1
 62
   257
176
     1
 90
        1
176
     1
 90
        1
176
     1
 40
179.0
176
     1
 90
        8
176
     1
 62
     7
176
     1
 40
1.0
176
     1
 90
        1
176
     1
 90
        6
176
     1
 90
        2
176
     1
 62
     7
176
     1
 90
        3
176
     1
 90
        0
176
     1
 90
        0
176
     1
290
     0
176
     1
 90
        1
176
     1
 40
0.0
176
     1
 90
        0
176
     1
290
     0
176
     1
290
     1
176
     1
290
     1
176
     1
290
     0
176
     1
290
     0
176
     1
290
     0
176
     1
290
     0
176
     1
290
     0
176
     1
290
     0
176
     1
 90
       50
176
     1
 40
0.0
176
     1
 40
1.0
176
     1
 90
        0
176
     1
 62
    18
420
        0
176
     1
 90
       50
176
     1
 90
        3
176
     1
 62
     5
420
      255
176
     1
290
     0
176
     1
 90
       50
176
     1
 90
       50
176
     1
 90
       50
176
     1
290
     0
176
     1
 90
       50
176
     1
 62
   256
176
     0
 40
1.0
176
     0
 90
        2
176
     1
  1
strokes_ogs.tif
176
     1
290
     0
176
     1
 40
1.0
176
     1
 40
1.0
176
     1
  0
VISUALSTYLE
  5
35
102
{ACAD_REACTORS
330
2A
102
}
330
2A
100
AcDbVisualStyle
  2
Dim
 70
    11
177
     3
291
     1
 70
    58
 90
        2
176
     1
 90
        2
176
     1
 90
        0
176
     1
 90
        0
176
     1
 40
0.6
176
     1
 40
30.0
176
     1
 62
     7
420
 16777215
176
     1
 90
        1
176
     1
 90
        4
176
     1
 62
     7
176
     1
 62
   257
176
     1
 90
        1
176
     1
 90
        1
176
     1
 40
1.0
176
     1
 90
        8
176
     1
 62
     7
176
     1
 40
1.0
176
     1
 90
        1
176
     1
 90
        6
176
     1
 90
        2
176
     1
 62
     7
176
     1
 90
        5
176
     1
 90
        0
176
     1
 90
        0
176
     1
290
     0
176
     1
 90
        1
176
     1
 40
-50.0
176
     1
 90
        0
176
     1
290
     0
176
     1
290
     1
176
     1
290
     1
176
     1
290
     0
176
     1
290
     0
176
     1
290
     0
176
     1
290
     0
176
     1
290
     0
176
     1
290
     0
176
     1
 90
       50
176
     1
 40
0.0
176
     1
 40
1.0
176
     1
 90
        0
176
     1
 62
    18
420
        0
176
     1
 90
       50
176
     1
 90
        3
176
     1
 62
     5
420
      255
176
     1
290
     0
176
     1
 90
       50
176
     1
 90
       50
176
     1
 90
       50
176
     1
290
     0
176
     1
 90
       50
176
     1
 62
   256
176
     0
 40
1.0
176
     0
 90
        2
176
     1
  1
strokes_ogs.tif
176
     1
290
     0
176
     1
 40
1.0
176
     1
 40
1.0
176
     1
  0
VISUALSTYLE
  5
3D
102
{ACAD_REACTORS
330
2A
102
}
330
2A
100
AcDbVisualStyle
  2
EdgeColorOff
 70
    22
177
     3
291
     1
 70
    58
 90
        2
176
     0
 90
        2
176
     0
 90
        0
176
     0
 90
        0
176
     0
 40
0.6
176
     0
 40
30.0
176
     0
 62
     7
420
 16777215
176
     0
 90
        1
176
     0
 90
        4
176
     0
 62
     7
176
     0
 62
   257
176
     0
 90
        1
176
     0
 90
        1
176
     0
 40
1.0
176
     0
 90
        8
176
     2
 62
     7
176
     0
 40
1.0
176
     0
 90
        1
176
     0
 90
        6
176
     0
 90
        2
176
     0
 62
     7
176
     0
 90
        5
176
     0
 90
        0
176
     0
 90
        0
176
     0
290
     0
176
     0
 90
        1
176
     0
 40
0.0
176
     0
 90
        0
176
     0
290
     0
176
     0
290
     1
176
     0
290
     1
176
     0
290
     0
176
     0
290
     0
176
     0
290
     0
176
     0
290
     0
176
     0
290
     0
176
     0
290
     0
176
     0
 90
       50
176
     0
 40
0.0
176
     0
 40
1.0
176
     0
 90
        0
176
     0
 62
    18
420
        0
176
     0
 90
       50
176
     0
 90
        3
176
     0
 62
     5
420
      255
176
     0
290
     0
176
     0
 90
       50
176
     0
 90
       50
176
     0
 90
       50
176
     0
290
     0
176
     0
 90
       50
176
     0
 62
   256
176
     0
 40
1.0
176
     0
 90
        2
176
     0
  1
strokes_ogs.tif
176
     0
290
     0
176
     0
 40
1.0
176
     0
 40
1.0
176
     0
  0
VISUALSTYLE
  5
39
102
{ACAD_REACTORS
330
2A
102
}
330
2A
100
AcDbVisualStyle
  2
Facepattern
 70
    15
177
     3
291
     1
 70
    58
 90
        2
176
     1
 90
        2
176
     1
 90
        0
176
     1
 90
        0
176
     1
 40
0.6
176
     1
 40
30.0
176
     1
 62
     7
420
 16777215
176
     1
 90
        1
176
     1
 90
        4
176
     1
 62
     7
176
     1
 62
   257
176
     1
 90
        1
176
     1
 90
        1
176
     1
 40
1.0
176
     1
 90
        8
176
     1
 62
     7
176
     1
 40
1.0
176
     1
 90
        1
176
     1
 90
        6
176
     1
 90
        2
176
     1
 62
     7
176
     1
 90
        5
176
     1
 90
        0
176
     1
 90
        0
176
     1
290
     0
176
     1
 90
        1
176
     1
 40
0.0
176
     1
 90
        0
176
     1
290
     0
176
     1
290
     1
176
     1
290
     1
176
     1
290
     0
176
     1
290
     0
176
     1
290
     0
176
     1
290
     0
176
     1
290
     0
176
     1
290
     0
176
     1
 90
       50
176
     1
 40
0.0
176
     1
 40
1.0
176
     1
 90
        0
176
     1
 62
    18
420
        0
176
     1
 90
       50
176
     1
 90
        3
176
     1
 62
     5
420
      255
176
     1
290
     0
176
     1
 90
       50
176
     1
 90
       50
176
     1
 90
       50
176
     1
290
     0
176
     1
 90
       50
176
     1
 62
   256
176
     0
 40
1.0
176
     0
 90
        2
176
     1
  1
strokes_ogs.tif
176
     1
290
     0
176
     1
 40
1.0
176
     1
 40
1.0
176
     1
  0
VISUALSTYLE
  5
2B
102
{ACAD_REACTORS
330
2A
102
}
330
2A
100
AcDbVisualStyle
  2
Flat
 70
     0
177
     3
291
     1
 70
    58
 90
        2
176
     1
 90
        1
176
     1
 90
        1
176
     1
 90
        2
176
     1
 40
0.6
176
     1
 40
30.0
176
     1
 62
     7
420
 16777215
176
     1
 90
        0
176
     1
 90
        0
176
     1
 62
     7
176
     1
 62
   257
176
     1
 90
        1
176
     1
 90
        1
176
     1
 40
1.0
176
     1
 90
        8
176
     1
 62
     7
176
     1
 40
1.0
176
     1
 90
        1
176
     1
 90
        6
176
     1
 90
        2
176
     1
 62
     7
176
     1
 90
        5
176
     1
 90
        0
176
     1
 90
        0
176
     1
290
     0
176
     1
 90
       13
176
     1
 40
0.0
176
     1
 90
        0
176
     1
290
     0
176
     1
290
     1
176
     1
290
     1
176
     1
290
     0
176
     1
290
     0
176
     1
290
     0
176
     1
290
     0
176
     1
290
     0
176
     1
290
     0
176
     1
 90
       50
176
     1
 40
0.0
176
     1
 40
1.0
176
     1
 90
        0
176
     1
 62
    18
420
        0
176
     1
 90
       50
176
     1
 90
        3
176
     1
 62
     5
420
      255
176
     1
290
     0
176
     1
 90
       50
176
     1
 90
       50
176
     1
 90
       50
176
     1
290
     0
176
     1
 90
       50
176
     1
 62
   256
176
     0
 40
1.0
176
     0
 90
        2
176
     1
  1
strokes_ogs.tif
176
     1
290
     0
176
     1
 40
1.0
176
     1
 40
1.0
176
     1
  0
VISUALSTYLE
  5
2C
102
{ACAD_REACTORS
330
2A
102
}
330
2A
100
AcDbVisualStyle
  2
FlatWithEdges
 70
     1
177
     3
291
     1
 70
    58
 90
        2
176
     1
 90
        1
176
     1
 90
        1
176
     1
 90
        2
176
     1
 40
0.6
176
     1
 40
30.0
176
     1
 62
     7
420
 16777215
176
     1
 90
        1
176
     1
 90
        0
176
     1
 62
     7
176
     1
 62
   257
176
     1
 90
        1
176
     1
 90
        1
176
     1
 40
1.0
176
     1
 90
        0
176
     1
 62
   257
176
     1
 40
1.0
176
     1
 90
        1
176
     1
 90
        6
176
     1
 90
        2
176
     1
 62
     7
176
     1
 90
        5
176
     1
 90
        0
176
     1
 90
        0
176
     1
290
     0
176
     1
 90
       13
176
     1
 40
0.0
176
     1
 90
        0
176
     1
290
     0
176
     1
290
     1
176
     1
290
     1
176
     1
290
     0
176
     1
290
     0
176
     1
290
     0
176
     1
290
     0
176
     1
290
     0
176
     1
290
     0
176
     1
 90
       50
176
     1
 40
0.0
176
     1
 40
1.0
176
     1
 90
        0
176
     1
 62
    18
420
        0
176
     1
 90
       50
176
     1
 90
        3
176
     1
 62
     5
420
      255
176
     1
290
     0
176
     1
 90
       50
176
     1
 90
       50
176
     1
 90
       50
176
     1
290
     0
176
     1
 90
       50
176
     1
 62
   256
176
     0
 40
1.0
176
     0
 90
        2
176
     1
  1
strokes_ogs.tif
176
     1
290
     0
176
     1
 40
1.0
176
     1
 40
1.0
176
     1
  0
VISUALSTYLE
  5
2D
102
{ACAD_REACTORS
330
2A
102
}
330
2A
100
AcDbVisualStyle
  2
Gouraud
 70
     2
177
     3
291
     1
 70
    58
 90
        2
176
     1
 90
        2
176
     1
 90
        1
176
     1
 90
        2
176
     1
 40
0.6
176
     1
 40
30.0
176
     1
 62
     7
420
 16777215
176
     1
 90
        0
176
     1
 90
        0
176
     1
 62
     7
176
     1
 62
   257
176
     1
 90
        1
176
     1
 90
        1
176
     1
 40
1.0
176
     1
 90
        0
176
     1
 62
     7
176
     1
 40
1.0
176
     1
 90
        1
176
     1
 90
        6
176
     1
 90
        2
176
     1
 62
     7
176
     1
 90
        5
176
     1
 90
        0
176
     1
 90
        0
176
     1
290
     0
176
     1
 90
       13
176
     1
 40
0.0
176
     1
 90
        0
176
     1
290
     0
176
     1
290
     1
176
     1
290
     1
176
     1
290
     0
176
     1
290
     0
176
     1
290
     0
176
     1
290
     0
176
     1
290
     0
176
     1
290
     0
176
     1
 90
       50
176
     1
 40
0.0
176
     1
 40
1.0
176
     1
 90
        0
176
     1
 62
    18
420
        0
176
     1
 90
       50
176
     1
 90
        3
176
     1
 62
     5
420
      255
176
     1
290
     0
176
     1
 90
       50
176
     1
 90
       50
176
     1
 90
       50
176
     1
290
     0
176
     1
 90
       50
176
     1
 62
   256
176
     0
 40
1.0
176
     0
 90
        2
176
     1
  1
strokes_ogs.tif
176
     1
290
     0
176
     1
 40
1.0
176
     1
 40
1.0
176
     1
  0
VISUALSTYLE
  5
2E
102
{ACAD_REACTORS
330
2A
102
}
330
2A
100
AcDbVisualStyle
  2
GouraudWithEdges
 70
     3
177
     3
291
     1
 70
    58
 90
        2
176
     1
 90
        2
176
     1
 90
        1
176
     1
 90
        2
176
     1
 40
0.6
176
     1
 40
30.0
176
     1
 62
     7
420
 16777215
176
     1
 90
        1
176
     1
 90
        0
176
     1
 62
     7
176
     1
 62
   257
176
     1
 90
        1
176
     1
 90
        1
176
     1
 40
1.0
176
     1
 90
        0
176
     1
 62
   257
176
     1
 40
1.0
176
     1
 90
        1
176
     1
 90
        6
176
     1
 90
        2
176
     1
 62
     7
176
     1
 90
        5
176
     1
 90
        0
176
     1
 90
        0
176
     1
290
     0
176
     1
 90
       13
176
     1
 40
0.0
176
     1
 90
        0
176
     1
290
     0
176
     1
290
     1
176
     1
290
     1
176
     1
290
     0
176
     1
290
     0
176
     1
290
     0
176
     1
290
     0
176
     1
290
     0
176
     1
290
     0
176
     1
 90
       50
176
     1
 40
0.0
176
     1
 40
1.0
176
     1
 90
        0
176
     1
 62
    18
420
        0
176
     1
 90
       50
176
     1
 90
        3
176
     1
 62
     5
420
      255
176
     1
290
     0
176
     1
 90
       50
176
     1
 90
       50
176
     1
 90
       50
176
     1
290
     0
176
     1
 90
       50
176
     1
 62
   256
176
     0
 40
1.0
176
     0
 90
        2
176
     1
  1
strokes_ogs.tif
176
     1
290
     0
176
     1
 40
1.0
176
     1
 40
1.0
176
     1
  0
VISUALSTYLE
  5
31
102
{ACAD_REACTORS
330
2A
102
}
330
2A
100
AcDbVisualStyle
  2
Hidden
 70
     6
177
     3
291
     0
 70
    58
 90
        1
176
     1
 90
        2
176
     1
 90
        2
176
     1
 90
        0
176
     1
 40
0.6
176
     1
 40
30.0
176
     1
 62
     7
420
 16777215
176
     1
 90
        2
176
     1
 90
        2
176
     1
 62
     7
176
     1
 62
   257
176
     1
 90
        2
176
     1
 90
        1
176
     1
 40
40.0
176
     1
 90
        0
176
     1
 62
   257
176
     1
 40
1.0
176
     1
 90
        1
176
     1
 90
        6
176
     1
 90
        2
176
     1
 62
     7
176
     1
 90
        3
176
     1
 90
        0
176
     1
 90
        0
176
     1
290
     0
176
     1
 90
        1
176
     1
 40
0.0
176
     1
 90
        0
176
     1
290
     0
176
     1
290
     1
176
     1
290
     1
176
     1
290
     0
176
     1
290
     0
176
     1
290
     0
176
     1
290
     0
176
     1
290
     0
176
     1
290
     0
176
     1
 90
       50
176
     1
 40
0.0
176
     1
 40
1.0
176
     1
 90
        0
176
     1
 62
    18
420
        0
176
     1
 90
       50
176
     1
 90
        3
176
     1
 62
     5
420
      255
176
     1
290
     0
176
     1
 90
       50
176
     1
 90
       50
176
     1
 90
       50
176
     1
290
     0
176
     1
 90
       50
176
     1
 62
   256
176
     0
 40
1.0
176
     0
 90
        2
176
     1
  1
strokes_ogs.tif
176
     1
290
     0
176
     1
 40
1.0
176
     1
 40
1.0
176
     1
  0
VISUALSTYLE
  5
3B
102
{ACAD_REACTORS
330
2A
102
}
330
2A
100
AcDbVisualStyle
  2
JitterOff
 70
    20
177
     3
291
     1
 70
    58
 90
        2
176
     0
 90
        2
176
     0
 90
        0
176
     0
 90
        0
176
     0
 40
0.6
176
     0
 40
30.0
176
     0
 62
     7
420
 16777215
176
     0
 90
        1
176
     0
 90
        4
176
     0
 62
     7
176
     0
 62
   257
176
     0
 90
        1
176
     0
 90
        1
176
     0
 40
1.0
176
     0
 90
       10
176
     2
 62
     7
176
     0
 40
1.0
176
     0
 90
        1
176
     0
 90
        6
176
     0
 90
        2
176
     0
 62
     7
176
     0
 90
        5
176
     0
 90
        0
176
     0
 90
        0
176
     0
290
     0
176
     0
 90
        1
176
     0
 40
0.0
176
     0
 90
        0
176
     0
290
     0
176
     0
290
     1
176
     0
290
     1
176
     0
290
     0
176
     0
290
     0
176
     0
290
     0
176
     0
290
     0
176
     0
290
     0
176
     0
290
     0
176
     0
 90
       50
176
     0
 40
0.0
176
     0
 40
1.0
176
     0
 90
        0
176
     0
 62
    18
420
        0
176
     0
 90
       50
176
     0
 90
        3
176
     0
 62
     5
420
      255
176
     0
290
     0
176
     0
 90
       50
176
     0
 90
       50
176
     0
 90
       50
176
     0
290
     0
176
     0
 90
       50
176
     0
 62
   256
176
     0
 40
1.0
176
     0
 90
        2
176
     0
  1
strokes_ogs.tif
176
     0
290
     0
176
     0
 40
1.0
176
     0
 40
1.0
176
     0
  0
VISUALSTYLE
  5
38
102
{ACAD_REACTORS
330
2A
102
}
330
2A
100
AcDbVisualStyle
  2
Linepattern
 70
    14
177
     3
291
     1
 70
    58
 90
        2
176
     1
 90
        2
176
     1
 90
        0
176
     1
 90
        0
176
     1
 40
0.6
176
     1
 40
30.0
176
     1
 62
     7
420
 16777215
176
     1
 90
        1
176
     1
 90
        4
176
     1
 62
     7
176
     1
 62
   257
176
     1
 90
        7
176
     1
 90
        7
176
     1
 40
1.0
176
     1
 90
        8
176
     1
 62
     7
176
     1
 40
1.0
176
     1
 90
        1
176
     1
 90
        6
176
     1
 90
        2
176
     1
 62
     7
176
     1
 90
        5
176
     1
 90
        0
176
     1
 90
        0
176
     1
290
     0
176
     1
 90
        1
176
     1
 40
0.0
176
     1
 90
        0
176
     1
290
     0
176
     1
290
     1
176
     1
290
     1
176
     1
290
     0
176
     1
290
     0
176
     1
290
     0
176
     1
290
     0
176
     1
290
     0
176
     1
290
     0
176
     1
 90
       50
176
     1
 40
0.0
176
     1
 40
1.0
176
     1
 90
        0
176
     1
 62
    18
420
        0
176
     1
 90
       50
176
     1
 90
        3
176
     1
 62
     5
420
      255
176
     1
290
     0
176
     1
 90
       50
176
     1
 90
       50
176
     1
 90
       50
176
     1
290
     0
176
     1
 90
       50
176
     1
 62
   256
176
     0
 40
1.0
176
     0
 90
        2
176
     1
  1
strokes_ogs.tif
176
     1
290
     0
176
     1
 40
1.0
176
     1
 40
1.0
176
     1
  0
VISUALSTYLE
  5
3C
102
{ACAD_REACTORS
330
2A
102
}
330
2A
100
AcDbVisualStyle
  2
OverhangOff
 70
    21
177
     3
291
     1
 70
    58
 90
        2
176
     0
 90
        2
176
     0
 90
        0
176
     0
 90
        0
176
     0
 40
0.6
176
     0
 40
30.0
176
     0
 62
     7
420
 16777215
176
     0
 90
        1
176
     0
 90
        4
176
     0
 62
     7
176
     0
 62
   257
176
     0
 90
        1
176
     0
 90
        1
176
     0
 40
1.0
176
     0
 90
        9
176
     2
 62
     7
176
     0
 40
1.0
176
     0
 90
        1
176
     0
 90
        6
176
     0
 90
        2
176
     0
 62
     7
176
     0
 90
        5
176
     0
 90
        0
176
     0
 90
        0
176
     0
290
     0
176
     0
 90
        1
176
     0
 40
0.0
176
     0
 90
        0
176
     0
290
     0
176
     0
290
     1
176
     0
290
     1
176
     0
290
     0
176
     0
290
     0
176
     0
290
     0
176
     0
290
     0
176
     0
290
     0
176
     0
290
     0
176
     0
 90
       50
176
     0
 40
0.0
176
     0
 40
1.0
176
     0
 90
        0
176
     0
 62
    18
420
        0
176
     0
 90
       50
176
     0
 90
        3
176
     0
 62
     5
420
      255
176
     0
290
     0
176
     0
 90
       50
176
     0
 90
       50
176
     0
 90
       50
176
     0
290
     0
176
     0
 90
       50
176
     0
 62
   256
176
     0
 40
1.0
176
     0
 90
        2
176
     0
  1
strokes_ogs.tif
176
     0
290
     0
176
     0
 40
1.0
176
     0
 40
1.0
176
     0
  0
VISUALSTYLE
  5
33
102
{ACAD_REACTORS
330
2A
102
}
330
2A
100
AcDbVisualStyle
  2
Realistic
 70
     8
177
     3
291
     0
 70
    58
 90
        2
176
     1
 90
        3
176
     1
 90
        0
176
     1
 90
        2
176
     1
 40
0.6
176
     1
 40
30.0
176
     1
 62
     7
420
 16777215
176
     1
 90
        0
176
     1
 90
        0
176
     1
 62
     7
176
     1
 62
   257
176
     1
 90
        1
176
     1
 90
        1
176
     1
 40
1.0
176
     1
 90
        8
176
     1
 62
   257
176
     1
 40
1.0
176
     1
 90
        1
176
     1
 90
        6
176
     1
 90
        2
176
     1
 62
     7
176
     1
 90
        3
176
     1
 90
        0
176
     1
 90
        0
176
     1
290
     0
176
     1
 90
       13
176
     1
 40
0.0
176
     1
 90
        0
176
     1
290
     0
176
     1
290
     1
176
     1
290
     1
176
     1
290
     0
176
     1
290
     0
176
     1
290
     0
176
     1
290
     0
176
     1
290
     0
176
     1
290
     0
176
     1
 90
       50
176
     1
 40
0.0
176
     1
 40
1.0
176
     1
 90
        0
176
     1
 62
    18
420
        0
176
     1
 90
       50
176
     1
 90
        3
176
     1
 62
     5
420
      255
176
     1
290
     0
176
     1
 90
       50
176
     1
 90
       50
176
     1
 90
       50
176
     1
290
     0
176
     1
 90
       50
176
     1
 62
   256
176
     0
 40
1.0
176
     0
 90
        2
176
     1
  1
strokes_ogs.tif
176
     1
290
     0
176
     1
 40
1.0
176
     1
 40
1.0
176
     1
  0
VISUALSTYLE
  5
42
102
{ACAD_REACTORS
330
2A
102
}
330
2A
100
AcDbVisualStyle
  2
Shaded
 70
    27
177
     3
291
     0
 70
    58
 90
        2
176
     1
 90
        2
176
     1
 90
        1
176
     1
 90
        2
176
     1
 40
0.6
176
     1
 40
30.0
176
     1
 62
     7
420
 16777215
176
     1
 90
        0
176
     1
 90
        4
176
     1
 62
     7
176
     1
 62
   257
176
     1
 90
        1
176
     1
 90
        1
176
     1
 40
1.0
176
     1
 90
        8
176
     1
 62
   257
176
     1
 40
1.0
176
     1
 90
        1
176
     1
 90
        6
176
     1
 90
        2
176
     1
 62
     8
420
  7895160
176
     1
 90
        3
176
     1
 90
        0
176
     1
 90
        0
176
     1
290
     0
176
     1
 90
        5
176
     1
 40
0.0
176
     1
 90
        0
176
     1
290
     0
176
     1
290
     1
176
     1
290
     1
176
     1
290
     0
176
     1
290
     0
176
     1
290
     0
176
     1
290
     0
176
     1
290
     0
176
     1
290
     0
176
     1
 90
       50
176
     1
 40
0.0
176
     1
 40
1.0
176
     1
 90
        0
176
     1
 62
    18
420
        0
176
     1
 90
       50
176
     1
 90
        3
176
     1
 62
     5
420
      255
176
     1
290
     0
176
     1
 90
       50
176
     1
 90
       50
176
     1
 90
       50
176
     1
290
     0
176
     1
 90
       50
176
     1
 62
   256
176
     0
 40
1.0
176
     0
 90
        2
176
     1
  1
strokes_ogs.tif
176
     1
290
     0
176
     1
 40
1.0
176
     1
 40
1.0
176
     1
  0
VISUALSTYLE
  5
41
102
{ACAD_REACTORS
330
2A
102
}
330
2A
100
AcDbVisualStyle
  2
Shaded with edges
 70
    26
177
     3
291
     0
 70
    58
 90
        2
176
     1
 90
        2
176
     1
 90
        1
176
     1
 90
        2
176
     1
 40
0.6
176
     1
 40
30.0
176
     1
 62
     7
420
 16777215
176
     1
 90
        1
176
     1
 90
       10
176
     1
 62
     7
176
     1
 62
   257
176
     1
 90
        2
176
     1
 90
        1
176
     1
 40
1.0
176
     1
 90
        8
176
     1
 62
   257
176
     1
 40
1.0
176
     1
 90
        1
176
     1
 90
        6
176
     1
 90
        2
176
     1
 62
     7
176
     1
 90
        3
176
     1
 90
        0
176
     1
 90
        0
176
     1
290
     0
176
     1
 90
        5
176
     1
 40
0.0
176
     1
 90
        0
176
     1
290
     0
176
     1
290
     1
176
     1
290
     1
176
     1
290
     0
176
     1
290
     0
176
     1
290
     0
176
     1
290
     0
176
     1
290
     0
176
     1
290
     0
176
     1
 90
       50
176
     1
 40
0.0
176
     1
 40
1.0
176
     1
 90
        0
176
     1
 62
    18
420
        0
176
     1
 90
       50
176
     1
 90
        3
176
     1
 62
     5
420
      255
176
     1
290
     0
176
     1
 90
       50
176
     1
 90
       50
176
     1
 90
       50
176
     1
290
     0
176
     1
 90
       50
176
     1
 62
   256
176
     0
 40
1.0
176
     0
 90
        2
176
     1
  1
strokes_ogs.tif
176
     1
290
     0
176
     1
 40
1.0
176
     1
 40
1.0
176
     1
  0
VISUALSTYLE
  5
3E
102
{ACAD_REACTORS
330
2A
102
}
330
2A
100
AcDbVisualStyle
  2
Shades of Gray
 70
    23
177
     3
291
     0
 70
    58
 90
        2
176
     1
 90
        2
176
     1
 90
        3
176
     1
 90
        0
176
     1
 40
0.6
176
     1
 40
30.0
176
     1
 62
     7
420
 16777215
176
     1
 90
        2
176
     1
 90
        2
176
     1
 62
     7
176
     1
 62
     7
176
     1
 90
        1
176
     1
 90
        1
176
     1
 40
40.0
176
     1
 90
        8
176
     1
 62
     7
176
     1
 40
1.0
176
     1
 90
        1
176
     1
 90
        6
176
     1
 90
        2
176
     1
 62
     7
176
     1
 90
        3
176
     1
 90
        0
176
     1
 90
        0
176
     1
290
     0
176
     1
 90
        1
176
     1
 40
0.0
176
     1
 90
        0
176
     1
290
     0
176
     1
290
     1
176
     1
290
     1
176
     1
290
     0
176
     1
290
     0
176
     1
290
     0
176
     1
290
     0
176
     1
290
     0
176
     1
290
     0
176
     1
 90
       50
176
     1
 40
0.0
176
     1
 40
1.0
176
     1
 90
        0
176
     1
 62
    18
420
        0
176
     1
 90
       50
176
     1
 90
        3
176
     1
 62
     5
420
      255
176
     1
290
     0
176
     1
 90
       50
176
     1
 90
       50
176
     1
 90
       50
176
     1
290
     0
176
     1
 90
       50
176
     1
 62
   256
176
     0
 40
1.0
176
     0
 90
        2
176
     1
  1
strokes_ogs.tif
176
     1
290
     0
176
     1
 40
1.0
176
     1
 40
1.0
176
     1
  0
VISUALSTYLE
  5
3F
102
{ACAD_REACTORS
330
2A
102
}
330
2A
100
AcDbVisualStyle
  2
Sketchy
 70
    24
177
     3
291
     0
 70
    58
 90
        1
176
     1
 90
        2
176
     1
 90
        2
176
     1
 90
        0
176
     1
 40
0.6
176
     1
 40
30.0
176
     1
 62
     7
420
 16777215
176
     1
 90
        2
176
     1
 90
        2
176
     1
 62
     7
176
     1
 62
     7
176
     1
 90
        1
176
     1
 90
        1
176
     1
 40
40.0
176
     1
 90
       11
176
     1
 62
     7
176
     1
 40
1.0
176
     1
 90
        1
176
     1
 90
        6
176
     1
 90
        2
176
     1
 62
     7
176
     1
 90
        6
176
     1
 90
        0
176
     1
 90
        0
176
     1
290
     0
176
     1
 90
        1
176
     1
 40
0.0
176
     1
 90
        0
176
     1
290
     0
176
     1
290
     1
176
     1
290
     1
176
     1
290
     0
176
     1
290
     0
176
     1
290
     0
176
     1
290
     0
176
     1
290
     0
176
     1
290
     0
176
     1
 90
       50
176
     1
 40
0.0
176
     1
 40
1.0
176
     1
 90
        0
176
     1
 62
    18
420
        0
176
     1
 90
       50
176
     1
 90
        3
176
     1
 62
     5
420
      255
176
     1
290
     0
176
     1
 90
       50
176
     1
 90
       50
176
     1
 90
       50
176
     1
290
     0
176
     1
 90
       50
176
     1
 62
   256
176
     0
 40
1.0
176
     0
 90
        2
176
     1
  1
strokes_ogs.tif
176
     1
290
     0
176
     1
 40
1.0
176
     1
 40
1.0
176
     1
  0
VISUALSTYLE
  5
37
102
{ACAD_REACTORS
330
2A
102
}
330
2A
100
AcDbVisualStyle
  2
Thicken
 70
    13
177
     3
291
     1
 70
    58
 90
        2
176
     1
 90
        2
176
     1
 90
        0
176
     1
 90
        0
176
     1
 40
0.6
176
     1
 40
30.0
176
     1
 62
     7
420
 16777215
176
     1
 90
        1
176
     1
 90
        4
176
     1
 62
     7
176
     1
 62
   257
176
     1
 90
        1
176
     1
 90
        1
176
     1
 40
1.0
176
     1
 90
       12
176
     1
 62
     7
176
     1
 40
1.0
176
     1
 90
        1
176
     1
 90
        6
176
     1
 90
        2
176
     1
 62
     7
176
     1
 90
        5
176
     1
 90
        0
176
     1
 90
        0
176
     1
290
     0
176
     1
 90
        1
176
     1
 40
0.0
176
     1
 90
        0
176
     1
290
     0
176
     1
290
     1
176
     1
290
     1
176
     1
290
     0
176
     1
290
     0
176
     1
290
     0
176
     1
290
     0
176
     1
290
     0
176
     1
290
     0
176
     1
 90
       50
176
     1
 40
0.0
176
     1
 40
1.0
176
     1
 90
        0
176
     1
 62
    18
420
        0
176
     1
 90
       50
176
     1
 90
        3
176
     1
 62
     5
420
      255
176
     1
290
     0
176
     1
 90
       50
176
     1
 90
       50
176
     1
 90
       50
176
     1
290
     0
176
     1
 90
       50
176
     1
 62
   256
176
     0
 40
1.0
176
     0
 90
        2
176
     1
  1
strokes_ogs.tif
176
     1
290
     0
176
     1
 40
1.0
176
     1
 40
1.0
176
     1
  0
VISUALSTYLE
  5
30
102
{ACAD_REACTORS
330
2A
102
}
330
2A
100
AcDbVisualStyle
  2
Wireframe
 70
     5
177
     3
291
     0
 70
    58
 90
        0
176
     1
 90
        2
176
     1
 90
        0
176
     1
 90
        0
176
     1
 40
0.6
176
     1
 40
30.0
176
     1
 62
     7
420
 16777215
176
     1
 90
        1
176
     1
 90
        4
176
     1
 62
     7
176
     1
 62
   257
176
     1
 90
        1
176
     1
 90
        1
176
     1
 40
1.0
176
     1
 90
        0
176
     1
 62
   257
176
     1
 40
1.0
176
     1
 90
        1
176
     1
 90
        6
176
     1
 90
        2
176
     1
 62
     7
176
     1
 90
        3
176
     1
 90
        0
176
     1
 90
        0
176
     1
290
     0
176
     1
 90
        1
176
     1
 40
0.0
176
     1
 90
        0
176
     1
290
     0
176
     1
290
     1
176
     1
290
     1
176
     1
290
     0
176
     1
290
     0
176
     1
290
     0
176
     1
290
     0
176
     1
290
     0
176
     1
290
     0
176
     1
 90
       50
176
     1
 40
0.0
176
     1
 40
1.0
176
     1
 90
        0
176
     1
 62
    18
420
        0
176
     1
 90
       50
176
     1
 90
        3
176
     1
 62
     5
420
      255
176
     1
290
     0
176
     1
 90
       50
176
     1
 90
       50
176
     1
 90
       50
176
     1
290
     0
176
     1
 90
       50
176
     1
 62
   256
176
     0
 40
1.0
176
     0
 90
        2
176
     1
  1
strokes_ogs.tif
176
     1
290
     0
176
     1
 40
1.0
176
     1
 40
1.0
176
     1
  0
VISUALSTYLE
  5
40
102
{ACAD_REACTORS
330
2A
102
}
330
2A
100
AcDbVisualStyle
  2
X-Ray
 70
    25
177
     3
291
     0
 70
    58
 90
        2
176
     1
 90
        2
176
     1
 90
        1
176
     1
 90
        1
176
     1
 40
0.5
176
     1
 40
30.0
176
     1
 62
     7
420
 16777215
176
     1
 90
        1
176
     1
 90
        0
176
     1
 62
     7
176
     1
 62
   257
176
     1
 90
        1
176
     1
 90
        1
176
     1
 40
1.0
176
     1
 90
        8
176
     1
 62
     7
176
     1
 40
1.0
176
     1
 90
        1
176
     1
 90
        6
176
     1
 90
        2
176
     1
 62
     7
176
     1
 90
        3
176
     1
 90
        0
176
     1
 90
        0
176
     1
290
     0
176
     1
 90
       13
176
     1
 40
0.0
176
     1
 90
        0
176
     1
290
     0
176
     1
290
     1
176
     1
290
     1
176
     1
290
     0
176
     1
290
     0
176
     1
290
     0
176
     1
290
     0
176
     1
290
     0
176
     1
290
     0
176
     1
 90
       50
176
     1
 40
0.0
176
     1
 40
1.0
176
     1
 90
        0
176
     1
 62
    18
420
        0
176
     1
 90
       50
176
     1
 90
        3
176
     1
 62
     5
420
      255
176
     1
290
     0
176
     1
 90
       50
176
     1
 90
       50
176
     1
 90
       50
176
     1
290
     0
176
     1
 90
       50
176
     1
 62
   256
176
     0
 40
1.0
176
     0
 90
        2
176
     1
  1
strokes_ogs.tif
176
     1
290
     0
176
     1
 40
1.0
176
     1
 40
1.0
176
     1
  0
DICTIONARYVAR
  5
803
102
{ACAD_REACTORS
330
802
102
}
330
802
100
DictionaryVariables
280
     0
  1
1:1
  0
DICTIONARYVAR
  5
808
102
{ACAD_REACTORS
330
802
102
}
330
802
100
DictionaryVariables
280
     0
  1
Standard
  0
DICTIONARYVAR
  5
807
102
{ACAD_REACTORS
330
802
102
}
330
802
100
DictionaryVariables
280
     0
  1
Standard
  0
DICTIONARY
  5
804
330
5A
100
AcDbDictionary
280
     1
281
     1
  3
ACAD_ROUNDTRIP_2008_TABLESTYLE_CELLSTYLEMAP
360
805
  0
CELLSTYLEMAP
  5
805
102
{ACAD_REACTORS
330
804
102
}
330
804
100
AcDbCellStyleMap
 90
        3
300
CELLSTYLE
  1
TABLEFORMAT_BEGIN
 90
        5
170
     1
 91
        0
 92
    32768
 62
   257
 93
        1
300
CONTENTFORMAT
  1
CONTENTFORMAT_BEGIN
 90
        0
 91
        0
 92
        4
 93
        0
300

 40
0.0
140
1.0
 94
        5
 62
     0
340
11
144
0.25
309
CONTENTFORMAT_END
171
     1
301
MARGIN
  1
CELLMARGIN_BEGIN
 40
0.06
 40
0.06
 40
0.06
 40
0.06
 40
0.06
 40
0.06
309
CELLMARGIN_END
 94
        6
 95
        1
302
GRIDFORMAT
  1
GRIDFORMAT_BEGIN
 90
        0
 91
        1
 62
     0
 92
       -2
340
14
 93
        0
 40
0.045
309
GRIDFORMAT_END
 95
        2
302
GRIDFORMAT
  1
GRIDFORMAT_BEGIN
 90
        0
 91
        1
 62
     0
 92
       -2
340
14
 93
        0
 40
0.045
309
GRIDFORMAT_END
 95
        4
302
GRIDFORMAT
  1
GRIDFORMAT_BEGIN
 90
        0
 91
        1
 62
     0
 92
       -2
340
14
 93
        0
 40
0.045
309
GRIDFORMAT_END
 95
        8
302
GRIDFORMAT
  1
GRIDFORMAT_BEGIN
 90
        0
 91
        1
 62
     0
 92
       -2
340
14
 93
        0
 40
0.045
309
GRIDFORMAT_END
 95
       16
302
GRIDFORMAT
  1
GRIDFORMAT_BEGIN
 90
        0
 91
        1
 62
     0
 92
       -2
340
14
 93
        0
 40
0.045
309
GRIDFORMAT_END
 95
       32
302
GRIDFORMAT
  1
GRIDFORMAT_BEGIN
 90
        0
 91
        1
 62
     0
 92
       -2
340
14
 93
        0
 40
0.045
309
GRIDFORMAT_END
309
TABLEFORMAT_END
  1
CELLSTYLE_BEGIN
 90
        1
 91
        1
300
_TITLE
309
CELLSTYLE_END
300
CELLSTYLE
  1
TABLEFORMAT_BEGIN
 90
        5
170
     1
 91
        0
 92
        0
 62
   257
 93
        1
300
CONTENTFORMAT
  1
CONTENTFORMAT_BEGIN
 90
        0
 91
        0
 92
        4
 93
        0
300

 40
0.0
140
1.0
 94
        5
 62
     0
340
11
144
0.18
309
CONTENTFORMAT_END
171
     1
301
MARGIN
  1
CELLMARGIN_BEGIN
 40
0.06
 40
0.06
 40
0.06
 40
0.06
 40
0.06
 40
0.06
309
CELLMARGIN_END
 94
        6
 95
        1
302
GRIDFORMAT
  1
GRIDFORMAT_BEGIN
 90
        0
 91
        1
 62
     0
 92
       -2
340
14
 93
        0
 40
0.045
309
GRIDFORMAT_END
 95
        2
302
GRIDFORMAT
  1
GRIDFORMAT_BEGIN
 90
        0
 91
        1
 62
     0
 92
       -2
340
14
 93
        0
 40
0.045
309
GRIDFORMAT_END
 95
        4
302
GRIDFORMAT
  1
GRIDFORMAT_BEGIN
 90
        0
 91
        1
 62
     0
 92
       -2
340
14
 93
        0
 40
0.045
309
GRIDFORMAT_END
 95
        8
302
GRIDFORMAT
  1
GRIDFORMAT_BEGIN
 90
        0
 91
        1
 62
     0
 92
       -2
340
14
 93
        0
 40
0.045
309
GRIDFORMAT_END
 95
       16
302
GRIDFORMAT
  1
GRIDFORMAT_BEGIN
 90
        0
 91
        1
 62
     0
 92
       -2
340
14
 93
        0
 40
0.045
309
GRIDFORMAT_END
 95
       32
302
GRIDFORMAT
  1
GRIDFORMAT_BEGIN
 90
        0
 91
        1
 62
     0
 92
       -2
340
14
 93
        0
 40
0.045
309
GRIDFORMAT_END
309
TABLEFORMAT_END
  1
CELLSTYLE_BEGIN
 90
        2
 91
        1
300
_HEADER
309
CELLSTYLE_END
300
CELLSTYLE
  1
TABLEFORMAT_BEGIN
 90
        5
170
     1
 91
        0
 92
        0
 62
   257
 93
        1
300
CONTENTFORMAT
  1
CONTENTFORMAT_BEGIN
 90
        0
 91
        0
 92
        4
 93
        0
300

 40
0.0
140
1.0
 94
        2
 62
     0
340
11
144
0.18
309
CONTENTFORMAT_END
171
     1
301
MARGIN
  1
CELLMARGIN_BEGIN
 40
0.06
 40
0.06
 40
0.06
 40
0.06
 40
0.06
 40
0.06
309
CELLMARGIN_END
 94
        6
 95
        1
302
GRIDFORMAT
  1
GRIDFORMAT_BEGIN
 90
        0
 91
        1
 62
     0
 92
       -2
340
14
 93
        0
 40
0.045
309
GRIDFORMAT_END
 95
        2
302
GRIDFORMAT
  1
GRIDFORMAT_BEGIN
 90
        0
 91
        1
 62
     0
 92
       -2
340
14
 93
        0
 40
0.045
309
GRIDFORMAT_END
 95
        4
302
GRIDFORMAT
  1
GRIDFORMAT_BEGIN
 90
        0
 91
        1
 62
     0
 92
       -2
340
14
 93
        0
 40
0.045
309
GRIDFORMAT_END
 95
        8
302
GRIDFORMAT
  1
GRIDFORMAT_BEGIN
 90
        0
 91
        1
 62
     0
 92
       -2
340
14
 93
        0
 40
0.045
309
GRIDFORMAT_END
 95
       16
302
GRIDFORMAT
  1
GRIDFORMAT_BEGIN
 90
        0
 91
        1
 62
     0
 92
       -2
340
14
 93
        0
 40
0.045
309
GRIDFORMAT_END
 95
       32
302
GRIDFORMAT
  1
GRIDFORMAT_BEGIN
 90
        0
 91
        1
 62
     0
 92
       -2
340
14
 93
        0
 40
0.045
309
GRIDFORMAT_END
309
TABLEFORMAT_END
  1
CELLSTYLE_BEGIN
 90
        3
 91
        2
300
_DATA
309
CELLSTYLE_END
  0
ENDSEC
  0
EOF
