  0
SECTION
  2
HEADER
  9
$ACADVER
  1
AC1015
  9
$ACADMAINTVER
 70
     6
  9
$DWGCODEPAGE
  3
ANSI_1252
  9
$INSBASE
 10
0.0
 20
0.0
 30
0.0
  9
$EXTMIN
 10
0.0
 20
0.0
 30
0.0
  9
$EXTMAX
 10
11.0
 20
8.5
 30
0.0
  9
$LIMMIN
 10
0.0
 20
0.0
  9
$LIMMAX
 10
11.0
 20
8.5
  9
$ORTHOMODE
 70
     0
  9
$REGENMODE
 70
     1
  9
$FILLMODE
 70
     1
  9
$QTEXTMODE
 70
     0
  9
$MIRRTEXT
 70
     1
  9
$LTSCALE
 40
1.0
  9
$ATTMODE
 70
     1
  9
$TEXTSIZE
 40
0.1111111111
  9
$TRACEWID
 40
0.05
  9
$TEXTSTYLE
  7
Standard
  9
$CLAYER
  8
0
  9
$CELTYPE
  6
ByLayer
  9
$CECOLOR
 62
   256
  9
$CELTSCALE
 40
1.0
  9
$DISPSILH
 70
     0
  9
$DIMSCALE
 40
1.0
  9
$DIMASZ
 40
0.125
  9
$DIMEXO
 40
0.05
  9
$DIMDLI
 40
0.38
  9
$DIMRND
 40
0.0
  9
$DIMDLE
 40
0.0
  9
$DIMEXE
 40
0.07
  9
$DIMTP
 40
0.0
  9
$DIMTM
 40
0.0
  9
$DIMTXT
 40
0.1111111111
  9
$DIMCEN
 40
0.09
  9
$DIMTSZ
 40
0.0
  9
$DIMTOL
 70
     0
  9
$DIMLIM
 70
     0
  9
$DIMTIH
 70
     1
  9
$DIMTOH
 70
     1
  9
$DIMSE1
 70
     0
  9
$DIMSE2
 70
     0
  9
$DIMTAD
 70
     0
  9
$DIMZIN
 70
     1
  9
$DIMBLK
  1

  9
$DIMASO
 70
     1
  9
$DIMSHO
 70
     1
  9
$DIMPOST
  1

  9
$DIMAPOST
  1

  9
$DIMALT
 70
     0
  9
$DIMALTD
 70
     2
  9
$DIMALTF
 40
25.4
  9
$DIMLFAC
 40
2.0
  9
$DIMTOFL
 70
     0
  9
$DIMTVP
 40
0.0
  9
$DIMTIX
 70
     0
  9
$DIMSOXD
 70
     0
  9
$DIMSAH
 70
     0
  9
$DIMBLK1
  1

  9
$DIMBLK2
  1

  9
$DIMSTYLE
  2
Standard
  9
$DIMCLRD
 70
     0
  9
$DIMCLRE
 70
     0
  9
$DIMCLRT
 70
     0
  9
$DIMTFAC
 40
1.0
  9
$DIMGAP
 40
0.1
  9
$DIMJUST
 70
     0
  9
$DIMSD1
 70
     0
  9
$DIMSD2
 70
     0
  9
$DIMTOLJ
 70
     1
  9
$DIMTZIN
 70
     1
  9
$DIMALTZ
 70
     0
  9
$DIMALTTZ
 70
     0
  9
$DIMUPT
 70
     0
  9
$DIMDEC
 70
     2
  9
$DIMTDEC
 70
     2
  9
$DIMALTU
 70
     2
  9
$DIMALTTD
 70
     2
  9
$DIMTXSTY
  7
Standard
  9
$DIMAUNIT
 70
     0
  9
$DIMADEC
 70
     0
  9
$DIMALTRND
 40
0.0
  9
$DIMAZIN
 70
     0
  9
$DIMDSEP
 70
    46
  9
$DIMATFIT
 70
     3
  9
$DIMFRAC
 70
     0
  9
$DIMLDRBLK
  1

  9
$DIMLUNIT
 70
     2
  9
$DIMLWD
 70
    -2
  9
$DIMLWE
 70
    -2
  9
$DIMTMOVE
 70
     0
  9
$LUNITS
 70
     2
  9
$LUPREC
 70
     2
  9
$SKETCHINC
 40
0.1
  9
$FILLETRAD
 40
0.5
  9
$AUNITS
 70
     0
  9
$AUPREC
 70
     0
  9
$MENU
  1
.
  9
$ELEVATION
 40
0.0
  9
$PELEVATION
 40
0.0
  9
$THICKNESS
 40
0.0
  9
$LIMCHECK
 70
     0
  9
$CHAMFERA
 40
0.0
  9
$CHAMFERB
 40
0.0
  9
$CHAMFERC
 40
0.0
  9
$CHAMFERD
 40
0.0
  9
$SKPOLY
 70
     0
  9
$TDCREATE
 40
2459067.651810729
  9
$TDUCREATE
 40
2459067.818477396
  9
$TDUPDATE
 40
2459067.65182265
  9
$TDUUPDATE
 40
2459067.818489317
  9
$TDINDWG
 40
0.0000000116
  9
$TDUSRTIMER
 40
0.0000000116
  9
$USRTIMER
 70
     1
  9
$ANGBASE
 50
0.0
  9
$ANGDIR
 70
     0
  9
$PDMODE
 70
     0
  9
$PDSIZE
 40
-1.0
  9
$PLINEWID
 40
0.0
  9
$SPLFRAME
 70
     0
  9
$SPLINETYPE
 70
     6
  9
$SPLINESEGS
 70
     8
  9
$HANDSEED
  5
597
  9
$SURFTAB1
 70
     6
  9
$SURFTAB2
 70
     6
  9
$SURFTYPE
 70
     6
  9
$SURFU
 70
     6
  9
$SURFV
 70
     6
  9
$UCSBASE
  2

  9
$UCSNAME
  2

  9
$UCSORG
 10
0.0
 20
0.0
 30
0.0
  9
$UCSXDIR
 10
1.0
 20
0.0
 30
0.0
  9
$UCSYDIR
 10
0.0
 20
1.0
 30
0.0
  9
$UCSORTHOREF
  2

  9
$UCSORTHOVIEW
 70
     0
  9
$UCSORGTOP
 10
0.0
 20
0.0
 30
0.0
  9
$UCSORGBOTTOM
 10
0.0
 20
0.0
 30
0.0
  9
$UCSORGLEFT
 10
0.0
 20
0.0
 30
0.0
  9
$UCSORGRIGHT
 10
0.0
 20
0.0
 30
0.0
  9
$UCSORGFRONT
 10
0.0
 20
0.0
 30
0.0
  9
$UCSORGBACK
 10
0.0
 20
0.0
 30
0.0
  9
$PUCSBASE
  2

  9
$PUCSNAME
  2

  9
$PUCSORG
 10
0.0
 20
0.0
 30
0.0
  9
$PUCSXDIR
 10
1.0
 20
0.0
 30
0.0
  9
$PUCSYDIR
 10
0.0
 20
1.0
 30
0.0
  9
$PUCSORTHOREF
  2

  9
$PUCSORTHOVIEW
 70
     0
  9
$PUCSORGTOP
 10
0.0
 20
0.0
 30
0.0
  9
$PUCSORGBOTTOM
 10
0.0
 20
0.0
 30
0.0
  9
$PUCSORGLEFT
 10
0.0
 20
0.0
 30
0.0
  9
$PUCSORGRIGHT
 10
0.0
 20
0.0
 30
0.0
  9
$PUCSORGFRONT
 10
0.0
 20
0.0
 30
0.0
  9
$PUCSORGBACK
 10
0.0
 20
0.0
 30
0.0
  9
$USERI1
 70
     0
  9
$USERI2
 70
     0
  9
$USERI3
 70
     0
  9
$USERI4
 70
     0
  9
$USERI5
 70
     0
  9
$USERR1
 40
0.0
  9
$USERR2
 40
0.0
  9
$USERR3
 40
0.0
  9
$USERR4
 40
0.0
  9
$USERR5
 40
0.0
  9
$WORLDVIEW
 70
     1
  9
$SHADEDGE
 70
     3
  9
$SHADEDIF
 70
    70
  9
$TILEMODE
 70
     1
  9
$MAXACTVP
 70
    64
  9
$PINSBASE
 10
0.0
 20
0.0
 30
0.0
  9
$PLIMCHECK
 70
     0
  9
$PEXTMIN
 10
1.0000000000E+20
 20
1.0000000000E+20
 30
1.0000000000E+20
  9
$PEXTMAX
 10
-1.0000000000E+20
 20
-1.0000000000E+20
 30
-1.0000000000E+20
  9
$PLIMMIN
 10
0.0
 20
0.0
  9
$PLIMMAX
 10
12.0
 20
9.0
  9
$UNITMODE
 70
     0
  9
$VISRETAIN
 70
     1
  9
$PLINEGEN
 70
     0
  9
$PSLTSCALE
 70
     1
  9
$TREEDEPTH
 70
  3020
  9
$CMLSTYLE
  2
Standard
  9
$CMLJUST
 70
     0
  9
$CMLSCALE
 40
1.0
  9
$PROXYGRAPHICS
 70
     1
  9
$MEASUREMENT
 70
     0
  9
$CELWEIGHT
370
    -1
  9
$ENDCAPS
280
     0
  9
$JOINSTYLE
280
     0
  9
$LWDISPLAY
290
     1
  9
$INSUNITS
 70
     1
  9
$HYPERLINKBASE
  1

  9
$STYLESHEET
  1

  9
$XEDIT
290
     1
  9
$CEPSNTYPE
380
     0
  9
$PSTYLEMODE
290
     1
  9
$FINGERPRINTGUID
  2
{D86E290A-BE35-48D5-81A8-3CB65A0D9911}
  9
$VERSIONGUID
  2
{FAEB1C32-E019-11D5-929B-00C0DF256EC4}
  9
$EXTNAMES
290
     1
  9
$PSVPSCALE
 40
0.0
  9
$OLESTARTUP
290
     0
  0
ENDSEC
  0
SECTION
  2
CLASSES
  0
CLASS
  1
ACDBDICTIONARYWDFLT
  2
AcDbDictionaryWithDefault
  3
ObjectDBX Classes
 90
        0
280
     0
281
     0
  0
CLASS
  1
VISUALSTYLE
  2
AcDbVisualStyle
  3
ObjectDBX Classes
 90
     4095
280
     0
281
     0
  0
CLASS
  1
MATERIAL
  2
AcDbMaterial
  3
ObjectDBX Classes
 90
     1153
280
     0
281
     0
  0
CLASS
  1
SCALE
  2
AcDbScale
  3
ObjectDBX Classes
 90
     1153
280
     0
281
     0
  0
CLASS
  1
TABLESTYLE
  2
AcDbTableStyle
  3
ObjectDBX Classes
 90
     4095
280
     0
281
     0
  0
CLASS
  1
MLEADERSTYLE
  2
AcDbMLeaderStyle
  3
ACDB_MLEADERSTYLE_CLASS
 90
     4095
280
     0
281
     0
  0
CLASS
  1
SUN
  2
AcDbSun
  3
SCENEOE
 90
     1153
280
     0
281
     0
  0
CLASS
  1
ACDBPLACEHOLDER
  2
AcDbPlaceHolder
  3
ObjectDBX Classes
 90
        0
280
     0
281
     0
  0
CLASS
  1
LAYOUT
  2
AcDbLayout
  3
ObjectDBX Classes
 90
        0
280
     0
281
     0
  0
ENDSEC
  0
SECTION
  2
TABLES
  0
TABLE
  2
VPORT
  5
8
330
0
100
AcDbSymbolTable
 70
     1
  0
VPORT
  5
29
330
8
100
AcDbSymbolTableRecord
100
AcDbViewportTableRecord
  2
*Active
 70
     0
 10
0.0
 20
0.0
 11
1.0
 21
1.0
 12
5.5
 22
4.25
 13
0.0
 23
0.0
 14
0.5
 24
0.5
 15
0.5
 25
0.5
 16
0.0
 26
0.0
 36
1.0
 17
0.0
 27
0.0
 37
0.0
 40
8.5
 41
1.2941176471
 42
50.0
 43
0.0
 44
0.0
 50
0.0
 51
0.0
 71
     0
 72
  2000
 73
     1
 74
     3
 75
     0
 76
     0
 77
     0
 78
     0
281
     0
 65
     1
110
0.0
120
0.0
130
0.0
111
1.0
121
0.0
131
0.0
112
0.0
122
1.0
132
0.0
 79
     0
146
0.0
  0
ENDTAB
  0
TABLE
  2
LTYPE
  5
5
330
0
100
AcDbSymbolTable
 70
     6
  0
LTYPE
  5
14
330
5
100
AcDbSymbolTableRecord
100
AcDbLinetypeTableRecord
  2
ByBlock
 70
     0
  3

 72
    65
 73
     0
 40
0.0
  0
LTYPE
  5
15
330
5
100
AcDbSymbolTableRecord
100
AcDbLinetypeTableRecord
  2
ByLayer
 70
     0
  3

 72
    65
 73
     0
 40
0.0
  0
LTYPE
  5
16
330
5
100
AcDbSymbolTableRecord
100
AcDbLinetypeTableRecord
  2
Continuous
 70
     0
  3
Solid line
 72
    65
 73
     0
 40
0.0
  0
LTYPE
  5
6E
330
5
100
AcDbSymbolTableRecord
100
AcDbLinetypeTableRecord
  2
HIDDEN
 70
     0
  3
Hidden __ __ __ __ __ __ __ __ __ __ __ __ __ __
 72
    65
 73
     2
 40
0.075
 49
0.05
 74
     0
 49
-0.025
 74
     0
  0
LTYPE
  5
6F
330
5
100
AcDbSymbolTableRecord
100
AcDbLinetypeTableRecord
  2
PHANTOM
 70
     0
  3
Phantom ______  __  __  ______  __  __  ______
 72
    65
 73
     6
 40
0.5
 49
0.25
 74
     0
 49
-0.05
 74
     0
 49
0.05
 74
     0
 49
-0.05
 74
     0
 49
0.05
 74
     0
 49
-0.05
 74
     0
  0
LTYPE
  5
70
330
5
100
AcDbSymbolTableRecord
100
AcDbLinetypeTableRecord
  2
CENTER
 70
     0
  3
Center ____ _ ____ _ ____ _ ____ _ ____ _ ____
 72
    65
 73
     4
 40
0.4
 49
0.25
 74
     0
 49
-0.05
 74
     0
 49
0.05
 74
     0
 49
-0.05
 74
     0
  0
LTYPE
  5
71
330
5
100
AcDbSymbolTableRecord
100
AcDbLinetypeTableRecord
  2
CENTERX2
 70
     0
  3
Center (2x) ________  __  ________  __  _____
 72
    65
 73
     4
 40
0.8
 49
0.5
 74
     0
 49
-0.1
 74
     0
 49
0.1
 74
     0
 49
-0.1
 74
     0
  0
LTYPE
  5
72
330
5
100
AcDbSymbolTableRecord
100
AcDbLinetypeTableRecord
  2
DOT2
 70
     0
  3
Dot (.5x) ........................................
 72
    65
 73
     2
 40
0.025
 49
0.0
 74
     0
 49
-0.025
 74
     0
  0
ENDTAB
  0
TABLE
  2
LAYER
  5
2
330
0
100
AcDbSymbolTable
 70
     2
  0
LAYER
  5
10
330
2
100
AcDbSymbolTableRecord
100
AcDbLayerTableRecord
  2
0
 70
     0
 62
     7
  6
Continuous
370
    -3
390
F
  0
LAYER
  5
73
330
2
100
AcDbSymbolTableRecord
100
AcDbLayerTableRecord
  2
FORMAT
 70
     0
 62
     7
  6
Continuous
370
    -3
390
F
  0
ENDTAB
  0
TABLE
  2
STYLE
  5
3
330
0
100
AcDbSymbolTable
 70
     3
  0
STYLE
  5
11
330
3
100
AcDbSymbolTableRecord
100
AcDbTextStyleTableRecord
  2
Standard
 70
     0
 40
0.0
 41
1.0
 50
0.0
 71
     0
 42
0.1111111111
  3
txt
  4

  0
STYLE
  5
12F
330
3
100
AcDbSymbolTableRecord
100
AcDbTextStyleTableRecord
  2
SLDTEXTSTYLE0
 70
     0
 40
0.0
 41
0.75
 50
0.0
 71
     0
 42
0.1111111111
  3
TXT
  4

  0
STYLE
  5
13B
330
3
100
AcDbSymbolTableRecord
100
AcDbTextStyleTableRecord
  2
SLDTEXTSTYLE1
 70
     0
 40
0.0
 41
0.6
 50
0.0
 71
     0
 42
0.1111111111
  3
TXT
  4

  0
ENDTAB
  0
TABLE
  2
VIEW
  5
6
330
0
100
AcDbSymbolTable
 70
     0
  0
ENDTAB
  0
TABLE
  2
UCS
  5
7
330
0
100
AcDbSymbolTable
 70
     0
  0
ENDTAB
  0
TABLE
  2
APPID
  5
9
330
0
100
AcDbSymbolTable
 70
     1
  0
APPID
  5
12
330
9
100
AcDbSymbolTableRecord
100
AcDbRegAppTableRecord
  2
ACAD
 70
     0
  0
ENDTAB
  0
TABLE
  2
DIMSTYLE
  5
A
330
0
100
AcDbSymbolTable
 70
     4
100
AcDbDimStyleTable
  0
DIMSTYLE
105
27
330
A
100
AcDbSymbolTableRecord
100
AcDbDimStyleTableRecord
  2
Standard
 70
     0
178
     0
340
11
  0
DIMSTYLE
105
25B
102
{ACAD_REACTORS
330
25A
330
285
330
299
102
}
330
A
100
AcDbSymbolTableRecord
100
AcDbDimStyleTableRecord
  2
SLDDIMSTYLE0
 70
     0
 41
0.125
 44
0.0
 45
0.000000001
 78
    12
 79
     3
140
0.0833333333
144
1.5
147
0.0208333333
148
0.000000001
170
     1
171
     1
173
     1
178
     0
271
     2
272
     2
274
     1
276
     2
284
    12
340
12F
  0
DIMSTYLE
105
270
102
{ACAD_REACTORS
330
26F
330
300
330
314
102
}
330
A
100
AcDbSymbolTableRecord
100
AcDbDimStyleTableRecord
  2
SLDDIMSTYLE1
 70
     0
 41
0.125
 44
0.0
 45
0.000000001
 78
     8
 79
     2
140
0.0833333333
144
1.5
147
0.0208333333
148
0.000000001
170
     1
171
     1
172
     1
173
     1
178
     0
271
     2
272
     2
274
     1
276
     2
284
    12
289
     0
340
12F
  0
DIMSTYLE
105
2AE
102
{ACAD_REACTORS
330
2AD
330
381
330
38D
102
}
330
A
100
AcDbSymbolTableRecord
100
AcDbDimStyleTableRecord
  2
SLDDIMSTYLE2
 70
     0
  3
<>
  4
<>
 41
0.125
 44
0.0
 45
0.000000001
 78
    12
 79
     3
140
0.0833333333
141
0.0
144
1.5
147
0.0208333333
148
0.000000001
170
     1
171
     1
173
     1
178
     0
271
     2
272
     2
274
     1
276
     2
284
    12
340
12F
  0
ENDTAB
  0
TABLE
  2
BLOCK_RECORD
  5
1
330
0
100
AcDbSymbolTable
 70
    19
  0
BLOCK_RECORD
  5
1F
330
1
100
AcDbSymbolTableRecord
100
AcDbBlockTableRecord
  2
*Model_Space
340
22
  0
BLOCK_RECORD
  5
1B
330
1
100
AcDbSymbolTableRecord
100
AcDbBlockTableRecord
  2
*Paper_Space
340
1E
  0
BLOCK_RECORD
  5
23
330
1
100
AcDbSymbolTableRecord
100
AcDbBlockTableRecord
  2
*Paper_Space0
340
26
  0
BLOCK_RECORD
  5
74
330
1
100
AcDbSymbolTableRecord
100
AcDbBlockTableRecord
  2
Third Angle Projection Block
340
0
102
{BLKREFS
331
12D
102
}
  0
BLOCK_RECORD
  5
81
330
1
100
AcDbSymbolTableRecord
100
AcDbBlockTableRecord
  2
THORLABS LOGO1
340
0
102
{BLKREFS
331
12E
102
}
  0
BLOCK_RECORD
  5
141
330
1
100
AcDbSymbolTableRecord
100
AcDbBlockTableRecord
  2
SW_NOTE_0
340
0
102
{BLKREFS
331
146
102
}
  0
BLOCK_RECORD
  5
147
330
1
100
AcDbSymbolTableRecord
100
AcDbBlockTableRecord
  2
SW_NOTE_1
340
0
102
{BLKREFS
331
14C
102
}
  0
BLOCK_RECORD
  5
150
330
1
100
AcDbSymbolTableRecord
100
AcDbBlockTableRecord
  2
SW_NOTE_2
340
0
102
{BLKREFS
331
155
102
}
  0
BLOCK_RECORD
  5
25C
330
1
100
AcDbSymbolTableRecord
100
AcDbBlockTableRecord
  2
_D
340
0
  0
BLOCK_RECORD
  5
271
330
1
100
AcDbSymbolTableRecord
100
AcDbBlockTableRecord
  2
_D_1
340
0
  0
BLOCK_RECORD
  5
286
330
1
100
AcDbSymbolTableRecord
100
AcDbBlockTableRecord
  2
_D_2
340
0
  0
BLOCK_RECORD
  5
29A
330
1
100
AcDbSymbolTableRecord
100
AcDbBlockTableRecord
  2
_D_3
340
0
  0
BLOCK_RECORD
  5
2AF
330
1
100
AcDbSymbolTableRecord
100
AcDbBlockTableRecord
  2
_D_4
340
0
  0
BLOCK_RECORD
  5
2B9
330
1
100
AcDbSymbolTableRecord
100
AcDbBlockTableRecord
  2
SW_CENTERMARKSYMBOL_0
340
0
102
{BLKREFS
331
2C0
102
}
  0
BLOCK_RECORD
  5
2C1
330
1
100
AcDbSymbolTableRecord
100
AcDbBlockTableRecord
  2
SW_CENTERMARKSYMBOL_1
340
0
102
{BLKREFS
331
2C8
102
}
  0
BLOCK_RECORD
  5
2C9
330
1
100
AcDbSymbolTableRecord
100
AcDbBlockTableRecord
  2
SW_CENTERMARKSYMBOL_2
340
0
102
{BLKREFS
331
2D0
102
}
  0
BLOCK_RECORD
  5
301
330
1
100
AcDbSymbolTableRecord
100
AcDbBlockTableRecord
  2
_D_5
340
0
  0
BLOCK_RECORD
  5
315
330
1
100
AcDbSymbolTableRecord
100
AcDbBlockTableRecord
  2
_D_6
340
0
  0
BLOCK_RECORD
  5
382
330
1
100
AcDbSymbolTableRecord
100
AcDbBlockTableRecord
  2
_D_7
340
0
  0
BLOCK_RECORD
  5
38E
330
1
100
AcDbSymbolTableRecord
100
AcDbBlockTableRecord
  2
_D_8
340
0
  0
BLOCK_RECORD
  5
39F
330
1
100
AcDbSymbolTableRecord
100
AcDbBlockTableRecord
  2
SW_CENTERMARKSYMBOL_3
340
0
102
{BLKREFS
331
3A6
102
}
  0
ENDTAB
  0
ENDSEC
  0
SECTION
  2
BLOCKS
  0
BLOCK
  5
20
330
1F
100
AcDbEntity
  8
0
100
AcDbBlockBegin
  2
*Model_Space
 70
     0
 10
0.0
 20
0.0
 30
0.0
  3
*Model_Space
  1

  0
ENDBLK
  5
21
330
1F
100
AcDbEntity
  8
0
100
AcDbBlockEnd
  0
BLOCK
  5
1C
330
1B
100
AcDbEntity
 67
     1
  8
0
100
AcDbBlockBegin
  2
*Paper_Space
 70
     0
 10
0.0
 20
0.0
 30
0.0
  3
*Paper_Space
  1

  0
ENDBLK
  5
1D
330
1B
100
AcDbEntity
 67
     1
  8
0
100
AcDbBlockEnd
  0
BLOCK
  5
24
330
23
100
AcDbEntity
  8
0
100
AcDbBlockBegin
  2
*Paper_Space0
 70
     0
 10
0.0
 20
0.0
 30
0.0
  3
*Paper_Space0
  1

  0
ENDBLK
  5
25
330
23
100
AcDbEntity
  8
0
100
AcDbBlockEnd
  0
BLOCK
  5
75
330
74
100
AcDbEntity
  8
0
100
AcDbBlockBegin
  2
Third Angle Projection Block
 70
     0
 10
0.0
 20
0.0
 30
0.0
  3
Third Angle Projection Block
  1

  0
CIRCLE
  5
77
330
74
100
AcDbEntity
  8
0
  6
Continuous
 62
     7
370
    35
100
AcDbCircle
 10
3.9951432636
 20
0.7456853688
 30
0.0
 40
0.0696152422706639
  0
CIRCLE
  5
78
330
74
100
AcDbEntity
  8
0
  6
Continuous
 62
     7
370
    35
100
AcDbCircle
 10
3.9951432636
 20
0.7456853688
 30
0.0
 40
0.1535916633280245
  0
LINE
  5
79
330
74
100
AcDbEntity
  8
0
  6
CENTERX2
 62
     7
370
    18
100
AcDbLine
 10
4.3360937897
 20
0.7456853688
 30
0.0
 11
4.7028635231
 21
0.7456853688
 31
0.0
  0
LINE
  5
7A
330
74
100
AcDbEntity
  8
0
  6
Continuous
 62
     7
370
    35
100
AcDbLine
 10
4.3701432636
 20
0.815300611
 30
0.0
 11
4.3701432636
 21
0.6760701265
 31
0.0
  0
LINE
  5
7B
330
74
100
AcDbEntity
  8
0
  6
Continuous
 62
     7
370
    35
100
AcDbLine
 10
4.3701432636
 20
0.6760701265
 30
0.0
 11
4.6701432636
 21
0.5956853688
 31
0.0
  0
LINE
  5
7C
330
74
100
AcDbEntity
  8
0
  6
Continuous
 62
     7
370
    35
100
AcDbLine
 10
4.6701432636
 20
0.5956853688
 30
0.0
 11
4.6701432636
 21
0.8956853688
 31
0.0
  0
LINE
  5
7D
330
74
100
AcDbEntity
  8
0
  6
Continuous
 62
     7
370
    35
100
AcDbLine
 10
4.6701432636
 20
0.8956853688
 30
0.0
 11
4.3701432636
 21
0.815300611
 31
0.0
  0
LINE
  5
7E
330
74
100
AcDbEntity
  8
0
  6
CENTERX2
 62
     7
370
    18
100
AcDbLine
 10
3.8032513961
 20
0.7456853688
 30
0.0
 11
4.187035131
 21
0.7456853688
 31
0.0
  0
LINE
  5
7F
330
74
100
AcDbEntity
  8
0
  6
CENTERX2
 62
     7
370
    18
100
AcDbLine
 10
3.9951432636
 20
0.9375772362
 30
0.0
 11
3.9951432636
 21
0.5537935013
 31
0.0
  0
POINT
  5
80
330
74
100
AcDbEntity
  8
0
  6
Continuous
 62
     7
370
     0
100
AcDbPoint
 10
3.9951432636
 20
0.7456853688
 30
0.0
  0
ENDBLK
  5
76
330
74
100
AcDbEntity
  8
0
100
AcDbBlockEnd
  0
BLOCK
  5
82
330
81
100
AcDbEntity
  8
0
100
AcDbBlockBegin
  2
THORLABS LOGO1
 70
     0
 10
0.0
 20
0.0
 30
0.0
  3
THORLABS LOGO1
  1

  0
LINE
  5
84
330
81
100
AcDbEntity
  8
0
  6
Continuous
 62
     7
370
    18
100
AcDbLine
 10
5.0027566628
 20
1.4252803453
 30
0.0
 11
5.1019592021
 21
1.728862631
 31
0.0
  0
LINE
  5
85
330
81
100
AcDbEntity
  8
0
  6
Continuous
 62
     7
370
    18
100
AcDbLine
 10
5.1019592021
 20
1.728862631
 30
0.0
 11
5.1328565749
 21
1.728862631
 31
0.0
  0
LINE
  5
86
330
81
100
AcDbEntity
  8
0
  6
Continuous
 62
     7
370
    18
100
AcDbLine
 10
5.1328565749
 20
1.728862631
 30
0.0
 11
5.2287632137
 21
1.4252803453
 31
0.0
  0
LINE
  5
87
330
81
100
AcDbEntity
  8
0
  6
Continuous
 62
     7
370
    18
100
AcDbLine
 10
5.2287632137
 20
1.4252803453
 30
0.0
 11
5.0027566628
 21
1.4252803453
 31
0.0
  0
LINE
  5
88
330
81
100
AcDbEntity
  8
0
  6
Continuous
 62
     7
370
    18
100
AcDbLine
 10
5.0560200442
 20
1.4657534622
 30
0.0
 11
5.1727057766
 21
1.4657534622
 31
0.0
  0
LINE
  5
89
330
81
100
AcDbEntity
  8
0
  6
Continuous
 62
     7
370
    18
100
AcDbLine
 10
5.1727057766
 20
1.4657534622
 30
0.0
 11
5.1153462552
 21
1.6488997419
 31
0.0
  0
LINE
  5
8A
330
81
100
AcDbEntity
  8
0
  6
Continuous
 62
     7
370
    18
100
AcDbLine
 10
5.1153462552
 20
1.6488997419
 30
0.0
 11
5.0560200442
 21
1.4657534622
 31
0.0
  0
LINE
  5
8B
330
81
100
AcDbEntity
  8
0
  6
Continuous
 62
     7
370
    18
100
AcDbLine
 10
5.8491927678
 20
1.1691359706
 30
0.0
 11
5.2940573106
 21
1.1691359706
 31
0.0
  0
LINE
  5
8C
330
81
100
AcDbEntity
  8
0
  6
Continuous
 62
     7
370
    18
100
AcDbLine
 10
5.2940573106
 20
1.1691359706
 30
0.0
 11
5.2375115919
 21
1.2980829958
 31
0.0
  0
LINE
  5
8D
330
81
100
AcDbEntity
  8
0
  6
Continuous
 62
     7
370
    18
100
AcDbLine
 10
5.2375115919
 20
1.2980829958
 30
0.0
 11
4.9921772287
 21
1.2980829958
 31
0.0
  0
LINE
  5
8E
330
81
100
AcDbEntity
  8
0
  6
Continuous
 62
     7
370
    18
100
AcDbLine
 10
4.9921772287
 20
1.2980829958
 30
0.0
 11
4.9345193131
 21
1.1701803507
 31
0.0
  0
LINE
  5
8F
330
81
100
AcDbEntity
  8
0
  6
Continuous
 62
     7
370
    18
100
AcDbLine
 10
4.9345193131
 20
1.1701803507
 30
0.0
 11
4.2326145533
 21
1.1701803507
 31
0.0
  0
LINE
  5
90
330
81
100
AcDbEntity
  8
0
  6
Continuous
 62
     7
370
    18
100
AcDbLine
 10
4.2326145533
 20
1.1701803507
 30
0.0
 11
4.2326145533
 21
1.9287122094
 31
0.0
  0
LINE
  5
91
330
81
100
AcDbEntity
  8
0
  6
Continuous
 62
     7
370
    18
100
AcDbLine
 10
4.2326145533
 20
1.9287122094
 30
0.0
 11
4.4305042238
 21
1.9287122094
 31
0.0
  0
LINE
  5
92
330
81
100
AcDbEntity
  8
0
  6
Continuous
 62
     7
370
    18
100
AcDbLine
 10
4.4305042238
 20
1.9287122094
 30
0.0
 11
4.4305042238
 21
1.3417570697
 31
0.0
  0
LINE
  5
93
330
81
100
AcDbEntity
  8
0
  6
Continuous
 62
     7
370
    18
100
AcDbLine
 10
4.4305042238
 20
1.3417570697
 30
0.0
 11
4.7945045723
 21
1.3417570697
 31
0.0
  0
LINE
  5
94
330
81
100
AcDbEntity
  8
0
  6
Continuous
 62
     7
370
    18
100
AcDbLine
 10
4.7945045723
 20
1.3417570697
 30
0.0
 11
5.0153706034
 21
1.9287122094
 31
0.0
  0
LINE
  5
95
330
81
100
AcDbEntity
  8
0
  6
Continuous
 62
     7
370
    18
100
AcDbLine
 10
5.0153706034
 20
1.9287122094
 30
0.0
 11
5.2164205406
 21
1.9287122094
 31
0.0
  0
LINE
  5
96
330
81
100
AcDbEntity
  8
0
  6
Continuous
 62
     7
370
    18
100
AcDbLine
 10
5.2164205406
 20
1.9287122094
 30
0.0
 11
5.4843243631
 21
1.2215584227
 31
0.0
  0
LINE
  5
97
330
81
100
AcDbEntity
  8
0
  6
Continuous
 62
     7
370
    18
100
AcDbLine
 10
5.4843243631
 20
1.2215584227
 30
0.0
 11
5.4843243631
 21
1.9287122094
 31
0.0
  0
LINE
  5
98
330
81
100
AcDbEntity
  8
0
  6
Continuous
 62
     7
370
    18
100
AcDbLine
 10
5.4843243631
 20
1.9287122094
 30
0.0
 11
5.8396034603
 21
1.9287122094
 31
0.0
  0
LINE
  5
99
330
81
100
AcDbEntity
  8
0
  6
Continuous
 62
     7
370
    18
100
AcDbLine
 10
6.1439656401
 20
1.4265146126
 30
0.0
 11
6.3331069324
 21
1.4265146126
 31
0.0
  0
LINE
  5
9A
330
81
100
AcDbEntity
  8
0
  6
Continuous
 62
     7
370
    18
100
AcDbLine
 10
6.7713803334
 20
1.7009356377
 30
0.0
 11
6.5735177897
 21
1.7009356377
 31
0.0
  0
LINE
  5
9B
330
81
100
AcDbEntity
  8
0
  6
Continuous
 62
     7
370
    18
100
AcDbLine
 10
6.3611288693
 20
1.4617251393
 30
0.0
 11
6.1697496198
 21
1.4617251393
 31
0.0
  0
LINE
  5
9C
330
81
100
AcDbEntity
  8
0
  6
Continuous
 62
     7
370
    18
100
AcDbLine
 10
6.5822574058
 20
1.661764605
 30
0.0
 11
6.8137468534
 21
1.6601369997
 31
0.0
  0
LINE
  5
9D
330
81
100
AcDbEntity
  8
0
  6
Continuous
 62
     7
370
    18
100
AcDbLine
 10
5.8160384047
 20
1.9703585585
 30
0.0
 11
5.445043348
 21
1.9703585585
 31
0.0
  0
LINE
  5
9E
330
81
100
AcDbEntity
  8
0
  6
Continuous
 62
     7
370
    18
100
AcDbLine
 10
5.445043348
 20
1.9703585585
 30
0.0
 11
5.445043348
 21
1.4468596781
 31
0.0
  0
LINE
  5
9F
330
81
100
AcDbEntity
  8
0
  6
Continuous
 62
     7
370
    18
100
AcDbLine
 10
5.445043348
 20
1.4468596781
 30
0.0
 11
5.2510328034
 21
1.9703585585
 31
0.0
  0
LINE
  5
A0
330
81
100
AcDbEntity
  8
0
  6
Continuous
 62
     7
370
    18
100
AcDbLine
 10
5.2510328034
 20
1.9703585585
 30
0.0
 11
4.9914754811
 21
1.9703585585
 31
0.0
  0
LINE
  5
A1
330
81
100
AcDbEntity
  8
0
  6
Continuous
 62
     7
370
    18
100
AcDbLine
 10
4.9914754811
 20
1.9703585585
 30
0.0
 11
4.7654196175
 21
1.3715077401
 31
0.0
  0
LINE
  5
A2
330
81
100
AcDbEntity
  8
0
  6
Continuous
 62
     7
370
    18
100
AcDbLine
 10
4.7654196175
 20
1.3715077401
 30
0.0
 11
4.4777117365
 21
1.3697177642
 31
0.0
  0
LINE
  5
A3
330
81
100
AcDbEntity
  8
0
  6
Continuous
 62
     7
370
    18
100
AcDbLine
 10
4.4777117365
 20
1.3697177642
 30
0.0
 11
4.473974847
 21
1.9703585585
 31
0.0
  0
LINE
  5
A4
330
81
100
AcDbEntity
  8
0
  6
Continuous
 62
     7
370
    18
100
AcDbLine
 10
4.473974847
 20
1.9703585585
 30
0.0
 11
4.1883843809
 21
1.9703585585
 31
0.0
  0
LINE
  5
A5
330
81
100
AcDbEntity
  8
0
  6
Continuous
 62
     7
370
    18
100
AcDbLine
 10
4.1883843809
 20
1.9703585585
 30
0.0
 11
4.1878689726
 21
1.1298564308
 31
0.0
  0
LINE
  5
A6
330
81
100
AcDbEntity
  8
0
  6
Continuous
 62
     7
370
    18
100
AcDbLine
 10
4.1878689726
 20
1.1298564308
 30
0.0
 11
4.9634093061
 21
1.1323114021
 31
0.0
  0
LINE
  5
A7
330
81
100
AcDbEntity
  8
0
  6
Continuous
 62
     7
370
    18
100
AcDbLine
 10
4.9634093061
 20
1.1323114021
 30
0.0
 11
5.0133903503
 21
1.2561992876
 31
0.0
  0
LINE
  5
A8
330
81
100
AcDbEntity
  8
0
  6
Continuous
 62
     7
370
    18
100
AcDbLine
 10
5.0133903503
 20
1.2561992876
 30
0.0
 11
5.2171800897
 21
1.2561992876
 31
0.0
  0
LINE
  5
A9
330
81
100
AcDbEntity
  8
0
  6
Continuous
 62
     7
370
    18
100
AcDbLine
 10
5.2171800897
 20
1.2561992876
 30
0.0
 11
5.2651401908
 21
1.1323114021
 31
0.0
  0
LINE
  5
AA
330
81
100
AcDbEntity
  8
0
  6
Continuous
 62
     7
370
    18
100
AcDbLine
 10
5.2651401908
 20
1.1323114021
 30
0.0
 11
5.8927766994
 21
1.1323114021
 31
0.0
  0
LINE
  5
AB
330
81
100
AcDbEntity
  8
0
  6
Continuous
 62
     7
370
    18
100
AcDbLine
 10
1.888727374
 20
1.7820107237
 30
0.0
 11
1.6606795348
 21
1.7820107237
 31
0.0
  0
LINE
  5
AC
330
81
100
AcDbEntity
  8
0
  6
Continuous
 62
     7
370
    18
100
AcDbLine
 10
1.6606795348
 20
1.7820107237
 30
0.0
 11
1.6606795348
 21
1.1298564308
 31
0.0
  0
LINE
  5
AD
330
81
100
AcDbEntity
  8
0
  6
Continuous
 62
     7
370
    18
100
AcDbLine
 10
1.6606795348
 20
1.1298564308
 30
0.0
 11
1.4408443204
 21
1.1298564308
 31
0.0
  0
LINE
  5
AE
330
81
100
AcDbEntity
  8
0
  6
Continuous
 62
     7
370
    18
100
AcDbLine
 10
1.4408443204
 20
1.1298564308
 30
0.0
 11
1.4408443204
 21
1.7820107237
 31
0.0
  0
LINE
  5
AF
330
81
100
AcDbEntity
  8
0
  6
Continuous
 62
     7
370
    18
100
AcDbLine
 10
1.4408443204
 20
1.7820107237
 30
0.0
 11
1.1890944799
 21
1.7820107237
 31
0.0
  0
LINE
  5
B0
330
81
100
AcDbEntity
  8
0
  6
Continuous
 62
     7
370
    18
100
AcDbLine
 10
1.1890944799
 20
1.7820107237
 30
0.0
 11
1.1890944799
 21
1.9703585585
 31
0.0
  0
LINE
  5
B1
330
81
100
AcDbEntity
  8
0
  6
Continuous
 62
     7
370
    18
100
AcDbLine
 10
1.1890944799
 20
1.9703585585
 30
0.0
 11
2.1085422433
 21
1.9703585585
 31
0.0
  0
LINE
  5
B2
330
81
100
AcDbEntity
  8
0
  6
Continuous
 62
     7
370
    18
100
AcDbLine
 10
2.1085422433
 20
1.9703585585
 30
0.0
 11
2.1085422433
 21
1.6642873931
 31
0.0
  0
LINE
  5
B3
330
81
100
AcDbEntity
  8
0
  6
Continuous
 62
     7
370
    18
100
AcDbLine
 10
2.1085422433
 20
1.6642873931
 30
0.0
 11
2.398127124
 21
1.6642873931
 31
0.0
  0
LINE
  5
B4
330
81
100
AcDbEntity
  8
0
  6
Continuous
 62
     7
370
    18
100
AcDbLine
 10
2.398127124
 20
1.6642873931
 30
0.0
 11
2.398127124
 21
1.9703585585
 31
0.0
  0
LINE
  5
B5
330
81
100
AcDbEntity
  8
0
  6
Continuous
 62
     7
370
    18
100
AcDbLine
 10
2.398127124
 20
1.9703585585
 30
0.0
 11
2.6179691201
 21
1.9703585585
 31
0.0
  0
LINE
  5
B6
330
81
100
AcDbEntity
  8
0
  6
Continuous
 62
     7
370
    18
100
AcDbLine
 10
2.6179691201
 20
1.9703585585
 30
0.0
 11
2.6179691201
 21
1.1298564308
 31
0.0
  0
LINE
  5
B7
330
81
100
AcDbEntity
  8
0
  6
Continuous
 62
     7
370
    18
100
AcDbLine
 10
2.6179691201
 20
1.1298564308
 30
0.0
 11
2.398127124
 21
1.1298564308
 31
0.0
  0
LINE
  5
B8
330
81
100
AcDbEntity
  8
0
  6
Continuous
 62
     7
370
    18
100
AcDbLine
 10
2.398127124
 20
1.1298564308
 30
0.0
 11
2.398127124
 21
1.4759666851
 31
0.0
  0
LINE
  5
B9
330
81
100
AcDbEntity
  8
0
  6
Continuous
 62
     7
370
    18
100
AcDbLine
 10
2.398127124
 20
1.4759666851
 30
0.0
 11
2.1085422433
 21
1.4759666851
 31
0.0
  0
LINE
  5
BA
330
81
100
AcDbEntity
  8
0
  6
Continuous
 62
     7
370
    18
100
AcDbLine
 10
2.1085422433
 20
1.4759666851
 30
0.0
 11
2.1085422433
 21
1.1298564308
 31
0.0
  0
LINE
  5
BB
330
81
100
AcDbEntity
  8
0
  6
Continuous
 62
     7
370
    18
100
AcDbLine
 10
2.1085422433
 20
1.1298564308
 30
0.0
 11
1.888727374
 21
1.1298564308
 31
0.0
  0
LINE
  5
BC
330
81
100
AcDbEntity
  8
0
  6
Continuous
 62
     7
370
    18
100
AcDbLine
 10
1.888727374
 20
1.1298564308
 30
0.0
 11
1.888727374
 21
1.7820107237
 31
0.0
  0
LINE
  5
BD
330
81
100
AcDbEntity
  8
0
  6
Continuous
 62
     7
370
    18
100
AcDbLine
 10
3.6696191191
 20
1.6063107381
 30
0.0
 11
3.8539996661
 21
1.6063107381
 31
0.0
  0
LINE
  5
BE
330
81
100
AcDbEntity
  8
0
  6
Continuous
 62
     7
370
    18
100
AcDbLine
 10
3.8445459923
 20
1.7958182415
 30
0.0
 11
3.6696191191
 21
1.7958182415
 31
0.0
  0
LINE
  5
BF
330
81
100
AcDbEntity
  8
0
  6
Continuous
 62
     7
370
    18
100
AcDbLine
 10
3.6696191191
 20
1.7958182415
 30
0.0
 11
3.6696191191
 21
1.6063107381
 31
0.0
  0
LINE
  5
C0
330
81
100
AcDbEntity
  8
0
  6
Continuous
 62
     7
370
    18
100
AcDbLine
 10
3.4497771227
 20
1.9703585585
 30
0.0
 11
3.8800074411
 21
1.9703585585
 31
0.0
  0
LINE
  5
C1
330
81
100
AcDbEntity
  8
0
  6
Continuous
 62
     7
370
    18
100
AcDbLine
 10
4.0430934862
 20
1.5230587301
 30
0.0
 11
4.0430934862
 21
1.5206987025
 31
0.0
  0
LINE
  5
C2
330
81
100
AcDbEntity
  8
0
  6
Continuous
 62
     7
370
    18
100
AcDbLine
 10
4.1876713682
 20
1.1298564308
 30
0.0
 11
3.9839978526
 21
1.1298564308
 31
0.0
  0
LINE
  5
C3
330
81
100
AcDbEntity
  8
0
  6
Continuous
 62
     7
370
    18
100
AcDbLine
 10
3.8362994587
 20
1.4359411596
 30
0.0
 11
3.6696191188
 21
1.4359411596
 31
0.0
  0
LINE
  5
C4
330
81
100
AcDbEntity
  8
0
  6
Continuous
 62
     7
370
    18
100
AcDbLine
 10
3.6696191188
 20
1.4359411596
 30
0.0
 11
3.6696191188
 21
1.1298564308
 31
0.0
  0
LINE
  5
C5
330
81
100
AcDbEntity
  8
0
  6
Continuous
 62
     7
370
    18
100
AcDbLine
 10
3.6696191188
 20
1.1298564308
 30
0.0
 11
3.4497771227
 21
1.1298564308
 31
0.0
  0
LINE
  5
C6
330
81
100
AcDbEntity
  8
0
  6
Continuous
 62
     7
370
    18
100
AcDbLine
 10
3.4497771227
 20
1.1298564308
 30
0.0
 11
3.4497771227
 21
1.9703585585
 31
0.0
  0
LINE
  5
C7
330
81
100
AcDbEntity
  8
0
  6
Continuous
 62
     7
370
    18
100
AcDbLine
 10
5.6646494603
 20
1.7856524905
 30
0.0
 11
5.8407563473
 21
1.7856524905
 31
0.0
  0
LINE
  5
C8
330
81
100
AcDbEntity
  8
0
  6
Continuous
 62
     7
370
    18
100
AcDbLine
 10
5.8407563473
 20
1.601936549
 30
0.0
 11
5.6646494603
 21
1.601936549
 31
0.0
  0
LINE
  5
C9
330
81
100
AcDbEntity
  8
0
  6
Continuous
 62
     7
370
    18
100
AcDbLine
 10
5.6646494603
 20
1.601936549
 30
0.0
 11
5.6646494603
 21
1.7856524905
 31
0.0
  0
LINE
  5
CA
330
81
100
AcDbEntity
  8
0
  6
Continuous
 62
     7
370
    18
100
AcDbLine
 10
5.7031965778
 20
1.7453489157
 30
0.0
 11
5.7031965778
 21
1.6393104343
 31
0.0
  0
LINE
  5
CB
330
81
100
AcDbEntity
  8
0
  6
Continuous
 62
     7
370
    18
100
AcDbLine
 10
5.7031965778
 20
1.6393104343
 30
0.0
 11
5.8261350269
 21
1.6393104343
 31
0.0
  0
LINE
  5
CC
330
81
100
AcDbEntity
  8
0
  6
Continuous
 62
     7
370
    18
100
AcDbLine
 10
5.8261350269
 20
1.7453489157
 30
0.0
 11
5.7031965778
 21
1.7453489157
 31
0.0
  0
LINE
  5
CD
330
81
100
AcDbEntity
  8
0
  6
Continuous
 62
     7
370
    18
100
AcDbLine
 10
5.6646494603
 20
1.5140797745
 30
0.0
 11
5.8602604834
 21
1.5140797745
 31
0.0
  0
LINE
  5
CE
330
81
100
AcDbEntity
  8
0
  6
Continuous
 62
     7
370
    18
100
AcDbLine
 10
5.8602604834
 20
1.3023554595
 30
0.0
 11
5.6646494603
 21
1.3023554595
 31
0.0
  0
LINE
  5
CF
330
81
100
AcDbEntity
  8
0
  6
Continuous
 62
     7
370
    18
100
AcDbLine
 10
5.6646494603
 20
1.3023554595
 30
0.0
 11
5.6646494603
 21
1.5140797745
 31
0.0
  0
LINE
  5
D0
330
81
100
AcDbEntity
  8
0
  6
Continuous
 62
     7
370
    18
100
AcDbLine
 10
5.7021793245
 20
1.4746510376
 30
0.0
 11
5.7021793245
 21
1.338420479
 31
0.0
  0
LINE
  5
D1
330
81
100
AcDbEntity
  8
0
  6
Continuous
 62
     7
370
    18
100
AcDbLine
 10
5.7021793245
 20
1.338420479
 30
0.0
 11
5.849057134
 21
1.338420479
 31
0.0
  0
LINE
  5
D2
330
81
100
AcDbEntity
  8
0
  6
Continuous
 62
     7
370
    18
100
AcDbLine
 10
5.849057134
 20
1.4746510376
 30
0.0
 11
5.7021793245
 21
1.4746510376
 31
0.0
  0
LINE
  5
D3
330
81
100
AcDbEntity
  8
0
  6
Continuous
 62
     7
370
    18
100
AcDbLine
 10
4.1876713682
 20
1.169893795
 30
0.0
 11
4.1876713682
 21
1.1298564308
 31
0.0
  0
SPLINE
  5
D4
330
81
100
AcDbEntity
  8
0
  6
Continuous
 62
     8
370
     0
100
AcDbSpline
210
0.0
220
0.0
230
1.0
 70
     8
 71
     3
 72
     8
 73
     4
 74
     0
 42
0.000000001
 43
0.00000001
 40
0.0
 40
0.0
 40
0.0
 40
0.0
 40
1.0
 40
1.0
 40
1.0
 40
1.0
 10
6.53206810961936
 20
1.672201623557404
 30
0.0
 10
6.42666710695353
 20
1.698718025592109
 30
0.0
 10
6.398197578630848
 20
1.703322792083558
 30
0.0
 10
6.398197578630848
 20
1.725763399329808
 30
0.0
  0
SPLINE
  5
D5
330
81
100
AcDbEntity
  8
0
  6
Continuous
 62
     8
370
     0
100
AcDbSpline
210
0.0
220
0.0
230
1.0
 70
     8
 71
     3
 72
     8
 73
     4
 74
     0
 42
0.000000001
 43
0.00000001
 40
1.0
 40
1.0
 40
1.0
 40
1.0
 40
2.0
 40
2.0
 40
2.0
 40
2.0
 10
6.398197578630848
 20
1.725763399329808
 30
0.0
 10
6.398197578630848
 20
1.735746044801697
 30
0.0
 10
6.444163863283336
 20
1.742378536154624
 30
0.0
 10
6.466136534023091
 20
1.741747839124131
 30
0.0
  0
SPLINE
  5
D6
330
81
100
AcDbEntity
  8
0
  6
Continuous
 62
     8
370
     0
100
AcDbSpline
210
0.0
220
0.0
230
1.0
 70
     8
 71
     3
 72
     8
 73
     4
 74
     0
 42
0.000000001
 43
0.00000001
 40
2.0
 40
2.0
 40
2.0
 40
2.0
 40
3.0
 40
3.0
 40
3.0
 40
3.0
 10
6.466136534023091
 20
1.741747839124131
 30
0.0
 10
6.511465339956586
 20
1.740405064801146
 30
0.0
 10
6.525652632298431
 20
1.731161623375749
 30
0.0
 10
6.53007429320038
 20
1.703790728590053
 30
0.0
  0
SPLINE
  5
D7
330
81
100
AcDbEntity
  8
0
  6
Continuous
 62
     8
370
     0
100
AcDbSpline
210
0.0
220
0.0
230
1.0
 70
     8
 71
     3
 72
     8
 73
     4
 74
     0
 42
0.000000001
 43
0.00000001
 40
3.0
 40
3.0
 40
3.0
 40
3.0
 40
4.0
 40
4.0
 40
4.0
 40
4.0
 10
6.53007429320038
 20
1.703790728590053
 30
0.0
 10
6.531851095587361
 20
1.692994280498173
 30
0.0
 10
6.532040982865359
 20
1.686293972260247
 30
0.0
 10
6.53206810961936
 20
1.672201623557404
 30
0.0
  0
SPLINE
  5
D8
330
81
100
AcDbEntity
  8
0
  6
Continuous
 62
     8
370
     0
100
AcDbSpline
210
0.0
220
0.0
230
1.0
 70
     8
 71
     3
 72
     8
 73
     4
 74
     0
 42
0.000000001
 43
0.00000001
 40
0.0
 40
0.0
 40
0.0
 40
0.0
 40
1.0
 40
1.0
 40
1.0
 40
1.0
 10
6.464970083601106
 20
1.146580074682249
 30
0.0
 10
6.310659543473821
 20
1.146580074682249
 30
0.0
 10
6.172313098075359
 20
1.216228015576475
 30
0.0
 10
6.1417005561867
 20
1.364258712152829
 30
0.0
  0
SPLINE
  5
D9
330
81
100
AcDbEntity
  8
0
  6
Continuous
 62
     8
370
     0
100
AcDbSpline
210
0.0
220
0.0
230
1.0
 70
     8
 71
     3
 72
     8
 73
     4
 74
     0
 42
0.000000001
 43
0.00000001
 40
1.0
 40
1.0
 40
1.0
 40
1.0
 40
2.0
 40
2.0
 40
2.0
 40
2.0
 10
6.1417005561867
 20
1.364258712152829
 30
0.0
 10
6.121531814587923
 20
1.219727366842436
 30
0.0
 10
5.997969450119299
 20
1.169135970632998
 30
0.0
 10
5.849192767807954
 20
1.169135970632998
 30
0.0
  0
SPLINE
  5
DA
330
81
100
AcDbEntity
  8
0
  6
Continuous
 62
     8
370
     0
100
AcDbSpline
210
0.0
220
0.0
230
1.0
 70
     8
 71
     3
 72
     8
 73
     4
 74
     0
 42
0.000000001
 43
0.00000001
 40
16.0
 40
16.0
 40
16.0
 40
16.0
 40
17.0
 40
17.0
 40
17.0
 40
17.0
 10
5.839603460269061
 20
1.928712209378552
 30
0.0
 10
5.970422231432604
 20
1.930828096190528
 30
0.0
 10
6.114058393861008
 20
1.896939998756405
 30
0.0
 10
6.114058393861008
 20
1.739062290478161
 30
0.0
  0
SPLINE
  5
DB
330
81
100
AcDbEntity
  8
0
  6
Continuous
 62
     8
370
     0
100
AcDbSpline
210
0.0
220
0.0
230
1.0
 70
     8
 71
     3
 72
     8
 73
     4
 74
     0
 42
0.000000001
 43
0.00000001
 40
17.0
 40
17.0
 40
17.0
 40
17.0
 40
18.0
 40
18.0
 40
18.0
 40
18.0
 10
6.114058393861008
 20
1.739062290478161
 30
0.0
 10
6.114058393861008
 20
1.671245405478915
 30
0.0
 10
6.073639530401458
 20
1.616178094859527
 30
0.0
 10
6.014055615241119
 20
1.586508207672357
 30
0.0
  0
SPLINE
  5
DC
330
81
100
AcDbEntity
  8
0
  6
Continuous
 62
     8
370
     0
100
AcDbSpline
210
0.0
220
0.0
230
1.0
 70
     8
 71
     3
 72
     8
 73
     4
 74
     0
 42
0.000000001
 43
0.00000001
 40
18.0
 40
18.0
 40
18.0
 40
18.0
 40
19.0
 40
19.0
 40
19.0
 40
19.0
 10
6.014055615241119
 20
1.586508207672357
 30
0.0
 10
6.088844076018288
 20
1.564935656554097
 30
0.0
 10
6.137129698137751
 20
1.50351390381028
 30
0.0
 10
6.143965640145676
 20
1.426514612582136
 30
0.0
  0
SPLINE
  5
DD
330
81
100
AcDbEntity
  8
0
  6
Continuous
 62
     8
370
     0
100
AcDbSpline
210
0.0
220
0.0
230
1.0
 70
     8
 71
     3
 72
     8
 73
     4
 74
     0
 42
0.000000001
 43
0.00000001
 40
20.0
 40
20.0
 40
20.0
 40
20.0
 40
21.0
 40
21.0
 40
21.0
 40
21.0
 10
6.33310693240857
 20
1.426514612582136
 30
0.0
 10
6.337338706032524
 20
1.337511732709126
 30
0.0
 10
6.392663720814909
 20
1.308906570616444
 30
0.0
 10
6.476688841328976
 20
1.308906570616444
 30
0.0
  0
SPLINE
  5
DE
330
81
100
AcDbEntity
  8
0
  6
Continuous
 62
     8
370
     0
100
AcDbSpline
210
0.0
220
0.0
230
1.0
 70
     8
 71
     3
 72
     8
 73
     4
 74
     0
 42
0.000000001
 43
0.00000001
 40
21.0
 40
21.0
 40
21.0
 40
21.0
 40
22.0
 40
22.0
 40
22.0
 40
22.0
 10
6.476688841328976
 20
1.308906570616444
 30
0.0
 10
6.536259193112312
 20
1.308906570616444
 30
0.0
 10
6.597972558461627
 20
1.330119692244208
 30
0.0
 10
6.597972558461627
 20
1.386272073023584
 30
0.0
  0
SPLINE
  5
DF
330
81
100
AcDbEntity
  8
0
  6
Continuous
 62
     8
370
     0
100
AcDbSpline
210
0.0
220
0.0
230
1.0
 70
     8
 71
     3
 72
     8
 73
     4
 74
     0
 42
0.000000001
 43
0.00000001
 40
22.0
 40
22.0
 40
22.0
 40
22.0
 40
23.0
 40
23.0
 40
23.0
 40
23.0
 10
6.597972558461627
 20
1.386272073023584
 30
0.0
 10
6.597972558461627
 20
1.453003887862842
 30
0.0
 10
6.489492669216833
 20
1.4657127721117
 30
0.0
 10
6.379887019681052
 20
1.496433821016359
 30
0.0
  0
SPLINE
  5
E0
330
81
100
AcDbEntity
  8
0
  6
Continuous
 62
     8
370
     0
100
AcDbSpline
210
0.0
220
0.0
230
1.0
 70
     8
 71
     3
 72
     8
 73
     4
 74
     0
 42
0.000000001
 43
0.00000001
 40
23.0
 40
23.0
 40
23.0
 40
23.0
 40
24.0
 40
24.0
 40
24.0
 40
24.0
 10
6.379887019681052
 20
1.496433821016359
 30
0.0
 10
6.271380003682258
 20
1.527148088232517
 30
0.0
 10
6.157569707276522
 20
1.575894865169975
 30
0.0
 10
6.157569707276522
 20
1.714702465386432
 30
0.0
  0
SPLINE
  5
E1
330
81
100
AcDbEntity
  8
0
  6
Continuous
 62
     8
370
     0
100
AcDbSpline
210
0.0
220
0.0
230
1.0
 70
     8
 71
     3
 72
     8
 73
     4
 74
     0
 42
0.000000001
 43
0.00000001
 40
24.0
 40
24.0
 40
24.0
 40
24.0
 40
25.0
 40
25.0
 40
25.0
 40
25.0
 10
6.157569707276522
 20
1.714702465386432
 30
0.0
 10
6.157569707276522
 20
1.879972214129594
 30
0.0
 10
6.324602695029665
 20
1.944588142156874
 30
0.0
 10
6.467113097167081
 20
1.944588142156874
 30
0.0
  0
SPLINE
  5
E2
330
81
100
AcDbEntity
  8
0
  6
Continuous
 62
     8
370
     0
100
AcDbSpline
210
0.0
220
0.0
230
1.0
 70
     8
 71
     3
 72
     8
 73
     4
 74
     0
 42
0.000000001
 43
0.00000001
 40
25.0
 40
25.0
 40
25.0
 40
25.0
 40
26.0
 40
26.0
 40
26.0
 40
26.0
 10
6.467113097167081
 20
1.944588142156874
 30
0.0
 10
6.6181819901914
 20
1.944588142156874
 30
0.0
 10
6.77029526324471
 20
1.871501885193187
 30
0.0
 10
6.771380333404697
 20
1.700935637731585
 30
0.0
  0
SPLINE
  5
E3
330
81
100
AcDbEntity
  8
0
  6
Continuous
 62
     8
370
     0
100
AcDbSpline
210
0.0
220
0.0
230
1.0
 70
     8
 71
     3
 72
     8
 73
     4
 74
     0
 42
0.000000001
 43
0.00000001
 40
27.0
 40
27.0
 40
27.0
 40
27.0
 40
28.0
 40
28.0
 40
28.0
 40
28.0
 10
6.573517789730897
 20
1.700935637731585
 30
0.0
 10
6.576718746702861
 20
1.769776557694319
 30
0.0
 10
6.511804424381583
 20
1.792034059351072
 30
0.0
 10
6.451149002438259
 20
1.792034059351072
 30
0.0
  0
SPLINE
  5
E4
330
81
100
AcDbEntity
  8
0
  6
Continuous
 62
     8
370
     0
100
AcDbSpline
210
0.0
220
0.0
230
1.0
 70
     8
 71
     3
 72
     8
 73
     4
 74
     0
 42
0.000000001
 43
0.00000001
 40
28.0
 40
28.0
 40
28.0
 40
28.0
 40
29.0
 40
29.0
 40
29.0
 40
29.0
 10
6.451149002438259
 20
1.792034059351072
 30
0.0
 10
6.408641378920731
 20
1.792034059351072
 30
0.0
 10
6.355459377704324
 20
1.777202506601737
 30
0.0
 10
6.355459377704324
 20
1.72741813132379
 30
0.0
  0
SPLINE
  5
E5
330
81
100
AcDbEntity
  8
0
  6
Continuous
 62
     8
370
     0
100
AcDbSpline
210
0.0
220
0.0
230
1.0
 70
     8
 71
     3
 72
     8
 73
     4
 74
     0
 42
0.000000001
 43
0.00000001
 40
29.0
 40
29.0
 40
29.0
 40
29.0
 40
30.0
 40
30.0
 40
30.0
 40
30.0
 10
6.355459377704324
 20
1.72741813132379
 30
0.0
 10
6.355459377704324
 20
1.669136300355438
 30
0.0
 10
6.464970083601106
 20
1.658529739541556
 30
0.0
 10
6.575633676542875
 20
1.627808690636898
 30
0.0
  0
SPLINE
  5
E6
330
81
100
AcDbEntity
  8
0
  6
Continuous
 62
     8
370
     0
100
AcDbSpline
210
0.0
220
0.0
230
1.0
 70
     8
 71
     3
 72
     8
 73
     4
 74
     0
 42
0.000000001
 43
0.00000001
 40
30.0
 40
30.0
 40
30.0
 40
30.0
 40
31.0
 40
31.0
 40
31.0
 40
31.0
 10
6.575633676542875
 20
1.627808690636898
 30
0.0
 10
6.685225762701656
 20
1.597094423420739
 30
0.0
 10
6.795835102135427
 20
1.546231759671305
 30
0.0
 10
6.795835102135427
 20
1.409573954709325
 30
0.0
  0
SPLINE
  5
E7
330
81
100
AcDbEntity
  8
0
  6
Continuous
 62
     8
370
     0
100
AcDbSpline
210
0.0
220
0.0
230
1.0
 70
     8
 71
     3
 72
     8
 73
     4
 74
     0
 42
0.000000001
 43
0.00000001
 40
31.0
 40
31.0
 40
31.0
 40
31.0
 40
32.0
 40
32.0
 40
32.0
 40
32.0
 10
6.795835102135427
 20
1.409573954709325
 30
0.0
 10
6.795835102135427
 20
1.217814930685457
 30
0.0
 10
6.632016634731248
 20
1.146580074682249
 30
0.0
 10
6.464970083601106
 20
1.146580074682249
 30
0.0
  0
SPLINE
  5
E8
330
81
100
AcDbEntity
  8
0
  6
Continuous
 62
     8
370
     0
100
AcDbSpline
210
0.0
220
0.0
230
1.0
 70
     8
 71
     3
 72
     8
 73
     4
 74
     0
 42
0.000000001
 43
0.00000001
 40
0.0
 40
0.0
 40
0.0
 40
0.0
 40
1.0
 40
1.0
 40
1.0
 40
1.0
 10
6.323924526179674
 20
1.472182502940628
 30
0.0
 10
6.336145128856538
 20
1.468805222067666
 30
0.0
 10
6.348623435696399
 20
1.465305870801705
 30
0.0
 10
6.361128869290259
 20
1.461725139273745
 30
0.0
  0
SPLINE
  5
E9
330
81
100
AcDbEntity
  8
0
  6
Continuous
 62
     8
370
     0
100
AcDbSpline
210
0.0
220
0.0
230
1.0
 70
     8
 71
     3
 72
     8
 73
     4
 74
     0
 42
0.000000001
 43
0.00000001
 40
3.00211844657731
 40
3.00211844657731
 40
3.00211844657731
 40
3.00211844657731
 40
4.0
 40
4.0
 40
4.0
 40
4.0
 10
2.618907161005894
 20
1.540397219651859
 30
0.0
 10
2.619039712447584
 20
1.78244579638247
 30
0.0
 10
2.768105767566222
 20
1.975436844263769
 30
0.0
 10
3.032483353120667
 20
1.975982452153303
 30
0.0
  0
SPLINE
  5
EA
330
81
100
AcDbEntity
  8
0
  6
Continuous
 62
     8
370
     0
100
AcDbSpline
210
0.0
220
0.0
230
1.0
 70
     8
 71
     3
 72
     8
 73
     4
 74
     0
 42
0.000000001
 43
0.00000001
 40
3.0
 40
3.0
 40
3.0
 40
3.0
 40
4.0
 40
4.0
 40
4.0
 40
4.0
 10
6.366310079304203
 20
1.460219604426761
 30
0.0
 10
6.459436225785168
 20
1.43335055459006
 30
0.0
 10
6.553118470723124
 20
1.401395238378416
 30
0.0
 10
6.548235655003179
 20
1.381891102252633
 30
0.0
  0
SPLINE
  5
EB
330
81
100
AcDbEntity
  8
0
  6
Continuous
 62
     8
370
     0
100
AcDbSpline
210
0.0
220
0.0
230
1.0
 70
     8
 71
     3
 72
     8
 73
     4
 74
     0
 42
0.000000001
 43
0.00000001
 40
4.0
 40
4.0
 40
4.0
 40
4.0
 40
5.0
 40
5.0
 40
5.0
 40
5.0
 10
6.548235655003179
 20
1.381891102252633
 30
0.0
 10
6.538971868512282
 20
1.344741012650046
 30
0.0
 10
6.511858677889584
 20
1.33444640950716
 30
0.0
 10
6.441261300605367
 20
1.353719968223946
 30
0.0
  0
SPLINE
  5
EC
330
81
100
AcDbEntity
  8
0
  6
Continuous
 62
     8
370
     0
100
AcDbSpline
210
0.0
220
0.0
230
1.0
 70
     8
 71
     3
 72
     8
 73
     4
 74
     0
 42
0.000000001
 43
0.00000001
 40
5.0
 40
5.0
 40
5.0
 40
5.0
 40
6.0
 40
6.0
 40
6.0
 40
6.0
 10
6.441261300605367
 20
1.353719968223946
 30
0.0
 10
6.367259515694191
 20
1.373970090084721
 30
0.0
 10
6.366323642681204
 20
1.414755164723267
 30
0.0
 10
6.366310079304203
 20
1.460219604426761
 30
0.0
  0
SPLINE
  5
ED
330
81
100
AcDbEntity
  8
0
  6
Continuous
 62
     8
370
     0
100
AcDbSpline
210
0.0
220
0.0
230
1.0
 70
     8
 71
     3
 72
     8
 73
     4
 74
     0
 42
0.000000001
 43
0.00000001
 40
8.0
 40
8.0
 40
8.0
 40
8.0
 40
9.0
 40
9.0
 40
9.0
 40
9.0
 10
6.169749619822387
 20
1.461725139273745
 30
0.0
 10
6.169749619822387
 20
1.519206730999106
 30
0.0
 10
6.12010766000294
 20
1.568855472507053
 30
0.0
 10
6.088749132379288
 20
1.589756636463821
 30
0.0
  0
SPLINE
  5
EE
330
81
100
AcDbEntity
  8
0
  6
Continuous
 62
     8
370
     0
100
AcDbSpline
210
0.0
220
0.0
230
1.0
 70
     8
 71
     3
 72
     8
 73
     4
 74
     0
 42
0.000000001
 43
0.00000001
 40
9.0
 40
9.0
 40
9.0
 40
9.0
 40
10.0
 40
10.0
 40
10.0
 40
10.0
 10
6.088749132379288
 20
1.589756636463821
 30
0.0
 10
6.104401269437113
 20
1.608040068659618
 30
0.0
 10
6.127933728531853
 20
1.626343845920914
 30
0.0
 10
6.135800487191765
 20
1.657695591856065
 30
0.0
  0
SPLINE
  5
EF
330
81
100
AcDbEntity
  8
0
  6
Continuous
 62
     8
370
     0
100
AcDbSpline
210
0.0
220
0.0
230
1.0
 70
     8
 71
     3
 72
     8
 73
     4
 74
     0
 42
0.000000001
 43
0.00000001
 40
10.0
 40
10.0
 40
10.0
 40
10.0
 40
11.0
 40
11.0
 40
11.0
 40
11.0
 10
6.135800487191765
 20
1.657695591856065
 30
0.0
 10
6.135800487191765
 20
1.568855472507053
 30
0.0
 10
6.219418706395836
 20
1.500902953737809
 30
0.0
 10
6.323924526179674
 20
1.472182502940628
 30
0.0
  0
SPLINE
  5
F0
330
81
100
AcDbEntity
  8
0
  6
Continuous
 62
     8
370
     0
100
AcDbSpline
210
0.0
220
0.0
230
1.0
 70
     8
 71
     3
 72
     8
 73
     4
 74
     0
 42
0.000000001
 43
0.00000001
 40
0.0
 40
0.0
 40
0.0
 40
0.0
 40
1.0
 40
1.0
 40
1.0
 40
1.0
 10
6.588021841015449
 20
1.660259070109037
 30
0.0
 10
6.58601446121947
 20
1.660788041812031
 30
0.0
 10
6.58427834896349
 20
1.661255978318526
 30
0.0
 10
6.582257405790513
 20
1.66176460495602
 30
0.0
  0
SPLINE
  5
F1
330
81
100
AcDbEntity
  8
0
  6
Continuous
 62
     8
370
     0
100
AcDbSpline
210
0.0
220
0.0
230
1.0
 70
     8
 71
     3
 72
     8
 73
     4
 74
     0
 42
0.000000001
 43
0.00000001
 40
2.0
 40
2.0
 40
2.0
 40
2.0
 40
3.0
 40
3.0
 40
3.0
 40
3.0
 10
6.813746853383429
 20
1.660136999716037
 30
0.0
 10
6.813746853383429
 20
1.782356589861678
 30
0.0
 10
6.789753239470694
 20
1.978347387509499
 30
0.0
 10
6.464055867573316
 20
1.978347387509499
 30
0.0
  0
SPLINE
  5
F2
330
81
100
AcDbEntity
  8
0
  6
Continuous
 62
     8
370
     0
100
AcDbSpline
210
0.0
220
0.0
230
1.0
 70
     8
 71
     3
 72
     8
 73
     4
 74
     0
 42
0.000000001
 43
0.00000001
 40
3.0
 40
3.0
 40
3.0
 40
3.0
 40
4.0
 40
4.0
 40
4.0
 40
4.0
 10
6.464055867573316
 20
1.978347387509499
 30
0.0
 10
6.274209279706429
 20
1.978347387509499
 30
0.0
 10
6.180160823589475
 20
1.885858719747527
 30
0.0
 10
6.142373255267896
 20
1.818496207877776
 30
0.0
  0
SPLINE
  5
F3
330
81
100
AcDbEntity
  8
0
  6
Continuous
 62
     8
370
     0
100
AcDbSpline
210
0.0
220
0.0
230
1.0
 70
     8
 71
     3
 72
     8
 73
     4
 74
     0
 42
0.000000001
 43
0.00000001
 40
4.0
 40
4.0
 40
4.0
 40
4.0
 40
5.0
 40
5.0
 40
5.0
 40
5.0
 10
6.142373255267896
 20
1.818496207877776
 30
0.0
 10
6.106986404675287
 20
1.885858719747527
 30
0.0
 10
6.08608524071852
 20
1.970358558456588
 30
0.0
 10
5.816038404651523
 20
1.970358558456588
 30
0.0
  0
SPLINE
  5
F4
330
81
100
AcDbEntity
  8
0
  6
Continuous
 62
     8
370
     0
100
AcDbSpline
210
0.0
220
0.0
230
1.0
 70
     8
 71
     3
 72
     8
 73
     4
 74
     0
 42
0.000000001
 43
0.00000001
 40
19.0
 40
19.0
 40
19.0
 40
19.0
 40
20.0
 40
20.0
 40
20.0
 40
20.0
 10
5.892776699380181
 20
1.132311402078408
 30
0.0
 10
6.004742376513936
 20
1.134291655120386
 30
0.0
 10
6.109207506166772
 20
1.187310895812797
 30
0.0
 10
6.140986498477418
 20
1.265490200839927
 30
0.0
  0
SPLINE
  5
F5
330
81
100
AcDbEntity
  8
0
  6
Continuous
 62
     8
370
     0
100
AcDbSpline
210
0.0
220
0.0
230
1.0
 70
     8
 71
     3
 72
     8
 73
     4
 74
     0
 42
0.000000001
 43
0.00000001
 40
20.0
 40
20.0
 40
20.0
 40
20.0
 40
21.0
 40
21.0
 40
21.0
 40
21.0
 10
6.140986498477418
 20
1.265490200839927
 30
0.0
 10
6.171124322171085
 20
1.187310895812797
 30
0.0
 10
6.276294747427915
 20
1.10880606973767
 30
0.0
 10
6.480111613604649
 20
1.10880606973767
 30
0.0
  0
SPLINE
  5
F6
330
81
100
AcDbEntity
  8
0
  6
Continuous
 62
     8
370
     0
100
AcDbSpline
210
0.0
220
0.0
230
1.0
 70
     8
 71
     3
 72
     8
 73
     4
 74
     0
 42
0.000000001
 43
0.00000001
 40
21.0
 40
21.0
 40
21.0
 40
21.0
 40
22.0
 40
22.0
 40
22.0
 40
22.0
 10
6.480111613604649
 20
1.10880606973767
 30
0.0
 10
6.683928479781382
 20
1.10880606973767
 30
0.0
 10
6.835295767099698
 20
1.232531194730293
 30
0.0
 10
6.835295767099698
 20
1.395590113022481
 30
0.0
  0
SPLINE
  5
F7
330
81
100
AcDbEntity
  8
0
  6
Continuous
 62
     8
370
     0
100
AcDbSpline
210
0.0
220
0.0
230
1.0
 70
     8
 71
     3
 72
     8
 73
     4
 74
     0
 42
0.000000001
 43
0.00000001
 40
22.0
 40
22.0
 40
22.0
 40
22.0
 40
23.0
 40
23.0
 40
23.0
 40
23.0
 10
6.835295767099698
 20
1.395590113022481
 30
0.0
 10
6.835295767099698
 20
1.561429523599636
 30
0.0
 10
6.739904536659761
 20
1.620294579778982
 30
0.0
 10
6.588021841015449
 20
1.660259070109037
 30
0.0
  0
SPLINE
  5
F8
330
81
100
AcDbEntity
  8
0
  6
Continuous
 62
     8
370
     0
100
AcDbSpline
210
0.0
220
0.0
230
1.0
 70
     8
 71
     3
 72
     8
 73
     4
 74
     0
 42
0.000000001
 43
0.00000001
 40
0.0
 40
0.0
 40
0.0
 40
0.0
 40
1.0
 40
1.0
 40
1.0
 40
1.0
 10
3.032764315477773
 20
1.301406023135528
 30
0.0
 10
3.174616893830695
 20
1.301406023135528
 30
0.0
 10
3.228951782092092
 20
1.42620265491114
 30
0.0
 10
3.228951782092092
 20
1.550965378244252
 30
0.0
  0
SPLINE
  5
F9
330
81
100
AcDbEntity
  8
0
  6
Continuous
 62
     8
370
     0
100
AcDbSpline
210
0.0
220
0.0
230
1.0
 70
     8
 71
     3
 72
     8
 73
     4
 74
     0
 42
0.000000001
 43
0.00000001
 40
1.0
 40
1.0
 40
1.0
 40
1.0
 40
2.0
 40
2.0
 40
2.0
 40
2.0
 10
3.228951782092092
 20
1.550965378244252
 30
0.0
 10
3.228951782092092
 20
1.675741664954365
 30
0.0
 10
3.174616893830695
 20
1.800517951664477
 30
0.0
 10
3.032764315477773
 20
1.800517951664477
 30
0.0
  0
SPLINE
  5
FA
330
81
100
AcDbEntity
  8
0
  6
Continuous
 62
     8
370
     0
100
AcDbSpline
210
0.0
220
0.0
230
1.0
 70
     8
 71
     3
 72
     8
 73
     4
 74
     0
 42
0.000000001
 43
0.00000001
 40
2.0
 40
2.0
 40
2.0
 40
2.0
 40
3.0
 40
3.0
 40
3.0
 40
3.0
 10
3.032764315477773
 20
1.800517951664477
 30
0.0
 10
2.890925300501851
 20
1.800517951664477
 30
0.0
 10
2.836570067174956
 20
1.675741664954365
 30
0.0
 10
2.836570067174955
 20
1.550965378244252
 30
0.0
  0
SPLINE
  5
FB
330
81
100
AcDbEntity
  8
0
  6
Continuous
 62
     8
370
     0
100
AcDbSpline
210
0.0
220
0.0
230
1.0
 70
     8
 71
     3
 72
     8
 73
     4
 74
     0
 42
0.000000001
 43
0.00000001
 40
3.0
 40
3.0
 40
3.0
 40
3.0
 40
4.0
 40
4.0
 40
4.0
 40
4.0
 10
2.836570067174955
 20
1.550965378244252
 30
0.0
 10
2.836570067174956
 20
1.42620265491114
 30
0.0
 10
2.890925300501851
 20
1.301406023135528
 30
0.0
 10
3.032764315477773
 20
1.301406023135528
 30
0.0
  0
SPLINE
  5
FC
330
81
100
AcDbEntity
  8
0
  6
Continuous
 62
     8
370
     0
100
AcDbSpline
210
0.0
220
0.0
230
1.0
 70
     8
 71
     3
 72
    11
 73
     7
 74
     0
 42
0.000000001
 43
0.00000001
 40
2.0
 40
2.0
 40
2.0
 40
2.0
 40
3.0
 40
3.0
 40
3.0
 40
3.00211844657731
 40
3.00211844657731
 40
3.00211844657731
 40
3.00211844657731
 10
3.034117935009433
 20
1.100203506378222
 30
0.0
 10
2.768194808885813
 20
1.100689084870614
 30
0.0
 10
2.61845739025513
 20
1.295190389455294
 30
0.0
 10
2.618902313994104
 20
1.538849269351653
 30
0.0
 10
2.618903256593752
 20
1.539365476405043
 30
0.0
 10
2.618904872373764
 20
1.53988146029703
 30
0.0
 10
2.618907161005894
 20
1.540397219651859
 30
0.0
  0
SPLINE
  5
FD
330
81
100
AcDbEntity
  8
0
  6
Continuous
 62
     8
370
     0
100
AcDbSpline
210
0.0
220
0.0
230
1.0
 70
     8
 71
     3
 72
    11
 73
     7
 74
     0
 42
0.000000001
 43
0.00000001
 40
0.0
 40
0.0
 40
0.0
 40
0.0
 40
1.0
 40
1.0
 40
1.0
 40
2.0
 40
2.0
 40
2.0
 40
2.0
 10
3.032483353120667
 20
1.975982452153303
 30
0.0
 10
3.298426804429495
 20
1.976478817532996
 30
0.0
 10
3.448874590455874
 20
1.782538502862197
 30
0.0
 10
3.44932938847851
 20
1.538866077795837
 30
0.0
 10
3.449784161186067
 20
1.295207216082856
 30
0.0
 10
3.300061386318252
 20
1.100699871757913
 30
0.0
 10
3.034117935009433
 20
1.100203506378222
 30
0.0
  0
SPLINE
  5
FE
330
81
100
AcDbEntity
  8
0
  6
Continuous
 62
     8
370
     0
100
AcDbSpline
210
0.0
220
0.0
230
1.0
 70
     8
 71
     3
 72
     8
 73
     4
 74
     0
 42
0.000000001
 43
0.00000001
 40
1.0
 40
1.0
 40
1.0
 40
1.0
 40
2.0
 40
2.0
 40
2.0
 40
2.0
 10
3.853999666064641
 20
1.606310738092137
 30
0.0
 10
3.920188945823905
 20
1.606310738092137
 30
0.0
 10
3.955630049924511
 20
1.641602645045744
 30
0.0
 10
3.955630049924511
 20
1.705167411355538
 30
0.0
  0
SPLINE
  5
FF
330
81
100
AcDbEntity
  8
0
  6
Continuous
 62
     8
370
     0
100
AcDbSpline
210
0.0
220
0.0
230
1.0
 70
     8
 71
     3
 72
     8
 73
     4
 74
     0
 42
0.000000001
 43
0.00000001
 40
2.0
 40
2.0
 40
2.0
 40
2.0
 40
3.0
 40
3.0
 40
3.0
 40
3.0
 10
3.955630049924511
 20
1.705167411355538
 30
0.0
 10
3.955630049924511
 20
1.767545382177844
 30
0.0
 10
3.906021998547562
 20
1.795818241534029
 30
0.0
 10
3.844545992295747
 20
1.795818241534029
 30
0.0
  0
SPLINE
  5
100
330
81
100
AcDbEntity
  8
0
  6
Continuous
 62
     8
370
     0
100
AcDbSpline
210
0.0
220
0.0
230
1.0
 70
     8
 71
     3
 72
     8
 73
     4
 74
     0
 42
0.000000001
 43
0.00000001
 40
1.0
 40
1.0
 40
1.0
 40
1.0
 40
2.0
 40
2.0
 40
2.0
 40
2.0
 10
3.880007441125517
 20
1.970358558456588
 30
0.0
 10
4.028906193829861
 20
1.970358558456588
 30
0.0
 10
4.175485609067231
 20
1.903253750749834
 30
0.0
 10
4.175485609067231
 20
1.733765791759719
 30
0.0
  0
SPLINE
  5
101
330
81
100
AcDbEntity
  8
0
  6
Continuous
 62
     8
370
     0
100
AcDbSpline
210
0.0
220
0.0
230
1.0
 70
     8
 71
     3
 72
     8
 73
     4
 74
     0
 42
0.000000001
 43
0.00000001
 40
2.0
 40
2.0
 40
2.0
 40
2.0
 40
3.0
 40
3.0
 40
3.0
 40
3.0
 10
4.175485609067231
 20
1.733765791759719
 30
0.0
 10
4.175485609067231
 20
1.643108179892727
 30
0.0
 10
4.131730154865718
 20
1.557190968287183
 30
0.0
 10
4.043093486171702
 20
1.523058730067062
 30
0.0
  0
SPLINE
  5
102
330
81
100
AcDbEntity
  8
0
  6
Continuous
 62
     8
370
     0
100
AcDbSpline
210
0.0
220
0.0
230
1.0
 70
     8
 71
     3
 72
     8
 73
     4
 74
     0
 42
0.000000001
 43
0.00000001
 40
4.0
 40
4.0
 40
4.0
 40
4.0
 40
5.0
 40
5.0
 40
5.0
 40
5.0
 10
4.043093486171702
 20
1.520698702469088
 30
0.0
 10
4.132937295418703
 20
1.499499144218324
 30
0.0
 10
4.158951852504415
 20
1.399428548713437
 30
0.0
 10
4.166045498675334
 20
1.319391061037327
 30
0.0
  0
SPLINE
  5
103
330
81
100
AcDbEntity
  8
0
  6
Continuous
 62
     8
370
     0
100
AcDbSpline
210
0.0
220
0.0
230
1.0
 70
     8
 71
     3
 72
     8
 73
     4
 74
     0
 42
0.000000001
 43
0.00000001
 40
5.0
 40
5.0
 40
5.0
 40
5.0
 40
5.74044267676188
 40
5.74044267676188
 40
5.74044267676188
 40
5.74044267676188
 10
4.166045498675334
 20
1.319391061037327
 30
0.0
 10
4.168535794277692
 20
1.293311000813384
 30
0.0
 10
4.173109208796841
 20
1.218861526889058
 30
0.0
 10
4.187671368160243
 20
1.169893794958518
 30
0.0
  0
SPLINE
  5
104
330
81
100
AcDbEntity
  8
0
  6
Continuous
 62
     8
370
     0
100
AcDbSpline
210
0.0
220
0.0
230
1.0
 70
     8
 71
     3
 72
     8
 73
     4
 74
     0
 42
0.000000001
 43
0.00000001
 40
7.0
 40
7.0
 40
7.0
 40
7.0
 40
8.0
 40
8.0
 40
8.0
 40
8.0
 10
3.983997852583361
 20
1.129856430841435
 30
0.0
 10
3.965117631799571
 20
1.15813607188612
 30
0.0
 10
3.961564027025609
 20
1.240520023783204
 30
0.0
 10
3.959190436050636
 20
1.264052482877943
 30
0.0
  0
SPLINE
  5
105
330
81
100
AcDbEntity
  8
0
  6
Continuous
 62
     8
370
     0
100
AcDbSpline
210
0.0
220
0.0
230
1.0
 70
     8
 71
     3
 72
     8
 73
     4
 74
     0
 42
0.000000001
 43
0.00000001
 40
8.0
 40
8.0
 40
8.0
 40
8.0
 40
9.0
 40
9.0
 40
9.0
 40
9.0
 10
3.959190436050636
 20
1.264052482877943
 30
0.0
 10
3.953283585367202
 20
1.348837152504
 30
0.0
 10
3.939109856402359
 20
1.435941159597031
 30
0.0
 10
3.836299458743503
 20
1.435941159597031
 30
0.0
  0
SPLINE
  5
106
330
81
100
AcDbEntity
  8
0
  6
Continuous
 62
     8
370
     0
100
AcDbSpline
210
0.0
220
0.0
230
1.0
 70
     8
 71
     3
 72
     8
 73
     4
 74
     0
 42
0.000000001
 43
0.00000001
 40
1.0
 40
1.0
 40
1.0
 40
1.0
 40
2.0
 40
2.0
 40
2.0
 40
2.0
 10
5.840756347314047
 20
1.785652490472643
 30
0.0
 10
5.888512997730517
 20
1.785652490472643
 30
0.0
 10
5.933733296648012
 20
1.762825326981896
 30
0.0
 10
5.933733296648012
 20
1.693116350891172
 30
0.0
  0
SPLINE
  5
107
330
81
100
AcDbEntity
  8
0
  6
Continuous
 62
     8
370
     0
100
AcDbSpline
210
0.0
220
0.0
230
1.0
 70
     8
 71
     3
 72
     8
 73
     4
 74
     0
 42
0.000000001
 43
0.00000001
 40
2.0
 40
2.0
 40
2.0
 40
2.0
 40
3.0
 40
3.0
 40
3.0
 40
3.0
 10
5.933733296648012
 20
1.693116350891172
 30
0.0
 10
5.933733296648012
 20
1.624750149123432
 30
0.0
 10
5.879940943466611
 20
1.601936549009686
 30
0.0
 10
5.840756347314047
 20
1.601936549009686
 30
0.0
  0
SPLINE
  5
108
330
81
100
AcDbEntity
  8
0
  6
Continuous
 62
     8
370
     0
100
AcDbSpline
210
0.0
220
0.0
230
1.0
 70
     8
 71
     3
 72
     8
 73
     4
 74
     0
 42
0.000000001
 43
0.00000001
 40
2.0
 40
2.0
 40
2.0
 40
2.0
 40
3.0
 40
3.0
 40
3.0
 40
3.0
 10
5.82613502690821
 20
1.63931043433277
 30
0.0
 10
5.853478794939905
 20
1.63931043433277
 30
0.0
 10
5.891008659098489
 20
1.652480473399623
 30
0.0
 10
5.891008659098489
 20
1.691943118780685
 30
0.0
  0
SPLINE
  5
109
330
81
100
AcDbEntity
  8
0
  6
Continuous
 62
     8
370
     0
100
AcDbSpline
210
0.0
220
0.0
230
1.0
 70
     8
 71
     3
 72
     8
 73
     4
 74
     0
 42
0.000000001
 43
0.00000001
 40
3.0
 40
3.0
 40
3.0
 40
3.0
 40
4.0
 40
4.0
 40
4.0
 40
4.0
 10
5.891008659098489
 20
1.691943118780685
 30
0.0
 10
5.891008659098489
 20
1.732178876650737
 30
0.0
 10
5.85943311744284
 20
1.745348915717591
 30
0.0
 10
5.82613502690821
 20
1.745348915717591
 30
0.0
  0
SPLINE
  5
10A
330
81
100
AcDbEntity
  8
0
  6
Continuous
 62
     8
370
     0
100
AcDbSpline
210
0.0
220
0.0
230
1.0
 70
     8
 71
     3
 72
     8
 73
     4
 74
     0
 42
0.000000001
 43
0.00000001
 40
1.0
 40
1.0
 40
1.0
 40
1.0
 40
2.0
 40
2.0
 40
2.0
 40
2.0
 10
5.860260483439831
 20
1.514079774493162
 30
0.0
 10
5.913279724132241
 20
1.514079774493162
 30
0.0
 10
5.96349134578568
 20
1.487787168178955
 30
0.0
 10
5.96349134578568
 20
1.407458067897348
 30
0.0
  0
SPLINE
  5
10B
330
81
100
AcDbEntity
  8
0
  6
Continuous
 62
     8
370
     0
100
AcDbSpline
210
0.0
220
0.0
230
1.0
 70
     8
 71
     3
 72
     8
 73
     4
 74
     0
 42
0.000000001
 43
0.00000001
 40
2.0
 40
2.0
 40
2.0
 40
2.0
 40
3.0
 40
3.0
 40
3.0
 40
3.0
 10
5.96349134578568
 20
1.407458067897348
 30
0.0
 10
5.96349134578568
 20
1.328641284151225
 30
0.0
 10
5.903771796855347
 20
1.302355459525517
 30
0.0
 10
5.860260483439831
 20
1.302355459525517
 30
0.0
  0
SPLINE
  5
10C
330
81
100
AcDbEntity
  8
0
  6
Continuous
 62
     8
370
     0
100
AcDbSpline
210
0.0
220
0.0
230
1.0
 70
     8
 71
     3
 72
     8
 73
     4
 74
     0
 42
0.000000001
 43
0.00000001
 40
2.0
 40
2.0
 40
2.0
 40
2.0
 40
3.0
 40
3.0
 40
3.0
 40
3.0
 10
5.849057134037955
 20
1.338420478968116
 30
0.0
 10
5.881731309230591
 20
1.338420478968116
 30
0.0
 10
5.926571833592093
 20
1.355320446709928
 30
0.0
 10
5.926571833592093
 20
1.406033913312364
 30
0.0
  0
SPLINE
  5
10D
330
81
100
AcDbEntity
  8
0
  6
Continuous
 62
     8
370
     0
100
AcDbSpline
210
0.0
220
0.0
230
1.0
 70
     8
 71
     3
 72
     8
 73
     4
 74
     0
 42
0.000000001
 43
0.00000001
 40
3.0
 40
3.0
 40
3.0
 40
3.0
 40
4.0
 40
4.0
 40
4.0
 40
4.0
 10
5.926571833592093
 20
1.406033913312364
 30
0.0
 10
5.926571833592093
 20
1.457723943058789
 30
0.0
 10
5.888865645532511
 20
1.474651037554601
 30
0.0
 10
5.849057134037955
 20
1.474651037554601
 30
0.0
  0
HATCH
  5
10E
330
81
100
AcDbEntity
  8
0
  6
Continuous
 62
     7
100
AcDbHatch
 10
0.0
 20
0.0
 30
0.0
210
0.0
220
0.0
230
1.0
  2
SOLID
 70
     1
 71
     0
 91
        2
 92
        0
 93
        3
 72
     4
 94
        3
 73
     1
 74
     0
 95
       11
 96
        7
 40
0.0
 40
0.0
 40
0.0
 40
0.0
 40
1.0
 40
1.0
 40
1.0
 40
2.0
 40
2.0
 40
2.0
 40
2.0
 10
3.034117935009431
 20
1.100203506378222
 42
1.0
 10
3.300061386318251
 20
1.100699871757914
 42
1.0
 10
3.449784161186065
 20
1.295207216082855
 42
1.0
 10
3.449329388478511
 20
1.538866077795837
 42
1.0
 10
3.448874590455874
 20
1.782538502862197
 42
1.0
 10
3.298426804429493
 20
1.976478817532996
 42
1.0
 10
3.032483353120669
 20
1.975982452153303
 42
1.0
 72
     4
 94
        3
 73
     1
 74
     0
 95
        8
 96
        4
 40
3.00211844657731
 40
3.00211844657731
 40
3.00211844657731
 40
3.00211844657731
 40
4.0
 40
4.0
 40
4.0
 40
4.0
 10
3.032483353120669
 20
1.975982452153303
 42
1.0
 10
2.768105767566224
 20
1.975436844263769
 42
1.0
 10
2.619039712447582
 20
1.78244579638247
 42
1.0
 10
2.618907161005896
 20
1.540397219651859
 42
1.0
 72
     4
 94
        3
 73
     1
 74
     0
 95
       11
 96
        7
 40
2.0
 40
2.0
 40
2.0
 40
2.0
 40
2.00211844657731
 40
2.00211844657731
 40
2.00211844657731
 40
3.00211844657731
 40
3.00211844657731
 40
3.00211844657731
 40
3.00211844657731
 10
2.618907161005896
 20
1.540397219651859
 42
1.0
 10
2.618904872373764
 20
1.539881460297031
 42
1.0
 10
2.618903256593752
 20
1.539365476405043
 42
1.0
 10
2.618902313994106
 20
1.538849269351653
 42
1.0
 10
2.61845739025513
 20
1.295190389455295
 42
1.0
 10
2.768194808885812
 20
1.100689084870614
 42
1.0
 10
3.034117935009431
 20
1.100203506378222
 42
1.0
 97
        0
 92
        0
 93
        4
 72
     4
 94
        3
 73
     1
 74
     0
 95
        8
 96
        4
 40
3.0
 40
3.0
 40
3.0
 40
3.0
 40
4.0
 40
4.0
 40
4.0
 40
4.0
 10
3.032764315477776
 20
1.301406023135528
 42
1.0
 10
2.890925300501853
 20
1.301406023135528
 42
1.0
 10
2.836570067174955
 20
1.42620265491114
 42
1.0
 10
2.836570067174955
 20
1.550965378244252
 42
1.0
 72
     4
 94
        3
 73
     1
 74
     0
 95
        8
 96
        4
 40
2.0
 40
2.0
 40
2.0
 40
2.0
 40
3.0
 40
3.0
 40
3.0
 40
3.0
 10
2.836570067174955
 20
1.550965378244252
 42
1.0
 10
2.836570067174955
 20
1.675741664954365
 42
1.0
 10
2.890925300501853
 20
1.800517951664477
 42
1.0
 10
3.032764315477776
 20
1.800517951664477
 42
1.0
 72
     4
 94
        3
 73
     1
 74
     0
 95
        8
 96
        4
 40
1.0
 40
1.0
 40
1.0
 40
1.0
 40
2.0
 40
2.0
 40
2.0
 40
2.0
 10
3.032764315477776
 20
1.800517951664477
 42
1.0
 10
3.174616893830695
 20
1.800517951664477
 42
1.0
 10
3.228951782092092
 20
1.675741664954365
 42
1.0
 10
3.228951782092092
 20
1.550965378244252
 42
1.0
 72
     4
 94
        3
 73
     1
 74
     0
 95
        8
 96
        4
 40
0.0
 40
0.0
 40
0.0
 40
0.0
 40
1.0
 40
1.0
 40
1.0
 40
1.0
 10
3.228951782092092
 20
1.550965378244252
 42
1.0
 10
3.228951782092092
 20
1.42620265491114
 42
1.0
 10
3.174616893830695
 20
1.301406023135528
 42
1.0
 10
3.032764315477776
 20
1.301406023135528
 42
1.0
 97
        0
 75
     0
 76
     1
 98
        1
 10
0.0
 20
0.0
  0
HATCH
  5
10F
330
81
100
AcDbEntity
  8
0
  6
Continuous
 62
     7
100
AcDbHatch
 10
0.0
 20
0.0
 30
0.0
210
0.0
220
0.0
230
1.0
  2
SOLID
 70
     1
 71
     0
 91
        1
 92
        0
 93
       18
 72
     1
 10
2.398127123966332
 20
1.664287393077992
 11
2.398127123966332
 21
1.970358558456588
 72
     1
 10
2.398127123966332
 20
1.970358558456588
 11
2.617969120068386
 21
1.970358558456588
 72
     1
 10
2.617969120068386
 20
1.970358558456588
 11
2.617969120068386
 21
1.129856430841435
 72
     1
 10
2.617969120068386
 20
1.129856430841435
 11
2.398127123966332
 21
1.129856430841435
 72
     1
 10
2.398127123966332
 20
1.129856430841435
 11
2.398127123966332
 21
1.475966685123586
 72
     1
 10
2.398127123966332
 20
1.475966685123586
 11
2.108542243331052
 21
1.475966685123586
 72
     1
 10
2.108542243331052
 20
1.475966685123586
 11
2.108542243331052
 21
1.129856430841435
 72
     1
 10
2.108542243331052
 20
1.129856430841435
 11
1.888727373982996
 21
1.129856430841435
 72
     1
 10
1.888727373982996
 20
1.129856430841435
 11
1.888727373982996
 21
1.782010723748182
 72
     1
 10
1.888727373982996
 20
1.782010723748182
 11
1.660679534796032
 21
1.782010723748182
 72
     1
 10
1.660679534796032
 20
1.782010723748182
 11
1.660679534796032
 21
1.129856430841435
 72
     1
 10
1.660679534796032
 20
1.129856430841435
 11
1.440844320382477
 21
1.129856430841435
 72
     1
 10
1.440844320382477
 20
1.129856430841435
 11
1.440844320382477
 21
1.782010723748182
 72
     1
 10
1.440844320382477
 20
1.782010723748182
 11
1.189094479888277
 21
1.782010723748182
 72
     1
 10
1.189094479888277
 20
1.782010723748182
 11
1.189094479888277
 21
1.970358558456588
 72
     1
 10
1.189094479888277
 20
1.970358558456588
 11
2.108542243331052
 21
1.970358558456588
 72
     1
 10
2.108542243331052
 20
1.970358558456588
 11
2.108542243331052
 21
1.664287393077992
 72
     1
 10
2.108542243331052
 20
1.664287393077992
 11
2.398127123966332
 21
1.664287393077992
 97
        0
 75
     0
 76
     1
 98
        1
 10
0.0
 20
0.0
  0
HATCH
  5
110
330
81
100
AcDbEntity
  8
0
  6
Continuous
 62
     7
100
AcDbHatch
 10
0.0
 20
0.0
 30
0.0
210
0.0
220
0.0
230
1.0
  2
SOLID
 70
     1
 71
     0
 91
        2
 92
        0
 93
       14
 72
     1
 10
3.449777122690302
 20
1.129856430841435
 11
3.449777122690302
 21
1.970358558456588
 72
     1
 10
3.449777122690302
 20
1.970358558456588
 11
3.880007441125517
 21
1.970358558456588
 72
     4
 94
        3
 73
     1
 74
     0
 95
        8
 96
        4
 40
1.0
 40
1.0
 40
1.0
 40
1.0
 40
2.0
 40
2.0
 40
2.0
 40
2.0
 10
3.880007441125517
 20
1.970358558456588
 42
1.0
 10
4.028906193829861
 20
1.970358558456588
 42
1.0
 10
4.175485609067231
 20
1.903253750749834
 42
1.0
 10
4.175485609067231
 20
1.733765791759719
 42
1.0
 72
     4
 94
        3
 73
     1
 74
     0
 95
        8
 96
        4
 40
2.0
 40
2.0
 40
2.0
 40
2.0
 40
3.0
 40
3.0
 40
3.0
 40
3.0
 10
4.175485609067231
 20
1.733765791759719
 42
1.0
 10
4.175485609067231
 20
1.643108179892727
 42
1.0
 10
4.131730154865718
 20
1.557190968287183
 42
1.0
 10
4.043093486171702
 20
1.523058730067062
 42
1.0
 72
     1
 10
4.043093486171702
 20
1.523058730067062
 11
4.043093486171702
 21
1.520698702469088
 72
     4
 94
        3
 73
     1
 74
     0
 95
        8
 96
        4
 40
4.0
 40
4.0
 40
4.0
 40
4.0
 40
5.0
 40
5.0
 40
5.0
 40
5.0
 10
4.043093486171702
 20
1.520698702469088
 42
1.0
 10
4.132937295418703
 20
1.499499144218324
 42
1.0
 10
4.158951852504415
 20
1.399428548713437
 42
1.0
 10
4.166045498675334
 20
1.319391061037327
 42
1.0
 72
     4
 94
        3
 73
     1
 74
     0
 95
        8
 96
        4
 40
5.0
 40
5.0
 40
5.0
 40
5.0
 40
5.74044267676188
 40
5.74044267676188
 40
5.74044267676188
 40
5.74044267676188
 10
4.166045498675334
 20
1.319391061037327
 42
1.0
 10
4.168535794277692
 20
1.293311000813384
 42
1.0
 10
4.173109208796841
 20
1.218861526889058
 42
1.0
 10
4.187671368160243
 20
1.169893794958518
 42
1.0
 72
     1
 10
4.187671368160243
 20
1.169893794958518
 11
4.187671368160243
 21
1.129856430841435
 72
     1
 10
4.187671368160243
 20
1.129856430841435
 11
3.983997852583361
 21
1.129856430841435
 72
     4
 94
        3
 73
     1
 74
     0
 95
        8
 96
        4
 40
7.0
 40
7.0
 40
7.0
 40
7.0
 40
8.0
 40
8.0
 40
8.0
 40
8.0
 10
3.983997852583361
 20
1.129856430841435
 42
1.0
 10
3.965117631799571
 20
1.15813607188612
 42
1.0
 10
3.961564027025609
 20
1.240520023783204
 42
1.0
 10
3.959190436050636
 20
1.264052482877943
 42
1.0
 72
     4
 94
        3
 73
     1
 74
     0
 95
        8
 96
        4
 40
8.0
 40
8.0
 40
8.0
 40
8.0
 40
9.0
 40
9.0
 40
9.0
 40
9.0
 10
3.959190436050636
 20
1.264052482877943
 42
1.0
 10
3.953283585367202
 20
1.348837152504
 42
1.0
 10
3.939109856402359
 20
1.435941159597031
 42
1.0
 10
3.836299458743503
 20
1.435941159597031
 42
1.0
 72
     1
 10
3.836299458743503
 20
1.435941159597031
 11
3.669619118792356
 21
1.435941159597031
 72
     1
 10
3.669619118792356
 20
1.435941159597031
 11
3.669619118792356
 21
1.129856430841435
 72
     1
 10
3.669619118792356
 20
1.129856430841435
 11
3.449777122690302
 21
1.129856430841435
 97
        0
 92
        0
 93
        5
 72
     1
 10
3.844545992295747
 20
1.795818241534029
 11
3.669619119128692
 21
1.795818241534029
 72
     1
 10
3.669619119128692
 20
1.795818241534029
 11
3.669619119128692
 21
1.606310738092137
 72
     1
 10
3.669619119128692
 20
1.606310738092137
 11
3.853999666064641
 21
1.606310738092137
 72
     4
 94
        3
 73
     1
 74
     0
 95
        8
 96
        4
 40
1.0
 40
1.0
 40
1.0
 40
1.0
 40
2.0
 40
2.0
 40
2.0
 40
2.0
 10
3.853999666064641
 20
1.606310738092137
 42
1.0
 10
3.920188945823905
 20
1.606310738092137
 42
1.0
 10
3.955630049924511
 20
1.641602645045744
 42
1.0
 10
3.955630049924511
 20
1.705167411355538
 42
1.0
 72
     4
 94
        3
 73
     1
 74
     0
 95
        8
 96
        4
 40
2.0
 40
2.0
 40
2.0
 40
2.0
 40
3.0
 40
3.0
 40
3.0
 40
3.0
 10
3.955630049924511
 20
1.705167411355538
 42
1.0
 10
3.955630049924511
 20
1.767545382177844
 42
1.0
 10
3.906021998547562
 20
1.795818241534029
 42
1.0
 10
3.844545992295747
 20
1.795818241534029
 42
1.0
 97
        0
 75
     0
 76
     1
 98
        1
 10
0.0
 20
0.0
  0
HATCH
  5
111
330
81
100
AcDbEntity
  8
0
  6
Continuous
 62
     7
100
AcDbHatch
 10
0.0
 20
0.0
 30
0.0
210
0.0
220
0.0
230
1.0
  2
SOLID
 70
     1
 71
     0
 91
        5
 92
        0
 93
       23
 72
     4
 94
        3
 73
     1
 74
     0
 95
        8
 96
        4
 40
4.0
 40
4.0
 40
4.0
 40
4.0
 40
5.0
 40
5.0
 40
5.0
 40
5.0
 10
6.142373255267896
 20
1.818496207877776
 42
1.0
 10
6.106986404675287
 20
1.885858719747527
 42
1.0
 10
6.08608524071852
 20
1.970358558456588
 42
1.0
 10
5.816038404651523
 20
1.970358558456588
 42
1.0
 72
     1
 10
5.816038404651523
 20
1.970358558456588
 11
5.445043348028588
 21
1.970358558456588
 72
     1
 10
5.445043348028588
 20
1.970358558456588
 11
5.445043348028588
 21
1.446859678081909
 72
     1
 10
5.445043348028588
 20
1.446859678081909
 11
5.251032803422746
 21
1.970358558456588
 72
     1
 10
5.251032803422746
 20
1.970358558456588
 11
4.9914754810861
 21
1.970358558456588
 72
     1
 10
4.9914754810861
 20
1.970358558456588
 11
4.76541961746511
 21
1.371507740129275
 72
     1
 10
4.76541961746511
 20
1.371507740129275
 11
4.477711736478974
 21
1.369717764235982
 72
     1
 10
4.477711736478974
 20
1.369717764235982
 11
4.473974847039246
 21
1.970358558456588
 72
     1
 10
4.473974847039246
 20
1.970358558456588
 11
4.188384380930422
 21
1.970358558456588
 72
     1
 10
4.188384380930422
 20
1.970358558456588
 11
4.187868972604427
 21
1.129856430841435
 72
     1
 10
4.187868972604427
 20
1.129856430841435
 11
4.963409306078804
 21
1.132311402078408
 72
     1
 10
4.963409306078804
 20
1.132311402078408
 11
5.013390350323246
 21
1.25619928759503
 72
     1
 10
5.013390350323246
 20
1.25619928759503
 11
5.217180089745982
 21
1.25619928759503
 72
     1
 10
5.217180089745982
 20
1.25619928759503
 11
5.265140190817449
 21
1.132311402078408
 72
     1
 10
5.265140190817449
 20
1.132311402078408
 11
5.892776699380181
 21
1.132311402078408
 72
     4
 94
        3
 73
     1
 74
     0
 95
        8
 96
        4
 40
19.0
 40
19.0
 40
19.0
 40
19.0
 40
20.0
 40
20.0
 40
20.0
 40
20.0
 10
5.892776699380181
 20
1.132311402078408
 42
1.0
 10
6.004742376513936
 20
1.134291655120386
 42
1.0
 10
6.109207506166772
 20
1.187310895812797
 42
1.0
 10
6.140986498477418
 20
1.265490200839927
 42
1.0
 72
     4
 94
        3
 73
     1
 74
     0
 95
        8
 96
        4
 40
20.0
 40
20.0
 40
20.0
 40
20.0
 40
21.0
 40
21.0
 40
21.0
 40
21.0
 10
6.140986498477418
 20
1.265490200839927
 42
1.0
 10
6.171124322171085
 20
1.187310895812797
 42
1.0
 10
6.276294747427915
 20
1.10880606973767
 42
1.0
 10
6.480111613604649
 20
1.10880606973767
 42
1.0
 72
     4
 94
        3
 73
     1
 74
     0
 95
        8
 96
        4
 40
21.0
 40
21.0
 40
21.0
 40
21.0
 40
22.0
 40
22.0
 40
22.0
 40
22.0
 10
6.480111613604649
 20
1.10880606973767
 42
1.0
 10
6.683928479781382
 20
1.10880606973767
 42
1.0
 10
6.835295767099698
 20
1.232531194730293
 42
1.0
 10
6.835295767099698
 20
1.395590113022481
 42
1.0
 72
     4
 94
        3
 73
     1
 74
     0
 95
        8
 96
        4
 40
22.0
 40
22.0
 40
22.0
 40
22.0
 40
23.0
 40
23.0
 40
23.0
 40
23.0
 10
6.835295767099698
 20
1.395590113022481
 42
1.0
 10
6.835295767099698
 20
1.561429523599636
 42
1.0
 10
6.739904536659761
 20
1.620294579778982
 42
1.0
 10
6.588021841015449
 20
1.660259070109037
 42
1.0
 72
     4
 94
        3
 73
     1
 74
     0
 95
        8
 96
        4
 40
0.0
 40
0.0
 40
0.0
 40
0.0
 40
1.0
 40
1.0
 40
1.0
 40
1.0
 10
6.588021841015449
 20
1.660259070109037
 42
1.0
 10
6.58601446121947
 20
1.660788041812031
 42
1.0
 10
6.58427834896349
 20
1.661255978318526
 42
1.0
 10
6.582257405790513
 20
1.66176460495602
 42
1.0
 72
     1
 10
6.582257405790513
 20
1.66176460495602
 11
6.813746853383429
 21
1.660136999716037
 72
     4
 94
        3
 73
     1
 74
     0
 95
        8
 96
        4
 40
2.0
 40
2.0
 40
2.0
 40
2.0
 40
3.0
 40
3.0
 40
3.0
 40
3.0
 10
6.813746853383429
 20
1.660136999716037
 42
1.0
 10
6.813746853383429
 20
1.782356589861678
 42
1.0
 10
6.789753239470694
 20
1.978347387509499
 42
1.0
 10
6.464055867573316
 20
1.978347387509499
 42
1.0
 72
     4
 94
        3
 73
     1
 74
     0
 95
        8
 96
        4
 40
3.0
 40
3.0
 40
3.0
 40
3.0
 40
4.0
 40
4.0
 40
4.0
 40
4.0
 10
6.464055867573316
 20
1.978347387509499
 42
1.0
 10
6.274209279706429
 20
1.978347387509499
 42
1.0
 10
6.180160823589475
 20
1.885858719747527
 42
1.0
 10
6.142373255267896
 20
1.818496207877776
 42
1.0
 97
        0
 92
        0
 93
        3
 72
     4
 94
        3
 73
     1
 74
     0
 95
        8
 96
        4
 40
4.0
 40
4.0
 40
4.0
 40
4.0
 40
5.0
 40
5.0
 40
5.0
 40
5.0
 10
6.548235655003179
 20
1.381891102252633
 42
1.0
 10
6.538971868512282
 20
1.344741012650046
 42
1.0
 10
6.511858677889584
 20
1.33444640950716
 42
1.0
 10
6.441261300605367
 20
1.353719968223946
 42
1.0
 72
     4
 94
        3
 73
     1
 74
     0
 95
        8
 96
        4
 40
5.0
 40
5.0
 40
5.0
 40
5.0
 40
6.0
 40
6.0
 40
6.0
 40
6.0
 10
6.441261300605367
 20
1.353719968223946
 42
1.0
 10
6.367259515694191
 20
1.373970090084721
 42
1.0
 10
6.366323642681204
 20
1.414755164723267
 42
1.0
 10
6.366310079304203
 20
1.460219604426761
 42
1.0
 72
     4
 94
        3
 73
     1
 74
     0
 95
        8
 96
        4
 40
3.0
 40
3.0
 40
3.0
 40
3.0
 40
4.0
 40
4.0
 40
4.0
 40
4.0
 10
6.366310079304203
 20
1.460219604426761
 42
1.0
 10
6.459436225785168
 20
1.43335055459006
 42
1.0
 10
6.553118470723124
 20
1.401395238378416
 42
1.0
 10
6.548235655003179
 20
1.381891102252633
 42
1.0
 97
        0
 92
        0
 93
       32
 72
     4
 94
        3
 73
     1
 74
     0
 95
        8
 96
        4
 40
17.0
 40
17.0
 40
17.0
 40
17.0
 40
18.0
 40
18.0
 40
18.0
 40
18.0
 10
6.114058393861008
 20
1.739062290478161
 42
1.0
 10
6.114058393861008
 20
1.671245405478915
 42
1.0
 10
6.073639530401458
 20
1.616178094859527
 42
1.0
 10
6.014055615241119
 20
1.586508207672357
 42
1.0
 72
     4
 94
        3
 73
     1
 74
     0
 95
        8
 96
        4
 40
18.0
 40
18.0
 40
18.0
 40
18.0
 40
19.0
 40
19.0
 40
19.0
 40
19.0
 10
6.014055615241119
 20
1.586508207672357
 42
1.0
 10
6.088844076018288
 20
1.564935656554097
 42
1.0
 10
6.137129698137751
 20
1.50351390381028
 42
1.0
 10
6.143965640145676
 20
1.426514612582136
 42
1.0
 72
     1
 10
6.143965640145676
 20
1.426514612582136
 11
6.33310693240857
 21
1.426514612582136
 72
     4
 94
        3
 73
     1
 74
     0
 95
        8
 96
        4
 40
20.0
 40
20.0
 40
20.0
 40
20.0
 40
21.0
 40
21.0
 40
21.0
 40
21.0
 10
6.33310693240857
 20
1.426514612582136
 42
1.0
 10
6.337338706032524
 20
1.337511732709126
 42
1.0
 10
6.392663720814909
 20
1.308906570616444
 42
1.0
 10
6.476688841328976
 20
1.308906570616444
 42
1.0
 72
     4
 94
        3
 73
     1
 74
     0
 95
        8
 96
        4
 40
21.0
 40
21.0
 40
21.0
 40
21.0
 40
22.0
 40
22.0
 40
22.0
 40
22.0
 10
6.476688841328976
 20
1.308906570616444
 42
1.0
 10
6.536259193112312
 20
1.308906570616444
 42
1.0
 10
6.597972558461627
 20
1.330119692244208
 42
1.0
 10
6.597972558461627
 20
1.386272073023584
 42
1.0
 72
     4
 94
        3
 73
     1
 74
     0
 95
        8
 96
        4
 40
22.0
 40
22.0
 40
22.0
 40
22.0
 40
23.0
 40
23.0
 40
23.0
 40
23.0
 10
6.597972558461627
 20
1.386272073023584
 42
1.0
 10
6.597972558461627
 20
1.453003887862842
 42
1.0
 10
6.489492669216833
 20
1.4657127721117
 42
1.0
 10
6.379887019681052
 20
1.496433821016359
 42
1.0
 72
     4
 94
        3
 73
     1
 74
     0
 95
        8
 96
        4
 40
23.0
 40
23.0
 40
23.0
 40
23.0
 40
24.0
 40
24.0
 40
24.0
 40
24.0
 10
6.379887019681052
 20
1.496433821016359
 42
1.0
 10
6.271380003682258
 20
1.527148088232517
 42
1.0
 10
6.157569707276522
 20
1.575894865169975
 42
1.0
 10
6.157569707276522
 20
1.714702465386432
 42
1.0
 72
     4
 94
        3
 73
     1
 74
     0
 95
        8
 96
        4
 40
24.0
 40
24.0
 40
24.0
 40
24.0
 40
25.0
 40
25.0
 40
25.0
 40
25.0
 10
6.157569707276522
 20
1.714702465386432
 42
1.0
 10
6.157569707276522
 20
1.879972214129594
 42
1.0
 10
6.324602695029665
 20
1.944588142156874
 42
1.0
 10
6.467113097167081
 20
1.944588142156874
 42
1.0
 72
     4
 94
        3
 73
     1
 74
     0
 95
        8
 96
        4
 40
25.0
 40
25.0
 40
25.0
 40
25.0
 40
26.0
 40
26.0
 40
26.0
 40
26.0
 10
6.467113097167081
 20
1.944588142156874
 42
1.0
 10
6.6181819901914
 20
1.944588142156874
 42
1.0
 10
6.77029526324471
 20
1.871501885193187
 42
1.0
 10
6.771380333404697
 20
1.700935637731585
 42
1.0
 72
     1
 10
6.771380333404697
 20
1.700935637731585
 11
6.573517789730897
 21
1.700935637731585
 72
     4
 94
        3
 73
     1
 74
     0
 95
        8
 96
        4
 40
27.0
 40
27.0
 40
27.0
 40
27.0
 40
28.0
 40
28.0
 40
28.0
 40
28.0
 10
6.573517789730897
 20
1.700935637731585
 42
1.0
 10
6.576718746702861
 20
1.769776557694319
 42
1.0
 10
6.511804424381583
 20
1.792034059351072
 42
1.0
 10
6.451149002438259
 20
1.792034059351072
 42
1.0
 72
     4
 94
        3
 73
     1
 74
     0
 95
        8
 96
        4
 40
28.0
 40
28.0
 40
28.0
 40
28.0
 40
29.0
 40
29.0
 40
29.0
 40
29.0
 10
6.451149002438259
 20
1.792034059351072
 42
1.0
 10
6.408641378920731
 20
1.792034059351072
 42
1.0
 10
6.355459377704324
 20
1.777202506601737
 42
1.0
 10
6.355459377704324
 20
1.72741813132379
 42
1.0
 72
     4
 94
        3
 73
     1
 74
     0
 95
        8
 96
        4
 40
29.0
 40
29.0
 40
29.0
 40
29.0
 40
30.0
 40
30.0
 40
30.0
 40
30.0
 10
6.355459377704324
 20
1.72741813132379
 42
1.0
 10
6.355459377704324
 20
1.669136300355438
 42
1.0
 10
6.464970083601106
 20
1.658529739541556
 42
1.0
 10
6.575633676542875
 20
1.627808690636898
 42
1.0
 72
     4
 94
        3
 73
     1
 74
     0
 95
        8
 96
        4
 40
30.0
 40
30.0
 40
30.0
 40
30.0
 40
31.0
 40
31.0
 40
31.0
 40
31.0
 10
6.575633676542875
 20
1.627808690636898
 42
1.0
 10
6.685225762701656
 20
1.597094423420739
 42
1.0
 10
6.795835102135427
 20
1.546231759671305
 42
1.0
 10
6.795835102135427
 20
1.409573954709325
 42
1.0
 72
     4
 94
        3
 73
     1
 74
     0
 95
        8
 96
        4
 40
31.0
 40
31.0
 40
31.0
 40
31.0
 40
32.0
 40
32.0
 40
32.0
 40
32.0
 10
6.795835102135427
 20
1.409573954709325
 42
1.0
 10
6.795835102135427
 20
1.217814930685457
 42
1.0
 10
6.632016634731248
 20
1.146580074682249
 42
1.0
 10
6.464970083601106
 20
1.146580074682249
 42
1.0
 72
     4
 94
        3
 73
     1
 74
     0
 95
        8
 96
        4
 40
0.0
 40
0.0
 40
0.0
 40
0.0
 40
1.0
 40
1.0
 40
1.0
 40
1.0
 10
6.464970083601106
 20
1.146580074682249
 42
1.0
 10
6.310659543473821
 20
1.146580074682249
 42
1.0
 10
6.172313098075359
 20
1.216228015576475
 42
1.0
 10
6.1417005561867
 20
1.364258712152829
 42
1.0
 72
     4
 94
        3
 73
     1
 74
     0
 95
        8
 96
        4
 40
1.0
 40
1.0
 40
1.0
 40
1.0
 40
2.0
 40
2.0
 40
2.0
 40
2.0
 10
6.1417005561867
 20
1.364258712152829
 42
1.0
 10
6.121531814587923
 20
1.219727366842436
 42
1.0
 10
5.997969450119299
 20
1.169135970632998
 42
1.0
 10
5.849192767807954
 20
1.169135970632998
 42
1.0
 72
     1
 10
5.849192767807954
 20
1.169135970632998
 11
5.294057310581126
 21
1.169135970632998
 72
     1
 10
5.294057310581126
 20
1.169135970632998
 11
5.237511591868754
 21
1.298082995770565
 72
     1
 10
5.237511591868754
 20
1.298082995770565
 11
4.992177228695482
 21
1.298082995770565
 72
     1
 10
4.992177228695482
 20
1.298082995770565
 11
4.934519313069123
 21
1.170180350661987
 72
     1
 10
4.934519313069123
 20
1.170180350661987
 11
4.23261455332693
 21
1.170180350661987
 72
     1
 10
4.23261455332693
 20
1.170180350661987
 11
4.23261455332693
 21
1.928712209378552
 72
     1
 10
4.23261455332693
 20
1.928712209378552
 11
4.430504223754729
 21
1.928712209378552
 72
     1
 10
4.430504223754729
 20
1.928712209378552
 11
4.430504223754729
 21
1.341757069710079
 72
     1
 10
4.430504223754729
 20
1.341757069710079
 11
4.794504572299681
 21
1.341757069710079
 72
     1
 10
4.794504572299681
 20
1.341757069710079
 11
5.015370603365226
 21
1.928712209378552
 72
     1
 10
5.015370603365226
 20
1.928712209378552
 11
5.21642054063399
 21
1.928712209378552
 72
     1
 10
5.21642054063399
 20
1.928712209378552
 11
5.48432436313501
 21
1.221558422737415
 72
     1
 10
5.48432436313501
 20
1.221558422737415
 11
5.48432436313501
 21
1.928712209378552
 72
     1
 10
5.48432436313501
 20
1.928712209378552
 11
5.839603460269061
 21
1.928712209378552
 72
     4
 94
        3
 73
     1
 74
     0
 95
        8
 96
        4
 40
16.0
 40
16.0
 40
16.0
 40
16.0
 40
17.0
 40
17.0
 40
17.0
 40
17.0
 10
5.839603460269061
 20
1.928712209378552
 42
1.0
 10
5.970422231432604
 20
1.930828096190528
 42
1.0
 10
6.114058393861008
 20
1.896939998756405
 42
1.0
 10
6.114058393861008
 20
1.739062290478161
 42
1.0
 97
        0
 92
        0
 93
        5
 72
     1
 10
6.361128869290259
 20
1.461725139273745
 11
6.169749619822387
 21
1.461725139273745
 72
     4
 94
        3
 73
     1
 74
     0
 95
        8
 96
        4
 40
8.0
 40
8.0
 40
8.0
 40
8.0
 40
9.0
 40
9.0
 40
9.0
 40
9.0
 10
6.169749619822387
 20
1.461725139273745
 42
1.0
 10
6.169749619822387
 20
1.519206730999106
 42
1.0
 10
6.12010766000294
 20
1.568855472507053
 42
1.0
 10
6.088749132379288
 20
1.589756636463821
 42
1.0
 72
     4
 94
        3
 73
     1
 74
     0
 95
        8
 96
        4
 40
9.0
 40
9.0
 40
9.0
 40
9.0
 40
10.0
 40
10.0
 40
10.0
 40
10.0
 10
6.088749132379288
 20
1.589756636463821
 42
1.0
 10
6.104401269437113
 20
1.608040068659618
 42
1.0
 10
6.127933728531853
 20
1.626343845920914
 42
1.0
 10
6.135800487191765
 20
1.657695591856065
 42
1.0
 72
     4
 94
        3
 73
     1
 74
     0
 95
        8
 96
        4
 40
10.0
 40
10.0
 40
10.0
 40
10.0
 40
11.0
 40
11.0
 40
11.0
 40
11.0
 10
6.135800487191765
 20
1.657695591856065
 42
1.0
 10
6.135800487191765
 20
1.568855472507053
 42
1.0
 10
6.219418706395836
 20
1.500902953737809
 42
1.0
 10
6.323924526179674
 20
1.472182502940628
 42
1.0
 72
     4
 94
        3
 73
     1
 74
     0
 95
        8
 96
        4
 40
0.0
 40
0.0
 40
0.0
 40
0.0
 40
1.0
 40
1.0
 40
1.0
 40
1.0
 10
6.323924526179674
 20
1.472182502940628
 42
1.0
 10
6.336145128856538
 20
1.468805222067666
 42
1.0
 10
6.348623435696399
 20
1.465305870801705
 42
1.0
 10
6.361128869290259
 20
1.461725139273745
 42
1.0
 97
        0
 92
        0
 93
        4
 72
     4
 94
        3
 73
     1
 74
     0
 95
        8
 96
        4
 40
2.0
 40
2.0
 40
2.0
 40
2.0
 40
3.0
 40
3.0
 40
3.0
 40
3.0
 10
6.466136534023091
 20
1.741747839124131
 42
1.0
 10
6.511465339956586
 20
1.740405064801146
 42
1.0
 10
6.525652632298431
 20
1.731161623375749
 42
1.0
 10
6.53007429320038
 20
1.703790728590053
 42
1.0
 72
     4
 94
        3
 73
     1
 74
     0
 95
        8
 96
        4
 40
3.0
 40
3.0
 40
3.0
 40
3.0
 40
4.0
 40
4.0
 40
4.0
 40
4.0
 10
6.53007429320038
 20
1.703790728590053
 42
1.0
 10
6.531851095587361
 20
1.692994280498173
 42
1.0
 10
6.532040982865359
 20
1.686293972260247
 42
1.0
 10
6.53206810961936
 20
1.672201623557404
 42
1.0
 72
     4
 94
        3
 73
     1
 74
     0
 95
        8
 96
        4
 40
0.0
 40
0.0
 40
0.0
 40
0.0
 40
1.0
 40
1.0
 40
1.0
 40
1.0
 10
6.53206810961936
 20
1.672201623557404
 42
1.0
 10
6.42666710695353
 20
1.698718025592109
 42
1.0
 10
6.398197578630848
 20
1.703322792083558
 42
1.0
 10
6.398197578630848
 20
1.725763399329808
 42
1.0
 72
     4
 94
        3
 73
     1
 74
     0
 95
        8
 96
        4
 40
1.0
 40
1.0
 40
1.0
 40
1.0
 40
2.0
 40
2.0
 40
2.0
 40
2.0
 10
6.398197578630848
 20
1.725763399329808
 42
1.0
 10
6.398197578630848
 20
1.735746044801697
 42
1.0
 10
6.444163863283336
 20
1.742378536154624
 42
1.0
 10
6.466136534023091
 20
1.741747839124131
 42
1.0
 97
        0
 75
     0
 76
     1
 98
        1
 10
0.0
 20
0.0
  0
HATCH
  5
112
330
81
100
AcDbEntity
  8
0
  6
Continuous
 62
     7
100
AcDbHatch
 10
0.0
 20
0.0
 30
0.0
210
0.0
220
0.0
230
1.0
  2
SOLID
 70
     1
 71
     0
 91
        2
 92
        0
 93
        4
 72
     1
 10
5.002756662755367
 20
1.425280345275149
 11
5.228763213703859
 21
1.42528034527515
 72
     1
 10
5.228763213703859
 20
1.42528034527515
 11
5.132856574937915
 21
1.728862630974274
 72
     1
 10
5.132856574937915
 20
1.728862630974274
 11
5.101959202132266
 21
1.728862630974275
 72
     1
 10
5.101959202132266
 20
1.728862630974275
 11
5.002756662755367
 21
1.425280345275149
 97
        0
 92
        0
 93
        3
 72
     1
 10
5.056020044233768
 20
1.4657534622427
 11
5.115346255231104
 21
1.648899741871664
 72
     1
 10
5.115346255231104
 20
1.648899741871664
 11
5.172705776563476
 21
1.4657534622427
 72
     1
 10
5.172705776563476
 20
1.4657534622427
 11
5.056020044233768
 21
1.4657534622427
 97
        0
 75
     0
 76
     1
 98
        1
 10
0.0
 20
0.0
  0
HATCH
  5
113
330
81
100
AcDbEntity
  8
0
  6
Continuous
 62
     7
100
AcDbHatch
 10
0.0
 20
0.0
 30
0.0
210
0.0
220
0.0
230
1.0
  2
SOLID
 70
     1
 71
     0
 91
        2
 92
        0
 93
        5
 72
     1
 10
5.664649460348006
 20
1.601936549009686
 11
5.664649460348006
 21
1.785652490472643
 72
     1
 10
5.664649460348006
 20
1.785652490472643
 11
5.840756347314047
 21
1.785652490472643
 72
     4
 94
        3
 73
     1
 74
     0
 95
        8
 96
        4
 40
1.0
 40
1.0
 40
1.0
 40
1.0
 40
2.0
 40
2.0
 40
2.0
 40
2.0
 10
5.840756347314047
 20
1.785652490472643
 42
1.0
 10
5.888512997730517
 20
1.785652490472643
 42
1.0
 10
5.933733296648012
 20
1.762825326981896
 42
1.0
 10
5.933733296648012
 20
1.693116350891172
 42
1.0
 72
     4
 94
        3
 73
     1
 74
     0
 95
        8
 96
        4
 40
2.0
 40
2.0
 40
2.0
 40
2.0
 40
3.0
 40
3.0
 40
3.0
 40
3.0
 10
5.933733296648012
 20
1.693116350891172
 42
1.0
 10
5.933733296648012
 20
1.624750149123432
 42
1.0
 10
5.879940943466611
 20
1.601936549009686
 42
1.0
 10
5.840756347314047
 20
1.601936549009686
 42
1.0
 72
     1
 10
5.840756347314047
 20
1.601936549009686
 11
5.664649460348006
 21
1.601936549009686
 97
        0
 92
        0
 93
        5
 72
     4
 94
        3
 73
     1
 74
     0
 95
        8
 96
        4
 40
3.0
 40
3.0
 40
3.0
 40
3.0
 40
4.0
 40
4.0
 40
4.0
 40
4.0
 10
5.891008659098489
 20
1.691943118780685
 42
1.0
 10
5.891008659098489
 20
1.732178876650737
 42
1.0
 10
5.85943311744284
 20
1.745348915717591
 42
1.0
 10
5.82613502690821
 20
1.745348915717591
 42
1.0
 72
     1
 10
5.82613502690821
 20
1.745348915717591
 11
5.703196577781577
 21
1.745348915717591
 72
     1
 10
5.703196577781577
 20
1.745348915717591
 11
5.703196577781577
 21
1.63931043433277
 72
     1
 10
5.703196577781577
 20
1.63931043433277
 11
5.82613502690821
 21
1.63931043433277
 72
     4
 94
        3
 73
     1
 74
     0
 95
        8
 96
        4
 40
2.0
 40
2.0
 40
2.0
 40
2.0
 40
3.0
 40
3.0
 40
3.0
 40
3.0
 10
5.82613502690821
 20
1.63931043433277
 42
1.0
 10
5.853478794939905
 20
1.63931043433277
 42
1.0
 10
5.891008659098489
 20
1.652480473399623
 42
1.0
 10
5.891008659098489
 20
1.691943118780685
 42
1.0
 97
        0
 75
     0
 76
     1
 98
        1
 10
0.0
 20
0.0
  0
HATCH
  5
114
330
81
100
AcDbEntity
  8
0
  6
Continuous
 62
     7
100
AcDbHatch
 10
0.0
 20
0.0
 30
0.0
210
0.0
220
0.0
230
1.0
  2
SOLID
 70
     1
 71
     0
 91
        2
 92
        0
 93
        5
 72
     1
 10
5.664649460348006
 20
1.302355459525517
 11
5.664649460348006
 21
1.514079774493162
 72
     1
 10
5.664649460348006
 20
1.514079774493162
 11
5.860260483439831
 21
1.514079774493162
 72
     4
 94
        3
 73
     1
 74
     0
 95
        8
 96
        4
 40
1.0
 40
1.0
 40
1.0
 40
1.0
 40
2.0
 40
2.0
 40
2.0
 40
2.0
 10
5.860260483439831
 20
1.514079774493162
 42
1.0
 10
5.913279724132241
 20
1.514079774493162
 42
1.0
 10
5.96349134578568
 20
1.487787168178955
 42
1.0
 10
5.96349134578568
 20
1.407458067897348
 42
1.0
 72
     4
 94
        3
 73
     1
 74
     0
 95
        8
 96
        4
 40
2.0
 40
2.0
 40
2.0
 40
2.0
 40
3.0
 40
3.0
 40
3.0
 40
3.0
 10
5.96349134578568
 20
1.407458067897348
 42
1.0
 10
5.96349134578568
 20
1.328641284151225
 42
1.0
 10
5.903771796855347
 20
1.302355459525517
 42
1.0
 10
5.860260483439831
 20
1.302355459525517
 42
1.0
 72
     1
 10
5.860260483439831
 20
1.302355459525517
 11
5.664649460348006
 21
1.302355459525517
 97
        0
 92
        0
 93
        5
 72
     4
 94
        3
 73
     1
 74
     0
 95
        8
 96
        4
 40
3.0
 40
3.0
 40
3.0
 40
3.0
 40
4.0
 40
4.0
 40
4.0
 40
4.0
 10
5.926571833592093
 20
1.406033913312364
 42
1.0
 10
5.926571833592093
 20
1.457723943058789
 42
1.0
 10
5.888865645532511
 20
1.474651037554601
 42
1.0
 10
5.849057134037955
 20
1.474651037554601
 42
1.0
 72
     1
 10
5.849057134037955
 20
1.474651037554601
 11
5.702179324506586
 21
1.474651037554601
 72
     1
 10
5.702179324506586
 20
1.474651037554601
 11
5.702179324506586
 21
1.338420478968116
 72
     1
 10
5.702179324506586
 20
1.338420478968116
 11
5.849057134037955
 21
1.338420478968116
 72
     4
 94
        3
 73
     1
 74
     0
 95
        8
 96
        4
 40
2.0
 40
2.0
 40
2.0
 40
2.0
 40
3.0
 40
3.0
 40
3.0
 40
3.0
 10
5.849057134037955
 20
1.338420478968116
 42
1.0
 10
5.881731309230591
 20
1.338420478968116
 42
1.0
 10
5.926571833592093
 20
1.355320446709928
 42
1.0
 10
5.926571833592093
 20
1.406033913312364
 42
1.0
 97
        0
 75
     0
 76
     1
 98
        1
 10
0.0
 20
0.0
  0
ENDBLK
  5
83
330
81
100
AcDbEntity
  8
0
100
AcDbBlockEnd
  0
BLOCK
  5
142
330
141
100
AcDbEntity
  8
0
100
AcDbBlockBegin
  2
SW_NOTE_0
 70
     0
 10
0.0
 20
0.0
 30
0.0
  3
SW_NOTE_0
  1

  0
MTEXT
  5
144
330
141
100
AcDbEntity
  8
0
  6
Continuous
 62
     0
370
     0
100
AcDbMText
 10
0.78375
 20
0.0773440644
 30
0.0
 40
0.06
 41
0.0
 71
     2
 72
     1
  1
VALUES IN PARENTHESIS ARE CALCULATED
  7
SLDTEXTSTYLE0
 73
     1
 44
1.0
  0
MTEXT
  5
145
330
141
100
AcDbEntity
  8
0
  6
Continuous
 62
     0
370
     0
100
AcDbMText
 10
0.7825936818
 20
-0.0220260102
 30
0.0
 40
0.06
 41
0.0
 71
     2
 72
     1
  1
AND MAY CONTAIN ROUNDOFF ERRORS
  7
SLDTEXTSTYLE0
 73
     1
 44
1.0
  0
ENDBLK
  5
143
330
141
100
AcDbEntity
  8
0
100
AcDbBlockEnd
  0
BLOCK
  5
148
330
147
100
AcDbEntity
  8
0
100
AcDbBlockBegin
  2
SW_NOTE_1
 70
     0
 10
0.0
 20
0.0
 30
0.0
  3
SW_NOTE_1
  1

  0
MTEXT
  5
14A
330
147
100
AcDbEntity
  8
0
  6
Continuous
 62
     0
370
     0
100
AcDbMText
 10
0.0
 20
0.1074223116
 30
0.0
 40
0.0833333333
 41
0.0
 71
     1
 72
     1
  1
DRAWING
  7
SLDTEXTSTYLE0
 73
     1
 44
1.0
  0
MTEXT
  5
14B
330
147
100
AcDbEntity
  8
0
  6
Continuous
 62
     0
370
     0
100
AcDbMText
 10
0.0
 20
-0.0036887981
 30
0.0
 40
0.0833333333
 41
0.0
 71
     1
 72
     1
  1
PROJECTION
  7
SLDTEXTSTYLE0
 73
     1
 44
1.0
  0
ENDBLK
  5
149
330
147
100
AcDbEntity
  8
0
100
AcDbBlockEnd
  0
BLOCK
  5
151
330
150
100
AcDbEntity
  8
0
100
AcDbBlockBegin
  2
SW_NOTE_2
 70
     0
 10
0.0
 20
0.0
 30
0.0
  3
SW_NOTE_2
  1

  0
MTEXT
  5
153
330
150
100
AcDbEntity
  8
0
  6
Continuous
 62
     0
370
     0
100
AcDbMText
 10
0.986328125
 20
0.1611334675
 30
0.0
 40
0.125
 41
0.0
 71
     2
 72
     1
  1
FOR INFORMATION ONLY
  7
SLDTEXTSTYLE0
 73
     1
 44
1.0
  0
MTEXT
  5
154
330
150
100
AcDbEntity
  8
0
  6
Continuous
 62
     0
370
     0
100
AcDbMText
 10
0.999088459
 20
-0.0055331972
 30
0.0
 40
0.125
 41
0.0
 71
     2
 72
     1
  1
NOT FOR MANUFACTURING PURPOSES
  7
SLDTEXTSTYLE0
 73
     1
 44
1.0
  0
ENDBLK
  5
152
330
150
100
AcDbEntity
  8
0
100
AcDbBlockEnd
  0
BLOCK
  5
25D
330
25C
100
AcDbEntity
  8
0
100
AcDbBlockBegin
  2
_D
 70
     0
 10
0.0
 20
0.0
 30
0.0
  3
_D
  1

  0
SOLID
  5
25F
330
25C
100
AcDbEntity
  8
0
  6
Continuous
 62
     7
370
    18
100
AcDbTrace
 10
1.921066359
 20
5.5503369928
 30
0.0
 11
2.046066359
 21
5.5303369928
 31
0.0
 12
2.046066359
 22
5.5703369928
 32
0.0
 13
2.046066359
 23
5.5703369928
 33
0.0
  0
SOLID
  5
260
330
25C
100
AcDbEntity
  8
0
  6
Continuous
 62
     7
370
    18
100
AcDbTrace
 10
3.325066359
 20
5.5503369928
 30
0.0
 11
3.200066359
 21
5.5703369928
 31
0.0
 12
3.200066359
 22
5.5303369928
 32
0.0
 13
3.200066359
 23
5.5303369928
 33
0.0
  0
LINE
  5
261
330
25C
100
AcDbEntity
  8
0
  6
Continuous
 62
     7
370
    18
100
AcDbLine
 10
2.4111836259
 20
5.5503369836
 30
0.0
 11
2.3858364033
 21
5.5503369836
 31
0.0
  0
LINE
  5
262
330
25C
100
AcDbEntity
  8
0
  6
Continuous
 62
     7
370
    18
100
AcDbLine
 10
2.3858364033
 20
5.5503369836
 30
0.0
 11
2.3858364033
 21
5.417929579
 31
0.0
  0
LINE
  5
263
330
25C
100
AcDbEntity
  8
0
  6
Continuous
 62
     7
370
    18
100
AcDbLine
 10
2.3858364033
 20
5.417929579
 30
0.0
 11
2.4111836259
 21
5.417929579
 31
0.0
  0
LINE
  5
264
330
25C
100
AcDbEntity
  8
0
  6
Continuous
 62
     7
370
    18
100
AcDbLine
 10
2.8349490738
 20
5.5503369836
 30
0.0
 11
2.8602962964
 21
5.5503369836
 31
0.0
  0
LINE
  5
265
330
25C
100
AcDbEntity
  8
0
  6
Continuous
 62
     7
370
    18
100
AcDbLine
 10
2.8602962964
 20
5.5503369836
 30
0.0
 11
2.8602962964
 21
5.417929579
 31
0.0
  0
LINE
  5
266
330
25C
100
AcDbEntity
  8
0
  6
Continuous
 62
     7
370
    18
100
AcDbLine
 10
2.8602962964
 20
5.417929579
 30
0.0
 11
2.8349490738
 21
5.417929579
 31
0.0
  0
LINE
  5
267
330
25C
100
AcDbEntity
  8
0
  6
Continuous
 62
     7
370
    18
100
AcDbLine
 10
1.921066359
 20
5.1479695387
 30
0.0
 11
1.921066359
 21
5.6203369928
 31
0.0
  0
LINE
  5
268
330
25C
100
AcDbEntity
  8
0
  6
Continuous
 62
     7
370
    18
100
AcDbLine
 10
3.325066359
 20
5.1479695387
 30
0.0
 11
3.325066359
 21
5.6203369928
 31
0.0
  0
LINE
  5
269
330
25C
100
AcDbEntity
  8
0
  6
Continuous
 62
     7
370
    18
100
AcDbLine
 10
1.921066359
 20
5.5503369928
 30
0.0
 11
2.2821487874
 21
5.5503369928
 31
0.0
  0
LINE
  5
26A
330
25C
100
AcDbEntity
  8
0
  6
Continuous
 62
     7
370
    18
100
AcDbLine
 10
3.325066359
 20
5.5503369928
 30
0.0
 11
2.9639839307
 21
5.5503369928
 31
0.0
  0
MTEXT
  5
26B
330
25C
100
AcDbEntity
  8
0
  6
Continuous
 62
     7
370
    18
100
AcDbMText
 10
2.3615694285
 20
5.6746574422
 30
0.0
 40
0.0833333333
 41
0.0
 71
     1
 72
     1
  1

  7
SLDTEXTSTYLE0
 73
     1
 44
1.0
  0
MTEXT
  5
26C
330
25C
100
AcDbEntity
  8
0
  6
Continuous
 62
     7
370
    18
100
AcDbMText
 10
2.4703657197
 20
5.6746574422
 30
0.0
 40
0.0833333333
 41
0.0
 71
     1
 72
     1
  1
2.11in
  7
SLDTEXTSTYLE0
 73
     1
 44
1.0
  0
MTEXT
  5
26D
330
25C
100
AcDbEntity
  8
0
  6
Continuous
 62
     7
370
    18
100
AcDbMText
 10
2.4111836259
 20
5.5253518861
 30
0.0
 40
0.0833333333
 41
0.0
 71
     1
 72
     1
  1
53.5mm
  7
SLDTEXTSTYLE0
 73
     1
 44
1.0
  0
MTEXT
  5
26E
330
25C
100
AcDbEntity
  8
0
  6
Continuous
 62
     7
370
    18
100
AcDbMText
 10
2.948143519
 20
5.6746574422
 30
0.0
 40
0.0833333333
 41
0.0
 71
     1
 72
     1
  1

  7
SLDTEXTSTYLE0
 73
     1
 44
1.0
  0
ENDBLK
  5
25E
330
25C
100
AcDbEntity
  8
0
100
AcDbBlockEnd
  0
BLOCK
  5
272
330
271
100
AcDbEntity
  8
0
100
AcDbBlockBegin
  2
_D_1
 70
     0
 10
0.0
 20
0.0
 30
0.0
  3
_D_1
  1

  0
SOLID
  5
274
330
271
100
AcDbEntity
  8
0
  6
Continuous
 62
     7
370
    18
100
AcDbTrace
 10
3.7187671464
 20
5.0579695387
 30
0.0
 11
3.6987671464
 21
4.9329695387
 31
0.0
 12
3.7387671464
 22
4.9329695387
 32
0.0
 13
3.7387671464
 23
4.9329695387
 33
0.0
  0
SOLID
  5
275
330
271
100
AcDbEntity
  8
0
  6
Continuous
 62
     7
370
    18
100
AcDbTrace
 10
3.7187671464
 20
5.1566362054
 30
0.0
 11
3.7387671464
 21
5.2816362054
 31
0.0
 12
3.6987671464
 22
5.2816362054
 32
0.0
 13
3.6987671464
 23
5.2816362054
 33
0.0
  0
LINE
  5
276
330
271
100
AcDbEntity
  8
0
  6
Continuous
 62
     7
370
    18
100
AcDbLine
 10
4.0316432673
 20
5.6059089676
 30
0.0
 11
4.0062960447
 21
5.6059089676
 31
0.0
  0
LINE
  5
277
330
271
100
AcDbEntity
  8
0
  6
Continuous
 62
     7
370
    18
100
AcDbLine
 10
4.0062960447
 20
5.6059089676
 30
0.0
 11
4.0062960447
 21
5.473501563
 31
0.0
  0
LINE
  5
278
330
271
100
AcDbEntity
  8
0
  6
Continuous
 62
     7
370
    18
100
AcDbLine
 10
4.0062960447
 20
5.473501563
 30
0.0
 11
4.0316432673
 21
5.473501563
 31
0.0
  0
LINE
  5
279
330
271
100
AcDbEntity
  8
0
  6
Continuous
 62
     7
370
    18
100
AcDbLine
 10
4.3938346166
 20
5.6059089676
 30
0.0
 11
4.4191818392
 21
5.6059089676
 31
0.0
  0
LINE
  5
27A
330
271
100
AcDbEntity
  8
0
  6
Continuous
 62
     7
370
    18
100
AcDbLine
 10
4.4191818392
 20
5.6059089676
 30
0.0
 11
4.4191818392
 21
5.473501563
 31
0.0
  0
LINE
  5
27B
330
271
100
AcDbEntity
  8
0
  6
Continuous
 62
     7
370
    18
100
AcDbLine
 10
4.4191818392
 20
5.473501563
 30
0.0
 11
4.3938346166
 21
5.473501563
 31
0.0
  0
LINE
  5
27C
330
271
100
AcDbEntity
  8
0
  6
Continuous
 62
     7
370
    18
100
AcDbLine
 10
2.7063996924
 20
5.0579695387
 30
0.0
 11
3.7887671464
 21
5.0579695387
 31
0.0
  0
LINE
  5
27D
330
271
100
AcDbEntity
  8
0
  6
Continuous
 62
     7
370
    18
100
AcDbLine
 10
3.3163996924
 20
5.1566362054
 30
0.0
 11
3.7887671464
 21
5.1566362054
 31
0.0
  0
LINE
  5
27E
330
271
100
AcDbEntity
  8
0
  6
Continuous
 62
     7
370
    18
100
AcDbLine
 10
3.8687671464
 20
5.6890436012
 30
0.0
 11
3.7187671464
 21
5.6890436012
 31
0.0
  0
LINE
  5
27F
330
271
100
AcDbEntity
  8
0
  6
Continuous
 62
     7
370
    18
100
AcDbLine
 10
3.7187671464
 20
5.6890436012
 30
0.0
 11
3.7187671464
 21
5.1566362054
 31
0.0
  0
LINE
  5
280
330
271
100
AcDbEntity
  8
0
  6
Continuous
 62
     7
370
    18
100
AcDbLine
 10
3.7187671464
 20
5.0579695387
 30
0.0
 11
3.7187671464
 21
4.8079695387
 31
0.0
  0
MTEXT
  5
281
330
271
100
AcDbEntity
  8
0
  6
Continuous
 62
     7
370
    18
100
AcDbMText
 10
3.9820290699
 20
5.7302294261
 30
0.0
 40
0.0833333333
 41
0.0
 71
     1
 72
     1
  1

  7
SLDTEXTSTYLE0
 73
     1
 44
1.0
  0
MTEXT
  5
282
330
271
100
AcDbEntity
  8
0
  6
Continuous
 62
     7
370
    18
100
AcDbMText
 10
3.9809488221
 20
5.7302294261
 30
0.0
 40
0.0833333333
 41
0.0
 71
     1
 72
     1
  1
0.15in
  7
SLDTEXTSTYLE0
 73
     1
 44
1.0
  0
MTEXT
  5
283
330
271
100
AcDbEntity
  8
0
  6
Continuous
 62
     7
370
    18
100
AcDbMText
 10
4.0316432673
 20
5.5809238701
 30
0.0
 40
0.0833333333
 41
0.0
 71
     1
 72
     1
  1
3.8mm
  7
SLDTEXTSTYLE0
 73
     1
 44
1.0
  0
MTEXT
  5
284
330
271
100
AcDbEntity
  8
0
  6
Continuous
 62
     7
370
    18
100
AcDbMText
 10
4.5070290251
 20
5.7302294261
 30
0.0
 40
0.0833333333
 41
0.0
 71
     1
 72
     1
  1

  7
SLDTEXTSTYLE0
 73
     1
 44
1.0
  0
ENDBLK
  5
273
330
271
100
AcDbEntity
  8
0
100
AcDbBlockEnd
  0
BLOCK
  5
287
330
286
100
AcDbEntity
  8
0
100
AcDbBlockBegin
  2
_D_2
 70
     0
 10
0.0
 20
0.0
 30
0.0
  3
_D_2
  1

  0
SOLID
  5
289
330
286
100
AcDbEntity
  8
0
  6
Continuous
 62
     7
370
    18
100
AcDbTrace
 10
1.5273655716
 20
2.7179695387
 30
0.0
 11
1.5473655716
 21
2.8429695387
 31
0.0
 12
1.5073655716
 22
2.8429695387
 32
0.0
 13
1.5073655716
 23
2.8429695387
 33
0.0
  0
SOLID
  5
28A
330
286
100
AcDbEntity
  8
0
  6
Continuous
 62
     7
370
    18
100
AcDbTrace
 10
1.5273655716
 20
4.1313028721
 30
0.0
 11
1.5073655716
 21
4.0063028721
 31
0.0
 12
1.5473655716
 22
4.0063028721
 32
0.0
 13
1.5473655716
 23
4.0063028721
 33
0.0
  0
LINE
  5
28B
330
286
100
AcDbEntity
  8
0
  6
Continuous
 62
     7
370
    18
100
AcDbLine
 10
1.3154828385
 20
3.4246361962
 30
0.0
 11
1.2901356159
 21
3.4246361962
 31
0.0
  0
LINE
  5
28C
330
286
100
AcDbEntity
  8
0
  6
Continuous
 62
     7
370
    18
100
AcDbLine
 10
1.2901356159
 20
3.4246361962
 30
0.0
 11
1.2901356159
 21
3.2922287916
 31
0.0
  0
LINE
  5
28D
330
286
100
AcDbEntity
  8
0
  6
Continuous
 62
     7
370
    18
100
AcDbLine
 10
1.2901356159
 20
3.2922287916
 30
0.0
 11
1.3154828385
 21
3.2922287916
 31
0.0
  0
LINE
  5
28E
330
286
100
AcDbEntity
  8
0
  6
Continuous
 62
     7
370
    18
100
AcDbLine
 10
1.7392482864
 20
3.4246361962
 30
0.0
 11
1.764595509
 21
3.4246361962
 31
0.0
  0
LINE
  5
28F
330
286
100
AcDbEntity
  8
0
  6
Continuous
 62
     7
370
    18
100
AcDbLine
 10
1.764595509
 20
3.4246361962
 30
0.0
 11
1.764595509
 21
3.2922287916
 31
0.0
  0
LINE
  5
290
330
286
100
AcDbEntity
  8
0
  6
Continuous
 62
     7
370
    18
100
AcDbLine
 10
1.764595509
 20
3.2922287916
 30
0.0
 11
1.7392482864
 21
3.2922287916
 31
0.0
  0
LINE
  5
291
330
286
100
AcDbEntity
  8
0
  6
Continuous
 62
     7
370
    18
100
AcDbLine
 10
2.5397330257
 20
2.7179695387
 30
0.0
 11
1.4573655716
 21
2.7179695387
 31
0.0
  0
LINE
  5
292
330
286
100
AcDbEntity
  8
0
  6
Continuous
 62
     7
370
    18
100
AcDbLine
 10
2.5397330257
 20
4.1313028721
 30
0.0
 11
1.4573655716
 21
4.1313028721
 31
0.0
  0
LINE
  5
293
330
286
100
AcDbEntity
  8
0
  6
Continuous
 62
     7
370
    18
100
AcDbLine
 10
1.5273655716
 20
2.7179695387
 30
0.0
 11
1.5273655716
 21
3.2753306585
 31
0.0
  0
LINE
  5
294
330
286
100
AcDbEntity
  8
0
  6
Continuous
 62
     7
370
    18
100
AcDbLine
 10
1.5273655716
 20
4.1313028721
 30
0.0
 11
1.5273655716
 21
3.5739417523
 31
0.0
  0
MTEXT
  5
295
330
286
100
AcDbEntity
  8
0
  6
Continuous
 62
     7
370
    18
100
AcDbMText
 10
1.2658686411
 20
3.5489566548
 30
0.0
 40
0.0833333333
 41
0.0
 71
     1
 72
     1
  1

  7
SLDTEXTSTYLE0
 73
     1
 44
1.0
  0
MTEXT
  5
296
330
286
100
AcDbEntity
  8
0
  6
Continuous
 62
     7
370
    18
100
AcDbMText
 10
1.3746649323
 20
3.5489566548
 30
0.0
 40
0.0833333333
 41
0.0
 71
     1
 72
     1
  1
2.12in
  7
SLDTEXTSTYLE0
 73
     1
 44
1.0
  0
MTEXT
  5
297
330
286
100
AcDbEntity
  8
0
  6
Continuous
 62
     7
370
    18
100
AcDbMText
 10
1.3154828385
 20
3.3996510987
 30
0.0
 40
0.0833333333
 41
0.0
 71
     1
 72
     1
  1
53.8mm
  7
SLDTEXTSTYLE0
 73
     1
 44
1.0
  0
MTEXT
  5
298
330
286
100
AcDbEntity
  8
0
  6
Continuous
 62
     7
370
    18
100
AcDbMText
 10
1.8524427316
 20
3.5489566548
 30
0.0
 40
0.0833333333
 41
0.0
 71
     1
 72
     1
  1

  7
SLDTEXTSTYLE0
 73
     1
 44
1.0
  0
ENDBLK
  5
288
330
286
100
AcDbEntity
  8
0
100
AcDbBlockEnd
  0
BLOCK
  5
29B
330
29A
100
AcDbEntity
  8
0
100
AcDbBlockBegin
  2
_D_3
 70
     0
 10
0.0
 20
0.0
 30
0.0
  3
_D_3
  1

  0
SOLID
  5
29D
330
29A
100
AcDbEntity
  8
0
  6
Continuous
 62
     7
370
    18
100
AcDbTrace
 10
0.8187041543
 20
5.1566362054
 30
0.0
 11
0.7987041543
 21
5.0316362054
 31
0.0
 12
0.8387041543
 22
5.0316362054
 32
0.0
 13
0.8387041543
 23
5.0316362054
 33
0.0
  0
SOLID
  5
29E
330
29A
100
AcDbEntity
  8
0
  6
Continuous
 62
     7
370
    18
100
AcDbTrace
 10
0.8187041543
 20
2.3603028721
 30
0.0
 11
0.8387041543
 21
2.4853028721
 31
0.0
 12
0.7987041543
 22
2.4853028721
 32
0.0
 13
0.7987041543
 23
2.4853028721
 33
0.0
  0
LINE
  5
29F
330
29A
100
AcDbEntity
  8
0
  6
Continuous
 62
     7
370
    18
100
AcDbLine
 10
0.5760343901
 20
3.7584695296
 30
0.0
 11
0.5506871675
 21
3.7584695296
 31
0.0
  0
LINE
  5
2A0
330
29A
100
AcDbEntity
  8
0
  6
Continuous
 62
     7
370
    18
100
AcDbLine
 10
0.5506871675
 20
3.7584695296
 30
0.0
 11
0.5506871675
 21
3.626062125
 31
0.0
  0
LINE
  5
2A1
330
29A
100
AcDbEntity
  8
0
  6
Continuous
 62
     7
370
    18
100
AcDbLine
 10
0.5506871675
 20
3.626062125
 30
0.0
 11
0.5760343901
 21
3.626062125
 31
0.0
  0
LINE
  5
2A2
330
29A
100
AcDbEntity
  8
0
  6
Continuous
 62
     7
370
    18
100
AcDbLine
 10
1.0613739368
 20
3.7584695296
 30
0.0
 11
1.0867211594
 21
3.7584695296
 31
0.0
  0
LINE
  5
2A3
330
29A
100
AcDbEntity
  8
0
  6
Continuous
 62
     7
370
    18
100
AcDbLine
 10
1.0867211594
 20
3.7584695296
 30
0.0
 11
1.0867211594
 21
3.626062125
 31
0.0
  0
LINE
  5
2A4
330
29A
100
AcDbEntity
  8
0
  6
Continuous
 62
     7
370
    18
100
AcDbLine
 10
1.0867211594
 20
3.626062125
 30
0.0
 11
1.0613739368
 21
3.626062125
 31
0.0
  0
LINE
  5
2A5
330
29A
100
AcDbEntity
  8
0
  6
Continuous
 62
     7
370
    18
100
AcDbLine
 10
1.9297330257
 20
5.1566362054
 30
0.0
 11
0.7487041543
 21
5.1566362054
 31
0.0
  0
LINE
  5
2A6
330
29A
100
AcDbEntity
  8
0
  6
Continuous
 62
     7
370
    18
100
AcDbLine
 10
2.573066359
 20
2.3603028721
 30
0.0
 11
0.7487041543
 21
2.3603028721
 31
0.0
  0
LINE
  5
2A7
330
29A
100
AcDbEntity
  8
0
  6
Continuous
 62
     7
370
    18
100
AcDbLine
 10
0.8187041543
 20
5.1566362054
 30
0.0
 11
0.8187041543
 21
3.9077750856
 31
0.0
  0
LINE
  5
2A8
330
29A
100
AcDbEntity
  8
0
  6
Continuous
 62
     7
370
    18
100
AcDbLine
 10
0.8187041543
 20
2.3603028721
 30
0.0
 11
0.8187041543
 21
3.6091639919
 31
0.0
  0
MTEXT
  5
2A9
330
29A
100
AcDbEntity
  8
0
  6
Continuous
 62
     7
370
    18
100
AcDbMText
 10
0.5264201928
 20
3.8827899881
 30
0.0
 40
0.0833333333
 41
0.0
 71
     1
 72
     1
  1

  7
SLDTEXTSTYLE0
 73
     1
 44
1.0
  0
MTEXT
  5
2AA
330
29A
100
AcDbEntity
  8
0
  6
Continuous
 62
     7
370
    18
100
AcDbMText
 10
0.6660035333
 20
3.8827899881
 30
0.0
 40
0.0833333333
 41
0.0
 71
     1
 72
     1
  1
4.19in
  7
SLDTEXTSTYLE0
 73
     1
 44
1.0
  0
MTEXT
  5
2AB
330
29A
100
AcDbEntity
  8
0
  6
Continuous
 62
     7
370
    18
100
AcDbMText
 10
0.5760343901
 20
3.733484432
 30
0.0
 40
0.0833333333
 41
0.0
 71
     1
 72
     1
  1
106.5mm
  7
SLDTEXTSTYLE0
 73
     1
 44
1.0
  0
MTEXT
  5
2AC
330
29A
100
AcDbEntity
  8
0
  6
Continuous
 62
     7
370
    18
100
AcDbMText
 10
1.1745683453
 20
3.8827899881
 30
0.0
 40
0.0833333333
 41
0.0
 71
     1
 72
     1
  1

  7
SLDTEXTSTYLE0
 73
     1
 44
1.0
  0
ENDBLK
  5
29C
330
29A
100
AcDbEntity
  8
0
100
AcDbBlockEnd
  0
BLOCK
  5
2B0
330
2AF
100
AcDbEntity
  8
0
100
AcDbBlockBegin
  2
_D_4
 70
     0
 10
0.0
 20
0.0
 30
0.0
  3
_D_4
  1

  0
SOLID
  5
2B2
330
2AF
100
AcDbEntity
  8
0
  6
Continuous
 62
     7
370
    18
100
AcDbTrace
 10
2.7428264225
 20
2.8478488609
 30
0.0
 11
2.8422656359
 21
2.9261868646
 31
0.0
 12
2.8128589969
 22
2.9533023507
 32
0.0
 13
2.8128589969
 23
2.9533023507
 33
0.0
  0
LINE
  5
2B3
330
2AF
100
AcDbEntity
  8
0
  6
Continuous
 62
     7
370
    18
100
AcDbLine
 10
2.7428264225
 20
2.8478488609
 30
0.0
 11
3.5601940417
 21
3.734280859
 31
0.0
  0
LINE
  5
2B4
330
2AF
100
AcDbEntity
  8
0
  6
Continuous
 62
     7
370
    18
100
AcDbLine
 10
3.5601940417
 20
3.734280859
 30
0.0
 11
3.7101940417
 21
3.734280859
 31
0.0
  0
MTEXT
  5
2B5
330
2AF
100
AcDbEntity
  8
0
  6
Continuous
 62
     7
370
    18
100
AcDbMText
 10
3.7414440417
 20
3.7754666838
 30
0.0
 40
0.0833333333
 41
0.0
 71
     1
 72
     1
  1
CLEARANCE SLOT FOR USE WITH
  7
SLDTEXTSTYLE0
 73
     1
 44
1.0
  0
MTEXT
  5
2B6
330
2AF
100
AcDbEntity
  8
0
  6
Continuous
 62
     7
370
    18
100
AcDbMText
 10
3.7414440417
 20
3.6430592793
 30
0.0
 40
0.0833333333
 41
0.0
 71
     1
 72
     1
  1
1/4in-20 [M6 x 1.0] SOCKET HEAD
  7
SLDTEXTSTYLE0
 73
     1
 44
1.0
  0
MTEXT
  5
2B7
330
2AF
100
AcDbEntity
  8
0
  6
Continuous
 62
     7
370
    18
100
AcDbMText
 10
3.7414440417
 20
3.5106518747
 30
0.0
 40
0.0833333333
 41
0.0
 71
     1
 72
     1
  1
CAP SCREW AND FLAT WASHER
  7
SLDTEXTSTYLE0
 73
     1
 44
1.0
  0
MTEXT
  5
2B8
330
2AF
100
AcDbEntity
  8
0
  6
Continuous
 62
     7
370
    18
100
AcDbMText
 10
3.7414440417
 20
3.3782444701
 30
0.0
 40
0.0833333333
 41
0.0
 71
     1
 72
     1
  1
(NOT INCLUDED)
  7
SLDTEXTSTYLE0
 73
     1
 44
1.0
  0
ENDBLK
  5
2B1
330
2AF
100
AcDbEntity
  8
0
100
AcDbBlockEnd
  0
BLOCK
  5
2BA
330
2B9
100
AcDbEntity
  8
0
100
AcDbBlockBegin
  2
SW_CENTERMARKSYMBOL_0
 70
     0
 10
0.0
 20
0.0
 30
0.0
  3
SW_CENTERMARKSYMBOL_0
  1

  0
LINE
  5
2BC
330
2B9
100
AcDbEntity
  8
0
  6
Continuous
 62
     0
370
     0
100
AcDbLine
 10
0.0
 20
0.0
 30
0.0
 11
0.0
 21
0.0333333333
 31
0.0
  0
LINE
  5
2BD
330
2B9
100
AcDbEntity
  8
0
  6
Continuous
 62
     0
370
     0
100
AcDbLine
 10
0.0
 20
0.0
 30
0.0
 11
-0.0333333333
 21
0.0
 31
0.0
  0
LINE
  5
2BE
330
2B9
100
AcDbEntity
  8
0
  6
Continuous
 62
     0
370
     0
100
AcDbLine
 10
0.0
 20
0.0
 30
0.0
 11
0.0
 21
-0.0333333333
 31
0.0
  0
LINE
  5
2BF
330
2B9
100
AcDbEntity
  8
0
  6
Continuous
 62
     0
370
     0
100
AcDbLine
 10
0.0
 20
0.0
 30
0.0
 11
0.0333333333
 21
0.0
 31
0.0
  0
ENDBLK
  5
2BB
330
2B9
100
AcDbEntity
  8
0
100
AcDbBlockEnd
  0
BLOCK
  5
2C2
330
2C1
100
AcDbEntity
  8
0
100
AcDbBlockBegin
  2
SW_CENTERMARKSYMBOL_1
 70
     0
 10
0.0
 20
0.0
 30
0.0
  3
SW_CENTERMARKSYMBOL_1
  1

  0
LINE
  5
2C4
330
2C1
100
AcDbEntity
  8
0
  6
Continuous
 62
     0
370
     0
100
AcDbLine
 10
0.0
 20
0.0
 30
0.0
 11
0.0
 21
0.0333333333
 31
0.0
  0
LINE
  5
2C5
330
2C1
100
AcDbEntity
  8
0
  6
Continuous
 62
     0
370
     0
100
AcDbLine
 10
0.0
 20
0.0
 30
0.0
 11
-0.0333333333
 21
0.0
 31
0.0
  0
LINE
  5
2C6
330
2C1
100
AcDbEntity
  8
0
  6
Continuous
 62
     0
370
     0
100
AcDbLine
 10
0.0
 20
0.0
 30
0.0
 11
0.0
 21
-0.0333333333
 31
0.0
  0
LINE
  5
2C7
330
2C1
100
AcDbEntity
  8
0
  6
Continuous
 62
     0
370
     0
100
AcDbLine
 10
0.0
 20
0.0
 30
0.0
 11
0.0333333333
 21
0.0
 31
0.0
  0
ENDBLK
  5
2C3
330
2C1
100
AcDbEntity
  8
0
100
AcDbBlockEnd
  0
BLOCK
  5
2CA
330
2C9
100
AcDbEntity
  8
0
100
AcDbBlockBegin
  2
SW_CENTERMARKSYMBOL_2
 70
     0
 10
0.0
 20
0.0
 30
0.0
  3
SW_CENTERMARKSYMBOL_2
  1

  0
LINE
  5
2CC
330
2C9
100
AcDbEntity
  8
0
  6
Continuous
 62
     0
370
     0
100
AcDbLine
 10
0.0
 20
0.0
 30
0.0
 11
0.0
 21
0.0333333333
 31
0.0
  0
LINE
  5
2CD
330
2C9
100
AcDbEntity
  8
0
  6
Continuous
 62
     0
370
     0
100
AcDbLine
 10
0.0
 20
0.0
 30
0.0
 11
-0.0333333333
 21
0.0
 31
0.0
  0
LINE
  5
2CE
330
2C9
100
AcDbEntity
  8
0
  6
Continuous
 62
     0
370
     0
100
AcDbLine
 10
0.0
 20
0.0
 30
0.0
 11
0.0
 21
-0.0333333333
 31
0.0
  0
LINE
  5
2CF
330
2C9
100
AcDbEntity
  8
0
  6
Continuous
 62
     0
370
     0
100
AcDbLine
 10
0.0
 20
0.0
 30
0.0
 11
0.0333333333
 21
0.0
 31
0.0
  0
ENDBLK
  5
2CB
330
2C9
100
AcDbEntity
  8
0
100
AcDbBlockEnd
  0
BLOCK
  5
302
330
301
100
AcDbEntity
  8
0
100
AcDbBlockBegin
  2
_D_5
 70
     0
 10
0.0
 20
0.0
 30
0.0
  3
_D_5
  1

  0
SOLID
  5
304
330
301
100
AcDbEntity
  8
0
  6
Continuous
 62
     7
370
    18
100
AcDbTrace
 10
5.8894331567
 20
5.5503369928
 30
0.0
 11
5.7644331567
 21
5.5703369928
 31
0.0
 12
5.7644331567
 22
5.5303369928
 32
0.0
 13
5.7644331567
 23
5.5303369928
 33
0.0
  0
SOLID
  5
305
330
301
100
AcDbEntity
  8
0
  6
Continuous
 62
     7
370
    18
100
AcDbTrace
 10
6.17276649
 20
5.5503369928
 30
0.0
 11
6.29776649
 21
5.5303369928
 31
0.0
 12
6.29776649
 22
5.5703369928
 32
0.0
 13
6.29776649
 23
5.5703369928
 33
0.0
  0
LINE
  5
306
330
301
100
AcDbEntity
  8
0
  6
Continuous
 62
     7
370
    18
100
AcDbLine
 10
5.0826247892
 20
5.4672023591
 30
0.0
 11
5.0572775666
 21
5.4672023591
 31
0.0
  0
LINE
  5
307
330
301
100
AcDbEntity
  8
0
  6
Continuous
 62
     7
370
    18
100
AcDbLine
 10
5.0572775666
 20
5.4672023591
 30
0.0
 11
5.0572775666
 21
5.3347949546
 31
0.0
  0
LINE
  5
308
330
301
100
AcDbEntity
  8
0
  6
Continuous
 62
     7
370
    18
100
AcDbLine
 10
5.0572775666
 20
5.3347949546
 30
0.0
 11
5.0826247892
 21
5.3347949546
 31
0.0
  0
LINE
  5
309
330
301
100
AcDbEntity
  8
0
  6
Continuous
 62
     7
370
    18
100
AcDbLine
 10
5.5063902372
 20
5.4672023591
 30
0.0
 11
5.5317374598
 21
5.4672023591
 31
0.0
  0
LINE
  5
30A
330
301
100
AcDbEntity
  8
0
  6
Continuous
 62
     7
370
    18
100
AcDbLine
 10
5.5317374598
 20
5.4672023591
 30
0.0
 11
5.5317374598
 21
5.3347949546
 31
0.0
  0
LINE
  5
30B
330
301
100
AcDbEntity
  8
0
  6
Continuous
 62
     7
370
    18
100
AcDbLine
 10
5.5317374598
 20
5.3347949546
 30
0.0
 11
5.5063902372
 21
5.3347949546
 31
0.0
  0
LINE
  5
30C
330
301
100
AcDbEntity
  8
0
  6
Continuous
 62
     7
370
    18
100
AcDbLine
 10
5.8894331567
 20
5.2066362054
 30
0.0
 11
5.8894331567
 21
5.6203369928
 31
0.0
  0
LINE
  5
30D
330
301
100
AcDbEntity
  8
0
  6
Continuous
 62
     7
370
    18
100
AcDbLine
 10
6.17276649
 20
5.2066362054
 30
0.0
 11
6.17276649
 21
5.6203369928
 31
0.0
  0
LINE
  5
30E
330
301
100
AcDbEntity
  8
0
  6
Continuous
 62
     7
370
    18
100
AcDbLine
 10
5.8894331567
 20
5.5503369928
 30
0.0
 11
5.635425094
 21
5.5503369928
 31
0.0
  0
LINE
  5
30F
330
301
100
AcDbEntity
  8
0
  6
Continuous
 62
     7
370
    18
100
AcDbLine
 10
6.17276649
 20
5.5503369928
 30
0.0
 11
6.42276649
 21
5.5503369928
 31
0.0
  0
MTEXT
  5
310
330
301
100
AcDbEntity
  8
0
  6
Continuous
 62
     7
370
    18
100
AcDbMText
 10
5.0330105919
 20
5.5915228177
 30
0.0
 40
0.0833333333
 41
0.0
 71
     1
 72
     1
  1

  7
SLDTEXTSTYLE0
 73
     1
 44
1.0
  0
MTEXT
  5
311
330
301
100
AcDbEntity
  8
0
  6
Continuous
 62
     7
370
    18
100
AcDbMText
 10
5.2516834221
 20
5.5915228177
 30
0.0
 40
0.0833333333
 41
0.0
 71
     1
 72
     1
  1
0.43in
  7
SLDTEXTSTYLE0
 73
     1
 44
1.0
  0
MTEXT
  5
312
330
301
100
AcDbEntity
  8
0
  6
Continuous
 62
     7
370
    18
100
AcDbMText
 10
5.0826247892
 20
5.4422172616
 30
0.0
 40
0.0833333333
 41
0.0
 71
     1
 72
     1
  1
10.8mm
  7
SLDTEXTSTYLE0
 73
     1
 44
1.0
  0
MTEXT
  5
313
330
301
100
AcDbEntity
  8
0
  6
Continuous
 62
     7
370
    18
100
AcDbMText
 10
5.6195846824
 20
5.5915228177
 30
0.0
 40
0.0833333333
 41
0.0
 71
     1
 72
     1
  1

  7
SLDTEXTSTYLE0
 73
     1
 44
1.0
  0
ENDBLK
  5
303
330
301
100
AcDbEntity
  8
0
100
AcDbBlockEnd
  0
BLOCK
  5
316
330
315
100
AcDbEntity
  8
0
100
AcDbBlockBegin
  2
_D_6
 70
     0
 10
0.0
 20
0.0
 30
0.0
  3
_D_6
  1

  0
SOLID
  5
318
330
315
100
AcDbEntity
  8
0
  6
Continuous
 62
     7
370
    18
100
AcDbTrace
 10
6.19276649
 20
2.0014538802
 30
0.0
 11
6.31776649
 21
1.9814538802
 31
0.0
 12
6.31776649
 22
2.0214538802
 32
0.0
 13
6.31776649
 23
2.0214538802
 33
0.0
  0
SOLID
  5
319
330
315
100
AcDbEntity
  8
0
  6
Continuous
 62
     7
370
    18
100
AcDbTrace
 10
5.87276649
 20
2.0014538802
 30
0.0
 11
5.74776649
 21
2.0214538802
 31
0.0
 12
5.74776649
 22
1.9814538802
 32
0.0
 13
5.74776649
 23
1.9814538802
 33
0.0
  0
LINE
  5
31A
330
315
100
AcDbEntity
  8
0
  6
Continuous
 62
     7
370
    18
100
AcDbLine
 10
6.5524633789
 20
1.9183192465
 30
0.0
 11
6.5271161563
 21
1.9183192465
 31
0.0
  0
LINE
  5
31B
330
315
100
AcDbEntity
  8
0
  6
Continuous
 62
     7
370
    18
100
AcDbLine
 10
6.5271161563
 20
1.9183192465
 30
0.0
 11
6.5271161563
 21
1.7859118419
 31
0.0
  0
LINE
  5
31C
330
315
100
AcDbEntity
  8
0
  6
Continuous
 62
     7
370
    18
100
AcDbLine
 10
6.5271161563
 20
1.7859118419
 30
0.0
 11
6.5524633789
 21
1.7859118419
 31
0.0
  0
LINE
  5
31D
330
315
100
AcDbEntity
  8
0
  6
Continuous
 62
     7
370
    18
100
AcDbLine
 10
6.9762288269
 20
1.9183192465
 30
0.0
 11
7.0015760495
 21
1.9183192465
 31
0.0
  0
LINE
  5
31E
330
315
100
AcDbEntity
  8
0
  6
Continuous
 62
     7
370
    18
100
AcDbLine
 10
7.0015760495
 20
1.9183192465
 30
0.0
 11
7.0015760495
 21
1.7859118419
 31
0.0
  0
LINE
  5
31F
330
315
100
AcDbEntity
  8
0
  6
Continuous
 62
     7
370
    18
100
AcDbLine
 10
7.0015760495
 20
1.7859118419
 30
0.0
 11
6.9762288269
 21
1.7859118419
 31
0.0
  0
LINE
  5
320
330
315
100
AcDbEntity
  8
0
  6
Continuous
 62
     7
370
    18
100
AcDbLine
 10
6.19276649
 20
2.3103028721
 30
0.0
 11
6.19276649
 21
1.9314538802
 31
0.0
  0
LINE
  5
321
330
315
100
AcDbEntity
  8
0
  6
Continuous
 62
     7
370
    18
100
AcDbLine
 10
5.87276649
 20
2.3269695387
 30
0.0
 11
5.87276649
 21
1.9314538802
 31
0.0
  0
LINE
  5
322
330
315
100
AcDbEntity
  8
0
  6
Continuous
 62
     7
370
    18
100
AcDbLine
 10
6.19276649
 20
2.0014538802
 30
0.0
 11
6.4234285404
 21
2.0014538802
 31
0.0
  0
LINE
  5
323
330
315
100
AcDbEntity
  8
0
  6
Continuous
 62
     7
370
    18
100
AcDbLine
 10
5.87276649
 20
2.0014538802
 30
0.0
 11
5.62276649
 21
2.0014538802
 31
0.0
  0
MTEXT
  5
324
330
315
100
AcDbEntity
  8
0
  6
Continuous
 62
     7
370
    18
100
AcDbMText
 10
6.5028491816
 20
2.042639705
 30
0.0
 40
0.0833333333
 41
0.0
 71
     1
 72
     1
  1

  7
SLDTEXTSTYLE0
 73
     1
 44
1.0
  0
MTEXT
  5
325
330
315
100
AcDbEntity
  8
0
  6
Continuous
 62
     7
370
    18
100
AcDbMText
 10
6.5017689337
 20
2.042639705
 30
0.0
 40
0.0833333333
 41
0.0
 71
     1
 72
     1
  1
0.48in
  7
SLDTEXTSTYLE0
 73
     1
 44
1.0
  0
MTEXT
  5
326
330
315
100
AcDbEntity
  8
0
  6
Continuous
 62
     7
370
    18
100
AcDbMText
 10
6.5524633789
 20
1.893334149
 30
0.0
 40
0.0833333333
 41
0.0
 71
     1
 72
     1
  1
12.2mm
  7
SLDTEXTSTYLE0
 73
     1
 44
1.0
  0
MTEXT
  5
327
330
315
100
AcDbEntity
  8
0
  6
Continuous
 62
     7
370
    18
100
AcDbMText
 10
7.0894232721
 20
2.042639705
 30
0.0
 40
0.0833333333
 41
0.0
 71
     1
 72
     1
  1

  7
SLDTEXTSTYLE0
 73
     1
 44
1.0
  0
ENDBLK
  5
317
330
315
100
AcDbEntity
  8
0
100
AcDbBlockEnd
  0
BLOCK
  5
383
330
382
100
AcDbEntity
  8
0
100
AcDbBlockBegin
  2
_D_7
 70
     0
 10
0.0
 20
0.0
 30
0.0
  3
_D_7
  1

  0
SOLID
  5
385
330
382
100
AcDbEntity
  8
0
  6
Continuous
 62
     7
370
    18
100
AcDbTrace
 10
7.7934998206
 20
4.5493157478
 30
0.0
 11
7.7042536675
 21
4.4595375536
 31
0.0
 12
7.7367209308
 22
4.4361735467
 32
0.0
 13
7.7367209308
 23
4.4361735467
 33
0.0
  0
LINE
  5
386
330
382
100
AcDbEntity
  8
0
  6
Continuous
 62
     7
370
    18
100
AcDbLine
 10
7.7934998206
 20
4.5493157478
 30
0.0
 11
7.3248136525
 21
3.898016624
 31
0.0
  0
LINE
  5
387
330
382
100
AcDbEntity
  8
0
  6
Continuous
 62
     7
370
    18
100
AcDbLine
 10
7.3248136525
 20
3.898016624
 30
0.0
 11
7.1748136525
 21
3.898016624
 31
0.0
  0
MTEXT
  5
388
330
382
100
AcDbEntity
  8
0
  6
Continuous
 62
     7
370
    18
100
AcDbMText
 10
6.7123753803
 20
3.9392024489
 30
0.0
 40
0.0833333333
 41
0.0
 71
     1
 72
     1
  1
%%c
  7
SLDTEXTSTYLE0
 73
     1
 44
1.0
  0
MTEXT
  5
389
330
382
100
AcDbEntity
  8
0
  6
Continuous
 62
     7
370
    18
100
AcDbMText
 10
6.8381624197
 20
3.9392024489
 30
0.0
 40
0.0833333333
 41
0.0
 71
     1
 72
     1
  1
1.88in
  7
SLDTEXTSTYLE0
 73
     1
 44
1.0
  0
MTEXT
  5
38A
330
382
100
AcDbEntity
  8
0
  6
Continuous
 62
     7
370
    18
100
AcDbMText
 10
6.515924763
 20
3.8067950443
 30
0.0
 40
0.0833333333
 41
0.0
 71
     1
 72
     1
  1
[
  7
SLDTEXTSTYLE0
 73
     1
 44
1.0
  0
MTEXT
  5
38B
330
382
100
AcDbEntity
  8
0
  6
Continuous
 62
     7
370
    18
100
AcDbMText
 10
6.5549679732
 20
3.8067950443
 30
0.0
 40
0.0833333333
 41
0.0
 71
     1
 72
     1
  1
%%c
  7
SLDTEXTSTYLE0
 73
     1
 44
1.0
  0
MTEXT
  5
38C
330
382
100
AcDbEntity
  8
0
  6
Continuous
 62
     7
370
    18
100
AcDbMText
 10
6.6807550172
 20
3.8067950443
 30
0.0
 40
0.0833333333
 41
0.0
 71
     1
 72
     1
  1
47.8mm]
  7
SLDTEXTSTYLE0
 73
     1
 44
1.0
  0
ENDBLK
  5
384
330
382
100
AcDbEntity
  8
0
100
AcDbBlockEnd
  0
BLOCK
  5
38F
330
38E
100
AcDbEntity
  8
0
100
AcDbBlockBegin
  2
_D_8
 70
     0
 10
0.0
 20
0.0
 30
0.0
  3
_D_8
  1

  0
ARC
  5
391
330
38E
100
AcDbEntity
  8
0
  6
Continuous
 62
     7
370
    18
100
AcDbCircle
 10
8.1595359283
 20
5.0579695387
 30
0.0
 40
0.5119999999999997
100
AcDbArc
 50
292.2148598567
 51
317.5779051618
  0
SOLID
  5
392
330
38E
100
AcDbEntity
  8
0
  6
Continuous
 62
     7
370
    18
100
AcDbTrace
 10
8.4155359283
 20
4.614564532
 30
0.0
 11
8.4607154202
 21
4.4963113565
 31
0.0
 12
8.4953564363
 22
4.5163113565
 32
0.0
 13
8.4953564363
 23
4.5163113565
 33
0.0
  0
LINE
  5
393
330
38E
100
AcDbEntity
  8
0
  6
Continuous
 62
     7
370
    18
100
AcDbLine
 10
8.4155359283
 20
4.614564532
 30
0.0
 11
8.8292350558
 21
3.898016624
 31
0.0
  0
LINE
  5
394
330
38E
100
AcDbEntity
  8
0
  6
Continuous
 62
     7
370
    18
100
AcDbLine
 10
8.8292350558
 20
3.898016624
 30
0.0
 11
8.9792350558
 21
3.898016624
 31
0.0
  0
MTEXT
  5
395
330
38E
100
AcDbEntity
  8
0
  6
Continuous
 62
     7
370
    18
100
AcDbMText
 10
9.0104850558
 20
3.9392024489
 30
0.0
 40
0.0833333333
 41
0.0
 71
     1
 72
     1
  1
%%c
  7
SLDTEXTSTYLE0
 73
     1
 44
1.0
  0
MTEXT
  5
396
330
38E
100
AcDbEntity
  8
0
  6
Continuous
 62
     7
370
    18
100
AcDbMText
 10
9.1362720952
 20
3.9392024489
 30
0.0
 40
0.0833333333
 41
0.0
 71
     1
 72
     1
  1
1.54in [
  7
SLDTEXTSTYLE0
 73
     1
 44
1.0
  0
MTEXT
  5
397
330
38E
100
AcDbEntity
  8
0
  6
Continuous
 62
     7
370
    18
100
AcDbMText
 10
9.5114264189
 20
3.9392024489
 30
0.0
 40
0.0833333333
 41
0.0
 71
     1
 72
     1
  1
%%c
  7
SLDTEXTSTYLE0
 73
     1
 44
1.0
  0
MTEXT
  5
398
330
38E
100
AcDbEntity
  8
0
  6
Continuous
 62
     7
370
    18
100
AcDbMText
 10
9.6372134491
 20
3.9392024489
 30
0.0
 40
0.0833333333
 41
0.0
 71
     1
 72
     1
  1
39.0mm]
  7
SLDTEXTSTYLE0
 73
     1
 44
1.0
  0
MTEXT
  5
399
330
38E
100
AcDbEntity
  8
0
  6
Continuous
 62
     7
370
    18
100
AcDbMText
 10
9.0104850558
 20
3.8067950443
 30
0.0
 40
0.0833333333
 41
0.0
 71
     1
 72
     1
  1
FOR USE WITH
  7
SLDTEXTSTYLE0
 73
     1
 44
1.0
  0
MTEXT
  5
39A
330
38E
100
AcDbEntity
  8
0
  6
Continuous
 62
     7
370
    18
100
AcDbMText
 10
9.7632628263
 20
3.8067950443
 30
0.0
 40
0.0833333333
 41
0.0
 71
     1
 72
     1
  1
%%c
  7
SLDTEXTSTYLE0
 73
     1
 44
1.0
  0
MTEXT
  5
39B
330
38E
100
AcDbEntity
  8
0
  6
Continuous
 62
     7
370
    18
100
AcDbMText
 10
9.8890498932
 20
3.8067950443
 30
0.0
 40
0.0833333333
 41
0.0
 71
     1
 72
     1
  1
1.50in [
  7
SLDTEXTSTYLE0
 73
     1
 44
1.0
  0
MTEXT
  5
39C
330
38E
100
AcDbEntity
  8
0
  6
Continuous
 62
     7
370
    18
100
AcDbMText
 10
10.2642042261
 20
3.8067950443
 30
0.0
 40
0.0833333333
 41
0.0
 71
     1
 72
     1
  1
%%c
  7
SLDTEXTSTYLE0
 73
     1
 44
1.0
  0
MTEXT
  5
39D
330
38E
100
AcDbEntity
  8
0
  6
Continuous
 62
     7
370
    18
100
AcDbMText
 10
10.389991293
 20
3.8067950443
 30
0.0
 40
0.0833333333
 41
0.0
 71
     1
 72
     1
  1
38.1mm]
  7
SLDTEXTSTYLE0
 73
     1
 44
1.0
  0
MTEXT
  5
39E
330
38E
100
AcDbEntity
  8
0
  6
Continuous
 62
     7
370
    18
100
AcDbMText
 10
9.0104850558
 20
3.6743876397
 30
0.0
 40
0.0833333333
 41
0.0
 71
     1
 72
     1
  1
P-POSTS
  7
SLDTEXTSTYLE0
 73
     1
 44
1.0
  0
ENDBLK
  5
390
330
38E
100
AcDbEntity
  8
0
100
AcDbBlockEnd
  0
BLOCK
  5
3A0
330
39F
100
AcDbEntity
  8
0
100
AcDbBlockBegin
  2
SW_CENTERMARKSYMBOL_3
 70
     0
 10
0.0
 20
0.0
 30
0.0
  3
SW_CENTERMARKSYMBOL_3
  1

  0
LINE
  5
3A2
330
39F
100
AcDbEntity
  8
0
  6
Continuous
 62
     0
370
     0
100
AcDbLine
 10
0.0
 20
0.0
 30
0.0
 11
0.0
 21
0.0333333333
 31
0.0
  0
LINE
  5
3A3
330
39F
100
AcDbEntity
  8
0
  6
Continuous
 62
     0
370
     0
100
AcDbLine
 10
0.0
 20
0.0
 30
0.0
 11
-0.0333333333
 21
0.0
 31
0.0
  0
LINE
  5
3A4
330
39F
100
AcDbEntity
  8
0
  6
Continuous
 62
     0
370
     0
100
AcDbLine
 10
0.0
 20
0.0
 30
0.0
 11
0.0
 21
-0.0333333333
 31
0.0
  0
LINE
  5
3A5
330
39F
100
AcDbEntity
  8
0
  6
Continuous
 62
     0
370
     0
100
AcDbLine
 10
0.0
 20
0.0
 30
0.0
 11
0.0333333333
 21
0.0
 31
0.0
  0
ENDBLK
  5
3A1
330
39F
100
AcDbEntity
  8
0
100
AcDbBlockEnd
  0
ENDSEC
  0
SECTION
  2
ENTITIES
  0
LINE
  5
115
330
1F
100
AcDbEntity
  8
0
  6
Continuous
 62
     7
370
    18
100
AcDbLine
 10
0.0621791378
 20
8.4506055117
 30
0.0
 11
10.9444569626
 21
8.4506055117
 31
0.0
  0
LINE
  5
116
330
1F
100
AcDbEntity
  8
0
  6
Continuous
 62
     7
370
    18
100
AcDbLine
 10
0.0621791378
 20
8.4506055117
 30
0.0
 11
0.0621791378
 21
0.035557648
 31
0.0
  0
LINE
  5
117
330
1F
100
AcDbEntity
  8
0
  6
Continuous
 62
     7
370
    18
100
AcDbLine
 10
10.9444569626
 20
0.035557648
 30
0.0
 11
0.0621791378
 21
0.035557648
 31
0.0
  0
LINE
  5
118
330
1F
100
AcDbEntity
  8
0
  6
Continuous
 62
     7
370
    18
100
AcDbLine
 10
10.9444569626
 20
0.035557648
 30
0.0
 11
10.9444569626
 21
8.4506055117
 31
0.0
  0
LINE
  5
119
330
1F
100
AcDbEntity
  8
0
  6
Continuous
 62
     7
370
    18
100
AcDbLine
 10
8.4938096065
 20
0.4840901186
 30
0.0
 11
6.7571952625
 21
0.4840901186
 31
0.0
  0
LINE
  5
11A
330
1F
100
AcDbEntity
  8
0
  6
Continuous
 62
     7
370
    18
100
AcDbLine
 10
6.7571952625
 20
0.4840901186
 30
0.0
 11
6.7571952625
 21
1.030163002
 31
0.0
  0
LINE
  5
11B
330
1F
100
AcDbEntity
  8
0
  6
Continuous
 62
     7
370
    18
100
AcDbLine
 10
6.7571952625
 20
0.035557648
 30
0.0
 11
6.7571952625
 21
1.030163002
 31
0.0
  0
LINE
  5
11C
330
1F
100
AcDbEntity
  8
0
  6
Continuous
 62
     7
370
    18
100
AcDbLine
 10
8.4938096065
 20
0.6756085809
 30
0.0
 11
10.9444569626
 21
0.6756085809
 31
0.0
  0
LINE
  5
11D
330
1F
100
AcDbEntity
  8
0
  6
Continuous
 62
     7
370
    18
100
AcDbLine
 10
8.4938096065
 20
1.3873799542
 30
0.0
 11
8.4938096065
 21
0.035557648
 31
0.0
  0
LINE
  5
11E
330
1F
100
AcDbEntity
  8
0
  6
Continuous
 62
     7
370
    18
100
AcDbLine
 10
8.4938096065
 20
1.030163002
 30
0.0
 11
6.7571952625
 21
1.030163002
 31
0.0
  0
LINE
  5
11F
330
1F
100
AcDbEntity
  8
0
  6
Continuous
 62
     7
370
    18
100
AcDbLine
 10
8.4938096065
 20
0.3598787426
 30
0.0
 11
10.9444569626
 21
0.3598787426
 31
0.0
  0
LINE
  5
120
330
1F
100
AcDbEntity
  8
0
  6
Continuous
 62
     7
370
    18
100
AcDbLine
 10
8.4938096065
 20
0.6662079686
 30
0.0
 11
6.7571952625
 21
0.6662079686
 31
0.0
  0
LINE
  5
121
330
1F
100
AcDbEntity
  8
0
  6
Continuous
 62
     7
370
    18
100
AcDbLine
 10
8.4938096065
 20
0.8459606517
 30
0.0
 11
6.7571952625
 21
0.8459606517
 31
0.0
  0
LINE
  5
122
330
1F
100
AcDbEntity
  8
0
  6
Continuous
 62
     7
370
    18
100
AcDbLine
 10
7.3281027587
 20
1.030163002
 30
0.0
 11
7.3281027587
 21
0.4840901186
 31
0.0
  0
LINE
  5
123
330
1F
100
AcDbEntity
  8
0
  6
Continuous
 62
     7
370
    18
100
AcDbLine
 10
7.8037240401
 20
1.030163002
 30
0.0
 11
7.8037240401
 21
0.4840901186
 31
0.0
  0
LINE
  5
124
330
1F
100
AcDbEntity
  8
0
  6
Continuous
 62
     7
370
    18
100
AcDbLine
 10
9.990119718
 20
0.3598787426
 30
0.0
 11
9.990119718
 21
0.035557648
 31
0.0
  0
LINE
  5
125
330
1F
100
AcDbEntity
  8
0
  6
Continuous
 62
     7
370
    18
100
AcDbLine
 10
6.7571952625
 20
0.4840901186
 30
0.0
 11
6.7571952625
 21
0.297745443
 31
0.0
  0
LINE
  5
126
330
1F
100
AcDbEntity
  8
0
  6
Continuous
 62
     7
370
    18
100
AcDbLine
 10
6.7571952625
 20
0.297745443
 30
0.0
 11
8.4938096065
 21
0.297745443
 31
0.0
  0
LINE
  5
127
330
1F
100
AcDbEntity
  8
0
  6
Continuous
 62
     7
370
    18
100
AcDbLine
 10
6.7571952625
 20
0.297745443
 30
0.0
 11
6.7571952625
 21
1.3873799542
 31
0.0
  0
LINE
  5
128
330
1F
100
AcDbEntity
  8
0
  6
Continuous
 62
     7
370
    18
100
AcDbLine
 10
6.7571952625
 20
1.3873799542
 30
0.0
 11
8.4938096065
 21
1.3873799542
 31
0.0
  0
LINE
  5
129
330
1F
100
AcDbEntity
  8
0
  6
Continuous
 62
     7
370
    18
100
AcDbLine
 10
10.6365495992
 20
0.6756085809
 30
0.0
 11
10.6365495992
 21
0.3598787426
 31
0.0
  0
LINE
  5
12A
330
1F
100
AcDbEntity
  8
0
  6
Continuous
 62
     7
370
    18
100
AcDbLine
 10
8.4938096065
 20
1.3873799542
 30
0.0
 11
10.9444569626
 21
1.3873799542
 31
0.0
  0
LINE
  5
12B
330
1F
100
AcDbEntity
  8
0
  6
Continuous
 62
     7
370
    18
100
AcDbLine
 10
10.9444569626
 20
1.3873799542
 30
0.0
 11
10.9444569626
 21
1.9698084888
 31
0.0
  0
LINE
  5
12C
330
1F
100
AcDbEntity
  8
0
  6
Continuous
 62
     7
370
    18
100
AcDbLine
 10
8.4938096065
 20
0.9800288797
 30
0.0
 11
10.9444569626
 21
0.9800288797
 31
0.0
  0
INSERT
  5
12D
330
1F
100
AcDbEntity
  8
0
  6
Continuous
 62
     7
100
AcDbBlockReference
  2
Third Angle Projection Block
 10
4.6348905679
 20
0.6108753523
 30
0.0
 41
0.8
 42
0.8
 43
0.8
  0
INSERT
  5
12E
330
1F
100
AcDbEntity
  8
0
  6
Continuous
 62
     7
100
AcDbBlockReference
  2
THORLABS LOGO1
 10
8.7223523294
 20
0.8395657607
 30
0.0
 41
0.25
 42
0.25
 43
0.25
  0
MTEXT
  5
130
330
1F
100
AcDbEntity
  8
0
  6
Continuous
 62
     7
370
     0
100
AcDbMText
 10
10.7892734632
 20
0.5227176726
 30
0.0
 40
0.125
 41
0.0
 71
     2
 72
     1
  1
A
  7
SLDTEXTSTYLE0
 73
     1
 44
1.0
  0
MTEXT
  5
131
330
1F
100
AcDbEntity
  8
0
  6
Continuous
 62
     7
370
     0
100
AcDbMText
 10
9.2418723358
 20
0.2019943461
 30
0.0
 40
0.125
 41
0.0
 71
     2
 72
     1
  1
PF175B
  7
SLDTEXTSTYLE0
 73
     1
 44
1.0
  0
MTEXT
  5
132
330
1F
100
AcDbEntity
  8
0
  6
Continuous
 62
     7
370
     0
100
AcDbMText
 10
8.5204715199
 20
0.6623747189
 30
0.0
 40
0.0833333333
 41
0.0
 71
     1
 72
     1
  1
MATERIAL
  7
SLDTEXTSTYLE0
 73
     1
 44
1.0
  0
MTEXT
  5
133
330
1F
100
AcDbEntity
  8
0
  6
Continuous
 62
     7
370
     0
100
AcDbMText
 10
6.8594860853
 20
0.7895493672
 30
0.0
 40
0.0729166667
 41
0.0
 71
     1
 72
     1
  1
DRAWN
  7
SLDTEXTSTYLE0
 73
     1
 44
1.0
  0
MTEXT
  5
134
330
1F
100
AcDbEntity
  8
0
  6
Continuous
 62
     7
370
     0
100
AcDbMText
 10
6.7872445848
 20
0.613335314
 30
0.0
 40
0.0729166667
 41
0.0
 71
     1
 72
     1
  1
APPROVAL
  7
SLDTEXTSTYLE0
 73
     1
 44
1.0
  0
MTEXT
  5
135
330
1F
100
AcDbEntity
  8
0
  6
Continuous
 62
     7
370
     0
100
AcDbMText
 10
10.6936137314
 20
0.6373332609
 30
0.0
 40
0.0833333333
 41
0.0
 71
     1
 72
     1
  1
REV
  7
SLDTEXTSTYLE0
 73
     1
 44
1.0
  0
MTEXT
  5
136
330
1F
100
AcDbEntity
  8
0
  6
Continuous
 62
     7
370
     0
100
AcDbMText
 10
7.4919633718
 20
0.7999100272
 30
0.0
 40
0.0833333333
 41
0.0
 71
     1
 72
     1
  1
CT
  7
SLDTEXTSTYLE0
 73
     1
 44
1.0
  0
MTEXT
  5
137
330
1F
100
AcDbEntity
  8
0
  6
Continuous
 62
     7
370
     0
100
AcDbMText
 10
7.4919633718
 20
0.623695974
 30
0.0
 40
0.0833333333
 41
0.0
 71
     1
 72
     1
  1
BM
  7
SLDTEXTSTYLE0
 73
     1
 44
1.0
  0
MTEXT
  5
138
330
1F
100
AcDbEntity
  8
0
  6
Continuous
 62
     7
370
     0
100
AcDbMText
 10
7.8687497515
 20
0.7999100272
 30
0.0
 40
0.0833333333
 41
0.0
 71
     1
 72
     1
  1
16/DEC/19
  7
SLDTEXTSTYLE0
 73
     1
 44
1.0
  0
MTEXT
  5
139
330
1F
100
AcDbEntity
  8
0
  6
Continuous
 62
     7
370
     0
100
AcDbMText
 10
8.0163191884
 20
0.9772495896
 30
0.0
 40
0.0833333333
 41
0.0
 71
     1
 72
     1
  1
DATE
  7
SLDTEXTSTYLE0
 73
     1
 44
1.0
  0
MTEXT
  5
13A
330
1F
100
AcDbEntity
  8
0
  6
Continuous
 62
     7
370
     0
100
AcDbMText
 10
7.8687497515
 20
0.623695974
 30
0.0
 40
0.0833333333
 41
0.0
 71
     1
 72
     1
  1
04/MAR/20
  7
SLDTEXTSTYLE0
 73
     1
 44
1.0
  0
MTEXT
  5
13C
330
1F
100
AcDbEntity
  8
0
  6
Continuous
 62
     7
370
     0
100
AcDbMText
 10
9.0316104912
 20
1.0943207896
 30
0.0
 40
0.0833333333
 41
0.0
 71
     1
 72
     1
  1
w w w . t h o r  l a b s . c o m
  7
SLDTEXTSTYLE1
 73
     1
 44
1.0
  0
MTEXT
  5
13D
330
1F
100
AcDbEntity
  8
0
  6
Continuous
 62
     7
370
     0
100
AcDbMText
 10
8.5315119501
 20
0.328719653
 30
0.0
 40
0.0833333333
 41
0.0
 71
     1
 72
     1
  1
ITEM #
  7
SLDTEXTSTYLE0
 73
     1
 44
1.0
  0
MTEXT
  5
13E
330
1F
100
AcDbEntity
  8
0
  6
Continuous
 62
     7
370
     0
100
AcDbMText
 10
10.0209370115
 20
0.328719653
 30
0.0
 40
0.0833333333
 41
0.0
 71
     1
 72
     1
  1
APPROX WEIGHT
  7
SLDTEXTSTYLE0
 73
     1
 44
1.0
  0
MTEXT
  5
13F
330
1F
100
AcDbEntity
  8
0
  6
Continuous
 62
     7
370
     0
100
AcDbMText
 10
9.5939008757
 20
0.5414715262
 30
0.0
 40
0.125
 41
0.0
 71
     2
 72
     1
  1
STAINLESS STEEL
  7
SLDTEXTSTYLE0
 73
     1
 44
1.0
  0
MTEXT
  5
140
330
1F
100
AcDbEntity
  8
0
  6
Continuous
 62
     7
370
     0
100
AcDbMText
 10
10.4790491378
 20
0.2019943461
 30
0.0
 40
0.125
 41
0.0
 71
     2
 72
     1
  1
0.18 kg
  7
SLDTEXTSTYLE0
 73
     1
 44
1.0
  0
INSERT
  5
146
330
1F
100
AcDbEntity
  8
0
  6
Continuous
 62
     7
370
     0
100
AcDbBlockReference
  2
SW_NOTE_0
 10
6.8835832285
 20
0.1754273811
 30
0.0
  0
INSERT
  5
14C
330
1F
100
AcDbEntity
  8
0
  6
Continuous
 62
     7
370
     0
100
AcDbBlockReference
  2
SW_NOTE_1
 10
6.8719828753
 20
1.2001390658
 30
0.0
  0
MTEXT
  5
14D
330
1F
100
AcDbEntity
  8
0
  6
Continuous
 62
     7
370
     0
100
AcDbMText
 10
7.3987149145
 20
0.9772495896
 30
0.0
 40
0.0833333333
 41
0.0
 71
     1
 72
     1
  1
NAME
  7
SLDTEXTSTYLE0
 73
     1
 44
1.0
  0
MTEXT
  5
14E
330
1F
100
AcDbEntity
  8
0
  6
Continuous
 62
     7
370
     0
100
AcDbMText
 10
9.7188450026
 20
0.8618607025
 30
0.0
 40
0.1041666667
 41
0.0
 71
     2
 72
     1
  1
P-POST SERIES CLAMPING FORK
  7
SLDTEXTSTYLE0
 73
     1
 44
1.0
  0
MTEXT
  5
14F
330
1F
100
AcDbEntity
  8
0
  6
Continuous
 62
     7
370
     0
100
AcDbMText
 10
7.0281258754
 20
0.4200025137
 30
0.0
 40
0.0625
 41
0.0
 71
     1
 72
     1
  1
COPYRIGHT © 2020 BY THORLABS
  7
SLDTEXTSTYLE0
 73
     1
 44
1.0
  0
INSERT
  5
155
330
1F
100
AcDbEntity
  8
0
  6
Continuous
 62
     7
370
     0
100
AcDbBlockReference
  2
SW_NOTE_2
 10
2.1096529316
 20
0.3219551564
 30
0.0
  0
SPLINE
  5
156
330
1F
100
AcDbEntity
  8
0
  6
Continuous
 62
     7
370
    18
100
AcDbSpline
210
0.0
220
0.0
230
1.0
 70
     8
 71
     3
 72
    23
 73
    19
 74
     0
 42
0.000000001
 43
0.00000001
 40
0.0
 40
0.0
 40
0.0
 40
0.0
 40
0.0770892099961755
 40
0.1509562602719215
 40
0.2224444640779334
 40
0.293447335264981
 40
0.3642027845369862
 40
0.4337673963956085
 40
0.5046046371481305
 40
0.578451526896678
 40
0.6181131074801863
 40
0.6618077645784721
 40
0.7084154776991877
 40
0.7587340035745611
 40
0.8134019038323816
 40
0.8719086137301995
 40
0.9337262819875798
 40
1.0
 40
1.0
 40
1.0
 40
1.0
 10
2.617755233140328
 20
2.403598533301528
 30
0.0
 10
2.617761647940464
 20
2.404165706267243
 30
0.0
 10
2.617774209416175
 20
2.405276345613994
 30
0.0
 10
2.617540604509498
 20
2.406904668655294
 30
0.0
 10
2.617029243347458
 20
2.408417829071801
 30
0.0
 10
2.616322601586137
 20
2.409824025973172
 30
0.0
 10
2.615395126666364
 20
2.411079692661809
 30
0.0
 10
2.614276008592626
 20
2.412166887695914
 30
0.0
 10
2.612959477034781
 20
2.413045221692318
 30
0.0
 10
2.61172883581051
 20
2.413623920092516
 30
0.0
 10
2.61063766511178
 20
2.414006565241212
 30
0.0
 10
2.609718761355476
 20
2.414270636072446
 30
0.0
 10
2.6087092956438
 20
2.414495619394684
 30
0.0
 10
2.607613388245988
 20
2.414699384801872
 30
0.0
 10
2.606423939276602
 20
2.414874420919992
 30
0.0
 10
2.605146054435236
 20
2.415023649835976
 30
0.0
 10
2.603780336856438
 20
2.415156383047536
 30
0.0
 10
2.602839855882102
 20
2.415206533438449
 30
0.0
 10
2.602353256644601
 20
2.4152324809511
 30
0.0
  0
SPLINE
  5
157
330
1F
100
AcDbEntity
  8
0
  6
Continuous
 62
     7
370
    18
100
AcDbSpline
210
0.0
220
0.0
230
1.0
 70
     8
 71
     3
 72
    19
 73
    15
 74
     0
 42
0.000000001
 43
0.00000001
 40
0.0
 40
0.0
 40
0.0
 40
0.0
 40
0.0918912777583962
 40
0.1776696065139894
 40
0.2571942549513626
 40
0.3327976967653631
 40
0.4066549490985494
 40
0.4826618512196168
 40
0.5603710238751182
 40
0.6427007135901189
 40
0.7282489562323592
 40
0.8150942647107186
 40
0.9054979451861275
 40
1.0
 40
1.0
 40
1.0
 40
1.0
 10
2.607998956430926
 20
2.393601204241699
 30
0.0
 10
2.608465503878347
 20
2.393669690730469
 30
0.0
 10
2.609367562304625
 20
2.393802107732477
 30
0.0
 10
2.610651322479122
 20
2.394117752091228
 30
0.0
 10
2.61181789573649
 20
2.39452877775051
 30
0.0
 10
2.612890435566332
 20
2.395016404085748
 30
0.0
 10
2.613857025660474
 20
2.395658053623269
 30
0.0
 10
2.614752306687736
 20
2.396413506527885
 30
0.0
 10
2.615539215549803
 20
2.397338664235491
 30
0.0
 10
2.616265693648252
 20
2.398370323854962
 30
0.0
 10
2.616871725327607
 20
2.399533102301853
 30
0.0
 10
2.617330643830161
 20
2.400804068829681
 30
0.0
 10
2.617639612292313
 20
2.402168500647154
 30
0.0
 10
2.61771612754591
 20
2.403114863808135
 30
0.0
 10
2.617755233140328
 20
2.403598533301528
 30
0.0
  0
SPLINE
  5
158
330
1F
100
AcDbEntity
  8
0
  6
Continuous
 62
     7
370
    18
100
AcDbSpline
210
0.0
220
0.0
230
1.0
 70
     8
 71
     3
 72
    11
 73
     7
 74
     0
 42
0.000000001
 43
0.00000001
 40
0.0
 40
0.0
 40
0.0
 40
0.0
 40
0.3295788604291299
 40
0.6051559243522374
 40
0.8292175043977925
 40
0.9999999999999999
 40
0.9999999999999999
 40
0.9999999999999999
 40
0.9999999999999999
 10
2.60234056967879
 20
2.393601204241699
 30
0.0
 10
2.602962144335076
 20
2.393572424749964
 30
0.0
 10
2.604103448074004
 20
2.393519581312434
 30
0.0
 10
2.605668525580475
 20
2.39349437071993
 30
0.0
 10
2.606935184232871
 20
2.39350444023237
 30
0.0
 10
2.607677766303074
 20
2.393571987794245
 30
0.0
 10
2.607998956430926
 20
2.393601204241699
 30
0.0
  0
LINE
  5
159
330
1F
100
AcDbEntity
  8
0
  6
Continuous
 62
     7
370
    18
100
AcDbLine
 10
2.5878393668
 20
2.4159936591
 30
0.0
 11
2.5867102268
 21
2.3944131795
 31
0.0
  0
LINE
  5
15A
330
1F
100
AcDbEntity
  8
0
  6
Continuous
 62
     7
370
    18
100
AcDbLine
 10
2.6023532561
 20
2.4152325656
 30
0.0
 11
2.5878393668
 21
2.4159936591
 31
0.0
  0
LINE
  5
15B
330
1F
100
AcDbEntity
  8
0
  6
Continuous
 62
     7
370
    18
100
AcDbLine
 10
2.5867102268
 20
2.3944131795
 30
0.0
 11
2.6023405696
 21
2.3936012422
 31
0.0
  0
SPLINE
  5
15C
330
1F
100
AcDbEntity
  8
0
  6
Continuous
 62
     7
370
    18
100
AcDbSpline
210
0.0
220
0.0
230
1.0
 70
     8
 71
     3
 72
    23
 73
    19
 74
     0
 42
0.000000001
 43
0.00000001
 40
0.0
 40
0.0
 40
0.0
 40
0.0
 40
0.0728459904658563
 40
0.1421244454120967
 40
0.2093376438691912
 40
0.2761549496245376
 40
0.3421538099436829
 40
0.4065446645569542
 40
0.4715421203027104
 40
0.5391652424530767
 40
0.576791238689941
 40
0.6200779713662086
 40
0.6690069061349931
 40
0.7231959191398556
 40
0.78380768077239
 40
0.8497059670840938
 40
0.9221486987296516
 40
0.9999999999999999
 40
0.9999999999999999
 40
0.9999999999999999
 40
0.9999999999999999
 10
2.616588032285627
 20
2.431281492703237
 30
0.0
 10
2.616597536043497
 20
2.431789435704043
 30
0.0
 10
2.616616078125332
 20
2.432780445872603
 30
0.0
 10
2.616412404255719
 20
2.434232311841632
 30
0.0
 10
2.615994648852412
 20
2.435589868123956
 30
0.0
 10
2.615420643148631
 20
2.436865363934413
 30
0.0
 10
2.614646327097391
 20
2.438008390959375
 30
0.0
 10
2.613696979471667
 20
2.438995741081623
 30
0.0
 10
2.612555933312512
 20
2.439772620439189
 30
0.0
 10
2.611476037757131
 20
2.440276920875086
 30
0.0
 10
2.610487469330171
 20
2.440585364933986
 30
0.0
 10
2.609612326182055
 20
2.440815967570314
 30
0.0
 10
2.608610465734056
 20
2.441009483513807
 30
0.0
 10
2.607486739352263
 20
2.44120599585749
 30
0.0
 10
2.606237491152685
 20
2.441364423153873
 30
0.0
 10
2.604858553094566
 20
2.441505663064191
 30
0.0
 10
2.603356162781835
 20
2.441614258588601
 30
0.0
 10
2.602311028676028
 20
2.441677447281471
 30
0.0
 10
2.601769656217251
 20
2.441710178600673
 30
0.0
  0
SPLINE
  5
15D
330
1F
100
AcDbEntity
  8
0
  6
Continuous
 62
     7
370
    18
100
AcDbSpline
210
0.0
220
0.0
230
1.0
 70
     8
 71
     3
 72
    15
 73
    11
 74
     0
 42
0.000000001
 43
0.00000001
 40
0.0
 40
0.0
 40
0.0
 40
0.0
 40
0.1369264207407695
 40
0.2627529080198149
 40
0.3831715949049009
 40
0.4995993844245632
 40
0.6166382941752635
 40
0.737652860830904
 40
0.8638049267249063
 40
1.0
 40
1.0
 40
1.0
 40
1.0
 10
2.609749757712978
 20
2.422996904028023
 30
0.0
 10
2.610262691491036
 20
2.423137607587039
 30
0.0
 10
2.61124697809604
 20
2.423407608578083
 30
0.0
 10
2.612594478830563
 20
2.424055384271336
 30
0.0
 10
2.613746593629351
 20
2.424872383396772
 30
0.0
 10
2.614721625350123
 20
2.425850287411694
 30
0.0
 10
2.615484894201907
 20
2.427002291095962
 30
0.0
 10
2.616078407180324
 20
2.42829105531382
 30
0.0
 10
2.616442842472613
 20
2.429741377479245
 30
0.0
 10
2.616538416117992
 20
2.430755184324264
 30
0.0
 10
2.616588032285627
 20
2.431281492703237
 30
0.0
  0
SPLINE
  5
15E
330
1F
100
AcDbEntity
  8
0
  6
Continuous
 62
     7
370
    18
100
AcDbSpline
210
0.0
220
0.0
230
1.0
 70
     8
 71
     3
 72
    15
 73
    11
 74
     0
 42
0.000000001
 43
0.00000001
 40
0.0
 40
0.0
 40
0.0
 40
0.0
 40
0.1670598871741377
 40
0.3212494844432766
 40
0.4642815973490647
 40
0.5946385009904228
 40
0.7140013275770445
 40
0.82090689833777
 40
0.9155304324393295
 40
1.0
 40
1.0
 40
1.0
 40
1.0
 10
2.601795030148875
 20
2.422692416848536
 30
0.0
 10
2.602238968822447
 20
2.42266846476325
 30
0.0
 10
2.603092645144284
 20
2.422622405860783
 30
0.0
 10
2.604328095126755
 20
2.422600845298572
 30
0.0
 10
2.605465943579115
 20
2.422598527282943
 30
0.0
 10
2.606510850667751
 20
2.422623425143242
 30
0.0
 10
2.607458885122282
 20
2.422671502675818
 30
0.0
 10
2.608309262232553
 20
2.42274813172287
 30
0.0
 10
2.60906562936249
 20
2.422840569781961
 30
0.0
 10
2.609530500463489
 20
2.422946800247398
 30
0.0
 10
2.609749757712978
 20
2.422996904028023
 30
0.0
  0
LINE
  5
15F
330
1F
100
AcDbEntity
  8
0
  6
Continuous
 62
     7
370
    18
100
AcDbLine
 10
2.5882199777
 20
2.4234029779
 30
0.0
 11
2.6017950309
 21
2.4226923372
 31
0.0
  0
LINE
  5
160
330
1F
100
AcDbEntity
  8
0
  6
Continuous
 62
     7
370
    18
100
AcDbLine
 10
2.5892222464
 20
2.4423698877
 30
0.0
 11
2.5882199777
 21
2.4234029779
 31
0.0
  0
LINE
  5
161
330
1F
100
AcDbEntity
  8
0
  6
Continuous
 62
     7
370
    18
100
AcDbLine
 10
2.6017696563
 20
2.4417100909
 30
0.0
 11
2.5892222464
 21
2.4423698877
 31
0.0
  0
SPLINE
  5
162
330
1F
100
AcDbEntity
  8
0
  6
Continuous
 62
     7
370
    18
100
AcDbSpline
210
0.0
220
0.0
230
1.0
 70
     8
 71
     3
 72
    23
 73
    19
 74
     0
 42
0.000000001
 43
0.00000001
 40
0.0
 40
0.0
 40
0.0
 40
0.0
 40
0.0774459518171693
 40
0.1504449746953854
 40
0.2219475325757944
 40
0.2931633751049109
 40
0.3635333379589563
 40
0.4332311386748769
 40
0.5043885644584325
 40
0.5787310256520861
 40
0.6185666925153275
 40
0.6620746840624044
 40
0.7086836526941515
 40
0.7592633320885274
 40
0.8135085953081187
 40
0.8718664413498606
 40
0.9340521664875546
 40
0.9999999999999999
 40
0.9999999999999999
 40
0.9999999999999999
 40
0.9999999999999999
 10
2.947374099439057
 20
2.566370915969014
 30
0.0
 10
2.946918296762436
 20
2.566711060000139
 30
0.0
 10
2.946032863495218
 20
2.567371817069483
 30
0.0
 10
2.944569846852279
 20
2.568104246076079
 30
0.0
 10
2.943059706326297
 20
2.568592574236548
 30
0.0
 10
2.941509349290726
 20
2.568836129395661
 30
0.0
 10
2.93995348007969
 20
2.568824169951863
 30
0.0
 10
2.938420111758932
 20
2.568557143363076
 30
0.0
 10
2.936931334151385
 20
2.568010696016047
 30
0.0
 10
2.935741915772743
 20
2.567345031526478
 30
0.0
 10
2.934784334574083
 20
2.566695521305599
 30
0.0
 10
2.934045456948983
 20
2.566092877313255
 30
0.0
 10
2.93326145979097
 20
2.565421867612573
 30
0.0
 10
2.932471707312923
 20
2.564640544573006
 30
0.0
 10
2.931630475391155
 20
2.563790034284596
 30
0.0
 10
2.930751300729884
 20
2.562856825206369
 30
0.0
 10
2.929872628275254
 20
2.561808663977859
 30
0.0
 10
2.929273613315636
 20
2.561084990027875
 30
0.0
 10
2.928965312045894
 20
2.560712529216878
 30
0.0
  0
SPLINE
  5
163
330
1F
100
AcDbEntity
  8
0
  6
Continuous
 62
     7
370
    18
100
AcDbSpline
210
0.0
220
0.0
230
1.0
 70
     8
 71
     3
 72
    19
 73
    15
 74
     0
 42
0.000000001
 43
0.00000001
 40
0.0
 40
0.0
 40
0.0
 40
0.0
 40
0.0916196503033885
 40
0.1772169170338192
 40
0.2572138864794295
 40
0.3327261756544816
 40
0.4063626015519459
 40
0.4818251714398549
 40
0.5597786289544495
 40
0.6420755672288898
 40
0.7270447134454785
 40
0.8145655772575455
 40
0.905256954852405
 40
1.0
 40
1.0
 40
1.0
 40
1.0
 10
2.949759249011706
 20
2.552630931994655
 30
0.0
 10
2.949977650243222
 20
2.553046218507868
 30
0.0
 10
2.950400096659437
 20
2.55384949373664
 30
0.0
 10
2.950899987664587
 20
2.555070490850319
 30
0.0
 10
2.951246060635795
 20
2.556257610745119
 30
0.0
 10
2.9514549096801
 20
2.55741416282405
 30
0.0
 10
2.951526314546417
 20
2.558565303203073
 30
0.0
 10
2.951421368271147
 20
2.559727711451286
 30
0.0
 10
2.951143172149572
 20
2.560904609670215
 30
0.0
 10
2.950731812340934
 20
2.562093644591766
 30
0.0
 10
2.950143798050598
 20
2.563262038155378
 30
0.0
 10
2.949394834755896
 20
2.564386549589008
 30
0.0
 10
2.948457914581975
 20
2.56543016747747
 30
0.0
 10
2.947740595530946
 20
2.566052798393472
 30
0.0
 10
2.947374099439057
 20
2.566370915969014
 30
0.0
  0
SPLINE
  5
164
330
1F
100
AcDbEntity
  8
0
  6
Continuous
 62
     7
370
    18
100
AcDbSpline
210
0.0
220
0.0
230
1.0
 70
     8
 71
     3
 72
    11
 73
     7
 74
     0
 42
0.000000001
 43
0.00000001
 40
0.0
 40
0.0
 40
0.0
 40
0.0
 40
0.3276715928479207
 40
0.6038425536631951
 40
0.8275606742326083
 40
1.0
 40
1.0
 40
1.0
 40
1.0
 10
2.946447950934783
 20
2.548025563404911
 30
0.0
 10
2.946835246140283
 20
2.548509963684259
 30
0.0
 10
2.947548964787292
 20
2.549402630329952
 30
0.0
 10
2.948492800069984
 20
2.550653017259856
 30
0.0
 10
2.949209699798907
 20
2.551705451947594
 30
0.0
 10
2.949592586272169
 20
2.5523502600613
 30
0.0
 10
2.949759249011706
 20
2.552630931994655
 30
0.0
  0
LINE
  5
165
330
1F
100
AcDbEntity
  8
0
  6
Continuous
 62
     7
370
    18
100
AcDbLine
 10
2.9289653208
 20
2.560712485
 30
0.0
 11
2.9198560816
 21
2.5494210421
 31
0.0
  0
LINE
  5
166
330
1F
100
AcDbEntity
  8
0
  6
Continuous
 62
     7
370
    18
100
AcDbLine
 10
2.9366409344
 20
2.5358715453
 30
0.0
 11
2.9464479566
 21
2.5480255738
 31
0.0
  0
LINE
  5
167
330
1F
100
AcDbEntity
  8
0
  6
Continuous
 62
     7
370
    18
100
AcDbLine
 10
2.9198560816
 20
2.5494210421
 30
0.0
 11
2.9366409344
 21
2.5358715453
 31
0.0
  0
SPLINE
  5
168
330
1F
100
AcDbEntity
  8
0
  6
Continuous
 62
     7
370
    18
100
AcDbSpline
210
0.0
220
0.0
230
1.0
 70
     8
 71
     3
 72
    15
 73
    11
 74
     0
 42
0.000000001
 43
0.00000001
 40
0.0
 40
0.0
 40
0.0
 40
0.0
 40
0.0764867301142913
 40
0.1663406418655359
 40
0.2702051043452391
 40
0.387734529186278
 40
0.5193244692442902
 40
0.6662558858454832
 40
0.8262166890505913
 40
1.0
 40
1.0
 40
1.0
 40
1.0
 10
2.734335089320155
 20
2.457696100639271
 30
0.0
 10
2.734136239388252
 20
2.457684878438158
 30
0.0
 10
2.733703787572648
 20
2.457660472791143
 30
0.0
 10
2.733003325280061
 20
2.457587067559187
 30
0.0
 10
2.732206723663524
 20
2.457435630837493
 30
0.0
 10
2.731303611220813
 20
2.457264480412276
 30
0.0
 10
2.730300170039365
 20
2.457025633958271
 30
0.0
 10
2.729186795091836
 20
2.456771724580106
 30
0.0
 10
2.727982433230456
 20
2.456429717846881
 30
0.0
 10
2.727145842536606
 20
2.456194597906268
 30
0.0
 10
2.726710222867163
 20
2.456072169015339
 30
0.0
  0
SPLINE
  5
169
330
1F
100
AcDbEntity
  8
0
  6
Continuous
 62
     7
370
    18
100
AcDbSpline
210
0.0
220
0.0
230
1.0
 70
     8
 71
     3
 72
    15
 73
    11
 74
     0
 42
0.000000001
 43
0.00000001
 40
0.0
 40
0.0
 40
0.0
 40
0.0
 40
0.1387669038796044
 40
0.2708388672393434
 40
0.3963365405974721
 40
0.5220456101917337
 40
0.6439742582998961
 40
0.7620050881682842
 40
0.8793992363417392
 40
1.0
 40
1.0
 40
1.0
 40
1.0
 10
2.744192861756052
 20
2.449639877348673
 30
0.0
 10
2.743994556877945
 20
2.450243143011843
 30
0.0
 10
2.743607514528128
 20
2.45142056921571
 30
0.0
 10
2.742750585038185
 20
2.453026874949443
 30
0.0
 10
2.741692272456081
 20
2.454431848807086
 30
0.0
 10
2.740439455580371
 20
2.455599763249326
 30
0.0
 10
2.739055252837971
 20
2.456548226253634
 30
0.0
 10
2.737564564757931
 20
2.457232154167243
 30
0.0
 10
2.735977032178234
 20
2.457644298744784
 30
0.0
 10
2.734887297771349
 20
2.457678678934378
 30
0.0
 10
2.734335089320155
 20
2.457696100639271
 30
0.0
  0
SPLINE
  5
16A
330
1F
100
AcDbEntity
  8
0
  6
Continuous
 62
     7
370
    18
100
AcDbSpline
210
0.0
220
0.0
230
1.0
 70
     8
 71
     3
 72
    23
 73
    19
 74
     0
 42
0.000000001
 43
0.00000001
 40
0.0
 40
0.0
 40
0.0
 40
0.0
 40
0.0903857662047885
 40
0.1742839904039249
 40
0.2519836566184788
 40
0.3235690615754269
 40
0.3900588561776085
 40
0.4509227641046731
 40
0.5085469838528746
 40
0.5621625251035899
 40
0.6142375317416514
 40
0.6658822701713447
 40
0.7174662143028179
 40
0.7699912005588093
 40
0.8237755487266778
 40
0.879357876742047
 40
0.9379897570411292
 40
1.0
 40
1.0
 40
1.0
 40
1.0
 10
2.733117140602206
 20
2.434517014100809
 30
0.0
 10
2.73373682784351
 20
2.434704639820811
 30
0.0
 10
2.734931723563842
 20
2.43506642420963
 30
0.0
 10
2.736622965641764
 20
2.435700900821864
 30
0.0
 10
2.738146458690603
 20
2.436386833199417
 30
0.0
 10
2.739517980022375
 20
2.437102870920028
 30
0.0
 10
2.740709461880841
 20
2.437888661169867
 30
0.0
 10
2.741743598540479
 20
2.43872015192245
 30
0.0
 10
2.742609794615436
 20
2.439602471125823
 30
0.0
 10
2.743306034383613
 20
2.440546561277273
 30
0.0
 10
2.74385811074794
 20
2.441532616782176
 30
0.0
 10
2.74427241574921
 20
2.442567001504925
 30
0.0
 10
2.744589774216787
 20
2.443639533445362
 30
0.0
 10
2.744744244956772
 20
2.444763180035132
 30
0.0
 10
2.744794714286539
 20
2.445922628017562
 30
0.0
 10
2.744734718676934
 20
2.447126818206338
 30
0.0
 10
2.744523371816037
 20
2.448373844231208
 30
0.0
 10
2.744305069495511
 20
2.449210060736744
 30
0.0
 10
2.744192861756052
 20
2.449639877348673
 30
0.0
  0
LINE
  5
16B
330
1F
100
AcDbEntity
  8
0
  6
Continuous
 62
     7
370
    18
100
AcDbLine
 10
2.7174867994
 20
2.4300003595
 30
0.0
 11
2.7331171422
 21
2.434517054
 31
0.0
  0
LINE
  5
16C
330
1F
100
AcDbEntity
  8
0
  6
Continuous
 62
     7
370
    18
100
AcDbLine
 10
2.7267102173
 20
2.4560721116
 30
0.0
 11
2.7112448115
 21
2.451606261
 31
0.0
  0
LINE
  5
16D
330
1F
100
AcDbEntity
  8
0
  6
Continuous
 62
     7
370
    18
100
AcDbLine
 10
2.7112448115
 20
2.451606261
 30
0.0
 11
2.7174867994
 21
2.4300003595
 31
0.0
  0
SPLINE
  5
16E
330
1F
100
AcDbEntity
  8
0
  6
Continuous
 62
     7
370
    18
100
AcDbSpline
210
0.0
220
0.0
230
1.0
 70
     8
 71
     3
 72
    23
 73
    19
 74
     0
 42
0.000000001
 43
0.00000001
 40
0.0
 40
0.0
 40
0.0
 40
0.0
 40
0.072349517657292
 40
0.1416744354495407
 40
0.2093382474079937
 40
0.2768052346742355
 40
0.3424714456600154
 40
0.4069368893657609
 40
0.4721061780357834
 40
0.5395813777936647
 40
0.5770281006807515
 40
0.6197507466125328
 40
0.6687746338238958
 40
0.723357068141592
 40
0.7835493688547223
 40
0.8494177857416765
 40
0.9218693479033648
 40
1.0
 40
1.0
 40
1.0
 40
1.0
 10
2.924321882558715
 20
2.581620648874997
 30
0.0
 10
2.923919581555361
 20
2.581924430582447
 30
0.0
 10
2.923131797899347
 20
2.582519294284329
 30
0.0
 10
2.921833301282717
 20
2.583194607531972
 30
0.0
 10
2.920488545891156
 20
2.583670550526693
 30
0.0
 10
2.919111437883952
 20
2.583941618038383
 30
0.0
 10
2.917731788120252
 20
2.583978655573529
 30
0.0
 10
2.916375584241458
 20
2.583800034436214
 30
0.0
 10
2.915080952429301
 20
2.583320820007366
 30
0.0
 10
2.91404371910763
 20
2.582742091871006
 30
0.0
 10
2.913211101695742
 20
2.582138721161948
 30
0.0
 10
2.912521735999029
 20
2.581560672014624
 30
0.0
 10
2.911782907221898
 20
2.58085977809379
 30
0.0
 10
2.910966898048143
 20
2.58006392434995
 30
0.0
 10
2.910106802722185
 20
2.579146871763367
 30
0.0
 10
2.909189437253572
 20
2.578114083419756
 30
0.0
 10
2.908220462117081
 20
2.57696096656374
 30
0.0
 10
2.907553318095529
 20
2.576153076328628
 30
0.0
 10
2.907207165678373
 20
2.575733896738245
 30
0.0
  0
SPLINE
  5
16F
330
1F
100
AcDbEntity
  8
0
  6
Continuous
 62
     7
370
    18
100
AcDbSpline
210
0.0
220
0.0
230
1.0
 70
     8
 71
     3
 72
    15
 73
    11
 74
     0
 42
0.000000001
 43
0.00000001
 40
0.0
 40
0.0
 40
0.0
 40
0.0
 40
0.1361983409213584
 40
0.2629113367397279
 40
0.3831601034158677
 40
0.4994328917752257
 40
0.6156131512641052
 40
0.7365555141398017
 40
0.8630797662832326
 40
1.0
 40
1.0
 40
1.0
 40
1.0
 10
2.927011519310851
 20
2.571255397806621
 30
0.0
 10
2.927195633355678
 20
2.571749808479199
 30
0.0
 10
2.927551039077294
 20
2.57270419727679
 30
0.0
 10
2.927825363383794
 20
2.574170203135272
 30
0.0
 10
2.92783642715596
 20
2.575581414715525
 30
0.0
 10
2.927625418173296
 20
2.576937156632781
 30
0.0
 10
2.927153137948278
 20
2.578228477451583
 30
0.0
 10
2.926451231277076
 20
2.579455629021971
 30
0.0
 10
2.92548762074861
 20
2.580598800689053
 30
0.0
 10
2.924720551915949
 20
2.58127118828169
 30
0.0
 10
2.924321882558715
 20
2.581620648874997
 30
0.0
  0
SPLINE
  5
170
330
1F
100
AcDbEntity
  8
0
  6
Continuous
 62
     7
370
    18
100
AcDbSpline
210
0.0
220
0.0
230
1.0
 70
     8
 71
     3
 72
    15
 73
    11
 74
     0
 42
0.000000001
 43
0.00000001
 40
0.0
 40
0.0
 40
0.0
 40
0.0
 40
0.1662017903071554
 40
0.3215445288010106
 40
0.4635494438103534
 40
0.5948462554928615
 40
0.7133786557063218
 40
0.8201654838940303
 40
0.9167815458513949
 40
1.0
 40
1.0
 40
1.0
 40
1.0
 10
2.9226091421741
 20
2.564620114686963
 30
0.0
 10
2.922886027213787
 20
2.564965339236227
 30
0.0
 10
2.923421706579539
 20
2.565633232553252
 30
0.0
 10
2.924161571855552
 20
2.566621221875823
 30
0.0
 10
2.924842903966726
 20
2.567536821605879
 30
0.0
 10
2.925438167338283
 20
2.568393953317265
 30
0.0
 10
2.925946148497225
 20
2.569196419632001
 30
0.0
 10
2.926382123991329
 20
2.569934442744131
 30
0.0
 10
2.926739398947033
 20
2.570609753927444
 30
0.0
 10
2.926925432329977
 20
2.571051144322984
 30
0.0
 10
2.927011519310851
 20
2.571255397806621
 30
0.0
  0
LINE
  5
171
330
1F
100
AcDbEntity
  8
0
  6
Continuous
 62
     7
370
    18
100
AcDbLine
 10
2.9140961815
 20
2.5540646507
 30
0.0
 11
2.9226091542
 21
2.564620031
 31
0.0
  0
LINE
  5
172
330
1F
100
AcDbEntity
  8
0
  6
Continuous
 62
     7
370
    18
100
AcDbLine
 10
2.8993412453
 20
2.565977562
 30
0.0
 11
2.9140961815
 21
2.5540646507
 31
0.0
  0
LINE
  5
173
330
1F
100
AcDbEntity
  8
0
  6
Continuous
 62
     7
370
    18
100
AcDbLine
 10
2.9072071566
 20
2.5757339115
 30
0.0
 11
2.8993412453
 21
2.565977562
 31
0.0
  0
SPLINE
  5
174
330
1F
100
AcDbEntity
  8
0
  6
Continuous
 62
     7
370
    18
100
AcDbSpline
210
0.0
220
0.0
230
1.0
 70
     8
 71
     3
 72
    23
 73
    19
 74
     0
 42
0.000000001
 43
0.00000001
 40
0.0
 40
0.0
 40
0.0
 40
0.0
 40
0.0613492737056088
 40
0.1204642893528048
 40
0.1776002961417481
 40
0.2338503103101303
 40
0.2899334705021305
 40
0.346088927113301
 40
0.4033657800639587
 40
0.4620578195084187
 40
0.5218686012141786
 40
0.5825133766371036
 40
0.6450005795226244
 40
0.7094221691615601
 40
0.7763838168224158
 40
0.8469034241900735
 40
0.9212301001896452
 40
1.0
 40
1.0
 40
1.0
 40
1.0
 10
2.386575051694386
 20
2.465828653037867
 30
0.0
 10
2.387219211773671
 20
2.465410756409333
 30
0.0
 10
2.388484072488289
 20
2.464590182385575
 30
0.0
 10
2.390470002828526
 20
2.463583577907317
 30
0.0
 10
2.392490033324175
 20
2.462812875942931
 30
0.0
 10
2.394546036434064
 20
2.462281150459555
 30
0.0
 10
2.396632569436389
 20
2.461954307633692
 30
0.0
 10
2.398756870453048
 20
2.461884017982454
 30
0.0
 10
2.400907886114118
 20
2.462039159722231
 30
0.0
 10
2.403078163748325
 20
2.462417729644499
 30
0.0
 10
2.405234984412763
 20
2.463041438022515
 30
0.0
 10
2.407359022485414
 20
2.463906570239523
 30
0.0
 10
2.409414836404933
 20
2.465047426185122
 30
0.0
 10
2.411413212630309
 20
2.466426929023345
 30
0.0
 10
2.413356020852363
 20
2.468047492975166
 30
0.0
 10
2.415212412010095
 20
2.469941979225113
 30
0.0
 10
2.417040344984951
 20
2.472063328586056
 30
0.0
 10
2.418160287224819
 20
2.473617889779296
 30
0.0
 10
2.418736510027719
 20
2.474417728892568
 30
0.0
  0
SPLINE
  5
175
330
1F
100
AcDbEntity
  8
0
  6
Continuous
 62
     7
370
    18
100
AcDbSpline
210
0.0
220
0.0
230
1.0
 70
     8
 71
     3
 72
    23
 73
    19
 74
     0
 42
0.000000001
 43
0.00000001
 40
0.0
 40
0.0
 40
0.0
 40
0.0
 40
0.075846743802302
 40
0.1477368325782063
 40
0.2162631363289448
 40
0.2822099399519826
 40
0.3459291715650797
 40
0.4082064254770908
 40
0.469285102031071
 40
0.5302611882745524
 40
0.5903501721625135
 40
0.6487451942742738
 40
0.7062917973410058
 40
0.7631480098191328
 40
0.820427233244541
 40
0.8784333370374239
 40
0.9380960241866254
 40
1.0
 40
1.0
 40
1.0
 40
1.0
 10
2.382870457677292
 20
2.498142354960944
 30
0.0
 10
2.382360001763196
 20
2.497371351783968
 30
0.0
 10
2.381365718605622
 20
2.495869565925223
 30
0.0
 10
2.380100777366724
 20
2.493552381351597
 30
0.0
 10
2.379097176237206
 20
2.49124363459014
 30
0.0
 10
2.378306327757917
 20
2.488957110798295
 30
0.0
 10
2.37779091408574
 20
2.486671256435257
 30
0.0
 10
2.377485975603556
 20
2.484407847630814
 30
0.0
 10
2.377450641090868
 20
2.482156157884068
 30
0.0
 10
2.377657448573599
 20
2.479942362364524
 30
0.0
 10
2.378069935242463
 20
2.477790276356463
 30
0.0
 10
2.378699915880758
 20
2.475735997604392
 30
0.0
 10
2.379503718113415
 20
2.473784524187644
 30
0.0
 10
2.380536856651492
 20
2.471960357313494
 30
0.0
 10
2.381737584599988
 20
2.470234507307868
 30
0.0
 10
2.383167988091717
 20
2.468648320103941
 30
0.0
 10
2.38476495066815
 20
2.46714505086478
 30
0.0
 10
2.385964313916966
 20
2.466272812712579
 30
0.0
 10
2.386575051694386
 20
2.465828653037867
 30
0.0
  0
SPLINE
  5
176
330
1F
100
AcDbEntity
  8
0
  6
Continuous
 62
     7
370
    18
100
AcDbSpline
210
0.0
220
0.0
230
1.0
 70
     8
 71
     3
 72
    23
 73
    19
 74
     0
 42
0.000000001
 43
0.00000001
 40
0.0
 40
0.0
 40
0.0
 40
0.0
 40
0.0562262238400623
 40
0.1111627527958776
 40
0.16483487951726
 40
0.2177550644482328
 40
0.2707811428016162
 40
0.3244623132701345
 40
0.3789928337567943
 40
0.4351758727182356
 40
0.4924617261671874
 40
0.5519326742225903
 40
0.6146860106392747
 40
0.6810128923820069
 40
0.7522631774062506
 40
0.8286748311912416
 40
0.9111841217661171
 40
1.0
 40
1.0
 40
1.0
 40
1.0
 10
2.415615516437976
 20
2.507518022695987
 30
0.0
 10
2.415009196341654
 20
2.507914421704422
 30
0.0
 10
2.413810463679574
 20
2.508698127277619
 30
0.0
 10
2.411913266658686
 20
2.509659200811456
 30
0.0
 10
2.409977592645582
 20
2.510427617633634
 30
0.0
 10
2.407997173585061
 20
2.510990677041378
 30
0.0
 10
2.405969313590673
 20
2.5113477664425
 30
0.0
 10
2.403895215310065
 20
2.51149505430454
 30
0.0
 10
2.401776222772456
 20
2.51145626481995
 30
0.0
 10
2.399622573401039
 20
2.511222427611745
 30
0.0
 10
2.397442366882882
 20
2.510736732779353
 30
0.0
 10
2.395281060921755
 20
2.509893417462143
 30
0.0
 10
2.393148804905951
 20
2.508722710504969
 30
0.0
 10
2.391022011733528
 20
2.507253628817125
 30
0.0
 10
2.388951096496797
 20
2.505429171551608
 30
0.0
 10
2.386874808512309
 20
2.503311891162912
 30
0.0
 10
2.384814358508664
 20
2.500871395877605
 30
0.0
 10
2.383534133254447
 20
2.499074088605076
 30
0.0
 10
2.382870457677292
 20
2.498142354960944
 30
0.0
  0
SPLINE
  5
177
330
1F
100
AcDbEntity
  8
0
  6
Continuous
 62
     7
370
    18
100
AcDbSpline
210
0.0
220
0.0
230
1.0
 70
     8
 71
     3
 72
    31
 73
    27
 74
     0
 42
0.000000001
 43
0.00000001
 40
0.0
 40
0.0
 40
0.0
 40
0.0
 40
0.0504045746555606
 40
0.0993652811006134
 40
0.1469929549341749
 40
0.193101084220462
 40
0.2381192355051457
 40
0.2822983576500998
 40
0.3252397378686735
 40
0.3675337235321607
 40
0.4090111859033191
 40
0.4495012819864061
 40
0.4895115462016892
 40
0.5285974328422419
 40
0.5676288689657268
 40
0.6061339611380192
 40
0.6450725090204454
 40
0.684362278768372
 40
0.7236491224489188
 40
0.7625093542913846
 40
0.8014419970254728
 40
0.8401629391235375
 40
0.8793017319365556
 40
0.9186236740550268
 40
0.9590413052194321
 40
1.0
 40
1.0
 40
1.0
 40
1.0
 10
2.418736510027719
 20
2.474417728892568
 30
0.0
 10
2.419088404193102
 20
2.474938823693705
 30
0.0
 10
2.419782112311855
 20
2.475966086233838
 30
0.0
 10
2.420720073547251
 20
2.477542646566148
 30
0.0
 10
2.421556431624659
 20
2.479114250373061
 30
0.0
 10
2.422299035342118
 20
2.480678520826755
 30
0.0
 10
2.422930339106197
 20
2.482244325824922
 30
0.0
 10
2.423482632083986
 20
2.483798133386808
 30
0.0
 10
2.423913454383091
 20
2.485355044584669
 30
0.0
 10
2.424244470482363
 20
2.486901402696378
 30
0.0
 10
2.424472264567861
 20
2.488435437930273
 30
0.0
 10
2.424604379672899
 20
2.489952240321983
 30
0.0
 10
2.424618238335926
 20
2.49144549790332
 30
0.0
 10
2.424512526225954
 20
2.492916359399116
 30
0.0
 10
2.424312240843058
 20
2.494358268027152
 30
0.0
 10
2.424005884232861
 20
2.495779761440761
 30
0.0
 10
2.423588421519165
 20
2.49717648717813
 30
0.0
 10
2.423050334498424
 20
2.498541178460662
 30
0.0
 10
2.422435315615491
 20
2.499871714699406
 30
0.0
 10
2.421719310250687
 20
2.501146241969564
 30
0.0
 10
2.420919776265443
 20
2.502360740715916
 30
0.0
 10
2.420044481416495
 20
2.503527165700955
 30
0.0
 10
2.419062621772057
 20
2.504611974024027
 30
0.0
 10
2.418002781262362
 20
2.50565002951119
 30
0.0
 10
2.416852745611177
 20
2.506624321027795
 30
0.0
 10
2.416029750169071
 20
2.507218804584646
 30
0.0
 10
2.415615516437976
 20
2.507518022695987
 30
0.0
  0
LINE
  5
178
330
1F
100
AcDbEntity
  8
0
  6
Continuous
 62
     7
370
    18
100
AcDbLine
 10
2.4453624219
 20
2.4558564163
 30
0.0
 11
2.4367099096
 21
2.4600432124
 31
0.0
  0
SPLINE
  5
179
330
1F
100
AcDbEntity
  8
0
  6
Continuous
 62
     7
370
    18
100
AcDbSpline
210
0.0
220
0.0
230
1.0
 70
     8
 71
     3
 72
    11
 73
     7
 74
     0
 42
0.000000001
 43
0.00000001
 40
0.0
 40
0.0
 40
0.0
 40
0.0
 40
0.179164107639512
 40
0.4049462878907084
 40
0.6793028870813613
 40
1.0
 40
1.0
 40
1.0
 40
1.0
 10
2.449396875972312
 20
2.453585502659651
 30
0.0
 10
2.449170651993214
 20
2.453745306553434
 30
0.0
 10
2.448659341096322
 20
2.454106494932237
 30
0.0
 10
2.447746557383939
 20
2.454626749544695
 30
0.0
 10
2.446636975931039
 20
2.455241104058192
 30
0.0
 10
2.445808771669532
 20
2.455640967759367
 30
0.0
 10
2.445362420844107
 20
2.455856469539993
 30
0.0
  0
SPLINE
  5
17A
330
1F
100
AcDbEntity
  8
0
  6
Continuous
 62
     7
370
    18
100
AcDbSpline
210
0.0
220
0.0
230
1.0
 70
     8
 71
     3
 72
    19
 73
    15
 74
     0
 42
0.000000001
 43
0.00000001
 40
0.0
 40
0.0
 40
0.0
 40
0.0
 40
0.1539254809115086
 40
0.2901655347194815
 40
0.4081629179133055
 40
0.5092073399808356
 40
0.5966954299192494
 40
0.6734066655366677
 40
0.7408495666656282
 40
0.7986765593609113
 40
0.8510899497961687
 40
0.9024333057415495
 40
0.9516360917319253
 40
1.0
 40
1.0
 40
1.0
 40
1.0
 10
2.455664237083423
 20
2.434466245181019
 30
0.0
 10
2.455532448245052
 20
2.435515500000238
 30
0.0
 10
2.455284012583005
 20
2.437493454422551
 30
0.0
 10
2.454881480908917
 20
2.440268771816895
 30
0.0
 10
2.454476506878114
 20
2.442675981033158
 30
0.0
 10
2.454074567458565
 20
2.444743463775362
 30
0.0
 10
2.453646017783616
 20
2.446515815862967
 30
0.0
 10
2.453174075934182
 20
2.44803616840787
 30
0.0
 10
2.452685071076111
 20
2.449337335417083
 30
0.0
 10
2.452109367551733
 20
2.45041755527619
 30
0.0
 10
2.451489935054993
 20
2.451339533882642
 30
0.0
 10
2.450855644350755
 20
2.452179202987267
 30
0.0
 10
2.45014576802701
 20
2.452918807804146
 30
0.0
 10
2.449645071662654
 20
2.453364548532989
 30
0.0
 10
2.449396875972312
 20
2.453585502659651
 30
0.0
  0
LINE
  5
17B
330
1F
100
AcDbEntity
  8
0
  6
Continuous
 62
     7
370
    18
100
AcDbLine
 10
2.4574531033
 20
2.4191277917
 30
0.0
 11
2.4556642429
 21
2.4344662101
 31
0.0
  0
LINE
  5
17C
330
1F
100
AcDbEntity
  8
0
  6
Continuous
 62
     7
370
    18
100
AcDbLine
 10
2.4668287717
 20
2.4145983863
 30
0.0
 11
2.4574531033
 21
2.4191277917
 31
0.0
  0
LINE
  5
17D
330
1F
100
AcDbEntity
  8
0
  6
Continuous
 62
     7
370
    18
100
AcDbLine
 10
2.4644309338
 20
2.4346819054
 30
0.0
 11
2.4668287717
 21
2.4145983863
 31
0.0
  0
SPLINE
  5
17E
330
1F
100
AcDbEntity
  8
0
  6
Continuous
 62
     7
370
    18
100
AcDbSpline
210
0.0
220
0.0
230
1.0
 70
     8
 71
     3
 72
    11
 73
     7
 74
     0
 42
0.000000001
 43
0.00000001
 40
0.0
 40
0.0
 40
0.0
 40
0.0
 40
0.2321548150876268
 40
0.4764261917498968
 40
0.7312881479295699
 40
1.0
 40
1.0
 40
1.0
 40
1.0
 10
2.461880850331287
 20
2.44518673129213
 30
0.0
 10
2.462171363611858
 20
2.444399644911925
 30
0.0
 10
2.462767552563887
 20
2.442784392751173
 30
0.0
 10
2.463461586604153
 20
2.440232645245892
 30
0.0
 10
2.464043384354415
 20
2.437518578593143
 30
0.0
 10
2.464299490201422
 20
2.43564400439355
 30
0.0
 10
2.464430930459492
 20
2.434681923599822
 30
0.0
  0
SPLINE
  5
17F
330
1F
100
AcDbEntity
  8
0
  6
Continuous
 62
     7
370
    18
100
AcDbSpline
210
0.0
220
0.0
230
1.0
 70
     8
 71
     3
 72
    11
 73
     7
 74
     0
 42
0.000000001
 43
0.00000001
 40
0.0
 40
0.0
 40
0.0
 40
0.0
 40
0.293542718403031
 40
0.5567823654343338
 40
0.7930204964364977
 40
1.0
 40
1.0
 40
1.0
 40
1.0
 10
2.458747169775731
 20
2.45016002189042
 30
0.0
 10
2.459098009419326
 20
2.449702051628496
 30
0.0
 10
2.459763470745404
 20
2.4488333883991
 30
0.0
 10
2.460648829223916
 20
2.447550202129172
 30
0.0
 10
2.461355698704027
 20
2.44635233363863
 30
0.0
 10
2.461713676997644
 20
2.445557781518105
 30
0.0
 10
2.461880850331287
 20
2.44518673129213
 30
0.0
  0
SPLINE
  5
180
330
1F
100
AcDbEntity
  8
0
  6
Continuous
 62
     7
370
    18
100
AcDbSpline
210
0.0
220
0.0
230
1.0
 70
     8
 71
     3
 72
    23
 73
    19
 74
     0
 42
0.000000001
 43
0.00000001
 40
0.0
 40
0.0
 40
0.0
 40
0.0
 40
0.0604368619478663
 40
0.1185195066725717
 40
0.1753875472381901
 40
0.2309319221423911
 40
0.2863522457858901
 40
0.3414582459164209
 40
0.3975292123377487
 40
0.4546732199430654
 40
0.5130653908442744
 40
0.5731105316216111
 40
0.6355758768503074
 40
0.7005495673695162
 40
0.7694913192616328
 40
0.8418836562112205
 40
0.918647224947189
 40
1.0
 40
1.0
 40
1.0
 40
1.0
 10
2.4820404390065
 20
2.457810262275036
 30
0.0
 10
2.481791129458221
 20
2.457323319574016
 30
0.0
 10
2.481302221799575
 20
2.456368402213275
 30
0.0
 10
2.480430896768975
 20
2.455037894769313
 30
0.0
 10
2.479461635235682
 20
2.453836424602454
 30
0.0
 10
2.478422922933659
 20
2.452724568698177
 30
0.0
 10
2.477258479669507
 20
2.451770224621987
 30
0.0
 10
2.476021341900015
 20
2.450905989243164
 30
0.0
 10
2.474682803715948
 20
2.450174128378347
 30
0.0
 10
2.473260427322365
 20
2.449547177165761
 30
0.0
 10
2.471744763265039
 20
2.449059053485017
 30
0.0
 10
2.470134637782528
 20
2.448748848352823
 30
0.0
 10
2.468444102634367
 20
2.448581171079602
 30
0.0
 10
2.466664786763873
 20
2.448590242644628
 30
0.0
 10
2.464803104119614
 20
2.448744749464934
 30
0.0
 10
2.462852359476508
 20
2.449052646755112
 30
0.0
 10
2.460819146223349
 20
2.449525462634262
 30
0.0
 10
2.459451064435189
 20
2.449944448556065
 30
0.0
 10
2.458747169775731
 20
2.45016002189042
 30
0.0
  0
LINE
  5
181
330
1F
100
AcDbEntity
  8
0
  6
Continuous
 62
     7
370
    18
100
AcDbLine
 10
2.4443982097
 20
2.494995822
 30
0.0
 11
2.4693915343
 21
2.4829178637
 31
0.0
  0
LINE
  5
182
330
1F
100
AcDbEntity
  8
0
  6
Continuous
 62
     7
370
    18
100
AcDbLine
 10
2.4171466112
 20
2.4386148733
 30
0.0
 11
2.4443982097
 21
2.494995822
 31
0.0
  0
LINE
  5
183
330
1F
100
AcDbEntity
  8
0
  6
Continuous
 62
     7
370
    18
100
AcDbLine
 10
2.4246065417
 20
2.4350118038
 30
0.0
 11
2.4171466112
 21
2.4386148733
 31
0.0
  0
LINE
  5
184
330
1F
100
AcDbEntity
  8
0
  6
Continuous
 62
     7
370
    18
100
AcDbLine
 10
2.4367099096
 20
2.4600432124
 30
0.0
 11
2.4246065417
 21
2.4350118038
 31
0.0
  0
LINE
  5
185
330
1F
100
AcDbEntity
  8
0
  6
Continuous
 62
     7
370
    18
100
AcDbLine
 10
2.5589322905
 20
2.4096094306
 30
0.0
 11
2.5331777502
 21
2.4145700311
 31
0.0
  0
LINE
  5
186
330
1F
100
AcDbEntity
  8
0
  6
Continuous
 62
     7
370
    18
100
AcDbLine
 10
2.5625353905
 20
2.3895640444
 30
0.0
 11
2.5589322905
 21
2.4096094306
 31
0.0
  0
LINE
  5
187
330
1F
100
AcDbEntity
  8
0
  6
Continuous
 62
     7
370
    18
100
AcDbLine
 10
2.5718222502
 20
2.3877751228
 30
0.0
 11
2.5625353905
 21
2.3895640444
 31
0.0
  0
LINE
  5
188
330
1F
100
AcDbEntity
  8
0
  6
Continuous
 62
     7
370
    18
100
AcDbLine
 10
2.558462877
 20
2.4542421239
 30
0.0
 11
2.5718222502
 21
2.3877751228
 31
0.0
  0
LINE
  5
189
330
1F
100
AcDbEntity
  8
0
  6
Continuous
 62
     7
370
    18
100
AcDbLine
 10
2.5496834934
 20
2.4559295533
 30
0.0
 11
2.558462877
 21
2.4542421239
 31
0.0
  0
LINE
  5
18A
330
1F
100
AcDbEntity
  8
0
  6
Continuous
 62
     7
370
    18
100
AcDbLine
 10
2.5141599905
 20
2.3988760968
 30
0.0
 11
2.5496834934
 21
2.4559295533
 31
0.0
  0
LINE
  5
18B
330
1F
100
AcDbEntity
  8
0
  6
Continuous
 62
     7
370
    18
100
AcDbLine
 10
2.5228125027
 20
2.3972142849
 30
0.0
 11
2.5141599905
 21
2.3988760968
 31
0.0
  0
LINE
  5
18C
330
1F
100
AcDbEntity
  8
0
  6
Continuous
 62
     7
370
    18
100
AcDbLine
 10
2.5331777502
 20
2.4145700311
 30
0.0
 11
2.5228125027
 21
2.3972142849
 31
0.0
  0
SPLINE
  5
18D
330
1F
100
AcDbEntity
  8
0
  6
Continuous
 62
     7
370
    18
100
AcDbSpline
210
0.0
220
0.0
230
1.0
 70
     8
 71
     3
 72
    19
 73
    15
 74
     0
 42
0.000000001
 43
0.00000001
 40
0.0
 40
0.0
 40
0.0
 40
0.0
 40
0.0744685176663212
 40
0.1455799792381139
 40
0.2141055402527585
 40
0.2802650041126707
 40
0.343951528577053
 40
0.4057943790180405
 40
0.4664768724920059
 40
0.5254856018473416
 40
0.6414871718545074
 40
0.7577495879118841
 40
0.8759653781913493
 40
1.0
 40
1.0
 40
1.0
 40
1.0
 10
2.670304895630084
 20
2.421458757824241
 30
0.0
 10
2.670767412986519
 20
2.421280908412236
 30
0.0
 10
2.671671597321822
 20
2.420933227076305
 30
0.0
 10
2.672975123832599
 20
2.420354491099295
 30
0.0
 10
2.674176792906936
 20
2.419696587543598
 30
0.0
 10
2.675315183410189
 20
2.419025773711648
 30
0.0
 10
2.676340574014375
 20
2.418264256979711
 30
0.0
 10
2.677298947791782
 20
2.417478524921198
 30
0.0
 10
2.67817796204873
 20
2.416647016000547
 30
0.0
 10
2.67920237437461
 20
2.415457688339853
 30
0.0
 10
2.680322810733852
 20
2.413865756943498
 30
0.0
 10
2.681322285678657
 20
2.411748839280879
 30
0.0
 10
2.682031964968308
 20
2.409458423719403
 30
0.0
 10
2.682222100810583
 20
2.407854766269574
 30
0.0
 10
2.682319452254015
 20
2.407033677696036
 30
0.0
  0
SPLINE
  5
18E
330
1F
100
AcDbEntity
  8
0
  6
Continuous
 62
     7
370
    18
100
AcDbSpline
210
0.0
220
0.0
230
1.0
 70
     8
 71
     3
 72
    23
 73
    19
 74
     0
 42
0.000000001
 43
0.00000001
 40
0.0
 40
0.0
 40
0.0
 40
0.0
 40
0.0325959715324468
 40
0.0721618757495186
 40
0.1197871797629519
 40
0.1750481960832448
 40
0.2389622728705025
 40
0.3111899073441373
 40
0.3912726546027784
 40
0.480239741119677
 40
0.5700388031561187
 40
0.6522121799998658
 40
0.7276713127932837
 40
0.7963513930962219
 40
0.8575525862802256
 40
0.9120130427970345
 40
0.9595497173863834
 40
1.0
 40
1.0
 40
1.0
 40
1.0
 10
2.643154788792477
 20
2.427662684106293
 30
0.0
 10
2.643409178291249
 20
2.427495715589699
 30
0.0
 10
2.643972352896554
 20
2.42712607600597
 30
0.0
 10
2.644994558115775
 20
2.426665438589896
 30
0.0
 10
2.646251281460622
 20
2.426234520844595
 30
0.0
 10
2.647745920432051
 20
2.425801821518171
 30
0.0
 10
2.649483160787763
 20
2.425391144882728
 30
0.0
 10
2.651458367794272
 20
2.424985641944122
 30
0.0
 10
2.653676650093741
 20
2.424608775873374
 30
0.0
 10
2.656064624743977
 20
2.424258000923133
 30
0.0
 10
2.658474735989788
 20
2.423924718702497
 30
0.0
 10
2.660754328804984
 20
2.423568392313288
 30
0.0
 10
2.662833318135544
 20
2.423207526426724
 30
0.0
 10
2.664720245249434
 20
2.422880908516788
 30
0.0
 10
2.66639946357561
 20
2.42251313532177
 30
0.0
 10
2.667885467298152
 20
2.422184530358963
 30
0.0
 10
2.669165907738129
 20
2.421828890413939
 30
0.0
 10
2.669946180492723
 20
2.421575328126431
 30
0.0
 10
2.670304895630084
 20
2.421458757824241
 30
0.0
  0
SPLINE
  5
18F
330
1F
100
AcDbEntity
  8
0
  6
Continuous
 62
     7
370
    18
100
AcDbSpline
210
0.0
220
0.0
230
1.0
 70
     8
 71
     3
 72
    11
 73
     7
 74
     0
 42
0.000000001
 43
0.00000001
 40
0.0
 40
0.0
 40
0.0
 40
0.0
 40
0.2604738144662466
 40
0.5048279121558912
 40
0.747215597846537
 40
1.0
 40
1.0
 40
1.0
 40
1.0
 10
2.640249473621537
 20
2.433029270644754
 30
0.0
 10
2.640322209442318
 20
2.432485929542347
 30
0.0
 10
2.640463179745299
 20
2.431432872616534
 30
0.0
 10
2.64108099826453
 20
2.429978607756865
 30
0.0
 10
2.641947165929451
 20
2.428673776286907
 30
0.0
 10
2.642746652453614
 20
2.428004399614904
 30
0.0
 10
2.643154788792477
 20
2.427662684106293
 30
0.0
  0
SPLINE
  5
190
330
1F
100
AcDbEntity
  8
0
  6
Continuous
 62
     7
370
    18
100
AcDbSpline
210
0.0
220
0.0
230
1.0
 70
     8
 71
     3
 72
    23
 73
    19
 74
     0
 42
0.000000001
 43
0.00000001
 40
0.0
 40
0.0
 40
0.0
 40
0.0
 40
0.0943371617991796
 40
0.1826134554492415
 40
0.2646773209752867
 40
0.3405979115168682
 40
0.4112092076193992
 40
0.4771786335085959
 40
0.5391848683890386
 40
0.5978609963035102
 40
0.6534990266631463
 40
0.7062297542939219
 40
0.7566136692155014
 40
0.8058848003512031
 40
0.8537801987404805
 40
0.9021355606964828
 40
0.9501564337726011
 40
0.9999999999999999
 40
0.9999999999999999
 40
0.9999999999999999
 40
0.9999999999999999
 10
2.653862587937776
 20
2.443673634960994
 30
0.0
 10
2.653257316102859
 20
2.443610883027511
 30
0.0
 10
2.652085659258915
 20
2.443489410776376
 30
0.0
 10
2.650396054415662
 20
2.443233320556698
 30
0.0
 10
2.648848716184792
 20
2.442870742803949
 30
0.0
 10
2.647428780545602
 20
2.442465984221853
 30
0.0
 10
2.646158089173541
 20
2.441947799850811
 30
0.0
 10
2.645002661498105
 20
2.441389307317953
 30
0.0
 10
2.643997888086918
 20
2.440720348339721
 30
0.0
 10
2.643116067307594
 20
2.439998674242841
 30
0.0
 10
2.642368572713639
 20
2.439219575192525
 30
0.0
 10
2.641728397104689
 20
2.43841868813058
 30
0.0
 10
2.641198183892532
 20
2.437587806167082
 30
0.0
 10
2.640796998520113
 20
2.43672227015975
 30
0.0
 10
2.640485447423062
 20
2.435835379600086
 30
0.0
 10
2.640278153305658
 20
2.434925280284084
 30
0.0
 10
2.640203957034389
 20
2.43398154635228
 30
0.0
 10
2.640234114203353
 20
2.43335061285721
 30
0.0
 10
2.640249473621537
 20
2.433029270644754
 30
0.0
  0
SPLINE
  5
191
330
1F
100
AcDbEntity
  8
0
  6
Continuous
 62
     7
370
    18
100
AcDbSpline
210
0.0
220
0.0
230
1.0
 70
     8
 71
     3
 72
    23
 73
    19
 74
     0
 42
0.000000001
 43
0.00000001
 40
0.0
 40
0.0
 40
0.0
 40
0.0
 40
0.0666434434597359
 40
0.129885560739083
 40
0.1907012505584649
 40
0.2490385638630848
 40
0.304982940786285
 40
0.3601228429204433
 40
0.4150490828533099
 40
0.4696501855444484
 40
0.5253176382083745
 40
0.5826412215696134
 40
0.642577736212438
 40
0.7057028762115299
 40
0.7730832876662964
 40
0.8439485249985149
 40
0.9198784545629826
 40
1.0
 40
1.0
 40
1.0
 40
1.0
 10
2.670178025971964
 20
2.432965835815694
 30
0.0
 10
2.670076046839591
 20
2.433441517811935
 30
0.0
 10
2.669877293352311
 20
2.434368604102918
 30
0.0
 10
2.669452056259264
 20
2.435695723477174
 30
0.0
 10
2.66894831073168
 20
2.436928893853477
 30
0.0
 10
2.668355006409239
 20
2.43806311768092
 30
0.0
 10
2.667660498100131
 20
2.439088764749541
 30
0.0
 10
2.666882354145086
 20
2.440019039924649
 30
0.0
 10
2.666023326443161
 20
2.440863485971112
 30
0.0
 10
2.665055896995803
 20
2.441586421826688
 30
0.0
 10
2.664014609838526
 20
2.442232096422092
 30
0.0
 10
2.662859848414611
 20
2.442748455958797
 30
0.0
 10
2.661610464629626
 20
2.443167733716364
 30
0.0
 10
2.6602552919628
 20
2.443482912356789
 30
0.0
 10
2.658800062859761
 20
2.443698037325546
 30
0.0
 10
2.657238898002287
 20
2.443791978175642
 30
0.0
 10
2.65558198377501
 20
2.443794492625493
 30
0.0
 10
2.654445891870806
 20
2.443714635846021
 30
0.0
 10
2.653862587937776
 20
2.443673634960994
 30
0.0
  0
LINE
  5
192
330
1F
100
AcDbEntity
  8
0
  6
Continuous
 62
     7
370
    18
100
AcDbLine
 10
2.67809469
 20
2.4342344795
 30
0.0
 11
2.6701780265
 21
2.4329659252
 31
0.0
  0
SPLINE
  5
193
330
1F
100
AcDbEntity
  8
0
  6
Continuous
 62
     7
370
    18
100
AcDbSpline
210
0.0
220
0.0
230
1.0
 70
     8
 71
     3
 72
    23
 73
    19
 74
     0
 42
0.000000001
 43
0.00000001
 40
0.0
 40
0.0
 40
0.0
 40
0.0
 40
0.1004242339585452
 40
0.1952392877585594
 40
0.2856613389356537
 40
0.3727359462976578
 40
0.4148889413465568
 40
0.4561294949661587
 40
0.4963168364981492
 40
0.5354816923662735
 40
0.574040758103609
 40
0.6125325320682093
 40
0.6509149334666906
 40
0.6894067074312996
 40
0.7659283371226507
 40
0.8424353152165934
 40
0.9199747737348801
 40
1.0
 40
1.0
 40
1.0
 40
1.0
 10
2.652898378536067
 20
2.450968640302874
 30
0.0
 10
2.65403132771176
 20
2.451041815053525
 30
0.0
 10
2.656233945361004
 20
2.451184077390373
 30
0.0
 10
2.659463635499879
 20
2.451020150130209
 30
0.0
 10
2.662514254870954
 20
2.450589007237244
 30
0.0
 10
2.664921118303907
 20
2.44995937894414
 30
0.0
 10
2.666735842287089
 20
2.44931225115598
 30
0.0
 10
2.6680183811815
 20
2.448757122099686
 30
0.0
 10
2.66922331726651
 20
2.44811924689599
 30
0.0
 10
2.670360731663241
 20
2.447423413149149
 30
0.0
 10
2.671417414648253
 20
2.446641979341034
 30
0.0
 10
2.672410961617405
 20
2.445795044973058
 30
0.0
 10
2.673322175268951
 20
2.444861383904048
 30
0.0
 10
2.674456884970491
 20
2.443549936891093
 30
0.0
 10
2.675667929197075
 20
2.441747058556404
 30
0.0
 10
2.676840946537264
 20
2.439413439790258
 30
0.0
 10
2.677659428468743
 20
2.436885658795083
 30
0.0
 10
2.677948086608406
 20
2.435127486937496
 30
0.0
 10
2.678094692638631
 20
2.434234532396891
 30
0.0
  0
SPLINE
  5
194
330
1F
100
AcDbEntity
  8
0
  6
Continuous
 62
     7
370
    18
100
AcDbSpline
210
0.0
220
0.0
230
1.0
 70
     8
 71
     3
 72
    23
 73
    19
 74
     0
 42
0.000000001
 43
0.00000001
 40
0.0
 40
0.0
 40
0.0
 40
0.0
 40
0.0744588701044602
 40
0.1483401288943926
 40
0.2225855120389871
 40
0.2993271868806787
 40
0.338669274968827
 40
0.3776411493414901
 40
0.4168037382809442
 40
0.4566490001114724
 40
0.4971594369601472
 40
0.5385323154999936
 40
0.5810672650928124
 40
0.6248482087740399
 40
0.7149122636667481
 40
0.8065452482745242
 40
0.9013586525062613
 40
1.0
 40
1.0
 40
1.0
 40
1.0
 10
2.632294746057434
 20
2.431785947995182
 30
0.0
 10
2.632263545980461
 20
2.432568786574496
 30
0.0
 10
2.632201387859698
 20
2.434128390898281
 30
0.0
 10
2.632514444990927
 20
2.43646009030367
 30
0.0
 10
2.633196401331737
 20
2.438728980806292
 30
0.0
 10
2.634006906178665
 20
2.440565254402073
 30
0.0
 10
2.634841394589718
 20
2.441966798413377
 30
0.0
 10
2.635557602500807
 20
2.442973683293212
 30
0.0
 10
2.636346940129233
 20
2.443930961219783
 30
0.0
 10
2.637221700207635
 20
2.444834630141531
 30
0.0
 10
2.638193618543249
 20
2.445667900090518
 30
0.0
 10
2.639233277372617
 20
2.446462501374193
 30
0.0
 10
2.6403688005501
 20
2.447179805302119
 30
0.0
 10
2.641987282328053
 20
2.448084339833388
 30
0.0
 10
2.644156030616065
 20
2.449051334046449
 30
0.0
 10
2.646915470558348
 20
2.449974293633977
 30
0.0
 10
2.649847310914345
 20
2.450621673515905
 30
0.0
 10
2.651868027831947
 20
2.450851469031181
 30
0.0
 10
2.652898378536067
 20
2.450968640302874
 30
0.0
  0
SPLINE
  5
195
330
1F
100
AcDbEntity
  8
0
  6
Continuous
 62
     7
370
    18
100
AcDbSpline
210
0.0
220
0.0
230
1.0
 70
     8
 71
     3
 72
    15
 73
    11
 74
     0
 42
0.000000001
 43
0.00000001
 40
0.0
 40
0.0
 40
0.0
 40
0.0
 40
0.142833278759784
 40
0.2752140740134716
 40
0.4018344067147195
 40
0.5224931383723137
 40
0.6408038527972313
 40
0.7580735325842594
 40
0.8774794145280218
 40
1.0
 40
1.0
 40
1.0
 40
1.0
 10
2.642368196912135
 20
2.418883303764412
 30
0.0
 10
2.641618729312899
 20
2.419224829727435
 30
0.0
 10
2.640174639860371
 20
2.41988288891701
 30
0.0
 10
2.638218931641428
 20
2.421135420662021
 30
0.0
 10
2.636531978090936
 20
2.422537414941599
 30
0.0
 10
2.635129653514178
 20
2.424119510140011
 30
0.0
 10
2.634005007451144
 20
2.42584481052579
 30
0.0
 10
2.633146158246682
 20
2.427707249761864
 30
0.0
 10
2.632550321875754
 20
2.429699276155462
 30
0.0
 10
2.632380666079684
 20
2.431084446217448
 30
0.0
 10
2.632294746057434
 20
2.431785947995182
 30
0.0
  0
SPLINE
  5
196
330
1F
100
AcDbEntity
  8
0
  6
Continuous
 62
     7
370
    18
100
AcDbSpline
210
0.0
220
0.0
230
1.0
 70
     8
 71
     3
 72
    23
 73
    19
 74
     0
 42
0.000000001
 43
0.00000001
 40
0.0
 40
0.0
 40
0.0
 40
0.0
 40
0.0317296423660936
 40
0.0716453918465982
 40
0.1193889162953205
 40
0.1748683133454728
 40
0.2386114009871894
 40
0.310203642618702
 40
0.3895629770013352
 40
0.4767746164834192
 40
0.5645804293625464
 40
0.6462436157397164
 40
0.7212682747603837
 40
0.7892768192855502
 40
0.8518425376356009
 40
0.9073826010757222
 40
0.956623376438095
 40
0.9999999999999999
 40
0.9999999999999999
 40
0.9999999999999999
 40
0.9999999999999999
 10
2.666257753536067
 20
2.41389732620031
 30
0.0
 10
2.66600882909887
 20
2.413967328691968
 30
0.0
 10
2.665446758822835
 20
2.414125394007903
 30
0.0
 10
2.664495199052472
 20
2.414329182781651
 30
0.0
 10
2.66335522760865
 20
2.414574887144128
 30
0.0
 10
2.662018206128719
 20
2.414827016490297
 30
0.0
 10
2.66048549552596
 20
2.415087442084037
 30
0.0
 10
2.658761509760116
 20
2.41538392409486
 30
0.0
 10
2.656844250612374
 20
2.41568346796989
 30
0.0
 10
2.65479644607065
 20
2.416002795091012
 30
0.0
 10
2.652731241162829
 20
2.416332771342269
 30
0.0
 10
2.650768827184363
 20
2.416675255193025
 30
0.0
 10
2.64896888882621
 20
2.417010619425229
 30
0.0
 10
2.647332303609224
 20
2.417369285054329
 30
0.0
 10
2.645860072318122
 20
2.417733165989963
 30
0.0
 10
2.644545731503805
 20
2.418097017941943
 30
0.0
 10
2.643398962725156
 20
2.418476377381146
 30
0.0
 10
2.642696969749606
 20
2.418753510614525
 30
0.0
 10
2.642368196912135
 20
2.418883303764412
 30
0.0
  0
SPLINE
  5
197
330
1F
100
AcDbEntity
  8
0
  6
Continuous
 62
     7
370
    18
100
AcDbSpline
210
0.0
220
0.0
230
1.0
 70
     8
 71
     3
 72
    15
 73
    11
 74
     0
 42
0.000000001
 43
0.00000001
 40
0.0
 40
0.0
 40
0.0
 40
0.0
 40
0.1159478296343706
 40
0.2268150255487367
 40
0.337025343908127
 40
0.447651980199727
 40
0.5656407590845169
 40
0.6943645108304052
 40
0.8393560532612394
 40
0.9999999999999999
 40
0.9999999999999999
 40
0.9999999999999999
 40
0.9999999999999999
 10
2.674377411655725
 20
2.405663485388343
 30
0.0
 10
2.674317096796511
 20
2.406140342994036
 30
0.0
 10
2.674199109971086
 20
2.407073163128395
 30
0.0
 10
2.673754156756888
 20
2.408404472743594
 30
0.0
 10
2.673103835658284
 20
2.40961999451842
 30
0.0
 10
2.672230115544062
 20
2.410725937291856
 30
0.0
 10
2.67111859387375
 20
2.411711609847033
 30
0.0
 10
2.669744425748419
 20
2.412581977714874
 30
0.0
 10
2.668100316834163
 20
2.413321942897779
 30
0.0
 10
2.66689255879988
 20
2.413699093472276
 30
0.0
 10
2.666257753536067
 20
2.41389732620031
 30
0.0
  0
SPLINE
  5
198
330
1F
100
AcDbEntity
  8
0
  6
Continuous
 62
     7
370
    18
100
AcDbSpline
210
0.0
220
0.0
230
1.0
 70
     8
 71
     3
 72
    19
 73
    15
 74
     0
 42
0.000000001
 43
0.00000001
 40
0.0
 40
0.0
 40
0.0
 40
0.0
 40
0.1096171471825702
 40
0.2133049544256716
 40
0.3115425978171271
 40
0.4060518010792338
 40
0.4948080059316379
 40
0.5772365359100659
 40
0.6537091456865695
 40
0.7269018529644493
 40
0.7970295945766989
 40
0.8652369497458946
 40
0.9321082432836448
 40
0.9999999999999999
 40
0.9999999999999999
 40
0.9999999999999999
 40
0.9999999999999999
 10
2.659711279177093
 20
2.393674302696036
 30
0.0
 10
2.660478344147616
 20
2.393759848462566
 30
0.0
 10
2.661970982505613
 20
2.393926312709265
 30
0.0
 10
2.664124210373729
 20
2.394363909250923
 30
0.0
 10
2.666116442167713
 20
2.394995092995727
 30
0.0
 10
2.667948638646363
 20
2.395756272554348
 30
0.0
 10
2.669592957627896
 20
2.396659424382727
 30
0.0
 10
2.670991079569807
 20
2.397707066915825
 30
0.0
 10
2.672181792785108
 20
2.398836751441963
 30
0.0
 10
2.673076371510098
 20
2.400108668710982
 30
0.0
 10
2.673762565467709
 20
2.401436032401607
 30
0.0
 10
2.674206490819945
 20
2.402816180110313
 30
0.0
 10
2.674439544494967
 20
2.40423507147783
 30
0.0
 10
2.674398226891588
 20
2.405184949837411
 30
0.0
 10
2.674377411655725
 20
2.405663485388344
 30
0.0
  0
SPLINE
  5
199
330
1F
100
AcDbEntity
  8
0
  6
Continuous
 62
     7
370
    18
100
AcDbSpline
210
0.0
220
0.0
230
1.0
 70
     8
 71
     3
 72
    19
 73
    15
 74
     0
 42
0.000000001
 43
0.00000001
 40
0.0
 40
0.0
 40
0.0
 40
0.0
 40
0.0871871293765743
 40
0.1682338450863376
 40
0.2435463782405037
 40
0.3146203573834671
 40
0.3849186643774321
 40
0.4586472034272767
 40
0.5376677761039629
 40
0.6229679062579574
 40
0.712981198793809
 40
0.8048417076582488
 40
0.90052699197493
 40
1.0
 40
1.0
 40
1.0
 40
1.0
 10
2.639919612510426
 20
2.406564259960994
 30
0.0
 10
2.640096124678482
 20
2.405820447218697
 30
0.0
 10
2.640436717618623
 20
2.404385206965285
 30
0.0
 10
2.641152804941024
 20
2.402367930537193
 30
0.0
 10
2.642059823465884
 20
2.400587336600863
 30
0.0
 10
2.643134979139321
 20
2.399013139000072
 30
0.0
 10
2.644451104389536
 20
2.39765142400044
 30
0.0
 10
2.646020166297639
 20
2.396470942221558
 30
0.0
 10
2.647871472435637
 20
2.3954960670529
 30
0.0
 10
2.649940735132879
 20
2.394656561863469
 30
0.0
 10
2.652208145358556
 20
2.394048359212073
 30
0.0
 10
2.654614323030745
 20
2.393668273240741
 30
0.0
 10
2.657131718700584
 20
2.393523079171439
 30
0.0
 10
2.658840371572702
 20
2.393623246820924
 30
0.0
 10
2.659711279177093
 20
2.393674302696036
 30
0.0
  0
LINE
  5
19A
330
1F
100
AcDbEntity
  8
0
  6
Continuous
 62
     7
370
    18
100
AcDbLine
 10
2.6321551897
 20
2.4052067437
 30
0.0
 11
2.6399196127
 21
2.4065642747
 31
0.0
  0
SPLINE
  5
19B
330
1F
100
AcDbEntity
  8
0
  6
Continuous
 62
     7
370
    18
100
AcDbSpline
210
0.0
220
0.0
230
1.0
 70
     8
 71
     3
 72
    31
 73
    27
 74
     0
 42
0.000000001
 43
0.00000001
 40
0.0
 40
0.0
 40
0.0
 40
0.0
 40
0.0543708661066531
 40
0.1063364203297857
 40
0.1566456745033986
 40
0.2047402161115782
 40
0.2507438794839412
 40
0.2953916528302231
 40
0.338222855339885
 40
0.3797299784157028
 40
0.4200976408906763
 40
0.4593905207938415
 40
0.4979376215091793
 40
0.5362427806529839
 40
0.5743172391471787
 40
0.6122993096451308
 40
0.6504305110299693
 40
0.68891024619341
 40
0.727514795228712
 40
0.765921417704478
 40
0.8040228396084388
 40
0.8424477532981196
 40
0.8808205844725575
 40
0.919841528511212
 40
0.9594999951355586
 40
1.0
 40
1.0
 40
1.0
 40
1.0
 10
2.66072623644205
 20
2.386252427696036
 30
0.0
 10
2.660028791778585
 20
2.386199495094642
 30
0.0
 10
2.658664756695063
 20
2.386095971576366
 30
0.0
 10
2.656649656193128
 20
2.386051887192411
 30
0.0
 10
2.654715277934559
 20
2.386070518292789
 30
0.0
 10
2.652860139193816
 20
2.386182196619996
 30
0.0
 10
2.651087129322993
 20
2.386390338933079
 30
0.0
 10
2.649390828843651
 20
2.386660902193501
 30
0.0
 10
2.647772377490984
 20
2.387031032138057
 30
0.0
 10
2.646232820768437
 20
2.387485626225198
 30
0.0
 10
2.644773113762673
 20
2.388034756108238
 30
0.0
 10
2.643382972553439
 20
2.388653392985895
 30
0.0
 10
2.642069507248686
 20
2.389368641315845
 30
0.0
 10
2.640827037012873
 20
2.390171357011152
 30
0.0
 10
2.639641462047357
 20
2.391044056245464
 30
0.0
 10
2.638533666190202
 20
2.392011440221559
 30
0.0
 10
2.637508438572198
 20
2.3930718599821
 30
0.0
 10
2.636539679663922
 20
2.394194986959714
 30
0.0
 10
2.635669838763813
 20
2.395401274989615
 30
0.0
 10
2.634885041402831
 20
2.396657591487658
 30
0.0
 10
2.634176660710407
 20
2.397956682350439
 30
0.0
 10
2.633584394230507
 20
2.399312756892666
 30
0.0
 10
2.633092075571141
 20
2.40071962993397
 30
0.0
 10
2.632667610899032
 20
2.402164936996473
 30
0.0
 10
2.632347017865917
 20
2.40366617843601
 30
0.0
 10
2.632219578216461
 20
2.404689647617638
 30
0.0
 10
2.632155189433503
 20
2.405206754619114
 30
0.0
  0
SPLINE
  5
19C
330
1F
100
AcDbEntity
  8
0
  6
Continuous
 62
     7
370
    18
100
AcDbSpline
210
0.0
220
0.0
230
1.0
 70
     8
 71
     3
 72
    23
 73
    19
 74
     0
 42
0.000000001
 43
0.00000001
 40
0.0
 40
0.0
 40
0.0
 40
0.0
 40
0.0743557214903262
 40
0.1478501789218219
 40
0.2228801241179289
 40
0.3002951714778023
 40
0.3397227169884551
 40
0.3789710371423773
 40
0.4188990166670294
 40
0.4586101910805492
 40
0.4991337297496622
 40
0.5407209304001588
 40
0.5832320236375181
 40
0.6268193481412815
 40
0.7158831951806962
 40
0.8073067580520262
 40
0.9016145040048472
 40
1.0
 40
1.0
 40
1.0
 40
1.0
 10
2.682319452254015
 20
2.407033677696036
 30
0.0
 10
2.682358709102639
 20
2.406204016127107
 30
0.0
 10
2.682436768086891
 20
2.404554302978584
 30
0.0
 10
2.6820793505221
 20
2.402081348721429
 30
0.0
 10
2.681380541637273
 20
2.39965365763301
 30
0.0
 10
2.680485481284196
 20
2.397702819011463
 30
0.0
 10
2.679623100460034
 20
2.396189581589752
 30
0.0
 10
2.678861772079853
 20
2.39510678408699
 30
0.0
 10
2.678036145782873
 20
2.394068007823192
 30
0.0
 10
2.677105205444853
 20
2.393103159299586
 30
0.0
 10
2.67612180564136
 20
2.392164619061536
 30
0.0
 10
2.675023168920566
 20
2.391311150155255
 30
0.0
 10
2.673854887616315
 20
2.390497151992048
 30
0.0
 10
2.672189716588241
 20
2.389474248312921
 30
0.0
 10
2.669932625303315
 20
2.388388034904083
 30
0.0
 10
2.667043200910556
 20
2.3873548147916
 30
0.0
 10
2.663951619429925
 20
2.386627277512423
 30
0.0
 10
2.66181642567153
 20
2.386379128070544
 30
0.0
 10
2.66072623644205
 20
2.386252427696036
 30
0.0
  0
LINE
  5
19D
330
1F
100
AcDbEntity
  8
0
  6
Continuous
 62
     7
370
    18
100
AcDbLine
 10
2.7350455543
 20
2.4273488523
 30
0.0
 11
2.719542089
 21
2.4228702907
 31
0.0
  0
SPLINE
  5
19E
330
1F
100
AcDbEntity
  8
0
  6
Continuous
 62
     7
370
    18
100
AcDbSpline
210
0.0
220
0.0
230
1.0
 70
     8
 71
     3
 72
    23
 73
    19
 74
     0
 42
0.000000001
 43
0.00000001
 40
0.0
 40
0.0
 40
0.0
 40
0.0
 40
0.0568984583180177
 40
0.1117142703649445
 40
0.1652493702534774
 40
0.2179714038303357
 40
0.2703570079619688
 40
0.3225594741914307
 40
0.3754501862393474
 40
0.4290353025819055
 40
0.4842067172453614
 40
0.5421721692388656
 40
0.6043356154374497
 40
0.6706636009234974
 40
0.7434787952663561
 40
0.8219027839179907
 40
0.9074053088145732
 40
1.0
 40
1.0
 40
1.0
 40
1.0
 10
2.75237595470477
 20
2.452278766237561
 30
0.0
 10
2.752543996377468
 20
2.451642765662001
 30
0.0
 10
2.752873928917142
 20
2.450394043950539
 30
0.0
 10
2.75316405976069
 20
2.448502837521521
 30
0.0
 10
2.753277631432832
 20
2.446643067400002
 30
0.0
 10
2.753231570264212
 20
2.444807750295262
 30
0.0
 10
2.753002295338073
 20
2.44300144366464
 30
0.0
 10
2.752594003528849
 20
2.441224730182839
 30
0.0
 10
2.752001903132939
 20
2.439487176853314
 30
0.0
 10
2.751264378561393
 20
2.437767632082501
 30
0.0
 10
2.75026696860511
 20
2.436110496617934
 30
0.0
 10
2.74896321979692
 20
2.43455087191764
 30
0.0
 10
2.74736797158219
 20
2.433093904634706
 30
0.0
 10
2.745469555577321
 20
2.43174221078106
 30
0.0
 10
2.743290997243019
 20
2.430480340981113
 30
0.0
 10
2.740805560745513
 20
2.429330934782008
 30
0.0
 10
2.738037272942893
 20
2.428264480302707
 30
0.0
 10
2.736068925024106
 20
2.427662075345272
 30
0.0
 10
2.735045559405624
 20
2.427348878417049
 30
0.0
  0
SPLINE
  5
19F
330
1F
100
AcDbEntity
  8
0
  6
Continuous
 62
     7
370
    18
100
AcDbSpline
210
0.0
220
0.0
230
1.0
 70
     8
 71
     3
 72
    19
 73
    15
 74
     0
 42
0.000000001
 43
0.00000001
 40
0.0
 40
0.0
 40
0.0
 40
0.0
 40
0.090365482917868
 40
0.174992444955846
 40
0.2553143572341692
 40
0.3318907717471768
 40
0.4077269787267157
 40
0.4846716504436174
 40
0.5650440479012077
 40
0.6487129379872649
 40
0.7346611963974594
 40
0.8208568731983884
 40
0.9089191381270552
 40
1.0
 40
1.0
 40
1.0
 40
1.0
 10
2.733358192952633
 20
2.465092601707647
 30
0.0
 10
2.73411443898621
 20
2.465164222027121
 30
0.0
 10
2.735578906813203
 20
2.465302914527937
 30
0.0
 10
2.737727762843154
 20
2.465232083691509
 30
0.0
 10
2.739741503435268
 20
2.464960411702072
 30
0.0
 10
2.741638814795404
 20
2.464465356454496
 30
0.0
 10
2.74342063756448
 20
2.463717633929887
 30
0.0
 10
2.745117716571599
 20
2.462728990436283
 30
0.0
 10
2.746714896782064
 20
2.461476144504751
 30
0.0
 10
2.748205241765071
 20
2.459991417248186
 30
0.0
 10
2.749558173615707
 20
2.458315908731925
 30
0.0
 10
2.750719216170998
 20
2.456459176757283
 30
0.0
 10
2.751685430315987
 20
2.454443108825659
 30
0.0
 10
2.752143208689943
 20
2.453008272856419
 30
0.0
 10
2.75237595470477
 20
2.452278766237561
 30
0.0
  0
SPLINE
  5
1A0
330
1F
100
AcDbEntity
  8
0
  6
Continuous
 62
     7
370
    18
100
AcDbSpline
210
0.0
220
0.0
230
1.0
 70
     8
 71
     3
 72
    15
 73
    11
 74
     0
 42
0.000000001
 43
0.00000001
 40
0.0
 40
0.0
 40
0.0
 40
0.0
 40
0.1581055850306297
 40
0.3071598477538255
 40
0.4459423691402218
 40
0.5760948864197023
 40
0.6950664624228409
 40
0.8065276421765573
 40
0.9082057740715146
 40
1.0
 40
1.0
 40
1.0
 40
1.0
 10
2.723995212183402
 20
2.463024626280296
 30
0.0
 10
2.724480978125801
 20
2.463166202795148
 30
0.0
 10
2.725424700593809
 20
2.463441250768558
 30
0.0
 10
2.726804153615366
 20
2.463807367738058
 30
0.0
 10
2.728103446386224
 20
2.464125718981534
 30
0.0
 10
2.729314054154462
 20
2.464400037484789
 30
0.0
 10
2.730440261370514
 20
2.464652707865011
 30
0.0
 10
2.731487518030298
 20
2.464834533107459
 30
0.0
 10
2.732450203627326
 20
2.464996107690554
 30
0.0
 10
2.733066016504303
 20
2.465061551475652
 30
0.0
 10
2.733358192952633
 20
2.465092601707647
 30
0.0
  0
LINE
  5
1A1
330
1F
100
AcDbEntity
  8
0
  6
Continuous
 62
     7
370
    18
100
AcDbLine
 10
2.7011967331
 20
2.4564401429
 30
0.0
 11
2.7239952103
 21
2.463024618
 31
0.0
  0
LINE
  5
1A2
330
1F
100
AcDbEntity
  8
0
  6
Continuous
 62
     7
370
    18
100
AcDbLine
 10
2.7186413155
 20
2.3959866013
 30
0.0
 11
2.7011967331
 21
2.4564401429
 31
0.0
  0
LINE
  5
1A3
330
1F
100
AcDbEntity
  8
0
  6
Continuous
 62
     7
370
    18
100
AcDbLine
 10
2.7266340982
 20
2.3982956946
 30
0.0
 11
2.7186413155
 21
2.3959866013
 31
0.0
  0
LINE
  5
1A4
330
1F
100
AcDbEntity
  8
0
  6
Continuous
 62
     7
370
    18
100
AcDbLine
 10
2.719542089
 20
2.4228702907
 30
0.0
 11
2.7266340982
 21
2.3982956946
 31
0.0
  0
LINE
  5
1A5
330
1F
100
AcDbEntity
  8
0
  6
Continuous
 62
     7
370
    18
100
AcDbLine
 10
2.7980709396
 20
2.454567329
 30
0.0
 11
2.7710730715
 21
2.442717777
 31
0.0
  0
LINE
  5
1A6
330
1F
100
AcDbEntity
  8
0
  6
Continuous
 62
     7
370
    18
100
AcDbLine
 10
2.7950768108
 20
2.4613674993
 30
0.0
 11
2.7980709396
 21
2.454567329
 31
0.0
  0
LINE
  5
1A7
330
1F
100
AcDbEntity
  8
0
  6
Continuous
 62
     7
370
    18
100
AcDbLine
 10
2.7680789549
 20
2.4495179473
 30
0.0
 11
2.7950768108
 21
2.4613674993
 31
0.0
  0
LINE
  5
1A8
330
1F
100
AcDbEntity
  8
0
  6
Continuous
 62
     7
370
    18
100
AcDbLine
 10
2.7602637774
 20
2.467330506
 30
0.0
 11
2.7680789549
 21
2.4495179473
 31
0.0
  0
LINE
  5
1A9
330
1F
100
AcDbEntity
  8
0
  6
Continuous
 62
     7
370
    18
100
AcDbLine
 10
2.7914610304
 20
2.4810196279
 30
0.0
 11
2.7602637774
 21
2.467330506
 31
0.0
  0
LINE
  5
1AA
330
1F
100
AcDbEntity
  8
0
  6
Continuous
 62
     7
370
    18
100
AcDbLine
 10
2.7884795882
 20
2.4878070872
 30
0.0
 11
2.7914610304
 21
2.4810196279
 31
0.0
  0
LINE
  5
1AB
330
1F
100
AcDbEntity
  8
0
  6
Continuous
 62
     7
370
    18
100
AcDbLine
 10
2.7496701665
 20
2.4707685285
 30
0.0
 11
2.7884795882
 21
2.4878070872
 31
0.0
  0
LINE
  5
1AC
330
1F
100
AcDbEntity
  8
0
  6
Continuous
 62
     7
370
    18
100
AcDbLine
 10
2.774929908
 20
2.4132332287
 30
0.0
 11
2.7496701665
 21
2.4707685285
 31
0.0
  0
LINE
  5
1AD
330
1F
100
AcDbEntity
  8
0
  6
Continuous
 62
     7
370
    18
100
AcDbLine
 10
2.782542089
 20
2.41658247
 30
0.0
 11
2.774929908
 21
2.4132332287
 31
0.0
  0
LINE
  5
1AE
330
1F
100
AcDbEntity
  8
0
  6
Continuous
 62
     7
370
    18
100
AcDbLine
 10
2.7710730715
 20
2.442717777
 30
0.0
 11
2.782542089
 21
2.41658247
 31
0.0
  0
SPLINE
  5
1AF
330
1F
100
AcDbEntity
  8
0
  6
Continuous
 62
     7
370
    18
100
AcDbSpline
210
0.0
220
0.0
230
1.0
 70
     8
 71
     3
 72
    15
 73
    11
 74
     0
 42
0.000000001
 43
0.00000001
 40
0.0
 40
0.0
 40
0.0
 40
0.0
 40
0.143726198715436
 40
0.2837968176008527
 40
0.4202017983616712
 40
0.5538719671384316
 40
0.6810802147622428
 40
0.7970350196549562
 40
0.902922635823353
 40
1.0
 40
1.0
 40
1.0
 40
1.0
 10
2.801464215993598
 20
2.477408831541511
 30
0.0
 10
2.802103094848798
 20
2.478390400140869
 30
0.0
 10
2.803364603102399
 20
2.480328571798121
 30
0.0
 10
2.80500750217987
 20
2.483337116897423
 30
0.0
 10
2.806360661012043
 20
2.486395211644482
 30
0.0
 10
2.807477203980002
 20
2.489436184386064
 30
0.0
 10
2.808300232811953
 20
2.492396898635819
 30
0.0
 10
2.808878964231253
 20
2.495182963642731
 30
0.0
 10
2.809157133115395
 20
2.497774629656133
 30
0.0
 10
2.809102517782851
 20
2.499428808659458
 30
0.0
 10
2.809076395480778
 20
2.500219996071426
 30
0.0
  0
LINE
  5
1B0
330
1F
100
AcDbEntity
  8
0
  6
Continuous
 62
     7
370
    18
100
AcDbLine
 10
2.805257621
 20
2.4709893082
 30
0.0
 11
2.8014642171
 21
2.4774087363
 31
0.0
  0
SPLINE
  5
1B1
330
1F
100
AcDbEntity
  8
0
  6
Continuous
 62
     7
370
    18
100
AcDbSpline
210
0.0
220
0.0
230
1.0
 70
     8
 71
     3
 72
    15
 73
    11
 74
     0
 42
0.000000001
 43
0.00000001
 40
0.0
 40
0.0
 40
0.0
 40
0.0
 40
0.1105993974750429
 40
0.2304685133478187
 40
0.3602886516833677
 40
0.4998062541327951
 40
0.6395085841087881
 40
0.7690047896223942
 40
0.88953392982263
 40
1.0
 40
1.0
 40
1.0
 40
1.0
 10
2.813808633728641
 20
2.486835247139802
 30
0.0
 10
2.813609476671691
 20
2.486198086610375
 30
0.0
 10
2.813194470515365
 20
2.484870362921701
 30
0.0
 10
2.812381488017334
 20
2.482852018854034
 30
0.0
 10
2.811393355692365
 20
2.48072043881123
 30
0.0
 10
2.810225007631328
 20
2.478545707501293
 30
0.0
 10
2.809014710438584
 20
2.476395967153689
 30
0.0
 10
2.807740900257731
 20
2.474418821049696
 30
0.0
 10
2.806533685027045
 20
2.472607822649096
 30
0.0
 10
2.805670438709029
 20
2.471512858445017
 30
0.0
 10
2.805257618771376
 20
2.470989226840656
 30
0.0
  0
LINE
  5
1B2
330
1F
100
AcDbEntity
  8
0
  6
Continuous
 62
     7
370
    18
100
AcDbLine
 10
2.83881464
 20
2.4445495247
 30
0.0
 11
2.8138086289
 21
2.4868351874
 31
0.0
  0
LINE
  5
1B3
330
1F
100
AcDbEntity
  8
0
  6
Continuous
 62
     7
370
    18
100
AcDbLine
 10
2.8454499345
 20
2.4484697817
 30
0.0
 11
2.83881464
 21
2.4445495247
 31
0.0
  0
LINE
  5
1B4
330
1F
100
AcDbEntity
  8
0
  6
Continuous
 62
     7
370
    18
100
AcDbLine
 10
2.8133519019
 20
2.5027446214
 30
0.0
 11
2.8454499345
 21
2.4484697817
 31
0.0
  0
LINE
  5
1B5
330
1F
100
AcDbEntity
  8
0
  6
Continuous
 62
     7
370
    18
100
AcDbLine
 10
2.809076398
 20
2.5002200283
 30
0.0
 11
2.8133519019
 21
2.5027446214
 31
0.0
  0
SPLINE
  5
1B6
330
1F
100
AcDbEntity
  8
0
  6
Continuous
 62
     7
370
    18
100
AcDbSpline
210
0.0
220
0.0
230
1.0
 70
     8
 71
     3
 72
    15
 73
    11
 74
     0
 42
0.000000001
 43
0.00000001
 40
0.0
 40
0.0
 40
0.0
 40
0.0
 40
0.1320571788155852
 40
0.2605849860166861
 40
0.3857986937745378
 40
0.5096572822382015
 40
0.6316716416990262
 40
0.7534127441437725
 40
0.8757206976409525
 40
1.0
 40
1.0
 40
1.0
 40
1.0
 10
2.916003660671796
 20
2.532809690484472
 30
0.0
 10
2.916478008736783
 20
2.532297355558939
 30
0.0
 10
2.91741402739923
 20
2.53128637841553
 30
0.0
 10
2.918641406847211
 20
2.529654189213049
 30
0.0
 10
2.919714594086652
 20
2.527970228952436
 30
0.0
 10
2.920634400648189
 20
2.526235124015942
 30
0.0
 10
2.921369182570562
 20
2.52443357821121
 30
0.0
 10
2.921951890977878
 20
2.522587888687123
 30
0.0
 10
2.922401649425213
 20
2.520689835636552
 30
0.0
 10
2.922542554225807
 20
2.519393297216
 30
0.0
 10
2.92261356985983
 20
2.518739845399002
 30
0.0
  0
SPLINE
  5
1B7
330
1F
100
AcDbEntity
  8
0
  6
Continuous
 62
     7
370
    18
100
AcDbSpline
210
0.0
220
0.0
230
1.0
 70
     8
 71
     3
 72
    23
 73
    19
 74
     0
 42
0.000000001
 43
0.00000001
 40
0.0
 40
0.0
 40
0.0
 40
0.0
 40
0.0641339837132871
 40
0.1257608077533573
 40
0.1863284908039234
 40
0.2459132822773983
 40
0.3053118007145401
 40
0.3650362542982517
 40
0.4262006384190203
 40
0.4885555639345314
 40
0.5514568214850898
 40
0.6131544824862892
 40
0.6747576761049247
 40
0.7364527149653636
 40
0.799245859290762
 40
0.8639474114455428
 40
0.9305949751164113
 40
1.0
 40
1.0
 40
1.0
 40
1.0
 10
2.88782590960342
 20
2.533989578304985
 30
0.0
 10
2.888325094342631
 20
2.534443591633971
 30
0.0
 10
2.889303949426731
 20
2.535333869762323
 30
0.0
 10
2.890895982626896
 20
2.536482524965739
 30
0.0
 10
2.892545632406502
 20
2.537453892094947
 30
0.0
 10
2.89427081580425
 20
2.538228703881963
 30
0.0
 10
2.896053594927914
 20
2.538833041193006
 30
0.0
 10
2.897909393213076
 20
2.539235755415806
 30
0.0
 10
2.899825366036623
 20
2.539467349360584
 30
0.0
 10
2.901787938670071
 20
2.539496406925076
 30
0.0
 10
2.903752421044444
 20
2.539369112312402
 30
0.0
 10
2.905683616425699
 20
2.539022425442319
 30
0.0
 10
2.907553610227062
 20
2.53847420724499
 30
0.0
 10
2.909366795598126
 20
2.537730620532527
 30
0.0
 10
2.911129157792497
 20
2.536800476964908
 30
0.0
 10
2.912827324064135
 20
2.535663002553934
 30
0.0
 10
2.91447974643394
 20
2.534342965079626
 30
0.0
 10
2.915488871738794
 20
2.533327641411913
 30
0.0
 10
2.916003660671796
 20
2.532809690484472
 30
0.0
  0
SPLINE
  5
1B8
330
1F
100
AcDbEntity
  8
0
  6
Continuous
 62
     7
370
    18
100
AcDbSpline
210
0.0
220
0.0
230
1.0
 70
     8
 71
     3
 72
    15
 73
    11
 74
     0
 42
0.000000001
 43
0.00000001
 40
0.0
 40
0.0
 40
0.0
 40
0.0
 40
0.1334688175773498
 40
0.2629897384418351
 40
0.3894718507025785
 40
0.5145464698927281
 40
0.635819447958068
 40
0.7571540912986984
 40
0.8785051734205082
 40
1.0
 40
1.0
 40
1.0
 40
1.0
 10
2.881989905329915
 20
2.522926544116951
 30
0.0
 10
2.882113958718089
 20
2.523478091163419
 30
0.0
 10
2.882358396098302
 20
2.524564870953049
 30
0.0
 10
2.88284192021778
 20
2.526143647184159
 30
0.0
 10
2.883429080924884
 20
2.52764808432133
 30
0.0
 10
2.884107047683461
 20
2.529075723823613
 30
0.0
 10
2.884891697376126
 20
2.530422518169895
 30
0.0
 10
2.885766513608278
 20
2.531693003380356
 30
0.0
 10
2.886742923004713
 20
2.532889849060728
 30
0.0
 10
2.887464771645853
 20
2.533622857263726
 30
0.0
 10
2.88782590960342
 20
2.533989578304985
 30
0.0
  0
LINE
  5
1B9
330
1F
100
AcDbEntity
  8
0
  6
Continuous
 62
     7
370
    18
100
AcDbLine
 10
2.8727411081
 20
2.5374404694
 30
0.0
 11
2.881989899
 21
2.5229265038
 31
0.0
  0
LINE
  5
1BA
330
1F
100
AcDbEntity
  8
0
  6
Continuous
 62
     7
370
    18
100
AcDbLine
 10
2.8908327213
 20
2.5547962156
 30
0.0
 11
2.8727411081
 21
2.5374404694
 31
0.0
  0
LINE
  5
1BB
330
1F
100
AcDbEntity
  8
0
  6
Continuous
 62
     7
370
    18
100
AcDbLine
 10
2.8857325691
 20
2.5601246518
 30
0.0
 11
2.8908327213
 21
2.5547962156
 31
0.0
  0
LINE
  5
1BC
330
1F
100
AcDbEntity
  8
0
  6
Continuous
 62
     7
370
    18
100
AcDbLine
 10
2.8631878162
 20
2.5385062349
 30
0.0
 11
2.8857325691
 21
2.5601246518
 31
0.0
  0
LINE
  5
1BD
330
1F
100
AcDbEntity
  8
0
  6
Continuous
 62
     7
370
    18
100
AcDbLine
 10
2.8811271912
 20
2.5110008815
 30
0.0
 11
2.8631878162
 21
2.5385062349
 31
0.0
  0
LINE
  5
1BE
330
1F
100
AcDbEntity
  8
0
  6
Continuous
 62
     7
370
    18
100
AcDbLine
 10
2.8870012456
 20
2.5153398181
 30
0.0
 11
2.8811271912
 21
2.5110008815
 31
0.0
  0
SPLINE
  5
1BF
330
1F
100
AcDbEntity
  8
0
  6
Continuous
 62
     7
370
    18
100
AcDbSpline
210
0.0
220
0.0
230
1.0
 70
     8
 71
     3
 72
    15
 73
    11
 74
     0
 42
0.000000001
 43
0.00000001
 40
0.0
 40
0.0
 40
0.0
 40
0.0
 40
0.134871151145664
 40
0.2641167665783418
 40
0.3922695717655852
 40
0.5185509266717709
 40
0.6431345577907671
 40
0.7641530447688804
 40
0.8824709634637155
 40
1.0
 40
1.0
 40
1.0
 40
1.0
 10
2.891048398919659
 20
2.527646095399002
 30
0.0
 10
2.890620630490969
 20
2.527213444661191
 30
0.0
 10
2.889782936045046
 20
2.52636618924031
 30
0.0
 10
2.888766508297415
 20
2.524913162372027
 30
0.0
 10
2.887928668211981
 20
2.523396823793624
 30
0.0
 10
2.887341079392801
 20
2.521788284797809
 30
0.0
 10
2.886944334832605
 20
2.52015708258427
 30
0.0
 10
2.886759661090064
 20
2.518526068679668
 30
0.0
 10
2.886737706523879
 20
2.516912178104423
 30
0.0
 10
2.88691360284301
 20
2.515862714962761
 30
0.0
 10
2.887001256825642
 20
2.515339738561395
 30
0.0
  0
SPLINE
  5
1C0
330
1F
100
AcDbEntity
  8
0
  6
Continuous
 62
     7
370
    18
100
AcDbSpline
210
0.0
220
0.0
230
1.0
 70
     8
 71
     3
 72
    23
 73
    19
 74
     0
 42
0.000000001
 43
0.00000001
 40
0.0
 40
0.0
 40
0.0
 40
0.0
 40
0.0728023968918816
 40
0.1422401455949877
 40
0.2082945802917545
 40
0.2724232292381822
 40
0.3339701442555324
 40
0.3941805768801905
 40
0.4540715592914317
 40
0.5141059537281039
 40
0.5739278656718813
 40
0.6324219445405569
 40
0.6903135615314809
 40
0.7486944442053171
 40
0.8086295899426074
 40
0.8702731586986509
 40
0.9339956558804613
 40
1.0
 40
1.0
 40
1.0
 40
1.0
 10
2.910573639304274
 20
2.526656512065669
 30
0.0
 10
2.910194862342545
 20
2.52703524041955
 30
0.0
 10
2.909454814040778
 20
2.527775193752087
 30
0.0
 10
2.908269454848091
 20
2.52874847007685
 30
0.0
 10
2.907071955381419
 20
2.52960034158987
 30
0.0
 10
2.905843190929215
 20
2.530296355562797
 30
0.0
 10
2.904591563656196
 20
2.530853319889665
 30
0.0
 10
2.903310899212014
 20
2.531241107540828
 30
0.0
 10
2.90201321368929
 20
2.53151842869209
 30
0.0
 10
2.900692428744502
 20
2.531627110137126
 30
0.0
 10
2.899379687161238
 20
2.531599659470645
 30
0.0
 10
2.898089328401105
 20
2.531453692757765
 30
0.0
 10
2.896837749951542
 20
2.531152082305355
 30
0.0
 10
2.895606958567067
 20
2.530738462299126
 30
0.0
 10
2.894416045915937
 20
2.530155050562488
 30
0.0
 10
2.893242885817815
 20
2.529459236568058
 30
0.0
 10
2.8921106647675
 20
2.52861815755934
 30
0.0
 10
2.891406615523807
 20
2.527973893573823
 30
0.0
 10
2.891048398919659
 20
2.527646095399002
 30
0.0
  0
SPLINE
  5
1C1
330
1F
100
AcDbEntity
  8
0
  6
Continuous
 62
     7
370
    18
100
AcDbSpline
210
0.0
220
0.0
230
1.0
 70
     8
 71
     3
 72
    23
 73
    19
 74
     0
 42
0.000000001
 43
0.00000001
 40
0.0
 40
0.0
 40
0.0
 40
0.0
 40
0.0600867201759549
 40
0.1186600093363204
 40
0.1758847455131508
 40
0.2326381724471005
 40
0.2900808046475616
 40
0.3479702572193374
 40
0.407032063823648
 40
0.4685290342512335
 40
0.5312803276624606
 40
0.5937622795678588
 40
0.6565558640892902
 40
0.7202752024918991
 40
0.7862604036995616
 40
0.8546260529147471
 40
0.9256029101477142
 40
1.0
 40
1.0
 40
1.0
 40
1.0
 10
2.911588596569231
 20
2.506395427663959
 30
0.0
 10
2.911909101994381
 20
2.506718587482482
 30
0.0
 10
2.912542040131614
 20
2.507356767549071
 30
0.0
 10
2.913349108275626
 20
2.508418928225597
 30
0.0
 10
2.914048288978547
 20
2.509524773188133
 30
0.0
 10
2.914589521741966
 20
2.510706911432957
 30
0.0
 10
2.915027229291655
 20
2.511935349897748
 30
0.0
 10
2.915320233587423
 20
2.513225809508422
 30
0.0
 10
2.915463904126674
 20
2.514570437942734
 30
0.0
 10
2.91550689605519
 20
2.515958403640354
 30
0.0
 10
2.915408935448621
 20
2.517371079227182
 30
0.0
 10
2.915150064322636
 20
2.518772850982183
 30
0.0
 10
2.914755022556188
 20
2.520149646120302
 30
0.0
 10
2.914216818992819
 20
2.521505697839722
 30
0.0
 10
2.913529889808588
 20
2.522840852956018
 30
0.0
 10
2.912683916745043
 20
2.524146079540558
 30
0.0
 10
2.911707704679735
 20
2.525438751352944
 30
0.0
 10
2.910957544139107
 20
2.526244274609699
 30
0.0
 10
2.910573639304274
 20
2.526656512065669
 30
0.0
  0
LINE
  5
1C2
330
1F
100
AcDbEntity
  8
0
  6
Continuous
 62
     7
370
    18
100
AcDbLine
 10
2.8892976035
 20
2.500495954
 30
0.0
 11
2.8946641726
 21
2.5065983902
 31
0.0
  0
SPLINE
  5
1C3
330
1F
100
AcDbEntity
  8
0
  6
Continuous
 62
     7
370
    18
100
AcDbSpline
210
0.0
220
0.0
230
1.0
 70
     8
 71
     3
 72
    23
 73
    19
 74
     0
 42
0.000000001
 43
0.00000001
 40
0.0
 40
0.0
 40
0.0
 40
0.0
 40
0.0707000504725515
 40
0.1385690609552848
 40
0.2036996576983572
 40
0.2669383178680568
 40
0.3284404521689693
 40
0.3893004839587267
 40
0.4498884399343794
 40
0.5105566338649209
 40
0.5709701221380491
 40
0.6304449873189427
 40
0.6895172373491809
 40
0.7488669653285165
 40
0.8091800963748174
 40
0.8707299692046685
 40
0.9344241879007886
 40
1.0
 40
1.0
 40
1.0
 40
1.0
 10
2.915978286740172
 20
2.50181543300584
 30
0.0
 10
2.915465757664779
 20
2.501341303574818
 30
0.0
 10
2.914461222700308
 20
2.500412030263289
 30
0.0
 10
2.912855163416302
 20
2.499197441357147
 30
0.0
 10
2.91122667832232
 20
2.498145226466594
 30
0.0
 10
2.909560949387759
 20
2.497279441591691
 30
0.0
 10
2.907860859313725
 20
2.496591465432667
 30
0.0
 10
2.906131571153147
 20
2.496059448536428
 30
0.0
 10
2.904359497722637
 20
2.495738580737547
 30
0.0
 10
2.902572252057124
 20
2.495568690466748
 30
0.0
 10
2.900786557679408
 20
2.495580216941872
 30
0.0
 10
2.89902856252198
 20
2.495775226310567
 30
0.0
 10
2.897304226726983
 20
2.496124960164189
 30
0.0
 10
2.895625408459258
 20
2.496674272820562
 30
0.0
 10
2.893964091117097
 20
2.497345623890502
 30
0.0
 10
2.892364552856466
 20
2.498244128936534
 30
0.0
 10
2.890783868465669
 20
2.499273153741538
 30
0.0
 10
2.889797805469099
 20
2.500084440718321
 30
0.0
 10
2.889297597637608
 20
2.500495988561395
 30
0.0
  0
SPLINE
  5
1C4
330
1F
100
AcDbEntity
  8
0
  6
Continuous
 62
     7
370
    18
100
AcDbSpline
210
0.0
220
0.0
230
1.0
 70
     8
 71
     3
 72
    15
 73
    11
 74
     0
 42
0.000000001
 43
0.00000001
 40
0.0
 40
0.0
 40
0.0
 40
0.0
 40
0.1266410415961842
 40
0.2494913558992254
 40
0.3701317242909232
 40
0.4897427159703606
 40
0.6113925822169117
 40
0.7358181997201876
 40
0.864792944690845
 40
1.0
 40
1.0
 40
1.0
 40
1.0
 10
2.92261356985983
 20
2.518739845399002
 30
0.0
 10
2.922668094114946
 20
2.51794489556603
 30
0.0
 10
2.922775510558831
 20
2.516378791014136
 30
0.0
 10
2.922577435365964
 20
2.514053676203325
 30
0.0
 10
2.922155800083174
 20
2.511807136153075
 30
0.0
 10
2.921445735292465
 20
2.509639680906587
 30
0.0
 10
2.92047277203778
 20
2.507552989464114
 30
0.0
 10
2.919250018795829
 20
2.505532442599259
 30
0.0
 10
2.917736909998145
 20
2.503607485502424
 30
0.0
 10
2.916573642040605
 20
2.502422105269304
 30
0.0
 10
2.915978286740172
 20
2.50181543300584
 30
0.0
  0
LINE
  5
1C5
330
1F
100
AcDbEntity
  8
0
  6
Continuous
 62
     7
370
    18
100
AcDbLine
 10
2.8758396012
 20
2.4692447772
 30
0.0
 11
2.8695341807
 21
2.4644490282
 31
0.0
  0
SPLINE
  5
1C6
330
1F
100
AcDbEntity
  8
0
  6
Continuous
 62
     7
370
    18
100
AcDbSpline
210
0.0
220
0.0
230
1.0
 70
     8
 71
     3
 72
    11
 73
     7
 74
     0
 42
0.000000001
 43
0.00000001
 40
0.0
 40
0.0
 40
0.0
 40
0.0
 40
0.2375351289505865
 40
0.4829297585481093
 40
0.73666777465578
 40
1.0
 40
1.0
 40
1.0
 40
1.0
 10
2.867758013974041
 20
2.484760911829746
 30
0.0
 10
2.868275608610702
 20
2.483472880417466
 30
0.0
 10
2.869327923920918
 20
2.480854199544104
 30
0.0
 10
2.871221753910623
 20
2.476985375968693
 30
0.0
 10
2.873396385300033
 20
2.473095099908137
 30
0.0
 10
2.875015190285711
 20
2.470543980357096
 30
0.0
 10
2.875839611196263
 20
2.469244752641712
 30
0.0
  0
SPLINE
  5
1C7
330
1F
100
AcDbEntity
  8
0
  6
Continuous
 62
     7
370
    18
100
AcDbSpline
210
0.0
220
0.0
230
1.0
 70
     8
 71
     3
 72
    19
 73
    15
 74
     0
 42
0.000000001
 43
0.00000001
 40
0.0
 40
0.0
 40
0.0
 40
0.0
 40
0.0504959694601702
 40
0.1031462124150033
 40
0.1577486180902564
 40
0.2149345621348328
 40
0.2744791452044134
 40
0.3364416497836202
 40
0.4008436029061783
 40
0.4677182302427417
 40
0.6028355824562969
 40
0.7365408366423547
 40
0.8687169407480123
 40
0.9999999999999999
 40
0.9999999999999999
 40
0.9999999999999999
 40
0.9999999999999999
 10
2.861059296025323
 20
2.528277204564789
 30
0.0
 10
2.860989451885814
 20
2.527533377867087
 30
0.0
 10
2.860846783896136
 20
2.526013991124318
 30
0.0
 10
2.860751290038554
 20
2.523681189212966
 30
0.0
 10
2.860747333023266
 20
2.521248430266552
 30
0.0
 10
2.860790836320938
 20
2.518713895253838
 30
0.0
 10
2.860933921261804
 20
2.516073712950238
 30
0.0
 10
2.861166425805546
 20
2.513333073446726
 30
0.0
 10
2.861472358291455
 20
2.510490636230214
 30
0.0
 10
2.861974397005237
 20
2.506581673428835
 30
0.0
 10
2.862800908938827
 20
2.501681892945327
 30
0.0
 10
2.864121565989163
 20
2.49589602952645
 30
0.0
 10
2.865746722963798
 20
2.490244730291822
 30
0.0
 10
2.867089100385003
 20
2.486584715879196
 30
0.0
 10
2.867758013974041
 20
2.484760911829746
 30
0.0
  0
LINE
  5
1C8
330
1F
100
AcDbEntity
  8
0
  6
Continuous
 62
     7
370
    18
100
AcDbLine
 10
2.8574435115
 20
2.5330475602
 30
0.0
 11
2.8610592919
 21
2.5282772331
 31
0.0
  0
LINE
  5
1C9
330
1F
100
AcDbEntity
  8
0
  6
Continuous
 62
     7
370
    18
100
AcDbLine
 10
2.8250917485
 20
2.5084854795
 30
0.0
 11
2.8574435115
 21
2.5330475602
 31
0.0
  0
LINE
  5
1CA
330
1F
100
AcDbEntity
  8
0
  6
Continuous
 62
     7
370
    18
100
AcDbLine
 10
2.829570249
 20
2.5025860276
 30
0.0
 11
2.8250917485
 21
2.5084854795
 31
0.0
  0
LINE
  5
1CB
330
1F
100
AcDbEntity
  8
0
  6
Continuous
 62
     7
370
    18
100
AcDbLine
 10
2.8540434019
 20
2.5211598753
 30
0.0
 11
2.829570249
 21
2.5025860276
 31
0.0
  0
SPLINE
  5
1CC
330
1F
100
AcDbEntity
  8
0
  6
Continuous
 62
     7
370
    18
100
AcDbSpline
210
0.0
220
0.0
230
1.0
 70
     8
 71
     3
 72
    27
 73
    23
 74
     0
 42
0.000000001
 43
0.00000001
 40
0.0
 40
0.0
 40
0.0
 40
0.0
 40
0.0318407561911866
 40
0.0653274833431398
 40
0.1004381488579695
 40
0.1374679657670992
 40
0.1763708785917139
 40
0.2170790008523743
 40
0.259429081125079
 40
0.3039171978344412
 40
0.3946240837025317
 40
0.4852793494966697
 40
0.5764573994296328
 40
0.6682457689691796
 40
0.7137006964637009
 40
0.758172116752603
 40
0.8012163556779044
 40
0.8433276979407363
 40
0.8840965860471734
 40
0.9237716300810771
 40
0.9623888809740858
 40
1.0
 40
1.0
 40
1.0
 40
1.0
 10
2.869534189187716
 20
2.464449079564789
 30
0.0
 10
2.869165542765166
 20
2.464965906752814
 30
0.0
 10
2.868409193170828
 20
2.466026277910906
 30
0.0
 10
2.867342511656375
 20
2.467721369183828
 30
0.0
 10
2.866252768253461
 20
2.469523296591222
 30
0.0
 10
2.865196549247187
 20
2.471469182165544
 30
0.0
 10
2.864127491341502
 20
2.47353407710537
 30
0.0
 10
2.86307946481715
 20
2.475728144972327
 30
0.0
 10
2.862036651927241
 20
2.478047058782588
 30
0.0
 10
2.860648955449235
 20
2.481303011228439
 30
0.0
 10
2.859053910718523
 20
2.485515986529735
 30
0.0
 10
2.85744125763627
 20
2.490707247026804
 30
0.0
 10
2.856124342871286
 20
2.49600270972028
 30
0.0
 10
2.855263936153629
 20
2.500477017616787
 30
0.0
 10
2.854750438199471
 20
2.504062868233734
 30
0.0
 10
2.85441065247795
 20
2.506691950421989
 30
0.0
 10
2.854176967304661
 20
2.509265713962927
 30
0.0
 10
2.853994376336897
 20
2.511769319813768
 30
0.0
 10
2.853890634768615
 20
2.514210669674116
 30
0.0
 10
2.853871322835914
 20
2.516583994331013
 30
0.0
 10
2.853894733259663
 20
2.518895041829462
 30
0.0
 10
2.853994285032595
 20
2.520411563922013
 30
0.0
 10
2.854043403931306
 20
2.521159816744276
 30
0.0
  0
LINE
  5
1CD
330
1F
100
AcDbEntity
  8
0
  6
Continuous
 62
     7
370
    18
100
AcDbLine
 10
2.3510458814
 20
2.5599300763
 30
0.0
 11
2.3381559126
 21
2.5760806275
 31
0.0
  0
LINE
  5
1CE
330
1F
100
AcDbEntity
  8
0
  6
Continuous
 62
     7
370
    18
100
AcDbLine
 10
2.3568057571
 20
2.564535552
 30
0.0
 11
2.3510458814
 21
2.5599300763
 31
0.0
  0
LINE
  5
1CF
330
1F
100
AcDbEntity
  8
0
  6
Continuous
 62
     7
370
    18
100
AcDbLine
 10
2.3259130051
 20
2.6032306605
 30
0.0
 11
2.3568057571
 21
2.564535552
 31
0.0
  0
LINE
  5
1D0
330
1F
100
AcDbEntity
  8
0
  6
Continuous
 62
     7
370
    18
100
AcDbLine
 10
2.320153105
 20
2.5986253804
 30
0.0
 11
2.3259130051
 21
2.6032306605
 31
0.0
  0
LINE
  5
1D1
330
1F
100
AcDbEntity
  8
0
  6
Continuous
 62
     7
370
    18
100
AcDbLine
 10
2.3329923278
 20
2.5825381885
 30
0.0
 11
2.320153105
 21
2.5986253804
 31
0.0
  0
LINE
  5
1D2
330
1F
100
AcDbEntity
  8
0
  6
Continuous
 62
     7
370
    18
100
AcDbLine
 10
2.289932763
 20
2.5481565945
 30
0.0
 11
2.3329923278
 21
2.5825381885
 31
0.0
  0
LINE
  5
1D3
330
1F
100
AcDbEntity
  8
0
  6
Continuous
 62
     7
370
    18
100
AcDbLine
 10
2.2950963478
 20
2.541698838
 30
0.0
 11
2.289932763
 21
2.5481565945
 31
0.0
  0
LINE
  5
1D4
330
1F
100
AcDbEntity
  8
0
  6
Continuous
 62
     7
370
    18
100
AcDbLine
 10
2.3381559126
 20
2.5760806275
 30
0.0
 11
2.2950963478
 21
2.541698838
 31
0.0
  0
LINE
  5
1D5
330
1F
100
AcDbEntity
  8
0
  6
Continuous
 62
     7
370
    18
100
AcDbLine
 10
3.0495051306
 20
4.7093555037
 30
0.0
 11
3.1067846955
 21
4.6595631367
 31
0.0
  0
ARC
  5
1D6
330
1F
100
AcDbEntity
  8
0
  6
Continuous
 62
     7
370
    18
100
AcDbCircle
 10
3.0648131868
 20
4.7269653996
 30
0.0
 40
0.0233333333333339
100
AcDbArc
 50
143.1555102685
 51
229.0
  0
ARC
  5
1D7
330
1F
100
AcDbEntity
  8
0
  6
Continuous
 62
     7
370
    18
100
AcDbCircle
 10
2.623066359
 20
5.0579695387
 30
0.0
 40
0.5286666666666667
100
AcDbArc
 50
323.1555102685
 51
0.0
  0
LINE
  5
1D8
330
1F
100
AcDbEntity
  8
0
  6
Continuous
 62
     7
370
    18
100
AcDbLine
 10
3.1517330118
 20
5.0979695378
 30
0.0
 11
3.1517330118
 21
5.0579695387
 31
0.0
  0
ARC
  5
1D9
330
1F
100
AcDbEntity
  8
0
  6
Continuous
 62
     7
370
    18
100
AcDbCircle
 10
3.1937330257
 20
5.0979695387
 30
0.0
 40
0.0420000000000003
100
AcDbArc
 50
90.0
 51
180.0
  0
LINE
  5
1DA
330
1F
100
AcDbEntity
  8
0
  6
Continuous
 62
     7
370
    18
100
AcDbLine
 10
3.2663996961
 20
5.1399695398
 30
0.0
 11
3.19373302
 21
5.1399695398
 31
0.0
  0
ARC
  5
1DB
330
1F
100
AcDbEntity
  8
0
  6
Continuous
 62
     7
370
    18
100
AcDbCircle
 10
3.2663996924
 20
5.0979695387
 30
0.0
 40
0.0420000000000003
100
AcDbArc
 50
0.0
 51
90.0
  0
LINE
  5
1DC
330
1F
100
AcDbEntity
  8
0
  6
Continuous
 62
     7
370
    18
100
AcDbLine
 10
3.3083997042
 20
4.9776142448
 30
0.0
 11
3.3083997042
 21
5.0979695378
 31
0.0
  0
ARC
  5
1DD
330
1F
100
AcDbEntity
  8
0
  6
Continuous
 62
     7
370
    18
100
AcDbCircle
 10
2.3457330257
 20
4.9776142466
 30
0.0
 40
0.9626666666666674
100
AcDbArc
 50
336.7085902832
 51
0.0
  0
ARC
  5
1DE
330
1F
100
AcDbEntity
  8
0
  6
Continuous
 62
     7
370
    18
100
AcDbCircle
 10
6.2303996924
 20
3.3053028721
 30
0.0
 40
3.266666666666666
100
AcDbArc
 50
156.7085902832
 51
189.4114611488
  0
ARC
  5
1DF
330
1F
100
AcDbEntity
  8
0
  6
Continuous
 62
     7
370
    18
100
AcDbCircle
 10
2.6952999213
 20
2.7193443527
 30
0.0
 40
0.316666666666668
100
AcDbArc
 50
309.1816017762
 51
9.4114611488
  0
ARC
  5
1E0
330
1F
100
AcDbEntity
  8
0
  6
Continuous
 62
     7
370
    18
100
AcDbCircle
 10
2.623066359
 20
2.8079695387
 30
0.0
 40
0.4309999999999997
100
AcDbArc
 50
230.8183982238
 51
309.1816017762
  0
ARC
  5
1E1
330
1F
100
AcDbEntity
  8
0
  6
Continuous
 62
     7
370
    18
100
AcDbCircle
 10
2.5508327968
 20
2.7193443527
 30
0.0
 40
0.316666666666666
100
AcDbArc
 50
170.5885388512
 51
230.8183982238
  0
ARC
  5
1E2
330
1F
100
AcDbEntity
  8
0
  6
Continuous
 62
     7
370
    18
100
AcDbCircle
 10
-0.9842669743
 20
3.3053028721
 30
0.0
 40
3.266666666666667
100
AcDbArc
 50
350.5885388512
 51
23.2914097168
  0
ARC
  5
1E3
330
1F
100
AcDbEntity
  8
0
  6
Continuous
 62
     7
370
    18
100
AcDbCircle
 10
2.9003996924
 20
4.9776142466
 30
0.0
 40
0.9626666666666671
100
AcDbArc
 50
180.0
 51
203.2914097168
  0
LINE
  5
1E4
330
1F
100
AcDbEntity
  8
0
  6
Continuous
 62
     7
370
    18
100
AcDbLine
 10
1.9377330138
 20
5.0979695378
 30
0.0
 11
1.9377330138
 21
4.9776142448
 31
0.0
  0
ARC
  5
1E5
330
1F
100
AcDbEntity
  8
0
  6
Continuous
 62
     7
370
    18
100
AcDbCircle
 10
1.9797330257
 20
5.0979695387
 30
0.0
 40
0.0420000000000007
100
AcDbArc
 50
90.0
 51
180.0
  0
LINE
  5
1E6
330
1F
100
AcDbEntity
  8
0
  6
Continuous
 62
     7
370
    18
100
AcDbLine
 10
2.0523996981
 20
5.1399695398
 30
0.0
 11
1.979733022
 21
5.1399695398
 31
0.0
  0
ARC
  5
1E7
330
1F
100
AcDbEntity
  8
0
  6
Continuous
 62
     7
370
    18
100
AcDbCircle
 10
2.0523996924
 20
5.0979695387
 30
0.0
 40
0.0420000000000003
100
AcDbArc
 50
0.0
 51
90.0
  0
LINE
  5
1E8
330
1F
100
AcDbEntity
  8
0
  6
Continuous
 62
     7
370
    18
100
AcDbLine
 10
2.0943997062
 20
5.0579695387
 30
0.0
 11
2.0943997062
 21
5.0979695378
 31
0.0
  0
ARC
  5
1E9
330
1F
100
AcDbEntity
  8
0
  6
Continuous
 62
     7
370
    18
100
AcDbCircle
 10
2.623066359
 20
5.0579695387
 30
0.0
 40
0.5286666666666667
100
AcDbArc
 50
180.0
 51
216.8444897315
  0
ARC
  5
1EA
330
1F
100
AcDbEntity
  8
0
  6
Continuous
 62
     7
370
    18
100
AcDbCircle
 10
2.1813195312
 20
4.7269653996
 30
0.0
 40
0.0233333333333336
100
AcDbArc
 50
311.0
 51
36.8444897315
  0
LINE
  5
1EB
330
1F
100
AcDbEntity
  8
0
  6
Continuous
 62
     7
370
    18
100
AcDbLine
 10
2.1393480225
 20
4.6595631367
 30
0.0
 11
2.1966275875
 21
4.7093555037
 31
0.0
  0
ARC
  5
1EC
330
1F
100
AcDbEntity
  8
0
  6
Continuous
 62
     7
370
    18
100
AcDbCircle
 10
2.623066359
 20
5.0579695387
 30
0.0
 40
0.6266666666666673
100
AcDbArc
 50
219.4759963776
 51
320.5240036224
  0
SPLINE
  5
1ED
330
1F
100
AcDbEntity
  8
0
  6
Continuous
 62
     7
370
    18
100
AcDbSpline
210
0.0
220
0.0
230
1.0
 70
     8
 71
     3
 72
    23
 73
    19
 74
     0
 42
0.000000001
 43
0.00000001
 40
0.0
 40
0.0
 40
0.0
 40
0.0
 40
0.069755315902911
 40
0.1375193395539495
 40
0.2033422235319662
 40
0.2664959609706584
 40
0.3285426963888906
 40
0.3900738867209221
 40
0.4508097559939691
 40
0.5112504608466157
 40
0.571829703088116
 40
0.6311378999171252
 40
0.6907999730147816
 40
0.75063664285346
 40
0.8105075486507453
 40
0.8722291776484755
 40
0.9350546417803333
 40
1.0
 40
1.0
 40
1.0
 40
1.0
 10
2.933532619738202
 20
2.573412181994656
 30
0.0
 10
2.933935207029172
 20
2.573679783420856
 30
0.0
 10
2.93472888902531
 20
2.574207347104258
 30
0.0
 10
2.935961005788237
 20
2.574894254581903
 30
0.0
 10
2.937201406679835
 20
2.575461894919214
 30
0.0
 10
2.938441539717447
 20
2.575928808557281
 30
0.0
 10
2.9396915372227
 20
2.576267996837649
 30
0.0
 10
2.94094603792833
 20
2.576514809952063
 30
0.0
 10
2.942207565633059
 20
2.576636980112443
 30
0.0
 10
2.943467898332151
 20
2.576667801929285
 30
0.0
 10
2.944715799995387
 20
2.576576392674167
 30
0.0
 10
2.945946158388454
 20
2.576384496997496
 30
0.0
 10
2.947151705674625
 20
2.576092819899117
 30
0.0
 10
2.948332176282139
 20
2.575699904816884
 30
0.0
 10
2.949487809739627
 20
2.575200383722737
 30
0.0
 10
2.950608852996618
 20
2.574585522778358
 30
0.0
 10
2.951726333720697
 20
2.573892905940501
 30
0.0
 10
2.952424083612659
 20
2.573347076612333
 30
0.0
 10
2.952778746874954
 20
2.573069633917733
 30
0.0
  0
SPLINE
  5
1EE
330
1F
100
AcDbEntity
  8
0
  6
Continuous
 62
     7
370
    18
100
AcDbSpline
210
0.0
220
0.0
230
1.0
 70
     8
 71
     3
 72
    15
 73
    11
 74
     0
 42
0.000000001
 43
0.00000001
 40
0.0
 40
0.0
 40
0.0
 40
0.0
 40
0.1179587577257176
 40
0.2353955500999054
 40
0.3531008637782859
 40
0.4747137961155912
 40
0.5989413641426474
 40
0.7257072256983381
 40
0.8585255430642615
 40
1.0
 40
1.0
 40
1.0
 40
1.0
 10
2.928686198798031
 20
2.588585793105767
 30
0.0
 10
2.929186895845717
 20
2.588151896969491
 30
0.0
 10
2.930186074365785
 20
2.587286024679429
 30
0.0
 10
2.931427470972532
 20
2.585729547039568
 30
0.0
 10
2.932450547353756
 20
2.584005632771925
 30
0.0
 10
2.933267895796781
 20
2.582131367448849
 30
0.0
 10
2.933817166988579
 20
2.580106834781388
 30
0.0
 10
2.934055609655332
 20
2.577960702690848
 30
0.0
 10
2.9339820540409
 20
2.575702783887329
 30
0.0
 10
2.933685550198146
 20
2.574191612489593
 30
0.0
 10
2.933532619738202
 20
2.573412181994656
 30
0.0
  0
SPLINE
  5
1EF
330
1F
100
AcDbEntity
  8
0
  6
Continuous
 62
     7
370
    18
100
AcDbSpline
210
0.0
220
0.0
230
1.0
 70
     8
 71
     3
 72
    23
 73
    19
 74
     0
 42
0.000000001
 43
0.00000001
 40
0.0
 40
0.0
 40
0.0
 40
0.0
 40
0.0592861556837835
 40
0.1154184282606902
 40
0.1687292343542168
 40
0.2196459780751354
 40
0.2673613081878283
 40
0.312936860006794
 40
0.3561802017671736
 40
0.3970368284868155
 40
0.4753283582558775
 40
0.5515922865391644
 40
0.6273735268828179
 40
0.7045712046523884
 40
0.7812729352004764
 40
0.8552309247262021
 40
0.9276408097548152
 40
1.0
 40
1.0
 40
1.0
 40
1.0
 10
2.903147336618544
 20
2.582483362550211
 30
0.0
 10
2.90352158922255
 20
2.582933412587412
 30
0.0
 10
2.904250185078169
 20
2.583809571065446
 30
0.0
 10
2.90535067434805
 20
2.585060878654359
 30
0.0
 10
2.906458771727511
 20
2.586192750736301
 30
0.0
 10
2.907557151484467
 20
2.58721503341485
 30
0.0
 10
2.908640654511358
 20
2.588139818200079
 30
0.0
 10
2.909719288169752
 20
2.588949429059483
 30
0.0
 10
2.910781698207416
 20
2.589665452227783
 30
0.0
 10
2.912177960939012
 20
2.590456620461815
 30
0.0
 10
2.913958442758945
 20
2.591216658931609
 30
0.0
 10
2.916160374309897
 20
2.591818590972926
 30
0.0
 10
2.918422934994555
 20
2.592044206073382
 30
0.0
 10
2.920694719422649
 20
2.591922045253273
 30
0.0
 10
2.922911902091768
 20
2.591506263438877
 30
0.0
 10
2.92501232462952
 20
2.590823821116191
 30
0.0
 10
2.92695524942246
 20
2.589855378566913
 30
0.0
 10
2.928109350385999
 20
2.589008889452509
 30
0.0
 10
2.928686198798031
 20
2.588585793105767
 30
0.0
  0
LINE
  5
1F0
330
1F
100
AcDbEntity
  8
0
  6
Continuous
 62
     7
370
    18
100
AcDbLine
 10
2.8883670143
 20
2.5641634141
 30
0.0
 11
2.903147348
 21
2.5824834335
 31
0.0
  0
LINE
  5
1F1
330
1F
100
AcDbEntity
  8
0
  6
Continuous
 62
     7
370
    18
100
AcDbLine
 10
2.9371864547
 20
2.5247703758
 30
0.0
 11
2.8883670143
 21
2.5641634141
 31
0.0
  0
LINE
  5
1F2
330
1F
100
AcDbEntity
  8
0
  6
Continuous
 62
     7
370
    18
100
AcDbLine
 10
2.9522078323
 20
2.5433821608
 30
0.0
 11
2.9371864547
 21
2.5247703758
 31
0.0
  0
SPLINE
  5
1F3
330
1F
100
AcDbEntity
  8
0
  6
Continuous
 62
     7
370
    18
100
AcDbSpline
210
0.0
220
0.0
230
1.0
 70
     8
 71
     3
 72
    23
 73
    19
 74
     0
 42
0.000000001
 43
0.00000001
 40
0.0
 40
0.0
 40
0.0
 40
0.0
 40
0.0643872911731052
 40
0.1272114000010321
 40
0.1890327422385964
 40
0.2512401050992994
 40
0.3117464282527933
 40
0.3684785653331717
 40
0.4221678987214722
 40
0.4736755929765629
 40
0.5253926216902827
 40
0.5794907630123579
 40
0.6369058779688801
 40
0.6979027224212263
 40
0.7636176367454272
 40
0.8359312242857581
 40
0.9145327036186985
 40
1.0
 40
1.0
 40
1.0
 40
1.0
 10
2.952778746874954
 20
2.573069633917733
 30
0.0
 10
2.953327245620691
 20
2.572595200049653
 30
0.0
 10
2.954410926764482
 20
2.571657850528238
 30
0.0
 10
2.955822572934402
 20
2.570057900711384
 30
0.0
 10
2.957030191238965
 20
2.568330934983482
 30
0.0
 10
2.958001989492547
 20
2.566490761781425
 30
0.0
 10
2.958773175715405
 20
2.564621249024609
 30
0.0
 10
2.959315694199791
 20
2.562771719945024
 30
0.0
 10
2.959617479269021
 20
2.560969348174374
 30
0.0
 10
2.959666056975096
 20
2.559198914835294
 30
0.0
 10
2.959492663783904
 20
2.557433072510214
 30
0.0
 10
2.959115731922512
 20
2.555632353850357
 30
0.0
 10
2.958542947227268
 20
2.553774340414887
 30
0.0
 10
2.95774046675661
 20
2.551861247196509
 30
0.0
 10
2.956726110794172
 20
2.549862451168183
 30
0.0
 10
2.955465121690814
 20
2.547773916808085
 30
0.0
 10
2.953948265084221
 20
2.54558641359505
 30
0.0
 10
2.952803939572301
 20
2.544137110234008
 30
0.0
 10
2.952207833413416
 20
2.543382133917733
 30
0.0
  0
SPLINE
  5
1F4
330
1F
100
AcDbEntity
  8
0
  6
Continuous
 62
     7
370
    18
100
AcDbSpline
210
0.0
220
0.0
230
1.0
 70
     8
 71
     3
 72
    23
 73
    19
 74
     0
 42
0.000000001
 43
0.00000001
 40
0.0
 40
0.0
 40
0.0
 40
0.0
 40
0.0698235715924002
 40
0.1371537466698531
 40
0.2029103608679715
 40
0.2666250210169749
 40
0.3281969227998544
 40
0.3894059221970844
 40
0.4502345960566629
 40
0.5108063495903906
 40
0.5710060882264592
 40
0.6306916868397126
 40
0.6905512238693061
 40
0.7499124418273853
 40
0.8103891037996882
 40
0.871918777261085
 40
0.9353969752316323
 40
1.0
 40
1.0
 40
1.0
 40
1.0
 10
2.615344709636055
 20
2.41897513586563
 30
0.0
 10
2.615800076187236
 20
2.418808791510872
 30
0.0
 10
2.616694548171099
 20
2.418482042950578
 30
0.0
 10
2.617968804315939
 20
2.417878007842454
 30
0.0
 10
2.619159779231479
 20
2.417207570689711
 30
0.0
 10
2.620266425102227
 20
2.416474715328625
 30
0.0
 10
2.621280049193168
 20
2.415666835364409
 30
0.0
 10
2.622203662766384
 20
2.414787537390416
 30
0.0
 10
2.623063329723461
 20
2.413853750096887
 30
0.0
 10
2.62380598372901
 20
2.412832641921379
 30
0.0
 10
2.624465100281657
 20
2.411766919092953
 30
0.0
 10
2.625044154943865
 20
2.410660030999311
 30
0.0
 10
2.62550805882205
 20
2.409506579750667
 30
0.0
 10
2.625883918630021
 20
2.408315774333095
 30
0.0
 10
2.626143727196158
 20
2.407082558476368
 30
0.0
 10
2.626325356585233
 20
2.405807306112026
 30
0.0
 10
2.626403337527157
 20
2.404491472962171
 30
0.0
 10
2.626372533325183
 20
2.403602752274963
 30
0.0
 10
2.626356995960841
 20
2.403154489498109
 30
0.0
  0
SPLINE
  5
1F5
330
1F
100
AcDbEntity
  8
0
  6
Continuous
 62
     7
370
    18
100
AcDbSpline
210
0.0
220
0.0
230
1.0
 70
     8
 71
     3
 72
    15
 73
    11
 74
     0
 42
0.000000001
 43
0.00000001
 40
0.0
 40
0.0
 40
0.0
 40
0.0
 40
0.1182937340830145
 40
0.2344218131820629
 40
0.3531267555031696
 40
0.4743444501419046
 40
0.5984879806756106
 40
0.7258330229729937
 40
0.8586148072020264
 40
1.0
 40
1.0
 40
1.0
 40
1.0
 10
2.624821873097593
 20
2.431827032233152
 30
0.0
 10
2.624761224168331
 20
2.431164103622346
 30
0.0
 10
2.624641036636207
 20
2.429850382923949
 30
0.0
 10
2.624110339360441
 20
2.427928333137779
 30
0.0
 10
2.623321851653748
 20
2.426084291977448
 30
0.0
 10
2.622263529334005
 20
2.424326383325837
 30
0.0
 10
2.620941711690447
 20
2.422692212630204
 30
0.0
 10
2.619335719206643
 20
2.421238814173631
 30
0.0
 10
2.617464296990252
 20
2.419961551462629
 30
0.0
 10
2.616065866420897
 20
2.419310748502232
 30
0.0
 10
2.615344709636055
 20
2.41897513586563
 30
0.0
  0
SPLINE
  5
1F6
330
1F
100
AcDbEntity
  8
0
  6
Continuous
 62
     7
370
    18
100
AcDbSpline
210
0.0
220
0.0
230
1.0
 70
     8
 71
     3
 72
    23
 73
    19
 74
     0
 42
0.000000001
 43
0.00000001
 40
0.0
 40
0.0
 40
0.0
 40
0.0
 40
0.0591281821047942
 40
0.1154291052346812
 40
0.168975225640153
 40
0.2195122211963036
 40
0.2675005612093197
 40
0.3130583780304519
 40
0.3564733048238944
 40
0.3973936388742675
 40
0.4759599810601366
 40
0.5519119870621487
 40
0.6278940428394301
 40
0.7048219994891487
 40
0.7814740828982771
 40
0.8554046924871118
 40
0.9277673905665638
 40
1.0
 40
1.0
 40
1.0
 40
1.0
 10
2.604852588909559
 20
2.448979810010929
 30
0.0
 10
2.605436551449381
 20
2.448941828355186
 30
0.0
 10
2.606576553916273
 20
2.448867681165439
 30
0.0
 10
2.608239328712817
 20
2.448687032340537
 30
0.0
 10
2.609811703936999
 20
2.448466855738586
 30
0.0
 10
2.611288019281886
 20
2.448171048419627
 30
0.0
 10
2.612672848006225
 20
2.447830007698966
 30
0.0
 10
2.613972117754553
 20
2.447441034084641
 30
0.0
 10
2.615175149881319
 20
2.446985074562749
 30
0.0
 10
2.616641709584253
 20
2.446313131404985
 30
0.0
 10
2.618309698260329
 20
2.445321336670953
 30
0.0
 10
2.620096680577621
 20
2.443888842601345
 30
0.0
 10
2.621600476928542
 20
2.442180574383287
 30
0.0
 10
2.622831462223423
 20
2.440263928639555
 30
0.0
 10
2.623809471390861
 20
2.438227816181951
 30
0.0
 10
2.624468935757686
 20
2.436116809296418
 30
0.0
 10
2.624852145075628
 20
2.433976815653729
 30
0.0
 10
2.62483195770292
 20
2.432543196776777
 30
0.0
 10
2.624821873097593
 20
2.431827032233152
 30
0.0
  0
LINE
  5
1F7
330
1F
100
AcDbEntity
  8
0
  6
Continuous
 62
     7
370
    18
100
AcDbLine
 10
2.5812928933
 20
2.4502104016
 30
0.0
 11
2.6048525892
 21
2.4489797847
 31
0.0
  0
LINE
  5
1F8
330
1F
100
AcDbEntity
  8
0
  6
Continuous
 62
     7
370
    18
100
AcDbLine
 10
2.5780069684
 20
2.3874352512
 30
0.0
 11
2.5812928933
 21
2.4502104016
 31
0.0
  0
LINE
  5
1F9
330
1F
100
AcDbEntity
  8
0
  6
Continuous
 62
     7
370
    18
100
AcDbLine
 10
2.6019472737
 20
2.3861919233
 30
0.0
 11
2.5780069684
 21
2.3874352512
 31
0.0
  0
SPLINE
  5
1FA
330
1F
100
AcDbEntity
  8
0
  6
Continuous
 62
     7
370
    18
100
AcDbSpline
210
0.0
220
0.0
230
1.0
 70
     8
 71
     3
 72
    31
 73
    27
 74
     0
 42
0.000000001
 43
0.00000001
 40
0.0
 40
0.0
 40
0.0
 40
0.0
 40
0.0430980260761273
 40
0.0851839491430765
 40
0.1267499099670507
 40
0.1676186324621286
 40
0.2081861237950022
 40
0.2484782524935374
 40
0.2889690868181494
 40
0.329587602450838
 40
0.370078436775452
 40
0.4100633721620965
 40
0.4496775115110914
 40
0.4892041400348244
 40
0.5288476788480928
 40
0.5688034659708259
 40
0.6092943002954395
 40
0.6505099755307437
 40
0.6921296245922337
 40
0.7340274979851719
 40
0.7764321074626245
 40
0.8194301458331993
 40
0.8631632721703641
 40
0.9077661421615388
 40
0.9531458734274961
 40
1.0
 40
1.0
 40
1.0
 40
1.0
 10
2.419662658531993
 20
2.513442835730175
 30
0.0
 10
2.420242682772399
 20
2.513022154008012
 30
0.0
 10
2.421389110112463
 20
2.512190669745532
 30
0.0
 10
2.423009811119257
 20
2.510841046809478
 30
0.0
 10
2.424501272327938
 20
2.50940415073649
 30
0.0
 10
2.425896896152206
 20
2.507907905356633
 30
0.0
 10
2.42715317909505
 20
2.506318564843451
 30
0.0
 10
2.428281905838175
 20
2.504645345530907
 30
0.0
 10
2.429316649794727
 20
2.502910989935339
 30
0.0
 10
2.430211741041575
 20
2.501096511738607
 30
0.0
 10
2.43098499359512
 20
2.499236745316842
 30
0.0
 10
2.431625221639487
 20
2.497343898992672
 30
0.0
 10
2.432105482612913
 20
2.495420787721806
 30
0.0
 10
2.432448759464117
 20
2.493474926840756
 30
0.0
 10
2.432656142198899
 20
2.491503606258319
 30
0.0
 10
2.432701825126665
 20
2.489505980269699
 30
0.0
 10
2.432612397847325
 20
2.487484273423322
 30
0.0
 10
2.432384972972215
 20
2.485445195516192
 30
0.0
 10
2.432012585630179
 20
2.483404228975398
 30
0.0
 10
2.431521130073743
 20
2.481368131148079
 30
0.0
 10
2.430880566632264
 20
2.479349778220555
 30
0.0
 10
2.430118508996536
 20
2.477341939061908
 30
0.0
 10
2.429227555532179
 20
2.475347586026755
 30
0.0
 10
2.42821229303496
 20
2.473369301424744
 30
0.0
 10
2.427066848403713
 20
2.47140233915162
 30
0.0
 10
2.426212021752731
 20
2.470129229567895
 30
0.0
 10
2.42577777605336
 20
2.469482499191713
 30
0.0
  0
SPLINE
  5
1FB
330
1F
100
AcDbEntity
  8
0
  6
Continuous
 62
     7
370
    18
100
AcDbSpline
210
0.0
220
0.0
230
1.0
 70
     8
 71
     3
 72
    23
 73
    19
 74
     0
 42
0.000000001
 43
0.00000001
 40
0.0
 40
0.0
 40
0.0
 40
0.0
 40
0.0752427524216359
 40
0.1465195118886483
 40
0.2144439047596139
 40
0.2795288153160292
 40
0.3425232990097958
 40
0.403722686980344
 40
0.4638321946473612
 40
0.5239016124705498
 40
0.5831619546735097
 40
0.6412723914748266
 40
0.6988967932840945
 40
0.7564282809317983
 40
0.8146339327464849
 40
0.8742773709979644
 40
0.9358066194796208
 40
1.0
 40
1.0
 40
1.0
 40
1.0
 10
2.375879939514899
 20
2.503153706456671
 30
0.0
 10
2.376625193163712
 20
2.504185357375435
 30
0.0
 10
2.378076418661756
 20
2.506194281613212
 30
0.0
 10
2.380466209506409
 20
2.508926984594787
 30
0.0
 10
2.382924643894921
 20
2.511358171175036
 30
0.0
 10
2.385501025093765
 20
2.513450769515719
 30
0.0
 10
2.3881698066591
 20
2.515225832572198
 30
0.0
 10
2.390937095092015
 20
2.51667142884431
 30
0.0
 10
2.393801276199162
 20
2.517784408964422
 30
0.0
 10
2.396738687422409
 20
2.518565435306389
 30
0.0
 10
2.399706474849487
 20
2.519036525070549
 30
0.0
 10
2.402666866750794
 20
2.519193844521577
 30
0.0
 10
2.405596362595082
 20
2.519023008709155
 30
0.0
 10
2.408496685787882
 20
2.518560105840265
 30
0.0
 10
2.411353195488139
 20
2.5177424335177
 30
0.0
 10
2.414180333386358
 20
2.516634815077941
 30
0.0
 10
2.416978906403449
 20
2.515208810078097
 30
0.0
 10
2.418755525310085
 20
2.514039751512002
 30
0.0
 10
2.419662658531993
 20
2.513442835730175
 30
0.0
  0
SPLINE
  5
1FC
330
1F
100
AcDbEntity
  8
0
  6
Continuous
 62
     7
370
    18
100
AcDbSpline
210
0.0
220
0.0
230
1.0
 70
     8
 71
     3
 72
    31
 73
    27
 74
     0
 42
0.000000001
 43
0.00000001
 40
0.0
 40
0.0
 40
0.0
 40
0.0
 40
0.0448315791857887
 40
0.0885959477130929
 40
0.1314877462506336
 40
0.173689822132102
 40
0.2155780582674604
 40
0.2571928695738928
 40
0.298752780049955
 40
0.340477176302686
 40
0.3820055667876551
 40
0.4231440412092866
 40
0.4636831581038512
 40
0.5041127992783103
 40
0.5444667956064051
 40
0.5851588487298535
 40
0.6261550627626176
 40
0.6679084186522368
 40
0.7097910434497317
 40
0.7513985926292075
 40
0.7925517555748924
 40
0.8338645221892793
 40
0.8748328805207384
 40
0.9163216350217696
 40
0.9578815454978317
 40
1.0
 40
1.0
 40
1.0
 40
1.0
 10
2.382565970497805
 20
2.459929213935303
 30
0.0
 10
2.381971709289777
 20
2.46035654309087
 30
0.0
 10
2.380797333194388
 20
2.461201028879914
 30
0.0
 10
2.379166245182303
 20
2.462597921949484
 30
0.0
 10
2.377628656375469
 20
2.464034850750452
 30
0.0
 10
2.376248551839359
 20
2.465583731823398
 30
0.0
 10
2.374973772663818
 20
2.467192577584178
 30
0.0
 10
2.373829612539765
 20
2.468885190976985
 30
0.0
 10
2.372812411777
 20
2.470653358212003
 30
0.0
 10
2.371924202654766
 20
2.472488653994052
 30
0.0
 10
2.371182781899654
 20
2.47437997970967
 30
0.0
 10
2.370554677408784
 20
2.476291356170166
 30
0.0
 10
2.370080481060085
 20
2.478229487269742
 30
0.0
 10
2.369772598373197
 20
2.48018673157514
 30
0.0
 10
2.369571129031961
 20
2.482160530128192
 30
0.0
 10
2.369540015068785
 20
2.484154108290815
 30
0.0
 10
2.369640923696139
 20
2.4861674509283
 30
0.0
 10
2.369884073043727
 20
2.488188371129007
 30
0.0
 10
2.370251936311639
 20
2.490200047737559
 30
0.0
 10
2.370734054555333
 20
2.492177454240078
 30
0.0
 10
2.371324252814714
 20
2.494115084593633
 30
0.0
 10
2.371998634477333
 20
2.496014530420887
 30
0.0
 10
2.372809615953226
 20
2.497866121330708
 30
0.0
 10
2.373720764414133
 20
2.499673998978055
 30
0.0
 10
2.374734574336101
 20
2.501449299007788
 30
0.0
 10
2.375496455962844
 20
2.502583048089588
 30
0.0
 10
2.375879939514899
 20
2.503153706456671
 30
0.0
  0
SPLINE
  5
1FD
330
1F
100
AcDbEntity
  8
0
  6
Continuous
 62
     7
370
    18
100
AcDbSpline
210
0.0
220
0.0
230
1.0
 70
     8
 71
     3
 72
    31
 73
    27
 74
     0
 42
0.000000001
 43
0.00000001
 40
0.0
 40
0.0
 40
0.0
 40
0.0
 40
0.0474659701899565
 40
0.0938958616178512
 40
0.1392294075520895
 40
0.1838010152331844
 40
0.2275877658069264
 40
0.2709185710439209
 40
0.3138075643006999
 40
0.3565688345301082
 40
0.3986794952682484
 40
0.4397640482380827
 40
0.4802740084254846
 40
0.5201937680791897
 40
0.5597958153723797
 40
0.5994873737784241
 40
0.6392985124790803
 40
0.6797143297589987
 40
0.7201341747251365
 40
0.7599698402616972
 40
0.7995842175994866
 40
0.8391245569957001
 40
0.8788349772886423
 40
0.9187808272255307
 40
0.959231269500954
 40
1.0
 40
1.0
 40
1.0
 40
1.0
 10
2.42577777605336
 20
2.469482499191713
 30
0.0
 10
2.425319230031576
 20
2.468843159680965
 30
0.0
 10
2.42441214704908
 20
2.467578436048688
 30
0.0
 10
2.422951485797052
 20
2.465789979617848
 30
0.0
 10
2.42142383609603
 20
2.464123986209479
 30
0.0
 10
2.419840848727774
 20
2.462571728228184
 30
0.0
 10
2.41818403432793
 20
2.461149171860022
 30
0.0
 10
2.416473358960476
 20
2.459836962898385
 30
0.0
 10
2.414689173281796
 20
2.458657050342831
 30
0.0
 10
2.412858060902181
 20
2.45759134833763
 30
0.0
 10
2.410984611603411
 20
2.456666849007504
 30
0.0
 10
2.409086904179591
 20
2.455886746792213
 30
0.0
 10
2.407169661621322
 20
2.455263329810807
 30
0.0
 10
2.405234398982446
 20
2.454797429474232
 30
0.0
 10
2.403286244967722
 20
2.454454697260333
 30
0.0
 10
2.401316247802871
 20
2.454302273609708
 30
0.0
 10
2.399327225187062
 20
2.45426468744899
 30
0.0
 10
2.397331525379555
 20
2.454418169111169
 30
0.0
 10
2.395347403435904
 20
2.454676748123853
 30
0.0
 10
2.39339970004931
 20
2.455076014874547
 30
0.0
 10
2.391493303513914
 20
2.455583923701781
 30
0.0
 10
2.389621751613445
 20
2.456203526913296
 30
0.0
 10
2.38779441021414
 20
2.456957660372871
 30
0.0
 10
2.385999638194364
 20
2.457820570824742
 30
0.0
 10
2.384247943322746
 20
2.458806581123689
 30
0.0
 10
2.383128090961938
 20
2.459554026614939
 30
0.0
 10
2.382565970497805
 20
2.459929213935303
 30
0.0
  0
LINE
  5
1FE
330
1F
100
AcDbEntity
  8
0
  6
Continuous
 62
     7
370
    18
100
AcDbLine
 10
2.3641174949
 20
2.5123474615
 30
0.0
 11
2.3405577959
 21
2.5347907223
 31
0.0
  0
LINE
  5
1FF
330
1F
100
AcDbEntity
  8
0
  6
Continuous
 62
     7
370
    18
100
AcDbLine
 10
2.3437675833
 20
2.4909826772
 30
0.0
 11
2.3641174949
 21
2.5123474615
 31
0.0
  0
LINE
  5
200
330
1F
100
AcDbEntity
  8
0
  6
Continuous
 62
     7
370
    18
100
AcDbLine
 10
2.3497685273
 20
2.4852607878
 30
0.0
 11
2.3437675833
 21
2.4909826772
 31
0.0
  0
LINE
  5
201
330
1F
100
AcDbEntity
  8
0
  6
Continuous
 62
     7
370
    18
100
AcDbLine
 10
2.3929422708
 20
2.5305914108
 30
0.0
 11
2.3497685273
 21
2.4852607878
 31
0.0
  0
LINE
  5
202
330
1F
100
AcDbEntity
  8
0
  6
Continuous
 62
     7
370
    18
100
AcDbLine
 10
2.3869413268
 20
2.5363131047
 30
0.0
 11
2.3929422708
 21
2.5305914108
 31
0.0
  0
LINE
  5
203
330
1F
100
AcDbEntity
  8
0
  6
Continuous
 62
     7
370
    18
100
AcDbLine
 10
2.3692176471
 20
2.5177013197
 30
0.0
 11
2.3869413268
 21
2.5363131047
 31
0.0
  0
LINE
  5
204
330
1F
100
AcDbEntity
  8
0
  6
Continuous
 62
     7
370
    18
100
AcDbLine
 10
2.3456579481
 20
2.5401445804
 30
0.0
 11
2.3692176471
 21
2.5177013197
 31
0.0
  0
LINE
  5
205
330
1F
100
AcDbEntity
  8
0
  6
Continuous
 62
     7
370
    18
100
AcDbLine
 10
2.3633816523
 20
2.5587563654
 30
0.0
 11
2.3456579481
 21
2.5401445804
 31
0.0
  0
LINE
  5
206
330
1F
100
AcDbEntity
  8
0
  6
Continuous
 62
     7
370
    18
100
AcDbLine
 10
2.3573807083
 20
2.5644655439
 30
0.0
 11
2.3633816523
 21
2.5587563654
 31
0.0
  0
LINE
  5
207
330
1F
100
AcDbEntity
  8
0
  6
Continuous
 62
     7
370
    18
100
AcDbLine
 10
2.3142069648
 20
2.5191351165
 30
0.0
 11
2.3573807083
 21
2.5644655439
 31
0.0
  0
LINE
  5
208
330
1F
100
AcDbEntity
  8
0
  6
Continuous
 62
     7
370
    18
100
AcDbLine
 10
2.3202079088
 20
2.513425938
 30
0.0
 11
2.3142069648
 21
2.5191351165
 31
0.0
  0
LINE
  5
209
330
1F
100
AcDbEntity
  8
0
  6
Continuous
 62
     7
370
    18
100
AcDbLine
 10
2.3405577959
 20
2.5347907223
 30
0.0
 11
2.3202079088
 21
2.513425938
 31
0.0
  0
LINE
  5
20A
330
1F
100
AcDbEntity
  8
0
  6
Continuous
 62
     7
370
    18
100
AcDbLine
 10
2.4843066531
 20
2.4165310395
 30
0.0
 11
2.5137911647
 21
2.4068382448
 31
0.0
  0
LINE
  5
20B
330
1F
100
AcDbEntity
  8
0
  6
Continuous
 62
     7
370
    18
100
AcDbLine
 10
2.5016624237
 20
2.4693341451
 30
0.0
 11
2.4843066531
 21
2.4165310395
 31
0.0
  0
LINE
  5
20C
330
1F
100
AcDbEntity
  8
0
  6
Continuous
 62
     7
370
    18
100
AcDbLine
 10
2.4937457541
 20
2.4719350039
 30
0.0
 11
2.5016624237
 21
2.4693341451
 31
0.0
  0
LINE
  5
20D
330
1F
100
AcDbEntity
  8
0
  6
Continuous
 62
     7
370
    18
100
AcDbLine
 10
2.4740682769
 20
2.4120651889
 30
0.0
 11
2.4937457541
 21
2.4719350039
 31
0.0
  0
LINE
  5
20E
330
1F
100
AcDbEntity
  8
0
  6
Continuous
 62
     7
370
    18
100
AcDbLine
 10
2.511469446
 20
2.3997715353
 30
0.0
 11
2.4740682769
 21
2.4120651889
 31
0.0
  0
LINE
  5
20F
330
1F
100
AcDbEntity
  8
0
  6
Continuous
 62
     7
370
    18
100
AcDbLine
 10
2.5137911647
 20
2.4068382448
 30
0.0
 11
2.511469446
 21
2.3997715353
 31
0.0
  0
LINE
  5
210
330
1F
100
AcDbEntity
  8
0
  6
Continuous
 62
     7
370
    18
100
AcDbLine
 10
2.4297330202
 20
2.7179696017
 30
0.0
 11
2.4297330202
 21
4.1313028926
 31
0.0
  0
ARC
  5
211
330
1F
100
AcDbEntity
  8
0
  6
Continuous
 62
     7
370
    18
100
AcDbCircle
 10
2.623066359
 20
2.7179695387
 30
0.0
 40
0.1933333333333338
100
AcDbArc
 50
180.0
 51
0.0
  0
LINE
  5
212
330
1F
100
AcDbEntity
  8
0
  6
Continuous
 62
     7
370
    18
100
AcDbLine
 10
2.8163996978
 20
4.1313028926
 30
0.0
 11
2.8163996978
 21
2.7179696017
 31
0.0
  0
ARC
  5
213
330
1F
100
AcDbEntity
  8
0
  6
Continuous
 62
     7
370
    18
100
AcDbCircle
 10
2.623066359
 20
4.1313028721
 30
0.0
 40
0.1933333333333338
100
AcDbArc
 50
0.0
 51
180.0
  0
SPLINE
  5
214
330
1F
100
AcDbEntity
  8
0
  6
Continuous
 62
     7
370
    18
100
AcDbSpline
210
0.0
220
0.0
230
1.0
 70
     8
 71
     3
 72
    23
 73
    19
 74
     0
 42
0.000000001
 43
0.00000001
 40
0.0
 40
0.0
 40
0.0
 40
0.0
 40
0.0779487862676597
 40
0.1519093795750482
 40
0.2221957335351522
 40
0.2895247201038589
 40
0.3540405046922878
 40
0.4162275338752177
 40
0.4766263156922662
 40
0.5364867046544143
 40
0.5951136921626369
 40
0.6523556732377359
 40
0.7094358392016082
 40
0.7660277838019627
 40
0.8226033817975262
 40
0.8799865767850237
 40
0.9392880909589727
 40
0.9999999999999999
 40
0.9999999999999999
 40
0.9999999999999999
 40
0.9999999999999999
 10
2.894664184176069
 20
2.506598419116951
 30
0.0
 10
2.895053817356992
 20
2.506309774923036
 30
0.0
 10
2.895813148420499
 20
2.50574725480547
 30
0.0
 10
2.896984853736723
 20
2.505012825151913
 30
0.0
 10
2.898139856083134
 20
2.50437971028784
 30
0.0
 10
2.899298401730807
 20
2.503887618994139
 30
0.0
 10
2.900443112532012
 20
2.503501729969391
 30
0.0
 10
2.901576988946549
 20
2.503234351764132
 30
0.0
 10
2.902702555251533
 20
2.503073468492173
 30
0.0
 10
2.903817031290741
 20
2.503056210101366
 30
0.0
 10
2.90490869075823
 20
2.503128461139696
 30
0.0
 10
2.905971173030442
 20
2.503307626758793
 30
0.0
 10
2.906997918399658
 20
2.503588369503416
 30
0.0
 10
2.907991339898041
 20
2.50395784812723
 30
0.0
 10
2.908950750170578
 20
2.504414365997876
 30
0.0
 10
2.909868735103917
 20
2.50498142220437
 30
0.0
 10
2.910757786047971
 20
2.505637643252569
 30
0.0
 10
2.911309498491682
 20
2.506140861590223
 30
0.0
 10
2.911588596569231
 20
2.50639542766396
 30
0.0
  0
SPLINE
  5
215
330
1F
100
AcDbEntity
  8
0
  6
Continuous
 62
     7
370
    18
100
AcDbSpline
210
0.0
220
0.0
230
1.0
 70
     8
 71
     3
 72
    23
 73
    19
 74
     0
 42
0.000000001
 43
0.00000001
 40
0.0
 40
0.0
 40
0.0
 40
0.0
 40
0.0641195302368323
 40
0.1267304416828395
 40
0.1890034004369389
 40
0.2510727043473759
 40
0.3115450840973156
 40
0.368192896731759
 40
0.4217698680776173
 40
0.4733848871172727
 40
0.5251686187103947
 40
0.5793993659076881
 40
0.6368069898028674
 40
0.6981237724947702
 40
0.7641682289255525
 40
0.8360285299971713
 40
0.9148170352881879
 40
1.0
 40
1.0
 40
1.0
 40
1.0
 10
2.626356995960841
 20
2.403154489498109
 30
0.0
 10
2.626298000991974
 20
2.402433168219523
 30
0.0
 10
2.626181399101194
 20
2.401007497072324
 30
0.0
 10
2.625708158964663
 20
2.398923106472776
 30
0.0
 10
2.625029140245975
 20
2.396922971573459
 30
0.0
 10
2.624111388546759
 20
2.395046951456234
 30
0.0
 10
2.623049919234309
 20
2.393323652860736
 30
0.0
 10
2.621862100178336
 20
2.391805211630652
 30
0.0
 10
2.620593221087619
 20
2.390486526795342
 30
0.0
 10
2.619181428141634
 20
2.389409066248936
 30
0.0
 10
2.617644706702993
 20
2.388508544991875
 30
0.0
 10
2.615955730730918
 20
2.387764022686816
 30
0.0
 10
2.614105820315869
 20
2.387138658868776
 30
0.0
 10
2.612075074343473
 20
2.386662320186148
 30
0.0
 10
2.609852990616663
 20
2.386317347128273
 30
0.0
 10
2.607414303703142
 20
2.386144421400429
 30
0.0
 10
2.604754749649608
 20
2.38607106427142
 30
0.0
 10
2.602907116663867
 20
2.386150664166093
 30
0.0
 10
2.601947273738618
 20
2.386192016207511
 30
0.0
  0
SPLINE
  5
216
330
1F
100
AcDbEntity
  8
0
  6
Continuous
 62
     7
370
    18
100
AcDbSpline
210
0.0
220
0.0
230
1.0
 70
     8
 71
     3
 72
    27
 73
    23
 74
     0
 42
0.000000001
 43
0.00000001
 40
0.0
 40
0.0
 40
0.0
 40
0.0
 40
0.0629723367464108
 40
0.1224377729984085
 40
0.1777727208741659
 40
0.2295326978912108
 40
0.2777785206083757
 40
0.322196496687143
 40
0.3633095524020236
 40
0.4012400728721782
 40
0.4373057427544079
 40
0.4732071231878959
 40
0.5085846864032877
 40
0.54421638945565
 40
0.5800396855956456
 40
0.6163461112221581
 40
0.6537853738749273
 40
0.6919958131037796
 40
0.7685509310916203
 40
0.8447322370880346
 40
0.9212629654024522
 40
1.0
 40
1.0
 40
1.0
 40
1.0
 10
2.469391534091971
 20
2.482917767616916
 30
0.0
 10
2.469997967817561
 20
2.482620890651869
 30
0.0
 10
2.471177063253251
 20
2.482043669663528
 30
0.0
 10
2.472861241774502
 20
2.481149900370219
 30
0.0
 10
2.47440006690863
 20
2.480242663583287
 30
0.0
 10
2.475808960933276
 20
2.479354446840601
 30
0.0
 10
2.477095548947446
 20
2.478490929877354
 30
0.0
 10
2.478224698789741
 20
2.477605396036941
 30
0.0
 10
2.479237034478881
 20
2.476750870141356
 30
0.0
 10
2.480106474021012
 20
2.475873403536879
 30
0.0
 10
2.48088828253485
 20
2.474990106342038
 30
0.0
 10
2.481555636773279
 20
2.474049769648383
 30
0.0
 10
2.482141978298981
 20
2.473064224264375
 30
0.0
 10
2.482659176750027
 20
2.472039565028187
 30
0.0
 10
2.48305033859165
 20
2.470951099295629
 30
0.0
 10
2.483411877254405
 20
2.469831933524953
 30
0.0
 10
2.483637971637618
 20
2.468650811661171
 30
0.0
 10
2.483862344321397
 20
2.467034151031039
 30
0.0
 10
2.483925019635074
 20
2.464979510637134
 30
0.0
 10
2.483655037513862
 20
2.462529918494734
 30
0.0
 10
2.483050489535164
 20
2.460110903841902
 30
0.0
 10
2.482380296925086
 20
2.458584373304274
 30
0.0
 10
2.4820404390065
 20
2.457810262275035
 30
0.0
  0
LINE
  5
217
330
1F
100
AcDbEntity
  8
0
  6
Continuous
 62
     7
370
    18
100
AcDbLine
 10
2.5577016552
 20
2.4167267884
 30
0.0
 11
2.5545552883
 21
2.4350340969
 31
0.0
  0
LINE
  5
218
330
1F
100
AcDbEntity
  8
0
  6
Continuous
 62
     7
370
    18
100
AcDbLine
 10
2.5368062233
 20
2.4207485375
 30
0.0
 11
2.5577016552
 21
2.4167267884
 31
0.0
  0
LINE
  5
219
330
1F
100
AcDbEntity
  8
0
  6
Continuous
 62
     7
370
    18
100
AcDbLine
 10
2.5470572921
 20
2.4375334636
 30
0.0
 11
2.5368062233
 21
2.4207485375
 31
0.0
  0
SPLINE
  5
21A
330
1F
100
AcDbEntity
  8
0
  6
Continuous
 62
     7
370
    18
100
AcDbSpline
210
0.0
220
0.0
230
1.0
 70
     8
 71
     3
 72
    11
 73
     7
 74
     0
 42
0.000000001
 43
0.00000001
 40
0.0
 40
0.0
 40
0.0
 40
0.0
 40
0.2475482556318803
 40
0.4961023832029039
 40
0.7469360598990227
 40
1.0
 40
1.0
 40
1.0
 40
1.0
 10
2.552626870466887
 20
2.448647153919165
 30
0.0
 10
2.552228856326126
 20
2.447700521278617
 30
0.0
 10
2.551431210779095
 20
2.445803409510269
 30
0.0
 10
2.550085708995271
 20
2.443011831189957
 30
0.0
 10
2.548651048588384
 20
2.440239036504964
 30
0.0
 10
2.547590109760312
 20
2.438437917346332
 30
0.0
 10
2.547057292475434
 20
2.437533371867883
 30
0.0
  0
SPLINE
  5
21B
330
1F
100
AcDbEntity
  8
0
  6
Continuous
 62
     7
370
    18
100
AcDbSpline
210
0.0
220
0.0
230
1.0
 70
     8
 71
     3
 72
    15
 73
    11
 74
     0
 42
0.000000001
 43
0.00000001
 40
0.0
 40
0.0
 40
0.0
 40
0.0
 40
0.1506018514877039
 40
0.2936211793930685
 40
0.4290607735235981
 40
0.5577003230554427
 40
0.6796875960185511
 40
0.7930840737722598
 40
0.8998510275195268
 40
1.0
 40
1.0
 40
1.0
 40
1.0
 10
2.554555289270306
 20
2.435034039602926
 30
0.0
 10
2.554440388071868
 20
2.435714789101156
 30
0.0
 10
2.554216370736983
 20
2.437042013624406
 30
0.0
 10
2.553900993042522
 20
2.438983412056898
 30
0.0
 10
2.55360256453507
 20
2.440825648587904
 30
0.0
 10
2.553353940955493
 20
2.442577912227482
 30
0.0
 10
2.553121556026532
 20
2.444230418857655
 30
0.0
 10
2.552933389266386
 20
2.445787602702546
 30
0.0
 10
2.552766085850596
 20
2.447246415803913
 30
0.0
 10
2.552672275453554
 20
2.448190304296995
 30
0.0
 10
2.552626870466887
 20
2.448647153919165
 30
0.0
  0
SPLINE
  5
21C
330
1F
100
AcDbEntity
  8
0
  6
Continuous
 62
     7
370
    18
100
AcDbSpline
210
0.0
220
0.0
230
1.0
 70
     8
 71
     3
 72
    23
 73
    19
 74
     0
 42
0.000000001
 43
0.00000001
 40
0.0
 40
0.0
 40
0.0
 40
0.0
 40
0.0572889731026018
 40
0.1124833872359534
 40
0.1661741608565982
 40
0.218339220784319
 40
0.2709784413064593
 40
0.323359945889682
 40
0.3776424618108522
 40
0.4328449141608094
 40
0.4900408730392722
 40
0.5500828402671532
 40
0.613450478063176
 40
0.6803402394630167
 40
0.7523289922922142
 40
0.8293816305913119
 40
0.9115181774526703
 40
0.9999999999999999
 40
0.9999999999999999
 40
0.9999999999999999
 40
0.9999999999999999
 10
2.474339450758637
 20
2.461540230223754
 30
0.0
 10
2.474490358282793
 20
2.461871473522217
 30
0.0
 10
2.474786655956796
 20
2.462521849435634
 30
0.0
 10
2.475102700607556
 20
2.463531303354954
 30
0.0
 10
2.475307813137091
 20
2.46453457497894
 30
0.0
 10
2.475400351790372
 20
2.465539165848546
 30
0.0
 10
2.475369274940304
 20
2.466538267056135
 30
0.0
 10
2.475248323211371
 20
2.467544726626298
 30
0.0
 10
2.474985555790873
 20
2.468540711992274
 30
0.0
 10
2.474632911070617
 20
2.469539670918414
 30
0.0
 10
2.474150002783506
 20
2.470526134091703
 30
0.0
 10
2.473504983130364
 20
2.47147759164792
 30
0.0
 10
2.472729258127481
 20
2.472406367841409
 30
0.0
 10
2.471803738089149
 20
2.473299773754461
 30
0.0
 10
2.470732968281401
 20
2.47415803728851
 30
0.0
 10
2.469526490248081
 20
2.474995727394183
 30
0.0
 10
2.468172547026643
 20
2.475798448945226
 30
0.0
 10
2.467204119139189
 20
2.476284276238772
 30
0.0
 10
2.466701897339834
 20
2.476536223813497
 30
0.0
  0
LINE
  5
21D
330
1F
100
AcDbEntity
  8
0
  6
Continuous
 62
     7
370
    18
100
AcDbLine
 10
2.4398309036
 20
2.4665134843
 30
0.0
 11
2.4558672272
 21
2.4587617517
 31
0.0
  0
LINE
  5
21E
330
1F
100
AcDbEntity
  8
0
  6
Continuous
 62
     7
370
    18
100
AcDbLine
 10
2.4488513371
 20
2.4851634022
 30
0.0
 11
2.4398309036
 21
2.4665134843
 31
0.0
  0
LINE
  5
21F
330
1F
100
AcDbEntity
  8
0
  6
Continuous
 62
     7
370
    18
100
AcDbLine
 10
2.4667018943
 20
2.4765361774
 30
0.0
 11
2.4488513371
 21
2.4851634022
 31
0.0
  0
SPLINE
  5
220
330
1F
100
AcDbEntity
  8
0
  6
Continuous
 62
     7
370
    18
100
AcDbSpline
210
0.0
220
0.0
230
1.0
 70
     8
 71
     3
 72
    19
 73
    15
 74
     0
 42
0.000000001
 43
0.00000001
 40
0.0
 40
0.0
 40
0.0
 40
0.0
 40
0.1266969125260967
 40
0.239189500058165
 40
0.338659230015694
 40
0.4248467078030768
 40
0.5026841639054646
 40
0.5768408926594096
 40
0.6482091124383785
 40
0.7196701143275295
 40
0.7909102471801598
 40
0.8603323532489934
 40
0.9297776718072833
 40
1.0
 40
1.0
 40
1.0
 40
1.0
 10
2.455867228536415
 20
2.458761784710933
 30
0.0
 10
2.456678651111218
 20
2.45838292292469
 30
0.0
 10
2.458210525536044
 20
2.457667674546211
 30
0.0
 10
2.460451693953262
 20
2.456820597989351
 30
0.0
 10
2.462478928402536
 20
2.456237922018984
 30
0.0
 10
2.464316975483339
 20
2.455909871191534
 30
0.0
 10
2.466004535525205
 20
2.455854227219405
 30
0.0
 10
2.46758078895695
 20
2.456032703017702
 30
0.0
 10
2.469051853982764
 20
2.456492634365874
 30
0.0
 10
2.470413546911607
 20
2.457165135797964
 30
0.0
 10
2.471637507318419
 20
2.458041705162514
 30
0.0
 10
2.472712655510756
 20
2.459069915086493
 30
0.0
 10
2.473647692570277
 20
2.460224750337325
 30
0.0
 10
2.4741080110696
 20
2.461100113632476
 30
0.0
 10
2.474339450758637
 20
2.461540230223754
 30
0.0
  0
LINE
  5
221
330
1F
100
AcDbEntity
  8
0
  6
Continuous
 62
     7
370
    18
100
AcDbLine
 10
2.7997330204
 20
2.7179696017
 30
0.0
 11
2.7997330204
 21
4.1313028926
 31
0.0
  0
LINE
  5
222
330
1F
100
AcDbEntity
  8
0
  6
Continuous
 62
     7
370
    18
100
AcDbLine
 10
2.8163996978
 20
4.1313028926
 30
0.0
 11
2.7997330204
 21
4.1313028926
 31
0.0
  0
LINE
  5
223
330
1F
100
AcDbEntity
  8
0
  6
Continuous
 62
     7
370
    18
100
AcDbLine
 10
2.7997330204
 20
2.7179696017
 30
0.0
 11
2.8163996978
 21
2.7179696017
 31
0.0
  0
LINE
  5
224
330
1F
100
AcDbEntity
  8
0
  6
Continuous
 62
     7
370
    18
100
AcDbLine
 10
3.0960176777
 20
4.646839217
 30
0.0
 11
3.0385708169
 21
4.6967770268
 31
0.0
  0
LINE
  5
225
330
1F
100
AcDbEntity
  8
0
  6
Continuous
 62
     7
370
    18
100
AcDbLine
 10
3.0385708169
 20
4.6967770268
 30
0.0
 11
3.0495051306
 21
4.7093555037
 31
0.0
  0
ARC
  5
226
330
1F
100
AcDbEntity
  8
0
  6
Continuous
 62
     7
370
    18
100
AcDbCircle
 10
2.6952999213
 20
2.7193443527
 30
0.0
 40
0.3333333333333342
100
AcDbArc
 50
309.1816017762
 51
9.4114611488
  0
LINE
  5
227
330
1F
100
AcDbEntity
  8
0
  6
Continuous
 62
     7
370
    18
100
AcDbLine
 10
2.9058934051
 20
2.4609619218
 30
0.0
 11
2.8953637157
 21
2.4738809548
 31
0.0
  0
LINE
  5
228
330
1F
100
AcDbEntity
  8
0
  6
Continuous
 62
     7
370
    18
100
AcDbLine
 10
3.0241464146
 20
2.773852085
 30
0.0
 11
3.0077040979
 21
2.7711266588
 31
0.0
  0
ARC
  5
229
330
1F
100
AcDbEntity
  8
0
  6
Continuous
 62
     7
370
    18
100
AcDbCircle
 10
2.1813195312
 20
4.7269653996
 30
0.0
 40
0.04
100
AcDbArc
 50
311.0
 51
36.8444897315
  0
LINE
  5
22A
330
1F
100
AcDbEntity
  8
0
  6
Continuous
 62
     7
370
    18
100
AcDbLine
 10
2.2075619012
 20
4.6967770268
 30
0.0
 11
2.1966275875
 21
4.7093555037
 31
0.0
  0
LINE
  5
22B
330
1F
100
AcDbEntity
  8
0
  6
Continuous
 62
     7
370
    18
100
AcDbLine
 10
2.2133301612
 20
4.7509512054
 30
0.0
 11
2.1999924242
 21
4.740957112
 31
0.0
  0
LINE
  5
22C
330
1F
100
AcDbEntity
  8
0
  6
Continuous
 62
     7
370
    18
100
AcDbLine
 10
3.3250663695
 20
5.0979695378
 30
0.0
 11
3.3250663695
 21
4.9776142448
 31
0.0
  0
LINE
  5
22D
330
1F
100
AcDbEntity
  8
0
  6
Continuous
 62
     7
370
    18
100
AcDbLine
 10
3.3250663695
 20
4.9776142448
 30
0.0
 11
3.3083997042
 21
4.9776142448
 31
0.0
  0
LINE
  5
22E
330
1F
100
AcDbEntity
  8
0
  6
Continuous
 62
     7
370
    18
100
AcDbLine
 10
3.3250663695
 20
5.0979695378
 30
0.0
 11
3.3083997042
 21
5.0979695378
 31
0.0
  0
ARC
  5
22F
330
1F
100
AcDbEntity
  8
0
  6
Continuous
 62
     7
370
    18
100
AcDbCircle
 10
6.2303996924
 20
3.3053028721
 30
0.0
 40
3.25
100
AcDbArc
 50
156.7085902832
 51
189.4114611488
  0
LINE
  5
230
330
1F
100
AcDbEntity
  8
0
  6
Continuous
 62
     7
370
    18
100
AcDbLine
 10
3.2452562292
 20
4.5903781893
 30
0.0
 11
3.2299478283
 21
4.5969683354
 31
0.0
  0
ARC
  5
231
330
1F
100
AcDbEntity
  8
0
  6
Continuous
 62
     7
370
    18
100
AcDbCircle
 10
2.3457330257
 20
4.9776142466
 30
0.0
 40
0.9793333333333334
100
AcDbArc
 50
336.7085902832
 51
0.0
  0
ARC
  5
232
330
1F
100
AcDbEntity
  8
0
  6
Continuous
 62
     7
370
    18
100
AcDbCircle
 10
3.0648131868
 20
4.7269653996
 30
0.0
 40
0.0400000000000003
100
AcDbArc
 50
143.1555102685
 51
229.0
  0
LINE
  5
233
330
1F
100
AcDbEntity
  8
0
  6
Continuous
 62
     7
370
    18
100
AcDbLine
 10
3.0328025568
 20
4.7509512054
 30
0.0
 11
3.0461402939
 21
4.740957112
 31
0.0
  0
LINE
  5
234
330
1F
100
AcDbEntity
  8
0
  6
Continuous
 62
     7
370
    18
100
AcDbLine
 10
2.4463996977
 20
4.1313028926
 30
0.0
 11
2.4463996977
 21
2.7179696017
 31
0.0
  0
LINE
  5
235
330
1F
100
AcDbEntity
  8
0
  6
Continuous
 62
     7
370
    18
100
AcDbLine
 10
2.4463996977
 20
2.7179696017
 30
0.0
 11
2.4297330202
 21
2.7179696017
 31
0.0
  0
LINE
  5
236
330
1F
100
AcDbEntity
  8
0
  6
Continuous
 62
     7
370
    18
100
AcDbLine
 10
2.4297330202
 20
4.1313028926
 30
0.0
 11
2.4463996977
 21
4.1313028926
 31
0.0
  0
ARC
  5
237
330
1F
100
AcDbEntity
  8
0
  6
Continuous
 62
     7
370
    18
100
AcDbCircle
 10
2.623066359
 20
2.7179695387
 30
0.0
 40
0.1766666666666663
100
AcDbArc
 50
180.0
 51
0.0
  0
ARC
  5
238
330
1F
100
AcDbEntity
  8
0
  6
Continuous
 62
     7
370
    18
100
AcDbCircle
 10
2.623066359
 20
4.1313028721
 30
0.0
 40
0.1766666666666667
100
AcDbArc
 50
0.0
 51
180.0
  0
LINE
  5
239
330
1F
100
AcDbEntity
  8
0
  6
Continuous
 62
     7
370
    18
100
AcDbLine
 10
1.979733022
 20
5.156636205
 30
0.0
 11
2.0523996981
 21
5.156636205
 31
0.0
  0
LINE
  5
23A
330
1F
100
AcDbEntity
  8
0
  6
Continuous
 62
     7
370
    18
100
AcDbLine
 10
2.0523996981
 20
5.156636205
 30
0.0
 11
2.0523996981
 21
5.1399695398
 31
0.0
  0
LINE
  5
23B
330
1F
100
AcDbEntity
  8
0
  6
Continuous
 62
     7
370
    18
100
AcDbLine
 10
1.979733022
 20
5.156636205
 30
0.0
 11
1.979733022
 21
5.1399695398
 31
0.0
  0
ARC
  5
23C
330
1F
100
AcDbEntity
  8
0
  6
Continuous
 62
     7
370
    18
100
AcDbCircle
 10
3.1937330257
 20
5.0979695387
 30
0.0
 40
0.0586666666666669
100
AcDbArc
 50
90.0
 51
180.0
  0
LINE
  5
23D
330
1F
100
AcDbEntity
  8
0
  6
Continuous
 62
     7
370
    18
100
AcDbLine
 10
3.19373302
 20
5.156636205
 30
0.0
 11
3.19373302
 21
5.1399695398
 31
0.0
  0
LINE
  5
23E
330
1F
100
AcDbEntity
  8
0
  6
Continuous
 62
     7
370
    18
100
AcDbLine
 10
3.1350663466
 20
5.0979695378
 30
0.0
 11
3.1517330118
 21
5.0979695378
 31
0.0
  0
ARC
  5
23F
330
1F
100
AcDbEntity
  8
0
  6
Continuous
 62
     7
370
    18
100
AcDbCircle
 10
2.623066359
 20
5.0579695387
 30
0.0
 40
0.5120000000000007
100
AcDbArc
 50
323.1555102685
 51
0.0
  0
LINE
  5
240
330
1F
100
AcDbEntity
  8
0
  6
Continuous
 62
     7
370
    18
100
AcDbLine
 10
3.1350663466
 20
5.0579695387
 30
0.0
 11
3.1517330118
 21
5.0579695387
 31
0.0
  0
LINE
  5
241
330
1F
100
AcDbEntity
  8
0
  6
Continuous
 62
     7
370
    18
100
AcDbLine
 10
3.1350663466
 20
5.0579695387
 30
0.0
 11
3.1350663466
 21
5.0979695378
 31
0.0
  0
ARC
  5
242
330
1F
100
AcDbEntity
  8
0
  6
Continuous
 62
     7
370
    18
100
AcDbCircle
 10
1.9797330257
 20
5.0979695387
 30
0.0
 40
0.0586666666666669
100
AcDbArc
 50
90.0
 51
180.0
  0
LINE
  5
243
330
1F
100
AcDbEntity
  8
0
  6
Continuous
 62
     7
370
    18
100
AcDbLine
 10
1.9210663486
 20
5.0979695378
 30
0.0
 11
1.9377330138
 21
5.0979695378
 31
0.0
  0
LINE
  5
244
330
1F
100
AcDbEntity
  8
0
  6
Continuous
 62
     7
370
    18
100
AcDbLine
 10
3.19373302
 20
5.156636205
 30
0.0
 11
3.2663996961
 21
5.156636205
 31
0.0
  0
LINE
  5
245
330
1F
100
AcDbEntity
  8
0
  6
Continuous
 62
     7
370
    18
100
AcDbLine
 10
3.2663996961
 20
5.156636205
 30
0.0
 11
3.2663996961
 21
5.1399695398
 31
0.0
  0
ARC
  5
246
330
1F
100
AcDbEntity
  8
0
  6
Continuous
 62
     7
370
    18
100
AcDbCircle
 10
3.2663996924
 20
5.0979695387
 30
0.0
 40
0.0586666666666664
100
AcDbArc
 50
0.0
 51
90.0
  0
ARC
  5
247
330
1F
100
AcDbEntity
  8
0
  6
Continuous
 62
     7
370
    18
100
AcDbCircle
 10
2.5508327968
 20
2.7193443527
 30
0.0
 40
0.3333333333333324
100
AcDbArc
 50
170.5885388512
 51
230.8183982238
  0
LINE
  5
248
330
1F
100
AcDbEntity
  8
0
  6
Continuous
 62
     7
370
    18
100
AcDbLine
 10
2.2219863035
 20
2.773852085
 30
0.0
 11
2.2384286202
 21
2.7711266588
 31
0.0
  0
LINE
  5
249
330
1F
100
AcDbEntity
  8
0
  6
Continuous
 62
     7
370
    18
100
AcDbLine
 10
2.3402393129
 20
2.4609619218
 30
0.0
 11
2.3507690024
 21
2.4738809548
 31
0.0
  0
ARC
  5
24A
330
1F
100
AcDbEntity
  8
0
  6
Continuous
 62
     7
370
    18
100
AcDbCircle
 10
2.0523996924
 20
5.0979695387
 30
0.0
 40
0.0586666666666669
100
AcDbArc
 50
0.0
 51
90.0
  0
LINE
  5
24B
330
1F
100
AcDbEntity
  8
0
  6
Continuous
 62
     7
370
    18
100
AcDbLine
 10
2.1110663715
 20
5.0979695378
 30
0.0
 11
2.0943997062
 21
5.0979695378
 31
0.0
  0
ARC
  5
24C
330
1F
100
AcDbEntity
  8
0
  6
Continuous
 62
     7
370
    18
100
AcDbCircle
 10
2.623066359
 20
2.8079695387
 30
0.0
 40
0.447666666666666
100
AcDbArc
 50
230.8183982238
 51
309.1816017762
  0
ARC
  5
24D
330
1F
100
AcDbEntity
  8
0
  6
Continuous
 62
     7
370
    18
100
AcDbCircle
 10
2.623066359
 20
5.0579695387
 30
0.0
 40
0.5120000000000002
100
AcDbArc
 50
180.0
 51
216.8444897315
  0
LINE
  5
24E
330
1F
100
AcDbEntity
  8
0
  6
Continuous
 62
     7
370
    18
100
AcDbLine
 10
2.1110663715
 20
5.0579695387
 30
0.0
 11
2.0943997062
 21
5.0579695387
 31
0.0
  0
LINE
  5
24F
330
1F
100
AcDbEntity
  8
0
  6
Continuous
 62
     7
370
    18
100
AcDbLine
 10
1.9210663486
 20
4.9776142448
 30
0.0
 11
1.9210663486
 21
5.0979695378
 31
0.0
  0
LINE
  5
250
330
1F
100
AcDbEntity
  8
0
  6
Continuous
 62
     7
370
    18
100
AcDbLine
 10
1.9210663486
 20
4.9776142448
 30
0.0
 11
1.9377330138
 21
4.9776142448
 31
0.0
  0
LINE
  5
251
330
1F
100
AcDbEntity
  8
0
  6
Continuous
 62
     7
370
    18
100
AcDbLine
 10
2.1110663715
 20
5.0979695378
 30
0.0
 11
2.1110663715
 21
5.0579695387
 31
0.0
  0
ARC
  5
252
330
1F
100
AcDbEntity
  8
0
  6
Continuous
 62
     7
370
    18
100
AcDbCircle
 10
-0.9842669743
 20
3.3053028721
 30
0.0
 40
3.250000000000001
100
AcDbArc
 50
350.5885388512
 51
23.2914097168
  0
LINE
  5
253
330
1F
100
AcDbEntity
  8
0
  6
Continuous
 62
     7
370
    18
100
AcDbLine
 10
2.0008764888
 20
4.5903781893
 30
0.0
 11
2.0161848898
 21
4.5969683354
 31
0.0
  0
ARC
  5
254
330
1F
100
AcDbEntity
  8
0
  6
Continuous
 62
     7
370
    18
100
AcDbCircle
 10
2.9003996924
 20
4.9776142466
 30
0.0
 40
0.9793333333333336
100
AcDbArc
 50
180.0
 51
203.2914097168
  0
LINE
  5
255
330
1F
100
AcDbEntity
  8
0
  6
Continuous
 62
     7
370
    18
100
AcDbLine
 10
2.2075619012
 20
4.6967770268
 30
0.0
 11
2.1501150404
 21
4.646839217
 31
0.0
  0
ARC
  5
256
330
1F
100
AcDbEntity
  8
0
  6
Continuous
 62
     7
370
    18
100
AcDbCircle
 10
2.623066359
 20
4.1313028721
 30
0.0
 40
0.0883333333333338
100
AcDbArc
 50
0.0
 51
180.0
  0
LINE
  5
257
330
1F
100
AcDbEntity
  8
0
  6
Continuous
 62
     7
370
    18
100
AcDbLine
 10
2.5347330284
 20
4.1313028926
 30
0.0
 11
2.5347330284
 21
2.7179696017
 31
0.0
  0
ARC
  5
258
330
1F
100
AcDbEntity
  8
0
  6
Continuous
 62
     7
370
    18
100
AcDbCircle
 10
2.623066359
 20
2.7179695387
 30
0.0
 40
0.0883333333333334
100
AcDbArc
 50
180.0
 51
0.0
  0
LINE
  5
259
330
1F
100
AcDbEntity
  8
0
  6
Continuous
 62
     7
370
    18
100
AcDbLine
 10
2.7113996897
 20
2.7179696017
 30
0.0
 11
2.7113996897
 21
4.1313028926
 31
0.0
  0
DIMENSION
  5
25A
330
1F
100
AcDbEntity
  8
0
  6
Continuous
 62
     7
370
    18
100
AcDbDimension
  2
_D
 10
3.325066359
 20
5.5503369928
 30
0.0
 11
2.623066359
 21
5.5503369928
 31
0.0
 70
   160
  1
<>
 71
     2
 42
-1.0
  3
SLDDIMSTYLE0
100
AcDbAlignedDimension
 13
1.921066359
 23
5.0979695387
 33
0.0
 14
3.325066359
 24
5.0979695387
 34
0.0
 50
0.0
100
AcDbRotatedDimension
  0
DIMENSION
  5
26F
330
1F
100
AcDbEntity
  8
0
  6
Continuous
 62
     7
370
    18
100
AcDbDimension
  2
_D_1
 10
3.7187671464
 20
5.1566362054
 30
0.0
 11
3.7187671464
 21
5.6890436012
 31
0.0
 70
   160
  1
<>
 71
     1
 42
-1.0
  3
SLDDIMSTYLE1
100
AcDbAlignedDimension
 13
2.6563996924
 23
5.0579695387
 33
0.0
 14
3.2663996924
 24
5.1566362054
 34
0.0
 50
90.0
100
AcDbRotatedDimension
  0
DIMENSION
  5
285
330
1F
100
AcDbEntity
  8
0
  6
Continuous
 62
     7
370
    18
100
AcDbDimension
  2
_D_2
 10
1.5273655716
 20
4.1313028721
 30
0.0
 11
1.5273655716
 21
3.4246362054
 31
0.0
 70
   160
  1
<>
 71
     2
 42
-1.0
  3
SLDDIMSTYLE0
100
AcDbAlignedDimension
 13
2.5897330257
 23
2.7179695387
 33
0.0
 14
2.5897330257
 24
4.1313028721
 34
0.0
 50
90.0
100
AcDbRotatedDimension
  0
DIMENSION
  5
299
330
1F
100
AcDbEntity
  8
0
  6
Continuous
 62
     7
370
    18
100
AcDbDimension
  2
_D_3
 10
0.8187041543
 20
2.3603028721
 30
0.0
 11
0.8187041543
 21
3.7584695387
 31
0.0
 70
   160
  1
<>
 71
     2
 42
-1.0
  3
SLDDIMSTYLE0
100
AcDbAlignedDimension
 13
1.9797330257
 23
5.1566362054
 33
0.0
 14
2.623066359
 24
2.3603028721
 34
0.0
 50
90.0
100
AcDbRotatedDimension
  0
DIMENSION
  5
2AD
330
1F
100
AcDbEntity
  8
0
  6
Continuous
 62
     7
370
    18
100
AcDbDimension
  2
_D_4
 10
2.623066359
 20
2.7179695387
 30
0.0
 11
4.6112742467
 21
3.734280859
 31
0.0
 70
   164
  1
CLEARANCE SLOT FOR USE WITH\P1/4in-20 [M6 x 1.0] SOCKET HEAD\PCAP SCREW AND FLAT WASHER\P(NOT INCLUDED)
 71
     1
 42
-1.0
  3
SLDDIMSTYLE2
100
AcDbRadialDimension
 15
2.7428264225
 25
2.8478488609
 35
0.0
 40
0.0
  0
INSERT
  5
2C0
330
1F
100
AcDbEntity
  8
0
  6
Continuous
 62
     7
370
     0
100
AcDbBlockReference
  2
SW_CENTERMARKSYMBOL_0
 10
2.623066359
 20
5.0579695387
 30
0.0
  0
INSERT
  5
2C8
330
1F
100
AcDbEntity
  8
0
  6
Continuous
 62
     7
370
     0
100
AcDbBlockReference
  2
SW_CENTERMARKSYMBOL_1
 10
2.623066359
 20
4.1313028721
 30
0.0
  0
INSERT
  5
2D0
330
1F
100
AcDbEntity
  8
0
  6
Continuous
 62
     7
370
     0
100
AcDbBlockReference
  2
SW_CENTERMARKSYMBOL_2
 10
2.623066359
 20
2.7179695387
 30
0.0
  0
LINE
  5
2D1
330
1F
100
AcDbEntity
  8
0
  6
Continuous
 62
     7
370
    18
100
AcDbLine
 10
5.8727664912
 20
2.5688199292
 30
0.0
 11
5.872683161
 21
2.5688199292
 31
0.0
  0
LINE
  5
2D2
330
1F
100
AcDbEntity
  8
0
  6
Continuous
 62
     7
370
    18
100
AcDbLine
 10
5.8727664912
 20
2.5839543854
 30
0.0
 11
5.872683161
 21
2.5839543854
 31
0.0
  0
LINE
  5
2D3
330
1F
100
AcDbEntity
  8
0
  6
Continuous
 62
     7
370
    18
100
AcDbLine
 10
5.872683161
 20
2.5030670887
 30
0.0
 11
5.8727664912
 21
2.5030670887
 31
0.0
  0
LINE
  5
2D4
330
1F
100
AcDbEntity
  8
0
  6
Continuous
 62
     7
370
    18
100
AcDbLine
 10
5.8727664912
 20
2.531610439
 30
0.0
 11
5.872683161
 21
2.531610439
 31
0.0
  0
LINE
  5
2D5
330
1F
100
AcDbEntity
  8
0
  6
Continuous
 62
     7
370
    18
100
AcDbLine
 10
5.8894331564
 20
2.360302818
 30
0.0
 11
6.1927664895
 21
2.360302818
 31
0.0
  0
LINE
  5
2D6
330
1F
100
AcDbEntity
  8
0
  6
Continuous
 62
     7
370
    18
100
AcDbLine
 10
5.8727664912
 20
2.3769696299
 30
0.0
 11
5.8894331564
 21
2.360302818
 31
0.0
  0
LINE
  5
2D7
330
1F
100
AcDbEntity
  8
0
  6
Continuous
 62
     7
370
    18
100
AcDbLine
 10
5.8727664912
 20
2.4437886269
 30
0.0
 11
5.872683161
 21
2.4437886269
 31
0.0
  0
LINE
  5
2D8
330
1F
100
AcDbEntity
  8
0
  6
Continuous
 62
     7
370
    18
100
AcDbLine
 10
5.872683161
 20
2.393572887
 30
0.0
 11
5.8727664912
 21
2.393572887
 31
0.0
  0
LINE
  5
2D9
330
1F
100
AcDbEntity
  8
0
  6
Continuous
 62
     7
370
    18
100
AcDbLine
 10
5.872683161
 20
2.4226006227
 30
0.0
 11
5.8727664912
 21
2.4226006227
 31
0.0
  0
LINE
  5
2DA
330
1F
100
AcDbEntity
  8
0
  6
Continuous
 62
     7
370
    18
100
AcDbLine
 10
5.872683161
 20
2.3934995545
 30
0.0
 11
5.8727664912
 21
2.3934995545
 31
0.0
  0
LINE
  5
2DB
330
1F
100
AcDbEntity
  8
0
  6
Continuous
 62
     7
370
    18
100
AcDbLine
 10
5.872683161
 20
2.4558847716
 30
0.0
 11
5.8727664912
 21
2.4558847716
 31
0.0
  0
LINE
  5
2DC
330
1F
100
AcDbEntity
  8
0
  6
Continuous
 62
     7
370
    18
100
AcDbLine
 10
5.872683161
 20
2.4619173952
 30
0.0
 11
5.8727664912
 21
2.4619173952
 31
0.0
  0
LINE
  5
2DD
330
1F
100
AcDbEntity
  8
0
  6
Continuous
 62
     7
370
    18
100
AcDbLine
 10
5.8727664912
 20
2.5114719694
 30
0.0
 11
5.872683161
 21
2.5114719694
 31
0.0
  0
LINE
  5
2DE
330
1F
100
AcDbEntity
  8
0
  6
Continuous
 62
     7
370
    18
100
AcDbLine
 10
5.8894331564
 20
4.5903781893
 30
0.0
 11
6.17276649
 21
4.5903781893
 31
0.0
  0
LINE
  5
2DF
330
1F
100
AcDbEntity
  8
0
  6
Continuous
 62
     7
370
    18
100
AcDbLine
 10
5.8894331564
 20
4.9776142448
 30
0.0
 11
5.8894331564
 21
4.5903781893
 31
0.0
  0
LINE
  5
2E0
330
1F
100
AcDbEntity
  8
0
  6
Continuous
 62
     7
370
    18
100
AcDbLine
 10
5.8894331564
 20
4.9776142448
 30
0.0
 11
6.17276649
 21
4.9776142448
 31
0.0
  0
LINE
  5
2E1
330
1F
100
AcDbEntity
  8
0
  6
Continuous
 62
     7
370
    18
100
AcDbLine
 10
6.17276649
 20
4.5903781893
 30
0.0
 11
6.17276649
 21
4.9776142448
 31
0.0
  0
LINE
  5
2E2
330
1F
100
AcDbEntity
  8
0
  6
Continuous
 62
     7
370
    18
100
AcDbLine
 10
5.8894331564
 20
5.0979695378
 30
0.0
 11
5.8894331564
 21
4.9776142448
 31
0.0
  0
LINE
  5
2E3
330
1F
100
AcDbEntity
  8
0
  6
Continuous
 62
     7
370
    18
100
AcDbLine
 10
5.8894331564
 20
5.0979695378
 30
0.0
 11
6.17276649
 21
5.0979695378
 31
0.0
  0
LINE
  5
2E4
330
1F
100
AcDbEntity
  8
0
  6
Continuous
 62
     7
370
    18
100
AcDbLine
 10
6.17276649
 20
4.9776142448
 30
0.0
 11
6.17276649
 21
5.0979695378
 31
0.0
  0
LINE
  5
2E5
330
1F
100
AcDbEntity
  8
0
  6
Continuous
 62
     7
370
    18
100
AcDbLine
 10
5.8894331564
 20
5.156636205
 30
0.0
 11
5.8894331564
 21
5.0979695378
 31
0.0
  0
LINE
  5
2E6
330
1F
100
AcDbEntity
  8
0
  6
Continuous
 62
     7
370
    18
100
AcDbLine
 10
5.8894331564
 20
5.156636205
 30
0.0
 11
6.17276649
 21
5.156636205
 31
0.0
  0
LINE
  5
2E7
330
1F
100
AcDbEntity
  8
0
  6
Continuous
 62
     7
370
    18
100
AcDbLine
 10
6.17276649
 20
5.0979695378
 30
0.0
 11
6.17276649
 21
5.156636205
 31
0.0
  0
LINE
  5
2E8
330
1F
100
AcDbEntity
  8
0
  6
Continuous
 62
     7
370
    18
100
AcDbLine
 10
5.8894331564
 20
4.5903781893
 30
0.0
 11
5.8727664912
 21
4.5969683354
 31
0.0
  0
LINE
  5
2E9
330
1F
100
AcDbEntity
  8
0
  6
Continuous
 62
     7
370
    18
100
AcDbLine
 10
5.8727664912
 20
4.5969683354
 30
0.0
 11
5.8727664912
 21
4.9776142448
 31
0.0
  0
LINE
  5
2EA
330
1F
100
AcDbEntity
  8
0
  6
Continuous
 62
     7
370
    18
100
AcDbLine
 10
5.8894331564
 20
4.9776142448
 30
0.0
 11
5.8727664912
 21
4.9776142448
 31
0.0
  0
LINE
  5
2EB
330
1F
100
AcDbEntity
  8
0
  6
Continuous
 62
     7
370
    18
100
AcDbLine
 10
5.8727664912
 20
4.9776142448
 30
0.0
 11
5.8727664912
 21
5.0979695378
 31
0.0
  0
LINE
  5
2EC
330
1F
100
AcDbEntity
  8
0
  6
Continuous
 62
     7
370
    18
100
AcDbLine
 10
5.8894331564
 20
5.0979695378
 30
0.0
 11
5.8727664912
 21
5.0979695378
 31
0.0
  0
LINE
  5
2ED
330
1F
100
AcDbEntity
  8
0
  6
Continuous
 62
     7
370
    18
100
AcDbLine
 10
5.8727664912
 20
5.0979695378
 30
0.0
 11
5.8727664912
 21
5.1399695398
 31
0.0
  0
LINE
  5
2EE
330
1F
100
AcDbEntity
  8
0
  6
Continuous
 62
     7
370
    18
100
AcDbLine
 10
5.8894331564
 20
5.156636205
 30
0.0
 11
5.8727664912
 21
5.1399695398
 31
0.0
  0
LINE
  5
2EF
330
1F
100
AcDbEntity
  8
0
  6
Continuous
 62
     7
370
    18
100
AcDbLine
 10
5.8894331564
 20
2.773852085
 30
0.0
 11
6.17276649
 21
2.773852085
 31
0.0
  0
LINE
  5
2F0
330
1F
100
AcDbEntity
  8
0
  6
Continuous
 62
     7
370
    18
100
AcDbLine
 10
5.8894331564
 20
4.5903781893
 30
0.0
 11
5.8894331564
 21
2.773852085
 31
0.0
  0
LINE
  5
2F1
330
1F
100
AcDbEntity
  8
0
  6
Continuous
 62
     7
370
    18
100
AcDbLine
 10
6.17276649
 20
2.773852085
 30
0.0
 11
6.17276649
 21
4.5903781893
 31
0.0
  0
LINE
  5
2F2
330
1F
100
AcDbEntity
  8
0
  6
Continuous
 62
     7
370
    18
100
AcDbLine
 10
5.8894331564
 20
2.773852085
 30
0.0
 11
5.8727664912
 21
2.7711266588
 31
0.0
  0
LINE
  5
2F3
330
1F
100
AcDbEntity
  8
0
  6
Continuous
 62
     7
370
    18
100
AcDbLine
 10
5.8727664912
 20
2.7711266588
 30
0.0
 11
5.8727664912
 21
4.5969683354
 31
0.0
  0
LINE
  5
2F4
330
1F
100
AcDbEntity
  8
0
  6
Continuous
 62
     7
370
    18
100
AcDbLine
 10
6.1927664895
 20
2.6142023738
 30
0.0
 11
6.17276649
 21
2.6142023738
 31
0.0
  0
LINE
  5
2F5
330
1F
100
AcDbEntity
  8
0
  6
Continuous
 62
     7
370
    18
100
AcDbLine
 10
6.1927664895
 20
2.6142023738
 30
0.0
 11
6.1927664895
 21
2.4609619218
 31
0.0
  0
LINE
  5
2F6
330
1F
100
AcDbEntity
  8
0
  6
Continuous
 62
     7
370
    18
100
AcDbLine
 10
5.8894331564
 20
2.4609619218
 30
0.0
 11
6.1927664895
 21
2.4609619218
 31
0.0
  0
LINE
  5
2F7
330
1F
100
AcDbEntity
  8
0
  6
Continuous
 62
     7
370
    18
100
AcDbLine
 10
5.8894331564
 20
2.773852085
 30
0.0
 11
5.8894331564
 21
2.4609619218
 31
0.0
  0
LINE
  5
2F8
330
1F
100
AcDbEntity
  8
0
  6
Continuous
 62
     7
370
    18
100
AcDbLine
 10
6.17276649
 20
2.6142023738
 30
0.0
 11
6.17276649
 21
2.773852085
 31
0.0
  0
LINE
  5
2F9
330
1F
100
AcDbEntity
  8
0
  6
Continuous
 62
     7
370
    18
100
AcDbLine
 10
5.8894331564
 20
2.4609619218
 30
0.0
 11
5.8727664912
 21
2.4738809548
 31
0.0
  0
LINE
  5
2FA
330
1F
100
AcDbEntity
  8
0
  6
Continuous
 62
     7
370
    18
100
AcDbLine
 10
5.8727664912
 20
2.4738809548
 30
0.0
 11
5.8727664912
 21
2.7711266588
 31
0.0
  0
LINE
  5
2FB
330
1F
100
AcDbEntity
  8
0
  6
Continuous
 62
     7
370
    18
100
AcDbLine
 10
6.1927664895
 20
2.6279695214
 30
0.0
 11
6.17276649
 21
2.6279695214
 31
0.0
  0
LINE
  5
2FC
330
1F
100
AcDbEntity
  8
0
  6
Continuous
 62
     7
370
    18
100
AcDbLine
 10
6.1927664895
 20
2.6279695214
 30
0.0
 11
6.1927664895
 21
2.6142023738
 31
0.0
  0
LINE
  5
2FD
330
1F
100
AcDbEntity
  8
0
  6
Continuous
 62
     7
370
    18
100
AcDbLine
 10
5.8894331564
 20
2.4609619218
 30
0.0
 11
5.8894331564
 21
2.360302818
 31
0.0
  0
LINE
  5
2FE
330
1F
100
AcDbEntity
  8
0
  6
Continuous
 62
     7
370
    18
100
AcDbLine
 10
6.1927664895
 20
2.4609619218
 30
0.0
 11
6.1927664895
 21
2.360302818
 31
0.0
  0
LINE
  5
2FF
330
1F
100
AcDbEntity
  8
0
  6
Continuous
 62
     7
370
    18
100
AcDbLine
 10
5.8727664912
 20
2.3769696299
 30
0.0
 11
5.8727664912
 21
2.4738809548
 31
0.0
  0
DIMENSION
  5
300
330
1F
100
AcDbEntity
  8
0
  6
Continuous
 62
     7
370
    18
100
AcDbDimension
  2
_D_5
 10
6.17276649
 20
5.5503369928
 30
0.0
 11
5.2945075224
 21
5.5503369928
 31
0.0
 70
   160
  1
<>
 71
     3
 42
-1.0
  3
SLDDIMSTYLE1
100
AcDbAlignedDimension
 13
5.8894331567
 23
5.1566362054
 33
0.0
 14
6.17276649
 24
5.1566362054
 34
0.0
100
AcDbRotatedDimension
  0
DIMENSION
  5
314
330
1F
100
AcDbEntity
  8
0
  6
Continuous
 62
     7
370
    18
100
AcDbDimension
  2
_D_6
 10
5.87276649
 20
2.0014538802
 30
0.0
 11
6.7643461121
 21
2.0014538802
 31
0.0
 70
   160
  1
<>
 71
     1
 42
-1.0
  3
SLDDIMSTYLE1
100
AcDbAlignedDimension
 13
6.19276649
 23
2.3603028721
 33
0.0
 14
5.87276649
 24
2.3769695387
 34
0.0
 50
0.0
100
AcDbRotatedDimension
  0
ARC
  5
328
330
1F
100
AcDbEntity
  8
0
  6
Continuous
 62
     7
370
    18
100
AcDbCircle
 10
8.1595359283
 20
2.7179695387
 30
0.0
 40
0.1649999999999996
100
AcDbArc
 50
213.0557311509
 51
326.9442688491
  0
SPLINE
  5
329
330
1F
100
AcDbEntity
  8
0
  6
Continuous
 62
     7
370
    18
100
AcDbSpline
210
0.0
220
0.0
230
1.0
 70
    24
 71
     3
 72
    10
 73
     6
 74
     0
 42
0.000000001
 43
0.00000001
 40
0.0
 40
0.0
 40
0.0
 40
0.0
 40
0.5
 40
0.5
 40
1.0
 40
1.0
 40
1.0
 40
1.0
 10
8.02124276141095
 20
2.627969538729331
 30
0.0
 10
8.023184742412836
 20
2.627969538729331
 30
0.0
 10
8.025099588285165
 20
2.62796953872933
 30
0.0
 10
8.028161523026471
 20
2.62796953872933
 30
0.0
 10
8.029269108072548
 20
2.627969538729331
 30
0.0
 10
8.029269108072548
 20
2.627969538729331
 30
0.0
  0
ARC
  5
32A
330
1F
100
AcDbEntity
  8
0
  6
Continuous
 62
     7
370
    18
100
AcDbCircle
 10
8.1595359283
 20
2.7179695387
 30
0.0
 40
0.1583333333333337
100
AcDbArc
 50
214.6401941859
 51
325.3598058141
  0
SPLINE
  5
32B
330
1F
100
AcDbEntity
  8
0
  6
Continuous
 62
     7
370
    18
100
AcDbSpline
210
0.0
220
0.0
230
1.0
 70
    24
 71
     3
 72
    10
 73
     6
 74
     0
 42
0.000000001
 43
0.00000001
 40
0.0
 40
0.0
 40
0.0
 40
0.0
 40
0.5
 40
0.5
 40
1.0
 40
1.0
 40
1.0
 40
1.0
 10
8.289802748468137
 20
2.627969538729331
 30
0.0
 10
8.289802748468137
 20
2.627969538729331
 30
0.0
 10
8.290887669972339
 20
2.62796953872933
 30
0.0
 10
8.293972276694346
 20
2.62796953872933
 30
0.0
 10
8.295890379669611
 20
2.627969538729331
 30
0.0
 10
8.297829095129735
 20
2.627969538729331
 30
0.0
  0
LINE
  5
32C
330
1F
100
AcDbEntity
  8
0
  6
Continuous
 62
     7
370
    18
100
AcDbLine
 10
8.5480862241
 20
2.6142023738
 30
0.0
 11
8.4928692576
 21
2.6279695214
 31
0.0
  0
ARC
  5
32D
330
1F
100
AcDbEntity
  8
0
  6
Continuous
 62
     7
370
    18
100
AcDbCircle
 10
8.1595359283
 20
2.8079695387
 30
0.0
 40
0.4476666666666665
100
AcDbArc
 50
230.8183982238
 51
309.1816017762
  0
ARC
  5
32E
330
1F
100
AcDbEntity
  8
0
  6
Continuous
 62
     7
370
    18
100
AcDbCircle
 10
8.087302366
 20
2.7193443527
 30
0.0
 40
0.3333333333333329
100
AcDbArc
 50
198.3865240712
 51
230.8183982238
  0
LINE
  5
32F
330
1F
100
AcDbEntity
  8
0
  6
Continuous
 62
     7
370
    18
100
AcDbLine
 10
7.826202599
 20
2.6279695214
 30
0.0
 11
7.7709856324
 21
2.6142023738
 31
0.0
  0
ARC
  5
330
330
1F
100
AcDbEntity
  8
0
  6
Continuous
 62
     7
370
    18
100
AcDbCircle
 10
8.2317694905
 20
2.7193443527
 30
0.0
 40
0.3333333333333326
100
AcDbArc
 50
309.1816017762
 51
341.6134759288
  0
LINE
  5
331
330
1F
100
AcDbEntity
  8
0
  6
Continuous
 62
     7
370
    18
100
AcDbLine
 10
8.4928692576
 20
2.6279695214
 30
0.0
 11
8.2978290929
 21
2.6279695214
 31
0.0
  0
LINE
  5
332
330
1F
100
AcDbEntity
  8
0
  6
Continuous
 62
     7
370
    18
100
AcDbLine
 10
8.0212427636
 20
2.6279695214
 30
0.0
 11
7.826202599
 21
2.6279695214
 31
0.0
  0
LINE
  5
333
330
1F
100
AcDbEntity
  8
0
  6
Continuous
 62
     7
370
    18
100
AcDbLine
 10
8.3245359288
 20
2.7179696017
 30
0.0
 11
8.3178692603
 21
2.7179696017
 31
0.0
  0
ARC
  5
334
330
1F
100
AcDbEntity
  8
0
  6
Continuous
 62
     7
370
    18
100
AcDbCircle
 10
8.1595359283
 20
2.7179695387
 30
0.0
 40
0.1650000000000009
100
AcDbArc
 50
326.9442688491
 51
0.0
  0
ARC
  5
335
330
1F
100
AcDbEntity
  8
0
  6
Continuous
 62
     7
370
    18
100
AcDbCircle
 10
8.1595359283
 20
2.7179695387
 30
0.0
 40
0.1583333333333337
100
AcDbArc
 50
325.3598058141
 51
0.0
  0
ARC
  5
336
330
1F
100
AcDbEntity
  8
0
  6
Continuous
 62
     7
370
    18
100
AcDbCircle
 10
8.1595359283
 20
2.7179695387
 30
0.0
 40
0.165
100
AcDbArc
 50
180.0
 51
213.0557311509
  0
LINE
  5
337
330
1F
100
AcDbEntity
  8
0
  6
Continuous
 62
     7
370
    18
100
AcDbLine
 10
7.9945359277
 20
2.7179696017
 30
0.0
 11
8.0012025962
 21
2.7179696017
 31
0.0
  0
ARC
  5
338
330
1F
100
AcDbEntity
  8
0
  6
Continuous
 62
     7
370
    18
100
AcDbCircle
 10
8.1595359283
 20
2.7179695387
 30
0.0
 40
0.1583333333333337
100
AcDbArc
 50
180.0
 51
214.6401941859
  0
ARC
  5
339
330
1F
100
AcDbEntity
  8
0
  6
Continuous
 62
     7
370
    18
100
AcDbCircle
 10
8.1595359283
 20
4.1313028721
 30
0.0
 40
0.1650000000000009
100
AcDbArc
 50
0.0
 51
180.0
  0
LINE
  5
33A
330
1F
100
AcDbEntity
  8
0
  6
Continuous
 62
     7
370
    18
100
AcDbLine
 10
7.9945359277
 20
2.7179696017
 30
0.0
 11
7.9945359277
 21
4.1313028926
 31
0.0
  0
ARC
  5
33B
330
1F
100
AcDbEntity
  8
0
  6
Continuous
 62
     7
370
    18
100
AcDbCircle
 10
4.5522025949
 20
3.3053028721
 30
0.0
 40
3.25
100
AcDbArc
 50
350.5885388512
 51
23.2914097168
  0
ARC
  5
33C
330
1F
100
AcDbEntity
  8
0
  6
Continuous
 62
     7
370
    18
100
AcDbCircle
 10
8.4368692616
 20
4.9776142466
 30
0.0
 40
0.9793333333333331
100
AcDbArc
 50
180.0
 51
203.2914097168
  0
LINE
  5
33D
330
1F
100
AcDbEntity
  8
0
  6
Continuous
 62
     7
370
    18
100
AcDbLine
 10
7.4575359178
 20
4.9776142448
 30
0.0
 11
7.4575359178
 21
5.0979695378
 31
0.0
  0
ARC
  5
33E
330
1F
100
AcDbEntity
  8
0
  6
Continuous
 62
     7
370
    18
100
AcDbCircle
 10
7.5162025949
 20
5.0979695387
 30
0.0
 40
0.0586666666666664
100
AcDbArc
 50
90.0
 51
180.0
  0
LINE
  5
33F
330
1F
100
AcDbEntity
  8
0
  6
Continuous
 62
     7
370
    18
100
AcDbLine
 10
7.5162025912
 20
5.156636205
 30
0.0
 11
7.5195359438
 21
5.156636205
 31
0.0
  0
LINE
  5
340
330
1F
100
AcDbEntity
  8
0
  6
Continuous
 62
     7
370
    18
100
AcDbLine
 10
7.5195359438
 20
5.0579695387
 30
0.0
 11
7.5195359438
 21
5.156636205
 31
0.0
  0
ARC
  5
341
330
1F
100
AcDbEntity
  8
0
  6
Continuous
 62
     7
370
    18
100
AcDbCircle
 10
8.1595359283
 20
5.0579695387
 30
0.0
 40
0.6400000000000006
100
AcDbArc
 50
180.0
 51
0.0
  0
LINE
  5
342
330
1F
100
AcDbEntity
  8
0
  6
Continuous
 62
     7
370
    18
100
AcDbLine
 10
8.7995359127
 20
5.156636205
 30
0.0
 11
8.7995359127
 21
5.0579695387
 31
0.0
  0
LINE
  5
343
330
1F
100
AcDbEntity
  8
0
  6
Continuous
 62
     7
370
    18
100
AcDbLine
 10
8.7995359127
 20
5.156636205
 30
0.0
 11
8.8028692653
 21
5.156636205
 31
0.0
  0
ARC
  5
344
330
1F
100
AcDbEntity
  8
0
  6
Continuous
 62
     7
370
    18
100
AcDbCircle
 10
7.8822025949
 20
4.9776142466
 30
0.0
 40
0.9793333333333338
100
AcDbArc
 50
336.7085902832
 51
0.0
  0
ARC
  5
345
330
1F
100
AcDbEntity
  8
0
  6
Continuous
 62
     7
370
    18
100
AcDbCircle
 10
11.7668692616
 20
3.3053028721
 30
0.0
 40
3.250000000000003
100
AcDbArc
 50
156.7085902832
 51
189.4114611488
  0
LINE
  5
346
330
1F
100
AcDbEntity
  8
0
  6
Continuous
 62
     7
370
    18
100
AcDbLine
 10
8.3245359288
 20
4.1313028926
 30
0.0
 11
8.3245359288
 21
2.7179696017
 31
0.0
  0
ARC
  5
347
330
1F
100
AcDbEntity
  8
0
  6
Continuous
 62
     7
370
    18
100
AcDbCircle
 10
8.8028692616
 20
5.0979695387
 30
0.0
 40
0.0586666666666664
100
AcDbArc
 50
0.0
 51
90.0
  0
LINE
  5
348
330
1F
100
AcDbEntity
  8
0
  6
Continuous
 62
     7
370
    18
100
AcDbLine
 10
8.8615359387
 20
5.0979695378
 30
0.0
 11
8.8615359387
 21
4.9776142448
 31
0.0
  0
ARC
  5
349
330
1F
100
AcDbEntity
  8
0
  6
Continuous
 62
     7
370
    18
100
AcDbCircle
 10
8.087302366
 20
2.7193443527
 30
0.0
 40
0.3333333333333342
100
AcDbArc
 50
170.5885388512
 51
198.3865240712
  0
ARC
  5
34A
330
1F
100
AcDbEntity
  8
0
  6
Continuous
 62
     7
370
    18
100
AcDbCircle
 10
8.2317694905
 20
2.7193443527
 30
0.0
 40
0.3333333333333324
100
AcDbArc
 50
341.6134759288
 51
9.4114611488
  0
ARC
  5
34B
330
1F
100
AcDbEntity
  8
0
  6
Continuous
 62
     7
370
    18
100
AcDbCircle
 10
8.1595359283
 20
5.0579695387
 30
0.0
 40
0.6266666666666669
100
AcDbArc
 50
180.0
 51
0.0
  0
LINE
  5
34C
330
1F
100
AcDbEntity
  8
0
  6
Continuous
 62
     7
370
    18
100
AcDbLine
 10
8.7862026001
 20
5.0579695387
 30
0.0
 11
8.7995359127
 21
5.0579695387
 31
0.0
  0
LINE
  5
34D
330
1F
100
AcDbEntity
  8
0
  6
Continuous
 62
     7
370
    18
100
AcDbLine
 10
7.5328692565
 20
5.0579695387
 30
0.0
 11
7.5195359438
 21
5.0579695387
 31
0.0
  0
LINE
  5
34E
330
1F
100
AcDbEntity
  8
0
  6
Continuous
 62
     7
370
    18
100
AcDbLine
 10
8.7862026001
 20
5.0579695387
 30
0.0
 11
8.7862026001
 21
5.156636205
 31
0.0
  0
LINE
  5
34F
330
1F
100
AcDbEntity
  8
0
  6
Continuous
 62
     7
370
    18
100
AcDbLine
 10
8.7862026001
 20
5.156636205
 30
0.0
 11
8.7995359127
 21
5.156636205
 31
0.0
  0
LINE
  5
350
330
1F
100
AcDbEntity
  8
0
  6
Continuous
 62
     7
370
    18
100
AcDbLine
 10
8.3178692603
 20
2.7179696017
 30
0.0
 11
8.3178692603
 21
4.1313028926
 31
0.0
  0
LINE
  5
351
330
1F
100
AcDbEntity
  8
0
  6
Continuous
 62
     7
370
    18
100
AcDbLine
 10
8.3245359288
 20
4.1313028926
 30
0.0
 11
8.3178692603
 21
4.1313028926
 31
0.0
  0
ARC
  5
352
330
1F
100
AcDbEntity
  8
0
  6
Continuous
 62
     7
370
    18
100
AcDbCircle
 10
8.1595359283
 20
4.1313028721
 30
0.0
 40
0.1583333333333332
100
AcDbArc
 50
0.0
 51
180.0
  0
LINE
  5
353
330
1F
100
AcDbEntity
  8
0
  6
Continuous
 62
     7
370
    18
100
AcDbLine
 10
7.9945359277
 20
4.1313028926
 30
0.0
 11
8.0012025962
 21
4.1313028926
 31
0.0
  0
LINE
  5
354
330
1F
100
AcDbEntity
  8
0
  6
Continuous
 62
     7
370
    18
100
AcDbLine
 10
8.0012025962
 20
4.1313028926
 30
0.0
 11
8.0012025962
 21
2.7179696017
 31
0.0
  0
LINE
  5
355
330
1F
100
AcDbEntity
  8
0
  6
Continuous
 62
     7
370
    18
100
AcDbLine
 10
7.5328692565
 20
5.156636205
 30
0.0
 11
7.5328692565
 21
5.0579695387
 31
0.0
  0
LINE
  5
356
330
1F
100
AcDbEntity
  8
0
  6
Continuous
 62
     7
370
    18
100
AcDbLine
 10
7.5195359438
 20
5.156636205
 30
0.0
 11
7.5328692565
 21
5.156636205
 31
0.0
  0
LINE
  5
357
330
1F
100
AcDbEntity
  8
0
  6
Continuous
 62
     7
370
    18
100
AcDbLine
 10
8.3178692603
 20
2.7179696017
 30
0.0
 11
8.3112025918
 21
2.7179696017
 31
0.0
  0
LINE
  5
358
330
1F
100
AcDbEntity
  8
0
  6
Continuous
 62
     7
370
    18
100
AcDbLine
 10
8.3112025918
 20
2.7179696017
 30
0.0
 11
8.3112025918
 21
4.1313028926
 31
0.0
  0
LINE
  5
359
330
1F
100
AcDbEntity
  8
0
  6
Continuous
 62
     7
370
    18
100
AcDbLine
 10
8.3178692603
 20
4.1313028926
 30
0.0
 11
8.3112025918
 21
4.1313028926
 31
0.0
  0
ARC
  5
35A
330
1F
100
AcDbEntity
  8
0
  6
Continuous
 62
     7
370
    18
100
AcDbCircle
 10
8.1595359283
 20
2.7179695387
 30
0.0
 40
0.1516666666666673
100
AcDbArc
 50
180.0
 51
0.0
  0
LINE
  5
35B
330
1F
100
AcDbEntity
  8
0
  6
Continuous
 62
     7
370
    18
100
AcDbLine
 10
8.0078692648
 20
2.7179696017
 30
0.0
 11
8.0012025962
 21
2.7179696017
 31
0.0
  0
ARC
  5
35C
330
1F
100
AcDbEntity
  8
0
  6
Continuous
 62
     7
370
    18
100
AcDbCircle
 10
8.1595359283
 20
4.1313028721
 30
0.0
 40
0.1516666666666673
100
AcDbArc
 50
0.0
 51
180.0
  0
LINE
  5
35D
330
1F
100
AcDbEntity
  8
0
  6
Continuous
 62
     7
370
    18
100
AcDbLine
 10
8.0078692648
 20
4.1313028926
 30
0.0
 11
8.0012025962
 21
4.1313028926
 31
0.0
  0
LINE
  5
35E
330
1F
100
AcDbEntity
  8
0
  6
Continuous
 62
     7
370
    18
100
AcDbLine
 10
8.0078692648
 20
4.1313028926
 30
0.0
 11
8.0078692648
 21
2.7179696017
 31
0.0
  0
ARC
  5
35F
330
1F
100
AcDbEntity
  8
0
  6
Continuous
 62
     7
370
    18
100
AcDbCircle
 10
8.1595359283
 20
4.1313028721
 30
0.0
 40
0.0883333333333329
100
AcDbArc
 50
0.0
 51
180.0
  0
LINE
  5
360
330
1F
100
AcDbEntity
  8
0
  6
Continuous
 62
     7
370
    18
100
AcDbLine
 10
8.0712025976
 20
4.1313028926
 30
0.0
 11
8.0712025976
 21
2.7179696017
 31
0.0
  0
ARC
  5
361
330
1F
100
AcDbEntity
  8
0
  6
Continuous
 62
     7
370
    18
100
AcDbCircle
 10
8.1595359283
 20
2.7179695387
 30
0.0
 40
0.0883333333333329
100
AcDbArc
 50
180.0
 51
0.0
  0
LINE
  5
362
330
1F
100
AcDbEntity
  8
0
  6
Continuous
 62
     7
370
    18
100
AcDbLine
 10
8.2478692589
 20
2.7179696017
 30
0.0
 11
8.2478692589
 21
4.1313028926
 31
0.0
  0
ARC
  5
363
330
1F
100
AcDbEntity
  8
0
  6
Continuous
 62
     7
370
    18
100
AcDbCircle
 10
8.1595359283
 20
5.0579695387
 30
0.0
 40
0.6133333333333333
100
AcDbArc
 50
358.0
 51
0.0
  0
LINE
  5
364
330
1F
100
AcDbEntity
  8
0
  6
Continuous
 62
     7
370
    18
100
AcDbLine
 10
8.7862026001
 20
5.0579695387
 30
0.0
 11
8.7728692385
 21
5.0579695387
 31
0.0
  0
LINE
  5
365
330
1F
100
AcDbEntity
  8
0
  6
Continuous
 62
     7
370
    18
100
AcDbLine
 10
8.7858208312
 20
5.036099188
 30
0.0
 11
8.772495634
 21
5.0365645148
 31
0.0
  0
LINE
  5
366
330
1F
100
AcDbEntity
  8
0
  6
Continuous
 62
     7
370
    18
100
AcDbLine
 10
8.7728692385
 20
5.0579695387
 30
0.0
 11
8.7728692385
 21
5.156636205
 31
0.0
  0
LINE
  5
367
330
1F
100
AcDbEntity
  8
0
  6
Continuous
 62
     7
370
    18
100
AcDbLine
 10
8.7728692385
 20
5.156636205
 30
0.0
 11
8.7862026001
 21
5.156636205
 31
0.0
  0
ARC
  5
368
330
1F
100
AcDbEntity
  8
0
  6
Continuous
 62
     7
370
    18
100
AcDbCircle
 10
8.1595359283
 20
5.0579695387
 30
0.0
 40
0.6133333333333328
100
AcDbArc
 50
180.0
 51
182.0
  0
LINE
  5
369
330
1F
100
AcDbEntity
  8
0
  6
Continuous
 62
     7
370
    18
100
AcDbLine
 10
7.546202618
 20
5.0579695387
 30
0.0
 11
7.5328692565
 21
5.0579695387
 31
0.0
  0
LINE
  5
36A
330
1F
100
AcDbEntity
  8
0
  6
Continuous
 62
     7
370
    18
100
AcDbLine
 10
7.5465762226
 20
5.0365645148
 30
0.0
 11
7.5332510254
 21
5.036099188
 31
0.0
  0
LINE
  5
36B
330
1F
100
AcDbEntity
  8
0
  6
Continuous
 62
     7
370
    18
100
AcDbLine
 10
7.546202618
 20
5.156636205
 30
0.0
 11
7.546202618
 21
5.0579695387
 31
0.0
  0
LINE
  5
36C
330
1F
100
AcDbEntity
  8
0
  6
Continuous
 62
     7
370
    18
100
AcDbLine
 10
7.5328692565
 20
5.156636205
 30
0.0
 11
7.546202618
 21
5.156636205
 31
0.0
  0
LWPOLYLINE
  5
36D
330
1F
100
AcDbEntity
  8
0
  6
Continuous
 62
     7
370
    18
100
AcDbPolyline
 90
        9
 70
   128
 43
0.0
 10
8.6324872469
 20
4.646839217
 10
8.6322938936
 20
4.6470072951
 10
8.6317212647
 20
4.647505076
 10
8.6307913598
 20
4.64831342
 10
8.6295399654
 20
4.649401283
 10
8.6280150408
 20
4.650726841
 10
8.6262753498
 20
4.6522391524
 10
8.6243876249
 20
4.6538801135
 10
8.6224244654
 20
4.6555866582
  0
ARC
  5
36E
330
1F
100
AcDbEntity
  8
0
  6
Continuous
 62
     7
370
    18
100
AcDbCircle
 10
8.1595359283
 20
5.0579695387
 30
0.0
 40
0.6133333333333341
100
AcDbArc
 50
319.0
 51
358.0
  0
ARC
  5
36F
330
1F
100
AcDbEntity
  8
0
  6
Continuous
 62
     7
370
    18
100
AcDbCircle
 10
8.1595359283
 20
5.0579695387
 30
0.0
 40
0.5120000000000012
100
AcDbArc
 50
358.0
 51
0.0
  0
LINE
  5
370
330
1F
100
AcDbEntity
  8
0
  6
Continuous
 62
     7
370
    18
100
AcDbLine
 10
8.6715359158
 20
5.0979695378
 30
0.0
 11
8.6715359158
 21
5.0579695387
 31
0.0
  0
ARC
  5
371
330
1F
100
AcDbEntity
  8
0
  6
Continuous
 62
     7
370
    18
100
AcDbCircle
 10
8.7302025949
 20
5.0979695387
 30
0.0
 40
0.0586666666666673
100
AcDbArc
 50
90.0
 51
180.0
  0
LINE
  5
372
330
1F
100
AcDbEntity
  8
0
  6
Continuous
 62
     7
370
    18
100
AcDbLine
 10
8.6712240083
 20
5.0401009968
 30
0.0
 11
8.772495634
 21
5.0365645148
 31
0.0
  0
LINE
  5
373
330
1F
100
AcDbEntity
  8
0
  6
Continuous
 62
     7
370
    18
100
AcDbLine
 10
8.7728692385
 20
5.156636205
 30
0.0
 11
8.7302025892
 21
5.156636205
 31
0.0
  0
ARC
  5
374
330
1F
100
AcDbEntity
  8
0
  6
Continuous
 62
     7
370
    18
100
AcDbCircle
 10
8.1595359283
 20
5.0579695387
 30
0.0
 40
0.6133333333333328
100
AcDbArc
 50
182.0
 51
221.0
  0
LWPOLYLINE
  5
375
330
1F
100
AcDbEntity
  8
0
  6
Continuous
 62
     7
370
    18
100
AcDbPolyline
 90
        9
 70
   128
 43
0.0
 10
7.6966473912
 20
4.6555866582
 10
7.6946842316
 20
4.6538801135
 10
7.6927965068
 20
4.6522391524
 10
7.6910568157
 20
4.650726841
 10
7.6895318911
 20
4.649401283
 10
7.6882804967
 20
4.64831342
 10
7.6873505919
 20
4.647505076
 10
7.6867779629
 20
4.6470072951
 10
7.6865846096
 20
4.646839217
  0
ARC
  5
376
330
1F
100
AcDbEntity
  8
0
  6
Continuous
 62
     7
370
    18
100
AcDbCircle
 10
7.5888692616
 20
5.0979695387
 30
0.0
 40
0.0586666666666664
100
AcDbArc
 50
0.0
 51
90.0
  0
LINE
  5
377
330
1F
100
AcDbEntity
  8
0
  6
Continuous
 62
     7
370
    18
100
AcDbLine
 10
7.6475359407
 20
5.0579695387
 30
0.0
 11
7.6475359407
 21
5.0979695378
 31
0.0
  0
ARC
  5
378
330
1F
100
AcDbEntity
  8
0
  6
Continuous
 62
     7
370
    18
100
AcDbCircle
 10
8.1595359283
 20
5.0579695387
 30
0.0
 40
0.5120000000000005
100
AcDbArc
 50
180.0
 51
182.0
  0
LINE
  5
379
330
1F
100
AcDbEntity
  8
0
  6
Continuous
 62
     7
370
    18
100
AcDbLine
 10
7.5465762226
 20
5.0365645148
 30
0.0
 11
7.6478478482
 21
5.0401009968
 31
0.0
  0
LINE
  5
37A
330
1F
100
AcDbEntity
  8
0
  6
Continuous
 62
     7
370
    18
100
AcDbLine
 10
7.5888692673
 20
5.156636205
 30
0.0
 11
7.546202618
 21
5.156636205
 31
0.0
  0
ARC
  5
37B
330
1F
100
AcDbEntity
  8
0
  6
Continuous
 62
     7
370
    18
100
AcDbCircle
 10
8.6012827561
 20
4.7269653996
 30
0.0
 40
0.0400000000000004
100
AcDbArc
 50
143.1555102685
 51
229.0
  0
LINE
  5
37C
330
1F
100
AcDbEntity
  8
0
  6
Continuous
 62
     7
370
    18
100
AcDbLine
 10
8.6224244654
 20
4.6555866582
 30
0.0
 11
8.5750403861
 21
4.6967770268
 31
0.0
  0
ARC
  5
37D
330
1F
100
AcDbEntity
  8
0
  6
Continuous
 62
     7
370
    18
100
AcDbCircle
 10
8.1595359283
 20
5.0579695387
 30
0.0
 40
0.5120000000000012
100
AcDbArc
 50
323.1555102685
 51
358.0
  0
ARC
  5
37E
330
1F
100
AcDbEntity
  8
0
  6
Continuous
 62
     7
370
    18
100
AcDbCircle
 10
7.7177891005
 20
4.7269653996
 30
0.0
 40
0.0400000000000005
100
AcDbArc
 50
311.0
 51
36.8444897315
  0
ARC
  5
37F
330
1F
100
AcDbEntity
  8
0
  6
Continuous
 62
     7
370
    18
100
AcDbCircle
 10
8.1595359283
 20
5.0579695387
 30
0.0
 40
0.5119999999999999
100
AcDbArc
 50
182.0
 51
216.8444897315
  0
LINE
  5
380
330
1F
100
AcDbEntity
  8
0
  6
Continuous
 62
     7
370
    18
100
AcDbLine
 10
7.7440314704
 20
4.6967770268
 30
0.0
 11
7.6966473912
 21
4.6555866582
 31
0.0
  0
DIMENSION
  5
381
330
1F
100
AcDbEntity
  8
0
  6
Continuous
 62
     7
370
    18
100
AcDbDimension
  2
_D_7
 10
8.1595359283
 20
5.0579695387
 30
0.0
 11
6.8297442077
 21
3.898016624
 31
0.0
 70
   164
  1
%%c1.88in\P[%%c47.8mm]
 71
     1
 42
-1.0
  3
SLDDIMSTYLE2
100
AcDbRadialDimension
 15
7.7934998206
 25
4.5493157478
 35
0.0
 40
0.0
  0
DIMENSION
  5
38D
330
1F
100
AcDbEntity
  8
0
  6
Continuous
 62
     7
370
    18
100
AcDbDimension
  2
_D_8
 10
8.1595359283
 20
5.0579695387
 30
0.0
 11
9.9316425012
 21
3.898016624
 31
0.0
 70
   164
  1
%%c1.54in [%%c39.0mm]\PFOR USE WITH %%c1.50in [%%c38.1mm]\PP-POSTS
 71
     1
 42
-1.0
  3
SLDDIMSTYLE2
100
AcDbRadialDimension
 15
8.4155359283
 25
4.614564532
 35
0.0
 40
0.0
  0
INSERT
  5
3A6
330
1F
100
AcDbEntity
  8
0
  6
Continuous
 62
     7
370
     0
100
AcDbBlockReference
  2
SW_CENTERMARKSYMBOL_3
 10
8.1595359283
 20
5.0579695387
 30
0.0
  0
LINE
  5
3A7
330
1F
100
AcDbEntity
  8
0
  6
Continuous
 62
     7
370
    18
100
AcDbLine
 10
10.1897705953
 20
7.6228725999
 30
0.0
 11
10.0884186233
 21
7.5643633519
 31
0.0
  0
SPLINE
  5
3A8
330
1F
100
AcDbEntity
  8
0
  6
Continuous
 62
     7
370
    18
100
AcDbSpline
210
0.0
220
0.0
230
1.0
 70
     8
 71
     3
 72
    47
 73
    43
 74
     0
 42
0.000000001
 43
0.00000001
 40
0.0
 40
0.0
 40
0.0
 40
0.0
 40
0.0188987783161037
 40
0.044601775082139
 40
0.0702967541498988
 40
0.0959881378977339
 40
0.1216788648538897
 40
0.1473710877519787
 40
0.1730667751103267
 40
0.1987672651385778
 40
0.2244733972388794
 40
0.2501856224033554
 40
0.2759040934948077
 40
0.3016287376496246
 40
0.327359313405106
 40
0.3530954551288238
 40
0.3788367071050695
 40
0.4045825493285743
 40
0.4303324167346623
 40
0.4560857132934633
 40
0.4818418221304198
 40
0.5076001126116767
 40
0.5333599451509876
 40
0.5591206743514949
 40
0.5848816509874188
 40
0.6106420864460294
 40
0.6364012470349686
 40
0.66215847901378
 40
0.6879131296781833
 40
0.7136645496615335
 40
0.739412096575231
 40
0.7651551405173372
 40
0.7908930721147868
 40
0.8166253139230932
 40
0.8423513362064988
 40
0.8680706783632507
 40
0.8937829775436545
 40
0.919488006324193
 40
0.9451857216265023
 40
0.9708763273609975
 40
0.9952123869142385
 40
0.9999999999999999
 40
0.9999999999999999
 40
0.9999999999999999
 40
0.9999999999999999
 10
9.998305209265595
 20
7.273072595680753
 30
0.0
 10
9.99349417974092
 20
7.274752131445847
 30
0.0
 10
9.982139982491555
 20
7.278715894350742
 30
0.0
 10
9.964015794771804
 20
7.286300245011816
 30
0.0
 10
9.944026464018261
 20
7.295595759226994
 30
0.0
 10
9.923936528062715
 20
7.306036196319857
 30
0.0
 10
9.903797879427932
 20
7.317551774480103
 30
0.0
 10
9.883650998713112
 20
7.330133579775572
 30
0.0
 10
9.863539724293457
 20
7.343753318102827
 30
0.0
 10
9.84350707295649
 20
7.358384894541532
 30
0.0
 10
9.82359630515947
 20
7.373998608190901
 30
0.0
 10
9.803850476003294
 20
7.390562768813839
 30
0.0
 10
9.784312367076197
 20
7.40804336600126
 30
0.0
 10
9.765024332330645
 20
7.426404272471186
 30
0.0
 10
9.746028181547631
 20
7.445607312444715
 30
0.0
 10
9.727365066427385
 20
7.465612371687047
 30
0.0
 10
9.70907537684731
 20
7.48637750003177
 30
0.0
 10
9.691198643596188
 20
7.50785901837469
 30
0.0
 10
9.67377344712961
 20
7.530011626186357
 30
0.0
 10
9.656837331264787
 20
7.552788510175744
 30
0.0
 10
9.640426721129064
 20
7.576141453712865
 30
0.0
 10
9.624576844772667
 20
7.600020947020039
 30
0.0
 10
9.6093216580003
 20
7.624376298112316
 30
0.0
 10
9.594693772080992
 20
7.649155744511806
 30
0.0
 10
9.580724408792756
 20
7.674306521279692
 30
0.0
 10
9.567443316767207
 20
7.699774989934195
 30
0.0
 10
9.554878688587907
 20
7.725506779537474
 30
0.0
 10
9.543057078147363
 20
7.751446950562855
 30
0.0
 10
9.532003354139093
 20
7.777540095164842
 30
0.0
 10
9.52174065528849
 20
7.803730428892607
 30
0.0
 10
9.512290333696232
 20
7.829961910590506
 30
0.0
 10
9.503671900663583
 20
7.856178363972825
 30
0.0
 10
9.495902973187999
 20
7.882323602508171
 30
0.0
 10
9.488999228527536
 20
7.908341553414566
 30
0.0
 10
9.482974340343125
 20
7.934176398896528
 30
0.0
 10
9.477839997070024
 20
7.95977267005203
 30
0.0
 10
9.473605629858984
 20
7.985075538066752
 30
0.0
 10
9.470279244562965
 20
8.010030394494754
 30
0.0
 10
9.4678641618755
 20
8.034585113531918
 30
0.0
 10
9.46639717147724
 20
8.058260892595747
 30
0.0
 10
9.465955004892638
 20
8.075063353927996
 30
0.0
 10
9.465934498354077
 20
8.083861362008935
 30
0.0
 10
9.465931127303538
 20
8.085307658262128
 30
0.0
  0
LINE
  5
3A9
330
1F
100
AcDbEntity
  8
0
  6
Continuous
 62
     7
370
    18
100
AcDbLine
 10
9.9983052093
 20
7.2795688943
 30
0.0
 11
9.9983052093
 21
7.2659620924
 31
0.0
  0
LINE
  5
3AA
330
1F
100
AcDbEntity
  8
0
  6
Continuous
 62
     7
370
    18
100
AcDbLine
 10
9.4303379123
 20
8.1755808916
 30
0.0
 11
9.229990991
 21
8.0599230758
 31
0.0
  0
LINE
  5
3AB
330
1F
100
AcDbEntity
  8
0
  6
Continuous
 62
     7
370
    18
100
AcDbLine
 10
9.4218635002
 20
7.5892444712
 30
0.0
 11
9.5137873817
 21
7.6423109984
 31
0.0
  0
LINE
  5
3AC
330
1F
100
AcDbEntity
  8
0
  6
Continuous
 62
     7
370
    18
100
AcDbLine
 10
9.4659311273
 20
8.0853076583
 30
0.0
 11
9.4659311273
 21
8.1658730184
 31
0.0
  0
LINE
  5
3AD
330
1F
100
AcDbEntity
  8
0
  6
Continuous
 62
     7
370
    18
100
AcDbLine
 10
9.9319572668
 20
5.4860900721
 30
0.0
 11
10.1464463238
 21
5.6099119691
 31
0.0
  0
LINE
  5
3AE
330
1F
100
AcDbEntity
  8
0
  6
Continuous
 62
     7
370
    18
100
AcDbLine
 10
9.9217669977
 20
5.5451437594
 30
0.0
 11
9.921177742
 21
5.5448035894
 31
0.0
  0
LINE
  5
3AF
330
1F
100
AcDbEntity
  8
0
  6
Continuous
 62
     7
370
    18
100
AcDbLine
 10
9.9066993099
 20
5.5665896961
 30
0.0
 11
9.9061100543
 21
5.5662495261
 31
0.0
  0
LINE
  5
3B0
330
1F
100
AcDbEntity
  8
0
  6
Continuous
 62
     7
370
    18
100
AcDbLine
 10
9.7023926574
 20
5.517921249
 30
0.0
 11
9.714175855
 21
5.5111167423
 31
0.0
  0
LINE
  5
3B1
330
1F
100
AcDbEntity
  8
0
  6
Continuous
 62
     7
370
    18
100
AcDbLine
 10
9.7865528532
 20
5.5199952202
 30
0.0
 11
9.7871421089
 21
5.5203353902
 31
0.0
  0
LINE
  5
3B2
330
1F
100
AcDbEntity
  8
0
  6
Continuous
 62
     7
370
    18
100
AcDbLine
 10
9.4274482009
 20
5.969813111
 30
0.0
 11
9.4274482009
 21
5.9562063092
 31
0.0
  0
LINE
  5
3B3
330
1F
100
AcDbEntity
  8
0
  6
Continuous
 62
     7
370
    18
100
AcDbLine
 10
9.7169671877
 20
5.5613578693
 30
0.0
 11
9.7163779321
 21
5.5610176993
 31
0.0
  0
LINE
  5
3B4
330
1F
100
AcDbEntity
  8
0
  6
Continuous
 62
     7
370
    18
100
AcDbLine
 10
9.7367784375
 20
5.5155065637
 30
0.0
 11
9.7373676932
 21
5.5158467337
 31
0.0
  0
SPLINE
  5
3B5
330
1F
100
AcDbEntity
  8
0
  6
Continuous
 62
     7
370
    18
100
AcDbSpline
210
0.0
220
0.0
230
1.0
 70
     8
 71
     3
 72
     9
 73
     5
 74
     0
 42
0.000000001
 43
0.00000001
 40
0.0
 40
0.0
 40
0.0
 40
0.0
 40
0.7432902915418598
 40
1.0
 40
1.0
 40
1.0
 40
1.0
 10
9.83914950101885
 20
5.895239942400723
 30
0.0
 10
9.83763301227
 20
5.898257747463907
 30
0.0
 10
9.835592774739517
 20
5.902317809996036
 30
0.0
 10
9.833826392657022
 20
5.906445179485816
 30
0.0
 10
9.833372945227598
 20
5.907504715304237
 30
0.0
  0
LINE
  5
3B6
330
1F
100
AcDbEntity
  8
0
  6
Continuous
 62
     7
370
    18
100
AcDbLine
 10
9.6961158547
 20
5.560976912
 30
0.0
 11
9.6967051103
 21
5.5613170821
 31
0.0
  0
LINE
  5
3B7
330
1F
100
AcDbEntity
  8
0
  6
Continuous
 62
     7
370
    18
100
AcDbLine
 10
9.6964937732
 20
5.5371608011
 30
0.0
 11
9.6970830288
 21
5.5375009711
 31
0.0
  0
LINE
  5
3B8
330
1F
100
AcDbEntity
  8
0
  6
Continuous
 62
     7
370
    18
100
AcDbLine
 10
9.5958200898
 20
5.6461540817
 30
0.0
 11
9.5964093454
 21
5.6464942517
 31
0.0
  0
LINE
  5
3B9
330
1F
100
AcDbEntity
  8
0
  6
Continuous
 62
     7
370
    18
100
AcDbLine
 10
9.5369207604
 20
5.7183408214
 30
0.0
 11
9.5363315047
 21
5.7180006514
 31
0.0
  0
LINE
  5
3BA
330
1F
100
AcDbEntity
  8
0
  6
Continuous
 62
     7
370
    18
100
AcDbLine
 10
9.554643364
 20
5.6781734582
 30
0.0
 11
9.5552326197
 21
5.6785136282
 31
0.0
  0
ARC
  5
3BB
330
1F
100
AcDbEntity
  8
0
  6
Continuous
 62
     7
370
    18
100
AcDbCircle
 10
10.120930905
 20
7.4560656193
 30
0.0
 40
0.0897691933913376
100
AcDbArc
 50
2.4763980378
 51
57.5236021078
  0
LINE
  5
3BC
330
1F
100
AcDbEntity
  8
0
  6
Continuous
 62
     7
370
    18
100
AcDbLine
 10
10.2106162634
 20
7.4599443526
 30
0.0
 11
10.1870460374
 21
7.4599443526
 31
0.0
  0
ARC
  5
3BD
330
1F
100
AcDbEntity
  8
0
  6
Continuous
 62
     7
370
    18
100
AcDbCircle
 10
10.1225669611
 20
7.4570101968
 30
0.0
 40
0.0645458019180296
100
AcDbArc
 50
2.6054784857
 51
57.39452166
  0
LINE
  5
3BE
330
1F
100
AcDbEntity
  8
0
  6
Continuous
 62
     7
370
    18
100
AcDbLine
 10
10.1691326656
 20
7.5317960515
 30
0.0
 11
10.1573475526
 21
7.5113836371
 31
0.0
  0
ARC
  5
3BF
330
1F
100
AcDbEntity
  8
0
  6
Continuous
 62
     7
370
    18
100
AcDbCircle
 10
10.3212781033
 20
7.5717235951
 30
0.0
 40
0.0897689097610818
100
AcDbArc
 50
2.476303705
 51
57.5236964406
  0
LINE
  5
3C0
330
1F
100
AcDbEntity
  8
0
  6
Continuous
 62
     7
370
    18
100
AcDbLine
 10
10.2106162634
 20
7.4599443526
 30
0.0
 11
10.4109631847
 21
7.5756021685
 31
0.0
  0
LINE
  5
3C1
330
1F
100
AcDbEntity
  8
0
  6
Continuous
 62
     7
370
    18
100
AcDbLine
 10
10.1691326656
 20
7.5317960515
 30
0.0
 11
10.3694795869
 21
7.6474538674
 31
0.0
  0
LINE
  5
3C2
330
1F
100
AcDbEntity
  8
0
  6
Continuous
 62
     7
370
    18
100
AcDbLine
 10
9.5767865303
 20
5.6548465166
 30
0.0
 11
9.5706682813
 21
5.661797117
 31
0.0
  0
SPLINE
  5
3C3
330
1F
100
AcDbEntity
  8
0
  6
Continuous
 62
     7
370
    18
100
AcDbSpline
210
0.0
220
0.0
230
1.0
 70
     8
 71
     3
 72
    11
 73
     7
 74
     0
 42
0.000000001
 43
0.00000001
 40
0.0
 40
0.0
 40
0.0
 40
0.0
 40
0.179164107639512
 40
0.4049462878907084
 40
0.6793028870813613
 40
1.0
 40
1.0
 40
1.0
 40
1.0
 10
9.579639320834092
 20
5.651345298548557
 30
0.0
 10
9.579479356324404
 20
5.651568130495542
 30
0.0
 10
9.579117804921918
 20
5.652071774729556
 30
0.0
 10
9.578472369369134
 20
5.652869185866764
 30
0.0
 10
9.57768777679951
 20
5.653823767049438
 30
0.0
 10
9.577102147949992
 20
5.654488348419309
 30
0.0
 10
9.576786530254545
 20
5.654846516635523
 30
0.0
  0
SPLINE
  5
3C4
330
1F
100
AcDbEntity
  8
0
  6
Continuous
 62
     7
370
    18
100
AcDbSpline
210
0.0
220
0.0
230
1.0
 70
     8
 71
     3
 72
    19
 73
    15
 74
     0
 42
0.000000001
 43
0.00000001
 40
0.0
 40
0.0
 40
0.0
 40
0.0
 40
0.1539254809115086
 40
0.2901655347194815
 40
0.4081629179133055
 40
0.5092073399808356
 40
0.5966954299192494
 40
0.6734066655366677
 40
0.7408495666656282
 40
0.7986765593609113
 40
0.8510899497961687
 40
0.9024333057415495
 40
0.9516360917319253
 40
1.0
 40
1.0
 40
1.0
 40
1.0
 10
9.584071014375903
 20
5.633175282298885
 30
0.0
 10
9.583977825594605
 20
5.634085838419192
 30
0.0
 10
9.583802155053284
 20
5.635802331373942
 30
0.0
 10
9.583517522176892
 20
5.638232806354357
 30
0.0
 10
9.583231162293508
 20
5.640363702964094
 30
0.0
 10
9.582946948204318
 20
5.642215960302265
 30
0.0
 10
9.582643917823088
 20
5.643838093830298
 30
0.0
 10
9.582310204541027
 20
5.64527217230876
 30
0.0
 10
9.581964425889852
 20
5.646534242041286
 30
0.0
 10
9.581557342023812
 20
5.64765129015571
 30
0.0
 10
9.581119337104878
 20
5.648656978173095
 30
0.0
 10
9.580670825846669
 20
5.649601522303598
 30
0.0
 10
9.580168867484344
 20
5.650495214215796
 30
0.0
 10
9.579814821689794
 20
5.651063565999126
 30
0.0
 10
9.579639320834092
 20
5.651345298548557
 30
0.0
  0
LINE
  5
3C5
330
1F
100
AcDbEntity
  8
0
  6
Continuous
 62
     7
370
    18
100
AcDbLine
 10
9.585335931
 20
5.6199205162
 30
0.0
 11
9.5840710144
 21
5.6331752823
 31
0.0
  0
LINE
  5
3C6
330
1F
100
AcDbEntity
  8
0
  6
Continuous
 62
     7
370
    18
100
AcDbLine
 10
9.5919655292
 20
5.6123950158
 30
0.0
 11
9.585335931
 21
5.6199205162
 31
0.0
  0
LINE
  5
3C7
330
1F
100
AcDbEntity
  8
0
  6
Continuous
 62
     7
370
    18
100
AcDbLine
 10
9.5902700027
 20
5.6297727927
 30
0.0
 11
9.5919655292
 21
5.6123950158
 31
0.0
  0
SPLINE
  5
3C8
330
1F
100
AcDbEntity
  8
0
  6
Continuous
 62
     7
370
    18
100
AcDbSpline
210
0.0
220
0.0
230
1.0
 70
     8
 71
     3
 72
    11
 73
     7
 74
     0
 42
0.000000001
 43
0.00000001
 40
0.0
 40
0.0
 40
0.0
 40
0.0
 40
0.2321548150876268
 40
0.4764261917498968
 40
0.7312881479295699
 40
1.0
 40
1.0
 40
1.0
 40
1.0
 10
9.58846682375948
 20
5.639391349990052
 30
0.0
 10
9.588672247670198
 20
5.638630073138709
 30
0.0
 10
9.589093816921046
 20
5.637067787079661
 30
0.0
 10
9.589584573097293
 20
5.634700873589795
 30
0.0
 10
9.589995966231783
 20
5.63224723520027
 30
0.0
 10
9.590177060412902
 20
5.630612025415903
 30
0.0
 10
9.590270002710703
 20
5.629772792737039
 30
0.0
  0
SPLINE
  5
3C9
330
1F
100
AcDbEntity
  8
0
  6
Continuous
 62
     7
370
    18
100
AcDbSpline
210
0.0
220
0.0
230
1.0
 70
     8
 71
     3
 72
    11
 73
     7
 74
     0
 42
0.000000001
 43
0.00000001
 40
0.0
 40
0.0
 40
0.0
 40
0.0
 40
0.293542718403031
 40
0.5567823654343338
 40
0.7930204964364977
 40
1.0
 40
1.0
 40
1.0
 40
1.0
 10
9.586250976988575
 20
5.644731425845632
 30
0.0
 10
9.58649905807967
 20
5.64421426027065
 30
0.0
 10
9.586969610295958
 20
5.643233317279708
 30
0.0
 10
9.587595653279894
 20
5.641824136399196
 30
0.0
 10
9.588095485482695
 20
5.640557480900615
 30
0.0
 10
9.588348614361628
 20
5.639762568475652
 30
0.0
 10
9.58846682375948
 20
5.639391349990052
 30
0.0
  0
SPLINE
  5
3CA
330
1F
100
AcDbEntity
  8
0
  6
Continuous
 62
     7
370
    18
100
AcDbSpline
210
0.0
220
0.0
230
1.0
 70
     8
 71
     3
 72
    23
 73
    19
 74
     0
 42
0.000000001
 43
0.00000001
 40
0.0
 40
0.0
 40
0.0
 40
0.0
 40
0.0604368619478663
 40
0.1185195066725717
 40
0.1753875472381901
 40
0.2309319221423911
 40
0.2863522457858901
 40
0.3414582459164209
 40
0.3975292123377487
 40
0.4546732199430654
 40
0.5130653908442744
 40
0.5731105316216111
 40
0.6355758768503074
 40
0.7005495673695162
 40
0.7694913192616328
 40
0.8418836562112205
 40
0.918647224947189
 40
1.0
 40
1.0
 40
1.0
 40
1.0
 10
9.602721805617655
 20
5.641469752364972
 30
0.0
 10
9.602545517145453
 20
5.641173912945325
 30
0.0
 10
9.60219980722465
 20
5.640593758037526
 30
0.0
 10
9.601583687386897
 20
5.639863022820522
 30
0.0
 10
9.600898315983962
 20
5.639277629884147
 30
0.0
 10
9.600163835471498
 20
5.63879376073598
 30
0.0
 10
9.59934044974311
 20
5.638489830312495
 30
0.0
 10
9.598465661237041
 20
5.638289151509838
 30
0.0
 10
9.597519171810209
 20
5.638237953960822
 30
0.0
 10
9.596513399816907
 20
5.638306642521576
 30
0.0
 10
9.595441663483971
 20
5.638526769830602
 30
0.0
 10
9.594303132836727
 20
5.638930734432595
 30
0.0
 10
9.593107743969627
 20
5.639483902399925
 30
0.0
 10
9.591849577651729
 20
5.64021763365808
 30
0.0
 10
9.590533169229555
 20
5.641103741188781
 30
0.0
 10
9.589153784464052
 20
5.642151453767442
 30
0.0
 10
9.587716085585145
 20
5.643367493125749
 30
0.0
 10
9.58674870567552
 20
5.644268068765252
 30
0.0
 10
9.586250976988575
 20
5.644731425845632
 30
0.0
  0
SPLINE
  5
3CB
330
1F
100
AcDbEntity
  8
0
  6
Continuous
 62
     7
370
    18
100
AcDbSpline
210
0.0
220
0.0
230
1.0
 70
     8
 71
     3
 72
    27
 73
    23
 74
     0
 42
0.000000001
 43
0.00000001
 40
0.0
 40
0.0
 40
0.0
 40
0.0
 40
0.0629723367464108
 40
0.1224377729984085
 40
0.1777727208741659
 40
0.2295326978912108
 40
0.2777785206083757
 40
0.322196496687143
 40
0.3633095524020236
 40
0.4012400728721782
 40
0.4373057427544079
 40
0.4732071231878959
 40
0.5085846864032877
 40
0.54421638945565
 40
0.5800396855956456
 40
0.6163461112221581
 40
0.6537853738749273
 40
0.6919958131037796
 40
0.7685509310916203
 40
0.8447322370880346
 40
0.9212629654024522
 40
1.0
 40
1.0
 40
1.0
 40
1.0
 10
9.593777679178007
 20
5.667134389450205
 30
0.0
 10
9.594206492577714
 20
5.666644428585708
 30
0.0
 10
9.595040238955956
 20
5.665691792552095
 30
0.0
 10
9.596231133009063
 20
5.664274504944445
 30
0.0
 10
9.597319246696465
 20
5.662905554420781
 30
0.0
 10
9.598315485215265
 20
5.661605172945368
 30
0.0
 10
9.599225240324678
 20
5.66037488565745
 30
0.0
 10
9.60002366983514
 20
5.65919088759109
 30
0.0
 10
9.600739499265767
 20
5.658079892788281
 30
0.0
 10
9.60135428586184
 20
5.65700849674719
 30
0.0
 10
9.601907107963564
 20
5.655968111132285
 30
0.0
 10
9.602378998671012
 20
5.654927871138145
 30
0.0
 10
9.602793604739926
 20
5.653883786121196
 30
0.0
 10
9.60315931927188
 20
5.652835987531145
 30
0.0
 10
9.603435912462633
 20
5.651787536987904
 30
0.0
 10
9.603691558902728
 20
5.650726110912377
 30
0.0
 10
9.603851431774286
 20
5.649669384062541
 30
0.0
 10
9.6040100872205
 20
5.648257724839516
 30
0.0
 10
9.604054405359813
 20
5.646554442786895
 30
0.0
 10
9.603863499171107
 20
5.644664458627052
 30
0.0
 10
9.603436019195815
 20
5.642936013375363
 30
0.0
 10
9.602962121456528
 20
5.641963114232476
 30
0.0
 10
9.602721805617655
 20
5.641469752364972
 30
0.0
  0
LINE
  5
3CC
330
1F
100
AcDbEntity
  8
0
  6
Continuous
 62
     7
370
    18
100
AcDbLine
 10
9.5761047312
 20
5.6871989381
 30
0.0
 11
9.5937776792
 21
5.6671343895
 31
0.0
  0
LINE
  5
3CD
330
1F
100
AcDbEntity
  8
0
  6
Continuous
 62
     7
370
    18
100
AcDbLine
 10
9.5568349383
 20
5.6522858665
 30
0.0
 11
9.5761047312
 21
5.6871989381
 31
0.0
  0
LINE
  5
3CE
330
1F
100
AcDbEntity
  8
0
  6
Continuous
 62
     7
370
    18
100
AcDbLine
 10
9.5621099095
 20
5.6462986136
 30
0.0
 11
9.5568349383
 21
5.6522858665
 31
0.0
  0
LINE
  5
3CF
330
1F
100
AcDbEntity
  8
0
  6
Continuous
 62
     7
370
    18
100
AcDbLine
 10
9.5706682813
 20
5.661797117
 30
0.0
 11
9.5621099095
 21
5.6462986136
 31
0.0
  0
LINE
  5
3D0
330
1F
100
AcDbEntity
  8
0
  6
Continuous
 62
     7
370
    18
100
AcDbLine
 10
9.6570925566
 20
5.5707241821
 30
0.0
 11
9.6388813463
 21
5.5852878254
 31
0.0
  0
LINE
  5
3D1
330
1F
100
AcDbEntity
  8
0
  6
Continuous
 62
     7
370
    18
100
AcDbLine
 10
9.6596403319
 20
5.5528854907
 30
0.0
 11
9.6570925566
 21
5.5707241821
 31
0.0
  0
LINE
  5
3D2
330
1F
100
AcDbEntity
  8
0
  6
Continuous
 62
     7
370
    18
100
AcDbLine
 10
9.6662071328
 20
5.5476338782
 30
0.0
 11
9.6596403319
 21
5.5528854907
 31
0.0
  0
LINE
  5
3D3
330
1F
100
AcDbEntity
  8
0
  6
Continuous
 62
     7
370
    18
100
AcDbLine
 10
9.6567606282
 20
5.6073602588
 30
0.0
 11
9.6662071328
 21
5.5476338782
 31
0.0
  0
LINE
  5
3D4
330
1F
100
AcDbEntity
  8
0
  6
Continuous
 62
     7
370
    18
100
AcDbLine
 10
9.6505526688
 20
5.612321841
 30
0.0
 11
9.6567606282
 21
5.6073602588
 31
0.0
  0
LINE
  5
3D5
330
1F
100
AcDbEntity
  8
0
  6
Continuous
 62
     7
370
    18
100
AcDbLine
 10
9.625433758
 20
5.5802363437
 30
0.0
 11
9.6505526688
 21
5.612321841
 31
0.0
  0
LINE
  5
3D6
330
1F
100
AcDbEntity
  8
0
  6
Continuous
 62
     7
370
    18
100
AcDbLine
 10
9.631552007
 20
5.575347269
 30
0.0
 11
9.625433758
 21
5.5802363437
 31
0.0
  0
LINE
  5
3D7
330
1F
100
AcDbEntity
  8
0
  6
Continuous
 62
     7
370
    18
100
AcDbLine
 10
9.6388813463
 20
5.5852878254
 30
0.0
 11
9.631552007
 21
5.575347269
 31
0.0
  0
SPLINE
  5
3D8
330
1F
100
AcDbEntity
  8
0
  6
Continuous
 62
     7
370
    18
100
AcDbSpline
210
0.0
220
0.0
230
1.0
 70
     8
 71
     3
 72
    19
 73
    15
 74
     0
 42
0.000000001
 43
0.00000001
 40
0.0
 40
0.0
 40
0.0
 40
0.0
 40
0.0744685176663212
 40
0.1455799792381139
 40
0.2141055402527585
 40
0.2802650041126707
 40
0.343951528577053
 40
0.4057943790180405
 40
0.4664768724920059
 40
0.5254856018473416
 40
0.6414871718545074
 40
0.7577495879118841
 40
0.8759653781913493
 40
1.0
 40
1.0
 40
1.0
 40
1.0
 10
9.735844879552593
 20
5.534936950629757
 30
0.0
 10
9.736171928711745
 20
5.534602927865659
 30
0.0
 10
9.736811283586679
 20
5.533949940152379
 30
0.0
 10
9.737733016021908
 20
5.532945273799156
 30
0.0
 10
9.738582724373112
 20
5.531917542505637
 30
0.0
 10
9.739387688017601
 20
5.530905100014033
 30
0.0
 10
9.740112748667187
 20
5.52986472191995
 30
0.0
 10
9.740790421264101
 20
5.528831927563951
 30
0.0
 10
9.74141197820595
 20
5.527794149409903
 30
0.0
 10
9.74213634710831
 20
5.526404845569892
 30
0.0
 10
9.742928615255819
 20
5.524647601948812
 30
0.0
 10
9.743635350766915
 20
5.522511062555631
 30
0.0
 10
9.744137169805096
 20
5.520351150809076
 30
0.0
 10
9.744271616148515
 20
5.518964084831015
 30
0.0
 10
9.744340454014324
 20
5.518253893246491
 30
0.0
  0
SPLINE
  5
3D9
330
1F
100
AcDbEntity
  8
0
  6
Continuous
 62
     7
370
    18
100
AcDbSpline
210
0.0
220
0.0
230
1.0
 70
     8
 71
     3
 72
    23
 73
    19
 74
     0
 42
0.000000001
 43
0.00000001
 40
0.0
 40
0.0
 40
0.0
 40
0.0
 40
0.0325959715324468
 40
0.0721618757495186
 40
0.1197871797629519
 40
0.1750481960832448
 40
0.2389622728705025
 40
0.3111899073441373
 40
0.3912726546027784
 40
0.480239741119677
 40
0.5700388031561187
 40
0.6522121799998658
 40
0.7276713127932837
 40
0.7963513930962219
 40
0.8575525862802256
 40
0.9120130427970345
 40
0.9595497173863834
 40
1.0
 40
1.0
 40
1.0
 40
1.0
 10
9.716646854897782
 20
5.55108549336252
 30
0.0
 10
9.716826735437426
 20
5.550845313929242
 30
0.0
 10
9.717224960019829
 20
5.550313597965366
 30
0.0
 10
9.717947768262105
 20
5.549520200399201
 30
0.0
 10
9.718836405861323
 20
5.548655338907072
 30
0.0
 10
9.719893275213446
 20
5.547691904557512
 30
0.0
 10
9.72112168964952
 20
5.54664742176489
 30
0.0
 10
9.722518371918069
 20
5.545510024554855
 30
0.0
 10
9.72408693437461
 20
5.544296786195676
 30
0.0
 10
9.725775487443093
 20
5.543035583195377
 30
0.0
 10
9.727479693448421
 20
5.541779627474614
 30
0.0
 10
9.729091608986389
 20
5.540558133402484
 30
0.0
 10
9.730561676440043
 20
5.539414819801555
 30
0.0
 10
9.731895935397878
 20
5.538377871647103
 30
0.0
 10
9.733083322063411
 20
5.537392106092346
 30
0.0
 10
9.734134085372489
 20
5.536517193982585
 30
0.0
 10
9.735039493490502
 20
5.535704118472185
 30
0.0
 10
9.73559122964645
 20
5.535178564012936
 30
0.0
 10
9.735844879552593
 20
5.534936950629757
 30
0.0
  0
SPLINE
  5
3DA
330
1F
100
AcDbEntity
  8
0
  6
Continuous
 62
     7
370
    18
100
AcDbSpline
210
0.0
220
0.0
230
1.0
 70
     8
 71
     3
 72
    11
 73
     7
 74
     0
 42
0.000000001
 43
0.00000001
 40
0.0
 40
0.0
 40
0.0
 40
0.0
 40
0.2604738144662466
 40
0.5048279121558912
 40
0.747215597846537
 40
1.0
 40
1.0
 40
1.0
 40
1.0
 10
9.714592486838926
 20
5.55665349172817
 30
0.0
 10
9.714643918831035
 20
5.556180140486227
 30
0.0
 10
9.71474359988822
 20
5.555262731879622
 30
0.0
 10
9.71518046355271
 20
5.553823069245042
 30
0.0
 10
9.71579293658222
 20
5.552404047943269
 30
0.0
 10
9.716358258924922
 20
5.551531120930246
 30
0.0
 10
9.716646854897782
 20
5.55108549336252
 30
0.0
  0
SPLINE
  5
3DB
330
1F
100
AcDbEntity
  8
0
  6
Continuous
 62
     7
370
    18
100
AcDbSpline
210
0.0
220
0.0
230
1.0
 70
     8
 71
     3
 72
    23
 73
    19
 74
     0
 42
0.000000001
 43
0.00000001
 40
0.0
 40
0.0
 40
0.0
 40
0.0
 40
0.0943371617991796
 40
0.1826134554492415
 40
0.2646773209752867
 40
0.3405979115168682
 40
0.4112092076193992
 40
0.4771786335085959
 40
0.5391848683890386
 40
0.5978609963035102
 40
0.6534990266631463
 40
0.7062297542939219
 40
0.7566136692155014
 40
0.8058848003512031
 40
0.8537801987404805
 40
0.9021355606964828
 40
0.9501564337726011
 40
0.9999999999999999
 40
0.9999999999999999
 40
0.9999999999999999
 40
0.9999999999999999
 10
9.724218412285007
 20
5.559788121131485
 30
0.0
 10
9.723790420466075
 20
5.559983956034715
 30
0.0
 10
9.722961933966499
 20
5.560363044059986
 30
0.0
 10
9.721767202924308
 20
5.560843639493998
 30
0.0
 10
9.720673069568472
 20
5.561179209703103
 30
0.0
 10
9.719669023449152
 20
5.561428331288912
 30
0.0
 10
9.718770508963171
 20
5.561523913973762
 30
0.0
 10
9.7179534982187
 20
5.561539532290975
 30
0.0
 10
9.717243016126096
 20
5.56140345256549
 30
0.0
 10
9.716619474673243
 20
5.561174139031213
 30
0.0
 10
9.716090916176958
 20
5.560843103185152
 30
0.0
 10
9.715638243662717
 20
5.560450468493432
 30
0.0
 10
9.715263326304928
 20
5.559988454644076
 30
0.0
 10
9.714979645407578
 20
5.559445474666127
 30
0.0
 10
9.714759345514167
 20
5.558848468749925
 30
0.0
 10
9.71461276643805
 20
5.558189953815031
 30
0.0
 10
9.714560301751497
 20
5.557449643763017
 30
0.0
 10
9.714581626090173
 20
5.55692215053602
 30
0.0
 10
9.714592486838926
 20
5.55665349172817
 30
0.0
  0
SPLINE
  5
3DC
330
1F
100
AcDbEntity
  8
0
  6
Continuous
 62
     7
370
    18
100
AcDbSpline
210
0.0
220
0.0
230
1.0
 70
     8
 71
     3
 72
    23
 73
    19
 74
     0
 42
0.000000001
 43
0.00000001
 40
0.0
 40
0.0
 40
0.0
 40
0.0
 40
0.0666434434597359
 40
0.129885560739083
 40
0.1907012505584649
 40
0.2490385638630848
 40
0.304982940786285
 40
0.3601228429204433
 40
0.4150490828533099
 40
0.4696501855444484
 40
0.5253176382083745
 40
0.5826412215696134
 40
0.642577736212438
 40
0.7057028762115299
 40
0.7730832876662964
 40
0.8439485249985149
 40
0.9198784545629826
 40
1.0
 40
1.0
 40
1.0
 40
1.0
 10
9.73575516915701
 20
5.544384738144347
 30
0.0
 10
9.73568305902097
 20
5.544814780203211
 30
0.0
 10
9.735542519082328
 20
5.545652915975572
 30
0.0
 10
9.735241831050223
 20
5.546910146613003
 30
0.0
 10
9.734885629171677
 20
5.548122711520769
 30
0.0
 10
9.73446609966197
 20
5.549291040796501
 30
0.0
 10
9.73397500812701
 20
5.550412024595262
 30
0.0
 10
9.733424777259659
 20
5.551489273760554
 30
0.0
 10
9.7328173529464
 20
5.552529457012993
 30
0.0
 10
9.732133277023854
 20
5.553514672267665
 30
0.0
 10
9.73139697581378
 20
5.554466949566979
 30
0.0
 10
9.730580436180277
 20
5.555359956499158
 30
0.0
 10
9.729696988433611
 20
5.556212317428147
 30
0.0
 10
9.728738736651218
 20
5.557022860630148
 30
0.0
 10
9.72770973428428
 20
5.557792549368934
 30
0.0
 10
9.72660582402701
 20
5.558506529733708
 30
0.0
 10
9.725434208741058
 20
5.559184941992503
 30
0.0
 10
9.724630870451543
 20
5.559583492996143
 30
0.0
 10
9.724218412285007
 20
5.559788121131485
 30
0.0
  0
LINE
  5
3DD
330
1F
100
AcDbEntity
  8
0
  6
Continuous
 62
     7
370
    18
100
AcDbLine
 10
9.7413530978
 20
5.5421890652
 30
0.0
 11
9.7357551692
 21
5.5443847381
 31
0.0
  0
SPLINE
  5
3DE
330
1F
100
AcDbEntity
  8
0
  6
Continuous
 62
     7
370
    18
100
AcDbSpline
210
0.0
220
0.0
230
1.0
 70
     8
 71
     3
 72
    23
 73
    19
 74
     0
 42
0.000000001
 43
0.00000001
 40
0.0
 40
0.0
 40
0.0
 40
0.0
 40
0.1004242339585452
 40
0.1952392877585594
 40
0.2856613389356537
 40
0.3727359462976578
 40
0.4148889413465568
 40
0.4561294949661587
 40
0.4963168364981492
 40
0.5354816923662735
 40
0.574040758103609
 40
0.6125325320682093
 40
0.6509149334666906
 40
0.6894067074312996
 40
0.7659283371226507
 40
0.8424353152165934
 40
0.9199747737348801
 40
1.0
 40
1.0
 40
1.0
 40
1.0
 10
9.723536613278574
 20
5.566138384904582
 30
0.0
 10
9.724337729323446
 20
5.565735660626228
 30
0.0
 10
9.725895215199587
 20
5.564952706172215
 30
0.0
 10
9.728178950997917
 20
5.563500480260085
 30
0.0
 10
9.730336064642023
 20
5.561903159291911
 30
0.0
 10
9.732037974096855
 20
5.560406550678917
 30
0.0
 10
9.733321177731344
 20
5.559137366739084
 30
0.0
 10
9.734228069680718
 20
5.558160543630194
 30
0.0
 10
9.735080088157325
 20
5.557147832696472
 30
0.0
 10
9.735884361590273
 20
5.55611535887389
 30
0.0
 10
9.736631549294538
 20
5.555045943997484
 30
0.0
 10
9.737334093093853
 20
5.553948817618496
 30
0.0
 10
9.737978418445971
 20
5.552814484142818
 30
0.0
 10
9.73878077937061
 20
5.551280441031663
 30
0.0
 10
9.739637116955542
 20
5.549313964127346
 30
0.0
 10
9.740466565471241
 20
5.546929638729486
 30
0.0
 10
9.741045319595267
 20
5.544531494739296
 30
0.0
 10
9.741249431723269
 20
5.542978044239884
 30
0.0
 10
9.741353097841403
 20
5.542189065238164
 30
0.0
  0
SPLINE
  5
3DF
330
1F
100
AcDbEntity
  8
0
  6
Continuous
 62
     7
370
    18
100
AcDbSpline
210
0.0
220
0.0
230
1.0
 70
     8
 71
     3
 72
    23
 73
    19
 74
     0
 42
0.000000001
 43
0.00000001
 40
0.0
 40
0.0
 40
0.0
 40
0.0
 40
0.0744588701044602
 40
0.1483401288943926
 40
0.2225855120389871
 40
0.2993271868806787
 40
0.338669274968827
 40
0.3776411493414901
 40
0.4168037382809442
 40
0.4566490001114724
 40
0.4971594369601472
 40
0.5385323154999936
 40
0.5810672650928124
 40
0.6248482087740399
 40
0.7149122636667481
 40
0.8065452482745242
 40
0.9013586525062613
 40
1.0
 40
1.0
 40
1.0
 40
1.0
 10
9.708967645035857
 20
5.558885420097789
 30
0.0
 10
9.708945583249855
 20
5.559537375744883
 30
0.0
 10
9.70890163082116
 20
5.560836229522649
 30
0.0
 10
9.70912299564155
 20
5.5626123660575
 30
0.0
 10
9.709605211594608
 20
5.564186630406319
 30
0.0
 10
9.710178325068057
 20
5.565355171373209
 30
0.0
 10
9.710768397482335
 20
5.566158947704089
 30
0.0
 10
9.711274832953004
 20
5.566688751327164
 30
0.0
 10
9.71183297894271
 20
5.56714819700112
 30
0.0
 10
9.71245152772606
 20
5.567528998944206
 30
0.0
 10
9.713138777771931
 20
5.56781265685826
 30
0.0
 10
9.713873927580298
 20
5.568037088284647
 30
0.0
 10
9.71467686371929
 20
5.568159271049693
 30
0.0
 10
9.715821303159707
 20
5.568237189584056
 30
0.0
 10
9.717354839780848
 20
5.56814148797646
 30
0.0
 10
9.719306058476313
 20
5.567768707570913
 30
0.0
 10
9.721379182673395
 20
5.567100530540698
 30
0.0
 10
9.72280804530869
 20
5.566463303115697
 30
0.0
 10
9.723536613278574
 20
5.566138384904582
 30
0.0
  0
SPLINE
  5
3E0
330
1F
100
AcDbEntity
  8
0
  6
Continuous
 62
     7
370
    18
100
AcDbSpline
210
0.0
220
0.0
230
1.0
 70
     8
 71
     3
 72
    15
 73
    11
 74
     0
 42
0.000000001
 43
0.00000001
 40
0.0
 40
0.0
 40
0.0
 40
0.0
 40
0.142833278759784
 40
0.2752140740134716
 40
0.4018344067147195
 40
0.5224931383723137
 40
0.6408038527972313
 40
0.7580735325842594
 40
0.8774794145280218
 40
1.0
 40
1.0
 40
1.0
 40
1.0
 10
9.716090650445166
 20
5.54423786100621
 30
0.0
 10
9.715560696823466
 20
5.54482266660712
 30
0.0
 10
9.714539571378944
 20
5.545949481963665
 30
0.0
 10
9.713156676835307
 20
5.5477705532788
 30
0.0
 10
9.711963820540205
 20
5.549603960107552
 30
0.0
 10
9.710972227322555
 20
5.551468239985279
 30
0.0
 10
9.71017698246495
 20
5.553336103247426
 30
0.0
 10
9.709569684368459
 20
5.555207446622015
 30
0.0
 10
9.709148364430098
 20
5.557077240294014
 30
0.0
 10
9.709028399666229
 20
5.558277542365092
 30
0.0
 10
9.708967645035857
 20
5.558885420097789
 30
0.0
  0
SPLINE
  5
3E1
330
1F
100
AcDbEntity
  8
0
  6
Continuous
 62
     7
370
    18
100
AcDbSpline
210
0.0
220
0.0
230
1.0
 70
     8
 71
     3
 72
    23
 73
    19
 74
     0
 42
0.000000001
 43
0.00000001
 40
0.0
 40
0.0
 40
0.0
 40
0.0
 40
0.0317296423660936
 40
0.0716453918465982
 40
0.1193889162953205
 40
0.1748683133454728
 40
0.2386114009871894
 40
0.310203642618702
 40
0.3895629770013352
 40
0.4767746164834192
 40
0.5645804293625464
 40
0.6462436157397164
 40
0.7212682747603837
 40
0.7892768192855502
 40
0.8518425376356009
 40
0.9073826010757222
 40
0.956623376438095
 40
0.9999999999999999
 40
0.9999999999999999
 40
0.9999999999999999
 40
0.9999999999999999
 10
9.732983117933488
 20
5.530414792930161
 30
0.0
 10
9.732807101775943
 20
5.530573564786413
 30
0.0
 10
9.732409658072255
 20
5.530932070934202
 30
0.0
 10
9.731736803705928
 20
5.531486903342676
 30
0.0
 10
9.73093072216764
 20
5.532152871949288
 30
0.0
 10
9.72998530521259
 20
5.532904523441258
 30
0.0
 10
9.728901515151783
 20
5.53374283025159
 30
0.0
 10
9.727682473126086
 20
5.534688657895368
 30
0.0
 10
9.726326766181424
 20
5.535715880654623
 30
0.0
 10
9.724878749703427
 20
5.536812546401006
 30
0.0
 10
9.723418429308568
 20
5.537925010496769
 30
0.0
 10
9.722030793076899
 20
5.539005727883712
 30
0.0
 10
9.720758044458131
 20
5.540014308604341
 30
0.0
 10
9.719600803953211
 20
5.54097523445174
 30
0.0
 10
9.7185597792238
 20
5.54187332887062
 30
0.0
 10
9.717630399921203
 20
5.542706948090151
 30
0.0
 10
9.716819511941369
 20
5.543484826221271
 30
0.0
 10
9.71632312794801
 20
5.543997673196496
 30
0.0
 10
9.716090650445166
 20
5.54423786100621
 30
0.0
  0
SPLINE
  5
3E2
330
1F
100
AcDbEntity
  8
0
  6
Continuous
 62
     7
370
    18
100
AcDbSpline
210
0.0
220
0.0
230
1.0
 70
     8
 71
     3
 72
    15
 73
    11
 74
     0
 42
0.000000001
 43
0.00000001
 40
0.0
 40
0.0
 40
0.0
 40
0.0
 40
0.1159478296343706
 40
0.2268150255487367
 40
0.337025343908127
 40
0.447651980199727
 40
0.5656407590845169
 40
0.6943645108304052
 40
0.8393560532612394
 40
0.9999999999999999
 40
0.9999999999999999
 40
0.9999999999999999
 40
0.9999999999999999
 10
9.738724583250814
 20
5.520377048491563
 30
0.0
 10
9.738681934204857
 20
5.520791042958232
 30
0.0
 10
9.738598504920509
 20
5.521600891368767
 30
0.0
 10
9.738283875485438
 20
5.52286959170956
 30
0.0
 10
9.737824029026667
 20
5.524127578556535
 30
0.0
 10
9.737206215609042
 20
5.525387282061012
 30
0.0
 10
9.736420251098528
 20
5.526645851583525
 30
0.0
 10
9.735448567498617
 20
5.527917483471236
 30
0.0
 10
9.734286006936337
 20
5.529192827169611
 30
0.0
 10
9.733431993040261
 20
5.529993797734067
 30
0.0
 10
9.732983117933488
 20
5.530414792930161
 30
0.0
  0
SPLINE
  5
3E3
330
1F
100
AcDbEntity
  8
0
  6
Continuous
 62
     7
370
    18
100
AcDbSpline
210
0.0
220
0.0
230
1.0
 70
     8
 71
     3
 72
    19
 73
    15
 74
     0
 42
0.000000001
 43
0.00000001
 40
0.0
 40
0.0
 40
0.0
 40
0.0
 40
0.1096171471825702
 40
0.2133049544256716
 40
0.3115425978171271
 40
0.4060518010792338
 40
0.4948080059316379
 40
0.5772365359100659
 40
0.6537091456865695
 40
0.7269018529644493
 40
0.7970295945766989
 40
0.8652369497458946
 40
0.9321082432836448
 40
0.9999999999999999
 40
0.9999999999999999
 40
0.9999999999999999
 40
0.9999999999999999
 10
9.728354061521392
 20
5.516574166284451
 30
0.0
 10
9.72889645836366
 20
5.516330898861991
 30
0.0
 10
9.72995191306846
 20
5.515857522681397
 30
0.0
 10
9.731474475095444
 20
5.515335881767735
 30
0.0
 10
9.732883195706666
 20
5.515038031956546
 30
0.0
 10
9.734178754261185
 20
5.514911656097522
 30
0.0
 10
9.735341463363461
 20
5.514977898747249
 30
0.0
 10
9.736330084869513
 20
5.515262622584444
 30
0.0
 10
9.7371720462585
 20
5.515699002140678
 30
0.0
 10
9.737804608941246
 20
5.516372403836302
 30
0.0
 10
9.738289821341882
 20
5.517176143305274
 30
0.0
 10
9.738603723968788
 20
5.518121878106558
 30
0.0
 10
9.738768517802777
 20
5.519185327360378
 30
0.0
 10
9.738739301845246
 20
5.519977807820583
 30
0.0
 10
9.738724583250814
 20
5.520377048491563
 30
0.0
  0
SPLINE
  5
3E4
330
1F
100
AcDbEntity
  8
0
  6
Continuous
 62
     7
370
    18
100
AcDbSpline
210
0.0
220
0.0
230
1.0
 70
     8
 71
     3
 72
    19
 73
    15
 74
     0
 42
0.000000001
 43
0.00000001
 40
0.0
 40
0.0
 40
0.0
 40
0.0
 40
0.0871871293765743
 40
0.1682338450863376
 40
0.2435463782405037
 40
0.3146203573834671
 40
0.3849186643774321
 40
0.4586472034272767
 40
0.5376677761039629
 40
0.6229679062579574
 40
0.712981198793809
 40
0.8048417076582488
 40
0.90052699197493
 40
1.0
 40
1.0
 40
1.0
 40
1.0
 10
9.71435923981041
 20
5.535178381061329
 30
0.0
 10
9.714484052761405
 20
5.534498974617926
 30
0.0
 10
9.714724888339001
 20
5.533188010956573
 30
0.0
 10
9.715231238540593
 20
5.531248512674789
 30
0.0
 10
9.715872597490185
 20
5.529424336415746
 30
0.0
 10
9.716632847357703
 20
5.527700056922094
 30
0.0
 10
9.71756348844702
 20
5.526050913385514
 30
0.0
 10
9.71867298276234
 20
5.524446504400504
 30
0.0
 10
9.719982053886572
 20
5.522894768364536
 30
0.0
 10
9.721445243571846
 20
5.521364596689817
 30
0.0
 10
9.723048544718155
 20
5.519942408352519
 30
0.0
 10
9.7247499692669
 20
5.518649841159869
 30
0.0
 10
9.726530036815973
 20
5.517503673153879
 30
0.0
 10
9.727738236848543
 20
5.51688798509517
 30
0.0
 10
9.728354061521392
 20
5.516574166284451
 30
0.0
  0
LINE
  5
3E5
330
1F
100
AcDbEntity
  8
0
  6
Continuous
 62
     7
370
    18
100
AcDbLine
 10
9.7088689636
 20
5.5372393915
 30
0.0
 11
9.7143592398
 21
5.5351783811
 31
0.0
  0
SPLINE
  5
3E6
330
1F
100
AcDbEntity
  8
0
  6
Continuous
 62
     7
370
    18
100
AcDbSpline
210
0.0
220
0.0
230
1.0
 70
     8
 71
     3
 72
    31
 73
    27
 74
     0
 42
0.000000001
 43
0.00000001
 40
0.0
 40
0.0
 40
0.0
 40
0.0
 40
0.0543708661066531
 40
0.1063364203297857
 40
0.1566456745033986
 40
0.2047402161115782
 40
0.2507438794839412
 40
0.2953916528302231
 40
0.338222855339885
 40
0.3797299784157028
 40
0.4200976408906763
 40
0.4593905207938415
 40
0.4979376215091793
 40
0.5362427806529839
 40
0.5743172391471787
 40
0.6122993096451308
 40
0.6504305110299693
 40
0.68891024619341
 40
0.727514795228712
 40
0.765921417704478
 40
0.8040228396084388
 40
0.8424477532981196
 40
0.8808205844725575
 40
0.919841528511212
 40
0.9594999951355586
 40
1.0
 40
1.0
 40
1.0
 40
1.0
 10
9.72907174468606
 20
5.510099592774103
 30
0.0
 10
9.728578576835021
 20
5.510341070885185
 30
0.0
 10
9.727614058377686
 20
5.510813344361021
 30
0.0
 10
9.726189167147995
 20
5.511599919860315
 30
0.0
 10
9.72482135516398
 20
5.512404753964959
 30
0.0
 10
9.72350957398036
 20
5.513253219035176
 30
0.0
 10
9.72225586667759
 20
5.514146925548929
 30
0.0
 10
9.721056401105718
 20
5.515060288228972
 30
0.0
 10
9.719911983179227
 20
5.516023172840858
 30
0.0
 10
9.718823352180692
 20
5.5170228207643
 30
0.0
 10
9.71779118345837
 20
5.518067066045023
 30
0.0
 10
9.716808205182513
 20
5.519139669583265
 30
0.0
 10
9.71587944495867
 20
5.520259860900002
 30
0.0
 10
9.715000885829504
 20
5.52142249241517
 30
0.0
 10
9.714162557731782
 20
5.522619043465998
 30
0.0
 10
9.71337922776902
 20
5.523861158725256
 30
0.0
 10
9.712654282368067
 20
5.52514553680937
 30
0.0
 10
9.711969266374691
 20
5.526458067139079
 30
0.0
 10
9.711354195975671
 20
5.527798123129806
 30
0.0
 10
9.710799260439863
 20
5.529144314288924
 30
0.0
 10
9.710298359648588
 20
5.530494238868508
 30
0.0
 10
9.709879564004382
 20
5.531843294655473
 30
0.0
 10
9.70953144214184
 20
5.533193030384393
 30
0.0
 10
9.709231300293817
 20
5.53454645078738
 30
0.0
 10
9.7090046067861
 20
5.53590314306767
 30
0.0
 10
9.708914493345777
 20
5.536790868805968
 30
0.0
 10
9.708868963600716
 20
5.537239391539144
 30
0.0
  0
SPLINE
  5
3E7
330
1F
100
AcDbEntity
  8
0
  6
Continuous
 62
     7
370
    18
100
AcDbSpline
210
0.0
220
0.0
230
1.0
 70
     8
 71
     3
 72
    23
 73
    19
 74
     0
 42
0.000000001
 43
0.00000001
 40
0.0
 40
0.0
 40
0.0
 40
0.0
 40
0.0743557214903262
 40
0.1478501789218219
 40
0.2228801241179289
 40
0.3002951714778023
 40
0.3397227169884551
 40
0.3789710371423773
 40
0.4188990166670294
 40
0.4586101910805492
 40
0.4991337297496622
 40
0.5407209304001588
 40
0.5832320236375181
 40
0.6268193481412815
 40
0.7158831951806962
 40
0.8073067580520262
 40
0.9016145040048472
 40
1.0
 40
1.0
 40
1.0
 40
1.0
 10
9.744340454014324
 20
5.518253893246491
 30
0.0
 10
9.744368212798193
 20
5.517560415910578
 30
0.0
 10
9.74442340883529
 20
5.516181493802931
 30
0.0
 10
9.744170676451512
 20
5.514308125025638
 30
0.0
 10
9.743676543950297
 20
5.512611072794386
 30
0.0
 10
9.743043640705066
 20
5.511383500708901
 30
0.0
 10
9.742433845376336
 20
5.510499907946165
 30
0.0
 10
9.741895504916
 20
5.509926536926823
 30
0.0
 10
9.74131169896268
 20
5.509415357716107
 30
0.0
 10
9.740653424736784
 20
5.509007533141086
 30
0.0
 10
9.739958056067119
 20
5.508642604521491
 30
0.0
 10
9.739181202591784
 20
5.508394180293237
 30
0.0
 10
9.738355102959215
 20
5.50820641473902
 30
0.0
 10
9.737177649233429
 20
5.50805090170583
 30
0.0
 10
9.7355816446801
 20
5.508085317944166
 30
0.0
 10
9.733538513098255
 20
5.508421126311036
 30
0.0
 10
9.73135243486871
 20
5.509089058529993
 30
0.0
 10
9.729842624883
 20
5.509758029135585
 30
0.0
 10
9.729071744686058
 20
5.510099592774103
 30
0.0
  0
LINE
  5
3E8
330
1F
100
AcDbEntity
  8
0
  6
Continuous
 62
     7
370
    18
100
AcDbLine
 10
9.7816234419
 20
5.5133190729
 30
0.0
 11
9.7706608316
 21
5.515990776
 31
0.0
  0
SPLINE
  5
3E9
330
1F
100
AcDbEntity
  8
0
  6
Continuous
 62
     7
370
    18
100
AcDbSpline
210
0.0
220
0.0
230
1.0
 70
     8
 71
     3
 72
    23
 73
    19
 74
     0
 42
0.000000001
 43
0.00000001
 40
0.0
 40
0.0
 40
0.0
 40
0.0
 40
0.0568984583180177
 40
0.1117142703649445
 40
0.1652493702534774
 40
0.2179714038303357
 40
0.2703570079619688
 40
0.3225594741914307
 40
0.3754501862393474
 40
0.4290353025819055
 40
0.4842067172453614
 40
0.5421721692388656
 40
0.6043356154374497
 40
0.6706636009234974
 40
0.7434787952663561
 40
0.8219027839179907
 40
0.9074053088145732
 40
1.0
 40
1.0
 40
1.0
 40
1.0
 10
9.793877881963464
 20
5.526601006134668
 30
0.0
 10
9.793996705369752
 20
5.526013090415983
 30
0.0
 10
9.79423000290589
 20
5.524858778375015
 30
0.0
 10
9.794435156392794
 20
5.523196098554939
 30
0.0
 10
9.794515463692315
 20
5.521631159932788
 30
0.0
 10
9.794482893527634
 20
5.520151350969866
 30
0.0
 10
9.794320771672606
 20
5.518770018841953
 30
0.0
 10
9.7940320657656
 20
5.517485926145556
 30
0.0
 10
9.793613387560509
 20
5.516308840722288
 30
0.0
 10
9.793091878934678
 20
5.515205822760493
 30
0.0
 10
9.792386603590968
 20
5.514259850812412
 30
0.0
 10
9.791464713967732
 20
5.51351854914479
 30
0.0
 10
9.79033670313742
 20
5.512980062688129
 30
0.0
 10
9.788994320306864
 20
5.512651290604447
 30
0.0
 10
9.78745384693547
 20
5.512510218761607
 30
0.0
 10
9.785696377933874
 20
5.512586246949595
 30
0.0
 10
9.783738902856365
 20
5.512845469652186
 30
0.0
 10
9.782347070695256
 20
5.513157069023053
 30
0.0
 10
9.781623441926795
 20
5.513319072945144
 30
0.0
  0
SPLINE
  5
3EA
330
1F
100
AcDbEntity
  8
0
  6
Continuous
 62
     7
370
    18
100
AcDbSpline
210
0.0
220
0.0
230
1.0
 70
     8
 71
     3
 72
    19
 73
    15
 74
     0
 42
0.000000001
 43
0.00000001
 40
0.0
 40
0.0
 40
0.0
 40
0.0
 40
0.090365482917868
 40
0.174992444955846
 40
0.2553143572341692
 40
0.3318907717471768
 40
0.4077269787267157
 40
0.4846716504436174
 40
0.5650440479012077
 40
0.6487129379872649
 40
0.7346611963974594
 40
0.8208568731983884
 40
0.9089191381270552
 40
1.0
 40
1.0
 40
1.0
 40
1.0
 10
9.780430293665539
 20
5.544827153234361
 30
0.0
 10
9.780965040364126
 20
5.544576931449998
 30
0.0
 10
9.782000575495422
 20
5.544092377830488
 30
0.0
 10
9.783520046165995
 20
5.543157369814808
 30
0.0
 10
9.784943975794228
 20
5.542113521470732
 30
0.0
 10
9.786285577523003
 20
5.540934798464414
 30
0.0
 10
9.787545516485888
 20
5.539596905225853
 30
0.0
 10
9.788745532560032
 20
5.538096882931011
 30
0.0
 10
9.78987490951763
 20
5.536421907656977
 30
0.0
 10
9.790928742561421
 20
5.534601202390703
 30
0.0
 10
9.791885409847488
 20
5.532680809037712
 30
0.0
 10
9.792706390911581
 20
5.530690769323527
 30
0.0
 10
9.793389607485581
 20
5.528650155044959
 30
0.0
 10
9.793713305678086
 20
5.527291685928756
 30
0.0
 10
9.793877881963464
 20
5.526601006134668
 30
0.0
  0
SPLINE
  5
3EB
330
1F
100
AcDbEntity
  8
0
  6
Continuous
 62
     7
370
    18
100
AcDbSpline
210
0.0
220
0.0
230
1.0
 70
     8
 71
     3
 72
    15
 73
    11
 74
     0
 42
0.000000001
 43
0.00000001
 40
0.0
 40
0.0
 40
0.0
 40
0.0
 40
0.1581055850306297
 40
0.3071598477538255
 40
0.4459423691402218
 40
0.5760948864197023
 40
0.6950664624228409
 40
0.8065276421765573
 40
0.9082057740715146
 40
1.0
 40
1.0
 40
1.0
 40
1.0
 10
9.773809666471497
 20
5.546960573625372
 30
0.0
 10
9.774153154863436
 20
5.546877884999843
 30
0.0
 10
9.774820467420122
 20
5.546717241556262
 30
0.0
 10
9.775795888005995
 20
5.546453092685445
 30
0.0
 10
9.776714626735014
 20
5.546182662889377
 30
0.0
 10
9.777570655697293
 20
5.545912480141626
 30
0.0
 10
9.778367004456785
 20
5.545659073465643
 30
0.0
 10
9.77910752674256
 20
5.54538004678063
 30
0.0
 10
9.779788248256368
 20
5.545119006856615
 30
0.0
 10
9.780223693717621
 20
5.544921067063968
 30
0.0
 10
9.780430293665539
 20
5.544827153234361
 30
0.0
  0
LINE
  5
3EC
330
1F
100
AcDbEntity
  8
0
  6
Continuous
 62
     7
370
    18
100
AcDbLine
 10
9.7576887084
 20
5.5508904629
 30
0.0
 11
9.7738096665
 21
5.5469605736
 31
0.0
  0
LINE
  5
3ED
330
1F
100
AcDbEntity
  8
0
  6
Continuous
 62
     7
370
    18
100
AcDbLine
 10
9.7700238878
 20
5.4944068535
 30
0.0
 11
9.7576887084
 21
5.5508904629
 31
0.0
  0
LINE
  5
3EE
330
1F
100
AcDbEntity
  8
0
  6
Continuous
 62
     7
370
    18
100
AcDbLine
 10
9.7756756427
 20
5.4930295803
 30
0.0
 11
9.7700238878
 21
5.4944068535
 31
0.0
  0
LINE
  5
3EF
330
1F
100
AcDbEntity
  8
0
  6
Continuous
 62
     7
370
    18
100
AcDbLine
 10
9.7706608316
 20
5.515990776
 30
0.0
 11
9.7756756427
 21
5.4930295803
 31
0.0
  0
LINE
  5
3F0
330
1F
100
AcDbEntity
  8
0
  6
Continuous
 62
     7
370
    18
100
AcDbLine
 10
9.8261891139
 20
5.5098168291
 30
0.0
 11
9.8070987417
 21
5.5111617631
 31
0.0
  0
LINE
  5
3F1
330
1F
100
AcDbEntity
  8
0
  6
Continuous
 62
     7
370
    18
100
AcDbLine
 10
9.8240719486
 20
5.5165916947
 30
0.0
 11
9.8261891139
 21
5.5098168291
 31
0.0
  0
LINE
  5
3F2
330
1F
100
AcDbEntity
  8
0
  6
Continuous
 62
     7
370
    18
100
AcDbLine
 10
9.8049815764
 20
5.5179366287
 30
0.0
 11
9.8240719486
 21
5.5165916947
 31
0.0
  0
LINE
  5
3F3
330
1F
100
AcDbEntity
  8
0
  6
Continuous
 62
     7
370
    18
100
AcDbLine
 10
9.799455416
 20
5.5356714463
 30
0.0
 11
9.8049815764
 21
5.5179366287
 31
0.0
  0
LINE
  5
3F4
330
1F
100
AcDbEntity
  8
0
  6
Continuous
 62
     7
370
    18
100
AcDbLine
 10
9.8215152023
 20
5.5341144228
 30
0.0
 11
9.799455416
 21
5.5356714463
 31
0.0
  0
LINE
  5
3F5
330
1F
100
AcDbEntity
  8
0
  6
Continuous
 62
     7
370
    18
100
AcDbLine
 10
9.819407008
 20
5.54087375
 30
0.0
 11
9.8215152023
 21
5.5341144228
 31
0.0
  0
LINE
  5
3F6
330
1F
100
AcDbEntity
  8
0
  6
Continuous
 62
     7
370
    18
100
AcDbLine
 10
9.791964598
 20
5.5428032078
 30
0.0
 11
9.819407008
 21
5.54087375
 31
0.0
  0
LINE
  5
3F7
330
1F
100
AcDbEntity
  8
0
  6
Continuous
 62
     7
370
    18
100
AcDbLine
 10
9.8098259378
 20
5.4855120818
 30
0.0
 11
9.791964598
 21
5.5428032078
 31
0.0
  0
LINE
  5
3F8
330
1F
100
AcDbEntity
  8
0
  6
Continuous
 62
     7
370
    18
100
AcDbLine
 10
9.8152085615
 20
5.4851396476
 30
0.0
 11
9.8098259378
 21
5.4855120818
 31
0.0
  0
LINE
  5
3F9
330
1F
100
AcDbEntity
  8
0
  6
Continuous
 62
     7
370
    18
100
AcDbLine
 10
9.8070987417
 20
5.5111617631
 30
0.0
 11
9.8152085615
 21
5.4851396476
 31
0.0
  0
SPLINE
  5
3FA
330
1F
100
AcDbEntity
  8
0
  6
Continuous
 62
     7
370
    18
100
AcDbSpline
210
0.0
220
0.0
230
1.0
 70
     8
 71
     3
 72
    15
 73
    11
 74
     0
 42
0.000000001
 43
0.00000001
 40
0.0
 40
0.0
 40
0.0
 40
0.0
 40
0.143726198715436
 40
0.2837968176008527
 40
0.4202017983616712
 40
0.5538719671384316
 40
0.6810802147622428
 40
0.7970350196549562
 40
0.902922635823353
 40
1.0
 40
1.0
 40
1.0
 40
1.0
 10
9.828588524397452
 20
5.527082702704962
 30
0.0
 10
9.82904027996832
 20
5.527623400586075
 30
0.0
 10
9.829932301008965
 20
5.528691044058974
 30
0.0
 10
9.831094006087449
 20
5.530477005850077
 30
0.0
 10
9.832050833873701
 20
5.532421700094079
 30
0.0
 10
9.83284034897783
 20
5.534449001077292
 30
0.0
 10
9.833422318246017
 20
5.536530581387215
 30
0.0
 10
9.833831543157089
 20
5.538569276657284
 30
0.0
 10
9.83402823826138
 20
5.54057192806127
 30
0.0
 10
9.833989619389383
 20
5.541944926927908
 30
0.0
 10
9.833971148132447
 20
5.542601626969286
 30
0.0
  0
LINE
  5
3FB
330
1F
100
AcDbEntity
  8
0
  6
Continuous
 62
     7
370
    18
100
AcDbLine
 10
9.8312708652
 20
5.5202923511
 30
0.0
 11
9.8285885244
 21
5.5270827027
 31
0.0
  0
SPLINE
  5
3FC
330
1F
100
AcDbEntity
  8
0
  6
Continuous
 62
     7
370
    18
100
AcDbSpline
210
0.0
220
0.0
230
1.0
 70
     8
 71
     3
 72
    15
 73
    11
 74
     0
 42
0.000000001
 43
0.00000001
 40
0.0
 40
0.0
 40
0.0
 40
0.0
 40
0.1105993974750429
 40
0.2304685133478187
 40
0.3602886516833677
 40
0.4998062541327951
 40
0.6395085841087881
 40
0.7690047896223942
 40
0.88953392982263
 40
1.0
 40
1.0
 40
1.0
 40
1.0
 10
9.8373173458877
 20
5.529740714363453
 30
0.0
 10
9.83717652058221
 20
5.529301743505865
 30
0.0
 10
9.836883066914838
 20
5.528387010123396
 30
0.0
 10
9.836308201477493
 20
5.527070812572799
 30
0.0
 10
9.8356094864098
 20
5.525733650096877
 30
0.0
 10
9.834783339573054
 20
5.52443481764466
 30
0.0
 10
9.833927530220814
 20
5.52317351513882
 30
0.0
 10
9.833026810403988
 20
5.522079069136133
 30
0.0
 10
9.832173180328017
 20
5.521093105185308
 30
0.0
 10
9.831562773002714
 20
5.520551402873388
 30
0.0
 10
9.83127086522539
 20
5.520292351070946
 30
0.0
  0
LINE
  5
3FD
330
1F
100
AcDbEntity
  8
0
  6
Continuous
 62
     7
370
    18
100
AcDbLine
 10
9.8549992649
 20
5.4850051951
 30
0.0
 11
9.8373173459
 21
5.5297407144
 31
0.0
  0
LINE
  5
3FE
330
1F
100
AcDbEntity
  8
0
  6
Continuous
 62
     7
370
    18
100
AcDbLine
 10
9.8596911185
 20
5.485497708
 30
0.0
 11
9.8549992649
 21
5.4850051951
 31
0.0
  0
LINE
  5
3FF
330
1F
100
AcDbEntity
  8
0
  6
Continuous
 62
     7
370
    18
100
AcDbLine
 10
9.8369943885
 20
5.5429178731
 30
0.0
 11
9.8596911185
 21
5.485497708
 31
0.0
  0
LINE
  5
400
330
1F
100
AcDbEntity
  8
0
  6
Continuous
 62
     7
370
    18
100
AcDbLine
 10
9.8339711481
 20
5.542601627
 30
0.0
 11
9.8369943885
 21
5.5429178731
 31
0.0
  0
SPLINE
  5
401
330
1F
100
AcDbEntity
  8
0
  6
Continuous
 62
     7
370
    18
100
AcDbSpline
210
0.0
220
0.0
230
1.0
 70
     8
 71
     3
 72
    15
 73
    11
 74
     0
 42
0.000000001
 43
0.00000001
 40
0.0
 40
0.0
 40
0.0
 40
0.0
 40
0.1320571788155852
 40
0.2605849860166861
 40
0.3857986937745378
 40
0.5096572822382015
 40
0.6316716416990262
 40
0.7534127441437725
 40
0.8757206976409525
 40
1.0
 40
1.0
 40
1.0
 40
1.0
 10
9.909580142442746
 20
5.52556429916594
 30
0.0
 10
9.909915557176143
 20
5.524952325985847
 30
0.0
 10
9.910577422319676
 20
5.52374473527395
 30
0.0
 10
9.911445310650432
 20
5.521910964908596
 30
0.0
 10
9.912204168624923
 20
5.52009786324632
 30
0.0
 10
9.912854570081965
 20
5.518305610483695
 30
0.0
 10
9.91337413936197
 20
5.516534633848726
 30
0.0
 10
9.913786176428237
 20
5.51478968909096
 30
0.0
 10
9.914104203676244
 20
5.513056258089662
 30
0.0
 10
9.914203838416245
 20
5.511940063644004
 30
0.0
 10
9.914254054052632
 20
5.511377504696983
 30
0.0
  0
SPLINE
  5
402
330
1F
100
AcDbEntity
  8
0
  6
Continuous
 62
     7
370
    18
100
AcDbSpline
210
0.0
220
0.0
230
1.0
 70
     8
 71
     3
 72
    23
 73
    19
 74
     0
 42
0.000000001
 43
0.00000001
 40
0.0
 40
0.0
 40
0.0
 40
0.0
 40
0.0641339837132871
 40
0.1257608077533573
 40
0.1863284908039234
 40
0.2459132822773983
 40
0.3053118007145401
 40
0.3650362542982517
 40
0.4262006384190203
 40
0.4885555639345314
 40
0.5514568214850898
 40
0.6131544824862892
 40
0.6747576761049247
 40
0.7364527149653636
 40
0.799245859290762
 40
0.8639474114455428
 40
0.9305949751164113
 40
1.0
 40
1.0
 40
1.0
 40
1.0
 10
9.889655463583711
 20
5.538029997997407
 30
0.0
 10
9.890008440497875
 20
5.538196949174469
 30
0.0
 10
9.890700595565638
 20
5.538524324984719
 30
0.0
 10
9.89182633303735
 20
5.53881237442764
 30
0.0
 10
9.892992811583092
 20
5.538932141601094
 30
0.0
 10
9.89421270046243
 20
5.538860580186572
 30
0.0
 10
9.89547331567013
 20
5.538626308596109
 30
0.0
 10
9.896785563222084
 20
5.538197596807596
 30
0.0
 10
9.898140360598182
 20
5.537604594837705
 30
0.0
 10
9.899528109015865
 20
5.536827191416013
 30
0.0
 10
9.900917207824305
 20
5.535921340496646
 30
0.0
 10
9.902282769174187
 20
5.534849934730893
 30
0.0
 10
9.903605054471907
 20
5.533638953144711
 30
0.0
 10
9.904887170143335
 20
5.53229163462422
 30
0.0
 10
9.906133348401882
 20
5.53081273104462
 30
0.0
 10
9.907334133288138
 20
5.52919073840589
 30
0.0
 10
9.908502572351212
 20
5.527438348421464
 30
0.0
 10
9.909216131697342
 20
5.526197366167139
 30
0.0
 10
9.909580142442746
 20
5.52556429916594
 30
0.0
  0
SPLINE
  5
403
330
1F
100
AcDbEntity
  8
0
  6
Continuous
 62
     7
370
    18
100
AcDbSpline
210
0.0
220
0.0
230
1.0
 70
     8
 71
     3
 72
    15
 73
    11
 74
     0
 42
0.000000001
 43
0.00000001
 40
0.0
 40
0.0
 40
0.0
 40
0.0
 40
0.1334688175773498
 40
0.2629897384418351
 40
0.3894718507025785
 40
0.5145464698927281
 40
0.635819447958068
 40
0.7571540912986984
 40
0.8785051734205082
 40
1.0
 40
1.0
 40
1.0
 40
1.0
 10
9.885528785386883
 20
5.531378859694351
 30
0.0
 10
9.885616504378891
 20
5.531778581271265
 30
0.0
 10
9.885789347708014
 20
5.532566200993013
 30
0.0
 10
9.886131250891763
 20
5.533657959711845
 30
0.0
 10
9.886546436209406
 20
5.53464671265115
 30
0.0
 10
9.887025831101813
 20
5.535535689788801
 30
0.0
 10
9.887580662220353
 20
5.536315105150741
 30
0.0
 10
9.888199250710398
 20
5.536995404641838
 30
0.0
 10
9.88888967641583
 20
5.537574103709537
 30
0.0
 10
9.889400100484973
 20
5.537877973279665
 30
0.0
 10
9.889655463583711
 20
5.538029997997407
 30
0.0
  0
LINE
  5
404
330
1F
100
AcDbEntity
  8
0
  6
Continuous
 62
     7
370
    18
100
AcDbLine
 10
9.8789888975
 20
5.5470054392
 30
0.0
 11
9.8855287854
 21
5.5313788597
 31
0.0
  0
LINE
  5
405
330
1F
100
AcDbEntity
  8
0
  6
Continuous
 62
     7
370
    18
100
AcDbLine
 10
9.8917816
 20
5.5537920632
 30
0.0
 11
9.8789888975
 21
5.5470054392
 31
0.0
  0
LINE
  5
406
330
1F
100
AcDbEntity
  8
0
  6
Continuous
 62
     7
370
    18
100
AcDbLine
 10
9.8881752421
 20
5.5602249279
 30
0.0
 11
9.8917816
 21
5.5537920632
 31
0.0
  0
LINE
  5
407
330
1F
100
AcDbEntity
  8
0
  6
Continuous
 62
     7
370
    18
100
AcDbLine
 10
9.8722337048
 20
5.5517753207
 30
0.0
 11
9.8881752421
 21
5.5602249279
 31
0.0
  0
LINE
  5
408
330
1F
100
AcDbEntity
  8
0
  6
Continuous
 62
     7
370
    18
100
AcDbLine
 10
9.8849187547
 20
5.5219931631
 30
0.0
 11
9.8722337048
 21
5.5517753207
 31
0.0
  0
LINE
  5
409
330
1F
100
AcDbEntity
  8
0
  6
Continuous
 62
     7
370
    18
100
AcDbLine
 10
9.889072346
 20
5.5231382693
 30
0.0
 11
9.8849187547
 21
5.5219931631
 31
0.0
  0
SPLINE
  5
40A
330
1F
100
AcDbEntity
  8
0
  6
Continuous
 62
     7
370
    18
100
AcDbSpline
210
0.0
220
0.0
230
1.0
 70
     8
 71
     3
 72
    15
 73
    11
 74
     0
 42
0.000000001
 43
0.00000001
 40
0.0
 40
0.0
 40
0.0
 40
0.0
 40
0.134871151145664
 40
0.2641167665783418
 40
0.3922695717655852
 40
0.5185509266717709
 40
0.6431345577907671
 40
0.7641530447688804
 40
0.8824709634637155
 40
1.0
 40
1.0
 40
1.0
 40
1.0
 10
9.891934107631524
 20
5.531534852106152
 30
0.0
 10
9.891631629674821
 20
5.53135619192902
 30
0.0
 10
9.891039290251546
 20
5.531006323570219
 30
0.0
 10
9.89032056729861
 20
5.530234777760623
 30
0.0
 10
9.88972812489265
 20
5.529338635147799
 30
0.0
 10
9.88931263685406
 20
5.528265053549404
 30
0.0
 10
9.889032096085145
 20
5.527095063108244
 30
0.0
 10
9.888901512029488
 20
5.525838658261109
 30
0.0
 10
9.888885987806859
 20
5.524529812683467
 30
0.0
 10
9.889010365286902
 20
5.523601081606841
 30
0.0
 10
9.889072346012421
 20
5.523138269320246
 30
0.0
  0
SPLINE
  5
40B
330
1F
100
AcDbEntity
  8
0
  6
Continuous
 62
     7
370
    18
100
AcDbSpline
210
0.0
220
0.0
230
1.0
 70
     8
 71
     3
 72
    23
 73
    19
 74
     0
 42
0.000000001
 43
0.00000001
 40
0.0
 40
0.0
 40
0.0
 40
0.0
 40
0.0728023968918816
 40
0.1422401455949877
 40
0.2082945802917545
 40
0.2724232292381822
 40
0.3339701442555324
 40
0.3941805768801905
 40
0.4540715592914317
 40
0.5141059537281039
 40
0.5739278656718813
 40
0.6324219445405569
 40
0.6903135615314809
 40
0.7486944442053171
 40
0.8086295899426074
 40
0.8702731586986509
 40
0.9339956558804613
 40
1.0
 40
1.0
 40
1.0
 40
1.0
 10
9.905740537511784
 20
5.52275653461008
 30
0.0
 10
9.905472701753588
 20
5.523220400059706
 30
0.0
 10
9.904949408581004
 20
5.524126692872965
 30
0.0
 10
9.904111233057714
 20
5.525405281143543
 30
0.0
 10
9.903264473064363
 20
5.526589693139654
 30
0.0
 10
9.902395605387728
 20
5.527659603587341
 30
0.0
 10
9.901510571255457
 20
5.528625307020328
 30
0.0
 10
9.900605004742552
 20
5.529464723884224
 30
0.0
 10
9.899687402509587
 20
5.530220888415903
 30
0.0
 10
9.898753466518636
 20
5.530848781022718
 30
0.0
 10
9.897825218043167
 20
5.531362232871875
 30
0.0
 10
9.896912796613712
 20
5.531769774773099
 30
0.0
 10
9.89602779700484
 20
5.532034396928818
 30
0.0
 10
9.89515749607065
 20
5.532199073348243
 30
0.0
 10
9.894315393659237
 20
5.532208829229573
 30
0.0
 10
9.893485844198436
 20
5.532119557415926
 30
0.0
 10
9.892685243015956
 20
5.531894959304214
 30
0.0
 10
9.892187405021453
 20
5.531656287223248
 30
0.0
 10
9.891934107631524
 20
5.531534852106152
 30
0.0
  0
SPLINE
  5
40C
330
1F
100
AcDbEntity
  8
0
  6
Continuous
 62
     7
370
    18
100
AcDbSpline
210
0.0
220
0.0
230
1.0
 70
     8
 71
     3
 72
    23
 73
    19
 74
     0
 42
0.000000001
 43
0.00000001
 40
0.0
 40
0.0
 40
0.0
 40
0.0
 40
0.0600867201759549
 40
0.1186600093363204
 40
0.1758847455131508
 40
0.2326381724471005
 40
0.2900808046475616
 40
0.3479702572193374
 40
0.407032063823648
 40
0.4685290342512335
 40
0.5312803276624606
 40
0.5937622795678588
 40
0.6565558640892902
 40
0.7202752024918991
 40
0.7862604036995616
 40
0.8546260529147471
 40
0.9256029101477142
 40
1.0
 40
1.0
 40
1.0
 40
1.0
 10
9.906458220676452
 20
5.505798222630891
 30
0.0
 10
9.906684852235982
 20
5.505931264196988
 30
0.0
 10
9.907132407084891
 20
5.50619399635193
 30
0.0
 10
9.907703090442398
 20
5.506731845403312
 30
0.0
 10
9.908197485858711
 20
5.507349404548093
 30
0.0
 10
9.908580195215926
 20
5.508093735261063
 30
0.0
 10
9.908889701192487
 20
5.50891813140537
 30
0.0
 10
9.909096886516942
 20
5.509852238801643
 30
0.0
 10
9.909198476929502
 20
5.510891535898244
 30
0.0
 10
9.90922887681369
 20
5.512007317056256
 30
0.0
 10
9.909159608204499
 20
5.513200812243777
 30
0.0
 10
9.90897655867586
 20
5.514451088334269
 30
0.0
 10
9.908697221963953
 20
5.515736555405468
 30
0.0
 10
9.908316654574636
 20
5.517063523854875
 30
0.0
 10
9.90783092229027
 20
5.518434139776655
 30
0.0
 10
9.907232729000338
 20
5.519845240187421
 30
0.0
 10
9.906542442829084
 20
5.521299253203098
 30
0.0
 10
9.906011999223825
 20
5.52226321439243
 30
0.0
 10
9.905740537511784
 20
5.52275653461008
 30
0.0
  0
SPLINE
  5
40D
330
1F
100
AcDbEntity
  8
0
  6
Continuous
 62
     7
370
    18
100
AcDbSpline
210
0.0
220
0.0
230
1.0
 70
     8
 71
     3
 72
    23
 73
    19
 74
     0
 42
0.000000001
 43
0.00000001
 40
0.0
 40
0.0
 40
0.0
 40
0.0
 40
0.0779487862676597
 40
0.1519093795750482
 40
0.2221957335351522
 40
0.2895247201038589
 40
0.3540405046922878
 40
0.4162275338752177
 40
0.4766263156922662
 40
0.5364867046544143
 40
0.5951136921626369
 40
0.6523556732377359
 40
0.7094358392016082
 40
0.7660277838019627
 40
0.8226033817975262
 40
0.8799865767850237
 40
0.9392880909589727
 40
0.9999999999999999
 40
0.9999999999999999
 40
0.9999999999999999
 40
0.9999999999999999
 10
9.894490853905648
 20
5.512872587219527
 30
0.0
 10
9.894766366170053
 20
5.512477847610312
 30
0.0
 10
9.895303294314225
 20
5.511708564956908
 30
0.0
 10
9.896131815088879
 20
5.510630578308905
 30
0.0
 10
9.896948525080312
 20
5.509642137541387
 30
0.0
 10
9.897767740564097
 20
5.508767401884567
 30
0.0
 10
9.898577173334127
 20
5.507985032155104
 30
0.0
 10
9.899378945035872
 20
5.507303853986985
 30
0.0
 10
9.900174840602801
 20
5.506713025498589
 30
0.0
 10
9.900962894167597
 20
5.506243999678727
 30
0.0
 10
9.901734813979802
 20
5.505857375777921
 30
0.0
 10
9.902486102399376
 20
5.505569962245151
 30
0.0
 10
9.9032121210125
 20
5.505380078529673
 30
0.0
 10
9.903914576090584
 20
5.505276254220267
 30
0.0
 10
9.904592981600233
 20
5.505257384528472
 30
0.0
 10
9.905242094971625
 20
5.505345683890654
 30
0.0
 10
9.905870748922986
 20
5.505518600956852
 30
0.0
 10
9.9062608685332
 20
5.505704288009616
 30
0.0
 10
9.906458220676452
 20
5.505798222630891
 30
0.0
  0
LINE
  5
40E
330
1F
100
AcDbEntity
  8
0
  6
Continuous
 62
     7
370
    18
100
AcDbLine
 10
9.8906961042
 20
5.510080366
 30
0.0
 11
9.8944908539
 21
5.5128725872
 31
0.0
  0
SPLINE
  5
40F
330
1F
100
AcDbEntity
  8
0
  6
Continuous
 62
     7
370
    18
100
AcDbSpline
210
0.0
220
0.0
230
1.0
 70
     8
 71
     3
 72
    23
 73
    19
 74
     0
 42
0.000000001
 43
0.00000001
 40
0.0
 40
0.0
 40
0.0
 40
0.0
 40
0.0707000504725515
 40
0.1385690609552848
 40
0.2036996576983572
 40
0.2669383178680568
 40
0.3284404521689693
 40
0.3893004839587267
 40
0.4498884399343794
 40
0.5105566338649209
 40
0.5709701221380491
 40
0.6304449873189427
 40
0.6895172373491809
 40
0.7488669653285165
 40
0.8091800963748174
 40
0.8707299692046685
 40
0.9344241879007886
 40
1.0
 40
1.0
 40
1.0
 40
1.0
 10
9.90956220036363
 20
5.500266580742345
 30
0.0
 10
9.909199787578864
 20
5.500088651159148
 30
0.0
 10
9.908489474093548
 20
5.49973991682169
 30
0.0
 10
9.90735381868284
 20
5.499403755323927
 30
0.0
 10
9.906202305829824
 20
5.499209333143271
 30
0.0
 10
9.905024457604577
 20
5.499182341765736
 30
0.0
 10
9.9038223123846
 20
5.499314564817923
 30
0.0
 10
9.902599520999631
 20
5.499586053750519
 30
0.0
 10
9.901346475860155
 20
5.50004741965922
 30
0.0
 10
9.900082702330424
 20
5.500638258249142
 30
0.0
 10
9.898820025726815
 20
5.501376597774101
 30
0.0
 10
9.897576935429706
 20
5.502253451635873
 30
0.0
 10
9.89635764589602
 20
5.503242904465925
 30
0.0
 10
9.895170542114531
 20
5.504376741094363
 30
0.0
 10
9.893995813356188
 20
5.505603083119297
 30
0.0
 10
9.892864769005326
 20
5.506989687164644
 30
0.0
 10
9.89174705635368
 20
5.508475169693811
 30
0.0
 10
9.891049804522128
 20
5.50954013353509
 30
0.0
 10
9.890696104172477
 20
5.510080366010617
 30
0.0
  0
SPLINE
  5
410
330
1F
100
AcDbEntity
  8
0
  6
Continuous
 62
     7
370
    18
100
AcDbSpline
210
0.0
220
0.0
230
1.0
 70
     8
 71
     3
 72
    15
 73
    11
 74
     0
 42
0.000000001
 43
0.00000001
 40
0.0
 40
0.0
 40
0.0
 40
0.0
 40
0.1266410415961842
 40
0.2494913558992254
 40
0.3701317242909232
 40
0.4897427159703606
 40
0.6113925822169117
 40
0.7358181997201876
 40
0.864792944690845
 40
1.0
 40
1.0
 40
1.0
 40
1.0
 10
9.914254054052632
 20
5.511377504696983
 30
0.0
 10
9.914292608523166
 20
5.510706138692875
 30
0.0
 10
9.914368563419046
 20
5.509383502582509
 30
0.0
 10
9.914228503106987
 20
5.507565806544264
 30
0.0
 10
9.913930361939338
 20
5.505903528140251
 30
0.0
 10
9.913428270310744
 20
5.504423563801083
 30
0.0
 10
9.912740281395513
 20
5.503116862623307
 30
0.0
 10
9.91187566428641
 20
5.501966136478568
 30
0.0
 10
9.910805734794895
 20
5.501011987596122
 30
0.0
 10
9.909983180133782
 20
5.500518926956557
 30
0.0
 10
9.90956220036363
 20
5.500266580742345
 30
0.0
  0
LINE
  5
411
330
1F
100
AcDbEntity
  8
0
  6
Continuous
 62
     7
370
    18
100
AcDbLine
 10
9.8811798707
 20
5.4900560611
 30
0.0
 11
9.876721264
 21
5.4887140972
 31
0.0
  0
SPLINE
  5
412
330
1F
100
AcDbEntity
  8
0
  6
Continuous
 62
     7
370
    18
100
AcDbSpline
210
0.0
220
0.0
230
1.0
 70
     8
 71
     3
 72
    11
 73
     7
 74
     0
 42
0.000000001
 43
0.00000001
 40
0.0
 40
0.0
 40
0.0
 40
0.0
 40
0.2375351289505865
 40
0.4829297585481093
 40
0.73666777465578
 40
1.0
 40
1.0
 40
1.0
 40
1.0
 10
9.875465318500034
 20
5.506024579095182
 30
0.0
 10
9.875831313177523
 20
5.504761564650061
 30
0.0
 10
9.876575412469323
 20
5.502193745465927
 30
0.0
 10
9.877914552497458
 20
5.498261624039616
 30
0.0
 10
9.879452249099492
 20
5.4941973615134
 30
0.0
 10
9.880596917082283
 20
5.491453465523092
 30
0.0
 10
9.881179870698686
 20
5.490056061110082
 30
0.0
  0
SPLINE
  5
413
330
1F
100
AcDbEntity
  8
0
  6
Continuous
 62
     7
370
    18
100
AcDbSpline
210
0.0
220
0.0
230
1.0
 70
     8
 71
     3
 72
    19
 73
    15
 74
     0
 42
0.000000001
 43
0.00000001
 40
0.0
 40
0.0
 40
0.0
 40
0.0
 40
0.0504959694601702
 40
0.1031462124150033
 40
0.1577486180902564
 40
0.2149345621348328
 40
0.2744791452044134
 40
0.3364416497836202
 40
0.4008436029061783
 40
0.4677182302427417
 40
0.6028355824562969
 40
0.7365408366423547
 40
0.8687169407480123
 40
0.9999999999999999
 40
0.9999999999999999
 40
0.9999999999999999
 40
0.9999999999999999
 10
9.87072860961324
 20
5.544291851931384
 30
0.0
 10
9.870679222348565
 20
5.54371299773677
 30
0.0
 10
9.870578340845608
 20
5.542530594104295
 30
0.0
 10
9.870510816491349
 20
5.540664747117611
 30
0.0
 10
9.870508018459006
 20
5.538679915422073
 30
0.0
 10
9.870538779935794
 20
5.536592605922484
 30
0.0
 10
9.870639956267766
 20
5.534378381467574
 30
0.0
 10
9.870804361807302
 20
5.532045628164518
 30
0.0
 10
9.871020688742673
 20
5.52959977929043
 30
0.0
 10
9.871375683721608
 20
5.52620301739177
 30
0.0
 10
9.87196011591458
 20
5.521864761134155
 30
0.0
 10
9.872893961470496
 20
5.516601269956229
 30
0.0
 10
9.874043120987752
 20
5.511323357822437
 30
0.0
 10
9.874992325165199
 20
5.507786842774538
 30
0.0
 10
9.875465318500034
 20
5.506024579095182
 30
0.0
  0
LINE
  5
414
330
1F
100
AcDbEntity
  8
0
  6
Continuous
 62
     7
370
    18
100
AcDbLine
 10
9.8681718633
 20
5.5496629741
 30
0.0
 11
9.8707286096
 21
5.5442918519
 31
0.0
  0
LINE
  5
415
330
1F
100
AcDbEntity
  8
0
  6
Continuous
 62
     7
370
    18
100
AcDbLine
 10
9.8452957125
 20
5.5428132474
 30
0.0
 11
9.8681718633
 21
5.5496629741
 31
0.0
  0
LINE
  5
416
330
1F
100
AcDbEntity
  8
0
  6
Continuous
 62
     7
370
    18
100
AcDbLine
 10
9.8484624894
 20
5.5361679731
 30
0.0
 11
9.8452957125
 21
5.5428132474
 31
0.0
  0
LINE
  5
417
330
1F
100
AcDbEntity
  8
0
  6
Continuous
 62
     7
370
    18
100
AcDbLine
 10
9.8657676247
 20
5.5413441299
 30
0.0
 11
9.8484624894
 21
5.5361679731
 31
0.0
  0
SPLINE
  5
418
330
1F
100
AcDbEntity
  8
0
  6
Continuous
 62
     7
370
    18
100
AcDbSpline
210
0.0
220
0.0
230
1.0
 70
     8
 71
     3
 72
    27
 73
    23
 74
     0
 42
0.000000001
 43
0.00000001
 40
0.0
 40
0.0
 40
0.0
 40
0.0
 40
0.0318407561911866
 40
0.0653274833431398
 40
0.1004381488579695
 40
0.1374679657670992
 40
0.1763708785917139
 40
0.2170790008523743
 40
0.259429081125079
 40
0.3039171978344412
 40
0.3946240837025317
 40
0.4852793494966697
 40
0.5764573994296328
 40
0.6682457689691796
 40
0.7137006964637009
 40
0.758172116752603
 40
0.8012163556779044
 40
0.8433276979407363
 40
0.8840965860471734
 40
0.9237716300810771
 40
0.9623888809740858
 40
1.0
 40
1.0
 40
1.0
 40
1.0
 10
9.8767212640382
 20
5.488714097160434
 30
0.0
 10
9.876460591652954
 20
5.489286590617032
 30
0.0
 10
9.87592577172585
 20
5.490461171915455
 30
0.0
 10
9.875171513993614
 20
5.492280706840234
 30
0.0
 10
9.874400949043661
 20
5.494196891785398
 30
0.0
 10
9.873654089421906
 20
5.496216939654383
 30
0.0
 10
9.872898151327314
 20
5.498339404418113
 30
0.0
 10
9.872157084665082
 20
5.500558759053472
 30
0.0
 10
9.87141970459912
 20
5.502877927270014
 30
0.0
 10
9.87043845500929
 20
5.506103008654307
 30
0.0
 10
9.86931058806391
 20
5.510194178655719
 30
0.0
 10
9.868170270133747
 20
5.515091346245659
 30
0.0
 10
9.867239070773183
 20
5.519952877601057
 30
0.0
 10
9.866630671348549
 20
5.523957554115379
 30
0.0
 10
9.86626757346304
 20
5.527095159437031
 30
0.0
 10
9.866027308675202
 20
5.529380614251208
 30
0.0
 10
9.865862068304503
 20
5.531577588458072
 30
0.0
 10
9.865732956993014
 20
5.533696419185772
 30
0.0
 10
9.865659600626591
 20
5.535732228711777
 30
0.0
 10
9.865645945028021
 20
5.537678028363245
 30
0.0
 10
9.865662498697404
 20
5.53955553673401
 30
0.0
 10
9.865732892431124
 20
5.54075320147722
 30
0.0
 10
9.865767624737487
 20
5.541344129910531
 30
0.0
  0
LINE
  5
419
330
1F
100
AcDbEntity
  8
0
  6
Continuous
 62
     7
370
    18
100
AcDbLine
 10
9.5100946628
 20
5.7783272725
 30
0.0
 11
9.5009800866
 21
5.7967765538
 31
0.0
  0
LINE
  5
41A
330
1F
100
AcDbEntity
  8
0
  6
Continuous
 62
     7
370
    18
100
AcDbLine
 10
9.5141675147
 20
5.7797365365
 30
0.0
 11
9.5100946628
 21
5.7783272725
 31
0.0
  0
LINE
  5
41B
330
1F
100
AcDbEntity
  8
0
  6
Continuous
 62
     7
370
    18
100
AcDbLine
 10
9.4923230334
 20
5.8239433345
 30
0.0
 11
9.5141675147
 21
5.7797365365
 31
0.0
  0
LINE
  5
41C
330
1F
100
AcDbEntity
  8
0
  6
Continuous
 62
     7
370
    18
100
AcDbLine
 10
9.4882501814
 20
5.8225340705
 30
0.0
 11
9.4923230334
 21
5.8239433345
 31
0.0
  0
LINE
  5
41D
330
1F
100
AcDbEntity
  8
0
  6
Continuous
 62
     7
370
    18
100
AcDbLine
 10
9.4973288735
 20
5.8041573018
 30
0.0
 11
9.4882501814
 21
5.8225340705
 31
0.0
  0
LINE
  5
41E
330
1F
100
AcDbEntity
  8
0
  6
Continuous
 62
     7
370
    18
100
AcDbLine
 10
9.4668811652
 20
5.7936603469
 30
0.0
 11
9.4973288735
 21
5.8041573018
 31
0.0
  0
LINE
  5
41F
330
1F
100
AcDbEntity
  8
0
  6
Continuous
 62
     7
370
    18
100
AcDbLine
 10
9.4705323783
 20
5.7862795989
 30
0.0
 11
9.4668811652
 21
5.7936603469
 31
0.0
  0
LINE
  5
420
330
1F
100
AcDbEntity
  8
0
  6
Continuous
 62
     7
370
    18
100
AcDbLine
 10
9.5009800866
 20
5.7967765538
 30
0.0
 11
9.4705323783
 21
5.7862795989
 31
0.0
  0
LINE
  5
421
330
1F
100
AcDbEntity
  8
0
  6
Continuous
 62
     7
370
    18
100
AcDbLine
 10
10.0039799458
 20
7.2483069428
 30
0.0
 11
10.0444827206
 21
7.1842676833
 31
0.0
  0
ARC
  5
422
330
1F
100
AcDbEntity
  8
0
  6
Continuous
 62
     7
370
    18
100
AcDbCircle
 10
10.0219773643
 20
7.2635754705
 30
0.0
 40
0.023601589213938
100
AcDbArc
 50
149.6961744356
 51
220.3103810876
  0
ARC
  5
423
330
1F
100
AcDbEntity
  8
0
  6
Continuous
 62
     7
370
    18
100
AcDbCircle
 10
9.7821026951
 20
7.4722417323
 30
0.0
 40
0.294775792171479
100
AcDbArc
 50
318.127054571
 51
3.6942335213
  0
LINE
  5
424
330
1F
100
AcDbEntity
  8
0
  6
Continuous
 62
     7
370
    18
100
AcDbLine
 10
10.076265975
 20
7.5238963214
 30
0.0
 11
10.076265975
 21
7.4912346889
 31
0.0
  0
ARC
  5
425
330
1F
100
AcDbEntity
  8
0
  6
Continuous
 62
     7
370
    18
100
AcDbCircle
 10
10.0943710984
 20
7.5268332636
 30
0.0
 40
0.0183417862919963
100
AcDbArc
 50
50.7967147643
 51
189.2140369905
  0
LINE
  5
426
330
1F
100
AcDbEntity
  8
0
  6
Continuous
 62
     7
370
    18
100
AcDbLine
 10
10.1573475526
 20
7.5113836371
 30
0.0
 11
10.1059644598
 21
7.5410464651
 31
0.0
  0
LINE
  5
427
330
1F
100
AcDbEntity
  8
0
  6
Continuous
 62
     7
370
    18
100
AcDbLine
 10
10.1870460374
 20
7.3616693446
 30
0.0
 11
10.1870460374
 21
7.4599443526
 31
0.0
  0
ARC
  5
428
330
1F
100
AcDbEntity
  8
0
  6
Continuous
 62
     7
370
    18
100
AcDbCircle
 10
9.5351526623
 20
7.3464708531
 30
0.0
 40
0.6520705227136846
100
AcDbArc
 50
336.1567715204
 51
1.3355737676
  0
LWPOLYLINE
  5
429
330
1F
100
AcDbEntity
  8
0
  6
Continuous
 62
     7
370
    18
100
AcDbPolyline
 90
       27
 70
   128
 43
0.0
 10
9.9744221358
 20
5.682727405
 10
9.9666798814
 20
5.7450653383
 10
9.9600395205
 20
5.806949471
 10
9.9545042534
 20
5.8683499807
 10
9.9500767473
 20
5.9292372781
 10
9.9467591361
 20
5.9895820213
 10
9.9445530184
 20
6.0493551298
 10
9.9434594574
 20
6.1085277986
 10
9.9434789801
 20
6.1670715119
 10
9.9446115771
 20
6.2249580573
 10
9.9468567026
 20
6.2821595388
 10
9.9502132746
 20
6.3386483907
 10
9.9546796756
 20
6.3943973908
 10
9.9602537532
 20
6.4493796731
 10
9.9669328212
 20
6.5035687415
 10
9.9747136609
 20
6.5569384818
 10
9.9835925228
 20
6.609463175
 10
9.993565128
 20
6.6611175089
 10
10.0046266706
 20
6.7118765912
 10
10.0167718201
 20
6.7617159606
 10
10.0299947237
 20
6.8106115993
 10
10.044289009
 20
6.8585399442
 10
10.0596477877
 20
6.9054778983
 10
10.0760636582
 20
6.9514028419
 10
10.0935287096
 20
6.9962926436
 10
10.1120345255
 20
7.0401256706
 10
10.1315721877
 20
7.0828807996
  0
LWPOLYLINE
  5
42A
330
1F
100
AcDbEntity
  8
0
  6
Continuous
 62
     7
370
    18
100
AcDbPolyline
 90
       16
 70
   128
 43
0.0
 10
9.8949855029
 20
5.4858719323
 10
9.9067921085
 20
5.49098713
 10
9.917846253
 20
5.4974621135
 10
9.9280936685
 20
5.5052650952
 10
9.9374840475
 20
5.514357768
 10
9.94597129
 20
5.5246954936
 10
9.9535137297
 20
5.5362275209
 10
9.9600743386
 20
5.548897236
 10
9.9656209088
 20
5.5626424398
 10
9.9701262107
 20
5.577395653
 10
9.9735681264
 20
5.593084448
 10
9.9759297585
 20
5.609631804
 10
9.9771995133
 20
5.6269564853
 10
9.977371157
 20
5.6449734402
 10
9.976443847
 20
5.6635942183
 10
9.9744221358
 20
5.682727405
  0
LWPOLYLINE
  5
42B
330
1F
100
AcDbEntity
  8
0
  6
Continuous
 62
     7
370
    18
100
AcDbPolyline
 90
       24
 70
   128
 43
0.0
 10
9.5098988771
 20
5.7081777095
 10
9.5242787234
 20
5.6871447963
 10
9.5392883863
 20
5.6667576551
 10
9.5548748059
 20
5.6470883554
 10
9.5709828834
 20
5.6282064291
 10
9.5875556761
 20
5.6101786248
 10
9.6045345982
 20
5.5930686717
 10
9.6218596285
 20
5.5769370543
 10
9.6394695221
 20
5.5618407986
 10
9.6573020271
 20
5.5478332706
 10
9.6752941048
 20
5.5349639877
 10
9.6933821524
 20
5.5232784434
 10
9.7115022276
 20
5.5128179466
 10
9.7295902752
 20
5.5036194758
 10
9.7475823529
 20
5.4957155479
 10
9.7654148579
 20
5.4891341038
 10
9.7830247515
 20
5.4838984092
 10
9.8003497818
 20
5.4800269724
 10
9.8173287039
 20
5.4775334793
 10
9.8339014965
 20
5.4764267445
 10
9.8500095741
 20
5.4767106803
 10
9.8655959937
 20
5.478384283
 10
9.8806056566
 20
5.4814416363
 10
9.8949855029
 20
5.4858719323
  0
ARC
  5
42C
330
1F
100
AcDbEntity
  8
0
  6
Continuous
 62
     7
370
    18
100
AcDbCircle
 10
9.8685572752
 20
5.9621267128
 30
0.0
 40
0.4394609685079855
100
AcDbArc
 50
175.4813840224
 51
215.3005003397
  0
LWPOLYLINE
  5
42D
330
1F
100
AcDbEntity
  8
0
  6
Continuous
 62
     7
370
    18
100
AcDbPolyline
 90
       27
 70
   128
 43
0.0
 10
9.2733121923
 20
7.5783437488
 10
9.2928498545
 20
7.5130309151
 10
9.3113556703
 20
7.4478315279
 10
9.3288207218
 20
7.382777007
 10
9.3452365923
 20
7.3178987027
 10
9.360595371
 20
7.2532278802
 10
9.3748896563
 20
7.1887957048
 10
9.3881125598
 20
7.1246332266
 10
9.4002577093
 20
7.0607713661
 10
9.411319252
 20
6.9972408985
 10
9.4212918572
 20
6.9340724397
 10
9.430170719
 20
6.8712964309
 10
9.4379515588
 20
6.8089431242
 10
9.4446306268
 20
6.747042568
 10
9.4502047044
 20
6.6856245927
 10
9.4546711054
 20
6.6247187958
 10
9.4580276774
 20
6.5643545283
 10
9.4602728029
 20
6.5045608801
 10
9.4614053999
 20
6.4453666661
 10
9.4614249226
 20
6.3868004123
 10
9.4603313616
 20
6.3288903422
 10
9.4581252439
 20
6.271664363
 10
9.4548076326
 20
6.2151500522
 10
9.4503801266
 20
6.1593746444
 10
9.4448448595
 20
6.1043650182
 10
9.4382044986
 20
6.0501476829
 10
9.4304622442
 20
5.9967487663
  0
ARC
  5
42E
330
1F
100
AcDbEntity
  8
0
  6
Continuous
 62
     7
370
    18
100
AcDbCircle
 10
10.398888668
 20
7.936377841
 30
0.0
 40
1.181148091417119
100
AcDbArc
 50
180.7371952314
 51
197.6453224869
  0
LINE
  5
42F
330
1F
100
AcDbEntity
  8
0
  6
Continuous
 62
     7
370
    18
100
AcDbLine
 10
9.2178383426
 20
8.0194560452
 30
0.0
 11
9.2178383426
 21
7.9211810373
 31
0.0
  0
ARC
  5
430
330
1F
100
AcDbEntity
  8
0
  6
Continuous
 62
     7
370
    18
100
AcDbCircle
 10
9.235943466
 20
8.0223929875
 30
0.0
 40
0.0183417862919951
100
AcDbArc
 50
50.7967147643
 51
189.2140369905
  0
LINE
  5
431
330
1F
100
AcDbEntity
  8
0
  6
Continuous
 62
     7
370
    18
100
AcDbLine
 10
9.2989199202
 20
8.0069433609
 30
0.0
 11
9.2475368274
 21
8.036606189
 31
0.0
  0
ARC
  5
432
330
1F
100
AcDbEntity
  8
0
  6
Continuous
 62
     7
370
    18
100
AcDbCircle
 10
9.2641393287
 20
7.9525699207
 30
0.0
 40
0.0645458019180297
100
AcDbArc
 50
2.6054784857
 51
57.39452166
  0
LINE
  5
433
330
1F
100
AcDbEntity
  8
0
  6
Continuous
 62
     7
370
    18
100
AcDbLine
 10
9.328618405
 20
7.922842444
 30
0.0
 11
9.328618405
 21
7.9555040765
 31
0.0
  0
ARC
  5
434
330
1F
100
AcDbEntity
  8
0
  6
Continuous
 62
     7
370
    18
100
AcDbCircle
 10
10.0533252508
 20
7.9418319564
 30
0.0
 40
0.7249555944746874
100
AcDbArc
 50
181.5009793466
 51
206.2770389774
  0
LWPOLYLINE
  5
435
330
1F
100
AcDbEntity
  8
0
  6
Continuous
 62
     7
370
    18
100
AcDbPolyline
 90
        9
 70
   128
 43
0.0
 10
9.4009044342
 20
7.596455025
 10
9.4030336146
 20
7.5978046327
 10
9.4047097718
 20
7.5998284589
 10
9.405874286
 20
7.6024557247
 10
9.406486431
 20
7.6055945474
 10
9.4065247984
 20
7.6091351539
 10
9.4059880464
 20
7.6129537193
 10
9.4048949466
 20
7.6169166978
 10
9.4032837277
 20
7.6208854933
  0
LINE
  5
436
330
1F
100
AcDbEntity
  8
0
  6
Continuous
 62
     7
370
    18
100
AcDbLine
 10
9.3604016594
 20
7.5791792741
 30
0.0
 11
9.4009044342
 21
7.596455025
 31
0.0
  0
LWPOLYLINE
  5
437
330
1F
100
AcDbEntity
  8
0
  6
Continuous
 62
     7
370
    18
100
AcDbPolyline
 90
       37
 70
   128
 43
0.0
 10
10.0444827206
 20
7.1842676833
 10
10.0302767722
 20
7.1735169876
 10
10.0152841889
 20
7.1640464698
 10
9.9995409454
 20
7.1558788544
 10
9.9830848173
 20
7.1490337396
 10
9.9659552909
 20
7.14352755
 10
9.9481934683
 20
7.1393734977
 10
9.9298419687
 20
7.1365815503
 10
9.9109448264
 20
7.1351584071
 10
9.8915473847
 20
7.1351074827
 10
9.8716961875
 20
7.1364288995
 10
9.8514388676
 20
7.1391194867
 10
9.8308240321
 20
7.1431727884
 10
9.8099011461
 20
7.1485790785
 10
9.7887204137
 20
7.1553253849
 10
9.7673326579
 20
7.1633955198
 10
9.7457891982
 20
7.172770119
 10
9.724141728
 20
7.1834266884
 10
9.70244219
 20
7.1953396577
 10
9.680742652
 20
7.2084804417
 10
9.6590951817
 20
7.2228175095
 10
9.6375517221
 20
7.2383164593
 10
9.6161639662
 20
7.2549401016
 10
9.5949832339
 20
7.2726485483
 10
9.5740603478
 20
7.2913993082
 10
9.5534455124
 20
7.311147389
 10
9.5331881925
 20
7.3318454055
 10
9.5133369953
 20
7.3534436931
 10
9.4939395536
 20
7.3758904269
 10
9.4750424112
 20
7.3991317463
 10
9.4566909117
 20
7.4231118841
 10
9.438929089
 20
7.4477733003
 10
9.4217995627
 20
7.4730568201
 10
9.4053434346
 20
7.498901776
 10
9.3896001911
 20
7.5252461534
 10
9.3746076078
 20
7.5520267393
 10
9.3604016594
 20
7.5791792741
  0
SPLINE
  5
438
330
1F
100
AcDbEntity
  8
0
  6
Continuous
 62
     7
370
    18
100
AcDbSpline
210
0.0
220
0.0
230
1.0
 70
     8
 71
     3
 72
    23
 73
    19
 74
     0
 42
0.000000001
 43
0.00000001
 40
0.0
 40
0.0
 40
0.0
 40
0.0
 40
0.069755315902911
 40
0.1375193395539495
 40
0.2033422235319662
 40
0.2664959609706584
 40
0.3285426963888906
 40
0.3900738867209221
 40
0.4508097559939691
 40
0.5112504608466157
 40
0.571829703088116
 40
0.6311378999171252
 40
0.6907999730147816
 40
0.75063664285346
 40
0.8105075486507453
 40
0.8722291776484755
 40
0.9350546417803333
 40
1.0
 40
1.0
 40
1.0
 40
1.0
 10
9.921974988265744
 20
5.551562498361438
 30
0.0
 10
9.922259660469209
 20
5.551616668082217
 30
0.0
 10
9.922820878390784
 20
5.551723461150657
 30
0.0
 10
9.923692116509063
 20
5.55178139408016
 30
0.0
 10
9.924569212390901
 20
5.55173855890714
 30
0.0
 10
9.92544611887137
 20
5.551613585612426
 30
0.0
 10
9.9263300005838
 20
5.551380292634736
 30
0.0
 10
9.927217066539756
 20
5.551069733339381
 30
0.0
 10
9.928109101334423
 20
5.550654529535612
 30
0.0
 10
9.929000291132503
 20
5.550165223887393
 30
0.0
 10
9.92988269086083
 20
5.549581185979694
 30
0.0
 10
9.93075268562386
 20
5.548922258041793
 30
0.0
 10
9.93160513628495
 20
5.548191982495267
 30
0.0
 10
9.932439855056517
 20
5.547389278405146
 30
0.0
 10
9.933257011310872
 20
5.546509664780884
 30
0.0
 10
9.934049708599893
 20
5.545549991321807
 30
0.0
 10
9.934839886797734
 20
5.544528281242727
 30
0.0
 10
9.935333270477914
 20
5.543797764984043
 30
0.0
 10
9.93558405527572
 20
5.54342644671879
 30
0.0
  0
SPLINE
  5
439
330
1F
100
AcDbEntity
  8
0
  6
Continuous
 62
     7
370
    18
100
AcDbSpline
210
0.0
220
0.0
230
1.0
 70
     8
 71
     3
 72
    15
 73
    11
 74
     0
 42
0.000000001
 43
0.00000001
 40
0.0
 40
0.0
 40
0.0
 40
0.0
 40
0.1179587577257176
 40
0.2353955500999054
 40
0.3531008637782859
 40
0.4747137961155912
 40
0.5989413641426474
 40
0.7257072256983381
 40
0.8585255430642615
 40
1.0
 40
1.0
 40
1.0
 40
1.0
 10
9.918548051154465
 20
5.565930699781775
 30
0.0
 10
9.918902097432202
 20
5.565372019312739
 30
0.0
 10
9.919608623339359
 20
5.564257130525552
 30
0.0
 10
9.920486423298131
 20
5.562479459879948
 30
0.0
 10
9.921209847544969
 20
5.560654189595902
 30
0.0
 10
9.921787800171623
 20
5.558790130517773
 30
0.0
 10
9.922176193556055
 20
5.556912802241508
 30
0.0
 10
9.922344797982639
 20
5.555063064538214
 30
0.0
 10
9.92229278630888
 20
5.553249407385362
 30
0.0
 10
9.922083126431021
 20
5.552136508336562
 30
0.0
 10
9.921974988265744
 20
5.551562498361438
 30
0.0
  0
SPLINE
  5
43A
330
1F
100
AcDbEntity
  8
0
  6
Continuous
 62
     7
370
    18
100
AcDbSpline
210
0.0
220
0.0
230
1.0
 70
     8
 71
     3
 72
    23
 73
    19
 74
     0
 42
0.000000001
 43
0.00000001
 40
0.0
 40
0.0
 40
0.0
 40
0.0
 40
0.0592861556837835
 40
0.1154184282606902
 40
0.1687292343542168
 40
0.2196459780751354
 40
0.2673613081878283
 40
0.312936860006794
 40
0.3561802017671736
 40
0.3970368284868155
 40
0.4753283582558775
 40
0.5515922865391644
 40
0.6273735268828179
 40
0.7045712046523884
 40
0.7812729352004764
 40
0.8552309247262021
 40
0.9276408097548152
 40
1.0
 40
1.0
 40
1.0
 40
1.0
 10
9.90048934852356
 20
5.571372883306494
 30
0.0
 10
9.900753985077731
 20
5.571587596098368
 30
0.0
 10
9.901269180147983
 20
5.572005599469978
 30
0.0
 10
9.90204734357334
 20
5.572578119001096
 30
0.0
 10
9.902830886744571
 20
5.573050008905195
 30
0.0
 10
9.903607558519033
 20
5.573436381361793
 30
0.0
 10
9.904373710856783
 20
5.573749215550975
 30
0.0
 10
9.905136420031049
 20
5.573969993225226
 30
0.0
 10
9.905887657373082
 20
5.574120975277983
 30
0.0
 10
9.906874964218913
 20
5.574197036319982
 30
0.0
 10
9.908133954987566
 20
5.574090838848798
 30
0.0
 10
9.909690955718952
 20
5.573683503536578
 30
0.0
 10
9.91129082772192
 20
5.572944141025656
 30
0.0
 10
9.91289722189642
 20
5.571917040112718
 30
0.0
 10
9.914465006796881
 20
5.570672474334193
 30
0.0
 10
9.915950229816684
 20
5.569257831326925
 30
0.0
 10
9.917324085113107
 20
5.567673948680663
 30
0.0
 10
9.918140157730601
 20
5.566511647077688
 30
0.0
 10
9.918548051154465
 20
5.565930699781775
 30
0.0
  0
LINE
  5
43B
330
1F
100
AcDbEntity
  8
0
  6
Continuous
 62
     7
370
    18
100
AcDbLine
 10
9.8900380874
 20
5.5624472577
 30
0.0
 11
9.9004893485
 21
5.5713728833
 31
0.0
  0
LINE
  5
43C
330
1F
100
AcDbEntity
  8
0
  6
Continuous
 62
     7
370
    18
100
AcDbLine
 10
9.9245586477
 20
5.5103529467
 30
0.0
 11
9.8900380874
 21
5.5624472577
 31
0.0
  0
LINE
  5
43D
330
1F
100
AcDbEntity
  8
0
  6
Continuous
 62
     7
370
    18
100
AcDbLine
 10
9.9351803585
 20
5.5194184406
 30
0.0
 11
9.9245586477
 21
5.5103529467
 31
0.0
  0
SPLINE
  5
43E
330
1F
100
AcDbEntity
  8
0
  6
Continuous
 62
     7
370
    18
100
AcDbSpline
210
0.0
220
0.0
230
1.0
 70
     8
 71
     3
 72
    23
 73
    19
 74
     0
 42
0.000000001
 43
0.00000001
 40
0.0
 40
0.0
 40
0.0
 40
0.0
 40
0.0643872911731052
 40
0.1272114000010321
 40
0.1890327422385964
 40
0.2512401050992994
 40
0.3117464282527933
 40
0.3684785653331717
 40
0.4221678987214722
 40
0.4736755929765629
 40
0.5253926216902827
 40
0.5794907630123579
 40
0.6369058779688801
 40
0.6979027224212263
 40
0.7636176367454272
 40
0.8359312242857581
 40
0.9145327036186985
 40
1.0
 40
1.0
 40
1.0
 40
1.0
 10
9.93558405527572
 20
5.54342644671879
 30
0.0
 10
9.935971902458304
 20
5.54281515269029
 30
0.0
 10
9.93673818074372
 20
5.541607405512843
 30
0.0
 10
9.937736365323108
 20
5.539724741498341
 30
0.0
 10
9.938590280415351
 20
5.537821648810864
 30
0.0
 10
9.939277445550402
 20
5.535922380301806
 30
0.0
 10
9.939822756558142
 20
5.534081045493491
 30
0.0
 10
9.940206375057372
 20
5.532349371271509
 30
0.0
 10
9.940419769326285
 20
5.530754471273307
 30
0.0
 10
9.940454118951665
 20
5.52928901058058
 30
0.0
 10
9.940331511450362
 20
5.527917908058708
 30
0.0
 10
9.940064980375126
 20
5.526601412896833
 30
0.0
 10
9.93965996043296
 20
5.525318082133503
 30
0.0
 10
9.939092521050387
 20
5.524083539226668
 30
0.0
 10
9.93837526307081
 20
5.522865504912908
 30
0.0
 10
9.937483609124824
 20
5.521674872237313
 30
0.0
 10
9.936411029532213
 20
5.520507873606786
 30
0.0
 10
9.935601869202848
 20
5.519791576578942
 30
0.0
 10
9.935180358495595
 20
5.519418440556507
 30
0.0
  0
SPLINE
  5
43F
330
1F
100
AcDbEntity
  8
0
  6
Continuous
 62
     7
370
    18
100
AcDbSpline
210
0.0
220
0.0
230
1.0
 70
     8
 71
     3
 72
    23
 73
    19
 74
     0
 42
0.000000001
 43
0.00000001
 40
0.0
 40
0.0
 40
0.0
 40
0.0
 40
0.0698235715924002
 40
0.1371537466698531
 40
0.2029103608679715
 40
0.2666250210169749
 40
0.3281969227998544
 40
0.3894059221970844
 40
0.4502345960566629
 40
0.5108063495903906
 40
0.5710060882264592
 40
0.6306916868397126
 40
0.6905512238693061
 40
0.7499124418273853
 40
0.8103891037996882
 40
0.871918777261085
 40
0.9353969752316323
 40
1.0
 40
1.0
 40
1.0
 40
1.0
 10
9.69698215934094
 20
5.555343942775662
 30
0.0
 10
9.697304152117207
 20
5.555022233348057
 30
0.0
 10
9.697936639322577
 20
5.554390302721639
 30
0.0
 10
9.698837674483563
 20
5.553376926877449
 30
0.0
 10
9.699679820922563
 20
5.55234332678942
 30
0.0
 10
9.700462337722142
 20
5.551293183144986
 30
0.0
 10
9.701179078190421
 20
5.550219750718007
 30
0.0
 10
9.701832171611237
 20
5.549124745229752
 30
0.0
 10
9.702440047946148
 20
5.548011350256354
 30
0.0
 10
9.702965183629548
 20
5.546874419380497
 30
0.0
 10
9.703431249413516
 20
5.54573515914682
 30
0.0
 10
9.703840702891842
 20
5.544594967382463
 30
0.0
 10
9.704168732469924
 20
5.543463759918796
 30
0.0
 10
9.704434505488916
 20
5.542337991198267
 30
0.0
 10
9.704618217887843
 20
5.541224965210927
 30
0.0
 10
9.70474664926052
 20
5.540109527756695
 30
0.0
 10
9.704801790113358
 20
5.53900326415143
 30
0.0
 10
9.704780008253254
 20
5.538290161840141
 30
0.0
 10
9.704769021677565
 20
5.537930479403533
 30
0.0
  0
SPLINE
  5
440
330
1F
100
AcDbEntity
  8
0
  6
Continuous
 62
     7
370
    18
100
AcDbSpline
210
0.0
220
0.0
230
1.0
 70
     8
 71
     3
 72
    15
 73
    11
 74
     0
 42
0.000000001
 43
0.00000001
 40
0.0
 40
0.0
 40
0.0
 40
0.0
 40
0.1182937340830145
 40
0.2344218131820629
 40
0.3531267555031696
 40
0.4743444501419046
 40
0.5984879806756106
 40
0.7258330229729937
 40
0.8586148072020264
 40
1.0
 40
1.0
 40
1.0
 40
1.0
 10
9.703683525891007
 20
5.561969424106334
 30
0.0
 10
9.703640640621854
 20
5.561452872979156
 30
0.0
 10
9.703555655202877
 20
5.560429227451578
 30
0.0
 10
9.703180395560425
 20
5.559076428139123
 30
0.0
 10
9.702622850556141
 20
5.557892557152824
 30
0.0
 10
9.701874503667169
 20
5.556889164458598
 30
0.0
 10
9.700939837447917
 20
5.556094368715301
 30
0.0
 10
9.699804229272084
 20
5.555563182205229
 30
0.0
 10
9.69848093393241
 20
5.555284167213249
 30
0.0
 10
9.697492094193802
 20
5.555323605065911
 30
0.0
 10
9.69698215934094
 20
5.555343942775662
 30
0.0
  0
SPLINE
  5
441
330
1F
100
AcDbEntity
  8
0
  6
Continuous
 62
     7
370
    18
100
AcDbSpline
210
0.0
220
0.0
230
1.0
 70
     8
 71
     3
 72
    23
 73
    19
 74
     0
 42
0.000000001
 43
0.00000001
 40
0.0
 40
0.0
 40
0.0
 40
0.0
 40
0.0591281821047942
 40
0.1154291052346812
 40
0.168975225640153
 40
0.2195122211963036
 40
0.2675005612093197
 40
0.3130583780304519
 40
0.3564733048238944
 40
0.3973936388742675
 40
0.4759599810601366
 40
0.5519119870621487
 40
0.6278940428394301
 40
0.7048219994891487
 40
0.7814740828982771
 40
0.8554046924871118
 40
0.9277673905665638
 40
1.0
 40
1.0
 40
1.0
 40
1.0
 10
9.689563109626208
 20
5.584126909998298
 30
0.0
 10
9.689976033498075
 20
5.583857520549025
 30
0.0
 10
9.690782136972985
 20
5.583331622711776
 30
0.0
 10
9.691957896307205
 20
5.582505364157607
 30
0.0
 10
9.693069733490795
 20
5.581683731032366
 30
0.0
 10
9.694113646082334
 20
5.580839554372395
 30
0.0
 10
9.695092867864096
 20
5.579995788003442
 30
0.0
 10
9.696011590313729
 20
5.579147807991609
 30
0.0
 10
9.69686226248855
 20
5.578284415839879
 30
0.0
 10
9.697899276799511
 20
5.577137091209324
 30
0.0
 10
9.699078722903305
 20
5.575646370589184
 30
0.0
 10
9.700342310217724
 20
5.573747227288805
 30
0.0
 10
9.701405654814982
 20
5.571738500801403
 30
0.0
 10
9.702276092864535
 20
5.569670988139581
 30
0.0
 10
9.702967649778893
 20
5.567609191911491
 30
0.0
 10
9.703433961504626
 20
5.565616272606015
 30
0.0
 10
9.703704931411956
 20
5.563712452861736
 30
0.0
 10
9.70369065678382
 20
5.562550085107433
 30
0.0
 10
9.703683525891007
 20
5.561969424106334
 30
0.0
  0
LINE
  5
442
330
1F
100
AcDbEntity
  8
0
  6
Continuous
 62
     7
370
    18
100
AcDbLine
 10
9.6729038892
 20
5.5947489375
 30
0.0
 11
9.6895631096
 21
5.58412691
 31
0.0
  0
LINE
  5
443
330
1F
100
AcDbEntity
  8
0
  6
Continuous
 62
     7
370
    18
100
AcDbLine
 10
9.6705803899
 20
5.5448318284
 30
0.0
 11
9.6729038892
 21
5.5947489375
 31
0.0
  0
LINE
  5
444
330
1F
100
AcDbEntity
  8
0
  6
Continuous
 62
     7
370
    18
100
AcDbLine
 10
9.6875087416
 20
5.5340440753
 30
0.0
 11
9.6705803899
 21
5.5448318284
 31
0.0
  0
SPLINE
  5
445
330
1F
100
AcDbEntity
  8
0
  6
Continuous
 62
     7
370
    18
100
AcDbSpline
210
0.0
220
0.0
230
1.0
 70
     8
 71
     3
 72
    23
 73
    19
 74
     0
 42
0.000000001
 43
0.00000001
 40
0.0
 40
0.0
 40
0.0
 40
0.0
 40
0.0641195302368323
 40
0.1267304416828395
 40
0.1890034004369389
 40
0.2510727043473759
 40
0.3115450840973156
 40
0.368192896731759
 40
0.4217698680776173
 40
0.4733848871172727
 40
0.5251686187103947
 40
0.5793993659076881
 40
0.6368069898028674
 40
0.6981237724947702
 40
0.7641682289255525
 40
0.8360285299971713
 40
0.9148170352881879
 40
1.0
 40
1.0
 40
1.0
 40
1.0
 10
9.704769021677565
 20
5.537930479403533
 30
0.0
 10
9.704727305935023
 20
5.537365573126655
 30
0.0
 10
9.704644855947354
 20
5.536249051815383
 30
0.0
 10
9.704310224637682
 20
5.534740240366093
 30
0.0
 10
9.703830085897145
 20
5.533384226786532
 30
0.0
 10
9.703181137447185
 20
5.532227009762839
 30
0.0
 10
9.70243056529833
 20
5.531253162207117
 30
0.0
 10
9.70159065038903
 20
5.53049816552864
 30
0.0
 10
9.700693417379478
 20
5.529939367133887
 30
0.0
 10
9.69969512901374
 20
5.529635876231207
 30
0.0
 10
9.698608502863681
 20
5.529527859796906
 30
0.0
 10
9.697414216500567
 20
5.529609373791603
 30
0.0
 10
9.696106132301498
 20
5.529853879646392
 30
0.0
 10
9.69467017805355
 20
5.530293888414205
 30
0.0
 10
9.693098927581957
 20
5.530919267423308
 30
0.0
 10
9.691374515528215
 20
5.531773548398295
 30
0.0
 10
9.68949392682203
 20
5.532799290060185
 30
0.0
 10
9.688187453008668
 20
5.533618497901422
 30
0.0
 10
9.68750874156735
 20
5.534044075306018
 30
0.0
  0
SPLINE
  5
446
330
1F
100
AcDbEntity
  8
0
  6
Continuous
 62
     7
370
    18
100
AcDbSpline
210
0.0
220
0.0
230
1.0
 70
     8
 71
     3
 72
    31
 73
    27
 74
     0
 42
0.000000001
 43
0.00000001
 40
0.0
 40
0.0
 40
0.0
 40
0.0
 40
0.0430980260761273
 40
0.0851839491430765
 40
0.1267499099670507
 40
0.1676186324621286
 40
0.2081861237950022
 40
0.2484782524935374
 40
0.2889690868181494
 40
0.329587602450838
 40
0.370078436775452
 40
0.4100633721620965
 40
0.4496775115110914
 40
0.4892041400348244
 40
0.5288476788480928
 40
0.5688034659708259
 40
0.6092943002954395
 40
0.6505099755307437
 40
0.6921296245922337
 40
0.7340274979851719
 40
0.7764321074626245
 40
0.8194301458331993
 40
0.8631632721703641
 40
0.9077661421615388
 40
0.9531458734274961
 40
1.0
 40
1.0
 40
1.0
 40
1.0
 10
9.558614054048766
 20
5.712358882049767
 30
0.0
 10
9.55902419312241
 20
5.711778610007346
 30
0.0
 10
9.559834839668707
 20
5.710631692882569
 30
0.0
 10
9.560980848340888
 20
5.708868093950231
 30
0.0
 10
9.562035470675422
 20
5.707085989149579
 30
0.0
 10
9.563022325745548
 20
5.705294544426738
 30
0.0
 10
9.563910651933522
 20
5.7034839632411
 30
0.0
 10
9.564708782267692
 20
5.701656960550614
 30
0.0
 10
9.56544045673616
 20
5.699818401744616
 30
0.0
 10
9.566073381826588
 20
5.697971426367332
 30
0.0
 10
9.566620153950769
 20
5.696137206354786
 30
0.0
 10
9.567072863542446
 20
5.694330276396055
 30
0.0
 10
9.567412459333497
 20
5.692563933080346
 30
0.0
 10
9.567655192722807
 20
5.690834931253755
 30
0.0
 10
9.567801834460873
 20
5.689140613071421
 30
0.0
 10
9.56783413716888
 20
5.687490821968429
 30
0.0
 10
9.567770902533235
 20
5.68587652039683
 30
0.0
 10
9.567610088861835
 20
5.684304365823478
 30
0.0
 10
9.567346771247053
 20
5.682789843370616
 30
0.0
 10
9.566999259690446
 20
5.681327900549054
 30
0.0
 10
9.566546312937195
 20
5.679941313605823
 30
0.0
 10
9.566007456815317
 20
5.678612906006827
 30
0.0
 10
9.565377457578949
 20
5.677348126178095
 30
0.0
 10
9.56465955858248
 20
5.676147210332209
 30
0.0
 10
9.563849606916252
 20
5.675008680505059
 30
0.0
 10
9.563245153194604
 20
5.674318078277978
 30
0.0
 10
9.562938095115879
 20
5.673967257387284
 30
0.0
  0
SPLINE
  5
447
330
1F
100
AcDbEntity
  8
0
  6
Continuous
 62
     7
370
    18
100
AcDbSpline
210
0.0
220
0.0
230
1.0
 70
     8
 71
     3
 72
    23
 73
    19
 74
     0
 42
0.000000001
 43
0.00000001
 40
0.0
 40
0.0
 40
0.0
 40
0.0
 40
0.0752427524216359
 40
0.1465195118886483
 40
0.2144439047596139
 40
0.2795288153160292
 40
0.3425232990097958
 40
0.403722686980344
 40
0.4638321946473612
 40
0.5239016124705498
 40
0.5831619546735097
 40
0.6412723914748266
 40
0.6988967932840945
 40
0.7564282809317983
 40
0.8146339327464849
 40
0.8742773709979644
 40
0.9358066194796208
 40
1.0
 40
1.0
 40
1.0
 40
1.0
 10
9.527654996532995
 20
5.721829671560788
 30
0.0
 10
9.528181970441773
 20
5.72236784107745
 30
0.0
 10
9.529208141832472
 20
5.723415813571237
 30
0.0
 10
9.530897979144342
 20
5.724671654766888
 30
0.0
 10
9.532636354771563
 20
5.725653274942388
 30
0.0
 10
9.534458131388186
 20
5.726310277635498
 30
0.0
 10
9.53634524493054
 20
5.726670281605474
 30
0.0
 10
9.538302013346954
 20
5.726721051596969
 30
0.0
 10
9.540327295230364
 20
5.726460674943056
 30
0.0
 10
9.542404358625454
 20
5.725899351651222
 30
0.0
 10
9.544502901240262
 20
5.725072552804903
 30
0.0
 10
9.546596214428646
 20
5.723992566575971
 30
0.0
 10
9.5486676808056
 20
5.722657240077583
 30
0.0
 10
9.550718519002862
 20
5.721095337302441
 30
0.0
 10
9.552738376382438
 20
5.719261635634922
 30
0.0
 10
9.554737464761619
 20
5.717203170818188
 30
0.0
 10
9.556716354719649
 20
5.714896390681521
 30
0.0
 10
9.557972613996116
 20
5.713216583607323
 30
0.0
 10
9.558614054048766
 20
5.712358882049767
 30
0.0
  0
SPLINE
  5
448
330
1F
100
AcDbEntity
  8
0
  6
Continuous
 62
     7
370
    18
100
AcDbSpline
210
0.0
220
0.0
230
1.0
 70
     8
 71
     3
 72
    31
 73
    27
 74
     0
 42
0.000000001
 43
0.00000001
 40
0.0
 40
0.0
 40
0.0
 40
0.0
 40
0.0448315791857887
 40
0.0885959477130929
 40
0.1314877462506336
 40
0.173689822132102
 40
0.2155780582674604
 40
0.2571928695738928
 40
0.298752780049955
 40
0.340477176302686
 40
0.3820055667876551
 40
0.4231440412092866
 40
0.4636831581038512
 40
0.5041127992783103
 40
0.5444667956064051
 40
0.5851588487298535
 40
0.6261550627626176
 40
0.6679084186522368
 40
0.7097910434497317
 40
0.7513985926292075
 40
0.7925517555748924
 40
0.8338645221892793
 40
0.8748328805207384
 40
0.9163216350217696
 40
0.9578815454978317
 40
1.0
 40
1.0
 40
1.0
 40
1.0
 10
9.53238273438023
 20
5.683805844378869
 30
0.0
 10
9.531962528250236
 20
5.684397355909886
 30
0.0
 10
9.531132118949525
 20
5.685566298107001
 30
0.0
 10
9.529978765555468
 20
5.687372735050227
 30
0.0
 10
9.528891526083477
 20
5.689173696047265
 30
0.0
 10
9.527915644807248
 20
5.691001784925304
 30
0.0
 10
9.527014239807707
 20
5.692835843178858
 30
0.0
 10
9.526205196425227
 20
5.69468498189608
 30
0.0
 10
9.525485926868049
 20
5.696543988082747
 30
0.0
 10
9.524857868174603
 20
5.698405152556866
 30
0.0
 10
9.524333604530952
 20
5.70025214815161
 30
0.0
 10
9.523889467586164
 20
5.702069259839193
 30
0.0
 10
9.523554160132385
 20
5.703845391853619
 30
0.0
 10
9.523336454196677
 20
5.705569240669339
 30
0.0
 10
9.523193993859287
 20
5.707263168344583
 30
0.0
 10
9.523171992964937
 20
5.708903707122012
 30
0.0
 10
9.523243346139617
 20
5.710506492242866
 30
0.0
 10
9.523415278692138
 20
5.71205740151443
 30
0.0
 10
9.523675397303428
 20
5.713549854287646
 30
0.0
 10
9.52401630638288
 20
5.714967684776137
 30
0.0
 10
9.524433639574331
 20
5.716308917714891
 30
0.0
 10
9.524910499421077
 20
5.717584607422896
 30
0.0
 10
9.525483949922098
 20
5.718765461039954
 30
0.0
 10
9.526128229177473
 20
5.719869732424629
 30
0.0
 10
9.526845101048131
 20
5.720905496030178
 30
0.0
 10
9.527383832712863
 20
5.721520245255745
 30
0.0
 10
9.527654996532995
 20
5.721829671560788
 30
0.0
  0
SPLINE
  5
449
330
1F
100
AcDbEntity
  8
0
  6
Continuous
 62
     7
370
    18
100
AcDbSpline
210
0.0
220
0.0
230
1.0
 70
     8
 71
     3
 72
    31
 73
    27
 74
     0
 42
0.000000001
 43
0.00000001
 40
0.0
 40
0.0
 40
0.0
 40
0.0
 40
0.0474659701899565
 40
0.0938958616178512
 40
0.1392294075520895
 40
0.1838010152331844
 40
0.2275877658069264
 40
0.2709185710439209
 40
0.3138075643006999
 40
0.3565688345301082
 40
0.3986794952682484
 40
0.4397640482380827
 40
0.4802740084254846
 40
0.5201937680791897
 40
0.5597958153723797
 40
0.5994873737784241
 40
0.6392985124790803
 40
0.6797143297589987
 40
0.7201341747251365
 40
0.7599698402616972
 40
0.7995842175994866
 40
0.8391245569957001
 40
0.8788349772886423
 40
0.9187808272255307
 40
0.959231269500954
 40
1.0
 40
1.0
 40
1.0
 40
1.0
 10
9.562938095115879
 20
5.673967257387284
 30
0.0
 10
9.562613854114389
 20
5.67363239093002
 30
0.0
 10
9.561972449586367
 20
5.672969967421014
 30
0.0
 10
9.560939606110042
 20
5.672105867602344
 30
0.0
 10
9.559859394647171
 20
5.671369108796046
 30
0.0
 10
9.558740053544543
 20
5.670747808667924
 30
0.0
 10
9.557568508847247
 20
5.670262551694019
 30
0.0
 10
9.55635887869451
 20
5.669889384146462
 30
0.0
 10
9.555097268902221
 20
5.669654249220932
 30
0.0
 10
9.553802476921481
 20
5.669531527540565
 30
0.0
 10
9.552477748218111
 20
5.669541385709258
 30
0.0
 10
9.55113586643002
 20
5.669679052280367
 30
0.0
 10
9.549780171215888
 20
5.669952633060678
 30
0.0
 10
9.548411733880563
 20
5.670362188480037
 30
0.0
 10
9.547034180965955
 20
5.670877578010191
 30
0.0
 10
9.54564118261177
 20
5.671557278711584
 30
0.0
 10
9.544234731232198
 20
5.672338515176468
 30
0.0
 10
9.542823558365098
 20
5.673278491973321
 30
0.0
 10
9.541420572284041
 20
5.674299558915094
 30
0.0
 10
9.54004333801164
 20
5.675420636933985
 30
0.0
 10
9.538695312093832
 20
5.676613564018062
 30
0.0
 10
9.537371925053668
 20
5.67788347040406
 30
0.0
 10
9.536079799558676
 20
5.679245179322143
 30
0.0
 10
9.534810704092807
 20
5.680682414141007
 30
0.0
 10
9.533572068770518
 20
5.68220258074235
 30
0.0
 10
9.532780213572263
 20
5.68327002876632
 30
0.0
 10
9.53238273438023
 20
5.683805844378869
 30
0.0
  0
LINE
  5
44A
330
1F
100
AcDbEntity
  8
0
  6
Continuous
 62
     7
370
    18
100
AcDbLine
 10
9.5193376867
 20
5.7341382617
 30
0.0
 11
9.5026784663
 21
5.7620812484
 31
0.0
  0
LINE
  5
44B
330
1F
100
AcDbEntity
  8
0
  6
Continuous
 62
     7
370
    18
100
AcDbLine
 10
9.5049481393
 20
5.7249998983
 30
0.0
 11
9.5193376867
 21
5.7341382617
 31
0.0
  0
LINE
  5
44C
330
1F
100
AcDbEntity
  8
0
  6
Continuous
 62
     7
370
    18
100
AcDbLine
 10
9.509191441
 20
5.7178781916
 30
0.0
 11
9.5049481393
 21
5.7249998983
 31
0.0
  0
LINE
  5
44D
330
1F
100
AcDbEntity
  8
0
  6
Continuous
 62
     7
370
    18
100
AcDbLine
 10
9.5397198886
 20
5.7372687207
 30
0.0
 11
9.509191441
 21
5.7178781916
 31
0.0
  0
LINE
  5
44E
330
1F
100
AcDbEntity
  8
0
  6
Continuous
 62
     7
370
    18
100
AcDbLine
 10
9.5354765869
 20
5.7443904275
 30
0.0
 11
9.5397198886
 21
5.7372687207
 31
0.0
  0
LINE
  5
44F
330
1F
100
AcDbEntity
  8
0
  6
Continuous
 62
     7
370
    18
100
AcDbLine
 10
9.5229440446
 20
5.7364280331
 30
0.0
 11
9.5354765869
 21
5.7443904275
 31
0.0
  0
LINE
  5
450
330
1F
100
AcDbEntity
  8
0
  6
Continuous
 62
     7
370
    18
100
AcDbLine
 10
9.5062848242
 20
5.7643710199
 30
0.0
 11
9.5229440446
 21
5.7364280331
 31
0.0
  0
LINE
  5
451
330
1F
100
AcDbEntity
  8
0
  6
Continuous
 62
     7
370
    18
100
AcDbLine
 10
9.5188173664
 20
5.7723334142
 30
0.0
 11
9.5062848242
 21
5.7643710199
 31
0.0
  0
LINE
  5
452
330
1F
100
AcDbEntity
  8
0
  6
Continuous
 62
     7
370
    18
100
AcDbLine
 10
9.5145740647
 20
5.7794447616
 30
0.0
 11
9.5188173664
 21
5.7723334142
 31
0.0
  0
LINE
  5
453
330
1F
100
AcDbEntity
  8
0
  6
Continuous
 62
     7
370
    18
100
AcDbLine
 10
9.4840456171
 20
5.7600542324
 30
0.0
 11
9.5145740647
 21
5.7794447616
 31
0.0
  0
LINE
  5
454
330
1F
100
AcDbEntity
  8
0
  6
Continuous
 62
     7
370
    18
100
AcDbLine
 10
9.4882889188
 20
5.7529428851
 30
0.0
 11
9.4840456171
 21
5.7600542324
 31
0.0
  0
LINE
  5
455
330
1F
100
AcDbEntity
  8
0
  6
Continuous
 62
     7
370
    18
100
AcDbLine
 10
9.5026784663
 20
5.7620812484
 30
0.0
 11
9.4882889188
 21
5.7529428851
 31
0.0
  0
LINE
  5
456
330
1F
100
AcDbEntity
  8
0
  6
Continuous
 62
     7
370
    18
100
AcDbLine
 10
9.6043242611
 20
5.6068384689
 30
0.0
 11
9.6251729571
 21
5.586888172
 31
0.0
  0
LINE
  5
457
330
1F
100
AcDbEntity
  8
0
  6
Continuous
 62
     7
370
    18
100
AcDbLine
 10
9.6165966432
 20
5.6428697019
 30
0.0
 11
9.6043242611
 21
5.6068384689
 31
0.0
  0
LINE
  5
458
330
1F
100
AcDbEntity
  8
0
  6
Continuous
 62
     7
370
    18
100
AcDbLine
 10
9.6109987146
 20
5.6482249996
 30
0.0
 11
9.6165966432
 21
5.6428697019
 31
0.0
  0
LINE
  5
459
330
1F
100
AcDbEntity
  8
0
  6
Continuous
 62
     7
370
    18
100
AcDbLine
 10
9.5970846322
 20
5.6073713
 30
0.0
 11
9.6109987146
 21
5.6482249996
 31
0.0
  0
LINE
  5
45A
330
1F
100
AcDbEntity
  8
0
  6
Continuous
 62
     7
370
    18
100
AcDbLine
 10
9.6235312568
 20
5.5820657054
 30
0.0
 11
9.5970846322
 21
5.6073713
 31
0.0
  0
LINE
  5
45B
330
1F
100
AcDbEntity
  8
0
  6
Continuous
 62
     7
370
    18
100
AcDbLine
 10
9.6251729571
 20
5.586888172
 30
0.0
 11
9.6235312568
 21
5.5820657054
 31
0.0
  0
LINE
  5
45C
330
1F
100
AcDbEntity
  8
0
  6
Continuous
 62
     7
370
    18
100
AcDbLine
 10
9.565734879
 20
5.8752525174
 30
0.0
 11
9.565734879
 21
7.0292968649
 31
0.0
  0
LWPOLYLINE
  5
45D
330
1F
100
AcDbEntity
  8
0
  6
Continuous
 62
     7
370
    18
100
AcDbPolyline
 90
       37
 70
   128
 43
0.0
 10
9.839149501
 20
5.7174136158
 10
9.8386292884
 20
5.7039551254
 10
9.8370726098
 20
5.691199687
 10
9.8344913124
 20
5.679244377
 10
9.8309050414
 20
5.6681801827
 10
9.8263410905
 20
5.6580913092
 10
9.8208341942
 20
5.6490545389
 10
9.8144262633
 20
5.6411386472
 10
9.8071660659
 20
5.6344038787
 10
9.7991088567
 20
5.6289014891
 10
9.7903159557
 20
5.6246733549
 10
9.7808542823
 20
5.6217516547
 10
9.7707958455
 20
5.6201586245
 10
9.7602171961
 20
5.6199063882
 10
9.7491988441
 20
5.6209968655
 10
9.7378246457
 20
5.6234217571
 10
9.7261811654
 20
5.6271626082
 10
9.7143570172
 20
5.6321909486
 10
9.70244219
 20
5.6384685097
 10
9.6905273628
 20
5.6459475153
 10
9.6787032146
 20
5.6545710458
 10
9.6670597343
 20
5.6642734709
 10
9.6556855359
 20
5.6749809493
 10
9.6446671838
 20
5.6866119905
 10
9.6340885345
 20
5.6990780754
 10
9.6240300977
 20
5.7122843294
 10
9.6145684243
 20
5.7261302452
 10
9.6057755233
 20
5.7405104467
 10
9.597718314
 20
5.7553154922
 10
9.5904581167
 20
5.7704327061
 10
9.5840501858
 20
5.7857470374
 10
9.5785432895
 20
5.8011419348
 10
9.5739793386
 20
5.8165002338
 10
9.5703930676
 20
5.8317050485
 10
9.5678117702
 20
5.846640661
 10
9.5662550916
 20
5.8611934024
 10
9.565734879
 20
5.8752525174
  0
LINE
  5
45E
330
1F
100
AcDbEntity
  8
0
  6
Continuous
 62
     7
370
    18
100
AcDbLine
 10
9.839149501
 20
6.8714579633
 30
0.0
 11
9.839149501
 21
5.7174136158
 31
0.0
  0
LWPOLYLINE
  5
45F
330
1F
100
AcDbEntity
  8
0
  6
Continuous
 62
     7
370
    18
100
AcDbPolyline
 90
       37
 70
   128
 43
0.0
 10
9.565734879
 20
7.0292968649
 10
9.5662550916
 20
7.0427553553
 10
9.5678117702
 20
7.0555107938
 10
9.5703930676
 20
7.0674661037
 10
9.5739793386
 20
7.0785302981
 10
9.5785432895
 20
7.0886191716
 10
9.5840501858
 20
7.0976559418
 10
9.5904581167
 20
7.1055718336
 10
9.597718314
 20
7.1123066021
 10
9.6057755233
 20
7.1178089917
 10
9.6145684243
 20
7.1220371259
 10
9.6240300977
 20
7.124958826
 10
9.6340885345
 20
7.1265518562
 10
9.6446671838
 20
7.1268040925
 10
9.6556855359
 20
7.1257136152
 10
9.6670597343
 20
7.1232887236
 10
9.6787032146
 20
7.1195478725
 10
9.6905273628
 20
7.1145195321
 10
9.70244219
 20
7.1082419711
 10
9.7143570172
 20
7.1007629654
 10
9.7261811654
 20
7.0921394349
 10
9.7378246457
 20
7.0824370098
 10
9.7491988441
 20
7.0717295315
 10
9.7602171961
 20
7.0600984903
 10
9.7707958455
 20
7.0476324054
 10
9.7808542823
 20
7.0344261513
 10
9.7903159557
 20
7.0205802356
 10
9.7991088567
 20
7.006200034
 10
9.8071660659
 20
6.9913949886
 10
9.8144262633
 20
6.9762777746
 10
9.8208341942
 20
6.9609634433
 10
9.8263410905
 20
6.9455685459
 10
9.8309050414
 20
6.9302102469
 10
9.8344913124
 20
6.9150054323
 10
9.8370726098
 20
6.9000698197
 10
9.8386292884
 20
6.8855170783
 10
9.839149501
 20
6.8714579633
  0
LINE
  5
460
330
1F
100
AcDbEntity
  8
0
  6
Continuous
 62
     7
370
    18
100
AcDbLine
 10
10.2106162634
 20
7.4599443526
 30
0.0
 11
10.2106162634
 21
7.3616693446
 31
0.0
  0
LINE
  5
461
330
1F
100
AcDbEntity
  8
0
  6
Continuous
 62
     7
370
    18
100
AcDbLine
 10
10.2106162634
 20
7.3616693446
 30
0.0
 11
10.1870460374
 21
7.3616693446
 31
0.0
  0
LINE
  5
462
330
1F
100
AcDbEntity
  8
0
  6
Continuous
 62
     7
370
    18
100
AcDbLine
 10
10.1177495728
 20
7.5614588796
 30
0.0
 11
10.1691326656
 21
7.5317960515
 31
0.0
  0
LINE
  5
463
330
1F
100
AcDbEntity
  8
0
  6
Continuous
 62
     7
370
    18
100
AcDbLine
 10
10.1177495728
 20
7.5614588796
 30
0.0
 11
10.1059644598
 21
7.5410464651
 31
0.0
  0
LINE
  5
464
330
1F
100
AcDbEntity
  8
0
  6
Continuous
 62
     7
370
    18
100
AcDbLine
 10
10.4109631847
 20
7.4773271605
 30
0.0
 11
10.4109631847
 21
7.5756021685
 31
0.0
  0
LINE
  5
465
330
1F
100
AcDbEntity
  8
0
  6
Continuous
 62
     7
370
    18
100
AcDbLine
 10
10.2106162634
 20
7.3616693446
 30
0.0
 11
10.4109631847
 21
7.4773271605
 31
0.0
  0
LINE
  5
466
330
1F
100
AcDbEntity
  8
0
  6
Continuous
 62
     7
370
    18
100
AcDbLine
 10
10.2191015448
 20
7.6199681276
 30
0.0
 11
10.2492714341
 21
7.6025514212
 31
0.0
  0
ARC
  5
467
330
1F
100
AcDbEntity
  8
0
  6
Continuous
 62
     7
370
    18
100
AcDbCircle
 10
10.2586995245
 20
7.620747569
 30
0.0
 40
0.0204936254388256
100
AcDbArc
 50
242.6096722366
 51
297.3903277634
  0
LINE
  5
468
330
1F
100
AcDbEntity
  8
0
  6
Continuous
 62
     7
370
    18
100
AcDbLine
 10
10.2681276149
 20
7.6025514212
 30
0.0
 11
10.3482663835
 21
7.6488145475
 31
0.0
  0
ARC
  5
469
330
1F
100
AcDbEntity
  8
0
  6
Continuous
 62
     7
370
    18
100
AcDbCircle
 10
10.3576944739
 20
7.6306183997
 30
0.0
 40
0.0204936254388256
100
AcDbArc
 50
62.6096722366
 51
117.3903277634
  0
LINE
  5
46A
330
1F
100
AcDbEntity
  8
0
  6
Continuous
 62
     7
370
    18
100
AcDbLine
 10
10.3694795869
 20
7.6474538674
 30
0.0
 11
10.3671225643
 21
7.6488145475
 31
0.0
  0
LINE
  5
46B
330
1F
100
AcDbEntity
  8
0
  6
Continuous
 62
     7
370
    18
100
AcDbLine
 10
10.1177495728
 20
7.5614588796
 30
0.0
 11
10.2191015448
 21
7.6199681276
 31
0.0
  0
ARC
  5
46C
330
1F
100
AcDbEntity
  8
0
  6
Continuous
 62
     7
370
    18
100
AcDbCircle
 10
10.101682583
 20
7.5413857487
 30
0.0
 40
0.025711451606558
100
AcDbArc
 50
51.325426758
 51
188.6853249967
  0
LINE
  5
46D
330
1F
100
AcDbEntity
  8
0
  6
Continuous
 62
     7
370
    18
100
AcDbLine
 10
10.076265975
 20
7.5375031232
 30
0.0
 11
10.076265975
 21
7.5238963214
 31
0.0
  0
ARC
  5
46E
330
1F
100
AcDbEntity
  8
0
  6
Continuous
 62
     7
370
    18
100
AcDbCircle
 10
10.2019210992
 20
7.5960228132
 30
0.0
 40
0.029471100985107
100
AcDbArc
 50
54.3410619985
 51
114.3484795724
  0
ELLIPSE
  5
46F
330
1F
100
AcDbEntity
  8
0
  6
Continuous
 62
     7
370
    18
100
AcDbEllipse
 10
9.714227303
 20
7.7138419674
 30
0.0
 11
0.8035734664221046
 21
-0.232811229445411
 31
0.0
210
0.0
220
0.0
230
1.0
 40
0.2920336593
 41
4.342591370853409
 42
4.369190251876789
  0
ARC
  5
470
330
1F
100
AcDbEntity
  8
0
  6
Continuous
 62
     7
370
    18
100
AcDbCircle
 10
9.5474366457
 20
7.3462077213
 30
0.0
 40
0.6633598323174471
100
AcDbArc
 50
336.1567715204
 51
1.3355737676
  0
LINE
  5
471
330
1F
100
AcDbEntity
  8
0
  6
Continuous
 62
     7
370
    18
100
AcDbLine
 10
10.1541819939
 20
7.0780541281
 30
0.0
 11
10.1315721877
 21
7.0828807996
 31
0.0
  0
ARC
  5
472
330
1F
100
AcDbEntity
  8
0
  6
Continuous
 62
     7
370
    18
100
AcDbCircle
 10
9.747783567
 20
7.4618655372
 30
0.0
 40
0.6633598323174594
100
AcDbArc
 50
336.1567715204
 51
1.3355737676
  0
LINE
  5
473
330
1F
100
AcDbEntity
  8
0
  6
Continuous
 62
     7
370
    18
100
AcDbLine
 10
10.1541819939
 20
7.0780541281
 30
0.0
 11
10.3545289153
 21
7.193711944
 31
0.0
  0
ARC
  5
474
330
1F
100
AcDbEntity
  8
0
  6
Continuous
 62
     7
370
    18
100
AcDbCircle
 10
9.7913764429
 20
7.4864473033
 30
0.0
 40
0.2854827344107296
100
AcDbArc
 50
318.127054571
 51
3.6942335213
  0
LINE
  5
475
330
1F
100
AcDbEntity
  8
0
  6
Continuous
 62
     7
370
    18
100
AcDbLine
 10
10.0039545401
 20
7.2958929955
 30
0.0
 11
10.0016006523
 21
7.2754844848
 31
0.0
  0
LWPOLYLINE
  5
476
330
1F
100
AcDbEntity
  8
0
  6
Continuous
 62
     7
370
    18
100
AcDbPolyline
 90
       27
 70
   128
 43
0.0
 10
10.1541819939
 20
7.0780541281
 10
10.1347440137
 20
7.0355171375
 10
10.1163326152
 20
6.9919077484
 10
10.0989566712
 20
6.9472469763
 10
10.0826245551
 20
6.9015563436
 10
10.0673441376
 20
6.8548578689
 10
10.0531227822
 20
6.8071740564
 10
10.0399673425
 20
6.7585278852
 10
10.0278841581
 20
6.7089427983
 10
10.0168790518
 20
6.658442691
 10
10.0069573273
 20
6.6070518995
 10
9.9981237658
 20
6.5547951895
 10
9.9903826242
 20
6.5016977438
 10
9.983737633
 20
6.4477851502
 10
9.9781919946
 20
6.3930833897
 10
9.9737483814
 20
6.3376188234
 10
9.9704089347
 20
6.2814181799
 10
9.968175264
 20
6.2245085426
 10
9.9670484455
 20
6.1669173368
 10
9.9670290224
 20
6.1086723159
 10
9.968117004
 20
6.0498015485
 10
9.970311866
 20
5.9903334048
 10
9.9736125507
 20
5.930296543
 10
9.9780174674
 20
5.869719895
 10
9.9835244934
 20
5.8086326532
 10
9.9901309748
 20
5.7470642559
 10
9.997833728
 20
5.6850443732
  0
LINE
  5
477
330
1F
100
AcDbEntity
  8
0
  6
Continuous
 62
     7
370
    18
100
AcDbLine
 10
9.997833728
 20
5.6850443732
 30
0.0
 11
9.9744221358
 21
5.682727405
 31
0.0
  0
LINE
  5
478
330
1F
100
AcDbEntity
  8
0
  6
Continuous
 62
     7
370
    18
100
AcDbLine
 10
9.997833728
 20
5.6850443732
 30
0.0
 11
10.1981806493
 21
5.8007021891
 31
0.0
  0
LWPOLYLINE
  5
479
330
1F
100
AcDbEntity
  8
0
  6
Continuous
 62
     7
370
    18
100
AcDbPolyline
 90
       27
 70
   128
 43
0.0
 10
10.1981806493
 20
5.8007021891
 10
10.1904778962
 20
5.8627220717
 10
10.1838714147
 20
5.9242904691
 10
10.1783643887
 20
5.9853777109
 10
10.173959472
 20
6.0459543588
 10
10.1706587874
 20
6.1059912207
 10
10.1684639254
 20
6.1654593643
 10
10.1673759438
 20
6.2243301317
 10
10.1673953669
 20
6.2825751526
 10
10.1685221853
 20
6.3401663585
 10
10.1707558561
 20
6.3970759957
 10
10.1740953027
 20
6.4532766392
 10
10.1785389159
 20
6.5087412056
 10
10.1840845544
 20
6.5634429661
 10
10.1907295455
 20
6.6173555596
 10
10.1984706871
 20
6.6704530054
 10
10.2073042486
 20
6.7227097154
 10
10.2172259732
 20
6.7741005068
 10
10.2282310794
 20
6.8246006141
 10
10.2403142638
 20
6.874185701
 10
10.2534697036
 20
6.9228318722
 10
10.2676910589
 20
6.9705156847
 10
10.2829714765
 20
7.0172141595
 10
10.2993035925
 20
7.0629047922
 10
10.3166795366
 20
7.1075655642
 10
10.335090935
 20
7.1511749534
 10
10.3545289153
 20
7.193711944
  0
ARC
  5
47A
330
1F
100
AcDbEntity
  8
0
  6
Continuous
 62
     7
370
    18
100
AcDbCircle
 10
10.0212272518
 20
7.2807757851
 30
0.0
 40
0.0229537931313759
100
AcDbArc
 50
138.807335258
 51
183.0139528343
  0
ARC
  5
47B
330
1F
100
AcDbEntity
  8
0
  6
Continuous
 62
     7
370
    18
100
AcDbCircle
 10
10.0540484767
 20
7.9412332959
 30
0.0
 40
0.7021007522781938
100
AcDbArc
 50
181.5009793466
 51
206.2770389774
  0
LINE
  5
47C
330
1F
100
AcDbEntity
  8
0
  6
Continuous
 62
     7
370
    18
100
AcDbLine
 10
9.4245000659
 20
7.6304049432
 30
0.0
 11
9.4032837277
 21
7.6208854933
 31
0.0
  0
LINE
  5
47D
330
1F
100
AcDbEntity
  8
0
  6
Continuous
 62
     7
370
    18
100
AcDbLine
 10
9.352188631
 20
7.922842444
 30
0.0
 11
9.328618405
 21
7.922842444
 31
0.0
  0
ARC
  5
47E
330
1F
100
AcDbEntity
  8
0
  6
Continuous
 62
     7
370
    18
100
AcDbCircle
 10
9.2625032726
 20
7.9516253432
 30
0.0
 40
0.0897691933913447
100
AcDbArc
 50
2.4763980378
 51
57.5236021078
  0
LINE
  5
47F
330
1F
100
AcDbEntity
  8
0
  6
Continuous
 62
     7
370
    18
100
AcDbLine
 10
9.352188631
 20
7.9555040765
 30
0.0
 11
9.328618405
 21
7.9555040765
 31
0.0
  0
LINE
  5
480
330
1F
100
AcDbEntity
  8
0
  6
Continuous
 62
     7
370
    18
100
AcDbLine
 10
9.3107050332
 20
8.0273557754
 30
0.0
 11
9.2989199202
 21
8.0069433609
 31
0.0
  0
ARC
  5
481
330
1F
100
AcDbEntity
  8
0
  6
Continuous
 62
     7
370
    18
100
AcDbCircle
 10
9.9489806125
 20
7.9814153278
 30
0.0
 40
0.4954400136081659
100
AcDbArc
 50
180.0073592432
 51
181.7096610771
  0
LINE
  5
482
330
1F
100
AcDbEntity
  8
0
  6
Continuous
 62
     7
370
    18
100
AcDbLine
 10
9.4537611472
 20
7.9666339805
 30
0.0
 11
9.4443330568
 21
7.9611912598
 31
0.0
  0
ARC
  5
483
330
1F
100
AcDbEntity
  8
0
  6
Continuous
 62
     7
370
    18
100
AcDbCircle
 10
10.1519678323
 20
7.9966634612
 30
0.0
 40
0.7085232901316283
100
AcDbArc
 50
182.8697114905
 51
206.2337852146
  0
LINE
  5
484
330
1F
100
AcDbEntity
  8
0
  6
Continuous
 62
     7
370
    18
100
AcDbLine
 10
9.5164239475
 20
7.6834714704
 30
0.0
 11
9.4245000659
 21
7.6304049432
 31
0.0
  0
LINE
  5
485
330
1F
100
AcDbEntity
  8
0
  6
Continuous
 62
     7
370
    18
100
AcDbLine
 10
9.352188631
 20
7.922842444
 30
0.0
 11
9.453540603
 21
7.981351692
 31
0.0
  0
ARC
  5
486
330
1F
100
AcDbEntity
  8
0
  6
Continuous
 62
     7
370
    18
100
AcDbCircle
 10
9.3638552446
 20
8.0101345912
 30
0.0
 40
0.0897691933913485
100
AcDbArc
 50
2.4763980378
 51
57.5236021078
  0
LINE
  5
487
330
1F
100
AcDbEntity
  8
0
  6
Continuous
 62
     7
370
    18
100
AcDbLine
 10
9.352188631
 20
7.9555040765
 30
0.0
 11
9.453540603
 21
8.0140133245
 31
0.0
  0
LINE
  5
488
330
1F
100
AcDbEntity
  8
0
  6
Continuous
 62
     7
370
    18
100
AcDbLine
 10
9.3107050332
 20
8.0273557754
 30
0.0
 11
9.4120570052
 21
8.0858650234
 31
0.0
  0
LINE
  5
489
330
1F
100
AcDbEntity
  8
0
  6
Continuous
 62
     7
370
    18
100
AcDbLine
 10
9.352188631
 20
7.9555040765
 30
0.0
 11
9.352188631
 21
7.922842444
 31
0.0
  0
LINE
  5
48A
330
1F
100
AcDbEntity
  8
0
  6
Continuous
 62
     7
370
    18
100
AcDbLine
 10
9.2593219404
 20
8.0570186035
 30
0.0
 11
9.3107050332
 21
8.0273557754
 31
0.0
  0
LINE
  5
48B
330
1F
100
AcDbEntity
  8
0
  6
Continuous
 62
     7
370
    18
100
AcDbLine
 10
9.2593219404
 20
8.0570186035
 30
0.0
 11
9.2475368274
 21
8.036606189
 31
0.0
  0
LINE
  5
48C
330
1F
100
AcDbEntity
  8
0
  6
Continuous
 62
     7
370
    18
100
AcDbLine
 10
9.453540603
 20
8.0140133245
 30
0.0
 11
9.453540603
 21
7.981351692
 31
0.0
  0
ARC
  5
48D
330
1F
100
AcDbEntity
  8
0
  6
Continuous
 62
     7
370
    18
100
AcDbCircle
 10
9.4599601907
 20
8.1658730184
 30
0.0
 40
0.0058215375577902
100
AcDbArc
 50
290.7834207995
 51
69.2165792005
  0
LINE
  5
48E
330
1F
100
AcDbEntity
  8
0
  6
Continuous
 62
     7
370
    18
100
AcDbLine
 10
9.3818871159
 20
8.1141671713
 30
0.0
 11
9.4620258844
 21
8.1604302976
 31
0.0
  0
ARC
  5
48F
330
1F
100
AcDbEntity
  8
0
  6
Continuous
 62
     7
370
    18
100
AcDbCircle
 10
9.3839528095
 20
8.1087244505
 30
0.0
 40
0.0058215375577896
100
AcDbArc
 50
110.7834207994
 51
249.2165792006
  0
LINE
  5
490
330
1F
100
AcDbEntity
  8
0
  6
Continuous
 62
     7
370
    18
100
AcDbLine
 10
9.3818871159
 20
8.1032817298
 30
0.0
 11
9.4120570052
 21
8.0858650234
 31
0.0
  0
LINE
  5
491
330
1F
100
AcDbEntity
  8
0
  6
Continuous
 62
     7
370
    18
100
AcDbLine
 10
9.2593219404
 20
8.0570186035
 30
0.0
 11
9.4596688618
 21
8.1726764193
 31
0.0
  0
LINE
  5
492
330
1F
100
AcDbEntity
  8
0
  6
Continuous
 62
     7
370
    18
100
AcDbLine
 10
9.4620258844
 20
8.1713157391
 30
0.0
 11
9.4596688618
 21
8.1726764193
 31
0.0
  0
ARC
  5
493
330
1F
100
AcDbEntity
  8
0
  6
Continuous
 62
     7
370
    18
100
AcDbCircle
 10
9.6647641763
 20
7.0418324484
 30
0.0
 40
0.0764932173540115
100
AcDbArc
 50
55.1371078765
 51
189.4320826593
  0
LINE
  5
494
330
1F
100
AcDbEntity
  8
0
  6
Continuous
 62
     7
370
    18
100
AcDbLine
 10
9.565734879
 20
7.0292968649
 30
0.0
 11
9.589305105
 21
7.0292968649
 31
0.0
  0
ARC
  5
495
330
1F
100
AcDbEntity
  8
0
  6
Continuous
 62
     7
370
    18
100
AcDbCircle
 10
9.2432549506
 20
8.0369454726
 30
0.0
 40
0.0257114516065573
100
AcDbArc
 50
51.325426758
 51
188.6853249967
  0
LINE
  5
496
330
1F
100
AcDbEntity
  8
0
  6
Continuous
 62
     7
370
    18
100
AcDbLine
 10
9.2178383426
 20
8.0330628471
 30
0.0
 11
9.2178383426
 21
8.0194560452
 31
0.0
  0
ARC
  5
497
330
1F
100
AcDbEntity
  8
0
  6
Continuous
 62
     7
370
    18
100
AcDbCircle
 10
9.4425744092
 20
8.1495995086
 30
0.0
 40
0.0287187067233283
100
AcDbArc
 50
53.4704316721
 51
115.2191098988
  0
LINE
  5
498
330
1F
100
AcDbEntity
  8
0
  6
Continuous
 62
     7
370
    18
100
AcDbLine
 10
9.4620258844
 20
8.0798649375
 30
0.0
 11
9.4620258844
 21
8.1604302976
 31
0.0
  0
LWPOLYLINE
  5
499
330
1F
100
AcDbEntity
  8
0
  6
Continuous
 62
     7
370
    18
100
AcDbPolyline
 90
        9
 70
   128
 43
0.0
 10
9.4245000659
 20
7.6304049432
 10
9.4272621553
 20
7.6236012938
 10
9.4291360407
 20
7.6168076163
 10
9.4300561871
 20
7.6102615042
 10
9.4299904144
 20
7.6041918931
 10
9.428941023
 20
7.5988110541
 10
9.4269447128
 20
7.5943071699
 10
9.4240713005
 20
7.5908377536
 10
9.420421277
 20
7.5885241405
  0
LINE
  5
49A
330
1F
100
AcDbEntity
  8
0
  6
Continuous
 62
     7
370
    18
100
AcDbLine
 10
9.420421277
 20
7.5885241405
 30
0.0
 11
9.4009044342
 21
7.596455025
 31
0.0
  0
LWPOLYLINE
  5
49B
330
1F
100
AcDbEntity
  8
0
  6
Continuous
 62
     7
370
    18
100
AcDbPolyline
 90
        9
 70
   128
 43
0.0
 10
9.5137873817
 20
7.6423109984
 10
9.515995182
 20
7.6439042809
 10
9.5188685944
 20
7.6473736971
 10
9.5208649045
 20
7.6518775814
 10
9.521914296
 20
7.6572584204
 10
9.5219800686
 20
7.6633280315
 10
9.5210599223
 20
7.6698741435
 10
9.5191860369
 20
7.6766678211
 10
9.5164239475
 20
7.6834714704
  0
LINE
  5
49C
330
1F
100
AcDbEntity
  8
0
  6
Continuous
 62
     7
370
    18
100
AcDbLine
 10
9.420421277
 20
7.5885241405
 30
0.0
 11
9.3798002055
 21
7.5711979321
 31
0.0
  0
ARC
  5
49D
330
1F
100
AcDbEntity
  8
0
  6
Continuous
 62
     7
370
    18
100
AcDbCircle
 10
9.996744487
 20
5.9656935401
 30
0.0
 40
0.2733927677633299
100
AcDbArc
 50
182.7007739943
 51
234.7993435192
  0
LINE
  5
49E
330
1F
100
AcDbEntity
  8
0
  6
Continuous
 62
     7
370
    18
100
AcDbLine
 10
9.7236553934
 20
7.0940836997
 30
0.0
 11
9.7236553934
 21
5.9528112881
 31
0.0
  0
LINE
  5
49F
330
1F
100
AcDbEntity
  8
0
  6
Continuous
 62
     7
370
    18
100
AcDbLine
 10
9.7861164924
 20
7.026913252
 30
0.0
 11
9.7861164924
 21
5.9167532631
 31
0.0
  0
ARC
  5
4A0
330
1F
100
AcDbEntity
  8
0
  6
Continuous
 62
     7
370
    18
100
AcDbCircle
 10
9.9238754591
 20
5.9236806791
 30
0.0
 40
0.1379330344065535
100
AcDbArc
 50
182.8787791497
 51
232.1022443987
  0
ARC
  5
4A1
330
1F
100
AcDbEntity
  8
0
  6
Continuous
 62
     7
370
    18
100
AcDbCircle
 10
6.7585498064
 20
6.4203355221
 30
0.0
 40
2.703017255979494
100
AcDbArc
 50
351.3217532977
 51
0.1748222578
  0
LINE
  5
4A2
330
1F
100
AcDbEntity
  8
0
  6
Continuous
 62
     7
370
    18
100
AcDbLine
 10
9.430620878
 20
6.0124893817
 30
0.0
 11
9.4304622442
 21
5.9967487663
 31
0.0
  0
LINE
  5
4A3
330
1F
100
AcDbEntity
  8
0
  6
Continuous
 62
     7
370
    18
100
AcDbLine
 10
9.589305105
 20
7.0292968649
 30
0.0
 11
9.589305105
 21
5.8752525174
 31
0.0
  0
LINE
  5
4A4
330
1F
100
AcDbEntity
  8
0
  6
Continuous
 62
     7
370
    18
100
AcDbLine
 10
9.589305105
 20
5.8752525174
 30
0.0
 11
9.565734879
 21
5.8752525174
 31
0.0
  0
LINE
  5
4A5
330
1F
100
AcDbEntity
  8
0
  6
Continuous
 62
     7
370
    18
100
AcDbLine
 10
9.7236553934
 20
5.9528112881
 30
0.0
 11
9.589305105
 21
5.8752525174
 31
0.0
  0
LINE
  5
4A6
330
1F
100
AcDbEntity
  8
0
  6
Continuous
 62
     7
370
    18
100
AcDbLine
 10
9.7861164924
 20
5.9167532631
 30
0.0
 11
9.8191148089
 21
5.9358027857
 31
0.0
  0
LINE
  5
4A7
330
1F
100
AcDbEntity
  8
0
  6
Continuous
 62
     7
370
    18
100
AcDbLine
 10
9.8191148089
 20
5.9358027857
 30
0.0
 11
9.8191148089
 21
6.9652992082
 31
0.0
  0
LWPOLYLINE
  5
4A8
330
1F
100
AcDbEntity
  8
0
  6
Continuous
 62
     7
370
    18
100
AcDbPolyline
 90
       16
 70
   128
 43
0.0
 10
9.997833728
 20
5.6850443732
 10
9.9999618451
 20
5.6649041768
 10
10.0009379608
 20
5.6453033577
 10
10.0007572832
 20
5.626338142
 10
9.9994206993
 20
5.6081016354
 10
9.9969347707
 20
5.5906833659
 10
9.9933117015
 20
5.5741688448
 10
9.9885692785
 20
5.5586391467
 10
9.9827307835
 20
5.5441705112
 10
9.9758248794
 20
5.5308339689
 10
9.9678854692
 20
5.5186949928
 10
9.9589515298
 20
5.5078131765
 10
9.9490669203
 20
5.4982419419
 10
9.9382801671
 20
5.490028277
 10
9.9266442255
 20
5.4832125049
 10
9.9142162197
 20
5.4778280862
  0
LINE
  5
4A9
330
1F
100
AcDbEntity
  8
0
  6
Continuous
 62
     7
370
    18
100
AcDbLine
 10
9.9142162197
 20
5.4778280862
 30
0.0
 11
9.8949855029
 21
5.4858719323
 31
0.0
  0
LINE
  5
4AA
330
1F
100
AcDbEntity
  8
0
  6
Continuous
 62
     7
370
    18
100
AcDbLine
 10
10.2034629149
 20
5.6836204521
 30
0.0
 11
10.1893207793
 21
5.675456371
 31
0.0
  0
ARC
  5
4AB
330
1F
100
AcDbEntity
  8
0
  6
Continuous
 62
     7
370
    18
100
AcDbCircle
 10
10.0791183618
 20
5.7208995598
 30
0.0
 40
0.1298125562156122
100
AcDbArc
 50
301.2420905311
 51
343.3110111517
  0
ARC
  5
4AC
330
1F
100
AcDbEntity
  8
0
  6
Continuous
 62
     7
370
    18
100
AcDbCircle
 10
9.9248820331
 20
5.7570990095
 30
0.0
 40
0.2767550738907654
100
AcDbArc
 50
342.8424860886
 51
9.0648055349
  0
LINE
  5
4AD
330
1F
100
AcDbEntity
  8
0
  6
Continuous
 62
     7
370
    18
100
AcDbLine
 10
9.9249749419
 20
5.5107082485
 30
0.0
 11
9.890509492
 21
5.5627193937
 31
0.0
  0
LINE
  5
4AE
330
1F
100
AcDbEntity
  8
0
  6
Continuous
 62
     7
370
    18
100
AcDbLine
 10
9.890509492
 20
5.5627193937
 30
0.0
 11
9.900960753
 21
5.5716450193
 31
0.0
  0
LINE
  5
4AF
330
1F
100
AcDbEntity
  8
0
  6
Continuous
 62
     7
370
    18
100
AcDbLine
 10
9.900960753
 20
5.5716450193
 30
0.0
 11
9.9032261738
 21
5.5729876948
 31
0.0
  0
LINE
  5
4B0
330
1F
100
AcDbEntity
  8
0
  6
Continuous
 62
     7
370
    18
100
AcDbLine
 10
9.9087027602
 20
5.5439705409
 30
0.0
 11
9.9147223277
 21
5.5491145605
 31
0.0
  0
SPLINE
  5
4B1
330
1F
100
AcDbEntity
  8
0
  6
Continuous
 62
     7
370
    18
100
AcDbSpline
210
0.0
220
0.0
230
1.0
 70
     8
 71
     3
 72
    15
 73
    11
 74
     0
 42
0.000000001
 43
0.00000001
 40
0.0
 40
0.0
 40
0.0
 40
0.0
 40
0.1662017903071554
 40
0.3215445288010106
 40
0.4635494438103534
 40
0.5948462554928615
 40
0.7133786557063218
 40
0.8201654838940303
 40
0.9167815458513949
 40
1.0
 40
1.0
 40
1.0
 40
1.0
 10
9.91472232772682
 20
5.549114560467459
 30
0.0
 10
9.914918115015992
 20
5.549283424804976
 30
0.0
 10
9.915296897528057
 20
5.549610120466546
 30
0.0
 10
9.91582006128189
 20
5.550114838063635
 30
0.0
 10
9.91630183583794
 20
5.550584340079373
 30
0.0
 10
9.91672275060456
 20
5.551041234180276
 30
0.0
 10
9.917081947526764
 20
5.551489120707015
 30
0.0
 10
9.917390228755075
 20
5.551913779733212
 30
0.0
 10
9.917642860299003
 20
5.552319357789117
 30
0.0
 10
9.91777440576561
 20
5.552603831479597
 30
0.0
 10
9.917835278453556
 20
5.552735471730202
 30
0.0
  0
SPLINE
  5
4B2
330
1F
100
AcDbEntity
  8
0
  6
Continuous
 62
     7
370
    18
100
AcDbSpline
210
0.0
220
0.0
230
1.0
 70
     8
 71
     3
 72
    15
 73
    11
 74
     0
 42
0.000000001
 43
0.00000001
 40
0.0
 40
0.0
 40
0.0
 40
0.0
 40
0.1361983409213584
 40
0.2629113367397279
 40
0.3831601034158677
 40
0.4994328917752257
 40
0.6156131512641052
 40
0.7365555141398017
 40
0.8630797662832326
 40
1.0
 40
1.0
 40
1.0
 40
1.0
 10
9.917835278453556
 20
5.552735471730202
 30
0.0
 10
9.917965466743167
 20
5.553064022122345
 30
0.0
 10
9.918216776538992
 20
5.553698241468928
 30
0.0
 10
9.918410753116364
 20
5.554783314788295
 30
0.0
 10
9.918418576384688
 20
5.555931110361104
 30
0.0
 10
9.918269370502156
 20
5.557124263689484
 30
0.0
 10
9.917935417952423
 20
5.558371466542654
 30
0.0
 10
9.917439094985458
 20
5.559660007032301
 30
0.0
 10
9.916757719446355
 20
5.560986803079504
 30
0.0
 10
9.916215319873146
 20
5.561848955598953
 30
0.0
 10
9.915933418067194
 20
5.562297042884125
 30
0.0
  0
SPLINE
  5
4B3
330
1F
100
AcDbEntity
  8
0
  6
Continuous
 62
     7
370
    18
100
AcDbSpline
210
0.0
220
0.0
230
1.0
 70
     8
 71
     3
 72
    11
 73
     7
 74
     0
 42
0.000000001
 43
0.00000001
 40
0.0
 40
0.0
 40
0.0
 40
0.0
 40
0.3500584557112658
 40
0.5263651640086857
 40
0.7024292501533236
 40
1.0
 40
1.0
 40
1.0
 40
1.0
 10
9.915933418067194
 20
5.562297042884125
 30
0.0
 10
9.914874650845972
 20
5.563670249069833
 30
0.0
 10
9.913282636218266
 20
5.565735069637268
 30
0.0
 10
9.910772287515963
 20
5.567246119573139
 30
0.0
 10
9.908583821386706
 20
5.567633963239007
 30
0.0
 10
9.907412674690285
 20
5.566928090037021
 30
0.0
 10
9.906676877881958
 20
5.566484610795102
 30
0.0
  0
LINE
  5
4B4
330
1F
100
AcDbEntity
  8
0
  6
Continuous
 62
     7
370
    18
100
AcDbLine
 10
9.9246442975
 20
5.5199122714
 30
0.0
 11
9.9315789111
 21
5.5258333337
 31
0.0
  0
SPLINE
  5
4B5
330
1F
100
AcDbEntity
  8
0
  6
Continuous
 62
     7
370
    18
100
AcDbSpline
210
0.0
220
0.0
230
1.0
 70
     8
 71
     3
 72
    11
 73
     7
 74
     0
 42
0.000000001
 43
0.00000001
 40
0.0
 40
0.0
 40
0.0
 40
0.0
 40
0.3276715928479207
 40
0.6038425536631951
 40
0.8275606742326083
 40
1.0
 40
1.0
 40
1.0
 40
1.0
 10
9.931578911056908
 20
5.525833333666526
 30
0.0
 10
9.931852770123038
 20
5.526070770790182
 30
0.0
 10
9.932357445418198
 20
5.52650832669131
 30
0.0
 10
9.933024837746911
 20
5.52714404125972
 30
0.0
 10
9.933531762406664
 20
5.527710755757074
 30
0.0
 10
9.933802504028332
 20
5.528080972086411
 30
0.0
 10
9.93392035238163
 20
5.528242119768498
 30
0.0
  0
SPLINE
  5
4B6
330
1F
100
AcDbEntity
  8
0
  6
Continuous
 62
     7
370
    18
100
AcDbSpline
210
0.0
220
0.0
230
1.0
 70
     8
 71
     3
 72
    19
 73
    15
 74
     0
 42
0.000000001
 43
0.00000001
 40
0.0
 40
0.0
 40
0.0
 40
0.0
 40
0.0916196503033885
 40
0.1772169170338192
 40
0.2572138864794295
 40
0.3327261756544816
 40
0.4063626015519459
 40
0.4818251714398549
 40
0.5597786289544495
 40
0.6420755672288898
 40
0.7270447134454785
 40
0.8145655772575455
 40
0.905256954852405
 40
1.0
 40
1.0
 40
1.0
 40
1.0
 10
9.93392035238163
 20
5.528242119768498
 30
0.0
 10
9.934074785373454
 20
5.528492065886641
 30
0.0
 10
9.93437350009905
 20
5.528975528553605
 30
0.0
 10
9.934726976418643
 20
5.529768464992304
 30
0.0
 10
9.93497168696337
 20
5.53059652844452
 30
0.0
 10
9.935119365538842
 20
5.531455647391081
 30
0.0
 10
9.935169856404025
 20
5.53236645273472
 30
0.0
 10
9.93509564818112
 20
5.533358446004676
 30
0.0
 10
9.934898933817056
 20
5.534432992217034
 30
0.0
 10
9.93460805850686
 20
5.535571806499562
 30
0.0
 10
9.93419226961473
 20
5.536765877346844
 30
0.0
 10
9.933662672590186
 20
5.537989816680462
 30
0.0
 10
9.933000169981774
 20
5.539224427893465
 30
0.0
 10
9.932492948816519
 20
5.540025643993134
 30
0.0
 10
9.932233796944667
 20
5.540435005167729
 30
0.0
  0
SPLINE
  5
4B7
330
1F
100
AcDbEntity
  8
0
  6
Continuous
 62
     7
370
    18
100
AcDbSpline
210
0.0
220
0.0
230
1.0
 70
     8
 71
     3
 72
    12
 73
     8
 74
     0
 42
0.000000001
 43
0.00000001
 40
0.0
 40
0.0
 40
0.0
 40
0.0
 40
0.3277894481371743
 40
0.4929492842019134
 40
0.6580521265301326
 40
0.9874233263967992
 40
1.0
 40
1.0
 40
1.0
 40
1.0
 10
9.932233796944667
 20
5.540435005167729
 30
0.0
 10
9.931115562622066
 20
5.541878707104982
 30
0.0
 10
9.929433895283388
 20
5.544049832016458
 30
0.0
 10
9.926790031985384
 20
5.545635769056504
 30
0.0
 10
9.924286155423122
 20
5.546252343580798
 30
0.0
 10
9.922638462491557
 20
5.545761172294118
 30
0.0
 10
9.921746941170047
 20
5.545123388047605
 30
0.0
 10
9.921714151456936
 20
5.545099930658571
 30
0.0
  0
LWPOLYLINE
  5
4B8
330
1F
100
AcDbEntity
  8
0
  6
Continuous
 62
     7
370
    18
100
AcDbPolyline
 90
       35
 70
   128
 43
0.0
 10
9.589305105
 20
5.8752525174
 10
9.5898380011
 20
5.8616346608
 10
9.5914321428
 20
5.8475177181
 10
9.5940739296
 20
5.8330221303
 10
9.5977408225
 20
5.8182715685
 10
9.6024015371
 20
5.8033918794
 10
9.6080163096
 20
5.7885100112
 10
9.6145372369
 20
5.7737529308
 10
9.6219086847
 20
5.7592465403
 10
9.6300677624
 20
5.7451146033
 10
9.6389448596
 20
5.7314776883
 10
9.6484642401
 20
5.7184521407
 10
9.6585446879
 20
5.70614909
 10
9.6691002001
 20
5.6946735014
 10
9.6800407208
 20
5.6841232806
 10
9.6912729094
 20
5.6745884383
 10
9.7027009367
 20
5.6661503225
 10
9.714227303
 20
5.6588809241
 10
9.7257536693
 20
5.6528422632
 10
9.7371816967
 20
5.6480858595
 10
9.7484138852
 20
5.6446522929
 10
9.759354406
 20
5.6425708574
 10
9.7699099182
 20
5.641859311
 10
9.7799903659
 20
5.6425237245
 10
9.7895097464
 20
5.6445584293
 10
9.7983868436
 20
5.647946066
 10
9.8065459213
 20
5.6526577325
 10
9.8139173691
 20
5.6586532304
 10
9.8204382964
 20
5.6658814085
 10
9.8260530689
 20
5.6742805983
 10
9.8307137835
 20
5.6837791409
 10
9.8343806765
 20
5.6942959982
 10
9.8370224632
 20
5.7057414439
 10
9.8386166049
 20
5.7180178297
 10
9.839149501
 20
5.7310204177
  0
LINE
  5
4B9
330
1F
100
AcDbEntity
  8
0
  6
Continuous
 62
     7
370
    18
100
AcDbLine
 10
9.900960753
 20
5.5716450193
 30
0.0
 11
9.9004893485
 21
5.5713728833
 31
0.0
  0
SPLINE
  5
4BA
330
1F
100
AcDbEntity
  8
0
  6
Continuous
 62
     7
370
    18
100
AcDbSpline
210
0.0
220
0.0
230
1.0
 70
     8
 71
     3
 72
    23
 73
    19
 74
     0
 42
0.000000001
 43
0.00000001
 40
0.0
 40
0.0
 40
0.0
 40
0.0
 40
0.0774459518171693
 40
0.1504449746953854
 40
0.2219475325757944
 40
0.2931633751049109
 40
0.3635333379589563
 40
0.4332311386748769
 40
0.5043885644584325
 40
0.5787310256520861
 40
0.6185666925153275
 40
0.6620746840624044
 40
0.7086836526941515
 40
0.7592633320885274
 40
0.8135085953081187
 40
0.8718664413498606
 40
0.9340521664875546
 40
0.9999999999999999
 40
0.9999999999999999
 40
0.9999999999999999
 40
0.9999999999999999
 10
9.931762392423874
 20
5.540162869130454
 30
0.0
 10
9.931440091260352
 20
5.540626671115079
 30
0.0
 10
9.930813995392814
 20
5.541527643679857
 30
0.0
 10
9.929779486403604
 20
5.542722911183065
 30
0.0
 10
9.928711655797137
 20
5.543738096543383
 30
0.0
 10
9.927615387824025
 20
5.544569831300776
 30
0.0
 10
9.926515222154261
 20
5.545195178049239
 30
0.0
 10
9.925430967016597
 20
5.545603067109375
 30
0.0
 10
9.924378242274623
 20
5.545764595606729
 30
0.0
 10
9.923537196473417
 20
5.545706578790311
 30
0.0
 10
9.922860084314307
 20
5.545567115716385
 30
0.0
 10
9.922337618935131
 20
5.545376645144986
 30
0.0
 10
9.92178324922827
 20
5.545148769158931
 30
0.0
 10
9.921224809895586
 20
5.544833167174563
 30
0.0
 10
9.920629969099151
 20
5.544482085095575
 30
0.0
 10
9.920008298734318
 20
5.544078964459766
 30
0.0
 10
9.919386983483209
 20
5.543581775699049
 30
0.0
 10
9.91896341594323
 20
5.543235386720456
 30
0.0
 10
9.918745414024746
 20
5.5430571070962
 30
0.0
  0
SPLINE
  5
4BB
330
1F
100
AcDbEntity
  8
0
  6
Continuous
 62
     7
370
    18
100
AcDbSpline
210
0.0
220
0.0
230
1.0
 70
     8
 71
     3
 72
    19
 73
    15
 74
     0
 42
0.000000001
 43
0.00000001
 40
0.0
 40
0.0
 40
0.0
 40
0.0
 40
0.0916196503033885
 40
0.1772169170338192
 40
0.2572138864794295
 40
0.3327261756544816
 40
0.4063626015519459
 40
0.4818251714398549
 40
0.5597786289544495
 40
0.6420755672288898
 40
0.7270447134454785
 40
0.8145655772575455
 40
0.905256954852405
 40
1.0
 40
1.0
 40
1.0
 40
1.0
 10
9.933448947860839
 20
5.527969983731223
 30
0.0
 10
9.933603380852663
 20
5.528219929849366
 30
0.0
 10
9.933902095578258
 20
5.528703392516332
 30
0.0
 10
9.934255571897852
 20
5.529496328955029
 30
0.0
 10
9.934500282442581
 20
5.530324392407246
 30
0.0
 10
9.934647961018051
 20
5.531183511353807
 30
0.0
 10
9.934698451883234
 20
5.532094316697446
 30
0.0
 10
9.93462424366033
 20
5.533086309967402
 30
0.0
 10
9.934427529296265
 20
5.534160856179759
 30
0.0
 10
9.934136653986071
 20
5.535299670462288
 30
0.0
 10
9.933720865093939
 20
5.536493741309571
 30
0.0
 10
9.933191268069393
 20
5.537717680643188
 30
0.0
 10
9.932528765460985
 20
5.538952291856191
 30
0.0
 10
9.932021544295727
 20
5.539753507955861
 30
0.0
 10
9.931762392423874
 20
5.540162869130454
 30
0.0
  0
SPLINE
  5
4BC
330
1F
100
AcDbEntity
  8
0
  6
Continuous
 62
     7
370
    18
100
AcDbSpline
210
0.0
220
0.0
230
1.0
 70
     8
 71
     3
 72
    11
 73
     7
 74
     0
 42
0.000000001
 43
0.00000001
 40
0.0
 40
0.0
 40
0.0
 40
0.0
 40
0.3276715928479207
 40
0.6038425536631951
 40
0.8275606742326083
 40
1.0
 40
1.0
 40
1.0
 40
1.0
 10
9.931107506536117
 20
5.525561197629252
 30
0.0
 10
9.931381365602249
 20
5.525798634752909
 30
0.0
 10
9.931886040897407
 20
5.526236190654036
 30
0.0
 10
9.93255343322612
 20
5.526871905222445
 30
0.0
 10
9.933060357885873
 20
5.527438619719799
 30
0.0
 10
9.93333109950754
 20
5.527808836049137
 30
0.0
 10
9.933448947860839
 20
5.527969983731223
 30
0.0
  0
LINE
  5
4BD
330
1F
100
AcDbEntity
  8
0
  6
Continuous
 62
     7
370
    18
100
AcDbLine
 10
9.924172893
 20
5.5196401353
 30
0.0
 11
9.9311075065
 21
5.5255611976
 31
0.0
  0
LINE
  5
4BE
330
1F
100
AcDbEntity
  8
0
  6
Continuous
 62
     7
370
    18
100
AcDbLine
 10
9.9123042076
 20
5.5375556478
 30
0.0
 11
9.924172893
 21
5.5196401353
 31
0.0
  0
LINE
  5
4BF
330
1F
100
AcDbEntity
  8
0
  6
Continuous
 62
     7
370
    18
100
AcDbLine
 10
9.918745414
 20
5.5430571071
 30
0.0
 11
9.9123042076
 21
5.5375556478
 31
0.0
  0
LINE
  5
4C0
330
1F
100
AcDbEntity
  8
0
  6
Continuous
 62
     7
370
    18
100
AcDbLine
 10
9.9322337969
 20
5.5404350052
 30
0.0
 11
9.9317623924
 21
5.5401628691
 31
0.0
  0
LINE
  5
4C1
330
1F
100
AcDbEntity
  8
0
  6
Continuous
 62
     7
370
    18
100
AcDbLine
 10
9.9339203524
 20
5.5282421198
 30
0.0
 11
9.9334489479
 21
5.5279699837
 31
0.0
  0
SPLINE
  5
4C2
330
1F
100
AcDbEntity
  8
0
  6
Continuous
 62
     7
370
    18
100
AcDbSpline
210
0.0
220
0.0
230
1.0
 70
     8
 71
     3
 72
    23
 73
    19
 74
     0
 42
0.000000001
 43
0.00000001
 40
0.0
 40
0.0
 40
0.0
 40
0.0
 40
0.072349517657292
 40
0.1416744354495407
 40
0.2093382474079937
 40
0.2768052346742355
 40
0.3424714456600154
 40
0.4069368893657609
 40
0.4721061780357834
 40
0.5395813777936647
 40
0.5770281006807515
 40
0.6197507466125328
 40
0.6687746338238958
 40
0.723357068141592
 40
0.7835493688547223
 40
0.8494177857416765
 40
0.9218693479033648
 40
1.0
 40
1.0
 40
1.0
 40
1.0
 10
9.915462013546401
 20
5.56202490684685
 30
0.0
 10
9.915177543778851
 20
5.562437177910154
 30
0.0
 10
9.914620496613576
 20
5.563244484883815
 30
0.0
 10
9.913702320850609
 20
5.564325957296819
 30
0.0
 10
9.9127514351942
 20
5.565263518781183
 30
0.0
 10
9.911777672783879
 20
5.566046997541222
 30
0.0
 10
9.910802113080305
 20
5.566640418829521
 30
0.0
 10
9.909843132120937
 20
5.567048175305004
 30
0.0
 10
9.908927689187422
 20
5.567185351122839
 30
0.0
 10
9.908194254471995
 20
5.567136198829347
 30
0.0
 10
9.907605505053915
 20
5.56698339982526
 30
0.0
 10
9.907118049895052
 20
5.566792800978599
 30
0.0
 10
9.906595619056608
 20
5.566522085390884
 30
0.0
 10
9.906018613436336
 20
5.566205336583135
 30
0.0
 10
9.905410434198883
 20
5.56580762012007
 30
0.0
 10
9.904761758855201
 20
5.565338778592513
 30
0.0
 10
9.904076589965387
 20
5.564792751199495
 30
0.0
 10
9.90360484790372
 20
5.564405406746477
 30
0.0
 10
9.903360081182225
 20
5.564204430324066
 30
0.0
  0
SPLINE
  5
4C3
330
1F
100
AcDbEntity
  8
0
  6
Continuous
 62
     7
370
    18
100
AcDbSpline
210
0.0
220
0.0
230
1.0
 70
     8
 71
     3
 72
    15
 73
    11
 74
     0
 42
0.000000001
 43
0.00000001
 40
0.0
 40
0.0
 40
0.0
 40
0.0
 40
0.1361983409213584
 40
0.2629113367397279
 40
0.3831601034158677
 40
0.4994328917752257
 40
0.6156131512641052
 40
0.7365555141398017
 40
0.8630797662832326
 40
1.0
 40
1.0
 40
1.0
 40
1.0
 10
9.917363873932766
 20
5.552463335692929
 30
0.0
 10
9.917494062222374
 20
5.552791886085072
 30
0.0
 10
9.917745372018201
 20
5.553426105431654
 30
0.0
 10
9.917939348595572
 20
5.55451117875102
 30
0.0
 10
9.917947171863895
 20
5.55565897432383
 30
0.0
 10
9.917797965981363
 20
5.55685212765221
 30
0.0
 10
9.917464013431633
 20
5.55809933050538
 30
0.0
 10
9.916967690464666
 20
5.559387870995026
 30
0.0
 10
9.916286314925566
 20
5.560714667042229
 30
0.0
 10
9.915743915352353
 20
5.561576819561679
 30
0.0
 10
9.915462013546401
 20
5.56202490684685
 30
0.0
  0
SPLINE
  5
4C4
330
1F
100
AcDbEntity
  8
0
  6
Continuous
 62
     7
370
    18
100
AcDbSpline
210
0.0
220
0.0
230
1.0
 70
     8
 71
     3
 72
    15
 73
    11
 74
     0
 42
0.000000001
 43
0.00000001
 40
0.0
 40
0.0
 40
0.0
 40
0.0
 40
0.1662017903071554
 40
0.3215445288010106
 40
0.4635494438103534
 40
0.5948462554928615
 40
0.7133786557063218
 40
0.8201654838940303
 40
0.9167815458513949
 40
1.0
 40
1.0
 40
1.0
 40
1.0
 10
9.91425092320603
 20
5.548842424430185
 30
0.0
 10
9.914446710495202
 20
5.549011288767702
 30
0.0
 10
9.914825493007266
 20
5.549337984429271
 30
0.0
 10
9.915348656761097
 20
5.549842702026361
 30
0.0
 10
9.915830431317149
 20
5.550312204042099
 30
0.0
 10
9.916251346083769
 20
5.550769098143002
 30
0.0
 10
9.916610543005973
 20
5.551216984669741
 30
0.0
 10
9.916918824234285
 20
5.551641643695939
 30
0.0
 10
9.917171455778211
 20
5.552047221751843
 30
0.0
 10
9.917303001244818
 20
5.552331695442322
 30
0.0
 10
9.917363873932766
 20
5.552463335692929
 30
0.0
  0
LINE
  5
4C5
330
1F
100
AcDbEntity
  8
0
  6
Continuous
 62
     7
370
    18
100
AcDbLine
 10
9.9082313557
 20
5.5436984049
 30
0.0
 11
9.9142509232
 21
5.5488424244
 31
0.0
  0
LINE
  5
4C6
330
1F
100
AcDbEntity
  8
0
  6
Continuous
 62
     7
370
    18
100
AcDbLine
 10
9.8977980367
 20
5.5594489322
 30
0.0
 11
9.9082313557
 21
5.5436984049
 31
0.0
  0
LINE
  5
4C7
330
1F
100
AcDbEntity
  8
0
  6
Continuous
 62
     7
370
    18
100
AcDbLine
 10
9.9033600812
 20
5.5642044303
 30
0.0
 11
9.8977980367
 21
5.5594489322
 31
0.0
  0
LINE
  5
4C8
330
1F
100
AcDbEntity
  8
0
  6
Continuous
 62
     7
370
    18
100
AcDbLine
 10
9.9159334181
 20
5.5622970429
 30
0.0
 11
9.9154620135
 21
5.5620249068
 31
0.0
  0
LINE
  5
4C9
330
1F
100
AcDbEntity
  8
0
  6
Continuous
 62
     7
370
    18
100
AcDbLine
 10
9.9178352785
 20
5.5527354717
 30
0.0
 11
9.9173638739
 21
5.5524633357
 31
0.0
  0
LINE
  5
4CA
330
1F
100
AcDbEntity
  8
0
  6
Continuous
 62
     7
370
    18
100
AcDbLine
 10
9.9315789111
 20
5.5258333337
 30
0.0
 11
9.9311075065
 21
5.5255611976
 31
0.0
  0
LINE
  5
4CB
330
1F
100
AcDbEntity
  8
0
  6
Continuous
 62
     7
370
    18
100
AcDbLine
 10
9.890509492
 20
5.5627193937
 30
0.0
 11
9.8900380874
 21
5.5624472577
 31
0.0
  0
LINE
  5
4CC
330
1F
100
AcDbEntity
  8
0
  6
Continuous
 62
     7
370
    18
100
AcDbLine
 10
9.9147223277
 20
5.5491145605
 30
0.0
 11
9.9142509232
 21
5.5488424244
 31
0.0
  0
LINE
  5
4CD
330
1F
100
AcDbEntity
  8
0
  6
Continuous
 62
     7
370
    18
100
AcDbLine
 10
9.9246442975
 20
5.5199122714
 30
0.0
 11
9.924172893
 21
5.5196401353
 31
0.0
  0
LINE
  5
4CE
330
1F
100
AcDbEntity
  8
0
  6
Continuous
 62
     7
370
    18
100
AcDbLine
 10
9.9087027602
 20
5.5439705409
 30
0.0
 11
9.9082313557
 21
5.5436984049
 31
0.0
  0
LINE
  5
4CF
330
1F
100
AcDbEntity
  8
0
  6
Continuous
 62
     7
370
    18
100
AcDbLine
 10
9.8911675087
 20
5.510352502
 30
0.0
 11
9.8949622584
 21
5.5131447233
 31
0.0
  0
SPLINE
  5
4D0
330
1F
100
AcDbEntity
  8
0
  6
Continuous
 62
     7
370
    18
100
AcDbSpline
210
0.0
220
0.0
230
1.0
 70
     8
 71
     3
 72
    23
 73
    19
 74
     0
 42
0.000000001
 43
0.00000001
 40
0.0
 40
0.0
 40
0.0
 40
0.0
 40
0.0600867201759549
 40
0.1186600093363204
 40
0.1758847455131508
 40
0.2326381724471005
 40
0.2900808046475616
 40
0.3479702572193374
 40
0.407032063823648
 40
0.4685290342512335
 40
0.5312803276624606
 40
0.5937622795678588
 40
0.6565558640892902
 40
0.7202752024918991
 40
0.7862604036995616
 40
0.8546260529147471
 40
0.9256029101477142
 40
1.0
 40
1.0
 40
1.0
 40
1.0
 10
9.906929625197241
 20
5.506070358668165
 30
0.0
 10
9.907156256756771
 20
5.506203400234262
 30
0.0
 10
9.90760381160568
 20
5.506466132389205
 30
0.0
 10
9.908174494963191
 20
5.507003981440587
 30
0.0
 10
9.908668890379502
 20
5.507621540585368
 30
0.0
 10
9.909051599736717
 20
5.508365871298338
 30
0.0
 10
9.909361105713277
 20
5.509190267442643
 30
0.0
 10
9.909568291037731
 20
5.510124374838917
 30
0.0
 10
9.909669881450293
 20
5.511163671935517
 30
0.0
 10
9.909700281334484
 20
5.512279453093529
 30
0.0
 10
9.909631012725288
 20
5.513472948281051
 30
0.0
 10
9.90944796319665
 20
5.514723224371544
 30
0.0
 10
9.909168626484744
 20
5.516008691442742
 30
0.0
 10
9.908788059095427
 20
5.517335659892149
 30
0.0
 10
9.90830232681106
 20
5.51870627581393
 30
0.0
 10
9.907704133521127
 20
5.520117376224696
 30
0.0
 10
9.907013847349873
 20
5.521571389240372
 30
0.0
 10
9.906483403744618
 20
5.522535350429704
 30
0.0
 10
9.906211942032575
 20
5.523028670647355
 30
0.0
  0
SPLINE
  5
4D1
330
1F
100
AcDbEntity
  8
0
  6
Continuous
 62
     7
370
    18
100
AcDbSpline
210
0.0
220
0.0
230
1.0
 70
     8
 71
     3
 72
    23
 73
    19
 74
     0
 42
0.000000001
 43
0.00000001
 40
0.0
 40
0.0
 40
0.0
 40
0.0
 40
0.0728023968918816
 40
0.1422401455949877
 40
0.2082945802917545
 40
0.2724232292381822
 40
0.3339701442555324
 40
0.3941805768801905
 40
0.4540715592914317
 40
0.5141059537281039
 40
0.5739278656718813
 40
0.6324219445405569
 40
0.6903135615314809
 40
0.7486944442053171
 40
0.8086295899426074
 40
0.8702731586986509
 40
0.9339956558804613
 40
1.0
 40
1.0
 40
1.0
 40
1.0
 10
9.906211942032575
 20
5.523028670647355
 30
0.0
 10
9.90594410627438
 20
5.52349253609698
 30
0.0
 10
9.905420813101795
 20
5.524398828910239
 30
0.0
 10
9.904582637578505
 20
5.525677417180818
 30
0.0
 10
9.903735877585154
 20
5.526861829176927
 30
0.0
 10
9.902867009908519
 20
5.527931739624615
 30
0.0
 10
9.901981975776248
 20
5.528897443057603
 30
0.0
 10
9.901076409263343
 20
5.529736859921499
 30
0.0
 10
9.900158807030376
 20
5.530493024453177
 30
0.0
 10
9.899224871039427
 20
5.531120917059993
 30
0.0
 10
9.898296622563956
 20
5.53163436890915
 30
0.0
 10
9.897384201134502
 20
5.532041910810373
 30
0.0
 10
9.89649920152563
 20
5.532306532966092
 30
0.0
 10
9.895628900591444
 20
5.532471209385518
 30
0.0
 10
9.894786798180029
 20
5.532480965266847
 30
0.0
 10
9.893957248719229
 20
5.5323916934532
 30
0.0
 10
9.893156647536747
 20
5.532167095341488
 30
0.0
 10
9.892658809542244
 20
5.531928423260522
 30
0.0
 10
9.892405512152317
 20
5.531806988143427
 30
0.0
  0
LINE
  5
4D2
330
1F
100
AcDbEntity
  8
0
  6
Continuous
 62
     7
370
    18
100
AcDbLine
 10
9.8895437505
 20
5.5234104054
 30
0.0
 11
9.8853901592
 21
5.5222652991
 31
0.0
  0
LINE
  5
4D3
330
1F
100
AcDbEntity
  8
0
  6
Continuous
 62
     7
370
    18
100
AcDbLine
 10
9.8853901592
 20
5.5222652991
 30
0.0
 11
9.8727128491
 21
5.552029285
 31
0.0
  0
LINE
  5
4D4
330
1F
100
AcDbEntity
  8
0
  6
Continuous
 62
     7
370
    18
100
AcDbLine
 10
9.891772071
 20
5.5538090605
 30
0.0
 11
9.8794603021
 21
5.5472775752
 31
0.0
  0
SPLINE
  5
4D5
330
1F
100
AcDbEntity
  8
0
  6
Continuous
 62
     7
370
    18
100
AcDbSpline
210
0.0
220
0.0
230
1.0
 70
     8
 71
     3
 72
    15
 73
    11
 74
     0
 42
0.000000001
 43
0.00000001
 40
0.0
 40
0.0
 40
0.0
 40
0.0
 40
0.1334688175773498
 40
0.2629897384418351
 40
0.3894718507025785
 40
0.5145464698927281
 40
0.635819447958068
 40
0.7571540912986984
 40
0.8785051734205082
 40
1.0
 40
1.0
 40
1.0
 40
1.0
 10
9.886000189907675
 20
5.531650995731625
 30
0.0
 10
9.88608790889968
 20
5.532050717308539
 30
0.0
 10
9.886260752228806
 20
5.532838337030285
 30
0.0
 10
9.886602655412556
 20
5.53393009574912
 30
0.0
 10
9.887017840730195
 20
5.534918848688425
 30
0.0
 10
9.887497235622606
 20
5.535807825826074
 30
0.0
 10
9.888052066741142
 20
5.536587241188015
 30
0.0
 10
9.88867065523119
 20
5.537267540679113
 30
0.0
 10
9.889361080936622
 20
5.537846239746812
 30
0.0
 10
9.889871505005765
 20
5.538150109316939
 30
0.0
 10
9.890126868104504
 20
5.538302134034682
 30
0.0
  0
SPLINE
  5
4D6
330
1F
100
AcDbEntity
  8
0
  6
Continuous
 62
     7
370
    18
100
AcDbSpline
210
0.0
220
0.0
230
1.0
 70
     8
 71
     3
 72
    23
 73
    19
 74
     0
 42
0.000000001
 43
0.00000001
 40
0.0
 40
0.0
 40
0.0
 40
0.0
 40
0.0707000504725515
 40
0.1385690609552848
 40
0.2036996576983572
 40
0.2669383178680568
 40
0.3284404521689693
 40
0.3893004839587267
 40
0.4498884399343794
 40
0.5105566338649209
 40
0.5709701221380491
 40
0.6304449873189427
 40
0.6895172373491809
 40
0.7488669653285165
 40
0.8091800963748174
 40
0.8707299692046685
 40
0.9344241879007886
 40
1.0
 40
1.0
 40
1.0
 40
1.0
 10
9.910033604884422
 20
5.500538716779619
 30
0.0
 10
9.909671192099655
 20
5.500360787196422
 30
0.0
 10
9.908960878614339
 20
5.500012052858963
 30
0.0
 10
9.90782522320363
 20
5.499675891361201
 30
0.0
 10
9.906673710350615
 20
5.499481469180544
 30
0.0
 10
9.905495862125369
 20
5.49945447780301
 30
0.0
 10
9.904293716905391
 20
5.499586700855198
 30
0.0
 10
9.90307092552042
 20
5.499858189787792
 30
0.0
 10
9.901817880380946
 20
5.500319555696493
 30
0.0
 10
9.900554106851216
 20
5.500910394286416
 30
0.0
 10
9.899291430247606
 20
5.501648733811374
 30
0.0
 10
9.898048339950495
 20
5.502525587673148
 30
0.0
 10
9.89682905041681
 20
5.5035150405032
 30
0.0
 10
9.895641946635324
 20
5.504648877131638
 30
0.0
 10
9.894467217876977
 20
5.505875219156572
 30
0.0
 10
9.89333617352612
 20
5.507261823201919
 30
0.0
 10
9.892218460874469
 20
5.508747305731085
 30
0.0
 10
9.891521209042917
 20
5.509812269572364
 30
0.0
 10
9.891167508693268
 20
5.510352502047891
 30
0.0
  0
LINE
  5
4D7
330
1F
100
AcDbEntity
  8
0
  6
Continuous
 62
     7
370
    18
100
AcDbLine
 10
9.8794603021
 20
5.5472775752
 30
0.0
 11
9.8789888975
 21
5.5470054392
 31
0.0
  0
LINE
  5
4D8
330
1F
100
AcDbEntity
  8
0
  6
Continuous
 62
     7
370
    18
100
AcDbLine
 10
9.8924055122
 20
5.5318069881
 30
0.0
 11
9.8919341076
 21
5.5315348521
 31
0.0
  0
LINE
  5
4D9
330
1F
100
AcDbEntity
  8
0
  6
Continuous
 62
     7
370
    18
100
AcDbLine
 10
9.906211942
 20
5.5230286706
 30
0.0
 11
9.9057405375
 21
5.5227565346
 31
0.0
  0
LINE
  5
4DA
330
1F
100
AcDbEntity
  8
0
  6
Continuous
 62
     7
370
    18
100
AcDbLine
 10
9.9069296252
 20
5.5060703587
 30
0.0
 11
9.9064582207
 21
5.5057982226
 31
0.0
  0
LINE
  5
4DB
330
1F
100
AcDbEntity
  8
0
  6
Continuous
 62
     7
370
    18
100
AcDbLine
 10
9.8860001899
 20
5.5316509957
 30
0.0
 11
9.8855287854
 21
5.5313788597
 31
0.0
  0
LINE
  5
4DC
330
1F
100
AcDbEntity
  8
0
  6
Continuous
 62
     7
370
    18
100
AcDbLine
 10
9.8853901592
 20
5.5222652991
 30
0.0
 11
9.8849187547
 21
5.5219931631
 31
0.0
  0
LINE
  5
4DD
330
1F
100
AcDbEntity
  8
0
  6
Continuous
 62
     7
370
    18
100
AcDbLine
 10
9.8911675087
 20
5.510352502
 30
0.0
 11
9.8906961042
 21
5.510080366
 31
0.0
  0
LINE
  5
4DE
330
1F
100
AcDbEntity
  8
0
  6
Continuous
 62
     7
370
    18
100
AcDbLine
 10
9.848933894
 20
5.5364401092
 30
0.0
 11
9.8458217428
 21
5.5429707548
 31
0.0
  0
LINE
  5
4DF
330
1F
100
AcDbEntity
  8
0
  6
Continuous
 62
     7
370
    18
100
AcDbLine
 10
9.8816512752
 20
5.4903281971
 30
0.0
 11
9.8771926686
 21
5.4889862332
 31
0.0
  0
SPLINE
  5
4E0
330
1F
100
AcDbEntity
  8
0
  6
Continuous
 62
     7
370
    18
100
AcDbSpline
210
0.0
220
0.0
230
1.0
 70
     8
 71
     3
 72
    27
 73
    23
 74
     0
 42
0.000000001
 43
0.00000001
 40
0.0
 40
0.0
 40
0.0
 40
0.0
 40
0.0318407561911866
 40
0.0653274833431398
 40
0.1004381488579695
 40
0.1374679657670992
 40
0.1763708785917139
 40
0.2170790008523743
 40
0.259429081125079
 40
0.3039171978344412
 40
0.3946240837025317
 40
0.4852793494966697
 40
0.5764573994296328
 40
0.6682457689691796
 40
0.7137006964637009
 40
0.758172116752603
 40
0.8012163556779044
 40
0.8433276979407363
 40
0.8840965860471734
 40
0.9237716300810771
 40
0.9623888809740858
 40
1.0
 40
1.0
 40
1.0
 40
1.0
 10
9.877192668558989
 20
5.488986233197709
 30
0.0
 10
9.876931996173747
 20
5.489558726654305
 30
0.0
 10
9.876397176246641
 20
5.49073330795273
 30
0.0
 10
9.875642918514405
 20
5.492552842877507
 30
0.0
 10
9.874872353564452
 20
5.494469027822673
 30
0.0
 10
9.874125493942696
 20
5.496489075691658
 30
0.0
 10
9.873369555848106
 20
5.498611540455387
 30
0.0
 10
9.872628489185873
 20
5.500830895090747
 30
0.0
 10
9.87189110911991
 20
5.503150063307289
 30
0.0
 10
9.870909859530082
 20
5.506375144691582
 30
0.0
 10
9.8697819925847
 20
5.510466314692993
 30
0.0
 10
9.868641674654539
 20
5.515363482282933
 30
0.0
 10
9.867710475293974
 20
5.52022501363833
 30
0.0
 10
9.867102075869338
 20
5.524229690152652
 30
0.0
 10
9.866738977983829
 20
5.527367295474305
 30
0.0
 10
9.866498713195991
 20
5.529652750288482
 30
0.0
 10
9.866333472825296
 20
5.531849724495345
 30
0.0
 10
9.866204361513807
 20
5.533968555223047
 30
0.0
 10
9.866131005147384
 20
5.536004364749052
 30
0.0
 10
9.866117349548812
 20
5.537950164400518
 30
0.0
 10
9.866133903218197
 20
5.539827672771285
 30
0.0
 10
9.866204296951915
 20
5.541025337514494
 30
0.0
 10
9.86623902925828
 20
5.541616265947805
 30
0.0
  0
LINE
  5
4E1
330
1F
100
AcDbEntity
  8
0
  6
Continuous
 62
     7
370
    18
100
AcDbLine
 10
9.8662390293
 20
5.5416162659
 30
0.0
 11
9.848933894
 21
5.5364401092
 31
0.0
  0
LINE
  5
4E2
330
1F
100
AcDbEntity
  8
0
  6
Continuous
 62
     7
370
    18
100
AcDbLine
 10
9.8662390293
 20
5.5416162659
 30
0.0
 11
9.8657676247
 21
5.5413441299
 31
0.0
  0
LINE
  5
4E3
330
1F
100
AcDbEntity
  8
0
  6
Continuous
 62
     7
370
    18
100
AcDbLine
 10
9.8771926686
 20
5.4889862332
 30
0.0
 11
9.876721264
 21
5.4887140972
 31
0.0
  0
ARC
  5
4E4
330
1F
100
AcDbEntity
  8
0
  6
Continuous
 62
     7
370
    18
100
AcDbCircle
 10
9.8505997248
 20
5.7132318288
 30
0.0
 40
0.2438482733778132
100
AcDbArc
 50
235.9813927104
 51
285.1226149865
  0
LINE
  5
4E5
330
1F
100
AcDbEntity
  8
0
  6
Continuous
 62
     7
370
    18
100
AcDbLine
 10
9.848933894
 20
5.5364401092
 30
0.0
 11
9.8484624894
 21
5.5361679731
 31
0.0
  0
LINE
  5
4E6
330
1F
100
AcDbEntity
  8
0
  6
Continuous
 62
     7
370
    18
100
AcDbLine
 10
9.8596066162
 20
5.4857114895
 30
0.0
 11
9.8554706694
 21
5.4852773311
 31
0.0
  0
LINE
  5
4E7
330
1F
100
AcDbEntity
  8
0
  6
Continuous
 62
     7
370
    18
100
AcDbLine
 10
9.8554706694
 20
5.4852773311
 30
0.0
 11
9.8377887504
 21
5.5300128504
 31
0.0
  0
LINE
  5
4E8
330
1F
100
AcDbEntity
  8
0
  6
Continuous
 62
     7
370
    18
100
AcDbLine
 10
9.8317422697
 20
5.5205644871
 30
0.0
 11
9.8290599289
 21
5.5273548387
 31
0.0
  0
SPLINE
  5
4E9
330
1F
100
AcDbEntity
  8
0
  6
Continuous
 62
     7
370
    18
100
AcDbSpline
210
0.0
220
0.0
230
1.0
 70
     8
 71
     3
 72
    15
 73
    11
 74
     0
 42
0.000000001
 43
0.00000001
 40
0.0
 40
0.0
 40
0.0
 40
0.0
 40
0.143726198715436
 40
0.2837968176008527
 40
0.4202017983616712
 40
0.5538719671384316
 40
0.6810802147622428
 40
0.7970350196549562
 40
0.902922635823353
 40
1.0
 40
1.0
 40
1.0
 40
1.0
 10
9.829059928918243
 20
5.527354838742236
 30
0.0
 10
9.829511684489113
 20
5.527895536623348
 30
0.0
 10
9.830403705529756
 20
5.528963180096249
 30
0.0
 10
9.83156541060824
 20
5.530749141887352
 30
0.0
 10
9.832522238394493
 20
5.532693836131353
 30
0.0
 10
9.833311753498624
 20
5.534721137114567
 30
0.0
 10
9.833893722766808
 20
5.536802717424489
 30
0.0
 10
9.83430294767788
 20
5.538841412694558
 30
0.0
 10
9.834499642782172
 20
5.540844064098543
 30
0.0
 10
9.834461023910173
 20
5.542217062965182
 30
0.0
 10
9.834442552653236
 20
5.54287376300656
 30
0.0
  0
LINE
  5
4EA
330
1F
100
AcDbEntity
  8
0
  6
Continuous
 62
     7
370
    18
100
AcDbLine
 10
10.1941358909
 20
5.6916902165
 30
0.0
 11
10.2034629149
 21
5.6836204521
 31
0.0
  0
LINE
  5
4EB
330
1F
100
AcDbEntity
  8
0
  6
Continuous
 62
     7
370
    18
100
AcDbLine
 10
9.8377887504
 20
5.5300128504
 30
0.0
 11
9.8373173459
 21
5.5297407144
 31
0.0
  0
LINE
  5
4EC
330
1F
100
AcDbEntity
  8
0
  6
Continuous
 62
     7
370
    18
100
AcDbLine
 10
9.8554706694
 20
5.4852773311
 30
0.0
 11
9.8549992649
 21
5.4850051951
 31
0.0
  0
LINE
  5
4ED
330
1F
100
AcDbEntity
  8
0
  6
Continuous
 62
     7
370
    18
100
AcDbLine
 10
9.8290599289
 20
5.5273548387
 30
0.0
 11
9.8285885244
 21
5.5270827027
 31
0.0
  0
LINE
  5
4EE
330
1F
100
AcDbEntity
  8
0
  6
Continuous
 62
     7
370
    18
100
AcDbLine
 10
9.8102973423
 20
5.4857842179
 30
0.0
 11
9.792533311
 21
5.542763222
 31
0.0
  0
LINE
  5
4EF
330
1F
100
AcDbEntity
  8
0
  6
Continuous
 62
     7
370
    18
100
AcDbLine
 10
9.821417803
 20
5.5344267061
 30
0.0
 11
9.7999268205
 21
5.5359435824
 31
0.0
  0
LINE
  5
4F0
330
1F
100
AcDbEntity
  8
0
  6
Continuous
 62
     7
370
    18
100
AcDbLine
 10
9.826091544
 20
5.5101290499
 30
0.0
 11
9.8075701463
 21
5.5114338992
 31
0.0
  0
LINE
  5
4F1
330
1F
100
AcDbEntity
  8
0
  6
Continuous
 62
     7
370
    18
100
AcDbLine
 10
9.8151114916
 20
5.4854511175
 30
0.0
 11
9.8102973423
 21
5.4857842179
 31
0.0
  0
LINE
  5
4F2
330
1F
100
AcDbEntity
  8
0
  6
Continuous
 62
     7
370
    18
100
AcDbLine
 10
9.7999268205
 20
5.5359435824
 30
0.0
 11
9.799455416
 21
5.5356714463
 31
0.0
  0
LINE
  5
4F3
330
1F
100
AcDbEntity
  8
0
  6
Continuous
 62
     7
370
    18
100
AcDbLine
 10
9.8075701463
 20
5.5114338992
 30
0.0
 11
9.8070987417
 21
5.5111617631
 31
0.0
  0
LINE
  5
4F4
330
1F
100
AcDbEntity
  8
0
  6
Continuous
 62
     7
370
    18
100
AcDbLine
 10
9.8102973423
 20
5.4857842179
 30
0.0
 11
9.8098259378
 21
5.4855120818
 31
0.0
  0
LINE
  5
4F5
330
1F
100
AcDbEntity
  8
0
  6
Continuous
 62
     7
370
    18
100
AcDbLine
 10
9.8318897628
 20
5.9039237754
 30
0.0
 11
9.8255320727
 21
5.9002535591
 31
0.0
  0
ARC
  5
4F6
330
1F
100
AcDbEntity
  8
0
  6
Continuous
 62
     7
370
    18
100
AcDbCircle
 10
9.947083993
 20
5.9401891906
 30
0.0
 40
0.1280443385690916
100
AcDbArc
 50
181.9631611415
 51
212.5474458289
  0
LINE
  5
4F7
330
1F
100
AcDbEntity
  8
0
  6
Continuous
 62
     7
370
    18
100
AcDbLine
 10
9.7704952923
 20
5.4946789896
 30
0.0
 11
9.7582493924
 21
5.550753782
 31
0.0
  0
SPLINE
  5
4F8
330
1F
100
AcDbEntity
  8
0
  6
Continuous
 62
     7
370
    18
100
AcDbSpline
210
0.0
220
0.0
230
1.0
 70
     8
 71
     3
 72
    10
 73
     6
 74
     0
 42
0.000000001
 43
0.00000001
 40
0.0
 40
0.0
 40
0.0
 40
0.0
 40
0.0148786847211672
 40
0.506654440756282
 40
1.0
 40
1.0
 40
1.0
 40
1.0
 10
9.791716420823974
 20
5.513771664279393
 30
0.0
 10
9.791687283127189
 20
5.513735685951234
 30
0.0
 10
9.790695075566767
 20
5.51251053869705
 30
0.0
 10
9.787088916883894
 20
5.512739516913491
 30
0.0
 10
9.783761304123953
 20
5.513307010190218
 30
0.0
 10
9.782094846447587
 20
5.513591208982419
 30
0.0
  0
LINE
  5
4F9
330
1F
100
AcDbEntity
  8
0
  6
Continuous
 62
     7
370
    18
100
AcDbLine
 10
9.7820948464
 20
5.513591209
 30
0.0
 11
9.7711322361
 21
5.5162629121
 31
0.0
  0
LINE
  5
4FA
330
1F
100
AcDbEntity
  8
0
  6
Continuous
 62
     7
370
    18
100
AcDbLine
 10
9.7755863662
 20
5.4934383484
 30
0.0
 11
9.7704952923
 21
5.4946789896
 31
0.0
  0
SPLINE
  5
4FB
330
1F
100
AcDbEntity
  8
0
  6
Continuous
 62
     7
370
    18
100
AcDbSpline
210
0.0
220
0.0
230
1.0
 70
     8
 71
     3
 72
    10
 73
     6
 74
     0
 42
0.000000001
 43
0.00000001
 40
0.0
 40
0.0
 40
0.0
 40
0.0
 40
0.162321433271979
 40
0.5801311230475031
 40
1.0
 40
1.0
 40
1.0
 40
1.0
 10
9.786925754495707
 20
5.520607673337407
 30
0.0
 10
9.787275665147494
 20
5.520702513444864
 30
0.0
 10
9.78852623357395
 20
5.521041468670552
 30
0.0
 10
9.789199290419283
 20
5.52395326235257
 30
0.0
 10
9.788775421438395
 20
5.526688015539665
 30
0.0
 10
9.788562965969138
 20
5.528058753427699
 30
0.0
  0
SPLINE
  5
4FC
330
1F
100
AcDbEntity
  8
0
  6
Continuous
 62
     7
370
    18
100
AcDbSpline
210
0.0
220
0.0
230
1.0
 70
     8
 71
     3
 72
    15
 73
    11
 74
     0
 42
0.000000001
 43
0.00000001
 40
0.0
 40
0.0
 40
0.0
 40
0.0
 40
0.1387669038796044
 40
0.2708388672393434
 40
0.3963365405974721
 40
0.5220456101917337
 40
0.6439742582998961
 40
0.7620050881682842
 40
0.8793992363417392
 40
1.0
 40
1.0
 40
1.0
 40
1.0
 10
9.788562965969138
 20
5.528058753427699
 30
0.0
 10
9.788422743245086
 20
5.528632293317637
 30
0.0
 10
9.788149062974924
 20
5.529751702123083
 30
0.0
 10
9.787543122321585
 20
5.531413118404467
 30
0.0
 10
9.786794782318164
 20
5.532992344387301
 30
0.0
 10
9.785908907009766
 20
5.534457399124161
 30
0.0
 10
9.784930127864078
 20
5.535796895049394
 30
0.0
 10
9.783876052214048
 20
5.536963855023614
 30
0.0
 10
9.782753497161588
 20
5.537948425129498
 30
0.0
 10
9.781982938572789
 20
5.538421331962178
 30
0.0
 10
9.78159246823232
 20
5.538660971224721
 30
0.0
  0
SPLINE
  5
4FD
330
1F
100
AcDbEntity
  8
0
  6
Continuous
 62
     7
370
    18
100
AcDbSpline
210
0.0
220
0.0
230
1.0
 70
     8
 71
     3
 72
    15
 73
    11
 74
     0
 42
0.000000001
 43
0.00000001
 40
0.0
 40
0.0
 40
0.0
 40
0.0
 40
0.0764867301142913
 40
0.1663406418655359
 40
0.2702051043452391
 40
0.387734529186278
 40
0.5193244692442902
 40
0.6662558858454832
 40
0.8262166890505913
 40
1.0
 40
1.0
 40
1.0
 40
1.0
 10
9.78159246823232
 20
5.538660971224722
 30
0.0
 10
9.781451860097034
 20
5.538732979188234
 30
0.0
 10
9.781146070485683
 20
5.538889579566522
 30
0.0
 10
9.780650768848629
 20
5.539115572747671
 30
0.0
 10
9.780087486443673
 20
5.539317094494805
 30
0.0
 10
9.779448889511258
 20
5.539545997349703
 30
0.0
 10
9.778739349447333
 20
5.539760578232369
 30
0.0
 10
9.777952074471933
 20
5.540007735031907
 30
0.0
 10
9.777100462032749
 20
5.54022009797289
 30
0.0
 10
9.77650890308005
 20
5.54036961266006
 30
0.0
 10
9.77620087345777
 20
5.540447466189963
 30
0.0
  0
LINE
  5
4FE
330
1F
100
AcDbEntity
  8
0
  6
Continuous
 62
     7
370
    18
100
AcDbLine
 10
9.7762008735
 20
5.5404474662
 30
0.0
 11
9.7652651762
 21
5.5431139921
 31
0.0
  0
LINE
  5
4FF
330
1F
100
AcDbEntity
  8
0
  6
Continuous
 62
     7
370
    18
100
AcDbLine
 10
9.7820948464
 20
5.513591209
 30
0.0
 11
9.7816234419
 21
5.5133190729
 31
0.0
  0
SPLINE
  5
500
330
1F
100
AcDbEntity
  8
0
  6
Continuous
 62
     7
370
    18
100
AcDbSpline
210
0.0
220
0.0
230
1.0
 70
     8
 71
     3
 72
    15
 73
    11
 74
     0
 42
0.000000001
 43
0.00000001
 40
0.0
 40
0.0
 40
0.0
 40
0.0
 40
0.0764867301142913
 40
0.1663406418655359
 40
0.2702051043452391
 40
0.387734529186278
 40
0.5193244692442902
 40
0.6662558858454832
 40
0.8262166890505913
 40
1.0
 40
1.0
 40
1.0
 40
1.0
 10
9.78112106371153
 20
5.538388835187448
 30
0.0
 10
9.780980455576243
 20
5.538460843150959
 30
0.0
 10
9.780674665964893
 20
5.538617443529247
 30
0.0
 10
9.78017936432784
 20
5.538843436710397
 30
0.0
 10
9.779616081922882
 20
5.539044958457531
 30
0.0
 10
9.778977484990467
 20
5.539273861312428
 30
0.0
 10
9.778267944926542
 20
5.539488442195094
 30
0.0
 10
9.777480669951142
 20
5.539735598994634
 30
0.0
 10
9.776629057511958
 20
5.539947961935615
 30
0.0
 10
9.776037498559258
 20
5.540097476622786
 30
0.0
 10
9.775729468936976
 20
5.540175330152689
 30
0.0
  0
SPLINE
  5
501
330
1F
100
AcDbEntity
  8
0
  6
Continuous
 62
     7
370
    18
100
AcDbSpline
210
0.0
220
0.0
230
1.0
 70
     8
 71
     3
 72
    15
 73
    11
 74
     0
 42
0.000000001
 43
0.00000001
 40
0.0
 40
0.0
 40
0.0
 40
0.0
 40
0.1387669038796044
 40
0.2708388672393434
 40
0.3963365405974721
 40
0.5220456101917337
 40
0.6439742582998961
 40
0.7620050881682842
 40
0.8793992363417392
 40
1.0
 40
1.0
 40
1.0
 40
1.0
 10
9.788091561448347
 20
5.527786617390426
 30
0.0
 10
9.787951338724294
 20
5.528360157280363
 30
0.0
 10
9.787677658454133
 20
5.529479566085809
 30
0.0
 10
9.787071717800796
 20
5.531140982367193
 30
0.0
 10
9.786323377797375
 20
5.532720208350028
 30
0.0
 10
9.785437502488975
 20
5.534185263086886
 30
0.0
 10
9.784458723343286
 20
5.535524759012119
 30
0.0
 10
9.783404647693256
 20
5.53669171898634
 30
0.0
 10
9.782282092640799
 20
5.537676289092223
 30
0.0
 10
9.781511534051997
 20
5.538149195924904
 30
0.0
 10
9.78112106371153
 20
5.538388835187447
 30
0.0
  0
SPLINE
  5
502
330
1F
100
AcDbEntity
  8
0
  6
Continuous
 62
     7
370
    18
100
AcDbSpline
210
0.0
220
0.0
230
1.0
 70
     8
 71
     3
 72
    23
 73
    19
 74
     0
 42
0.000000001
 43
0.00000001
 40
0.0
 40
0.0
 40
0.0
 40
0.0
 40
0.0903857662047885
 40
0.1742839904039249
 40
0.2519836566184788
 40
0.3235690615754269
 40
0.3900588561776085
 40
0.4509227641046731
 40
0.5085469838528746
 40
0.5621625251035899
 40
0.6142375317416514
 40
0.6658822701713447
 40
0.7174662143028179
 40
0.7699912005588093
 40
0.8237755487266778
 40
0.879357876742047
 40
0.9379897570411292
 40
1.0
 40
1.0
 40
1.0
 40
1.0
 10
9.78025984391393
 20
5.519959336653121
 30
0.0
 10
9.780698028964473
 20
5.519859581865564
 30
0.0
 10
9.781542947831129
 20
5.519667232304708
 30
0.0
 10
9.782738836573056
 20
5.519494936477048
 30
0.0
 10
9.78381610883898
 20
5.519433132215826
 30
0.0
 10
9.784785920873219
 20
5.519457945667156
 30
0.0
 10
9.785628425775002
 20
5.51961320774856
 30
0.0
 10
9.786359670819705
 20
5.51987001510392
 30
0.0
 10
9.786972163938142
 20
5.520236879991572
 30
0.0
 10
9.787464479799553
 20
5.520723560233074
 30
0.0
 10
9.787854856740502
 20
5.521303354984521
 30
0.0
 10
9.788147814616378
 20
5.521978851343934
 30
0.0
 10
9.78837222094087
 20
5.522725070431709
 30
0.0
 10
9.788481448248609
 20
5.523579518147811
 30
0.0
 10
9.788517135453928
 20
5.524505652959612
 30
0.0
 10
9.788474712151535
 20
5.5255134138452
 30
0.0
 10
9.788325267353011
 20
5.52661793413381
 30
0.0
 10
9.788170904301818
 20
5.527389850930807
 30
0.0
 10
9.788091561448347
 20
5.527786617390426
 30
0.0
  0
LINE
  5
503
330
1F
100
AcDbEntity
  8
0
  6
Continuous
 62
     7
370
    18
100
AcDbLine
 10
9.7692075232
 20
5.5226517502
 30
0.0
 11
9.7802598439
 21
5.5199593367
 31
0.0
  0
LINE
  5
504
330
1F
100
AcDbEntity
  8
0
  6
Continuous
 62
     7
370
    18
100
AcDbLine
 10
9.7647937717
 20
5.5428418561
 30
0.0
 11
9.7692075232
 21
5.5226517502
 31
0.0
  0
LINE
  5
505
330
1F
100
AcDbEntity
  8
0
  6
Continuous
 62
     7
370
    18
100
AcDbLine
 10
9.7757294689
 20
5.5401753302
 30
0.0
 11
9.7647937717
 21
5.5428418561
 31
0.0
  0
LINE
  5
506
330
1F
100
AcDbEntity
  8
0
  6
Continuous
 62
     7
370
    18
100
AcDbLine
 10
9.7815924682
 20
5.5386609712
 30
0.0
 11
9.7811210637
 21
5.5383888352
 31
0.0
  0
LINE
  5
507
330
1F
100
AcDbEntity
  8
0
  6
Continuous
 62
     7
370
    18
100
AcDbLine
 10
9.788562966
 20
5.5280587534
 30
0.0
 11
9.7880915614
 21
5.5277866174
 31
0.0
  0
LINE
  5
508
330
1F
100
AcDbEntity
  8
0
  6
Continuous
 62
     7
370
    18
100
AcDbLine
 10
9.7762008735
 20
5.5404474662
 30
0.0
 11
9.7757294689
 21
5.5401753302
 31
0.0
  0
LINE
  5
509
330
1F
100
AcDbEntity
  8
0
  6
Continuous
 62
     7
370
    18
100
AcDbLine
 10
9.7652651762
 20
5.5431139921
 30
0.0
 11
9.7647937717
 21
5.5428418561
 31
0.0
  0
LINE
  5
50A
330
1F
100
AcDbEntity
  8
0
  6
Continuous
 62
     7
370
    18
100
AcDbLine
 10
9.7704952923
 20
5.4946789896
 30
0.0
 11
9.7700238878
 21
5.4944068535
 31
0.0
  0
LINE
  5
50B
330
1F
100
AcDbEntity
  8
0
  6
Continuous
 62
     7
370
    18
100
AcDbLine
 10
9.7711322361
 20
5.5162629121
 30
0.0
 11
9.7706608316
 21
5.515990776
 31
0.0
  0
SPLINE
  5
50C
330
1F
100
AcDbEntity
  8
0
  6
Continuous
 62
     7
370
    18
100
AcDbSpline
210
0.0
220
0.0
230
1.0
 70
     8
 71
     3
 72
    10
 73
     6
 74
     0
 42
0.000000001
 43
0.00000001
 40
0.0
 40
0.0
 40
0.0
 40
0.0
 40
0.3359990987711591
 40
0.668042686711938
 40
0.9999999999999999
 40
0.9999999999999999
 40
0.9999999999999999
 40
0.9999999999999999
 10
9.737136828216542
 20
5.516100735391515
 30
0.0
 10
9.737614582063566
 20
5.516312220249831
 30
0.0
 10
9.738564465455282
 20
5.516732700285236
 30
0.0
 10
9.739186854320232
 20
5.518503797220387
 30
0.0
 10
9.739192943551542
 20
5.519934117373915
 30
0.0
 10
9.739195987771605
 20
5.520649184528837
 30
0.0
  0
SPLINE
  5
50D
330
1F
100
AcDbEntity
  8
0
  6
Continuous
 62
     7
370
    18
100
AcDbSpline
210
0.0
220
0.0
230
1.0
 70
     8
 71
     3
 72
    15
 73
    11
 74
     0
 42
0.000000001
 43
0.00000001
 40
0.0
 40
0.0
 40
0.0
 40
0.0
 40
0.1159478296343706
 40
0.2268150255487367
 40
0.337025343908127
 40
0.447651980199727
 40
0.5656407590845169
 40
0.6943645108304052
 40
0.8393560532612394
 40
0.9999999999999999
 40
0.9999999999999999
 40
0.9999999999999999
 40
0.9999999999999999
 10
9.739195987771605
 20
5.520649184528836
 30
0.0
 10
9.739153338725648
 20
5.521063178995504
 30
0.0
 10
9.7390699094413
 20
5.52187302740604
 30
0.0
 10
9.73875528000623
 20
5.523141727746833
 30
0.0
 10
9.738295433547458
 20
5.52439971459381
 30
0.0
 10
9.737677620129833
 20
5.525659418098287
 30
0.0
 10
9.73689165561932
 20
5.526917987620799
 30
0.0
 10
9.735919972019408
 20
5.52818961950851
 30
0.0
 10
9.734757411457128
 20
5.529464963206886
 30
0.0
 10
9.733903397561054
 20
5.530265933771342
 30
0.0
 10
9.733454522454279
 20
5.530686928967436
 30
0.0
  0
SPLINE
  5
50E
330
1F
100
AcDbEntity
  8
0
  6
Continuous
 62
     7
370
    18
100
AcDbSpline
210
0.0
220
0.0
230
1.0
 70
     8
 71
     3
 72
    23
 73
    19
 74
     0
 42
0.000000001
 43
0.00000001
 40
0.0
 40
0.0
 40
0.0
 40
0.0
 40
0.0317296423660936
 40
0.0716453918465982
 40
0.1193889162953205
 40
0.1748683133454728
 40
0.2386114009871894
 40
0.310203642618702
 40
0.3895629770013352
 40
0.4767746164834192
 40
0.5645804293625464
 40
0.6462436157397164
 40
0.7212682747603837
 40
0.7892768192855502
 40
0.8518425376356009
 40
0.9073826010757222
 40
0.956623376438095
 40
0.9999999999999999
 40
0.9999999999999999
 40
0.9999999999999999
 40
0.9999999999999999
 10
9.733454522454279
 20
5.530686928967436
 30
0.0
 10
9.733278506296733
 20
5.530845700823687
 30
0.0
 10
9.732881062593046
 20
5.531204206971476
 30
0.0
 10
9.732208208226718
 20
5.53175903937995
 30
0.0
 10
9.731402126688433
 20
5.532425007986562
 30
0.0
 10
9.730456709733382
 20
5.533176659478532
 30
0.0
 10
9.729372919672572
 20
5.534014966288865
 30
0.0
 10
9.728153877646877
 20
5.534960793932643
 30
0.0
 10
9.726798170702216
 20
5.535988016691896
 30
0.0
 10
9.725350154224218
 20
5.53708468243828
 30
0.0
 10
9.72388983382936
 20
5.538197146534044
 30
0.0
 10
9.72250219759769
 20
5.539277863920987
 30
0.0
 10
9.72122944897892
 20
5.540286444641616
 30
0.0
 10
9.720072208474003
 20
5.541247370489015
 30
0.0
 10
9.719031183744589
 20
5.542145464907895
 30
0.0
 10
9.718101804441995
 20
5.542979084127424
 30
0.0
 10
9.71729091646216
 20
5.543756962258545
 30
0.0
 10
9.716794532468802
 20
5.544269809233769
 30
0.0
 10
9.716562054965957
 20
5.544509997043485
 30
0.0
  0
SPLINE
  5
50F
330
1F
100
AcDbEntity
  8
0
  6
Continuous
 62
     7
370
    18
100
AcDbSpline
210
0.0
220
0.0
230
1.0
 70
     8
 71
     3
 72
    15
 73
    11
 74
     0
 42
0.000000001
 43
0.00000001
 40
0.0
 40
0.0
 40
0.0
 40
0.0
 40
0.142833278759784
 40
0.2752140740134716
 40
0.4018344067147195
 40
0.5224931383723137
 40
0.6408038527972313
 40
0.7580735325842594
 40
0.8774794145280218
 40
1.0
 40
1.0
 40
1.0
 40
1.0
 10
9.716562054965957
 20
5.544509997043485
 30
0.0
 10
9.716032101344256
 20
5.545094802644394
 30
0.0
 10
9.715010975899736
 20
5.546221618000938
 30
0.0
 10
9.713628081356097
 20
5.548042689316075
 30
0.0
 10
9.712435225060998
 20
5.549876096144826
 30
0.0
 10
9.711443631843348
 20
5.551740376022553
 30
0.0
 10
9.710648386985742
 20
5.5536082392847
 30
0.0
 10
9.71004108888925
 20
5.55547958265929
 30
0.0
 10
9.709619768950889
 20
5.557349376331288
 30
0.0
 10
9.709499804187022
 20
5.558549678402366
 30
0.0
 10
9.709439049556648
 20
5.559157556135062
 30
0.0
  0
SPLINE
  5
510
330
1F
100
AcDbEntity
  8
0
  6
Continuous
 62
     7
370
    18
100
AcDbSpline
210
0.0
220
0.0
230
1.0
 70
     8
 71
     3
 72
     9
 73
     5
 74
     0
 42
0.000000001
 43
0.00000001
 40
0.0
 40
0.0
 40
0.0
 40
0.0
 40
0.6311032622809373
 40
0.9999999999999999
 40
0.9999999999999999
 40
0.9999999999999999
 40
0.9999999999999999
 10
9.709439049556648
 20
5.559157556135062
 30
0.0
 10
9.709514705778481
 20
5.561626318321559
 30
0.0
 10
9.709634585085649
 20
5.565538138041161
 30
0.0
 10
9.712112417871317
 20
5.566728978376319
 30
0.0
 10
9.713026482302565
 20
5.567168275491102
 30
0.0
  0
LINE
  5
511
330
1F
100
AcDbEntity
  8
0
  6
Continuous
 62
     7
370
    18
100
AcDbLine
 10
9.7418245024
 20
5.5424612013
 30
0.0
 11
9.7362265737
 21
5.5446568742
 31
0.0
  0
SPLINE
  5
512
330
1F
100
AcDbEntity
  8
0
  6
Continuous
 62
     7
370
    18
100
AcDbSpline
210
0.0
220
0.0
230
1.0
 70
     8
 71
     3
 72
    23
 73
    19
 74
     0
 42
0.000000001
 43
0.00000001
 40
0.0
 40
0.0
 40
0.0
 40
0.0
 40
0.0666434434597359
 40
0.129885560739083
 40
0.1907012505584649
 40
0.2490385638630848
 40
0.304982940786285
 40
0.3601228429204433
 40
0.4150490828533099
 40
0.4696501855444484
 40
0.5253176382083745
 40
0.5826412215696134
 40
0.642577736212438
 40
0.7057028762115299
 40
0.7730832876662964
 40
0.8439485249985149
 40
0.9198784545629826
 40
1.0
 40
1.0
 40
1.0
 40
1.0
 10
9.7362265736778
 20
5.544656874181621
 30
0.0
 10
9.736154463541759
 20
5.545086916240486
 30
0.0
 10
9.73601392360312
 20
5.545925052012847
 30
0.0
 10
9.735713235571014
 20
5.547182282650276
 30
0.0
 10
9.735357033692468
 20
5.548394847558043
 30
0.0
 10
9.734937504182762
 20
5.549563176833774
 30
0.0
 10
9.7344464126478
 20
5.550684160632536
 30
0.0
 10
9.73389618178045
 20
5.551761409797829
 30
0.0
 10
9.733288757467191
 20
5.552801593050267
 30
0.0
 10
9.732604681544645
 20
5.55378680830494
 30
0.0
 10
9.731868380334571
 20
5.554739085604254
 30
0.0
 10
9.731051840701069
 20
5.555632092536431
 30
0.0
 10
9.730168392954402
 20
5.556484453465422
 30
0.0
 10
9.72921014117201
 20
5.557294996667423
 30
0.0
 10
9.72818113880507
 20
5.558064685406209
 30
0.0
 10
9.7270772285478
 20
5.558778665770983
 30
0.0
 10
9.72590561326185
 20
5.559457078029777
 30
0.0
 10
9.725102274972334
 20
5.559855629033417
 30
0.0
 10
9.724689816805796
 20
5.56006025716876
 30
0.0
  0
SPLINE
  5
513
330
1F
100
AcDbEntity
  8
0
  6
Continuous
 62
     7
370
    18
100
AcDbSpline
210
0.0
220
0.0
230
1.0
 70
     8
 71
     3
 72
    10
 73
     6
 74
     0
 42
0.000000001
 43
0.00000001
 40
0.0
 40
0.0
 40
0.0
 40
0.0
 40
0.4066869830240681
 40
0.8121801602261051
 40
1.0
 40
1.0
 40
1.0
 40
1.0
 10
9.724689816805796
 20
5.56006025716876
 30
0.0
 10
9.723570545688249
 20
5.560536720638759
 30
0.0
 10
9.72133528900797
 20
5.561488248948146
 30
0.0
 10
9.718494845699906
 20
5.562186078757719
 30
0.0
 10
9.717399217818436
 20
5.561345220458279
 30
0.0
 10
9.71705238461697
 20
5.561079037403881
 30
0.0
  0
SPLINE
  5
514
330
1F
100
AcDbEntity
  8
0
  6
Continuous
 62
     7
370
    18
100
AcDbSpline
210
0.0
220
0.0
230
1.0
 70
     8
 71
     3
 72
    10
 73
     6
 74
     0
 42
0.000000001
 43
0.00000001
 40
0.0
 40
0.0
 40
0.0
 40
0.0
 40
0.1888871227186181
 40
0.5941580384191064
 40
1.0
 40
1.0
 40
1.0
 40
1.0
 10
9.740867853910709
 20
5.509778567850212
 30
0.0
 10
9.740370289257962
 20
5.509322918247083
 30
0.0
 10
9.738805163833808
 20
5.507889639628056
 30
0.0
 10
9.734637343957028
 20
5.508374663530209
 30
0.0
 10
9.731242010926337
 20
5.509705728015594
 30
0.0
 10
9.72954314920685
 20
5.510371728811378
 30
0.0
  0
SPLINE
  5
515
330
1F
100
AcDbEntity
  8
0
  6
Continuous
 62
     7
370
    18
100
AcDbSpline
210
0.0
220
0.0
230
1.0
 70
     8
 71
     3
 72
    31
 73
    27
 74
     0
 42
0.000000001
 43
0.00000001
 40
0.0
 40
0.0
 40
0.0
 40
0.0
 40
0.0543708661066531
 40
0.1063364203297857
 40
0.1566456745033986
 40
0.2047402161115782
 40
0.2507438794839412
 40
0.2953916528302231
 40
0.338222855339885
 40
0.3797299784157028
 40
0.4200976408906763
 40
0.4593905207938415
 40
0.4979376215091793
 40
0.5362427806529839
 40
0.5743172391471787
 40
0.6122993096451308
 40
0.6504305110299693
 40
0.68891024619341
 40
0.727514795228712
 40
0.765921417704478
 40
0.8040228396084388
 40
0.8424477532981196
 40
0.8808205844725575
 40
0.919841528511212
 40
0.9594999951355586
 40
1.0
 40
1.0
 40
1.0
 40
1.0
 10
9.72954314920685
 20
5.510371728811378
 30
0.0
 10
9.72904998135581
 20
5.51061320692246
 30
0.0
 10
9.728085462898477
 20
5.511085480398296
 30
0.0
 10
9.726660571668786
 20
5.511872055897589
 30
0.0
 10
9.725292759684772
 20
5.512676890002234
 30
0.0
 10
9.723980978501151
 20
5.51352535507245
 30
0.0
 10
9.72272727119838
 20
5.514419061586203
 30
0.0
 10
9.721527805626508
 20
5.515332424266247
 30
0.0
 10
9.720383387700018
 20
5.516295308878131
 30
0.0
 10
9.719294756701482
 20
5.517294956801574
 30
0.0
 10
9.718262587979162
 20
5.518339202082297
 30
0.0
 10
9.717279609703306
 20
5.51941180562054
 30
0.0
 10
9.716350849479461
 20
5.520531996937276
 30
0.0
 10
9.715472290350295
 20
5.521694628452444
 30
0.0
 10
9.714633962252574
 20
5.522891179503272
 30
0.0
 10
9.713850632289809
 20
5.52413329476253
 30
0.0
 10
9.713125686888858
 20
5.525417672846644
 30
0.0
 10
9.712440670895482
 20
5.526730203176353
 30
0.0
 10
9.71182560049646
 20
5.528070259167079
 30
0.0
 10
9.711270664960654
 20
5.529416450326199
 30
0.0
 10
9.71076976416938
 20
5.530766374905783
 30
0.0
 10
9.710350968525173
 20
5.532115430692746
 30
0.0
 10
9.71000284666263
 20
5.533465166421668
 30
0.0
 10
9.709702704814609
 20
5.534818586824652
 30
0.0
 10
9.709476011306892
 20
5.536175279104945
 30
0.0
 10
9.709385897866568
 20
5.537063004843243
 30
0.0
 10
9.709340368121506
 20
5.537511527576418
 30
0.0
  0
ARC
  5
516
330
1F
100
AcDbEntity
  8
0
  6
Continuous
 62
     7
370
    18
100
AcDbCircle
 10
9.7072471705
 20
5.9704681165
 30
0.0
 40
0.2797997362825076
100
AcDbArc
 50
171.3624471822
 51
180.1341283733
  0
LINE
  5
517
330
1F
100
AcDbEntity
  8
0
  6
Continuous
 62
     7
370
    18
100
AcDbLine
 10
9.7246898168
 20
5.5600602572
 30
0.0
 11
9.7242184123
 21
5.5597881211
 31
0.0
  0
LINE
  5
518
330
1F
100
AcDbEntity
  8
0
  6
Continuous
 62
     7
370
    18
100
AcDbLine
 10
9.7362265737
 20
5.5446568742
 30
0.0
 11
9.7357551692
 21
5.5443847381
 31
0.0
  0
LINE
  5
519
330
1F
100
AcDbEntity
  8
0
  6
Continuous
 62
     7
370
    18
100
AcDbLine
 10
9.7094390496
 20
5.5591575561
 30
0.0
 11
9.708967645
 21
5.5588854201
 31
0.0
  0
LINE
  5
51A
330
1F
100
AcDbEntity
  8
0
  6
Continuous
 62
     7
370
    18
100
AcDbLine
 10
9.7295431492
 20
5.5103717288
 30
0.0
 11
9.7290717447
 21
5.5100995928
 31
0.0
  0
LINE
  5
51B
330
1F
100
AcDbEntity
  8
0
  6
Continuous
 62
     7
370
    18
100
AcDbLine
 10
9.7334545225
 20
5.530686929
 30
0.0
 11
9.7329831179
 21
5.5304147929
 31
0.0
  0
LINE
  5
51C
330
1F
100
AcDbEntity
  8
0
  6
Continuous
 62
     7
370
    18
100
AcDbLine
 10
9.7391959878
 20
5.5206491845
 30
0.0
 11
9.7387245833
 21
5.5203770485
 31
0.0
  0
LINE
  5
51D
330
1F
100
AcDbEntity
  8
0
  6
Continuous
 62
     7
370
    18
100
AcDbLine
 10
9.716562055
 20
5.544509997
 30
0.0
 11
9.7160906504
 21
5.544237861
 31
0.0
  0
SPLINE
  5
51E
330
1F
100
AcDbEntity
  8
0
  6
Continuous
 62
     7
370
    18
100
AcDbSpline
210
0.0
220
0.0
230
1.0
 70
     8
 71
     3
 72
    10
 73
     6
 74
     0
 42
0.000000001
 43
0.00000001
 40
0.0
 40
0.0
 40
0.0
 40
0.0
 40
0.5
 40
0.5
 40
1.0
 40
1.0
 40
1.0
 40
1.0
 10
9.831889762835766
 20
5.903923775442876
 30
0.0
 10
9.833266613460973
 20
5.904718614390185
 30
0.0
 10
9.833776377770842
 20
5.905898633779054
 30
0.0
 10
9.833246228738382
 20
5.908110883206668
 30
0.0
 10
9.832299202739751
 20
5.909130131562952
 30
0.0
 10
9.830928323891106
 20
5.909921523077033
 30
0.0
  0
LINE
  5
51F
330
1F
100
AcDbEntity
  8
0
  6
Continuous
 62
     7
370
    18
100
AcDbLine
 10
9.6710517944
 20
5.5451039644
 30
0.0
 11
9.6733494042
 21
5.5944648742
 31
0.0
  0
LINE
  5
520
330
1F
100
AcDbEntity
  8
0
  6
Continuous
 62
     7
370
    18
100
AcDbLine
 10
9.7011072962
 20
5.5564937048
 30
0.0
 11
9.6974535639
 21
5.5556160788
 31
0.0
  0
SPLINE
  5
521
330
1F
100
AcDbEntity
  8
0
  6
Continuous
 62
     7
370
    18
100
AcDbSpline
210
0.0
220
0.0
230
1.0
 70
     8
 71
     3
 72
    10
 73
     6
 74
     0
 42
0.000000001
 43
0.00000001
 40
0.0
 40
0.0
 40
0.0
 40
0.0
 40
0.2658325394626581
 40
0.6323890205632624
 40
1.0
 40
1.0
 40
1.0
 40
1.0
 10
9.701435788359861
 20
5.530602539885286
 30
0.0
 10
9.700443726751402
 20
5.530235173750868
 30
0.0
 10
9.698083711419272
 20
5.529361246464156
 30
0.0
 10
9.693208478939722
 20
5.531186077071809
 30
0.0
 10
9.689724591695951
 20
5.533271834648705
 30
0.0
 10
9.687980146088142
 20
5.534316211343293
 30
0.0
  0
LINE
  5
522
330
1F
100
AcDbEntity
  8
0
  6
Continuous
 62
     7
370
    18
100
AcDbLine
 10
9.6879801461
 20
5.5343162113
 30
0.0
 11
9.6710517944
 21
5.5451039644
 31
0.0
  0
SPLINE
  5
523
330
1F
100
AcDbEntity
  8
0
  6
Continuous
 62
     7
370
    18
100
AcDbSpline
210
0.0
220
0.0
230
1.0
 70
     8
 71
     3
 72
     9
 73
     5
 74
     0
 42
0.000000001
 43
0.00000001
 40
0.0
 40
0.0
 40
0.0
 40
0.0
 40
0.2177530948393433
 40
1.0
 40
1.0
 40
1.0
 40
1.0
 10
9.696562239671188
 20
5.561432851050099
 30
0.0
 10
9.696817732824387
 20
5.561539421616907
 30
0.0
 10
9.697991048654362
 20
5.562028831730162
 30
0.0
 10
9.69818276007386
 20
5.563784121824305
 30
0.0
 10
9.698332725738448
 20
5.565157192068109
 30
0.0
  0
SPLINE
  5
524
330
1F
100
AcDbEntity
  8
0
  6
Continuous
 62
     7
370
    18
100
AcDbSpline
210
0.0
220
0.0
230
1.0
 70
     8
 71
     3
 72
    23
 73
    19
 74
     0
 42
0.000000001
 43
0.00000001
 40
0.0
 40
0.0
 40
0.0
 40
0.0
 40
0.0728459904658563
 40
0.1421244454120967
 40
0.2093376438691912
 40
0.2761549496245376
 40
0.3421538099436829
 40
0.4065446645569542
 40
0.4715421203027104
 40
0.5391652424530767
 40
0.576791238689941
 40
0.6200779713662086
 40
0.6690069061349931
 40
0.7231959191398556
 40
0.78380768077239
 40
0.8497059670840938
 40
0.9221486987296516
 40
0.9999999999999999
 40
0.9999999999999999
 40
0.9999999999999999
 40
0.9999999999999999
 10
9.698332725738448
 20
5.565157192068109
 30
0.0
 10
9.698339445910083
 20
5.565568068785869
 30
0.0
 10
9.698352557141888
 20
5.566369700080482
 30
0.0
 10
9.698208537967533
 20
5.567638348397242
 30
0.0
 10
9.697913140288978
 20
5.5689173779562
 30
0.0
 10
9.697507256963393
 20
5.570193183797227
 30
0.0
 10
9.69695973283278
 20
5.571442590964871
 30
0.0
 10
9.696288442688928
 20
5.572636330186596
 30
0.0
 10
9.695481601212142
 20
5.573736463558111
 30
0.0
 10
9.69471799974196
 20
5.574589063191139
 30
0.0
 10
9.694018976303589
 20
5.575244457994846
 30
0.0
 10
9.693400156649048
 20
5.575789991441299
 30
0.0
 10
9.692691734332465
 20
5.576356968605243
 30
0.0
 10
9.6918971397877
 20
5.576976138620682
 30
0.0
 10
9.691013787914393
 20
5.577615449155803
 30
0.0
 10
9.690038731462662
 20
5.578293665415019
 30
0.0
 10
9.68897638108454
 20
5.578995619911908
 30
0.0
 10
9.688237359671074
 20
5.579473844039447
 30
0.0
 10
9.687854551534326
 20
5.579721560930833
 30
0.0
  0
LINE
  5
525
330
1F
100
AcDbEntity
  8
0
  6
Continuous
 62
     7
370
    18
100
AcDbLine
 10
9.6878545515
 20
5.5797215609
 30
0.0
 11
9.6789821934
 21
5.5853821544
 31
0.0
  0
SPLINE
  5
526
330
1F
100
AcDbEntity
  8
0
  6
Continuous
 62
     7
370
    18
100
AcDbSpline
210
0.0
220
0.0
230
1.0
 70
     8
 71
     3
 72
    10
 73
     6
 74
     0
 42
0.000000001
 43
0.00000001
 40
0.0
 40
0.0
 40
0.0
 40
0.0
 40
0.1455571623186281
 40
0.5725145018348524
 40
1.0
 40
1.0
 40
1.0
 40
1.0
 10
9.696928915975287
 20
5.537661578468697
 30
0.0
 10
9.697150535431174
 20
5.537717023610691
 30
0.0
 10
9.698022222886209
 20
5.537935103898481
 30
0.0
 10
9.698840371359141
 20
5.539542996384729
 30
0.0
 10
9.699052121075148
 20
5.541231630728401
 30
0.0
 10
9.699158061377812
 20
5.542076469799884
 30
0.0
  0
SPLINE
  5
527
330
1F
100
AcDbEntity
  8
0
  6
Continuous
 62
     7
370
    18
100
AcDbSpline
210
0.0
220
0.0
230
1.0
 70
     8
 71
     3
 72
    23
 73
    19
 74
     0
 42
0.000000001
 43
0.00000001
 40
0.0
 40
0.0
 40
0.0
 40
0.0
 40
0.0770892099961755
 40
0.1509562602719215
 40
0.2224444640779334
 40
0.293447335264981
 40
0.3642027845369862
 40
0.4337673963956085
 40
0.5046046371481305
 40
0.578451526896678
 40
0.6181131074801863
 40
0.6618077645784721
 40
0.7084154776991877
 40
0.7587340035745611
 40
0.8134019038323816
 40
0.8719086137301995
 40
0.9337262819875798
 40
1.0
 40
1.0
 40
1.0
 40
1.0
 10
9.699158061377812
 20
5.542076469799884
 30
0.0
 10
9.69916259732649
 20
5.542536971126356
 30
0.0
 10
9.699171479631145
 20
5.543438725834931
 30
0.0
 10
9.699006296017515
 20
5.544863676523472
 30
0.0
 10
9.698644709072202
 20
5.546307973458862
 30
0.0
 10
9.698145037890903
 20
5.547744644651425
 30
0.0
 10
9.697489214085751
 20
5.54914854677283
 30
0.0
 10
9.696697878106862
 20
5.550493114425399
 30
0.0
 10
9.695766949714663
 20
5.551747723501578
 30
0.0
 10
9.694896754959773
 20
5.552722607102233
 30
0.0
 10
9.69412518075927
 20
5.553480472787526
 30
0.0
 10
9.69347541768193
 20
5.554071197638773
 30
0.0
 10
9.692761617631827
 20
5.554666973701184
 30
0.0
 10
9.691986694079283
 20
5.555280710316892
 30
0.0
 10
9.691145626647154
 20
5.555909172344494
 30
0.0
 10
9.69024202561025
 20
5.556552661619942
 30
0.0
 10
9.689276317449096
 20
5.557218535159168
 30
0.0
 10
9.688611296974566
 20
5.557643393148312
 30
0.0
 10
9.688267219354008
 20
5.55786321213371
 30
0.0
  0
LINE
  5
528
330
1F
100
AcDbEntity
  8
0
  6
Continuous
 62
     7
370
    18
100
AcDbLine
 10
9.6882672194
 20
5.5578632121
 30
0.0
 11
9.6780043501
 21
5.564409406
 31
0.0
  0
SPLINE
  5
529
330
1F
100
AcDbEntity
  8
0
  6
Continuous
 62
     7
370
    18
100
AcDbSpline
210
0.0
220
0.0
230
1.0
 70
     8
 71
     3
 72
    23
 73
    19
 74
     0
 42
0.000000001
 43
0.00000001
 40
0.0
 40
0.0
 40
0.0
 40
0.0
 40
0.0728459904658563
 40
0.1421244454120967
 40
0.2093376438691912
 40
0.2761549496245376
 40
0.3421538099436829
 40
0.4065446645569542
 40
0.4715421203027104
 40
0.5391652424530767
 40
0.576791238689941
 40
0.6200779713662086
 40
0.6690069061349931
 40
0.7231959191398556
 40
0.78380768077239
 40
0.8497059670840938
 40
0.9221486987296516
 40
0.9999999999999999
 40
0.9999999999999999
 40
0.9999999999999999
 40
0.9999999999999999
 10
9.697861321217657
 20
5.564885056030834
 30
0.0
 10
9.697868041389293
 20
5.565295932748596
 30
0.0
 10
9.697881152621095
 20
5.566097564043208
 30
0.0
 10
9.697737133446742
 20
5.567366212359968
 30
0.0
 10
9.697441735768185
 20
5.568645241918925
 30
0.0
 10
9.697035852442603
 20
5.569921047759953
 30
0.0
 10
9.69648832831199
 20
5.571170454927596
 30
0.0
 10
9.695817038168137
 20
5.572364194149322
 30
0.0
 10
9.695010196691351
 20
5.573464327520837
 30
0.0
 10
9.694246595221168
 20
5.574316927153864
 30
0.0
 10
9.693547571782798
 20
5.574972321957572
 30
0.0
 10
9.692928752128257
 20
5.575517855404026
 30
0.0
 10
9.692220329811672
 20
5.576084832567968
 30
0.0
 10
9.69142573526691
 20
5.576704002583408
 30
0.0
 10
9.690542383393602
 20
5.577343313118528
 30
0.0
 10
9.68956732694187
 20
5.578021529377745
 30
0.0
 10
9.688504976563749
 20
5.578723483874633
 30
0.0
 10
9.687765955150283
 20
5.579201708002173
 30
0.0
 10
9.687383147013536
 20
5.579449424893559
 30
0.0
  0
SPLINE
  5
52A
330
1F
100
AcDbEntity
  8
0
  6
Continuous
 62
     7
370
    18
100
AcDbSpline
210
0.0
220
0.0
230
1.0
 70
     8
 71
     3
 72
    15
 73
    11
 74
     0
 42
0.000000001
 43
0.00000001
 40
0.0
 40
0.0
 40
0.0
 40
0.0
 40
0.1369264207407695
 40
0.2627529080198149
 40
0.3831715949049009
 40
0.4995993844245632
 40
0.6166382941752635
 40
0.737652860830904
 40
0.8638049267249063
 40
1.0
 40
1.0
 40
1.0
 40
1.0
 10
9.69302593089572
 20
5.560911762683827
 30
0.0
 10
9.693388629848485
 20
5.560817271233524
 30
0.0
 10
9.694084625581514
 20
5.560635948277619
 30
0.0
 10
9.695037452488549
 20
5.560614828302931
 30
0.0
 10
9.695852120675477
 20
5.560811643498385
 30
0.0
 10
9.696541572217107
 20
5.561212130133614
 30
0.0
 10
9.697081284798072
 20
5.561841218716213
 30
0.0
 10
9.697500961849833
 20
5.562651272891965
 30
0.0
 10
9.697758656516315
 20
5.563686756165987
 30
0.0
 10
9.697826237289064
 20
5.564475557280634
 30
0.0
 10
9.697861321217657
 20
5.564885056030834
 30
0.0
  0
SPLINE
  5
52B
330
1F
100
AcDbEntity
  8
0
  6
Continuous
 62
     7
370
    18
100
AcDbSpline
210
0.0
220
0.0
230
1.0
 70
     8
 71
     3
 72
    15
 73
    11
 74
     0
 42
0.000000001
 43
0.00000001
 40
0.0
 40
0.0
 40
0.0
 40
0.0
 40
0.1670598871741377
 40
0.3212494844432766
 40
0.4642815973490647
 40
0.5946385009904228
 40
0.7140013275770445
 40
0.82090689833777
 40
0.9155304324393295
 40
1.0
 40
1.0
 40
1.0
 40
1.0
 10
9.687401089092651
 20
5.563910288530416
 30
0.0
 10
9.687715001139164
 20
5.563709513108122
 30
0.0
 10
9.688318641455274
 20
5.563323429997499
 30
0.0
 10
9.689192236515696
 20
5.562801509224806
 30
0.0
 10
9.689996816872322
 20
5.562335142117177
 30
0.0
 10
9.690735677760408
 20
5.561928936924607
 30
0.0
 10
9.691406039352005
 20
5.561581202682605
 30
0.0
 10
9.692007346773243
 20
5.561296646041433
 30
0.0
 10
9.692542179099888
 20
5.561063373359055
 30
0.0
 10
9.692870892607782
 20
5.560960352600646
 30
0.0
 10
9.69302593089572
 20
5.560911762683827
 30
0.0
  0
LINE
  5
52C
330
1F
100
AcDbEntity
  8
0
  6
Continuous
 62
     7
370
    18
100
AcDbLine
 10
9.6778020768
 20
5.5700318082
 30
0.0
 11
9.6874010891
 21
5.5639102885
 31
0.0
  0
LINE
  5
52D
330
1F
100
AcDbEntity
  8
0
  6
Continuous
 62
     7
370
    18
100
AcDbLine
 10
9.6785107889
 20
5.5851100183
 30
0.0
 11
9.6778020768
 21
5.5700318082
 31
0.0
  0
LINE
  5
52E
330
1F
100
AcDbEntity
  8
0
  6
Continuous
 62
     7
370
    18
100
AcDbLine
 10
9.687383147
 20
5.5794494249
 30
0.0
 11
9.6785107889
 21
5.5851100183
 31
0.0
  0
LINE
  5
52F
330
1F
100
AcDbEntity
  8
0
  6
Continuous
 62
     7
370
    18
100
AcDbLine
 10
9.6878545515
 20
5.5797215609
 30
0.0
 11
9.687383147
 21
5.5794494249
 31
0.0
  0
LINE
  5
530
330
1F
100
AcDbEntity
  8
0
  6
Continuous
 62
     7
370
    18
100
AcDbLine
 10
9.6983327257
 20
5.5651571921
 30
0.0
 11
9.6978613212
 21
5.564885056
 31
0.0
  0
LINE
  5
531
330
1F
100
AcDbEntity
  8
0
  6
Continuous
 62
     7
370
    18
100
AcDbLine
 10
9.6974535639
 20
5.5556160788
 30
0.0
 11
9.6969821593
 21
5.5553439428
 31
0.0
  0
LINE
  5
532
330
1F
100
AcDbEntity
  8
0
  6
Continuous
 62
     7
370
    18
100
AcDbLine
 10
9.6789821934
 20
5.5853821544
 30
0.0
 11
9.6785107889
 21
5.5851100183
 31
0.0
  0
SPLINE
  5
533
330
1F
100
AcDbEntity
  8
0
  6
Continuous
 62
     7
370
    18
100
AcDbSpline
210
0.0
220
0.0
230
1.0
 70
     8
 71
     3
 72
    23
 73
    19
 74
     0
 42
0.000000001
 43
0.00000001
 40
0.0
 40
0.0
 40
0.0
 40
0.0
 40
0.0770892099961755
 40
0.1509562602719215
 40
0.2224444640779334
 40
0.293447335264981
 40
0.3642027845369862
 40
0.4337673963956085
 40
0.5046046371481305
 40
0.578451526896678
 40
0.6181131074801863
 40
0.6618077645784721
 40
0.7084154776991877
 40
0.7587340035745611
 40
0.8134019038323816
 40
0.8719086137301995
 40
0.9337262819875798
 40
1.0
 40
1.0
 40
1.0
 40
1.0
 10
9.698686656857022
 20
5.54180433376261
 30
0.0
 10
9.698691192805697
 20
5.542264835089082
 30
0.0
 10
9.698700075110354
 20
5.543166589797657
 30
0.0
 10
9.698534891496726
 20
5.544591540486199
 30
0.0
 10
9.698173304551412
 20
5.546035837421587
 30
0.0
 10
9.69767363337011
 20
5.547472508614153
 30
0.0
 10
9.69701780956496
 20
5.548876410735556
 30
0.0
 10
9.696226473586071
 20
5.550220978388125
 30
0.0
 10
9.695295545193872
 20
5.551475587464304
 30
0.0
 10
9.694425350438982
 20
5.552450471064958
 30
0.0
 10
9.69365377623848
 20
5.553208336750251
 30
0.0
 10
9.693004013161138
 20
5.553799061601499
 30
0.0
 10
9.692290213111038
 20
5.554394837663909
 30
0.0
 10
9.691515289558492
 20
5.555008574279618
 30
0.0
 10
9.690674222126363
 20
5.55563703630722
 30
0.0
 10
9.689770621089458
 20
5.556280525582667
 30
0.0
 10
9.688804912928305
 20
5.556946399121894
 30
0.0
 10
9.688139892453774
 20
5.557371257111039
 30
0.0
 10
9.687795814833217
 20
5.557591076096436
 30
0.0
  0
SPLINE
  5
534
330
1F
100
AcDbEntity
  8
0
  6
Continuous
 62
     7
370
    18
100
AcDbSpline
210
0.0
220
0.0
230
1.0
 70
     8
 71
     3
 72
    19
 73
    15
 74
     0
 42
0.000000001
 43
0.00000001
 40
0.0
 40
0.0
 40
0.0
 40
0.0
 40
0.0918912777583962
 40
0.1776696065139894
 40
0.2571942549513626
 40
0.3327976967653631
 40
0.4066549490985494
 40
0.4826618512196168
 40
0.5603710238751182
 40
0.6427007135901189
 40
0.7282489562323592
 40
0.8150942647107186
 40
0.9054979451861275
 40
1.0
 40
1.0
 40
1.0
 40
1.0
 10
9.691787927436671
 20
5.53762365829878
 30
0.0
 10
9.692117826300489
 20
5.537489133751611
 30
0.0
 10
9.692755677930736
 20
5.537229033729663
 30
0.0
 10
9.693663433455539
 20
5.536962734120578
 30
0.0
 10
9.694488325316575
 20
5.536822153410938
 30
0.0
 10
9.695246725503349
 20
5.536782505105942
 30
0.0
 10
9.695930207913545
 20
5.536911872143423
 30
0.0
 10
9.696563267198991
 20
5.537163272924991
 30
0.0
 10
9.697119695791534
 20
5.537597482561553
 30
0.0
 10
9.697633393381329
 20
5.538143323438509
 30
0.0
 10
9.698061922491416
 20
5.538845394906052
 30
0.0
 10
9.698386426876583
 20
5.53969585855249
 30
0.0
 10
9.698604900571343
 20
5.540683850637093
 30
0.0
 10
9.698659005026027
 20
5.541425360944041
 30
0.0
 10
9.698686656857022
 20
5.54180433376261
 30
0.0
  0
SPLINE
  5
535
330
1F
100
AcDbEntity
  8
0
  6
Continuous
 62
     7
370
    18
100
AcDbSpline
210
0.0
220
0.0
230
1.0
 70
     8
 71
     3
 72
    11
 73
     7
 74
     0
 42
0.000000001
 43
0.00000001
 40
0.0
 40
0.0
 40
0.0
 40
0.0
 40
0.3295788604291299
 40
0.6051559243522374
 40
0.8292175043977925
 40
0.9999999999999999
 40
0.9999999999999999
 40
0.9999999999999999
 40
0.9999999999999999
 10
9.68778684379366
 20
5.539933434720917
 30
0.0
 10
9.688226363448134
 20
5.539656205795622
 30
0.0
 10
9.689033387061322
 20
5.539147172156982
 30
0.0
 10
9.69014006397923
 20
5.538487715693354
 30
0.0
 10
9.69103572690179
 20
5.537978882661854
 30
0.0
 10
9.691560811719217
 20
5.537730912989963
 30
0.0
 10
9.691787927436671
 20
5.53762365829878
 30
0.0
  0
LINE
  5
536
330
1F
100
AcDbEntity
  8
0
  6
Continuous
 62
     7
370
    18
100
AcDbLine
 10
9.6767345231
 20
5.5469768069
 30
0.0
 11
9.6877868438
 21
5.5399334347
 31
0.0
  0
LINE
  5
537
330
1F
100
AcDbEntity
  8
0
  6
Continuous
 62
     7
370
    18
100
AcDbLine
 10
9.6775329456
 20
5.5641372699
 30
0.0
 11
9.6767345231
 21
5.5469768069
 31
0.0
  0
LINE
  5
538
330
1F
100
AcDbEntity
  8
0
  6
Continuous
 62
     7
370
    18
100
AcDbLine
 10
9.6877958148
 20
5.5575910761
 30
0.0
 11
9.6775329456
 21
5.5641372699
 31
0.0
  0
LINE
  5
539
330
1F
100
AcDbEntity
  8
0
  6
Continuous
 62
     7
370
    18
100
AcDbLine
 10
9.6882672194
 20
5.5578632121
 30
0.0
 11
9.6877958148
 21
5.5575910761
 31
0.0
  0
LINE
  5
53A
330
1F
100
AcDbEntity
  8
0
  6
Continuous
 62
     7
370
    18
100
AcDbLine
 10
9.6991580614
 20
5.5420764698
 30
0.0
 11
9.6986866569
 21
5.5418043338
 31
0.0
  0
LINE
  5
53B
330
1F
100
AcDbEntity
  8
0
  6
Continuous
 62
     7
370
    18
100
AcDbLine
 10
9.6710517944
 20
5.5451039644
 30
0.0
 11
9.6705803899
 21
5.5448318284
 31
0.0
  0
LINE
  5
53C
330
1F
100
AcDbEntity
  8
0
  6
Continuous
 62
     7
370
    18
100
AcDbLine
 10
9.6879801461
 20
5.5343162113
 30
0.0
 11
9.6875087416
 21
5.5340440753
 31
0.0
  0
LINE
  5
53D
330
1F
100
AcDbEntity
  8
0
  6
Continuous
 62
     7
370
    18
100
AcDbLine
 10
9.6259051625
 20
5.5805084797
 30
0.0
 11
9.6507115892
 21
5.6121948272
 31
0.0
  0
LINE
  5
53E
330
1F
100
AcDbEntity
  8
0
  6
Continuous
 62
     7
370
    18
100
AcDbLine
 10
9.6660895982
 20
5.5483770016
 30
0.0
 11
9.6601117364
 21
5.5531576268
 31
0.0
  0
LINE
  5
53F
330
1F
100
AcDbEntity
  8
0
  6
Continuous
 62
     7
370
    18
100
AcDbLine
 10
9.6601117364
 20
5.5531576268
 30
0.0
 11
9.6575639611
 21
5.5709963182
 31
0.0
  0
LINE
  5
540
330
1F
100
AcDbEntity
  8
0
  6
Continuous
 62
     7
370
    18
100
AcDbLine
 10
9.6575639611
 20
5.5709963182
 30
0.0
 11
9.6393527508
 21
5.5855599614
 31
0.0
  0
LINE
  5
541
330
1F
100
AcDbEntity
  8
0
  6
Continuous
 62
     7
370
    18
100
AcDbLine
 10
9.6318530389
 20
5.5757555493
 30
0.0
 11
9.6259051625
 21
5.5805084797
 31
0.0
  0
LINE
  5
542
330
1F
100
AcDbEntity
  8
0
  6
Continuous
 62
     7
370
    18
100
AcDbLine
 10
9.6566937703
 20
5.5773103063
 30
0.0
 11
9.6544689525
 21
5.5935433171
 31
0.0
  0
SPLINE
  5
543
330
1F
100
AcDbEntity
  8
0
  6
Continuous
 62
     7
370
    18
100
AcDbSpline
210
0.0
220
0.0
230
1.0
 70
     8
 71
     3
 72
    15
 73
    11
 74
     0
 42
0.000000001
 43
0.00000001
 40
0.0
 40
0.0
 40
0.0
 40
0.0
 40
0.1506018514877039
 40
0.2936211793930685
 40
0.4290607735235981
 40
0.5577003230554427
 40
0.6796875960185511
 40
0.7930840737722598
 40
0.8998510275195268
 40
1.0
 40
1.0
 40
1.0
 40
1.0
 10
9.65446895249671
 20
5.593543317058381
 30
0.0
 10
9.65438770508013
 20
5.594146079941589
 30
0.0
 10
9.654229300903529
 20
5.595321257716051
 30
0.0
 10
9.65400629519714
 20
5.597035227222335
 30
0.0
 10
9.653795274375822
 20
5.598661308262191
 30
0.0
 10
9.65361947095674
 20
5.600193592190668
 30
0.0
 10
9.653455149997626
 20
5.601637791766651
 30
0.0
 10
9.653322096005533
 20
5.602986106362293
 30
0.0
 10
9.653203794625712
 20
5.604245580729365
 30
0.0
 10
9.653137460657819
 20
5.605054597990395
 30
0.0
 10
9.653105354483845
 20
5.605446168851508
 30
0.0
  0
LINE
  5
544
330
1F
100
AcDbEntity
  8
0
  6
Continuous
 62
     7
370
    18
100
AcDbLine
 10
9.6780043501
 20
5.564409406
 30
0.0
 11
9.6775329456
 21
5.5641372699
 31
0.0
  0
SPLINE
  5
545
330
1F
100
AcDbEntity
  8
0
  6
Continuous
 62
     7
370
    18
100
AcDbSpline
210
0.0
220
0.0
230
1.0
 70
     8
 71
     3
 72
    15
 73
    11
 74
     0
 42
0.000000001
 43
0.00000001
 40
0.0
 40
0.0
 40
0.0
 40
0.0
 40
0.1506018514877039
 40
0.2936211793930685
 40
0.4290607735235981
 40
0.5577003230554427
 40
0.6796875960185511
 40
0.7930840737722598
 40
0.8998510275195268
 40
1.0
 40
1.0
 40
1.0
 40
1.0
 10
9.65399754797592
 20
5.593271181021107
 30
0.0
 10
9.653916300559338
 20
5.593873943904314
 30
0.0
 10
9.653757896382738
 20
5.595049121678777
 30
0.0
 10
9.65353489067635
 20
5.596763091185061
 30
0.0
 10
9.653323869855031
 20
5.598389172224916
 30
0.0
 10
9.653148066435948
 20
5.599921456153393
 30
0.0
 10
9.652983745476835
 20
5.601365655729376
 30
0.0
 10
9.652850691484742
 20
5.602713970325018
 30
0.0
 10
9.652732390104921
 20
5.603973444692091
 30
0.0
 10
9.652666056137027
 20
5.60478246195312
 30
0.0
 10
9.652633949963056
 20
5.605174032814234
 30
0.0
  0
LINE
  5
546
330
1F
100
AcDbEntity
  8
0
  6
Continuous
 62
     7
370
    18
100
AcDbLine
 10
9.6562223658
 20
5.5770381702
 30
0.0
 11
9.653997548
 21
5.593271181
 31
0.0
  0
LINE
  5
547
330
1F
100
AcDbEntity
  8
0
  6
Continuous
 62
     7
370
    18
100
AcDbLine
 10
9.6414470636
 20
5.5888517085
 30
0.0
 11
9.6562223658
 21
5.5770381702
 31
0.0
  0
LINE
  5
548
330
1F
100
AcDbEntity
  8
0
  6
Continuous
 62
     7
370
    18
100
AcDbLine
 10
9.6486956636
 20
5.5983727005
 30
0.0
 11
9.6414470636
 21
5.5888517085
 31
0.0
  0
SPLINE
  5
549
330
1F
100
AcDbEntity
  8
0
  6
Continuous
 62
     7
370
    18
100
AcDbSpline
210
0.0
220
0.0
230
1.0
 70
     8
 71
     3
 72
    11
 73
     7
 74
     0
 42
0.000000001
 43
0.00000001
 40
0.0
 40
0.0
 40
0.0
 40
0.0
 40
0.2475482556318803
 40
0.4961023832029039
 40
0.7469360598990227
 40
1.0
 40
1.0
 40
1.0
 40
1.0
 10
9.652633949963056
 20
5.605174032814234
 30
0.0
 10
9.652352511465114
 20
5.604563539615932
 30
0.0
 10
9.651788490889825
 20
5.603340072579844
 30
0.0
 10
9.650837077454385
 20
5.601609874237126
 30
0.0
 10
9.649822619351976
 20
5.599931408410797
 30
0.0
 10
9.649072422312221
 20
5.598893800643398
 30
0.0
 10
9.648695663596952
 20
5.598372700520784
 30
0.0
  0
LINE
  5
54A
330
1F
100
AcDbEntity
  8
0
  6
Continuous
 62
     7
370
    18
100
AcDbLine
 10
9.6259051625
 20
5.5805084797
 30
0.0
 11
9.625433758
 21
5.5802363437
 31
0.0
  0
LINE
  5
54B
330
1F
100
AcDbEntity
  8
0
  6
Continuous
 62
     7
370
    18
100
AcDbLine
 10
9.6531053545
 20
5.6054461689
 30
0.0
 11
9.65263395
 21
5.6051740328
 31
0.0
  0
LINE
  5
54C
330
1F
100
AcDbEntity
  8
0
  6
Continuous
 62
     7
370
    18
100
AcDbLine
 10
9.6544689525
 20
5.5935433171
 30
0.0
 11
9.653997548
 21
5.593271181
 31
0.0
  0
LINE
  5
54D
330
1F
100
AcDbEntity
  8
0
  6
Continuous
 62
     7
370
    18
100
AcDbLine
 10
9.6566937703
 20
5.5773103063
 30
0.0
 11
9.6562223658
 21
5.5770381702
 31
0.0
  0
LINE
  5
54E
330
1F
100
AcDbEntity
  8
0
  6
Continuous
 62
     7
370
    18
100
AcDbLine
 10
9.5975560367
 20
5.6076434361
 30
0.0
 11
9.6112843636
 21
5.6479517314
 31
0.0
  0
LINE
  5
54F
330
1F
100
AcDbEntity
  8
0
  6
Continuous
 62
     7
370
    18
100
AcDbLine
 10
9.6237169628
 20
5.5826112136
 30
0.0
 11
9.5975560367
 21
5.6076434361
 31
0.0
  0
LINE
  5
550
330
1F
100
AcDbEntity
  8
0
  6
Continuous
 62
     7
370
    18
100
AcDbLine
 10
9.5573063428
 20
5.6525580025
 30
0.0
 11
9.5763021967
 21
5.6869747505
 31
0.0
  0
SPLINE
  5
551
330
1F
100
AcDbEntity
  8
0
  6
Continuous
 62
     7
370
    18
100
AcDbSpline
210
0.0
220
0.0
230
1.0
 70
     8
 71
     3
 72
    11
 73
     7
 74
     0
 42
0.000000001
 43
0.00000001
 40
0.0
 40
0.0
 40
0.0
 40
0.0
 40
0.0800372435961559
 40
0.4361780093148399
 40
0.7177794667152471
 40
0.9999999999999999
 40
0.9999999999999999
 40
0.9999999999999999
 40
0.9999999999999999
 10
9.60063857920359
 20
5.639466901572389
 30
0.0
 10
9.600403239907907
 20
5.639227571784553
 30
0.0
 10
9.599120714162478
 20
5.637923299101772
 30
0.0
 10
9.595375161392054
 20
5.638683166947845
 30
0.0
 10
9.590805352354508
 20
5.641312837665586
 30
0.0
 10
9.58808436767041
 20
5.643772420270861
 30
0.0
 10
9.586722381509366
 20
5.645003561882906
 30
0.0
  0
LINE
  5
552
330
1F
100
AcDbEntity
  8
0
  6
Continuous
 62
     7
370
    18
100
AcDbLine
 10
9.5918769578
 20
5.6133028011
 30
0.0
 11
9.5858073355
 21
5.6201926523
 31
0.0
  0
LINE
  5
553
330
1F
100
AcDbEntity
  8
0
  6
Continuous
 62
     7
370
    18
100
AcDbLine
 10
9.5858073355
 20
5.6201926523
 30
0.0
 11
9.5845424189
 21
5.6334474183
 31
0.0
  0
SPLINE
  5
554
330
1F
100
AcDbEntity
  8
0
  6
Continuous
 62
     7
370
    18
100
AcDbSpline
210
0.0
220
0.0
230
1.0
 70
     8
 71
     3
 72
    19
 73
    15
 74
     0
 42
0.000000001
 43
0.00000001
 40
0.0
 40
0.0
 40
0.0
 40
0.0
 40
0.1539254809115086
 40
0.2901655347194815
 40
0.4081629179133055
 40
0.5092073399808356
 40
0.5966954299192494
 40
0.6734066655366677
 40
0.7408495666656282
 40
0.7986765593609113
 40
0.8510899497961687
 40
0.9024333057415495
 40
0.9516360917319253
 40
1.0
 40
1.0
 40
1.0
 40
1.0
 10
9.584542418896694
 20
5.63344741833616
 30
0.0
 10
9.584449230115398
 20
5.634357974456466
 30
0.0
 10
9.584273559574076
 20
5.636074467411215
 30
0.0
 10
9.583988926697685
 20
5.63850494239163
 30
0.0
 10
9.5837025668143
 20
5.640635839001368
 30
0.0
 10
9.58341835272511
 20
5.642488096339538
 30
0.0
 10
9.583115322343879
 20
5.644110229867572
 30
0.0
 10
9.582781609061817
 20
5.645544308346034
 30
0.0
 10
9.582435830410644
 20
5.64680637807856
 30
0.0
 10
9.582028746544601
 20
5.647923426192984
 30
0.0
 10
9.58159074162567
 20
5.64892911421037
 30
0.0
 10
9.58114223036746
 20
5.649873658340873
 30
0.0
 10
9.580640272005136
 20
5.650767350253069
 30
0.0
 10
9.580286226210585
 20
5.6513357020364
 30
0.0
 10
9.580110725354881
 20
5.651617434585831
 30
0.0
  0
SPLINE
  5
555
330
1F
100
AcDbEntity
  8
0
  6
Continuous
 62
     7
370
    18
100
AcDbSpline
210
0.0
220
0.0
230
1.0
 70
     8
 71
     3
 72
    11
 73
     7
 74
     0
 42
0.000000001
 43
0.00000001
 40
0.0
 40
0.0
 40
0.0
 40
0.0
 40
0.179164107639512
 40
0.4049462878907084
 40
0.6793028870813613
 40
1.0
 40
1.0
 40
1.0
 40
1.0
 10
9.580110725354881
 20
5.651617434585831
 30
0.0
 10
9.579950760845195
 20
5.651840266532816
 30
0.0
 10
9.579589209442707
 20
5.652343910766831
 30
0.0
 10
9.578943773889925
 20
5.653141321904038
 30
0.0
 10
9.5781591813203
 20
5.654095903086713
 30
0.0
 10
9.577573552470781
 20
5.654760484456584
 30
0.0
 10
9.577257934775336
 20
5.655118652672797
 30
0.0
  0
LINE
  5
556
330
1F
100
AcDbEntity
  8
0
  6
Continuous
 62
     7
370
    18
100
AcDbLine
 10
9.5772579348
 20
5.6551186527
 30
0.0
 11
9.5711396858
 21
5.662069253
 31
0.0
  0
LINE
  5
557
330
1F
100
AcDbEntity
  8
0
  6
Continuous
 62
     7
370
    18
100
AcDbLine
 10
9.5623839112
 20
5.6467948079
 30
0.0
 11
9.5573063428
 21
5.6525580025
 31
0.0
  0
LINE
  5
558
330
1F
100
AcDbEntity
  8
0
  6
Continuous
 62
     7
370
    18
100
AcDbLine
 10
9.5961848268
 20
5.646719059
 30
0.0
 11
9.5977477891
 21
5.6479311341
 31
0.0
  0
SPLINE
  5
559
330
1F
100
AcDbEntity
  8
0
  6
Continuous
 62
     7
370
    18
100
AcDbSpline
210
0.0
220
0.0
230
1.0
 70
     8
 71
     3
 72
    23
 73
    19
 74
     0
 42
0.000000001
 43
0.00000001
 40
0.0
 40
0.0
 40
0.0
 40
0.0
 40
0.0572889731026018
 40
0.1124833872359534
 40
0.1661741608565982
 40
0.218339220784319
 40
0.2709784413064593
 40
0.323359945889682
 40
0.3776424618108522
 40
0.4328449141608094
 40
0.4900408730392722
 40
0.5500828402671532
 40
0.613450478063176
 40
0.6803402394630167
 40
0.7523289922922142
 40
0.8293816305913119
 40
0.9115181774526703
 40
0.9999999999999999
 40
0.9999999999999999
 40
0.9999999999999999
 40
0.9999999999999999
 10
9.597747789126545
 20
5.647931134096703
 30
0.0
 10
9.597854496860208
 20
5.648140006705135
 30
0.0
 10
9.598064010954745
 20
5.648550115269222
 30
0.0
 10
9.598287488270454
 20
5.649245364883776
 30
0.0
 10
9.598432524730995
 20
5.649980849343693
 30
0.0
 10
9.598497959440254
 20
5.650763364134376
 30
0.0
 10
9.598475984788832
 20
5.65159185674182
 30
0.0
 10
9.598390459001108
 20
5.65246304504269
 30
0.0
 10
9.598204654376199
 20
5.65338357046886
 30
0.0
 10
9.597955296903155
 20
5.654343212206554
 30
0.0
 10
9.597613829178648
 20
5.655345824768398
 30
0.0
 10
9.597157731407913
 20
5.656386028332383
 30
0.0
 10
9.596609210998038
 20
5.657461066091923
 30
0.0
 10
9.59595476950281
 20
5.658568369514984
 30
0.0
 10
9.59519762091066
 20
5.659706269296358
 30
0.0
 10
9.594344512111947
 20
5.660882766681923
 30
0.0
 10
9.593387129678728
 20
5.662090906703395
 30
0.0
 10
9.592702347752418
 20
5.662882920707618
 30
0.0
 10
9.592347223312435
 20
5.663293655160302
 30
0.0
  0
LINE
  5
55A
330
1F
100
AcDbEntity
  8
0
  6
Continuous
 62
     7
370
    18
100
AcDbLine
 10
9.5923472233
 20
5.6632936552
 30
0.0
 11
9.5797249707
 21
5.6776247358
 31
0.0
  0
LINE
  5
55B
330
1F
100
AcDbEntity
  8
0
  6
Continuous
 62
     7
370
    18
100
AcDbLine
 10
9.6393527508
 20
5.5855599614
 30
0.0
 11
9.6388813463
 21
5.5852878254
 31
0.0
  0
LINE
  5
55C
330
1F
100
AcDbEntity
  8
0
  6
Continuous
 62
     7
370
    18
100
AcDbLine
 10
9.6575639611
 20
5.5709963182
 30
0.0
 11
9.6570925566
 21
5.5707241821
 31
0.0
  0
LINE
  5
55D
330
1F
100
AcDbEntity
  8
0
  6
Continuous
 62
     7
370
    18
100
AcDbLine
 10
9.6601117364
 20
5.5531576268
 30
0.0
 11
9.6596403319
 21
5.5528854907
 31
0.0
  0
LINE
  5
55E
330
1F
100
AcDbEntity
  8
0
  6
Continuous
 62
     7
370
    18
100
AcDbLine
 10
9.5975560367
 20
5.6076434361
 30
0.0
 11
9.5970846322
 21
5.6073713
 31
0.0
  0
SPLINE
  5
55F
330
1F
100
AcDbEntity
  8
0
  6
Continuous
 62
     7
370
    18
100
AcDbSpline
210
0.0
220
0.0
230
1.0
 70
     8
 71
     3
 72
    23
 73
    19
 74
     0
 42
0.000000001
 43
0.00000001
 40
0.0
 40
0.0
 40
0.0
 40
0.0
 40
0.0572889731026018
 40
0.1124833872359534
 40
0.1661741608565982
 40
0.218339220784319
 40
0.2709784413064593
 40
0.323359945889682
 40
0.3776424618108522
 40
0.4328449141608094
 40
0.4900408730392722
 40
0.5500828402671532
 40
0.613450478063176
 40
0.6803402394630167
 40
0.7523289922922142
 40
0.8293816305913119
 40
0.9115181774526703
 40
0.9999999999999999
 40
0.9999999999999999
 40
0.9999999999999999
 40
0.9999999999999999
 10
9.597276384605754
 20
5.647658998059429
 30
0.0
 10
9.597383092339417
 20
5.647867870667861
 30
0.0
 10
9.597592606433954
 20
5.648277979231947
 30
0.0
 10
9.597816083749665
 20
5.648973228846502
 30
0.0
 10
9.597961120210204
 20
5.649708713306419
 30
0.0
 10
9.598026554919462
 20
5.650491228097101
 30
0.0
 10
9.598004580268041
 20
5.651319720704546
 30
0.0
 10
9.597919054480316
 20
5.652190909005415
 30
0.0
 10
9.597733249855406
 20
5.653111434431585
 30
0.0
 10
9.597483892382364
 20
5.65407107616928
 30
0.0
 10
9.597142424657857
 20
5.655073688731125
 30
0.0
 10
9.596686326887122
 20
5.656113892295108
 30
0.0
 10
9.596137806477248
 20
5.657188930054648
 30
0.0
 10
9.595483364982018
 20
5.658296233477709
 30
0.0
 10
9.59472621638987
 20
5.659434133259085
 30
0.0
 10
9.593873107591156
 20
5.660610630644649
 30
0.0
 10
9.592915725157935
 20
5.66181877066612
 30
0.0
 10
9.592230943231629
 20
5.662610784670345
 30
0.0
 10
9.591875818791644
 20
5.663021519123028
 30
0.0
  0
SPLINE
  5
560
330
1F
100
AcDbEntity
  8
0
  6
Continuous
 62
     7
370
    18
100
AcDbSpline
210
0.0
220
0.0
230
1.0
 70
     8
 71
     3
 72
    19
 73
    15
 74
     0
 42
0.000000001
 43
0.00000001
 40
0.0
 40
0.0
 40
0.0
 40
0.0
 40
0.1266969125260967
 40
0.239189500058165
 40
0.338659230015694
 40
0.4248467078030768
 40
0.5026841639054646
 40
0.5768408926594096
 40
0.6482091124383785
 40
0.7196701143275295
 40
0.7909102471801598
 40
0.8603323532489934
 40
0.9297776718072833
 40
1.0
 40
1.0
 40
1.0
 40
1.0
 10
9.584214551008836
 20
5.652930719937418
 30
0.0
 10
9.584788313413886
 20
5.652290137840793
 30
0.0
 10
9.585871512207609
 20
5.65108079099577
 30
0.0
 10
9.587456257593203
 20
5.649474264378413
 30
0.0
 10
9.588889728819339
 20
5.648170960344026
 30
0.0
 10
9.590189424374316
 20
5.647152795181701
 30
0.0
 10
9.591382709523579
 20
5.646418490753837
 30
0.0
 10
9.592497289014034
 20
5.6459207904831
 30
0.0
 10
9.593537489069353
 20
5.6456958484895
 30
0.0
 10
9.594500351373233
 20
5.645689124778395
 30
0.0
 10
9.595365822076793
 20
5.645905253836663
 30
0.0
 10
9.596126066654376
 20
5.646305949349959
 30
0.0
 10
9.596787237699823
 20
5.646867233543144
 30
0.0
 10
9.597112732032201
 20
5.647394099520427
 30
0.0
 10
9.597276384605754
 20
5.647658998059429
 30
0.0
  0
LINE
  5
561
330
1F
100
AcDbEntity
  8
0
  6
Continuous
 62
     7
370
    18
100
AcDbLine
 10
9.572875157
 20
5.6658064217
 30
0.0
 11
9.584214551
 21
5.6529307199
 31
0.0
  0
LINE
  5
562
330
1F
100
AcDbEntity
  8
0
  6
Continuous
 62
     7
370
    18
100
AcDbLine
 10
9.5792535661
 20
5.6773525997
 30
0.0
 11
9.572875157
 21
5.6658064217
 31
0.0
  0
LINE
  5
563
330
1F
100
AcDbEntity
  8
0
  6
Continuous
 62
     7
370
    18
100
AcDbLine
 10
9.5918758188
 20
5.6630215191
 30
0.0
 11
9.5792535661
 21
5.6773525997
 31
0.0
  0
LINE
  5
564
330
1F
100
AcDbEntity
  8
0
  6
Continuous
 62
     7
370
    18
100
AcDbLine
 10
9.497800278
 20
5.8044294378
 30
0.0
 11
9.4887675839
 21
5.822713099
 31
0.0
  0
LINE
  5
565
330
1F
100
AcDbEntity
  8
0
  6
Continuous
 62
     7
370
    18
100
AcDbLine
 10
9.5141215078
 20
5.7798296409
 30
0.0
 11
9.5105660673
 21
5.7785994085
 31
0.0
  0
LINE
  5
566
330
1F
100
AcDbEntity
  8
0
  6
Continuous
 62
     7
370
    18
100
AcDbLine
 10
9.5105660673
 20
5.7785994085
 30
0.0
 11
9.5014514911
 21
5.7970486899
 31
0.0
  0
LINE
  5
567
330
1F
100
AcDbEntity
  8
0
  6
Continuous
 62
     7
370
    18
100
AcDbLine
 10
9.5014514911
 20
5.7970486899
 30
0.0
 11
9.4710037828
 21
5.786551735
 31
0.0
  0
LINE
  5
568
330
1F
100
AcDbEntity
  8
0
  6
Continuous
 62
     7
370
    18
100
AcDbLine
 10
9.4710037828
 20
5.786551735
 30
0.0
 11
9.4673988961
 21
5.7938388364
 31
0.0
  0
LINE
  5
569
330
1F
100
AcDbEntity
  8
0
  6
Continuous
 62
     7
370
    18
100
AcDbLine
 10
9.4845170216
 20
5.7603263684
 30
0.0
 11
9.5145858699
 21
5.7794249773
 31
0.0
  0
LINE
  5
56A
330
1F
100
AcDbEntity
  8
0
  6
Continuous
 62
     7
370
    18
100
AcDbLine
 10
9.5234154492
 20
5.7367001692
 30
0.0
 11
9.5354884144
 21
5.744370577
 31
0.0
  0
LINE
  5
56B
330
1F
100
AcDbEntity
  8
0
  6
Continuous
 62
     7
370
    18
100
AcDbLine
 10
9.5096510528
 20
5.7181701198
 30
0.0
 11
9.5054195438
 21
5.7252720344
 31
0.0
  0
LINE
  5
56C
330
1F
100
AcDbEntity
  8
0
  6
Continuous
 62
     7
370
    18
100
AcDbLine
 10
9.5054195438
 20
5.7252720344
 30
0.0
 11
9.5198090913
 21
5.7344103978
 31
0.0
  0
LINE
  5
56D
330
1F
100
AcDbEntity
  8
0
  6
Continuous
 62
     7
370
    18
100
AcDbLine
 10
9.5198090913
 20
5.7344103978
 30
0.0
 11
9.5031498708
 21
5.7623533845
 31
0.0
  0
LINE
  5
56E
330
1F
100
AcDbEntity
  8
0
  6
Continuous
 62
     7
370
    18
100
AcDbLine
 10
9.4887485367
 20
5.7532347744
 30
0.0
 11
9.4845170216
 21
5.7603263684
 31
0.0
  0
LINE
  5
56F
330
1F
100
AcDbEntity
  8
0
  6
Continuous
 62
     7
370
    18
100
AcDbLine
 10
9.5923472233
 20
5.6632936552
 30
0.0
 11
9.5918758188
 21
5.6630215191
 31
0.0
  0
LINE
  5
570
330
1F
100
AcDbEntity
  8
0
  6
Continuous
 62
     7
370
    18
100
AcDbLine
 10
9.5977477891
 20
5.6479311341
 30
0.0
 11
9.5972763846
 21
5.6476589981
 31
0.0
  0
LINE
  5
571
330
1F
100
AcDbEntity
  8
0
  6
Continuous
 62
     7
370
    18
100
AcDbLine
 10
9.5797249707
 20
5.6776247358
 30
0.0
 11
9.5792535661
 21
5.6773525997
 31
0.0
  0
LINE
  5
572
330
1F
100
AcDbEntity
  8
0
  6
Continuous
 62
     7
370
    18
100
AcDbLine
 10
9.5281264011
 20
5.7221018076
 30
0.0
 11
9.5321173294
 21
5.7252771815
 31
0.0
  0
SPLINE
  5
573
330
1F
100
AcDbEntity
  8
0
  6
Continuous
 62
     7
370
    18
100
AcDbSpline
210
0.0
220
0.0
230
1.0
 70
     8
 71
     3
 72
    12
 73
     8
 74
     0
 42
0.000000001
 43
0.00000001
 40
0.0
 40
0.0
 40
0.0
 40
0.0
 40
0.0400561697905078
 40
0.2607569196631843
 40
0.4810977480254846
 40
0.7404079493033281
 40
1.0
 40
1.0
 40
1.0
 40
1.0
 10
9.55989674796781
 20
5.671589371855991
 30
0.0
 10
9.559642079548238
 20
5.671385745534324
 30
0.0
 10
9.557984243739902
 20
5.670060182639059
 30
0.0
 10
9.553828834322799
 20
5.6694856096859
 30
0.0
 10
9.54721000300162
 20
5.670732950626416
 30
0.0
 10
9.53962790990249
 20
5.675819691144404
 30
0.0
 10
9.535112880036554
 20
5.681324220703398
 30
0.0
 10
9.53285413890102
 20
5.684077980416143
 30
0.0
  0
SPLINE
  5
574
330
1F
100
AcDbEntity
  8
0
  6
Continuous
 62
     7
370
    18
100
AcDbSpline
210
0.0
220
0.0
230
1.0
 70
     8
 71
     3
 72
    31
 73
    27
 74
     0
 42
0.000000001
 43
0.00000001
 40
0.0
 40
0.0
 40
0.0
 40
0.0
 40
0.0448315791857887
 40
0.0885959477130929
 40
0.1314877462506336
 40
0.173689822132102
 40
0.2155780582674604
 40
0.2571928695738928
 40
0.298752780049955
 40
0.340477176302686
 40
0.3820055667876551
 40
0.4231440412092866
 40
0.4636831581038512
 40
0.5041127992783103
 40
0.5444667956064051
 40
0.5851588487298535
 40
0.6261550627626176
 40
0.6679084186522368
 40
0.7097910434497317
 40
0.7513985926292075
 40
0.7925517555748924
 40
0.8338645221892793
 40
0.8748328805207384
 40
0.9163216350217696
 40
0.9578815454978317
 40
1.0
 40
1.0
 40
1.0
 40
1.0
 10
9.53285413890102
 20
5.684077980416143
 30
0.0
 10
9.53243393277103
 20
5.684669491947161
 30
0.0
 10
9.531603523470315
 20
5.685838434144276
 30
0.0
 10
9.530450170076257
 20
5.687644871087501
 30
0.0
 10
9.52936293060427
 20
5.689445832084539
 30
0.0
 10
9.528387049328039
 20
5.691273920962578
 30
0.0
 10
9.5274856443285
 20
5.693107979216133
 30
0.0
 10
9.526676600946018
 20
5.694957117933352
 30
0.0
 10
9.52595733138884
 20
5.696816124120022
 30
0.0
 10
9.525329272695396
 20
5.698677288594141
 30
0.0
 10
9.524805009051743
 20
5.700524284188885
 30
0.0
 10
9.524360872106955
 20
5.702341395876467
 30
0.0
 10
9.524025564653178
 20
5.704117527890893
 30
0.0
 10
9.523807858717468
 20
5.705841376706614
 30
0.0
 10
9.523665398380079
 20
5.707535304381856
 30
0.0
 10
9.523643397485728
 20
5.709175843159287
 30
0.0
 10
9.52371475066041
 20
5.71077862828014
 30
0.0
 10
9.52388668321293
 20
5.712329537551704
 30
0.0
 10
9.524146801824221
 20
5.71382199032492
 30
0.0
 10
9.52448771090367
 20
5.71523982081341
 30
0.0
 10
9.524905044095123
 20
5.716581053752166
 30
0.0
 10
9.525381903941868
 20
5.717856743460171
 30
0.0
 10
9.525955354442889
 20
5.719037597077229
 30
0.0
 10
9.526599633698263
 20
5.720141868461903
 30
0.0
 10
9.52731650556892
 20
5.721177632067453
 30
0.0
 10
9.527855237233654
 20
5.721792381293019
 30
0.0
 10
9.528126401053784
 20
5.722101807598062
 30
0.0
  0
SPLINE
  5
575
330
1F
100
AcDbEntity
  8
0
  6
Continuous
 62
     7
370
    18
100
AcDbSpline
210
0.0
220
0.0
230
1.0
 70
     8
 71
     3
 72
    12
 73
     8
 74
     0
 42
0.000000001
 43
0.00000001
 40
0.0
 40
0.0
 40
0.0
 40
0.0
 40
0.2392940247622863
 40
0.4784424404087344
 40
0.7171139298890347
 40
0.9990023146984168
 40
1.0
 40
1.0
 40
1.0
 40
1.0
 10
9.556223696950452
 20
5.709445226259461
 30
0.0
 10
9.554743305472863
 20
5.71128532854735
 30
0.0
 10
9.551783423327867
 20
5.714964413430869
 30
0.0
 10
9.546576297965068
 20
5.718544074755807
 30
0.0
 10
9.541286945597536
 20
5.720117983073026
 30
0.0
 10
9.53813709693964
 20
5.719362322552646
 30
0.0
 10
9.53686793035125
 20
5.71830805292054
 30
0.0
 10
9.536863454242368
 20
5.718304334712304
 30
0.0
  0
LINE
  5
576
330
1F
100
AcDbEntity
  8
0
  6
Continuous
 62
     7
370
    18
100
AcDbLine
 10
9.555119848
 20
5.6785636269
 30
0.0
 11
9.5584305727
 21
5.6811434832
 31
0.0
  0
SPLINE
  5
577
330
1F
100
AcDbEntity
  8
0
  6
Continuous
 62
     7
370
    18
100
AcDbSpline
210
0.0
220
0.0
230
1.0
 70
     8
 71
     3
 72
    31
 73
    27
 74
     0
 42
0.000000001
 43
0.00000001
 40
0.0
 40
0.0
 40
0.0
 40
0.0
 40
0.0504045746555606
 40
0.0993652811006134
 40
0.1469929549341749
 40
0.193101084220462
 40
0.2381192355051457
 40
0.2822983576500998
 40
0.3252397378686735
 40
0.3675337235321607
 40
0.4090111859033191
 40
0.4495012819864061
 40
0.4895115462016892
 40
0.5285974328422419
 40
0.5676288689657268
 40
0.6061339611380192
 40
0.6450725090204454
 40
0.684362278768372
 40
0.7236491224489188
 40
0.7625093542913846
 40
0.8014419970254728
 40
0.8401629391235375
 40
0.8793017319365556
 40
0.9186236740550268
 40
0.9590413052194321
 40
1.0
 40
1.0
 40
1.0
 40
1.0
 10
9.5584305726818
 20
5.681143483241755
 30
0.0
 10
9.558679399432402
 20
5.681425333788183
 30
0.0
 10
9.559169925147335
 20
5.681980961109029
 30
0.0
 10
9.559833163897375
 20
5.682885407382186
 30
0.0
 10
9.56042455836541
 20
5.683827281271252
 30
0.0
 10
9.56094965848976
 20
5.684801438088119
 30
0.0
 10
9.561396057662328
 20
5.685822281015568
 30
0.0
 10
9.561786587772126
 20
5.68686558007008
 30
0.0
 10
9.562091225141309
 20
5.687960998193744
 30
0.0
 10
9.562325288869785
 20
5.689088540587449
 30
0.0
 10
9.562486363612354
 20
5.690248156493182
 30
0.0
 10
9.562579783099025
 20
5.691432757627855
 30
0.0
 10
9.56258958265363
 20
5.692646406223218
 30
0.0
 10
9.562514832903814
 20
5.693890576775217
 30
0.0
 10
9.562373209751396
 20
5.695149711322656
 30
0.0
 10
9.562156582914865
 20
5.696435474719532
 30
0.0
 10
9.561861392199118
 20
5.697746368260027
 30
0.0
 10
9.561480907217883
 20
5.699080343692139
 30
0.0
 10
9.561046023195203
 20
5.700417834035242
 30
0.0
 10
9.560539730946385
 20
5.701750813861155
 30
0.0
 10
9.55997437504363
 20
5.70306887466915
 30
0.0
 10
9.559355448120401
 20
5.704378607180898
 30
0.0
 10
9.558661168507646
 20
5.705665196538955
 30
0.0
 10
9.557911748096263
 20
5.706945442403902
 30
0.0
 10
9.557098550088705
 20
5.708210440407139
 30
0.0
 10
9.556516604430707
 20
5.709031810570767
 30
0.0
 10
9.556223696950452
 20
5.709445226259462
 30
0.0
  0
LINE
  5
578
330
1F
100
AcDbEntity
  8
0
  6
Continuous
 62
     7
370
    18
100
AcDbLine
 10
9.5867223815
 20
5.6450035619
 30
0.0
 11
9.586250977
 21
5.6447314258
 31
0.0
  0
LINE
  5
579
330
1F
100
AcDbEntity
  8
0
  6
Continuous
 62
     7
370
    18
100
AcDbLine
 10
9.5573063428
 20
5.6525580025
 30
0.0
 11
9.5568349383
 21
5.6522858665
 31
0.0
  0
LINE
  5
57A
330
1F
100
AcDbEntity
  8
0
  6
Continuous
 62
     7
370
    18
100
AcDbLine
 10
9.5281264011
 20
5.7221018076
 30
0.0
 11
9.5276549965
 21
5.7218296716
 31
0.0
  0
SPLINE
  5
57B
330
1F
100
AcDbEntity
  8
0
  6
Continuous
 62
     7
370
    18
100
AcDbSpline
210
0.0
220
0.0
230
1.0
 70
     8
 71
     3
 72
    23
 73
    19
 74
     0
 42
0.000000001
 43
0.00000001
 40
0.0
 40
0.0
 40
0.0
 40
0.0
 40
0.0613492737056088
 40
0.1204642893528048
 40
0.1776002961417481
 40
0.2338503103101303
 40
0.2899334705021305
 40
0.346088927113301
 40
0.4033657800639587
 40
0.4620578195084187
 40
0.5218686012141786
 40
0.5825133766371036
 40
0.6450005795226244
 40
0.7094221691615601
 40
0.7763838168224158
 40
0.8469034241900735
 40
0.9212301001896452
 40
1.0
 40
1.0
 40
1.0
 40
1.0
 10
9.53521758288066
 20
5.686986453968426
 30
0.0
 10
9.535673072840893
 20
5.686382275559057
 30
0.0
 10
9.536567464429455
 20
5.685195922105616
 30
0.0
 10
9.53797172924
 20
5.683563323648049
 30
0.0
 10
9.539400106501677
 20
5.682109429398938
 30
0.0
 10
9.54085392024282
 20
5.680835985032619
 30
0.0
 10
9.542329321877933
 20
5.679717373291889
 30
0.0
 10
9.543831429532096
 20
5.678792830632021
 30
0.0
 10
9.545352427292476
 20
5.678041456877
 30
0.0
 10
9.546887045324683
 20
5.677464658535946
 30
0.0
 10
9.54841214784231
 20
5.677093518938215
 30
0.0
 10
9.549914069566979
 20
5.676932893744913
 30
0.0
 10
9.551367749530328
 20
5.67702525760483
 30
0.0
 10
9.552780814910653
 20
5.677335932691916
 30
0.0
 10
9.554154587779013
 20
5.677866127100748
 30
0.0
 10
9.55546725455518
 20
5.678655266041442
 30
0.0
 10
9.556759798357255
 20
5.67964126471665
 30
0.0
 10
9.557551717109602
 20
5.680453462410804
 30
0.0
 10
9.557959168161009
 20
5.68087134720448
 30
0.0
  0
SPLINE
  5
57C
330
1F
100
AcDbEntity
  8
0
  6
Continuous
 62
     7
370
    18
100
AcDbSpline
210
0.0
220
0.0
230
1.0
 70
     8
 71
     3
 72
    23
 73
    19
 74
     0
 42
0.000000001
 43
0.00000001
 40
0.0
 40
0.0
 40
0.0
 40
0.0
 40
0.075846743802302
 40
0.1477368325782063
 40
0.2162631363289448
 40
0.2822099399519826
 40
0.3459291715650797
 40
0.4082064254770908
 40
0.469285102031071
 40
0.5302611882745524
 40
0.5903501721625135
 40
0.6487451942742738
 40
0.7062917973410058
 40
0.7631480098191328
 40
0.820427233244541
 40
0.8784333370374239
 40
0.9380960241866254
 40
1.0
 40
1.0
 40
1.0
 40
1.0
 10
9.53259803932963
 20
5.714884140675012
 30
0.0
 10
9.532237092491275
 20
5.714462955289415
 30
0.0
 10
9.531534028128135
 20
5.713642556262682
 30
0.0
 10
9.530639579600308
 20
5.712266834633852
 30
0.0
 10
9.529929926436019
 20
5.7107913227304
 30
0.0
 10
9.529370712113423
 20
5.709247110293868
 30
0.0
 10
9.52900625961071
 20
5.707591010867875
 30
0.0
 10
9.528790635542114
 20
5.705867322330297
 30
0.0
 10
9.528765650268582
 20
5.704043149447767
 30
0.0
 10
9.528911885242021
 20
5.702151075403647
 30
0.0
 10
9.529203557362724
 20
5.700225430616136
 30
0.0
 10
9.52964902094408
 20
5.698290867524383
 30
0.0
 10
9.530217394953523
 20
5.696369294504777
 30
0.0
 10
9.530947934219702
 20
5.694458056462782
 30
0.0
 10
9.531796977094444
 20
5.692558687479373
 30
0.0
 10
9.53280842510328
 20
5.690679604385163
 30
0.0
 10
9.533937648170376
 20
5.688800237099296
 30
0.0
 10
9.53478572605672
 20
5.687598434107663
 30
0.0
 10
9.53521758288066
 20
5.686986453968426
 30
0.0
  0
SPLINE
  5
57D
330
1F
100
AcDbEntity
  8
0
  6
Continuous
 62
     7
370
    18
100
AcDbSpline
210
0.0
220
0.0
230
1.0
 70
     8
 71
     3
 72
    23
 73
    19
 74
     0
 42
0.000000001
 43
0.00000001
 40
0.0
 40
0.0
 40
0.0
 40
0.0
 40
0.0562262238400623
 40
0.1111627527958776
 40
0.16483487951726
 40
0.2177550644482328
 40
0.2707811428016162
 40
0.3244623132701345
 40
0.3789928337567943
 40
0.4351758727182356
 40
0.4924617261671874
 40
0.5519326742225903
 40
0.6146860106392747
 40
0.6810128923820069
 40
0.7522631774062506
 40
0.8286748311912416
 40
0.9111841217661171
 40
1.0
 40
1.0
 40
1.0
 40
1.0
 10
9.555752292429661
 20
5.709173090222188
 30
0.0
 10
9.555323559377982
 20
5.709744268512865
 30
0.0
 10
9.554475927383795
 20
5.710873523632497
 30
0.0
 10
9.553134406505079
 20
5.712432722914889
 30
0.0
 10
9.551765678284246
 20
5.713850316593807
 30
0.0
 10
9.55036531053696
 20
5.715118492672654
 30
0.0
 10
9.548931396983631
 20
5.716237851416691
 30
0.0
 10
9.547464788024566
 20
5.717204773297646
 30
0.0
 10
9.545966434031941
 20
5.718038081448704
 30
0.0
 10
9.544443573957112
 20
5.718726272233291
 30
0.0
 10
9.542901935143737
 20
5.719219651723957
 30
0.0
 10
9.541373661042405
 20
5.719413304209565
 30
0.0
 10
9.539865928354406
 20
5.719327769754165
 30
0.0
 10
9.538362058480002
 20
5.718996370199114
 30
0.0
 10
9.536897700272847
 20
5.71835198238136
 30
0.0
 10
9.53542954295932
 20
5.717470685710292
 30
0.0
 10
9.533972584789447
 20
5.716319005757115
 30
0.0
 10
9.533067328830745
 20
5.715374024158848
 30
0.0
 10
9.53259803932963
 20
5.714884140675012
 30
0.0
  0
SPLINE
  5
57E
330
1F
100
AcDbEntity
  8
0
  6
Continuous
 62
     7
370
    18
100
AcDbSpline
210
0.0
220
0.0
230
1.0
 70
     8
 71
     3
 72
    31
 73
    27
 74
     0
 42
0.000000001
 43
0.00000001
 40
0.0
 40
0.0
 40
0.0
 40
0.0
 40
0.0504045746555606
 40
0.0993652811006134
 40
0.1469929549341749
 40
0.193101084220462
 40
0.2381192355051457
 40
0.2822983576500998
 40
0.3252397378686735
 40
0.3675337235321607
 40
0.4090111859033191
 40
0.4495012819864061
 40
0.4895115462016892
 40
0.5285974328422419
 40
0.5676288689657268
 40
0.6061339611380192
 40
0.6450725090204454
 40
0.684362278768372
 40
0.7236491224489188
 40
0.7625093542913846
 40
0.8014419970254728
 40
0.8401629391235375
 40
0.8793017319365556
 40
0.9186236740550268
 40
0.9590413052194321
 40
1.0
 40
1.0
 40
1.0
 40
1.0
 10
9.557959168161009
 20
5.68087134720448
 30
0.0
 10
9.55820799491161
 20
5.681153197750909
 30
0.0
 10
9.558698520626546
 20
5.681708825071754
 30
0.0
 10
9.559361759376584
 20
5.682613271344911
 30
0.0
 10
9.559953153844619
 20
5.683555145233978
 30
0.0
 10
9.560478253968968
 20
5.684529302050845
 30
0.0
 10
9.560924653141537
 20
5.685550144978293
 30
0.0
 10
9.561315183251333
 20
5.686593444032805
 30
0.0
 10
9.561619820620518
 20
5.687688862156469
 30
0.0
 10
9.561853884348995
 20
5.688816404550176
 30
0.0
 10
9.562014959091565
 20
5.689976020455908
 30
0.0
 10
9.562108378578234
 20
5.691160621590582
 30
0.0
 10
9.562118178132838
 20
5.692374270185944
 30
0.0
 10
9.562043428383024
 20
5.693618440737942
 30
0.0
 10
9.561901805230606
 20
5.694877575285381
 30
0.0
 10
9.561685178394075
 20
5.696163338682258
 30
0.0
 10
9.561389987678327
 20
5.697474232222753
 30
0.0
 10
9.561009502697093
 20
5.698808207654865
 30
0.0
 10
9.560574618674412
 20
5.700145697997969
 30
0.0
 10
9.560068326425593
 20
5.70147867782388
 30
0.0
 10
9.55950297052284
 20
5.702796738631876
 30
0.0
 10
9.55888404359961
 20
5.704106471143623
 30
0.0
 10
9.558189763986855
 20
5.70539306050168
 30
0.0
 10
9.557440343575474
 20
5.706673306366628
 30
0.0
 10
9.556627145567914
 20
5.707938304369865
 30
0.0
 10
9.556045199909914
 20
5.708759674533494
 30
0.0
 10
9.555752292429661
 20
5.709173090222188
 30
0.0
  0
LINE
  5
57F
330
1F
100
AcDbEntity
  8
0
  6
Continuous
 62
     7
370
    18
100
AcDbLine
 10
9.556223697
 20
5.7094452263
 30
0.0
 11
9.5557522924
 21
5.7091730902
 31
0.0
  0
LINE
  5
580
330
1F
100
AcDbEntity
  8
0
  6
Continuous
 62
     7
370
    18
100
AcDbLine
 10
9.5584305727
 20
5.6811434832
 30
0.0
 11
9.5579591682
 21
5.6808713472
 31
0.0
  0
LINE
  5
581
330
1F
100
AcDbEntity
  8
0
  6
Continuous
 62
     7
370
    18
100
AcDbLine
 10
9.497800278
 20
5.8044294378
 30
0.0
 11
9.4973288735
 21
5.8041573018
 31
0.0
  0
LINE
  5
582
330
1F
100
AcDbEntity
  8
0
  6
Continuous
 62
     7
370
    18
100
AcDbLine
 10
9.5014514911
 20
5.7970486899
 30
0.0
 11
9.5009800866
 21
5.7967765538
 31
0.0
  0
LINE
  5
583
330
1F
100
AcDbEntity
  8
0
  6
Continuous
 62
     7
370
    18
100
AcDbLine
 10
9.5105660673
 20
5.7785994085
 30
0.0
 11
9.5100946628
 21
5.7783272725
 31
0.0
  0
LINE
  5
584
330
1F
100
AcDbEntity
  8
0
  6
Continuous
 62
     7
370
    18
100
AcDbLine
 10
9.5234154492
 20
5.7367001692
 30
0.0
 11
9.5229440446
 21
5.7364280331
 31
0.0
  0
LINE
  5
585
330
1F
100
AcDbEntity
  8
0
  6
Continuous
 62
     7
370
    18
100
AcDbLine
 10
9.4845170216
 20
5.7603263684
 30
0.0
 11
9.4840456171
 21
5.7600542324
 31
0.0
  0
LINE
  5
586
330
1F
100
AcDbEntity
  8
0
  6
Continuous
 62
     7
370
    18
100
AcDbLine
 10
9.4710037828
 20
5.786551735
 30
0.0
 11
9.4705323783
 21
5.7862795989
 31
0.0
  0
LINE
  5
587
330
1F
100
AcDbEntity
  8
0
  6
Continuous
 62
     7
370
    18
100
AcDbLine
 10
9.5801107254
 20
5.6516174346
 30
0.0
 11
9.5796393208
 21
5.6513452985
 31
0.0
  0
LINE
  5
588
330
1F
100
AcDbEntity
  8
0
  6
Continuous
 62
     7
370
    18
100
AcDbLine
 10
9.5845424189
 20
5.6334474183
 30
0.0
 11
9.5840710144
 21
5.6331752823
 31
0.0
  0
LINE
  5
589
330
1F
100
AcDbEntity
  8
0
  6
Continuous
 62
     7
370
    18
100
AcDbLine
 10
9.5711396858
 20
5.662069253
 30
0.0
 11
9.5706682813
 21
5.661797117
 31
0.0
  0
LINE
  5
58A
330
1F
100
AcDbEntity
  8
0
  6
Continuous
 62
     7
370
    18
100
AcDbLine
 10
9.5772579348
 20
5.6551186527
 30
0.0
 11
9.5767865303
 21
5.6548465166
 31
0.0
  0
LINE
  5
58B
330
1F
100
AcDbEntity
  8
0
  6
Continuous
 62
     7
370
    18
100
AcDbLine
 10
9.5031498708
 20
5.7623533845
 30
0.0
 11
9.5026784663
 21
5.7620812484
 31
0.0
  0
LINE
  5
58C
330
1F
100
AcDbEntity
  8
0
  6
Continuous
 62
     7
370
    18
100
AcDbLine
 10
9.5198090913
 20
5.7344103978
 30
0.0
 11
9.5193376867
 21
5.7341382617
 31
0.0
  0
LINE
  5
58D
330
1F
100
AcDbEntity
  8
0
  6
Continuous
 62
     7
370
    18
100
AcDbLine
 10
9.5328541389
 20
5.6840779804
 30
0.0
 11
9.5323827344
 21
5.6838058444
 31
0.0
  0
LINE
  5
58E
330
1F
100
AcDbEntity
  8
0
  6
Continuous
 62
     7
370
    18
100
AcDbLine
 10
9.5858073355
 20
5.6201926523
 30
0.0
 11
9.585335931
 21
5.6199205162
 31
0.0
  0
LINE
  5
58F
330
1F
100
AcDbEntity
  8
0
  6
Continuous
 62
     7
370
    18
100
AcDbLine
 10
9.5054195438
 20
5.7252720344
 30
0.0
 11
9.5049481393
 21
5.7249998983
 31
0.0
  0
LINE
  5
590
330
1F
100
AcDbEntity
  8
0
  6
Continuous
 62
     7
370
    18
100
AcDbLine
 10
9.8213354414
 20
5.9154593763
 30
0.0
 11
9.8309283239
 21
5.9099215231
 31
0.0
  0
LINE
  5
591
330
1F
100
AcDbEntity
  8
0
  6
Continuous
 62
     8
370
    18
100
AcDbLine
 10
9.4351889604
 20
8.0643723111
 30
0.0
 11
9.4620258844
 21
8.0798649375
 31
0.0
  0
LWPOLYLINE
  5
592
330
1F
100
AcDbEntity
  8
0
  6
Continuous
 62
     8
370
    18
100
AcDbPolyline
 90
       38
 70
   128
 43
0.0
 10
9.9983052093
 20
7.2700145071
 10
9.9797485481
 20
7.2765950455
 10
9.9585583778
 20
7.2852547828
 10
9.9372434607
 20
7.2951729178
 10
9.9158535787
 20
7.3063262863
 10
9.8944386891
 20
7.3186888389
 10
9.8730488072
 20
7.3322317024
 10
9.8517338901
 20
7.3469232469
 10
9.8305437198
 20
7.3627291595
 10
9.8095277868
 20
7.3796125248
 10
9.7887351749
 20
7.3975339109
 10
9.7682144463
 20
7.4164514616
 10
9.7480135279
 20
7.436320994
 10
9.7281796
 20
7.457096102
 10
9.7087589856
 20
7.4787282644
 10
9.6897970426
 20
7.5011669581
 10
9.6713380573
 20
7.5243597767
 10
9.6534251416
 20
7.5482525521
 10
9.636100132
 20
7.5727894818
 10
9.6194034917
 20
7.5979132585
 10
9.6033742166
 20
7.6235652045
 10
9.5880497439
 20
7.6496854086
 10
9.5734658644
 20
7.6762128658
 10
9.5596566396
 20
7.7030856199
 10
9.5466543215
 20
7.7302409085
 10
9.5344892776
 20
7.757615309
 10
9.52318992
 20
7.7851448873
 10
9.5127826389
 20
7.8127653468
 10
9.5032917408
 20
7.8404121786
 10
9.4947393924
 20
7.8680208123
 10
9.4871455678
 20
7.8955267667
 10
9.480528003
 20
7.9228658002
 10
9.4749021535
 20
7.9499740613
 10
9.4702811587
 20
7.9767882375
 10
9.4666758113
 20
8.0032457029
 10
9.4640945316
 20
8.0292846649
 10
9.4625433483
 20
8.0548443084
 10
9.4620258844
 20
8.0798649375
  0
ARC
  5
593
330
1F
100
AcDbEntity
  8
0
  6
Continuous
 62
     8
370
    18
100
AcDbCircle
 10
9.4595560052
 20
8.0857592047
 30
0.0
 40
0.0063908284842007
100
AcDbArc
 50
292.7351826652
 51
355.9820188966
  0
LINE
  5
594
330
1F
100
AcDbEntity
  8
0
  6
Continuous
 62
     8
370
    18
100
AcDbLine
 10
9.713778602
 20
7.1011538852
 30
0.0
 11
9.589305105
 21
7.0292968649
 31
0.0
  0
LINE
  5
595
330
1F
100
AcDbEntity
  8
0
  6
Continuous
 62
     8
370
    18
100
AcDbLine
 10
9.3818871159
 20
8.1141671713
 30
0.0
 11
9.3818871159
 21
8.1032817298
 31
0.0
  0
LWPOLYLINE
  5
596
330
1F
100
AcDbEntity
  8
0
  6
Continuous
 62
     8
370
    18
100
AcDbPolyline
 90
        3
 70
   128
 43
0.0
 10
9.839149501
 20
5.8888785384
 10
9.8384587585
 20
5.8902129146
 10
9.8318897628
 20
5.9039237754
  0
ENDSEC
  0
SECTION
  2
OBJECTS
  0
DICTIONARY
  5
C
330
0
100
AcDbDictionary
281
     1
  3
ACAD_GROUP
350
D
  3
ACAD_LAYOUT
350
1A
  3
ACAD_MLINESTYLE
350
17
  3
ACAD_PLOTSETTINGS
350
19
  3
ACAD_PLOTSTYLENAME
350
E
  3
ACAD_SCALELIST
350
47
  0
DICTIONARY
  5
D
102
{ACAD_REACTORS
330
C
102
}
330
C
100
AcDbDictionary
281
     1
  0
DICTIONARY
  5
1A
102
{ACAD_REACTORS
330
C
102
}
330
C
100
AcDbDictionary
281
     1
  3
Layout1
350
1E
  3
Layout2
350
26
  3
Model
350
22
  0
DICTIONARY
  5
17
102
{ACAD_REACTORS
330
C
102
}
330
C
100
AcDbDictionary
281
     1
  3
Standard
350
18
  0
DICTIONARY
  5
19
102
{ACAD_REACTORS
330
C
102
}
330
C
100
AcDbDictionary
281
     1
  0
ACDBDICTIONARYWDFLT
  5
E
102
{ACAD_REACTORS
330
C
102
}
330
C
100
AcDbDictionary
281
     1
  3
Normal
350
F
100
AcDbDictionaryWithDefault
340
F
  0
DICTIONARY
  5
47
102
{ACAD_REACTORS
330
C
102
}
330
C
100
AcDbDictionary
281
     1
  3
A0
350
48
  3
A1
350
49
  3
A2
350
4A
  3
A3
350
4B
  3
A4
350
4C
  3
A5
350
4D
  3
A6
350
4E
  3
A7
350
4F
  3
A8
350
50
  3
A9
350
51
  3
B0
350
52
  3
B1
350
53
  3
B2
350
54
  3
B3
350
55
  3
B4
350
56
  3
B5
350
57
  3
B6
350
58
  3
B7
350
59
  3
B8
350
5A
  3
B9
350
5B
  3
C0
350
5C
  3
C1
350
5D
  3
C2
350
5E
  3
C3
350
5F
  3
C4
350
60
  3
C5
350
61
  3
C6
350
62
  3
C7
350
63
  3
C8
350
64
  3
C9
350
65
  3
D0
350
66
  3
D1
350
67
  3
D2
350
68
  0
LAYOUT
  5
1E
102
{ACAD_REACTORS
330
1A
102
}
330
1A
100
AcDbPlotSettings
  1

  2
none_device
  4

  6

 40
0.0
 41
0.0
 42
0.0
 43
0.0
 44
0.0
 45
0.0
 46
0.0
 47
0.0
 48
0.0
 49
0.0
140
0.0
141
0.0
142
1.0
143
1.0
 70
   688
 72
     0
 73
     0
 74
     5
  7

 75
    16
147
1.0
148
0.0
149
0.0
100
AcDbLayout
  1
Layout1
 70
     1
 71
     1
 10
0.0
 20
0.0
 11
12.0
 21
9.0
 12
0.0
 22
0.0
 32
0.0
 14
1.0000000000E+20
 24
1.0000000000E+20
 34
1.0000000000E+20
 15
-1.0000000000E+20
 25
-1.0000000000E+20
 35
-1.0000000000E+20
146
0.0
 13
0.0
 23
0.0
 33
0.0
 16
1.0
 26
0.0
 36
0.0
 17
0.0
 27
1.0
 37
0.0
 76
     0
330
1B
  0
LAYOUT
  5
26
102
{ACAD_REACTORS
330
1A
102
}
330
1A
100
AcDbPlotSettings
  1

  2
none_device
  4

  6

 40
0.0
 41
0.0
 42
0.0
 43
0.0
 44
0.0
 45
0.0
 46
0.0
 47
0.0
 48
0.0
 49
0.0
140
0.0
141
0.0
142
1.0
143
1.0
 70
   688
 72
     0
 73
     0
 74
     5
  7

 75
    16
147
1.0
148
0.0
149
0.0
100
AcDbLayout
  1
Layout2
 70
     1
 71
     2
 10
0.0
 20
0.0
 11
0.0
 21
0.0
 12
0.0
 22
0.0
 32
0.0
 14
0.0
 24
0.0
 34
0.0
 15
0.0
 25
0.0
 35
0.0
146
0.0
 13
0.0
 23
0.0
 33
0.0
 16
1.0
 26
0.0
 36
0.0
 17
0.0
 27
1.0
 37
0.0
 76
     0
330
23
  0
LAYOUT
  5
22
102
{ACAD_REACTORS
330
1A
102
}
330
1A
100
AcDbPlotSettings
  1

  2
none_device
  4
Letter_(8.50_x_11.00_Inches)
  6

 40
6.35
 41
6.35
 42
6.35000508
 43
6.35000508
 44
215.9
 45
279.4
 46
0.0
 47
0.0
 48
0.0
 49
0.0
140
0.0
141
0.0
142
1.0
143
1.0
 70
  1712
 72
     0
 73
     0
 74
     0
  7

 75
     0
147
1.0
148
0.0
149
0.0
100
AcDbLayout
  1
Model
 70
     1
 71
     0
 10
0.0
 20
0.0
 11
11.0
 21
8.5
 12
0.0
 22
0.0
 32
0.0
 14
0.0
 24
0.0
 34
0.0
 15
11.0
 25
8.5
 35
0.0
146
0.0
 13
0.0
 23
0.0
 33
0.0
 16
1.0
 26
0.0
 36
0.0
 17
0.0
 27
1.0
 37
0.0
 76
     0
330
1F
331
29
  0
MLINESTYLE
  5
18
102
{ACAD_REACTORS
330
17
102
}
330
17
100
AcDbMlineStyle
  2
Standard
 70
     0
  3

 62
   256
 51
90.0
 52
90.0
 71
     2
 49
0.5
 62
   256
  6
BYLAYER
 49
-0.5
 62
   256
  6
BYLAYER
  0
ACDBPLACEHOLDER
  5
F
102
{ACAD_REACTORS
330
E
102
}
330
E
  0
SCALE
  5
48
102
{ACAD_REACTORS
330
47
102
}
330
47
100
AcDbScale
 70
     0
300
1:1
140
1.0
141
1.0
290
     1
  0
SCALE
  5
49
102
{ACAD_REACTORS
330
47
102
}
330
47
100
AcDbScale
 70
     0
300
1:2
140
1.0
141
2.0
290
     0
  0
SCALE
  5
4A
102
{ACAD_REACTORS
330
47
102
}
330
47
100
AcDbScale
 70
     0
300
1:4
140
1.0
141
4.0
290
     0
  0
SCALE
  5
4B
102
{ACAD_REACTORS
330
47
102
}
330
47
100
AcDbScale
 70
     0
300
1:5
140
1.0
141
5.0
290
     0
  0
SCALE
  5
4C
102
{ACAD_REACTORS
330
47
102
}
330
47
100
AcDbScale
 70
     0
300
1:8
140
1.0
141
8.0
290
     0
  0
SCALE
  5
4D
102
{ACAD_REACTORS
330
47
102
}
330
47
100
AcDbScale
 70
     0
300
1:10
140
1.0
141
10.0
290
     0
  0
SCALE
  5
4E
102
{ACAD_REACTORS
330
47
102
}
330
47
100
AcDbScale
 70
     0
300
1:16
140
1.0
141
16.0
290
     0
  0
SCALE
  5
4F
102
{ACAD_REACTORS
330
47
102
}
330
47
100
AcDbScale
 70
     0
300
1:20
140
1.0
141
20.0
290
     0
  0
SCALE
  5
50
102
{ACAD_REACTORS
330
47
102
}
330
47
100
AcDbScale
 70
     0
300
1:30
140
1.0
141
30.0
290
     0
  0
SCALE
  5
51
102
{ACAD_REACTORS
330
47
102
}
330
47
100
AcDbScale
 70
     0
300
1:40
140
1.0
141
40.0
290
     0
  0
SCALE
  5
52
102
{ACAD_REACTORS
330
47
102
}
330
47
100
AcDbScale
 70
     0
300
1:50
140
1.0
141
50.0
290
     0
  0
SCALE
  5
53
102
{ACAD_REACTORS
330
47
102
}
330
47
100
AcDbScale
 70
     0
300
1:100
140
1.0
141
100.0
290
     0
  0
SCALE
  5
54
102
{ACAD_REACTORS
330
47
102
}
330
47
100
AcDbScale
 70
     0
300
2:1
140
2.0
141
1.0
290
     0
  0
SCALE
  5
55
102
{ACAD_REACTORS
330
47
102
}
330
47
100
AcDbScale
 70
     0
300
4:1
140
4.0
141
1.0
290
     0
  0
SCALE
  5
56
102
{ACAD_REACTORS
330
47
102
}
330
47
100
AcDbScale
 70
     0
300
8:1
140
8.0
141
1.0
290
     0
  0
SCALE
  5
57
102
{ACAD_REACTORS
330
47
102
}
330
47
100
AcDbScale
 70
     0
300
10:1
140
10.0
141
1.0
290
     0
  0
SCALE
  5
58
102
{ACAD_REACTORS
330
47
102
}
330
47
100
AcDbScale
 70
     0
300
100:1
140
100.0
141
1.0
290
     0
  0
SCALE
  5
59
102
{ACAD_REACTORS
330
47
102
}
330
47
100
AcDbScale
 70
     0
300
1/128" = 1'-0"
140
0.0078125
141
12.0
290
     0
  0
SCALE
  5
5A
102
{ACAD_REACTORS
330
47
102
}
330
47
100
AcDbScale
 70
     0
300
1/64" = 1'-0"
140
0.015625
141
12.0
290
     0
  0
SCALE
  5
5B
102
{ACAD_REACTORS
330
47
102
}
330
47
100
AcDbScale
 70
     0
300
1/32" = 1'-0"
140
0.03125
141
12.0
290
     0
  0
SCALE
  5
5C
102
{ACAD_REACTORS
330
47
102
}
330
47
100
AcDbScale
 70
     0
300
1/16" = 1'-0"
140
0.0625
141
12.0
290
     0
  0
SCALE
  5
5D
102
{ACAD_REACTORS
330
47
102
}
330
47
100
AcDbScale
 70
     0
300
3/32" = 1'-0"
140
0.09375
141
12.0
290
     0
  0
SCALE
  5
5E
102
{ACAD_REACTORS
330
47
102
}
330
47
100
AcDbScale
 70
     0
300
1/8" = 1'-0"
140
0.125
141
12.0
290
     0
  0
SCALE
  5
5F
102
{ACAD_REACTORS
330
47
102
}
330
47
100
AcDbScale
 70
     0
300
3/16" = 1'-0"
140
0.1875
141
12.0
290
     0
  0
SCALE
  5
60
102
{ACAD_REACTORS
330
47
102
}
330
47
100
AcDbScale
 70
     0
300
1/4" = 1'-0"
140
0.25
141
12.0
290
     0
  0
SCALE
  5
61
102
{ACAD_REACTORS
330
47
102
}
330
47
100
AcDbScale
 70
     0
300
3/8" = 1'-0"
140
0.375
141
12.0
290
     0
  0
SCALE
  5
62
102
{ACAD_REACTORS
330
47
102
}
330
47
100
AcDbScale
 70
     0
300
1/2" = 1'-0"
140
0.5
141
12.0
290
     0
  0
SCALE
  5
63
102
{ACAD_REACTORS
330
47
102
}
330
47
100
AcDbScale
 70
     0
300
3/4" = 1'-0"
140
0.75
141
12.0
290
     0
  0
SCALE
  5
64
102
{ACAD_REACTORS
330
47
102
}
330
47
100
AcDbScale
 70
     0
300
1" = 1'-0"
140
1.0
141
12.0
290
     0
  0
SCALE
  5
65
102
{ACAD_REACTORS
330
47
102
}
330
47
100
AcDbScale
 70
     0
300
1-1/2" = 1'-0"
140
1.5
141
12.0
290
     0
  0
SCALE
  5
66
102
{ACAD_REACTORS
330
47
102
}
330
47
100
AcDbScale
 70
     0
300
3" = 1'-0"
140
3.0
141
12.0
290
     0
  0
SCALE
  5
67
102
{ACAD_REACTORS
330
47
102
}
330
47
100
AcDbScale
 70
     0
300
6" = 1'-0"
140
6.0
141
12.0
290
     0
  0
SCALE
  5
68
102
{ACAD_REACTORS
330
47
102
}
330
47
100
AcDbScale
 70
     0
300
1'-0" = 1'-0"
140
12.0
141
12.0
290
     0
  0
ENDSEC
  0
EOF
