  0
SECTION
  2
HEADER
  9
$ACADVER
  1
AC1015
  9
$ACADMAINTVER
 70
     6
  9
$DWGCODEPAGE
  3
ANSI_1252
  9
$INSBASE
 10
0.0
 20
0.0
 30
0.0
  9
$EXTMIN
 10
0.0
 20
0.0
 30
0.0
  9
$EXTMAX
 10
111.76
 20
86.36
 30
0.0
  9
$LIMMIN
 10
0.0
 20
0.0
  9
$LIMMAX
 10
111.76
 20
86.36
  9
$ORTHOMODE
 70
     0
  9
$REGENMODE
 70
     1
  9
$FILLMODE
 70
     1
  9
$QTEXTMODE
 70
     0
  9
$MIRRTEXT
 70
     1
  9
$LTSCALE
 40
0.4
  9
$ATTMODE
 70
     1
  9
$TEXTSIZE
 40
1.1288888889
  9
$TRACEWID
 40
1.0
  9
$TEXTSTYLE
  7
Standard
  9
$CLAYER
  8
0
  9
$CELTYPE
  6
ByLayer
  9
$CECOLOR
 62
   256
  9
$CELTSCALE
 40
1.0
  9
$DISPSILH
 70
     0
  9
$DIMSCALE
 40
1.0
  9
$DIMASZ
 40
1.27
  9
$DIMEXO
 40
0.508
  9
$DIMDLI
 40
3.75
  9
$DIMRND
 40
0.0
  9
$DIMDLE
 40
0.0
  9
$DIMEXE
 40
0.7112
  9
$DIMTP
 40
0.0
  9
$DIMTM
 40
0.0
  9
$DIMTXT
 40
1.1288888889
  9
$DIMCEN
 40
2.5
  9
$DIMTSZ
 40
0.0
  9
$DIMTOL
 70
     0
  9
$DIMLIM
 70
     0
  9
$DIMTIH
 70
     1
  9
$DIMTOH
 70
     1
  9
$DIMSE1
 70
     0
  9
$DIMSE2
 70
     0
  9
$DIMTAD
 70
     0
  9
$DIMZIN
 70
     1
  9
$DIMBLK
  1

  9
$DIMASO
 70
     1
  9
$DIMSHO
 70
     1
  9
$DIMPOST
  1

  9
$DIMAPOST
  1

  9
$DIMALT
 70
     0
  9
$DIMALTD
 70
     3
  9
$DIMALTF
 40
0.0393700787
  9
$DIMLFAC
 40
1.0
  9
$DIMTOFL
 70
     1
  9
$DIMTVP
 40
0.0
  9
$DIMTIX
 70
     0
  9
$DIMSOXD
 70
     0
  9
$DIMSAH
 70
     0
  9
$DIMBLK1
  1

  9
$DIMBLK2
  1

  9
$DIMSTYLE
  2
ISO-25
  9
$DIMCLRD
 70
     0
  9
$DIMCLRE
 70
     0
  9
$DIMCLRT
 70
     0
  9
$DIMTFAC
 40
1.0
  9
$DIMGAP
 40
1.016
  9
$DIMJUST
 70
     0
  9
$DIMSD1
 70
     0
  9
$DIMSD2
 70
     0
  9
$DIMTOLJ
 70
     0
  9
$DIMTZIN
 70
     1
  9
$DIMALTZ
 70
     0
  9
$DIMALTTZ
 70
     0
  9
$DIMUPT
 70
     0
  9
$DIMDEC
 70
     1
  9
$DIMTDEC
 70
     1
  9
$DIMALTU
 70
     2
  9
$DIMALTTD
 70
     3
  9
$DIMTXSTY
  7
Standard
  9
$DIMAUNIT
 70
     0
  9
$DIMADEC
 70
     0
  9
$DIMALTRND
 40
0.0
  9
$DIMAZIN
 70
     0
  9
$DIMDSEP
 70
    44
  9
$DIMATFIT
 70
     3
  9
$DIMFRAC
 70
     0
  9
$DIMLDRBLK
  1

  9
$DIMLUNIT
 70
     2
  9
$DIMLWD
 70
    -2
  9
$DIMLWE
 70
    -2
  9
$DIMTMOVE
 70
     0
  9
$LUNITS
 70
     2
  9
$LUPREC
 70
     1
  9
$SKETCHINC
 40
1.0
  9
$FILLETRAD
 40
10.0
  9
$AUNITS
 70
     0
  9
$AUPREC
 70
     0
  9
$MENU
  1
.
  9
$ELEVATION
 40
0.0
  9
$PELEVATION
 40
0.0
  9
$THICKNESS
 40
0.0
  9
$LIMCHECK
 70
     0
  9
$CHAMFERA
 40
0.0
  9
$CHAMFERB
 40
0.0
  9
$CHAMFERC
 40
0.0
  9
$CHAMFERD
 40
0.0
  9
$SKPOLY
 70
     0
  9
$TDCREATE
 40
2458254.727052627
  9
$TDUCREATE
 40
2458254.893719294
  9
$TDUPDATE
 40
2458254.727070336
  9
$TDUUPDATE
 40
2458254.893737002
  9
$TDINDWG
 40
0.0000000116
  9
$TDUSRTIMER
 40
0.0000000116
  9
$USRTIMER
 70
     1
  9
$ANGBASE
 50
0.0
  9
$ANGDIR
 70
     0
  9
$PDMODE
 70
     0
  9
$PDSIZE
 40
-1.0
  9
$PLINEWID
 40
0.0
  9
$SPLFRAME
 70
     0
  9
$SPLINETYPE
 70
     6
  9
$SPLINESEGS
 70
     8
  9
$HANDSEED
  5
5BD
  9
$SURFTAB1
 70
     6
  9
$SURFTAB2
 70
     6
  9
$SURFTYPE
 70
     6
  9
$SURFU
 70
     6
  9
$SURFV
 70
     6
  9
$UCSBASE
  2

  9
$UCSNAME
  2

  9
$UCSORG
 10
0.0
 20
0.0
 30
0.0
  9
$UCSXDIR
 10
1.0
 20
0.0
 30
0.0
  9
$UCSYDIR
 10
0.0
 20
1.0
 30
0.0
  9
$UCSORTHOREF
  2

  9
$UCSORTHOVIEW
 70
     0
  9
$UCSORGTOP
 10
0.0
 20
0.0
 30
0.0
  9
$UCSORGBOTTOM
 10
0.0
 20
0.0
 30
0.0
  9
$UCSORGLEFT
 10
0.0
 20
0.0
 30
0.0
  9
$UCSORGRIGHT
 10
0.0
 20
0.0
 30
0.0
  9
$UCSORGFRONT
 10
0.0
 20
0.0
 30
0.0
  9
$UCSORGBACK
 10
0.0
 20
0.0
 30
0.0
  9
$PUCSBASE
  2

  9
$PUCSNAME
  2

  9
$PUCSORG
 10
0.0
 20
0.0
 30
0.0
  9
$PUCSXDIR
 10
1.0
 20
0.0
 30
0.0
  9
$PUCSYDIR
 10
0.0
 20
1.0
 30
0.0
  9
$PUCSORTHOREF
  2

  9
$PUCSORTHOVIEW
 70
     0
  9
$PUCSORGTOP
 10
0.0
 20
0.0
 30
0.0
  9
$PUCSORGBOTTOM
 10
0.0
 20
0.0
 30
0.0
  9
$PUCSORGLEFT
 10
0.0
 20
0.0
 30
0.0
  9
$PUCSORGRIGHT
 10
0.0
 20
0.0
 30
0.0
  9
$PUCSORGFRONT
 10
0.0
 20
0.0
 30
0.0
  9
$PUCSORGBACK
 10
0.0
 20
0.0
 30
0.0
  9
$USERI1
 70
     0
  9
$USERI2
 70
     0
  9
$USERI3
 70
     0
  9
$USERI4
 70
     0
  9
$USERI5
 70
     0
  9
$USERR1
 40
0.0
  9
$USERR2
 40
0.0
  9
$USERR3
 40
0.0
  9
$USERR4
 40
0.0
  9
$USERR5
 40
0.0
  9
$WORLDVIEW
 70
     1
  9
$SHADEDGE
 70
     3
  9
$SHADEDIF
 70
    70
  9
$TILEMODE
 70
     1
  9
$MAXACTVP
 70
    64
  9
$PINSBASE
 10
0.0
 20
0.0
 30
0.0
  9
$PLIMCHECK
 70
     0
  9
$PEXTMIN
 10
1.0000000000E+20
 20
1.0000000000E+20
 30
1.0000000000E+20
  9
$PEXTMAX
 10
-1.0000000000E+20
 20
-1.0000000000E+20
 30
-1.0000000000E+20
  9
$PLIMMIN
 10
0.0
 20
0.0
  9
$PLIMMAX
 10
420.0
 20
297.0
  9
$UNITMODE
 70
     0
  9
$VISRETAIN
 70
     1
  9
$PLINEGEN
 70
     0
  9
$PSLTSCALE
 70
     1
  9
$TREEDEPTH
 70
  3020
  9
$CMLSTYLE
  2
Standard
  9
$CMLJUST
 70
     0
  9
$CMLSCALE
 40
20.0
  9
$PROXYGRAPHICS
 70
     1
  9
$MEASUREMENT
 70
     1
  9
$CELWEIGHT
370
    -1
  9
$ENDCAPS
280
     0
  9
$JOINSTYLE
280
     0
  9
$LWDISPLAY
290
     1
  9
$INSUNITS
 70
     4
  9
$HYPERLINKBASE
  1

  9
$STYLESHEET
  1

  9
$XEDIT
290
     1
  9
$CEPSNTYPE
380
     0
  9
$PSTYLEMODE
290
     1
  9
$FINGERPRINTGUID
  2
{C28C97DB-8A20-40CA-941D-3F488D09D59C}
  9
$VERSIONGUID
  2
{FAEB1C32-E019-11D5-929B-00C0DF256EC4}
  9
$EXTNAMES
290
     1
  9
$PSVPSCALE
 40
0.0
  9
$OLESTARTUP
290
     0
  0
ENDSEC
  0
SECTION
  2
CLASSES
  0
CLASS
  1
ACDBDICTIONARYWDFLT
  2
AcDbDictionaryWithDefault
  3
ObjectDBX Classes
 90
        0
280
     0
281
     0
  0
CLASS
  1
VISUALSTYLE
  2
AcDbVisualStyle
  3
ObjectDBX Classes
 90
     4095
280
     0
281
     0
  0
CLASS
  1
MATERIAL
  2
AcDbMaterial
  3
ObjectDBX Classes
 90
     1153
280
     0
281
     0
  0
CLASS
  1
SCALE
  2
AcDbScale
  3
ObjectDBX Classes
 90
     1153
280
     0
281
     0
  0
CLASS
  1
TABLESTYLE
  2
AcDbTableStyle
  3
ObjectDBX Classes
 90
     4095
280
     0
281
     0
  0
CLASS
  1
MLEADERSTYLE
  2
AcDbMLeaderStyle
  3
ACDB_MLEADERSTYLE_CLASS
 90
     4095
280
     0
281
     0
  0
CLASS
  1
SUN
  2
AcDbSun
  3
SCENEOE
 90
     1153
280
     0
281
     0
  0
CLASS
  1
ACDBPLACEHOLDER
  2
AcDbPlaceHolder
  3
ObjectDBX Classes
 90
        0
280
     0
281
     0
  0
CLASS
  1
LAYOUT
  2
AcDbLayout
  3
ObjectDBX Classes
 90
        0
280
     0
281
     0
  0
ENDSEC
  0
SECTION
  2
TABLES
  0
TABLE
  2
VPORT
  5
8
330
0
100
AcDbSymbolTable
 70
     1
  0
VPORT
  5
29
330
8
100
AcDbSymbolTableRecord
100
AcDbViewportTableRecord
  2
*Active
 70
     0
 10
0.0
 20
0.0
 11
1.0
 21
1.0
 12
55.88
 22
43.18
 13
0.0
 23
0.0
 14
10.0
 24
10.0
 15
10.0
 25
10.0
 16
0.0
 26
0.0
 36
1.0
 17
0.0
 27
0.0
 37
0.0
 40
86.36
 41
1.2941176471
 42
50.0
 43
0.0
 44
0.0
 50
0.0
 51
0.0
 71
     0
 72
  2000
 73
     1
 74
     3
 75
     0
 76
     0
 77
     0
 78
     0
281
     0
 65
     1
110
0.0
120
0.0
130
0.0
111
1.0
121
0.0
131
0.0
112
0.0
122
1.0
132
0.0
 79
     0
146
0.0
  0
ENDTAB
  0
TABLE
  2
LTYPE
  5
5
330
0
100
AcDbSymbolTable
 70
     6
  0
LTYPE
  5
14
330
5
100
AcDbSymbolTableRecord
100
AcDbLinetypeTableRecord
  2
ByBlock
 70
     0
  3

 72
    65
 73
     0
 40
0.0
  0
LTYPE
  5
15
330
5
100
AcDbSymbolTableRecord
100
AcDbLinetypeTableRecord
  2
ByLayer
 70
     0
  3

 72
    65
 73
     0
 40
0.0
  0
LTYPE
  5
16
330
5
100
AcDbSymbolTableRecord
100
AcDbLinetypeTableRecord
  2
Continuous
 70
     0
  3
Solid line
 72
    65
 73
     0
 40
0.0
  0
LTYPE
  5
6E
330
5
100
AcDbSymbolTableRecord
100
AcDbLinetypeTableRecord
  2
HIDDEN
 70
     0
  3
Hidden __ __ __ __ __ __ __ __ __ __ __ __ __ __
 72
    65
 73
     2
 40
1.905
 49
1.27
 74
     0
 49
-0.635
 74
     0
  0
LTYPE
  5
6F
330
5
100
AcDbSymbolTableRecord
100
AcDbLinetypeTableRecord
  2
PHANTOM
 70
     0
  3
Phantom ______  __  __  ______  __  __  ______
 72
    65
 73
     6
 40
12.7
 49
6.35
 74
     0
 49
-1.27
 74
     0
 49
1.27
 74
     0
 49
-1.27
 74
     0
 49
1.27
 74
     0
 49
-1.27
 74
     0
  0
LTYPE
  5
70
330
5
100
AcDbSymbolTableRecord
100
AcDbLinetypeTableRecord
  2
CENTER
 70
     0
  3
Center ____ _ ____ _ ____ _ ____ _ ____ _ ____
 72
    65
 73
     4
 40
10.16
 49
6.35
 74
     0
 49
-1.27
 74
     0
 49
1.27
 74
     0
 49
-1.27
 74
     0
  0
LTYPE
  5
71
330
5
100
AcDbSymbolTableRecord
100
AcDbLinetypeTableRecord
  2
CENTERX2
 70
     0
  3
Center (2x) ________  __  ________  __  _____
 72
    65
 73
     4
 40
20.32
 49
12.7
 74
     0
 49
-2.54
 74
     0
 49
2.54
 74
     0
 49
-2.54
 74
     0
  0
LTYPE
  5
72
330
5
100
AcDbSymbolTableRecord
100
AcDbLinetypeTableRecord
  2
DOT2
 70
     0
  3
Dot (.5x) ........................................
 72
    65
 73
     2
 40
0.635
 49
0.0
 74
     0
 49
-0.635
 74
     0
  0
ENDTAB
  0
TABLE
  2
LAYER
  5
2
330
0
100
AcDbSymbolTable
 70
     2
  0
LAYER
  5
10
330
2
100
AcDbSymbolTableRecord
100
AcDbLayerTableRecord
  2
0
 70
     0
 62
     7
  6
Continuous
370
    -3
390
F
  0
LAYER
  5
73
330
2
100
AcDbSymbolTableRecord
100
AcDbLayerTableRecord
  2
FORMAT
 70
     0
 62
     7
  6
Continuous
370
    -3
390
F
  0
ENDTAB
  0
TABLE
  2
STYLE
  5
3
330
0
100
AcDbSymbolTable
 70
     3
  0
STYLE
  5
11
330
3
100
AcDbSymbolTableRecord
100
AcDbTextStyleTableRecord
  2
Standard
 70
     0
 40
0.0
 41
1.0
 50
0.0
 71
     0
 42
1.1288888889
  3
txt
  4

  0
STYLE
  5
9A
330
3
100
AcDbSymbolTableRecord
100
AcDbTextStyleTableRecord
  2
SLDTEXTSTYLE0
 70
     0
 40
0.0
 41
0.75
 50
0.0
 71
     0
 42
1.1288888889
  3
TXT
  4

  0
STYLE
  5
A6
330
3
100
AcDbSymbolTableRecord
100
AcDbTextStyleTableRecord
  2
SLDTEXTSTYLE1
 70
     0
 40
0.0
 41
0.6
 50
0.0
 71
     0
 42
1.1288888889
  3
TXT
  4

  0
ENDTAB
  0
TABLE
  2
VIEW
  5
6
330
0
100
AcDbSymbolTable
 70
     0
  0
ENDTAB
  0
TABLE
  2
UCS
  5
7
330
0
100
AcDbSymbolTable
 70
     0
  0
ENDTAB
  0
TABLE
  2
APPID
  5
9
330
0
100
AcDbSymbolTable
 70
     1
  0
APPID
  5
12
330
9
100
AcDbSymbolTableRecord
100
AcDbRegAppTableRecord
  2
ACAD
 70
     0
  0
ENDTAB
  0
TABLE
  2
DIMSTYLE
  5
A
330
0
100
AcDbSymbolTable
 70
     7
100
AcDbDimStyleTable
  0
DIMSTYLE
105
27
330
A
100
AcDbSymbolTableRecord
100
AcDbDimStyleTableRecord
  2
ISO-25
 70
     0
 41
2.5
 42
0.625
 43
3.75
 44
1.25
 73
     0
 74
     0
 77
     1
 78
     8
140
2.5
141
2.5
143
0.0393700787
147
0.625
171
     3
172
     1
178
     0
271
     2
272
     2
274
     3
278
    44
283
     0
284
     8
340
11
  0
DIMSTYLE
105
D7
102
{ACAD_REACTORS
330
D6
102
}
330
A
100
AcDbSymbolTableRecord
100
AcDbDimStyleTableRecord
  2
SLDDIMSTYLE0
 70
     0
 41
1.27
 44
0.0
 45
0.000000001
 78
    12
 79
     3
140
0.8466666667
141
0.0
143
0.0393700787
147
0.2116666667
148
0.000000001
170
     1
173
     1
178
     0
271
     1
272
     1
276
     2
284
    12
340
9A
  0
DIMSTYLE
105
E8
102
{ACAD_REACTORS
330
E7
102
}
330
A
100
AcDbSymbolTableRecord
100
AcDbDimStyleTableRecord
  2
SLDDIMSTYLE1
 70
     0
 41
1.27
 44
0.0
 45
0.000000001
 78
     4
 79
     1
140
0.8466666667
141
0.0
143
0.0393700787
147
0.2116666667
148
0.000000001
170
     1
173
     1
178
     0
271
     1
272
     1
276
     2
284
    12
340
9A
  0
DIMSTYLE
105
FB
102
{ACAD_REACTORS
330
FA
330
28D
330
2B5
330
594
330
5A7
102
}
330
A
100
AcDbSymbolTableRecord
100
AcDbDimStyleTableRecord
  2
SLDDIMSTYLE2
 70
     0
 41
1.27
 44
0.0
 45
0.000000001
 78
    12
 79
     3
140
0.8466666667
143
0.0393700787
147
0.2116666667
148
0.000000001
170
     1
172
     1
173
     1
178
     0
271
     1
272
     1
276
     2
284
    12
289
     0
340
9A
  0
DIMSTYLE
105
117
330
A
100
AcDbSymbolTableRecord
100
AcDbDimStyleTableRecord
  2
SLDDIMSTYLE3
 70
     0
 41
0.4064
 44
0.0
 45
0.000000001
146
0.4064
147
0.0
173
     1
178
     0
271
     0
272
     0
276
     2
340
11
341
118
343
118
344
118
  0
DIMSTYLE
105
279
102
{ACAD_REACTORS
330
278
330
2A1
330
2C6
102
}
330
A
100
AcDbSymbolTableRecord
100
AcDbDimStyleTableRecord
  2
SLDDIMSTYLE4
 70
     0
 41
1.27
 44
0.0
 45
0.000000001
 78
    12
 79
     3
140
0.8466666667
143
0.0393700787
147
0.2116666667
148
0.000000001
170
     1
173
     1
178
     0
271
     1
272
     1
276
     2
284
    12
340
9A
  0
DIMSTYLE
105
2E0
330
A
100
AcDbSymbolTableRecord
100
AcDbDimStyleTableRecord
  2
SLDDIMSTYLE5
 70
     0
 41
1.27
 44
0.0
 45
0.000000001
146
1.27
147
0.0
173
     1
178
     0
271
     0
272
     0
276
     2
340
11
  0
ENDTAB
  0
TABLE
  2
BLOCK_RECORD
  5
1
330
0
100
AcDbSymbolTable
 70
    20
  0
BLOCK_RECORD
  5
1F
330
1
100
AcDbSymbolTableRecord
100
AcDbBlockTableRecord
  2
*Model_Space
340
22
  0
BLOCK_RECORD
  5
1B
330
1
100
AcDbSymbolTableRecord
100
AcDbBlockTableRecord
  2
*Paper_Space
340
1E
  0
BLOCK_RECORD
  5
23
330
1
100
AcDbSymbolTableRecord
100
AcDbBlockTableRecord
  2
*Paper_Space0
340
26
  0
BLOCK_RECORD
  5
74
330
1
100
AcDbSymbolTableRecord
100
AcDbBlockTableRecord
  2
Third Angle Projection Block
340
0
102
{BLKREFS
331
99
102
}
  0
BLOCK_RECORD
  5
AC
330
1
100
AcDbSymbolTableRecord
100
AcDbBlockTableRecord
  2
SW_NOTE_0
340
0
102
{BLKREFS
331
B1
102
}
  0
BLOCK_RECORD
  5
B2
330
1
100
AcDbSymbolTableRecord
100
AcDbBlockTableRecord
  2
SW_NOTE_1
340
0
102
{BLKREFS
331
B7
102
}
  0
BLOCK_RECORD
  5
B9
330
1
100
AcDbSymbolTableRecord
100
AcDbBlockTableRecord
  2
SW_NOTE_2
340
0
102
{BLKREFS
331
BE
102
}
  0
BLOCK_RECORD
  5
D8
330
1
100
AcDbSymbolTableRecord
100
AcDbBlockTableRecord
  2
_D
340
0
  0
BLOCK_RECORD
  5
E9
330
1
100
AcDbSymbolTableRecord
100
AcDbBlockTableRecord
  2
_D_1
340
0
  0
BLOCK_RECORD
  5
FC
330
1
100
AcDbSymbolTableRecord
100
AcDbBlockTableRecord
  2
_D_2
340
0
  0
BLOCK_RECORD
  5
10E
330
1
100
AcDbSymbolTableRecord
100
AcDbBlockTableRecord
  2
SW_NOTE_3
340
0
102
{BLKREFS
331
116
102
}
  0
BLOCK_RECORD
  5
118
330
1
100
AcDbSymbolTableRecord
100
AcDbBlockTableRecord
  2
_DOT
340
0
  0
BLOCK_RECORD
  5
121
330
1
100
AcDbSymbolTableRecord
100
AcDbBlockTableRecord
  2
SW_CENTERMARKSYMBOL_0
340
0
102
{BLKREFS
331
132
102
}
  0
BLOCK_RECORD
  5
27A
330
1
100
AcDbSymbolTableRecord
100
AcDbBlockTableRecord
  2
_D_3
340
0
  0
BLOCK_RECORD
  5
28E
330
1
100
AcDbSymbolTableRecord
100
AcDbBlockTableRecord
  2
_D_4
340
0
  0
BLOCK_RECORD
  5
2A2
330
1
100
AcDbSymbolTableRecord
100
AcDbBlockTableRecord
  2
_D_5
340
0
  0
BLOCK_RECORD
  5
2B6
330
1
100
AcDbSymbolTableRecord
100
AcDbBlockTableRecord
  2
_D_6
340
0
  0
BLOCK_RECORD
  5
2C7
330
1
100
AcDbSymbolTableRecord
100
AcDbBlockTableRecord
  2
_D_7
340
0
  0
BLOCK_RECORD
  5
2DA
330
1
100
AcDbSymbolTableRecord
100
AcDbBlockTableRecord
  2
SW_NOTE_4
340
0
102
{BLKREFS
331
2DF
102
}
  0
BLOCK_RECORD
  5
2E2
330
1
100
AcDbSymbolTableRecord
100
AcDbBlockTableRecord
  2
SW_NOTE_5
340
0
102
{BLKREFS
331
2EB
102
}
  0
BLOCK_RECORD
  5
595
330
1
100
AcDbSymbolTableRecord
100
AcDbBlockTableRecord
  2
_D_8
340
0
  0
BLOCK_RECORD
  5
5A8
330
1
100
AcDbSymbolTableRecord
100
AcDbBlockTableRecord
  2
_D_9
340
0
  0
ENDTAB
  0
ENDSEC
  0
SECTION
  2
BLOCKS
  0
BLOCK
  5
20
330
1F
100
AcDbEntity
  8
0
100
AcDbBlockBegin
  2
*Model_Space
 70
     0
 10
0.0
 20
0.0
 30
0.0
  3
*Model_Space
  1

  0
ENDBLK
  5
21
330
1F
100
AcDbEntity
  8
0
100
AcDbBlockEnd
  0
BLOCK
  5
1C
330
1B
100
AcDbEntity
 67
     1
  8
0
100
AcDbBlockBegin
  2
*Paper_Space
 70
     0
 10
0.0
 20
0.0
 30
0.0
  3
*Paper_Space
  1

  0
ENDBLK
  5
1D
330
1B
100
AcDbEntity
 67
     1
  8
0
100
AcDbBlockEnd
  0
BLOCK
  5
24
330
23
100
AcDbEntity
  8
0
100
AcDbBlockBegin
  2
*Paper_Space0
 70
     0
 10
0.0
 20
0.0
 30
0.0
  3
*Paper_Space0
  1

  0
ENDBLK
  5
25
330
23
100
AcDbEntity
  8
0
100
AcDbBlockEnd
  0
BLOCK
  5
75
330
74
100
AcDbEntity
  8
0
100
AcDbBlockBegin
  2
Third Angle Projection Block
 70
     0
 10
0.0
 20
0.0
 30
0.0
  3
Third Angle Projection Block
  1

  0
CIRCLE
  5
77
330
74
100
AcDbEntity
  8
0
  6
Continuous
 62
     7
370
    30
100
AcDbCircle
 10
40.5906555577
 20
7.5761633467
 30
0.0
 40
0.7072908614699468
  0
CIRCLE
  5
78
330
74
100
AcDbEntity
  8
0
  6
Continuous
 62
     7
370
    30
100
AcDbCircle
 10
40.5906555577
 20
7.5761633467
 30
0.0
 40
1.560491299412731
  0
LINE
  5
79
330
74
100
AcDbEntity
  8
0
  6
CENTERX2
 62
     7
370
     0
100
AcDbLine
 10
44.0547129034
 20
7.5761633467
 30
0.0
 11
47.781093395
 21
7.5761633467
 31
0.0
  0
LINE
  5
7A
330
74
100
AcDbEntity
  8
0
  6
Continuous
 62
     7
370
    30
100
AcDbLine
 10
44.4006555577
 20
8.2834542082
 30
0.0
 11
44.4006555577
 21
6.8688724852
 31
0.0
  0
LINE
  5
7B
330
74
100
AcDbEntity
  8
0
  6
Continuous
 62
     7
370
    30
100
AcDbLine
 10
44.4006555577
 20
6.8688724852
 30
0.0
 11
47.4486555577
 21
6.0521633467
 31
0.0
  0
LINE
  5
7C
330
74
100
AcDbEntity
  8
0
  6
Continuous
 62
     7
370
    30
100
AcDbLine
 10
47.4486555577
 20
6.0521633467
 30
0.0
 11
47.4486555577
 21
9.1001633467
 31
0.0
  0
LINE
  5
7D
330
74
100
AcDbEntity
  8
0
  6
Continuous
 62
     7
370
    30
100
AcDbLine
 10
47.4486555577
 20
9.1001633467
 30
0.0
 11
44.4006555577
 21
8.2834542082
 31
0.0
  0
LINE
  5
7E
330
74
100
AcDbEntity
  8
0
  6
CENTERX2
 62
     7
370
     0
100
AcDbLine
 10
38.6410341847
 20
7.5761633467
 30
0.0
 11
42.5402769307
 21
7.5761633467
 31
0.0
  0
LINE
  5
7F
330
74
100
AcDbEntity
  8
0
  6
CENTERX2
 62
     7
370
     0
100
AcDbLine
 10
40.5906555577
 20
9.5257847197
 30
0.0
 11
40.5906555577
 21
5.6265419737
 31
0.0
  0
POINT
  5
80
330
74
100
AcDbEntity
  8
0
  6
Continuous
 62
     7
370
     0
100
AcDbPoint
 10
40.5906555577
 20
7.5761633467
 30
0.0
  0
ENDBLK
  5
76
330
74
100
AcDbEntity
  8
0
100
AcDbBlockEnd
  0
BLOCK
  5
AD
330
AC
100
AcDbEntity
  8
0
100
AcDbBlockBegin
  2
SW_NOTE_0
 70
     0
 10
0.0
 20
0.0
 30
0.0
  3
SW_NOTE_0
  1

  0
MTEXT
  5
AF
330
AC
100
AcDbEntity
  8
0
  6
Continuous
 62
     0
370
     0
100
AcDbMText
 10
7.9629
 20
0.7858156942
 30
0.0
 40
0.6096
 41
0.0
 71
     2
 72
     1
  1
VALUES IN PARENTHESIS ARE CALCULATED
  7
SLDTEXTSTYLE0
 73
     1
 44
1.0
  0
MTEXT
  5
B0
330
AC
100
AcDbEntity
  8
0
  6
Continuous
 62
     0
370
     0
100
AcDbMText
 10
7.951151807
 20
-0.2237842635
 30
0.0
 40
0.6096
 41
0.0
 71
     2
 72
     1
  1
AND MAY CONTAIN ROUNDOFF ERRORS
  7
SLDTEXTSTYLE0
 73
     1
 44
1.0
  0
ENDBLK
  5
AE
330
AC
100
AcDbEntity
  8
0
100
AcDbBlockEnd
  0
BLOCK
  5
B3
330
B2
100
AcDbEntity
  8
0
100
AcDbBlockBegin
  2
SW_NOTE_1
 70
     0
 10
0.0
 20
0.0
 30
0.0
  3
SW_NOTE_1
  1

  0
MTEXT
  5
B5
330
B2
100
AcDbEntity
  8
0
  6
Continuous
 62
     0
370
     0
100
AcDbMText
 10
0.0
 20
1.0914106863
 30
0.0
 40
0.8466666667
 41
0.0
 71
     1
 72
     1
  1
DRAWING
  7
SLDTEXTSTYLE0
 73
     1
 44
1.0
  0
MTEXT
  5
B6
330
B2
100
AcDbEntity
  8
0
  6
Continuous
 62
     0
370
     0
100
AcDbMText
 10
0.0
 20
-0.0374781889
 30
0.0
 40
0.8466666667
 41
0.0
 71
     1
 72
     1
  1
PROJECTION
  7
SLDTEXTSTYLE0
 73
     1
 44
1.0
  0
ENDBLK
  5
B4
330
B2
100
AcDbEntity
  8
0
100
AcDbBlockEnd
  0
BLOCK
  5
BA
330
B9
100
AcDbEntity
  8
0
100
AcDbBlockBegin
  2
SW_NOTE_2
 70
     0
 10
0.0
 20
0.0
 30
0.0
  3
SW_NOTE_2
  1

  0
MTEXT
  5
BC
330
B9
100
AcDbEntity
  8
0
  6
Continuous
 62
     0
370
     0
100
AcDbMText
 10
10.02109375
 20
1.6371160295
 30
0.0
 40
1.27
 41
0.0
 71
     2
 72
     1
  1
FOR INFORMATION ONLY
  7
SLDTEXTSTYLE0
 73
     1
 44
1.0
  0
MTEXT
  5
BD
330
B9
100
AcDbEntity
  8
0
  6
Continuous
 62
     0
370
     0
100
AcDbMText
 10
10.1507387435
 20
-0.0562172834
 30
0.0
 40
1.27
 41
0.0
 71
     2
 72
     1
  1
NOT FOR MANUFACTURING PURPOSES
  7
SLDTEXTSTYLE0
 73
     1
 44
1.0
  0
ENDBLK
  5
BB
330
B9
100
AcDbEntity
  8
0
100
AcDbBlockEnd
  0
BLOCK
  5
D9
330
D8
100
AcDbEntity
  8
0
100
AcDbBlockBegin
  2
_D
 70
     0
 10
0.0
 20
0.0
 30
0.0
  3
_D
  1

  0
SOLID
  5
DB
330
D8
100
AcDbEntity
  8
0
  6
Continuous
 62
     7
370
     0
100
AcDbTrace
 10
34.4804834482
 20
62.2215436652
 30
0.0
 11
34.9395070862
 21
61.0200914024
 31
0.0
 12
35.2914598103
 22
61.2232914024
 32
0.0
 13
35.2914598103
 23
61.2232914024
 33
0.0
  0
LINE
  5
DC
330
D8
100
AcDbEntity
  8
0
  6
Continuous
 62
     7
370
     0
100
AcDbLine
 10
41.0439213401
 20
53.7567280259
 30
0.0
 11
40.7863935585
 21
53.7567280259
 31
0.0
  0
LINE
  5
DD
330
D8
100
AcDbEntity
  8
0
  6
Continuous
 62
     7
370
     0
100
AcDbLine
 10
40.7863935585
 20
53.7567280259
 30
0.0
 11
40.7863935585
 21
52.4114687953
 31
0.0
  0
LINE
  5
DE
330
D8
100
AcDbEntity
  8
0
  6
Continuous
 62
     7
370
     0
100
AcDbLine
 10
40.7863935585
 20
52.4114687953
 30
0.0
 11
41.0439213401
 21
52.4114687953
 31
0.0
  0
LINE
  5
DF
330
D8
100
AcDbEntity
  8
0
  6
Continuous
 62
     7
370
     0
100
AcDbLine
 10
44.1467979586
 20
53.7567280259
 30
0.0
 11
44.4043257403
 21
53.7567280259
 31
0.0
  0
LINE
  5
E0
330
D8
100
AcDbEntity
  8
0
  6
Continuous
 62
     7
370
     0
100
AcDbLine
 10
44.4043257403
 20
53.7567280259
 30
0.0
 11
44.4043257403
 21
52.4114687953
 31
0.0
  0
LINE
  5
E1
330
D8
100
AcDbEntity
  8
0
  6
Continuous
 62
     7
370
     0
100
AcDbLine
 10
44.4043257403
 20
52.4114687953
 30
0.0
 11
44.1467979586
 21
52.4114687953
 31
0.0
  0
LINE
  5
E2
330
D8
100
AcDbEntity
  8
0
  6
Continuous
 62
     7
370
     0
100
AcDbLine
 10
34.4804834482
 20
62.2215436652
 30
0.0
 11
39.0048657768
 21
54.3850835992
 31
0.0
  0
LINE
  5
E3
330
D8
100
AcDbEntity
  8
0
  6
Continuous
 62
     7
370
     0
100
AcDbLine
 10
39.0048657768
 20
54.3850835992
 30
0.0
 11
40.5288657768
 21
54.3850835992
 31
0.0
  0
MTEXT
  5
E4
330
D8
100
AcDbEntity
  8
0
  6
Continuous
 62
     7
370
     0
100
AcDbMText
 10
40.5288657768
 20
55.0198238844
 30
0.0
 40
0.8466666667
 41
0.0
 71
     1
 72
     1
  1
%%c
  7
SLDTEXTSTYLE0
 73
     1
 44
1.0
  0
MTEXT
  5
E5
330
D8
100
AcDbEntity
  8
0
  6
Continuous
 62
     7
370
     0
100
AcDbMText
 10
41.8068620971
 20
55.0198238844
 30
0.0
 40
0.8466666667
 41
0.0
 71
     1
 72
     1
  1
8.6mm
  7
SLDTEXTSTYLE0
 73
     1
 44
1.0
  0
MTEXT
  5
E6
330
D8
100
AcDbEntity
  8
0
  6
Continuous
 62
     7
370
     0
100
AcDbMText
 10
41.0439213401
 20
53.502879435
 30
0.0
 40
0.8466666667
 41
0.0
 71
     1
 72
     1
  1
0.34in
  7
SLDTEXTSTYLE0
 73
     1
 44
1.0
  0
ENDBLK
  5
DA
330
D8
100
AcDbEntity
  8
0
100
AcDbBlockEnd
  0
BLOCK
  5
EA
330
E9
100
AcDbEntity
  8
0
100
AcDbBlockBegin
  2
_D_1
 70
     0
 10
0.0
 20
0.0
 30
0.0
  3
_D_1
  1

  0
SOLID
  5
EC
330
E9
100
AcDbEntity
  8
0
  6
Continuous
 62
     7
370
     0
100
AcDbTrace
 10
31.8529579036
 20
61.4467053865
 30
0.0
 11
30.603109653
 21
61.1432756737
 31
0.0
 12
30.7601784308
 22
60.768455238
 32
0.0
 13
30.7601784308
 23
60.768455238
 33
0.0
  0
LINE
  5
ED
330
E9
100
AcDbEntity
  8
0
  6
Continuous
 62
     7
370
     0
100
AcDbLine
 10
16.1648064734
 20
56.9717937679
 30
0.0
 11
15.9072786917
 21
56.9717937679
 31
0.0
  0
LINE
  5
EE
330
E9
100
AcDbEntity
  8
0
  6
Continuous
 62
     7
370
     0
100
AcDbLine
 10
15.9072786917
 20
56.9717937679
 30
0.0
 11
15.9072786917
 21
55.6265345373
 31
0.0
  0
LINE
  5
EF
330
E9
100
AcDbEntity
  8
0
  6
Continuous
 62
     7
370
     0
100
AcDbLine
 10
15.9072786917
 20
55.6265345373
 30
0.0
 11
16.1648064734
 21
55.6265345373
 31
0.0
  0
LINE
  5
F0
330
E9
100
AcDbEntity
  8
0
  6
Continuous
 62
     7
370
     0
100
AcDbLine
 10
19.2676830919
 20
56.9717937679
 30
0.0
 11
19.5252108735
 21
56.9717937679
 31
0.0
  0
LINE
  5
F1
330
E9
100
AcDbEntity
  8
0
  6
Continuous
 62
     7
370
     0
100
AcDbLine
 10
19.5252108735
 20
56.9717937679
 30
0.0
 11
19.5252108735
 21
55.6265345373
 31
0.0
  0
LINE
  5
F2
330
E9
100
AcDbEntity
  8
0
  6
Continuous
 62
     7
370
     0
100
AcDbLine
 10
19.5252108735
 20
55.6265345373
 30
0.0
 11
19.2676830919
 21
55.6265345373
 31
0.0
  0
LINE
  5
F3
330
E9
100
AcDbEntity
  8
0
  6
Continuous
 62
     7
370
     0
100
AcDbLine
 10
31.8529579036
 20
61.4467053865
 30
0.0
 11
21.6242384689
 21
57.1603530239
 31
0.0
  0
LINE
  5
F4
330
E9
100
AcDbEntity
  8
0
  6
Continuous
 62
     7
370
     0
100
AcDbLine
 10
21.6242384689
 20
57.1603530239
 30
0.0
 11
20.1002384689
 21
57.1603530239
 31
0.0
  0
MTEXT
  5
F5
330
E9
100
AcDbEntity
  8
0
  6
Continuous
 62
     7
370
     0
100
AcDbMText
 10
14.8248777607
 20
58.2348896265
 30
0.0
 40
0.8466666667
 41
0.0
 71
     1
 72
     1
  1
%%c
  7
SLDTEXTSTYLE0
 73
     1
 44
1.0
  0
MTEXT
  5
F6
330
E9
100
AcDbEntity
  8
0
  6
Continuous
 62
     7
370
     0
100
AcDbMText
 10
16.1028740809
 20
58.2348896265
 30
0.0
 40
0.8466666667
 41
0.0
 71
     1
 72
     1
  1
1.0mm
  7
SLDTEXTSTYLE0
 73
     1
 44
1.0
  0
MTEXT
  5
F7
330
E9
100
AcDbEntity
  8
0
  6
Continuous
 62
     7
370
     0
100
AcDbMText
 10
16.1648064734
 20
56.7179451771
 30
0.0
 40
0.8466666667
 41
0.0
 71
     1
 72
     1
  1
0.04in
  7
SLDTEXTSTYLE0
 73
     1
 44
1.0
  0
MTEXT
  5
F8
330
E9
100
AcDbEntity
  8
0
  6
Continuous
 62
     7
370
     0
100
AcDbMText
 10
9.1696136513
 20
55.2010008208
 30
0.0
 40
0.8466666667
 41
0.0
 71
     1
 72
     1
  1
Use with Adjustable
  7
SLDTEXTSTYLE0
 73
     1
 44
1.0
  0
MTEXT
  5
F9
330
E9
100
AcDbEntity
  8
0
  6
Continuous
 62
     7
370
     0
100
AcDbMText
 10
10.6512815573
 20
53.8557415903
 30
0.0
 40
0.8466666667
 41
0.0
 71
     1
 72
     1
  1
Spanner Wrench
  7
SLDTEXTSTYLE0
 73
     1
 44
1.0
  0
ENDBLK
  5
EB
330
E9
100
AcDbEntity
  8
0
100
AcDbBlockEnd
  0
BLOCK
  5
FD
330
FC
100
AcDbEntity
  8
0
100
AcDbBlockBegin
  2
_D_2
 70
     0
 10
0.0
 20
0.0
 30
0.0
  3
_D_2
  1

  0
SOLID
  5
FF
330
FC
100
AcDbEntity
  8
0
  6
Continuous
 62
     7
370
     0
100
AcDbTrace
 10
49.0857162082
 20
68.8610413587
 30
0.0
 11
49.2889162082
 21
70.1310413587
 31
0.0
 12
48.8825162082
 22
70.1310413587
 32
0.0
 13
48.8825162082
 23
70.1310413587
 33
0.0
  0
SOLID
  5
100
330
FC
100
AcDbEntity
  8
0
  6
Continuous
 62
     7
370
     0
100
AcDbTrace
 10
49.0857162082
 20
63.0610413587
 30
0.0
 11
48.8825162082
 21
61.7910413587
 31
0.0
 12
49.2889162082
 22
61.7910413587
 32
0.0
 13
49.2889162082
 23
61.7910413587
 33
0.0
  0
LINE
  5
101
330
FC
100
AcDbEntity
  8
0
  6
Continuous
 62
     7
370
     0
100
AcDbLine
 10
47.1218414174
 20
66.1355907768
 30
0.0
 11
46.8643136358
 21
66.1355907768
 31
0.0
  0
LINE
  5
102
330
FC
100
AcDbEntity
  8
0
  6
Continuous
 62
     7
370
     0
100
AcDbLine
 10
46.8643136358
 20
66.1355907768
 30
0.0
 11
46.8643136358
 21
64.7903315462
 31
0.0
  0
LINE
  5
103
330
FC
100
AcDbEntity
  8
0
  6
Continuous
 62
     7
370
     0
100
AcDbLine
 10
46.8643136358
 20
64.7903315462
 30
0.0
 11
47.1218414174
 21
64.7903315462
 31
0.0
  0
LINE
  5
104
330
FC
100
AcDbEntity
  8
0
  6
Continuous
 62
     7
370
     0
100
AcDbLine
 10
50.2247180359
 20
66.1355907768
 30
0.0
 11
50.4822458176
 21
66.1355907768
 31
0.0
  0
LINE
  5
105
330
FC
100
AcDbEntity
  8
0
  6
Continuous
 62
     7
370
     0
100
AcDbLine
 10
50.4822458176
 20
66.1355907768
 30
0.0
 11
50.4822458176
 21
64.7903315462
 31
0.0
  0
LINE
  5
106
330
FC
100
AcDbEntity
  8
0
  6
Continuous
 62
     7
370
     0
100
AcDbLine
 10
50.4822458176
 20
64.7903315462
 30
0.0
 11
50.2247180359
 21
64.7903315462
 31
0.0
  0
LINE
  5
107
330
FC
100
AcDbEntity
  8
0
  6
Continuous
 62
     7
370
     0
100
AcDbLine
 10
32.8294834482
 20
68.8610413587
 30
0.0
 11
49.7969162082
 21
68.8610413587
 31
0.0
  0
LINE
  5
108
330
FC
100
AcDbEntity
  8
0
  6
Continuous
 62
     7
370
     0
100
AcDbLine
 10
32.8294834482
 20
63.0610413587
 30
0.0
 11
49.7969162082
 21
63.0610413587
 31
0.0
  0
LINE
  5
109
330
FC
100
AcDbEntity
  8
0
  6
Continuous
 62
     7
370
     0
100
AcDbLine
 10
49.0857162082
 20
68.8610413587
 30
0.0
 11
49.0857162082
 21
71.4010413587
 31
0.0
  0
LINE
  5
10A
330
FC
100
AcDbEntity
  8
0
  6
Continuous
 62
     7
370
     0
100
AcDbLine
 10
49.0857162082
 20
63.0610413587
 30
0.0
 11
49.0857162082
 21
60.5210413587
 31
0.0
  0
MTEXT
  5
10B
330
FC
100
AcDbEntity
  8
0
  6
Continuous
 62
     7
370
     0
100
AcDbMText
 10
46.6067858541
 20
67.3986866354
 30
0.0
 40
0.8466666667
 41
0.0
 71
     1
 72
     1
  1
%%c
  7
SLDTEXTSTYLE0
 73
     1
 44
1.0
  0
MTEXT
  5
10C
330
FC
100
AcDbEntity
  8
0
  6
Continuous
 62
     7
370
     0
100
AcDbMText
 10
47.8847821744
 20
67.3986866354
 30
0.0
 40
0.8466666667
 41
0.0
 71
     1
 72
     1
  1
5.8mm
  7
SLDTEXTSTYLE0
 73
     1
 44
1.0
  0
MTEXT
  5
10D
330
FC
100
AcDbEntity
  8
0
  6
Continuous
 62
     7
370
     0
100
AcDbMText
 10
47.1218414174
 20
65.881742186
 30
0.0
 40
0.8466666667
 41
0.0
 71
     1
 72
     1
  1
0.23in
  7
SLDTEXTSTYLE0
 73
     1
 44
1.0
  0
ENDBLK
  5
FE
330
FC
100
AcDbEntity
  8
0
100
AcDbBlockEnd
  0
BLOCK
  5
10F
330
10E
100
AcDbEntity
  8
0
100
AcDbBlockBegin
  2
SW_NOTE_3
 70
     0
 10
0.0
 20
0.0
 30
0.0
  3
SW_NOTE_3
  1

  0
MTEXT
  5
111
330
10E
100
AcDbEntity
  8
0
  6
Continuous
 62
     0
370
     0
100
AcDbMText
 10
-0.2630000403
 20
4.7514891245
 30
0.0
 40
0.8466666667
 41
0.0
 71
     3
 72
     1
  1
FDS100 Silicon Photodiode
  7
SLDTEXTSTYLE0
 73
     1
 44
1.0
  0
MTEXT
  5
112
330
10E
100
AcDbEntity
  8
0
  6
Continuous
 62
     0
370
     0
100
AcDbMText
 10
-0.9058397057
 20
3.0287576833
 30
0.0
 40
0.8466666667
 41
0.0
 71
     3
 72
     1
  1
Active Area: 13 mm
  7
SLDTEXTSTYLE0
 73
     1
 44
1.0
  0
MTEXT
  5
113
330
10E
100
AcDbEntity
  8
0
  6
Continuous
 62
     0
370
     0
100
AcDbMText
 10
-0.1752467051
 20
3.6319698431
 30
0.0
 40
0.635
 41
0.0
 71
     3
 72
     1
  1
2
  7
SLDTEXTSTYLE0
 73
     1
 44
1.0
  0
MTEXT
  5
114
330
10E
100
AcDbEntity
  8
0
  6
Continuous
 62
     0
370
     0
100
AcDbMText
 10
-0.3886267243
 20
1.5553224825
 30
0.0
 40
0.8466666667
 41
0.0
 71
     3
 72
     1
  1
Range: 350-1100 nm
  7
SLDTEXTSTYLE0
 73
     1
 44
1.0
  0
MTEXT
  5
115
330
10E
100
AcDbEntity
  8
0
  6
Continuous
 62
     0
370
     0
100
AcDbMText
 10
-0.2435973766
 20
0.4264336073
 30
0.0
 40
0.8466666667
 41
0.0
 71
     3
 72
     1
  1
Cathode Grounded
  7
SLDTEXTSTYLE0
 73
     1
 44
1.0
  0
ENDBLK
  5
110
330
10E
100
AcDbEntity
  8
0
100
AcDbBlockEnd
  0
BLOCK
  5
119
330
118
100
AcDbEntity
  8
0
100
AcDbBlockBegin
  2
_DOT
 70
     0
 10
0.0
 20
0.0
 30
0.0
  3
_DOT
  1

  0
POLYLINE
  5
11B
330
118
100
AcDbEntity
  8
0
  6
ByBlock
 62
     0
100
AcDb2dPolyline
 66
     1
 10
0.0
 20
0.0
 30
0.0
 70
     1
 40
0.5
 41
0.5
  0
VERTEX
  5
11D
330
11B
100
AcDbEntity
  8
0
  6
ByBlock
 62
     0
100
AcDbVertex
100
AcDb2dVertex
 10
-0.25
 20
0.0
 30
0.0
 42
1.0
  0
VERTEX
  5
11E
330
11B
100
AcDbEntity
  8
0
  6
ByBlock
 62
     0
100
AcDbVertex
100
AcDb2dVertex
 10
0.25
 20
0.0
 30
0.0
 42
1.0
  0
SEQEND
  5
11F
330
11B
100
AcDbEntity
  8
0
  6
ByBlock
 62
     0
  0
LINE
  5
11C
330
118
100
AcDbEntity
  8
0
  6
ByBlock
 62
     0
370
    -2
100
AcDbLine
 10
-0.5
 20
0.0
 30
0.0
 11
-1.0
 21
0.0
 31
0.0
  0
ENDBLK
  5
11A
330
118
100
AcDbEntity
  8
0
100
AcDbBlockEnd
  0
BLOCK
  5
122
330
121
100
AcDbEntity
  8
0
100
AcDbBlockBegin
  2
SW_CENTERMARKSYMBOL_0
 70
     0
 10
0.0
 20
0.0
 30
0.0
  3
SW_CENTERMARKSYMBOL_0
  1

  0
ARC
  5
124
330
121
100
AcDbEntity
  8
0
  6
Continuous
 62
     0
370
     0
100
AcDbCircle
 10
0.0
 20
4.318
 30
0.0
 40
4.3180000000004
100
AcDbArc
 50
270.0
 51
286.8516998568
  0
ARC
  5
125
330
121
100
AcDbEntity
  8
0
  6
Continuous
 62
     0
370
     0
100
AcDbCircle
 10
0.0
 20
4.318
 30
0.0
 40
4.318000000000399
100
AcDbArc
 50
253.1483001432
 51
270.0
  0
ARC
  5
126
330
121
100
AcDbEntity
  8
0
  6
Continuous
 62
     0
370
     0
100
AcDbCircle
 10
0.0
 20
4.318
 30
0.0
 40
4.318000000000399
100
AcDbArc
 50
90.0
 51
106.8516998568
  0
ARC
  5
127
330
121
100
AcDbEntity
  8
0
  6
Continuous
 62
     0
370
     0
100
AcDbCircle
 10
0.0
 20
4.318
 30
0.0
 40
4.3180000000004
100
AcDbArc
 50
73.1483001432
 51
90.0
  0
ARC
  5
128
330
121
100
AcDbEntity
  8
0
  6
CENTERX2
 62
     0
370
     0
100
AcDbCircle
 10
0.0
 20
4.318
 30
0.0
 40
4.318000000000399
100
AcDbArc
 50
303.7033997136
 51
56.2966002864
  0
ARC
  5
129
330
121
100
AcDbEntity
  8
0
  6
CENTERX2
 62
     0
370
     0
100
AcDbCircle
 10
0.0
 20
4.318
 30
0.0
 40
4.318000000000399
100
AcDbArc
 50
123.7033997136
 51
236.2966002864
  0
LINE
  5
12A
330
121
100
AcDbEntity
  8
0
  6
Continuous
 62
     0
370
     0
100
AcDbLine
 10
0.0
 20
0.0
 30
0.0
 11
0.0
 21
-1.27
 31
0.0
  0
LINE
  5
12B
330
121
100
AcDbEntity
  8
0
  6
Continuous
 62
     0
370
     0
100
AcDbLine
 10
0.0
 20
0.0
 30
0.0
 11
0.0
 21
1.27
 31
0.0
  0
LINE
  5
12C
330
121
100
AcDbEntity
  8
0
  6
Continuous
 62
     0
370
     0
100
AcDbLine
 10
0.0
 20
8.636
 30
0.0
 11
0.0
 21
9.906
 31
0.0
  0
LINE
  5
12D
330
121
100
AcDbEntity
  8
0
  6
Continuous
 62
     0
370
     0
100
AcDbLine
 10
0.0
 20
8.636
 30
0.0
 11
0.0
 21
7.366
 31
0.0
  0
LINE
  5
12E
330
121
100
AcDbEntity
  8
0
  6
Continuous
 62
     0
370
     0
100
AcDbLine
 10
0.0
 20
4.318
 30
0.0
 11
0.0
 21
5.588
 31
0.0
  0
LINE
  5
12F
330
121
100
AcDbEntity
  8
0
  6
Continuous
 62
     0
370
     0
100
AcDbLine
 10
0.0
 20
4.318
 30
0.0
 11
-1.27
 21
4.318
 31
0.0
  0
LINE
  5
130
330
121
100
AcDbEntity
  8
0
  6
Continuous
 62
     0
370
     0
100
AcDbLine
 10
0.0
 20
4.318
 30
0.0
 11
0.0
 21
3.048
 31
0.0
  0
LINE
  5
131
330
121
100
AcDbEntity
  8
0
  6
Continuous
 62
     0
370
     0
100
AcDbLine
 10
0.0
 20
4.318
 30
0.0
 11
1.27
 21
4.318
 31
0.0
  0
ENDBLK
  5
123
330
121
100
AcDbEntity
  8
0
100
AcDbBlockEnd
  0
BLOCK
  5
27B
330
27A
100
AcDbEntity
  8
0
100
AcDbBlockBegin
  2
_D_3
 70
     0
 10
0.0
 20
0.0
 30
0.0
  3
_D_3
  1

  0
SOLID
  5
27D
330
27A
100
AcDbEntity
  8
0
  6
Continuous
 62
     7
370
     0
100
AcDbTrace
 10
63.7096269238
 20
42.3658367735
 30
0.0
 11
63.5064269238
 21
41.0958367735
 31
0.0
 12
63.9128269238
 22
41.0958367735
 32
0.0
 13
63.9128269238
 23
41.0958367735
 33
0.0
  0
SOLID
  5
27E
330
27A
100
AcDbEntity
  8
0
  6
Continuous
 62
     7
370
     0
100
AcDbTrace
 10
63.7096269238
 20
18.6456367735
 30
0.0
 11
63.9128269238
 21
19.9156367735
 31
0.0
 12
63.5064269238
 22
19.9156367735
 32
0.0
 13
63.5064269238
 23
19.9156367735
 33
0.0
  0
LINE
  5
27F
330
27A
100
AcDbEntity
  8
0
  6
Continuous
 62
     7
370
     0
100
AcDbLine
 10
62.1581887077
 20
30.1809268622
 30
0.0
 11
61.900660926
 21
30.1809268622
 31
0.0
  0
LINE
  5
280
330
27A
100
AcDbEntity
  8
0
  6
Continuous
 62
     7
370
     0
100
AcDbLine
 10
61.900660926
 20
30.1809268622
 30
0.0
 11
61.900660926
 21
28.8356676316
 31
0.0
  0
LINE
  5
281
330
27A
100
AcDbEntity
  8
0
  6
Continuous
 62
     7
370
     0
100
AcDbLine
 10
61.900660926
 20
28.8356676316
 30
0.0
 11
62.1581887077
 21
28.8356676316
 31
0.0
  0
LINE
  5
282
330
27A
100
AcDbEntity
  8
0
  6
Continuous
 62
     7
370
     0
100
AcDbLine
 10
65.2610653262
 20
30.1809268622
 30
0.0
 11
65.5185931078
 21
30.1809268622
 31
0.0
  0
LINE
  5
283
330
27A
100
AcDbEntity
  8
0
  6
Continuous
 62
     7
370
     0
100
AcDbLine
 10
65.5185931078
 20
30.1809268622
 30
0.0
 11
65.5185931078
 21
28.8356676316
 31
0.0
  0
LINE
  5
284
330
27A
100
AcDbEntity
  8
0
  6
Continuous
 62
     7
370
     0
100
AcDbLine
 10
65.5185931078
 20
28.8356676316
 30
0.0
 11
65.2610653262
 21
28.8356676316
 31
0.0
  0
LINE
  5
285
330
27A
100
AcDbEntity
  8
0
  6
Continuous
 62
     7
370
     0
100
AcDbLine
 10
38.2904834482
 20
42.3658367735
 30
0.0
 11
64.4208269238
 21
42.3658367735
 31
0.0
  0
LINE
  5
286
330
27A
100
AcDbEntity
  8
0
  6
Continuous
 62
     7
370
     0
100
AcDbLine
 10
35.3694834482
 20
18.6456367735
 30
0.0
 11
64.4208269238
 21
18.6456367735
 31
0.0
  0
LINE
  5
287
330
27A
100
AcDbEntity
  8
0
  6
Continuous
 62
     7
370
     0
100
AcDbLine
 10
63.7096269238
 20
42.3658367735
 30
0.0
 11
63.7096269238
 21
31.6978713116
 31
0.0
  0
LINE
  5
288
330
27A
100
AcDbEntity
  8
0
  6
Continuous
 62
     7
370
     0
100
AcDbLine
 10
63.7096269238
 20
18.6456367735
 30
0.0
 11
63.7096269238
 21
28.6639825991
 31
0.0
  0
MTEXT
  5
289
330
27A
100
AcDbEntity
  8
0
  6
Continuous
 62
     7
370
     0
100
AcDbMText
 10
61.5678737664
 20
31.4440227208
 30
0.0
 40
0.8466666667
 41
0.0
 71
     1
 72
     1
  1

  7
SLDTEXTSTYLE0
 73
     1
 44
1.0
  0
MTEXT
  5
28A
330
27A
100
AcDbEntity
  8
0
  6
Continuous
 62
     7
370
     0
100
AcDbMText
 10
61.5568984482
 20
31.4440227208
 30
0.0
 40
0.8466666667
 41
0.0
 71
     1
 72
     1
  1
23.7mm
  7
SLDTEXTSTYLE0
 73
     1
 44
1.0
  0
MTEXT
  5
28B
330
27A
100
AcDbEntity
  8
0
  6
Continuous
 62
     7
370
     0
100
AcDbMText
 10
62.1581887077
 20
29.9270782714
 30
0.0
 40
0.8466666667
 41
0.0
 71
     1
 72
     1
  1
0.93in
  7
SLDTEXTSTYLE0
 73
     1
 44
1.0
  0
MTEXT
  5
28C
330
27A
100
AcDbEntity
  8
0
  6
Continuous
 62
     7
370
     0
100
AcDbMText
 10
66.4973552132
 20
31.4440227208
 30
0.0
 40
0.8466666667
 41
0.0
 71
     1
 72
     1
  1

  7
SLDTEXTSTYLE0
 73
     1
 44
1.0
  0
ENDBLK
  5
27C
330
27A
100
AcDbEntity
  8
0
100
AcDbBlockEnd
  0
BLOCK
  5
28F
330
28E
100
AcDbEntity
  8
0
100
AcDbBlockBegin
  2
_D_4
 70
     0
 10
0.0
 20
0.0
 30
0.0
  3
_D_4
  1

  0
SOLID
  5
291
330
28E
100
AcDbEntity
  8
0
  6
Continuous
 62
     7
370
     0
100
AcDbTrace
 10
21.2635013087
 20
18.6456367735
 30
0.0
 11
21.0603013087
 21
17.3756367735
 31
0.0
 12
21.4667013087
 22
17.3756367735
 32
0.0
 13
21.4667013087
 23
17.3756367735
 33
0.0
  0
SOLID
  5
292
330
28E
100
AcDbEntity
  8
0
  6
Continuous
 62
     7
370
     0
100
AcDbTrace
 10
21.2635013087
 20
25.1258367735
 30
0.0
 11
21.4667013087
 21
26.3958367735
 31
0.0
 12
21.0603013087
 22
26.3958367735
 32
0.0
 13
21.0603013087
 23
26.3958367735
 33
0.0
  0
LINE
  5
293
330
28E
100
AcDbEntity
  8
0
  6
Continuous
 62
     7
370
     0
100
AcDbLine
 10
19.7120629064
 20
22.14059179
 30
0.0
 11
19.4545351247
 21
22.14059179
 31
0.0
  0
LINE
  5
294
330
28E
100
AcDbEntity
  8
0
  6
Continuous
 62
     7
370
     0
100
AcDbLine
 10
19.4545351247
 20
22.14059179
 30
0.0
 11
19.4545351247
 21
20.7953325594
 31
0.0
  0
LINE
  5
295
330
28E
100
AcDbEntity
  8
0
  6
Continuous
 62
     7
370
     0
100
AcDbLine
 10
19.4545351247
 20
20.7953325594
 30
0.0
 11
19.7120629064
 21
20.7953325594
 31
0.0
  0
LINE
  5
296
330
28E
100
AcDbEntity
  8
0
  6
Continuous
 62
     7
370
     0
100
AcDbLine
 10
22.8149395249
 20
22.14059179
 30
0.0
 11
23.0724673065
 21
22.14059179
 31
0.0
  0
LINE
  5
297
330
28E
100
AcDbEntity
  8
0
  6
Continuous
 62
     7
370
     0
100
AcDbLine
 10
23.0724673065
 20
22.14059179
 30
0.0
 11
23.0724673065
 21
20.7953325594
 31
0.0
  0
LINE
  5
298
330
28E
100
AcDbEntity
  8
0
  6
Continuous
 62
     7
370
     0
100
AcDbLine
 10
23.0724673065
 20
20.7953325594
 30
0.0
 11
22.8149395249
 21
20.7953325594
 31
0.0
  0
LINE
  5
299
330
28E
100
AcDbEntity
  8
0
  6
Continuous
 62
     7
370
     0
100
AcDbLine
 10
29.2734834482
 20
18.6456367735
 30
0.0
 11
20.5523013087
 21
18.6456367735
 31
0.0
  0
LINE
  5
29A
330
28E
100
AcDbEntity
  8
0
  6
Continuous
 62
     7
370
     0
100
AcDbLine
 10
27.4089688045
 20
25.1258367735
 30
0.0
 11
20.5523013087
 21
25.1258367735
 31
0.0
  0
LINE
  5
29B
330
28E
100
AcDbEntity
  8
0
  6
Continuous
 62
     7
370
     0
100
AcDbLine
 10
21.2635013087
 20
18.6456367735
 30
0.0
 11
21.2635013087
 21
16.1056367735
 31
0.0
  0
LINE
  5
29C
330
28E
100
AcDbEntity
  8
0
  6
Continuous
 62
     7
370
     0
100
AcDbLine
 10
21.2635013087
 20
25.1258367735
 30
0.0
 11
21.2635013087
 21
27.6658367735
 31
0.0
  0
MTEXT
  5
29D
330
28E
100
AcDbEntity
  8
0
  6
Continuous
 62
     7
370
     0
100
AcDbMText
 10
19.2079826613
 20
23.4036876486
 30
0.0
 40
0.8466666667
 41
0.0
 71
     1
 72
     1
  1

  7
SLDTEXTSTYLE0
 73
     1
 44
1.0
  0
MTEXT
  5
29E
330
28E
100
AcDbEntity
  8
0
  6
Continuous
 62
     7
370
     0
100
AcDbMText
 10
19.4235690682
 20
23.4036876486
 30
0.0
 40
0.8466666667
 41
0.0
 71
     1
 72
     1
  1
6.5mm
  7
SLDTEXTSTYLE0
 73
     1
 44
1.0
  0
MTEXT
  5
29F
330
28E
100
AcDbEntity
  8
0
  6
Continuous
 62
     7
370
     0
100
AcDbMText
 10
19.7120629064
 20
21.8867431992
 30
0.0
 40
0.8466666667
 41
0.0
 71
     1
 72
     1
  1
0.26in
  7
SLDTEXTSTYLE0
 73
     1
 44
1.0
  0
MTEXT
  5
2A0
330
28E
100
AcDbEntity
  8
0
  6
Continuous
 62
     7
370
     0
100
AcDbMText
 10
23.9649950882
 20
23.4036876486
 30
0.0
 40
0.8466666667
 41
0.0
 71
     1
 72
     1
  1

  7
SLDTEXTSTYLE0
 73
     1
 44
1.0
  0
ENDBLK
  5
290
330
28E
100
AcDbEntity
  8
0
100
AcDbBlockEnd
  0
BLOCK
  5
2A3
330
2A2
100
AcDbEntity
  8
0
100
AcDbBlockBegin
  2
_D_5
 70
     0
 10
0.0
 20
0.0
 30
0.0
  3
_D_5
  1

  0
SOLID
  5
2A5
330
2A2
100
AcDbEntity
  8
0
  6
Continuous
 62
     7
370
     0
100
AcDbTrace
 10
55.1092087128
 20
42.3658367735
 30
0.0
 11
54.9060087128
 21
41.0958367735
 31
0.0
 12
55.3124087128
 22
41.0958367735
 32
0.0
 13
55.3124087128
 23
41.0958367735
 33
0.0
  0
SOLID
  5
2A6
330
2A2
100
AcDbEntity
  8
0
  6
Continuous
 62
     7
370
     0
100
AcDbTrace
 10
55.1092087128
 20
27.1258367735
 30
0.0
 11
55.3124087128
 21
28.3958367735
 31
0.0
 12
54.9060087128
 22
28.3958367735
 32
0.0
 13
54.9060087128
 23
28.3958367735
 33
0.0
  0
LINE
  5
2A7
330
2A2
100
AcDbEntity
  8
0
  6
Continuous
 62
     7
370
     0
100
AcDbLine
 10
53.5577704967
 20
34.5961821474
 30
0.0
 11
53.3002427151
 21
34.5961821474
 31
0.0
  0
LINE
  5
2A8
330
2A2
100
AcDbEntity
  8
0
  6
Continuous
 62
     7
370
     0
100
AcDbLine
 10
53.3002427151
 20
34.5961821474
 30
0.0
 11
53.3002427151
 21
33.2509229168
 31
0.0
  0
LINE
  5
2A9
330
2A2
100
AcDbEntity
  8
0
  6
Continuous
 62
     7
370
     0
100
AcDbLine
 10
53.3002427151
 20
33.2509229168
 30
0.0
 11
53.5577704967
 21
33.2509229168
 31
0.0
  0
LINE
  5
2AA
330
2A2
100
AcDbEntity
  8
0
  6
Continuous
 62
     7
370
     0
100
AcDbLine
 10
56.6606471152
 20
34.5961821474
 30
0.0
 11
56.9181748969
 21
34.5961821474
 31
0.0
  0
LINE
  5
2AB
330
2A2
100
AcDbEntity
  8
0
  6
Continuous
 62
     7
370
     0
100
AcDbLine
 10
56.9181748969
 20
34.5961821474
 30
0.0
 11
56.9181748969
 21
33.2509229168
 31
0.0
  0
LINE
  5
2AC
330
2A2
100
AcDbEntity
  8
0
  6
Continuous
 62
     7
370
     0
100
AcDbLine
 10
56.9181748969
 20
33.2509229168
 30
0.0
 11
56.6606471152
 21
33.2509229168
 31
0.0
  0
LINE
  5
2AD
330
2A2
100
AcDbEntity
  8
0
  6
Continuous
 62
     7
370
     0
100
AcDbLine
 10
38.2904834482
 20
42.3658367735
 30
0.0
 11
55.8204087128
 21
42.3658367735
 31
0.0
  0
LINE
  5
2AE
330
2A2
100
AcDbEntity
  8
0
  6
Continuous
 62
     7
370
     0
100
AcDbLine
 10
38.4174834482
 20
27.1258367735
 30
0.0
 11
55.8204087128
 21
27.1258367735
 31
0.0
  0
LINE
  5
2AF
330
2A2
100
AcDbEntity
  8
0
  6
Continuous
 62
     7
370
     0
100
AcDbLine
 10
55.1092087128
 20
42.3658367735
 30
0.0
 11
55.1092087128
 21
36.1131265968
 31
0.0
  0
LINE
  5
2B0
330
2A2
100
AcDbEntity
  8
0
  6
Continuous
 62
     7
370
     0
100
AcDbLine
 10
55.1092087128
 20
27.1258367735
 30
0.0
 11
55.1092087128
 21
33.0792378842
 31
0.0
  0
MTEXT
  5
2B1
330
2A2
100
AcDbEntity
  8
0
  6
Continuous
 62
     7
370
     0
100
AcDbMText
 10
52.9674555555
 20
35.8592780059
 30
0.0
 40
0.8466666667
 41
0.0
 71
     1
 72
     1
  1

  7
SLDTEXTSTYLE0
 73
     1
 44
1.0
  0
MTEXT
  5
2B2
330
2A2
100
AcDbEntity
  8
0
  6
Continuous
 62
     7
370
     0
100
AcDbMText
 10
52.9564802372
 20
35.8592780059
 30
0.0
 40
0.8466666667
 41
0.0
 71
     1
 72
     1
  1
15.2mm
  7
SLDTEXTSTYLE0
 73
     1
 44
1.0
  0
MTEXT
  5
2B3
330
2A2
100
AcDbEntity
  8
0
  6
Continuous
 62
     7
370
     0
100
AcDbMText
 10
53.5577704967
 20
34.3423335566
 30
0.0
 40
0.8466666667
 41
0.0
 71
     1
 72
     1
  1
0.60in
  7
SLDTEXTSTYLE0
 73
     1
 44
1.0
  0
MTEXT
  5
2B4
330
2A2
100
AcDbEntity
  8
0
  6
Continuous
 62
     7
370
     0
100
AcDbMText
 10
57.8969370022
 20
35.8592780059
 30
0.0
 40
0.8466666667
 41
0.0
 71
     1
 72
     1
  1

  7
SLDTEXTSTYLE0
 73
     1
 44
1.0
  0
ENDBLK
  5
2A4
330
2A2
100
AcDbEntity
  8
0
100
AcDbBlockEnd
  0
BLOCK
  5
2B7
330
2B6
100
AcDbEntity
  8
0
100
AcDbBlockBegin
  2
_D_6
 70
     0
 10
0.0
 20
0.0
 30
0.0
  3
_D_6
  1

  0
SOLID
  5
2B9
330
2B6
100
AcDbEntity
  8
0
  6
Continuous
 62
     7
370
     0
100
AcDbTrace
 10
26.7334834482
 20
30.1809269553
 30
0.0
 11
25.4634834482
 21
30.3841269553
 31
0.0
 12
25.4634834482
 22
29.9777269553
 32
0.0
 13
25.4634834482
 23
29.9777269553
 33
0.0
  0
SOLID
  5
2BA
330
2B6
100
AcDbEntity
  8
0
  6
Continuous
 62
     7
370
     0
100
AcDbTrace
 10
37.9094834482
 20
30.1809269553
 30
0.0
 11
39.1794834482
 21
29.9777269553
 31
0.0
 12
39.1794834482
 22
30.3841269553
 32
0.0
 13
39.1794834482
 23
30.3841269553
 33
0.0
  0
LINE
  5
2BB
330
2B6
100
AcDbEntity
  8
0
  6
Continuous
 62
     7
370
     0
100
AcDbLine
 10
44.9214474372
 20
30.2891120864
 30
0.0
 11
44.6639196556
 21
30.2891120864
 31
0.0
  0
LINE
  5
2BC
330
2B6
100
AcDbEntity
  8
0
  6
Continuous
 62
     7
370
     0
100
AcDbLine
 10
44.6639196556
 20
30.2891120864
 30
0.0
 11
44.6639196556
 21
28.9438528558
 31
0.0
  0
LINE
  5
2BD
330
2B6
100
AcDbEntity
  8
0
  6
Continuous
 62
     7
370
     0
100
AcDbLine
 10
44.6639196556
 20
28.9438528558
 30
0.0
 11
44.9214474372
 21
28.9438528558
 31
0.0
  0
LINE
  5
2BE
330
2B6
100
AcDbEntity
  8
0
  6
Continuous
 62
     7
370
     0
100
AcDbLine
 10
48.0243240557
 20
30.2891120864
 30
0.0
 11
48.2818518374
 21
30.2891120864
 31
0.0
  0
LINE
  5
2BF
330
2B6
100
AcDbEntity
  8
0
  6
Continuous
 62
     7
370
     0
100
AcDbLine
 10
48.2818518374
 20
30.2891120864
 30
0.0
 11
48.2818518374
 21
28.9438528558
 31
0.0
  0
LINE
  5
2C0
330
2B6
100
AcDbEntity
  8
0
  6
Continuous
 62
     7
370
     0
100
AcDbLine
 10
48.2818518374
 20
28.9438528558
 30
0.0
 11
48.0243240557
 21
28.9438528558
 31
0.0
  0
LINE
  5
2C1
330
2B6
100
AcDbEntity
  8
0
  6
Continuous
 62
     7
370
     0
100
AcDbLine
 10
26.7334834482
 20
30.1809269553
 30
0.0
 11
24.1934834482
 21
30.1809269553
 31
0.0
  0
LINE
  5
2C2
330
2B6
100
AcDbEntity
  8
0
  6
Continuous
 62
     7
370
     0
100
AcDbLine
 10
37.9094834482
 20
30.1809269553
 30
0.0
 11
43.5094136295
 21
30.1809269553
 31
0.0
  0
MTEXT
  5
2C3
330
2B6
100
AcDbEntity
  8
0
  6
Continuous
 62
     7
370
     0
100
AcDbMText
 10
43.6811590641
 20
31.552207945
 30
0.0
 40
0.8466666667
 41
0.0
 71
     1
 72
     1
  1
%%c
  7
SLDTEXTSTYLE0
 73
     1
 44
1.0
  0
MTEXT
  5
2C4
330
2B6
100
AcDbEntity
  8
0
  6
Continuous
 62
     7
370
     0
100
AcDbMText
 10
44.9591553844
 20
31.552207945
 30
0.0
 40
0.8466666667
 41
0.0
 71
     1
 72
     1
  1
11.2mm
  7
SLDTEXTSTYLE0
 73
     1
 44
1.0
  0
MTEXT
  5
2C5
330
2B6
100
AcDbEntity
  8
0
  6
Continuous
 62
     7
370
     0
100
AcDbMText
 10
44.9214474372
 20
30.0352634956
 30
0.0
 40
0.8466666667
 41
0.0
 71
     1
 72
     1
  1
0.44in
  7
SLDTEXTSTYLE0
 73
     1
 44
1.0
  0
ENDBLK
  5
2B8
330
2B6
100
AcDbEntity
  8
0
100
AcDbBlockEnd
  0
BLOCK
  5
2C8
330
2C7
100
AcDbEntity
  8
0
100
AcDbBlockBegin
  2
_D_7
 70
     0
 10
0.0
 20
0.0
 30
0.0
  3
_D_7
  1

  0
SOLID
  5
2CA
330
2C7
100
AcDbEntity
  8
0
  6
Continuous
 62
     7
370
     0
100
AcDbTrace
 10
46.4728856533
 20
42.3658367735
 30
0.0
 11
46.2696856533
 21
41.0958367735
 31
0.0
 12
46.6760856533
 22
41.0958367735
 32
0.0
 13
46.6760856533
 23
41.0958367735
 33
0.0
  0
SOLID
  5
2CB
330
2C7
100
AcDbEntity
  8
0
  6
Continuous
 62
     7
370
     0
100
AcDbTrace
 10
46.4728856533
 20
33.0948367735
 30
0.0
 11
46.6760856533
 21
34.3648367735
 31
0.0
 12
46.2696856533
 22
34.3648367735
 32
0.0
 13
46.2696856533
 23
34.3648367735
 33
0.0
  0
LINE
  5
2CC
330
2C7
100
AcDbEntity
  8
0
  6
Continuous
 62
     7
370
     0
100
AcDbLine
 10
44.921447251
 20
37.5841072449
 30
0.0
 11
44.6639194693
 21
37.5841072449
 31
0.0
  0
LINE
  5
2CD
330
2C7
100
AcDbEntity
  8
0
  6
Continuous
 62
     7
370
     0
100
AcDbLine
 10
44.6639194693
 20
37.5841072449
 30
0.0
 11
44.6639194693
 21
36.2388480144
 31
0.0
  0
LINE
  5
2CE
330
2C7
100
AcDbEntity
  8
0
  6
Continuous
 62
     7
370
     0
100
AcDbLine
 10
44.6639194693
 20
36.2388480144
 30
0.0
 11
44.921447251
 21
36.2388480144
 31
0.0
  0
LINE
  5
2CF
330
2C7
100
AcDbEntity
  8
0
  6
Continuous
 62
     7
370
     0
100
AcDbLine
 10
48.0243238695
 20
37.5841072449
 30
0.0
 11
48.2818516511
 21
37.5841072449
 31
0.0
  0
LINE
  5
2D0
330
2C7
100
AcDbEntity
  8
0
  6
Continuous
 62
     7
370
     0
100
AcDbLine
 10
48.2818516511
 20
37.5841072449
 30
0.0
 11
48.2818516511
 21
36.2388480144
 31
0.0
  0
LINE
  5
2D1
330
2C7
100
AcDbEntity
  8
0
  6
Continuous
 62
     7
370
     0
100
AcDbLine
 10
48.2818516511
 20
36.2388480144
 30
0.0
 11
48.0243238695
 21
36.2388480144
 31
0.0
  0
LINE
  5
2D2
330
2C7
100
AcDbEntity
  8
0
  6
Continuous
 62
     7
370
     0
100
AcDbLine
 10
38.2904834482
 20
42.3658367735
 30
0.0
 11
47.1840856533
 21
42.3658367735
 31
0.0
  0
LINE
  5
2D3
330
2C7
100
AcDbEntity
  8
0
  6
Continuous
 62
     7
370
     0
100
AcDbLine
 10
34.8678334482
 20
33.0948367735
 30
0.0
 11
47.1840856533
 21
33.0948367735
 31
0.0
  0
LINE
  5
2D4
330
2C7
100
AcDbEntity
  8
0
  6
Continuous
 62
     7
370
     0
100
AcDbLine
 10
46.4728856533
 20
42.3658367735
 30
0.0
 11
46.4728856533
 21
39.1010516943
 31
0.0
  0
LINE
  5
2D5
330
2C7
100
AcDbEntity
  8
0
  6
Continuous
 62
     7
370
     0
100
AcDbLine
 10
46.4728856533
 20
33.0948367735
 30
0.0
 11
46.4728856533
 21
36.0671629818
 31
0.0
  0
MTEXT
  5
2D6
330
2C7
100
AcDbEntity
  8
0
  6
Continuous
 62
     7
370
     0
100
AcDbMText
 10
44.4173670059
 20
38.8472031035
 30
0.0
 40
0.8466666667
 41
0.0
 71
     1
 72
     1
  1

  7
SLDTEXTSTYLE0
 73
     1
 44
1.0
  0
MTEXT
  5
2D7
330
2C7
100
AcDbEntity
  8
0
  6
Continuous
 62
     7
370
     0
100
AcDbMText
 10
44.6329534128
 20
38.8472031035
 30
0.0
 40
0.8466666667
 41
0.0
 71
     1
 72
     1
  1
9.3mm
  7
SLDTEXTSTYLE0
 73
     1
 44
1.0
  0
MTEXT
  5
2D8
330
2C7
100
AcDbEntity
  8
0
  6
Continuous
 62
     7
370
     0
100
AcDbMText
 10
44.921447251
 20
37.3302586541
 30
0.0
 40
0.8466666667
 41
0.0
 71
     1
 72
     1
  1
0.37in
  7
SLDTEXTSTYLE0
 73
     1
 44
1.0
  0
MTEXT
  5
2D9
330
2C7
100
AcDbEntity
  8
0
  6
Continuous
 62
     7
370
     0
100
AcDbMText
 10
49.1743794328
 20
38.8472031035
 30
0.0
 40
0.8466666667
 41
0.0
 71
     1
 72
     1
  1

  7
SLDTEXTSTYLE0
 73
     1
 44
1.0
  0
ENDBLK
  5
2C9
330
2C7
100
AcDbEntity
  8
0
100
AcDbBlockEnd
  0
BLOCK
  5
2DB
330
2DA
100
AcDbEntity
  8
0
100
AcDbBlockBegin
  2
SW_NOTE_4
 70
     0
 10
0.0
 20
0.0
 30
0.0
  3
SW_NOTE_4
  1

  0
MTEXT
  5
2DD
330
2DA
100
AcDbEntity
  8
0
  6
Continuous
 62
     0
370
     0
100
AcDbMText
 10
0.2320745737
 20
0.3420342827
 30
0.0
 40
0.8466666667
 41
0.0
 71
     1
 72
     1
  1
SMA Connector
  7
SLDTEXTSTYLE0
 73
     1
 44
1.0
  0
MTEXT
  5
2DE
330
2DA
100
AcDbEntity
  8
0
  6
Continuous
 62
     0
370
     0
100
AcDbMText
 10
0.2320745737
 20
-0.7868545926
 30
0.0
 40
0.8466666667
 41
0.0
 71
     1
 72
     1
  1
Material: Brass
  7
SLDTEXTSTYLE0
 73
     1
 44
1.0
  0
ENDBLK
  5
2DC
330
2DA
100
AcDbEntity
  8
0
100
AcDbBlockEnd
  0
BLOCK
  5
2E3
330
2E2
100
AcDbEntity
  8
0
100
AcDbBlockBegin
  2
SW_NOTE_5
 70
     0
 10
0.0
 20
0.0
 30
0.0
  3
SW_NOTE_5
  1

  0
MTEXT
  5
2E5
330
2E2
100
AcDbEntity
  8
0
  6
Continuous
 62
     0
370
     0
100
AcDbMText
 10
-0.1920461844
 20
3.8470101206
 30
0.0
 40
0.8466666667
 41
0.0
 71
     3
 72
     1
  1
Housing
  7
SLDTEXTSTYLE0
 73
     1
 44
1.0
  0
MTEXT
  5
2E6
330
2E2
100
AcDbEntity
  8
0
  6
Continuous
 62
     0
370
     0
100
AcDbMText
 10
-0.226736161
 20
2.7181212454
 30
0.0
 40
0.8466666667
 41
0.0
 71
     3
 72
     1
  1
External Thread
  7
SLDTEXTSTYLE0
 73
     1
 44
1.0
  0
MTEXT
  5
2E7
330
2E2
100
AcDbEntity
  8
0
  6
Continuous
 62
     0
370
     0
100
AcDbMText
 10
-6.4271582676
 20
1.5892323701
 30
0.0
 40
0.8466666667
 41
0.0
 71
     3
 72
     1
  1
SM05(
  7
SLDTEXTSTYLE0
 73
     1
 44
1.0
  0
MTEXT
  5
2E8
330
2E2
100
AcDbEntity
  8
0
  6
Continuous
 62
     0
370
     0
100
AcDbMText
 10
-5.0895424887
 20
1.5892323701
 30
0.0
 40
0.8466666667
 41
0.0
 71
     3
 72
     1
  1
%%c
  7
SLDTEXTSTYLE0
 73
     1
 44
1.0
  0
MTEXT
  5
2E9
330
2E2
100
AcDbEntity
  8
0
  6
Continuous
 62
     0
370
     0
100
AcDbMText
 10
-0.3190462616
 20
1.5892323701
 30
0.0
 40
0.8466666667
 41
0.0
 71
     3
 72
     1
  1
0.535-40)
  7
SLDTEXTSTYLE0
 73
     1
 44
1.0
  0
MTEXT
  5
2EA
330
2E2
100
AcDbEntity
  8
0
  6
Continuous
 62
     0
370
     0
100
AcDbMText
 10
-0.3225744546
 20
0.4603434949
 30
0.0
 40
0.8466666667
 41
0.0
 71
     3
 72
     1
  1
Material: Black DELRIN
  7
SLDTEXTSTYLE0
 73
     1
 44
1.0
  0
ENDBLK
  5
2E4
330
2E2
100
AcDbEntity
  8
0
100
AcDbBlockEnd
  0
BLOCK
  5
596
330
595
100
AcDbEntity
  8
0
100
AcDbBlockBegin
  2
_D_8
 70
     0
 10
0.0
 20
0.0
 30
0.0
  3
_D_8
  1

  0
SOLID
  5
598
330
595
100
AcDbEntity
  8
0
  6
Continuous
 62
     7
370
     0
100
AcDbTrace
 10
69.7643752462
 20
77.0459930061
 30
0.0
 11
68.4943752462
 21
77.2491930061
 31
0.0
 12
68.4943752462
 22
76.8427930061
 32
0.0
 13
68.4943752462
 23
76.8427930061
 33
0.0
  0
SOLID
  5
599
330
595
100
AcDbEntity
  8
0
  6
Continuous
 62
     7
370
     0
100
AcDbTrace
 10
73.8603752462
 20
77.0459930061
 30
0.0
 11
75.1303752462
 21
76.8427930061
 31
0.0
 12
75.1303752462
 22
77.2491930061
 32
0.0
 13
75.1303752462
 23
77.2491930061
 33
0.0
  0
LINE
  5
59A
330
595
100
AcDbEntity
  8
0
  6
Continuous
 62
     7
370
     0
100
AcDbLine
 10
79.1421303732
 20
77.045992913
 30
0.0
 11
78.8846025915
 21
77.045992913
 31
0.0
  0
LINE
  5
59B
330
595
100
AcDbEntity
  8
0
  6
Continuous
 62
     7
370
     0
100
AcDbLine
 10
78.8846025915
 20
77.045992913
 30
0.0
 11
78.8846025915
 21
75.7007336824
 31
0.0
  0
LINE
  5
59C
330
595
100
AcDbEntity
  8
0
  6
Continuous
 62
     7
370
     0
100
AcDbLine
 10
78.8846025915
 20
75.7007336824
 30
0.0
 11
79.1421303732
 21
75.7007336824
 31
0.0
  0
LINE
  5
59D
330
595
100
AcDbEntity
  8
0
  6
Continuous
 62
     7
370
     0
100
AcDbLine
 10
82.2450069917
 20
77.045992913
 30
0.0
 11
82.5025347733
 21
77.045992913
 31
0.0
  0
LINE
  5
59E
330
595
100
AcDbEntity
  8
0
  6
Continuous
 62
     7
370
     0
100
AcDbLine
 10
82.5025347733
 20
77.045992913
 30
0.0
 11
82.5025347733
 21
75.7007336824
 31
0.0
  0
LINE
  5
59F
330
595
100
AcDbEntity
  8
0
  6
Continuous
 62
     7
370
     0
100
AcDbLine
 10
82.5025347733
 20
75.7007336824
 30
0.0
 11
82.2450069917
 21
75.7007336824
 31
0.0
  0
LINE
  5
5A0
330
595
100
AcDbEntity
  8
0
  6
Continuous
 62
     7
370
     0
100
AcDbLine
 10
69.7643752462
 20
71.9300413587
 30
0.0
 11
69.7643752462
 21
77.7571930061
 31
0.0
  0
LINE
  5
5A1
330
595
100
AcDbEntity
  8
0
  6
Continuous
 62
     7
370
     0
100
AcDbLine
 10
73.8603752462
 20
68.6516569594
 30
0.0
 11
73.8603752462
 21
77.7571930061
 31
0.0
  0
LINE
  5
5A2
330
595
100
AcDbEntity
  8
0
  6
Continuous
 62
     7
370
     0
100
AcDbLine
 10
69.7643752462
 20
77.0459930061
 30
0.0
 11
67.2243752462
 21
77.0459930061
 31
0.0
  0
LINE
  5
5A3
330
595
100
AcDbEntity
  8
0
  6
Continuous
 62
     7
370
     0
100
AcDbLine
 10
73.8603752462
 20
77.0459930061
 30
0.0
 11
78.4553293753
 21
77.0459930061
 31
0.0
  0
MTEXT
  5
5A4
330
595
100
AcDbEntity
  8
0
  6
Continuous
 62
     7
370
     0
100
AcDbMText
 10
78.853636535
 20
78.3090887716
 30
0.0
 40
0.8466666667
 41
0.0
 71
     1
 72
     1
  1
4.1mm
  7
SLDTEXTSTYLE0
 73
     1
 44
1.0
  0
MTEXT
  5
5A5
330
595
100
AcDbEntity
  8
0
  6
Continuous
 62
     7
370
     0
100
AcDbMText
 10
79.1421303732
 20
76.7921443222
 30
0.0
 40
0.8466666667
 41
0.0
 71
     1
 72
     1
  1
0.16in
  7
SLDTEXTSTYLE0
 73
     1
 44
1.0
  0
MTEXT
  5
5A6
330
595
100
AcDbEntity
  8
0
  6
Continuous
 62
     7
370
     0
100
AcDbMText
 10
83.0775623687
 20
78.3090887716
 30
0.0
 40
0.8466666667
 41
0.0
 71
     1
 72
     1
  1
To Detector Surface
  7
SLDTEXTSTYLE0
 73
     1
 44
1.0
  0
ENDBLK
  5
597
330
595
100
AcDbEntity
  8
0
100
AcDbBlockEnd
  0
BLOCK
  5
5A9
330
5A8
100
AcDbEntity
  8
0
100
AcDbBlockBegin
  2
_D_9
 70
     0
 10
0.0
 20
0.0
 30
0.0
  3
_D_9
  1

  0
SOLID
  5
5AB
330
5A8
100
AcDbEntity
  8
0
  6
Continuous
 62
     7
370
     0
100
AcDbTrace
 10
69.7643752462
 20
55.063713671
 30
0.0
 11
68.4943752462
 21
55.266913671
 31
0.0
 12
68.4943752462
 22
54.860513671
 32
0.0
 13
68.4943752462
 23
54.860513671
 33
0.0
  0
SOLID
  5
5AC
330
5A8
100
AcDbEntity
  8
0
  6
Continuous
 62
     7
370
     0
100
AcDbTrace
 10
72.3603752462
 20
55.063713671
 30
0.0
 11
73.6303752462
 21
54.860513671
 31
0.0
 12
73.6303752462
 22
55.266913671
 32
0.0
 13
73.6303752462
 23
55.266913671
 33
0.0
  0
LINE
  5
5AD
330
5A8
100
AcDbEntity
  8
0
  6
Continuous
 62
     7
370
     0
100
AcDbLine
 10
61.1188292435
 20
55.0637135779
 30
0.0
 11
60.8613014619
 21
55.0637135779
 31
0.0
  0
LINE
  5
5AE
330
5A8
100
AcDbEntity
  8
0
  6
Continuous
 62
     7
370
     0
100
AcDbLine
 10
60.8613014619
 20
55.0637135779
 30
0.0
 11
60.8613014619
 21
53.7184543473
 31
0.0
  0
LINE
  5
5AF
330
5A8
100
AcDbEntity
  8
0
  6
Continuous
 62
     7
370
     0
100
AcDbLine
 10
60.8613014619
 20
53.7184543473
 30
0.0
 11
61.1188292435
 21
53.7184543473
 31
0.0
  0
LINE
  5
5B0
330
5A8
100
AcDbEntity
  8
0
  6
Continuous
 62
     7
370
     0
100
AcDbLine
 10
64.221705862
 20
55.0637135779
 30
0.0
 11
64.4792336437
 21
55.0637135779
 31
0.0
  0
LINE
  5
5B1
330
5A8
100
AcDbEntity
  8
0
  6
Continuous
 62
     7
370
     0
100
AcDbLine
 10
64.4792336437
 20
55.0637135779
 30
0.0
 11
64.4792336437
 21
53.7184543473
 31
0.0
  0
LINE
  5
5B2
330
5A8
100
AcDbEntity
  8
0
  6
Continuous
 62
     7
370
     0
100
AcDbLine
 10
64.4792336437
 20
53.7184543473
 30
0.0
 11
64.221705862
 21
53.7184543473
 31
0.0
  0
LINE
  5
5B3
330
5A8
100
AcDbEntity
  8
0
  6
Continuous
 62
     7
370
     0
100
AcDbLine
 10
69.7643752462
 20
59.9920413587
 30
0.0
 11
69.7643752462
 21
54.352513671
 31
0.0
  0
LINE
  5
5B4
330
5A8
100
AcDbEntity
  8
0
  6
Continuous
 62
     7
370
     0
100
AcDbLine
 10
72.3603752462
 20
61.7065413587
 30
0.0
 11
72.3603752462
 21
54.352513671
 31
0.0
  0
LINE
  5
5B5
330
5A8
100
AcDbEntity
  8
0
  6
Continuous
 62
     7
370
     0
100
AcDbLine
 10
69.7643752462
 20
55.063713671
 30
0.0
 11
65.532531728
 21
55.063713671
 31
0.0
  0
LINE
  5
5B6
330
5A8
100
AcDbEntity
  8
0
  6
Continuous
 62
     7
370
     0
100
AcDbLine
 10
72.3603752462
 20
55.063713671
 30
0.0
 11
74.9003752462
 21
55.063713671
 31
0.0
  0
MTEXT
  5
5B7
330
5A8
100
AcDbEntity
  8
0
  6
Continuous
 62
     7
370
     0
100
AcDbMText
 10
60.6147489985
 20
56.3268094365
 30
0.0
 40
0.8466666667
 41
0.0
 71
     1
 72
     1
  1

  7
SLDTEXTSTYLE0
 73
     1
 44
1.0
  0
MTEXT
  5
5B8
330
5A8
100
AcDbEntity
  8
0
  6
Continuous
 62
     7
370
     0
100
AcDbMText
 10
60.8303354054
 20
56.3268094365
 30
0.0
 40
0.8466666667
 41
0.0
 71
     1
 72
     1
  1
2.6mm
  7
SLDTEXTSTYLE0
 73
     1
 44
1.0
  0
MTEXT
  5
5B9
330
5A8
100
AcDbEntity
  8
0
  6
Continuous
 62
     7
370
     0
100
AcDbMText
 10
61.1188292435
 20
54.8098649871
 30
0.0
 40
0.8466666667
 41
0.0
 71
     1
 72
     1
  1
0.10in
  7
SLDTEXTSTYLE0
 73
     1
 44
1.0
  0
MTEXT
  5
5BA
330
5A8
100
AcDbEntity
  8
0
  6
Continuous
 62
     7
370
     0
100
AcDbMText
 10
65.3717614253
 20
56.3268094365
 30
0.0
 40
0.8466666667
 41
0.0
 71
     1
 72
     1
  1

  7
SLDTEXTSTYLE0
 73
     1
 44
1.0
  0
ENDBLK
  5
5AA
330
5A8
100
AcDbEntity
  8
0
100
AcDbBlockEnd
  0
ENDSEC
  0
SECTION
  2
ENTITIES
  0
LINE
  5
81
330
1F
100
AcDbEntity
  8
0
  6
Continuous
 62
     7
370
     0
100
AcDbLine
 10
0.6317400404
 20
85.8581519986
 30
0.0
 11
111.1956827396
 21
85.8581519986
 31
0.0
  0
LINE
  5
82
330
1F
100
AcDbEntity
  8
0
  6
Continuous
 62
     7
370
     0
100
AcDbLine
 10
0.6317400404
 20
85.8581519986
 30
0.0
 11
0.6317400404
 21
0.3612657039
 31
0.0
  0
LINE
  5
83
330
1F
100
AcDbEntity
  8
0
  6
Continuous
 62
     7
370
     0
100
AcDbLine
 10
111.1956827396
 20
0.3612657039
 30
0.0
 11
0.6317400404
 21
0.3612657039
 31
0.0
  0
LINE
  5
84
330
1F
100
AcDbEntity
  8
0
  6
Continuous
 62
     7
370
     0
100
AcDbLine
 10
111.1956827396
 20
0.3612657039
 30
0.0
 11
111.1956827396
 21
85.8581519986
 31
0.0
  0
LINE
  5
85
330
1F
100
AcDbEntity
  8
0
  6
Continuous
 62
     7
370
     0
100
AcDbLine
 10
86.2971056017
 20
4.9183556053
 30
0.0
 11
68.6531038674
 21
4.9183556053
 31
0.0
  0
LINE
  5
86
330
1F
100
AcDbEntity
  8
0
  6
Continuous
 62
     7
370
     0
100
AcDbLine
 10
68.6531038674
 20
4.9183556053
 30
0.0
 11
68.6531038674
 21
10.4664561002
 31
0.0
  0
LINE
  5
87
330
1F
100
AcDbEntity
  8
0
  6
Continuous
 62
     7
370
     0
100
AcDbLine
 10
68.6531038674
 20
0.3612657039
 30
0.0
 11
68.6531038674
 21
10.4664561002
 31
0.0
  0
LINE
  5
88
330
1F
100
AcDbEntity
  8
0
  6
Continuous
 62
     7
370
     0
100
AcDbLine
 10
86.2971056017
 20
6.8641831821
 30
0.0
 11
111.1956827396
 21
6.8641831821
 31
0.0
  0
LINE
  5
89
330
1F
100
AcDbEntity
  8
0
  6
Continuous
 62
     7
370
     0
100
AcDbLine
 10
86.2971056017
 20
14.0957803343
 30
0.0
 11
86.2971056017
 21
0.3612657039
 31
0.0
  0
LINE
  5
8A
330
1F
100
AcDbEntity
  8
0
  6
Continuous
 62
     7
370
     0
100
AcDbLine
 10
86.2971056017
 20
10.4664561002
 30
0.0
 11
68.6531038674
 21
10.4664561002
 31
0.0
  0
LINE
  5
8B
330
1F
100
AcDbEntity
  8
0
  6
Continuous
 62
     7
370
     0
100
AcDbLine
 10
86.2971056017
 20
3.6563680245
 30
0.0
 11
111.1956827396
 21
3.6563680245
 31
0.0
  0
LINE
  5
8C
330
1F
100
AcDbEntity
  8
0
  6
Continuous
 62
     7
370
     0
100
AcDbLine
 10
86.2971056017
 20
6.7686729612
 30
0.0
 11
68.6531038674
 21
6.7686729612
 31
0.0
  0
LINE
  5
8D
330
1F
100
AcDbEntity
  8
0
  6
Continuous
 62
     7
370
     0
100
AcDbLine
 10
86.2971056017
 20
8.5949602217
 30
0.0
 11
68.6531038674
 21
8.5949602217
 31
0.0
  0
LINE
  5
8E
330
1F
100
AcDbEntity
  8
0
  6
Continuous
 62
     7
370
     0
100
AcDbLine
 10
74.4535240282
 20
10.4664561002
 30
0.0
 11
74.4535240282
 21
4.9183556053
 31
0.0
  0
LINE
  5
8F
330
1F
100
AcDbEntity
  8
0
  6
Continuous
 62
     7
370
     0
100
AcDbLine
 10
79.2858362475
 20
10.4664561002
 30
0.0
 11
79.2858362475
 21
4.9183556053
 31
0.0
  0
LINE
  5
90
330
1F
100
AcDbEntity
  8
0
  6
Continuous
 62
     7
370
     0
100
AcDbLine
 10
101.4996163347
 20
3.6563680245
 30
0.0
 11
101.4996163347
 21
0.3612657039
 31
0.0
  0
LINE
  5
91
330
1F
100
AcDbEntity
  8
0
  6
Continuous
 62
     7
370
     0
100
AcDbLine
 10
68.6531038674
 20
4.9183556053
 30
0.0
 11
68.6531038674
 21
3.0250937011
 31
0.0
  0
LINE
  5
92
330
1F
100
AcDbEntity
  8
0
  6
Continuous
 62
     7
370
     0
100
AcDbLine
 10
68.6531038674
 20
3.0250937011
 30
0.0
 11
86.2971056017
 21
3.0250937011
 31
0.0
  0
LINE
  5
93
330
1F
100
AcDbEntity
  8
0
  6
Continuous
 62
     7
370
     0
100
AcDbLine
 10
68.6531038674
 20
3.0250937011
 30
0.0
 11
68.6531038674
 21
14.0957803343
 31
0.0
  0
LINE
  5
94
330
1F
100
AcDbEntity
  8
0
  6
Continuous
 62
     7
370
     0
100
AcDbLine
 10
68.6531038674
 20
14.0957803343
 30
0.0
 11
86.2971056017
 21
14.0957803343
 31
0.0
  0
LINE
  5
95
330
1F
100
AcDbEntity
  8
0
  6
Continuous
 62
     7
370
     0
100
AcDbLine
 10
108.0673439278
 20
6.8641831821
 30
0.0
 11
108.0673439278
 21
3.6563680245
 31
0.0
  0
LINE
  5
96
330
1F
100
AcDbEntity
  8
0
  6
Continuous
 62
     7
370
     0
100
AcDbLine
 10
86.2971056017
 20
14.0957803343
 30
0.0
 11
111.1956827396
 21
14.0957803343
 31
0.0
  0
LINE
  5
97
330
1F
100
AcDbEntity
  8
0
  6
Continuous
 62
     7
370
     0
100
AcDbLine
 10
111.1956827396
 20
14.0957803343
 30
0.0
 11
111.1956827396
 21
20.0132542459
 31
0.0
  0
LINE
  5
98
330
1F
100
AcDbEntity
  8
0
  6
Continuous
 62
     7
370
     0
100
AcDbLine
 10
86.2971056017
 20
9.9570934179
 30
0.0
 11
111.1956827396
 21
9.9570934179
 31
0.0
  0
INSERT
  5
99
330
1F
100
AcDbEntity
  8
0
  6
Continuous
 62
     7
100
AcDbBlockReference
  2
Third Angle Projection Block
 10
47.0904881694
 20
6.2064935795
 30
0.0
 41
0.8
 42
0.8
 43
0.8
  0
MTEXT
  5
9B
330
1F
100
AcDbEntity
  8
0
  6
Continuous
 62
     7
370
     0
100
AcDbMText
 10
109.7040431099
 20
5.302375475
 30
0.0
 40
1.27
 41
0.0
 71
     2
 72
     1
  1
D
  7
SLDTEXTSTYLE0
 73
     1
 44
1.0
  0
MTEXT
  5
9C
330
1F
100
AcDbEntity
  8
0
  6
Continuous
 62
     7
370
     0
100
AcDbMText
 10
93.8120215454
 20
2.0522625559
 30
0.0
 40
1.27
 41
0.0
 71
     2
 72
     1
  1
SM05PD1A
  7
SLDTEXTSTYLE0
 73
     1
 44
1.0
  0
MTEXT
  5
9D
330
1F
100
AcDbEntity
  8
0
  6
Continuous
 62
     7
370
     0
100
AcDbMText
 10
86.5679906424
 20
6.729727144
 30
0.0
 40
0.8466666667
 41
0.0
 71
     1
 72
     1
  1
MATERIAL
  7
SLDTEXTSTYLE0
 73
     1
 44
1.0
  0
MTEXT
  5
9E
330
1F
100
AcDbEntity
  8
0
  6
Continuous
 62
     7
370
     0
100
AcDbMText
 10
69.6923786264
 20
8.0218215704
 30
0.0
 40
0.7408333333
 41
0.0
 71
     1
 72
     1
  1
DRAWN
  7
SLDTEXTSTYLE0
 73
     1
 44
1.0
  0
MTEXT
  5
9F
330
1F
100
AcDbEntity
  8
0
  6
Continuous
 62
     7
370
     0
100
AcDbMText
 10
68.9584049817
 20
6.2314867899
 30
0.0
 40
0.7408333333
 41
0.0
 71
     1
 72
     1
  1
APPROVAL
  7
SLDTEXTSTYLE0
 73
     1
 44
1.0
  0
MTEXT
  5
A0
330
1F
100
AcDbEntity
  8
0
  6
Continuous
 62
     7
370
     0
100
AcDbMText
 10
108.686426147
 20
6.4668698523
 30
0.0
 40
0.8466666667
 41
0.0
 71
     1
 72
     1
  1
REV
  7
SLDTEXTSTYLE0
 73
     1
 44
1.0
  0
MTEXT
  5
A1
330
1F
100
AcDbEntity
  8
0
  6
Continuous
 62
     7
370
     0
100
AcDbMText
 10
75.5808030735
 20
8.1270858761
 30
0.0
 40
0.8466666667
 41
0.0
 71
     1
 72
     1
  1
WKC
  7
SLDTEXTSTYLE0
 73
     1
 44
1.0
  0
MTEXT
  5
A2
330
1F
100
AcDbEntity
  8
0
  6
Continuous
 62
     7
370
     0
100
AcDbMText
 10
76.1183478579
 20
6.3367510956
 30
0.0
 40
0.8466666667
 41
0.0
 71
     1
 72
     1
  1
EC
  7
SLDTEXTSTYLE0
 73
     1
 44
1.0
  0
MTEXT
  5
A3
330
1F
100
AcDbEntity
  8
0
  6
Continuous
 62
     7
370
     0
100
AcDbMText
 10
79.9464974749
 20
8.1270858761
 30
0.0
 40
0.8466666667
 41
0.0
 71
     1
 72
     1
  1
29/MAR/18
  7
SLDTEXTSTYLE0
 73
     1
 44
1.0
  0
MTEXT
  5
A4
330
1F
100
AcDbEntity
  8
0
  6
Continuous
 62
     7
370
     0
100
AcDbMText
 10
81.4458029541
 20
9.9288558308
 30
0.0
 40
0.8466666667
 41
0.0
 71
     1
 72
     1
  1
DATE
  7
SLDTEXTSTYLE0
 73
     1
 44
1.0
  0
MTEXT
  5
A5
330
1F
100
AcDbEntity
  8
0
  6
Continuous
 62
     7
370
     0
100
AcDbMText
 10
79.9464974749
 20
6.3367510956
 30
0.0
 40
0.8466666667
 41
0.0
 71
     1
 72
     1
  1
30/MAR/18
  7
SLDTEXTSTYLE0
 73
     1
 44
1.0
  0
MTEXT
  5
A7
330
1F
100
AcDbEntity
  8
0
  6
Continuous
 62
     7
370
     0
100
AcDbMText
 10
91.7611625908
 20
11.1182992228
 30
0.0
 40
0.8466666667
 41
0.0
 71
     1
 72
     1
  1
w w w . t h o r  l a b s . c o m
  7
SLDTEXTSTYLE1
 73
     1
 44
1.0
  0
MTEXT
  5
A8
330
1F
100
AcDbEntity
  8
0
  6
Continuous
 62
     7
370
     0
100
AcDbMText
 10
86.6801614126
 20
3.3397916748
 30
0.0
 40
0.8466666667
 41
0.0
 71
     1
 72
     1
  1
ITEM #
  7
SLDTEXTSTYLE0
 73
     1
 44
1.0
  0
MTEXT
  5
A9
330
1F
100
AcDbEntity
  8
0
  6
Continuous
 62
     7
370
     0
100
AcDbMText
 10
101.8127200365
 20
3.3397916748
 30
0.0
 40
0.8466666667
 41
0.0
 71
     1
 72
     1
  1
APPROX WEIGHT
  7
SLDTEXTSTYLE0
 73
     1
 44
1.0
  0
MTEXT
  5
AA
330
1F
100
AcDbEntity
  8
0
  6
Continuous
 62
     7
370
     0
100
AcDbMText
 10
97.3681453754
 20
5.5299060726
 30
0.0
 40
1.27
 41
0.0
 71
     2
 72
     1
  1
See Drawing
  7
SLDTEXTSTYLE0
 73
     1
 44
1.0
  0
MTEXT
  5
AB
330
1F
100
AcDbEntity
  8
0
  6
Continuous
 62
     7
370
     0
100
AcDbMText
 10
106.4671392399
 20
2.0522625559
 30
0.0
 40
1.27
 41
0.0
 71
     2
 72
     1
  1
.005 kg
  7
SLDTEXTSTYLE0
 73
     1
 44
1.0
  0
INSERT
  5
B1
330
1F
100
AcDbEntity
  8
0
  6
Continuous
 62
     7
370
     0
100
AcDbBlockReference
  2
SW_NOTE_0
 10
69.937205602
 20
1.782342192
 30
0.0
  0
INSERT
  5
B7
330
1F
100
AcDbEntity
  8
0
  6
Continuous
 62
     7
370
     0
100
AcDbBlockReference
  2
SW_NOTE_1
 10
69.8193460135
 20
12.1934129086
 30
0.0
  0
MTEXT
  5
B8
330
1F
100
AcDbEntity
  8
0
  6
Continuous
 62
     7
370
     0
100
AcDbMText
 10
75.170943531
 20
9.9288558308
 30
0.0
 40
0.8466666667
 41
0.0
 71
     1
 72
     1
  1
NAME
  7
SLDTEXTSTYLE0
 73
     1
 44
1.0
  0
INSERT
  5
BE
330
1F
100
AcDbEntity
  8
0
  6
Continuous
 62
     7
370
     0
100
AcDbBlockReference
  2
SW_NOTE_2
 10
23.4481867003
 20
3.2710643893
 30
0.0
  0
MTEXT
  5
BF
330
1F
100
AcDbEntity
  8
0
  6
Continuous
 62
     7
370
     0
100
AcDbMText
 10
98.5139281424
 20
8.95342091
 30
0.0
 40
1.27
 41
0.0
 71
     2
 72
     1
  1
SM05 Mounted Si-Photodiode
  7
SLDTEXTSTYLE0
 73
     1
 44
1.0
  0
MTEXT
  5
C0
330
1F
100
AcDbEntity
  8
0
  6
Continuous
 62
     7
370
     0
100
AcDbMText
 10
71.0770332769
 20
4.2856840606
 30
0.0
 40
0.635
 41
0.0
 71
     1
 72
     1
  1
COPYRIGHT © 2018 BY THORLABS
  7
SLDTEXTSTYLE0
 73
     1
 44
1.0
  0
CIRCLE
  5
C1
330
1F
100
AcDbEntity
  8
0
  6
Continuous
 62
     7
370
     0
100
AcDbCircle
 10
32.3214834482
 20
65.9610413587
 30
0.0
 40
2.900000000000031
  0
LINE
  5
C2
330
1F
100
AcDbEntity
  8
0
  6
Continuous
 62
     7
370
     0
100
AcDbLine
 10
30.1388677602
 20
64.6510072858
 30
0.0
 11
33.6315175212
 21
63.7784256707
 31
0.0
  0
LINE
  5
C3
330
1F
100
AcDbEntity
  8
0
  6
Continuous
 62
     7
370
     0
100
AcDbLine
 10
34.5040991363
 20
67.2710754317
 30
0.0
 11
31.0114493753
 21
68.1436570468
 31
0.0
  0
LINE
  5
C4
330
1F
100
AcDbEntity
  8
0
  6
Continuous
 62
     7
370
     0
100
AcDbLine
 10
31.0114493753
 20
68.1436570468
 30
0.0
 11
30.1388677602
 21
64.6510072858
 31
0.0
  0
LINE
  5
C5
330
1F
100
AcDbEntity
  8
0
  6
Continuous
 62
     7
370
     0
100
AcDbLine
 10
33.6315175212
 20
63.7784256707
 30
0.0
 11
34.5040991363
 21
67.2710754317
 31
0.0
  0
ARC
  5
C6
330
1F
100
AcDbEntity
  8
0
  6
Continuous
 62
     7
370
     0
100
AcDbCircle
 10
29.8572251031
 20
66.5766961389
 30
0.0
 40
0.8255000000000002
100
AcDbArc
 50
12.2804853863
 51
93.7010511949
  0
ARC
  5
C7
330
1F
100
AcDbEntity
  8
0
  6
Continuous
 62
     7
370
     0
100
AcDbCircle
 10
29.8572251031
 20
66.5766961389
 30
0.0
 40
0.8255000000000169
100
AcDbArc
 50
238.2443981692
 51
319.6649639778
  0
ARC
  5
C8
330
1F
100
AcDbEntity
  8
0
  6
Continuous
 62
     7
370
     0
100
AcDbCircle
 10
34.7857417934
 20
65.3453865786
 30
0.0
 40
0.8255000000000102
100
AcDbArc
 50
192.2804853863
 51
273.7010511949
  0
ARC
  5
C9
330
1F
100
AcDbEntity
  8
0
  6
Continuous
 62
     7
370
     0
100
AcDbCircle
 10
34.7857417934
 20
65.3453865786
 30
0.0
 40
0.8255000000000104
100
AcDbArc
 50
58.2443981692
 51
139.6649639778
  0
CIRCLE
  5
CA
330
1F
100
AcDbEntity
  8
0
  6
Continuous
 62
     7
370
     0
100
AcDbCircle
 10
34.7857417934
 20
65.3453865786
 30
0.0
 40
0.2031999999999939
  0
CIRCLE
  5
CB
330
1F
100
AcDbEntity
  8
0
  6
Continuous
 62
     7
370
     0
100
AcDbCircle
 10
29.8572251031
 20
66.5766961389
 30
0.0
 40
0.2031999999999939
  0
LINE
  5
CC
330
1F
100
AcDbEntity
  8
0
  6
Continuous
 62
     7
370
     0
100
AcDbLine
 10
34.3598335442
 20
72.4425812824
 30
0.0
 11
34.494728867
 21
72.3894470013
 31
0.0
  0
ARC
  5
CD
330
1F
100
AcDbEntity
  8
0
  6
Continuous
 62
     7
370
     0
100
AcDbCircle
 10
32.5448364083
 20
66.0259350039
 30
0.0
 40
6.571467626792287
100
AcDbArc
 50
213.6783266996
 51
359.4341914733
  0
ARC
  5
CE
330
1F
100
AcDbEntity
  8
0
  6
Continuous
 62
     7
370
     0
100
AcDbCircle
 10
32.3232680114
 20
65.9532898738
 30
0.0
 40
6.792720024345393
100
AcDbArc
 50
70.892658455
 51
0.0653828608
  0
ARC
  5
CF
330
1F
100
AcDbEntity
  8
0
  6
Continuous
 62
     7
370
     0
100
AcDbCircle
 10
32.3214834482
 20
65.9610413587
 30
0.0
 40
6.794499999999999
100
AcDbArc
 50
0.0
 51
69.5284485275
  0
ARC
  5
D0
330
1F
100
AcDbEntity
  8
0
  6
Continuous
 62
     7
370
     0
100
AcDbCircle
 10
32.4641470504
 20
66.1454686562
 30
0.0
 40
6.572188299673543
100
AcDbArc
 50
70.1313189405
 51
214.9356925507
  0
CIRCLE
  5
D1
330
1F
100
AcDbEntity
  8
0
  6
Continuous
 62
     7
370
     0
100
AcDbCircle
 10
32.3214834482
 20
65.9610413587
 30
0.0
 40
3.175000000000303
  0
CIRCLE
  5
D2
330
1F
100
AcDbEntity
  8
0
  6
Continuous
 62
     7
370
     0
100
AcDbCircle
 10
32.3214834482
 20
65.9610413587
 30
0.0
 40
5.46100000000051
  0
CIRCLE
  5
D3
330
1F
100
AcDbEntity
  8
0
  6
Continuous
 62
     7
370
     0
100
AcDbCircle
 10
32.3214834482
 20
70.2790413587
 30
0.0
 40
0.5079999999999316
  0
CIRCLE
  5
D4
330
1F
100
AcDbEntity
  8
0
  6
Continuous
 62
     7
370
     0
100
AcDbCircle
 10
32.3214834482
 20
61.6430413587
 30
0.0
 40
0.5080000000001945
  0
CIRCLE
  5
D5
330
1F
100
AcDbEntity
  8
0
  6
Continuous
 62
     7
370
     0
100
AcDbCircle
 10
32.3214834482
 20
65.9610413587
 30
0.0
 40
5.969000000000563
  0
DIMENSION
  5
D6
330
1F
100
AcDbEntity
  8
0
  6
Continuous
 62
     7
370
     0
100
AcDbDimension
  2
_D
 10
30.1624834482
 20
69.7005390523
 30
0.0
 11
43.0077961309
 21
54.3850835992
 31
0.0
 70
   163
  1
<>
 71
     1
 42
-1.0
  3
SLDDIMSTYLE0
100
AcDbDiametricDimension
 15
34.4804834482
 25
62.2215436652
 35
0.0
 40
0.0
  0
DIMENSION
  5
E7
330
1F
100
AcDbEntity
  8
0
  6
Continuous
 62
     7
370
     0
100
AcDbDimension
  2
_D_1
 10
32.7900089929
 20
61.839377331
 30
0.0
 11
14.4761760601
 21
57.6001493413
 31
0.0
 70
   163
  1
<>\PUse with Adjustable\PSpanner Wrench
 71
     1
 42
-1.0
  3
SLDDIMSTYLE1
100
AcDbDiametricDimension
 15
31.8529579036
 25
61.4467053865
 35
0.0
 40
0.0
  0
DIMENSION
  5
FA
330
1F
100
AcDbEntity
  8
0
  6
Continuous
 62
     7
370
     0
100
AcDbDimension
  2
_D_2
 10
49.0857162082
 20
63.0610413587
 30
0.0
 11
49.0857162082
 21
66.7639463502
 31
0.0
 70
   160
  1
%%c<>
 71
     1
 42
-1.0
  3
SLDDIMSTYLE2
100
AcDbAlignedDimension
 13
32.3214834482
 23
68.8610413587
 33
0.0
 14
32.3214834482
 24
63.0610413587
 34
0.0
 50
90.0
100
AcDbRotatedDimension
  0
INSERT
  5
116
102
{ACAD_REACTORS
330
120
102
}
330
1F
100
AcDbEntity
  8
0
  6
Continuous
 62
     7
370
     0
100
AcDbBlockReference
  2
SW_NOTE_3
 10
21.4737430168
 20
70.4804469274
 30
0.0
  0
LEADER
  5
120
330
1F
100
AcDbEntity
  8
0
  6
Continuous
 62
     7
370
     0
100
AcDbLeader
  3
SLDDIMSTYLE3
 73
     2
 76
     3
 10
31.1732759587
 20
65.4183447944
 30
0.0
 10
22.5200365888
 20
70.4804469274
 30
0.0
 10
21.4737430168
 20
70.4804469274
 30
0.0
340
116
  0
INSERT
  5
132
330
1F
100
AcDbEntity
  8
0
  6
Continuous
 62
     7
370
     0
100
AcDbBlockReference
  2
SW_CENTERMARKSYMBOL_0
 10
32.3214834482
 20
61.6430413587
 30
0.0
  0
LINE
  5
133
330
1F
100
AcDbEntity
  8
0
  6
PHANTOM
 62
     7
370
    30
100
AcDbLine
 10
32.3214834482
 20
75.1805979609
 30
0.0
 11
32.3214834482
 21
57.1527205138
 31
0.0
  0
LINE
  5
134
330
1F
100
AcDbEntity
  8
0
  6
Continuous
 62
     7
370
    30
100
AcDbLine
 10
32.3214834482
 20
75.1805979609
 30
0.0
 11
28.7654834482
 21
75.1805979609
 31
0.0
  0
SOLID
  5
135
330
1F
100
AcDbEntity
  8
0
  6
Continuous
 62
     7
370
    30
100
AcDbTrace
 10
28.7654834482
 20
75.1805979609
 30
0.0
 11
30.2894834482
 21
74.9265979609
 31
0.0
 12
30.2894834482
 22
75.4345979609
 32
0.0
 13
30.2894834482
 23
75.4345979609
 33
0.0
  0
LINE
  5
136
330
1F
100
AcDbEntity
  8
0
  6
Continuous
 62
     7
370
    30
100
AcDbLine
 10
32.3214834482
 20
57.1527205138
 30
0.0
 11
28.7654834482
 21
57.1527205138
 31
0.0
  0
SOLID
  5
137
330
1F
100
AcDbEntity
  8
0
  6
Continuous
 62
     7
370
    30
100
AcDbTrace
 10
28.7654834482
 20
57.1527205138
 30
0.0
 11
30.2894834482
 21
56.8987205138
 31
0.0
 12
30.2894834482
 22
57.4067205138
 32
0.0
 13
30.2894834482
 23
57.4067205138
 33
0.0
  0
MTEXT
  5
138
330
1F
100
AcDbEntity
  8
0
  6
Continuous
 62
     7
100
AcDbMText
 10
27.4033305454
 20
76.0211171654
 30
0.0
 40
1.0583333333
 41
0.0
 71
     1
 72
     1
  1
A
  7
SLDTEXTSTYLE0
 73
     1
 44
1.0
  0
MTEXT
  5
139
330
1F
100
AcDbEntity
  8
0
  6
Continuous
 62
     7
100
AcDbMText
 10
27.4033305454
 20
57.9932397183
 30
0.0
 40
1.0583333333
 41
0.0
 71
     1
 72
     1
  1
A
  7
SLDTEXTSTYLE0
 73
     1
 44
1.0
  0
LWPOLYLINE
  5
13A
330
1F
100
AcDbEntity
  8
0
  6
Continuous
 62
     7
370
     0
100
AcDbPolyline
 90
        3
 70
   128
 43
0.0
 10
38.6693511084
 20
40.8420760705
 10
38.8916666546
 20
40.9704700633
 10
39.113987323
 20
41.0988639979
  0
LWPOLYLINE
  5
13B
330
1F
100
AcDbEntity
  8
0
  6
Continuous
 62
     7
370
     0
100
AcDbPolyline
 90
        3
 70
   128
 43
0.0
 10
38.6693511084
 20
40.2070761247
 10
38.8916666546
 20
40.3354701175
 10
39.113987323
 20
40.4638639939
  0
LWPOLYLINE
  5
13C
330
1F
100
AcDbEntity
  8
0
  6
Continuous
 62
     7
370
     0
100
AcDbPolyline
 90
        3
 70
   128
 43
0.0
 10
38.6693511084
 20
39.572076179
 10
38.8916666546
 20
39.7004701718
 10
39.113987323
 20
39.8288639317
  0
LWPOLYLINE
  5
13D
330
1F
100
AcDbEntity
  8
0
  6
Continuous
 62
     7
370
     0
100
AcDbPolyline
 90
        3
 70
   128
 43
0.0
 10
38.6693511084
 20
38.9370760004
 10
38.8916666546
 20
39.0654699932
 10
39.113987323
 20
39.193863986
  0
LWPOLYLINE
  5
13E
330
1F
100
AcDbEntity
  8
0
  6
Continuous
 62
     7
370
     0
100
AcDbPolyline
 90
        3
 70
   128
 43
0.0
 10
38.6693511084
 20
38.3020760546
 10
38.8916666546
 20
38.4304700474
 10
39.113987323
 20
38.5588640402
  0
LWPOLYLINE
  5
13F
330
1F
100
AcDbEntity
  8
0
  6
Continuous
 62
     7
370
     0
100
AcDbPolyline
 90
        3
 70
   128
 43
0.0
 10
38.6693511084
 20
37.6670761089
 10
38.8916666546
 20
37.7954701017
 10
39.113987323
 20
37.9238640944
  0
LWPOLYLINE
  5
140
330
1F
100
AcDbEntity
  8
0
  6
Continuous
 62
     7
370
     0
100
AcDbPolyline
 90
        3
 70
   128
 43
0.0
 10
38.6693511084
 20
37.0320761631
 10
38.8916666546
 20
37.1604701559
 10
39.113987323
 20
37.2888641487
  0
LWPOLYLINE
  5
141
330
1F
100
AcDbEntity
  8
0
  6
Continuous
 62
     7
370
     0
100
AcDbPolyline
 90
        3
 70
   128
 43
0.0
 10
38.6693511084
 20
36.3970762174
 10
38.8916666546
 20
36.5254702101
 10
39.113987323
 20
36.6538642029
  0
LWPOLYLINE
  5
142
330
1F
100
AcDbEntity
  8
0
  6
Continuous
 62
     7
370
     0
100
AcDbPolyline
 90
        3
 70
   128
 43
0.0
 10
38.6693511084
 20
35.7620762716
 10
38.8916666546
 20
35.8904702644
 10
39.113987323
 20
36.0188637915
  0
LWPOLYLINE
  5
143
330
1F
100
AcDbEntity
  8
0
  6
Continuous
 62
     7
370
     0
100
AcDbPolyline
 90
        3
 70
   128
 43
0.0
 10
38.6693511084
 20
35.1270763258
 10
38.8916666546
 20
35.255469853
 10
39.113987323
 20
35.3838638457
  0
LWPOLYLINE
  5
144
330
1F
100
AcDbEntity
  8
0
  6
Continuous
 62
     7
370
     0
100
AcDbPolyline
 90
        3
 70
   128
 43
0.0
 10
38.6693511084
 20
34.4920759144
 10
38.8916666546
 20
34.6204699072
 10
39.113987323
 20
34.7488639
  0
LWPOLYLINE
  5
145
330
1F
100
AcDbEntity
  8
0
  6
Continuous
 62
     7
370
     0
100
AcDbPolyline
 90
        3
 70
   128
 43
0.0
 10
38.6693511084
 20
33.8570764343
 10
38.8916666546
 20
33.9854704271
 10
39.113987323
 20
34.1138639542
  0
LWPOLYLINE
  5
146
330
1F
100
AcDbEntity
  8
0
  6
Continuous
 62
     7
370
     0
100
AcDbPolyline
 90
        3
 70
   128
 43
0.0
 10
38.6693511084
 20
33.2220764886
 10
38.8916666546
 20
33.3504704813
 10
39.113987323
 20
33.4788635428
  0
LWPOLYLINE
  5
147
330
1F
100
AcDbEntity
  8
0
  6
Continuous
 62
     7
370
     0
100
AcDbPolyline
 90
        3
 70
   128
 43
0.0
 10
25.5289795735
 20
41.4163639707
 10
25.7513002419
 20
41.2879700944
 10
25.9694741965
 20
41.161968029
  0
LWPOLYLINE
  5
148
330
1F
100
AcDbEntity
  8
0
  6
Continuous
 62
     7
370
     0
100
AcDbPolyline
 90
        3
 70
   128
 43
0.0
 10
25.5289795735
 20
40.7813639668
 10
25.7513002419
 20
40.6529700904
 10
25.9694741965
 20
40.5269680832
  0
LWPOLYLINE
  5
149
330
1F
100
AcDbEntity
  8
0
  6
Continuous
 62
     7
370
     0
100
AcDbPolyline
 90
        3
 70
   128
 43
0.0
 10
25.5289795735
 20
40.146364021
 10
25.7513002419
 20
40.0179700282
 10
25.9694741965
 20
39.8919680211
  0
LWPOLYLINE
  5
14A
330
1F
100
AcDbEntity
  8
0
  6
Continuous
 62
     7
370
     0
100
AcDbPolyline
 90
        3
 70
   128
 43
0.0
 10
25.5289795735
 20
39.5113639588
 10
25.7513002419
 20
39.3829699661
 10
25.9694741965
 20
39.2569680753
  0
LWPOLYLINE
  5
14B
330
1F
100
AcDbEntity
  8
0
  6
Continuous
 62
     7
370
     0
100
AcDbPolyline
 90
        3
 70
   128
 43
0.0
 10
25.5289795735
 20
38.8763640131
 10
25.7513002419
 20
38.7479700203
 10
25.9694741965
 20
38.6219681295
  0
LWPOLYLINE
  5
14C
330
1F
100
AcDbEntity
  8
0
  6
Continuous
 62
     7
370
     0
100
AcDbPolyline
 90
        3
 70
   128
 43
0.0
 10
25.5289795735
 20
38.2413640673
 10
25.7513002419
 20
38.1129700745
 10
25.9694741965
 20
37.986967951
  0
LWPOLYLINE
  5
14D
330
1F
100
AcDbEntity
  8
0
  6
Continuous
 62
     7
370
     0
100
AcDbPolyline
 90
        3
 70
   128
 43
0.0
 10
25.5289795735
 20
37.6063641216
 10
25.7513002419
 20
37.4779701288
 10
25.9694741965
 20
37.351968238
  0
LWPOLYLINE
  5
14E
330
1F
100
AcDbEntity
  8
0
  6
Continuous
 62
     7
370
     0
100
AcDbPolyline
 90
        3
 70
   128
 43
0.0
 10
25.5289795735
 20
36.9713641758
 10
25.7513002419
 20
36.842970183
 10
25.9694741965
 20
36.7169678266
  0
LWPOLYLINE
  5
14F
330
1F
100
AcDbEntity
  8
0
  6
Continuous
 62
     7
370
     0
100
AcDbPolyline
 90
        3
 70
   128
 43
0.0
 10
25.5289795735
 20
36.3363637644
 10
25.7513002419
 20
36.2079702373
 10
25.9694741965
 20
36.0819678808
  0
LWPOLYLINE
  5
150
330
1F
100
AcDbEntity
  8
0
  6
Continuous
 62
     7
370
     0
100
AcDbPolyline
 90
        3
 70
   128
 43
0.0
 10
25.5289795735
 20
35.7013638186
 10
25.7513002419
 20
35.5729702915
 10
25.9694741965
 20
35.4469679351
  0
LWPOLYLINE
  5
151
330
1F
100
AcDbEntity
  8
0
  6
Continuous
 62
     7
370
     0
100
AcDbPolyline
 90
        3
 70
   128
 43
0.0
 10
25.5289795735
 20
35.0663638729
 10
25.7513002419
 20
34.9379698801
 10
25.9694741965
 20
34.8119679893
  0
LWPOLYLINE
  5
152
330
1F
100
AcDbEntity
  8
0
  6
Continuous
 62
     7
370
     0
100
AcDbPolyline
 90
        3
 70
   128
 43
0.0
 10
25.5289795735
 20
34.4313639271
 10
25.7513002419
 20
34.3029699343
 10
25.9694741965
 20
34.1769680436
  0
LWPOLYLINE
  5
153
330
1F
100
AcDbEntity
  8
0
  6
Continuous
 62
     7
370
     0
100
AcDbPolyline
 90
        3
 70
   128
 43
0.0
 10
25.5289795735
 20
33.7963635157
 10
25.7513002419
 20
33.6679704542
 10
25.9694741965
 20
33.5419680978
  0
LINE
  5
154
330
1F
100
AcDbEntity
  8
0
  6
Continuous
 62
     7
370
     0
100
AcDbLine
 10
25.8642175161
 20
41.8577569965
 30
0.0
 11
25.9694741965
 21
41.7969680439
 31
0.0
  0
LWPOLYLINE
  5
155
330
1F
100
AcDbEntity
  8
0
  6
Continuous
 62
     7
370
     0
100
AcDbPolyline
 90
        3
 70
   128
 43
0.0
 10
38.6693511084
 20
41.4770761036
 10
38.8916666546
 20
41.6054700673
 10
39.113987323
 20
41.7338639727
  0
LINE
  5
156
330
1F
100
AcDbEntity
  8
0
  6
Continuous
 62
     7
370
     0
100
AcDbLine
 10
25.5269832835
 20
33.2853579949
 30
0.0
 11
25.5269832835
 21
33.0948364044
 31
0.0
  0
LINE
  5
157
330
1F
100
AcDbEntity
  8
0
  6
Continuous
 62
     7
370
     0
100
AcDbLine
 10
25.5269832835
 20
33.9203579406
 30
0.0
 11
25.5269832835
 21
33.798613591
 31
0.0
  0
LINE
  5
158
330
1F
100
AcDbEntity
  8
0
  6
Continuous
 62
     7
370
     0
100
AcDbLine
 10
25.5269832835
 20
34.5553574207
 30
0.0
 11
25.5269832835
 21
34.4336140024
 31
0.0
  0
LINE
  5
159
330
1F
100
AcDbEntity
  8
0
  6
Continuous
 62
     7
370
     0
100
AcDbLine
 10
25.5269832835
 20
35.1903573665
 30
0.0
 11
25.5269832835
 21
35.0686139482
 31
0.0
  0
LINE
  5
15A
330
1F
100
AcDbEntity
  8
0
  6
Continuous
 62
     7
370
     0
100
AcDbLine
 10
25.5269832835
 20
35.8253577779
 30
0.0
 11
25.5269832835
 21
35.703613894
 31
0.0
  0
LINE
  5
15B
330
1F
100
AcDbEntity
  8
0
  6
Continuous
 62
     7
370
     0
100
AcDbLine
 10
25.5269832835
 20
36.4603577237
 30
0.0
 11
25.5269832835
 21
36.3386138397
 31
0.0
  0
LINE
  5
15C
330
1F
100
AcDbEntity
  8
0
  6
Continuous
 62
     7
370
     0
100
AcDbLine
 10
25.5269832835
 20
37.0953576694
 30
0.0
 11
25.5269832835
 21
36.9736137855
 31
0.0
  0
LINE
  5
15D
330
1F
100
AcDbEntity
  8
0
  6
Continuous
 62
     7
370
     0
100
AcDbLine
 10
25.5269832835
 20
37.7303576152
 30
0.0
 11
25.5269832835
 21
37.6086137312
 31
0.0
  0
LINE
  5
15E
330
1F
100
AcDbEntity
  8
0
  6
Continuous
 62
     7
370
     0
100
AcDbLine
 10
25.5269832835
 20
38.3653575609
 30
0.0
 11
25.5269832835
 21
38.2436139098
 31
0.0
  0
LINE
  5
15F
330
1F
100
AcDbEntity
  8
0
  6
Continuous
 62
     7
370
     0
100
AcDbLine
 10
25.5269832835
 20
39.0003575067
 30
0.0
 11
25.5269832835
 21
38.8786138556
 31
0.0
  0
LINE
  5
160
330
1F
100
AcDbEntity
  8
0
  6
Continuous
 62
     7
370
     0
100
AcDbLine
 10
25.5269832835
 20
39.6353576853
 30
0.0
 11
25.5269832835
 21
39.5136138013
 31
0.0
  0
LINE
  5
161
330
1F
100
AcDbEntity
  8
0
  6
Continuous
 62
     7
370
     0
100
AcDbLine
 10
25.5269832835
 20
40.270357631
 30
0.0
 11
25.5269832835
 21
40.1486138635
 31
0.0
  0
LINE
  5
162
330
1F
100
AcDbEntity
  8
0
  6
Continuous
 62
     7
370
     0
100
AcDbLine
 10
25.5269832835
 20
40.9053575768
 30
0.0
 11
25.5269832835
 21
40.7836139257
 31
0.0
  0
LINE
  5
163
330
1F
100
AcDbEntity
  8
0
  6
Continuous
 62
     7
370
     0
100
AcDbLine
 10
25.5269832835
 20
41.5403575808
 30
0.0
 11
25.5269832835
 21
41.4186138715
 31
0.0
  0
LINE
  5
164
330
1F
100
AcDbEntity
  8
0
  6
Continuous
 62
     7
370
     0
100
AcDbLine
 10
39.1159836129
 20
41.7360821503
 30
0.0
 11
39.1159836129
 21
41.8578617735
 31
0.0
  0
LINE
  5
165
330
1F
100
AcDbEntity
  8
0
  6
Continuous
 62
     7
370
     0
100
AcDbLine
 10
39.1159836129
 20
41.1010821754
 30
0.0
 11
39.1159836129
 21
41.2228367695
 31
0.0
  0
LINE
  5
166
330
1F
100
AcDbEntity
  8
0
  6
Continuous
 62
     7
370
     0
100
AcDbLine
 10
39.1159836129
 20
40.4660821714
 30
0.0
 11
39.1159836129
 21
40.5878367656
 31
0.0
  0
LINE
  5
167
330
1F
100
AcDbEntity
  8
0
  6
Continuous
 62
     7
370
     0
100
AcDbLine
 10
39.1159836129
 20
39.8310821093
 30
0.0
 11
39.1159836129
 21
39.9528368198
 31
0.0
  0
LINE
  5
168
330
1F
100
AcDbEntity
  8
0
  6
Continuous
 62
     7
370
     0
100
AcDbLine
 10
39.1159836129
 20
39.1960821635
 30
0.0
 11
39.1159836129
 21
39.3178367576
 31
0.0
  0
LINE
  5
169
330
1F
100
AcDbEntity
  8
0
  6
Continuous
 62
     7
370
     0
100
AcDbLine
 10
39.1159836129
 20
38.5610822177
 30
0.0
 11
39.1159836129
 21
38.6828368119
 31
0.0
  0
LINE
  5
16A
330
1F
100
AcDbEntity
  8
0
  6
Continuous
 62
     7
370
     0
100
AcDbLine
 10
39.1159836129
 20
37.9260820391
 30
0.0
 11
39.1159836129
 21
38.0478368661
 31
0.0
  0
LINE
  5
16B
330
1F
100
AcDbEntity
  8
0
  6
Continuous
 62
     7
370
     0
100
AcDbLine
 10
39.1159836129
 20
37.2910820934
 30
0.0
 11
39.1159836129
 21
37.4128366875
 31
0.0
  0
LINE
  5
16C
330
1F
100
AcDbEntity
  8
0
  6
Continuous
 62
     7
370
     0
100
AcDbLine
 10
39.1159836129
 20
36.6560821476
 30
0.0
 11
39.1159836129
 21
36.7778367418
 31
0.0
  0
LINE
  5
16D
330
1F
100
AcDbEntity
  8
0
  6
Continuous
 62
     7
370
     0
100
AcDbLine
 10
39.1159836129
 20
36.0210822019
 30
0.0
 11
39.1159836129
 21
36.142836796
 31
0.0
  0
LINE
  5
16E
330
1F
100
AcDbEntity
  8
0
  6
Continuous
 62
     7
370
     0
100
AcDbLine
 10
39.1159836129
 20
35.3860822561
 30
0.0
 11
39.1159836129
 21
35.5078368503
 31
0.0
  0
LINE
  5
16F
330
1F
100
AcDbEntity
  8
0
  6
Continuous
 62
     7
370
     0
100
AcDbLine
 10
39.1159836129
 20
34.7510823103
 30
0.0
 11
39.1159836129
 21
34.8728369045
 31
0.0
  0
LINE
  5
170
330
1F
100
AcDbEntity
  8
0
  6
Continuous
 62
     7
370
     0
100
AcDbLine
 10
39.1159836129
 20
34.1160823646
 30
0.0
 11
39.1159836129
 21
34.2378369587
 31
0.0
  0
LINE
  5
171
330
1F
100
AcDbEntity
  8
0
  6
Continuous
 62
     7
370
     0
100
AcDbLine
 10
39.1159836129
 20
33.4810819532
 30
0.0
 11
39.1159836129
 21
33.6028365473
 31
0.0
  0
LWPOLYLINE
  5
172
330
1F
100
AcDbEntity
  8
0
  6
Continuous
 62
     7
370
     0
100
AcDbPolyline
 90
        3
 70
   128
 43
0.0
 10
39.1082629488
 20
41.2272649174
 10
38.8859976941
 20
41.3556607728
 10
38.672590714
 20
41.4789470724
  0
LWPOLYLINE
  5
173
330
1F
100
AcDbEntity
  8
0
  6
Continuous
 62
     7
370
     0
100
AcDbPolyline
 90
        3
 70
   128
 43
0.0
 10
39.1082629488
 20
40.5922648552
 10
38.8859976941
 20
40.7206607106
 10
38.672590714
 20
40.8439470976
  0
LWPOLYLINE
  5
174
330
1F
100
AcDbEntity
  8
0
  6
Continuous
 62
     7
370
     0
100
AcDbPolyline
 90
        3
 70
   128
 43
0.0
 10
39.1082629488
 20
39.9572649094
 10
38.8859976941
 20
40.0856607648
 10
38.672590714
 20
40.2089470354
  0
LWPOLYLINE
  5
175
330
1F
100
AcDbEntity
  8
0
  6
Continuous
 62
     7
370
     0
100
AcDbPolyline
 90
        3
 70
   128
 43
0.0
 10
39.1082629488
 20
39.3222649637
 10
38.8859976941
 20
39.4506608191
 10
38.672590714
 20
39.5739469732
  0
LWPOLYLINE
  5
176
330
1F
100
AcDbEntity
  8
0
  6
Continuous
 62
     7
370
     0
100
AcDbPolyline
 90
        3
 70
   128
 43
0.0
 10
39.1082629488
 20
38.6872650179
 10
38.8859976941
 20
38.8156606405
 10
38.672590714
 20
38.9389470274
  0
LWPOLYLINE
  5
177
330
1F
100
AcDbEntity
  8
0
  6
Continuous
 62
     7
370
     0
100
AcDbPolyline
 90
        3
 70
   128
 43
0.0
 10
39.1082629488
 20
38.0522648393
 10
38.8859976941
 20
38.1806606947
 10
38.672590714
 20
38.3039470817
  0
LWPOLYLINE
  5
178
330
1F
100
AcDbEntity
  8
0
  6
Continuous
 62
     7
370
     0
100
AcDbPolyline
 90
        3
 70
   128
 43
0.0
 10
39.1082629488
 20
37.4172651264
 10
38.8859976941
 20
37.5456609818
 10
38.672590714
 20
37.6689471359
  0
LWPOLYLINE
  5
179
330
1F
100
AcDbEntity
  8
0
  6
Continuous
 62
     7
370
     0
100
AcDbPolyline
 90
        3
 70
   128
 43
0.0
 10
39.1082629488
 20
36.782264715
 10
38.8859976941
 20
36.9106605704
 10
38.672590714
 20
37.0339471902
  0
LWPOLYLINE
  5
17A
330
1F
100
AcDbEntity
  8
0
  6
Continuous
 62
     7
370
     0
100
AcDbPolyline
 90
        3
 70
   128
 43
0.0
 10
39.1082629488
 20
36.1472647692
 10
38.8859976941
 20
36.2756606246
 10
38.672590714
 20
36.3989472444
  0
LWPOLYLINE
  5
17B
330
1F
100
AcDbEntity
  8
0
  6
Continuous
 62
     7
370
     0
100
AcDbPolyline
 90
        3
 70
   128
 43
0.0
 10
39.1082629488
 20
35.5122648234
 10
38.8859976941
 20
35.6406606789
 10
38.672590714
 20
35.7639472986
  0
LWPOLYLINE
  5
17C
330
1F
100
AcDbEntity
  8
0
  6
Continuous
 62
     7
370
     0
100
AcDbPolyline
 90
        3
 70
   128
 43
0.0
 10
39.1082629488
 20
34.8772648777
 10
38.8859976941
 20
35.0056607331
 10
38.672590714
 20
35.1289468872
  0
LWPOLYLINE
  5
17D
330
1F
100
AcDbEntity
  8
0
  6
Continuous
 62
     7
370
     0
100
AcDbPolyline
 90
        3
 70
   128
 43
0.0
 10
39.1082629488
 20
34.2422649319
 10
38.8859976941
 20
34.3706607873
 10
38.672590714
 20
34.4939469415
  0
LWPOLYLINE
  5
17E
330
1F
100
AcDbEntity
  8
0
  6
Continuous
 62
     7
370
     0
100
AcDbPolyline
 90
        3
 70
   128
 43
0.0
 10
39.1082629488
 20
33.6072649862
 10
38.8859976941
 20
33.7356608416
 10
38.672590714
 20
33.8589474614
  0
LWPOLYLINE
  5
17F
330
1F
100
AcDbEntity
  8
0
  6
Continuous
 62
     7
370
     0
100
AcDbPolyline
 90
        3
 70
   128
 43
0.0
 10
38.8935395443
 20
33.0963041688
 10
38.8859976941
 20
33.1006608958
 10
38.672590714
 20
33.2239475156
  0
LWPOLYLINE
  5
180
330
1F
100
AcDbEntity
  8
0
  6
Continuous
 62
     7
370
     0
100
AcDbPolyline
 90
        3
 70
   128
 43
0.0
 10
25.9737145082
 20
41.1644169999
 10
25.7513947711
 20
41.0360206788
 10
25.5290699118
 20
40.9076243577
  0
LWPOLYLINE
  5
181
330
1F
100
AcDbEntity
  8
0
  6
Continuous
 62
     7
370
     0
100
AcDbPolyline
 90
        3
 70
   128
 43
0.0
 10
25.9737145082
 20
40.529416996
 10
25.7513947711
 20
40.4010206749
 10
25.5290699118
 20
40.2726243538
  0
LWPOLYLINE
  5
182
330
1F
100
AcDbEntity
  8
0
  6
Continuous
 62
     7
370
     0
100
AcDbPolyline
 90
        3
 70
   128
 43
0.0
 10
25.9737145082
 20
39.8944169338
 10
25.7513947711
 20
39.7660206127
 10
25.5290699118
 20
39.6376242916
  0
LWPOLYLINE
  5
183
330
1F
100
AcDbEntity
  8
0
  6
Continuous
 62
     7
370
     0
100
AcDbPolyline
 90
        3
 70
   128
 43
0.0
 10
25.9737145082
 20
39.259416988
 10
25.7513947711
 20
39.1310206669
 10
25.5290699118
 20
39.0026243458
  0
LWPOLYLINE
  5
184
330
1F
100
AcDbEntity
  8
0
  6
Continuous
 62
     7
370
     0
100
AcDbPolyline
 90
        3
 70
   128
 43
0.0
 10
25.9737145082
 20
38.6244170423
 10
25.7513947711
 20
38.4960207212
 10
25.5290699118
 20
38.3676244001
  0
LWPOLYLINE
  5
185
330
1F
100
AcDbEntity
  8
0
  6
Continuous
 62
     7
370
     0
100
AcDbPolyline
 90
        3
 70
   128
 43
0.0
 10
25.9737145082
 20
37.9894170965
 10
25.7513947711
 20
37.8610207754
 10
25.5290699118
 20
37.7326244543
  0
LWPOLYLINE
  5
186
330
1F
100
AcDbEntity
  8
0
  6
Continuous
 62
     7
370
     0
100
AcDbPolyline
 90
        3
 70
   128
 43
0.0
 10
25.9737145082
 20
37.3544171507
 10
25.7513947711
 20
37.2260208296
 10
25.5290699118
 20
37.0976245086
  0
LWPOLYLINE
  5
187
330
1F
100
AcDbEntity
  8
0
  6
Continuous
 62
     7
370
     0
100
AcDbPolyline
 90
        3
 70
   128
 43
0.0
 10
25.9737145082
 20
36.719417205
 10
25.7513947711
 20
36.5910208839
 10
25.5290699118
 20
36.4626245628
  0
LWPOLYLINE
  5
188
330
1F
100
AcDbEntity
  8
0
  6
Continuous
 62
     7
370
     0
100
AcDbPolyline
 90
        3
 70
   128
 43
0.0
 10
25.9737145082
 20
36.0844167936
 10
25.7513947711
 20
35.9560204725
 10
25.5290699118
 20
35.8276241514
  0
LWPOLYLINE
  5
189
330
1F
100
AcDbEntity
  8
0
  6
Continuous
 62
     7
370
     0
100
AcDbPolyline
 90
        3
 70
   128
 43
0.0
 10
25.9737145082
 20
35.4494168478
 10
25.7513947711
 20
35.3210205267
 10
25.5290699118
 20
35.1926242056
  0
LWPOLYLINE
  5
18A
330
1F
100
AcDbEntity
  8
0
  6
Continuous
 62
     7
370
     0
100
AcDbPolyline
 90
        3
 70
   128
 43
0.0
 10
25.9737145082
 20
34.814416902
 10
25.7513947711
 20
34.6860205809
 10
25.5290699118
 20
34.5576242599
  0
LWPOLYLINE
  5
18B
330
1F
100
AcDbEntity
  8
0
  6
Continuous
 62
     7
370
     0
100
AcDbPolyline
 90
        3
 70
   128
 43
0.0
 10
25.9737145082
 20
34.1794169563
 10
25.7513947711
 20
34.0510206352
 10
25.5290699118
 20
33.9226247798
  0
LWPOLYLINE
  5
18C
330
1F
100
AcDbEntity
  8
0
  6
Continuous
 62
     7
370
     0
100
AcDbPolyline
 90
        3
 70
   128
 43
0.0
 10
25.9737145082
 20
33.5444174762
 10
25.7513947711
 20
33.4160206894
 10
25.5290699118
 20
33.2876239027
  0
LWPOLYLINE
  5
18D
330
1F
100
AcDbEntity
  8
0
  6
Continuous
 62
     7
370
     0
100
AcDbPolyline
 90
        3
 70
   128
 43
0.0
 10
25.9737145082
 20
41.7994170148
 10
25.7513947711
 20
41.6710206537
 10
25.5290699118
 20
41.5426243617
  0
LINE
  5
18E
330
1F
100
AcDbEntity
  8
0
  6
Continuous
 62
     7
370
     0
100
AcDbLine
 10
26.7334832736
 20
33.0948364044
 30
0.0
 11
26.7334832736
 21
28.0148368384
 31
0.0
  0
LINE
  5
18F
330
1F
100
AcDbEntity
  8
0
  6
Continuous
 62
     7
370
     0
100
AcDbLine
 10
37.9094836228
 20
28.0148368384
 30
0.0
 11
37.9094836228
 21
33.0948364044
 31
0.0
  0
LINE
  5
190
330
1F
100
AcDbEntity
  8
0
  6
Continuous
 62
     7
370
     0
100
AcDbLine
 10
38.2904834972
 20
41.8578367735
 30
0.0
 11
37.7824833543
 21
42.3658368
 31
0.0
  0
LINE
  5
191
330
1F
100
AcDbEntity
  8
0
  6
Continuous
 62
     7
370
     0
100
AcDbLine
 10
26.8604835422
 20
42.3658368
 30
0.0
 11
26.3524833993
 21
41.8578367735
 31
0.0
  0
LINE
  5
192
330
1F
100
AcDbEntity
  8
0
  6
Continuous
 62
     7
370
     0
100
AcDbLine
 10
37.9094836228
 20
27.1258363555
 30
0.0
 11
37.9094836228
 21
28.0148368384
 31
0.0
  0
LINE
  5
193
330
1F
100
AcDbEntity
  8
0
  6
Continuous
 62
     7
370
     0
100
AcDbLine
 10
26.7334832736
 20
28.0148368384
 30
0.0
 11
26.7334832736
 21
27.1258363555
 31
0.0
  0
LINE
  5
194
330
1F
100
AcDbEntity
  8
0
  6
Continuous
 62
     7
370
     0
100
AcDbLine
 10
29.4986763895
 20
19.362404948
 30
0.0
 11
29.5714834631
 21
19.275637349
 31
0.0
  0
LINE
  5
195
330
1F
100
AcDbEntity
  8
0
  6
Continuous
 62
     7
370
     0
100
AcDbLine
 10
35.0714834333
 20
19.275637349
 30
0.0
 11
35.2910539062
 21
19.5373110528
 31
0.0
  0
LWPOLYLINE
  5
196
330
1F
100
AcDbEntity
  8
0
  6
Continuous
 62
     7
370
     0
100
AcDbPolyline
 90
        3
 70
   128
 43
0.0
 10
29.5733179358
 20
20.1548971291
 10
29.4263922536
 20
19.979693001
 10
29.279457491
 20
19.804488873
  0
LWPOLYLINE
  5
197
330
1F
100
AcDbEntity
  8
0
  6
Continuous
 62
     7
370
     0
100
AcDbPolyline
 90
        3
 70
   128
 43
0.0
 10
29.5733179358
 20
20.8548978026
 10
29.4263922536
 20
20.6796936746
 10
29.279457491
 20
20.5044876839
  0
LWPOLYLINE
  5
198
330
1F
100
AcDbEntity
  8
0
  6
Continuous
 62
     7
370
     0
100
AcDbPolyline
 90
        3
 70
   128
 43
0.0
 10
29.5733179358
 20
21.5548966135
 10
29.4263922536
 20
21.3796924855
 10
29.279457491
 20
21.2044883574
  0
LWPOLYLINE
  5
199
330
1F
100
AcDbEntity
  8
0
  6
Continuous
 62
     7
370
     0
100
AcDbPolyline
 90
        3
 70
   128
 43
0.0
 10
29.5733179358
 20
22.254897287
 10
29.4263922536
 20
22.079693159
 10
29.279457491
 20
21.9044871683
  0
LWPOLYLINE
  5
19A
330
1F
100
AcDbEntity
  8
0
  6
Continuous
 62
     7
370
     0
100
AcDbPolyline
 90
        3
 70
   128
 43
0.0
 10
29.5733179358
 20
22.9548979605
 10
29.4263922536
 20
22.7796919699
 10
29.279457491
 20
22.6044878418
  0
LWPOLYLINE
  5
19B
330
1F
100
AcDbEntity
  8
0
  6
Continuous
 62
     7
370
     0
100
AcDbPolyline
 90
        3
 70
   128
 43
0.0
 10
29.5733179358
 20
23.6548967714
 10
29.4263922536
 20
23.4796926434
 10
29.279457491
 20
23.3044885154
  0
LWPOLYLINE
  5
19C
330
1F
100
AcDbEntity
  8
0
  6
Continuous
 62
     7
370
     0
100
AcDbPolyline
 90
        3
 70
   128
 43
0.0
 10
29.5733179358
 20
24.354897445
 10
29.4263922536
 20
24.1796933169
 10
29.279457491
 20
24.0044873263
  0
LWPOLYLINE
  5
19D
330
1F
100
AcDbEntity
  8
0
  6
Continuous
 62
     7
370
     0
100
AcDbPolyline
 90
        3
 70
   128
 43
0.0
 10
29.5733179358
 20
25.0548981185
 10
29.4263922536
 20
24.8796921278
 10
29.279457491
 20
24.7044879998
  0
LWPOLYLINE
  5
19E
330
1F
100
AcDbEntity
  8
0
  6
Continuous
 62
     7
370
     0
100
AcDbPolyline
 90
        3
 70
   128
 43
0.0
 10
35.3635094055
 20
20.1544873471
 10
35.2165746429
 20
20.3296933378
 10
35.0732219797
 20
20.5006375964
  0
LWPOLYLINE
  5
19F
330
1F
100
AcDbEntity
  8
0
  6
Continuous
 62
     7
370
     0
100
AcDbPolyline
 90
        3
 70
   128
 43
0.0
 10
35.3635094055
 20
20.8544880207
 10
35.2165746429
 20
21.0296921487
 10
35.0732219797
 20
21.2006364073
  0
LWPOLYLINE
  5
1A0
330
1F
100
AcDbEntity
  8
0
  6
Continuous
 62
     7
370
     0
100
AcDbPolyline
 90
        3
 70
   128
 43
0.0
 10
35.3635094055
 20
21.5544886942
 10
35.2165746429
 20
21.7296928222
 10
35.0732219797
 20
21.9006370808
  0
LWPOLYLINE
  5
1A1
330
1F
100
AcDbEntity
  8
0
  6
Continuous
 62
     7
370
     0
100
AcDbPolyline
 90
        3
 70
   128
 43
0.0
 10
35.3635094055
 20
22.2544875051
 10
35.2165746429
 20
22.4296934958
 10
35.0732219797
 20
22.6006358917
  0
LWPOLYLINE
  5
1A2
330
1F
100
AcDbEntity
  8
0
  6
Continuous
 62
     7
370
     0
100
AcDbPolyline
 90
        3
 70
   128
 43
0.0
 10
35.3635094055
 20
22.9544881786
 10
35.2165746429
 20
23.1296923066
 10
35.0732219797
 20
23.3006365652
  0
LWPOLYLINE
  5
1A3
330
1F
100
AcDbEntity
  8
0
  6
Continuous
 62
     7
370
     0
100
AcDbPolyline
 90
        3
 70
   128
 43
0.0
 10
35.3635094055
 20
23.6544888521
 10
35.2165746429
 20
23.8296929802
 10
35.0732219797
 20
24.0006372387
  0
LWPOLYLINE
  5
1A4
330
1F
100
AcDbEntity
  8
0
  6
Continuous
 62
     7
370
     0
100
AcDbPolyline
 90
        3
 70
   128
 43
0.0
 10
35.3635094055
 20
24.354487663
 10
35.2165746429
 20
24.5296936537
 10
35.0732219797
 20
24.7006360496
  0
LINE
  5
1A5
330
1F
100
AcDbEntity
  8
0
  6
Continuous
 62
     7
370
     0
100
AcDbLine
 10
35.3635094055
 20
25.0544883366
 30
0.0
 11
35.3036730942
 21
25.125836959
 31
0.0
  0
LWPOLYLINE
  5
1A6
330
1F
100
AcDbEntity
  8
0
  6
Continuous
 62
     7
370
     0
100
AcDbPolyline
 90
        3
 70
   128
 43
0.0
 10
35.2906336468
 20
19.5413846577
 10
35.2165746429
 20
19.6296926643
 10
35.0732219797
 20
19.8006369228
  0
LINE
  5
1A7
330
1F
100
AcDbEntity
  8
0
  6
Continuous
 62
     7
370
     0
100
AcDbLine
 10
29.5733179358
 20
19.4548983182
 30
0.0
 11
29.4992046823
 21
19.3665195311
 31
0.0
  0
LWPOLYLINE
  5
1A8
330
1F
100
AcDbEntity
  8
0
  6
Continuous
 62
     7
370
     0
100
AcDbPolyline
 90
        3
 70
   128
 43
0.0
 10
29.279457491
 20
20.4967856462
 10
29.4263922536
 20
20.3215815182
 10
29.5697449167
 20
20.1506372596
  0
LWPOLYLINE
  5
1A9
330
1F
100
AcDbEntity
  8
0
  6
Continuous
 62
     7
370
     0
100
AcDbPolyline
 90
        3
 70
   128
 43
0.0
 10
29.279457491
 20
21.1967863197
 10
29.4263922536
 20
21.0215803291
 10
29.5697449167
 20
20.8506360705
  0
LWPOLYLINE
  5
1AA
330
1F
100
AcDbEntity
  8
0
  6
Continuous
 62
     7
370
     0
100
AcDbPolyline
 90
        3
 70
   128
 43
0.0
 10
29.279457491
 20
21.8967851306
 10
29.4263922536
 20
21.7215810026
 10
29.5697449167
 20
21.550636744
  0
LWPOLYLINE
  5
1AB
330
1F
100
AcDbEntity
  8
0
  6
Continuous
 62
     7
370
     0
100
AcDbPolyline
 90
        3
 70
   128
 43
0.0
 10
29.279457491
 20
22.5967858042
 10
29.4263922536
 20
22.4215816761
 10
29.5697449167
 20
22.2506374176
  0
LWPOLYLINE
  5
1AC
330
1F
100
AcDbEntity
  8
0
  6
Continuous
 62
     7
370
     0
100
AcDbPolyline
 90
        3
 70
   128
 43
0.0
 10
29.279457491
 20
23.296784615
 10
29.4263922536
 20
23.121580487
 10
29.5697449167
 20
22.9506362284
  0
LWPOLYLINE
  5
1AD
330
1F
100
AcDbEntity
  8
0
  6
Continuous
 62
     7
370
     0
100
AcDbPolyline
 90
        3
 70
   128
 43
0.0
 10
29.279457491
 20
23.9967852886
 10
29.4263922536
 20
23.8215811605
 10
29.5697449167
 20
23.650636902
  0
LWPOLYLINE
  5
1AE
330
1F
100
AcDbEntity
  8
0
  6
Continuous
 62
     7
370
     0
100
AcDbPolyline
 90
        3
 70
   128
 43
0.0
 10
29.279457491
 20
24.6967859621
 10
29.4263922536
 20
24.5215799714
 10
29.5697449167
 20
24.3506375755
  0
LINE
  5
1AF
330
1F
100
AcDbEntity
  8
0
  6
Continuous
 62
     7
370
     0
100
AcDbLine
 10
29.506682504
 20
25.125836959
 30
0.0
 11
29.5697449167
 21
25.0506363864
 31
0.0
  0
LWPOLYLINE
  5
1B0
330
1F
100
AcDbEntity
  8
0
  6
Continuous
 62
     7
370
     0
100
AcDbPolyline
 90
        3
 70
   128
 43
0.0
 10
35.0696489607
 20
20.4963758643
 10
35.2165746429
 20
20.6715799923
 10
35.3635094055
 20
20.846785983
  0
LWPOLYLINE
  5
1B1
330
1F
100
AcDbEntity
  8
0
  6
Continuous
 62
     7
370
     0
100
AcDbPolyline
 90
        3
 70
   128
 43
0.0
 10
35.0696489607
 20
21.1963765378
 10
35.2165746429
 20
21.3715806658
 10
35.3635094055
 20
21.5467847939
  0
LWPOLYLINE
  5
1B2
330
1F
100
AcDbEntity
  8
0
  6
Continuous
 62
     7
370
     0
100
AcDbPolyline
 90
        3
 70
   128
 43
0.0
 10
35.0696489607
 20
21.8963753487
 10
35.2165746429
 20
22.0715813394
 10
35.3635094055
 20
22.2467854674
  0
LWPOLYLINE
  5
1B3
330
1F
100
AcDbEntity
  8
0
  6
Continuous
 62
     7
370
     0
100
AcDbPolyline
 90
        3
 70
   128
 43
0.0
 10
35.0696489607
 20
22.5963760222
 10
35.2165746429
 20
22.7715801502
 10
35.3635094055
 20
22.9467861409
  0
LWPOLYLINE
  5
1B4
330
1F
100
AcDbEntity
  8
0
  6
Continuous
 62
     7
370
     0
100
AcDbPolyline
 90
        3
 70
   128
 43
0.0
 10
35.0696489607
 20
23.2963766958
 10
35.2165746429
 20
23.4715808238
 10
35.3635094055
 20
23.6467849518
  0
LWPOLYLINE
  5
1B5
330
1F
100
AcDbEntity
  8
0
  6
Continuous
 62
     7
370
     0
100
AcDbPolyline
 90
        3
 70
   128
 43
0.0
 10
35.0696489607
 20
23.9963755066
 10
35.2165746429
 20
24.1715814973
 10
35.3635094055
 20
24.3467856253
  0
LWPOLYLINE
  5
1B6
330
1F
100
AcDbEntity
  8
0
  6
Continuous
 62
     7
370
     0
100
AcDbPolyline
 90
        3
 70
   128
 43
0.0
 10
35.0696489607
 20
24.6963761802
 10
35.2165746429
 20
24.8715803082
 10
35.3635094055
 20
25.0467862989
  0
LWPOLYLINE
  5
1B7
330
1F
100
AcDbEntity
  8
0
  6
Continuous
 62
     7
370
     0
100
AcDbPolyline
 90
        3
 70
   128
 43
0.0
 10
35.0696489607
 20
19.7963770534
 10
35.2165746429
 20
19.9715811814
 10
35.3635094055
 20
20.1467853094
  0
LWPOLYLINE
  5
1B8
330
1F
100
AcDbEntity
  8
0
  6
Continuous
 62
     7
370
     0
100
AcDbPolyline
 90
        3
 70
   128
 43
0.0
 10
29.279457491
 20
19.7967849727
 10
29.4263922536
 20
19.6215808446
 10
29.5697449167
 20
19.4506365861
  0
LINE
  5
1B9
330
1F
100
AcDbEntity
  8
0
  6
Continuous
 62
     7
370
     0
100
AcDbLine
 10
34.9614835271
 20
18.745636573
 30
0.0
 11
34.9614835271
 21
19.275637349
 31
0.0
  0
LINE
  5
1BA
330
1F
100
AcDbEntity
  8
0
  6
Continuous
 62
     7
370
     0
100
AcDbLine
 10
29.6814833694
 20
19.275637349
 30
0.0
 11
29.6814833694
 21
18.745636573
 31
0.0
  0
ARC
  5
1BB
330
1F
100
AcDbEntity
  8
0
  6
Continuous
 62
     7
370
     0
100
AcDbCircle
 10
34.8614834482
 20
18.7456367735
 30
0.0
 40
0.1000000000000014
100
AcDbArc
 50
270.0000000002
 51
0.0
  0
ARC
  5
1BC
330
1F
100
AcDbEntity
  8
0
  6
Continuous
 62
     7
370
     0
100
AcDbCircle
 10
29.7814834482
 20
18.7456367735
 30
0.0
 40
0.1000000000000014
100
AcDbArc
 50
180.0
 51
269.9999999998
  0
LINE
  5
1BD
330
1F
100
AcDbEntity
  8
0
  6
Continuous
 62
     7
370
     0
100
AcDbLine
 10
34.0685518152
 20
33.0948364044
 30
0.0
 11
32.3214834482
 21
33.0948364044
 31
0.0
  0
ARC
  5
1BE
330
1F
100
AcDbEntity
  8
0
  6
Continuous
 62
     7
370
     0
100
AcDbCircle
 10
32.1718325409
 20
185.026209959
 30
0.0
 40
151.7039327129966
100
AcDbArc
 50
270.0565203988
 51
272.6218557186
  0
LWPOLYLINE
  5
1BF
330
1F
100
AcDbEntity
  8
0
  6
Continuous
 62
     7
370
     0
100
AcDbPolyline
 90
       35
 70
   128
 43
0.0
 10
25.5333097578
 20
33.798613591
 10
25.5382336602
 20
33.8039612452
 10
25.6024073736
 20
33.8128069471
 10
25.7255277523
 20
33.8221425245
 10
25.908693757
 20
33.8318618069
 10
26.1514164434
 20
33.8418455849
 10
26.4515486472
 20
33.8519606794
 10
26.8053315506
 20
33.862070186
 10
27.2075464875
 20
33.8720362688
 10
27.6517668665
 20
33.8817266802
 10
28.1306859963
 20
33.8910231422
 10
28.6364789047
 20
33.8998222778
 10
29.1637578905
 20
33.9081650655
 10
29.7250308488
 20
33.9169083218
 10
30.3188244273
 20
33.9261572863
 10
30.9696960888
 20
33.9362956638
 10
31.6404845492
 20
33.9467432405
 10
32.3214834482
 20
33.9573510046
 10
32.9707101612
 20
33.9674633051
 10
33.6110859337
 20
33.9774387012
 10
34.2341574999
 20
33.9871440138
 10
34.8322301564
 20
33.9964591022
 10
35.3986600806
 20
34.0052824522
 10
35.9300718103
 20
34.0136298965
 10
36.4391539172
 20
34.0223480071
 10
36.9225373418
 20
34.0315764825
 10
37.3723535725
 20
34.0412166024
 10
37.7811953352
 20
34.0511491577
 10
38.1424842329
 20
34.0612460914
 10
38.4508060218
 20
34.0713695678
 10
38.7021737099
 20
34.0813808198
 10
38.8941975237
 20
34.0911475996
 10
39.0261445121
 20
34.1005460414
 10
39.0988887214
 20
34.10947044
 10
39.1113842764
 20
34.1160823646
  0
LWPOLYLINE
  5
1C0
330
1F
100
AcDbEntity
  8
0
  6
Continuous
 62
     7
370
     0
100
AcDbPolyline
 90
       35
 70
   128
 43
0.0
 10
25.5333097578
 20
34.4336140024
 10
25.5382336602
 20
34.4389607253
 10
25.6024073736
 20
34.4478073585
 10
25.7255277523
 20
34.4571424703
 10
25.908693757
 20
34.4668617527
 10
26.1514164434
 20
34.4768455307
 10
26.4515486472
 20
34.4869610908
 10
26.8053315506
 20
34.4970701317
 10
27.2075464875
 20
34.5070357489
 10
27.6517668665
 20
34.516726626
 10
28.1306859963
 20
34.5260226223
 10
28.6364789047
 20
34.5348222236
 10
29.1637578905
 20
34.5431654769
 10
29.7250308488
 20
34.5519078019
 10
30.3188244273
 20
34.561157232
 10
30.9696960888
 20
34.5712951439
 10
31.6404845492
 20
34.5817436519
 10
32.3214834482
 20
34.5923509504
 10
32.9707101612
 20
34.6024637165
 10
33.6110859337
 20
34.612438647
 10
34.2341574999
 20
34.6221434939
 10
34.8322301564
 20
34.6314595136
 10
35.3986600806
 20
34.640282398
 10
35.9300718103
 20
34.6486293766
 10
36.4391539172
 20
34.6573479528
 10
36.9225373418
 20
34.6665768939
 10
37.3723535725
 20
34.6762165482
 10
37.7811953352
 20
34.6861495691
 10
38.1424842329
 20
34.6962460372
 10
38.4508060218
 20
34.7063695135
 10
38.7021737099
 20
34.7163807656
 10
38.8941975237
 20
34.7261475454
 10
39.0261445121
 20
34.7355459872
 10
39.0988887214
 20
34.7444703857
 10
39.1113842764
 20
34.7510823103
  0
LWPOLYLINE
  5
1C1
330
1F
100
AcDbEntity
  8
0
  6
Continuous
 62
     7
370
     0
100
AcDbPolyline
 90
       35
 70
   128
 43
0.0
 10
25.5333097578
 20
35.0686139482
 10
25.5382336602
 20
35.0739611368
 10
25.6024073736
 20
35.0828073042
 10
25.7255277523
 20
35.0921424161
 10
25.908693757
 20
35.1018616984
 10
26.1514164434
 20
35.1118454764
 10
26.4515486472
 20
35.1219610366
 10
26.8053315506
 20
35.1320705431
 10
27.2075464875
 20
35.1420356947
 10
27.6517668665
 20
35.1517265717
 10
28.1306859963
 20
35.161022568
 10
28.6364789047
 20
35.1698221694
 10
29.1637578905
 20
35.1781654226
 10
29.7250308488
 20
35.1869077477
 10
30.3188244273
 20
35.1961571778
 10
30.9696960888
 20
35.2062950897
 10
31.6404845492
 20
35.2167435977
 10
32.3214834482
 20
35.2273513618
 10
32.9707101612
 20
35.2374636623
 10
33.6110859337
 20
35.2474385927
 10
34.2341574999
 20
35.2571434396
 10
34.8322301564
 20
35.2664594593
 10
35.3986600806
 20
35.2752823437
 10
35.9300718103
 20
35.2836293223
 10
36.4391539172
 20
35.2923478986
 10
36.9225373418
 20
35.3015768397
 10
37.3723535725
 20
35.311216494
 10
37.7811953352
 20
35.3211495149
 10
38.1424842329
 20
35.3312459829
 10
38.4508060218
 20
35.3413694593
 10
38.7021737099
 20
35.351381177
 10
38.8941975237
 20
35.3611474912
 10
39.0261445121
 20
35.3705463986
 10
39.0988887214
 20
35.3794703315
 10
39.1113842764
 20
35.3860822561
  0
LWPOLYLINE
  5
1C2
330
1F
100
AcDbEntity
  8
0
  6
Continuous
 62
     7
370
     0
100
AcDbPolyline
 90
       35
 70
   128
 43
0.0
 10
25.5333097578
 20
35.703613894
 10
25.5382336602
 20
35.7089610825
 10
25.6024073736
 20
35.71780725
 10
25.7255277523
 20
35.7271423618
 10
25.908693757
 20
35.7368621099
 10
26.1514164434
 20
35.7468454222
 10
26.4515486472
 20
35.7569609824
 10
26.8053315506
 20
35.7670704889
 10
27.2075464875
 20
35.7770361061
 10
27.6517668665
 20
35.7867265175
 10
28.1306859963
 20
35.7960225138
 10
28.6364789047
 20
35.8048221151
 10
29.1637578905
 20
35.8131653684
 10
29.7250308488
 20
35.8219081591
 10
30.3188244273
 20
35.8311571236
 10
30.9696960888
 20
35.8412955011
 10
31.6404845492
 20
35.8517435434
 10
32.3214834482
 20
35.8623513075
 10
32.9707101612
 20
35.8724636081
 10
33.6110859337
 20
35.8824385385
 10
34.2341574999
 20
35.8921433854
 10
34.8322301564
 20
35.9014594051
 10
35.3986600806
 20
35.9102822895
 10
35.9300718103
 20
35.9186292681
 10
36.4391539172
 20
35.9273478444
 10
36.9225373418
 20
35.9365767854
 10
37.3723535725
 20
35.9462164397
 10
37.7811953352
 20
35.9561494606
 10
38.1424842329
 20
35.9662459287
 10
38.4508060218
 20
35.9763694051
 10
38.7021737099
 20
35.9863811227
 10
38.8941975237
 20
35.9961474369
 10
39.0261445121
 20
36.0055463443
 10
39.0988887214
 20
36.0144702773
 10
39.1113842764
 20
36.0210822019
  0
LWPOLYLINE
  5
1C3
330
1F
100
AcDbEntity
  8
0
  6
Continuous
 62
     7
370
     0
100
AcDbPolyline
 90
       35
 70
   128
 43
0.0
 10
25.5333097578
 20
36.3386138397
 10
25.5382336602
 20
36.3439610283
 10
25.6024073736
 20
36.3528071958
 10
25.7255277523
 20
36.3621423076
 10
25.908693757
 20
36.3718620556
 10
26.1514164434
 20
36.381845368
 10
26.4515486472
 20
36.3919609281
 10
26.8053315506
 20
36.4020704347
 10
27.2075464875
 20
36.4120360519
 10
27.6517668665
 20
36.4217264633
 10
28.1306859963
 20
36.4310229252
 10
28.6364789047
 20
36.4398220609
 10
29.1637578905
 20
36.4481653142
 10
29.7250308488
 20
36.4569081048
 10
30.3188244273
 20
36.4661570693
 10
30.9696960888
 20
36.4762954469
 10
31.6404845492
 20
36.4867434892
 10
32.3214834482
 20
36.4973512533
 10
32.9707101612
 20
36.5074635538
 10
33.6110859337
 20
36.5174384843
 10
34.2341574999
 20
36.5271437968
 10
34.8322301564
 20
36.5364593509
 10
35.3986600806
 20
36.5452822353
 10
35.9300718103
 20
36.5536292138
 10
36.4391539172
 20
36.5623477901
 10
36.9225373418
 20
36.5715767312
 10
37.3723535725
 20
36.5812163855
 10
37.7811953352
 20
36.5911494064
 10
38.1424842329
 20
36.6012463401
 10
38.4508060218
 20
36.6113693508
 10
38.7021737099
 20
36.6213810685
 10
38.8941975237
 20
36.6311473827
 10
39.0261445121
 20
36.6405462901
 10
39.0988887214
 20
36.6494706887
 10
39.1113842764
 20
36.6560821476
  0
LWPOLYLINE
  5
1C4
330
1F
100
AcDbEntity
  8
0
  6
Continuous
 62
     7
370
     0
100
AcDbPolyline
 90
       35
 70
   128
 43
0.0
 10
25.5333097578
 20
36.9736137855
 10
25.5382336602
 20
36.978960974
 10
25.6024073736
 20
36.9878071415
 10
25.7255277523
 20
36.9971422533
 10
25.908693757
 20
37.0068620014
 10
26.1514164434
 20
37.0168453137
 10
26.4515486472
 20
37.0269608739
 10
26.8053315506
 20
37.0370703804
 10
27.2075464875
 20
37.0470359976
 10
27.6517668665
 20
37.056726409
 10
28.1306859963
 20
37.066022871
 10
28.6364789047
 20
37.0748220066
 10
29.1637578905
 20
37.0831652599
 10
29.7250308488
 20
37.0919080506
 10
30.3188244273
 20
37.1011570151
 10
30.9696960888
 20
37.1112953926
 10
31.6404845492
 20
37.1217439006
 10
32.3214834482
 20
37.1323511991
 10
32.9707101612
 20
37.1424634996
 10
33.6110859337
 20
37.15243843
 10
34.2341574999
 20
37.1621437426
 10
34.8322301564
 20
37.1714592966
 10
35.3986600806
 20
37.180282181
 10
35.9300718103
 20
37.1886296253
 10
36.4391539172
 20
37.1973477359
 10
36.9225373418
 20
37.2065766769
 10
37.3723535725
 20
37.2162163312
 10
37.7811953352
 20
37.2261493522
 10
38.1424842329
 20
37.2362462859
 10
38.4508060218
 20
37.2463692966
 10
38.7021737099
 20
37.2563810143
 10
38.8941975237
 20
37.2661473284
 10
39.0261445121
 20
37.2755462359
 10
39.0988887214
 20
37.2844706344
 10
39.1113842764
 20
37.2910820934
  0
LWPOLYLINE
  5
1C5
330
1F
100
AcDbEntity
  8
0
  6
Continuous
 62
     7
370
     0
100
AcDbPolyline
 90
       35
 70
   128
 43
0.0
 10
25.5333097578
 20
37.6086137312
 10
25.5382336602
 20
37.6139609198
 10
25.6024073736
 20
37.6228070873
 10
25.7255277523
 20
37.6321421991
 10
25.908693757
 20
37.6418619472
 10
26.1514164434
 20
37.6518452595
 10
26.4515486472
 20
37.6619608196
 10
26.8053315506
 20
37.6720703262
 10
27.2075464875
 20
37.6820359434
 10
27.6517668665
 20
37.6917263548
 10
28.1306859963
 20
37.7010228167
 10
28.6364789047
 20
37.7098219524
 10
29.1637578905
 20
37.7181652057
 10
29.7250308488
 20
37.7269079964
 10
30.3188244273
 20
37.7361569608
 10
30.9696960888
 20
37.7462953384
 10
31.6404845492
 20
37.7567438464
 10
32.3214834482
 20
37.7673511448
 10
32.9707101612
 20
37.777463911
 10
33.6110859337
 20
37.7874383758
 10
34.2341574999
 20
37.7971436883
 10
34.8322301564
 20
37.8064592424
 10
35.3986600806
 20
37.8152821268
 10
35.9300718103
 20
37.823629571
 10
36.4391539172
 20
37.8323476816
 10
36.9225373418
 20
37.8415766227
 10
37.3723535725
 20
37.851216277
 10
37.7811953352
 20
37.8611492979
 10
38.1424842329
 20
37.8712462316
 10
38.4508060218
 20
37.8813692423
 10
38.7021737099
 20
37.89138096
 10
38.8941975237
 20
37.9011472742
 10
39.0261445121
 20
37.9105461816
 10
39.0988887214
 20
37.9194705802
 10
39.1113842764
 20
37.9260820391
  0
LWPOLYLINE
  5
1C6
330
1F
100
AcDbEntity
  8
0
  6
Continuous
 62
     7
370
     0
100
AcDbPolyline
 90
       35
 70
   128
 43
0.0
 10
25.5333097578
 20
38.2436139098
 10
25.5382336602
 20
38.2489608656
 10
25.6024073736
 20
38.2578072659
 10
25.7255277523
 20
38.2671423777
 10
25.908693757
 20
38.2768618929
 10
26.1514164434
 20
38.2868454381
 10
26.4515486472
 20
38.2969609982
 10
26.8053315506
 20
38.3070702719
 10
27.2075464875
 20
38.3170358891
 10
27.6517668665
 20
38.3267265334
 10
28.1306859963
 20
38.3360227625
 10
28.6364789047
 20
38.3448218982
 10
29.1637578905
 20
38.3531653843
 10
29.7250308488
 20
38.3619079421
 10
30.3188244273
 20
38.3711571394
 10
30.9696960888
 20
38.3812952842
 10
31.6404845492
 20
38.3917437921
 10
32.3214834482
 20
38.4023510906
 10
32.9707101612
 20
38.4124636239
 10
33.6110859337
 20
38.4224383215
 10
34.2341574999
 20
38.4321436341
 10
34.8322301564
 20
38.441459421
 10
35.3986600806
 20
38.4502823054
 10
35.9300718103
 20
38.4586295168
 10
36.4391539172
 20
38.4673478602
 10
36.9225373418
 20
38.4765768013
 10
37.3723535725
 20
38.4862162228
 10
37.7811953352
 20
38.4961494765
 10
38.1424842329
 20
38.5062461774
 10
38.4508060218
 20
38.5163694209
 10
38.7021737099
 20
38.5263809058
 10
38.8941975237
 20
38.5361474528
 10
39.0261445121
 20
38.5455461274
 10
39.0988887214
 20
38.554470526
 10
39.1113842764
 20
38.5610822177
  0
LWPOLYLINE
  5
1C7
330
1F
100
AcDbEntity
  8
0
  6
Continuous
 62
     7
370
     0
100
AcDbPolyline
 90
       35
 70
   128
 43
0.0
 10
25.5333097578
 20
38.8786138556
 10
25.5382336602
 20
38.8839608113
 10
25.6024073736
 20
38.8928072116
 10
25.7255277523
 20
38.9021423235
 10
25.908693757
 20
38.9118618387
 10
26.1514164434
 20
38.9218453838
 10
26.4515486472
 20
38.931960944
 10
26.8053315506
 20
38.9420702177
 10
27.2075464875
 20
38.9520358349
 10
27.6517668665
 20
38.9617264791
 10
28.1306859963
 20
38.9710227082
 10
28.6364789047
 20
38.9798220768
 10
29.1637578905
 20
38.98816533
 10
29.7250308488
 20
38.9969078879
 10
30.3188244273
 20
39.0061570852
 10
30.9696960888
 20
39.0162952299
 10
31.6404845492
 20
39.0267437379
 10
32.3214834482
 20
39.0373512692
 10
32.9707101612
 20
39.0474638025
 10
33.6110859337
 20
39.0574385001
 10
34.2341574999
 20
39.0671435798
 10
34.8322301564
 20
39.0764593667
 10
35.3986600806
 20
39.0852822511
 10
35.9300718103
 20
39.0936294625
 10
36.4391539172
 20
39.102347806
 10
36.9225373418
 20
39.111576747
 10
37.3723535725
 20
39.1212164014
 10
37.7811953352
 20
39.1311494223
 10
38.1424842329
 20
39.1412461231
 10
38.4508060218
 20
39.1513693667
 10
38.7021737099
 20
39.1613808515
 10
38.8941975237
 20
39.1711473985
 10
39.0261445121
 20
39.180546306
 10
39.0988887214
 20
39.1894704717
 10
39.1113842764
 20
39.1960821635
  0
LWPOLYLINE
  5
1C8
330
1F
100
AcDbEntity
  8
0
  6
Continuous
 62
     7
370
     0
100
AcDbPolyline
 90
       35
 70
   128
 43
0.0
 10
25.5333097578
 20
39.5136138013
 10
25.5382336602
 20
39.5189609899
 10
25.6024073736
 20
39.5278071574
 10
25.7255277523
 20
39.5371422692
 10
25.908693757
 20
39.5468620173
 10
26.1514164434
 20
39.5568455624
 10
26.4515486472
 20
39.5669608897
 10
26.8053315506
 20
39.5770703963
 10
27.2075464875
 20
39.5870360135
 10
27.6517668665
 20
39.5967264249
 10
28.1306859963
 20
39.606022654
 10
28.6364789047
 20
39.6148220225
 10
29.1637578905
 20
39.6231655086
 10
29.7250308488
 20
39.6319080665
 10
30.3188244273
 20
39.641157031
 10
30.9696960888
 20
39.6512951757
 10
31.6404845492
 20
39.6617436836
 10
32.3214834482
 20
39.6723512149
 10
32.9707101612
 20
39.6824637483
 10
33.6110859337
 20
39.6924384459
 10
34.2341574999
 20
39.7021435256
 10
34.8322301564
 20
39.7114593125
 10
35.3986600806
 20
39.7202821969
 10
35.9300718103
 20
39.7286294083
 10
36.4391539172
 20
39.7373479846
 10
36.9225373418
 20
39.7465769256
 10
37.3723535725
 20
39.7562163471
 10
37.7811953352
 20
39.766149368
 10
38.1424842329
 20
39.7762460689
 10
38.4508060218
 20
39.7863695453
 10
38.7021737099
 20
39.7963810301
 10
38.8941975237
 20
39.8061473443
 10
39.0261445121
 20
39.8155462517
 10
39.0988887214
 20
39.8244704175
 10
39.1113842764
 20
39.8310821093
  0
LWPOLYLINE
  5
1C9
330
1F
100
AcDbEntity
  8
0
  6
Continuous
 62
     7
370
     0
100
AcDbPolyline
 90
       35
 70
   128
 43
0.0
 10
25.5333097578
 20
40.1486138635
 10
25.5382336602
 20
40.1539609357
 10
25.6024073736
 20
40.1628072196
 10
25.7255277523
 20
40.1721423314
 10
25.908693757
 20
40.181861963
 10
26.1514164434
 20
40.1918455082
 10
26.4515486472
 20
40.2019609519
 10
26.8053315506
 20
40.2120703421
 10
27.2075464875
 20
40.2220359593
 10
27.6517668665
 20
40.2317264871
 10
28.1306859963
 20
40.2410227162
 10
28.6364789047
 20
40.2498219683
 10
29.1637578905
 20
40.2581654544
 10
29.7250308488
 20
40.2669080122
 10
30.3188244273
 20
40.2761570931
 10
30.9696960888
 20
40.2862952378
 10
31.6404845492
 20
40.2967437458
 10
32.3214834482
 20
40.3073511607
 10
32.9707101612
 20
40.317463694
 10
33.6110859337
 20
40.3274383916
 10
34.2341574999
 20
40.3371435878
 10
34.8322301564
 20
40.3464593747
 10
35.3986600806
 20
40.3552822591
 10
35.9300718103
 20
40.3636294705
 10
36.4391539172
 20
40.3723478139
 10
36.9225373418
 20
40.3815768714
 10
37.3723535725
 20
40.3912162929
 10
37.7811953352
 20
40.4011494302
 10
38.1424842329
 20
40.4112461311
 10
38.4508060218
 20
40.421369491
 10
38.7021737099
 20
40.4313809759
 10
38.8941975237
 20
40.4411474065
 10
39.0261445121
 20
40.4505461975
 10
39.0988887214
 20
40.4594704796
 10
39.1113842764
 20
40.4660821714
  0
LWPOLYLINE
  5
1CA
330
1F
100
AcDbEntity
  8
0
  6
Continuous
 62
     7
370
     0
100
AcDbPolyline
 90
       35
 70
   128
 43
0.0
 10
25.5333097578
 20
40.7836139257
 10
25.5382336602
 20
40.7889608814
 10
25.6024073736
 20
40.7978072817
 10
25.7255277523
 20
40.8071423936
 10
25.908693757
 20
40.8168619088
 10
26.1514164434
 20
40.8268454539
 10
26.4515486472
 20
40.8369608977
 10
26.8053315506
 20
40.8470702878
 10
27.2075464875
 20
40.857035905
 10
27.6517668665
 20
40.8667264328
 10
28.1306859963
 20
40.8760226619
 10
28.6364789047
 20
40.8848220304
 10
29.1637578905
 20
40.8931654001
 10
29.7250308488
 20
40.901907958
 10
30.3188244273
 20
40.9111570971
 10
30.9696960888
 20
40.9212953
 10
31.6404845492
 20
40.9317436916
 10
32.3214834482
 20
40.9423511647
 10
32.9707101612
 20
40.9524637562
 10
33.6110859337
 20
40.9624384538
 10
34.2341574999
 20
40.9721435917
 10
34.8322301564
 20
40.9814593786
 10
35.3986600806
 20
40.990282263
 10
35.9300718103
 20
40.9986294162
 10
36.4391539172
 20
41.0073478761
 10
36.9225373418
 20
41.0165768172
 10
37.3723535725
 20
41.026216355
 10
37.7811953352
 20
41.036149376
 10
38.1424842329
 20
41.046246135
 10
38.4508060218
 20
41.0563694368
 10
38.7021737099
 20
41.0663809799
 10
38.8941975237
 20
41.0761474104
 10
39.0261445121
 20
41.0855462015
 10
39.0988887214
 20
41.0944704836
 10
39.1113842764
 20
41.1010821754
  0
LWPOLYLINE
  5
1CB
330
1F
100
AcDbEntity
  8
0
  6
Continuous
 62
     7
370
     0
100
AcDbPolyline
 90
       35
 70
   128
 43
0.0
 10
25.5333097578
 20
41.4186138715
 10
25.5382336602
 20
41.4239609145
 10
25.6024073736
 20
41.4328072566
 10
25.7255277523
 20
41.4421423393
 10
25.908693757
 20
41.4518619127
 10
26.1514164434
 20
41.4618454579
 10
26.4515486472
 20
41.4719609307
 10
26.8053315506
 20
41.4820703209
 10
27.2075464875
 20
41.492035909
 10
27.6517668665
 20
41.5017264659
 10
28.1306859963
 20
41.5110227241
 10
28.6364789047
 20
41.5198220053
 10
29.1637578905
 20
41.5281654041
 10
29.7250308488
 20
41.5369079911
 10
30.3188244273
 20
41.5461571011
 10
30.9696960888
 20
41.5562952749
 10
31.6404845492
 20
41.5667436955
 10
32.3214834482
 20
41.5773511686
 10
32.9707101612
 20
41.5874637311
 10
33.6110859337
 20
41.5974384287
 10
34.2341574999
 20
41.6071435957
 10
34.8322301564
 20
41.616459368
 10
35.3986600806
 20
41.625282267
 10
35.9300718103
 20
41.6336294348
 10
36.4391539172
 20
41.6423478655
 10
36.9225373418
 20
41.6515768211
 10
37.3723535725
 20
41.6612163299
 10
37.7811953352
 20
41.6711493654
 10
38.1424842329
 20
41.6812461245
 10
38.4508060218
 20
41.6913694408
 10
38.7021737099
 20
41.7013809693
 10
38.8941975237
 20
41.7111473853
 10
39.0261445121
 20
41.7205461909
 10
39.0988887214
 20
41.729470473
 10
39.1113842764
 20
41.7360821503
  0
LINE
  5
1CC
330
1F
100
AcDbEntity
  8
0
  6
Continuous
 62
     7
370
     0
100
AcDbLine
 10
27.0762979911
 20
41.8578367735
 30
0.0
 11
25.864078749
 21
41.8578367735
 31
0.0
  0
ARC
  5
1CD
330
1F
100
AcDbEntity
  8
0
  6
Continuous
 62
     7
370
     0
100
AcDbCircle
 10
27.0211798402
 20
32.5885731915
 30
0.0
 40
9.269427456056222
100
AcDbArc
 50
89.6593040893
 51
96.4422927853
  0
LWPOLYLINE
  5
1CE
330
1F
100
AcDbEntity
  8
0
  6
Continuous
 62
     7
370
     0
100
AcDbPolyline
 90
       32
 70
   128
 43
0.0
 10
38.6614707225
 20
41.477039491
 10
38.65767698
 20
41.4733132402
 10
38.5798090995
 20
41.4631871736
 10
38.4306820036
 20
41.4524614808
 10
38.2140000277
 20
41.441497835
 10
37.9292546698
 20
41.4302832269
 10
37.5803351329
 20
41.419005318
 10
37.1733336636
 20
41.407855204
 10
36.7074754015
 20
41.3968238336
 10
36.1994696707
 20
41.3862917103
 10
35.6599689388
 20
41.3764079913
 10
35.0920041949
 20
41.3668943275
 10
34.4820551966
 20
41.3567284759
 10
33.8484340739
 20
41.346168151
 10
33.1897510608
 20
41.3351900698
 10
32.5164801018
 20
41.3239689133
 10
31.839898815
 20
41.312692576
 10
31.1935062912
 20
41.3019193275
 10
30.5646937034
 20
41.2914391545
 10
29.9625255559
 20
41.2814029897
 10
29.3947661687
 20
41.2719403448
 10
28.8637658507
 20
41.2629460971
 10
28.3652800993
 20
41.2536095301
 10
27.8955880479
 20
41.2437266259
 10
27.4632844069
 20
41.2334211342
 10
27.0762979911
 20
41.2228367695
 10
26.7306669541
 20
41.211753507
 10
26.4467732907
 20
41.2007215837
 10
26.2284465992
 20
41.1899197552
 10
26.0773115718
 20
41.1795143209
 10
25.9932741449
 20
41.1697371219
 10
25.9811273702
 20
41.1644676406
  0
LWPOLYLINE
  5
1CF
330
1F
100
AcDbEntity
  8
0
  6
Continuous
 62
     7
370
     0
100
AcDbPolyline
 90
       32
 70
   128
 43
0.0
 10
38.6614707225
 20
40.8420395161
 10
38.65767698
 20
40.8383131781
 10
38.5798090995
 20
40.8281871405
 10
38.4306820036
 20
40.8174614477
 10
38.2140000277
 20
40.8064978019
 10
37.9292546698
 20
40.7952832811
 10
37.5803351329
 20
40.784005314
 10
37.1733336636
 20
40.7728551709
 10
36.7074754015
 20
40.7618237714
 10
36.1994696707
 20
40.7512916773
 10
35.6599689388
 20
40.7414080164
 10
35.0920041949
 20
40.7318943235
 10
34.4820551966
 20
40.7217284719
 10
33.8484340739
 20
40.7111680888
 10
33.1897510608
 20
40.700190124
 10
32.5164801018
 20
40.6889689675
 10
31.839898815
 20
40.6776925138
 10
31.1935062912
 20
40.6669193235
 10
30.5646937034
 20
40.6564391506
 10
29.9625255559
 20
40.6464029857
 10
29.3947661687
 20
40.6369403991
 10
28.8637658507
 20
40.6279460349
 10
28.3652800993
 20
40.6186095261
 10
27.8955880479
 20
40.6087266802
 10
27.4632844069
 20
40.5984211302
 10
27.0762979911
 20
40.5878367656
 10
26.7306669541
 20
40.5767535613
 10
26.4467732907
 20
40.5657215797
 10
26.2284465992
 20
40.5549197513
 10
26.0773115718
 20
40.544514317
 10
25.9932741449
 20
40.5347371762
 10
25.9811273702
 20
40.5294676366
  0
LWPOLYLINE
  5
1D0
330
1F
100
AcDbEntity
  8
0
  6
Continuous
 62
     7
370
     0
100
AcDbPolyline
 90
       32
 70
   128
 43
0.0
 10
38.6614707225
 20
40.2070394539
 10
38.65767698
 20
40.2033132323
 10
38.5798090995
 20
40.1931871948
 10
38.4306820036
 20
40.1824615019
 10
38.2140000277
 20
40.1714978562
 10
37.9292546698
 20
40.160283219
 10
37.5803351329
 20
40.1490053682
 10
37.1733336636
 20
40.1378552251
 10
36.7074754015
 20
40.1268238257
 10
36.1994696707
 20
40.1162917315
 10
35.6599689388
 20
40.1064079543
 10
35.0920041949
 20
40.0968942613
 10
34.4820551966
 20
40.0867285262
 10
33.8484340739
 20
40.0761681431
 10
33.1897510608
 20
40.0651900618
 10
32.5164801018
 20
40.0539689054
 10
31.839898815
 20
40.0426925681
 10
31.1935062912
 20
40.0319193778
 10
30.5646937034
 20
40.0214390884
 10
29.9625255559
 20
40.0114030399
 10
29.3947661687
 20
40.0019403369
 10
28.8637658507
 20
39.9929460891
 10
28.3652800993
 20
39.9836095803
 10
27.8955880479
 20
39.973726618
 10
27.4632844069
 20
39.9634210681
 10
27.0762979911
 20
39.9528368198
 10
26.7306669541
 20
39.9417534991
 10
26.4467732907
 20
39.930721634
 10
26.2284465992
 20
39.9199196891
 10
26.0773115718
 20
39.9095142548
 10
25.9932741449
 20
39.899737114
 10
25.9811273702
 20
39.8944676909
  0
LWPOLYLINE
  5
1D1
330
1F
100
AcDbEntity
  8
0
  6
Continuous
 62
     7
370
     0
100
AcDbPolyline
 90
       32
 70
   128
 43
0.0
 10
38.6614707225
 20
39.5720393917
 10
38.65767698
 20
39.5683131701
 10
38.5798090995
 20
39.5581871326
 10
38.4306820036
 20
39.5474615562
 10
38.2140000277
 20
39.536497794
 10
37.9292546698
 20
39.5252832732
 10
37.5803351329
 20
39.5140054225
 10
37.1733336636
 20
39.502855163
 10
36.7074754015
 20
39.4918238799
 10
36.1994696707
 20
39.4812917857
 10
35.6599689388
 20
39.4714078921
 10
35.0920041949
 20
39.4618941991
 10
34.4820551966
 20
39.4517285804
 10
33.8484340739
 20
39.4411680809
 10
33.1897510608
 20
39.4301901161
 10
32.5164801018
 20
39.4189688432
 10
31.839898815
 20
39.4076926223
 10
31.1935062912
 20
39.3969193156
 10
30.5646937034
 20
39.3864391426
 10
29.9625255559
 20
39.3764029778
 10
29.3947661687
 20
39.3669402747
 10
28.8637658507
 20
39.357946027
 10
28.3652800993
 20
39.3486095182
 10
27.8955880479
 20
39.3387265558
 10
27.4632844069
 20
39.3284212387
 10
27.0762979911
 20
39.3178367576
 10
26.7306669541
 20
39.3067535533
 10
26.4467732907
 20
39.2957215718
 10
26.2284465992
 20
39.2849196269
 10
26.0773115718
 20
39.2745141926
 10
25.9932741449
 20
39.2647371682
 10
25.9811273702
 20
39.2594675123
  0
LWPOLYLINE
  5
1D2
330
1F
100
AcDbEntity
  8
0
  6
Continuous
 62
     7
370
     0
100
AcDbPolyline
 90
       32
 70
   128
 43
0.0
 10
38.6614707225
 20
38.937039446
 10
38.65767698
 20
38.9333132244
 10
38.5798090995
 20
38.9231871868
 10
38.4306820036
 20
38.9124616104
 10
38.2140000277
 20
38.9014978482
 10
37.9292546698
 20
38.8902833274
 10
37.5803351329
 20
38.8790052439
 10
37.1733336636
 20
38.8678552172
 10
36.7074754015
 20
38.8568239341
 10
36.1994696707
 20
38.8462916071
 10
35.6599689388
 20
38.8364079463
 10
35.0920041949
 20
38.8268942534
 10
34.4820551966
 20
38.8167284018
 10
33.8484340739
 20
38.8061681352
 10
33.1897510608
 20
38.7951901703
 10
32.5164801018
 20
38.7839688974
 10
31.839898815
 20
38.7726924437
 10
31.1935062912
 20
38.7619193698
 10
30.5646937034
 20
38.7514391969
 10
29.9625255559
 20
38.741403032
 10
29.3947661687
 20
38.731940329
 10
28.8637658507
 20
38.7229460812
 10
28.3652800993
 20
38.7136095724
 10
27.8955880479
 20
38.7037266101
 10
27.4632844069
 20
38.6934210601
 10
27.0762979911
 20
38.6828368119
 10
26.7306669541
 20
38.6717536076
 10
26.4467732907
 20
38.660721626
 10
26.2284465992
 20
38.6499196811
 10
26.0773115718
 20
38.6395142469
 10
25.9932741449
 20
38.6297372225
 10
25.9811273702
 20
38.6244675665
  0
LWPOLYLINE
  5
1D3
330
1F
100
AcDbEntity
  8
0
  6
Continuous
 62
     7
370
     0
100
AcDbPolyline
 90
       32
 70
   128
 43
0.0
 10
38.6614707225
 20
38.3020395002
 10
38.65767698
 20
38.2983132786
 10
38.5798090995
 20
38.2881872411
 10
38.4306820036
 20
38.2774614318
 10
38.2140000277
 20
38.2664979025
 10
37.9292546698
 20
38.2552831489
 10
37.5803351329
 20
38.2440052981
 10
37.1733336636
 20
38.2328552714
 10
36.7074754015
 20
38.2218237555
 10
36.1994696707
 20
38.2112916614
 10
35.6599689388
 20
38.2014080006
 10
35.0920041949
 20
38.1918943076
 10
34.4820551966
 20
38.1817284561
 10
33.8484340739
 20
38.1711681894
 10
33.1897510608
 20
38.1601899917
 10
32.5164801018
 20
38.1489689517
 10
31.839898815
 20
38.1376924979
 10
31.1935062912
 20
38.1269194241
 10
30.5646937034
 20
38.1164392511
 10
29.9625255559
 20
38.1064030862
 10
29.3947661687
 20
38.0969403832
 10
28.8637658507
 20
38.0879461354
 10
28.3652800993
 20
38.0786096266
 10
27.8955880479
 20
38.0687266643
 10
27.4632844069
 20
38.0584211144
 10
27.0762979911
 20
38.0478368661
 10
26.7306669541
 20
38.036753429
 10
26.4467732907
 20
38.0257216803
 10
26.2284465992
 20
38.0149197354
 10
26.0773115718
 20
38.0045143011
 10
25.9932741449
 20
37.9947370439
 10
25.9811273702
 20
37.9894676207
  0
LWPOLYLINE
  5
1D4
330
1F
100
AcDbEntity
  8
0
  6
Continuous
 62
     7
370
     0
100
AcDbPolyline
 90
       32
 70
   128
 43
0.0
 10
38.6614707225
 20
37.6670393216
 10
38.65767698
 20
37.6633131
 10
38.5798090995
 20
37.6531872953
 10
38.4306820036
 20
37.6424617189
 10
38.2140000277
 20
37.6314977239
 10
37.9292546698
 20
37.6202832031
 10
37.5803351329
 20
37.6090053524
 10
37.1733336636
 20
37.5978550929
 10
36.7074754015
 20
37.5868240426
 10
36.1994696707
 20
37.5762917156
 10
35.6599689388
 20
37.5664080548
 10
35.0920041949
 20
37.556894129
 10
34.4820551966
 20
37.5467282775
 10
33.8484340739
 20
37.5361680108
 10
33.1897510608
 20
37.525190046
 10
32.5164801018
 20
37.5139690059
 10
31.839898815
 20
37.5026925522
 10
31.1935062912
 20
37.4919194783
 10
30.5646937034
 20
37.4814393054
 10
29.9625255559
 20
37.4714029076
 10
29.3947661687
 20
37.4619402046
 10
28.8637658507
 20
37.4529459569
 10
28.3652800993
 20
37.443609448
 10
27.8955880479
 20
37.4337267185
 10
27.4632844069
 20
37.4234211686
 10
27.0762979911
 20
37.4128366875
 10
26.7306669541
 20
37.4017534832
 10
26.4467732907
 20
37.3907215017
 10
26.2284465992
 20
37.3799195568
 10
26.0773115718
 20
37.3695143553
 10
25.9932741449
 20
37.3597373309
 10
25.9811273702
 20
37.3544674422
  0
LWPOLYLINE
  5
1D5
330
1F
100
AcDbEntity
  8
0
  6
Continuous
 62
     7
370
     0
100
AcDbPolyline
 90
       32
 70
   128
 43
0.0
 10
38.6614707225
 20
37.0320393759
 10
38.65767698
 20
37.0283131543
 10
38.5798090995
 20
37.0181873496
 10
38.4306820036
 20
37.0074613075
 10
38.2140000277
 20
36.9964977781
 10
37.9292546698
 20
36.9852832573
 10
37.5803351329
 20
36.9740054066
 10
37.1733336636
 20
36.9628551471
 10
36.7074754015
 20
36.9518236312
 10
36.1994696707
 20
36.9412917699
 10
35.6599689388
 20
36.931408109
 10
35.0920041949
 20
36.9218941833
 10
34.4820551966
 20
36.9117283317
 10
33.8484340739
 20
36.901168065
 10
33.1897510608
 20
36.8901901002
 10
32.5164801018
 20
36.8789690602
 10
31.839898815
 20
36.8676926064
 10
31.1935062912
 20
36.8569195325
 10
30.5646937034
 20
36.8464393596
 10
29.9625255559
 20
36.8364029619
 10
29.3947661687
 20
36.8269402589
 10
28.8637658507
 20
36.8179460111
 10
28.3652800993
 20
36.8086095023
 10
27.8955880479
 20
36.7987267728
 10
27.4632844069
 20
36.7884212228
 10
27.0762979911
 20
36.7778367418
 10
26.7306669541
 20
36.7667535375
 10
26.4467732907
 20
36.7557215559
 10
26.2284465992
 20
36.744919611
 10
26.0773115718
 20
36.7345144096
 10
25.9932741449
 20
36.7247369195
 10
25.9811273702
 20
36.7194674964
  0
LWPOLYLINE
  5
1D6
330
1F
100
AcDbEntity
  8
0
  6
Continuous
 62
     7
370
     0
100
AcDbPolyline
 90
       32
 70
   128
 43
0.0
 10
38.6614707225
 20
36.3970394301
 10
38.65767698
 20
36.3933132085
 10
38.5798090995
 20
36.3831869381
 10
38.4306820036
 20
36.3724613617
 10
38.2140000277
 20
36.3614978324
 10
37.9292546698
 20
36.3502833116
 10
37.5803351329
 20
36.3390054609
 10
37.1733336636
 20
36.3278552013
 10
36.7074754015
 20
36.3168236854
 10
36.1994696707
 20
36.3062918241
 10
35.6599689388
 20
36.2964081633
 10
35.0920041949
 20
36.2868942375
 10
34.4820551966
 20
36.276728386
 10
33.8484340739
 20
36.2661681193
 10
33.1897510608
 20
36.2551901544
 10
32.5164801018
 20
36.2439691144
 10
31.839898815
 20
36.2326926607
 10
31.1935062912
 20
36.2219191211
 10
30.5646937034
 20
36.2114389482
 10
29.9625255559
 20
36.2014030161
 10
29.3947661687
 20
36.1919403131
 10
28.8637658507
 20
36.1829460653
 10
28.3652800993
 20
36.1736095565
 10
27.8955880479
 20
36.163726827
 10
27.4632844069
 20
36.1534212771
 10
27.0762979911
 20
36.142836796
 10
26.7306669541
 20
36.1317535917
 10
26.4467732907
 20
36.1207216102
 10
26.2284465992
 20
36.1099196653
 10
26.0773115718
 20
36.0995144638
 10
25.9932741449
 20
36.0897369738
 10
25.9811273702
 20
36.0844675506
  0
LWPOLYLINE
  5
1D7
330
1F
100
AcDbEntity
  8
0
  6
Continuous
 62
     7
370
     0
100
AcDbPolyline
 90
       32
 70
   128
 43
0.0
 10
38.6614707225
 20
35.7620394844
 10
38.65767698
 20
35.7583132627
 10
38.5798090995
 20
35.7481869924
 10
38.4306820036
 20
35.7374614159
 10
38.2140000277
 20
35.7264978866
 10
37.9292546698
 20
35.7152833658
 10
37.5803351329
 20
35.7040055151
 10
37.1733336636
 20
35.6928552556
 10
36.7074754015
 20
35.6818237397
 10
36.1994696707
 20
35.6712918783
 10
35.6599689388
 20
35.6614082175
 10
35.0920041949
 20
35.6518942918
 10
34.4820551966
 20
35.6417284402
 10
33.8484340739
 20
35.6311681735
 10
33.1897510608
 20
35.6201902087
 10
32.5164801018
 20
35.608968703
 10
31.839898815
 20
35.5976927149
 10
31.1935062912
 20
35.5869191754
 10
30.5646937034
 20
35.5764390024
 10
29.9625255559
 20
35.5664030704
 10
29.3947661687
 20
35.5569403673
 10
28.8637658507
 20
35.5479461196
 10
28.3652800993
 20
35.5386096108
 10
27.8955880479
 20
35.5287264156
 10
27.4632844069
 20
35.5184213313
 10
27.0762979911
 20
35.5078368503
 10
26.7306669541
 20
35.496753646
 10
26.4467732907
 20
35.4857216644
 10
26.2284465992
 20
35.4749197195
 10
26.0773115718
 20
35.4645145181
 10
25.9932741449
 20
35.454737028
 10
25.9811273702
 20
35.4494676049
  0
LWPOLYLINE
  5
1D8
330
1F
100
AcDbEntity
  8
0
  6
Continuous
 62
     7
370
     0
100
AcDbPolyline
 90
       32
 70
   128
 43
0.0
 10
38.6614707225
 20
35.1270395386
 10
38.65767698
 20
35.123313317
 10
38.5798090995
 20
35.1131870466
 10
38.4306820036
 20
35.1024614702
 10
38.2140000277
 20
35.0914979408
 10
37.9292546698
 20
35.0802834201
 10
37.5803351329
 20
35.0690051037
 10
37.1733336636
 20
35.0578553098
 10
36.7074754015
 20
35.0468237939
 10
36.1994696707
 20
35.0362919326
 10
35.6599689388
 20
35.0264078061
 10
35.0920041949
 20
35.016894346
 10
34.4820551966
 20
35.0067284944
 10
33.8484340739
 20
34.9961682278
 10
33.1897510608
 20
34.9851902629
 10
32.5164801018
 20
34.9739687572
 10
31.839898815
 20
34.9626927691
 10
31.1935062912
 20
34.9519192296
 10
30.5646937034
 20
34.9414390567
 10
29.9625255559
 20
34.9314031246
 10
29.3947661687
 20
34.9219404216
 10
28.8637658507
 20
34.9129461738
 10
28.3652800993
 20
34.903609665
 10
27.8955880479
 20
34.8937264698
 10
27.4632844069
 20
34.8834209199
 10
27.0762979911
 20
34.8728369045
 10
26.7306669541
 20
34.8617537002
 10
26.4467732907
 20
34.8507217186
 10
26.2284465992
 20
34.8399197738
 10
26.0773115718
 20
34.8295141066
 10
25.9932741449
 20
34.8197370822
 10
25.9811273702
 20
34.8144676591
  0
LWPOLYLINE
  5
1D9
330
1F
100
AcDbEntity
  8
0
  6
Continuous
 62
     7
370
     0
100
AcDbPolyline
 90
       32
 70
   128
 43
0.0
 10
38.6614707225
 20
34.4920395928
 10
38.65767698
 20
34.4883133712
 10
38.5798090995
 20
34.4781871009
 10
38.4306820036
 20
34.4674615244
 10
38.2140000277
 20
34.4564979951
 10
37.9292546698
 20
34.4452830086
 10
37.5803351329
 20
34.4340051579
 10
37.1733336636
 20
34.4228553641
 10
36.7074754015
 20
34.4118238482
 10
36.1994696707
 20
34.4012915212
 10
35.6599689388
 20
34.3914078603
 10
35.0920041949
 20
34.3818944002
 10
34.4820551966
 20
34.3717285487
 10
33.8484340739
 20
34.361168282
 10
33.1897510608
 20
34.3501903172
 10
32.5164801018
 20
34.3389688115
 10
31.839898815
 20
34.3276923577
 10
31.1935062912
 20
34.3169192838
 10
30.5646937034
 20
34.3064391109
 10
29.9625255559
 20
34.2964031788
 10
29.3947661687
 20
34.2869404758
 10
28.8637658507
 20
34.2779462281
 10
28.3652800993
 20
34.2686097192
 10
27.8955880479
 20
34.2587265241
 10
27.4632844069
 20
34.2484209741
 10
27.0762979911
 20
34.2378369587
 10
26.7306669541
 20
34.2267532888
 10
26.4467732907
 20
34.2157217729
 10
26.2284465992
 20
34.204919828
 10
26.0773115718
 20
34.1945141609
 10
25.9932741449
 20
34.1847371365
 10
25.9811273702
 20
34.1794677134
  0
LWPOLYLINE
  5
1DA
330
1F
100
AcDbEntity
  8
0
  6
Continuous
 62
     7
370
     0
100
AcDbPolyline
 90
       32
 70
   128
 43
0.0
 10
38.6614707225
 20
33.8570391814
 10
38.65767698
 20
33.8533129598
 10
38.5798090995
 20
33.8431876208
 10
38.4306820036
 20
33.8324615787
 10
38.2140000277
 20
33.8214980493
 10
37.9292546698
 20
33.8102830629
 10
37.5803351329
 20
33.7990056778
 10
37.1733336636
 20
33.7878549526
 10
36.7074754015
 20
33.7768234367
 10
36.1994696707
 20
33.7662920411
 10
35.6599689388
 20
33.7564079146
 10
35.0920041949
 20
33.7468944545
 10
34.4820551966
 20
33.7367281373
 10
33.8484340739
 20
33.7261678706
 10
33.1897510608
 20
33.7151903714
 10
32.5164801018
 20
33.7039688657
 10
31.839898815
 20
33.692692412
 10
31.1935062912
 20
33.6819198037
 10
30.5646937034
 20
33.6714386995
 10
29.9625255559
 20
33.6614027674
 10
29.3947661687
 20
33.6519405301
 10
28.8637658507
 20
33.6429458166
 10
28.3652800993
 20
33.6336093078
 10
27.8955880479
 20
33.623727044
 10
27.4632844069
 20
33.6134210284
 10
27.0762979911
 20
33.6028365473
 10
26.7306669541
 20
33.5917538087
 10
26.4467732907
 20
33.5807213615
 10
26.2284465992
 20
33.5699198822
 10
26.0773115718
 20
33.5595142151
 10
25.9932741449
 20
33.5497371907
 10
25.9811273702
 20
33.5444677676
  0
ARC
  5
1DB
330
1F
100
AcDbEntity
  8
0
  6
Continuous
 62
     7
370
     0
100
AcDbCircle
 10
34.0852990935
 20
115.4721178998
 30
0.0
 40
82.3772831976726
100
AcDbArc
 50
269.9883517842
 51
273.1844988321
  0
LWPOLYLINE
  5
1DC
330
1F
100
AcDbEntity
  8
0
  6
Continuous
 62
     7
370
     0
100
AcDbPolyline
 90
       34
 70
   128
 43
0.0
 10
39.1159836129
 20
41.8578367735
 10
39.1061465182
 20
41.852830042
 10
39.0761509464
 20
41.8476166215
 10
38.9712737799
 20
41.8378943559
 10
38.7988179848
 20
41.8276905912
 10
38.5586932228
 20
41.8171437796
 10
38.2529097535
 20
41.8064091737
 10
37.8855626025
 20
41.7956515139
 10
37.462656472
 20
41.7850367212
 10
37.0198340081
 20
41.775302072
 10
36.5416739062
 20
41.7659565919
 10
36.0360353646
 20
41.757104822
 10
35.5089640637
 20
41.748736001
 10
34.9482685254
 20
41.740002429
 10
34.3176872396
 20
41.7301802863
 10
33.6577602123
 20
41.7199010463
 10
32.9776092242
 20
41.7093068009
 10
32.2873544413
 20
41.698555162
 10
31.5976280529
 20
41.687811774
 10
30.9190352839
 20
41.6772417866
 10
30.2984512803
 20
41.6675753713
 10
29.7042788864
 20
41.6583203533
 10
29.1429914926
 20
41.649577548
 10
28.615492249
 20
41.641210677
 10
28.1094662771
 20
41.6323678419
 10
27.5928770118
 20
41.6222427212
 10
27.1182550044
 20
41.611670813
 10
26.6947598123
 20
41.6008072844
 10
26.3302289807
 20
41.5898223346
 10
26.030716572
 20
41.5788926821
 10
25.8001597524
 20
41.5681920186
 10
25.6402195358
 20
41.557882103
 10
25.5502998755
 20
41.5481049331
 10
25.5311909989
 20
41.5403575808
  0
LWPOLYLINE
  5
1DD
330
1F
100
AcDbEntity
  8
0
  6
Continuous
 62
     7
370
     0
100
AcDbPolyline
 90
       35
 70
   128
 43
0.0
 10
39.1029730365
 20
41.227304615
 10
39.1159836129
 20
41.2228367695
 10
39.1061465182
 20
41.2178300376
 10
39.0761509464
 20
41.2126166102
 10
38.9712737799
 20
41.2028943593
 10
38.7988179848
 20
41.1926906145
 10
38.5586932228
 20
41.1821437938
 10
38.2529097535
 20
41.1714091952
 10
37.8855626025
 20
41.1606514881
 10
37.462656472
 20
41.1500367391
 10
37.0198340081
 20
41.1403020899
 10
36.5416739062
 20
41.1309566171
 10
36.0360353646
 20
41.1221048035
 10
35.5089640637
 20
41.113735997
 10
34.9482685254
 20
41.1050024032
 10
34.3176872396
 20
41.0951802678
 10
33.6577602123
 20
41.0849010277
 10
32.9776092242
 20
41.074306826
 10
32.2873544413
 20
41.0635551725
 10
31.5976280529
 20
41.0528117846
 10
30.9190352839
 20
41.0422417972
 10
30.2984512803
 20
41.0325753674
 10
29.7042788864
 20
41.0233203493
 10
29.1429914926
 20
41.0145775586
 10
28.615492249
 20
41.006210673
 10
28.1094662771
 20
40.9973678234
 10
27.5928770118
 20
40.9872427172
 10
27.1182550044
 20
40.976670809
 10
26.6947598123
 20
40.9658072804
 10
26.3302289807
 20
40.9548223306
 10
26.030716572
 20
40.9438926781
 10
25.8001597524
 20
40.9331920146
 10
25.6402195358
 20
40.9228820991
 10
25.5502998755
 20
40.9131049583
 10
25.5311909989
 20
40.9053575768
  0
LWPOLYLINE
  5
1DE
330
1F
100
AcDbEntity
  8
0
  6
Continuous
 62
     7
370
     0
100
AcDbPolyline
 90
       35
 70
   128
 43
0.0
 10
39.1029730365
 20
40.5923045528
 10
39.1159836129
 20
40.5878367656
 10
39.1061465182
 20
40.5828300918
 10
39.0761509464
 20
40.5776166645
 10
38.9712737799
 20
40.5678943553
 10
38.7988179848
 20
40.5576905523
 10
38.5586932228
 20
40.5471437898
 10
38.2529097535
 20
40.536409133
 10
37.8855626025
 20
40.5256515424
 10
37.462656472
 20
40.5150366769
 10
37.0198340081
 20
40.5053020277
 10
36.5416739062
 20
40.4959565549
 10
36.0360353646
 20
40.4871047995
 10
35.5089640637
 20
40.4787360513
 10
34.9482685254
 20
40.4700024574
 10
34.3176872396
 20
40.4601802639
 10
33.6577602123
 20
40.4499010238
 10
32.9776092242
 20
40.4393067638
 10
32.2873544413
 20
40.4285552268
 10
31.5976280529
 20
40.4178117224
 10
30.9190352839
 20
40.4072417932
 10
30.2984512803
 20
40.3975753634
 10
29.7042788864
 20
40.3883203453
 10
29.1429914926
 20
40.3795775547
 10
28.615492249
 20
40.3712106691
 10
28.1094662771
 20
40.3623678776
 10
27.5928770118
 20
40.3522427714
 10
27.1182550044
 20
40.3416708632
 10
26.6947598123
 20
40.3308073346
 10
26.3302289807
 20
40.3198223849
 10
26.030716572
 20
40.3088927324
 10
25.8001597524
 20
40.2981920688
 10
25.6402195358
 20
40.2878820951
 10
25.5502998755
 20
40.2781049543
 10
25.5311909989
 20
40.270357631
  0
LWPOLYLINE
  5
1DF
330
1F
100
AcDbEntity
  8
0
  6
Continuous
 62
     7
370
     0
100
AcDbPolyline
 90
       35
 70
   128
 43
0.0
 10
39.1029730365
 20
39.957304607
 10
39.1159836129
 20
39.9528368198
 10
39.1061465182
 20
39.9478300297
 10
39.0761509464
 20
39.9426166023
 10
38.9712737799
 20
39.9328944095
 10
38.7988179848
 20
39.9226906066
 10
38.5586932228
 20
39.9121437277
 10
38.2529097535
 20
39.9014090708
 10
37.8855626025
 20
39.8906515966
 10
37.462656472
 20
39.8800366147
 10
37.0198340081
 20
39.8703019655
 10
36.5416739062
 20
39.8609566091
 10
36.0360353646
 20
39.8521048537
 10
35.5089640637
 20
39.8437359891
 10
34.9482685254
 20
39.8350025116
 10
34.3176872396
 20
39.8251803181
 10
33.6577602123
 20
39.814901078
 10
32.9776092242
 20
39.8043068181
 10
32.2873544413
 20
39.7935551646
 10
31.5976280529
 20
39.7828116602
 10
30.9190352839
 20
39.7722418475
 10
30.2984512803
 20
39.7625754177
 10
29.7042788864
 20
39.7533203996
 10
29.1429914926
 20
39.7445776089
 10
28.615492249
 20
39.7362106069
 10
28.1094662771
 20
39.7273679319
 10
27.5928770118
 20
39.7172428257
 10
27.1182550044
 20
39.7066709175
 10
26.6947598123
 20
39.6958072725
 10
26.3302289807
 20
39.6848223227
 10
26.030716572
 20
39.6738927866
 10
25.8001597524
 20
39.6631921231
 10
25.6402195358
 20
39.6528821493
 10
25.5502998755
 20
39.6431048921
 10
25.5311909989
 20
39.6353576853
  0
LWPOLYLINE
  5
1E0
330
1F
100
AcDbEntity
  8
0
  6
Continuous
 62
     7
370
     0
100
AcDbPolyline
 90
       35
 70
   128
 43
0.0
 10
39.1029730365
 20
39.3223045449
 10
39.1159836129
 20
39.3178367576
 10
39.1061465182
 20
39.3128299675
 10
39.0761509464
 20
39.3076166565
 10
38.9712737799
 20
39.2978943474
 10
38.7988179848
 20
39.2876905444
 10
38.5586932228
 20
39.2771437819
 10
38.2529097535
 20
39.2664091251
 10
37.8855626025
 20
39.255651418
 10
37.462656472
 20
39.245036669
 10
37.0198340081
 20
39.2353020198
 10
36.5416739062
 20
39.2259566634
 10
36.0360353646
 20
39.217104908
 10
35.5089640637
 20
39.2087360433
 10
34.9482685254
 20
39.200002333
 10
34.3176872396
 20
39.1901803723
 10
33.6577602123
 20
39.1799011323
 10
32.9776092242
 20
39.1693068723
 10
32.2873544413
 20
39.1585552188
 10
31.5976280529
 20
39.1478117145
 10
30.9190352839
 20
39.1372419017
 10
30.2984512803
 20
39.1275754719
 10
29.7042788864
 20
39.1183204538
 10
29.1429914926
 20
39.1095776631
 10
28.615492249
 20
39.1012106611
 10
28.1094662771
 20
39.0923677533
 10
27.5928770118
 20
39.0822426471
 10
27.1182550044
 20
39.0716707389
 10
26.6947598123
 20
39.0608073267
 10
26.3302289807
 20
39.0498223769
 10
26.030716572
 20
39.038892608
 10
25.8001597524
 20
39.0281919445
 10
25.6402195358
 20
39.0178822036
 10
25.5502998755
 20
39.0081049464
 10
25.5311909989
 20
39.0003575067
  0
LWPOLYLINE
  5
1E1
330
1F
100
AcDbEntity
  8
0
  6
Continuous
 62
     7
370
     0
100
AcDbPolyline
 90
       35
 70
   128
 43
0.0
 10
39.1029730365
 20
38.6873045991
 10
39.1159836129
 20
38.6828368119
 10
39.1061465182
 20
38.6778300217
 10
39.0761509464
 20
38.6726167108
 10
38.9712737799
 20
38.6628944016
 10
38.7988179848
 20
38.6526905986
 10
38.5586932228
 20
38.6421438361
 10
38.2529097535
 20
38.6314091793
 10
37.8855626025
 20
38.6206514723
 10
37.462656472
 20
38.6100367232
 10
37.0198340081
 20
38.600302074
 10
36.5416739062
 20
38.5909564848
 10
36.0360353646
 20
38.5821047294
 10
35.5089640637
 20
38.5737360976
 10
34.9482685254
 20
38.5650023873
 10
34.3176872396
 20
38.5551801938
 10
33.6577602123
 20
38.5449009537
 10
32.9776092242
 20
38.5343066937
 10
32.2873544413
 20
38.5235552731
 10
31.5976280529
 20
38.5128117687
 10
30.9190352839
 20
38.5022417231
 10
30.2984512803
 20
38.4925752933
 10
29.7042788864
 20
38.4833202752
 10
29.1429914926
 20
38.4745774845
 10
28.615492249
 20
38.4662107154
 10
28.1094662771
 20
38.4573678075
 10
27.5928770118
 20
38.4472427013
 10
27.1182550044
 20
38.4366707931
 10
26.6947598123
 20
38.4258073809
 10
26.3302289807
 20
38.4148224312
 10
26.030716572
 20
38.4038926623
 10
25.8001597524
 20
38.3931919987
 10
25.6402195358
 20
38.382882025
 10
25.5502998755
 20
38.3731050006
 10
25.5311909989
 20
38.3653575609
  0
LWPOLYLINE
  5
1E2
330
1F
100
AcDbEntity
  8
0
  6
Continuous
 62
     7
370
     0
100
AcDbPolyline
 90
       35
 70
   128
 43
0.0
 10
39.1029730365
 20
38.0523046533
 10
39.1159836129
 20
38.0478368661
 10
39.1061465182
 20
38.042830076
 10
39.0761509464
 20
38.0376165322
 10
38.9712737799
 20
38.0278944558
 10
38.7988179848
 20
38.0176906529
 10
38.5586932228
 20
38.0071438904
 10
38.2529097535
 20
37.9964092336
 10
37.8855626025
 20
37.9856515265
 10
37.462656472
 20
37.9750367775
 10
37.0198340081
 20
37.9653021282
 10
36.5416739062
 20
37.955956539
 10
36.0360353646
 20
37.9471047836
 10
35.5089640637
 20
37.938735919
 10
34.9482685254
 20
37.9300024415
 10
34.3176872396
 20
37.920180248
 10
33.6577602123
 20
37.9099012407
 10
32.9776092242
 20
37.8993069808
 10
32.2873544413
 20
37.8885553273
 10
31.5976280529
 20
37.8778115901
 10
30.9190352839
 20
37.8672420102
 10
30.2984512803
 20
37.8575753475
 10
29.7042788864
 20
37.8483203295
 10
29.1429914926
 20
37.8395775388
 10
28.615492249
 20
37.8312105368
 10
28.1094662771
 20
37.8223676289
 10
27.5928770118
 20
37.8122427556
 10
27.1182550044
 20
37.8016708474
 10
26.6947598123
 20
37.7908074352
 10
26.3302289807
 20
37.7798224854
 10
26.030716572
 20
37.7688924837
 10
25.8001597524
 20
37.758192053
 10
25.6402195358
 20
37.7478823121
 10
25.5502998755
 20
37.738104822
 10
25.5311909989
 20
37.7303576152
  0
LWPOLYLINE
  5
1E3
330
1F
100
AcDbEntity
  8
0
  6
Continuous
 62
     7
370
     0
100
AcDbPolyline
 90
       35
 70
   128
 43
0.0
 10
39.1029730365
 20
37.4173047076
 10
39.1159836129
 20
37.4128366875
 10
39.1061465182
 20
37.4078298974
 10
39.0761509464
 20
37.4026168193
 10
38.9712737799
 20
37.3928942772
 10
38.7988179848
 20
37.3826907071
 10
38.5586932228
 20
37.3721439446
 10
38.2529097535
 20
37.361409055
 10
37.8855626025
 20
37.3506513479
 10
37.462656472
 20
37.3400365989
 10
37.0198340081
 20
37.3303019497
 10
36.5416739062
 20
37.3209565933
 10
36.0360353646
 20
37.3121048379
 10
35.5089640637
 20
37.3037359732
 10
34.9482685254
 20
37.2950024958
 10
34.3176872396
 20
37.2851803022
 10
33.6577602123
 20
37.2749008293
 10
32.9776092242
 20
37.2643065694
 10
32.2873544413
 20
37.2535553816
 10
31.5976280529
 20
37.2428116443
 10
30.9190352839
 20
37.2322415988
 10
30.2984512803
 20
37.2225754018
 10
29.7042788864
 20
37.2133203837
 10
29.1429914926
 20
37.204577593
 10
28.615492249
 20
37.196210591
 10
28.1094662771
 20
37.1873676832
 10
27.5928770118
 20
37.1772428098
 10
27.1182550044
 20
37.1666709016
 10
26.6947598123
 20
37.1558074894
 10
26.3302289807
 20
37.1448225397
 10
26.030716572
 20
37.1338925379
 10
25.8001597524
 20
37.1231921072
 10
25.6402195358
 20
37.1128819006
 10
25.5502998755
 20
37.1031048763
 10
25.5311909989
 20
37.0953576694
  0
LWPOLYLINE
  5
1E4
330
1F
100
AcDbEntity
  8
0
  6
Continuous
 62
     7
370
     0
100
AcDbPolyline
 90
       35
 70
   128
 43
0.0
 10
39.1029730365
 20
36.7823047618
 10
39.1159836129
 20
36.7778367418
 10
39.1061465182
 20
36.7728299516
 10
39.0761509464
 20
36.7676164078
 10
38.9712737799
 20
36.7578943315
 10
38.7988179848
 20
36.7476907614
 10
38.5586932228
 20
36.7371439989
 10
38.2529097535
 20
36.7264091092
 10
37.8855626025
 20
36.7156514021
 10
37.462656472
 20
36.7050366531
 10
37.0198340081
 20
36.6953020039
 10
36.5416739062
 20
36.6859566475
 10
36.0360353646
 20
36.6771048921
 10
35.5089640637
 20
36.6687360275
 10
34.9482685254
 20
36.66000255
 10
34.3176872396
 20
36.6501803565
 10
33.6577602123
 20
36.6399008836
 10
32.9776092242
 20
36.6293066236
 10
32.2873544413
 20
36.6185549701
 10
31.5976280529
 20
36.6078116986
 10
30.9190352839
 20
36.597241653
 10
30.2984512803
 20
36.587575456
 10
29.7042788864
 20
36.5783204379
 10
29.1429914926
 20
36.5695776473
 10
28.615492249
 20
36.5612106453
 10
28.1094662771
 20
36.5523677374
 10
27.5928770118
 20
36.542242864
 10
27.1182550044
 20
36.5316709558
 10
26.6947598123
 20
36.520807078
 10
26.3302289807
 20
36.5098221282
 10
26.030716572
 20
36.4988925922
 10
25.8001597524
 20
36.4881921614
 10
25.6402195358
 20
36.4778819549
 10
25.5502998755
 20
36.4681049305
 10
25.5311909989
 20
36.4603577237
  0
LWPOLYLINE
  5
1E5
330
1F
100
AcDbEntity
  8
0
  6
Continuous
 62
     7
370
     0
100
AcDbPolyline
 90
       35
 70
   128
 43
0.0
 10
39.1029730365
 20
36.1473048161
 10
39.1159836129
 20
36.142836796
 10
39.1061465182
 20
36.1378300059
 10
39.0761509464
 20
36.1326164621
 10
38.9712737799
 20
36.1228943857
 10
38.7988179848
 20
36.1126908156
 10
38.5586932228
 20
36.1021435874
 10
38.2529097535
 20
36.0914091634
 10
37.8855626025
 20
36.0806514564
 10
37.462656472
 20
36.0700367073
 10
37.0198340081
 20
36.0603020581
 10
36.5416739062
 20
36.0509567018
 10
36.0360353646
 20
36.0421049463
 10
35.5089640637
 20
36.0337360817
 10
34.9482685254
 20
36.0250026042
 10
34.3176872396
 20
36.0151804107
 10
33.6577602123
 20
36.0049009378
 10
32.9776092242
 20
35.9943066778
 10
32.2873544413
 20
35.9835550244
 10
31.5976280529
 20
35.9728117528
 10
30.9190352839
 20
35.9622417073
 10
30.2984512803
 20
35.9525755103
 10
29.7042788864
 20
35.9433204922
 10
29.1429914926
 20
35.9345777015
 10
28.615492249
 20
35.9262106995
 10
28.1094662771
 20
35.9173677917
 10
27.5928770118
 20
35.9072429183
 10
27.1182550044
 20
35.8966710101
 10
26.6947598123
 20
35.8858071322
 10
26.3302289807
 20
35.8748221825
 10
26.030716572
 20
35.8638926464
 10
25.8001597524
 20
35.8531922157
 10
25.6402195358
 20
35.8428820091
 10
25.5502998755
 20
35.8331049847
 10
25.5311909989
 20
35.8253577779
  0
LWPOLYLINE
  5
1E6
330
1F
100
AcDbEntity
  8
0
  6
Continuous
 62
     7
370
     0
100
AcDbPolyline
 90
       35
 70
   128
 43
0.0
 10
39.1029730365
 20
35.5123044046
 10
39.1159836129
 20
35.5078368503
 10
39.1061465182
 20
35.5028300601
 10
39.0761509464
 20
35.4976165163
 10
38.9712737799
 20
35.48789444
 10
38.7988179848
 20
35.4776904042
 10
38.5586932228
 20
35.4671436417
 10
38.2529097535
 20
35.4564092177
 10
37.8855626025
 20
35.4456515106
 10
37.462656472
 20
35.4350367616
 10
37.0198340081
 20
35.4253021124
 10
36.5416739062
 20
35.415956756
 10
36.0360353646
 20
35.4071050006
 10
35.5089640637
 20
35.3987361359
 10
34.9482685254
 20
35.3900026585
 10
34.3176872396
 20
35.380180465
 10
33.6577602123
 20
35.369900992
 10
32.9776092242
 20
35.3593067321
 10
32.2873544413
 20
35.3485550786
 10
31.5976280529
 20
35.3378118071
 10
30.9190352839
 20
35.3272417615
 10
30.2984512803
 20
35.3175755645
 10
29.7042788864
 20
35.3083205464
 10
29.1429914926
 20
35.2995777558
 10
28.615492249
 20
35.2912107537
 10
28.1094662771
 20
35.2823678459
 10
27.5928770118
 20
35.2722425069
 10
27.1182550044
 20
35.2616705987
 10
26.6947598123
 20
35.2508071865
 10
26.3302289807
 20
35.2398222367
 10
26.030716572
 20
35.2288927006
 10
25.8001597524
 20
35.2181918043
 10
25.6402195358
 20
35.2078820634
 10
25.5502998755
 20
35.198105039
 10
25.5311909989
 20
35.1903573665
  0
LWPOLYLINE
  5
1E7
330
1F
100
AcDbEntity
  8
0
  6
Continuous
 62
     7
370
     0
100
AcDbPolyline
 90
       35
 70
   128
 43
0.0
 10
39.1029730365
 20
34.8773044589
 10
39.1159836129
 20
34.8728369045
 10
39.1061465182
 20
34.8678301143
 10
39.0761509464
 20
34.8626165706
 10
38.9712737799
 20
34.8528944942
 10
38.7988179848
 20
34.8426904584
 10
38.5586932228
 20
34.8321436959
 10
38.2529097535
 20
34.8214092719
 10
37.8855626025
 20
34.8106515649
 10
37.462656472
 20
34.8000368158
 10
37.0198340081
 20
34.7903021666
 10
36.5416739062
 20
34.7809568102
 10
36.0360353646
 20
34.7721045892
 10
35.5089640637
 20
34.7637361902
 10
34.9482685254
 20
34.7550022471
 10
34.3176872396
 20
34.7451805192
 10
33.6577602123
 20
34.7349010463
 10
32.9776092242
 20
34.7243067863
 10
32.2873544413
 20
34.7135551329
 10
31.5976280529
 20
34.7028118613
 10
30.9190352839
 20
34.6922418157
 10
30.2984512803
 20
34.6825751531
 10
29.7042788864
 20
34.673320135
 10
29.1429914926
 20
34.6645773443
 10
28.615492249
 20
34.656210808
 10
28.1094662771
 20
34.6473679001
 10
27.5928770118
 20
34.6372425611
 10
27.1182550044
 20
34.6266706529
 10
26.6947598123
 20
34.6158072407
 10
26.3302289807
 20
34.604822291
 10
26.030716572
 20
34.5938927549
 10
25.8001597524
 20
34.5831918585
 10
25.6402195358
 20
34.5728821176
 10
25.5502998755
 20
34.5631050932
 10
25.5311909989
 20
34.5553574207
  0
LWPOLYLINE
  5
1E8
330
1F
100
AcDbEntity
  8
0
  6
Continuous
 62
     7
370
     0
100
AcDbPolyline
 90
       35
 70
   128
 43
0.0
 10
39.1029730365
 20
34.2423045131
 10
39.1159836129
 20
34.2378369587
 10
39.1061465182
 20
34.2328301686
 10
39.0761509464
 20
34.2276166248
 10
38.9712737799
 20
34.2178945484
 10
38.7988179848
 20
34.2076905127
 10
38.5586932228
 20
34.1971437502
 10
38.2529097535
 20
34.1864093262
 10
37.8855626025
 20
34.1756516191
 10
37.462656472
 20
34.1650368701
 10
37.0198340081
 20
34.1553022209
 10
36.5416739062
 20
34.1459563988
 10
36.0360353646
 20
34.1371046434
 10
35.5089640637
 20
34.1287357788
 10
34.9482685254
 20
34.1200023013
 10
34.3176872396
 20
34.1101801078
 10
33.6577602123
 20
34.0999011005
 10
32.9776092242
 20
34.0893068406
 10
32.2873544413
 20
34.0785551871
 10
31.5976280529
 20
34.0678119155
 10
30.9190352839
 20
34.05724187
 10
30.2984512803
 20
34.0475752073
 10
29.7042788864
 20
34.0383201892
 10
29.1429914926
 20
34.0295778642
 10
28.615492249
 20
34.0212108622
 10
28.1094662771
 20
34.0123679544
 10
27.5928770118
 20
34.0022426153
 10
27.1182550044
 20
33.9916711728
 10
26.6947598123
 20
33.980807295
 10
26.3302289807
 20
33.9698223452
 10
26.030716572
 20
33.9588923435
 10
25.8001597524
 20
33.9481923784
 10
25.6402195358
 20
33.9378817062
 10
25.5502998755
 20
33.9281046818
 10
25.5311909989
 20
33.9203579406
  0
LWPOLYLINE
  5
1E9
330
1F
100
AcDbEntity
  8
0
  6
Continuous
 62
     7
370
     0
100
AcDbPolyline
 90
       35
 70
   128
 43
0.0
 10
39.1029730365
 20
33.607305033
 10
39.1159836129
 20
33.6028365473
 10
39.1061465182
 20
33.5978297572
 10
39.0761509464
 20
33.5926162134
 10
38.9712737799
 20
33.582894137
 10
38.7988179848
 20
33.5726905669
 10
38.5586932228
 20
33.5621433387
 10
38.2529097535
 20
33.5514089147
 10
37.8855626025
 20
33.5406512077
 10
37.462656472
 20
33.5300369243
 10
37.0198340081
 20
33.5203018094
 10
36.5416739062
 20
33.5109569187
 10
36.0360353646
 20
33.5021046976
 10
35.5089640637
 20
33.493735833
 10
34.9482685254
 20
33.4850028212
 10
34.3176872396
 20
33.475180162
 10
33.6577602123
 20
33.4649011548
 10
32.9776092242
 20
33.4543064291
 10
32.2873544413
 20
33.4435552413
 10
31.5976280529
 20
33.4328115041
 10
30.9190352839
 20
33.4222419242
 10
30.2984512803
 20
33.4125757272
 10
29.7042788864
 20
33.4033202435
 10
29.1429914926
 20
33.3945779185
 10
28.615492249
 20
33.3862109165
 10
28.1094662771
 20
33.3773680086
 10
27.5928770118
 20
33.3672426696
 10
27.1182550044
 20
33.356671227
 10
26.6947598123
 20
33.3458073492
 10
26.3302289807
 20
33.3348223994
 10
26.030716572
 20
33.3238923977
 10
25.8001597524
 20
33.3131924326
 10
25.6402195358
 20
33.3028817604
 10
25.5502998755
 20
33.293104736
 10
25.5311909989
 20
33.2853579949
  0
LINE
  5
1EA
330
1F
100
AcDbEntity
  8
0
  6
Continuous
 62
     7
370
     0
100
AcDbLine
 10
32.3214834482
 20
33.0948364044
 30
0.0
 11
32.3214834482
 21
33.3223510588
 31
0.0
  0
LINE
  5
1EB
330
1F
100
AcDbEntity
  8
0
  6
Continuous
 62
     7
370
     0
100
AcDbLine
 10
25.5269832835
 20
33.0948364044
 30
0.0
 11
32.3214834482
 21
33.0948364044
 31
0.0
  0
LINE
  5
1EC
330
1F
100
AcDbEntity
  8
0
  6
Continuous
 62
     7
370
     0
100
AcDbLine
 10
38.8926920407
 20
33.0948364044
 30
0.0
 11
34.0685518152
 21
33.0948364044
 31
0.0
  0
LINE
  5
1ED
330
1F
100
AcDbEntity
  8
0
  6
Continuous
 62
     7
370
     0
100
AcDbLine
 10
39.1159836129
 20
41.8578367735
 30
0.0
 11
27.0762979911
 21
41.8578367735
 31
0.0
  0
ARC
  5
1EE
330
1F
100
AcDbEntity
  8
0
  6
Continuous
 62
     7
370
     0
100
AcDbCircle
 10
28.1375883734
 20
30.2464171757
 30
0.0
 40
0.4113187352293014
100
AcDbArc
 50
357.0753499493
 51
57.6543518638
  0
ARC
  5
1EF
330
1F
100
AcDbEntity
  8
0
  6
Continuous
 62
     7
370
     0
100
AcDbCircle
 10
30.3621556393
 20
34.9934860819
 30
0.0
 40
4.834693344029826
100
AcDbArc
 50
240.1916449378
 51
245.5053844996
  0
ARC
  5
1F0
330
1F
100
AcDbEntity
  8
0
  6
Continuous
 62
     7
370
     0
100
AcDbCircle
 10
28.1619345526
 20
30.9212500879
 30
0.0
 40
0.2373411821875246
100
AcDbArc
 50
177.1406840726
 51
211.1560697146
  0
ARC
  5
1F1
330
1F
100
AcDbEntity
  8
0
  6
Continuous
 62
     7
370
     0
100
AcDbCircle
 10
28.1282561642
 20
30.9559076547
 30
0.0
 40
0.2046434184185709
100
AcDbArc
 50
89.1542221403
 51
186.401890873
  0
ARC
  5
1F2
330
1F
100
AcDbEntity
  8
0
  6
Continuous
 62
     7
370
     0
100
AcDbCircle
 10
28.1241247108
 20
30.9178163862
 30
0.0
 40
0.2428177480946816
100
AcDbArc
 50
352.7066872687
 51
88.3121056283
  0
LINE
  5
1F3
330
1F
100
AcDbEntity
  8
0
  6
Continuous
 62
     7
370
     0
100
AcDbLine
 10
28.3649778851
 20
30.886990955
 30
0.0
 11
28.5196400639
 21
30.886990955
 31
0.0
  0
ARC
  5
1F4
330
1F
100
AcDbEntity
  8
0
  6
Continuous
 62
     7
370
     0
100
AcDbCircle
 10
28.1095883256
 20
30.9248886386
 30
0.0
 40
0.4117992988361405
100
AcDbArc
 50
354.7196264663
 51
87.7680136193
  0
ARC
  5
1F5
330
1F
100
AcDbEntity
  8
0
  6
Continuous
 62
     7
370
     0
100
AcDbCircle
 10
28.1604176375
 20
30.9696334283
 30
0.0
 40
0.3683886666661962
100
AcDbArc
 50
95.4192284761
 51
187.8928192697
  0
ARC
  5
1F6
330
1F
100
AcDbEntity
  8
0
  6
Continuous
 62
     7
370
     0
100
AcDbCircle
 10
28.2142329548
 20
30.8987921759
 30
0.0
 40
0.4192036952054637
100
AcDbArc
 50
177.2306565317
 51
227.5169111021
  0
ARC
  5
1F7
330
1F
100
AcDbEntity
  8
0
  6
Continuous
 62
     7
370
     0
100
AcDbCircle
 10
30.1669547528
 20
34.7524021546
 30
0.0
 40
4.725206653618973
100
AcDbArc
 50
241.7595355849
 51
246.4480004915
  0
ARC
  5
1F8
330
1F
100
AcDbEntity
  8
0
  6
Continuous
 62
     7
370
     0
100
AcDbCircle
 10
28.1724280736
 20
30.2275864004
 30
0.0
 40
0.2205977376903261
100
AcDbArc
 50
356.7424377104
 51
61.155771456
  0
ARC
  5
1F9
330
1F
100
AcDbEntity
  8
0
  6
Continuous
 62
     7
370
     0
100
AcDbCircle
 10
28.1441603135
 20
30.1980770483
 30
0.0
 40
0.2490880661138652
100
AcDbArc
 50
272.0245380318
 51
3.9074204976
  0
LWPOLYLINE
  5
1FA
330
1F
100
AcDbEntity
  8
0
  6
Continuous
 62
     7
370
     0
100
AcDbPolyline
 90
        6
 70
   128
 43
0.0
 10
27.8889528402
 20
30.3203752319
 10
27.9102447369
 20
30.169403186
 10
27.9333778583
 20
30.1001835669
 10
27.9658377097
 20
30.0445444937
 10
28.0525377878
 20
29.9717569779
 10
28.1529599727
 20
29.9491444657
  0
LINE
  5
1FB
330
1F
100
AcDbEntity
  8
0
  6
Continuous
 62
     7
370
     0
100
AcDbLine
 10
27.7613900528
 20
30.3203752319
 30
0.0
 11
27.8889528402
 21
30.3203752319
 31
0.0
  0
LWPOLYLINE
  5
1FC
330
1F
100
AcDbEntity
  8
0
  6
Continuous
 62
     7
370
     0
100
AcDbPolyline
 90
       10
 70
   128
 43
0.0
 10
28.1592687518
 20
29.7732986565
 10
28.0800956228
 20
29.7796661089
 10
28.0062543155
 20
29.7999987434
 10
27.9343226851
 20
29.8417648355
 10
27.8750798591
 20
29.9031389932
 10
27.8267828674
 20
29.9864523168
 10
27.8072004133
 20
30.0358086879
 10
27.7905693204
 20
30.0902966465
 10
27.7695400567
 20
30.2007077317
 10
27.7613900528
 20
30.3203752319
  0
ARC
  5
1FD
330
1F
100
AcDbEntity
  8
0
  6
Continuous
 62
     7
370
     0
100
AcDbCircle
 10
28.127582676
 20
30.1940634518
 30
0.0
 40
0.4219561829991047
100
AcDbArc
 50
274.306582241
 51
4.2631577521
  0
LWPOLYLINE
  5
1FE
330
1F
100
AcDbEntity
  8
0
  6
Continuous
 62
     7
370
     0
100
AcDbPolyline
 90
       12
 70
   128
 43
0.0
 10
31.1386532542
 20
30.5444570313
 10
31.1363122585
 20
30.4450811873
 10
31.1312080287
 20
30.3590977619
 10
31.1233424275
 20
30.2865058239
 10
31.1090687449
 20
30.2015570979
 10
31.0875030394
 20
30.1158679704
 10
31.0588021223
 20
30.0373463015
 10
30.9915973033
 20
29.9220429788
 10
30.9032629869
 20
29.8389298896
 10
30.7891748073
 20
29.7881653587
 10
30.7281352273
 20
29.7766411732
 10
30.666383884
 20
29.7732986565
  0
LWPOLYLINE
  5
1FF
330
1F
100
AcDbEntity
  8
0
  6
Continuous
 62
     7
370
     0
100
AcDbPolyline
 90
       11
 70
   128
 43
0.0
 10
30.666383884
 20
31.3168363701
 10
30.7281702683
 20
31.3131529893
 10
30.7891869145
 20
31.3013084288
 10
30.9036037345
 20
31.2508773114
 10
30.9535116815
 20
31.2117487247
 10
30.9956287659
 20
31.1639737393
 10
31.0274355273
 20
31.1133535634
 10
31.0569751003
 20
31.0513228233
 10
31.1090075104
 20
30.8879707063
 10
31.1316835853
 20
30.7296887095
 10
31.1386532542
 20
30.5444570313
  0
LWPOLYLINE
  5
200
330
1F
100
AcDbEntity
  8
0
  6
Continuous
 62
     7
370
     0
100
AcDbPolyline
 90
       12
 70
   128
 43
0.0
 10
30.2067530268
 20
30.5444570313
 10
30.2084675916
 20
30.6377699654
 10
30.2126648296
 20
30.7166464682
 10
30.221306339
 20
30.8026587645
 10
30.2362086643
 20
30.8953058029
 10
30.2566202284
 20
30.9784524198
 10
30.2825664096
 20
31.0520995463
 10
30.3477811088
 20
31.1683593373
 10
30.4325895543
 20
31.2508400584
 10
30.5443827222
 20
31.3017228673
 10
30.6047942416
 20
31.3134519438
 10
30.666383884
 20
31.3168363701
  0
ARC
  5
201
330
1F
100
AcDbEntity
  8
0
  6
Continuous
 62
     7
370
     0
100
AcDbCircle
 10
31.2762324136
 20
30.4531176362
 30
0.0
 40
1.073372742279085
100
AcDbArc
 50
175.1184725097
 51
209.7715346263
  0
ARC
  5
202
330
1F
100
AcDbEntity
  8
0
  6
Continuous
 62
     7
370
     0
100
AcDbCircle
 10
30.6511202029
 20
30.1659838355
 30
0.0
 40
0.3929817168985879
100
AcDbArc
 50
218.724804899
 51
272.2259675402
  0
LWPOLYLINE
  5
203
330
1F
100
AcDbEntity
  8
0
  6
Continuous
 62
     7
370
     0
100
AcDbPolyline
 90
        3
 70
   128
 43
0.0
 10
32.3019450882
 20
30.315490445
 10
32.2741990588
 20
30.1267812083
 10
32.1853383341
 20
29.9583030919
  0
ARC
  5
204
330
1F
100
AcDbEntity
  8
0
  6
Continuous
 62
     7
370
     0
100
AcDbCircle
 10
31.8435996509
 20
30.349387438
 30
0.0
 40
0.4595971562519297
100
AcDbArc
 50
355.7703834891
 51
88.5486840162
  0
LWPOLYLINE
  5
205
330
1F
100
AcDbEntity
  8
0
  6
Continuous
 62
     7
370
     0
100
AcDbPolyline
 90
        3
 70
   128
 43
0.0
 10
31.5851385515
 20
30.7071758489
 10
31.7114892226
 20
30.7813892196
 10
31.8552401134
 20
30.8088371585
  0
LINE
  5
206
330
1F
100
AcDbEntity
  8
0
  6
Continuous
 62
     7
370
     0
100
AcDbLine
 10
31.6620740617
 20
31.1019141282
 30
0.0
 11
31.5851385515
 21
30.7071758489
 31
0.0
  0
LINE
  5
207
330
1F
100
AcDbEntity
  8
0
  6
Continuous
 62
     7
370
     0
100
AcDbLine
 10
31.6620740617
 20
31.1019141282
 30
0.0
 11
32.2237961794
 21
31.1019141282
 31
0.0
  0
LINE
  5
208
330
1F
100
AcDbEntity
  8
0
  6
Continuous
 62
     7
370
     0
100
AcDbLine
 10
32.2237961794
 20
31.2972981538
 30
0.0
 11
32.2237961794
 21
31.1019141282
 31
0.0
  0
LINE
  5
209
330
1F
100
AcDbEntity
  8
0
  6
Continuous
 62
     7
370
     0
100
AcDbLine
 10
31.5038144748
 20
31.2972981538
 30
0.0
 11
32.2237961794
 21
31.2972981538
 31
0.0
  0
LINE
  5
20A
330
1F
100
AcDbEntity
  8
0
  6
Continuous
 62
     7
370
     0
100
AcDbLine
 10
31.3495292487
 20
30.5157601888
 30
0.0
 11
31.5038144748
 21
31.2972981538
 31
0.0
  0
LINE
  5
20B
330
1F
100
AcDbEntity
  8
0
  6
Continuous
 62
     7
370
     0
100
AcDbLine
 10
31.5424904968
 20
30.4962210412
 30
0.0
 11
31.3495292487
 21
30.5157601888
 31
0.0
  0
ARC
  5
20C
330
1F
100
AcDbEntity
  8
0
  6
Continuous
 62
     7
370
     0
100
AcDbCircle
 10
31.7894126742
 20
30.3422368607
 30
0.0
 40
0.2910011847492968
100
AcDbArc
 50
87.6361467287
 51
148.0517485999
  0
ARC
  5
20D
330
1F
100
AcDbEntity
  8
0
  6
Continuous
 62
     7
370
     0
100
AcDbCircle
 10
31.8153129965
 20
30.3398126109
 30
0.0
 40
0.2935070318208103
100
AcDbArc
 50
352.969866029
 51
92.714033947
  0
ARC
  5
20E
330
1F
100
AcDbEntity
  8
0
  6
Continuous
 62
     7
370
     0
100
AcDbCircle
 10
31.7948990381
 20
30.263424438
 30
0.0
 40
0.3143299348072087
100
AcDbArc
 50
271.0215811791
 51
7.3965336447
  0
ARC
  5
20F
330
1F
100
AcDbEntity
  8
0
  6
Continuous
 62
     7
370
     0
100
AcDbCircle
 10
31.7988876396
 20
30.224888566
 30
0.0
 40
0.2757488330715224
100
AcDbArc
 50
180.4582373445
 51
270.3356932818
  0
LINE
  5
210
330
1F
100
AcDbEntity
  8
0
  6
Continuous
 62
     7
370
     0
100
AcDbLine
 10
31.3302946436
 20
30.2031440715
 30
0.0
 11
31.5231476255
 21
30.2226832191
 31
0.0
  0
ARC
  5
211
330
1F
100
AcDbEntity
  8
0
  6
Continuous
 62
     7
370
     0
100
AcDbCircle
 10
31.77884874
 20
30.2217739734
 30
0.0
 40
0.4489408097425062
100
AcDbArc
 50
182.3783120671
 51
272.6093785607
  0
ARC
  5
212
330
1F
100
AcDbEntity
  8
0
  6
Continuous
 62
     7
370
     0
100
AcDbCircle
 10
31.8108003419
 20
30.2445652008
 30
0.0
 40
0.4714071515640159
100
AcDbArc
 50
268.6005602265
 51
322.6090576715
  0
ARC
  5
213
330
1F
100
AcDbEntity
  8
0
  6
Continuous
 62
     7
370
     0
100
AcDbCircle
 10
34.9999401864
 20
31.6286157589
 30
0.0
 40
0.7929892732737418
100
AcDbArc
 50
299.1168136346
 51
336.8481255846
  0
LINE
  5
214
330
1F
100
AcDbEntity
  8
0
  6
Continuous
 62
     7
370
     0
100
AcDbLine
 10
35.3858022411
 20
30.7557163815
 30
0.0
 11
35.3858022411
 21
30.9358369614
 31
0.0
  0
ARC
  5
215
330
1F
100
AcDbEntity
  8
0
  6
Continuous
 62
     7
370
     0
100
AcDbCircle
 10
34.9857473637
 20
31.564901553
 30
0.0
 40
0.9026763244610096
100
AcDbArc
 50
296.3074347146
 51
319.6458316564
  0
LINE
  5
216
330
1F
100
AcDbEntity
  8
0
  6
Continuous
 62
     7
370
     0
100
AcDbLine
 10
35.6736377274
 20
29.7928368728
 30
0.0
 11
35.6736377274
 21
30.9804091285
 31
0.0
  0
LINE
  5
217
330
1F
100
AcDbEntity
  8
0
  6
Continuous
 62
     7
370
     0
100
AcDbLine
 10
35.6736377274
 20
29.7928368728
 30
0.0
 11
35.8278815095
 21
29.7928368728
 31
0.0
  0
LINE
  5
218
330
1F
100
AcDbEntity
  8
0
  6
Continuous
 62
     7
370
     0
100
AcDbLine
 10
35.8278815095
 20
31.3168363701
 30
0.0
 11
35.8278815095
 21
29.7928368728
 31
0.0
  0
LINE
  5
219
330
1F
100
AcDbEntity
  8
0
  6
Continuous
 62
     7
370
     0
100
AcDbLine
 10
35.7290667874
 20
31.3168363701
 30
0.0
 11
35.8278815095
 21
31.3168363701
 31
0.0
  0
LINE
  5
21A
330
1F
100
AcDbEntity
  8
0
  6
Continuous
 62
     7
370
     0
100
AcDbLine
 10
36.3851316199
 20
30.2617596517
 30
0.0
 11
36.264167253
 21
29.7928368728
 31
0.0
  0
LINE
  5
21B
330
1F
100
AcDbEntity
  8
0
  6
Continuous
 62
     7
370
     0
100
AcDbLine
 10
36.3851316199
 20
30.2617596517
 30
0.0
 11
36.802628629
 21
30.2617596517
 31
0.0
  0
LINE
  5
21C
330
1F
100
AcDbEntity
  8
0
  6
Continuous
 62
     7
370
     0
100
AcDbLine
 10
36.9040510543
 20
29.7928368728
 30
0.0
 11
36.802628629
 21
30.2617596517
 31
0.0
  0
LINE
  5
21D
330
1F
100
AcDbEntity
  8
0
  6
Continuous
 62
     7
370
     0
100
AcDbLine
 10
36.9040510543
 20
29.7928368728
 30
0.0
 11
37.0307030083
 21
29.7928368728
 31
0.0
  0
LINE
  5
21E
330
1F
100
AcDbEntity
  8
0
  6
Continuous
 62
     7
370
     0
100
AcDbLine
 10
36.6780283787
 20
31.3168363701
 30
0.0
 11
37.0307030083
 21
29.7928368728
 31
0.0
  0
LINE
  5
21F
330
1F
100
AcDbEntity
  8
0
  6
Continuous
 62
     7
370
     0
100
AcDbLine
 10
36.5221762025
 20
31.3168363701
 30
0.0
 11
36.6780283787
 21
31.3168363701
 31
0.0
  0
LINE
  5
220
330
1F
100
AcDbEntity
  8
0
  6
Continuous
 62
     7
370
     0
100
AcDbLine
 10
36.0993219931
 20
29.7928368728
 30
0.0
 11
36.5221762025
 21
31.3168363701
 31
0.0
  0
LINE
  5
221
330
1F
100
AcDbEntity
  8
0
  6
Continuous
 62
     7
370
     0
100
AcDbLine
 10
36.0993219931
 20
29.7928368728
 30
0.0
 11
36.264167253
 21
29.7928368728
 31
0.0
  0
LWPOLYLINE
  5
222
330
1F
100
AcDbEntity
  8
0
  6
Continuous
 62
     7
370
     0
100
AcDbPolyline
 90
       13
 70
   128
 43
0.0
 10
35.1027961281
 20
30.5630797575
 10
35.0991025028
 20
30.4562076981
 10
35.0892363042
 20
30.3625809084
 10
35.0707844757
 20
30.2675114999
 10
35.0222492982
 20
30.1206139902
 10
34.9913135563
 20
30.0575234051
 10
34.9558755682
 20
30.0013385768
 10
34.8600666896
 20
29.8989061321
 10
34.8040581141
 20
29.8623591716
 10
34.7401149032
 20
29.8337712939
 10
34.6544301995
 20
29.8097143005
 10
34.5685135965
 20
29.7971954624
 10
34.4712055215
 20
29.7928368728
  0
ARC
  5
223
330
1F
100
AcDbEntity
  8
0
  6
Continuous
 62
     7
370
     0
100
AcDbCircle
 10
34.2431284573
 20
30.6207702552
 30
0.0
 40
0.8616012405986516
100
AcDbArc
 50
356.1607565847
 51
40.9856104693
  0
LWPOLYLINE
  5
224
330
1F
100
AcDbEntity
  8
0
  6
Continuous
 62
     7
370
     0
100
AcDbPolyline
 90
        3
 70
   128
 43
0.0
 10
34.6947920901
 20
31.294856226
 10
34.8007672858
 20
31.2541658114
 10
34.8935291097
 20
31.1858682017
  0
LINE
  5
225
330
1F
100
AcDbEntity
  8
0
  6
Continuous
 62
     7
370
     0
100
AcDbLine
 10
34.4483592474
 20
31.3168363701
 30
0.0
 11
34.6947920901
 21
31.294856226
 31
0.0
  0
LINE
  5
226
330
1F
100
AcDbEntity
  8
0
  6
Continuous
 62
     7
370
     0
100
AcDbLine
 10
33.9579113918
 20
31.3168363701
 30
0.0
 11
34.4483592474
 21
31.3168363701
 31
0.0
  0
LINE
  5
227
330
1F
100
AcDbEntity
  8
0
  6
Continuous
 62
     7
370
     0
100
AcDbLine
 10
33.9579113918
 20
29.7928368728
 30
0.0
 11
33.9579113918
 21
31.3168363701
 31
0.0
  0
LINE
  5
228
330
1F
100
AcDbEntity
  8
0
  6
Continuous
 62
     7
370
     0
100
AcDbLine
 10
33.9579113918
 20
29.7928368728
 30
0.0
 11
34.4712055215
 21
29.7928368728
 31
0.0
  0
LINE
  5
229
330
1F
100
AcDbEntity
  8
0
  6
Continuous
 62
     7
370
     0
100
AcDbLine
 10
32.7898564267
 20
30.4180672447
 30
0.0
 11
32.7898564267
 21
29.7928368728
 31
0.0
  0
LINE
  5
22A
330
1F
100
AcDbEntity
  8
0
  6
Continuous
 62
     7
370
     0
100
AcDbLine
 10
32.7898564267
 20
30.4180672447
 30
0.0
 11
33.1605884988
 21
30.4180672447
 31
0.0
  0
ARC
  5
22B
330
1F
100
AcDbEntity
  8
0
  6
Continuous
 62
     7
370
     0
100
AcDbCircle
 10
33.2393205254
 20
30.8665608101
 30
0.0
 40
0.455351743408054
100
AcDbArc
 50
260.0433073369
 51
1.5336441913
  0
ARC
  5
22C
330
1F
100
AcDbEntity
  8
0
  6
Continuous
 62
     7
370
     0
100
AcDbCircle
 10
33.2949379054
 20
30.9065280077
 30
0.0
 40
0.4005357924527795
100
AcDbArc
 50
356.0229110525
 51
81.331476974
  0
LINE
  5
22D
330
1F
100
AcDbEntity
  8
0
  6
Continuous
 62
     7
370
     0
100
AcDbLine
 10
33.1325079008
 20
31.3168363701
 30
0.0
 11
33.3553057556
 21
31.3024884145
 31
0.0
  0
LINE
  5
22E
330
1F
100
AcDbEntity
  8
0
  6
Continuous
 62
     7
370
     0
100
AcDbLine
 10
32.5753960626
 20
31.3168363701
 30
0.0
 11
33.1325079008
 21
31.3168363701
 31
0.0
  0
LINE
  5
22F
330
1F
100
AcDbEntity
  8
0
  6
Continuous
 62
     7
370
     0
100
AcDbLine
 10
32.5753960626
 20
29.7928368728
 30
0.0
 11
32.5753960626
 21
31.3168363701
 31
0.0
  0
LINE
  5
230
330
1F
100
AcDbEntity
  8
0
  6
Continuous
 62
     7
370
     0
100
AcDbLine
 10
32.5753960626
 20
29.7928368728
 30
0.0
 11
32.7898564267
 21
29.7928368728
 31
0.0
  0
LINE
  5
231
330
1F
100
AcDbEntity
  8
0
  6
Continuous
 62
     7
370
     0
100
AcDbLine
 10
28.907129394
 20
31.0823749806
 30
0.0
 11
28.907129394
 21
29.7928368728
 31
0.0
  0
LINE
  5
232
330
1F
100
AcDbEntity
  8
0
  6
Continuous
 62
     7
370
     0
100
AcDbLine
 10
29.235752618
 20
29.7928368728
 30
0.0
 11
28.907129394
 21
31.0823749806
 31
0.0
  0
LINE
  5
233
330
1F
100
AcDbEntity
  8
0
  6
Continuous
 62
     7
370
     0
100
AcDbLine
 10
29.235752618
 20
29.7928368728
 30
0.0
 11
29.4255240281
 21
29.7928368728
 31
0.0
  0
LINE
  5
234
330
1F
100
AcDbEntity
  8
0
  6
Continuous
 62
     7
370
     0
100
AcDbLine
 10
29.7806566507
 20
31.0823749806
 30
0.0
 11
29.4255240281
 21
29.7928368728
 31
0.0
  0
LINE
  5
235
330
1F
100
AcDbEntity
  8
0
  6
Continuous
 62
     7
370
     0
100
AcDbLine
 10
29.7806566507
 20
29.7928368728
 30
0.0
 11
29.7806566507
 21
31.0823749806
 31
0.0
  0
LINE
  5
236
330
1F
100
AcDbEntity
  8
0
  6
Continuous
 62
     7
370
     0
100
AcDbLine
 10
29.7806566507
 20
29.7928368728
 30
0.0
 11
29.9739093446
 21
29.7928368728
 31
0.0
  0
LINE
  5
237
330
1F
100
AcDbEntity
  8
0
  6
Continuous
 62
     7
370
     0
100
AcDbLine
 10
29.9739093446
 20
31.3168363701
 30
0.0
 11
29.9739093446
 21
29.7928368728
 31
0.0
  0
LINE
  5
238
330
1F
100
AcDbEntity
  8
0
  6
Continuous
 62
     7
370
     0
100
AcDbLine
 10
29.6870370787
 20
31.3168363701
 30
0.0
 11
29.9739093446
 21
31.3168363701
 31
0.0
  0
LINE
  5
239
330
1F
100
AcDbEntity
  8
0
  6
Continuous
 62
     7
370
     0
100
AcDbLine
 10
29.3945154101
 20
30.2657289485
 30
0.0
 11
29.6870370787
 21
31.3168363701
 31
0.0
  0
LWPOLYLINE
  5
23A
330
1F
100
AcDbEntity
  8
0
  6
Continuous
 62
     7
370
     0
100
AcDbPolyline
 90
        3
 70
   128
 43
0.0
 10
29.3310653345
 20
30.0236344392
 10
29.353064105
 20
30.1089743207
 10
29.3945154101
 20
30.2657289485
  0
ARC
  5
23B
330
1F
100
AcDbEntity
  8
0
  6
Continuous
 62
     7
370
     0
100
AcDbCircle
 10
2.1885295792
 20
23.1323885586
 30
0.0
 40
28.00368756092661
100
AcDbArc
 50
14.2458751583
 51
14.7187523291
  0
LINE
  5
23C
330
1F
100
AcDbEntity
  8
0
  6
Continuous
 62
     7
370
     0
100
AcDbLine
 10
28.9935596214
 20
31.3168363701
 30
0.0
 11
29.2732662913
 21
30.2474116961
 31
0.0
  0
LINE
  5
23D
330
1F
100
AcDbEntity
  8
0
  6
Continuous
 62
     7
370
     0
100
AcDbLine
 10
28.7395593171
 20
31.3168363701
 30
0.0
 11
28.9935596214
 21
31.3168363701
 31
0.0
  0
LINE
  5
23E
330
1F
100
AcDbEntity
  8
0
  6
Continuous
 62
     7
370
     0
100
AcDbLine
 10
28.7395593171
 20
29.7928368728
 30
0.0
 11
28.7395593171
 21
31.3168363701
 31
0.0
  0
LINE
  5
23F
330
1F
100
AcDbEntity
  8
0
  6
Continuous
 62
     7
370
     0
100
AcDbLine
 10
28.7395593171
 20
29.7928368728
 30
0.0
 11
28.907129394
 21
29.7928368728
 31
0.0
  0
LINE
  5
240
330
1F
100
AcDbEntity
  8
0
  6
Continuous
 62
     7
370
     0
100
AcDbLine
 10
32.3214834482
 20
28.0148368384
 30
0.0
 11
37.9094836228
 21
28.0148368384
 31
0.0
  0
LINE
  5
241
330
1F
100
AcDbEntity
  8
0
  6
Continuous
 62
     7
370
     0
100
AcDbLine
 10
26.7334832736
 20
28.0148368384
 30
0.0
 11
32.3214834482
 21
28.0148368384
 31
0.0
  0
LINE
  5
242
330
1F
100
AcDbEntity
  8
0
  6
Continuous
 62
     7
370
     0
100
AcDbLine
 10
32.7898564267
 20
30.5939139853
 30
0.0
 11
33.1548533561
 21
30.5939139853
 31
0.0
  0
ARC
  5
243
330
1F
100
AcDbEntity
  8
0
  6
Continuous
 62
     7
370
     0
100
AcDbCircle
 10
33.2084144011
 20
30.8655708887
 30
0.0
 40
0.2768867253522702
100
AcDbArc
 50
258.8463766758
 51
1.4633882828
  0
ARC
  5
244
330
1F
100
AcDbEntity
  8
0
  6
Continuous
 62
     7
370
     0
100
AcDbCircle
 10
33.2352659315
 20
30.89314373
 30
0.0
 40
0.2507842998696118
100
AcDbArc
 50
355.3108266893
 51
69.1837689015
  0
LINE
  5
245
330
1F
100
AcDbEntity
  8
0
  6
Continuous
 62
     7
370
     0
100
AcDbLine
 10
33.3243875923
 20
31.1275580953
 30
0.0
 11
33.151230686
 21
31.1409905608
 31
0.0
  0
LINE
  5
246
330
1F
100
AcDbEntity
  8
0
  6
Continuous
 62
     7
370
     0
100
AcDbLine
 10
32.7898564267
 20
31.1409905608
 30
0.0
 11
33.151230686
 21
31.1409905608
 31
0.0
  0
LINE
  5
247
330
1F
100
AcDbEntity
  8
0
  6
Continuous
 62
     7
370
     0
100
AcDbLine
 10
32.7898564267
 20
31.1409905608
 30
0.0
 11
32.7898564267
 21
30.5939139853
 31
0.0
  0
LWPOLYLINE
  5
248
330
1F
100
AcDbEntity
  8
0
  6
Continuous
 62
     7
370
     0
100
AcDbPolyline
 90
       11
 70
   128
 43
0.0
 10
30.3888615147
 20
30.5450679789
 10
30.3907476757
 20
30.4411528687
 10
30.3949780921
 20
30.3595131318
 10
30.4059597823
 20
30.2578993196
 10
30.4218082149
 20
30.1762530635
 10
30.4363055314
 20
30.1279481555
 10
30.4526182283
 20
30.089561833
 10
30.5068677683
 20
30.0170984174
 10
30.5800046465
 20
29.9663562382
 10
30.622315446
 20
29.9532925765
 10
30.666383884
 20
29.9491444657
  0
LWPOLYLINE
  5
249
330
1F
100
AcDbEntity
  8
0
  6
Continuous
 62
     7
370
     0
100
AcDbPolyline
 90
       12
 70
   128
 43
0.0
 10
30.666383884
 20
29.9491444657
 10
30.710555466
 20
29.9532618428
 10
30.7530767443
 20
29.9666365663
 10
30.8272471578
 20
30.0172902699
 10
30.8584852303
 20
30.0523582901
 10
30.8826201056
 20
30.0897806938
 10
30.8993663332
 20
30.1279630567
 10
30.9143637699
 20
30.1763964872
 10
30.9307768169
 20
30.2581116612
 10
30.9421240511
 20
30.3595755304
 10
30.9465123267
 20
30.441387562
 10
30.9484578595
 20
30.5450679789
  0
LWPOLYLINE
  5
24A
330
1F
100
AcDbEntity
  8
0
  6
Continuous
 62
     7
370
     0
100
AcDbPolyline
 90
       10
 70
   128
 43
0.0
 10
30.9484578595
 20
30.5450679789
 10
30.9464609875
 20
30.6473923902
 10
30.9418660748
 20
30.7311080451
 10
30.930509993
 20
30.8318696971
 10
30.9138209252
 20
30.9148021097
 10
30.8815902957
 20
31.0015063788
 10
30.8264633334
 20
31.0745704974
 10
30.7515631123
 20
31.1245760004
 10
30.7086622036
 20
31.1371199842
 10
30.6643427742
 20
31.1409905608
  0
ARC
  5
24B
330
1F
100
AcDbEntity
  8
0
  6
Continuous
 62
     7
370
     0
100
AcDbCircle
 10
30.6636839853
 20
30.9126166184
 30
0.0
 40
0.22837489259224
100
AcDbArc
 50
89.834719695
 51
147.1245512487
  0
ARC
  5
24C
330
1F
100
AcDbEntity
  8
0
  6
Continuous
 62
     7
370
     0
100
AcDbCircle
 10
31.3750598369
 20
30.6312584261
 30
0.0
 40
0.9899575364111814
100
AcDbArc
 50
155.8306425525
 51
184.9947690334
  0
LINE
  5
24D
330
1F
100
AcDbEntity
  8
0
  6
Continuous
 62
     7
370
     0
100
AcDbLine
 10
34.1621511309
 20
29.968682682
 30
0.0
 11
34.4556971379
 21
29.968682682
 31
0.0
  0
ARC
  5
24E
330
1F
100
AcDbEntity
  8
0
  6
Continuous
 62
     7
370
     0
100
AcDbCircle
 10
34.5101858643
 20
30.3558581954
 30
0.0
 40
0.39099091995032
100
AcDbArc
 50
261.989151791
 51
314.3882442315
  0
ARC
  5
24F
330
1F
100
AcDbEntity
  8
0
  6
Continuous
 62
     7
370
     0
100
AcDbCircle
 10
34.1260156096
 20
30.5142799075
 30
0.0
 40
0.7900832787371539
100
AcDbArc
 50
326.3473306136
 51
3.7851954362
  0
ARC
  5
250
330
1F
100
AcDbEntity
  8
0
  6
Continuous
 62
     7
370
     0
100
AcDbCircle
 10
34.3648805123
 20
30.6523150099
 30
0.0
 40
0.5561649392141652
100
AcDbArc
 50
351.11747495
 51
55.2970352213
  0
LWPOLYLINE
  5
251
330
1F
100
AcDbEntity
  8
0
  6
Continuous
 62
     7
370
     0
100
AcDbPolyline
 90
        3
 70
   128
 43
0.0
 10
34.6815174837
 20
31.1095463167
 10
34.5681247693
 20
31.1356773655
 10
34.4508998954
 20
31.1409905608
  0
LINE
  5
252
330
1F
100
AcDbEntity
  8
0
  6
Continuous
 62
     7
370
     0
100
AcDbLine
 10
34.1621511309
 20
31.1409905608
 30
0.0
 11
34.4508998954
 21
31.1409905608
 31
0.0
  0
LINE
  5
253
330
1F
100
AcDbEntity
  8
0
  6
Continuous
 62
     7
370
     0
100
AcDbLine
 10
34.1621511309
 20
31.1409905608
 30
0.0
 11
34.1621511309
 21
29.968682682
 31
0.0
  0
LINE
  5
254
330
1F
100
AcDbEntity
  8
0
  6
Continuous
 62
     7
370
     0
100
AcDbLine
 10
36.4292837606
 20
30.4376063923
 30
0.0
 11
36.7636630238
 21
30.4376063923
 31
0.0
  0
LINE
  5
255
330
1F
100
AcDbEntity
  8
0
  6
Continuous
 62
     7
370
     0
100
AcDbLine
 10
36.7636630238
 20
30.4376063923
 30
0.0
 11
36.672286775
 21
30.8381440173
 31
0.0
  0
LINE
  5
256
330
1F
100
AcDbEntity
  8
0
  6
Continuous
 62
     7
370
     0
100
AcDbLine
 10
36.672286775
 20
30.8381440173
 30
0.0
 11
36.6011085846
 21
31.1409905608
 31
0.0
  0
ARC
  5
257
330
1F
100
AcDbEntity
  8
0
  6
Continuous
 62
     7
370
     0
100
AcDbCircle
 10
35.084407903
 20
31.3567913084
 30
0.0
 40
1.531976148716873
100
AcDbArc
 50
341.0587846771
 51
351.9021373689
  0
LINE
  5
258
330
1F
100
AcDbEntity
  8
0
  6
Continuous
 62
     7
370
     0
100
AcDbLine
 10
36.5334307701
 20
30.8595150764
 30
0.0
 11
36.4292837606
 21
30.4376063923
 31
0.0
  0
LINE
  5
259
330
1F
100
AcDbEntity
  8
0
  6
Continuous
 62
     7
370
     0
100
AcDbLine
 10
26.8604835422
 20
42.3658368
 30
0.0
 11
37.7824833543
 21
42.3658368
 31
0.0
  0
LINE
  5
25A
330
1F
100
AcDbEntity
  8
0
  6
Continuous
 62
     7
370
     0
100
AcDbLine
 10
34.7141694204
 20
25.125836959
 30
0.0
 11
34.7141694204
 21
27.1258363555
 31
0.0
  0
LINE
  5
25B
330
1F
100
AcDbEntity
  8
0
  6
Continuous
 62
     7
370
     0
100
AcDbLine
 10
30.309654858
 20
25.125836959
 30
0.0
 11
30.309654858
 21
27.1258363555
 31
0.0
  0
LINE
  5
25C
330
1F
100
AcDbEntity
  8
0
  6
Continuous
 62
     7
370
     0
100
AcDbLine
 10
34.7141694204
 20
25.125836959
 30
0.0
 11
30.309654858
 21
25.125836959
 31
0.0
  0
LINE
  5
25D
330
1F
100
AcDbEntity
  8
0
  6
Continuous
 62
     7
370
     0
100
AcDbLine
 10
27.9169688859
 20
25.125836959
 30
0.0
 11
27.9169688859
 21
27.1258363555
 31
0.0
  0
LINE
  5
25E
330
1F
100
AcDbEntity
  8
0
  6
Continuous
 62
     7
370
     0
100
AcDbLine
 10
30.309654858
 20
25.125836959
 30
0.0
 11
27.9169688859
 21
25.125836959
 31
0.0
  0
LINE
  5
25F
330
1F
100
AcDbEntity
  8
0
  6
Continuous
 62
     7
370
     0
100
AcDbLine
 10
36.7259980106
 20
25.125836959
 30
0.0
 11
36.7259980106
 21
27.1258363555
 31
0.0
  0
LINE
  5
260
330
1F
100
AcDbEntity
  8
0
  6
Continuous
 62
     7
370
     0
100
AcDbLine
 10
36.7259980106
 20
25.125836959
 30
0.0
 11
34.7141694204
 21
25.125836959
 31
0.0
  0
LINE
  5
261
330
1F
100
AcDbEntity
  8
0
  6
Continuous
 62
     7
370
     0
100
AcDbLine
 10
26.7334832736
 20
28.0148368384
 30
0.0
 11
37.9094836228
 21
28.0148368384
 31
0.0
  0
LINE
  5
262
330
1F
100
AcDbEntity
  8
0
  6
Continuous
 62
     7
370
     0
100
AcDbLine
 10
26.7334832736
 20
27.1258363555
 30
0.0
 11
37.9094836228
 21
27.1258363555
 31
0.0
  0
LINE
  5
263
330
1F
100
AcDbEntity
  8
0
  6
Continuous
 62
     7
370
     0
100
AcDbLine
 10
35.0714834333
 20
19.275637349
 30
0.0
 11
29.5714834631
 21
19.275637349
 31
0.0
  0
LWPOLYLINE
  5
264
330
1F
100
AcDbEntity
  8
0
  6
Continuous
 62
     7
370
     0
100
AcDbPolyline
 90
       38
 70
   128
 43
0.0
 10
35.2900713608
 20
19.538134342
 10
35.290537255
 20
19.5371750797
 10
35.271305211
 20
19.5321887786
 10
35.2320304067
 20
19.5273887421
 10
35.1722374019
 20
19.5226240958
 10
35.0914090798
 20
19.5179022903
 10
34.9887112082
 20
19.5132382269
 10
34.8710858655
 20
19.5089187528
 10
34.7347416376
 20
19.5045583005
 10
34.5791877174
 20
19.4999557043
 10
34.40385204
 20
19.495107239
 10
34.2259879383
 20
19.4904711152
 10
34.0343035917
 20
19.4857250954
 10
33.8298414993
 20
19.4808989818
 10
33.592796621
 20
19.4755625035
 10
33.3678291338
 20
19.4707233514
 10
33.1342350385
 20
19.4659084136
 10
32.8932471732
 20
19.4611474926
 10
32.6461805946
 20
19.4564722533
 10
32.4032798947
 20
19.4520745481
 10
32.1583942553
 20
19.4477438982
 10
31.912235367
 20
19.4431897308
 10
31.6676239875
 20
19.4384362603
 10
31.4367674567
 20
19.4337237681
 10
31.2108483325
 20
19.4288864787
 10
30.991603124
 20
19.4239541943
 10
30.7796104737
 20
19.418932503
 10
30.5045508706
 20
19.4119736607
 10
30.2527130973
 20
19.4050371702
 10
30.0757646021
 20
19.3997211809
 10
29.9393644948
 20
19.3952675964
 10
29.8189151493
 20
19.3909406717
 10
29.7159097084
 20
19.3864740486
 10
29.6307351366
 20
19.3817429299
 10
29.5693330393
 20
19.377149647
 10
29.5257282835
 20
19.3723291214
 10
29.5020487086
 20
19.3674005623
 10
29.4995464776
 20
19.3631351049
  0
LWPOLYLINE
  5
265
330
1F
100
AcDbEntity
  8
0
  6
Continuous
 62
     7
370
     0
100
AcDbPolyline
 90
       21
 70
   128
 43
0.0
 10
29.5795009863
 20
19.4548685159
 10
29.6067947914
 20
19.4692723508
 10
29.7100593728
 20
19.4872040356
 10
29.8737591059
 20
19.5038132424
 10
30.0911258367
 20
19.5194836761
 10
30.3680858035
 20
19.5365939344
 10
30.6998334984
 20
19.5548348184
 10
31.0759928237
 20
19.5735506768
 10
31.4824291548
 20
19.5920281167
 10
31.9029754303
 20
19.6095816846
 10
32.3214834482
 20
19.6256376858
 10
32.7399914661
 20
19.6416918243
 10
33.1605377417
 20
19.6592453922
 10
33.5669740728
 20
19.6777228321
 10
33.943133398
 20
19.6964386905
 10
34.2748810929
 20
19.7146795745
 10
34.5518410598
 20
19.7317898328
 10
34.7692077906
 20
19.7474602665
 10
34.9329075237
 20
19.7640694733
 10
35.0361721051
 20
19.7820011581
 10
35.0634659101
 20
19.7964049931
  0
LWPOLYLINE
  5
266
330
1F
100
AcDbEntity
  8
0
  6
Continuous
 62
     7
370
     0
100
AcDbPolyline
 90
       21
 70
   128
 43
0.0
 10
29.5795009863
 20
20.1548673267
 10
29.6067947914
 20
20.1692730243
 10
29.7100593728
 20
20.1872047092
 10
29.8737591059
 20
20.203813916
 10
30.0911258367
 20
20.2194843496
 10
30.3680858035
 20
20.236594608
 10
30.6998334984
 20
20.2548354919
 10
31.0759928237
 20
20.2735513504
 10
31.4824291548
 20
20.2920287902
 10
31.9029754303
 20
20.3095804955
 10
32.3214834482
 20
20.3256364967
 10
32.7399914661
 20
20.3416924979
 10
33.1605377417
 20
20.3592460657
 10
33.5669740728
 20
20.377721643
 10
33.943133398
 20
20.3964393641
 10
34.2748810929
 20
20.414680248
 10
34.5518410598
 20
20.4317905064
 10
34.7692077906
 20
20.4474590774
 10
34.9329075237
 20
20.4640682842
 10
35.0361721051
 20
20.481999969
 10
35.0634659101
 20
20.4964056666
  0
LWPOLYLINE
  5
267
330
1F
100
AcDbEntity
  8
0
  6
Continuous
 62
     7
370
     0
100
AcDbPolyline
 90
       21
 70
   128
 43
0.0
 10
29.5795009863
 20
20.8548680003
 10
29.6067947914
 20
20.8692736979
 10
29.7100593728
 20
20.8872053827
 10
29.8737591059
 20
20.9038127269
 10
30.0911258367
 20
20.9194831605
 10
30.3680858035
 20
20.9365934188
 10
30.6998334984
 20
20.9548343028
 10
31.0759928237
 20
20.9735520239
 10
31.4824291548
 20
20.9920276011
 10
31.9029754303
 20
21.009581169
 10
32.3214834482
 20
21.0256371702
 10
32.7399914661
 20
21.0416931714
 10
33.1605377417
 20
21.0592448766
 10
33.5669740728
 20
21.0777223165
 10
33.943133398
 20
21.096438175
 10
34.2748810929
 20
21.1146790589
 10
34.5518410598
 20
21.1317893173
 10
34.7692077906
 20
21.1474597509
 10
34.9329075237
 20
21.1640689577
 10
35.0361721051
 20
21.1820006425
 10
35.0634659101
 20
21.1964063401
  0
LWPOLYLINE
  5
268
330
1F
100
AcDbEntity
  8
0
  6
Continuous
 62
     7
370
     0
100
AcDbPolyline
 90
       21
 70
   128
 43
0.0
 10
29.5795009863
 20
21.5548686738
 10
29.6067947914
 20
21.5692725087
 10
29.7100593728
 20
21.5872041936
 10
29.8737591059
 20
21.6038134004
 10
30.0911258367
 20
21.619483834
 10
30.3680858035
 20
21.6365940924
 10
30.6998334984
 20
21.6548349763
 10
31.0759928237
 20
21.6735508348
 10
31.4824291548
 20
21.6920282747
 10
31.9029754303
 20
21.7095818425
 10
32.3214834482
 20
21.7256359811
 10
32.7399914661
 20
21.7416919823
 10
33.1605377417
 20
21.7592455502
 10
33.5669740728
 20
21.77772299
 10
33.943133398
 20
21.7964388485
 10
34.2748810929
 20
21.8146797324
 10
34.5518410598
 20
21.8317899908
 10
34.7692077906
 20
21.8474604244
 10
34.9329075237
 20
21.8640696312
 10
35.0361721051
 20
21.8820013161
 10
35.0634659101
 20
21.896405151
  0
LWPOLYLINE
  5
269
330
1F
100
AcDbEntity
  8
0
  6
Continuous
 62
     7
370
     0
100
AcDbPolyline
 90
       21
 70
   128
 43
0.0
 10
29.5795009863
 20
22.2548674847
 10
29.6067947914
 20
22.2692731823
 10
29.7100593728
 20
22.2872048671
 10
29.8737591059
 20
22.3038140739
 10
30.0911258367
 20
22.3194845076
 10
30.3680858035
 20
22.3365947659
 10
30.6998334984
 20
22.3548356498
 10
31.0759928237
 20
22.3735515083
 10
31.4824291548
 20
22.3920270855
 10
31.9029754303
 20
22.4095806534
 10
32.3214834482
 20
22.4256366546
 10
32.7399914661
 20
22.4416926558
 10
33.1605377417
 20
22.4592462237
 10
33.5669740728
 20
22.4777218009
 10
33.943133398
 20
22.496439522
 10
34.2748810929
 20
22.514680406
 10
34.5518410598
 20
22.5317906643
 10
34.7692077906
 20
22.5474592353
 10
34.9329075237
 20
22.5640684421
 10
35.0361721051
 20
22.582000127
 10
35.0634659101
 20
22.5964058245
  0
LWPOLYLINE
  5
26A
330
1F
100
AcDbEntity
  8
0
  6
Continuous
 62
     7
370
     0
100
AcDbPolyline
 90
       21
 70
   128
 43
0.0
 10
29.5795009863
 20
22.9548681582
 10
29.6067947914
 20
22.9692719932
 10
29.7100593728
 20
22.987203678
 10
29.8737591059
 20
23.0038128848
 10
30.0911258367
 20
23.0194833184
 10
30.3680858035
 20
23.0365935768
 10
30.6998334984
 20
23.0548344607
 10
31.0759928237
 20
23.0735503192
 10
31.4824291548
 20
23.0920277591
 10
31.9029754303
 20
23.109581327
 10
32.3214834482
 20
23.1256373281
 10
32.7399914661
 20
23.1416933293
 10
33.1605377417
 20
23.1592450346
 10
33.5669740728
 20
23.1777224745
 10
33.943133398
 20
23.1964383329
 10
34.2748810929
 20
23.2146792169
 10
34.5518410598
 20
23.2317894752
 10
34.7692077906
 20
23.2474599088
 10
34.9329075237
 20
23.2640691156
 10
35.0361721051
 20
23.2820008005
 10
35.0634659101
 20
23.2964046354
  0
LWPOLYLINE
  5
26B
330
1F
100
AcDbEntity
  8
0
  6
Continuous
 62
     7
370
     0
100
AcDbPolyline
 90
       21
 70
   128
 43
0.0
 10
29.5795009863
 20
23.6548688318
 10
29.6067947914
 20
23.6692726667
 10
29.7100593728
 20
23.6872043515
 10
29.8737591059
 20
23.7038135583
 10
30.0911258367
 20
23.719483992
 10
30.3680858035
 20
23.7365942503
 10
30.6998334984
 20
23.7548351343
 10
31.0759928237
 20
23.7735509927
 10
31.4824291548
 20
23.7920284326
 10
31.9029754303
 20
23.8095820005
 10
32.3214834482
 20
23.825636139
 10
32.7399914661
 20
23.8416921402
 10
33.1605377417
 20
23.8592457081
 10
33.5669740728
 20
23.877723148
 10
33.943133398
 20
23.8964390064
 10
34.2748810929
 20
23.9146798904
 10
34.5518410598
 20
23.9317901487
 10
34.7692077906
 20
23.9474605824
 10
34.9329075237
 20
23.9640697892
 10
35.0361721051
 20
23.982001474
 10
35.0634659101
 20
23.996405309
  0
LWPOLYLINE
  5
26C
330
1F
100
AcDbEntity
  8
0
  6
Continuous
 62
     7
370
     0
100
AcDbPolyline
 90
       21
 70
   128
 43
0.0
 10
29.5795009863
 20
24.3548676426
 10
29.6067947914
 20
24.3692733402
 10
29.7100593728
 20
24.3872050251
 10
29.8737591059
 20
24.4038142319
 10
30.0911258367
 20
24.4194828029
 10
30.3680858035
 20
24.4365930612
 10
30.6998334984
 20
24.4548358078
 10
31.0759928237
 20
24.4735516663
 10
31.4824291548
 20
24.4920272435
 10
31.9029754303
 20
24.5095808114
 10
32.3214834482
 20
24.5256368126
 10
32.7399914661
 20
24.5416928138
 10
33.1605377417
 20
24.5592463816
 10
33.5669740728
 20
24.5777219589
 10
33.943133398
 20
24.5964378173
 10
34.2748810929
 20
24.6146805639
 10
34.5518410598
 20
24.6317908223
 10
34.7692077906
 20
24.6474593933
 10
34.9329075237
 20
24.6640686001
 10
35.0361721051
 20
24.6820002849
 10
35.0634659101
 20
24.6964059825
  0
ARC
  5
26D
330
1F
100
AcDbEntity
  8
0
  6
Continuous
 62
     7
370
     0
100
AcDbCircle
 10
30.2229583505
 20
22.1792313117
 30
0.0
 40
2.946748302933624
100
AcDbArc
 50
90.563783495
 51
102.6128338353
  0
LWPOLYLINE
  5
26E
330
1F
100
AcDbEntity
  8
0
  6
Continuous
 62
     7
370
     0
100
AcDbPolyline
 90
       25
 70
   128
 43
0.0
 10
29.2845224888
 20
19.8044851477
 10
29.3049924933
 20
19.8161974604
 10
29.385135362
 20
19.8313463534
 10
29.51409816
 20
19.8457073475
 10
29.6855751351
 20
19.858969381
 10
29.8994815369
 20
19.8722332771
 10
30.1594737378
 20
19.8865942712
 10
30.4616706838
 20
19.9017431642
 10
30.7996410104
 20
19.9173037018
 10
31.1648051414
 20
19.9328642393
 10
31.5471451307
 20
19.9480131323
 10
31.9360999259
 20
19.9623741264
 10
32.3214834482
 20
19.9756361599
 10
32.7068669706
 20
19.988900056
 10
33.0958217658
 20
20.0032610501
 10
33.4781617551
 20
20.0184099431
 10
33.843325886
 20
20.0339704807
 10
34.1812962127
 20
20.0495310183
 10
34.4834931587
 20
20.0646799113
 10
34.7434853596
 20
20.0790409054
 10
34.9573917613
 20
20.0923029388
 10
35.1288687364
 20
20.1055649723
 10
35.2578315344
 20
20.119927829
 10
35.3379744031
 20
20.135076722
 10
35.3584444077
 20
20.1467890347
  0
LWPOLYLINE
  5
26F
330
1F
100
AcDbEntity
  8
0
  6
Continuous
 62
     7
370
     0
100
AcDbPolyline
 90
       25
 70
   128
 43
0.0
 10
29.2845224888
 20
20.5044839586
 10
29.3049924933
 20
20.5161981339
 10
29.385135362
 20
20.5313470269
 10
29.51409816
 20
20.545708021
 10
29.6855751351
 20
20.5589700545
 10
29.8994815369
 20
20.572232088
 10
30.1594737378
 20
20.5865930821
 10
30.4616706838
 20
20.6017419751
 10
30.7996410104
 20
20.6173025126
 10
31.1648051414
 20
20.6328649129
 10
31.5471451307
 20
20.6480138059
 10
31.9360999259
 20
20.6623748
 10
32.3214834482
 20
20.6756368334
 10
32.7068669706
 20
20.6888988669
 10
33.0958217658
 20
20.703259861
 10
33.4781617551
 20
20.718408754
 10
33.843325886
 20
20.7339692916
 10
34.1812962127
 20
20.7495298291
 10
34.4834931587
 20
20.7646787221
 10
34.7434853596
 20
20.7790415789
 10
34.9573917613
 20
20.7923036124
 10
35.1288687364
 20
20.8055656458
 10
35.2578315344
 20
20.8199266399
 10
35.3379744031
 20
20.8350755329
 10
35.3584444077
 20
20.8467897083
  0
LWPOLYLINE
  5
270
330
1F
100
AcDbEntity
  8
0
  6
Continuous
 62
     7
370
     0
100
AcDbPolyline
 90
       25
 70
   128
 43
0.0
 10
29.2845224888
 20
21.2044846321
 10
29.3049924933
 20
21.2161969448
 10
29.385135362
 20
21.2313458378
 10
29.51409816
 20
21.2457068319
 10
29.6855751351
 20
21.258970728
 10
29.8994815369
 20
21.2722327615
 10
30.1594737378
 20
21.2865937556
 10
30.4616706838
 20
21.3017426486
 10
30.7996410104
 20
21.3173031862
 10
31.1648051414
 20
21.3328637238
 10
31.5471451307
 20
21.3480126168
 10
31.9360999259
 20
21.3623736109
 10
32.3214834482
 20
21.375637507
 10
32.7068669706
 20
21.3888995404
 10
33.0958217658
 20
21.4032605345
 10
33.4781617551
 20
21.4184094275
 10
33.843325886
 20
21.4339699651
 10
34.1812962127
 20
21.4495305027
 10
34.4834931587
 20
21.4646793957
 10
34.7434853596
 20
21.4790403898
 10
34.9573917613
 20
21.4923042859
 10
35.1288687364
 20
21.5055663193
 10
35.2578315344
 20
21.5199273134
 10
35.3379744031
 20
21.5350762064
 10
35.3584444077
 20
21.5467885191
  0
LWPOLYLINE
  5
271
330
1F
100
AcDbEntity
  8
0
  6
Continuous
 62
     7
370
     0
100
AcDbPolyline
 90
       25
 70
   128
 43
0.0
 10
29.2845224888
 20
21.904483443
 10
29.3049924933
 20
21.9161976184
 10
29.385135362
 20
21.9313465114
 10
29.51409816
 20
21.9457075055
 10
29.6855751351
 20
21.9589695389
 10
29.8994815369
 20
21.972233435
 10
30.1594737378
 20
21.9865944291
 10
30.4616706838
 20
22.0017433221
 10
30.7996410104
 20
22.0173038597
 10
31.1648051414
 20
22.0328643973
 10
31.5471451307
 20
22.0480132903
 10
31.9360999259
 20
22.0623742844
 10
32.3214834482
 20
22.0756363179
 10
32.7068669706
 20
22.0888983513
 10
33.0958217658
 20
22.1032612081
 10
33.4781617551
 20
22.1184101011
 10
33.843325886
 20
22.1339706386
 10
34.1812962127
 20
22.1495311762
 10
34.4834931587
 20
22.1646800692
 10
34.7434853596
 20
22.1790410633
 10
34.9573917613
 20
22.1923030968
 10
35.1288687364
 20
22.2055651302
 10
35.2578315344
 20
22.219927987
 10
35.3379744031
 20
22.23507688
 10
35.3584444077
 20
22.2467891927
  0
LWPOLYLINE
  5
272
330
1F
100
AcDbEntity
  8
0
  6
Continuous
 62
     7
370
     0
100
AcDbPolyline
 90
       25
 70
   128
 43
0.0
 10
29.2845224888
 20
22.6044841166
 10
29.3049924933
 20
22.6161964293
 10
29.385135362
 20
22.6313471849
 10
29.51409816
 20
22.645708179
 10
29.6855751351
 20
22.6589702125
 10
29.8994815369
 20
22.6722322459
 10
30.1594737378
 20
22.68659324
 10
30.4616706838
 20
22.701742133
 10
30.7996410104
 20
22.7173026706
 10
31.1648051414
 20
22.7328632082
 10
31.5471451307
 20
22.7480121012
 10
31.9360999259
 20
22.7623749579
 10
32.3214834482
 20
22.7756369914
 10
32.7068669706
 20
22.7888990248
 10
33.0958217658
 20
22.8032600189
 10
33.4781617551
 20
22.8184089119
 10
33.843325886
 20
22.8339694495
 10
34.1812962127
 20
22.8495299871
 10
34.4834931587
 20
22.8646788801
 10
34.7434853596
 20
22.8790417368
 10
34.9573917613
 20
22.8923037703
 10
35.1288687364
 20
22.9055658038
 10
35.2578315344
 20
22.9199267979
 10
35.3379744031
 20
22.9350756909
 10
35.3584444077
 20
22.9467898662
  0
LWPOLYLINE
  5
273
330
1F
100
AcDbEntity
  8
0
  6
Continuous
 62
     7
370
     0
100
AcDbPolyline
 90
       25
 70
   128
 43
0.0
 10
29.2845224888
 20
23.3044847901
 10
29.3049924933
 20
23.3161971028
 10
29.385135362
 20
23.3313459958
 10
29.51409816
 20
23.3457069899
 10
29.6855751351
 20
23.358970886
 10
29.8994815369
 20
23.3722329195
 10
30.1594737378
 20
23.3865939136
 10
30.4616706838
 20
23.4017428066
 10
30.7996410104
 20
23.4173033441
 10
31.1648051414
 20
23.4328638817
 10
31.5471451307
 20
23.4480127747
 10
31.9360999259
 20
23.4623737688
 10
32.3214834482
 20
23.4756376649
 10
32.7068669706
 20
23.4888996984
 10
33.0958217658
 20
23.5032606925
 10
33.4781617551
 20
23.5184095855
 10
33.843325886
 20
23.5339701231
 10
34.1812962127
 20
23.5495306606
 10
34.4834931587
 20
23.5646795536
 10
34.7434853596
 20
23.5790405477
 10
34.9573917613
 20
23.5923025812
 10
35.1288687364
 20
23.6055664773
 10
35.2578315344
 20
23.6199274714
 10
35.3379744031
 20
23.6350763644
 10
35.3584444077
 20
23.6467886771
  0
LWPOLYLINE
  5
274
330
1F
100
AcDbEntity
  8
0
  6
Continuous
 62
     7
370
     0
100
AcDbPolyline
 90
       25
 70
   128
 43
0.0
 10
29.2845224888
 20
24.004483601
 10
29.3049924933
 20
24.0161977763
 10
29.385135362
 20
24.0313466693
 10
29.51409816
 20
24.0457076634
 10
29.6855751351
 20
24.0589696969
 10
29.8994815369
 20
24.0722317303
 10
30.1594737378
 20
24.0865945871
 10
30.4616706838
 20
24.1017434801
 10
30.7996410104
 20
24.1173040177
 10
31.1648051414
 20
24.1328645552
 10
31.5471451307
 20
24.1480134482
 10
31.9360999259
 20
24.1623744423
 10
32.3214834482
 20
24.1756364758
 10
32.7068669706
 20
24.1888985093
 10
33.0958217658
 20
24.203261366
 10
33.4781617551
 20
24.218410259
 10
33.843325886
 20
24.2339707966
 10
34.1812962127
 20
24.2495313342
 10
34.4834931587
 20
24.2646802272
 10
34.7434853596
 20
24.2790412213
 10
34.9573917613
 20
24.2923032547
 10
35.1288687364
 20
24.3055652882
 10
35.2578315344
 20
24.3199281449
 10
35.3379744031
 20
24.3350770379
 10
35.3584444077
 20
24.3467893506
  0
LWPOLYLINE
  5
275
330
1F
100
AcDbEntity
  8
0
  6
Continuous
 62
     7
370
     0
100
AcDbPolyline
 90
       25
 70
   128
 43
0.0
 10
29.2845224888
 20
24.7044842745
 10
29.3049924933
 20
24.7161965872
 10
29.385135362
 20
24.7313454802
 10
29.51409816
 20
24.745708337
 10
29.6855751351
 20
24.7589703704
 10
29.8994815369
 20
24.7722324039
 10
30.1594737378
 20
24.786593398
 10
30.4616706838
 20
24.801742291
 10
30.7996410104
 20
24.8173028286
 10
31.1648051414
 20
24.8328633661
 10
31.5471451307
 20
24.8480122591
 10
31.9360999259
 20
24.8623751159
 10
32.3214834482
 20
24.8756371493
 10
32.7068669706
 20
24.8888991828
 10
33.0958217658
 20
24.9032601769
 10
33.4781617551
 20
24.9184090699
 10
33.843325886
 20
24.9339696075
 10
34.1812962127
 20
24.9495301451
 10
34.4834931587
 20
24.964679038
 10
34.7434853596
 20
24.9790418948
 10
34.9573917613
 20
24.9923039283
 10
35.1288687364
 20
25.0055659617
 10
35.2578315344
 20
25.0199269558
 10
35.3379744031
 20
25.0350758488
 10
35.3584444077
 20
25.0467900242
  0
LINE
  5
276
330
1F
100
AcDbEntity
  8
0
  6
Continuous
 62
     7
370
     0
100
AcDbLine
 10
34.8614834641
 20
18.6456367428
 30
0.0
 11
29.7814834324
 21
18.6456367428
 31
0.0
  0
LINE
  5
277
330
1F
100
AcDbEntity
  8
0
  6
Continuous
 62
   155
370
     0
100
AcDbLine
 10
29.6814833694
 20
18.745636573
 30
0.0
 11
34.9614835271
 21
18.745636573
 31
0.0
  0
DIMENSION
  5
278
330
1F
100
AcDbEntity
  8
0
  6
Continuous
 62
     7
370
     0
100
AcDbDimension
  2
_D_3
 10
63.7096269238
 20
18.6456367735
 30
0.0
 11
63.7096269238
 21
30.1809269553
 31
0.0
 70
   160
  1
<>
 71
     2
 42
-1.0
  3
SLDDIMSTYLE4
100
AcDbAlignedDimension
 13
37.7824834482
 23
42.3658367735
 33
0.0
 14
34.8614834482
 24
18.6456367735
 34
0.0
 50
90.0
100
AcDbRotatedDimension
  0
DIMENSION
  5
28D
330
1F
100
AcDbEntity
  8
0
  6
Continuous
 62
     7
370
     0
100
AcDbDimension
  2
_D_4
 10
21.2635013087
 20
25.1258367735
 30
0.0
 11
21.2635013087
 21
22.1405918832
 31
0.0
 70
   160
  1
<>
 71
     2
 42
-1.0
  3
SLDDIMSTYLE2
100
AcDbAlignedDimension
 13
29.7814834482
 23
18.6456367735
 33
0.0
 14
27.9169688045
 24
25.1258367735
 34
0.0
 50
90.0
100
AcDbRotatedDimension
  0
DIMENSION
  5
2A1
330
1F
100
AcDbEntity
  8
0
  6
Continuous
 62
     7
370
     0
100
AcDbDimension
  2
_D_5
 10
55.1092087128
 20
27.1258367735
 30
0.0
 11
55.1092087128
 21
34.5961822405
 31
0.0
 70
   160
  1
<>
 71
     2
 42
-1.0
  3
SLDDIMSTYLE4
100
AcDbAlignedDimension
 13
37.7824834482
 23
42.3658367735
 33
0.0
 14
37.9094834482
 24
27.1258367735
 34
0.0
 50
90.0
100
AcDbRotatedDimension
  0
DIMENSION
  5
2B5
330
1F
100
AcDbEntity
  8
0
  6
Continuous
 62
     7
370
     0
100
AcDbDimension
  2
_D_6
 10
37.9094834482
 20
30.1809269553
 30
0.0
 11
46.4728856533
 21
30.1809269553
 31
0.0
 70
   160
  1
%%c<>
 71
     2
 42
-1.0
  3
SLDDIMSTYLE2
100
AcDbAlignedDimension
 13
26.7334834482
 23
28.0148367735
 33
0.0
 14
37.9094834482
 24
28.0148367735
 34
0.0
100
AcDbRotatedDimension
  0
DIMENSION
  5
2C6
330
1F
100
AcDbEntity
  8
0
  6
Continuous
 62
     7
370
     0
100
AcDbDimension
  2
_D_7
 10
46.4728856533
 20
33.0948367735
 30
0.0
 11
46.4728856533
 21
37.5841073381
 31
0.0
 70
   160
  1
<>
 71
     2
 42
-1.0
  3
SLDDIMSTYLE4
100
AcDbAlignedDimension
 13
37.7824834482
 23
42.3658367735
 33
0.0
 14
34.3598334482
 24
33.0948367735
 34
0.0
 50
90.0
100
AcDbRotatedDimension
  0
INSERT
  5
2DF
102
{ACAD_REACTORS
330
2E1
102
}
330
1F
100
AcDbEntity
  8
0
  6
Continuous
 62
     7
370
     0
100
AcDbBlockReference
  2
SW_NOTE_4
 10
40.0681564246
 20
21.5865921788
 30
0.0
  0
LEADER
  5
2E1
330
1F
100
AcDbEntity
  8
0
  6
Continuous
 62
     7
370
     0
100
AcDbLeader
  3
SLDDIMSTYLE5
 73
     2
 76
     3
 10
35.3530910068
 20
22.961019606
 30
0.0
 10
38.0896402144
 20
21.5865921788
 30
0.0
 10
40.0681564246
 20
21.5865921788
 30
0.0
340
2DF
  0
INSERT
  5
2EB
102
{ACAD_REACTORS
330
2EC
102
}
330
1F
100
AcDbEntity
  8
0
  6
Continuous
 62
     7
370
     0
100
AcDbBlockReference
  2
SW_NOTE_5
 10
19.8648044693
 20
42.2346368715
 30
0.0
  0
LEADER
  5
2EC
330
1F
100
AcDbEntity
  8
0
  6
Continuous
 62
     7
370
     0
100
AcDbLeader
  3
SLDDIMSTYLE5
 73
     2
 76
     3
 10
25.5269834482
 20
38.9947883114
 30
0.0
 10
21.5059030924
 20
42.2346368715
 30
0.0
 10
19.8648044693
 20
42.2346368715
 30
0.0
340
2EB
  0
ARC
  5
2ED
330
1F
100
AcDbEntity
  8
0
  6
Continuous
 62
     7
370
     0
100
AcDbCircle
 10
92.8493941268
 20
39.0410014462
 30
0.0
 40
5.600209259104268
100
AcDbArc
 50
56.2357176344
 51
122.7392303167
  0
LINE
  5
2EE
330
1F
100
AcDbEntity
  8
0
  6
Continuous
 62
     7
370
     0
100
AcDbLine
 10
96.4793099907
 20
46.7857269491
 30
0.0
 11
96.1773701711
 21
46.9295000141
 31
0.0
  0
LINE
  5
2EF
330
1F
100
AcDbEntity
  8
0
  6
Continuous
 62
     7
370
     0
100
AcDbLine
 10
89.6591683991
 20
46.9864190995
 30
0.0
 11
89.3547638678
 21
46.8479408332
 31
0.0
  0
LINE
  5
2F0
330
1F
100
AcDbEntity
  8
0
  6
Continuous
 62
     7
370
     0
100
AcDbLine
 10
98.3783169758
 20
32.2808498371
 30
0.0
 11
98.3843716363
 21
32.9742112702
 31
0.0
  0
LINE
  5
2F1
330
1F
100
AcDbEntity
  8
0
  6
Continuous
 62
     7
370
     0
100
AcDbLine
 10
87.2087977169
 20
33.0718000637
 30
0.0
 11
87.2027430564
 21
32.3784386306
 31
0.0
  0
LWPOLYLINE
  5
2F2
330
1F
100
AcDbEntity
  8
0
  6
Continuous
 62
     7
370
     0
100
AcDbPolyline
 90
        3
 70
   128
 43
0.0
 10
90.4266958947
 20
26.2723875442
 10
90.5345531245
 20
26.1968000357
 10
90.6427160153
 20
26.120991661
  0
LWPOLYLINE
  5
2F3
330
1F
100
AcDbEntity
  8
0
  6
Continuous
 62
     7
370
     0
100
AcDbPolyline
 90
        3
 70
   128
 43
0.0
 10
90.4314633439
 20
26.8183414285
 10
90.5393205737
 20
26.74275392
 10
90.6474834645
 20
26.6669455453
  0
LWPOLYLINE
  5
2F4
330
1F
100
AcDbEntity
  8
0
  6
Continuous
 62
     7
370
     0
100
AcDbPolyline
 90
        3
 70
   128
 43
0.0
 10
90.4362307931
 20
27.3642953129
 10
90.5440880229
 20
27.2887078044
 10
90.6522509137
 20
27.2128994297
  0
LWPOLYLINE
  5
2F5
330
1F
100
AcDbEntity
  8
0
  6
Continuous
 62
     7
370
     0
100
AcDbPolyline
 90
        3
 70
   128
 43
0.0
 10
90.4409982423
 20
27.9102491972
 10
90.5488554721
 20
27.8346616887
 10
90.6570183629
 20
27.7588533141
  0
LWPOLYLINE
  5
2F6
330
1F
100
AcDbEntity
  8
0
  6
Continuous
 62
     7
370
     0
100
AcDbPolyline
 90
        3
 70
   128
 43
0.0
 10
90.4457656915
 20
28.4562030816
 10
90.5536229213
 20
28.3806155731
 10
90.6617858121
 20
28.3048071984
  0
LWPOLYLINE
  5
2F7
330
1F
100
AcDbEntity
  8
0
  6
Continuous
 62
     7
370
     0
100
AcDbPolyline
 90
        3
 70
   128
 43
0.0
 10
94.6993222343
 20
25.5990268858
 10
94.8084245861
 20
25.6726945225
 10
94.917866378
 20
25.7465834648
  0
LWPOLYLINE
  5
2F8
330
1F
100
AcDbEntity
  8
0
  6
Continuous
 62
     7
370
     0
100
AcDbPolyline
 90
        3
 70
   128
 43
0.0
 10
94.7040896835
 20
26.1449807702
 10
94.8131920353
 20
26.2186484068
 10
94.9226338272
 20
26.2925373492
  0
LWPOLYLINE
  5
2F9
330
1F
100
AcDbEntity
  8
0
  6
Continuous
 62
     7
370
     0
100
AcDbPolyline
 90
        3
 70
   128
 43
0.0
 10
94.7088571327
 20
26.6909346545
 10
94.8179594845
 20
26.7646022912
 10
94.9274012764
 20
26.8384912335
  0
LWPOLYLINE
  5
2FA
330
1F
100
AcDbEntity
  8
0
  6
Continuous
 62
     7
370
     0
100
AcDbPolyline
 90
        3
 70
   128
 43
0.0
 10
94.7136245819
 20
27.2368885389
 10
94.8227269337
 20
27.3105561755
 10
94.9321687256
 20
27.3844451179
  0
LWPOLYLINE
  5
2FB
330
1F
100
AcDbEntity
  8
0
  6
Continuous
 62
     7
370
     0
100
AcDbPolyline
 90
        3
 70
   128
 43
0.0
 10
94.7183920311
 20
27.7828424233
 10
94.8274943829
 20
27.8565100599
 10
94.9369361747
 20
27.9303990022
  0
LWPOLYLINE
  5
2FC
330
1F
100
AcDbEntity
  8
0
  6
Continuous
 62
     7
370
     0
100
AcDbPolyline
 90
        3
 70
   128
 43
0.0
 10
94.7231594803
 20
28.3287963076
 10
94.8322618321
 20
28.4024639443
 10
94.9417036239
 20
28.4763528866
  0
LWPOLYLINE
  5
2FD
330
1F
100
AcDbEntity
  8
0
  6
Continuous
 62
     7
370
     0
100
AcDbPolyline
 90
        3
 70
   128
 43
0.0
 10
94.6945547851
 20
25.0530730015
 10
94.8036571369
 20
25.1267406381
 10
94.9130989288
 20
25.2006295804
  0
LWPOLYLINE
  5
2FE
330
1F
100
AcDbEntity
  8
0
  6
Continuous
 62
     7
370
     0
100
AcDbPolyline
 90
        3
 70
   128
 43
0.0
 10
90.4219284455
 20
25.7264336598
 10
90.5297856753
 20
25.6508461513
 10
90.6379485661
 20
25.5750377766
  0
LINE
  5
2FF
330
1F
100
AcDbEntity
  8
0
  6
Continuous
 62
     7
370
     0
100
AcDbLine
 10
90.5091716787
 20
25.1952941505
 30
0.0
 11
90.693693049
 21
25.0660887529
 31
0.0
  0
LINE
  5
300
330
1F
100
AcDbEntity
  8
0
  6
Continuous
 62
     7
370
     0
100
AcDbLine
 10
94.7602013783
 20
25.0305786624
 30
0.0
 11
94.7847120968
 21
25.0471112392
 31
0.0
  0
LWPOLYLINE
  5
301
330
1F
100
AcDbEntity
  8
0
  6
Continuous
 62
     7
370
     0
100
AcDbPolyline
 90
       35
 70
   128
 43
0.0
 10
90.1392040409
 20
25.4982824493
 10
90.1474876781
 20
25.4649800431
 10
90.2036175301
 20
25.321095686
 10
90.2791016793
 20
25.1808097555
 10
90.3735075175
 20
25.0451186733
 10
90.486219658
 20
24.9150816727
 10
90.6164068183
 20
24.7917713534
 10
90.7630333619
 20
24.6762154579
 10
90.9248971014
 20
24.569355271
 10
91.1006705436
 20
24.4720274381
 10
91.2889194711
 20
24.3849682177
 10
91.4881437963
 20
24.3088074041
 10
91.6967975056
 20
24.2440764135
 10
91.9132807226
 20
24.1912212846
 10
92.135947192
 20
24.15060392
 10
92.3631127364
 20
24.122501805
 10
92.5930649366
 20
24.1071070698
 10
92.8240738894
 20
24.1045255575
 10
93.0544037232
 20
24.1147763395
 10
93.2823144013
 20
24.1377906278
 10
93.5060943039
 20
24.173413735
 10
93.7240623772
 20
24.2214075719
 10
93.9345782875
 20
24.2814533319
 10
94.1360517578
 20
24.353154561
 10
94.3269501399
 20
24.4360400009
 10
94.5058038842
 20
24.529565195
 10
94.6712099537
 20
24.6331113114
 10
94.8218233744
 20
24.7459702834
 10
94.9563645957
 20
24.8673260399
 10
95.0736574818
 20
24.9962531183
 10
95.1726456049
 20
25.1316906626
 10
95.252440248
 20
25.2724384611
 10
95.3123779091
 20
25.4171852934
 10
95.3520616542
 20
25.5645779614
 10
95.354942868
 20
25.5867894113
  0
LINE
  5
302
330
1F
100
AcDbEntity
  8
0
  6
Continuous
 62
     7
370
     0
100
AcDbLine
 10
86.040368972
 20
37.4368729091
 30
0.0
 11
86.0395401322
 21
37.3419566771
 31
0.0
  0
LINE
  5
303
330
1F
100
AcDbEntity
  8
0
  6
Continuous
 62
     7
370
     0
100
AcDbLine
 10
86.0446937295
 20
37.9321310757
 30
0.0
 11
86.0438648897
 21
37.8372148437
 31
0.0
  0
LINE
  5
304
330
1F
100
AcDbEntity
  8
0
  6
Continuous
 62
     7
370
     0
100
AcDbLine
 10
86.049018487
 20
38.4273892422
 30
0.0
 11
86.0481896472
 21
38.3324730102
 31
0.0
  0
LINE
  5
305
330
1F
100
AcDbEntity
  8
0
  6
Continuous
 62
     7
370
     0
100
AcDbLine
 10
86.0533432445
 20
38.9226474087
 30
0.0
 11
86.0525144047
 21
38.8277311767
 31
0.0
  0
LINE
  5
306
330
1F
100
AcDbEntity
  8
0
  6
Continuous
 62
     7
370
     0
100
AcDbLine
 10
86.057668002
 20
39.4179055752
 30
0.0
 11
86.0568391622
 21
39.3229893432
 31
0.0
  0
LINE
  5
307
330
1F
100
AcDbEntity
  8
0
  6
Continuous
 62
     7
370
     0
100
AcDbLine
 10
86.0619927595
 20
39.9131637418
 30
0.0
 11
86.0611639196
 21
39.8182475098
 31
0.0
  0
LINE
  5
308
330
1F
100
AcDbEntity
  8
0
  6
Continuous
 62
     7
370
     0
100
AcDbLine
 10
86.0663175169
 20
40.4084219083
 30
0.0
 11
86.0654886771
 21
40.3135056763
 31
0.0
  0
LINE
  5
309
330
1F
100
AcDbEntity
  8
0
  6
Continuous
 62
     7
370
     0
100
AcDbLine
 10
86.0706422744
 20
40.9036800748
 30
0.0
 11
86.0698134346
 21
40.8087638428
 31
0.0
  0
LINE
  5
30A
330
1F
100
AcDbEntity
  8
0
  6
Continuous
 62
     7
370
     0
100
AcDbLine
 10
86.0749670319
 20
41.3989382413
 30
0.0
 11
86.0741381921
 21
41.3040220093
 31
0.0
  0
LINE
  5
30B
330
1F
100
AcDbEntity
  8
0
  6
Continuous
 62
     7
370
     0
100
AcDbLine
 10
86.0792917894
 20
41.8941964079
 30
0.0
 11
86.0784629496
 21
41.7992801759
 31
0.0
  0
LINE
  5
30C
330
1F
100
AcDbEntity
  8
0
  6
Continuous
 62
     7
370
     0
100
AcDbLine
 10
86.0836165469
 20
42.3894545744
 30
0.0
 11
86.0827877071
 21
42.2945383424
 31
0.0
  0
LINE
  5
30D
330
1F
100
AcDbEntity
  8
0
  6
Continuous
 62
     7
370
     0
100
AcDbLine
 10
86.0879413044
 20
42.8847127409
 30
0.0
 11
86.0871124645
 21
42.7897965089
 31
0.0
  0
LINE
  5
30E
330
1F
100
AcDbEntity
  8
0
  6
Continuous
 62
     7
370
     0
100
AcDbLine
 10
86.0922660618
 20
43.3799709074
 30
0.0
 11
86.091437222
 21
43.2850546754
 31
0.0
  0
LINE
  5
30F
330
1F
100
AcDbEntity
  8
0
  6
Continuous
 62
     7
370
     0
100
AcDbLine
 10
86.0966235976
 20
43.8789827461
 30
0.0
 11
86.0957619795
 21
43.7803128419
 31
0.0
  0
LINE
  5
310
330
1F
100
AcDbEntity
  8
0
  6
Continuous
 62
     7
370
     0
100
AcDbLine
 10
99.68208132
 20
43.4140011275
 30
0.0
 11
99.6829104831
 21
43.5089543834
 31
0.0
  0
LINE
  5
311
330
1F
100
AcDbEntity
  8
0
  6
Continuous
 62
     7
370
     0
100
AcDbLine
 10
99.6777565625
 20
42.918742961
 30
0.0
 11
99.6785857256
 21
43.0136962169
 31
0.0
  0
LINE
  5
312
330
1F
100
AcDbEntity
  8
0
  6
Continuous
 62
     7
370
     0
100
AcDbLine
 10
99.673431805
 20
42.4234847944
 30
0.0
 11
99.6742609681
 21
42.5184380503
 31
0.0
  0
LINE
  5
313
330
1F
100
AcDbEntity
  8
0
  6
Continuous
 62
     7
370
     0
100
AcDbLine
 10
99.6691070475
 20
41.9282266279
 30
0.0
 11
99.6699362107
 21
42.0231798838
 31
0.0
  0
LINE
  5
314
330
1F
100
AcDbEntity
  8
0
  6
Continuous
 62
     7
370
     0
100
AcDbLine
 10
99.6647822901
 20
41.4329684614
 30
0.0
 11
99.6656114532
 21
41.5279217173
 31
0.0
  0
LINE
  5
315
330
1F
100
AcDbEntity
  8
0
  6
Continuous
 62
     7
370
     0
100
AcDbLine
 10
99.6604575326
 20
40.9377102949
 30
0.0
 11
99.6612866957
 21
41.0326635508
 31
0.0
  0
LINE
  5
316
330
1F
100
AcDbEntity
  8
0
  6
Continuous
 62
     7
370
     0
100
AcDbLine
 10
99.6561327751
 20
40.4424521283
 30
0.0
 11
99.6569619382
 21
40.5374053843
 31
0.0
  0
LINE
  5
317
330
1F
100
AcDbEntity
  8
0
  6
Continuous
 62
     7
370
     0
100
AcDbLine
 10
99.6518080176
 20
39.9471939618
 30
0.0
 11
99.6526371807
 21
40.0421472177
 31
0.0
  0
LINE
  5
318
330
1F
100
AcDbEntity
  8
0
  6
Continuous
 62
     7
370
     0
100
AcDbLine
 10
99.6474832601
 20
39.4519357953
 30
0.0
 11
99.6483124232
 21
39.5468890512
 31
0.0
  0
LINE
  5
319
330
1F
100
AcDbEntity
  8
0
  6
Continuous
 62
     7
370
     0
100
AcDbLine
 10
99.6431585026
 20
38.9566776288
 30
0.0
 11
99.6439876658
 21
39.0516308847
 31
0.0
  0
LINE
  5
31A
330
1F
100
AcDbEntity
  8
0
  6
Continuous
 62
     7
370
     0
100
AcDbLine
 10
99.6388337452
 20
38.4614194622
 30
0.0
 11
99.6396629083
 21
38.5563727182
 31
0.0
  0
LINE
  5
31B
330
1F
100
AcDbEntity
  8
0
  6
Continuous
 62
     7
370
     0
100
AcDbLine
 10
99.6345089877
 20
37.9661612957
 30
0.0
 11
99.6353381508
 21
38.0611145516
 31
0.0
  0
LINE
  5
31C
330
1F
100
AcDbEntity
  8
0
  6
Continuous
 62
     7
370
     0
100
AcDbLine
 10
99.6301842302
 20
37.4709031292
 30
0.0
 11
99.6310133933
 21
37.5658563851
 31
0.0
  0
LINE
  5
31D
330
1F
100
AcDbEntity
  8
0
  6
Continuous
 62
     7
370
     0
100
AcDbLine
 10
99.6254236988
 20
36.9257414486
 30
0.0
 11
99.6266886358
 21
37.0705982186
 31
0.0
  0
LINE
  5
31E
330
1F
100
AcDbEntity
  8
0
  6
Continuous
 62
     7
370
     0
100
AcDbLine
 10
87.2235903325
 20
34.7658057255
 30
0.0
 11
87.2087977169
 21
33.0718000637
 31
0.0
  0
LINE
  5
31F
330
1F
100
AcDbEntity
  8
0
  6
Continuous
 62
     7
370
     0
100
AcDbLine
 10
98.3843716363
 20
32.9742112702
 30
0.0
 11
98.397847747
 21
34.5174547799
 31
0.0
  0
ARC
  5
320
330
1F
100
AcDbEntity
  8
0
  6
Continuous
 62
     7
370
     0
100
AcDbCircle
 10
92.8598891571
 20
40.2724435999
 30
0.0
 40
3.772570068845542
100
AcDbArc
 50
46.7339258995
 51
132.2654482858
  0
ARC
  5
321
330
1F
100
AcDbEntity
  8
0
  6
Continuous
 62
     7
370
     0
100
AcDbCircle
 10
92.8260826756
 20
36.4010274391
 30
0.0
 40
6.079346277700261
100
AcDbArc
 50
78.4524104443
 51
100.5469637411
  0
ARC
  5
322
330
1F
100
AcDbEntity
  8
0
  6
Continuous
 62
     7
370
     0
100
AcDbCircle
 10
92.8572007516
 20
39.9645755263
 30
0.0
 40
3.872052659738326
100
AcDbArc
 50
50.1168933776
 51
128.8824808078
  0
LWPOLYLINE
  5
323
330
1F
100
AcDbEntity
  8
0
  6
Continuous
 62
     7
370
     0
100
AcDbPolyline
 90
       99
 70
   128
 43
0.0
 10
98.3495983533
 20
44.3415896437
 10
98.3225499721
 20
44.5601641541
 10
98.2731958469
 20
44.7773237636
 10
98.2017387843
 20
44.9921761169
 10
98.1084724167
 20
45.2038383394
 10
97.9937799957
 20
45.4114406658
 10
97.8581328169
 20
45.6141300136
 10
97.7020882838
 20
45.8110734887
 10
97.5262876168
 20
46.0014618082
 10
97.3314532185
 20
46.1845126256
 10
97.1183857053
 20
46.3594737458
 10
96.8879606173
 20
46.5256262162
 10
96.6411248206
 20
46.6822872804
 10
96.3788926165
 20
46.8288131847
 10
96.1023415733
 20
46.9646018226
 10
95.8126080986
 20
47.0890952096
 10
95.5108827693
 20
47.2017817755
 10
95.1984054396
 20
47.3021984671
 10
94.8764601459
 20
47.3899326507
 10
94.5463698303
 20
47.4646238078
 10
94.2094909049
 20
47.5259650162
 10
93.8672076774
 20
47.5737042119
 10
93.520926663
 20
47.6076452242
 10
93.1720708046
 20
47.6276485822
 10
92.8220736259
 20
47.6336320879
 10
92.4723733402
 20
47.6255711538
 10
92.1244069411
 20
47.6034989039
 10
91.7796042971
 20
47.5675060378
 10
91.4393822763
 20
47.5177404581
 10
91.105138924
 20
47.454406662
 10
90.7782477177
 20
47.3777649018
 10
90.4600519235
 20
47.2881301149
 10
90.1518590763
 20
47.1858706298
 10
89.8549356065
 20
47.0714066528
 10
89.5705016364
 20
46.9452085408
 10
89.2997259661
 20
46.807794869
 10
89.043721271
 20
46.6597302996
 10
88.8035395292
 20
46.5016232617
 10
88.5801676991
 20
46.334123451
 10
88.3745236635
 20
46.1579191602
 10
88.1874524577
 20
45.9737344505
 10
88.0197227975
 20
45.7823261764
 10
87.8720239201
 20
45.5844808755
 10
87.7449627517
 20
45.3810115367
 10
87.6390614141
 20
45.172754259
 10
87.5547550785
 20
44.9605648163
 10
87.4923901777
 20
44.7453151406
 10
87.4522229826
 20
44.5278897388
 10
87.4344185486
 20
44.3091820587
 10
87.4390500381
 20
44.090090817
 10
87.4660984192
 20
43.8715163067
 10
87.5154525445
 20
43.6543566971
 10
87.5869096071
 20
43.4395043439
 10
87.6801759746
 20
43.2278421213
 10
87.7948683957
 20
43.0202397949
 10
87.9305155745
 20
42.8175504472
 10
88.0865601076
 20
42.620606972
 10
88.2623607746
 20
42.4302186526
 10
88.4571951729
 20
42.2471678352
 10
88.6702626861
 20
42.0722067149
 10
88.9006877741
 20
41.9060542446
 10
89.1475235707
 20
41.7493931803
 10
89.4097557749
 20
41.6028672761
 10
89.6863068181
 20
41.4670786381
 10
89.9760402928
 20
41.3425852512
 10
90.2777656221
 20
41.2298986853
 10
90.5902429518
 20
41.1294819936
 10
90.9121882455
 20
41.04174781
 10
91.242278561
 20
40.967056653
 10
91.5791574864
 20
40.9057154446
 10
91.921440714
 20
40.8579762489
 10
92.2677217284
 20
40.8240352366
 10
92.6165775868
 20
40.8040318785
 10
92.9665747655
 20
40.7980483728
 10
93.3162750512
 20
40.806109307
 10
93.6642414503
 20
40.8281815569
 10
94.0090440943
 20
40.8641744229
 10
94.349266115
 20
40.9139400027
 10
94.6835094674
 20
40.9772737988
 10
95.0104006737
 20
41.053915559
 10
95.3285964678
 20
41.1435503459
 10
95.6367893151
 20
41.2458098309
 10
95.9337127849
 20
41.360273808
 10
96.218146755
 20
41.4864719199
 10
96.4889224253
 20
41.6238855917
 10
96.7449271204
 20
41.7719501611
 10
96.9851088622
 20
41.930057199
 10
97.2084806923
 20
42.0975570097
 10
97.4141247279
 20
42.2737613005
 10
97.6011959337
 20
42.4579460102
 10
97.7689255939
 20
42.6493542843
 10
97.9166244713
 20
42.8471995852
 10
98.0436856396
 20
43.0506689241
 10
98.1495869773
 20
43.2589262018
 10
98.2338933129
 20
43.4711156445
 10
98.2962582136
 20
43.6863653202
 10
98.3364254088
 20
43.9037907219
 10
98.3542298428
 20
44.122498402
 10
98.3495983533
 20
44.3415896437
  0
LWPOLYLINE
  5
324
330
1F
100
AcDbEntity
  8
0
  6
Continuous
 62
     7
370
     0
100
AcDbPolyline
 90
       67
 70
   128
 43
0.0
 10
86.9281228686
 20
43.682186664
 10
86.9560675658
 20
43.4526258006
 10
87.0065249801
 20
43.224457124
 10
87.0793037094
 20
42.9985461559
 10
87.1741276789
 20
42.7757498541
 10
87.2906371889
 20
42.5569133613
 10
87.4283902789
 20
42.3428667993
 10
87.5868644043
 20
42.1344221199
 10
87.7654584183
 20
41.9323700253
 10
87.9634948528
 20
41.7374769682
 10
88.1802224877
 20
41.5504822448
 10
88.4148192008
 20
41.3720951901
 10
88.6663950865
 20
41.2029924872
 10
88.9339958313
 20
41.0438156008
 10
89.2166063338
 20
40.8951683432
 10
89.5131545557
 20
40.7576145844
 10
89.8225155879
 20
40.6316761129
 10
90.1435159181
 20
40.5178306564
 10
90.4749378821
 20
40.4165100699
 10
90.8155242829
 20
40.3280986969
 10
91.1639831595
 20
40.2529319122
 10
91.5189926882
 20
40.1912948489
 10
91.8792061961
 20
40.1434213178
 10
92.2432572701
 20
40.1094929194
 10
92.6097649397
 20
40.0896383558
 10
92.9773389157
 20
40.0839329421
 10
93.3445848643
 20
40.092398321
 10
93.7101096958
 20
40.1150023803
 10
94.0725268491
 20
40.1516593751
 10
94.430461552
 20
40.202230253
 10
94.7825560356
 20
40.2665231811
 10
95.1274746847
 20
40.3442942745
 10
95.4639091049
 20
40.4352485207
 10
95.7905830852
 20
40.5390408991
 10
96.1062574392
 20
40.6552776896
 10
96.409734706
 20
40.7835179664
 10
96.6998636925
 20
40.9232752701
 10
96.9755438398
 20
41.0740194534
 10
97.235729399
 20
41.235178692
 10
97.4794333969
 20
41.4061416536
 10
97.7057313808
 20
41.5862598172
 10
97.9137649251
 20
41.774849933
 10
98.1027448871
 20
41.971196614
 10
98.2719544012
 20
42.1745550499
 10
98.4207515978
 20
42.3841538327
 10
98.548572038
 20
42.5991978822
 10
98.6549308552
 20
42.8188714629
 10
98.739424594
 20
43.0423412775
 10
98.8017327406
 20
43.2687596284
 10
98.8416189389
 20
43.4972676335
 10
98.858931887
 20
43.7269984834
 10
98.8536059108
 20
43.9570807304
 10
98.8256612136
 20
44.1866415937
 10
98.7752037993
 20
44.4148102703
 10
98.70242507
 20
44.6407212384
 10
98.6076011005
 20
44.8635175402
 10
98.4910915905
 20
45.082354033
 10
98.3533385005
 20
45.296400595
 10
98.1948643751
 20
45.5048452744
 10
98.0162703611
 20
45.706897369
 10
97.8182339266
 20
45.9017904261
 10
97.6015062917
 20
46.0887851495
 10
97.3669095786
 20
46.2671722043
 10
97.1153336929
 20
46.4362749071
 10
96.8477329481
 20
46.5954517935
 10
96.5651224456
 20
46.7440990511
 10
96.4793099907
 20
46.7857269491
  0
ARC
  5
325
330
1F
100
AcDbEntity
  8
0
  6
Continuous
 62
     7
370
     0
100
AcDbCircle
 10
90.4171645617
 20
43.5206584487
 30
0.0
 40
3.4927787362245
100
AcDbArc
 50
107.7082737324
 51
177.349334778
  0
LWPOLYLINE
  5
326
330
1F
100
AcDbEntity
  8
0
  6
Continuous
 62
     7
370
     0
100
AcDbPolyline
 90
       75
 70
   128
 43
0.0
 10
89.7226531738
 20
44.1427301063
 10
89.7462689088
 20
43.9745888287
 10
89.7925664543
 20
43.808185773
 10
89.8612122354
 20
43.6447198769
 10
89.9517116577
 20
43.4853689161
 10
90.0634126707
 20
43.3312810179
 10
90.1955104662
 20
43.183566389
 10
90.3470532764
 20
43.0432893168
 10
90.5169492319
 20
42.9114605008
 10
90.7039742286
 20
42.7890297707
 10
90.9067807469
 20
42.6768792426
 10
91.1239075614
 20
42.5758169637
 10
91.3537902682
 20
42.4865710901
 10
91.5947725573
 20
42.4097846402
 10
91.8451181458
 20
42.3460108622
 10
92.1030232879
 20
42.2957092477
 10
92.3666297711
 20
42.2592422209
 10
92.6340383048
 20
42.2368725275
 10
92.9033222042
 20
42.2287613419
 10
93.1725412729
 20
42.2349671051
 10
93.4397557811
 20
42.2554451047
 10
93.7030404422
 20
42.290047796
 10
93.9604982842
 20
42.3385258659
 10
94.2102743176
 20
42.4005300289
 10
94.4505689001
 20
42.4756135434
 10
94.6796507038
 20
42.5632354311
 10
94.8958691892
 20
42.6627643743
 10
95.097666497
 20
42.7734832646
 10
95.2835886731
 20
42.8945943699
 10
95.4522961438
 20
43.0252250819
 10
95.6025733681
 20
43.1644342033
 10
95.7333375949
 20
43.3112187292
 10
95.8436466652
 20
43.4645210738
 10
95.9327057996
 20
43.6232366901
 10
95.9998733248
 20
43.7862220285
 10
96.0446652974
 20
43.9523027759
 10
96.0667589902
 20
44.1202823167
 10
96.0659952175
 20
44.2889503544
 10
96.0423794825
 20
44.4570916321
 10
95.996081937
 20
44.6234946878
 10
95.927436156
 20
44.7869605838
 10
95.8369367337
 20
44.9463115447
 10
95.7252357206
 20
45.1003994429
 10
95.5931379252
 20
45.2481140718
 10
95.441595115
 20
45.3883911439
 10
95.2716991594
 20
45.5202199599
 10
95.0846741628
 20
45.64265069
 10
94.8818676445
 20
45.7548012181
 10
94.66474083
 20
45.855863497
 10
94.4348581232
 20
45.9451093707
 10
94.193875834
 20
46.0218958206
 10
93.9435302456
 20
46.0856695986
 10
93.6856251035
 20
46.1359712131
 10
93.4220186203
 20
46.1724382399
 10
93.1546100866
 20
46.1948079332
 10
92.8853261871
 20
46.2029191189
 10
92.6161071185
 20
46.1967133556
 10
92.3488926103
 20
46.1762353561
 10
92.0856079492
 20
46.1416326648
 10
91.8281501071
 20
46.0931545948
 10
91.5783740738
 20
46.0311504319
 10
91.3380794913
 20
45.9560669173
 10
91.1089976875
 20
45.8684450296
 10
90.8927792022
 20
45.7689160865
 10
90.6909818944
 20
45.6581971962
 10
90.5050597183
 20
45.5370860909
 10
90.3363522476
 20
45.4064553789
 10
90.1860750233
 20
45.2672462575
 10
90.0553107964
 20
45.1204617316
 10
89.9450017261
 20
44.967159387
 10
89.8559425918
 20
44.8084437707
 10
89.7887750666
 20
44.6454584323
 10
89.743983094
 20
44.4793776849
 10
89.7218894012
 20
44.3113981441
 10
89.7226531738
 20
44.1427301063
  0
LWPOLYLINE
  5
327
330
1F
100
AcDbEntity
  8
0
  6
Continuous
 62
     7
370
     0
100
AcDbPolyline
 90
       30
 70
   128
 43
0.0
 10
92.5823392267
 20
41.5035018726
 10
92.5991474066
 20
41.4354744237
 10
92.6388982645
 20
41.3711748304
 10
92.6997330946
 20
41.3136096703
 10
92.7788073278
 20
41.2654706262
 10
92.8724235409
 20
41.2290086263
 10
92.9762043437
 20
41.2059285932
 10
93.0852970614
 20
41.1973097237
 10
93.1946006396
 20
41.2035550264
 10
93.2990041645
 20
41.224372478
 10
93.3936258433
 20
41.2587886776
 10
93.4740412716
 20
41.3051943618
 10
93.5364903132
 20
41.3614196526
 10
93.5780529204
 20
41.4248355178
 10
93.5967856718
 20
41.492476702
 10
93.5918126448
 20
41.5611803787
 10
93.5633663727
 20
41.6277340402
 10
93.5127769714
 20
41.6890257113
 10
93.4424099453
 20
41.7421894616
 10
93.3555555781
 20
41.7847394133
 10
93.2562750836
 20
41.8146859778
 10
93.1492107074
 20
41.8306288871
 10
93.0393686607
 20
41.8318226685
 10
92.9318850355
 20
41.8182115021
 10
92.8317856467
 20
41.7904318309
 10
92.7437510305
 20
41.7497826014
 10
92.6718975876
 20
41.6981645265
 10
92.6195851052
 20
41.63799121
 10
92.5892596568
 20
41.5720762892
 10
92.5823392267
 20
41.5035018726
  0
LWPOLYLINE
  5
328
330
1F
100
AcDbEntity
  8
0
  6
Continuous
 62
     7
370
     0
100
AcDbPolyline
 90
       30
 70
   128
 43
0.0
 10
92.1913744376
 20
46.9047833485
 10
92.2081826175
 20
46.8367558996
 10
92.2479334754
 20
46.7724563063
 10
92.3087683055
 20
46.7148911461
 10
92.3878425387
 20
46.666752102
 10
92.4814587518
 20
46.6302901021
 10
92.5852395546
 20
46.6072100691
 10
92.6943322723
 20
46.5985911995
 10
92.8036358505
 20
46.6048365022
 10
92.9080393754
 20
46.6256539538
 10
93.0026610543
 20
46.6600701534
 10
93.0830764825
 20
46.7064758377
 10
93.1455255241
 20
46.7627011285
 10
93.1870881313
 20
46.8261169937
 10
93.2058208827
 20
46.8937581779
 10
93.2008478557
 20
46.9624618545
 10
93.1724015836
 20
47.029015516
 10
93.1218121823
 20
47.0903071871
 10
93.0514451562
 20
47.1434709375
 10
92.964590789
 20
47.1860208891
 10
92.8653102945
 20
47.2159674536
 10
92.7582459183
 20
47.231910363
 10
92.6484038716
 20
47.2331041444
 10
92.5409202464
 20
47.219492978
 10
92.4408208576
 20
47.1917133068
 10
92.3527862414
 20
47.1510640773
 10
92.2809327985
 20
47.0994460024
 10
92.2286203161
 20
47.0392726858
 10
92.1982948677
 20
46.9733577651
 10
92.1913744376
 20
46.9047833485
  0
ARC
  5
329
330
1F
100
AcDbEntity
  8
0
  6
Continuous
 62
     7
370
     0
100
AcDbCircle
 10
93.0843514639
 20
40.8904948943
 30
0.0
 40
0.6545305244026097
100
AcDbArc
 50
46.1736315666
 51
132.8257426187
  0
LWPOLYLINE
  5
32A
330
1F
100
AcDbEntity
  8
0
  6
Continuous
 62
     7
370
     0
100
AcDbPolyline
 90
       35
 70
   128
 43
0.0
 10
96.0019810428
 20
43.7924664015
 10
95.9891623251
 20
43.8310816214
 10
95.920516544
 20
43.9945475174
 10
95.8300171217
 20
44.1538984782
 10
95.7183161087
 20
44.3079863765
 10
95.5862183132
 20
44.4557010053
 10
95.434675503
 20
44.5959780775
 10
95.2647795475
 20
44.7278068935
 10
95.0777545508
 20
44.8502376236
 10
94.8749480325
 20
44.9623881517
 10
94.657821218
 20
45.0634504306
 10
94.4279385112
 20
45.1526963043
 10
94.1869562221
 20
45.2294827542
 10
93.9366106336
 20
45.2932565321
 10
93.6787054916
 20
45.3435581467
 10
93.4150990083
 20
45.3800251735
 10
93.1476904746
 20
45.4023948668
 10
92.8784065752
 20
45.4105060525
 10
92.6091875065
 20
45.4043002892
 10
92.3419729983
 20
45.3838222897
 10
92.0786883372
 20
45.3492195983
 10
91.8212304952
 20
45.3007415284
 10
91.5714544619
 20
45.2387373655
 10
91.3311598793
 20
45.1636538509
 10
91.1020780756
 20
45.0760319632
 10
90.8858595902
 20
44.97650302
 10
90.6840622824
 20
44.8657841297
 10
90.4981401063
 20
44.7446730244
 10
90.3294326356
 20
44.6140423125
 10
90.1791554114
 20
44.4748331911
 10
90.0483911845
 20
44.3280486651
 10
89.9380821142
 20
44.1747463205
 10
89.8490229798
 20
44.0160307042
 10
89.7818554546
 20
43.8530453658
 10
89.7797477366
 20
43.8468009928
  0
ARC
  5
32B
330
1F
100
AcDbEntity
  8
0
  6
Continuous
 62
     7
370
     0
100
AcDbCircle
 10
92.6933866748
 20
46.2917763701
 30
0.0
 40
0.6545305244028784
100
AcDbArc
 50
46.1736315666
 51
132.8257426187
  0
LINE
  5
32C
330
1F
100
AcDbEntity
  8
0
  6
Continuous
 62
     7
370
     0
100
AcDbLine
 10
95.3347932704
 20
28.5079513587
 30
0.0
 11
95.3408748853
 21
29.2043995267
 31
0.0
  0
LINE
  5
32D
330
1F
100
AcDbEntity
  8
0
  6
Continuous
 62
     7
370
     0
100
AcDbLine
 10
95.3347932704
 20
28.5079513587
 30
0.0
 11
90.944851412
 21
28.2690031207
 31
0.0
  0
LINE
  5
32E
330
1F
100
AcDbEntity
  8
0
  6
Continuous
 62
     7
370
     0
100
AcDbLine
 10
90.944851412
 20
28.2690031207
 30
0.0
 11
90.9515581258
 21
29.0370357211
 31
0.0
  0
LINE
  5
32F
330
1F
100
AcDbEntity
  8
0
  6
Continuous
 62
     7
370
     0
100
AcDbLine
 10
90.944851412
 20
28.2690031207
 30
0.0
 11
89.5606134596
 21
29.493023773
 31
0.0
  0
LINE
  5
330
330
1F
100
AcDbEntity
  8
0
  6
Continuous
 62
     7
370
     0
100
AcDbLine
 10
96.0364783472
 20
29.4657570916
 30
0.0
 11
95.3347932704
 21
28.5079513587
 31
0.0
  0
LWPOLYLINE
  5
331
330
1F
100
AcDbEntity
  8
0
  6
Continuous
 62
     7
370
     0
100
AcDbPolyline
 90
       51
 70
   128
 43
0.0
 10
87.2027430564
 20
32.3784386306
 10
87.2083890176
 20
32.2009704155
 10
87.2356724801
 20
31.9795662501
 10
87.2853233933
 20
31.7595717252
 10
87.3571418306
 20
31.5418726811
 10
87.4508386043
 20
31.327345715
 10
87.5660364308
 20
31.1168546512
 10
87.702271449
 20
30.9112470631
 10
87.8589950886
 20
30.7113508598
 10
88.0355762788
 20
30.5179709527
 10
88.2313039895
 20
30.3318860145
 10
88.4453900942
 20
30.1538453435
 10
88.6769725438
 20
29.9845658468
 10
88.9251188375
 20
29.824729153
 10
89.1888297777
 20
29.6749788682
 10
89.4670434936
 20
29.5359179838
 10
89.7586397167
 20
29.408106449
 10
90.0624442919
 20
29.2920589158
 10
90.3772339056
 20
29.1882426665
 10
90.7017410108
 20
29.0970757326
 10
91.0346589322
 20
29.0189252112
 10
91.3746471267
 20
28.9541057867
 10
91.7203365819
 20
28.9028784642
 10
92.0703353284
 20
28.865449518
 10
92.4232340446
 20
28.8419696612
 10
92.7776117321
 20
28.832533439
 10
93.1320414369
 20
28.8371788477
 10
93.4850959958
 20
28.8558871819
 10
93.8353537827
 20
28.8885831096
 10
94.181404433
 20
28.9351349761
 10
94.5218545229
 20
28.9953553332
 10
94.8553331801
 20
29.0690016949
 10
95.1804976037
 20
29.1557775133
 10
95.4960384714
 20
29.2553333727
 10
95.8006852114
 20
29.367268397
 10
96.0932111188
 20
29.4911318632
 10
96.3724382951
 20
29.6264250168
 10
96.637242391
 20
29.7726030802
 10
96.8865571338
 20
29.9290774458
 10
97.1193786211
 20
30.0952180466
 10
97.3347693629
 20
30.2703558931
 10
97.5318620567
 20
30.4537857668
 10
97.7098630798
 20
30.6447690606
 10
97.8680556849
 20
30.842536752
 10
98.0058028862
 20
31.0462925003
 10
98.1225500244
 20
31.2552158532
 10
98.2178269999
 20
31.4684655499
 10
98.2912501659
 20
31.6851829092
 10
98.3425238734
 20
31.9044952868
 10
98.3714416612
 20
32.1255195892
 10
98.3783169758
 20
32.2808498371
  0
LWPOLYLINE
  5
332
330
1F
100
AcDbEntity
  8
0
  6
Continuous
 62
     7
370
     0
100
AcDbPolyline
 90
       51
 70
   128
 43
0.0
 10
87.2087977169
 20
33.0718000637
 10
87.2144436781
 20
32.8943318486
 10
87.2417271406
 20
32.6729276832
 10
87.2913780538
 20
32.4529331583
 10
87.363196491
 20
32.2352341142
 10
87.4568932648
 20
32.0207071481
 10
87.5720910913
 20
31.8102160844
 10
87.7083261095
 20
31.6046084962
 10
87.8650497491
 20
31.4047122929
 10
88.0416309393
 20
31.2113323858
 10
88.23735865
 20
31.0252474476
 10
88.4514447547
 20
30.8472067767
 10
88.6830272043
 20
30.6779272799
 10
88.931173498
 20
30.5180905861
 10
89.1948844382
 20
30.3683403013
 10
89.4730981541
 20
30.229279417
 10
89.7646943772
 20
30.1014678822
 10
90.0684989524
 20
29.9854203489
 10
90.383288566
 20
29.8816040997
 10
90.7077956713
 20
29.7904371658
 10
91.0407135927
 20
29.7122866443
 10
91.3807017872
 20
29.6474672198
 10
91.7263912424
 20
29.5962398973
 10
92.0763899888
 20
29.5588109511
 10
92.4292887051
 20
29.5353310944
 10
92.7836663926
 20
29.5258948722
 10
93.1380960974
 20
29.5305402809
 10
93.4911506563
 20
29.549248615
 10
93.8414084432
 20
29.5819445428
 10
94.1874590935
 20
29.6284964092
 10
94.5279091834
 20
29.6887167663
 10
94.8613878406
 20
29.762363128
 10
95.1865522642
 20
29.8491389464
 10
95.5020931319
 20
29.9486948059
 10
95.8067398719
 20
30.0606298301
 10
96.0992657793
 20
30.1844932963
 10
96.3784929556
 20
30.31978645
 10
96.6432970515
 20
30.4659645134
 10
96.8926117943
 20
30.622438879
 10
97.1254332816
 20
30.7885794798
 10
97.3408240234
 20
30.9637173262
 10
97.5379167172
 20
31.1471472
 10
97.7159177403
 20
31.3381304937
 10
97.8741103454
 20
31.5358981851
 10
98.0118575467
 20
31.7396539335
 10
98.1286046849
 20
31.9485772863
 10
98.2238816604
 20
32.161826983
 10
98.2973048264
 20
32.3785443423
 10
98.3485785339
 20
32.59785672
 10
98.3774963216
 20
32.8188810223
 10
98.3843716363
 20
32.9742112702
  0
ARC
  5
333
330
1F
100
AcDbEntity
  8
0
  6
Continuous
 62
     7
370
     0
100
AcDbCircle
 10
92.7773579699
 20
27.9785029238
 30
0.0
 40
3.492466904655411
100
AcDbArc
 50
271.3815421887
 51
303.2051718034
  0
ARC
  5
334
330
1F
100
AcDbEntity
  8
0
  6
Continuous
 62
     7
370
     0
100
AcDbCircle
 10
92.6481584474
 20
28.8481187604
 30
0.0
 40
3.837198428569145
100
AcDbArc
 50
238.474834839
 51
302.2322122618
  0
ARC
  5
335
330
1F
100
AcDbEntity
  8
0
  6
Continuous
 62
     7
370
     0
100
AcDbCircle
 10
92.6529258965
 20
29.3940726447
 30
0.0
 40
3.837198428569141
100
AcDbArc
 50
238.474834839
 51
302.2322122618
  0
ARC
  5
336
330
1F
100
AcDbEntity
  8
0
  6
Continuous
 62
     7
370
     0
100
AcDbCircle
 10
92.6576933457
 20
29.9400265291
 30
0.0
 40
3.837198428569225
100
AcDbArc
 50
238.474834839
 51
302.2322122618
  0
ARC
  5
337
330
1F
100
AcDbEntity
  8
0
  6
Continuous
 62
     7
370
     0
100
AcDbCircle
 10
92.6624607949
 20
30.4859804134
 30
0.0
 40
3.837198428569152
100
AcDbArc
 50
238.474834839
 51
302.2322122618
  0
ARC
  5
338
330
1F
100
AcDbEntity
  8
0
  6
Continuous
 62
     7
370
     0
100
AcDbCircle
 10
92.6672282441
 20
31.0319342978
 30
0.0
 40
3.837198428569197
100
AcDbArc
 50
238.474834839
 51
302.2322122618
  0
ARC
  5
339
330
1F
100
AcDbEntity
  8
0
  6
Continuous
 62
     7
370
     0
100
AcDbCircle
 10
92.6719956933
 20
31.5778881821
 30
0.0
 40
3.837198428569116
100
AcDbArc
 50
238.474834839
 51
302.2322122618
  0
ARC
  5
33A
330
1F
100
AcDbEntity
  8
0
  6
Continuous
 62
     7
370
     0
100
AcDbCircle
 10
92.6787243673
 20
32.2876938321
 30
0.0
 40
3.986291933748697
100
AcDbArc
 50
262.534889153
 51
283.6962771837
  0
LWPOLYLINE
  5
33B
330
1F
100
AcDbEntity
  8
0
  6
Continuous
 62
     7
370
     0
100
AcDbPolyline
 90
       12
 70
   128
 43
0.0
 10
92.8772410614
 20
24.5763465498
 10
93.3384621349
 20
24.621708394
 10
93.7985865972
 20
24.7147145146
 10
94.239710214
 20
24.8551456959
 10
94.6441673536
 20
25.0391008236
 10
94.9967863565
 20
25.2592973862
 10
95.2867384175
 20
25.5060060957
 10
95.5093717305
 20
25.7696994038
 10
95.6708603187
 20
26.0578338685
 10
95.7639766216
 20
26.3670406429
 10
95.7811342798
 20
26.6865571697
 10
95.7497852401
 20
26.8500388613
  0
LWPOLYLINE
  5
33C
330
1F
100
AcDbEntity
  8
0
  6
Continuous
 62
     7
370
     0
100
AcDbPolyline
 90
       24
 70
   128
 43
0.0
 10
89.7450271163
 20
27.1873074011
 10
89.7194346635
 20
27.1098081875
 10
89.7025308518
 20
26.819361401
 10
89.7637096353
 20
26.5307144948
 10
89.8991833547
 20
26.2547424096
 10
90.0999051335
 20
26.0008600189
 10
90.3581413801
 20
25.7726894265
 10
90.6808550591
 20
25.5667877586
 10
91.0620677766
 20
25.3919546278
 10
91.4896545499
 20
25.2563677788
 10
91.9475222555
 20
25.1654749655
 10
92.4175774475
 20
25.1212854399
 10
92.8820085106
 20
25.1223004342
 10
93.3432295841
 20
25.1676622783
 10
93.8033540464
 20
25.2606683989
 10
94.2444776632
 20
25.4010995803
 10
94.6489348028
 20
25.5850547079
 10
95.0015538057
 20
25.8052512706
 10
95.2915058667
 20
26.0519599801
 10
95.5141391796
 20
26.3156532882
 10
95.6756277679
 20
26.6037877529
 10
95.7687440707
 20
26.9129945273
 10
95.785901729
 20
27.232511054
 10
95.7545526893
 20
27.3959927456
  0
LWPOLYLINE
  5
33D
330
1F
100
AcDbEntity
  8
0
  6
Continuous
 62
     7
370
     0
100
AcDbPolyline
 90
       24
 70
   128
 43
0.0
 10
89.7497945655
 20
27.7332612854
 10
89.7242021127
 20
27.6557620719
 10
89.707298301
 20
27.3653152854
 10
89.7684770844
 20
27.0766683792
 10
89.9039508039
 20
26.800696294
 10
90.1046725827
 20
26.5468139033
 10
90.3629088293
 20
26.3186433109
 10
90.6856225083
 20
26.112741643
 10
91.0668352258
 20
25.9379085121
 10
91.4944219991
 20
25.8023216631
 10
91.9522897047
 20
25.7114288498
 10
92.4223448967
 20
25.6672393242
 10
92.8867759598
 20
25.6682543185
 10
93.3479970333
 20
25.7136161627
 10
93.8081214956
 20
25.8066222833
 10
94.2492451123
 20
25.9470534647
 10
94.653702252
 20
26.1310085923
 10
95.0063212549
 20
26.351205155
 10
95.2962733159
 20
26.5979138645
 10
95.5189066288
 20
26.8616071725
 10
95.680395217
 20
27.1497416372
 10
95.7735115199
 20
27.4589484116
 10
95.7906691782
 20
27.7784649384
 10
95.7593201385
 20
27.94194663
  0
LWPOLYLINE
  5
33E
330
1F
100
AcDbEntity
  8
0
  6
Continuous
 62
     7
370
     0
100
AcDbPolyline
 90
       24
 70
   128
 43
0.0
 10
89.7545620147
 20
28.2792151698
 10
89.7289695619
 20
28.2017159562
 10
89.7120657502
 20
27.9112691697
 10
89.7732445336
 20
27.6226222636
 10
89.9087182531
 20
27.3466501783
 10
90.1094400319
 20
27.0927677876
 10
90.3676762785
 20
26.8645971952
 10
90.6903899575
 20
26.6586955273
 10
91.071602675
 20
26.4838623965
 10
91.4991894483
 20
26.3482755475
 10
91.9570571539
 20
26.2573827342
 10
92.4271123459
 20
26.2131932086
 10
92.891543409
 20
26.2142082029
 10
93.3527644825
 20
26.2595700471
 10
93.8128889448
 20
26.3525761676
 10
94.2540125615
 20
26.493007349
 10
94.6584697012
 20
26.6769624766
 10
95.0110887041
 20
26.8971590393
 10
95.3010407651
 20
27.1438677488
 10
95.523674078
 20
27.4075610569
 10
95.6851626662
 20
27.6956955216
 10
95.7782789691
 20
28.004902296
 10
95.7954366274
 20
28.3244188227
 10
95.7640875877
 20
28.4879005144
  0
LWPOLYLINE
  5
33F
330
1F
100
AcDbEntity
  8
0
  6
Continuous
 62
     7
370
     0
100
AcDbPolyline
 90
       24
 70
   128
 43
0.0
 10
89.7593294639
 20
28.8251690541
 10
89.733737011
 20
28.7476698406
 10
89.7168331994
 20
28.4572230541
 10
89.7780119828
 20
28.1685761479
 10
89.9134857023
 20
27.8926040627
 10
90.1142074811
 20
27.638721672
 10
90.3724437277
 20
27.4105510796
 10
90.6951574067
 20
27.2046494117
 10
91.0763701242
 20
27.0298162808
 10
91.5039568975
 20
26.8942294318
 10
91.9618246031
 20
26.8033366185
 10
92.4318797951
 20
26.759147093
 10
92.8963108582
 20
26.7601620872
 10
93.3575319317
 20
26.8055239314
 10
93.8176563939
 20
26.898530052
 10
94.2587800107
 20
27.0389612334
 10
94.6632371504
 20
27.222916361
 10
95.0158561533
 20
27.4431129237
 10
95.3058082143
 20
27.6898216332
 10
95.5284415272
 20
27.9535149413
 10
95.6899301154
 20
28.2416494059
 10
95.7830464183
 20
28.5508561804
 10
95.8002040766
 20
28.8703727071
 10
95.7688550369
 20
29.0338543987
  0
LWPOLYLINE
  5
340
330
1F
100
AcDbEntity
  8
0
  6
Continuous
 62
     7
370
     0
100
AcDbPolyline
 90
       23
 70
   128
 43
0.0
 10
89.7492646604
 20
29.3262078253
 10
89.7385044602
 20
29.2936237249
 10
89.7216006486
 20
29.0031769384
 10
89.782779432
 20
28.7145300323
 10
89.9182531515
 20
28.438557947
 10
90.1189749303
 20
28.1846755563
 10
90.3772111769
 20
27.956504964
 10
90.6999248559
 20
27.750603296
 10
91.0811375734
 20
27.5757701652
 10
91.5087243467
 20
27.4401833162
 10
91.9665920523
 20
27.3492905029
 10
92.4366472443
 20
27.3051009773
 10
92.9010783073
 20
27.3061159716
 10
93.3622993809
 20
27.3514778158
 10
93.8224238431
 20
27.4444839364
 10
94.2635474599
 20
27.5849151177
 10
94.6680045996
 20
27.7688702454
 10
95.0206236025
 20
27.989066808
 10
95.3105756635
 20
28.2357755175
 10
95.5332089764
 20
28.4994688256
 10
95.6946975646
 20
28.7876032903
 10
95.7878138675
 20
29.0968100647
 10
95.7895243259
 20
29.1286628806
  0
LWPOLYLINE
  5
341
330
1F
100
AcDbEntity
  8
0
  6
Continuous
 62
     7
370
     0
100
AcDbPolyline
 90
       16
 70
   128
 43
0.0
 10
89.7792333653
 20
29.2997078195
 10
89.7875468812
 20
29.2604839166
 10
89.9230206007
 20
28.9845118314
 10
90.1237423795
 20
28.7306294407
 10
90.3819786261
 20
28.5024588483
 10
90.7046923051
 20
28.2965571804
 10
91.0859050226
 20
28.1217240495
 10
91.5134917959
 20
27.9861372005
 10
91.9713595015
 20
27.8952443873
 10
92.4414146935
 20
27.8510548617
 10
92.9058457565
 20
27.8520698559
 10
93.3670668301
 20
27.8974317001
 10
93.8271912923
 20
27.9904378207
 10
94.2683149091
 20
28.1308690021
 10
94.6727720488
 20
28.3148241297
 10
94.9483593156
 20
28.4869174326
  0
LWPOLYLINE
  5
342
330
1F
100
AcDbEntity
  8
0
  6
Continuous
 62
     7
370
     0
100
AcDbPolyline
 90
       21
 70
   128
 43
0.0
 10
92.8772410614
 20
24.5763465498
 10
92.6333943113
 20
24.5757914089
 10
92.3889258557
 20
24.5875283814
 10
92.14210974
 20
24.6121461048
 10
91.8980333495
 20
24.6496649742
 10
91.6679547837
 20
24.6978273743
 10
91.4421853828
 20
24.7582489771
 10
91.2239606501
 20
24.8304758236
 10
91.0135312718
 20
24.9148710451
 10
90.8170947136
 20
25.0090664568
 10
90.6329216968
 20
25.1138496186
 10
90.4601949218
 20
25.2304521311
 10
90.3032516453
 20
25.356809717
 10
90.169152343
 20
25.4863063852
 10
90.0524702789
 20
25.6231697383
 10
89.9531631807
 20
25.7687213608
 10
89.8742910439
 20
25.9200293977
 10
89.8195815309
 20
26.0671509728
 10
89.7846699361
 20
26.218586174
 10
89.7707102416
 20
26.3722675394
 10
89.7771672512
 20
26.5033001273
  0
ARC
  5
343
330
1F
100
AcDbEntity
  8
0
  6
Continuous
 62
     7
370
     0
100
AcDbCircle
 10
92.9579955496
 20
27.6367324663
 30
0.0
 40
3.151157127884071
100
AcDbArc
 50
268.246323284
 51
316.7327510862
  0
LINE
  5
344
330
1F
100
AcDbEntity
  8
0
  6
Continuous
 62
     7
370
     0
100
AcDbLine
 10
92.8615617782
 20
24.4870512488
 30
0.0
 11
92.8772410614
 21
24.5763465498
 31
0.0
  0
ARC
  5
345
330
1F
100
AcDbEntity
  8
0
  6
Continuous
 62
     7
370
     0
100
AcDbCircle
 10
92.6836833679
 20
28.1687688762
 30
0.0
 40
3.686012129215998
100
AcDbArc
 50
237.3247865584
 51
272.7660359522
  0
ARC
  5
346
330
1F
100
AcDbEntity
  8
0
  6
Continuous
 62
     7
370
     0
100
AcDbCircle
 10
92.8618628496
 20
28.0739090876
 30
0.0
 40
3.586857851466885
100
AcDbArc
 50
269.995190744
 51
301.9546815881
  0
ARC
  5
347
330
1F
100
AcDbEntity
  8
0
  6
Continuous
 62
     7
370
     0
100
AcDbCircle
 10
91.6744754582
 20
38.8546649597
 30
0.0
 40
5.999028264808957
100
AcDbArc
 50
210.5650238416
 51
264.393533517
  0
LWPOLYLINE
  5
348
330
1F
100
AcDbEntity
  8
0
  6
Continuous
 62
     7
370
     0
100
AcDbPolyline
 90
       24
 70
   128
 43
0.0
 10
86.1034884029
 20
43.6631780317
 10
86.1144952656
 20
44.0119438537
 10
86.1717070121
 20
44.3586899618
 10
86.3250548922
 20
44.825969312
 10
86.5628717994
 20
45.2804170688
 10
86.8805560791
 20
45.7132309901
 10
87.2697678792
 20
46.114075537
 10
87.7298463526
 20
46.4860374791
 10
88.2521365864
 20
46.82212217
 10
88.8325578335
 20
47.1187644343
 10
89.4649888798
 20
47.3733439781
 10
90.1378748715
 20
47.5803757009
 10
90.8379788427
 20
47.7353157732
 10
91.5647266254
 20
47.8397083279
 10
92.3039694531
 20
47.891517725
 10
93.0356728951
 20
47.88996889
 10
93.7655440953
 20
47.8371605874
 10
94.4798556581
 20
47.7340873349
 10
95.171735469
 20
47.5811242663
 10
95.8346629929
 20
47.3801759168
 10
96.4554998775
 20
47.1345196717
 10
97.0150703073
 20
46.8522713256
 10
97.522632677
 20
46.5317198297
 10
97.9685152462
 20
46.1789684429
  0
LWPOLYLINE
  5
349
330
1F
100
AcDbEntity
  8
0
  6
Continuous
 62
     7
370
     0
100
AcDbPolyline
 90
       66
 70
   128
 43
0.0
 10
86.1034884029
 20
43.6631780317
 10
86.1099512184
 20
44.1155963261
 10
86.1847649895
 20
44.5233288624
 10
86.3272336163
 20
44.9301641661
 10
86.5379153024
 20
45.329760481
 10
86.815271691
 20
45.7157200442
 10
87.1556586087
 20
46.0819176907
 10
87.5534787517
 20
46.4228199809
 10
87.9746750814
 20
46.7168677789
 10
88.4334040658
 20
46.9812288117
 10
88.9219609785
 20
47.2137947905
 10
89.4343342062
 20
47.4140429359
 10
89.9823507104
 20
47.5863613903
 10
90.6018617301
 20
47.7361001556
 10
91.253459473
 20
47.8478254824
 10
91.9282552377
 20
47.9183589006
 10
92.6162793861
 20
47.9456744429
 10
93.3069561062
 20
47.9290465643
 10
93.9896386805
 20
47.8691023694
 10
94.6168332763
 20
47.7746273058
 10
95.2201041998
 20
47.6459136029
 10
95.7927408083
 20
47.4862748822
 10
96.3336818951
 20
47.2977665258
 10
96.8555676536
 20
47.0752501714
 10
97.3920244244
 20
46.7963378578
 10
97.8891513879
 20
46.4802416193
 10
98.3375183621
 20
46.1307573368
 10
98.7289301748
 20
45.7529000594
 10
99.0569063181
 20
45.3526734926
 10
99.3170342976
 20
44.9367555261
 10
99.5071569105
 20
44.5121338395
 10
99.6273780922
 20
44.0857323698
 10
99.6799104564
 20
43.6638011968
 10
99.6671966417
 20
43.2380436445
 10
99.5864505984
 20
42.8063451938
 10
99.4351472533
 20
42.3752871087
 10
99.2128768138
 20
41.9518556268
 10
98.9215098208
 20
41.5430922762
 10
98.5651887724
 20
41.1557170957
 10
98.1501375065
 20
40.795765484
 10
97.684306049
 20
40.4682791162
 10
97.1768924703
 20
40.1770835406
 10
96.6377990351
 20
39.9246714818
 10
96.0664900934
 20
39.7083374962
 10
95.4514281904
 20
39.5242556975
 10
94.7993633146
 20
39.3771516181
 10
94.1191218616
 20
39.2710765133
 10
93.4208843921
 20
39.2089562777
 10
92.7157033053
 20
39.1923785205
 10
92.0149299994
 20
39.2214781282
 10
91.3296124582
 20
39.2949370338
 10
90.6699293265
 20
39.4100974681
 10
90.0173162206
 20
39.5709371189
 10
89.4049905564
 20
39.7697547769
 10
88.8178693479
 20
40.0110798219
 10
88.2647600957
 20
40.2943671924
 10
87.7571014446
 20
40.6167352601
 10
87.3128803583
 20
40.9671128345
 10
86.9309755816
 20
41.3454495494
 10
86.6177222467
 20
41.7452768873
 10
86.3770687547
 20
42.1594974037
 10
86.2379817978
 20
42.4959474447
 10
86.1457952804
 20
42.833245281
 10
86.0991636454
 20
43.1679198652
 10
86.105626461
 20
43.6203381596
 10
86.1076912581
 20
43.6315912347
  0
LWPOLYLINE
  5
34A
330
1F
100
AcDbEntity
  8
0
  6
Continuous
 62
     7
370
     0
100
AcDbPolyline
 90
       35
 70
   128
 43
0.0
 10
99.6691204142
 20
43.2204711165
 10
99.6755856989
 20
43.1685430303
 10
99.6628718842
 20
42.742785478
 10
99.582125841
 20
42.3110870273
 10
99.4308224958
 20
41.8800289422
 10
99.2085520563
 20
41.4565974603
 10
98.9171850633
 20
41.0478341097
 10
98.5608640149
 20
40.6604589292
 10
98.145812749
 20
40.3005073175
 10
97.6799812915
 20
39.9730209497
 10
97.1725677128
 20
39.6818253741
 10
96.6334742776
 20
39.4294133153
 10
96.0621653359
 20
39.2130793297
 10
95.4471034329
 20
39.028997531
 10
94.7950385571
 20
38.8818934515
 10
94.1147971041
 20
38.7758183467
 10
93.4165596347
 20
38.7136981112
 10
92.7113785479
 20
38.697120354
 10
92.0106052419
 20
38.7262199617
 10
91.3252877007
 20
38.7996788673
 10
90.665604569
 20
38.9148393016
 10
90.0129914631
 20
39.0756789524
 10
89.4006657989
 20
39.2744966103
 10
88.8135445904
 20
39.5158216554
 10
88.2604353382
 20
39.7991090259
 10
87.7527766871
 20
40.1214770935
 10
87.3085556008
 20
40.4718546679
 10
86.9266508241
 20
40.8501913828
 10
86.6133974892
 20
41.2500187207
 10
86.3727439973
 20
41.6642392372
 10
86.2336570403
 20
42.0006892782
 10
86.1414705229
 20
42.3379871144
 10
86.094838888
 20
42.6726616987
 10
86.1013017035
 20
43.1250799931
 10
86.1033665006
 20
43.1363330682
  0
LWPOLYLINE
  5
34B
330
1F
100
AcDbEntity
  8
0
  6
Continuous
 62
     7
370
     0
100
AcDbPolyline
 90
       35
 70
   128
 43
0.0
 10
99.6647956568
 20
42.72521295
 10
99.6712609414
 20
42.6732848638
 10
99.6585471267
 20
42.2475273115
 10
99.5778010835
 20
41.8158288607
 10
99.4264977384
 20
41.3847707757
 10
99.2042272988
 20
40.9613392938
 10
98.9128603059
 20
40.5525759431
 10
98.5565392574
 20
40.1652007626
 10
98.1414879915
 20
39.8052491509
 10
97.675656534
 20
39.4777627832
 10
97.1682429554
 20
39.1865672076
 10
96.6291495201
 20
38.9341551487
 10
96.0578405784
 20
38.7178211632
 10
95.4427786754
 20
38.5337393645
 10
94.7907137996
 20
38.386635285
 10
94.1104723466
 20
38.2805601802
 10
93.4122348772
 20
38.2184399447
 10
92.7070537904
 20
38.2018621875
 10
92.0062804844
 20
38.2309617952
 10
91.3209629432
 20
38.3044207008
 10
90.6612798116
 20
38.4195811351
 10
90.0086667057
 20
38.5804207859
 10
89.3963410414
 20
38.7792384438
 10
88.8092198329
 20
39.0205634889
 10
88.2561105808
 20
39.3038508594
 10
87.7484519296
 20
39.626218927
 10
87.3042308433
 20
39.9765965014
 10
86.9223260666
 20
40.3549332163
 10
86.6090727317
 20
40.7547605542
 10
86.3684192398
 20
41.1689810707
 10
86.2293322828
 20
41.5054311117
 10
86.1371457654
 20
41.8427289479
 10
86.0905141305
 20
42.1774035321
 10
86.096976946
 20
42.6298218266
 10
86.0990417432
 20
42.6410749017
  0
LWPOLYLINE
  5
34C
330
1F
100
AcDbEntity
  8
0
  6
Continuous
 62
     7
370
     0
100
AcDbPolyline
 90
       35
 70
   128
 43
0.0
 10
99.6604708993
 20
42.2299547835
 10
99.6669361839
 20
42.1780266973
 10
99.6542223692
 20
41.7522691449
 10
99.573476326
 20
41.3205706942
 10
99.4221729809
 20
40.8895126091
 10
99.1999025413
 20
40.4660811272
 10
98.9085355484
 20
40.0573177766
 10
98.5522144999
 20
39.6699425961
 10
98.137163234
 20
39.3099909844
 10
97.6713317765
 20
38.9825046166
 10
97.1639181979
 20
38.691309041
 10
96.6248247627
 20
38.4388969822
 10
96.0535158209
 20
38.2225629967
 10
95.4384539179
 20
38.038481198
 10
94.7863890421
 20
37.8913771185
 10
94.1061475891
 20
37.7853020137
 10
93.4079101197
 20
37.7231817782
 10
92.7027290329
 20
37.7066040209
 10
92.001955727
 20
37.7357036287
 10
91.3166381857
 20
37.8091625343
 10
90.6569550541
 20
37.9243229685
 10
90.0043419482
 20
38.0851626193
 10
89.3920162839
 20
38.2839802773
 10
88.8048950754
 20
38.5253053224
 10
88.2517858233
 20
38.8085926929
 10
87.7441271721
 20
39.1309607605
 10
87.2999060859
 20
39.4813383349
 10
86.9180013092
 20
39.8596750498
 10
86.6047479742
 20
40.2595023877
 10
86.3640944823
 20
40.6737229041
 10
86.2250075254
 20
41.0101729452
 10
86.1328210079
 20
41.3474707814
 10
86.086189373
 20
41.6821453656
 10
86.0926521885
 20
42.13456366
 10
86.0947169857
 20
42.1458167352
  0
LWPOLYLINE
  5
34D
330
1F
100
AcDbEntity
  8
0
  6
Continuous
 62
     7
370
     0
100
AcDbPolyline
 90
       35
 70
   128
 43
0.0
 10
99.6561461418
 20
41.734696617
 10
99.6626114265
 20
41.6827685307
 10
99.6498976117
 20
41.2570109784
 10
99.5691515685
 20
40.8253125277
 10
99.4178482234
 20
40.3942544426
 10
99.1955777838
 20
39.9708229607
 10
98.9042107909
 20
39.5620596101
 10
98.5478897424
 20
39.1746844296
 10
98.1328384765
 20
38.8147328179
 10
97.667007019
 20
38.4872464501
 10
97.1595934404
 20
38.1960508745
 10
96.6205000052
 20
37.9436388157
 10
96.0491910635
 20
37.7273048302
 10
95.4341291604
 20
37.5432230314
 10
94.7820642846
 20
37.396118952
 10
94.1018228316
 20
37.2900438472
 10
93.4035853622
 20
37.2279236116
 10
92.6984042754
 20
37.2113458544
 10
91.9976309695
 20
37.2404454621
 10
91.3123134283
 20
37.3139043677
 10
90.6526302966
 20
37.429064802
 10
90.0000171907
 20
37.5899044528
 10
89.3876915264
 20
37.7887221108
 10
88.8005703179
 20
38.0300471559
 10
88.2474610658
 20
38.3133345264
 10
87.7398024147
 20
38.635702594
 10
87.2955813284
 20
38.9860801684
 10
86.9136765517
 20
39.3644168833
 10
86.6004232167
 20
39.7642442212
 10
86.3597697248
 20
40.1784647376
 10
86.2206827679
 20
40.5149147786
 10
86.1284962504
 20
40.8522126149
 10
86.0818646155
 20
41.1868871991
 10
86.088327431
 20
41.6393054935
 10
86.0903922282
 20
41.6505585687
  0
LWPOLYLINE
  5
34E
330
1F
100
AcDbEntity
  8
0
  6
Continuous
 62
     7
370
     0
100
AcDbPolyline
 90
       35
 70
   128
 43
0.0
 10
99.6518213843
 20
41.2394384504
 10
99.658286669
 20
41.1875103642
 10
99.6455728543
 20
40.7617528119
 10
99.564826811
 20
40.3300543612
 10
99.4135234659
 20
39.8989962761
 10
99.1912530264
 20
39.4755647942
 10
98.8998860334
 20
39.0668014436
 10
98.543564985
 20
38.6794262631
 10
98.128513719
 20
38.3194746514
 10
97.6626822616
 20
37.9919882836
 10
97.1552686829
 20
37.700792708
 10
96.6161752477
 20
37.4483806492
 10
96.044866306
 20
37.2320466636
 10
95.4298044029
 20
37.0479648649
 10
94.7777395271
 20
36.9008607854
 10
94.0974980742
 20
36.7947856806
 10
93.3992606047
 20
36.7326654451
 10
92.6940795179
 20
36.7160876879
 10
91.993306212
 20
36.7451872956
 10
91.3079886708
 20
36.8186462012
 10
90.6483055391
 20
36.9338066355
 10
89.9956924332
 20
37.0946462863
 10
89.3833667689
 20
37.2934639443
 10
88.7962455604
 20
37.5347889893
 10
88.2431363083
 20
37.8180763598
 10
87.7354776572
 20
38.1404444274
 10
87.2912565709
 20
38.4908220018
 10
86.9093517942
 20
38.8691587167
 10
86.5960984592
 20
39.2689860546
 10
86.3554449673
 20
39.6832065711
 10
86.2163580104
 20
40.0196566121
 10
86.1241714929
 20
40.3569544483
 10
86.077539858
 20
40.6916290326
 10
86.0840026735
 20
41.144047327
 10
86.0861801634
 20
41.1559145733
  0
LWPOLYLINE
  5
34F
330
1F
100
AcDbEntity
  8
0
  6
Continuous
 62
     7
370
     0
100
AcDbPolyline
 90
       35
 70
   128
 43
0.0
 10
99.6474966268
 20
40.7441802839
 10
99.6539619115
 20
40.6922521977
 10
99.6412480968
 20
40.2664946454
 10
99.5605020535
 20
39.8347961947
 10
99.4091987084
 20
39.4037381096
 10
99.1869282689
 20
38.9803066277
 10
98.8955612759
 20
38.571543277
 10
98.5392402275
 20
38.1841680965
 10
98.1241889616
 20
37.8242164848
 10
97.6583575041
 20
37.4967301171
 10
97.1509439254
 20
37.2055345415
 10
96.6118504902
 20
36.9531224826
 10
96.0405415485
 20
36.7367884971
 10
95.4254796455
 20
36.5527066984
 10
94.7734147697
 20
36.4056026189
 10
94.0931733167
 20
36.2995275141
 10
93.3949358472
 20
36.2374072786
 10
92.6897547604
 20
36.2208295214
 10
91.9889814545
 20
36.2499291291
 10
91.3036639133
 20
36.3233880347
 10
90.6439807816
 20
36.438548469
 10
89.9913676757
 20
36.5993881198
 10
89.3790420115
 20
36.7982057777
 10
88.791920803
 20
37.0395308228
 10
88.2388115508
 20
37.3228181933
 10
87.7311528997
 20
37.6451862609
 10
87.2869318134
 20
37.9955638353
 10
86.9050270367
 20
38.3739005502
 10
86.5917737018
 20
38.7737278881
 10
86.3511202098
 20
39.1879484046
 10
86.2120332529
 20
39.5243984456
 10
86.1198467355
 20
39.8616962818
 10
86.0732151005
 20
40.196370866
 10
86.0796779161
 20
40.6487891605
 10
86.0817427132
 20
40.6600422356
  0
LWPOLYLINE
  5
350
330
1F
100
AcDbEntity
  8
0
  6
Continuous
 62
     7
370
     0
100
AcDbPolyline
 90
       35
 70
   128
 43
0.0
 10
99.6431718693
 20
40.2489221174
 10
99.649637154
 20
40.1969940312
 10
99.6369233393
 20
39.7712364788
 10
99.5561772961
 20
39.3395380281
 10
99.4048739509
 20
38.908479943
 10
99.1826035114
 20
38.4850484611
 10
98.8912365184
 20
38.0762851105
 10
98.53491547
 20
37.68890993
 10
98.1198642041
 20
37.3289583183
 10
97.6540327466
 20
37.0014719505
 10
97.1466191679
 20
36.7102763749
 10
96.6075257327
 20
36.4578643161
 10
96.036216791
 20
36.2415303306
 10
95.421154888
 20
36.0574485319
 10
94.7690900122
 20
35.9103444524
 10
94.0888485592
 20
35.8042693476
 10
93.3906110898
 20
35.7421491121
 10
92.685430003
 20
35.7255713548
 10
91.984656697
 20
35.7546709626
 10
91.2993391558
 20
35.8281298682
 10
90.6396560241
 20
35.9432903024
 10
89.9870429182
 20
36.1041299533
 10
89.374717254
 20
36.3029476112
 10
88.7875960455
 20
36.5442726563
 10
88.2344867933
 20
36.8275600268
 10
87.7268281422
 20
37.1499280944
 10
87.2826070559
 20
37.5003056688
 10
86.9007022792
 20
37.8786423837
 10
86.5874489443
 20
38.2784697216
 10
86.3467954524
 20
38.6926902381
 10
86.2077084954
 20
39.0291402791
 10
86.115521978
 20
39.3664381153
 10
86.0688903431
 20
39.7011126995
 10
86.0753531586
 20
40.1535309939
 10
86.0774179557
 20
40.1647840691
  0
LWPOLYLINE
  5
351
330
1F
100
AcDbEntity
  8
0
  6
Continuous
 62
     7
370
     0
100
AcDbPolyline
 90
       35
 70
   128
 43
0.0
 10
99.6388471119
 20
39.7536639509
 10
99.6453123965
 20
39.7017358646
 10
99.6325985818
 20
39.2759783123
 10
99.5518525386
 20
38.8442798616
 10
99.4005491935
 20
38.4132217765
 10
99.1782787539
 20
37.9897902946
 10
98.886911761
 20
37.581026944
 10
98.5305907125
 20
37.1936517635
 10
98.1155394466
 20
36.8337001518
 10
97.6497079891
 20
36.506213784
 10
97.1422944105
 20
36.2150182084
 10
96.6032009752
 20
35.9626061496
 10
96.0318920335
 20
35.7462721641
 10
95.4168301305
 20
35.5621903654
 10
94.7647652547
 20
35.4150862859
 10
94.0845238017
 20
35.3090111811
 10
93.3862863323
 20
35.2468909455
 10
92.6811052455
 20
35.2303131883
 10
91.9803319395
 20
35.259412796
 10
91.2950143983
 20
35.3328717016
 10
90.6353312667
 20
35.4480321359
 10
89.9827181608
 20
35.6088717867
 10
89.3703924965
 20
35.8076894447
 10
88.783271288
 20
36.0490144898
 10
88.2301620359
 20
36.3323018603
 10
87.7225033847
 20
36.6546699279
 10
87.2782822984
 20
37.0050475023
 10
86.8963775217
 20
37.3833842172
 10
86.5831241868
 20
37.7832115551
 10
86.3424706949
 20
38.1974320715
 10
86.2033837379
 20
38.5338821125
 10
86.1111972205
 20
38.8711799488
 10
86.0645655856
 20
39.205854533
 10
86.0710284011
 20
39.6582728274
 10
86.0730931983
 20
39.6695259026
  0
LWPOLYLINE
  5
352
330
1F
100
AcDbEntity
  8
0
  6
Continuous
 62
     7
370
     0
100
AcDbPolyline
 90
       35
 70
   128
 43
0.0
 10
99.6345223544
 20
39.2584057843
 10
99.640987639
 20
39.2064776981
 10
99.6282738243
 20
38.7807201458
 10
99.5475277811
 20
38.3490216951
 10
99.396224436
 20
37.91796361
 10
99.1739539964
 20
37.4945321281
 10
98.8825870035
 20
37.0857687775
 10
98.526265955
 20
36.698393597
 10
98.1112146891
 20
36.3384419853
 10
97.6453832316
 20
36.0109556175
 10
97.137969653
 20
35.7197600419
 10
96.5988762178
 20
35.4673479831
 10
96.027567276
 20
35.2510139975
 10
95.412505373
 20
35.0669321988
 10
94.7604404972
 20
34.9198281194
 10
94.0801990442
 20
34.8137530146
 10
93.3819615748
 20
34.751632779
 10
92.676780488
 20
34.7350550218
 10
91.9760071821
 20
34.7641546295
 10
91.2906896409
 20
34.8376135351
 10
90.6310065092
 20
34.9527739694
 10
89.9783934033
 20
35.1136136202
 10
89.366067739
 20
35.3124312782
 10
88.7789465305
 20
35.5537563232
 10
88.2258372784
 20
35.8370436937
 10
87.7181786273
 20
36.1594117614
 10
87.273957541
 20
36.5097893357
 10
86.8920527643
 20
36.8881260506
 10
86.5787994293
 20
37.2879533885
 10
86.3381459374
 20
37.702173905
 10
86.1990589805
 20
38.038623946
 10
86.106872463
 20
38.3759217822
 10
86.0602408281
 20
38.7105963665
 10
86.0667036436
 20
39.1630146609
 10
86.0688811334
 20
39.1748819072
  0
LWPOLYLINE
  5
353
330
1F
100
AcDbEntity
  8
0
  6
Continuous
 62
     7
370
     0
100
AcDbPolyline
 90
       35
 70
   128
 43
0.0
 10
99.6301975969
 20
38.7631476178
 10
99.6366628816
 20
38.7112195316
 10
99.6239490668
 20
38.2854619793
 10
99.5432030236
 20
37.8537635286
 10
99.3918996785
 20
37.4227054435
 10
99.1696292389
 20
36.9992739616
 10
98.878262246
 20
36.5905106109
 10
98.5219411975
 20
36.2031354304
 10
98.1068899316
 20
35.8431838188
 10
97.6410584741
 20
35.515697451
 10
97.1336448955
 20
35.2245018754
 10
96.5945514603
 20
34.9720898165
 10
96.0232425186
 20
34.755755831
 10
95.4081806155
 20
34.5716740323
 10
94.7561157397
 20
34.4245699528
 10
94.0758742867
 20
34.318494848
 10
93.3776368173
 20
34.2563746125
 10
92.6724557305
 20
34.2397968553
 10
91.9716824246
 20
34.268896463
 10
91.2863648834
 20
34.3423553686
 10
90.6266817517
 20
34.4575158029
 10
89.9740686458
 20
34.6183554537
 10
89.3617429815
 20
34.8171731116
 10
88.774621773
 20
35.0584981567
 10
88.2215125209
 20
35.3417855272
 10
87.7138538698
 20
35.6641535948
 10
87.2696327835
 20
36.0145311692
 10
86.8877280068
 20
36.3928678841
 10
86.5744746718
 20
36.792695222
 10
86.3338211799
 20
37.2069157385
 10
86.194734223
 20
37.5433657795
 10
86.1025477055
 20
37.8806636157
 10
86.0559160706
 20
38.2153382
 10
86.0623788861
 20
38.6677564944
 10
86.0645563759
 20
38.6796237406
  0
LWPOLYLINE
  5
354
330
1F
100
AcDbEntity
  8
0
  6
Continuous
 62
     7
370
     0
100
AcDbPolyline
 90
       35
 70
   128
 43
0.0
 10
99.6258728394
 20
38.2678894513
 10
99.6323381241
 20
38.2159613651
 10
99.6196243094
 20
37.7902038127
 10
99.5388782661
 20
37.358505362
 10
99.387574921
 20
36.927447277
 10
99.1653044815
 20
36.504015795
 10
98.8739374885
 20
36.0952524444
 10
98.5176164401
 20
35.7078772639
 10
98.1025651741
 20
35.3479256522
 10
97.6367337167
 20
35.0204392845
 10
97.129320138
 20
34.7292437088
 10
96.5902267028
 20
34.47683165
 10
96.0189177611
 20
34.2604976645
 10
95.403855858
 20
34.0764158658
 10
94.7517909823
 20
33.9293117863
 10
94.0715495293
 20
33.8232366815
 10
93.3733120598
 20
33.761116446
 10
92.668130973
 20
33.7445386887
 10
91.9673576671
 20
33.7736382965
 10
91.2820401259
 20
33.8470972021
 10
90.6223569942
 20
33.9622576363
 10
89.9697438883
 20
34.1230972872
 10
89.357418224
 20
34.3219149451
 10
88.7702970156
 20
34.5632399902
 10
88.2171877634
 20
34.8465273607
 10
87.7095291123
 20
35.1688954283
 10
87.265308026
 20
35.5192730027
 10
86.8834032493
 20
35.8976097176
 10
86.5701499144
 20
36.2974370555
 10
86.3294964224
 20
36.711657572
 10
86.1904094655
 20
37.048107613
 10
86.098222948
 20
37.3854054492
 10
86.0515913131
 20
37.7200800334
 10
86.0580541286
 20
38.1724983278
 10
86.0602316185
 20
38.1843655741
  0
LWPOLYLINE
  5
355
330
1F
100
AcDbEntity
  8
0
  6
Continuous
 62
     7
370
     0
100
AcDbPolyline
 90
       35
 70
   128
 43
0.0
 10
99.6215480819
 20
37.7726312848
 10
99.6280133666
 20
37.7207031985
 10
99.6152995519
 20
37.2949456462
 10
99.5345535086
 20
36.8632471955
 10
99.3832501635
 20
36.4321891104
 10
99.160979724
 20
36.0087576285
 10
98.869612731
 20
35.5999942779
 10
98.5132916826
 20
35.2126190974
 10
98.0982404167
 20
34.8526674857
 10
97.6324089592
 20
34.5251811179
 10
97.1249953805
 20
34.2339855423
 10
96.5859019453
 20
33.9815734835
 10
96.0145930036
 20
33.765239498
 10
95.3995311006
 20
33.5811576993
 10
94.7474662248
 20
33.4340536198
 10
94.0672247718
 20
33.327978515
 10
93.3689873023
 20
33.2658582794
 10
92.6638062155
 20
33.2492805222
 10
91.9630329096
 20
33.2783801299
 10
91.2777153684
 20
33.3518390355
 10
90.6180322367
 20
33.4669994698
 10
89.9654191308
 20
33.6278391206
 10
89.3530934666
 20
33.8266567786
 10
88.7659722581
 20
34.0679818237
 10
88.2128630059
 20
34.3512691942
 10
87.7052043548
 20
34.6736372618
 10
87.2609832685
 20
35.0240148362
 10
86.8790784918
 20
35.4023515511
 10
86.5658251569
 20
35.802178889
 10
86.3251716649
 20
36.2163994054
 10
86.186084708
 20
36.5528494464
 10
86.0938981906
 20
36.8901472827
 10
86.0472665557
 20
37.2248218669
 10
86.0537293712
 20
37.6772401613
 10
86.055906861
 20
37.6891074076
  0
LWPOLYLINE
  5
356
330
1F
100
AcDbEntity
  8
0
  6
Continuous
 62
     7
370
     0
100
AcDbPolyline
 90
       21
 70
   128
 43
0.0
 10
99.6172233245
 20
37.2773731182
 10
99.6236886091
 20
37.225445032
 10
99.6109747944
 20
36.7996874797
 10
99.5302287512
 20
36.367989029
 10
99.378925406
 20
35.9369309439
 10
99.1566549665
 20
35.513499462
 10
98.8652879735
 20
35.1047361114
 10
98.5089669251
 20
34.7173609309
 10
98.0939156592
 20
34.3574093192
 10
97.6280842017
 20
34.0299229514
 10
97.120670623
 20
33.7387273758
 10
96.5815771878
 20
33.486315317
 10
96.0102682461
 20
33.2699813314
 10
95.3952063431
 20
33.0858995327
 10
94.7431414673
 20
32.9387954533
 10
94.0629000143
 20
32.8327203485
 10
93.3646625449
 20
32.7706001129
 10
92.6594814581
 20
32.7540223557
 10
91.9587081521
 20
32.7831219634
 10
91.2733906109
 20
32.856580869
 10
91.0883990606
 20
32.8843337647
  0
LWPOLYLINE
  5
357
330
1F
100
AcDbEntity
  8
0
  6
Continuous
 62
     7
370
     0
100
AcDbPolyline
 90
       22
 70
   128
 43
0.0
 10
86.1034884029
 20
43.6631780317
 10
86.1325822654
 20
43.4180131789
 10
86.1842370418
 20
43.1741890405
 10
86.2582802949
 20
42.9325195651
 10
86.354464849
 20
42.6938115089
 10
86.4724696148
 20
42.4588617416
 10
86.6119006616
 20
42.2284545872
 10
86.7722925321
 20
42.0033592049
 10
86.9531097961
 20
41.7843270221
 10
87.1537488385
 20
41.5720892254
 10
87.3735398736
 20
41.3673543202
 10
87.6117491814
 20
41.1708057651
 10
87.8675815569
 20
40.9830996907
 10
88.1401829647
 20
40.8048627088
 10
88.42864339
 20
40.6366898213
 10
88.7319998765
 20
40.4791424332
 10
89.0492397407
 20
40.3327464789
 10
89.3793039531
 20
40.1979906664
 10
89.721090673
 20
40.0753248458
 10
90.0734589268
 20
39.9651585078
 10
90.4352324171
 20
39.8678594164
 10
90.8052034495
 20
39.7837523814
  0
LWPOLYLINE
  5
358
330
1F
100
AcDbEntity
  8
0
  6
Continuous
 62
     7
370
     0
100
AcDbPolyline
 90
       33
 70
   128
 43
0.0
 10
91.0883990606
 20
32.8843337647
 10
91.4682629994
 20
32.8264788828
 10
91.852622157
 20
32.782339982
 10
92.2402088296
 20
32.7520626424
 10
92.6297446683
 20
32.7357467257
 10
93.0199448956
 20
32.7334460453
 10
93.4095225424
 20
32.7451681896
 10
93.7971926931
 20
32.7708744961
 10
94.1816767237
 20
32.8104801796
 10
94.5617065184
 20
32.8638546116
 10
94.9360286527
 20
32.9308217512
 10
95.3034085273
 20
33.0111607254
 10
95.6626344397
 20
33.104606558
 10
96.0125215815
 20
33.2108510436
 10
96.3519159453
 20
33.3295437637
 10
96.6796981316
 20
33.4602932427
 10
96.9947870401
 20
33.6026682391
 10
97.2961434361
 20
33.7561991679
 10
97.5827733779
 20
33.9203796493
 10
97.8537314947
 20
34.0946681786
 10
98.1081241051
 20
34.2784899129
 10
98.3451121647
 20
34.4712385661
 10
98.5639140329
 20
34.6722784096
 10
98.7638080514
 20
34.8809463682
 10
98.9441349245
 20
35.0965542076
 10
99.1042998931
 20
35.3183908043
 10
99.2437746969
 20
35.5457244908
 10
99.3620993161
 20
35.7778054688
 10
99.4588834894
 20
36.0138682828
 10
99.5338080006
 20
36.2531343438
 10
99.5866257317
 20
36.4948144982
 10
99.6171624777
 20
36.7381116298
 10
99.6254236988
 20
36.9257414486
  0
LWPOLYLINE
  5
359
330
1F
100
AcDbEntity
  8
0
  6
Continuous
 62
     7
370
     0
100
AcDbPolyline
 90
       31
 70
   128
 43
0.0
 10
86.0452108274
 20
37.3420180789
 10
86.0597431465
 20
36.996546585
 10
86.1511048404
 20
36.5645589264
 10
86.3191739966
 20
36.1321379764
 10
86.5651732522
 20
35.7069723909
 10
86.8876029771
 20
35.2969659986
 10
87.282161175
 20
34.90977804
 10
87.741909137
 20
34.5523592225
 10
88.2576733542
 20
34.2305407615
 10
88.81863565
 20
33.9487265373
 10
89.4130345712
 20
33.709721218
 10
90.0335478246
 20
33.513528733
 10
90.6959827662
 20
33.3558920266
 10
91.395558426
 20
33.2408953618
 10
92.1216839153
 20
33.1727855677
 10
92.8622116336
 20
33.1543668672
 10
93.6040766433
 20
33.1867520963
 10
94.334049217
 20
33.2692524876
 10
95.0395118832
 20
33.3994245939
 10
95.7091668035
 20
33.5732678943
 10
96.3335929378
 20
33.7855430522
 10
96.9136190183
 20
34.0342128702
 10
97.4617079762
 20
34.326097817
 10
97.9673651873
 20
34.6593652465
 10
98.4195140915
 20
35.0300278069
 10
98.8084253373
 20
35.4325470617
 10
99.1263655791
 20
35.8600871624
 10
99.3680957146
 20
36.3048944895
 10
99.5311532308
 20
36.7587600785
 10
99.6158875055
 20
37.2135080133
 10
99.62127378
 20
37.4710241931
  0
LWPOLYLINE
  5
35A
330
1F
100
AcDbEntity
  8
0
  6
Continuous
 62
     7
370
     0
100
AcDbPolyline
 90
       31
 70
   128
 43
0.0
 10
86.0495355849
 20
37.8372762455
 10
86.064067904
 20
37.4918047515
 10
86.1554295979
 20
37.0598170929
 10
86.3234987541
 20
36.6273961429
 10
86.5694980097
 20
36.2022305574
 10
86.8919277346
 20
35.7922241651
 10
87.2864859325
 20
35.4050362065
 10
87.7462338945
 20
35.0476173891
 10
88.2619981116
 20
34.725798928
 10
88.8229604075
 20
34.4439847039
 10
89.4173593287
 20
34.2049793845
 10
90.0378725821
 20
34.0087868995
 10
90.7003075237
 20
33.8511501932
 10
91.3998831835
 20
33.7361535283
 10
92.1260086728
 20
33.6680437342
 10
92.8665363911
 20
33.6496250337
 10
93.6084014008
 20
33.6820102628
 10
94.3383739745
 20
33.7645106541
 10
95.0438366407
 20
33.8946827604
 10
95.713491561
 20
34.0685260609
 10
96.3379176953
 20
34.2808012187
 10
96.9179437758
 20
34.5294710367
 10
97.4660327337
 20
34.8213559836
 10
97.9716899448
 20
35.154623413
 10
98.423838849
 20
35.5252859734
 10
98.8127500948
 20
35.9278052282
 10
99.1306903366
 20
36.3553453289
 10
99.3724204721
 20
36.8001526561
 10
99.5354779883
 20
37.2540182451
 10
99.620212263
 20
37.7087661798
 10
99.6255985375
 20
37.9662823596
  0
LWPOLYLINE
  5
35B
330
1F
100
AcDbEntity
  8
0
  6
Continuous
 62
     7
370
     0
100
AcDbPolyline
 90
       31
 70
   128
 43
0.0
 10
86.0538603424
 20
38.332534412
 10
86.0683926615
 20
37.987062918
 10
86.1597543554
 20
37.5550752594
 10
86.3278235116
 20
37.1226543094
 10
86.5738227672
 20
36.6974887239
 10
86.8962524921
 20
36.2874823316
 10
87.29081069
 20
35.900294373
 10
87.750558652
 20
35.5428755556
 10
88.2663228691
 20
35.2210570945
 10
88.8272851649
 20
34.9392428704
 10
89.4216840862
 20
34.700237551
 10
90.0421973396
 20
34.504045066
 10
90.7046322812
 20
34.3464083597
 10
91.4042079409
 20
34.2314116948
 10
92.1303334303
 20
34.1633019007
 10
92.8708611486
 20
34.1448832002
 10
93.6127261583
 20
34.1772684293
 10
94.342698732
 20
34.2597688206
 10
95.0481613981
 20
34.389940927
 10
95.7178163185
 20
34.5637842274
 10
96.3422424528
 20
34.7760593852
 10
96.9222685333
 20
35.0247292032
 10
97.4703574912
 20
35.3166141501
 10
97.9760147023
 20
35.6498815795
 10
98.4281636065
 20
36.0205441399
 10
98.8170748523
 20
36.4230633947
 10
99.1350150941
 20
36.8506034955
 10
99.3767452296
 20
37.2954108226
 10
99.5398027457
 20
37.7492764116
 10
99.6245370205
 20
38.2040243464
 10
99.629923295
 20
38.4615405261
  0
LWPOLYLINE
  5
35C
330
1F
100
AcDbEntity
  8
0
  6
Continuous
 62
     7
370
     0
100
AcDbPolyline
 90
       31
 70
   128
 43
0.0
 10
86.0581850999
 20
38.8277925785
 10
86.072717419
 20
38.4823210845
 10
86.1640791129
 20
38.0503334259
 10
86.3321482691
 20
37.6179124759
 10
86.5781475247
 20
37.1927468904
 10
86.9005772496
 20
36.7827404981
 10
87.2951354475
 20
36.3955525395
 10
87.7548834095
 20
36.0381337221
 10
88.2706476266
 20
35.716315261
 10
88.8316099224
 20
35.4345010369
 10
89.4260088437
 20
35.1954957175
 10
90.0465220971
 20
34.9993032326
 10
90.7089570386
 20
34.8416665262
 10
91.4085326984
 20
34.7266698614
 10
92.1346581878
 20
34.6585600672
 10
92.875185906
 20
34.6401413667
 10
93.6170509158
 20
34.6725265959
 10
94.3470234895
 20
34.7550269871
 10
95.0524861556
 20
34.8851990935
 10
95.722141076
 20
35.0590423939
 10
96.3465672103
 20
35.2713175518
 10
96.9265932907
 20
35.5199873697
 10
97.4746822487
 20
35.8118723166
 10
97.9803394598
 20
36.1451397461
 10
98.432488364
 20
36.5158023065
 10
98.8213996097
 20
36.9183215613
 10
99.1393398516
 20
37.345861662
 10
99.3810699871
 20
37.7906689891
 10
99.5441275032
 20
38.2445345781
 10
99.628861778
 20
38.6992825129
 10
99.6342480525
 20
38.9567986927
  0
LWPOLYLINE
  5
35D
330
1F
100
AcDbEntity
  8
0
  6
Continuous
 62
     7
370
     0
100
AcDbPolyline
 90
       31
 70
   128
 43
0.0
 10
86.0625098574
 20
39.323050745
 10
86.0770421764
 20
38.9775792511
 10
86.1684038704
 20
38.5455915925
 10
86.3364730266
 20
38.1131706425
 10
86.5824722821
 20
37.688005057
 10
86.9049020071
 20
37.2779986647
 10
87.299460205
 20
36.8908107061
 10
87.7592081669
 20
36.5333918886
 10
88.2749723841
 20
36.2115734275
 10
88.8359346799
 20
35.9297592034
 10
89.4303336012
 20
35.6907538841
 10
90.0508468546
 20
35.4945613991
 10
90.7132817961
 20
35.3369246927
 10
91.4128574559
 20
35.2219280279
 10
92.1389829452
 20
35.1538182338
 10
92.8795106635
 20
35.1353995333
 10
93.6213756733
 20
35.1677847624
 10
94.351348247
 20
35.2502851537
 10
95.0568109131
 20
35.38045726
 10
95.7264658335
 20
35.5543005604
 10
96.3508919678
 20
35.7665757183
 10
96.9309180482
 20
36.0152455363
 10
97.4790070061
 20
36.3071304831
 10
97.9846642173
 20
36.6403979126
 10
98.4368131215
 20
37.011060473
 10
98.8257243672
 20
37.4135797278
 10
99.1436646091
 20
37.8411198285
 10
99.3853947445
 20
38.2859271556
 10
99.5484522607
 20
38.7397927446
 10
99.6331865355
 20
39.1945406794
 10
99.63857281
 20
39.4520568592
  0
LWPOLYLINE
  5
35E
330
1F
100
AcDbEntity
  8
0
  6
Continuous
 62
     7
370
     0
100
AcDbPolyline
 90
       31
 70
   128
 43
0.0
 10
86.0668346149
 20
39.8183089116
 10
86.0813669339
 20
39.4728374176
 10
86.1727286278
 20
39.040849759
 10
86.340797784
 20
38.608428809
 10
86.5867970396
 20
38.1832632235
 10
86.9092267645
 20
37.7732568312
 10
87.3037849624
 20
37.3860688726
 10
87.7635329244
 20
37.0286500551
 10
88.2792971416
 20
36.7068315941
 10
88.8402594374
 20
36.4250173699
 10
89.4346583587
 20
36.1860120506
 10
90.0551716121
 20
35.9898195656
 10
90.7176065536
 20
35.8321828593
 10
91.4171822134
 20
35.7171861944
 10
92.1433077027
 20
35.6490764003
 10
92.883835421
 20
35.6306576998
 10
93.6257004307
 20
35.6630429289
 10
94.3556730044
 20
35.7455433202
 10
95.0611356706
 20
35.8757154265
 10
95.7307905909
 20
36.049558727
 10
96.3552167252
 20
36.2618338848
 10
96.9352428057
 20
36.5105037028
 10
97.4833317636
 20
36.8023886496
 10
97.9889889747
 20
37.1356560791
 10
98.4411378789
 20
37.5063186395
 10
98.8300491247
 20
37.9088378943
 10
99.1479893665
 20
38.336377995
 10
99.389719502
 20
38.7811853221
 10
99.5527770182
 20
39.2350509112
 10
99.6375112929
 20
39.6897988459
 10
99.6428975674
 20
39.9473150257
  0
LWPOLYLINE
  5
35F
330
1F
100
AcDbEntity
  8
0
  6
Continuous
 62
     7
370
     0
100
AcDbPolyline
 90
       31
 70
   128
 43
0.0
 10
86.0711593723
 20
40.3135670781
 10
86.0856916914
 20
39.9680955841
 10
86.1770533853
 20
39.5361079255
 10
86.3451225415
 20
39.1036869755
 10
86.5911217971
 20
38.67852139
 10
86.913551522
 20
38.2685149977
 10
87.3081097199
 20
37.8813270391
 10
87.7678576819
 20
37.5239082217
 10
88.283621899
 20
37.2020897606
 10
88.8445841949
 20
36.9202755365
 10
89.4389831161
 20
36.6812702171
 10
90.0594963695
 20
36.4850777321
 10
90.7219313111
 20
36.3274410258
 10
91.4215069709
 20
36.2124443609
 10
92.1476324602
 20
36.1443345668
 10
92.8881601785
 20
36.1259158663
 10
93.6300251882
 20
36.1583010954
 10
94.3599977619
 20
36.2408014867
 10
95.0654604281
 20
36.3709735931
 10
95.7351153484
 20
36.5448168935
 10
96.3595414827
 20
36.7570920513
 10
96.9395675632
 20
37.0057618693
 10
97.4876565211
 20
37.2976468162
 10
97.9933137322
 20
37.6309142456
 10
98.4454626364
 20
38.001576806
 10
98.8343738822
 20
38.4040960608
 10
99.152314124
 20
38.8316361616
 10
99.3940442595
 20
39.2764434887
 10
99.5571017757
 20
39.7303090777
 10
99.6418360504
 20
40.1850570124
 10
99.6472223249
 20
40.4425731922
  0
LWPOLYLINE
  5
360
330
1F
100
AcDbEntity
  8
0
  6
Continuous
 62
     7
370
     0
100
AcDbPolyline
 90
       31
 70
   128
 43
0.0
 10
86.0754841298
 20
40.8088252446
 10
86.0900164489
 20
40.4633537506
 10
86.1813781428
 20
40.031366092
 10
86.349447299
 20
39.598945142
 10
86.5954465546
 20
39.1737795565
 10
86.9178762795
 20
38.7637731642
 10
87.3124344774
 20
38.3765852056
 10
87.7721824394
 20
38.0191663882
 10
88.2879466565
 20
37.6973479271
 10
88.8489089524
 20
37.415533703
 10
89.4433078736
 20
37.1765283836
 10
90.063821127
 20
36.9803358987
 10
90.7262560686
 20
36.8226991923
 10
91.4258317284
 20
36.7077025274
 10
92.1519572177
 20
36.6395927333
 10
92.892484936
 20
36.6211740328
 10
93.6343499457
 20
36.6535592619
 10
94.3643225194
 20
36.7360596532
 10
95.0697851855
 20
36.8662317596
 10
95.7394401059
 20
37.04007506
 10
96.3638662402
 20
37.2523502179
 10
96.9438923207
 20
37.5010200358
 10
97.4919812786
 20
37.7929049827
 10
97.9976384897
 20
38.1261724122
 10
98.4497873939
 20
38.4968349726
 10
98.8386986397
 20
38.8993542274
 10
99.1566388815
 20
39.3268943281
 10
99.398369017
 20
39.7717016552
 10
99.5614265332
 20
40.2255672442
 10
99.6461608079
 20
40.680315179
 10
99.6515470824
 20
40.9378313587
  0
LWPOLYLINE
  5
361
330
1F
100
AcDbEntity
  8
0
  6
Continuous
 62
     7
370
     0
100
AcDbPolyline
 90
       31
 70
   128
 43
0.0
 10
86.0798088873
 20
41.3040834111
 10
86.0943412064
 20
40.9586119171
 10
86.1857029003
 20
40.5266242585
 10
86.3537720565
 20
40.0942033086
 10
86.5997713121
 20
39.6690377231
 10
86.922201037
 20
39.2590313308
 10
87.3167592349
 20
38.8718433722
 10
87.7765071969
 20
38.5144245547
 10
88.292271414
 20
38.1926060936
 10
88.8532337098
 20
37.9107918695
 10
89.4476326311
 20
37.6717865502
 10
90.0681458845
 20
37.4755940652
 10
90.7305808261
 20
37.3179573588
 10
91.4301564858
 20
37.202960694
 10
92.1562819752
 20
37.1348508999
 10
92.8968096935
 20
37.1164321994
 10
93.6386747032
 20
37.1488174285
 10
94.3686472769
 20
37.2313178197
 10
95.074109943
 20
37.3614899261
 10
95.7437648634
 20
37.5353332265
 10
96.3681909977
 20
37.7476083844
 10
96.9482170781
 20
37.9962782023
 10
97.4963060361
 20
38.2881631492
 10
98.0019632472
 20
38.6214305787
 10
98.4541121514
 20
38.9920931391
 10
98.8430233972
 20
39.3946123939
 10
99.160963639
 20
39.8221524946
 10
99.4026937745
 20
40.2669598217
 10
99.5657512906
 20
40.7208254107
 10
99.6504855654
 20
41.1755733455
 10
99.6558718399
 20
41.4330895253
  0
LWPOLYLINE
  5
362
330
1F
100
AcDbEntity
  8
0
  6
Continuous
 62
     7
370
     0
100
AcDbPolyline
 90
       31
 70
   128
 43
0.0
 10
86.0841336448
 20
41.7993415776
 10
86.0986659639
 20
41.4538700837
 10
86.1900276578
 20
41.0218824251
 10
86.358096814
 20
40.5894614751
 10
86.6040960696
 20
40.1642958896
 10
86.9265257945
 20
39.7542894973
 10
87.3210839924
 20
39.3671015387
 10
87.7808319544
 20
39.0096827212
 10
88.2965961715
 20
38.6878642602
 10
88.8575584673
 20
38.406050036
 10
89.4519573886
 20
38.1670447167
 10
90.072470642
 20
37.9708522317
 10
90.7349055835
 20
37.8132155254
 10
91.4344812433
 20
37.6982188605
 10
92.1606067327
 20
37.6301090664
 10
92.9011344509
 20
37.6116903659
 10
93.6429994607
 20
37.644075595
 10
94.3729720344
 20
37.7265759863
 10
95.0784347005
 20
37.8567480926
 10
95.7480896209
 20
38.030591393
 10
96.3725157552
 20
38.2428665509
 10
96.9525418356
 20
38.4915363689
 10
97.5006307935
 20
38.7834213157
 10
98.0062880047
 20
39.1166887452
 10
98.4584369089
 20
39.4873513056
 10
98.8473481546
 20
39.8898705604
 10
99.1652883965
 20
40.3174106611
 10
99.4070185319
 20
40.7622179882
 10
99.5700760481
 20
41.2160835773
 10
99.6548103229
 20
41.670831512
 10
99.6601965974
 20
41.9283476918
  0
LWPOLYLINE
  5
363
330
1F
100
AcDbEntity
  8
0
  6
Continuous
 62
     7
370
     0
100
AcDbPolyline
 90
       31
 70
   128
 43
0.0
 10
86.0884584023
 20
42.2945997442
 10
86.1029907213
 20
41.9491282502
 10
86.1943524153
 20
41.5171405916
 10
86.3624215715
 20
41.0847196416
 10
86.608420827
 20
40.6595540561
 10
86.930850552
 20
40.2495476638
 10
87.3254087499
 20
39.8623597052
 10
87.7851567118
 20
39.5049408878
 10
88.300920929
 20
39.1831224267
 10
88.8618832248
 20
38.9013082026
 10
89.4562821461
 20
38.6623028832
 10
90.0767953995
 20
38.4661103982
 10
90.739230341
 20
38.3084736919
 10
91.4388060008
 20
38.193477027
 10
92.1649314901
 20
38.1253672329
 10
92.9054592084
 20
38.1069485324
 10
93.6473242182
 20
38.1393337615
 10
94.3772967919
 20
38.2218341528
 10
95.082759458
 20
38.3520062592
 10
95.7524143784
 20
38.5258495596
 10
96.3768405127
 20
38.7381247174
 10
96.9568665931
 20
38.9867945354
 10
97.504955551
 20
39.2786794823
 10
98.0106127622
 20
39.6119469117
 10
98.4627616664
 20
39.9826094721
 10
98.8516729121
 20
40.3851287269
 10
99.1696131539
 20
40.8126688277
 10
99.4113432894
 20
41.2574761548
 10
99.5744008056
 20
41.7113417438
 10
99.6591350804
 20
42.1660896785
 10
99.6645213549
 20
42.4236058583
  0
LWPOLYLINE
  5
364
330
1F
100
AcDbEntity
  8
0
  6
Continuous
 62
     7
370
     0
100
AcDbPolyline
 90
       31
 70
   128
 43
0.0
 10
86.0927831598
 20
42.7898579107
 10
86.1073154788
 20
42.4443864167
 10
86.1986771727
 20
42.0123987581
 10
86.3667463289
 20
41.5799778081
 10
86.6127455845
 20
41.1548122226
 10
86.9351753094
 20
40.7448058303
 10
87.3297335073
 20
40.3576178717
 10
87.7894814693
 20
40.0001990543
 10
88.3052456865
 20
39.6783805932
 10
88.8662079823
 20
39.3965663691
 10
89.4606069036
 20
39.1575610497
 10
90.081120157
 20
38.9613685647
 10
90.7435550985
 20
38.8037318584
 10
91.4431307583
 20
38.6887351935
 10
92.1692562476
 20
38.6206253994
 10
92.9097839659
 20
38.6022066989
 10
93.6516489756
 20
38.634591928
 10
94.3816215493
 20
38.7170923193
 10
95.0870842155
 20
38.8472644257
 10
95.7567391358
 20
39.0211077261
 10
96.3811652701
 20
39.2333828839
 10
96.9611913506
 20
39.4820527019
 10
97.5092803085
 20
39.7739376488
 10
98.0149375196
 20
40.1072050783
 10
98.4670864238
 20
40.4778676386
 10
98.8559976696
 20
40.8803868934
 10
99.1739379114
 20
41.3079269942
 10
99.4156680469
 20
41.7527343213
 10
99.5787255631
 20
42.2065999103
 10
99.6634598378
 20
42.6613478451
 10
99.6688461123
 20
42.9188640248
  0
LWPOLYLINE
  5
365
330
1F
100
AcDbEntity
  8
0
  6
Continuous
 62
     7
370
     0
100
AcDbPolyline
 90
       31
 70
   128
 43
0.0
 10
86.0971079172
 20
43.2851160772
 10
86.1116402363
 20
42.9396445832
 10
86.2030019302
 20
42.5076569246
 10
86.3710710864
 20
42.0752359747
 10
86.617070342
 20
41.6500703892
 10
86.9395000669
 20
41.2400639968
 10
87.3340582648
 20
40.8528760383
 10
87.7938062268
 20
40.4954572208
 10
88.3095704439
 20
40.1736387597
 10
88.8705327398
 20
39.8918245356
 10
89.464931661
 20
39.6528192163
 10
90.0854449144
 20
39.4566267313
 10
90.747879856
 20
39.2989900249
 10
91.4474555158
 20
39.1839933601
 10
92.1735810051
 20
39.115883566
 10
92.9141087234
 20
39.0974648655
 10
93.6559737331
 20
39.1298500946
 10
94.3859463068
 20
39.2123504858
 10
95.091408973
 20
39.3425225922
 10
95.7610638933
 20
39.5163658926
 10
96.3854900276
 20
39.7286410505
 10
96.9655161081
 20
39.9773108684
 10
97.513605066
 20
40.2691958153
 10
98.0192622771
 20
40.6024632448
 10
98.4714111813
 20
40.9731258052
 10
98.8603224271
 20
41.37564506
 10
99.1782626689
 20
41.8031851607
 10
99.4199928044
 20
42.2479924878
 10
99.5830503206
 20
42.7018580768
 10
99.6677845953
 20
43.1566060116
 10
99.6731708698
 20
43.4141221914
  0
LWPOLYLINE
  5
366
330
1F
100
AcDbEntity
  8
0
  6
Continuous
 62
     7
370
     0
100
AcDbPolyline
 90
       14
 70
   128
 43
0.0
 10
86.1014326747
 20
43.7803742437
 10
86.1159649938
 20
43.4349027498
 10
86.2073266877
 20
43.0029150912
 10
86.3753958439
 20
42.5704941412
 10
86.6213950995
 20
42.1453285557
 10
86.9438248244
 20
41.7353221634
 10
87.3383830223
 20
41.3481342048
 10
87.7981309843
 20
40.9907153873
 10
88.3138952014
 20
40.6688969263
 10
88.8748574973
 20
40.3870827021
 10
89.4692564185
 20
40.1480773828
 10
90.0897696719
 20
39.9518848978
 10
90.7522046135
 20
39.7942481914
 10
90.8052034495
 20
39.7837523814
  0
LWPOLYLINE
  5
367
330
1F
100
AcDbEntity
  8
0
  6
Continuous
 62
     7
370
     0
100
AcDbPolyline
 90
       31
 70
   128
 43
0.0
 10
97.9685152462
 20
46.1789684429
 10
98.3507261265
 20
45.8427354709
 10
98.6790537471
 20
45.4799139282
 10
98.8963457363
 20
45.1771048639
 10
99.0729346855
 20
44.8642769029
 10
99.2107293932
 20
44.534141967
 10
99.3031363714
 20
44.1980935183
 10
99.3487735601
 20
43.8682235266
 10
99.3514027639
 20
43.537336754
 10
99.3096368344
 20
43.1985455066
 10
99.2231666364
 20
42.863319871
 10
99.0930072684
 20
42.5352119272
 10
98.9199541262
 20
42.2151722029
 10
98.6982548673
 20
41.8966836758
 10
98.434015578
 20
41.5913472503
 10
98.1365171525
 20
41.3079541784
 10
97.8022985977
 20
41.0411706937
 10
97.4223362304
 20
40.7859785666
 10
97.0087104078
 20
40.5521816091
 10
96.5772356612
 20
40.3472089877
 10
96.1200285868
 20
40.1652154162
 10
95.6267414476
 20
40.0030844529
 10
95.1133333372
 20
39.8672153038
 10
94.5878764601
 20
39.7594496469
 10
94.0496790637
 20
39.679153384
 10
93.4866358106
 20
39.6258948151
 10
92.9180108188
 20
39.6026511857
 10
92.3901720818
 20
39.6081294912
 10
91.8642874117
 20
39.6394480608
 10
91.3302912866
 20
39.6982998917
 10
90.8052034495
 20
39.7837523814
  0
LWPOLYLINE
  5
368
330
1F
100
AcDbEntity
  8
0
  6
Continuous
 62
     7
370
     0
100
AcDbPolyline
 90
       52
 70
   128
 43
0.0
 10
87.2087977169
 20
33.0718000637
 10
87.2087292099
 20
33.0607738587
 10
87.2191600425
 20
32.838897345
 10
87.2520491957
 20
32.6177621706
 10
87.3072642363
 20
32.3982587686
 10
87.384582833
 20
32.181271002
 10
87.4836936509
 20
31.9676726038
 10
87.6041976058
 20
31.7583236593
 10
87.7456094708
 20
31.5540671429
 10
87.9073598303
 20
31.3557255235
 10
88.0887973726
 20
31.1640974528
 10
88.2891915128
 20
30.9799545494
 10
88.5077353345
 20
30.8040382917
 10
88.7435488386
 20
30.6370570325
 10
88.9956824877
 20
30.4796831464
 10
89.2631210283
 20
30.3325503224
 10
89.5447875799
 20
30.1962510124
 10
89.8395479708
 20
30.0713340458
 10
90.1462153047
 20
29.958302419
 10
90.4635547408
 20
29.8576112706
 10
90.7902884649
 20
29.7696660481
 10
91.1251008358
 20
29.6948208761
 10
91.4666436821
 20
29.6333771296
 10
91.8135417315
 20
29.5855822208
 10
92.1643981478
 20
29.551628603
 10
92.5178001561
 20
29.5316529955
 10
92.8723247314
 20
29.5257358329
 10
93.2265443281
 20
29.5339009416
 10
93.5790326291
 20
29.5561154436
 10
93.9283702883
 20
29.5922898888
 10
94.2731506464
 20
29.6422786157
 10
94.6119853944
 20
29.7058803372
 10
94.9435101645
 20
29.7828389517
 10
95.2663900234
 20
29.8728445739
 10
95.5793248478
 20
29.975534783
 10
95.8810545597
 20
30.0904960817
 10
96.1703642001
 20
30.2172655616
 10
96.446088821
 20
30.3553327666
 10
96.7071181769
 20
30.5041417488
 10
96.9524011945
 20
30.663093307
 10
97.1809502058
 20
30.8315473994
 10
97.3918449245
 20
31.0088257207
 10
97.5842361521
 20
31.1942144338
 10
97.757349197
 20
31.3869670438
 10
97.910486994
 20
31.5863074038
 10
98.0430329113
 20
31.7914328407
 10
98.1544532333
 20
32.0015173866
 10
98.2442993096
 20
32.2157151054
 10
98.3122093618
 20
32.4331634983
 10
98.3579099401
 20
32.6529869774
 10
98.3812170244
 20
32.8743003912
 10
98.3843716363
 20
32.9742112702
  0
ARC
  5
369
330
1F
100
AcDbEntity
  8
0
  6
Continuous
 62
     7
370
     0
100
AcDbCircle
 10
92.874647851
 20
31.1917226654
 30
0.0
 40
0.2755638081744649
100
AcDbArc
 50
357.8773953265
 51
78.4552036146
  0
LINE
  5
36A
330
1F
100
AcDbEntity
  8
0
  6
Continuous
 62
     7
370
     0
100
AcDbLine
 10
92.9297975442
 20
31.4617114128
 30
0.0
 11
92.9298269442
 21
31.4650489317
 31
0.0
  0
ARC
  5
36B
330
1F
100
AcDbEntity
  8
0
  6
Continuous
 62
     7
370
     0
100
AcDbCircle
 10
92.8509795677
 20
31.7766289671
 30
0.0
 40
0.3214016602927475
100
AcDbArc
 50
284.2009516894
 51
358.4785614704
  0
LWPOLYLINE
  5
36C
330
1F
100
AcDbEntity
  8
0
  6
Continuous
 62
     7
370
     0
100
AcDbPolyline
 90
        7
 70
   128
 43
0.0
 10
93.1722679211
 20
31.7680954345
 10
93.162068005
 20
31.8472147926
 10
93.1311590904
 20
31.9156647687
 10
93.0795221862
 20
31.9736642427
 10
93.0071331043
 20
32.0215754803
 10
92.8311371409
 20
32.0800371204
 10
92.6397358247
 20
32.1002412928
  0
LWPOLYLINE
  5
36D
330
1F
100
AcDbEntity
  8
0
  6
Continuous
 62
     7
370
     0
100
AcDbPolyline
 90
        3
 70
   128
 43
0.0
 10
92.6397358247
 20
32.1002412928
 10
92.2506496981
 20
32.1186646808
 10
91.864331773
 20
32.1540171512
  0
LINE
  5
36E
330
1F
100
AcDbEntity
  8
0
  6
Continuous
 62
     7
370
     0
100
AcDbLine
 10
91.864331773
 20
32.1540171512
 30
0.0
 11
91.8591225187
 21
31.5625867044
 31
0.0
  0
LINE
  5
36F
330
1F
100
AcDbEntity
  8
0
  6
Continuous
 62
     7
370
     0
100
AcDbLine
 10
91.8591225187
 20
31.5625867044
 30
0.0
 11
91.8580114302
 21
31.5627133185
 31
0.0
  0
ARC
  5
370
330
1F
100
AcDbEntity
  8
0
  6
Continuous
 62
     7
370
     0
100
AcDbCircle
 10
91.0516738821
 20
31.4702660985
 30
0.0
 40
0.8116198186015402
100
AcDbArc
 50
6.5404473311
 51
84.4678482441
  0
LWPOLYLINE
  5
371
330
1F
100
AcDbEntity
  8
0
  6
Continuous
 62
     7
370
     0
100
AcDbPolyline
 90
       10
 70
   128
 43
0.0
 10
91.129917529
 20
32.2781056009
 10
90.9812855403
 20
32.2990937032
 10
90.8473146037
 20
32.2990375621
 10
90.7207259698
 20
32.2750114787
 10
90.6142691244
 20
32.2256889926
 10
90.5321502563
 20
32.1544826178
 10
90.4996712045
 20
32.110637106
 10
90.4728480408
 20
32.0612040232
 10
90.4394998432
 20
31.958260478
 10
90.4270606229
 20
31.8401552563
  0
LINE
  5
372
330
1F
100
AcDbEntity
  8
0
  6
Continuous
 62
     7
370
     0
100
AcDbLine
 10
90.4270606229
 20
31.8401552563
 30
0.0
 11
90.4255152721
 21
31.8406205923
 31
0.0
  0
LINE
  5
373
330
1F
100
AcDbEntity
  8
0
  6
Continuous
 62
     7
370
     0
100
AcDbLine
 10
90.4255152721
 20
31.8406205923
 30
0.0
 11
90.4308417103
 21
32.4457756285
 31
0.0
  0
LINE
  5
374
330
1F
100
AcDbEntity
  8
0
  6
Continuous
 62
     7
370
     0
100
AcDbLine
 10
90.4308417103
 20
32.4457756285
 30
0.0
 11
90.076850249
 21
32.5622471314
 31
0.0
  0
LINE
  5
375
330
1F
100
AcDbEntity
  8
0
  6
Continuous
 62
     7
370
     0
100
AcDbLine
 10
90.076850249
 20
32.5622471314
 30
0.0
 11
90.0730416421
 21
32.1294160338
 31
0.0
  0
LINE
  5
376
330
1F
100
AcDbEntity
  8
0
  6
Continuous
 62
     7
370
     0
100
AcDbLine
 10
90.0730416421
 20
32.1294160338
 30
0.0
 11
89.6283200569
 21
32.3062741744
 31
0.0
  0
LINE
  5
377
330
1F
100
AcDbEntity
  8
0
  6
Continuous
 62
     7
370
     0
100
AcDbLine
 10
89.6283200569
 20
32.3062741744
 30
0.0
 11
89.6321270095
 21
32.739103629
 31
0.0
  0
ARC
  5
378
330
1F
100
AcDbEntity
  8
0
  6
Continuous
 62
     7
370
     0
100
AcDbCircle
 10
91.771765998
 20
37.7060529598
 30
0.0
 40
5.408201240309834
100
AcDbArc
 50
231.7521393508
 51
246.6948171175
  0
LINE
  5
379
330
1F
100
AcDbEntity
  8
0
  6
Continuous
 62
     7
370
     0
100
AcDbLine
 10
88.423739919
 20
33.4587759462
 30
0.0
 11
88.4214013857
 21
33.1924272625
 31
0.0
  0
LINE
  5
37A
330
1F
100
AcDbEntity
  8
0
  6
Continuous
 62
     7
370
     0
100
AcDbLine
 10
88.4214013857
 20
33.1924272625
 30
0.0
 11
88.7176056926
 21
32.9735725257
 31
0.0
  0
LINE
  5
37B
330
1F
100
AcDbEntity
  8
0
  6
Continuous
 62
     7
370
     0
100
AcDbLine
 10
88.7176056926
 20
32.9735725257
 30
0.0
 11
88.7095346307
 21
32.0548096694
 31
0.0
  0
LINE
  5
37C
330
1F
100
AcDbEntity
  8
0
  6
Continuous
 62
     7
370
     0
100
AcDbLine
 10
88.7095346307
 20
32.0548096694
 30
0.0
 11
88.9906174642
 21
31.8764948447
 31
0.0
  0
LINE
  5
37D
330
1F
100
AcDbEntity
  8
0
  6
Continuous
 62
     7
370
     0
100
AcDbLine
 10
88.9906174642
 20
31.8764948447
 30
0.0
 11
88.9987225957
 21
32.7987315683
 31
0.0
  0
LINE
  5
37E
330
1F
100
AcDbEntity
  8
0
  6
Continuous
 62
     7
370
     0
100
AcDbLine
 10
88.9987225957
 20
32.7987315683
 30
0.0
 11
89.3108110789
 21
32.6273844517
 31
0.0
  0
LINE
  5
37F
330
1F
100
AcDbEntity
  8
0
  6
Continuous
 62
     7
370
     0
100
AcDbLine
 10
89.3108110789
 20
32.6273844517
 30
0.0
 11
89.3027025194
 21
31.7051452766
 31
0.0
  0
LINE
  5
380
330
1F
100
AcDbEntity
  8
0
  6
Continuous
 62
     7
370
     0
100
AcDbLine
 10
89.3027025194
 20
31.7051452766
 30
0.0
 11
89.6217032713
 21
31.5539822109
 31
0.0
  0
LINE
  5
381
330
1F
100
AcDbEntity
  8
0
  6
Continuous
 62
     7
370
     0
100
AcDbLine
 10
89.6217032713
 20
31.5539822109
 30
0.0
 11
89.626008235
 21
32.0434328011
 31
0.0
  0
LINE
  5
382
330
1F
100
AcDbEntity
  8
0
  6
Continuous
 62
     7
370
     0
100
AcDbLine
 10
89.626008235
 20
32.0434328011
 30
0.0
 11
90.0707288155
 21
31.8665736628
 31
0.0
  0
LINE
  5
383
330
1F
100
AcDbEntity
  8
0
  6
Continuous
 62
     7
370
     0
100
AcDbLine
 10
90.0707288155
 20
31.8665736628
 30
0.0
 11
90.066421981
 21
31.3771212148
 31
0.0
  0
LINE
  5
384
330
1F
100
AcDbEntity
  8
0
  6
Continuous
 62
     7
370
     0
100
AcDbLine
 10
90.066421981
 20
31.3771212148
 30
0.0
 11
90.4204104677
 21
31.2606461279
 31
0.0
  0
LINE
  5
385
330
1F
100
AcDbEntity
  8
0
  6
Continuous
 62
     7
370
     0
100
AcDbLine
 10
90.4204104677
 20
31.2606461279
 30
0.0
 11
90.4254951766
 21
31.8383374746
 31
0.0
  0
LINE
  5
386
330
1F
100
AcDbEntity
  8
0
  6
Continuous
 62
     7
370
     0
100
AcDbLine
 10
90.4254951766
 20
31.8383374746
 30
0.0
 11
90.4270238665
 21
31.8378771535
 31
0.0
  0
ARC
  5
387
330
1F
100
AcDbEntity
  8
0
  6
Continuous
 62
     7
370
     0
100
AcDbCircle
 10
91.2532071912
 20
31.8584425073
 30
0.0
 40
0.8264392413756503
100
AcDbArc
 50
181.4259119811
 51
260.8556734519
  0
ARC
  5
388
330
1F
100
AcDbEntity
  8
0
  6
Continuous
 62
     7
370
     0
100
AcDbCircle
 10
91.3108641278
 20
31.5561342971
 30
0.0
 40
0.5472963054988139
100
AcDbArc
 50
249.7982347504
 51
0.4479156552
  0
LINE
  5
389
330
1F
100
AcDbEntity
  8
0
  6
Continuous
 62
     7
370
     0
100
AcDbLine
 10
91.8581437094
 20
31.5604127987
 30
0.0
 11
91.859102409
 21
31.5603035586
 31
0.0
  0
LINE
  5
38A
330
1F
100
AcDbEntity
  8
0
  6
Continuous
 62
     7
370
     0
100
AcDbLine
 10
91.859102409
 20
31.5603035586
 30
0.0
 11
91.8538931548
 21
30.9688731121
 31
0.0
  0
LINE
  5
38B
330
1F
100
AcDbEntity
  8
0
  6
Continuous
 62
     7
370
     0
100
AcDbLine
 10
91.8538931548
 20
30.9688731121
 30
0.0
 11
92.2487369664
 21
30.9329294178
 31
0.0
  0
LINE
  5
38C
330
1F
100
AcDbEntity
  8
0
  6
Continuous
 62
     7
370
     0
100
AcDbLine
 10
92.2487369664
 20
30.9329294178
 30
0.0
 11
92.252549843
 21
31.3657877797
 31
0.0
  0
LINE
  5
38D
330
1F
100
AcDbEntity
  8
0
  6
Continuous
 62
     7
370
     0
100
AcDbLine
 10
92.252549843
 20
31.3657877797
 30
0.0
 11
92.5539205248
 21
31.3503170352
 31
0.0
  0
ARC
  5
38E
330
1F
100
AcDbEntity
  8
0
  6
Continuous
 62
     7
370
     0
100
AcDbCircle
 10
92.5542886125
 20
31.128546193
 30
0.0
 40
0.2217711477022423
100
AcDbArc
 50
353.2207627628
 51
90.0950975045
  0
ARC
  5
38F
330
1F
100
AcDbEntity
  8
0
  6
Continuous
 62
     7
370
     0
100
AcDbCircle
 10
93.1594332347
 20
31.0900893118
 30
0.0
 40
0.3851197910303741
100
AcDbArc
 50
178.1730295863
 51
207.4965993774
  0
LINE
  5
390
330
1F
100
AcDbEntity
  8
0
  6
Continuous
 62
     7
370
     0
100
AcDbLine
 10
92.8178172541
 20
30.9122810577
 30
0.0
 11
93.1871800078
 21
30.9183286316
 31
0.0
  0
LWPOLYLINE
  5
391
330
1F
100
AcDbEntity
  8
0
  6
Continuous
 62
     7
370
     0
100
AcDbPolyline
 90
        3
 70
   128
 43
0.0
 10
93.1871800078
 20
30.9183286316
 10
93.8838164454
 20
30.9719054036
 10
94.5634540625
 20
31.079833482
  0
LINE
  5
392
330
1F
100
AcDbEntity
  8
0
  6
Continuous
 62
     7
370
     0
100
AcDbLine
 10
94.5634540625
 20
31.079833482
 30
0.0
 11
94.6508017601
 21
31.2728234924
 31
0.0
  0
LINE
  5
393
330
1F
100
AcDbEntity
  8
0
  6
Continuous
 62
     7
370
     0
100
AcDbLine
 10
94.6508017601
 20
31.2728234924
 30
0.0
 11
94.9954096332
 21
31.354310079
 31
0.0
  0
LINE
  5
394
330
1F
100
AcDbEntity
  8
0
  6
Continuous
 62
     7
370
     0
100
AcDbLine
 10
94.9954096332
 20
31.354310079
 30
0.0
 11
95.0736343812
 21
31.2003504312
 31
0.0
  0
LWPOLYLINE
  5
395
330
1F
100
AcDbEntity
  8
0
  6
Continuous
 62
     7
370
     0
100
AcDbPolyline
 90
        3
 70
   128
 43
0.0
 10
95.0736343812
 20
31.2003504312
 10
95.5811707835
 20
31.3582838366
 10
96.0599839286
 20
31.5478269892
  0
ARC
  5
396
330
1F
100
AcDbEntity
  8
0
  6
Continuous
 62
     7
370
     0
100
AcDbCircle
 10
95.8033043261
 20
32.1593840898
 30
0.0
 40
0.6632394029204234
100
AcDbArc
 50
292.7685167279
 51
337.6513720806
  0
LWPOLYLINE
  5
397
330
1F
100
AcDbEntity
  8
0
  6
Continuous
 62
     7
370
     0
100
AcDbPolyline
 90
        8
 70
   128
 43
0.0
 10
96.4167260494
 20
31.9071931008
 10
96.4485494786
 20
31.8656736293
 10
96.4706725781
 20
31.8509735137
 10
96.4968631833
 20
31.8403659251
 10
96.549849512
 20
31.8322375068
 10
96.6118759451
 20
31.8373118016
 10
96.7287825623
 20
31.8742001502
 10
96.8617026807
 20
31.9472274701
  0
ARC
  5
398
330
1F
100
AcDbEntity
  8
0
  6
Continuous
 62
     7
370
     0
100
AcDbCircle
 10
96.3583060881
 20
32.722835932
 30
0.0
 40
0.9246494554549769
100
AcDbArc
 50
302.984958771
 51
355.9954105318
  0
LWPOLYLINE
  5
399
330
1F
100
AcDbEntity
  8
0
  6
Continuous
 62
     7
370
     0
100
AcDbPolyline
 90
        6
 70
   128
 43
0.0
 10
97.2806979744
 20
32.6582617615
 10
97.2660141759
 20
32.7840726737
 10
97.2426313416
 20
32.8281647927
 10
97.2075186252
 20
32.8532494706
 10
97.1120017358
 20
32.8532801941
 10
97.0007230692
 20
32.8166836387
  0
LINE
  5
39A
330
1F
100
AcDbEntity
  8
0
  6
Continuous
 62
     7
370
     0
100
AcDbLine
 10
97.0007230692
 20
32.8166836387
 30
0.0
 11
96.9938097609
 21
32.8139544774
 31
0.0
  0
LINE
  5
39B
330
1F
100
AcDbEntity
  8
0
  6
Continuous
 62
     7
370
     0
100
AcDbLine
 10
96.9938097609
 20
32.8139544774
 30
0.0
 11
97.2604157841
 21
33.013016971
 31
0.0
  0
LWPOLYLINE
  5
39C
330
1F
100
AcDbEntity
  8
0
  6
Continuous
 62
     7
370
     0
100
AcDbPolyline
 90
        7
 70
   128
 43
0.0
 10
97.2604157841
 20
33.013016971
 10
97.2427079659
 20
33.1877144414
 10
97.2103628806
 20
33.2496569384
 10
97.1604201777
 20
33.2802304604
 10
97.1047783823
 20
33.2821035471
 10
97.0354550316
 20
33.2630063128
 10
96.8524118534
 20
33.16388719
  0
ARC
  5
39D
330
1F
100
AcDbEntity
  8
0
  6
Continuous
 62
     7
370
     0
100
AcDbCircle
 10
97.4520345192
 20
32.1942209359
 30
0.0
 40
1.140087709658178
100
AcDbArc
 50
121.7318368156
 51
154.2081923663
  0
LWPOLYLINE
  5
39E
330
1F
100
AcDbEntity
  8
0
  6
Continuous
 62
     7
370
     0
100
AcDbPolyline
 90
       10
 70
   128
 43
0.0
 10
96.4255212149
 20
32.6902757935
 10
96.4239798197
 20
32.6925823803
 10
96.4022901205
 20
32.7251604637
 10
96.3809103347
 20
32.750282931
 10
96.3549134404
 20
32.7687253364
 10
96.3041134867
 20
32.7817979733
 10
96.2727377045
 20
32.7819129455
 10
96.2372952237
 20
32.7778153162
 10
96.116654034
 20
32.7456119719
 10
95.956250273
 20
32.6838446371
  0
LINE
  5
39F
330
1F
100
AcDbEntity
  8
0
  6
Continuous
 62
     7
370
     0
100
AcDbLine
 10
95.956250273
 20
32.6838446371
 30
0.0
 11
95.3782342138
 21
32.4720997611
 31
0.0
  0
LINE
  5
3A0
330
1F
100
AcDbEntity
  8
0
  6
Continuous
 62
     7
370
     0
100
AcDbLine
 10
95.3782342138
 20
32.4720997611
 30
0.0
 11
95.3717190364
 21
31.7317591919
 31
0.0
  0
LINE
  5
3A1
330
1F
100
AcDbEntity
  8
0
  6
Continuous
 62
     7
370
     0
100
AcDbLine
 10
95.3717190364
 20
31.7317591919
 30
0.0
 11
95.0606594505
 21
32.3791971956
 31
0.0
  0
LINE
  5
3A2
330
1F
100
AcDbEntity
  8
0
  6
Continuous
 62
     7
370
     0
100
AcDbLine
 10
95.0606594505
 20
32.3791971956
 30
0.0
 11
94.622130121
 21
32.2748860312
 31
0.0
  0
LINE
  5
3A3
330
1F
100
AcDbEntity
  8
0
  6
Continuous
 62
     7
370
     0
100
AcDbLine
 10
94.622130121
 20
32.2748860312
 30
0.0
 11
94.2222189094
 21
31.3562941219
 31
0.0
  0
LINE
  5
3A4
330
1F
100
AcDbEntity
  8
0
  6
Continuous
 62
     7
370
     0
100
AcDbLine
 10
94.2222189094
 20
31.3562941219
 30
0.0
 11
93.7053432615
 21
31.290821628
 31
0.0
  0
LINE
  5
3A5
330
1F
100
AcDbEntity
  8
0
  6
Continuous
 62
     7
370
     0
100
AcDbLine
 10
93.7053432615
 20
31.290821628
 30
0.0
 11
93.7128025967
 21
32.1377139883
 31
0.0
  0
LINE
  5
3A6
330
1F
100
AcDbEntity
  8
0
  6
Continuous
 62
     7
370
     0
100
AcDbLine
 10
93.7128025967
 20
32.1377139883
 30
0.0
 11
93.1985521223
 21
32.1035209011
 31
0.0
  0
LINE
  5
3A7
330
1F
100
AcDbEntity
  8
0
  6
Continuous
 62
     7
370
     0
100
AcDbLine
 10
93.1985521223
 20
32.1035209011
 30
0.0
 11
93.1876825414
 21
30.9704310179
 31
0.0
  0
ARC
  5
3A8
330
1F
100
AcDbEntity
  8
0
  6
Continuous
 62
     7
370
     0
100
AcDbCircle
 10
94.0520590466
 20
31.233547491
 30
0.0
 40
0.9035358438582367
100
AcDbArc
 50
183.3012695476
 51
196.9302650238
  0
LWPOLYLINE
  5
3A9
330
1F
100
AcDbEntity
  8
0
  6
Continuous
 62
     7
370
     0
100
AcDbPolyline
 90
        6
 70
   128
 43
0.0
 10
96.9309169306
 20
32.8297838999
 10
96.9275916435
 20
32.8432470614
 10
96.9227965077
 20
32.8516568743
 10
96.9145159086
 20
32.8562226724
 10
96.9029288705
 20
32.8558130963
 10
96.8520824634
 20
32.8309707497
  0
ARC
  5
3AA
330
1F
100
AcDbEntity
  8
0
  6
Continuous
 62
     7
370
     0
100
AcDbCircle
 10
96.9325219181
 20
32.6541035167
 30
0.0
 40
0.1943000875249499
100
AcDbArc
 50
114.4561043251
 51
149.1503699418
  0
LWPOLYLINE
  5
3AB
330
1F
100
AcDbEntity
  8
0
  6
Continuous
 62
     7
370
     0
100
AcDbPolyline
 90
       10
 70
   128
 43
0.0
 10
96.7657121766
 20
32.7537380194
 10
96.7665331488
 20
32.7475450818
 10
96.7685593634
 20
32.7428207291
 10
96.771788926
 20
32.7395661555
 10
96.7762188463
 20
32.7377832422
 10
96.8427751075
 20
32.7529498269
 10
96.84351925
 20
32.7532146667
 10
96.8497164586
 20
32.7554579037
 10
96.8671791488
 20
32.7618602669
 10
96.9329692731
 20
32.7867630567
  0
LINE
  5
3AC
330
1F
100
AcDbEntity
  8
0
  6
Continuous
 62
     7
370
     0
100
AcDbLine
 10
96.9329692731
 20
32.7867630567
 30
0.0
 11
96.9309169306
 21
32.8297838999
 31
0.0
  0
LWPOLYLINE
  5
3AD
330
1F
100
AcDbEntity
  8
0
  6
Continuous
 62
     7
370
     0
100
AcDbPolyline
 90
        7
 70
   128
 43
0.0
 10
97.2375508696
 20
32.6426338459
 10
97.2333769556
 20
32.700552503
 10
97.2202561175
 20
32.7440899875
 10
97.1968158028
 20
32.7749320374
 10
97.1630330869
 20
32.7918013501
 10
97.0798871426
 20
32.7893406909
 10
96.9854045867
 20
32.7603603665
  0
LWPOLYLINE
  5
3AE
330
1F
100
AcDbEntity
  8
0
  6
Continuous
 62
     7
370
     0
100
AcDbPolyline
 90
        6
 70
   128
 43
0.0
 10
96.9854045867
 20
32.7603603665
 10
96.8337042807
 20
32.7024783531
 10
96.757878983
 20
32.6846236477
 10
96.7250101728
 20
32.6904803585
 10
96.7143751448
 20
32.7027335708
 10
96.7105387197
 20
32.7223336915
  0
ARC
  5
3AF
330
1F
100
AcDbEntity
  8
0
  6
Continuous
 62
     7
370
     0
100
AcDbCircle
 10
96.9342752232
 20
32.6868740379
 30
0.0
 40
0.2265290489026718
100
AcDbArc
 50
116.3118637189
 51
170.9941861327
  0
LWPOLYLINE
  5
3B0
330
1F
100
AcDbEntity
  8
0
  6
Continuous
 62
     7
370
     0
100
AcDbPolyline
 90
        7
 70
   128
 43
0.0
 10
96.8338646799
 20
32.8899334696
 10
96.8922360789
 20
32.9211799154
 10
96.9375497291
 20
32.9318348041
 10
96.9588426368
 20
32.927620035
 10
96.9735913135
 20
32.9146051159
 10
96.9818804121
 20
32.8927414411
 10
96.983758634
 20
32.8620013374
  0
LINE
  5
3B1
330
1F
100
AcDbEntity
  8
0
  6
Continuous
 62
     7
370
     0
100
AcDbLine
 10
96.983758634
 20
32.8620013374
 30
0.0
 11
97.2139568725
 21
33.0329250447
 31
0.0
  0
LWPOLYLINE
  5
3B2
330
1F
100
AcDbEntity
  8
0
  6
Continuous
 62
     7
370
     0
100
AcDbPolyline
 90
        7
 70
   128
 43
0.0
 10
97.2139568725
 20
33.0329250447
 10
97.2074550633
 20
33.106447837
 10
97.1878429149
 20
33.160644275
 10
97.1539523934
 20
33.1963924368
 10
97.1061498373
 20
33.2117481765
 10
96.9888434203
 20
33.1892839159
 10
96.855827003
 20
33.1186283673
  0
ARC
  5
3B3
330
1F
100
AcDbEntity
  8
0
  6
Continuous
 62
     7
370
     0
100
AcDbCircle
 10
97.2058768278
 20
32.4323424584
 30
0.0
 40
0.7704045875905472
100
AcDbArc
 50
117.0244974402
 51
170.8732776834
  0
LWPOLYLINE
  5
3B4
330
1F
100
AcDbEntity
  8
0
  6
Continuous
 62
     7
370
     0
100
AcDbPolyline
 90
        7
 70
   128
 43
0.0
 10
96.4452256119
 20
32.5545429342
 10
96.4506163324
 20
32.4955946699
 10
96.4671529142
 20
32.4500474314
 10
96.4962746658
 20
32.41617916
 10
96.5374711429
 20
32.3955867292
 10
96.6348095854
 20
32.3911211533
 10
96.7393077889
 20
32.4148961336
  0
LWPOLYLINE
  5
3B5
330
1F
100
AcDbEntity
  8
0
  6
Continuous
 62
     7
370
     0
100
AcDbPolyline
 90
        7
 70
   128
 43
0.0
 10
96.7393077889
 20
32.4148961336
 10
96.8971877294
 20
32.4690109982
 10
96.9698621134
 20
32.4832510694
 10
96.9864120057
 20
32.4802547238
 10
96.9983615293
 20
32.4727553602
 10
97.0064293895
 20
32.4585686944
 10
97.0092517141
 20
32.4376071655
  0
ARC
  5
3B6
330
1F
100
AcDbEntity
  8
0
  6
Continuous
 62
     7
370
     0
100
AcDbCircle
 10
96.7278281708
 20
32.4794166149
 30
0.0
 40
0.2845122858015832
100
AcDbArc
 50
297.6619725335
 51
351.5497091518
  0
LWPOLYLINE
  5
3B7
330
1F
100
AcDbEntity
  8
0
  6
Continuous
 62
     7
370
     0
100
AcDbPolyline
 90
        6
 70
   128
 43
0.0
 10
96.8599142239
 20
32.227423529
 10
96.7859975617
 20
32.1890090868
 10
96.7318448187
 20
32.1816035549
 10
96.7095968706
 20
32.1911211233
 10
96.6931025423
 20
32.2106093774
 10
96.6776333641
 20
32.2793308779
  0
LINE
  5
3B8
330
1F
100
AcDbEntity
  8
0
  6
Continuous
 62
     7
370
     0
100
AcDbLine
 10
96.6776333641
 20
32.2793308779
 30
0.0
 11
96.4228522575
 21
32.1370794463
 31
0.0
  0
ARC
  5
3B9
330
1F
100
AcDbEntity
  8
0
  6
Continuous
 62
     7
370
     0
100
AcDbCircle
 10
96.2843178093
 20
32.1395677997
 30
0.0
 40
0.1385567942416404
100
AcDbArc
 50
358.9709648259
 51
107.8216955722
  0
ARC
  5
3BA
330
1F
100
AcDbEntity
  8
0
  6
Continuous
 62
     7
370
     0
100
AcDbCircle
 10
95.9563026485
 20
32.5934299669
 30
0.0
 40
0.4303801196781861
100
AcDbArc
 50
311.5765768325
 51
355.212989656
  0
LWPOLYLINE
  5
3BB
330
1F
100
AcDbEntity
  8
0
  6
Continuous
 62
     7
370
     0
100
AcDbPolyline
 90
        7
 70
   128
 43
0.0
 10
96.3851815182
 20
32.5575139179
 10
96.3776769762
 20
32.6248254811
 10
96.3545774192
 20
32.673289124
 10
96.315675037
 20
32.703065601
 10
96.2606310537
 20
32.7144235118
 10
96.1451455875
 20
32.6971973722
 10
95.9909981165
 20
32.6398558436
  0
LINE
  5
3BC
330
1F
100
AcDbEntity
  8
0
  6
Continuous
 62
     7
370
     0
100
AcDbLine
 10
95.9909981165
 20
32.6398558436
 30
0.0
 11
95.4408206073
 21
32.4335312941
 31
0.0
  0
LINE
  5
3BD
330
1F
100
AcDbEntity
  8
0
  6
Continuous
 62
     7
370
     0
100
AcDbLine
 10
95.4408206073
 20
32.4335312941
 30
0.0
 11
95.4320202152
 21
31.4334624473
 31
0.0
  0
LINE
  5
3BE
330
1F
100
AcDbEntity
  8
0
  6
Continuous
 62
     7
370
     0
100
AcDbLine
 10
95.4320202152
 20
31.4334624473
 30
0.0
 11
95.0025140669
 21
32.305055471
 31
0.0
  0
LINE
  5
3BF
330
1F
100
AcDbEntity
  8
0
  6
Continuous
 62
     7
370
     0
100
AcDbLine
 10
95.0025140669
 20
32.305055471
 30
0.0
 11
94.6625652739
 21
32.22461896
 31
0.0
  0
LINE
  5
3C0
330
1F
100
AcDbEntity
  8
0
  6
Continuous
 62
     7
370
     0
100
AcDbLine
 10
94.6625652739
 20
32.22461896
 30
0.0
 11
94.2728128482
 21
31.3224296403
 31
0.0
  0
LINE
  5
3C1
330
1F
100
AcDbEntity
  8
0
  6
Continuous
 62
     7
370
     0
100
AcDbLine
 10
94.2728128482
 20
31.3224296403
 30
0.0
 11
93.6271010522
 21
31.2416216846
 31
0.0
  0
LINE
  5
3C2
330
1F
100
AcDbEntity
  8
0
  6
Continuous
 62
     7
370
     0
100
AcDbLine
 10
93.6270914962
 20
31.2416208532
 30
0.0
 11
93.634402795
 21
32.0716898382
 31
0.0
  0
LINE
  5
3C3
330
1F
100
AcDbEntity
  8
0
  6
Continuous
 62
     7
370
     0
100
AcDbLine
 10
93.634402795
 20
32.0716898382
 30
0.0
 11
93.278003091
 21
32.0479645478
 31
0.0
  0
LINE
  5
3C4
330
1F
100
AcDbEntity
  8
0
  6
Continuous
 62
     7
370
     0
100
AcDbLine
 10
93.278003091
 20
32.0479645478
 30
0.0
 11
93.268553976
 21
30.9752559196
 31
0.0
  0
LWPOLYLINE
  5
3C5
330
1F
100
AcDbEntity
  8
0
  6
Continuous
 62
     7
370
     0
100
AcDbPolyline
 90
        3
 70
   128
 43
0.0
 10
93.268553976
 20
30.9752559196
 10
93.8983904012
 20
31.0271262913
 10
94.5141166902
 20
31.1235059346
  0
LINE
  5
3C6
330
1F
100
AcDbEntity
  8
0
  6
Continuous
 62
     7
370
     0
100
AcDbLine
 10
94.5141166902
 20
31.1235059346
 30
0.0
 11
94.6149634429
 21
31.3243998441
 31
0.0
  0
LINE
  5
3C7
330
1F
100
AcDbEntity
  8
0
  6
Continuous
 62
     7
370
     0
100
AcDbLine
 10
94.6149634429
 20
31.3243998441
 30
0.0
 11
95.0298119887
 21
31.4224532269
 31
0.0
  0
LINE
  5
3C8
330
1F
100
AcDbEntity
  8
0
  6
Continuous
 62
     7
370
     0
100
AcDbLine
 10
95.0298119887
 20
31.4224532269
 30
0.0
 11
95.1219237425
 21
31.2656130175
 31
0.0
  0
LWPOLYLINE
  5
3C9
330
1F
100
AcDbEntity
  8
0
  6
Continuous
 62
     7
370
     0
100
AcDbPolyline
 90
        3
 70
   128
 43
0.0
 10
95.1219237425
 20
31.2656130175
 10
95.5700765577
 20
31.4063034707
 10
95.995848137
 20
31.571760243
  0
ARC
  5
3CA
330
1F
100
AcDbEntity
  8
0
  6
Continuous
 62
     7
370
     0
100
AcDbCircle
 10
95.8010020543
 20
32.1710802941
 30
0.0
 40
0.6301980003216213
100
AcDbArc
 50
288.0099604946
 51
348.6811489817
  0
LWPOLYLINE
  5
3CB
330
1F
100
AcDbEntity
  8
0
  6
Continuous
 62
     7
370
     0
100
AcDbPolyline
 90
        7
 70
   128
 43
0.0
 10
96.4189427897
 20
32.047392109
 10
96.4406296351
 20
31.9863482363
 10
96.4749207798
 20
31.941278429
 10
96.5215442243
 20
31.9123781519
 10
96.5801223843
 20
31.8999100979
 10
96.7022186727
 20
31.9181910974
 10
96.8432249808
 20
31.9883161876
  0
ARC
  5
3CC
330
1F
100
AcDbEntity
  8
0
  6
Continuous
 62
     7
370
     0
100
AcDbCircle
 10
96.4275000953
 20
32.6848331338
 30
0.0
 40
0.8111492074644842
100
AcDbArc
 50
300.8313954401
 51
357.0178938061
  0
ARC
  5
3CD
330
1F
100
AcDbEntity
  8
0
  6
Continuous
 62
     7
370
     0
100
AcDbCircle
 10
95.8692160803
 20
32.6555448327
 30
0.0
 40
0.5798477158155204
100
AcDbArc
 50
325.6417972763
 51
340.0925397081
  0
LWPOLYLINE
  5
3CE
330
1F
100
AcDbEntity
  8
0
  6
Continuous
 62
     7
370
     0
100
AcDbPolyline
 90
        4
 70
   128
 43
0.0
 10
96.3478951107
 20
32.3282991156
 10
96.4246872573
 20
32.2904952045
 10
96.4502418259
 20
32.2527952983
 10
96.4588443352
 20
32.2056827444
  0
LINE
  5
3CF
330
1F
100
AcDbEntity
  8
0
  6
Continuous
 62
     7
370
     0
100
AcDbLine
 10
96.4588443352
 20
32.2056827444
 30
0.0
 11
96.714602189
 21
32.3510306026
 31
0.0
  0
LINE
  5
3D0
330
1F
100
AcDbEntity
  8
0
  6
Continuous
 62
     7
370
     0
100
AcDbLine
 10
96.714602189
 20
32.3510306026
 30
0.0
 11
96.666160442
 21
32.3367839757
 31
0.0
  0
LWPOLYLINE
  5
3D1
330
1F
100
AcDbEntity
  8
0
  6
Continuous
 62
     7
370
     0
100
AcDbPolyline
 90
        6
 70
   128
 43
0.0
 10
96.666160442
 20
32.3367839757
 10
96.5743240029
 20
32.3209642191
 10
96.49890068
 20
32.3311671912
 10
96.4357283347
 20
32.3774484325
 10
96.4197787271
 20
32.413524288
 10
96.4144142997
 20
32.4581055379
  0
ARC
  5
3D2
330
1F
100
AcDbEntity
  8
0
  6
Continuous
 62
     7
370
     0
100
AcDbCircle
 10
96.7908495455
 20
32.4215700494
 30
0.0
 40
0.1614623460084798
100
AcDbArc
 50
278.9381858259
 51
348.5946575587
  0
LWPOLYLINE
  5
3D3
330
1F
100
AcDbEntity
  8
0
  6
Continuous
 62
     7
370
     0
100
AcDbPolyline
 90
        7
 70
   128
 43
0.0
 10
96.9491234526
 20
32.3896410734
 10
96.9488824486
 20
32.3943323576
 10
96.9476814835
 20
32.3971595332
 10
96.9426437321
 20
32.4004127594
 10
96.9037324542
 20
32.4000946184
 10
96.8458305297
 20
32.3877307945
 10
96.7213028008
 20
32.3529743294
  0
LWPOLYLINE
  5
3D4
330
1F
100
AcDbEntity
  8
0
  6
Continuous
 62
     7
370
     0
100
AcDbPolyline
 90
        7
 70
   128
 43
0.0
 10
96.7213028008
 20
32.3529743294
 10
96.7230939615
 20
32.3031703537
 10
96.7287210744
 20
32.2806005723
 10
96.7386068005
 20
32.265174753
 10
96.7514475044
 20
32.2570880366
 10
96.7686572189
 20
32.253849073
 10
96.8159357558
 20
32.2620684154
  0
ARC
  5
3D5
330
1F
100
AcDbEntity
  8
0
  6
Continuous
 62
     7
370
     0
100
AcDbCircle
 10
91.1952948075
 20
31.5874859219
 30
0.0
 40
0.2734465966053451
100
AcDbArc
 50
254.4529510225
 51
5.6997316973
  0
ARC
  5
3D6
330
1F
100
AcDbEntity
  8
0
  6
Continuous
 62
     7
370
     0
100
AcDbCircle
 10
91.0609425759
 20
31.6287812218
 30
0.0
 40
0.4066927316200348
100
AcDbArc
 50
358.0078159806
 51
80.4782959852
  0
ARC
  5
3D7
330
1F
100
AcDbEntity
  8
0
  6
Continuous
 62
     7
370
     0
100
AcDbCircle
 10
91.0503611287
 20
31.77962232
 30
0.0
 40
0.2620803267285921
100
AcDbArc
 50
72.7181009805
 51
185.884377745
  0
ARC
  5
3D8
330
1F
100
AcDbEntity
  8
0
  6
Continuous
 62
     7
370
     0
100
AcDbCircle
 10
91.2026047464
 20
31.7297004642
 30
0.0
 40
0.4135859737152908
100
AcDbArc
 50
176.8047114044
 51
258.7619924836
  0
LINE
  5
3D9
330
1F
100
AcDbEntity
  8
0
  6
Continuous
 62
     7
370
     0
100
AcDbLine
 10
92.2546415444
 20
31.6032489628
 30
0.0
 11
92.5880754811
 21
31.5867353289
 31
0.0
  0
LWPOLYLINE
  5
3DA
330
1F
100
AcDbEntity
  8
0
  6
Continuous
 62
     7
370
     0
100
AcDbPolyline
 90
        7
 70
   128
 43
0.0
 10
92.5880754811
 20
31.5867353289
 10
92.6665970209
 20
31.5936995821
 10
92.6979948429
 20
31.6040081214
 10
92.7241459982
 20
31.6187903628
 10
92.7452537207
 20
31.6383298833
 10
92.7605187414
 20
31.6621919508
 10
92.773518386
 20
31.7227763697
  0
LWPOLYLINE
  5
3DB
330
1F
100
AcDbEntity
  8
0
  6
Continuous
 62
     7
370
     0
100
AcDbPolyline
 90
        7
 70
   128
 43
0.0
 10
92.773518386
 20
31.7227763697
 10
92.7695596718
 20
31.7534907206
 10
92.7580871498
 20
31.7803130187
 10
92.7391013432
 20
31.8032726785
 10
92.712603464
 20
31.8224179037
 10
92.6516104303
 20
31.8454962379
 10
92.5733103166
 20
31.8552764433
  0
LINE
  5
3DC
330
1F
100
AcDbEntity
  8
0
  6
Continuous
 62
     7
370
     0
100
AcDbLine
 10
92.5733103166
 20
31.8552764433
 30
0.0
 11
92.2570022264
 21
31.8712463499
 31
0.0
  0
LINE
  5
3DD
330
1F
100
AcDbEntity
  8
0
  6
Continuous
 62
     7
370
     0
100
AcDbLine
 10
92.2570022264
 20
31.8712463499
 30
0.0
 11
92.2546415444
 21
31.6032489628
 31
0.0
  0
LINE
  5
3DE
330
1F
100
AcDbEntity
  8
0
  6
Continuous
 62
     7
370
     0
100
AcDbLine
 10
95.0168286527
 20
31.5984858483
 30
0.0
 11
94.8597766874
 21
31.9873036771
 31
0.0
  0
LINE
  5
3DF
330
1F
100
AcDbEntity
  8
0
  6
Continuous
 62
     7
370
     0
100
AcDbLine
 10
94.8597766874
 20
31.9873036771
 30
0.0
 11
94.8075341208
 21
31.9749240739
 31
0.0
  0
LINE
  5
3E0
330
1F
100
AcDbEntity
  8
0
  6
Continuous
 62
     7
370
     0
100
AcDbLine
 10
94.8075341208
 20
31.9749240739
 30
0.0
 11
94.6346914593
 21
31.5080817704
 31
0.0
  0
LINE
  5
3E1
330
1F
100
AcDbEntity
  8
0
  6
Continuous
 62
     7
370
     0
100
AcDbLine
 10
94.6346914593
 20
31.5080817704
 30
0.0
 11
95.0168286527
 21
31.5984858483
 31
0.0
  0
LINE
  5
3E2
330
1F
100
AcDbEntity
  8
0
  6
Continuous
 62
     7
370
     0
100
AcDbLine
 10
95.7208236455
 20
32.0711335056
 30
0.0
 11
95.9886541732
 21
32.1784557031
 31
0.0
  0
ARC
  5
3E3
330
1F
100
AcDbEntity
  8
0
  6
Continuous
 62
     7
370
     0
100
AcDbCircle
 10
95.9086442803
 20
32.3821976801
 30
0.0
 40
0.2188889584655989
100
AcDbArc
 50
291.4400380559
 51
356.2552152254
  0
LWPOLYLINE
  5
3E4
330
1F
100
AcDbEntity
  8
0
  6
Continuous
 62
     7
370
     0
100
AcDbPolyline
 90
        7
 70
   128
 43
0.0
 10
96.1270658829
 20
32.3679015385
 10
96.1184187513
 20
32.4197928914
 10
96.107581586
 20
32.4371243058
 10
96.0923743355
 20
32.4487368387
 10
96.0729245481
 20
32.4546755487
 10
96.0495640281
 20
32.454884864
 10
95.9909392872
 20
32.4382711318
  0
LINE
  5
3E5
330
1F
100
AcDbEntity
  8
0
  6
Continuous
 62
     7
370
     0
100
AcDbLine
 10
95.9909392872
 20
32.4382711318
 30
0.0
 11
95.7231093785
 21
32.330948334
 31
0.0
  0
LINE
  5
3E6
330
1F
100
AcDbEntity
  8
0
  6
Continuous
 62
     7
370
     0
100
AcDbLine
 10
95.7231093785
 20
32.330948334
 30
0.0
 11
95.7208236455
 21
32.0711335056
 31
0.0
  0
LINE
  5
3E7
330
1F
100
AcDbEntity
  8
0
  6
Continuous
 62
     7
370
     0
100
AcDbLine
 10
95.7170963565
 20
31.6474598238
 30
0.0
 11
96.0139689605
 21
31.7672550544
 31
0.0
  0
ARC
  5
3E8
330
1F
100
AcDbEntity
  8
0
  6
Continuous
 62
     7
370
     0
100
AcDbCircle
 10
95.9195354803
 20
31.9961285632
 30
0.0
 40
0.2475899133757581
100
AcDbArc
 50
292.4211015865
 51
357.1519620466
  0
LWPOLYLINE
  5
3E9
330
1F
100
AcDbEntity
  8
0
  6
Continuous
 62
     7
370
     0
100
AcDbPolyline
 90
        7
 70
   128
 43
0.0
 10
96.166819578
 20
31.9838265206
 10
96.1576153379
 20
32.0430384514
 10
96.1460136199
 20
32.0630913433
 10
96.1297127814
 20
32.0768032981
 10
96.1081472825
 20
32.0843584463
 10
96.0821438831
 20
32.0851567316
 10
96.0166023683
 20
32.0666806623
  0
LINE
  5
3EA
330
1F
100
AcDbEntity
  8
0
  6
Continuous
 62
     7
370
     0
100
AcDbLine
 10
96.0166023683
 20
32.0666806623
 30
0.0
 11
95.7197305605
 21
31.9468846647
 31
0.0
  0
LINE
  5
3EB
330
1F
100
AcDbEntity
  8
0
  6
Continuous
 62
     7
370
     0
100
AcDbLine
 10
95.7197305605
 20
31.9468846647
 30
0.0
 11
95.7170963565
 21
31.6474598238
 31
0.0
  0
LINE
  5
3EC
330
1F
100
AcDbEntity
  8
0
  6
Continuous
 62
     7
370
     0
100
AcDbLine
 10
94.7262138405
 20
31.5850360555
 30
0.0
 11
94.9235757517
 21
31.6316627004
 31
0.0
  0
LINE
  5
3ED
330
1F
100
AcDbEntity
  8
0
  6
Continuous
 62
     7
370
     0
100
AcDbLine
 10
94.9235757517
 20
31.6316627004
 30
0.0
 11
94.8291988391
 21
31.8671631848
 31
0.0
  0
LINE
  5
3EE
330
1F
100
AcDbEntity
  8
0
  6
Continuous
 62
     7
370
     0
100
AcDbLine
 10
94.8291988391
 20
31.8671631848
 30
0.0
 11
94.7262138405
 21
31.5850360555
 31
0.0
  0
LINE
  5
3EF
330
1F
100
AcDbEntity
  8
0
  6
Continuous
 62
     7
370
     0
100
AcDbLine
 10
95.7820738084
 20
32.2966152954
 30
0.0
 11
95.7807545882
 21
32.1466534371
 31
0.0
  0
LINE
  5
3F0
330
1F
100
AcDbEntity
  8
0
  6
Continuous
 62
     7
370
     0
100
AcDbLine
 10
95.7807545882
 20
32.1466534371
 30
0.0
 11
95.9672649961
 21
32.2220354921
 31
0.0
  0
ARC
  5
3F1
330
1F
100
AcDbEntity
  8
0
  6
Continuous
 62
     7
370
     0
100
AcDbCircle
 10
95.9251299314
 20
32.3558980698
 30
0.0
 40
0.1403372843916476
100
AcDbArc
 50
287.4721035898
 51
352.7217431121
  0
LWPOLYLINE
  5
3F2
330
1F
100
AcDbEntity
  8
0
  6
Continuous
 62
     7
370
     0
100
AcDbPolyline
 90
        7
 70
   128
 43
0.0
 10
96.0643364608
 20
32.3381189937
 10
96.0624013489
 20
32.3557293996
 10
96.057055024
 20
32.3692582555
 10
96.0482887633
 20
32.3787132812
 10
96.0360885103
 20
32.3841069867
 10
96.0070683704
 20
32.3840028664
 10
95.9685839654
 20
32.3719975917
  0
LINE
  5
3F3
330
1F
100
AcDbEntity
  8
0
  6
Continuous
 62
     7
370
     0
100
AcDbLine
 10
95.9685839654
 20
32.3719975917
 30
0.0
 11
95.7820738084
 21
32.2966152954
 31
0.0
  0
LINE
  5
3F4
330
1F
100
AcDbEntity
  8
0
  6
Continuous
 62
     7
370
     0
100
AcDbLine
 10
95.777142686
 20
31.9131845151
 30
0.0
 11
95.7754478448
 21
31.7205243867
 31
0.0
  0
LINE
  5
3F5
330
1F
100
AcDbEntity
  8
0
  6
Continuous
 62
     7
370
     0
100
AcDbLine
 10
95.7754478448
 20
31.7205243867
 30
0.0
 11
95.9977517022
 21
31.811079735
 31
0.0
  0
ARC
  5
3F6
330
1F
100
AcDbEntity
  8
0
  6
Continuous
 62
     7
370
     0
100
AcDbCircle
 10
95.9418758479
 20
31.9736976134
 30
0.0
 40
0.171949659737289
100
AcDbArc
 50
288.9628320347
 51
354.477636431
  0
LWPOLYLINE
  5
3F7
330
1F
100
AcDbEntity
  8
0
  6
Continuous
 62
     7
370
     0
100
AcDbPolyline
 90
        6
 70
   128
 43
0.0
 10
96.1130274398
 20
31.9571501641
 10
96.1050160521
 20
31.9965830532
 10
96.0951232021
 20
32.0090190703
 10
96.0812828991
 20
32.0166211758
 10
96.0463611365
 20
32.0181274368
 10
95.9994461562
 20
32.0037402329
  0
LINE
  5
3F8
330
1F
100
AcDbEntity
  8
0
  6
Continuous
 62
     7
370
     0
100
AcDbLine
 10
95.9994461562
 20
32.0037402329
 30
0.0
 11
95.777142686
 21
31.9131845151
 31
0.0
  0
ARC
  5
3F9
330
1F
100
AcDbEntity
  8
0
  6
Continuous
 62
   155
370
     0
100
AcDbCircle
 10
92.8528081334
 20
39.4615461558
 30
0.0
 40
5.106914729873212
100
AcDbArc
 50
53.3676754579
 51
125.6316987274
  0
LWPOLYLINE
  5
3FA
330
1F
100
AcDbEntity
  8
0
  6
Continuous
 62
   155
370
     0
100
AcDbPolyline
 90
       33
 70
   128
 43
0.0
 10
90.135166177
 20
25.5151151665
 10
90.163088548
 20
25.4304854991
 10
90.2296054664
 20
25.2833099015
 10
90.3174843503
 20
25.1404882631
 10
90.4259754479
 20
25.0032390878
 10
90.5541531516
 20
24.872733337
 10
90.7009238943
 20
24.7500844399
 10
90.8650354798
 20
24.6363387936
 10
91.0450877659
 20
24.5324668358
 10
91.23954461
 20
24.4393547655
 10
91.4467469749
 20
24.357796982
 10
91.6649270831
 20
24.2884893076
 10
91.8922234988
 20
24.2320230509
 10
92.1266970091
 20
24.1888799621
 10
92.3663471687
 20
24.1594281228
 10
92.6091293669
 20
24.1439188058
 10
92.8529722717
 20
24.142484331
 10
93.0957955013
 20
24.1551369369
 10
93.3355273736
 20
24.1817686759
 10
93.5701225807
 20
24.2221523355
 10
93.7975796391
 20
24.2759433764
 10
94.0159579654
 20
24.3426828725
 10
94.2233944326
 20
24.4218014259
 10
94.4181192659
 20
24.512624025
 10
94.5984711419
 20
24.6143758035
 10
94.7629113617
 20
24.726188651
 10
94.9100369795
 20
24.8471086198
 10
95.0385927714
 20
24.9761040632
 10
95.1474819446
 20
25.1120744377
 10
95.2357754952
 20
25.253859692
 10
95.3027201336
 20
25.4002501642
 10
95.3477447119
 20
25.5499969026
 10
95.353358094
 20
25.5765500162
  0
LINE
  5
3FB
330
1F
100
AcDbEntity
  8
0
  6
Continuous
 62
     7
370
     0
100
AcDbLine
 10
78.9845752462
 20
66.7798961389
 30
0.0
 11
78.7305752462
 21
66.7798961389
 31
0.0
  0
LWPOLYLINE
  5
3FC
330
1F
100
AcDbEntity
  8
0
  6
Continuous
 62
     7
370
     0
100
AcDbPolyline
 90
        3
 70
   128
 43
0.0
 10
92.1573851773
 20
62.9185152564
 10
92.3325386399
 20
63.0654245172
 10
92.5053668269
 20
63.2103771437
  0
LWPOLYLINE
  5
3FD
330
1F
100
AcDbEntity
  8
0
  6
Continuous
 62
     7
370
     0
100
AcDbPolyline
 90
        3
 70
   128
 43
0.0
 10
91.4573851773
 20
62.9185152564
 10
91.6325386399
 20
63.0654245172
 10
91.8053668269
 20
63.2103771437
  0
LWPOLYLINE
  5
3FE
330
1F
100
AcDbEntity
  8
0
  6
Continuous
 62
     7
370
     0
100
AcDbPolyline
 90
        3
 70
   128
 43
0.0
 10
90.7573851773
 20
62.9185152564
 10
90.9325386399
 20
63.0654245172
 10
91.1053668269
 20
63.2103771437
  0
LWPOLYLINE
  5
3FF
330
1F
100
AcDbEntity
  8
0
  6
Continuous
 62
     7
370
     0
100
AcDbPolyline
 90
        3
 70
   128
 43
0.0
 10
90.0573851773
 20
62.9185152564
 10
90.2325386399
 20
63.0654245172
 10
90.4053668269
 20
63.2103771437
  0
LWPOLYLINE
  5
400
330
1F
100
AcDbEntity
  8
0
  6
Continuous
 62
     7
370
     0
100
AcDbPolyline
 90
        3
 70
   128
 43
0.0
 10
89.3573851773
 20
62.9185152564
 10
89.5325386399
 20
63.0654245172
 10
89.7053668269
 20
63.2103771437
  0
LWPOLYLINE
  5
401
330
1F
100
AcDbEntity
  8
0
  6
Continuous
 62
     7
370
     0
100
AcDbPolyline
 90
        3
 70
   128
 43
0.0
 10
88.6573851773
 20
62.9185152564
 10
88.8325386399
 20
63.0654245172
 10
89.0053668269
 20
63.2103771437
  0
LWPOLYLINE
  5
402
330
1F
100
AcDbEntity
  8
0
  6
Continuous
 62
     7
370
     0
100
AcDbPolyline
 90
        3
 70
   128
 43
0.0
 10
87.9573851773
 20
62.9185152564
 10
88.1325386399
 20
63.0654245172
 10
88.3053668269
 20
63.2103771437
  0
LWPOLYLINE
  5
403
330
1F
100
AcDbEntity
  8
0
  6
Continuous
 62
     7
370
     0
100
AcDbPolyline
 90
        3
 70
   128
 43
0.0
 10
87.2573851773
 20
62.9185152564
 10
87.4325386399
 20
63.0654245172
 10
87.6053668269
 20
63.2103771437
  0
LWPOLYLINE
  5
404
330
1F
100
AcDbEntity
  8
0
  6
Continuous
 62
     7
370
     0
100
AcDbPolyline
 90
        3
 70
   128
 43
0.0
 10
86.5573851773
 20
62.9185152564
 10
86.7325386399
 20
63.0654245172
 10
86.9053668269
 20
63.2103771437
  0
LWPOLYLINE
  5
405
330
1F
100
AcDbEntity
  8
0
  6
Continuous
 62
     7
370
     0
100
AcDbPolyline
 90
        3
 70
   128
 43
0.0
 10
85.8573851773
 20
62.9185152564
 10
86.0325386399
 20
63.0654245172
 10
86.2053668269
 20
63.2103771437
  0
LWPOLYLINE
  5
406
330
1F
100
AcDbEntity
  8
0
  6
Continuous
 62
     7
370
     0
100
AcDbPolyline
 90
        3
 70
   128
 43
0.0
 10
85.1573851773
 20
62.9185152564
 10
85.3325386399
 20
63.0654245172
 10
85.5053668269
 20
63.2103771437
  0
LWPOLYLINE
  5
407
330
1F
100
AcDbEntity
  8
0
  6
Continuous
 62
     7
370
     0
100
AcDbPolyline
 90
        3
 70
   128
 43
0.0
 10
84.4573851773
 20
62.9185152564
 10
84.6325386399
 20
63.0654245172
 10
84.8053668269
 20
63.2103771437
  0
LINE
  5
408
330
1F
100
AcDbEntity
  8
0
  6
Continuous
 62
     7
370
     0
100
AcDbLine
 10
84.0552090881
 20
63.1683093763
 30
0.0
 11
84.1053668269
 21
63.2103771437
 31
0.0
  0
LINE
  5
409
330
1F
100
AcDbEntity
  8
0
  6
Continuous
 62
     7
370
     0
100
AcDbLine
 10
83.3552090881
 20
63.1683093763
 30
0.0
 11
83.4053668269
 21
63.2103771437
 31
0.0
  0
LINE
  5
40A
330
1F
100
AcDbEntity
  8
0
  6
Continuous
 62
     7
370
     0
100
AcDbLine
 10
82.6552090881
 20
63.1683093763
 30
0.0
 11
82.7053668269
 21
63.2103771437
 31
0.0
  0
LINE
  5
40B
330
1F
100
AcDbEntity
  8
0
  6
Continuous
 62
     7
370
     0
100
AcDbLine
 10
81.6573851773
 20
62.9185152564
 30
0.0
 11
81.7023752462
 21
62.9562504954
 31
0.0
  0
LINE
  5
40C
330
1F
100
AcDbEntity
  8
0
  6
Continuous
 62
     7
370
     0
100
AcDbLine
 10
81.9552090881
 20
63.1683093763
 30
0.0
 11
82.0053668269
 21
63.2103771437
 31
0.0
  0
LWPOLYLINE
  5
40D
330
1F
100
AcDbEntity
  8
0
  6
Continuous
 62
     7
370
     0
100
AcDbPolyline
 90
        3
 70
   128
 43
0.0
 10
80.9573851773
 20
62.9185152564
 10
81.1325386399
 20
63.0654245172
 10
81.3053668269
 20
63.2103771437
  0
LWPOLYLINE
  5
40E
330
1F
100
AcDbEntity
  8
0
  6
Continuous
 62
     7
370
     0
100
AcDbPolyline
 90
        3
 70
   128
 43
0.0
 10
79.0007598323
 20
72.75305057
 10
78.8723441533
 20
72.5307116392
 10
78.7462298965
 20
72.3123631822
  0
LWPOLYLINE
  5
40F
330
1F
100
AcDbEntity
  8
0
  6
Continuous
 62
     7
370
     0
100
AcDbPolyline
 90
        3
 70
   128
 43
0.0
 10
78.3657598323
 20
72.75305057
 10
78.2373441533
 20
72.5307116392
 10
78.1112298965
 20
72.3123631822
  0
LWPOLYLINE
  5
410
330
1F
100
AcDbEntity
  8
0
  6
Continuous
 62
     7
370
     0
100
AcDbPolyline
 90
        3
 70
   128
 43
0.0
 10
77.7307598323
 20
72.75305057
 10
77.6023441533
 20
72.5307116392
 10
77.4762298965
 20
72.3123631822
  0
LWPOLYLINE
  5
411
330
1F
100
AcDbEntity
  8
0
  6
Continuous
 62
     7
370
     0
100
AcDbPolyline
 90
        3
 70
   128
 43
0.0
 10
77.0957598323
 20
72.75305057
 10
76.9673441533
 20
72.5307116392
 10
76.8412298965
 20
72.3123631822
  0
LWPOLYLINE
  5
412
330
1F
100
AcDbEntity
  8
0
  6
Continuous
 62
     7
370
     0
100
AcDbPolyline
 90
        3
 70
   128
 43
0.0
 10
76.4607598323
 20
72.75305057
 10
76.3323441533
 20
72.5307116392
 10
76.2062298965
 20
72.3123631822
  0
LWPOLYLINE
  5
413
330
1F
100
AcDbEntity
  8
0
  6
Continuous
 62
     7
370
     0
100
AcDbPolyline
 90
        3
 70
   128
 43
0.0
 10
75.8257598323
 20
72.75305057
 10
75.6973441533
 20
72.5307116392
 10
75.5712298965
 20
72.3123631822
  0
LWPOLYLINE
  5
414
330
1F
100
AcDbEntity
  8
0
  6
Continuous
 62
     7
370
     0
100
AcDbPolyline
 90
        3
 70
   128
 43
0.0
 10
75.1907598323
 20
72.75305057
 10
75.0623441533
 20
72.5307116392
 10
74.9362298965
 20
72.3123631822
  0
LWPOLYLINE
  5
415
330
1F
100
AcDbEntity
  8
0
  6
Continuous
 62
     7
370
     0
100
AcDbPolyline
 90
        3
 70
   128
 43
0.0
 10
74.5557598323
 20
72.75305057
 10
74.4273441533
 20
72.5307116392
 10
74.3012298965
 20
72.3123631822
  0
LWPOLYLINE
  5
416
330
1F
100
AcDbEntity
  8
0
  6
Continuous
 62
     7
370
     0
100
AcDbPolyline
 90
        3
 70
   128
 43
0.0
 10
73.9207598323
 20
72.75305057
 10
73.7923441533
 20
72.5307116392
 10
73.6662298965
 20
72.3123631822
  0
LWPOLYLINE
  5
417
330
1F
100
AcDbEntity
  8
0
  6
Continuous
 62
     7
370
     0
100
AcDbPolyline
 90
        3
 70
   128
 43
0.0
 10
73.2857598323
 20
72.75305057
 10
73.1573441533
 20
72.5307116392
 10
73.0312298965
 20
72.3123631822
  0
LWPOLYLINE
  5
418
330
1F
100
AcDbEntity
  8
0
  6
Continuous
 62
     7
370
     0
100
AcDbPolyline
 90
        3
 70
   128
 43
0.0
 10
72.6507598323
 20
72.75305057
 10
72.5223441533
 20
72.5307116392
 10
72.3962298965
 20
72.3123631822
  0
LWPOLYLINE
  5
419
330
1F
100
AcDbEntity
  8
0
  6
Continuous
 62
     7
370
     0
100
AcDbPolyline
 90
        3
 70
   128
 43
0.0
 10
72.0157598323
 20
72.75305057
 10
71.8873441533
 20
72.5307116392
 10
71.7612298965
 20
72.3123631822
  0
LWPOLYLINE
  5
41A
330
1F
100
AcDbEntity
  8
0
  6
Continuous
 62
     7
370
     0
100
AcDbPolyline
 90
        3
 70
   128
 43
0.0
 10
71.3807598323
 20
72.75305057
 10
71.2523441533
 20
72.5307116392
 10
71.1262298965
 20
72.3123631822
  0
LWPOLYLINE
  5
41B
330
1F
100
AcDbEntity
  8
0
  6
Continuous
 62
     7
370
     0
100
AcDbPolyline
 90
        3
 70
   128
 43
0.0
 10
70.7457598323
 20
72.75305057
 10
70.6173441533
 20
72.5307116392
 10
70.4912298965
 20
72.3123631822
  0
LINE
  5
41C
330
1F
100
AcDbEntity
  8
0
  6
Continuous
 62
     7
370
     0
100
AcDbLine
 10
75.8603752462
 20
70.5330413587
 30
0.0
 11
74.8443752462
 21
70.5330413587
 31
0.0
  0
LINE
  5
41D
330
1F
100
AcDbEntity
  8
0
  6
Continuous
 62
     7
370
     0
100
AcDbLine
 10
74.8443752462
 20
61.3890413587
 30
0.0
 11
75.8603752462
 21
61.3890413587
 31
0.0
  0
LINE
  5
41E
330
1F
100
AcDbEntity
  8
0
  6
Continuous
 62
     7
370
     0
100
AcDbLine
 10
74.8443752462
 20
61.3890413587
 30
0.0
 11
74.8443752462
 21
61.4525413587
 31
0.0
  0
ARC
  5
41F
330
1F
100
AcDbEntity
  8
0
  6
Continuous
 62
     7
370
     0
100
AcDbCircle
 10
74.4633752462
 20
61.4525413587
 30
0.0
 40
0.3810000000000002
100
AcDbArc
 50
360.0
 51
90.0
  0
LINE
  5
420
330
1F
100
AcDbEntity
  8
0
  6
Continuous
 62
     7
370
     0
100
AcDbLine
 10
72.7413752462
 20
61.8335413587
 30
0.0
 11
74.4633752462
 21
61.8335413587
 31
0.0
  0
ARC
  5
421
330
1F
100
AcDbEntity
  8
0
  6
Continuous
 62
     7
370
     0
100
AcDbCircle
 10
72.7413752462
 20
62.2145413587
 30
0.0
 40
0.3810000000000286
100
AcDbArc
 50
180.0
 51
270.0
  0
LINE
  5
422
330
1F
100
AcDbEntity
  8
0
  6
Continuous
 62
     7
370
     0
100
AcDbLine
 10
72.3603752462
 20
62.2145413587
 30
0.0
 11
72.3603752462
 21
63.0610413587
 31
0.0
  0
LINE
  5
423
330
1F
100
AcDbEntity
  8
0
  6
Continuous
 62
     7
370
     0
100
AcDbLine
 10
72.6143752462
 20
63.0610413587
 30
0.0
 11
72.3603752462
 21
63.0610413587
 31
0.0
  0
LINE
  5
424
330
1F
100
AcDbEntity
  8
0
  6
Continuous
 62
     7
370
     0
100
AcDbLine
 10
72.6143752462
 20
62.2145413587
 30
0.0
 11
72.6143752462
 21
63.0610413587
 31
0.0
  0
ARC
  5
425
330
1F
100
AcDbEntity
  8
0
  6
Continuous
 62
     7
370
     0
100
AcDbCircle
 10
72.7413752462
 20
62.2145413587
 30
0.0
 40
0.1270000000000024
100
AcDbArc
 50
180.0
 51
270.0
  0
LINE
  5
426
330
1F
100
AcDbEntity
  8
0
  6
Continuous
 62
     7
370
     0
100
AcDbLine
 10
72.7413752462
 20
62.0875413587
 30
0.0
 11
75.0983752462
 21
62.0875413587
 31
0.0
  0
LINE
  5
427
330
1F
100
AcDbEntity
  8
0
  6
Continuous
 62
     7
370
     0
100
AcDbLine
 10
75.0983752462
 20
62.0875413587
 30
0.0
 11
75.0983752462
 21
64.1057164051
 31
0.0
  0
LINE
  5
428
330
1F
100
AcDbEntity
  8
0
  6
Continuous
 62
     7
370
     0
100
AcDbLine
 10
75.0983752462
 20
64.1057164051
 30
0.0
 11
73.8603752462
 21
64.1057164051
 31
0.0
  0
LINE
  5
429
330
1F
100
AcDbEntity
  8
0
  6
Continuous
 62
     7
370
     0
100
AcDbLine
 10
73.8603752462
 20
67.8163663124
 30
0.0
 11
73.8603752462
 21
64.1057164051
 31
0.0
  0
LINE
  5
42A
330
1F
100
AcDbEntity
  8
0
  6
Continuous
 62
     7
370
     0
100
AcDbLine
 10
73.8603752462
 20
67.8163663124
 30
0.0
 11
75.0983752462
 21
67.8163663124
 31
0.0
  0
LINE
  5
42B
330
1F
100
AcDbEntity
  8
0
  6
Continuous
 62
     7
370
     0
100
AcDbLine
 10
75.0983752462
 20
67.8163663124
 30
0.0
 11
75.0983752462
 21
69.8345413587
 31
0.0
  0
LINE
  5
42C
330
1F
100
AcDbEntity
  8
0
  6
Continuous
 62
     7
370
     0
100
AcDbLine
 10
75.0983752462
 20
69.8345413587
 30
0.0
 11
72.7413752462
 21
69.8345413587
 31
0.0
  0
ARC
  5
42D
330
1F
100
AcDbEntity
  8
0
  6
Continuous
 62
     7
370
     0
100
AcDbCircle
 10
72.7413752462
 20
69.7075413587
 30
0.0
 40
0.1269999999999953
100
AcDbArc
 50
90.0
 51
180.0
  0
LINE
  5
42E
330
1F
100
AcDbEntity
  8
0
  6
Continuous
 62
     7
370
     0
100
AcDbLine
 10
72.6143752462
 20
68.8610413587
 30
0.0
 11
72.6143752462
 21
69.7075413587
 31
0.0
  0
LINE
  5
42F
330
1F
100
AcDbEntity
  8
0
  6
Continuous
 62
     7
370
     0
100
AcDbLine
 10
72.3603752462
 20
68.8610413587
 30
0.0
 11
72.6143752462
 21
68.8610413587
 31
0.0
  0
LINE
  5
430
330
1F
100
AcDbEntity
  8
0
  6
Continuous
 62
     7
370
     0
100
AcDbLine
 10
72.3603752462
 20
68.8610413587
 30
0.0
 11
72.3603752462
 21
69.7075413587
 31
0.0
  0
ARC
  5
431
330
1F
100
AcDbEntity
  8
0
  6
Continuous
 62
     7
370
     0
100
AcDbCircle
 10
72.7413752462
 20
69.7075413587
 30
0.0
 40
0.3810000000000286
100
AcDbArc
 50
90.0
 51
180.0
  0
LINE
  5
432
330
1F
100
AcDbEntity
  8
0
  6
Continuous
 62
     7
370
     0
100
AcDbLine
 10
74.4633752462
 20
70.0885413587
 30
0.0
 11
72.7413752462
 21
70.0885413587
 31
0.0
  0
ARC
  5
433
330
1F
100
AcDbEntity
  8
0
  6
Continuous
 62
     7
370
     0
100
AcDbCircle
 10
74.4633752462
 20
70.4695413587
 30
0.0
 40
0.3810000000000002
100
AcDbArc
 50
270.0
 51
0.0
  0
LINE
  5
434
330
1F
100
AcDbEntity
  8
0
  6
Continuous
 62
     7
370
     0
100
AcDbLine
 10
74.8443752462
 20
70.4695413587
 30
0.0
 11
74.8443752462
 21
70.5330413587
 31
0.0
  0
LINE
  5
435
330
1F
100
AcDbEntity
  8
0
  6
Continuous
 62
     7
370
     0
100
AcDbLine
 10
75.8603752462
 20
61.3890413587
 30
0.0
 11
75.8603752462
 21
70.5330413587
 31
0.0
  0
LINE
  5
436
330
1F
100
AcDbEntity
  8
0
  6
Continuous
 62
     7
370
     0
100
AcDbLine
 10
72.7413752462
 20
62.0875413587
 30
0.0
 11
72.7413752462
 21
69.8345413587
 31
0.0
  0
LINE
  5
437
330
1F
100
AcDbEntity
  8
0
  6
Continuous
 62
     7
370
     0
100
AcDbLine
 10
72.3603752462
 20
68.8610413587
 30
0.0
 11
72.3603752462
 21
63.0610413587
 31
0.0
  0
LINE
  5
438
330
1F
100
AcDbEntity
  8
0
  6
Continuous
 62
     7
370
     0
100
AcDbLine
 10
72.6143752462
 20
63.0610413587
 30
0.0
 11
72.6143752462
 21
68.8610413587
 31
0.0
  0
LINE
  5
439
330
1F
100
AcDbEntity
  8
0
  6
Continuous
 62
     7
370
     0
100
AcDbLine
 10
75.0983752462
 20
68.1436569594
 30
0.0
 11
73.8603752462
 21
68.1436569594
 31
0.0
  0
LINE
  5
43A
330
1F
100
AcDbEntity
  8
0
  6
Continuous
 62
     7
370
     0
100
AcDbLine
 10
73.8603752462
 20
67.8163663124
 30
0.0
 11
73.8603752462
 21
68.1436569594
 31
0.0
  0
LINE
  5
43B
330
1F
100
AcDbEntity
  8
0
  6
Continuous
 62
     7
370
     0
100
AcDbLine
 10
69.7643752462
 20
61.1350413587
 30
0.0
 11
69.7643752462
 21
60.5000413587
 31
0.0
  0
LINE
  5
43C
330
1F
100
AcDbEntity
  8
0
  6
Continuous
 62
     7
370
     0
100
AcDbLine
 10
70.1453752462
 20
61.1350413587
 30
0.0
 11
69.7643752462
 21
61.1350413587
 31
0.0
  0
LINE
  5
43D
330
1F
100
AcDbEntity
  8
0
  6
Continuous
 62
     7
370
     0
100
AcDbLine
 10
70.1453752462
 20
61.1350413587
 30
0.0
 11
70.1453752462
 21
62.1510413587
 31
0.0
  0
LINE
  5
43E
330
1F
100
AcDbEntity
  8
0
  6
Continuous
 62
     7
370
     0
100
AcDbLine
 10
69.7643752462
 20
62.1510413587
 30
0.0
 11
70.1453752462
 21
62.1510413587
 31
0.0
  0
LINE
  5
43F
330
1F
100
AcDbEntity
  8
0
  6
Continuous
 62
     7
370
     0
100
AcDbLine
 10
69.7643752462
 20
62.7860413587
 30
0.0
 11
69.7643752462
 21
62.1510413587
 31
0.0
  0
LINE
  5
440
330
1F
100
AcDbEntity
  8
0
  6
Continuous
 62
     7
370
     0
100
AcDbLine
 10
70.7803752462
 20
62.7860413587
 30
0.0
 11
69.7643752462
 21
62.7860413587
 31
0.0
  0
LINE
  5
441
330
1F
100
AcDbEntity
  8
0
  6
Continuous
 62
     7
370
     0
100
AcDbLine
 10
70.7803752462
 20
61.7065413587
 30
0.0
 11
70.7803752462
 21
62.7860413587
 31
0.0
  0
LINE
  5
442
330
1F
100
AcDbEntity
  8
0
  6
Continuous
 62
     7
370
     0
100
AcDbLine
 10
74.0823752462
 20
61.7065413587
 30
0.0
 11
70.7803752462
 21
61.7065413587
 31
0.0
  0
LINE
  5
443
330
1F
100
AcDbEntity
  8
0
  6
Continuous
 62
     7
370
     0
100
AcDbLine
 10
70.2723752462
 20
61.1985413587
 30
0.0
 11
74.0823752462
 21
61.1985413587
 31
0.0
  0
LINE
  5
444
330
1F
100
AcDbEntity
  8
0
  6
Continuous
 62
     7
370
     0
100
AcDbLine
 10
70.2723752462
 20
59.9920413587
 30
0.0
 11
70.2723752462
 21
61.1985413587
 31
0.0
  0
LINE
  5
445
330
1F
100
AcDbEntity
  8
0
  6
Continuous
 62
     7
370
     0
100
AcDbLine
 10
70.2723752462
 20
59.9920413587
 30
0.0
 11
69.7643752462
 21
60.5000413587
 31
0.0
  0
LINE
  5
446
330
1F
100
AcDbEntity
  8
0
  6
Continuous
 62
     7
370
     0
100
AcDbLine
 10
74.0823752462
 20
61.1985413587
 30
0.0
 11
74.0823752462
 21
61.7065413587
 31
0.0
  0
LINE
  5
447
330
1F
100
AcDbEntity
  8
0
  6
Continuous
 62
     7
370
     0
100
AcDbLine
 10
74.0823752462
 20
70.7235413587
 30
0.0
 11
70.2723752462
 21
70.7235413587
 31
0.0
  0
LINE
  5
448
330
1F
100
AcDbEntity
  8
0
  6
Continuous
 62
     7
370
     0
100
AcDbLine
 10
70.7803752462
 20
70.2155413587
 30
0.0
 11
74.0823752462
 21
70.2155413587
 31
0.0
  0
LINE
  5
449
330
1F
100
AcDbEntity
  8
0
  6
Continuous
 62
     7
370
     0
100
AcDbLine
 10
74.0823752462
 20
70.2155413587
 30
0.0
 11
74.0823752462
 21
70.0885413587
 31
0.0
  0
LINE
  5
44A
330
1F
100
AcDbEntity
  8
0
  6
Continuous
 62
     7
370
     0
100
AcDbLine
 10
74.0823752462
 20
61.8335413587
 30
0.0
 11
74.0823752462
 21
61.7065413587
 31
0.0
  0
LINE
  5
44B
330
1F
100
AcDbEntity
  8
0
  6
Continuous
 62
     7
370
     0
100
AcDbLine
 10
70.7803752462
 20
69.1360413587
 30
0.0
 11
70.7803752462
 21
70.2155413587
 31
0.0
  0
LINE
  5
44C
330
1F
100
AcDbEntity
  8
0
  6
Continuous
 62
     7
370
     0
100
AcDbLine
 10
69.7643752462
 20
69.1360413587
 30
0.0
 11
70.7803752462
 21
69.1360413587
 31
0.0
  0
LINE
  5
44D
330
1F
100
AcDbEntity
  8
0
  6
Continuous
 62
     7
370
     0
100
AcDbLine
 10
69.7643752462
 20
69.7710413587
 30
0.0
 11
69.7643752462
 21
69.1360413587
 31
0.0
  0
LINE
  5
44E
330
1F
100
AcDbEntity
  8
0
  6
Continuous
 62
     7
370
     0
100
AcDbLine
 10
70.1453752462
 20
69.7710413587
 30
0.0
 11
69.7643752462
 21
69.7710413587
 31
0.0
  0
LINE
  5
44F
330
1F
100
AcDbEntity
  8
0
  6
Continuous
 62
     7
370
     0
100
AcDbLine
 10
70.1453752462
 20
69.7710413587
 30
0.0
 11
70.1453752462
 21
70.7870413587
 31
0.0
  0
LINE
  5
450
330
1F
100
AcDbEntity
  8
0
  6
Continuous
 62
     7
370
     0
100
AcDbLine
 10
69.7643752462
 20
70.7870413587
 30
0.0
 11
70.1453752462
 21
70.7870413587
 31
0.0
  0
LINE
  5
451
330
1F
100
AcDbEntity
  8
0
  6
Continuous
 62
     7
370
     0
100
AcDbLine
 10
69.7643752462
 20
71.4220413587
 30
0.0
 11
69.7643752462
 21
70.7870413587
 31
0.0
  0
LINE
  5
452
330
1F
100
AcDbEntity
  8
0
  6
Continuous
 62
     7
370
     0
100
AcDbLine
 10
69.7643752462
 20
71.4220413587
 30
0.0
 11
70.2723752462
 21
71.9300413587
 31
0.0
  0
LINE
  5
453
330
1F
100
AcDbEntity
  8
0
  6
Continuous
 62
     7
370
     0
100
AcDbLine
 10
70.2723752462
 20
70.7235413587
 30
0.0
 11
70.2723752462
 21
71.9300413587
 31
0.0
  0
LINE
  5
454
330
1F
100
AcDbEntity
  8
0
  6
Continuous
 62
     7
370
     0
100
AcDbLine
 10
74.0823752462
 20
70.2155413587
 30
0.0
 11
74.0823752462
 21
70.7235413587
 31
0.0
  0
LINE
  5
455
330
1F
100
AcDbEntity
  8
0
  6
Continuous
 62
     7
370
     0
100
AcDbLine
 10
70.7803752462
 20
69.1360413587
 30
0.0
 11
70.7803752462
 21
62.7860413587
 31
0.0
  0
LINE
  5
456
330
1F
100
AcDbEntity
  8
0
  6
Continuous
 62
     7
370
     0
100
AcDbLine
 10
69.7643752462
 20
69.1360413587
 30
0.0
 11
69.7643752462
 21
62.7860413587
 31
0.0
  0
LINE
  5
457
330
1F
100
AcDbEntity
  8
0
  6
Continuous
 62
     7
370
     0
100
AcDbLine
 10
69.7643752462
 20
62.1510413587
 30
0.0
 11
69.7643752462
 21
61.1350413587
 31
0.0
  0
LINE
  5
458
330
1F
100
AcDbEntity
  8
0
  6
Continuous
 62
     7
370
     0
100
AcDbLine
 10
69.7643752462
 20
70.7870413587
 30
0.0
 11
69.7643752462
 21
69.7710413587
 31
0.0
  0
LINE
  5
459
330
1F
100
AcDbEntity
  8
0
  6
Continuous
 62
     7
370
     0
100
AcDbLine
 10
85.0043752462
 20
62.7860413587
 30
0.0
 11
87.0043752462
 21
62.7860413587
 31
0.0
  0
LINE
  5
45A
330
1F
100
AcDbEntity
  8
0
  6
Continuous
 62
     7
370
     0
100
AcDbLine
 10
87.0043752462
 20
69.1360413587
 30
0.0
 11
85.0043752462
 21
69.1360413587
 31
0.0
  0
LINE
  5
45B
330
1F
100
AcDbEntity
  8
0
  6
Continuous
 62
     7
370
     0
100
AcDbLine
 10
85.0043752462
 20
62.7860413587
 30
0.0
 11
85.0043752462
 21
63.0386504535
 31
0.0
  0
LINE
  5
45C
330
1F
100
AcDbEntity
  8
0
  6
Continuous
 62
     7
370
     0
100
AcDbLine
 10
85.0043752462
 20
68.8405912045
 30
0.0
 11
85.0043752462
 21
69.1360413587
 31
0.0
  0
LINE
  5
45D
330
1F
100
AcDbEntity
  8
0
  6
Continuous
 62
     7
370
     0
100
AcDbLine
 10
87.0043752462
 20
62.7860413587
 30
0.0
 11
87.0043752462
 21
63.1257390857
 31
0.0
  0
LINE
  5
45E
330
1F
100
AcDbEntity
  8
0
  6
Continuous
 62
     7
370
     0
100
AcDbLine
 10
87.0043752462
 20
68.9253617008
 30
0.0
 11
87.0043752462
 21
69.1360413587
 31
0.0
  0
LINE
  5
45F
330
1F
100
AcDbEntity
  8
0
  6
Continuous
 62
     7
370
     0
100
AcDbLine
 10
85.0043752462
 20
62.137112954
 30
0.0
 11
87.0043752462
 21
62.137112954
 31
0.0
  0
LINE
  5
460
330
1F
100
AcDbEntity
  8
0
  6
Continuous
 62
     7
370
     0
100
AcDbLine
 10
85.0043752462
 20
62.7860413587
 30
0.0
 11
85.0043752462
 21
62.137112954
 31
0.0
  0
LINE
  5
461
330
1F
100
AcDbEntity
  8
0
  6
Continuous
 62
     7
370
     0
100
AcDbLine
 10
87.0043752462
 20
62.7860413587
 30
0.0
 11
87.0043752462
 21
62.137112954
 31
0.0
  0
LINE
  5
462
330
1F
100
AcDbEntity
  8
0
  6
Continuous
 62
     7
370
     0
100
AcDbLine
 10
87.0043752462
 20
69.7849697635
 30
0.0
 11
85.0043752462
 21
69.7849697635
 31
0.0
  0
LINE
  5
463
330
1F
100
AcDbEntity
  8
0
  6
Continuous
 62
     7
370
     0
100
AcDbLine
 10
85.0043752462
 20
69.7849697635
 30
0.0
 11
85.0043752462
 21
69.1360413587
 31
0.0
  0
LINE
  5
464
330
1F
100
AcDbEntity
  8
0
  6
Continuous
 62
     7
370
     0
100
AcDbLine
 10
87.0043752462
 20
69.7849697635
 30
0.0
 11
87.0043752462
 21
69.1360413587
 31
0.0
  0
LINE
  5
465
330
1F
100
AcDbEntity
  8
0
  6
Continuous
 62
     7
370
     0
100
AcDbLine
 10
87.0043752462
 20
62.0366757621
 30
0.0
 11
85.0043752462
 21
62.0366757621
 31
0.0
  0
LINE
  5
466
330
1F
100
AcDbEntity
  8
0
  6
Continuous
 62
     7
370
     0
100
AcDbLine
 10
87.0043752462
 20
62.137112954
 30
0.0
 11
87.0043752462
 21
62.0366757621
 31
0.0
  0
LINE
  5
467
330
1F
100
AcDbEntity
  8
0
  6
Continuous
 62
     7
370
     0
100
AcDbLine
 10
84.1153752462
 20
62.7352413587
 30
0.0
 11
85.0043752462
 21
62.7352413587
 31
0.0
  0
LINE
  5
468
330
1F
100
AcDbEntity
  8
0
  6
Continuous
 62
     7
370
     0
100
AcDbLine
 10
84.1153752462
 20
60.3730413587
 30
0.0
 11
85.0043752462
 21
60.3730413587
 31
0.0
  0
LINE
  5
469
330
1F
100
AcDbEntity
  8
0
  6
Continuous
 62
     7
370
     0
100
AcDbLine
 10
84.1153752462
 20
60.3730413587
 30
0.0
 11
84.1153752462
 21
62.7352413587
 31
0.0
  0
LINE
  5
46A
330
1F
100
AcDbEntity
  8
0
  6
Continuous
 62
     7
370
     0
100
AcDbLine
 10
85.0043752462
 20
60.3730413587
 30
0.0
 11
85.0043752462
 21
62.7352413587
 31
0.0
  0
LINE
  5
46B
330
1F
100
AcDbEntity
  8
0
  6
Continuous
 62
     7
370
     0
100
AcDbLine
 10
85.0043752462
 20
69.1868413587
 30
0.0
 11
84.1153752462
 21
69.1868413587
 31
0.0
  0
LINE
  5
46C
330
1F
100
AcDbEntity
  8
0
  6
Continuous
 62
     7
370
     0
100
AcDbLine
 10
84.1153752462
 20
69.1868413587
 30
0.0
 11
84.1153752462
 21
71.5490413587
 31
0.0
  0
LINE
  5
46D
330
1F
100
AcDbEntity
  8
0
  6
Continuous
 62
     7
370
     0
100
AcDbLine
 10
85.0043752462
 20
71.5490413587
 30
0.0
 11
84.1153752462
 21
71.5490413587
 31
0.0
  0
LINE
  5
46E
330
1F
100
AcDbEntity
  8
0
  6
Continuous
 62
     7
370
     0
100
AcDbLine
 10
85.0043752462
 20
69.1868413587
 30
0.0
 11
85.0043752462
 21
71.5490413587
 31
0.0
  0
LINE
  5
46F
330
1F
100
AcDbEntity
  8
0
  6
Continuous
 62
     7
370
     0
100
AcDbLine
 10
77.1303752462
 20
69.5170413587
 30
0.0
 11
75.8603752462
 21
69.5170413587
 31
0.0
  0
LINE
  5
470
330
1F
100
AcDbEntity
  8
0
  6
Continuous
 62
     7
370
     0
100
AcDbLine
 10
75.8603752462
 20
62.4050413587
 30
0.0
 11
77.1303752462
 21
62.4050413587
 31
0.0
  0
LINE
  5
471
330
1F
100
AcDbEntity
  8
0
  6
Continuous
 62
     7
370
     0
100
AcDbLine
 10
77.1303752462
 20
64.6910413587
 30
0.0
 11
75.8603752462
 21
64.6910413587
 31
0.0
  0
LINE
  5
472
330
1F
100
AcDbEntity
  8
0
  6
Continuous
 62
     7
370
     0
100
AcDbLine
 10
75.8603752462
 20
67.2310413587
 30
0.0
 11
77.1303752462
 21
67.2310413587
 31
0.0
  0
LINE
  5
473
330
1F
100
AcDbEntity
  8
0
  6
Continuous
 62
     7
370
     0
100
AcDbLine
 10
77.1303752462
 20
63.04639798
 30
0.0
 11
75.8603752462
 21
63.04639798
 31
0.0
  0
LINE
  5
474
330
1F
100
AcDbEntity
  8
0
  6
Continuous
 62
     7
370
     0
100
AcDbLine
 10
75.8603752462
 20
63.8360692112
 30
0.0
 11
77.1303752462
 21
63.8360692112
 31
0.0
  0
LINE
  5
475
330
1F
100
AcDbEntity
  8
0
  6
Continuous
 62
     7
370
     0
100
AcDbLine
 10
75.8603752462
 20
63.8360692112
 30
0.0
 11
75.8603752462
 21
64.6910413587
 31
0.0
  0
LINE
  5
476
330
1F
100
AcDbEntity
  8
0
  6
Continuous
 62
     7
370
     0
100
AcDbLine
 10
77.1303752462
 20
63.8360692112
 30
0.0
 11
77.1303752462
 21
64.6910413587
 31
0.0
  0
LINE
  5
477
330
1F
100
AcDbEntity
  8
0
  6
Continuous
 62
     7
370
     0
100
AcDbLine
 10
77.1303752462
 20
68.0860135063
 30
0.0
 11
75.8603752462
 21
68.0860135063
 31
0.0
  0
LINE
  5
478
330
1F
100
AcDbEntity
  8
0
  6
Continuous
 62
     7
370
     0
100
AcDbLine
 10
75.8603752462
 20
67.2310413587
 30
0.0
 11
75.8603752462
 21
68.0860135063
 31
0.0
  0
LINE
  5
479
330
1F
100
AcDbEntity
  8
0
  6
Continuous
 62
     7
370
     0
100
AcDbLine
 10
77.1303752462
 20
67.2310413587
 30
0.0
 11
77.1303752462
 21
68.0860135063
 31
0.0
  0
LINE
  5
47A
330
1F
100
AcDbEntity
  8
0
  6
Continuous
 62
     7
370
     0
100
AcDbLine
 10
75.8603752462
 20
68.8756847375
 30
0.0
 11
77.1303752462
 21
68.8756847375
 31
0.0
  0
LINE
  5
47B
330
1F
100
AcDbEntity
  8
0
  6
Continuous
 62
     7
370
     0
100
AcDbLine
 10
75.8603752462
 20
68.8756847375
 30
0.0
 11
75.8603752462
 21
69.5170413587
 31
0.0
  0
LINE
  5
47C
330
1F
100
AcDbEntity
  8
0
  6
Continuous
 62
     7
370
     0
100
AcDbLine
 10
77.1303752462
 20
68.8756847375
 30
0.0
 11
77.1303752462
 21
69.5170413587
 31
0.0
  0
LINE
  5
47D
330
1F
100
AcDbEntity
  8
0
  6
Continuous
 62
     7
370
     0
100
AcDbLine
 10
75.8603752462
 20
62.4050413587
 30
0.0
 11
75.8603752462
 21
63.04639798
 31
0.0
  0
LINE
  5
47E
330
1F
100
AcDbEntity
  8
0
  6
Continuous
 62
     7
370
     0
100
AcDbLine
 10
77.1303752462
 20
62.4050413587
 30
0.0
 11
77.1303752462
 21
63.04639798
 31
0.0
  0
LINE
  5
47F
330
1F
100
AcDbEntity
  8
0
  6
Continuous
 62
     7
370
     0
100
AcDbLine
 10
77.1303752462
 20
66.5960413587
 30
0.0
 11
78.7305752462
 21
66.5960413587
 31
0.0
  0
LINE
  5
480
330
1F
100
AcDbEntity
  8
0
  6
Continuous
 62
     7
370
     0
100
AcDbLine
 10
77.1303752462
 20
66.5960413587
 30
0.0
 11
77.1303752462
 21
68.9836413587
 31
0.0
  0
LINE
  5
481
330
1F
100
AcDbEntity
  8
0
  6
Continuous
 62
     7
370
     0
100
AcDbLine
 10
78.7305752462
 20
68.9836413587
 30
0.0
 11
77.1303752462
 21
68.9836413587
 31
0.0
  0
LINE
  5
482
330
1F
100
AcDbEntity
  8
0
  6
Continuous
 62
     7
370
     0
100
AcDbLine
 10
78.7305752462
 20
66.5960413587
 30
0.0
 11
78.7305752462
 21
68.9836413587
 31
0.0
  0
LINE
  5
483
330
1F
100
AcDbEntity
  8
0
  6
Continuous
 62
     7
370
     0
100
AcDbLine
 10
78.7305752462
 20
65.3260413587
 30
0.0
 11
77.1303752462
 21
65.3260413587
 31
0.0
  0
LINE
  5
484
330
1F
100
AcDbEntity
  8
0
  6
Continuous
 62
     7
370
     0
100
AcDbLine
 10
78.7305752462
 20
62.9384413587
 30
0.0
 11
78.7305752462
 21
65.3260413587
 31
0.0
  0
LINE
  5
485
330
1F
100
AcDbEntity
  8
0
  6
Continuous
 62
     7
370
     0
100
AcDbLine
 10
77.1303752462
 20
62.9384413587
 30
0.0
 11
77.1303752462
 21
65.3260413587
 31
0.0
  0
LINE
  5
486
330
1F
100
AcDbEntity
  8
0
  6
Continuous
 62
     7
370
     0
100
AcDbLine
 10
77.1303752462
 20
62.9384413587
 30
0.0
 11
78.7305752462
 21
62.9384413587
 31
0.0
  0
LINE
  5
487
330
1F
100
AcDbEntity
  8
0
  6
Continuous
 62
     7
370
     0
100
AcDbLine
 10
77.1303752462
 20
66.5960413587
 30
0.0
 11
77.1303752462
 21
66.5325413587
 31
0.0
  0
LINE
  5
488
330
1F
100
AcDbEntity
  8
0
  6
Continuous
 62
     7
370
     0
100
AcDbLine
 10
77.1303752462
 20
65.3895413587
 30
0.0
 11
77.1303752462
 21
65.3260413587
 31
0.0
  0
LINE
  5
489
330
1F
100
AcDbEntity
  8
0
  6
Continuous
 62
     7
370
     0
100
AcDbLine
 10
78.7305752462
 20
66.5960413587
 30
0.0
 11
78.7305752462
 21
66.5325413587
 31
0.0
  0
LINE
  5
48A
330
1F
100
AcDbEntity
  8
0
  6
Continuous
 62
     7
370
     0
100
AcDbLine
 10
78.7305752462
 20
65.3895413587
 30
0.0
 11
78.7305752462
 21
65.3260413587
 31
0.0
  0
LINE
  5
48B
330
1F
100
AcDbEntity
  8
0
  6
Continuous
 62
     7
370
     0
100
AcDbLine
 10
92.8545752462
 20
63.2110413587
 30
0.0
 11
92.6795752462
 21
63.0641989233
 31
0.0
  0
LINE
  5
48C
330
1F
100
AcDbEntity
  8
0
  6
Continuous
 62
     7
370
     0
100
AcDbLine
 10
92.8545752462
 20
68.6010413587
 30
0.0
 11
93.3845752462
 21
68.6010413587
 31
0.0
  0
ARC
  5
48D
330
1F
100
AcDbEntity
  8
0
  6
Continuous
 62
     7
370
     0
100
AcDbCircle
 10
93.3845752462
 20
68.5010413587
 30
0.0
 40
0.0999999999999659
100
AcDbArc
 50
359.9999999998
 51
90.0
  0
LINE
  5
48E
330
1F
100
AcDbEntity
  8
0
  6
Continuous
 62
     7
370
     0
100
AcDbLine
 10
93.4845752462
 20
68.5010413587
 30
0.0
 11
93.4845752462
 21
68.3590413587
 31
0.0
  0
ARC
  5
48F
330
1F
100
AcDbEntity
  8
0
  6
Continuous
 62
     7
370
     0
100
AcDbCircle
 10
93.3845752462
 20
68.3590413587
 30
0.0
 40
0.100000000000307
100
AcDbArc
 50
270.0
 51
359.9999999999
  0
LINE
  5
490
330
1F
100
AcDbEntity
  8
0
  6
Continuous
 62
     7
370
     0
100
AcDbLine
 10
91.6045752462
 20
68.2590413587
 30
0.0
 11
93.3845752462
 21
68.2590413587
 31
0.0
  0
LINE
  5
491
330
1F
100
AcDbEntity
  8
0
  6
Continuous
 62
     7
370
     0
100
AcDbLine
 10
91.6045752462
 20
68.2590413587
 30
0.0
 11
91.6045752462
 21
66.4610413587
 31
0.0
  0
LINE
  5
492
330
1F
100
AcDbEntity
  8
0
  6
Continuous
 62
     7
370
     0
100
AcDbLine
 10
80.7845752462
 20
66.4610413587
 30
0.0
 11
91.6045752462
 21
66.4610413587
 31
0.0
  0
LINE
  5
493
330
1F
100
AcDbEntity
  8
0
  6
Continuous
 62
     7
370
     0
100
AcDbLine
 10
80.7845752462
 20
65.4610413587
 30
0.0
 11
80.7845752462
 21
66.4610413587
 31
0.0
  0
LINE
  5
494
330
1F
100
AcDbEntity
  8
0
  6
Continuous
 62
     7
370
     0
100
AcDbLine
 10
91.6045752462
 20
65.4610413587
 30
0.0
 11
80.7845752462
 21
65.4610413587
 31
0.0
  0
LINE
  5
495
330
1F
100
AcDbEntity
  8
0
  6
Continuous
 62
     7
370
     0
100
AcDbLine
 10
91.6045752462
 20
65.4610413587
 30
0.0
 11
91.6045752462
 21
63.6630413587
 31
0.0
  0
LINE
  5
496
330
1F
100
AcDbEntity
  8
0
  6
Continuous
 62
     7
370
     0
100
AcDbLine
 10
93.3845752462
 20
63.6630413587
 30
0.0
 11
91.6045752462
 21
63.6630413587
 31
0.0
  0
ARC
  5
497
330
1F
100
AcDbEntity
  8
0
  6
Continuous
 62
     7
370
     0
100
AcDbCircle
 10
93.3845752462
 20
63.5630413587
 30
0.0
 40
0.1000000000000014
100
AcDbArc
 50
0.0
 51
90.0
  0
LINE
  5
498
330
1F
100
AcDbEntity
  8
0
  6
Continuous
 62
     7
370
     0
100
AcDbLine
 10
93.4845752462
 20
63.5630413587
 30
0.0
 11
93.4845752462
 21
63.4210413587
 31
0.0
  0
ARC
  5
499
330
1F
100
AcDbEntity
  8
0
  6
Continuous
 62
     7
370
     0
100
AcDbCircle
 10
93.3845752462
 20
63.4210413587
 30
0.0
 40
0.0999999999999801
100
AcDbArc
 50
270.0
 51
0.0000000001
  0
LINE
  5
49A
330
1F
100
AcDbEntity
  8
0
  6
Continuous
 62
     7
370
     0
100
AcDbLine
 10
93.3845752462
 20
63.3210413587
 30
0.0
 11
92.8545752462
 21
63.3210413587
 31
0.0
  0
LINE
  5
49B
330
1F
100
AcDbEntity
  8
0
  6
Continuous
 62
     7
370
     0
100
AcDbLine
 10
92.8545752462
 20
63.3210413587
 30
0.0
 11
92.8545752462
 21
63.2110413587
 31
0.0
  0
LINE
  5
49C
330
1F
100
AcDbEntity
  8
0
  6
Continuous
 62
     7
370
     0
100
AcDbLine
 10
92.5045752462
 20
63.2110413587
 30
0.0
 11
92.6795752462
 21
63.0641989233
 31
0.0
  0
LINE
  5
49D
330
1F
100
AcDbEntity
  8
0
  6
Continuous
 62
     7
370
     0
100
AcDbLine
 10
92.1545752462
 20
62.9173564878
 30
0.0
 11
92.5045752462
 21
63.2110413587
 31
0.0
  0
LINE
  5
49E
330
1F
100
AcDbEntity
  8
0
  6
Continuous
 62
     7
370
     0
100
AcDbLine
 10
91.8045752462
 20
63.2110413587
 30
0.0
 11
92.1545752462
 21
62.9173564878
 31
0.0
  0
LINE
  5
49F
330
1F
100
AcDbEntity
  8
0
  6
Continuous
 62
     7
370
     0
100
AcDbLine
 10
91.4545752462
 20
62.9173564878
 30
0.0
 11
91.8045752462
 21
63.2110413587
 31
0.0
  0
LINE
  5
4A0
330
1F
100
AcDbEntity
  8
0
  6
Continuous
 62
     7
370
     0
100
AcDbLine
 10
91.1045752462
 20
63.2110413587
 30
0.0
 11
91.4545752462
 21
62.9173564878
 31
0.0
  0
LINE
  5
4A1
330
1F
100
AcDbEntity
  8
0
  6
Continuous
 62
     7
370
     0
100
AcDbLine
 10
90.7545752462
 20
62.9173564878
 30
0.0
 11
91.1045752462
 21
63.2110413587
 31
0.0
  0
LINE
  5
4A2
330
1F
100
AcDbEntity
  8
0
  6
Continuous
 62
     7
370
     0
100
AcDbLine
 10
90.4045752462
 20
63.2110413587
 30
0.0
 11
90.7545752462
 21
62.9173564878
 31
0.0
  0
LINE
  5
4A3
330
1F
100
AcDbEntity
  8
0
  6
Continuous
 62
     7
370
     0
100
AcDbLine
 10
90.0545752462
 20
62.9173564878
 30
0.0
 11
90.4045752462
 21
63.2110413587
 31
0.0
  0
LINE
  5
4A4
330
1F
100
AcDbEntity
  8
0
  6
Continuous
 62
     7
370
     0
100
AcDbLine
 10
89.7045752462
 20
63.2110413587
 30
0.0
 11
90.0545752462
 21
62.9173564878
 31
0.0
  0
LINE
  5
4A5
330
1F
100
AcDbEntity
  8
0
  6
Continuous
 62
     7
370
     0
100
AcDbLine
 10
89.3545752462
 20
62.9173564878
 30
0.0
 11
89.7045752462
 21
63.2110413587
 31
0.0
  0
LINE
  5
4A6
330
1F
100
AcDbEntity
  8
0
  6
Continuous
 62
     7
370
     0
100
AcDbLine
 10
89.0045752462
 20
63.2110413587
 30
0.0
 11
89.3545752462
 21
62.9173564878
 31
0.0
  0
LINE
  5
4A7
330
1F
100
AcDbEntity
  8
0
  6
Continuous
 62
     7
370
     0
100
AcDbLine
 10
88.6545752462
 20
62.9173564878
 30
0.0
 11
89.0045752462
 21
63.2110413587
 31
0.0
  0
LINE
  5
4A8
330
1F
100
AcDbEntity
  8
0
  6
Continuous
 62
     7
370
     0
100
AcDbLine
 10
88.3045752462
 20
63.2110413587
 30
0.0
 11
88.6545752462
 21
62.9173564878
 31
0.0
  0
LINE
  5
4A9
330
1F
100
AcDbEntity
  8
0
  6
Continuous
 62
     7
370
     0
100
AcDbLine
 10
87.9545752462
 20
62.9173564878
 30
0.0
 11
88.3045752462
 21
63.2110413587
 31
0.0
  0
LINE
  5
4AA
330
1F
100
AcDbEntity
  8
0
  6
Continuous
 62
     7
370
     0
100
AcDbLine
 10
87.6045752462
 20
63.2110413587
 30
0.0
 11
87.9545752462
 21
62.9173564878
 31
0.0
  0
LINE
  5
4AB
330
1F
100
AcDbEntity
  8
0
  6
Continuous
 62
     7
370
     0
100
AcDbLine
 10
87.2545752462
 20
62.9173564878
 30
0.0
 11
87.6045752462
 21
63.2110413587
 31
0.0
  0
LINE
  5
4AC
330
1F
100
AcDbEntity
  8
0
  6
Continuous
 62
     7
370
     0
100
AcDbLine
 10
86.9045752462
 20
63.2110413587
 30
0.0
 11
87.2545752462
 21
62.9173564878
 31
0.0
  0
LINE
  5
4AD
330
1F
100
AcDbEntity
  8
0
  6
Continuous
 62
     7
370
     0
100
AcDbLine
 10
86.5545752462
 20
62.9173564878
 30
0.0
 11
86.9045752462
 21
63.2110413587
 31
0.0
  0
LINE
  5
4AE
330
1F
100
AcDbEntity
  8
0
  6
Continuous
 62
     7
370
     0
100
AcDbLine
 10
86.2045752462
 20
63.2110413587
 30
0.0
 11
86.5545752462
 21
62.9173564878
 31
0.0
  0
LINE
  5
4AF
330
1F
100
AcDbEntity
  8
0
  6
Continuous
 62
     7
370
     0
100
AcDbLine
 10
85.8545752462
 20
62.9173564878
 30
0.0
 11
86.2045752462
 21
63.2110413587
 31
0.0
  0
LINE
  5
4B0
330
1F
100
AcDbEntity
  8
0
  6
Continuous
 62
     7
370
     0
100
AcDbLine
 10
85.5045752462
 20
63.2110413587
 30
0.0
 11
85.8545752462
 21
62.9173564878
 31
0.0
  0
LINE
  5
4B1
330
1F
100
AcDbEntity
  8
0
  6
Continuous
 62
     7
370
     0
100
AcDbLine
 10
85.1545752462
 20
62.9173564878
 30
0.0
 11
85.5045752462
 21
63.2110413587
 31
0.0
  0
LINE
  5
4B2
330
1F
100
AcDbEntity
  8
0
  6
Continuous
 62
     7
370
     0
100
AcDbLine
 10
84.8045752462
 20
63.2110413587
 30
0.0
 11
85.1545752462
 21
62.9173564878
 31
0.0
  0
LINE
  5
4B3
330
1F
100
AcDbEntity
  8
0
  6
Continuous
 62
     7
370
     0
100
AcDbLine
 10
84.4545752462
 20
62.9173564878
 30
0.0
 11
84.8045752462
 21
63.2110413587
 31
0.0
  0
LINE
  5
4B4
330
1F
100
AcDbEntity
  8
0
  6
Continuous
 62
     7
370
     0
100
AcDbLine
 10
84.1045752462
 20
63.2110413587
 30
0.0
 11
84.4545752462
 21
62.9173564878
 31
0.0
  0
LINE
  5
4B5
330
1F
100
AcDbEntity
  8
0
  6
Continuous
 62
     7
370
     0
100
AcDbLine
 10
83.7545752462
 20
62.9173564878
 30
0.0
 11
84.1045752462
 21
63.2110413587
 31
0.0
  0
LINE
  5
4B6
330
1F
100
AcDbEntity
  8
0
  6
Continuous
 62
     7
370
     0
100
AcDbLine
 10
83.4045752462
 20
63.2110413587
 30
0.0
 11
83.7545752462
 21
62.9173564878
 31
0.0
  0
LINE
  5
4B7
330
1F
100
AcDbEntity
  8
0
  6
Continuous
 62
     7
370
     0
100
AcDbLine
 10
83.0545752462
 20
62.9173564878
 30
0.0
 11
83.4045752462
 21
63.2110413587
 31
0.0
  0
LINE
  5
4B8
330
1F
100
AcDbEntity
  8
0
  6
Continuous
 62
     7
370
     0
100
AcDbLine
 10
82.7045752462
 20
63.2110413587
 30
0.0
 11
83.0545752462
 21
62.9173564878
 31
0.0
  0
LINE
  5
4B9
330
1F
100
AcDbEntity
  8
0
  6
Continuous
 62
     7
370
     0
100
AcDbLine
 10
82.3545752462
 20
62.9173564878
 30
0.0
 11
82.7045752462
 21
63.2110413587
 31
0.0
  0
LINE
  5
4BA
330
1F
100
AcDbEntity
  8
0
  6
Continuous
 62
     7
370
     0
100
AcDbLine
 10
82.0045752462
 20
63.2110413587
 30
0.0
 11
82.3545752462
 21
62.9173564878
 31
0.0
  0
LINE
  5
4BB
330
1F
100
AcDbEntity
  8
0
  6
Continuous
 62
     7
370
     0
100
AcDbLine
 10
81.6545752462
 20
62.9173564878
 30
0.0
 11
82.0045752462
 21
63.2110413587
 31
0.0
  0
LINE
  5
4BC
330
1F
100
AcDbEntity
  8
0
  6
Continuous
 62
     7
370
     0
100
AcDbLine
 10
81.3045752462
 20
63.2110413587
 30
0.0
 11
81.6545752462
 21
62.9173564878
 31
0.0
  0
LINE
  5
4BD
330
1F
100
AcDbEntity
  8
0
  6
Continuous
 62
     7
370
     0
100
AcDbLine
 10
80.9545752462
 20
62.9173564878
 30
0.0
 11
81.3045752462
 21
63.2110413587
 31
0.0
  0
LINE
  5
4BE
330
1F
100
AcDbEntity
  8
0
  6
Continuous
 62
     7
370
     0
100
AcDbLine
 10
80.7845752462
 20
63.0600034251
 30
0.0
 11
80.9545752462
 21
62.9173564878
 31
0.0
  0
LINE
  5
4BF
330
1F
100
AcDbEntity
  8
0
  6
Continuous
 62
     7
370
     0
100
AcDbLine
 10
79.4845752462
 20
63.6630413587
 30
0.0
 11
80.7845752462
 21
63.6630413587
 31
0.0
  0
ARC
  5
4C0
330
1F
100
AcDbEntity
  8
0
  6
Continuous
 62
     7
370
     0
100
AcDbCircle
 10
79.4845752462
 20
64.1630413587
 30
0.0
 40
0.5
100
AcDbArc
 50
180.0
 51
270.0
  0
LINE
  5
4C1
330
1F
100
AcDbEntity
  8
0
  6
Continuous
 62
     7
370
     0
100
AcDbLine
 10
78.9845752462
 20
64.1630413587
 30
0.0
 11
78.9845752462
 21
65.3895413587
 31
0.0
  0
LINE
  5
4C2
330
1F
100
AcDbEntity
  8
0
  6
Continuous
 62
     7
370
     0
100
AcDbLine
 10
76.4845752462
 20
65.3895413587
 30
0.0
 11
78.9845752462
 21
65.3895413587
 31
0.0
  0
LINE
  5
4C3
330
1F
100
AcDbEntity
  8
0
  6
Continuous
 62
     7
370
     0
100
AcDbLine
 10
76.4845752462
 20
65.3895413587
 30
0.0
 11
76.4845752462
 21
66.5325413587
 31
0.0
  0
LINE
  5
4C4
330
1F
100
AcDbEntity
  8
0
  6
Continuous
 62
     7
370
     0
100
AcDbLine
 10
78.9845752462
 20
66.5325413587
 30
0.0
 11
76.4845752462
 21
66.5325413587
 31
0.0
  0
LINE
  5
4C5
330
1F
100
AcDbEntity
  8
0
  6
Continuous
 62
     7
370
     0
100
AcDbLine
 10
78.9845752462
 20
66.5325413587
 30
0.0
 11
78.9845752462
 21
67.7590413587
 31
0.0
  0
ARC
  5
4C6
330
1F
100
AcDbEntity
  8
0
  6
Continuous
 62
     7
370
     0
100
AcDbCircle
 10
79.4845752462
 20
67.7590413587
 30
0.0
 40
0.5
100
AcDbArc
 50
90.0
 51
180.0
  0
LINE
  5
4C7
330
1F
100
AcDbEntity
  8
0
  6
Continuous
 62
     7
370
     0
100
AcDbLine
 10
80.7845752462
 20
68.2590413587
 30
0.0
 11
79.4845752462
 21
68.2590413587
 31
0.0
  0
LINE
  5
4C8
330
1F
100
AcDbEntity
  8
0
  6
Continuous
 62
     7
370
     0
100
AcDbLine
 10
80.9545752462
 20
68.7110413587
 30
0.0
 11
80.7845752462
 21
68.853688296
 31
0.0
  0
LINE
  5
4C9
330
1F
100
AcDbEntity
  8
0
  6
Continuous
 62
     7
370
     0
100
AcDbLine
 10
81.3045752462
 20
69.0047262297
 30
0.0
 11
80.9545752462
 21
68.7110413587
 31
0.0
  0
LINE
  5
4CA
330
1F
100
AcDbEntity
  8
0
  6
Continuous
 62
     7
370
     0
100
AcDbLine
 10
81.6545752462
 20
68.7110413587
 30
0.0
 11
81.3045752462
 21
69.0047262297
 31
0.0
  0
LINE
  5
4CB
330
1F
100
AcDbEntity
  8
0
  6
Continuous
 62
     7
370
     0
100
AcDbLine
 10
82.0045752462
 20
69.0047262297
 30
0.0
 11
81.6545752462
 21
68.7110413587
 31
0.0
  0
LINE
  5
4CC
330
1F
100
AcDbEntity
  8
0
  6
Continuous
 62
     7
370
     0
100
AcDbLine
 10
82.3545752462
 20
68.7110413587
 30
0.0
 11
82.0045752462
 21
69.0047262297
 31
0.0
  0
LINE
  5
4CD
330
1F
100
AcDbEntity
  8
0
  6
Continuous
 62
     7
370
     0
100
AcDbLine
 10
82.7045752462
 20
69.0047262297
 30
0.0
 11
82.3545752462
 21
68.7110413587
 31
0.0
  0
LINE
  5
4CE
330
1F
100
AcDbEntity
  8
0
  6
Continuous
 62
     7
370
     0
100
AcDbLine
 10
83.0545752462
 20
68.7110413587
 30
0.0
 11
82.7045752462
 21
69.0047262297
 31
0.0
  0
LINE
  5
4CF
330
1F
100
AcDbEntity
  8
0
  6
Continuous
 62
     7
370
     0
100
AcDbLine
 10
83.4045752462
 20
69.0047262297
 30
0.0
 11
83.0545752462
 21
68.7110413587
 31
0.0
  0
LINE
  5
4D0
330
1F
100
AcDbEntity
  8
0
  6
Continuous
 62
     7
370
     0
100
AcDbLine
 10
83.7545752462
 20
68.7110413587
 30
0.0
 11
83.4045752462
 21
69.0047262297
 31
0.0
  0
LINE
  5
4D1
330
1F
100
AcDbEntity
  8
0
  6
Continuous
 62
     7
370
     0
100
AcDbLine
 10
84.1045752462
 20
69.0047262297
 30
0.0
 11
83.7545752462
 21
68.7110413587
 31
0.0
  0
LINE
  5
4D2
330
1F
100
AcDbEntity
  8
0
  6
Continuous
 62
     7
370
     0
100
AcDbLine
 10
84.4545752462
 20
68.7110413587
 30
0.0
 11
84.1045752462
 21
69.0047262297
 31
0.0
  0
LINE
  5
4D3
330
1F
100
AcDbEntity
  8
0
  6
Continuous
 62
     7
370
     0
100
AcDbLine
 10
84.8045752462
 20
69.0047262297
 30
0.0
 11
84.4545752462
 21
68.7110413587
 31
0.0
  0
LINE
  5
4D4
330
1F
100
AcDbEntity
  8
0
  6
Continuous
 62
     7
370
     0
100
AcDbLine
 10
85.1545752462
 20
68.7110413587
 30
0.0
 11
84.8045752462
 21
69.0047262297
 31
0.0
  0
LINE
  5
4D5
330
1F
100
AcDbEntity
  8
0
  6
Continuous
 62
     7
370
     0
100
AcDbLine
 10
85.5045752462
 20
69.0047262297
 30
0.0
 11
85.1545752462
 21
68.7110413587
 31
0.0
  0
LINE
  5
4D6
330
1F
100
AcDbEntity
  8
0
  6
Continuous
 62
     7
370
     0
100
AcDbLine
 10
85.8545752462
 20
68.7110413587
 30
0.0
 11
85.5045752462
 21
69.0047262297
 31
0.0
  0
LINE
  5
4D7
330
1F
100
AcDbEntity
  8
0
  6
Continuous
 62
     7
370
     0
100
AcDbLine
 10
86.2045752462
 20
69.0047262297
 30
0.0
 11
85.8545752462
 21
68.7110413587
 31
0.0
  0
LINE
  5
4D8
330
1F
100
AcDbEntity
  8
0
  6
Continuous
 62
     7
370
     0
100
AcDbLine
 10
86.5545752462
 20
68.7110413587
 30
0.0
 11
86.2045752462
 21
69.0047262297
 31
0.0
  0
LINE
  5
4D9
330
1F
100
AcDbEntity
  8
0
  6
Continuous
 62
     7
370
     0
100
AcDbLine
 10
86.9045752462
 20
69.0047262297
 30
0.0
 11
86.5545752462
 21
68.7110413587
 31
0.0
  0
LINE
  5
4DA
330
1F
100
AcDbEntity
  8
0
  6
Continuous
 62
     7
370
     0
100
AcDbLine
 10
87.2545752462
 20
68.7110413587
 30
0.0
 11
86.9045752462
 21
69.0047262297
 31
0.0
  0
LINE
  5
4DB
330
1F
100
AcDbEntity
  8
0
  6
Continuous
 62
     7
370
     0
100
AcDbLine
 10
87.6045752462
 20
69.0047262297
 30
0.0
 11
87.2545752462
 21
68.7110413587
 31
0.0
  0
LINE
  5
4DC
330
1F
100
AcDbEntity
  8
0
  6
Continuous
 62
     7
370
     0
100
AcDbLine
 10
87.9545752462
 20
68.7110413587
 30
0.0
 11
87.6045752462
 21
69.0047262297
 31
0.0
  0
LINE
  5
4DD
330
1F
100
AcDbEntity
  8
0
  6
Continuous
 62
     7
370
     0
100
AcDbLine
 10
88.3045752462
 20
69.0047262297
 30
0.0
 11
87.9545752462
 21
68.7110413587
 31
0.0
  0
LINE
  5
4DE
330
1F
100
AcDbEntity
  8
0
  6
Continuous
 62
     7
370
     0
100
AcDbLine
 10
88.6545752462
 20
68.7110413587
 30
0.0
 11
88.3045752462
 21
69.0047262297
 31
0.0
  0
LINE
  5
4DF
330
1F
100
AcDbEntity
  8
0
  6
Continuous
 62
     7
370
     0
100
AcDbLine
 10
89.0045752462
 20
69.0047262297
 30
0.0
 11
88.6545752462
 21
68.7110413587
 31
0.0
  0
LINE
  5
4E0
330
1F
100
AcDbEntity
  8
0
  6
Continuous
 62
     7
370
     0
100
AcDbLine
 10
89.3545752462
 20
68.7110413587
 30
0.0
 11
89.0045752462
 21
69.0047262297
 31
0.0
  0
LINE
  5
4E1
330
1F
100
AcDbEntity
  8
0
  6
Continuous
 62
     7
370
     0
100
AcDbLine
 10
89.7045752462
 20
69.0047262297
 30
0.0
 11
89.3545752462
 21
68.7110413587
 31
0.0
  0
LINE
  5
4E2
330
1F
100
AcDbEntity
  8
0
  6
Continuous
 62
     7
370
     0
100
AcDbLine
 10
90.0545752462
 20
68.7110413587
 30
0.0
 11
89.7045752462
 21
69.0047262297
 31
0.0
  0
LINE
  5
4E3
330
1F
100
AcDbEntity
  8
0
  6
Continuous
 62
     7
370
     0
100
AcDbLine
 10
90.4045752462
 20
69.0047262297
 30
0.0
 11
90.0545752462
 21
68.7110413587
 31
0.0
  0
LINE
  5
4E4
330
1F
100
AcDbEntity
  8
0
  6
Continuous
 62
     7
370
     0
100
AcDbLine
 10
90.7545752462
 20
68.7110413587
 30
0.0
 11
90.4045752462
 21
69.0047262297
 31
0.0
  0
LINE
  5
4E5
330
1F
100
AcDbEntity
  8
0
  6
Continuous
 62
     7
370
     0
100
AcDbLine
 10
91.1045752462
 20
69.0047262297
 30
0.0
 11
90.7545752462
 21
68.7110413587
 31
0.0
  0
LINE
  5
4E6
330
1F
100
AcDbEntity
  8
0
  6
Continuous
 62
     7
370
     0
100
AcDbLine
 10
91.4545752462
 20
68.7110413587
 30
0.0
 11
91.1045752462
 21
69.0047262297
 31
0.0
  0
LINE
  5
4E7
330
1F
100
AcDbEntity
  8
0
  6
Continuous
 62
     7
370
     0
100
AcDbLine
 10
91.8045752462
 20
69.0047262297
 30
0.0
 11
91.4545752462
 21
68.7110413587
 31
0.0
  0
LINE
  5
4E8
330
1F
100
AcDbEntity
  8
0
  6
Continuous
 62
     7
370
     0
100
AcDbLine
 10
92.1545752462
 20
68.7110413587
 30
0.0
 11
91.8045752462
 21
69.0047262297
 31
0.0
  0
LINE
  5
4E9
330
1F
100
AcDbEntity
  8
0
  6
Continuous
 62
     7
370
     0
100
AcDbLine
 10
92.5045752462
 20
69.0047262297
 30
0.0
 11
92.1545752462
 21
68.7110413587
 31
0.0
  0
LINE
  5
4EA
330
1F
100
AcDbEntity
  8
0
  6
Continuous
 62
     7
370
     0
100
AcDbLine
 10
92.5045752462
 20
69.0047262297
 30
0.0
 11
92.8545752462
 21
68.7110413587
 31
0.0
  0
LINE
  5
4EB
330
1F
100
AcDbEntity
  8
0
  6
Continuous
 62
     7
370
     0
100
AcDbLine
 10
92.8545752462
 20
68.7110413587
 30
0.0
 11
92.8545752462
 21
68.6010413587
 31
0.0
  0
LINE
  5
4EC
330
1F
100
AcDbEntity
  8
0
  6
Continuous
 62
     7
370
     0
100
AcDbLine
 10
80.7845752462
 20
63.6630413587
 30
0.0
 11
80.7845752462
 21
63.0600034251
 31
0.0
  0
LINE
  5
4ED
330
1F
100
AcDbEntity
  8
0
  6
Continuous
 62
     7
370
     0
100
AcDbLine
 10
80.7845752462
 20
68.853688296
 30
0.0
 11
80.7845752462
 21
68.2590413587
 31
0.0
  0
LINE
  5
4EE
330
1F
100
AcDbEntity
  8
0
  6
Continuous
 62
     7
370
     0
100
AcDbLine
 10
93.3845752462
 20
63.6630413587
 30
0.0
 11
93.3845752462
 21
68.2590413587
 31
0.0
  0
LINE
  5
4EF
330
1F
100
AcDbEntity
  8
0
  6
Continuous
 62
     7
370
     0
100
AcDbLine
 10
93.4845752462
 20
68.3590413587
 30
0.0
 11
93.4845752462
 21
63.5630413587
 31
0.0
  0
LINE
  5
4F0
330
1F
100
AcDbEntity
  8
0
  6
Continuous
 62
     7
370
     0
100
AcDbLine
 10
91.6045752462
 20
65.4610413587
 30
0.0
 11
91.6045752462
 21
66.4610413587
 31
0.0
  0
LWPOLYLINE
  5
4F1
330
1F
100
AcDbEntity
  8
0
  6
Continuous
 62
     7
370
     0
100
AcDbPolyline
 90
        3
 70
   128
 43
0.0
 10
92.5045752462
 20
69.0047262297
 10
92.4947418579
 20
68.9910390703
 10
92.493477418
 20
68.9859654101
  0
LINE
  5
4F2
330
1F
100
AcDbEntity
  8
0
  6
Continuous
 62
     7
370
     0
100
AcDbLine
 10
92.1574383998
 20
62.9213417305
 30
0.0
 11
92.1545752462
 21
62.9173564878
 31
0.0
  0
LWPOLYLINE
  5
4F3
330
1F
100
AcDbEntity
  8
0
  6
Continuous
 62
     7
370
     0
100
AcDbPolyline
 90
        3
 70
   128
 43
0.0
 10
91.8045752462
 20
69.0047262297
 10
91.7947418579
 20
68.9910390703
 10
91.793477418
 20
68.9859654102
  0
LINE
  5
4F4
330
1F
100
AcDbEntity
  8
0
  6
Continuous
 62
     7
370
     0
100
AcDbLine
 10
91.4574383998
 20
62.9213417305
 30
0.0
 11
91.4545752462
 21
62.9173564878
 31
0.0
  0
LWPOLYLINE
  5
4F5
330
1F
100
AcDbEntity
  8
0
  6
Continuous
 62
     7
370
     0
100
AcDbPolyline
 90
        3
 70
   128
 43
0.0
 10
91.1045752462
 20
69.0047262297
 10
91.0947418579
 20
68.9910390703
 10
91.093477418
 20
68.9859654102
  0
LINE
  5
4F6
330
1F
100
AcDbEntity
  8
0
  6
Continuous
 62
     7
370
     0
100
AcDbLine
 10
90.7574383998
 20
62.9213417305
 30
0.0
 11
90.7545752462
 21
62.9173564878
 31
0.0
  0
LWPOLYLINE
  5
4F7
330
1F
100
AcDbEntity
  8
0
  6
Continuous
 62
     7
370
     0
100
AcDbPolyline
 90
        3
 70
   128
 43
0.0
 10
90.4045752462
 20
69.0047262297
 10
90.3947418579
 20
68.9910390703
 10
90.393477418
 20
68.9859654102
  0
LINE
  5
4F8
330
1F
100
AcDbEntity
  8
0
  6
Continuous
 62
     7
370
     0
100
AcDbLine
 10
90.0574383998
 20
62.9213417305
 30
0.0
 11
90.0545752462
 21
62.9173564878
 31
0.0
  0
LWPOLYLINE
  5
4F9
330
1F
100
AcDbEntity
  8
0
  6
Continuous
 62
     7
370
     0
100
AcDbPolyline
 90
        3
 70
   128
 43
0.0
 10
89.7045752462
 20
69.0047262297
 10
89.6947418579
 20
68.9910390703
 10
89.693477418
 20
68.9859654102
  0
LINE
  5
4FA
330
1F
100
AcDbEntity
  8
0
  6
Continuous
 62
     7
370
     0
100
AcDbLine
 10
89.3574383998
 20
62.9213417305
 30
0.0
 11
89.3545752462
 21
62.9173564878
 31
0.0
  0
LWPOLYLINE
  5
4FB
330
1F
100
AcDbEntity
  8
0
  6
Continuous
 62
     7
370
     0
100
AcDbPolyline
 90
        3
 70
   128
 43
0.0
 10
89.0045752462
 20
69.0047262297
 10
88.9947418579
 20
68.9910390703
 10
88.993477418
 20
68.9859654102
  0
LINE
  5
4FC
330
1F
100
AcDbEntity
  8
0
  6
Continuous
 62
     7
370
     0
100
AcDbLine
 10
88.6574383998
 20
62.9213417305
 30
0.0
 11
88.6545752462
 21
62.9173564878
 31
0.0
  0
LWPOLYLINE
  5
4FD
330
1F
100
AcDbEntity
  8
0
  6
Continuous
 62
     7
370
     0
100
AcDbPolyline
 90
        3
 70
   128
 43
0.0
 10
88.3045752462
 20
69.0047262297
 10
88.2947418579
 20
68.9910390703
 10
88.293477418
 20
68.9859654102
  0
LINE
  5
4FE
330
1F
100
AcDbEntity
  8
0
  6
Continuous
 62
     7
370
     0
100
AcDbLine
 10
87.9574383998
 20
62.9213417305
 30
0.0
 11
87.9545752462
 21
62.9173564878
 31
0.0
  0
LWPOLYLINE
  5
4FF
330
1F
100
AcDbEntity
  8
0
  6
Continuous
 62
     7
370
     0
100
AcDbPolyline
 90
        3
 70
   128
 43
0.0
 10
87.6045752462
 20
69.0047262297
 10
87.5947418579
 20
68.9910390703
 10
87.593477418
 20
68.9859654102
  0
LINE
  5
500
330
1F
100
AcDbEntity
  8
0
  6
Continuous
 62
     7
370
     0
100
AcDbLine
 10
87.2574383998
 20
62.9213417305
 30
0.0
 11
87.2545752462
 21
62.9173564878
 31
0.0
  0
LWPOLYLINE
  5
501
330
1F
100
AcDbEntity
  8
0
  6
Continuous
 62
     7
370
     0
100
AcDbPolyline
 90
        3
 70
   128
 43
0.0
 10
86.9045752462
 20
69.0047262297
 10
86.8947418579
 20
68.9910390703
 10
86.893477418
 20
68.9859654102
  0
LINE
  5
502
330
1F
100
AcDbEntity
  8
0
  6
Continuous
 62
     7
370
     0
100
AcDbLine
 10
86.5574383998
 20
62.9213417305
 30
0.0
 11
86.5545752462
 21
62.9173564878
 31
0.0
  0
LWPOLYLINE
  5
503
330
1F
100
AcDbEntity
  8
0
  6
Continuous
 62
     7
370
     0
100
AcDbPolyline
 90
        3
 70
   128
 43
0.0
 10
86.2045752462
 20
69.0047262297
 10
86.1947418579
 20
68.9910390703
 10
86.193477418
 20
68.9859654102
  0
LINE
  5
504
330
1F
100
AcDbEntity
  8
0
  6
Continuous
 62
     7
370
     0
100
AcDbLine
 10
85.8574383998
 20
62.9213417305
 30
0.0
 11
85.8545752462
 21
62.9173564878
 31
0.0
  0
LWPOLYLINE
  5
505
330
1F
100
AcDbEntity
  8
0
  6
Continuous
 62
     7
370
     0
100
AcDbPolyline
 90
        3
 70
   128
 43
0.0
 10
85.5045752462
 20
69.0047262297
 10
85.4947418579
 20
68.9910390703
 10
85.493477418
 20
68.9859654102
  0
LINE
  5
506
330
1F
100
AcDbEntity
  8
0
  6
Continuous
 62
     7
370
     0
100
AcDbLine
 10
85.1574383998
 20
62.9213417305
 30
0.0
 11
85.1545752462
 21
62.9173564878
 31
0.0
  0
LWPOLYLINE
  5
507
330
1F
100
AcDbEntity
  8
0
  6
Continuous
 62
     7
370
     0
100
AcDbPolyline
 90
        3
 70
   128
 43
0.0
 10
84.8045752462
 20
69.0047262297
 10
84.7947418579
 20
68.9910390703
 10
84.793477418
 20
68.9859654102
  0
LINE
  5
508
330
1F
100
AcDbEntity
  8
0
  6
Continuous
 62
     7
370
     0
100
AcDbLine
 10
84.4574383998
 20
62.9213417305
 30
0.0
 11
84.4545752462
 21
62.9173564878
 31
0.0
  0
LINE
  5
509
330
1F
100
AcDbEntity
  8
0
  6
Continuous
 62
     7
370
     0
100
AcDbLine
 10
81.6574383998
 20
62.9213417305
 30
0.0
 11
81.6545752462
 21
62.9173564878
 31
0.0
  0
LWPOLYLINE
  5
50A
330
1F
100
AcDbEntity
  8
0
  6
Continuous
 62
     7
370
     0
100
AcDbPolyline
 90
        3
 70
   128
 43
0.0
 10
81.3045752462
 20
69.0047262297
 10
81.2947418579
 20
68.9910390703
 10
81.293477418
 20
68.9859654102
  0
LINE
  5
50B
330
1F
100
AcDbEntity
  8
0
  6
Continuous
 62
     7
370
     0
100
AcDbLine
 10
80.9574383998
 20
62.9213417305
 30
0.0
 11
80.9545752462
 21
62.9173564878
 31
0.0
  0
LINE
  5
50C
330
1F
100
AcDbEntity
  8
0
  6
Continuous
 62
     7
370
     0
100
AcDbLine
 10
74.3628608569
 20
59.1665413587
 30
0.0
 11
74.6194930516
 21
59.6110413587
 31
0.0
  0
LINE
  5
50D
330
1F
100
AcDbEntity
  8
0
  6
Continuous
 62
     7
370
     0
100
AcDbLine
 10
74.9369930516
 20
72.3110413587
 30
0.0
 11
74.6803608569
 21
72.7555413587
 31
0.0
  0
LINE
  5
50E
330
1F
100
AcDbEntity
  8
0
  6
Continuous
 62
     7
370
     0
100
AcDbLine
 10
74.5557598568
 20
72.7498100785
 30
0.0
 11
74.5586252462
 21
72.7555413587
 31
0.0
  0
LINE
  5
50F
330
1F
100
AcDbEntity
  8
0
  6
Continuous
 62
     7
370
     0
100
AcDbLine
 10
74.2411252462
 20
59.1665413587
 30
0.0
 11
74.3628608569
 21
59.1665413587
 31
0.0
  0
LINE
  5
510
330
1F
100
AcDbEntity
  8
0
  6
Continuous
 62
     7
370
     0
100
AcDbLine
 10
74.6803608569
 20
72.7555413587
 30
0.0
 11
74.5586252462
 21
72.7555413587
 31
0.0
  0
LINE
  5
511
330
1F
100
AcDbEntity
  8
0
  6
Continuous
 62
     7
370
     0
100
AcDbLine
 10
72.7753608569
 20
72.7555413587
 30
0.0
 11
72.6536252462
 21
72.7555413587
 31
0.0
  0
LINE
  5
512
330
1F
100
AcDbEntity
  8
0
  6
Continuous
 62
     7
370
     0
100
AcDbLine
 10
73.0319930516
 20
72.3110413587
 30
0.0
 11
72.7753608569
 21
72.7555413587
 31
0.0
  0
LINE
  5
513
330
1F
100
AcDbEntity
  8
0
  6
Continuous
 62
     7
370
     0
100
AcDbLine
 10
73.2886252462
 20
72.7555413587
 30
0.0
 11
73.0319930516
 21
72.3110413587
 31
0.0
  0
LINE
  5
514
330
1F
100
AcDbEntity
  8
0
  6
Continuous
 62
     7
370
     0
100
AcDbLine
 10
73.4103608569
 20
72.7555413587
 30
0.0
 11
73.2886252462
 21
72.7555413587
 31
0.0
  0
LINE
  5
515
330
1F
100
AcDbEntity
  8
0
  6
Continuous
 62
     7
370
     0
100
AcDbLine
 10
73.6669930516
 20
72.3110413587
 30
0.0
 11
73.4103608569
 21
72.7555413587
 31
0.0
  0
LINE
  5
516
330
1F
100
AcDbEntity
  8
0
  6
Continuous
 62
     7
370
     0
100
AcDbLine
 10
73.9236252462
 20
72.7555413587
 30
0.0
 11
73.6669930516
 21
72.3110413587
 31
0.0
  0
LINE
  5
517
330
1F
100
AcDbEntity
  8
0
  6
Continuous
 62
     7
370
     0
100
AcDbLine
 10
74.0453608569
 20
72.7555413587
 30
0.0
 11
73.9236252462
 21
72.7555413587
 31
0.0
  0
LINE
  5
518
330
1F
100
AcDbEntity
  8
0
  6
Continuous
 62
     7
370
     0
100
AcDbLine
 10
74.3019930516
 20
72.3110413587
 30
0.0
 11
74.0453608569
 21
72.7555413587
 31
0.0
  0
LINE
  5
519
330
1F
100
AcDbEntity
  8
0
  6
Continuous
 62
     7
370
     0
100
AcDbLine
 10
74.5586252462
 20
72.7555413587
 30
0.0
 11
74.3019930516
 21
72.3110413587
 31
0.0
  0
LINE
  5
51A
330
1F
100
AcDbEntity
  8
0
  6
Continuous
 62
     7
370
     0
100
AcDbLine
 10
75.1936252462
 20
72.7555413587
 30
0.0
 11
74.9369930516
 21
72.3110413587
 31
0.0
  0
LINE
  5
51B
330
1F
100
AcDbEntity
  8
0
  6
Continuous
 62
     7
370
     0
100
AcDbLine
 10
75.3153608569
 20
72.7555413587
 30
0.0
 11
75.1936252462
 21
72.7555413587
 31
0.0
  0
LINE
  5
51C
330
1F
100
AcDbEntity
  8
0
  6
Continuous
 62
     7
370
     0
100
AcDbLine
 10
75.5719930516
 20
72.3110413587
 30
0.0
 11
75.3153608569
 21
72.7555413587
 31
0.0
  0
LINE
  5
51D
330
1F
100
AcDbEntity
  8
0
  6
Continuous
 62
     7
370
     0
100
AcDbLine
 10
75.8286252462
 20
72.7555413587
 30
0.0
 11
75.5719930516
 21
72.3110413587
 31
0.0
  0
LINE
  5
51E
330
1F
100
AcDbEntity
  8
0
  6
Continuous
 62
     7
370
     0
100
AcDbLine
 10
75.9503608569
 20
72.7555413587
 30
0.0
 11
75.8286252462
 21
72.7555413587
 31
0.0
  0
LINE
  5
51F
330
1F
100
AcDbEntity
  8
0
  6
Continuous
 62
     7
370
     0
100
AcDbLine
 10
76.2069930516
 20
72.3110413587
 30
0.0
 11
75.9503608569
 21
72.7555413587
 31
0.0
  0
LINE
  5
520
330
1F
100
AcDbEntity
  8
0
  6
Continuous
 62
     7
370
     0
100
AcDbLine
 10
76.4636252462
 20
72.7555413587
 30
0.0
 11
76.2069930516
 21
72.3110413587
 31
0.0
  0
LINE
  5
521
330
1F
100
AcDbEntity
  8
0
  6
Continuous
 62
     7
370
     0
100
AcDbLine
 10
76.5853608569
 20
72.7555413587
 30
0.0
 11
76.4636252462
 21
72.7555413587
 31
0.0
  0
LINE
  5
522
330
1F
100
AcDbEntity
  8
0
  6
Continuous
 62
     7
370
     0
100
AcDbLine
 10
76.8419930516
 20
72.3110413587
 30
0.0
 11
76.5853608569
 21
72.7555413587
 31
0.0
  0
LINE
  5
523
330
1F
100
AcDbEntity
  8
0
  6
Continuous
 62
     7
370
     0
100
AcDbLine
 10
77.0986252462
 20
72.7555413587
 30
0.0
 11
76.8419930516
 21
72.3110413587
 31
0.0
  0
LINE
  5
524
330
1F
100
AcDbEntity
  8
0
  6
Continuous
 62
     7
370
     0
100
AcDbLine
 10
77.2203608569
 20
72.7555413587
 30
0.0
 11
77.0986252462
 21
72.7555413587
 31
0.0
  0
LINE
  5
525
330
1F
100
AcDbEntity
  8
0
  6
Continuous
 62
     7
370
     0
100
AcDbLine
 10
77.4769930516
 20
72.3110413587
 30
0.0
 11
77.2203608569
 21
72.7555413587
 31
0.0
  0
LINE
  5
526
330
1F
100
AcDbEntity
  8
0
  6
Continuous
 62
     7
370
     0
100
AcDbLine
 10
77.7336252462
 20
72.7555413587
 30
0.0
 11
77.4769930516
 21
72.3110413587
 31
0.0
  0
LINE
  5
527
330
1F
100
AcDbEntity
  8
0
  6
Continuous
 62
     7
370
     0
100
AcDbLine
 10
77.8553608569
 20
72.7555413587
 30
0.0
 11
77.7336252462
 21
72.7555413587
 31
0.0
  0
LINE
  5
528
330
1F
100
AcDbEntity
  8
0
  6
Continuous
 62
     7
370
     0
100
AcDbLine
 10
78.1119930516
 20
72.3110413587
 30
0.0
 11
77.8553608569
 21
72.7555413587
 31
0.0
  0
LINE
  5
529
330
1F
100
AcDbEntity
  8
0
  6
Continuous
 62
     7
370
     0
100
AcDbLine
 10
78.3686252462
 20
72.7555413587
 30
0.0
 11
78.1119930516
 21
72.3110413587
 31
0.0
  0
LINE
  5
52A
330
1F
100
AcDbEntity
  8
0
  6
Continuous
 62
     7
370
     0
100
AcDbLine
 10
78.4903608569
 20
72.7555413587
 30
0.0
 11
78.3686252462
 21
72.7555413587
 31
0.0
  0
LINE
  5
52B
330
1F
100
AcDbEntity
  8
0
  6
Continuous
 62
     7
370
     0
100
AcDbLine
 10
78.7469930516
 20
72.3110413587
 30
0.0
 11
78.4903608569
 21
72.7555413587
 31
0.0
  0
LINE
  5
52C
330
1F
100
AcDbEntity
  8
0
  6
Continuous
 62
     7
370
     0
100
AcDbLine
 10
79.0036252462
 20
72.7555413587
 30
0.0
 11
78.7469930516
 21
72.3110413587
 31
0.0
  0
LINE
  5
52D
330
1F
100
AcDbEntity
  8
0
  6
Continuous
 62
     7
370
     0
100
AcDbLine
 10
79.0353752462
 20
72.7555413587
 30
0.0
 11
79.0036252462
 21
72.7555413587
 31
0.0
  0
LINE
  5
52E
330
1F
100
AcDbEntity
  8
0
  6
Continuous
 62
     7
370
     0
100
AcDbLine
 10
79.0353752462
 20
71.5490413587
 30
0.0
 11
79.0353752462
 21
72.7555413587
 31
0.0
  0
LINE
  5
52F
330
1F
100
AcDbEntity
  8
0
  6
Continuous
 62
     7
370
     0
100
AcDbLine
 10
80.9707006497
 20
71.5490413587
 30
0.0
 11
79.0353752462
 21
71.5490413587
 31
0.0
  0
LINE
  5
530
330
1F
100
AcDbEntity
  8
0
  6
Continuous
 62
     7
370
     0
100
AcDbLine
 10
81.5358993069
 20
71.5490413587
 30
0.0
 11
80.9707006497
 21
71.5490413587
 31
0.0
  0
LINE
  5
531
330
1F
100
AcDbEntity
  8
0
  6
Continuous
 62
     7
370
     0
100
AcDbLine
 10
81.7248238153
 20
71.5490413587
 30
0.0
 11
81.5358993069
 21
71.5490413587
 31
0.0
  0
LINE
  5
532
330
1F
100
AcDbEntity
  8
0
  6
Continuous
 62
     7
370
     0
100
AcDbLine
 10
82.3376653607
 20
71.5490413587
 30
0.0
 11
81.7248238153
 21
71.5490413587
 31
0.0
  0
LINE
  5
533
330
1F
100
AcDbEntity
  8
0
  6
Continuous
 62
     7
370
     0
100
AcDbLine
 10
84.1153752462
 20
71.5490413587
 30
0.0
 11
82.3376653607
 21
71.5490413587
 31
0.0
  0
LINE
  5
534
330
1F
100
AcDbEntity
  8
0
  6
Continuous
 62
     7
370
     0
100
AcDbLine
 10
84.1153752462
 20
68.7550413587
 30
0.0
 11
84.1153752462
 21
71.5490413587
 31
0.0
  0
LINE
  5
535
330
1F
100
AcDbEntity
  8
0
  6
Continuous
 62
     7
370
     0
100
AcDbLine
 10
81.7023752462
 20
68.7550413587
 30
0.0
 11
84.1153752462
 21
68.7550413587
 31
0.0
  0
LINE
  5
536
330
1F
100
AcDbEntity
  8
0
  6
Continuous
 62
     7
370
     0
100
AcDbLine
 10
81.7023752462
 20
70.0885413587
 30
0.0
 11
81.7023752462
 21
68.7550413587
 31
0.0
  0
LINE
  5
537
330
1F
100
AcDbEntity
  8
0
  6
Continuous
 62
     7
370
     0
100
AcDbLine
 10
75.8603752462
 20
70.0885413587
 30
0.0
 11
81.7023752462
 21
70.0885413587
 31
0.0
  0
LINE
  5
538
330
1F
100
AcDbEntity
  8
0
  6
Continuous
 62
     7
370
     0
100
AcDbLine
 10
75.8603752462
 20
70.8505413587
 30
0.0
 11
75.8603752462
 21
70.0885413587
 31
0.0
  0
LINE
  5
539
330
1F
100
AcDbEntity
  8
0
  6
Continuous
 62
     7
370
     0
100
AcDbLine
 10
70.2723752462
 20
70.8505413587
 30
0.0
 11
75.8603752462
 21
70.8505413587
 31
0.0
  0
LINE
  5
53A
330
1F
100
AcDbEntity
  8
0
  6
Continuous
 62
     7
370
     0
100
AcDbLine
 10
70.4919930516
 20
72.3110413587
 30
0.0
 11
70.2723752462
 21
72.6914305559
 31
0.0
  0
LINE
  5
53B
330
1F
100
AcDbEntity
  8
0
  6
Continuous
 62
     7
370
     0
100
AcDbLine
 10
70.7486252462
 20
72.7555413587
 30
0.0
 11
70.4919930516
 21
72.3110413587
 31
0.0
  0
LINE
  5
53C
330
1F
100
AcDbEntity
  8
0
  6
Continuous
 62
     7
370
     0
100
AcDbLine
 10
70.8703608569
 20
72.7555413587
 30
0.0
 11
70.7486252462
 21
72.7555413587
 31
0.0
  0
LINE
  5
53D
330
1F
100
AcDbEntity
  8
0
  6
Continuous
 62
     7
370
     0
100
AcDbLine
 10
71.1269930516
 20
72.3110413587
 30
0.0
 11
70.8703608569
 21
72.7555413587
 31
0.0
  0
LINE
  5
53E
330
1F
100
AcDbEntity
  8
0
  6
Continuous
 62
     7
370
     0
100
AcDbLine
 10
71.3836252462
 20
72.7555413587
 30
0.0
 11
71.1269930516
 21
72.3110413587
 31
0.0
  0
LINE
  5
53F
330
1F
100
AcDbEntity
  8
0
  6
Continuous
 62
     7
370
     0
100
AcDbLine
 10
71.5053608569
 20
72.7555413587
 30
0.0
 11
71.3836252462
 21
72.7555413587
 31
0.0
  0
LINE
  5
540
330
1F
100
AcDbEntity
  8
0
  6
Continuous
 62
     7
370
     0
100
AcDbLine
 10
71.7619930516
 20
72.3110413587
 30
0.0
 11
71.5053608569
 21
72.7555413587
 31
0.0
  0
LINE
  5
541
330
1F
100
AcDbEntity
  8
0
  6
Continuous
 62
     7
370
     0
100
AcDbLine
 10
72.0186252462
 20
72.7555413587
 30
0.0
 11
71.7619930516
 21
72.3110413587
 31
0.0
  0
LINE
  5
542
330
1F
100
AcDbEntity
  8
0
  6
Continuous
 62
     7
370
     0
100
AcDbLine
 10
72.1403608569
 20
72.7555413587
 30
0.0
 11
72.0186252462
 21
72.7555413587
 31
0.0
  0
LINE
  5
543
330
1F
100
AcDbEntity
  8
0
  6
Continuous
 62
     7
370
     0
100
AcDbLine
 10
72.3969930516
 20
72.3110413587
 30
0.0
 11
72.1403608569
 21
72.7555413587
 31
0.0
  0
LINE
  5
544
330
1F
100
AcDbEntity
  8
0
  6
Continuous
 62
     7
370
     0
100
AcDbLine
 10
72.6536252462
 20
72.7555413587
 30
0.0
 11
72.3969930516
 21
72.3110413587
 31
0.0
  0
LINE
  5
545
330
1F
100
AcDbEntity
  8
0
  6
Continuous
 62
     7
370
     0
100
AcDbLine
 10
70.2723752462
 20
72.6914305559
 30
0.0
 11
70.2723752462
 21
70.8505413587
 31
0.0
  0
LINE
  5
546
330
1F
100
AcDbEntity
  8
0
  6
Continuous
 62
     7
370
     0
100
AcDbLine
 10
79.0353752462
 20
60.3730413587
 30
0.0
 11
84.1153752462
 21
60.3730413587
 31
0.0
  0
LINE
  5
547
330
1F
100
AcDbEntity
  8
0
  6
Continuous
 62
     7
370
     0
100
AcDbLine
 10
79.0353752462
 20
59.1665413587
 30
0.0
 11
78.6861252462
 21
59.1665413587
 31
0.0
  0
LINE
  5
548
330
1F
100
AcDbEntity
  8
0
  6
Continuous
 62
     7
370
     0
100
AcDbLine
 10
78.4294930516
 20
59.6110413587
 30
0.0
 11
78.6861252462
 21
59.1665413587
 31
0.0
  0
LINE
  5
549
330
1F
100
AcDbEntity
  8
0
  6
Continuous
 62
     7
370
     0
100
AcDbLine
 10
78.1728608569
 20
59.1665413587
 30
0.0
 11
78.4294930516
 21
59.6110413587
 31
0.0
  0
LINE
  5
54A
330
1F
100
AcDbEntity
  8
0
  6
Continuous
 62
     7
370
     0
100
AcDbLine
 10
78.0511252462
 20
59.1665413587
 30
0.0
 11
78.1728608569
 21
59.1665413587
 31
0.0
  0
LINE
  5
54B
330
1F
100
AcDbEntity
  8
0
  6
Continuous
 62
     7
370
     0
100
AcDbLine
 10
77.7944930516
 20
59.6110413587
 30
0.0
 11
78.0511252462
 21
59.1665413587
 31
0.0
  0
LINE
  5
54C
330
1F
100
AcDbEntity
  8
0
  6
Continuous
 62
     7
370
     0
100
AcDbLine
 10
77.5378608569
 20
59.1665413587
 30
0.0
 11
77.7944930516
 21
59.6110413587
 31
0.0
  0
LINE
  5
54D
330
1F
100
AcDbEntity
  8
0
  6
Continuous
 62
     7
370
     0
100
AcDbLine
 10
77.4161252462
 20
59.1665413587
 30
0.0
 11
77.5378608569
 21
59.1665413587
 31
0.0
  0
LINE
  5
54E
330
1F
100
AcDbEntity
  8
0
  6
Continuous
 62
     7
370
     0
100
AcDbLine
 10
77.1594930516
 20
59.6110413587
 30
0.0
 11
77.4161252462
 21
59.1665413587
 31
0.0
  0
LINE
  5
54F
330
1F
100
AcDbEntity
  8
0
  6
Continuous
 62
     7
370
     0
100
AcDbLine
 10
76.9028608569
 20
59.1665413587
 30
0.0
 11
77.1594930516
 21
59.6110413587
 31
0.0
  0
LINE
  5
550
330
1F
100
AcDbEntity
  8
0
  6
Continuous
 62
     7
370
     0
100
AcDbLine
 10
76.7811252462
 20
59.1665413587
 30
0.0
 11
76.9028608569
 21
59.1665413587
 31
0.0
  0
LINE
  5
551
330
1F
100
AcDbEntity
  8
0
  6
Continuous
 62
     7
370
     0
100
AcDbLine
 10
76.5244930516
 20
59.6110413587
 30
0.0
 11
76.7811252462
 21
59.1665413587
 31
0.0
  0
LINE
  5
552
330
1F
100
AcDbEntity
  8
0
  6
Continuous
 62
     7
370
     0
100
AcDbLine
 10
76.2678608569
 20
59.1665413587
 30
0.0
 11
76.5244930516
 21
59.6110413587
 31
0.0
  0
LINE
  5
553
330
1F
100
AcDbEntity
  8
0
  6
Continuous
 62
     7
370
     0
100
AcDbLine
 10
76.1461252462
 20
59.1665413587
 30
0.0
 11
76.2678608569
 21
59.1665413587
 31
0.0
  0
LINE
  5
554
330
1F
100
AcDbEntity
  8
0
  6
Continuous
 62
     7
370
     0
100
AcDbLine
 10
75.8894930516
 20
59.6110413587
 30
0.0
 11
76.1461252462
 21
59.1665413587
 31
0.0
  0
LINE
  5
555
330
1F
100
AcDbEntity
  8
0
  6
Continuous
 62
     7
370
     0
100
AcDbLine
 10
75.6328608569
 20
59.1665413587
 30
0.0
 11
75.8894930516
 21
59.6110413587
 31
0.0
  0
LINE
  5
556
330
1F
100
AcDbEntity
  8
0
  6
Continuous
 62
     7
370
     0
100
AcDbLine
 10
75.5111252462
 20
59.1665413587
 30
0.0
 11
75.6328608569
 21
59.1665413587
 31
0.0
  0
LINE
  5
557
330
1F
100
AcDbEntity
  8
0
  6
Continuous
 62
     7
370
     0
100
AcDbLine
 10
75.2544930516
 20
59.6110413587
 30
0.0
 11
75.5111252462
 21
59.1665413587
 31
0.0
  0
LINE
  5
558
330
1F
100
AcDbEntity
  8
0
  6
Continuous
 62
     7
370
     0
100
AcDbLine
 10
74.9978608569
 20
59.1665413587
 30
0.0
 11
75.2544930516
 21
59.6110413587
 31
0.0
  0
LINE
  5
559
330
1F
100
AcDbEntity
  8
0
  6
Continuous
 62
     7
370
     0
100
AcDbLine
 10
74.8761252462
 20
59.1665413587
 30
0.0
 11
74.9978608569
 21
59.1665413587
 31
0.0
  0
LINE
  5
55A
330
1F
100
AcDbEntity
  8
0
  6
Continuous
 62
     7
370
     0
100
AcDbLine
 10
74.6194930516
 20
59.6110413587
 30
0.0
 11
74.8761252462
 21
59.1665413587
 31
0.0
  0
LINE
  5
55B
330
1F
100
AcDbEntity
  8
0
  6
Continuous
 62
     7
370
     0
100
AcDbLine
 10
73.9844930516
 20
59.6110413587
 30
0.0
 11
74.2411252462
 21
59.1665413587
 31
0.0
  0
LINE
  5
55C
330
1F
100
AcDbEntity
  8
0
  6
Continuous
 62
     7
370
     0
100
AcDbLine
 10
73.7278608569
 20
59.1665413587
 30
0.0
 11
73.9844930516
 21
59.6110413587
 31
0.0
  0
LINE
  5
55D
330
1F
100
AcDbEntity
  8
0
  6
Continuous
 62
     7
370
     0
100
AcDbLine
 10
73.6061252462
 20
59.1665413587
 30
0.0
 11
73.7278608569
 21
59.1665413587
 31
0.0
  0
LINE
  5
55E
330
1F
100
AcDbEntity
  8
0
  6
Continuous
 62
     7
370
     0
100
AcDbLine
 10
73.3494930516
 20
59.6110413587
 30
0.0
 11
73.6061252462
 21
59.1665413587
 31
0.0
  0
LINE
  5
55F
330
1F
100
AcDbEntity
  8
0
  6
Continuous
 62
     7
370
     0
100
AcDbLine
 10
73.0928608569
 20
59.1665413587
 30
0.0
 11
73.3494930516
 21
59.6110413587
 31
0.0
  0
LINE
  5
560
330
1F
100
AcDbEntity
  8
0
  6
Continuous
 62
     7
370
     0
100
AcDbLine
 10
72.9711252462
 20
59.1665413587
 30
0.0
 11
73.0928608569
 21
59.1665413587
 31
0.0
  0
LINE
  5
561
330
1F
100
AcDbEntity
  8
0
  6
Continuous
 62
     7
370
     0
100
AcDbLine
 10
72.7144930516
 20
59.6110413587
 30
0.0
 11
72.9711252462
 21
59.1665413587
 31
0.0
  0
LINE
  5
562
330
1F
100
AcDbEntity
  8
0
  6
Continuous
 62
     7
370
     0
100
AcDbLine
 10
72.4578608569
 20
59.1665413587
 30
0.0
 11
72.7144930516
 21
59.6110413587
 31
0.0
  0
LINE
  5
563
330
1F
100
AcDbEntity
  8
0
  6
Continuous
 62
     7
370
     0
100
AcDbLine
 10
72.3361252462
 20
59.1665413587
 30
0.0
 11
72.4578608569
 21
59.1665413587
 31
0.0
  0
LINE
  5
564
330
1F
100
AcDbEntity
  8
0
  6
Continuous
 62
     7
370
     0
100
AcDbLine
 10
72.0794930516
 20
59.6110413587
 30
0.0
 11
72.3361252462
 21
59.1665413587
 31
0.0
  0
LINE
  5
565
330
1F
100
AcDbEntity
  8
0
  6
Continuous
 62
     7
370
     0
100
AcDbLine
 10
71.8228608569
 20
59.1665413587
 30
0.0
 11
72.0794930516
 21
59.6110413587
 31
0.0
  0
LINE
  5
566
330
1F
100
AcDbEntity
  8
0
  6
Continuous
 62
     7
370
     0
100
AcDbLine
 10
71.7011252462
 20
59.1665413587
 30
0.0
 11
71.8228608569
 21
59.1665413587
 31
0.0
  0
LINE
  5
567
330
1F
100
AcDbEntity
  8
0
  6
Continuous
 62
     7
370
     0
100
AcDbLine
 10
71.4444930516
 20
59.6110413587
 30
0.0
 11
71.7011252462
 21
59.1665413587
 31
0.0
  0
LINE
  5
568
330
1F
100
AcDbEntity
  8
0
  6
Continuous
 62
     7
370
     0
100
AcDbLine
 10
71.1878608569
 20
59.1665413587
 30
0.0
 11
71.4444930516
 21
59.6110413587
 31
0.0
  0
LINE
  5
569
330
1F
100
AcDbEntity
  8
0
  6
Continuous
 62
     7
370
     0
100
AcDbLine
 10
71.0661252462
 20
59.1665413587
 30
0.0
 11
71.1878608569
 21
59.1665413587
 31
0.0
  0
LINE
  5
56A
330
1F
100
AcDbEntity
  8
0
  6
Continuous
 62
     7
370
     0
100
AcDbLine
 10
70.8094930516
 20
59.6110413587
 30
0.0
 11
71.0661252462
 21
59.1665413587
 31
0.0
  0
LINE
  5
56B
330
1F
100
AcDbEntity
  8
0
  6
Continuous
 62
     7
370
     0
100
AcDbLine
 10
70.5528608569
 20
59.1665413587
 30
0.0
 11
70.8094930516
 21
59.6110413587
 31
0.0
  0
LINE
  5
56C
330
1F
100
AcDbEntity
  8
0
  6
Continuous
 62
     7
370
     0
100
AcDbLine
 10
70.4311252462
 20
59.1665413587
 30
0.0
 11
70.5528608569
 21
59.1665413587
 31
0.0
  0
LINE
  5
56D
330
1F
100
AcDbEntity
  8
0
  6
Continuous
 62
     7
370
     0
100
AcDbLine
 10
70.2723752462
 20
59.4415044244
 30
0.0
 11
70.4311252462
 21
59.1665413587
 31
0.0
  0
LINE
  5
56E
330
1F
100
AcDbEntity
  8
0
  6
Continuous
 62
     7
370
     0
100
AcDbLine
 10
75.8603752462
 20
61.0715413587
 30
0.0
 11
70.2723752462
 21
61.0715413587
 31
0.0
  0
LINE
  5
56F
330
1F
100
AcDbEntity
  8
0
  6
Continuous
 62
     7
370
     0
100
AcDbLine
 10
75.8603752462
 20
61.8335413587
 30
0.0
 11
75.8603752462
 21
61.0715413587
 31
0.0
  0
LINE
  5
570
330
1F
100
AcDbEntity
  8
0
  6
Continuous
 62
     7
370
     0
100
AcDbLine
 10
81.7023752462
 20
61.8335413587
 30
0.0
 11
75.8603752462
 21
61.8335413587
 31
0.0
  0
LINE
  5
571
330
1F
100
AcDbEntity
  8
0
  6
Continuous
 62
     7
370
     0
100
AcDbLine
 10
81.7023752462
 20
63.1670413587
 30
0.0
 11
81.7023752462
 21
61.8335413587
 31
0.0
  0
LINE
  5
572
330
1F
100
AcDbEntity
  8
0
  6
Continuous
 62
     7
370
     0
100
AcDbLine
 10
84.1153752462
 20
63.1670413587
 30
0.0
 11
81.7023752462
 21
63.1670413587
 31
0.0
  0
LINE
  5
573
330
1F
100
AcDbEntity
  8
0
  6
Continuous
 62
     7
370
     0
100
AcDbLine
 10
79.0353752462
 20
60.3730413587
 30
0.0
 11
79.0353752462
 21
59.1665413587
 31
0.0
  0
LINE
  5
574
330
1F
100
AcDbEntity
  8
0
  6
Continuous
 62
     7
370
     0
100
AcDbLine
 10
84.1153752462
 20
60.3730413587
 30
0.0
 11
84.1153752462
 21
63.1670413587
 31
0.0
  0
LINE
  5
575
330
1F
100
AcDbEntity
  8
0
  6
Continuous
 62
     7
370
     0
100
AcDbLine
 10
70.2723752462
 20
61.0715413587
 30
0.0
 11
70.2723752462
 21
59.4415044244
 31
0.0
  0
LINE
  5
576
330
1F
100
AcDbEntity
  8
0
  6
Continuous
 62
     7
370
     0
100
AcDbLine
 10
81.7023752462
 20
68.7550413587
 30
0.0
 11
81.7023752462
 21
68.752172713
 31
0.0
  0
LINE
  5
577
330
1F
100
AcDbEntity
  8
0
  6
Continuous
 62
     7
370
     0
100
AcDbLine
 10
84.1153752462
 20
63.1972934425
 30
0.0
 11
84.1153752462
 21
63.1670413587
 31
0.0
  0
LINE
  5
578
330
1F
100
AcDbEntity
  8
0
  6
Continuous
 62
     7
370
     0
100
AcDbLine
 10
79.0007598998
 20
72.7493145623
 30
0.0
 11
79.0036252462
 21
72.7555413587
 31
0.0
  0
LINE
  5
579
330
1F
100
AcDbEntity
  8
0
  6
Continuous
 62
     7
370
     0
100
AcDbLine
 10
78.3657599439
 20
72.7488987745
 30
0.0
 11
78.3686252462
 21
72.7555413587
 31
0.0
  0
LINE
  5
57A
330
1F
100
AcDbEntity
  8
0
  6
Continuous
 62
     7
370
     0
100
AcDbLine
 10
77.7307598846
 20
72.7494762651
 30
0.0
 11
77.7336252462
 21
72.7555413587
 31
0.0
  0
LINE
  5
57B
330
1F
100
AcDbEntity
  8
0
  6
Continuous
 62
     7
370
     0
100
AcDbLine
 10
77.0957599357
 20
72.7489709578
 30
0.0
 11
77.0986252462
 21
72.7555413587
 31
0.0
  0
LINE
  5
57C
330
1F
100
AcDbEntity
  8
0
  6
Continuous
 62
     7
370
     0
100
AcDbLine
 10
76.4607598334
 20
72.750150068
 30
0.0
 11
76.4636252462
 21
72.7555413587
 31
0.0
  0
LINE
  5
57D
330
1F
100
AcDbEntity
  8
0
  6
Continuous
 62
     7
370
     0
100
AcDbLine
 10
75.8257598846
 20
72.7494762651
 30
0.0
 11
75.8286252462
 21
72.7555413587
 31
0.0
  0
LINE
  5
57E
330
1F
100
AcDbEntity
  8
0
  6
Continuous
 62
     7
370
     0
100
AcDbLine
 10
75.1907599841
 20
72.7485688061
 30
0.0
 11
75.1936252462
 21
72.7555413587
 31
0.0
  0
LINE
  5
57F
330
1F
100
AcDbEntity
  8
0
  6
Continuous
 62
     7
370
     0
100
AcDbLine
 10
73.9207600073
 20
72.7483935188
 30
0.0
 11
73.9236252462
 21
72.7555413587
 31
0.0
  0
LINE
  5
580
330
1F
100
AcDbEntity
  8
0
  6
Continuous
 62
     7
370
     0
100
AcDbLine
 10
73.2857598735
 20
72.7496025983
 30
0.0
 11
73.2886252462
 21
72.7555413587
 31
0.0
  0
LINE
  5
581
330
1F
100
AcDbEntity
  8
0
  6
Continuous
 62
     7
370
     0
100
AcDbLine
 10
72.6507599159
 20
72.7491539979
 30
0.0
 11
72.6536252462
 21
72.7555413587
 31
0.0
  0
LINE
  5
582
330
1F
100
AcDbEntity
  8
0
  6
Continuous
 62
     7
370
     0
100
AcDbLine
 10
72.0157599654
 20
72.7487174543
 30
0.0
 11
72.0186252462
 21
72.7555413587
 31
0.0
  0
LINE
  5
583
330
1F
100
AcDbEntity
  8
0
  6
Continuous
 62
     7
370
     0
100
AcDbLine
 10
71.380759996
 20
72.7484777246
 30
0.0
 11
71.3836252462
 21
72.7555413587
 31
0.0
  0
LINE
  5
584
330
1F
100
AcDbEntity
  8
0
  6
Continuous
 62
     7
370
     0
100
AcDbLine
 10
70.7457599116
 20
72.7491956339
 30
0.0
 11
70.7486252462
 21
72.7555413587
 31
0.0
  0
HATCH
  5
585
330
1F
100
AcDbEntity
  8
0
  6
Continuous
 62
     7
370
     0
100
AcDbHatch
 10
0.0
 20
0.0
 30
0.0
210
0.0
220
0.0
230
1.0
  2
ANSI37
 70
     0
 71
     0
 91
        1
 92
        0
 93
       50
 72
     1
 10
79.03537524624763
 20
59.16654135874801
 11
79.03537524624763
 21
60.37304135874801
 72
     1
 10
79.03537524624763
 20
60.37304135874801
 11
84.11537524624764
 21
60.37304135874801
 72
     1
 10
84.11537524624764
 20
60.37304135874801
 11
84.11537524624764
 21
63.16704135874802
 72
     1
 10
84.11537524624764
 20
63.16704135874802
 11
81.70237524624763
 21
63.16704135874802
 72
     1
 10
81.70237524624763
 20
63.16704135874802
 11
81.70237524624763
 21
61.83354135874802
 72
     1
 10
81.70237524624763
 20
61.83354135874802
 11
75.86037524624764
 21
61.83354135874802
 72
     1
 10
75.86037524624764
 20
61.83354135874802
 11
75.86037524624764
 21
61.07154135874801
 72
     1
 10
75.86037524624764
 20
61.07154135874801
 11
70.27237524624763
 21
61.07154135874801
 72
     1
 10
70.27237524624763
 20
61.07154135874801
 11
70.27237524624763
 21
59.4415044244496
 72
     1
 10
70.27237524624763
 20
59.4415044244496
 11
70.43112524624763
 21
59.16654135874801
 72
     1
 10
70.43112524624763
 20
59.16654135874801
 11
70.55286085693805
 21
59.16654135874801
 72
     1
 10
70.55286085693805
 20
59.16654135874801
 11
70.80949305159284
 21
59.61104135874802
 72
     1
 10
70.80949305159284
 20
59.61104135874802
 11
71.06612524624764
 21
59.16654135874801
 72
     1
 10
71.06612524624764
 20
59.16654135874801
 11
71.18786085693806
 21
59.16654135874801
 72
     1
 10
71.18786085693806
 20
59.16654135874801
 11
71.44449305159284
 21
59.61104135874802
 72
     1
 10
71.44449305159284
 20
59.61104135874802
 11
71.70112524624763
 21
59.16654135874801
 72
     1
 10
71.70112524624763
 20
59.16654135874801
 11
71.82286085693805
 21
59.16654135874801
 72
     1
 10
71.82286085693805
 20
59.16654135874801
 11
72.07949305159285
 21
59.61104135874802
 72
     1
 10
72.07949305159285
 20
59.61104135874802
 11
72.33612524624763
 21
59.16654135874801
 72
     1
 10
72.33612524624763
 20
59.16654135874801
 11
72.45786085693805
 21
59.16654135874801
 72
     1
 10
72.45786085693805
 20
59.16654135874801
 11
72.71449305159284
 21
59.61104135874802
 72
     1
 10
72.71449305159284
 20
59.61104135874802
 11
72.97112524624762
 21
59.16654135874801
 72
     1
 10
72.97112524624762
 20
59.16654135874801
 11
73.09286085693806
 21
59.16654135874801
 72
     1
 10
73.09286085693806
 20
59.16654135874801
 11
73.34949305159284
 21
59.61104135874802
 72
     1
 10
73.34949305159284
 20
59.61104135874802
 11
73.60612524624763
 21
59.16654135874801
 72
     1
 10
73.60612524624763
 20
59.16654135874801
 11
73.72786085693805
 21
59.16654135874801
 72
     1
 10
73.72786085693805
 20
59.16654135874801
 11
73.98449305159285
 21
59.61104135874802
 72
     1
 10
73.98449305159285
 20
59.61104135874802
 11
74.24112524624763
 21
59.16654135874801
 72
     1
 10
74.24112524624763
 20
59.16654135874801
 11
74.36286085693806
 21
59.16654135874801
 72
     1
 10
74.36286085693806
 20
59.16654135874801
 11
74.61949305159284
 21
59.61104135874802
 72
     1
 10
74.61949305159284
 20
59.61104135874802
 11
74.87612524624763
 21
59.16654135874801
 72
     1
 10
74.87612524624763
 20
59.16654135874801
 11
74.99786085693806
 21
59.16654135874801
 72
     1
 10
74.99786085693806
 20
59.16654135874801
 11
75.25449305159285
 21
59.61104135874802
 72
     1
 10
75.25449305159285
 20
59.61104135874802
 11
75.51112524624763
 21
59.16654135874801
 72
     1
 10
75.51112524624763
 20
59.16654135874801
 11
75.63286085693805
 21
59.16654135874801
 72
     1
 10
75.63286085693805
 20
59.16654135874801
 11
75.88949305159285
 21
59.61104135874802
 72
     1
 10
75.88949305159285
 20
59.61104135874802
 11
76.14612524624764
 21
59.16654135874801
 72
     1
 10
76.14612524624764
 20
59.16654135874801
 11
76.26786085693806
 21
59.16654135874801
 72
     1
 10
76.26786085693806
 20
59.16654135874801
 11
76.52449305159284
 21
59.61104135874802
 72
     1
 10
76.52449305159284
 20
59.61104135874802
 11
76.78112524624763
 21
59.16654135874801
 72
     1
 10
76.78112524624763
 20
59.16654135874801
 11
76.90286085693806
 21
59.16654135874801
 72
     1
 10
76.90286085693806
 20
59.16654135874801
 11
77.15949305159285
 21
59.61104135874802
 72
     1
 10
77.15949305159285
 20
59.61104135874802
 11
77.41612524624763
 21
59.16654135874801
 72
     1
 10
77.41612524624763
 20
59.16654135874801
 11
77.53786085693805
 21
59.16654135874801
 72
     1
 10
77.53786085693805
 20
59.16654135874801
 11
77.79449305159285
 21
59.61104135874802
 72
     1
 10
77.79449305159285
 20
59.61104135874802
 11
78.05112524624764
 21
59.16654135874801
 72
     1
 10
78.05112524624764
 20
59.16654135874801
 11
78.17286085693806
 21
59.16654135874801
 72
     1
 10
78.17286085693806
 20
59.16654135874801
 11
78.42949305159284
 21
59.61104135874802
 72
     1
 10
78.42949305159284
 20
59.61104135874802
 11
78.68612524624763
 21
59.16654135874801
 72
     1
 10
78.68612524624763
 20
59.16654135874801
 11
79.03537524624763
 21
59.16654135874801
 97
        0
 75
     0
 76
     1
 52
0.0
 41
0.2
 77
     0
 78
     2
 53
45.0
 43
0.0
 44
0.0
 45
-0.4490128060534576
 46
0.4490128060534577
 79
     0
 53
135.0
 43
0.0
 44
0.0
 45
-0.4490128060534577
 46
-0.4490128060534576
 79
     0
 98
        1
 10
0.0
 20
0.0
  0
HATCH
  5
586
330
1F
100
AcDbEntity
  8
0
  6
Continuous
 62
     7
370
     0
100
AcDbHatch
 10
0.0
 20
0.0
 30
0.0
210
0.0
220
0.0
230
1.0
  2
ANSI37
 70
     0
 71
     0
 91
        1
 92
        0
 93
       55
 72
     1
 10
72.65362524624763
 20
72.75554135874802
 11
72.39699305159284
 21
72.31104135874801
 72
     1
 10
72.39699305159284
 20
72.31104135874801
 11
72.14036085693806
 21
72.75554135874802
 72
     1
 10
72.14036085693806
 20
72.75554135874802
 11
72.01862524624764
 21
72.75554135874802
 72
     1
 10
72.01862524624764
 20
72.75554135874802
 11
71.76199305159284
 21
72.31104135874801
 72
     1
 10
71.76199305159284
 20
72.31104135874801
 11
71.50536085693805
 21
72.75554135874802
 72
     1
 10
71.50536085693805
 20
72.75554135874802
 11
71.38362524624763
 21
72.75554135874802
 72
     1
 10
71.38362524624763
 20
72.75554135874802
 11
71.12699305159285
 21
72.31104135874801
 72
     1
 10
71.12699305159285
 20
72.31104135874801
 11
70.87036085693806
 21
72.75554135874802
 72
     1
 10
70.87036085693806
 20
72.75554135874802
 11
70.74862524624763
 21
72.75554135874802
 72
     1
 10
70.74862524624763
 20
72.75554135874802
 11
70.49199305159284
 21
72.31104135874801
 72
     1
 10
70.49199305159284
 20
72.31104135874801
 11
70.27237524624763
 21
72.69143055585272
 72
     1
 10
70.27237524624763
 20
72.69143055585272
 11
70.27237524624763
 21
70.85054135874802
 72
     1
 10
70.27237524624763
 20
70.85054135874802
 11
75.86037524624764
 21
70.85054135874802
 72
     1
 10
75.86037524624764
 20
70.85054135874802
 11
75.86037524624764
 21
70.08854135874802
 72
     1
 10
75.86037524624764
 20
70.08854135874802
 11
81.70237524624763
 21
70.08854135874802
 72
     1
 10
81.70237524624763
 20
70.08854135874802
 11
81.70237524624763
 21
68.75504135874802
 72
     1
 10
81.70237524624763
 20
68.75504135874802
 11
84.11537524624764
 21
68.75504135874802
 72
     1
 10
84.11537524624764
 20
68.75504135874802
 11
84.11537524624764
 21
71.54904135874803
 72
     1
 10
84.11537524624764
 20
71.54904135874803
 11
82.33766536067904
 21
71.54904135874803
 72
     1
 10
82.33766536067904
 20
71.54904135874803
 11
81.7248238153089
 21
71.54904135874803
 72
     1
 10
81.7248238153089
 20
71.54904135874803
 11
81.53589930685585
 21
71.54904135874803
 72
     1
 10
81.53589930685585
 20
71.54904135874803
 11
80.97070064968703
 21
71.54904135874803
 72
     1
 10
80.97070064968703
 20
71.54904135874803
 11
79.03537524624763
 21
71.54904135874803
 72
     1
 10
79.03537524624763
 20
71.54904135874803
 11
79.03537524624763
 21
72.75554135874802
 72
     1
 10
79.03537524624763
 20
72.75554135874802
 11
79.00362524624764
 21
72.75554135874802
 72
     1
 10
79.00362524624764
 20
72.75554135874802
 11
78.74699305159284
 21
72.31104135874801
 72
     1
 10
78.74699305159284
 20
72.31104135874801
 11
78.49036085693805
 21
72.75554135874802
 72
     1
 10
78.49036085693805
 20
72.75554135874802
 11
78.36862524624763
 21
72.75554135874802
 72
     1
 10
78.36862524624763
 20
72.75554135874802
 11
78.11199305159285
 21
72.31104135874801
 72
     1
 10
78.11199305159285
 20
72.31104135874801
 11
77.85536085693806
 21
72.75554135874802
 72
     1
 10
77.85536085693806
 20
72.75554135874802
 11
77.73362524624763
 21
72.75554135874802
 72
     1
 10
77.73362524624763
 20
72.75554135874802
 11
77.47699305159284
 21
72.31104135874801
 72
     1
 10
77.47699305159284
 20
72.31104135874801
 11
77.22036085693806
 21
72.75554135874802
 72
     1
 10
77.22036085693806
 20
72.75554135874802
 11
77.09862524624764
 21
72.75554135874802
 72
     1
 10
77.09862524624764
 20
72.75554135874802
 11
76.84199305159285
 21
72.31104135874801
 72
     1
 10
76.84199305159285
 20
72.31104135874801
 11
76.58536085693805
 21
72.75554135874802
 72
     1
 10
76.58536085693805
 20
72.75554135874802
 11
76.46362524624763
 21
72.75554135874802
 72
     1
 10
76.46362524624763
 20
72.75554135874802
 11
76.20699305159285
 21
72.31104135874801
 72
     1
 10
76.20699305159285
 20
72.31104135874801
 11
75.95036085693806
 21
72.75554135874802
 72
     1
 10
75.95036085693806
 20
72.75554135874802
 11
75.82862524624763
 21
72.75554135874802
 72
     1
 10
75.82862524624763
 20
72.75554135874802
 11
75.57199305159284
 21
72.31104135874801
 72
     1
 10
75.57199305159284
 20
72.31104135874801
 11
75.31536085693806
 21
72.75554135874802
 72
     1
 10
75.31536085693806
 20
72.75554135874802
 11
75.19362524624763
 21
72.75554135874802
 72
     1
 10
75.19362524624763
 20
72.75554135874802
 11
74.93699305159285
 21
72.31104135874801
 72
     1
 10
74.93699305159285
 20
72.31104135874801
 11
74.68036085693805
 21
72.75554135874802
 72
     1
 10
74.68036085693805
 20
72.75554135874802
 11
74.55862524624763
 21
72.75554135874802
 72
     1
 10
74.55862524624763
 20
72.75554135874802
 11
74.30199305159285
 21
72.31104135874801
 72
     1
 10
74.30199305159285
 20
72.31104135874801
 11
74.04536085693806
 21
72.75554135874802
 72
     1
 10
74.04536085693806
 20
72.75554135874802
 11
73.92362524624762
 21
72.75554135874802
 72
     1
 10
73.92362524624762
 20
72.75554135874802
 11
73.66699305159284
 21
72.31104135874801
 72
     1
 10
73.66699305159284
 20
72.31104135874801
 11
73.41036085693806
 21
72.75554135874802
 72
     1
 10
73.41036085693806
 20
72.75554135874802
 11
73.28862524624763
 21
72.75554135874802
 72
     1
 10
73.28862524624763
 20
72.75554135874802
 11
73.03199305159285
 21
72.31104135874801
 72
     1
 10
73.03199305159285
 20
72.31104135874801
 11
72.77536085693805
 21
72.75554135874802
 72
     1
 10
72.77536085693805
 20
72.75554135874802
 11
72.65362524624763
 21
72.75554135874802
 97
        0
 75
     0
 76
     1
 52
0.0
 41
0.2
 77
     0
 78
     2
 53
45.0
 43
0.0
 44
0.0
 45
-0.4490128060534576
 46
0.4490128060534577
 79
     0
 53
135.0
 43
0.0
 44
0.0
 45
-0.4490128060534577
 46
-0.4490128060534576
 79
     0
 98
        1
 10
0.0
 20
0.0
  0
HATCH
  5
587
330
1F
100
AcDbEntity
  8
0
  6
Continuous
 62
     7
370
     0
100
AcDbHatch
 10
0.0
 20
0.0
 30
0.0
210
0.0
220
0.0
230
1.0
  2
ANSI32
 70
     0
 71
     0
 91
        1
 92
        0
 93
       99
 72
     1
 10
92.8545752462457
 20
68.60104135874771
 11
92.8545752462457
 21
68.71104135874769
 72
     1
 10
92.8545752462457
 20
68.71104135874769
 11
92.50457524624571
 21
69.00472622966008
 72
     1
 10
92.50457524624571
 20
69.00472622966008
 11
92.15457524624749
 21
68.71104135874798
 72
     1
 10
92.15457524624749
 20
68.71104135874798
 11
91.8045752462466
 21
69.00472622966011
 72
     1
 10
91.8045752462466
 20
69.00472622966011
 11
91.45457524624747
 21
68.71104135874805
 72
     1
 10
91.45457524624747
 20
68.71104135874805
 11
91.1045752462466
 21
69.00472622966008
 72
     1
 10
91.1045752462466
 20
69.00472622966008
 11
90.75457524624748
 21
68.71104135874799
 72
     1
 10
90.75457524624748
 20
68.71104135874799
 11
90.4045752462466
 21
69.00472622966015
 72
     1
 10
90.4045752462466
 20
69.00472622966015
 11
90.05457524624748
 21
68.71104135874805
 72
     1
 10
90.05457524624748
 20
68.71104135874805
 11
89.7045752462466
 21
69.00472622966008
 72
     1
 10
89.7045752462466
 20
69.00472622966008
 11
89.35457524624748
 21
68.71104135874802
 72
     1
 10
89.35457524624748
 20
68.71104135874802
 11
89.0045752462466
 21
69.00472622966015
 72
     1
 10
89.0045752462466
 20
69.00472622966015
 11
88.65457524624748
 21
68.71104135874805
 72
     1
 10
88.65457524624748
 20
68.71104135874805
 11
88.3045752462466
 21
69.00472622966008
 72
     1
 10
88.3045752462466
 20
69.00472622966008
 11
87.95457524624666
 21
68.71104135874802
 72
     1
 10
87.95457524624666
 20
68.71104135874802
 11
87.60457524624661
 21
69.00472622966002
 72
     1
 10
87.60457524624661
 20
69.00472622966002
 11
87.25457524624666
 21
68.71104135874805
 72
     1
 10
87.25457524624666
 20
68.71104135874805
 11
86.90457524624662
 21
69.00472622966008
 72
     1
 10
86.90457524624662
 20
69.00472622966008
 11
86.55457524624748
 21
68.71104135874802
 72
     1
 10
86.55457524624748
 20
68.71104135874802
 11
86.20457524624666
 21
69.00472622966004
 72
     1
 10
86.20457524624666
 20
69.00472622966004
 11
85.85457524624671
 21
68.71104135874809
 72
     1
 10
85.85457524624671
 20
68.71104135874809
 11
85.50457524624666
 21
69.00472622966008
 72
     1
 10
85.50457524624666
 20
69.00472622966008
 11
85.15457524624665
 21
68.71104135874802
 72
     1
 10
85.15457524624665
 20
68.71104135874802
 11
84.80457524624667
 21
69.00472622966005
 72
     1
 10
84.80457524624667
 20
69.00472622966005
 11
84.4545752462466
 21
68.71104135874809
 72
     1
 10
84.4545752462466
 20
68.71104135874809
 11
84.10457524624712
 21
69.00472622966008
 72
     1
 10
84.10457524624712
 20
69.00472622966008
 11
83.75457524624662
 21
68.71104135874802
 72
     1
 10
83.75457524624662
 20
68.71104135874802
 11
83.40457524624712
 21
69.00472622966005
 72
     1
 10
83.40457524624712
 20
69.00472622966005
 11
83.05457524624661
 21
68.71104135874796
 72
     1
 10
83.05457524624661
 20
68.71104135874796
 11
82.70457524624713
 21
69.00472622966008
 72
     1
 10
82.70457524624713
 20
69.00472622966008
 11
82.35457524624668
 21
68.71104135874802
 72
     1
 10
82.35457524624668
 20
68.71104135874802
 11
82.00457524624747
 21
69.00472622966005
 72
     1
 10
82.00457524624747
 20
69.00472622966005
 11
81.6545752462471
 21
68.71104135874798
 72
     1
 10
81.6545752462471
 20
68.71104135874798
 11
81.30457524624764
 21
69.00472622966014
 72
     1
 10
81.30457524624764
 20
69.00472622966014
 11
80.95457524624763
 21
68.71104135874802
 72
     1
 10
80.95457524624763
 20
68.71104135874802
 11
80.78457524624763
 21
68.8536882960482
 72
     1
 10
80.78457524624763
 20
68.8536882960482
 11
80.78457524624763
 21
68.25904135874772
 72
     1
 10
80.78457524624763
 20
68.25904135874772
 11
79.48457524624763
 21
68.25904135874788
 72
     2
 10
79.48457524624763
 20
67.75904135874802
 40
0.5
 50
90.0
 51
180.0000000000285
 73
     1
 72
     1
 10
78.98457524624763
 20
67.75904135874778
 11
78.98457524624763
 21
66.53254135874795
 72
     1
 10
78.98457524624763
 20
66.53254135874795
 11
76.48457524624791
 21
66.532541358748
 72
     1
 10
76.48457524624791
 20
66.532541358748
 11
76.48457524624791
 21
65.38954135874809
 72
     1
 10
76.48457524624791
 20
65.38954135874809
 11
78.98457524624763
 21
65.38954135874809
 72
     1
 10
78.98457524624763
 20
65.38954135874809
 11
78.98457524624763
 21
64.16304135874825
 72
     2
 10
79.48457524624763
 20
64.16304135874802
 40
0.5
 50
179.9999999999739
 51
270.0000000000008
 73
     1
 72
     1
 10
79.48457524624763
 20
63.66304135874816
 11
80.78457524624764
 21
63.66304135874832
 72
     1
 10
80.78457524624764
 20
63.66304135874832
 11
80.78457524624764
 21
63.06000342513612
 72
     1
 10
80.78457524624764
 20
63.06000342513612
 11
80.95457524624766
 21
62.91735648783599
 72
     1
 10
80.95457524624766
 20
62.91735648783599
 11
81.30457524624765
 21
63.21104135874809
 72
     1
 10
81.30457524624765
 20
63.21104135874809
 11
81.65457524624765
 21
62.91735648783593
 72
     1
 10
81.65457524624765
 20
62.91735648783593
 11
82.00457524624748
 21
63.211041358748
 72
     1
 10
82.00457524624748
 20
63.211041358748
 11
82.35457524624722
 21
62.91735648783599
 72
     1
 10
82.35457524624722
 20
62.91735648783599
 11
82.70457524624715
 21
63.21104135874804
 72
     1
 10
82.70457524624715
 20
63.21104135874804
 11
83.05457524624669
 21
62.91735648783592
 72
     1
 10
83.05457524624669
 20
62.91735648783592
 11
83.40457524624713
 21
63.21104135874801
 72
     1
 10
83.40457524624713
 20
63.21104135874801
 11
83.75457524624663
 21
62.91735648783596
 72
     1
 10
83.75457524624663
 20
62.91735648783596
 11
84.10457524624714
 21
63.21104135874804
 72
     1
 10
84.10457524624714
 20
63.21104135874804
 11
84.45457524624662
 21
62.91735648783604
 72
     1
 10
84.45457524624662
 20
62.91735648783604
 11
84.80457524624711
 21
63.21104135874801
 72
     1
 10
84.80457524624711
 20
63.21104135874801
 11
85.15457524624668
 21
62.91735648783597
 72
     1
 10
85.15457524624668
 20
62.91735648783597
 11
85.50457524624713
 21
63.21104135874804
 72
     1
 10
85.50457524624713
 20
63.21104135874804
 11
85.85457524624668
 21
62.91735648783604
 72
     1
 10
85.85457524624668
 20
62.91735648783604
 11
86.20457524624669
 21
63.21104135874799
 72
     1
 10
86.20457524624669
 20
63.21104135874799
 11
86.55457524624669
 21
62.91735648783596
 72
     1
 10
86.55457524624669
 20
62.91735648783596
 11
86.90457524624657
 21
63.21104135874804
 72
     1
 10
86.90457524624657
 20
63.21104135874804
 11
87.25457524624662
 21
62.917356487836
 72
     1
 10
87.25457524624662
 20
62.917356487836
 11
87.60457524624657
 21
63.21104135874798
 72
     1
 10
87.60457524624657
 20
63.21104135874798
 11
87.95457524624662
 21
62.91735648783596
 72
     1
 10
87.95457524624662
 20
62.91735648783596
 11
88.30457524624656
 21
63.21104135874802
 72
     1
 10
88.30457524624656
 20
63.21104135874802
 11
88.65457524624662
 21
62.917356487836
 72
     1
 10
88.65457524624662
 20
62.917356487836
 11
89.00457524624572
 21
63.2110413587481
 72
     1
 10
89.00457524624572
 20
63.2110413587481
 11
89.35457524624661
 21
62.91735648783597
 72
     1
 10
89.35457524624661
 20
62.91735648783597
 11
89.70457524624572
 21
63.21104135874803
 72
     1
 10
89.70457524624572
 20
63.21104135874803
 11
90.05457524624661
 21
62.917356487836
 72
     1
 10
90.05457524624661
 20
62.917356487836
 11
90.40457524624573
 21
63.21104135874811
 72
     1
 10
90.40457524624573
 20
63.21104135874811
 11
90.75457524624662
 21
62.91735648783595
 72
     1
 10
90.75457524624662
 20
62.91735648783595
 11
91.10457524624572
 21
63.21104135874802
 72
     1
 10
91.10457524624572
 20
63.21104135874802
 11
91.4545752462466
 21
62.91735648783601
 72
     1
 10
91.4545752462466
 20
62.91735648783601
 11
91.80457524624572
 21
63.21104135874806
 72
     1
 10
91.80457524624572
 20
63.21104135874806
 11
92.15457524624661
 21
62.91735648783594
 72
     1
 10
92.15457524624661
 20
62.91735648783594
 11
92.50457524624558
 21
63.21104135874802
 72
     1
 10
92.50457524624558
 20
63.21104135874802
 11
92.67957524624558
 21
63.06419892329206
 72
     1
 10
92.67957524624558
 20
63.06419892329206
 11
92.85457524624569
 21
63.21104135874841
 72
     1
 10
92.85457524624569
 20
63.21104135874841
 11
92.85457524624569
 21
63.32104135874805
 72
     1
 10
92.85457524624569
 20
63.32104135874805
 11
93.38457524624569
 21
63.3210413587484
 72
     2
 10
93.38457524624569
 20
63.42104135874806
 40
0.1
 50
270.0000000000008
 51
360.0000000000945
 73
     1
 72
     1
 10
93.48457524624565
 20
63.42104135874822
 11
93.48457524624565
 21
63.56304135874805
 72
     2
 10
93.38457524624569
 20
63.56304135874805
 40
0.1
 50
0.0
 51
90.0
 73
     1
 72
     1
 10
93.38457524624569
 20
63.66304135874805
 11
91.60457524624663
 21
63.66304135874835
 72
     1
 10
91.60457524624663
 20
63.66304135874835
 11
91.60457524624661
 21
65.46104135874805
 72
     1
 10
91.60457524624661
 20
65.46104135874805
 11
80.78457524624763
 21
65.46104135874809
 72
     1
 10
80.78457524624763
 20
65.46104135874809
 11
80.78457524624763
 21
66.46104135874796
 72
     1
 10
80.78457524624763
 20
66.46104135874796
 11
91.60457524624658
 21
66.46104135874799
 72
     1
 10
91.60457524624658
 20
66.46104135874799
 11
91.60457524624658
 21
68.25904135874775
 72
     1
 10
91.60457524624658
 20
68.25904135874775
 11
93.38457524624566
 21
68.25904135874775
 72
     2
 10
93.38457524624569
 20
68.35904135874806
 40
0.1
 50
269.9999999999845
 51
359.9999999999112
 73
     1
 72
     1
 10
93.48457524624565
 20
68.3590413587479
 11
93.48457524624565
 21
68.50104135874773
 72
     2
 10
93.38457524624569
 20
68.50104135874805
 40
0.1
 50
359.9999999998136
 51
450.0000000000008
 73
     1
 72
     1
 10
93.38457524624569
 20
68.60104135874788
 11
92.8545752462457
 21
68.60104135874771
 97
        0
 75
     0
 76
     1
 52
0.0
 41
0.1
 77
     0
 78
     2
 53
45.0
 43
0.0
 44
0.0
 45
-0.6735192090801866
 46
0.6735192090801867
 79
     0
 53
45.0
 43
0.449013
 44
0.0
 45
-0.6735192090801866
 46
0.6735192090801867
 79
     0
 98
        1
 10
0.0
 20
0.0
  0
HATCH
  5
588
330
1F
100
AcDbEntity
  8
0
  6
Continuous
 62
     7
370
     0
100
AcDbHatch
 10
0.0
 20
0.0
 30
0.0
210
0.0
220
0.0
230
1.0
  2
ANSI34
 70
     0
 71
     0
 91
        1
 92
        0
 93
        4
 72
     1
 10
77.13037524624762
 20
65.32604135874803
 11
77.13037524624762
 21
62.93844135874797
 72
     1
 10
77.13037524624762
 20
62.93844135874797
 11
78.7305752462477
 21
62.93844135874797
 72
     1
 10
78.7305752462477
 20
62.93844135874797
 11
78.73057524624762
 21
65.32604135874801
 72
     1
 10
78.73057524624762
 20
65.32604135874801
 11
77.13037524624762
 21
65.32604135874803
 97
        0
 75
     0
 76
     1
 52
0.0
 41
0.025
 77
     0
 78
     4
 53
45.0
 43
0.0
 44
0.0
 45
-0.3367596045400933
 46
0.3367596045400933
 79
     0
 53
45.0
 43
0.11225325
 44
0.0
 45
-0.3367596045400933
 46
0.3367596045400933
 79
     0
 53
45.0
 43
0.2245065
 44
0.0
 45
-0.3367596045400933
 46
0.3367596045400933
 79
     0
 53
45.0
 43
0.33676
 44
0.0
 45
-0.3367596045400933
 46
0.3367596045400933
 79
     0
 98
        1
 10
0.0
 20
0.0
  0
HATCH
  5
589
330
1F
100
AcDbEntity
  8
0
  6
Continuous
 62
     7
370
     0
100
AcDbHatch
 10
0.0
 20
0.0
 30
0.0
210
0.0
220
0.0
230
1.0
  2
ANSI34
 70
     0
 71
     0
 91
        1
 92
        0
 93
        4
 72
     1
 10
78.73057524624762
 20
66.59604135874801
 11
78.73057524624762
 21
68.98364135874807
 72
     1
 10
78.73057524624762
 20
68.98364135874807
 11
77.13037524624762
 21
68.98364135874807
 72
     1
 10
77.13037524624762
 20
68.98364135874807
 11
77.13037524624762
 21
66.59604135874801
 72
     1
 10
77.13037524624762
 20
66.59604135874801
 11
78.73057524624762
 21
66.59604135874801
 97
        0
 75
     0
 76
     1
 52
0.0
 41
0.025
 77
     0
 78
     4
 53
45.0
 43
0.0
 44
0.0
 45
-0.3367596045400933
 46
0.3367596045400933
 79
     0
 53
45.0
 43
0.11225325
 44
0.0
 45
-0.3367596045400933
 46
0.3367596045400933
 79
     0
 53
45.0
 43
0.2245065
 44
0.0
 45
-0.3367596045400933
 46
0.3367596045400933
 79
     0
 53
45.0
 43
0.33676
 44
0.0
 45
-0.3367596045400933
 46
0.3367596045400933
 79
     0
 98
        1
 10
0.0
 20
0.0
  0
HATCH
  5
58A
330
1F
100
AcDbEntity
  8
0
  6
Continuous
 62
     7
370
     0
100
AcDbHatch
 10
0.0
 20
0.0
 30
0.0
210
0.0
220
0.0
230
1.0
  2
ANSI37
 70
     0
 71
     0
 91
        1
 92
        0
 93
        4
 72
     1
 10
75.86037524624764
 20
64.69104135874801
 11
75.86037524624764
 21
63.83606921117497
 72
     1
 10
75.86037524624764
 20
63.83606921117497
 11
77.13037524624764
 21
63.83606921117497
 72
     1
 10
77.13037524624764
 20
63.83606921117497
 11
77.13037524624762
 21
64.69104135874801
 72
     1
 10
77.13037524624762
 20
64.69104135874801
 11
75.86037524624764
 21
64.69104135874801
 97
        0
 75
     0
 76
     1
 52
0.0
 41
0.1
 77
     0
 78
     2
 53
45.0
 43
0.0
 44
0.0
 45
-0.2245064030267288
 46
0.2245064030267289
 79
     0
 53
135.0
 43
0.0
 44
0.0
 45
-0.2245064030267289
 46
-0.2245064030267288
 79
     0
 98
        1
 10
0.0
 20
0.0
  0
HATCH
  5
58B
330
1F
100
AcDbEntity
  8
0
  6
Continuous
 62
     7
370
     0
100
AcDbHatch
 10
0.0
 20
0.0
 30
0.0
210
0.0
220
0.0
230
1.0
  2
ANSI37
 70
     0
 71
     0
 91
        1
 92
        0
 93
        4
 72
     1
 10
77.13037524624762
 20
67.23104135874803
 11
77.13037524624762
 21
68.08601350632105
 72
     1
 10
77.13037524624762
 20
68.08601350632105
 11
75.86037524624763
 21
68.08601350632105
 72
     1
 10
75.86037524624763
 20
68.08601350632105
 11
75.86037524624764
 21
67.23104135874803
 72
     1
 10
75.86037524624764
 20
67.23104135874803
 11
77.13037524624762
 21
67.23104135874803
 97
        0
 75
     0
 76
     1
 52
0.0
 41
0.1
 77
     0
 78
     2
 53
45.0
 43
0.0
 44
0.0
 45
-0.2245064030267288
 46
0.2245064030267289
 79
     0
 53
135.0
 43
0.0
 44
0.0
 45
-0.2245064030267289
 46
-0.2245064030267288
 79
     0
 98
        1
 10
0.0
 20
0.0
  0
HATCH
  5
58C
330
1F
100
AcDbEntity
  8
0
  6
Continuous
 62
     7
370
     0
100
AcDbHatch
 10
0.0
 20
0.0
 30
0.0
210
0.0
220
0.0
230
1.0
  2
ANSI37
 70
     0
 71
     0
 91
        1
 92
        0
 93
        4
 72
     1
 10
77.13037524624762
 20
68.87568473752114
 11
77.13037524624762
 21
69.51704135874802
 72
     1
 10
77.13037524624762
 20
69.51704135874802
 11
75.86037524624763
 21
69.51704135874802
 72
     1
 10
75.86037524624763
 20
69.51704135874802
 11
75.86037524624763
 21
68.8756847375212
 72
     1
 10
75.86037524624763
 20
68.8756847375212
 11
77.13037524624762
 21
68.87568473752114
 97
        0
 75
     0
 76
     1
 52
0.0
 41
0.1
 77
     0
 78
     2
 53
45.0
 43
0.0
 44
0.0
 45
-0.2245064030267288
 46
0.2245064030267289
 79
     0
 53
135.0
 43
0.0
 44
0.0
 45
-0.2245064030267289
 46
-0.2245064030267288
 79
     0
 98
        1
 10
0.0
 20
0.0
  0
HATCH
  5
58D
330
1F
100
AcDbEntity
  8
0
  6
Continuous
 62
     7
370
     0
100
AcDbHatch
 10
0.0
 20
0.0
 30
0.0
210
0.0
220
0.0
230
1.0
  2
ANSI37
 70
     0
 71
     0
 91
        1
 92
        0
 93
        4
 72
     1
 10
75.86037524624764
 20
63.04639797997483
 11
75.86037524624764
 21
62.40504135874802
 72
     1
 10
75.86037524624764
 20
62.40504135874802
 11
77.13037524624764
 21
62.40504135874802
 72
     1
 10
77.13037524624764
 20
62.40504135874802
 11
77.13037524624764
 21
63.04639797997486
 72
     1
 10
77.13037524624764
 20
63.04639797997486
 11
75.86037524624764
 21
63.04639797997483
 97
        0
 75
     0
 76
     1
 52
0.0
 41
0.1
 77
     0
 78
     2
 53
45.0
 43
0.0
 44
0.0
 45
-0.2245064030267288
 46
0.2245064030267289
 79
     0
 53
135.0
 43
0.0
 44
0.0
 45
-0.2245064030267289
 46
-0.2245064030267288
 79
     0
 98
        1
 10
0.0
 20
0.0
  0
HATCH
  5
58E
330
1F
100
AcDbEntity
  8
0
  6
Continuous
 62
     7
370
     0
100
AcDbHatch
 10
0.0
 20
0.0
 30
0.0
210
0.0
220
0.0
230
1.0
  2
ANSI33
 70
     0
 71
     0
 91
        1
 92
        0
 93
        4
 72
     1
 10
84.11537524624764
 20
62.73524135874802
 11
84.11537524624764
 21
60.37304135874801
 72
     1
 10
84.11537524624764
 20
60.37304135874801
 11
85.00437524624763
 21
60.37304135874801
 72
     1
 10
85.00437524624763
 20
60.37304135874801
 11
85.00437524624763
 21
62.73524135874802
 72
     1
 10
85.00437524624763
 20
62.73524135874802
 11
84.11537524624764
 21
62.73524135874802
 97
        0
 75
     0
 76
     1
 52
0.0
 41
0.0666666667
 77
     0
 78
     2
 53
45.0
 43
0.0
 44
0.0
 45
-0.2993418707023051
 46
0.2993418707023051
 79
     0
 53
45.0
 43
0.299342
 44
0.0
 45
-0.2993418707023051
 46
0.2993418707023051
 79
     2
 49
0.2116666666666666
 49
-0.1058333333333333
 98
        1
 10
0.0
 20
0.0
  0
HATCH
  5
58F
330
1F
100
AcDbEntity
  8
0
  6
Continuous
 62
     7
370
     0
100
AcDbHatch
 10
0.0
 20
0.0
 30
0.0
210
0.0
220
0.0
230
1.0
  2
ANSI33
 70
     0
 71
     0
 91
        1
 92
        0
 93
        4
 72
     1
 10
85.00437524624763
 20
69.18684135874801
 11
85.00437524624763
 21
71.54904135874803
 72
     1
 10
85.00437524624763
 20
71.54904135874803
 11
84.11537524624764
 21
71.54904135874803
 72
     1
 10
84.11537524624764
 20
71.54904135874803
 11
84.11537524624764
 21
69.18684135874801
 72
     1
 10
84.11537524624764
 20
69.18684135874801
 11
85.00437524624763
 21
69.18684135874801
 97
        0
 75
     0
 76
     1
 52
0.0
 41
0.0666666667
 77
     0
 78
     2
 53
45.0
 43
0.0
 44
0.0
 45
-0.2993418707023051
 46
0.2993418707023051
 79
     0
 53
45.0
 43
0.299342
 44
0.0
 45
-0.2993418707023051
 46
0.2993418707023051
 79
     2
 49
0.2116666666666666
 49
-0.1058333333333333
 98
        1
 10
0.0
 20
0.0
  0
HATCH
  5
590
330
1F
100
AcDbEntity
  8
0
  6
Continuous
 62
     7
370
     0
100
AcDbHatch
 10
0.0
 20
0.0
 30
0.0
210
0.0
220
0.0
230
1.0
  2
ANSI31
 70
     0
 71
     0
 91
        1
 92
        0
 93
        4
 72
     1
 10
85.00437524624765
 20
62.78604135874804
 11
85.00437524624765
 21
62.13711295395073
 72
     1
 10
85.00437524624765
 20
62.13711295395073
 11
87.00437524624765
 21
62.13711295395071
 72
     1
 10
87.00437524624765
 20
62.13711295395071
 11
87.00437524624765
 21
62.78604135874804
 72
     1
 10
87.00437524624765
 20
62.78604135874804
 11
85.00437524624765
 21
62.78604135874804
 97
        0
 75
     0
 76
     1
 52
0.0
 41
0.05
 77
     0
 78
     1
 53
45.0
 43
0.0
 44
0.0
 45
-0.1122532015133644
 46
0.1122532015133644
 79
     0
 98
        1
 10
0.0
 20
0.0
  0
HATCH
  5
591
330
1F
100
AcDbEntity
  8
0
  6
Continuous
 62
     7
370
     0
100
AcDbHatch
 10
0.0
 20
0.0
 30
0.0
210
0.0
220
0.0
230
1.0
  2
ANSI31
 70
     0
 71
     0
 91
        1
 92
        0
 93
        4
 72
     1
 10
87.00437524624762
 20
69.13604135874806
 11
87.00437524624763
 21
69.78496976354529
 72
     1
 10
87.00437524624763
 20
69.78496976354529
 11
85.00437524624762
 21
69.78496976354532
 72
     1
 10
85.00437524624762
 20
69.78496976354532
 11
85.00437524624762
 21
69.13604135874806
 72
     1
 10
85.00437524624762
 20
69.13604135874806
 11
87.00437524624762
 21
69.13604135874806
 97
        0
 75
     0
 76
     1
 52
0.0
 41
0.05
 77
     0
 78
     1
 53
45.0
 43
0.0
 44
0.0
 45
-0.1122532015133644
 46
0.1122532015133644
 79
     0
 98
        1
 10
0.0
 20
0.0
  0
HATCH
  5
592
330
1F
100
AcDbEntity
  8
0
  6
Continuous
 62
     7
370
     0
100
AcDbHatch
 10
0.0
 20
0.0
 30
0.0
210
0.0
220
0.0
230
1.0
  2
ANSI37
 70
     0
 71
     0
 91
        1
 92
        0
 93
       12
 72
     1
 10
69.76437524624764
 20
60.50004135874752
 11
70.27237524624763
 21
59.992041358748
 72
     1
 10
70.27237524624763
 20
59.992041358748
 11
70.27237524624763
 21
61.198541358748
 72
     1
 10
70.27237524624763
 20
61.198541358748
 11
74.08237524624764
 21
61.19854135874757
 72
     1
 10
74.08237524624764
 20
61.19854135874757
 11
74.08237524624764
 21
61.70654135874801
 72
     1
 10
74.08237524624764
 20
61.70654135874801
 11
70.78037524624763
 21
61.70654135874762
 72
     1
 10
70.78037524624763
 20
61.70654135874762
 11
70.78037524624763
 21
62.78604135874802
 72
     1
 10
70.78037524624763
 20
62.78604135874802
 11
69.76437524624764
 21
62.78604135874802
 72
     1
 10
69.76437524624764
 20
62.78604135874802
 11
69.76437524624764
 21
62.1510413587478
 72
     1
 10
69.76437524624764
 20
62.1510413587478
 11
70.14537524624764
 21
62.1510413587478
 72
     1
 10
70.14537524624764
 20
62.1510413587478
 11
70.14537524624764
 21
61.13504135874746
 72
     1
 10
70.14537524624764
 20
61.13504135874746
 11
69.76437524624764
 21
61.13504135874751
 72
     1
 10
69.76437524624764
 20
61.13504135874751
 11
69.76437524624764
 21
60.50004135874752
 97
        0
 75
     0
 76
     1
 52
0.0
 41
0.1
 77
     0
 78
     2
 53
45.0
 43
0.0
 44
0.0
 45
-0.2245064030267288
 46
0.2245064030267289
 79
     0
 53
135.0
 43
0.0
 44
0.0
 45
-0.2245064030267289
 46
-0.2245064030267288
 79
     0
 98
        1
 10
0.0
 20
0.0
  0
HATCH
  5
593
330
1F
100
AcDbEntity
  8
0
  6
Continuous
 62
     7
370
     0
100
AcDbHatch
 10
0.0
 20
0.0
 30
0.0
210
0.0
220
0.0
230
1.0
  2
ANSI37
 70
     0
 71
     0
 91
        1
 92
        0
 93
       12
 72
     1
 10
74.08237524624764
 20
70.72354135874846
 11
70.27237524624763
 21
70.72354135874804
 72
     1
 10
70.27237524624763
 20
70.72354135874804
 11
70.27237524624763
 21
71.93004135874803
 72
     1
 10
70.27237524624763
 20
71.93004135874803
 11
69.76437524624764
 21
71.42204135874852
 72
     1
 10
69.76437524624764
 20
71.42204135874852
 11
69.76437524624764
 21
70.78704135874827
 72
     1
 10
69.76437524624764
 20
70.78704135874827
 11
70.14537524624764
 21
70.78704135874827
 72
     1
 10
70.14537524624764
 20
70.78704135874827
 11
70.14537524624764
 21
69.77104135874845
 72
     1
 10
70.14537524624764
 20
69.77104135874845
 11
69.76437524624764
 21
69.7710413587485
 72
     1
 10
69.76437524624764
 20
69.7710413587485
 11
69.76437524624764
 21
69.13604135874803
 72
     1
 10
69.76437524624764
 20
69.13604135874803
 11
70.78037524624763
 21
69.13604135874803
 72
     1
 10
70.78037524624763
 20
69.13604135874803
 11
70.78037524624763
 21
70.21554135874841
 72
     1
 10
70.78037524624763
 20
70.21554135874841
 11
74.08237524624764
 21
70.21554135874803
 72
     1
 10
74.08237524624764
 20
70.21554135874803
 11
74.08237524624764
 21
70.72354135874846
 97
        0
 75
     0
 76
     1
 52
0.0
 41
0.1
 77
     0
 78
     2
 53
45.0
 43
0.0
 44
0.0
 45
-0.2245064030267288
 46
0.2245064030267289
 79
     0
 53
135.0
 43
0.0
 44
0.0
 45
-0.2245064030267289
 46
-0.2245064030267288
 79
     0
 98
        1
 10
0.0
 20
0.0
  0
DIMENSION
  5
594
330
1F
100
AcDbEntity
  8
0
  6
Continuous
 62
     7
370
     0
100
AcDbDimension
  2
_D_8
 10
73.8603752462
 20
77.0459930061
 30
0.0
 11
86.3027359565
 21
77.0459930061
 31
0.0
 70
   160
  1
<> To Detector Surface
 71
     2
 42
-1.0
  3
SLDDIMSTYLE2
100
AcDbAlignedDimension
 13
69.7643752462
 23
71.4220413587
 33
0.0
 14
73.8603752462
 24
68.1436569594
 34
0.0
100
AcDbRotatedDimension
  0
DIMENSION
  5
5A7
330
1F
100
AcDbEntity
  8
0
  6
Continuous
 62
     7
370
     0
100
AcDbDimension
  2
_D_9
 10
72.3603752462
 20
55.063713671
 30
0.0
 11
62.6702676459
 21
55.063713671
 31
0.0
 70
   160
  1
<>
 71
     2
 42
-1.0
  3
SLDDIMSTYLE2
100
AcDbAlignedDimension
 13
69.7643752462
 23
60.5000413587
 33
0.0
 14
72.3603752462
 24
62.2145413587
 34
0.0
100
AcDbRotatedDimension
  0
MTEXT
  5
5BB
330
1F
100
AcDbEntity
  8
0
  6
Continuous
 62
     7
370
     0
100
AcDbMText
 10
81.3315078158
 20
57.4516405805
 30
0.0
 40
0.8466666667
 41
0.0
 71
     2
 72
     1
  1
SECTION A-A
  7
SLDTEXTSTYLE0
 73
     1
 44
1.0
  0
OLE2FRAME
  5
5BC
330
1F
100
AcDbEntity
  8
0
100
AcDbOle2Frame
 70
     2
  3
Paintbrush Picture
 10
91.620970332
 20
13.4798519168
 30
0.0
 11
106.0674587683
 21
11.4221918428
 31
0.0
 71
     2
 72
     0
 73
     1
 90
     7296
310
8055F6F558FABDE75640CD6C8326AFF52A40000000000000000068F0943E5184
310
5A40CD6C8326AFF52A40000000000000000068F0943E51845A40F8177B8729D8
310
26400000000000000000F6F558FABDE75640F8177B8729D82640000000000000
310
00000000000001000000000100000100000001000000000001000000001C0000
310
D0CF11E0A1B11AE1000000000000000000000000000000003E000300FEFF0900
310
0600000000000000000000000100000001000000000000000010000002000000
310
01000000FEFFFFFF0000000000000000FFFFFFFFFFFFFFFFFFFFFFFFFFFFFFFF
310
FFFFFFFFFFFFFFFFFFFFFFFFFFFFFFFFFFFFFFFFFFFFFFFFFFFFFFFFFFFFFFFF
310
FFFFFFFFFFFFFFFFFFFFFFFFFFFFFFFFFFFFFFFFFFFFFFFFFFFFFFFFFFFFFFFF
310
FFFFFFFFFFFFFFFFFFFFFFFFFFFFFFFFFFFFFFFFFFFFFFFFFFFFFFFFFFFFFFFF
310
FFFFFFFFFFFFFFFFFFFFFFFFFFFFFFFFFFFFFFFFFFFFFFFFFFFFFFFFFFFFFFFF
310
FFFFFFFFFFFFFFFFFFFFFFFFFFFFFFFFFFFFFFFFFFFFFFFFFFFFFFFFFFFFFFFF
310
FFFFFFFFFFFFFFFFFFFFFFFFFFFFFFFFFFFFFFFFFFFFFFFFFFFFFFFFFFFFFFFF
310
FFFFFFFFFFFFFFFFFFFFFFFFFFFFFFFFFFFFFFFFFFFFFFFFFFFFFFFFFFFFFFFF
310
FFFFFFFFFFFFFFFFFFFFFFFFFFFFFFFFFFFFFFFFFFFFFFFFFFFFFFFFFFFFFFFF
310
FFFFFFFFFFFFFFFFFFFFFFFFFFFFFFFFFFFFFFFFFFFFFFFFFFFFFFFFFFFFFFFF
310
FFFFFFFFFFFFFFFFFFFFFFFFFFFFFFFFFFFFFFFFFFFFFFFFFFFFFFFFFFFFFFFF
310
FFFFFFFFFFFFFFFFFFFFFFFFFFFFFFFFFFFFFFFFFFFFFFFFFFFFFFFFFFFFFFFF
310
FFFFFFFFFFFFFFFFFFFFFFFFFFFFFFFFFFFFFFFFFFFFFFFFFFFFFFFFFFFFFFFF
310
FFFFFFFFFFFFFFFFFFFFFFFFFFFFFFFFFFFFFFFFFFFFFFFFFFFFFFFFFFFFFFFF
310
FDFFFFFFFEFFFFFFFEFFFFFFFEFFFFFF05000000060000000700000008000000
310
090000000A0000000B0000000C000000FEFFFFFFFFFFFFFFFFFFFFFFFFFFFFFF
310
FFFFFFFFFFFFFFFFFFFFFFFFFFFFFFFFFFFFFFFFFFFFFFFFFFFFFFFFFFFFFFFF
310
FFFFFFFFFFFFFFFFFFFFFFFFFFFFFFFFFFFFFFFFFFFFFFFFFFFFFFFFFFFFFFFF
310
FFFFFFFFFFFFFFFFFFFFFFFFFFFFFFFFFFFFFFFFFFFFFFFFFFFFFFFFFFFFFFFF
310
FFFFFFFFFFFFFFFFFFFFFFFFFFFFFFFFFFFFFFFFFFFFFFFFFFFFFFFFFFFFFFFF
310
FFFFFFFFFFFFFFFFFFFFFFFFFFFFFFFFFFFFFFFFFFFFFFFFFFFFFFFFFFFFFFFF
310
FFFFFFFFFFFFFFFFFFFFFFFFFFFFFFFFFFFFFFFFFFFFFFFFFFFFFFFFFFFFFFFF
310
FFFFFFFFFFFFFFFFFFFFFFFFFFFFFFFFFFFFFFFFFFFFFFFFFFFFFFFFFFFFFFFF
310
FFFFFFFFFFFFFFFFFFFFFFFFFFFFFFFFFFFFFFFFFFFFFFFFFFFFFFFFFFFFFFFF
310
FFFFFFFFFFFFFFFFFFFFFFFFFFFFFFFFFFFFFFFFFFFFFFFFFFFFFFFFFFFFFFFF
310
FFFFFFFFFFFFFFFFFFFFFFFFFFFFFFFFFFFFFFFFFFFFFFFFFFFFFFFFFFFFFFFF
310
FFFFFFFFFFFFFFFFFFFFFFFFFFFFFFFFFFFFFFFFFFFFFFFFFFFFFFFFFFFFFFFF
310
FFFFFFFFFFFFFFFFFFFFFFFFFFFFFFFFFFFFFFFFFFFFFFFFFFFFFFFFFFFFFFFF
310
FFFFFFFFFFFFFFFFFFFFFFFFFFFFFFFFFFFFFFFFFFFFFFFFFFFFFFFFFFFFFFFF
310
FFFFFFFFFFFFFFFFFFFFFFFFFFFFFFFFFFFFFFFFFFFFFFFFFFFFFFFFFFFFFFFF
310
52006F006F007400200045006E00740072007900000000000000000000000000
310
0000000000000000000000000000000000000000000000000000000000000000
310
16000500FFFFFFFFFFFFFFFF020000000A00030000000000C000000000000046
310
000000000000000000000000C067DB7493ECD30103000000C000000000000000
310
01004F006C006500000000000000000000000000000000000000000000000000
310
0000000000000000000000000000000000000000000000000000000000000000
310
0A000200FFFFFFFFFFFFFFFFFFFFFFFF00000000000000000000000000000000
310
0000000000000000000000000000000000000000000000001400000000000000
310
010043006F006D0070004F0062006A0000000000000000000000000000000000
310
0000000000000000000000000000000000000000000000000000000000000000
310
120002010100000003000000FFFFFFFF00000000000000000000000000000000
310
0000000000000000000000000000000000000000010000004D00000000000000
310
01004F006C006500310030004E00610074006900760065000000000000000000
310
0000000000000000000000000000000000000000000000000000000000000000
310
1A000200FFFFFFFFFFFFFFFFFFFFFFFF00000000000000000000000000000000
310
000000000000000000000000000000000000000004000000E411000000000000
310
FEFFFFFF02000000FEFFFFFFFFFFFFFFFFFFFFFFFFFFFFFFFFFFFFFFFFFFFFFF
310
FFFFFFFFFFFFFFFFFFFFFFFFFFFFFFFFFFFFFFFFFFFFFFFFFFFFFFFFFFFFFFFF
310
FFFFFFFFFFFFFFFFFFFFFFFFFFFFFFFFFFFFFFFFFFFFFFFFFFFFFFFFFFFFFFFF
310
FFFFFFFFFFFFFFFFFFFFFFFFFFFFFFFFFFFFFFFFFFFFFFFFFFFFFFFFFFFFFFFF
310
FFFFFFFFFFFFFFFFFFFFFFFFFFFFFFFFFFFFFFFFFFFFFFFFFFFFFFFFFFFFFFFF
310
FFFFFFFFFFFFFFFFFFFFFFFFFFFFFFFFFFFFFFFFFFFFFFFFFFFFFFFFFFFFFFFF
310
FFFFFFFFFFFFFFFFFFFFFFFFFFFFFFFFFFFFFFFFFFFFFFFFFFFFFFFFFFFFFFFF
310
FFFFFFFFFFFFFFFFFFFFFFFFFFFFFFFFFFFFFFFFFFFFFFFFFFFFFFFFFFFFFFFF
310
FFFFFFFFFFFFFFFFFFFFFFFFFFFFFFFFFFFFFFFFFFFFFFFFFFFFFFFFFFFFFFFF
310
FFFFFFFFFFFFFFFFFFFFFFFFFFFFFFFFFFFFFFFFFFFFFFFFFFFFFFFFFFFFFFFF
310
FFFFFFFFFFFFFFFFFFFFFFFFFFFFFFFFFFFFFFFFFFFFFFFFFFFFFFFFFFFFFFFF
310
FFFFFFFFFFFFFFFFFFFFFFFFFFFFFFFFFFFFFFFFFFFFFFFFFFFFFFFFFFFFFFFF
310
FFFFFFFFFFFFFFFFFFFFFFFFFFFFFFFFFFFFFFFFFFFFFFFFFFFFFFFFFFFFFFFF
310
FFFFFFFFFFFFFFFFFFFFFFFFFFFFFFFFFFFFFFFFFFFFFFFFFFFFFFFFFFFFFFFF
310
FFFFFFFFFFFFFFFFFFFFFFFFFFFFFFFFFFFFFFFFFFFFFFFFFFFFFFFFFFFFFFFF
310
FFFFFFFFFFFFFFFFFFFFFFFFFFFFFFFFFFFFFFFFFFFFFFFFFFFFFFFFFFFFFFFF
310
0100000200000000000000000000000000000000000000000000000000000000
310
0000000000000000000000000000000000000000000000000000000000000000
310
0100FEFF030A0000FFFFFFFF0A00030000000000C00000000000004607000000
310
5042727573680007000000504272757368000700000050427275736800F439B2
310
7100000000000000000000000000000000000000000000000000000000000000
310
0000000000000000000000000000000000000000000000000000000000000000
310
0000000000000000000000000000000000000000000000000000000000000000
310
0000000000000000000000000000000000000000000000000000000000000000
310
0000000000000000000000000000000000000000000000000000000000000000
310
0000000000000000000000000000000000000000000000000000000000000000
310
0000000000000000000000000000000000000000000000000000000000000000
310
0000000000000000000000000000000000000000000000000000000000000000
310
0000000000000000000000000000000000000000000000000000000000000000
310
0000000000000000000000000000000000000000000000000000000000000000
310
0000000000000000000000000000000000000000000000000000000000000000
310
0000000000000000000000000000000000000000000000000000000000000000
310
E0110000424DDE11000000000000360400002800000096000000170000000100
310
08000000000000000000E7240000E72400000001000000010000000000FF0101
310
01FF020202FF030303FF040404FF050505FF060606FF070707FF080808FF0909
310
09FF0A0A0AFF0B0B0BFF0C0C0CFF0D0D0DFF0E0E0EFF0F0F0FFF101010FF1111
310
11FF121212FF131313FF141414FF151515FF161616FF171717FF181818FF1919
310
19FF1A1A1AFF1B1B1BFF1C1C1CFF1D1D1DFF1E1E1EFF1F1F1FFF202020FF2121
310
21FF222222FF232323FF242424FF252525FF262626FF272727FF282828FF2929
310
29FF2A2A2AFF2B2B2BFF2C2C2CFF2D2D2DFF2E2E2EFF2F2F2FFF303030FF3131
310
31FF323232FF333333FF343434FF353535FF363636FF373737FF383838FF3939
310
39FF3A3A3AFF3B3B3BFF3C3C3CFF3D3D3DFF3E3E3EFF3F3F3FFF404040FF4141
310
41FF424242FF434343FF444444FF454545FF464646FF474747FF484848FF4949
310
49FF4A4A4AFF4B4B4BFF4C4C4CFF4D4D4DFF4E4E4EFF4F4F4FFF505050FF5151
310
51FF525252FF535353FF545454FF555555FF565656FF575757FF585858FF5959
310
59FF5A5A5AFF5B5B5BFF5C5C5CFF5D5D5DFF5E5E5EFF5F5F5FFF606060FF6161
310
61FF626262FF636363FF646464FF656565FF666666FF676767FF686868FF6969
310
69FF6A6A6AFF6B6B6BFF6C6C6CFF6D6D6DFF6E6E6EFF6F6F6FFF707070FF7171
310
71FF727272FF737373FF747474FF757575FF767676FF777777FF787878FF7979
310
79FF7A7A7AFF7B7B7BFF7C7C7CFF7D7D7DFF7E7E7EFF7F7F7FFF808080FF8181
310
81FF828282FF838383FF848484FF858585FF868686FF878787FF888888FF8989
310
89FF8A8A8AFF8B8B8BFF8C8C8CFF8D8D8DFF8E8E8EFF8F8F8FFF909090FF9191
310
91FF929292FF939393FF949494FF959595FF969696FF979797FF989898FF9999
310
99FF9A9A9AFF9B9B9BFF9C9C9CFF9D9D9DFF9E9E9EFF9F9F9FFFA0A0A0FFA1A1
310
A1FFA2A2A2FFA3A3A3FFA4A4A4FFA5A5A5FFA6A6A6FFA7A7A7FFA8A8A8FFA9A9
310
A9FFAAAAAAFFABABABFFACACACFFADADADFFAEAEAEFFAFAFAFFFB0B0B0FFB1B1
310
B1FFB2B2B2FFB3B3B3FFB4B4B4FFB5B5B5FFB6B6B6FFB7B7B7FFB8B8B8FFB9B9
310
B9FFBABABAFFBBBBBBFFBCBCBCFFBDBDBDFFBEBEBEFFBFBFBFFFC0C0C0FFC1C1
310
C1FFC2C2C2FFC3C3C3FFC4C4C4FFC5C5C5FFC6C6C6FFC7C7C7FFC8C8C8FFC9C9
310
C9FFCACACAFFCBCBCBFFCCCCCCFFCDCDCDFFCECECEFFCFCFCFFFD0D0D0FFD1D1
310
D1FFD2D2D2FFD3D3D3FFD4D4D4FFD5D5D5FFD6D6D6FFD7D7D7FFD8D8D8FFD9D9
310
D9FFDADADAFFDBDBDBFFDCDCDCFFDDDDDDFFDEDEDEFFDFDFDFFFE0E0E0FFE1E1
310
E1FFE2E2E2FFE3E3E3FFE4E4E4FFE5E5E5FFE6E6E6FFE7E7E7FFE8E8E8FFE9E9
310
E9FFEAEAEAFFEBEBEBFFECECECFFEDEDEDFFEEEEEEFFEFEFEFFFF0F0F0FFF1F1
310
F1FFF2F2F2FFF3F3F3FFF4F4F4FFF5F5F5FFF6F6F6FFF7F7F7FFF8F8F8FFF9F9
310
F9FFFAFAFAFFFBFBFBFFFCFCFCFFFDFDFDFFFEFEFEFFFFFFFFFFFFFFFFFFFFFF
310
C94E4E4E4F4E4EFFFFFFFFFFC94E4E4E4E4E72FFFFFFFFFFFFFF734E4D4E4E4E
310
C9FFFFFFFFFFAA683516171616265B9BE9FFFFFFFFFF4E4E4E4D4E4EFFFFFFFF
310
FFFFFFFF4E4E4F4E4D4E4E4E4F4E4E4F4D4E4E4E4E4E4D4E4F4E4D4E4E4EAAFF
310
FFFFFFFFFFEA4E4F4F4E4E4E4E4E4D4D4F4F4E4E4E4E4E5B7FAAFFFFFFFFFFFF
310
C9744E1716171616164D8DEAFFFFFFFF0000FFFFFFFFFFFFBA161617161716FF
310
FFFFFFFFB917171616174FFFFFFFFFFFFFFF4E1716161616B9FFFFFFB9341717
310
1716171617171616268CFFFFFFFF161617161617FFFFFFFFFFFFFFB917161717
310
1617167F807F7F7F7F7F7F807F7F807F7F807F7F7F414EFFFFFFFFFFFF8C167F
310
7F807F7F7F7E7F7F807F807F7F807F4E3417258EFFFFEA4E162674AABAEAEBBA
310
AA74341680FFFFFF0000FFFFFFFFFFFFB9171717171617FFFFFFFFFFBB161616
310
16164EFFFFFFFFFFFFFF4E1717171717B9FFFF9C171617171716161616171616
310
171766FFFFFF161717161617FFFFFFFFFFFFFF8E16171717161616FFFFFFFFFF
310
FFFFFFFFFFFFFFFFFFFFFFFFFFAA16D9FFFFFFFFFF3467FFFFFFFFEAFFFFFFFF
310
FFFFFFFFFFFFFFFFFFCA671667EB26278DFFFFFFFFFFFFFFFFFFFF8C2541EAFF
310
0000FFFFFFFFFFFFB9171717171716FFFFFFFFFFBA16171617174EFFFFFFFFFF
310
FFFF4E1717161616BAFF9B1617161616171716171617161616161667FFFF1616
310
16161716FFFFFFFFFFFFFF7F16161617174017FFFFFFFFFFFFFFFFFFFFFFFFFF
310
FFFFFFFFFFFF344E7F7F7F7E7417DAFFFFFFFF80FFFFFFFFFFFFFFFFFFFFFFFF
310
FFFFFF9B163425CAFFFFFFFFFFFFFFFFFFFFFFFFCA2667FF0000FFFFFFFFFFFF
310
BA171717171617FFFFFFFFFFB916171716164EFFFFFFFFFFFFFF4F1716161717
310
B9C91716171616161716161617171616161617168DFF161716161717FFFFFFFF
310
FFFFFF7F17171716164F16FFFFFFFFFFFFFFFFFFFFFFFFFFFFFFFFFFFFFF9B16
310
17161617174EFFFFFFFFFF34FFFFFFFFD9BABABABABADAFFFFFFFFFF7F16AAFF
310
FFFFFFFFFFFFFFFFFFFFFFFFFF9C16BA0000FFFFFFFFFFFFB9161717161717FF
310
FFFFFFFFB917161716174DFFFFFFFFFFFFFF4E1616161616BA4E161617171716
310
419BEAEAAA4E16161617161726E9171717161616FFFFFFFFFFFFFF4F16161717
310
164E16FFFFFFFFFFBAB9B9B9B9B9BABABACAFFFFFFFFFFFFFFFFFFFFFFFFFFFF
310
FFFFBA16FFFFFFFF7F1617161617174DEAFFFFFFEA41FFFFFFFFFFAA4D16174E
310
9BFFFFFFFFFF34730000FFFFFFFFFFFFB9161617171617FFFFFFFFFFBA161616
310
16164EFFFFFFFFFFFFFF4F16161717169B1617161716175BFFFFFFFFFFFF7417
310
16171616168D171717161617FFFFFFFFFFFFEA2616171717167416FFFFFFFFFF
310
16171616171717171717EAFFFFFFFFFFFFFFFFFFFFFFFFFFFFFF6716FFFFFFFF
310
7F4EFFFFFFFFBA2573FFFFFFFFBAFFFFFFFFAA167FB9BB9B269BFFFFFFFF664F
310
0000FFFFFFFFFFFFB9171616161616FFFFFFFFFFBA16161717164EFFFFFFFFFF
310
FFFF4E16161616174E161617171626EAFFFFFFFFFFFFFF4E16161616164E1716
310
16161617FFFFFFFFFFFF671616161716347F16FFFFFFFFFF16B9FFFFFFFFFFFF
310
D9168DFFFFFFFFFFFFFFFFFFFFFFFFFFFFEA1716FFFFFFFF7F4EFFFFFFFFFF7F
310
4EFFFFFFFFFFFFFFFFFF5B66FFFFFFEA347FFFFFFFFF7F4D0000FFFFFFFFFFFF
310
B9171616171617FFFFFFFFFFBA17161716174EFFFFFFFFFFFFFF4D1716161617
310
17161716161673FFFFFFFFFFFFFFFF9B1617161717161616171616174F4E4E4E
310
4E341616171616167E7F16FFFFFFFFFF16BAFFFFFFFFFFFFFF5B41FFFFFFFF34
310
1616171616BAFFFFFF9B1716FFFFFFFF7F4EFFFFFFFFFF4E4EFFFFFFFF734E4E
310
4E4E267EDA9B67164EEAFFFFFFFF744D0000FFFFFFFFFFFFBA171717161617FF
310
FFFFFFFFBA1616171616347F7F7F7F80807F331616161717161717161716B9FF
310
FFFFFFFFFFFFFFE9161616161616171716161716171616161616171616171734
310
EA7F16FFFFFFFFFF16BAFFFFFFFFFFFFFFAA17C9FFFFFF7326BABA5B25FFFFFF
310
FF401716FFFFFFFF7F264F4E4E4E4217AAFFFFFFEA16677F73261616164173CA
310
FFFFFFFFFFFF417F0000FFFFFFFFFFFFBA171616171617FFFFFFFFFFBA161616
310
17171616161616161616161717161616161616161617EAFFFFFFFFFFFFFFFFFF
310
261717161716161617161616161617161617161616174EEAFF8016FFFFFFFFFF
310
17BAFFFFFFFFFFFFFFFF3467FFFFFFC916C9FF3467FFFFFFDA166716FFFFFFFF
310
9C4D4E4E4E4E67AAFFFFFFFF6834FF7F262567AAEAFFFFFFFFFFFFFFFF9B17D9
310
0000FFFFFFFFFFFFB9161616161616FFFFFFFFFFBA1617161717171616161616
310
1716171716161716161617171716FFFFFFFFFFFFFFFFFFFF4E17161716171616
310
1617171616161716171717161616169BFF7F17FFFFFFFFFF17B9FFFFFFFFFFFF
310
FFFF7326FFFFFFFF3473DA16AAFFFFFF7317AA16FFFFFFFFFFFFFFFFFFFFFFFF
310
FFFFEA6725BA4E167FEAFFFFFFFFFFFFFFFFFFFF9C167FFF0000FFFFFFFFFFFF
310
B9161717171716FFFFFFFFFFBA16161716171616171717161617161716161616
310
171617171617EAFFFFFFFFFFFFFFFFFF26161717161616161616161617171616
310
1616161616171616AA8016FFFFFFFFFF16BAFFFFFFFFFFFFFFFFDA179BFFFFFF
310
74348D26FFFFFFFF2566B917FFFFFFFFD8BAB9BAB9BADAFFFFEA41169B7425C9
310
FFFFFFFFFFFFFFFFFFFFAB4F1680FFFF0000FFFFFFFFFFFFBA161717171617FF
310
FFFFFFFFBA17161717161617171617161616161617171616171716171617BBFF
310
FFFFFFFFFFFFFFE9171616161617161617161716FFFFFFFFFFD9671616161617
310
348017FFFFFFFFFF16BAFFFFFFFFFFFFFFFFFF4E5AFFFFFFC916265AFFFFFFAA
310
16AABA16FFFFFFFF7F1617161616179BFFFFEB4127168DFFFFFFFFFFFFFFD99B
310
6734175AC9FFFFFF0000FFFFFFFFFFFFB9161617171617FFFFFFFFFFBB161616
310
1616347F807F7F7F7F8033171716171617171616161672FFFFFFFFFFFFFFFF9C
310
171617171617161716161617FFFFFFFFFFFFFF4117161616174E17FFFFFFFFFF
310
16BAFFFFFFFFFFFFFFFFFF9B16DAFFFFFF34169BFFFFFF5A26FFB917FFFFFFFF
310
7F4EFFFFFFEA5B26FFFFFFEA2616EAFFFFFFFFDA743416331617414E4E4E4ECA
310
0000FFFFFFFFFFFFBA161716161616FFFFFFFFFFBA17171616164EFFFFFFFFFF
310
FFFF4E16161717174E161717171626EBFFFFFFFFFFFFFF4E16161617165B1616
310
16171617FFFFFFFFFFFFFF6716161616161617FFFFFFFFFF16BAFFFFFFFFFFFF
310
FFFFFFEA268CFFFFFF7316EAFFFFEB1774FFB916FFFFFFFF7F4EFFFFFFFF7316
310
FFFFFFFF6826FFFFFFFFEB264D9CEABA257F807F7F6616BA0000FFFFFFFFFFFF
310
BA161716161616FFFFFFFFFFBA16171616164DFFFFFFFFFFFFFF4E1617161617
310
9B1617171717165BEBFFFFFFFFFF671616161617179B171616161616FFFFFFFF
310
FFFFFF3417161617171617FFFFFFFFFF17BAFFFFFFFFFFFFFFFFFFFF6734FFFF
310
FFEBCAFFFFFF8D17C9FFBA17FFFFFFFF7F357F808066174FFFFFFFFF7F16FFFF
310
FFFFD91673B99B415BFFFFFFFFBA16DA00009B7F7F7F807F671617161616167F
310
80807F7E6617161616164EFFFFFFFFFFFFFF4E1616161617B94E171716161616
310
349BC9D9AA4E16171616161634FF161617161717B9B9BAB9BA9B411716171716
310
163416FFFFFFFFFF16B9FFFFFFFFFFFFFFFFFFFFC917CAFFFFFFFFFFFFFF3342
310
FFFFBA17FFFFFFFF9B4E4E4F4E4E66EAFFFFFFFF5B16C9FFFFFFFFAA4E164E73
310
EAFFFFFFFF8D26FF00004E161716161616171617171616171717171617161616
310
17174EFFFFFFFFFFFFFF4E1717171616B9D92616171716171716171717171716
310
16171716AAFF161717171617161617171616161617161716166717FFFFFFFFFF
310
17B9FFFFFFFFFFFFFFFFFFFFFF3467FFFFFFFFFFFFCA168CFFFFBB17FFFFFFFF
310
FFFFFFFFFFFFFFFFFFFFFFEA26265BFFFFFFFFFFFFFFFFFFFFFFFFFFEA3467FF
310
00004D16161616161617161717161617161616171617171616164EFFFFFFFFFF
310
FFFF4D1617161616BAFF9B1616161616161716161616171717161766FFFF1616
310
16171617161617161716171616171717667F16FFFFFFFFFF17BAFFFFFFFFFFFF
310
FFFFFFFFFF8C26EAFFFFFFFFFF6617EAFFFFBA17FFFFFFFFFFFFFFFFFFFFFFFF
310
FFFFEA5A25BA269BFFFFFFFFFFFFFFFFFFFFFFFF6616DAFF00004E1616171616
310
1616161616161716161617171616171616174EFFFFFFFFFFFFFF4D1717171716
310
B9FFFF9C161616161616161716161717171667FFFFFF17161717171716161617
310
1716161616161641E97E16FFFFFFFFFF16B9FFFFFFFFFFFFFFFFFFFFFFEA169B
310
FFFFFFFFEA265BFFFFFFB916FFFFFFFFFFFFFFFFFFFFFFFFFF9B3416AAFF9B17
310
67EAFFFFFFFFFFFFFFFFEA5B169BFFFF00004D17161716161616161717171616
310
161717161716171716174EFFFFFFFFFFFFFF4D1616161616BAFFFFFFBB411616
310
161716161616171634ABFFFFFFFF161716161617171716171617171617267FFF
310
FF7F164E4E4E4E4F17BAFFFFFFFFFFFFFFFFFFFFFFFF66344D4E4E4F4117AAFF
310
FFFFBA174E4E4E4D4E4D4D4E4E4E4E4116174EBBFFFFFFCA342666ABEAFFFFEA
310
AA6725269CFFFFFF0000724F4E4D4D4D4E4D4D4E4E4E4D4E4E4E4E4E4E4E4E4D
310
4E4E74FFFFFFFFFFFFFF734E4E4E4D4ECAFFFFFFFFFFAA663416171717265B9B
310
FFFFFFFFFFFF7F8080807F80807F7F7F7F7F807FBAFFFFFFFF9B4E4E4F4D4D4E
310
4DC9FFFFFFFFFFFFFFFFFFFFFFFFBA4E4E4E4E4D4E4EFFFFFFFFC94E4E4E4F4E
310
4E4E4D4E4E5A807F9CD9FFFFFFFFFFFFFF9B5B2617171716174E8DEAFFFFFFFF
310
0000000000000000000000000000000000000000000000000000000000000000
  1
OLE
  0
ENDSEC
  0
SECTION
  2
OBJECTS
  0
DICTIONARY
  5
C
330
0
100
AcDbDictionary
281
     1
  3
ACAD_GROUP
350
D
  3
ACAD_LAYOUT
350
1A
  3
ACAD_MLINESTYLE
350
17
  3
ACAD_PLOTSETTINGS
350
19
  3
ACAD_PLOTSTYLENAME
350
E
  3
ACAD_SCALELIST
350
47
  0
DICTIONARY
  5
D
102
{ACAD_REACTORS
330
C
102
}
330
C
100
AcDbDictionary
281
     1
  0
DICTIONARY
  5
1A
102
{ACAD_REACTORS
330
C
102
}
330
C
100
AcDbDictionary
281
     1
  3
Layout1
350
1E
  3
Layout2
350
26
  3
Model
350
22
  0
DICTIONARY
  5
17
102
{ACAD_REACTORS
330
C
102
}
330
C
100
AcDbDictionary
281
     1
  3
Standard
350
18
  0
DICTIONARY
  5
19
102
{ACAD_REACTORS
330
C
102
}
330
C
100
AcDbDictionary
281
     1
  0
ACDBDICTIONARYWDFLT
  5
E
102
{ACAD_REACTORS
330
C
102
}
330
C
100
AcDbDictionary
281
     1
  3
Normal
350
F
100
AcDbDictionaryWithDefault
340
F
  0
DICTIONARY
  5
47
102
{ACAD_REACTORS
330
C
102
}
330
C
100
AcDbDictionary
281
     1
  3
A0
350
48
  3
A1
350
49
  3
A2
350
4A
  3
A3
350
4B
  3
A4
350
4C
  3
A5
350
4D
  3
A6
350
4E
  3
A7
350
4F
  3
A8
350
50
  3
A9
350
51
  3
B0
350
52
  3
B1
350
53
  3
B2
350
54
  3
B3
350
55
  3
B4
350
56
  3
B5
350
57
  3
B6
350
58
  3
B7
350
59
  3
B8
350
5A
  3
B9
350
5B
  3
C0
350
5C
  3
C1
350
5D
  3
C2
350
5E
  3
C3
350
5F
  3
C4
350
60
  3
C5
350
61
  3
C6
350
62
  3
C7
350
63
  3
C8
350
64
  3
C9
350
65
  3
D0
350
66
  3
D1
350
67
  3
D2
350
68
  0
LAYOUT
  5
1E
102
{ACAD_REACTORS
330
1A
102
}
330
1A
100
AcDbPlotSettings
  1

  2
none_device
  4

  6

 40
0.0
 41
0.0
 42
0.0
 43
0.0
 44
0.0
 45
0.0
 46
0.0
 47
0.0
 48
0.0
 49
0.0
140
0.0
141
0.0
142
1.0
143
1.0
 70
   688
 72
     1
 73
     0
 74
     5
  7

 75
    16
147
1.0
148
0.0
149
0.0
100
AcDbLayout
  1
Layout1
 70
     1
 71
     1
 10
0.0
 20
0.0
 11
420.0
 21
297.0
 12
0.0
 22
0.0
 32
0.0
 14
1.0000000000E+20
 24
1.0000000000E+20
 34
1.0000000000E+20
 15
-1.0000000000E+20
 25
-1.0000000000E+20
 35
-1.0000000000E+20
146
0.0
 13
0.0
 23
0.0
 33
0.0
 16
1.0
 26
0.0
 36
0.0
 17
0.0
 27
1.0
 37
0.0
 76
     0
330
1B
  0
LAYOUT
  5
26
102
{ACAD_REACTORS
330
1A
102
}
330
1A
100
AcDbPlotSettings
  1

  2
none_device
  4

  6

 40
0.0
 41
0.0
 42
0.0
 43
0.0
 44
0.0
 45
0.0
 46
0.0
 47
0.0
 48
0.0
 49
0.0
140
0.0
141
0.0
142
1.0
143
1.0
 70
   688
 72
     1
 73
     0
 74
     5
  7

 75
    16
147
1.0
148
0.0
149
0.0
100
AcDbLayout
  1
Layout2
 70
     1
 71
     2
 10
0.0
 20
0.0
 11
0.0
 21
0.0
 12
0.0
 22
0.0
 32
0.0
 14
0.0
 24
0.0
 34
0.0
 15
0.0
 25
0.0
 35
0.0
146
0.0
 13
0.0
 23
0.0
 33
0.0
 16
1.0
 26
0.0
 36
0.0
 17
0.0
 27
1.0
 37
0.0
 76
     0
330
23
  0
LAYOUT
  5
22
102
{ACAD_REACTORS
330
1A
102
}
330
1A
100
AcDbPlotSettings
  1

  2
none_device
  4
Letter_(8.50_x_11.00_Inches)
  6

 40
6.35
 41
6.35
 42
6.35000508
 43
6.35000508
 44
215.9
 45
279.4
 46
0.0
 47
0.0
 48
0.0
 49
0.0
140
0.0
141
0.0
142
1.0
143
1.0
 70
  1712
 72
     1
 73
     0
 74
     0
  7

 75
     0
147
1.0
148
0.0
149
0.0
100
AcDbLayout
  1
Model
 70
     1
 71
     0
 10
0.0
 20
0.0
 11
111.76
 21
86.36
 12
0.0
 22
0.0
 32
0.0
 14
0.0
 24
0.0
 34
0.0
 15
111.76
 25
86.36
 35
0.0
146
0.0
 13
0.0
 23
0.0
 33
0.0
 16
1.0
 26
0.0
 36
0.0
 17
0.0
 27
1.0
 37
0.0
 76
     0
330
1F
331
29
  0
MLINESTYLE
  5
18
102
{ACAD_REACTORS
330
17
102
}
330
17
100
AcDbMlineStyle
  2
Standard
 70
     0
  3

 62
   256
 51
90.0
 52
90.0
 71
     2
 49
0.5
 62
   256
  6
BYLAYER
 49
-0.5
 62
   256
  6
BYLAYER
  0
ACDBPLACEHOLDER
  5
F
102
{ACAD_REACTORS
330
E
102
}
330
E
  0
SCALE
  5
48
102
{ACAD_REACTORS
330
47
102
}
330
47
100
AcDbScale
 70
     0
300
1:1
140
1.0
141
1.0
290
     1
  0
SCALE
  5
49
102
{ACAD_REACTORS
330
47
102
}
330
47
100
AcDbScale
 70
     0
300
1:2
140
1.0
141
2.0
290
     0
  0
SCALE
  5
4A
102
{ACAD_REACTORS
330
47
102
}
330
47
100
AcDbScale
 70
     0
300
1:4
140
1.0
141
4.0
290
     0
  0
SCALE
  5
4B
102
{ACAD_REACTORS
330
47
102
}
330
47
100
AcDbScale
 70
     0
300
1:5
140
1.0
141
5.0
290
     0
  0
SCALE
  5
4C
102
{ACAD_REACTORS
330
47
102
}
330
47
100
AcDbScale
 70
     0
300
1:8
140
1.0
141
8.0
290
     0
  0
SCALE
  5
4D
102
{ACAD_REACTORS
330
47
102
}
330
47
100
AcDbScale
 70
     0
300
1:10
140
1.0
141
10.0
290
     0
  0
SCALE
  5
4E
102
{ACAD_REACTORS
330
47
102
}
330
47
100
AcDbScale
 70
     0
300
1:16
140
1.0
141
16.0
290
     0
  0
SCALE
  5
4F
102
{ACAD_REACTORS
330
47
102
}
330
47
100
AcDbScale
 70
     0
300
1:20
140
1.0
141
20.0
290
     0
  0
SCALE
  5
50
102
{ACAD_REACTORS
330
47
102
}
330
47
100
AcDbScale
 70
     0
300
1:30
140
1.0
141
30.0
290
     0
  0
SCALE
  5
51
102
{ACAD_REACTORS
330
47
102
}
330
47
100
AcDbScale
 70
     0
300
1:40
140
1.0
141
40.0
290
     0
  0
SCALE
  5
52
102
{ACAD_REACTORS
330
47
102
}
330
47
100
AcDbScale
 70
     0
300
1:50
140
1.0
141
50.0
290
     0
  0
SCALE
  5
53
102
{ACAD_REACTORS
330
47
102
}
330
47
100
AcDbScale
 70
     0
300
1:100
140
1.0
141
100.0
290
     0
  0
SCALE
  5
54
102
{ACAD_REACTORS
330
47
102
}
330
47
100
AcDbScale
 70
     0
300
2:1
140
2.0
141
1.0
290
     0
  0
SCALE
  5
55
102
{ACAD_REACTORS
330
47
102
}
330
47
100
AcDbScale
 70
     0
300
4:1
140
4.0
141
1.0
290
     0
  0
SCALE
  5
56
102
{ACAD_REACTORS
330
47
102
}
330
47
100
AcDbScale
 70
     0
300
8:1
140
8.0
141
1.0
290
     0
  0
SCALE
  5
57
102
{ACAD_REACTORS
330
47
102
}
330
47
100
AcDbScale
 70
     0
300
10:1
140
10.0
141
1.0
290
     0
  0
SCALE
  5
58
102
{ACAD_REACTORS
330
47
102
}
330
47
100
AcDbScale
 70
     0
300
100:1
140
100.0
141
1.0
290
     0
  0
SCALE
  5
59
102
{ACAD_REACTORS
330
47
102
}
330
47
100
AcDbScale
 70
     0
300
1/128" = 1'-0"
140
0.0078125
141
12.0
290
     0
  0
SCALE
  5
5A
102
{ACAD_REACTORS
330
47
102
}
330
47
100
AcDbScale
 70
     0
300
1/64" = 1'-0"
140
0.015625
141
12.0
290
     0
  0
SCALE
  5
5B
102
{ACAD_REACTORS
330
47
102
}
330
47
100
AcDbScale
 70
     0
300
1/32" = 1'-0"
140
0.03125
141
12.0
290
     0
  0
SCALE
  5
5C
102
{ACAD_REACTORS
330
47
102
}
330
47
100
AcDbScale
 70
     0
300
1/16" = 1'-0"
140
0.0625
141
12.0
290
     0
  0
SCALE
  5
5D
102
{ACAD_REACTORS
330
47
102
}
330
47
100
AcDbScale
 70
     0
300
3/32" = 1'-0"
140
0.09375
141
12.0
290
     0
  0
SCALE
  5
5E
102
{ACAD_REACTORS
330
47
102
}
330
47
100
AcDbScale
 70
     0
300
1/8" = 1'-0"
140
0.125
141
12.0
290
     0
  0
SCALE
  5
5F
102
{ACAD_REACTORS
330
47
102
}
330
47
100
AcDbScale
 70
     0
300
3/16" = 1'-0"
140
0.1875
141
12.0
290
     0
  0
SCALE
  5
60
102
{ACAD_REACTORS
330
47
102
}
330
47
100
AcDbScale
 70
     0
300
1/4" = 1'-0"
140
0.25
141
12.0
290
     0
  0
SCALE
  5
61
102
{ACAD_REACTORS
330
47
102
}
330
47
100
AcDbScale
 70
     0
300
3/8" = 1'-0"
140
0.375
141
12.0
290
     0
  0
SCALE
  5
62
102
{ACAD_REACTORS
330
47
102
}
330
47
100
AcDbScale
 70
     0
300
1/2" = 1'-0"
140
0.5
141
12.0
290
     0
  0
SCALE
  5
63
102
{ACAD_REACTORS
330
47
102
}
330
47
100
AcDbScale
 70
     0
300
3/4" = 1'-0"
140
0.75
141
12.0
290
     0
  0
SCALE
  5
64
102
{ACAD_REACTORS
330
47
102
}
330
47
100
AcDbScale
 70
     0
300
1" = 1'-0"
140
1.0
141
12.0
290
     0
  0
SCALE
  5
65
102
{ACAD_REACTORS
330
47
102
}
330
47
100
AcDbScale
 70
     0
300
1-1/2" = 1'-0"
140
1.5
141
12.0
290
     0
  0
SCALE
  5
66
102
{ACAD_REACTORS
330
47
102
}
330
47
100
AcDbScale
 70
     0
300
3" = 1'-0"
140
3.0
141
12.0
290
     0
  0
SCALE
  5
67
102
{ACAD_REACTORS
330
47
102
}
330
47
100
AcDbScale
 70
     0
300
6" = 1'-0"
140
6.0
141
12.0
290
     0
  0
SCALE
  5
68
102
{ACAD_REACTORS
330
47
102
}
330
47
100
AcDbScale
 70
     0
300
1'-0" = 1'-0"
140
12.0
141
12.0
290
     0
  0
ENDSEC
  0
EOF
