  0
SECTION
  2
HEADER
  9
$ACADVER
  1
AC1015
  9
$ACADMAINTVER
 70
     6
  9
$DWGCODEPAGE
  3
ANSI_1252
  9
$INSBASE
 10
0.0
 20
0.0
 30
0.0
  9
$EXTMIN
 10
0.0
 20
0.0
 30
0.0
  9
$EXTMAX
 10
11.0
 20
8.5
 30
0.0
  9
$LIMMIN
 10
0.0
 20
0.0
  9
$LIMMAX
 10
11.0
 20
8.5
  9
$ORTHOMODE
 70
     0
  9
$REGENMODE
 70
     1
  9
$FILLMODE
 70
     1
  9
$QTEXTMODE
 70
     0
  9
$MIRRTEXT
 70
     1
  9
$LTSCALE
 40
1.0
  9
$ATTMODE
 70
     1
  9
$TEXTSIZE
 40
0.1111111111
  9
$TRACEWID
 40
0.05
  9
$TEXTSTYLE
  7
Standard
  9
$CLAYER
  8
0
  9
$CELTYPE
  6
ByLayer
  9
$CECOLOR
 62
   256
  9
$CELTSCALE
 40
1.0
  9
$DISPSILH
 70
     0
  9
$DIMSCALE
 40
1.0
  9
$DIMASZ
 40
0.125
  9
$DIMEXO
 40
0.05
  9
$DIMDLI
 40
0.38
  9
$DIMRND
 40
0.0
  9
$DIMDLE
 40
0.0
  9
$DIMEXE
 40
0.07
  9
$DIMTP
 40
0.0
  9
$DIMTM
 40
0.0
  9
$DIMTXT
 40
0.1111111111
  9
$DIMCEN
 40
0.09
  9
$DIMTSZ
 40
0.0
  9
$DIMTOL
 70
     0
  9
$DIMLIM
 70
     0
  9
$DIMTIH
 70
     1
  9
$DIMTOH
 70
     1
  9
$DIMSE1
 70
     0
  9
$DIMSE2
 70
     0
  9
$DIMTAD
 70
     0
  9
$DIMZIN
 70
     1
  9
$DIMBLK
  1

  9
$DIMASO
 70
     1
  9
$DIMSHO
 70
     1
  9
$DIMPOST
  1

  9
$DIMAPOST
  1

  9
$DIMALT
 70
     0
  9
$DIMALTD
 70
     2
  9
$DIMALTF
 40
25.4
  9
$DIMLFAC
 40
0.5
  9
$DIMTOFL
 70
     0
  9
$DIMTVP
 40
0.0
  9
$DIMTIX
 70
     0
  9
$DIMSOXD
 70
     0
  9
$DIMSAH
 70
     0
  9
$DIMBLK1
  1

  9
$DIMBLK2
  1

  9
$DIMSTYLE
  2
Standard
  9
$DIMCLRD
 70
     0
  9
$DIMCLRE
 70
     0
  9
$DIMCLRT
 70
     0
  9
$DIMTFAC
 40
1.0
  9
$DIMGAP
 40
0.1
  9
$DIMJUST
 70
     0
  9
$DIMSD1
 70
     0
  9
$DIMSD2
 70
     0
  9
$DIMTOLJ
 70
     1
  9
$DIMTZIN
 70
     1
  9
$DIMALTZ
 70
     0
  9
$DIMALTTZ
 70
     0
  9
$DIMUPT
 70
     0
  9
$DIMDEC
 70
     2
  9
$DIMTDEC
 70
     2
  9
$DIMALTU
 70
     2
  9
$DIMALTTD
 70
     2
  9
$DIMTXSTY
  7
Standard
  9
$DIMAUNIT
 70
     0
  9
$DIMADEC
 70
     2
  9
$DIMALTRND
 40
0.0
  9
$DIMAZIN
 70
     0
  9
$DIMDSEP
 70
    46
  9
$DIMATFIT
 70
     3
  9
$DIMFRAC
 70
     0
  9
$DIMLDRBLK
  1

  9
$DIMLUNIT
 70
     2
  9
$DIMLWD
 70
    -2
  9
$DIMLWE
 70
    -2
  9
$DIMTMOVE
 70
     0
  9
$LUNITS
 70
     2
  9
$LUPREC
 70
     2
  9
$SKETCHINC
 40
0.1
  9
$FILLETRAD
 40
0.5
  9
$AUNITS
 70
     0
  9
$AUPREC
 70
     2
  9
$MENU
  1
.
  9
$ELEVATION
 40
0.0
  9
$PELEVATION
 40
0.0
  9
$THICKNESS
 40
0.0
  9
$LIMCHECK
 70
     0
  9
$CHAMFERA
 40
0.0
  9
$CHAMFERB
 40
0.0
  9
$CHAMFERC
 40
0.0
  9
$CHAMFERD
 40
0.0
  9
$SKPOLY
 70
     0
  9
$TDCREATE
 40
2457378.501594572
  9
$TDUCREATE
 40
2457378.709927905
  9
$TDUPDATE
 40
2457378.501600104
  9
$TDUUPDATE
 40
2457378.709933437
  9
$TDINDWG
 40
0.0000000116
  9
$TDUSRTIMER
 40
0.0000000116
  9
$USRTIMER
 70
     1
  9
$ANGBASE
 50
0.0
  9
$ANGDIR
 70
     0
  9
$PDMODE
 70
     0
  9
$PDSIZE
 40
-1.0
  9
$PLINEWID
 40
0.0
  9
$SPLFRAME
 70
     0
  9
$SPLINETYPE
 70
     6
  9
$SPLINESEGS
 70
     8
  9
$HANDSEED
  5
4E5
  9
$SURFTAB1
 70
     6
  9
$SURFTAB2
 70
     6
  9
$SURFTYPE
 70
     6
  9
$SURFU
 70
     6
  9
$SURFV
 70
     6
  9
$UCSBASE
  2

  9
$UCSNAME
  2

  9
$UCSORG
 10
0.0
 20
0.0
 30
0.0
  9
$UCSXDIR
 10
1.0
 20
0.0
 30
0.0
  9
$UCSYDIR
 10
0.0
 20
1.0
 30
0.0
  9
$UCSORTHOREF
  2

  9
$UCSORTHOVIEW
 70
     0
  9
$UCSORGTOP
 10
0.0
 20
0.0
 30
0.0
  9
$UCSORGBOTTOM
 10
0.0
 20
0.0
 30
0.0
  9
$UCSORGLEFT
 10
0.0
 20
0.0
 30
0.0
  9
$UCSORGRIGHT
 10
0.0
 20
0.0
 30
0.0
  9
$UCSORGFRONT
 10
0.0
 20
0.0
 30
0.0
  9
$UCSORGBACK
 10
0.0
 20
0.0
 30
0.0
  9
$PUCSBASE
  2

  9
$PUCSNAME
  2

  9
$PUCSORG
 10
0.0
 20
0.0
 30
0.0
  9
$PUCSXDIR
 10
1.0
 20
0.0
 30
0.0
  9
$PUCSYDIR
 10
0.0
 20
1.0
 30
0.0
  9
$PUCSORTHOREF
  2

  9
$PUCSORTHOVIEW
 70
     0
  9
$PUCSORGTOP
 10
0.0
 20
0.0
 30
0.0
  9
$PUCSORGBOTTOM
 10
0.0
 20
0.0
 30
0.0
  9
$PUCSORGLEFT
 10
0.0
 20
0.0
 30
0.0
  9
$PUCSORGRIGHT
 10
0.0
 20
0.0
 30
0.0
  9
$PUCSORGFRONT
 10
0.0
 20
0.0
 30
0.0
  9
$PUCSORGBACK
 10
0.0
 20
0.0
 30
0.0
  9
$USERI1
 70
     0
  9
$USERI2
 70
     0
  9
$USERI3
 70
     0
  9
$USERI4
 70
     0
  9
$USERI5
 70
     0
  9
$USERR1
 40
0.0
  9
$USERR2
 40
0.0
  9
$USERR3
 40
0.0
  9
$USERR4
 40
0.0
  9
$USERR5
 40
0.0
  9
$WORLDVIEW
 70
     1
  9
$SHADEDGE
 70
     3
  9
$SHADEDIF
 70
    70
  9
$TILEMODE
 70
     1
  9
$MAXACTVP
 70
    64
  9
$PINSBASE
 10
0.0
 20
0.0
 30
0.0
  9
$PLIMCHECK
 70
     0
  9
$PEXTMIN
 10
1.0000000000E+20
 20
1.0000000000E+20
 30
1.0000000000E+20
  9
$PEXTMAX
 10
-1.0000000000E+20
 20
-1.0000000000E+20
 30
-1.0000000000E+20
  9
$PLIMMIN
 10
0.0
 20
0.0
  9
$PLIMMAX
 10
12.0
 20
9.0
  9
$UNITMODE
 70
     0
  9
$VISRETAIN
 70
     1
  9
$PLINEGEN
 70
     0
  9
$PSLTSCALE
 70
     1
  9
$TREEDEPTH
 70
  3020
  9
$CMLSTYLE
  2
Standard
  9
$CMLJUST
 70
     0
  9
$CMLSCALE
 40
1.0
  9
$PROXYGRAPHICS
 70
     1
  9
$MEASUREMENT
 70
     0
  9
$CELWEIGHT
370
    -1
  9
$ENDCAPS
280
     0
  9
$JOINSTYLE
280
     0
  9
$LWDISPLAY
290
     1
  9
$INSUNITS
 70
     1
  9
$HYPERLINKBASE
  1

  9
$STYLESHEET
  1

  9
$XEDIT
290
     1
  9
$CEPSNTYPE
380
     0
  9
$PSTYLEMODE
290
     1
  9
$FINGERPRINTGUID
  2
{33E0C830-E3A1-491B-B130-FB060B80FA0F}
  9
$VERSIONGUID
  2
{FAEB1C32-E019-11D5-929B-00C0DF256EC4}
  9
$EXTNAMES
290
     1
  9
$PSVPSCALE
 40
0.0
  9
$OLESTARTUP
290
     0
  0
ENDSEC
  0
SECTION
  2
CLASSES
  0
CLASS
  1
ACDBDICTIONARYWDFLT
  2
AcDbDictionaryWithDefault
  3
ObjectDBX Classes
 90
        0
280
     0
281
     0
  0
CLASS
  1
VISUALSTYLE
  2
AcDbVisualStyle
  3
ObjectDBX Classes
 90
     4095
280
     0
281
     0
  0
CLASS
  1
MATERIAL
  2
AcDbMaterial
  3
ObjectDBX Classes
 90
     1153
280
     0
281
     0
  0
CLASS
  1
SCALE
  2
AcDbScale
  3
ObjectDBX Classes
 90
     1153
280
     0
281
     0
  0
CLASS
  1
SUN
  2
AcDbSun
  3
SCENEOE
 90
     1153
280
     0
281
     0
  0
CLASS
  1
ACDBPLACEHOLDER
  2
AcDbPlaceHolder
  3
ObjectDBX Classes
 90
        0
280
     0
281
     0
  0
CLASS
  1
LAYOUT
  2
AcDbLayout
  3
ObjectDBX Classes
 90
        0
280
     0
281
     0
  0
ENDSEC
  0
SECTION
  2
TABLES
  0
TABLE
  2
VPORT
  5
8
330
0
100
AcDbSymbolTable
 70
     1
  0
VPORT
  5
29
330
8
100
AcDbSymbolTableRecord
100
AcDbViewportTableRecord
  2
*Active
 70
     0
 10
0.0
 20
0.0
 11
1.0
 21
1.0
 12
5.5
 22
4.25
 13
0.0
 23
0.0
 14
0.5
 24
0.5
 15
0.5
 25
0.5
 16
0.0
 26
0.0
 36
1.0
 17
0.0
 27
0.0
 37
0.0
 40
8.5
 41
1.2941176471
 42
50.0
 43
0.0
 44
0.0
 50
0.0
 51
0.0
 71
     0
 72
  2000
 73
     1
 74
     3
 75
     0
 76
     0
 77
     0
 78
     0
281
     0
 65
     1
110
0.0
120
0.0
130
0.0
111
1.0
121
0.0
131
0.0
112
0.0
122
1.0
132
0.0
 79
     0
146
0.0
  0
ENDTAB
  0
TABLE
  2
LTYPE
  5
5
330
0
100
AcDbSymbolTable
 70
     6
  0
LTYPE
  5
14
330
5
100
AcDbSymbolTableRecord
100
AcDbLinetypeTableRecord
  2
ByBlock
 70
     0
  3

 72
    65
 73
     0
 40
0.0
  0
LTYPE
  5
15
330
5
100
AcDbSymbolTableRecord
100
AcDbLinetypeTableRecord
  2
ByLayer
 70
     0
  3

 72
    65
 73
     0
 40
0.0
  0
LTYPE
  5
16
330
5
100
AcDbSymbolTableRecord
100
AcDbLinetypeTableRecord
  2
Continuous
 70
     0
  3
Solid line
 72
    65
 73
     0
 40
0.0
  0
LTYPE
  5
6A
330
5
100
AcDbSymbolTableRecord
100
AcDbLinetypeTableRecord
  2
HIDDEN
 70
     0
  3
Hidden __ __ __ __ __ __ __ __ __ __ __ __ __ __
 72
    65
 73
     2
 40
0.075
 49
0.05
 74
     0
 49
-0.025
 74
     0
  0
LTYPE
  5
6B
330
5
100
AcDbSymbolTableRecord
100
AcDbLinetypeTableRecord
  2
PHANTOM
 70
     0
  3
Phantom ______  __  __  ______  __  __  ______
 72
    65
 73
     6
 40
0.5
 49
0.25
 74
     0
 49
-0.05
 74
     0
 49
0.05
 74
     0
 49
-0.05
 74
     0
 49
0.05
 74
     0
 49
-0.05
 74
     0
  0
LTYPE
  5
6C
330
5
100
AcDbSymbolTableRecord
100
AcDbLinetypeTableRecord
  2
CENTER
 70
     0
  3
Center ____ _ ____ _ ____ _ ____ _ ____ _ ____
 72
    65
 73
     4
 40
0.4
 49
0.25
 74
     0
 49
-0.05
 74
     0
 49
0.05
 74
     0
 49
-0.05
 74
     0
  0
LTYPE
  5
6D
330
5
100
AcDbSymbolTableRecord
100
AcDbLinetypeTableRecord
  2
CENTERX2
 70
     0
  3
Center (2x) ________  __  ________  __  _____
 72
    65
 73
     4
 40
0.8
 49
0.5
 74
     0
 49
-0.1
 74
     0
 49
0.1
 74
     0
 49
-0.1
 74
     0
  0
LTYPE
  5
6E
330
5
100
AcDbSymbolTableRecord
100
AcDbLinetypeTableRecord
  2
DOT2
 70
     0
  3
Dot (.5x) ........................................
 72
    65
 73
     2
 40
0.025
 49
0.0
 74
     0
 49
-0.025
 74
     0
  0
ENDTAB
  0
TABLE
  2
LAYER
  5
2
330
0
100
AcDbSymbolTable
 70
     2
  0
LAYER
  5
10
330
2
100
AcDbSymbolTableRecord
100
AcDbLayerTableRecord
  2
0
 70
     0
 62
     7
  6
Continuous
370
    -3
390
F
  0
LAYER
  5
6F
330
2
100
AcDbSymbolTableRecord
100
AcDbLayerTableRecord
  2
FORMAT
 70
     0
 62
     7
  6
Continuous
370
    -3
390
F
  0
ENDTAB
  0
TABLE
  2
STYLE
  5
3
330
0
100
AcDbSymbolTable
 70
     5
  0
STYLE
  5
11
330
3
100
AcDbSymbolTableRecord
100
AcDbTextStyleTableRecord
  2
Standard
 70
     0
 40
0.0
 41
1.0
 50
0.0
 71
     0
 42
0.1111111111
  3
txt
  4

  0
STYLE
  5
96
330
3
100
AcDbSymbolTableRecord
100
AcDbTextStyleTableRecord
  2
SLDTEXTSTYLE0
 70
     0
 40
0.0
 41
0.75
 50
0.0
 71
     0
 42
0.1111111111
  3
TXT
  4

  0
STYLE
  5
A2
330
3
100
AcDbSymbolTableRecord
100
AcDbTextStyleTableRecord
  2
SLDTEXTSTYLE1
 70
     0
 40
0.0
 41
0.6
 50
0.0
 71
     0
 42
0.1111111111
  3
TXT
  4

  0
STYLE
  5
A7
330
3
100
AcDbSymbolTableRecord
100
AcDbTextStyleTableRecord
  2
SLDTEXTSTYLE2
 70
     0
 40
0.0
 41
0.7
 50
0.0
 71
     0
 42
0.1111111111
  3
TXT
  4

  0
STYLE
  5
1F0
330
3
100
AcDbSymbolTableRecord
100
AcDbTextStyleTableRecord
  2
SLDTEXTSTYLE3
 70
     0
 40
0.0
 41
0.6875
 50
0.0
 71
     0
 42
0.1111111111
  3
TXT
  4

  0
ENDTAB
  0
TABLE
  2
VIEW
  5
6
330
0
100
AcDbSymbolTable
 70
     0
  0
ENDTAB
  0
TABLE
  2
UCS
  5
7
330
0
100
AcDbSymbolTable
 70
     0
  0
ENDTAB
  0
TABLE
  2
APPID
  5
9
330
0
100
AcDbSymbolTable
 70
     1
  0
APPID
  5
12
330
9
100
AcDbSymbolTableRecord
100
AcDbRegAppTableRecord
  2
ACAD
 70
     0
  0
ENDTAB
  0
TABLE
  2
DIMSTYLE
  5
A
330
0
100
AcDbSymbolTable
 70
     9
100
AcDbDimStyleTable
  0
DIMSTYLE
105
27
330
A
100
AcDbSymbolTableRecord
100
AcDbDimStyleTableRecord
  2
Standard
 70
     0
178
     0
340
11
  0
DIMSTYLE
105
1B3
102
{ACAD_REACTORS
330
1B2
330
1D3
102
}
330
A
100
AcDbSymbolTableRecord
100
AcDbDimStyleTableRecord
  2
SLDDIMSTYLE0
 70
     0
 41
0.125
 44
0.0
 45
0.000000001
 78
     8
 79
     2
140
0.0833333333
144
0.5
147
0.0208333333
148
0.000000001
170
     1
173
     1
178
     0
271
     2
272
     2
276
     2
284
    12
340
96
  0
DIMSTYLE
105
1C6
102
{ACAD_REACTORS
330
1C5
102
}
330
A
100
AcDbSymbolTableRecord
100
AcDbDimStyleTableRecord
  2
SLDDIMSTYLE1
 70
     0
 41
0.125
 44
0.0
 45
0.000000001
140
0.0833333333
141
0.0
144
0.5
147
0.0208333333
173
     1
178
     0
271
     2
272
     2
276
     2
284
    12
340
96
  0
DIMSTYLE
105
1E7
102
{ACAD_REACTORS
330
1E6
102
}
330
A
100
AcDbSymbolTableRecord
100
AcDbDimStyleTableRecord
  2
SLDDIMSTYLE2
 70
     0
 41
0.125
 44
0.0
 45
0.000000001
 78
     8
 79
     2
140
0.0833333333
141
0.0
144
0.5
147
0.0208333333
173
     1
178
     0
271
     2
272
     2
276
     2
284
    12
340
96
  0
DIMSTYLE
105
22E
102
{ACAD_REACTORS
330
22D
330
25D
330
293
102
}
330
A
100
AcDbSymbolTableRecord
100
AcDbDimStyleTableRecord
  2
SLDDIMSTYLE3
 70
     0
 41
0.125
 44
0.0
 45
0.000000001
140
0.0833333333
144
0.5
147
0.0208333333
148
0.000000001
170
     1
172
     1
173
     1
178
     0
271
     2
272
     2
276
     2
284
    12
289
     0
340
96
  0
DIMSTYLE
105
241
102
{ACAD_REACTORS
330
240
330
2A5
102
}
330
A
100
AcDbSymbolTableRecord
100
AcDbDimStyleTableRecord
  2
SLDDIMSTYLE4
 70
     0
 41
0.125
 44
0.0
 45
0.000000001
 78
     8
 79
     2
140
0.0833333333
144
0.5
147
0.0208333333
148
0.000000001
170
     1
172
     1
173
     1
178
     0
271
     2
272
     2
276
     2
284
    12
289
     0
340
96
  0
DIMSTYLE
105
254
102
{ACAD_REACTORS
330
253
102
}
330
A
100
AcDbSymbolTableRecord
100
AcDbDimStyleTableRecord
  2
SLDDIMSTYLE5
 70
     0
  3
<>
  4
<>
 41
0.125
 44
0.0
 45
0.000000001
 78
    12
 79
     3
140
0.0833333333
141
0.0
144
0.5
147
0.0208333333
148
0.000000001
170
     1
173
     1
178
     0
271
     2
272
     2
276
     2
284
    12
340
96
  0
DIMSTYLE
105
2C0
330
A
100
AcDbSymbolTableRecord
100
AcDbDimStyleTableRecord
  2
SLDDIMSTYLE6
 70
     0
 41
0.125
 44
0.0
 45
0.000000001
146
0.125
147
0.0
173
     1
178
     0
271
     0
272
     0
276
     2
340
11
  0
DIMSTYLE
105
2E6
102
{ACAD_REACTORS
330
2E5
102
}
330
A
100
AcDbSymbolTableRecord
100
AcDbDimStyleTableRecord
  2
SLDDIMSTYLE7
 70
     0
 41
0.125
 44
0.0
 45
0.000000001
 78
     8
 79
     2
140
0.0833333333
141
0.0
144
0.5
147
0.0208333333
173
     1
178
     0
271
     3
272
     3
276
     2
284
    12
340
96
  0
ENDTAB
  0
TABLE
  2
BLOCK_RECORD
  5
1
330
0
100
AcDbSymbolTable
 70
    23
  0
BLOCK_RECORD
  5
1F
330
1
100
AcDbSymbolTableRecord
100
AcDbBlockTableRecord
  2
*Model_Space
340
22
  0
BLOCK_RECORD
  5
1B
330
1
100
AcDbSymbolTableRecord
100
AcDbBlockTableRecord
  2
*Paper_Space
340
1E
  0
BLOCK_RECORD
  5
23
330
1
100
AcDbSymbolTableRecord
100
AcDbBlockTableRecord
  2
*Paper_Space0
340
26
  0
BLOCK_RECORD
  5
70
330
1
100
AcDbSymbolTableRecord
100
AcDbBlockTableRecord
  2
Third Angle Projection Block
340
0
102
{BLKREFS
331
95
102
}
  0
BLOCK_RECORD
  5
A9
330
1
100
AcDbSymbolTableRecord
100
AcDbBlockTableRecord
  2
SW_NOTE_0
340
0
102
{BLKREFS
331
AE
102
}
  0
BLOCK_RECORD
  5
AF
330
1
100
AcDbSymbolTableRecord
100
AcDbBlockTableRecord
  2
SW_NOTE_1
340
0
102
{BLKREFS
331
B4
102
}
  0
BLOCK_RECORD
  5
B6
330
1
100
AcDbSymbolTableRecord
100
AcDbBlockTableRecord
  2
SW_NOTE_2
340
0
102
{BLKREFS
331
BC
102
}
  0
BLOCK_RECORD
  5
BE
330
1
100
AcDbSymbolTableRecord
100
AcDbBlockTableRecord
  2
SW_NOTE_3
340
0
102
{BLKREFS
331
C3
102
}
  0
BLOCK_RECORD
  5
1B4
330
1
100
AcDbSymbolTableRecord
100
AcDbBlockTableRecord
  2
_D
340
0
  0
BLOCK_RECORD
  5
1C7
330
1
100
AcDbSymbolTableRecord
100
AcDbBlockTableRecord
  2
_D_1
340
0
  0
BLOCK_RECORD
  5
1D4
330
1
100
AcDbSymbolTableRecord
100
AcDbBlockTableRecord
  2
_D_2
340
0
  0
BLOCK_RECORD
  5
1E8
330
1
100
AcDbSymbolTableRecord
100
AcDbBlockTableRecord
  2
_D_3
340
0
  0
BLOCK_RECORD
  5
1F5
330
1
100
AcDbSymbolTableRecord
100
AcDbBlockTableRecord
  2
SW_SYMBOL_MOD_CL
340
0
102
{BLKREFS
331
1FA
102
}
  0
BLOCK_RECORD
  5
1FB
330
1
100
AcDbSymbolTableRecord
100
AcDbBlockTableRecord
  2
SW_CENTERMARKSYMBOL_0
340
0
102
{BLKREFS
331
202
102
}
  0
BLOCK_RECORD
  5
22F
330
1
100
AcDbSymbolTableRecord
100
AcDbBlockTableRecord
  2
_D_4
340
0
  0
BLOCK_RECORD
  5
242
330
1
100
AcDbSymbolTableRecord
100
AcDbBlockTableRecord
  2
_D_5
340
0
  0
BLOCK_RECORD
  5
255
330
1
100
AcDbSymbolTableRecord
100
AcDbBlockTableRecord
  2
_D_6
340
0
  0
BLOCK_RECORD
  5
25E
330
1
100
AcDbSymbolTableRecord
100
AcDbBlockTableRecord
  2
_D_7
340
0
  0
BLOCK_RECORD
  5
26F
330
1
100
AcDbSymbolTableRecord
100
AcDbBlockTableRecord
  2
SW_CENTERMARKSYMBOL_1
340
0
102
{BLKREFS
331
276
102
}
  0
BLOCK_RECORD
  5
294
330
1
100
AcDbSymbolTableRecord
100
AcDbBlockTableRecord
  2
_D_8
340
0
  0
BLOCK_RECORD
  5
2A6
330
1
100
AcDbSymbolTableRecord
100
AcDbBlockTableRecord
  2
_D_9
340
0
  0
BLOCK_RECORD
  5
2B8
330
1
100
AcDbSymbolTableRecord
100
AcDbBlockTableRecord
  2
SW_NOTE_4
340
0
102
{BLKREFS
331
2BF
102
}
  0
BLOCK_RECORD
  5
2E7
330
1
100
AcDbSymbolTableRecord
100
AcDbBlockTableRecord
  2
_D_10
340
0
  0
BLOCK_RECORD
  5
2F4
330
1
100
AcDbSymbolTableRecord
100
AcDbBlockTableRecord
  2
SW_NOTE_5
340
0
102
{BLKREFS
331
2FA
102
}
  0
BLOCK_RECORD
  5
2FC
330
1
100
AcDbSymbolTableRecord
100
AcDbBlockTableRecord
  2
SW_CENTERMARKSYMBOL_2
340
0
102
{BLKREFS
331
303
102
}
  0
ENDTAB
  0
ENDSEC
  0
SECTION
  2
BLOCKS
  0
BLOCK
  5
20
330
1F
100
AcDbEntity
  8
0
100
AcDbBlockBegin
  2
*Model_Space
 70
     0
 10
0.0
 20
0.0
 30
0.0
  3
*Model_Space
  1
*Model_Space
  0
ENDBLK
  5
21
330
1F
100
AcDbEntity
  8
0
100
AcDbBlockEnd
  0
BLOCK
  5
1C
330
1B
100
AcDbEntity
 67
     1
  8
0
100
AcDbBlockBegin
  2
*Paper_Space
 70
     0
 10
0.0
 20
0.0
 30
0.0
  3
*Paper_Space
  1
*Paper_Space
  0
ENDBLK
  5
1D
330
1B
100
AcDbEntity
 67
     1
  8
0
100
AcDbBlockEnd
  0
BLOCK
  5
24
330
23
100
AcDbEntity
  8
0
100
AcDbBlockBegin
  2
*Paper_Space0
 70
     0
 10
0.0
 20
0.0
 30
0.0
  3
*Paper_Space0
  1
*Paper_Space0
  0
ENDBLK
  5
25
330
23
100
AcDbEntity
  8
0
100
AcDbBlockEnd
  0
BLOCK
  5
71
330
70
100
AcDbEntity
  8
0
100
AcDbBlockBegin
  2
Third Angle Projection Block
 70
     0
 10
0.0
 20
0.0
 30
0.0
  3
Third Angle Projection Block
  1
Third Angle Projection Block
  0
CIRCLE
  5
73
330
70
100
AcDbEntity
  8
0
  6
Continuous
 62
     7
370
    30
100
AcDbCircle
 10
3.9951432636
 20
0.7456853688
 30
0.0
 40
0.0696152422706639
  0
CIRCLE
  5
74
330
70
100
AcDbEntity
  8
0
  6
Continuous
 62
     7
370
    30
100
AcDbCircle
 10
3.9951432636
 20
0.7456853688
 30
0.0
 40
0.1535916633280245
  0
LINE
  5
75
330
70
100
AcDbEntity
  8
0
  6
CENTERX2
 62
     7
370
     0
100
AcDbLine
 10
4.3360937897
 20
0.7456853688
 30
0.0
 11
4.7028635231
 21
0.7456853688
 31
0.0
  0
LINE
  5
76
330
70
100
AcDbEntity
  8
0
  6
Continuous
 62
     7
370
    30
100
AcDbLine
 10
4.3701432636
 20
0.815300611
 30
0.0
 11
4.3701432636
 21
0.6760701265
 31
0.0
  0
LINE
  5
77
330
70
100
AcDbEntity
  8
0
  6
Continuous
 62
     7
370
    30
100
AcDbLine
 10
4.3701432636
 20
0.6760701265
 30
0.0
 11
4.6701432636
 21
0.5956853688
 31
0.0
  0
LINE
  5
78
330
70
100
AcDbEntity
  8
0
  6
Continuous
 62
     7
370
    30
100
AcDbLine
 10
4.6701432636
 20
0.5956853688
 30
0.0
 11
4.6701432636
 21
0.8956853688
 31
0.0
  0
LINE
  5
79
330
70
100
AcDbEntity
  8
0
  6
Continuous
 62
     7
370
    30
100
AcDbLine
 10
4.6701432636
 20
0.8956853688
 30
0.0
 11
4.3701432636
 21
0.815300611
 31
0.0
  0
LINE
  5
7A
330
70
100
AcDbEntity
  8
0
  6
CENTERX2
 62
     7
370
     0
100
AcDbLine
 10
3.8032513961
 20
0.7456853688
 30
0.0
 11
4.187035131
 21
0.7456853688
 31
0.0
  0
LINE
  5
7B
330
70
100
AcDbEntity
  8
0
  6
CENTERX2
 62
     7
370
     0
100
AcDbLine
 10
3.9951432636
 20
0.9375772362
 30
0.0
 11
3.9951432636
 21
0.5537935013
 31
0.0
  0
POINT
  5
7C
330
70
100
AcDbEntity
  8
0
  6
Continuous
 62
     7
370
     0
100
AcDbPoint
 10
3.9951432636
 20
0.7456853688
 30
0.0
  0
ENDBLK
  5
72
330
70
100
AcDbEntity
  8
0
100
AcDbBlockEnd
  0
BLOCK
  5
AA
330
A9
100
AcDbEntity
  8
0
100
AcDbBlockBegin
  2
SW_NOTE_0
 70
     0
 10
0.0
 20
0.0
 30
0.0
  3
SW_NOTE_0
  1
SW_NOTE_0
  0
MTEXT
  5
AC
330
A9
100
AcDbEntity
  8
0
  6
Continuous
 62
     0
370
     0
100
AcDbMText
 10
0.78375
 20
0.0773440644
 30
0.0
 40
0.06
 41
0.0
 71
     2
 72
     1
  1
VALUES IN PARENTHESIS ARE CALCULATED
  7
SLDTEXTSTYLE0
 73
     1
 44
1.0
  0
MTEXT
  5
AD
330
A9
100
AcDbEntity
  8
0
  6
Continuous
 62
     0
370
     0
100
AcDbMText
 10
0.7825936818
 20
-0.0220260102
 30
0.0
 40
0.06
 41
0.0
 71
     2
 72
     1
  1
AND MAY CONTAIN ROUNDOFF ERRORS
  7
SLDTEXTSTYLE0
 73
     1
 44
1.0
  0
ENDBLK
  5
AB
330
A9
100
AcDbEntity
  8
0
100
AcDbBlockEnd
  0
BLOCK
  5
B0
330
AF
100
AcDbEntity
  8
0
100
AcDbBlockBegin
  2
SW_NOTE_1
 70
     0
 10
0.0
 20
0.0
 30
0.0
  3
SW_NOTE_1
  1
SW_NOTE_1
  0
MTEXT
  5
B2
330
AF
100
AcDbEntity
  8
0
  6
Continuous
 62
     0
370
     0
100
AcDbMText
 10
0.0
 20
0.1074223116
 30
0.0
 40
0.0833333333
 41
0.0
 71
     1
 72
     1
  1
DRAWING
  7
SLDTEXTSTYLE0
 73
     1
 44
1.0
  0
MTEXT
  5
B3
330
AF
100
AcDbEntity
  8
0
  6
Continuous
 62
     0
370
     0
100
AcDbMText
 10
0.0
 20
-0.0036887981
 30
0.0
 40
0.0833333333
 41
0.0
 71
     1
 72
     1
  1
PROJECTION
  7
SLDTEXTSTYLE0
 73
     1
 44
1.0
  0
ENDBLK
  5
B1
330
AF
100
AcDbEntity
  8
0
100
AcDbBlockEnd
  0
BLOCK
  5
B7
330
B6
100
AcDbEntity
  8
0
100
AcDbBlockBegin
  2
SW_NOTE_2
 70
     0
 10
0.0
 20
0.0
 30
0.0
  3
SW_NOTE_2
  1
SW_NOTE_2
  0
MTEXT
  5
B9
330
B6
100
AcDbEntity
  8
0
  6
Continuous
 62
     0
370
     0
100
AcDbMText
 10
0.0673828125
 20
0.1208501006
 30
0.0
 40
0.09375
 41
0.0
 71
     2
 72
     1
  1
%%c
  7
SLDTEXTSTYLE0
 73
     1
 44
1.0
  0
MTEXT
  5
BA
330
B6
100
AcDbEntity
  8
0
  6
Continuous
 62
     0
370
     0
100
AcDbMText
 10
0.8666080698
 20
0.1208501006
 30
0.0
 40
0.09375
 41
0.0
 71
     2
 72
     1
  1
0.50in LENS MOUNT WITH
  7
SLDTEXTSTYLE0
 73
     1
 44
1.0
  0
MTEXT
  5
BB
330
B6
100
AcDbEntity
  8
0
  6
Continuous
 62
     0
370
     0
100
AcDbMText
 10
0.7849369862
 20
-0.0041498979
 30
0.0
 40
0.09375
 41
0.0
 71
     2
 72
     1
  1
EXTERNAL SM05 THREAD
  7
SLDTEXTSTYLE0
 73
     1
 44
1.0
  0
ENDBLK
  5
B8
330
B6
100
AcDbEntity
  8
0
100
AcDbBlockEnd
  0
BLOCK
  5
BF
330
BE
100
AcDbEntity
  8
0
100
AcDbBlockBegin
  2
SW_NOTE_3
 70
     0
 10
0.0
 20
0.0
 30
0.0
  3
SW_NOTE_3
  1
SW_NOTE_3
  0
MTEXT
  5
C1
330
BE
100
AcDbEntity
  8
0
  6
Continuous
 62
     0
370
     0
100
AcDbMText
 10
0.986328125
 20
0.1611334675
 30
0.0
 40
0.125
 41
0.0
 71
     2
 72
     1
  1
FOR INFORMATION ONLY
  7
SLDTEXTSTYLE0
 73
     1
 44
1.0
  0
MTEXT
  5
C2
330
BE
100
AcDbEntity
  8
0
  6
Continuous
 62
     0
370
     0
100
AcDbMText
 10
0.999088459
 20
-0.0055331972
 30
0.0
 40
0.125
 41
0.0
 71
     2
 72
     1
  1
NOT FOR MANUFACTURING PURPOSES
  7
SLDTEXTSTYLE0
 73
     1
 44
1.0
  0
ENDBLK
  5
C0
330
BE
100
AcDbEntity
  8
0
100
AcDbBlockEnd
  0
BLOCK
  5
1B5
330
1B4
100
AcDbEntity
  8
0
100
AcDbBlockBegin
  2
_D
 70
     0
 10
0.0
 20
0.0
 30
0.0
  3
_D
  1
_D
  0
SOLID
  5
1B7
330
1B4
100
AcDbEntity
  8
0
  6
Continuous
 62
     7
370
     0
100
AcDbTrace
 10
1.2525696567
 20
3.5354480109
 30
0.0
 11
1.2725696567
 21
3.6604480109
 31
0.0
 12
1.2325696567
 22
3.6604480109
 32
0.0
 13
1.2325696567
 23
3.6604480109
 33
0.0
  0
SOLID
  5
1B8
330
1B4
100
AcDbEntity
  8
0
  6
Continuous
 62
     7
370
     0
100
AcDbTrace
 10
1.2525696567
 20
4.7954480109
 30
0.0
 11
1.2325696567
 21
4.6704480109
 31
0.0
 12
1.2725696567
 22
4.6704480109
 32
0.0
 13
1.2725696567
 23
4.6704480109
 33
0.0
  0
LINE
  5
1B9
330
1B4
100
AcDbEntity
  8
0
  6
Continuous
 62
     7
370
     0
100
AcDbLine
 10
1.0069488498
 20
4.1555193805
 30
0.0
 11
1.0069488498
 21
4.0429949025
 31
0.0
  0
LINE
  5
1BA
330
1B4
100
AcDbEntity
  8
0
  6
Continuous
 62
     7
370
     0
100
AcDbLine
 10
1.0069488498
 20
4.0429949025
 30
0.0
 11
1.0238225663
 21
4.0429949025
 31
0.0
  0
LINE
  5
1BB
330
1B4
100
AcDbEntity
  8
0
  6
Continuous
 62
     7
370
     0
100
AcDbLine
 10
1.0069488498
 20
4.1555193805
 30
0.0
 11
1.0238225663
 21
4.1555193805
 31
0.0
  0
LINE
  5
1BC
330
1B4
100
AcDbEntity
  8
0
  6
Continuous
 62
     7
370
     0
100
AcDbLine
 10
1.4981904635
 20
4.1555193805
 30
0.0
 11
1.4981904635
 21
4.0429949025
 31
0.0
  0
LINE
  5
1BD
330
1B4
100
AcDbEntity
  8
0
  6
Continuous
 62
     7
370
     0
100
AcDbLine
 10
1.4981904635
 20
4.0429949025
 30
0.0
 11
1.481316747
 21
4.0429949025
 31
0.0
  0
LINE
  5
1BE
330
1B4
100
AcDbEntity
  8
0
  6
Continuous
 62
     7
370
     0
100
AcDbLine
 10
1.4981904635
 20
4.1555193805
 30
0.0
 11
1.481316747
 21
4.1555193805
 31
0.0
  0
LINE
  5
1BF
330
1B4
100
AcDbEntity
  8
0
  6
Continuous
 62
     7
370
     0
100
AcDbLine
 10
1.8962704441
 20
3.5354480109
 30
0.0
 11
1.1825696567
 21
3.5354480109
 31
0.0
  0
LINE
  5
1C0
330
1B4
100
AcDbEntity
  8
0
  6
Continuous
 62
     7
370
     0
100
AcDbLine
 10
2.1962704441
 20
4.7954480109
 30
0.0
 11
1.1825696567
 21
4.7954480109
 31
0.0
  0
LINE
  5
1C1
330
1B4
100
AcDbEntity
  8
0
  6
Continuous
 62
     7
370
     0
100
AcDbLine
 10
1.2525696567
 20
3.5354480109
 30
0.0
 11
1.2525696567
 21
4.0330662721
 31
0.0
  0
LINE
  5
1C2
330
1B4
100
AcDbEntity
  8
0
  6
Continuous
 62
     7
370
     0
100
AcDbLine
 10
1.2525696567
 20
4.7954480109
 30
0.0
 11
1.2525696567
 21
4.2978297497
 31
0.0
  0
MTEXT
  5
1C3
330
1B4
100
AcDbEntity
  8
0
  6
Continuous
 62
     7
370
     0
100
AcDbMText
 10
1.0998977302
 20
4.2728703179
 30
0.0
 40
0.0833333333
 41
0.0
 71
     1
 72
     1
  1
0.63in
  7
SLDTEXTSTYLE0
 73
     1
 44
1.0
  0
MTEXT
  5
1C4
330
1B4
100
AcDbEntity
  8
0
  6
Continuous
 62
     7
370
     0
100
AcDbMText
 10
1.0406962828
 20
4.1404885792
 30
0.0
 40
0.0833333333
 41
0.0
 71
     1
 72
     1
  1
16.0mm
  7
SLDTEXTSTYLE0
 73
     1
 44
1.0
  0
ENDBLK
  5
1B6
330
1B4
100
AcDbEntity
  8
0
100
AcDbBlockEnd
  0
BLOCK
  5
1C8
330
1C7
100
AcDbEntity
  8
0
100
AcDbBlockBegin
  2
_D_1
 70
     0
 10
0.0
 20
0.0
 30
0.0
  3
_D_1
  1
_D_1
  0
SOLID
  5
1CA
330
1C7
100
AcDbEntity
  8
0
  6
Continuous
 62
     7
370
     0
100
AcDbTrace
 10
1.9964424982
 20
5.4017650965
 30
0.0
 11
1.9512965674
 21
5.5200310888
 31
0.0
 12
1.9166498768
 22
5.5000409204
 32
0.0
 13
1.9166498768
 23
5.5000409204
 33
0.0
  0
LINE
  5
1CB
330
1C7
100
AcDbEntity
  8
0
  6
Continuous
 62
     7
370
     0
100
AcDbLine
 10
1.9964424982
 20
5.4017650965
 30
0.0
 11
1.7446800044
 21
5.8381164608
 31
0.0
  0
LINE
  5
1CC
330
1C7
100
AcDbEntity
  8
0
  6
Continuous
 62
     7
370
     0
100
AcDbLine
 10
1.7446800044
 20
5.8381164608
 30
0.0
 11
1.5946800044
 21
5.8381164608
 31
0.0
  0
MTEXT
  5
1CD
330
1C7
100
AcDbEntity
  8
0
  6
Continuous
 62
     7
370
     0
100
AcDbMText
 10
1.1011308755
 20
5.8793478984
 30
0.0
 40
0.0833333333
 41
0.0
 71
     1
 72
     1
  1
%%c
  7
SLDTEXTSTYLE0
 73
     1
 44
1.0
  0
MTEXT
  5
1CE
330
1C7
100
AcDbEntity
  8
0
  6
Continuous
 62
     7
370
     0
100
AcDbMText
 10
1.2268361515
 20
5.8793478984
 30
0.0
 40
0.0833333333
 41
0.0
 71
     1
 72
     1
  1
0.70
  7
SLDTEXTSTYLE0
 73
     1
 44
1.0
  0
MTEXT
  5
1CF
330
1C7
100
AcDbEntity
  8
0
  6
Continuous
 62
     7
370
     0
100
AcDbMText
 10
1.4422563962
 20
5.8793478984
 30
0.0
 40
0.0833333333
 41
0.0
 71
     1
 72
     1
  1
in
  7
SLDTEXTSTYLE0
 73
     1
 44
1.0
  0
MTEXT
  5
1D0
330
1C7
100
AcDbEntity
  8
0
  6
Continuous
 62
     7
370
     0
100
AcDbMText
 10
0.9045925021
 20
5.7469661597
 30
0.0
 40
0.0833333333
 41
0.0
 71
     1
 72
     1
  1
[
  7
SLDTEXTSTYLE0
 73
     1
 44
1.0
  0
MTEXT
  5
1D1
330
1C7
100
AcDbEntity
  8
0
  6
Continuous
 62
     7
370
     0
100
AcDbMText
 10
0.9436357123
 20
5.7469661597
 30
0.0
 40
0.0833333333
 41
0.0
 71
     1
 72
     1
  1
%%c
  7
SLDTEXTSTYLE0
 73
     1
 44
1.0
  0
MTEXT
  5
1D2
330
1C7
100
AcDbEntity
  8
0
  6
Continuous
 62
     7
370
     0
100
AcDbMText
 10
1.0694227563
 20
5.7469661597
 30
0.0
 40
0.0833333333
 41
0.0
 71
     1
 72
     1
  1
17.8mm]
  7
SLDTEXTSTYLE0
 73
     1
 44
1.0
  0
ENDBLK
  5
1C9
330
1C7
100
AcDbEntity
  8
0
100
AcDbBlockEnd
  0
BLOCK
  5
1D5
330
1D4
100
AcDbEntity
  8
0
100
AcDbBlockBegin
  2
_D_2
 70
     0
 10
0.0
 20
0.0
 30
0.0
  3
_D_2
  1
_D_2
  0
SOLID
  5
1D7
330
1D4
100
AcDbEntity
  8
0
  6
Continuous
 62
     7
370
     0
100
AcDbTrace
 10
0.7801287118
 20
3.5354480109
 30
0.0
 11
0.8001287118
 21
3.6604480109
 31
0.0
 12
0.7601287118
 22
3.6604480109
 32
0.0
 13
0.7601287118
 23
3.6604480109
 33
0.0
  0
SOLID
  5
1D8
330
1D4
100
AcDbEntity
  8
0
  6
Continuous
 62
     7
370
     0
100
AcDbTrace
 10
0.7801287118
 20
5.4954480109
 30
0.0
 11
0.7601287118
 21
5.3704480109
 31
0.0
 12
0.8001287118
 22
5.3704480109
 32
0.0
 13
0.8001287118
 23
5.3704480109
 33
0.0
  0
LINE
  5
1D9
330
1D4
100
AcDbEntity
  8
0
  6
Continuous
 62
     7
370
     0
100
AcDbLine
 10
0.5345079049
 20
4.5055193805
 30
0.0
 11
0.5345079049
 21
4.3929949025
 31
0.0
  0
LINE
  5
1DA
330
1D4
100
AcDbEntity
  8
0
  6
Continuous
 62
     7
370
     0
100
AcDbLine
 10
0.5345079049
 20
4.3929949025
 30
0.0
 11
0.5513816214
 21
4.3929949025
 31
0.0
  0
LINE
  5
1DB
330
1D4
100
AcDbEntity
  8
0
  6
Continuous
 62
     7
370
     0
100
AcDbLine
 10
0.5345079049
 20
4.5055193805
 30
0.0
 11
0.5513816214
 21
4.5055193805
 31
0.0
  0
LINE
  5
1DC
330
1D4
100
AcDbEntity
  8
0
  6
Continuous
 62
     7
370
     0
100
AcDbLine
 10
1.0257495187
 20
4.5055193805
 30
0.0
 11
1.0257495187
 21
4.3929949025
 31
0.0
  0
LINE
  5
1DD
330
1D4
100
AcDbEntity
  8
0
  6
Continuous
 62
     7
370
     0
100
AcDbLine
 10
1.0257495187
 20
4.3929949025
 30
0.0
 11
1.0088758021
 21
4.3929949025
 31
0.0
  0
LINE
  5
1DE
330
1D4
100
AcDbEntity
  8
0
  6
Continuous
 62
     7
370
     0
100
AcDbLine
 10
1.0257495187
 20
4.5055193805
 30
0.0
 11
1.0088758021
 21
4.5055193805
 31
0.0
  0
LINE
  5
1DF
330
1D4
100
AcDbEntity
  8
0
  6
Continuous
 62
     7
370
     0
100
AcDbLine
 10
1.8962704441
 20
3.5354480109
 30
0.0
 11
0.7101287118
 21
3.5354480109
 31
0.0
  0
LINE
  5
1E0
330
1D4
100
AcDbEntity
  8
0
  6
Continuous
 62
     7
370
     0
100
AcDbLine
 10
2.2962704441
 20
5.4954480109
 30
0.0
 11
1.9923900852
 21
5.4954480109
 31
0.0
  0
LINE
  5
1E1
330
1D4
100
AcDbEntity
  8
0
  6
Continuous
 62
     7
370
     0
100
AcDbLine
 10
1.8923900852
 20
5.4954480109
 30
0.0
 11
0.7101287118
 21
5.4954480109
 31
0.0
  0
LINE
  5
1E2
330
1D4
100
AcDbEntity
  8
0
  6
Continuous
 62
     7
370
     0
100
AcDbLine
 10
0.7801287118
 20
3.5354480109
 30
0.0
 11
0.7801287118
 21
4.3830662721
 31
0.0
  0
LINE
  5
1E3
330
1D4
100
AcDbEntity
  8
0
  6
Continuous
 62
     7
370
     0
100
AcDbLine
 10
0.7801287118
 20
5.4954480109
 30
0.0
 11
0.7801287118
 21
4.6478297497
 31
0.0
  0
MTEXT
  5
1E4
330
1D4
100
AcDbEntity
  8
0
  6
Continuous
 62
     7
370
     0
100
AcDbMText
 10
0.6274567853
 20
4.6228703179
 30
0.0
 40
0.0833333333
 41
0.0
 71
     1
 72
     1
  1
0.98in
  7
SLDTEXTSTYLE0
 73
     1
 44
1.0
  0
MTEXT
  5
1E5
330
1D4
100
AcDbEntity
  8
0
  6
Continuous
 62
     7
370
     0
100
AcDbMText
 10
0.5682553379
 20
4.4904885792
 30
0.0
 40
0.0833333333
 41
0.0
 71
     1
 72
     1
  1
24.9mm
  7
SLDTEXTSTYLE0
 73
     1
 44
1.0
  0
ENDBLK
  5
1D6
330
1D4
100
AcDbEntity
  8
0
100
AcDbBlockEnd
  0
BLOCK
  5
1E9
330
1E8
100
AcDbEntity
  8
0
100
AcDbBlockBegin
  2
_D_3
 70
     0
 10
0.0
 20
0.0
 30
0.0
  3
_D_3
  1
_D_3
  0
SOLID
  5
1EB
330
1E8
100
AcDbEntity
  8
0
  6
Continuous
 62
     7
370
     0
100
AcDbTrace
 10
2.5611469578
 20
5.1679102021
 30
0.0
 11
2.6409348834
 21
5.2661898384
 31
0.0
 12
2.6062872377
 22
5.2861783513
 32
0.0
 13
2.6062872377
 23
5.2861783513
 33
0.0
  0
LINE
  5
1EC
330
1E8
100
AcDbEntity
  8
0
  6
Continuous
 62
     7
370
     0
100
AcDbLine
 10
2.5611469578
 20
5.1679102021
 30
0.0
 11
2.9477944826
 21
5.8381164608
 31
0.0
  0
LINE
  5
1ED
330
1E8
100
AcDbEntity
  8
0
  6
Continuous
 62
     7
370
     0
100
AcDbLine
 10
2.9477944826
 20
5.8381164608
 30
0.0
 11
3.0977944826
 21
5.8381164608
 31
0.0
  0
MTEXT
  5
1EE
330
1E8
100
AcDbEntity
  8
0
  6
Continuous
 62
     7
370
     0
100
AcDbMText
 10
3.1602944826
 20
5.8793478984
 30
0.0
 40
0.0833333333
 41
0.0
 71
     1
 72
     1
  1
%%c
  7
SLDTEXTSTYLE0
 73
     1
 44
1.0
  0
MTEXT
  5
1EF
330
1E8
100
AcDbEntity
  8
0
  6
Continuous
 62
     7
370
     0
100
AcDbMText
 10
3.2859997586
 20
5.8793478984
 30
0.0
 40
0.0833333333
 41
0.0
 71
     1
 72
     1
  1
0.43
  7
SLDTEXTSTYLE0
 73
     1
 44
1.0
  0
MTEXT
  5
1F1
330
1E8
100
AcDbEntity
  8
0
  6
Continuous
 62
     7
370
     0
100
AcDbMText
 10
3.5014200033
 20
5.8793478984
 30
0.0
 40
0.0833333333
 41
0.0
 71
     1
 72
     1
  1
in [
  7
SLDTEXTSTYLE3
 73
     1
 44
1.0
  0
MTEXT
  5
1F2
330
1E8
100
AcDbEntity
  8
0
  6
Continuous
 62
     7
370
     0
100
AcDbMText
 10
3.6611422282
 20
5.8793478984
 30
0.0
 40
0.0833333333
 41
0.0
 71
     1
 72
     1
  1
%%c
  7
SLDTEXTSTYLE0
 73
     1
 44
1.0
  0
MTEXT
  5
1F3
330
1E8
100
AcDbEntity
  8
0
  6
Continuous
 62
     7
370
     0
100
AcDbMText
 10
3.7869292584
 20
5.8793478984
 30
0.0
 40
0.0833333333
 41
0.0
 71
     1
 72
     1
  1
10.9mm]
  7
SLDTEXTSTYLE0
 73
     1
 44
1.0
  0
MTEXT
  5
1F4
330
1E8
100
AcDbEntity
  8
0
  6
Continuous
 62
     7
370
     0
100
AcDbMText
 10
3.1602944826
 20
5.7469661597
 30
0.0
 40
0.0833333333
 41
0.0
 71
     1
 72
     1
  1
CLEAR APERTURE
  7
SLDTEXTSTYLE0
 73
     1
 44
1.0
  0
ENDBLK
  5
1EA
330
1E8
100
AcDbEntity
  8
0
100
AcDbBlockEnd
  0
BLOCK
  5
1F6
330
1F5
100
AcDbEntity
  8
0
100
AcDbBlockBegin
  2
SW_SYMBOL_MOD_CL
 70
     0
 10
0.0
 20
0.0
 30
0.0
  3
SW_SYMBOL_MOD_CL
  1
SW_SYMBOL_MOD_CL
  0
MTEXT
  5
1F8
330
1F5
100
AcDbEntity
  8
0
  6
Continuous
 62
     0
370
     0
100
AcDbMText
 10
15.7480314961
 20
23.6220472441
 30
0.0
 40
30.821835344
 41
0.0
 71
     5
 72
     1
  1
C
  7
SLDTEXTSTYLE0
 73
     1
 44
1.0
  0
MTEXT
  5
1F9
330
1F5
100
AcDbEntity
  8
0
  6
Continuous
 62
     0
370
     0
100
AcDbMText
 10
23.6220472441
 20
11.811023622
 30
0.0
 40
30.821835344
 41
0.0
 71
     5
 72
     1
  1
L
  7
SLDTEXTSTYLE0
 73
     1
 44
1.0
  0
ENDBLK
  5
1F7
330
1F5
100
AcDbEntity
  8
0
100
AcDbBlockEnd
  0
BLOCK
  5
1FC
330
1FB
100
AcDbEntity
  8
0
100
AcDbBlockBegin
  2
SW_CENTERMARKSYMBOL_0
 70
     0
 10
0.0
 20
0.0
 30
0.0
  3
SW_CENTERMARKSYMBOL_0
  1
SW_CENTERMARKSYMBOL_0
  0
LINE
  5
1FE
330
1FB
100
AcDbEntity
  8
0
  6
Continuous
 62
     0
370
     0
100
AcDbLine
 10
0.0
 20
0.0
 30
0.0
 11
0.0
 21
0.1
 31
0.0
  0
LINE
  5
1FF
330
1FB
100
AcDbEntity
  8
0
  6
Continuous
 62
     0
370
     0
100
AcDbLine
 10
0.0
 20
0.0
 30
0.0
 11
-0.1
 21
0.0
 31
0.0
  0
LINE
  5
200
330
1FB
100
AcDbEntity
  8
0
  6
Continuous
 62
     0
370
     0
100
AcDbLine
 10
0.0
 20
0.0
 30
0.0
 11
0.0
 21
-0.1
 31
0.0
  0
LINE
  5
201
330
1FB
100
AcDbEntity
  8
0
  6
Continuous
 62
     0
370
     0
100
AcDbLine
 10
0.0
 20
0.0
 30
0.0
 11
0.1
 21
0.0
 31
0.0
  0
ENDBLK
  5
1FD
330
1FB
100
AcDbEntity
  8
0
100
AcDbBlockEnd
  0
BLOCK
  5
230
330
22F
100
AcDbEntity
  8
0
100
AcDbBlockBegin
  2
_D_4
 70
     0
 10
0.0
 20
0.0
 30
0.0
  3
_D_4
  1
_D_4
  0
SOLID
  5
232
330
22F
100
AcDbEntity
  8
0
  6
Continuous
 62
     7
370
     0
100
AcDbTrace
 10
1.9462704441
 20
1.4527006998
 30
0.0
 11
1.8212704441
 21
1.4727006998
 31
0.0
 12
1.8212704441
 22
1.4327006998
 32
0.0
 13
1.8212704441
 23
1.4327006998
 33
0.0
  0
SOLID
  5
233
330
22F
100
AcDbEntity
  8
0
  6
Continuous
 62
     7
370
     0
100
AcDbTrace
 10
2.3462704441
 20
1.4527006998
 30
0.0
 11
2.4712704441
 21
1.4327006998
 31
0.0
 12
2.4712704441
 22
1.4727006998
 32
0.0
 13
2.4712704441
 23
1.4727006998
 33
0.0
  0
LINE
  5
234
330
22F
100
AcDbEntity
  8
0
  6
Continuous
 62
     7
370
     0
100
AcDbLine
 10
1.153799768
 20
1.3765812
 30
0.0
 11
1.153799768
 21
1.2640567221
 31
0.0
  0
LINE
  5
235
330
22F
100
AcDbEntity
  8
0
  6
Continuous
 62
     7
370
     0
100
AcDbLine
 10
1.153799768
 20
1.2640567221
 30
0.0
 11
1.1706734845
 21
1.2640567221
 31
0.0
  0
LINE
  5
236
330
22F
100
AcDbEntity
  8
0
  6
Continuous
 62
     7
370
     0
100
AcDbLine
 10
1.153799768
 20
1.3765812
 30
0.0
 11
1.1706734845
 21
1.3765812
 31
0.0
  0
LINE
  5
237
330
22F
100
AcDbEntity
  8
0
  6
Continuous
 62
     7
370
     0
100
AcDbLine
 10
1.5833884207
 20
1.3765812
 30
0.0
 11
1.5833884207
 21
1.2640567221
 31
0.0
  0
LINE
  5
238
330
22F
100
AcDbEntity
  8
0
  6
Continuous
 62
     7
370
     0
100
AcDbLine
 10
1.5833884207
 20
1.2640567221
 30
0.0
 11
1.5665147042
 21
1.2640567221
 31
0.0
  0
LINE
  5
239
330
22F
100
AcDbEntity
  8
0
  6
Continuous
 62
     7
370
     0
100
AcDbLine
 10
1.5833884207
 20
1.3765812
 30
0.0
 11
1.5665147042
 21
1.3765812
 31
0.0
  0
LINE
  5
23A
330
22F
100
AcDbEntity
  8
0
  6
Continuous
 62
     7
370
     0
100
AcDbLine
 10
1.9462704441
 20
1.8564014872
 30
0.0
 11
1.9462704441
 21
1.3827006998
 31
0.0
  0
LINE
  5
23B
330
22F
100
AcDbEntity
  8
0
  6
Continuous
 62
     7
370
     0
100
AcDbLine
 10
2.3462704441
 20
1.9964014872
 30
0.0
 11
2.3462704441
 21
1.3827006998
 31
0.0
  0
LINE
  5
23C
330
22F
100
AcDbEntity
  8
0
  6
Continuous
 62
     7
370
     0
100
AcDbLine
 10
1.9462704441
 20
1.4527006998
 30
0.0
 11
1.6965356501
 21
1.4527006998
 31
0.0
  0
LINE
  5
23D
330
22F
100
AcDbEntity
  8
0
  6
Continuous
 62
     7
370
     0
100
AcDbLine
 10
2.3462704441
 20
1.4527006998
 30
0.0
 11
2.5962704441
 21
1.4527006998
 31
0.0
  0
MTEXT
  5
23E
330
22F
100
AcDbEntity
  8
0
  6
Continuous
 62
     7
370
     0
100
AcDbMText
 10
1.3117920007
 20
1.4939321375
 30
0.0
 40
0.0833333333
 41
0.0
 71
     1
 72
     1
  1
0.20in
  7
SLDTEXTSTYLE0
 73
     1
 44
1.0
  0
MTEXT
  5
23F
330
22F
100
AcDbEntity
  8
0
  6
Continuous
 62
     7
370
     0
100
AcDbMText
 10
1.187547201
 20
1.3615503987
 30
0.0
 40
0.0833333333
 41
0.0
 71
     1
 72
     1
  1
5.1mm
  7
SLDTEXTSTYLE0
 73
     1
 44
1.0
  0
ENDBLK
  5
231
330
22F
100
AcDbEntity
  8
0
100
AcDbBlockEnd
  0
BLOCK
  5
243
330
242
100
AcDbEntity
  8
0
100
AcDbBlockBegin
  2
_D_5
 70
     0
 10
0.0
 20
0.0
 30
0.0
  3
_D_5
  1
_D_5
  0
SOLID
  5
245
330
242
100
AcDbEntity
  8
0
  6
Continuous
 62
     7
370
     0
100
AcDbTrace
 10
1.2525696567
 20
1.8464014872
 30
0.0
 11
1.2325696567
 21
1.7214014872
 31
0.0
 12
1.2725696567
 22
1.7214014872
 32
0.0
 13
1.2725696567
 23
1.7214014872
 33
0.0
  0
SOLID
  5
246
330
242
100
AcDbEntity
  8
0
  6
Continuous
 62
     7
370
     0
100
AcDbTrace
 10
1.2525696567
 20
2.1464014872
 30
0.0
 11
1.2725696567
 21
2.2714014872
 31
0.0
 12
1.2325696567
 22
2.2714014872
 32
0.0
 13
1.2325696567
 23
2.2714014872
 33
0.0
  0
LINE
  5
247
330
242
100
AcDbEntity
  8
0
  6
Continuous
 62
     7
370
     0
100
AcDbLine
 10
1.0377753303
 20
1.9864728568
 30
0.0
 11
1.0377753303
 21
1.8739483789
 31
0.0
  0
LINE
  5
248
330
242
100
AcDbEntity
  8
0
  6
Continuous
 62
     7
370
     0
100
AcDbLine
 10
1.0377753303
 20
1.8739483789
 30
0.0
 11
1.0546490468
 21
1.8739483789
 31
0.0
  0
LINE
  5
249
330
242
100
AcDbEntity
  8
0
  6
Continuous
 62
     7
370
     0
100
AcDbLine
 10
1.0377753303
 20
1.9864728568
 30
0.0
 11
1.0546490468
 21
1.9864728568
 31
0.0
  0
LINE
  5
24A
330
242
100
AcDbEntity
  8
0
  6
Continuous
 62
     7
370
     0
100
AcDbLine
 10
1.467363983
 20
1.9864728568
 30
0.0
 11
1.467363983
 21
1.8739483789
 31
0.0
  0
LINE
  5
24B
330
242
100
AcDbEntity
  8
0
  6
Continuous
 62
     7
370
     0
100
AcDbLine
 10
1.467363983
 20
1.8739483789
 30
0.0
 11
1.4504902665
 21
1.8739483789
 31
0.0
  0
LINE
  5
24C
330
242
100
AcDbEntity
  8
0
  6
Continuous
 62
     7
370
     0
100
AcDbLine
 10
1.467363983
 20
1.9864728568
 30
0.0
 11
1.4504902665
 21
1.9864728568
 31
0.0
  0
LINE
  5
24D
330
242
100
AcDbEntity
  8
0
  6
Continuous
 62
     7
370
     0
100
AcDbLine
 10
1.6762662862
 20
1.8464014872
 30
0.0
 11
1.1825696567
 21
1.8464014872
 31
0.0
  0
LINE
  5
24E
330
242
100
AcDbEntity
  8
0
  6
Continuous
 62
     7
370
     0
100
AcDbLine
 10
2.1962704441
 20
2.1464014872
 30
0.0
 11
1.1825696567
 21
2.1464014872
 31
0.0
  0
LINE
  5
24F
330
242
100
AcDbEntity
  8
0
  6
Continuous
 62
     7
370
     0
100
AcDbLine
 10
1.2525696567
 20
1.8464014872
 30
0.0
 11
1.2525696567
 21
1.5964014872
 31
0.0
  0
LINE
  5
250
330
242
100
AcDbEntity
  8
0
  6
Continuous
 62
     7
370
     0
100
AcDbLine
 10
1.2525696567
 20
2.1464014872
 30
0.0
 11
1.2525696567
 21
2.3964014872
 31
0.0
  0
MTEXT
  5
251
330
242
100
AcDbEntity
  8
0
  6
Continuous
 62
     7
370
     0
100
AcDbMText
 10
1.0998977302
 20
2.1038237943
 30
0.0
 40
0.0833333333
 41
0.0
 71
     1
 72
     1
  1
0.15in
  7
SLDTEXTSTYLE0
 73
     1
 44
1.0
  0
MTEXT
  5
252
330
242
100
AcDbEntity
  8
0
  6
Continuous
 62
     7
370
     0
100
AcDbMText
 10
1.0715227633
 20
1.9714420555
 30
0.0
 40
0.0833333333
 41
0.0
 71
     1
 72
     1
  1
3.8mm
  7
SLDTEXTSTYLE0
 73
     1
 44
1.0
  0
ENDBLK
  5
244
330
242
100
AcDbEntity
  8
0
100
AcDbBlockEnd
  0
BLOCK
  5
256
330
255
100
AcDbEntity
  8
0
100
AcDbBlockBegin
  2
_D_6
 70
     0
 10
0.0
 20
0.0
 30
0.0
  3
_D_6
  1
_D_6
  0
SOLID
  5
258
330
255
100
AcDbEntity
  8
0
  6
Continuous
 62
     7
370
     0
100
AcDbTrace
 10
2.4142274903
 20
2.2642057311
 30
0.0
 11
2.4940121642
 21
2.3624880072
 31
0.0
 12
2.4593638572
 22
2.3824753737
 32
0.0
 13
2.4593638572
 23
2.3824753737
 33
0.0
  0
LINE
  5
259
330
255
100
AcDbEntity
  8
0
  6
Continuous
 62
     7
370
     0
100
AcDbLine
 10
2.4142274903
 20
2.2642057311
 30
0.0
 11
2.8093046933
 21
2.9490761563
 31
0.0
  0
LINE
  5
25A
330
255
100
AcDbEntity
  8
0
  6
Continuous
 62
     7
370
     0
100
AcDbLine
 10
2.8093046933
 20
2.9490761563
 30
0.0
 11
2.9593046933
 21
2.9490761563
 31
0.0
  0
MTEXT
  5
25B
330
255
100
AcDbEntity
  8
0
  6
Continuous
 62
     7
370
     0
100
AcDbMText
 10
3.0218046933
 20
2.8579258552
 30
0.0
 40
0.0833333333
 41
0.0
 71
     1
 72
     1
  1
0.25in [6.5mm] DEEP
  7
SLDTEXTSTYLE0
 73
     1
 44
1.0
  0
MTEXT
  5
25C
330
255
100
AcDbEntity
  8
0
  6
Continuous
 62
     7
370
     0
100
AcDbMText
 10
3.0218046933
 20
2.990307594
 30
0.0
 40
0.0833333333
 41
0.0
 71
     1
 72
     1
  1
8-32 MOUNTING HOLE
  7
SLDTEXTSTYLE0
 73
     1
 44
1.0
  0
ENDBLK
  5
257
330
255
100
AcDbEntity
  8
0
100
AcDbBlockEnd
  0
BLOCK
  5
25F
330
25E
100
AcDbEntity
  8
0
100
AcDbBlockBegin
  2
_D_7
 70
     0
 10
0.0
 20
0.0
 30
0.0
  3
_D_7
  1
_D_7
  0
SOLID
  5
261
330
25E
100
AcDbEntity
  8
0
  6
Continuous
 62
     7
370
     0
100
AcDbTrace
 10
1.9462704441
 20
0.9802597549
 30
0.0
 11
1.8212704441
 21
1.0002597549
 31
0.0
 12
1.8212704441
 22
0.9602597549
 32
0.0
 13
1.8212704441
 23
0.9602597549
 33
0.0
  0
SOLID
  5
262
330
25E
100
AcDbEntity
  8
0
  6
Continuous
 62
     7
370
     0
100
AcDbTrace
 10
2.7462704441
 20
0.9802597549
 30
0.0
 11
2.8712704441
 21
0.9602597549
 31
0.0
 12
2.8712704441
 22
1.0002597549
 32
0.0
 13
2.8712704441
 23
1.0002597549
 33
0.0
  0
LINE
  5
263
330
25E
100
AcDbEntity
  8
0
  6
Continuous
 62
     7
370
     0
100
AcDbLine
 10
2.1006496372
 20
0.9703311245
 30
0.0
 11
2.1006496372
 21
0.8578066466
 31
0.0
  0
LINE
  5
264
330
25E
100
AcDbEntity
  8
0
  6
Continuous
 62
     7
370
     0
100
AcDbLine
 10
2.1006496372
 20
0.8578066466
 30
0.0
 11
2.1175233537
 21
0.8578066466
 31
0.0
  0
LINE
  5
265
330
25E
100
AcDbEntity
  8
0
  6
Continuous
 62
     7
370
     0
100
AcDbLine
 10
2.1006496372
 20
0.9703311245
 30
0.0
 11
2.1175233537
 21
0.9703311245
 31
0.0
  0
LINE
  5
266
330
25E
100
AcDbEntity
  8
0
  6
Continuous
 62
     7
370
     0
100
AcDbLine
 10
2.5918912509
 20
0.9703311245
 30
0.0
 11
2.5918912509
 21
0.8578066466
 31
0.0
  0
LINE
  5
267
330
25E
100
AcDbEntity
  8
0
  6
Continuous
 62
     7
370
     0
100
AcDbLine
 10
2.5918912509
 20
0.8578066466
 30
0.0
 11
2.5750175344
 21
0.8578066466
 31
0.0
  0
LINE
  5
268
330
25E
100
AcDbEntity
  8
0
  6
Continuous
 62
     7
370
     0
100
AcDbLine
 10
2.5918912509
 20
0.9703311245
 30
0.0
 11
2.5750175344
 21
0.9703311245
 31
0.0
  0
LINE
  5
269
330
25E
100
AcDbEntity
  8
0
  6
Continuous
 62
     7
370
     0
100
AcDbLine
 10
1.9462704441
 20
1.8564014872
 30
0.0
 11
1.9462704441
 21
0.9102597549
 31
0.0
  0
LINE
  5
26A
330
25E
100
AcDbEntity
  8
0
  6
Continuous
 62
     7
370
     0
100
AcDbLine
 10
2.7462704441
 20
1.8564014872
 30
0.0
 11
2.7462704441
 21
0.9102597549
 31
0.0
  0
LINE
  5
26B
330
25E
100
AcDbEntity
  8
0
  6
Continuous
 62
     7
370
     0
100
AcDbLine
 10
1.9462704441
 20
0.9802597549
 30
0.0
 11
1.6962704441
 21
0.9802597549
 31
0.0
  0
LINE
  5
26C
330
25E
100
AcDbEntity
  8
0
  6
Continuous
 62
     7
370
     0
100
AcDbLine
 10
2.7462704441
 20
0.9802597549
 30
0.0
 11
2.9962704441
 21
0.9802597549
 31
0.0
  0
MTEXT
  5
26D
330
25E
100
AcDbEntity
  8
0
  6
Continuous
 62
     7
370
     0
100
AcDbMText
 10
2.1935985176
 20
1.087682062
 30
0.0
 40
0.0833333333
 41
0.0
 71
     1
 72
     1
  1
0.40in
  7
SLDTEXTSTYLE0
 73
     1
 44
1.0
  0
MTEXT
  5
26E
330
25E
100
AcDbEntity
  8
0
  6
Continuous
 62
     7
370
     0
100
AcDbMText
 10
2.1343970702
 20
0.9553003232
 30
0.0
 40
0.0833333333
 41
0.0
 71
     1
 72
     1
  1
10.2mm
  7
SLDTEXTSTYLE0
 73
     1
 44
1.0
  0
ENDBLK
  5
260
330
25E
100
AcDbEntity
  8
0
100
AcDbBlockEnd
  0
BLOCK
  5
270
330
26F
100
AcDbEntity
  8
0
100
AcDbBlockBegin
  2
SW_CENTERMARKSYMBOL_1
 70
     0
 10
0.0
 20
0.0
 30
0.0
  3
SW_CENTERMARKSYMBOL_1
  1
SW_CENTERMARKSYMBOL_1
  0
LINE
  5
272
330
26F
100
AcDbEntity
  8
0
  6
Continuous
 62
     0
370
     0
100
AcDbLine
 10
0.0
 20
0.0
 30
0.0
 11
0.0
 21
0.1
 31
0.0
  0
LINE
  5
273
330
26F
100
AcDbEntity
  8
0
  6
Continuous
 62
     0
370
     0
100
AcDbLine
 10
0.0
 20
0.0
 30
0.0
 11
-0.1
 21
0.0
 31
0.0
  0
LINE
  5
274
330
26F
100
AcDbEntity
  8
0
  6
Continuous
 62
     0
370
     0
100
AcDbLine
 10
0.0
 20
0.0
 30
0.0
 11
0.0
 21
-0.1
 31
0.0
  0
LINE
  5
275
330
26F
100
AcDbEntity
  8
0
  6
Continuous
 62
     0
370
     0
100
AcDbLine
 10
0.0
 20
0.0
 30
0.0
 11
0.1
 21
0.0
 31
0.0
  0
ENDBLK
  5
271
330
26F
100
AcDbEntity
  8
0
100
AcDbBlockEnd
  0
BLOCK
  5
295
330
294
100
AcDbEntity
  8
0
100
AcDbBlockBegin
  2
_D_8
 70
     0
 10
0.0
 20
0.0
 30
0.0
  3
_D_8
  1
_D_8
  0
SOLID
  5
297
330
294
100
AcDbEntity
  8
0
  6
Continuous
 62
     7
370
     0
100
AcDbTrace
 10
5.9898857734
 20
3.1417472235
 30
0.0
 11
6.1148857734
 21
3.1217472235
 31
0.0
 12
6.1148857734
 22
3.1617472235
 32
0.0
 13
6.1148857734
 23
3.1617472235
 33
0.0
  0
SOLID
  5
298
330
294
100
AcDbEntity
  8
0
  6
Continuous
 62
     7
370
     0
100
AcDbTrace
 10
5.3898857734
 20
3.1417472235
 30
0.0
 11
5.2648857734
 21
3.1617472235
 31
0.0
 12
5.2648857734
 22
3.1217472235
 32
0.0
 13
5.2648857734
 23
3.1217472235
 33
0.0
  0
LINE
  5
299
330
294
100
AcDbEntity
  8
0
  6
Continuous
 62
     7
370
     0
100
AcDbLine
 10
5.4750914471
 20
3.1318185931
 30
0.0
 11
5.4750914471
 21
3.0192941151
 31
0.0
  0
LINE
  5
29A
330
294
100
AcDbEntity
  8
0
  6
Continuous
 62
     7
370
     0
100
AcDbLine
 10
5.4750914471
 20
3.0192941151
 30
0.0
 11
5.4919651636
 21
3.0192941151
 31
0.0
  0
LINE
  5
29B
330
294
100
AcDbEntity
  8
0
  6
Continuous
 62
     7
370
     0
100
AcDbLine
 10
5.4750914471
 20
3.1318185931
 30
0.0
 11
5.4919651636
 21
3.1318185931
 31
0.0
  0
LINE
  5
29C
330
294
100
AcDbEntity
  8
0
  6
Continuous
 62
     7
370
     0
100
AcDbLine
 10
5.9046800998
 20
3.1318185931
 30
0.0
 11
5.9046800998
 21
3.0192941151
 31
0.0
  0
LINE
  5
29D
330
294
100
AcDbEntity
  8
0
  6
Continuous
 62
     7
370
     0
100
AcDbLine
 10
5.9046800998
 20
3.0192941151
 30
0.0
 11
5.8878063833
 21
3.0192941151
 31
0.0
  0
LINE
  5
29E
330
294
100
AcDbEntity
  8
0
  6
Continuous
 62
     7
370
     0
100
AcDbLine
 10
5.9046800998
 20
3.1318185931
 30
0.0
 11
5.8878063833
 21
3.1318185931
 31
0.0
  0
LINE
  5
29F
330
294
100
AcDbEntity
  8
0
  6
Continuous
 62
     7
370
     0
100
AcDbLine
 10
5.9898857734
 20
3.4854480109
 30
0.0
 11
5.9898857734
 21
3.0717472235
 31
0.0
  0
LINE
  5
2A0
330
294
100
AcDbEntity
  8
0
  6
Continuous
 62
     7
370
     0
100
AcDbLine
 10
5.3898857734
 20
3.4854480109
 30
0.0
 11
5.3898857734
 21
3.0717472235
 31
0.0
  0
LINE
  5
2A1
330
294
100
AcDbEntity
  8
0
  6
Continuous
 62
     7
370
     0
100
AcDbLine
 10
5.9898857734
 20
3.1417472235
 30
0.0
 11
6.2398857734
 21
3.1417472235
 31
0.0
  0
LINE
  5
2A2
330
294
100
AcDbEntity
  8
0
  6
Continuous
 62
     7
370
     0
100
AcDbLine
 10
5.3898857734
 20
3.1417472235
 30
0.0
 11
5.1398857734
 21
3.1417472235
 31
0.0
  0
MTEXT
  5
2A3
330
294
100
AcDbEntity
  8
0
  6
Continuous
 62
     7
370
     0
100
AcDbMText
 10
5.5372138469
 20
3.2491695305
 30
0.0
 40
0.0833333333
 41
0.0
 71
     1
 72
     1
  1
0.30in
  7
SLDTEXTSTYLE0
 73
     1
 44
1.0
  0
MTEXT
  5
2A4
330
294
100
AcDbEntity
  8
0
  6
Continuous
 62
     7
370
     0
100
AcDbMText
 10
5.5088388801
 20
3.1167877918
 30
0.0
 40
0.0833333333
 41
0.0
 71
     1
 72
     1
  1
7.6mm
  7
SLDTEXTSTYLE0
 73
     1
 44
1.0
  0
ENDBLK
  5
296
330
294
100
AcDbEntity
  8
0
100
AcDbBlockEnd
  0
BLOCK
  5
2A7
330
2A6
100
AcDbEntity
  8
0
100
AcDbBlockBegin
  2
_D_9
 70
     0
 10
0.0
 20
0.0
 30
0.0
  3
_D_9
  1
_D_9
  0
SOLID
  5
2A9
330
2A6
100
AcDbEntity
  8
0
  6
Continuous
 62
     7
370
     0
100
AcDbTrace
 10
5.9898857734
 20
2.6693062786
 30
0.0
 11
6.1148857734
 21
2.6493062786
 31
0.0
 12
6.1148857734
 22
2.6893062786
 32
0.0
 13
6.1148857734
 23
2.6893062786
 33
0.0
  0
SOLID
  5
2AA
330
2A6
100
AcDbEntity
  8
0
  6
Continuous
 62
     7
370
     0
100
AcDbTrace
 10
5.2298857734
 20
2.6693062786
 30
0.0
 11
5.1048857734
 21
2.6893062786
 31
0.0
 12
5.1048857734
 22
2.6493062786
 32
0.0
 13
5.1048857734
 23
2.6493062786
 33
0.0
  0
LINE
  5
2AB
330
2A6
100
AcDbEntity
  8
0
  6
Continuous
 62
     7
370
     0
100
AcDbLine
 10
5.3950914471
 20
2.6593776482
 30
0.0
 11
5.3950914471
 21
2.5468531702
 31
0.0
  0
LINE
  5
2AC
330
2A6
100
AcDbEntity
  8
0
  6
Continuous
 62
     7
370
     0
100
AcDbLine
 10
5.3950914471
 20
2.5468531702
 30
0.0
 11
5.4119651636
 21
2.5468531702
 31
0.0
  0
LINE
  5
2AD
330
2A6
100
AcDbEntity
  8
0
  6
Continuous
 62
     7
370
     0
100
AcDbLine
 10
5.3950914471
 20
2.6593776482
 30
0.0
 11
5.4119651636
 21
2.6593776482
 31
0.0
  0
LINE
  5
2AE
330
2A6
100
AcDbEntity
  8
0
  6
Continuous
 62
     7
370
     0
100
AcDbLine
 10
5.8246800998
 20
2.6593776482
 30
0.0
 11
5.8246800998
 21
2.5468531702
 31
0.0
  0
LINE
  5
2AF
330
2A6
100
AcDbEntity
  8
0
  6
Continuous
 62
     7
370
     0
100
AcDbLine
 10
5.8246800998
 20
2.5468531702
 30
0.0
 11
5.8078063833
 21
2.5468531702
 31
0.0
  0
LINE
  5
2B0
330
2A6
100
AcDbEntity
  8
0
  6
Continuous
 62
     7
370
     0
100
AcDbLine
 10
5.8246800998
 20
2.6593776482
 30
0.0
 11
5.8078063833
 21
2.6593776482
 31
0.0
  0
LINE
  5
2B1
330
2A6
100
AcDbEntity
  8
0
  6
Continuous
 62
     7
370
     0
100
AcDbLine
 10
5.9898857734
 20
3.4854480109
 30
0.0
 11
5.9898857734
 21
2.5993062786
 31
0.0
  0
LINE
  5
2B2
330
2A6
100
AcDbEntity
  8
0
  6
Continuous
 62
     7
370
     0
100
AcDbLine
 10
5.2298857734
 20
4.1161171133
 30
0.0
 11
5.2298857734
 21
3.1917472235
 31
0.0
  0
LINE
  5
2B3
330
2A6
100
AcDbEntity
  8
0
  6
Continuous
 62
     7
370
     0
100
AcDbLine
 10
5.2298857734
 20
3.0917472235
 30
0.0
 11
5.2298857734
 21
2.5993062786
 31
0.0
  0
LINE
  5
2B4
330
2A6
100
AcDbEntity
  8
0
  6
Continuous
 62
     7
370
     0
100
AcDbLine
 10
5.9898857734
 20
2.6693062786
 30
0.0
 11
6.2398857734
 21
2.6693062786
 31
0.0
  0
LINE
  5
2B5
330
2A6
100
AcDbEntity
  8
0
  6
Continuous
 62
     7
370
     0
100
AcDbLine
 10
5.2298857734
 20
2.6693062786
 30
0.0
 11
4.9798857734
 21
2.6693062786
 31
0.0
  0
MTEXT
  5
2B6
330
2A6
100
AcDbEntity
  8
0
  6
Continuous
 62
     7
370
     0
100
AcDbMText
 10
5.4572138469
 20
2.7767285857
 30
0.0
 40
0.0833333333
 41
0.0
 71
     1
 72
     1
  1
0.38in
  7
SLDTEXTSTYLE0
 73
     1
 44
1.0
  0
MTEXT
  5
2B7
330
2A6
100
AcDbEntity
  8
0
  6
Continuous
 62
     7
370
     0
100
AcDbMText
 10
5.4288388801
 20
2.6443468469
 30
0.0
 40
0.0833333333
 41
0.0
 71
     1
 72
     1
  1
9.7mm
  7
SLDTEXTSTYLE0
 73
     1
 44
1.0
  0
ENDBLK
  5
2A8
330
2A6
100
AcDbEntity
  8
0
100
AcDbBlockEnd
  0
BLOCK
  5
2B9
330
2B8
100
AcDbEntity
  8
0
100
AcDbBlockBegin
  2
SW_NOTE_4
 70
     0
 10
0.0
 20
0.0
 30
0.0
  3
SW_NOTE_4
  1
SW_NOTE_4
  0
MTEXT
  5
2BB
330
2B8
100
AcDbEntity
  8
0
  6
Continuous
 62
     0
370
     0
100
AcDbMText
 10
-0.9837532352
 20
0.0635277609
 30
0.0
 40
0.0833333333
 41
0.0
 71
     3
 72
     1
  1
SM05 (
  7
SLDTEXTSTYLE0
 73
     1
 44
1.0
  0
MTEXT
  5
2BC
330
2B8
100
AcDbEntity
  8
0
  6
Continuous
 62
     0
370
     0
100
AcDbMText
 10
-0.8526382536
 20
0.0635277609
 30
0.0
 40
0.0833333333
 41
0.0
 71
     3
 72
     1
  1
%%c
  7
SLDTEXTSTYLE0
 73
     1
 44
1.0
  0
MTEXT
  5
2BD
330
2B8
100
AcDbEntity
  8
0
  6
Continuous
 62
     0
370
     0
100
AcDbMText
 10
-0.0289345567
 20
0.0635277609
 30
0.0
 40
0.0833333333
 41
0.0
 71
     3
 72
     1
  1
0.535-40) SERIES
  7
SLDTEXTSTYLE0
 73
     1
 44
1.0
  0
MTEXT
  5
2BE
330
2B8
100
AcDbEntity
  8
0
  6
Continuous
 62
     0
370
     0
100
AcDbMText
 10
-0.0386374807
 20
-0.0475833489
 30
0.0
 40
0.0833333333
 41
0.0
 71
     3
 72
     1
  1
EXTERNAL THREAD
  7
SLDTEXTSTYLE0
 73
     1
 44
1.0
  0
ENDBLK
  5
2BA
330
2B8
100
AcDbEntity
  8
0
100
AcDbBlockEnd
  0
BLOCK
  5
2E8
330
2E7
100
AcDbEntity
  8
0
100
AcDbBlockBegin
  2
_D_10
 70
     0
 10
0.0
 20
0.0
 30
0.0
  3
_D_10
  1
_D_10
  0
SOLID
  5
2EA
330
2E7
100
AcDbEntity
  8
0
  6
Continuous
 62
     7
370
     0
100
AcDbTrace
 10
9.3430763929
 20
4.4170473834
 30
0.0
 11
9.2405652473
 21
4.3427744742
 31
0.0
 12
9.268856883
 22
4.3144975694
 32
0.0
 13
9.268856883
 23
4.3144975694
 33
0.0
  0
LINE
  5
2EB
330
2E7
100
AcDbEntity
  8
0
  6
Continuous
 62
     7
370
     0
100
AcDbLine
 10
9.3430763929
 20
4.4170473834
 30
0.0
 11
8.8521425373
 21
3.9258577762
 31
0.0
  0
LINE
  5
2EC
330
2E7
100
AcDbEntity
  8
0
  6
Continuous
 62
     7
370
     0
100
AcDbLine
 10
8.8521425373
 20
3.9258577762
 30
0.0
 11
8.7021425373
 21
3.9258577762
 31
0.0
  0
MTEXT
  5
2ED
330
2E7
100
AcDbEntity
  8
0
  6
Continuous
 62
     7
370
     0
100
AcDbMText
 10
7.3302212725
 20
3.9670892139
 30
0.0
 40
0.0833333333
 41
0.0
 71
     1
 72
     1
  1
SM05 (
  7
SLDTEXTSTYLE0
 73
     1
 44
1.0
  0
MTEXT
  5
2EE
330
2E7
100
AcDbEntity
  8
0
  6
Continuous
 62
     7
370
     0
100
AcDbMText
 10
7.6826904207
 20
3.9670892139
 30
0.0
 40
0.0833333333
 41
0.0
 71
     1
 72
     1
  1
%%c
  7
SLDTEXTSTYLE0
 73
     1
 44
1.0
  0
MTEXT
  5
2EF
330
2E7
100
AcDbEntity
  8
0
  6
Continuous
 62
     7
370
     0
100
AcDbMText
 10
7.8084229199
 20
3.9670892139
 30
0.0
 40
0.0833333333
 41
0.0
 71
     1
 72
     1
  1
0.535
  7
SLDTEXTSTYLE0
 73
     1
 44
1.0
  0
MTEXT
  5
2F0
330
2E7
100
AcDbEntity
  8
0
  6
Continuous
 62
     7
370
     0
100
AcDbMText
 10
8.0853918059
 20
3.9670892139
 30
0.0
 40
0.0833333333
 41
0.0
 71
     1
 72
     1
  1
-40) SERIES
  7
SLDTEXTSTYLE0
 73
     1
 44
1.0
  0
MTEXT
  5
2F1
330
2E7
100
AcDbEntity
  8
0
  6
Continuous
 62
     7
370
     0
100
AcDbMText
 10
7.6960705695
 20
3.8347074751
 30
0.0
 40
0.0833333333
 41
0.0
 71
     1
 72
     1
  1
INTERNAL THREAD
  7
SLDTEXTSTYLE0
 73
     1
 44
1.0
  0
MTEXT
  5
2F2
330
2E7
100
AcDbEntity
  8
0
  6
Continuous
 62
     7
370
     0
100
AcDbMText
 10
7.5283244419
 20
3.7023257364
 30
0.0
 40
0.0833333333
 41
0.0
 71
     1
 72
     1
  1
0.28in [7.0mm] THICK
  7
SLDTEXTSTYLE0
 73
     1
 44
1.0
  0
MTEXT
  5
2F3
330
2E7
100
AcDbEntity
  8
0
  6
Continuous
 62
     7
370
     0
100
AcDbMText
 10
6.7450919007
 20
3.5699439976
 30
0.0
 40
0.0833333333
 41
0.0
 71
     1
 72
     1
  1
SM05RR RETAINING RING INCLUDED
  7
SLDTEXTSTYLE0
 73
     1
 44
1.0
  0
ENDBLK
  5
2E9
330
2E7
100
AcDbEntity
  8
0
100
AcDbBlockEnd
  0
BLOCK
  5
2F5
330
2F4
100
AcDbEntity
  8
0
100
AcDbBlockBegin
  2
SW_NOTE_5
 70
     0
 10
0.0
 20
0.0
 30
0.0
  3
SW_NOTE_5
  1
SW_NOTE_5
  0
MTEXT
  5
2F7
330
2F4
100
AcDbEntity
  8
0
  6
Continuous
 62
     0
370
     0
100
AcDbMText
 10
-0.0369171339
 20
0.0433684629
 30
0.0
 40
0.0833333333
 41
0.0
 71
     3
 72
     1
  1
SPANNER WRENCH SLOTS
  7
SLDTEXTSTYLE0
 73
     1
 44
1.0
  0
MTEXT
  5
2F8
330
2F4
100
AcDbEntity
  8
0
  6
Continuous
 62
     0
370
     0
100
AcDbMText
 10
-0.0294130557
 20
-0.0677426468
 30
0.0
 40
0.0833333333
 41
0.0
 71
     3
 72
     1
  1
FOR USE WITH SPW603 OR SPW801
  7
SLDTEXTSTYLE0
 73
     1
 44
1.0
  0
MTEXT
  5
2F9
330
2F4
100
AcDbEntity
  8
0
  6
Continuous
 62
     0
370
     0
100
AcDbMText
 10
-0.0229701573
 20
-0.1788537566
 30
0.0
 40
0.0833333333
 41
0.0
 71
     3
 72
     1
  1
(NOT INCLUDING)
  7
SLDTEXTSTYLE0
 73
     1
 44
1.0
  0
ENDBLK
  5
2F6
330
2F4
100
AcDbEntity
  8
0
100
AcDbBlockEnd
  0
BLOCK
  5
2FD
330
2FC
100
AcDbEntity
  8
0
100
AcDbBlockBegin
  2
SW_CENTERMARKSYMBOL_2
 70
     0
 10
0.0
 20
0.0
 30
0.0
  3
SW_CENTERMARKSYMBOL_2
  1
SW_CENTERMARKSYMBOL_2
  0
LINE
  5
2FF
330
2FC
100
AcDbEntity
  8
0
  6
Continuous
 62
     0
370
     0
100
AcDbLine
 10
0.0
 20
0.0
 30
0.0
 11
0.0
 21
0.1
 31
0.0
  0
LINE
  5
300
330
2FC
100
AcDbEntity
  8
0
  6
Continuous
 62
     0
370
     0
100
AcDbLine
 10
0.0
 20
0.0
 30
0.0
 11
-0.1
 21
0.0
 31
0.0
  0
LINE
  5
301
330
2FC
100
AcDbEntity
  8
0
  6
Continuous
 62
     0
370
     0
100
AcDbLine
 10
0.0
 20
0.0
 30
0.0
 11
0.0
 21
-0.1
 31
0.0
  0
LINE
  5
302
330
2FC
100
AcDbEntity
  8
0
  6
Continuous
 62
     0
370
     0
100
AcDbLine
 10
0.0
 20
0.0
 30
0.0
 11
0.1
 21
0.0
 31
0.0
  0
ENDBLK
  5
2FE
330
2FC
100
AcDbEntity
  8
0
100
AcDbBlockEnd
  0
ENDSEC
  0
SECTION
  2
ENTITIES
  0
LINE
  5
7D
330
1F
100
AcDbEntity
  8
0
  6
Continuous
 62
     7
370
     0
100
AcDbLine
 10
0.0621791378
 20
8.4506055117
 30
0.0
 11
10.9444569626
 21
8.4506055117
 31
0.0
  0
LINE
  5
7E
330
1F
100
AcDbEntity
  8
0
  6
Continuous
 62
     7
370
     0
100
AcDbLine
 10
0.0621791378
 20
8.4506055117
 30
0.0
 11
0.0621791378
 21
0.035557648
 31
0.0
  0
LINE
  5
7F
330
1F
100
AcDbEntity
  8
0
  6
Continuous
 62
     7
370
     0
100
AcDbLine
 10
10.9444569626
 20
0.035557648
 30
0.0
 11
0.0621791378
 21
0.035557648
 31
0.0
  0
LINE
  5
80
330
1F
100
AcDbEntity
  8
0
  6
Continuous
 62
     7
370
     0
100
AcDbLine
 10
10.9444569626
 20
0.035557648
 30
0.0
 11
10.9444569626
 21
8.4506055117
 31
0.0
  0
LINE
  5
81
330
1F
100
AcDbEntity
  8
0
  6
Continuous
 62
     7
370
     0
100
AcDbLine
 10
8.4938096065
 20
0.4840901186
 30
0.0
 11
6.7571952625
 21
0.4840901186
 31
0.0
  0
LINE
  5
82
330
1F
100
AcDbEntity
  8
0
  6
Continuous
 62
     7
370
     0
100
AcDbLine
 10
6.7571952625
 20
0.4840901186
 30
0.0
 11
6.7571952625
 21
1.030163002
 31
0.0
  0
LINE
  5
83
330
1F
100
AcDbEntity
  8
0
  6
Continuous
 62
     7
370
     0
100
AcDbLine
 10
6.7571952625
 20
0.035557648
 30
0.0
 11
6.7571952625
 21
1.030163002
 31
0.0
  0
LINE
  5
84
330
1F
100
AcDbEntity
  8
0
  6
Continuous
 62
     7
370
     0
100
AcDbLine
 10
8.4938096065
 20
0.6756085809
 30
0.0
 11
10.9444569626
 21
0.6756085809
 31
0.0
  0
LINE
  5
85
330
1F
100
AcDbEntity
  8
0
  6
Continuous
 62
     7
370
     0
100
AcDbLine
 10
8.4938096065
 20
1.3873799542
 30
0.0
 11
8.4938096065
 21
0.035557648
 31
0.0
  0
LINE
  5
86
330
1F
100
AcDbEntity
  8
0
  6
Continuous
 62
     7
370
     0
100
AcDbLine
 10
8.4938096065
 20
1.030163002
 30
0.0
 11
6.7571952625
 21
1.030163002
 31
0.0
  0
LINE
  5
87
330
1F
100
AcDbEntity
  8
0
  6
Continuous
 62
     7
370
     0
100
AcDbLine
 10
8.4938096065
 20
0.3598787426
 30
0.0
 11
10.9444569626
 21
0.3598787426
 31
0.0
  0
LINE
  5
88
330
1F
100
AcDbEntity
  8
0
  6
Continuous
 62
     7
370
     0
100
AcDbLine
 10
8.4938096065
 20
0.6662079686
 30
0.0
 11
6.7571952625
 21
0.6662079686
 31
0.0
  0
LINE
  5
89
330
1F
100
AcDbEntity
  8
0
  6
Continuous
 62
     7
370
     0
100
AcDbLine
 10
8.4938096065
 20
0.8459606517
 30
0.0
 11
6.7571952625
 21
0.8459606517
 31
0.0
  0
LINE
  5
8A
330
1F
100
AcDbEntity
  8
0
  6
Continuous
 62
     7
370
     0
100
AcDbLine
 10
7.3281027587
 20
1.030163002
 30
0.0
 11
7.3281027587
 21
0.4840901186
 31
0.0
  0
LINE
  5
8B
330
1F
100
AcDbEntity
  8
0
  6
Continuous
 62
     7
370
     0
100
AcDbLine
 10
7.8037240401
 20
1.030163002
 30
0.0
 11
7.8037240401
 21
0.4840901186
 31
0.0
  0
LINE
  5
8C
330
1F
100
AcDbEntity
  8
0
  6
Continuous
 62
     7
370
     0
100
AcDbLine
 10
9.990119718
 20
0.3598787426
 30
0.0
 11
9.990119718
 21
0.035557648
 31
0.0
  0
LINE
  5
8D
330
1F
100
AcDbEntity
  8
0
  6
Continuous
 62
     7
370
     0
100
AcDbLine
 10
6.7571952625
 20
0.4840901186
 30
0.0
 11
6.7571952625
 21
0.297745443
 31
0.0
  0
LINE
  5
8E
330
1F
100
AcDbEntity
  8
0
  6
Continuous
 62
     7
370
     0
100
AcDbLine
 10
6.7571952625
 20
0.297745443
 30
0.0
 11
8.4938096065
 21
0.297745443
 31
0.0
  0
LINE
  5
8F
330
1F
100
AcDbEntity
  8
0
  6
Continuous
 62
     7
370
     0
100
AcDbLine
 10
6.7571952625
 20
0.297745443
 30
0.0
 11
6.7571952625
 21
1.3873799542
 31
0.0
  0
LINE
  5
90
330
1F
100
AcDbEntity
  8
0
  6
Continuous
 62
     7
370
     0
100
AcDbLine
 10
6.7571952625
 20
1.3873799542
 30
0.0
 11
8.4938096065
 21
1.3873799542
 31
0.0
  0
LINE
  5
91
330
1F
100
AcDbEntity
  8
0
  6
Continuous
 62
     7
370
     0
100
AcDbLine
 10
10.6365495992
 20
0.6756085809
 30
0.0
 11
10.6365495992
 21
0.3598787426
 31
0.0
  0
LINE
  5
92
330
1F
100
AcDbEntity
  8
0
  6
Continuous
 62
     7
370
     0
100
AcDbLine
 10
8.4938096065
 20
1.3873799542
 30
0.0
 11
10.9444569626
 21
1.3873799542
 31
0.0
  0
LINE
  5
93
330
1F
100
AcDbEntity
  8
0
  6
Continuous
 62
     7
370
     0
100
AcDbLine
 10
10.9444569626
 20
1.3873799542
 30
0.0
 11
10.9444569626
 21
1.9698084888
 31
0.0
  0
LINE
  5
94
330
1F
100
AcDbEntity
  8
0
  6
Continuous
 62
     7
370
     0
100
AcDbLine
 10
8.4938096065
 20
0.9800288797
 30
0.0
 11
10.9444569626
 21
0.9800288797
 31
0.0
  0
INSERT
  5
95
330
1F
100
AcDbEntity
  8
0
  6
Continuous
 62
     7
100
AcDbBlockReference
  2
Third Angle Projection Block
 10
4.6348905679
 20
0.6108753523
 30
0.0
 41
0.8
 42
0.8
 43
0.8
  0
MTEXT
  5
97
330
1F
100
AcDbEntity
  8
0
  6
Continuous
 62
     7
370
     0
100
AcDbMText
 10
10.7892734632
 20
0.5227176726
 30
0.0
 40
0.125
 41
0.0
 71
     2
 72
     1
  1
A
  7
SLDTEXTSTYLE0
 73
     1
 44
1.0
  0
MTEXT
  5
98
330
1F
100
AcDbEntity
  8
0
  6
Continuous
 62
     7
370
     0
100
AcDbMText
 10
9.2339875025
 20
0.2019943461
 30
0.0
 40
0.125
 41
0.0
 71
     2
 72
     1
  1
LMR05S
  7
SLDTEXTSTYLE0
 73
     1
 44
1.0
  0
MTEXT
  5
99
330
1F
100
AcDbEntity
  8
0
  6
Continuous
 62
     7
370
     0
100
AcDbMText
 10
8.5204715199
 20
0.6623747189
 30
0.0
 40
0.0833333333
 41
0.0
 71
     1
 72
     1
  1
MATERIAL
  7
SLDTEXTSTYLE0
 73
     1
 44
1.0
  0
MTEXT
  5
9A
330
1F
100
AcDbEntity
  8
0
  6
Continuous
 62
     7
370
     0
100
AcDbMText
 10
6.8055665782
 20
0.7895493672
 30
0.0
 40
0.0729166667
 41
0.0
 71
     1
 72
     1
  1
REDRAWN
  7
SLDTEXTSTYLE0
 73
     1
 44
1.0
  0
MTEXT
  5
9B
330
1F
100
AcDbEntity
  8
0
  6
Continuous
 62
     7
370
     0
100
AcDbMText
 10
6.7872445848
 20
0.613335314
 30
0.0
 40
0.0729166667
 41
0.0
 71
     1
 72
     1
  1
APPROVAL
  7
SLDTEXTSTYLE0
 73
     1
 44
1.0
  0
MTEXT
  5
9C
330
1F
100
AcDbEntity
  8
0
  6
Continuous
 62
     7
370
     0
100
AcDbMText
 10
10.6936137314
 20
0.6373332609
 30
0.0
 40
0.0833333333
 41
0.0
 71
     1
 72
     1
  1
REV
  7
SLDTEXTSTYLE0
 73
     1
 44
1.0
  0
MTEXT
  5
9D
330
1F
100
AcDbEntity
  8
0
  6
Continuous
 62
     7
370
     0
100
AcDbMText
 10
7.4665775672
 20
0.7999100272
 30
0.0
 40
0.0833333333
 41
0.0
 71
     1
 72
     1
  1
CG
  7
SLDTEXTSTYLE0
 73
     1
 44
1.0
  0
MTEXT
  5
9E
330
1F
100
AcDbEntity
  8
0
  6
Continuous
 62
     7
370
     0
100
AcDbMText
 10
7.4871408396
 20
0.623695974
 30
0.0
 40
0.0833333333
 41
0.0
 71
     1
 72
     1
  1
CS
  7
SLDTEXTSTYLE0
 73
     1
 44
1.0
  0
MTEXT
  5
9F
330
1F
100
AcDbEntity
  8
0
  6
Continuous
 62
     7
370
     0
100
AcDbMText
 10
7.8675248056
 20
0.7999100272
 30
0.0
 40
0.0833333333
 41
0.0
 71
     1
 72
     1
  1
08/OCT/14
  7
SLDTEXTSTYLE0
 73
     1
 44
1.0
  0
MTEXT
  5
A0
330
1F
100
AcDbEntity
  8
0
  6
Continuous
 62
     7
370
     0
100
AcDbMText
 10
8.0163191884
 20
0.9772495896
 30
0.0
 40
0.0833333333
 41
0.0
 71
     1
 72
     1
  1
DATE
  7
SLDTEXTSTYLE0
 73
     1
 44
1.0
  0
MTEXT
  5
A1
330
1F
100
AcDbEntity
  8
0
  6
Continuous
 62
     7
370
     0
100
AcDbMText
 10
7.8675634152
 20
0.623695974
 30
0.0
 40
0.0833333333
 41
0.0
 71
     1
 72
     1
  1
30/OCT/14
  7
SLDTEXTSTYLE0
 73
     1
 44
1.0
  0
MTEXT
  5
A3
330
1F
100
AcDbEntity
  8
0
  6
Continuous
 62
     7
370
     0
100
AcDbMText
 10
9.0316104912
 20
1.0943207896
 30
0.0
 40
0.0833333333
 41
0.0
 71
     1
 72
     1
  1
w w w . t h o r  l a b s . c o m
  7
SLDTEXTSTYLE1
 73
     1
 44
1.0
  0
MTEXT
  5
A4
330
1F
100
AcDbEntity
  8
0
  6
Continuous
 62
     7
370
     0
100
AcDbMText
 10
8.5315119501
 20
0.328719653
 30
0.0
 40
0.0833333333
 41
0.0
 71
     1
 72
     1
  1
ITEM #
  7
SLDTEXTSTYLE0
 73
     1
 44
1.0
  0
MTEXT
  5
A5
330
1F
100
AcDbEntity
  8
0
  6
Continuous
 62
     7
370
     0
100
AcDbMText
 10
10.0209370115
 20
0.328719653
 30
0.0
 40
0.0833333333
 41
0.0
 71
     1
 72
     1
  1
APPROX WEIGHT
  7
SLDTEXTSTYLE0
 73
     1
 44
1.0
  0
MTEXT
  5
A6
330
1F
100
AcDbEntity
  8
0
  6
Continuous
 62
     7
370
     0
100
AcDbMText
 10
9.5497699932
 20
0.5227176726
 30
0.0
 40
0.125
 41
0.0
 71
     2
 72
     1
  1
ALUMINUM
  7
SLDTEXTSTYLE0
 73
     1
 44
1.0
  0
MTEXT
  5
A8
330
1F
100
AcDbEntity
  8
0
  6
Continuous
 62
     7
370
     0
100
AcDbMText
 10
10.4504364218
 20
0.2019943461
 30
0.0
 40
0.125
 41
0.0
 71
     2
 72
     1
  1
4.5 g
  7
SLDTEXTSTYLE2
 73
     1
 44
1.0
  0
INSERT
  5
AE
330
1F
100
AcDbEntity
  8
0
  6
Continuous
 62
     7
370
     0
100
AcDbBlockReference
  2
SW_NOTE_0
 10
6.8835832285
 20
0.1754273811
 30
0.0
  0
INSERT
  5
B4
330
1F
100
AcDbEntity
  8
0
  6
Continuous
 62
     7
370
     0
100
AcDbBlockReference
  2
SW_NOTE_1
 10
6.8719828753
 20
1.2001390658
 30
0.0
  0
MTEXT
  5
B5
330
1F
100
AcDbEntity
  8
0
  6
Continuous
 62
     7
370
     0
100
AcDbMText
 10
7.3987149145
 20
0.9772495896
 30
0.0
 40
0.0833333333
 41
0.0
 71
     1
 72
     1
  1
NAME
  7
SLDTEXTSTYLE0
 73
     1
 44
1.0
  0
INSERT
  5
BC
330
1F
100
AcDbEntity
  8
0
  6
Continuous
 62
     7
370
     0
100
AcDbBlockReference
  2
SW_NOTE_2
 10
8.9289204442
 20
0.8144205828
 30
0.0
  0
MTEXT
  5
BD
330
1F
100
AcDbEntity
  8
0
  6
Continuous
 62
     7
370
     0
100
AcDbMText
 10
7.0281258754
 20
0.4200025137
 30
0.0
 40
0.0625
 41
0.0
 71
     1
 72
     1
  1
COPYRIGHT © 2014 BY THORLABS
  7
SLDTEXTSTYLE0
 73
     1
 44
1.0
  0
INSERT
  5
C3
330
1F
100
AcDbEntity
  8
0
  6
Continuous
 62
     7
370
     0
100
AcDbBlockReference
  2
SW_NOTE_3
 10
2.1096529316
 20
0.3219551564
 30
0.0
  0
CIRCLE
  5
C4
330
1F
100
AcDbEntity
  8
0
  6
Continuous
 62
     7
370
     0
100
AcDbCircle
 10
2.3462704441
 20
4.7954480109
 30
0.0
 40
0.4499999999999997
  0
CIRCLE
  5
C5
330
1F
100
AcDbEntity
  8
0
  6
Continuous
 62
     7
370
     0
100
AcDbCircle
 10
2.3462704441
 20
4.7954480109
 30
0.0
 40
0.5150000000000006
  0
CIRCLE
  5
C6
330
1F
100
AcDbEntity
  8
0
  6
Continuous
 62
     7
370
     0
100
AcDbCircle
 10
2.3462704441
 20
4.7954480109
 30
0.0
 40
0.5350000000000001
  0
LINE
  5
C7
330
1F
100
AcDbEntity
  8
0
  6
Continuous
 62
     7
370
     0
100
AcDbLine
 10
2.4820419398
 20
3.9852981298
 30
0.0
 11
2.3422088616
 21
3.9853397827
 31
0.0
  0
LINE
  5
C8
330
1F
100
AcDbEntity
  8
0
  6
Continuous
 62
     7
370
     0
100
AcDbLine
 10
2.4820419398
 20
3.9852981298
 30
0.0
 11
2.4891831398
 21
4.0029837988
 31
0.0
  0
LINE
  5
C9
330
1F
100
AcDbEntity
  8
0
  6
Continuous
 62
     7
370
     0
100
AcDbLine
 10
2.4891831398
 20
4.0029837988
 30
0.0
 11
2.5182787203
 21
4.0029750723
 31
0.0
  0
LINE
  5
CA
330
1F
100
AcDbEntity
  8
0
  6
Continuous
 62
     7
370
     0
100
AcDbLine
 10
2.5182787203
 20
4.0029750723
 30
0.0
 11
2.525120843
 21
3.9852852966
 31
0.0
  0
LINE
  5
CB
330
1F
100
AcDbEntity
  8
0
  6
Continuous
 62
     7
370
     0
100
AcDbLine
 10
2.525120843
 20
3.9852852966
 30
0.0
 11
2.6147301161
 21
3.9852585303
 31
0.0
  0
SPLINE
  5
CC
330
1F
100
AcDbEntity
  8
0
  6
Continuous
 62
     7
370
     0
100
AcDbSpline
210
0.0
220
0.0
230
1.0
 70
     8
 71
     3
 72
     8
 73
     4
 74
     0
 42
0.000000001
 43
0.00000001
 40
19.0
 40
19.0
 40
19.0
 40
19.0
 40
20.0
 40
20.0
 40
20.0
 40
20.0
 10
2.61473010747025
 20
3.98525856255694
 30
0.0
 10
2.630715818289938
 20
3.985536523749152
 30
0.0
 10
2.645632828653531
 20
3.993101771136615
 30
0.0
 10
2.65017332365148
 20
4.004262278461672
 30
0.0
  0
SPLINE
  5
CD
330
1F
100
AcDbEntity
  8
0
  6
Continuous
 62
     7
370
     0
100
AcDbSpline
210
0.0
220
0.0
230
1.0
 70
     8
 71
     3
 72
     8
 73
     4
 74
     0
 42
0.000000001
 43
0.00000001
 40
20.0
 40
20.0
 40
20.0
 40
20.0
 40
21.0
 40
21.0
 40
21.0
 40
21.0
 10
2.65017332365148
 20
4.004262278461672
 30
0.0
 10
2.65447285108942
 20
3.993099136317332
 30
0.0
 10
2.669484961414474
 20
3.981886325748296
 30
0.0
 10
2.698584417524901
 20
3.981877652488849
 30
0.0
  0
SPLINE
  5
CE
330
1F
100
AcDbEntity
  8
0
  6
Continuous
 62
     7
370
     0
100
AcDbSpline
210
0.0
220
0.0
230
1.0
 70
     8
 71
     3
 72
     8
 73
     4
 74
     0
 42
0.000000001
 43
0.00000001
 40
21.0
 40
21.0
 40
21.0
 40
21.0
 40
22.0
 40
22.0
 40
22.0
 40
22.0
 10
2.698584417524901
 20
3.981877652488849
 30
0.0
 10
2.727683873635328
 20
3.981868979229402
 30
0.0
 10
2.749300234030954
 20
3.99952709096587
 30
0.0
 10
2.749307172869383
 20
4.022807430445444
 30
0.0
  0
SPLINE
  5
CF
330
1F
100
AcDbEntity
  8
0
  6
Continuous
 62
     7
370
     0
100
AcDbSpline
210
0.0
220
0.0
230
1.0
 70
     8
 71
     3
 72
     8
 73
     4
 74
     0
 42
0.000000001
 43
0.00000001
 40
22.0
 40
22.0
 40
22.0
 40
22.0
 40
23.0
 40
23.0
 40
23.0
 40
23.0
 10
2.749307172869383
 20
4.022807430445444
 30
0.0
 10
2.749314230029379
 20
4.04648474793145
 30
0.0
 10
2.735697484645826
 20
4.054893122094819
 30
0.0
 10
2.714014503760379
 20
4.060605418001431
 30
0.0
  0
SPLINE
  5
D0
330
1F
100
AcDbEntity
  8
0
  6
Continuous
 62
     7
370
     0
100
AcDbSpline
210
0.0
220
0.0
230
1.0
 70
     8
 71
     3
 72
     8
 73
     4
 74
     0
 42
0.000000001
 43
0.00000001
 40
0.0
 40
0.0
 40
0.0
 40
0.0
 40
1.0
 40
1.0
 40
1.0
 40
1.0
 10
2.714014503760379
 20
4.060605418001431
 30
0.0
 10
2.713727927514474
 20
4.060681026068957
 30
0.0
 10
2.713480078232868
 20
4.060747908441553
 30
0.0
 10
2.713191564643115
 20
4.060820612369137
 30
0.0
  0
LINE
  5
D1
330
1F
100
AcDbEntity
  8
0
  6
Continuous
 62
     7
370
     0
100
AcDbLine
 10
2.7131915554
 20
4.0608206174
 30
0.0
 11
2.7462419569
 21
4.0609282695
 31
0.0
  0
SPLINE
  5
D2
330
1F
100
AcDbEntity
  8
0
  6
Continuous
 62
     7
370
     0
100
AcDbSpline
210
0.0
220
0.0
230
1.0
 70
     8
 71
     3
 72
     8
 73
     4
 74
     0
 42
0.000000001
 43
0.00000001
 40
2.0
 40
2.0
 40
2.0
 40
2.0
 40
3.0
 40
3.0
 40
3.0
 40
3.0
 10
2.746241941107332
 20
4.060928239448526
 30
0.0
 10
2.746247142061673
 20
4.078377843428766
 30
0.0
 10
2.74282985256541
 20
4.106360972715493
 30
0.0
 10
2.696329204426745
 20
4.106374832499821
 30
0.0
  0
SPLINE
  5
D3
330
1F
100
AcDbEntity
  8
0
  6
Continuous
 62
     7
370
     0
100
AcDbSpline
210
0.0
220
0.0
230
1.0
 70
     8
 71
     3
 72
     8
 73
     4
 74
     0
 42
0.000000001
 43
0.00000001
 40
3.0
 40
3.0
 40
3.0
 40
3.0
 40
4.0
 40
4.0
 40
4.0
 40
4.0
 10
2.696329204426745
 20
4.106374832499821
 30
0.0
 10
2.669224320738872
 20
4.10638291126554
 30
0.0
 10
2.655792845951764
 20
4.093182069391847
 30
0.0
 10
2.650394951464063
 20
4.083566159025731
 30
0.0
  0
SPLINE
  5
D4
330
1F
100
AcDbEntity
  8
0
  6
Continuous
 62
     7
370
     0
100
AcDbSpline
210
0.0
220
0.0
230
1.0
 70
     8
 71
     3
 72
     8
 73
     4
 74
     0
 42
0.000000001
 43
0.00000001
 40
4.0
 40
4.0
 40
4.0
 40
4.0
 40
5.0
 40
5.0
 40
5.0
 40
5.0
 10
2.650394951464063
 20
4.083566159025731
 30
0.0
 10
2.645345546709351
 20
4.093185183269181
 30
0.0
 10
2.642365029809115
 20
4.105250331140398
 30
0.0
 10
2.603809751233311
 20
4.105261822761851
 30
0.0
  0
LINE
  5
D5
330
1F
100
AcDbEntity
  8
0
  6
Continuous
 62
     7
370
     0
100
AcDbLine
 10
2.6038097539
 20
4.1052617906
 30
0.0
 11
2.5508418275
 21
4.1052776305
 31
0.0
  0
LINE
  5
D6
330
1F
100
AcDbEntity
  8
0
  6
Continuous
 62
     7
370
     0
100
AcDbLine
 10
2.5508418275
 20
4.1052776305
 30
0.0
 11
2.5508195528
 21
4.0305363539
 31
0.0
  0
LINE
  5
D7
330
1F
100
AcDbEntity
  8
0
  6
Continuous
 62
     7
370
     0
100
AcDbLine
 10
2.5508195528
 20
4.0305363539
 30
0.0
 11
2.5231424608
 21
4.1052858437
 31
0.0
  0
LINE
  5
D8
330
1F
100
AcDbEntity
  8
0
  6
Continuous
 62
     7
370
     0
100
AcDbLine
 10
2.5231424608
 20
4.1052858437
 30
0.0
 11
2.4860847872
 21
4.1052969169
 31
0.0
  0
LINE
  5
D9
330
1F
100
AcDbEntity
  8
0
  6
Continuous
 62
     7
370
     0
100
AcDbLine
 10
2.4860847872
 20
4.1052969169
 30
0.0
 11
2.4537847329
 21
4.0198070778
 31
0.0
  0
LINE
  5
DA
330
1F
100
AcDbEntity
  8
0
  6
Continuous
 62
     7
370
     0
100
AcDbLine
 10
2.4537847329
 20
4.0198070778
 30
0.0
 11
2.4121736115
 21
4.019819471
 31
0.0
  0
LINE
  5
DB
330
1F
100
AcDbEntity
  8
0
  6
Continuous
 62
     7
370
     0
100
AcDbLine
 10
2.4121736115
 20
4.019819471
 30
0.0
 11
2.4121990945
 21
4.1053189166
 31
0.0
  0
LINE
  5
DC
330
1F
100
AcDbEntity
  8
0
  6
Continuous
 62
     7
370
     0
100
AcDbLine
 10
2.4121990945
 20
4.1053189166
 30
0.0
 11
2.3714254164
 21
4.1053310898
 31
0.0
  0
LINE
  5
DD
330
1F
100
AcDbEntity
  8
0
  6
Continuous
 62
     7
370
     0
100
AcDbLine
 10
2.3714254164
 20
4.1053310898
 30
0.0
 11
2.3713211765
 21
3.990940918
 31
0.0
  0
SPLINE
  5
DE
330
1F
100
AcDbEntity
  8
0
  6
Continuous
 62
     7
370
     0
100
AcDbSpline
210
0.0
220
0.0
230
1.0
 70
     8
 71
     3
 72
     8
 73
     4
 74
     0
 42
0.000000001
 43
0.00000001
 40
5.000000000000016
 40
5.000000000000016
 40
5.000000000000016
 40
5.000000000000016
 40
5.744187289366918
 40
5.744187289366918
 40
5.744187289366918
 40
5.744187289366918
 10
2.368208335802219
 20
4.012391739645589
 30
0.0
 10
2.368564564345359
 20
4.00864928532756
 30
0.0
 10
2.369219141710045
 20
3.997930890604941
 30
0.0
 10
2.371321176200931
 20
3.990940913068501
 30
0.0
  0
SPLINE
  5
DF
330
1F
100
AcDbEntity
  8
0
  6
Continuous
 62
     7
370
     0
100
AcDbSpline
210
0.0
220
0.0
230
1.0
 70
     8
 71
     3
 72
     8
 73
     4
 74
     0
 42
0.000000001
 43
0.00000001
 40
4.0
 40
4.0
 40
4.0
 40
4.0
 40
5.0
 40
5.0
 40
5.0
 40
5.0
 10
2.350662728487098
 20
4.041138179433163
 30
0.0
 10
2.363489057160217
 20
4.038107640964328
 30
0.0
 10
2.367198963695893
 20
4.023819198660851
 30
0.0
 10
2.368208335802219
 20
4.012391739645589
 30
0.0
  0
LINE
  5
E0
330
1F
100
AcDbEntity
  8
0
  6
Continuous
 62
     7
370
     0
100
AcDbLine
 10
2.3506628288
 20
4.0414751408
 30
0.0
 11
2.3506627285
 21
4.0411381781
 31
0.0
  0
SPLINE
  5
E1
330
1F
100
AcDbEntity
  8
0
  6
Continuous
 62
     7
370
     0
100
AcDbSpline
210
0.0
220
0.0
230
1.0
 70
     8
 71
     3
 72
     8
 73
     4
 74
     0
 42
0.000000001
 43
0.00000001
 40
2.0
 40
2.0
 40
2.0
 40
2.0
 40
3.0
 40
3.0
 40
3.0
 40
3.0
 10
2.369573757922548
 20
4.071552679748385
 30
0.0
 10
2.369569900062287
 20
4.058609260260657
 30
0.0
 10
2.363319165639302
 20
4.046344501839379
 30
0.0
 10
2.350662828916133
 20
4.041475126611362
 30
0.0
  0
SPLINE
  5
E2
330
1F
100
AcDbEntity
  8
0
  6
Continuous
 62
     7
370
     0
100
AcDbSpline
210
0.0
220
0.0
230
1.0
 70
     8
 71
     3
 72
     8
 73
     4
 74
     0
 42
0.000000001
 43
0.00000001
 40
1.0
 40
1.0
 40
1.0
 40
1.0
 40
2.0
 40
2.0
 40
2.0
 40
2.0
 10
2.327397650957451
 20
4.105344208970406
 30
0.0
 10
2.348656307321348
 20
4.1053378727062
 30
0.0
 10
2.369580970343526
 20
4.095750909837951
 30
0.0
 10
2.369573757922548
 20
4.071552679748385
 30
0.0
  0
LINE
  5
E3
330
1F
100
AcDbEntity
  8
0
  6
Continuous
 62
     7
370
     0
100
AcDbLine
 10
2.2659725633
 20
4.1053625495
 30
0.0
 11
2.3273976504
 21
4.1053442164
 31
0.0
  0
LINE
  5
E4
330
1F
100
AcDbEntity
  8
0
  6
Continuous
 62
     7
370
     0
100
AcDbLine
 10
2.2659367954
 20
3.9853625157
 30
0.0
 11
2.2659725633
 21
4.1053625495
 31
0.0
  0
LINE
  5
E5
330
1F
100
AcDbEntity
  8
0
  6
Continuous
 62
     7
370
     0
100
AcDbLine
 10
2.2973242041
 20
3.9853532025
 30
0.0
 11
2.2659367954
 21
3.9853625157
 31
0.0
  0
LINE
  5
E6
330
1F
100
AcDbEntity
  8
0
  6
Continuous
 62
     7
370
     0
100
AcDbLine
 10
2.2973372298
 20
4.0290536443
 30
0.0
 11
2.2973242041
 21
3.9853532025
 31
0.0
  0
LINE
  5
E7
330
1F
100
AcDbEntity
  8
0
  6
Continuous
 62
     7
370
     0
100
AcDbLine
 10
2.3211346092
 20
4.0290466044
 30
0.0
 11
2.2973372298
 21
4.0290536443
 31
0.0
  0
SPLINE
  5
E8
330
1F
100
AcDbEntity
  8
0
  6
Continuous
 62
     7
370
     0
100
AcDbSpline
210
0.0
220
0.0
230
1.0
 70
     8
 71
     3
 72
     8
 73
     4
 74
     0
 42
0.000000001
 43
0.00000001
 40
8.0
 40
8.0
 40
8.0
 40
8.0
 40
9.0
 40
9.0
 40
9.0
 40
9.0
 10
2.338672753906977
 20
4.004500358858296
 30
0.0
 10
2.337833025645096
 20
4.016605534698502
 30
0.0
 10
2.335813112690865
 20
4.029042200080633
 30
0.0
 10
2.321134608843321
 20
4.029046575092719
 30
0.0
  0
SPLINE
  5
E9
330
1F
100
AcDbEntity
  8
0
  6
Continuous
 62
     7
370
     0
100
AcDbSpline
210
0.0
220
0.0
230
1.0
 70
     8
 71
     3
 72
     8
 73
     4
 74
     0
 42
0.000000001
 43
0.00000001
 40
7.0
 40
7.0
 40
7.0
 40
7.0
 40
8.0
 40
8.0
 40
8.0
 40
8.0
 10
2.342208861712728
 20
3.985339789074034
 30
0.0
 10
2.33951448764207
 20
3.989378149303447
 30
0.0
 10
2.339010636166522
 20
4.001140468383018
 30
0.0
 10
2.338672753906977
 20
4.004500358858296
 30
0.0
  0
SPLINE
  5
EA
330
1F
100
AcDbEntity
  8
0
  6
Continuous
 62
     7
370
     0
100
AcDbSpline
210
0.0
220
0.0
230
1.0
 70
     8
 71
     3
 72
     8
 73
     4
 74
     0
 42
0.000000001
 43
0.00000001
 40
2.0
 40
2.0
 40
2.0
 40
2.0
 40
2.975681207758326
 40
2.975681207758326
 40
2.975681207758326
 40
2.975681207758326
 10
2.206592072532571
 20
3.985380210434262
 30
0.0
 10
2.169548866806705
 20
3.985458892709196
 30
0.0
 10
2.1483046553333
 20
4.011902105496885
 30
0.0
 10
2.147361926468666
 20
4.045499206400717
 30
0.0
  0
SPLINE
  5
EB
330
1F
100
AcDbEntity
  8
0
  6
Continuous
 62
     7
370
     0
100
AcDbSpline
210
0.0
220
0.0
230
1.0
 70
     8
 71
     3
 72
     8
 73
     4
 74
     0
 42
0.000000001
 43
0.00000001
 40
1.025766605138525
 40
1.025766605138525
 40
1.025766605138525
 40
1.025766605138525
 40
2.0
 40
2.0
 40
2.0
 40
2.0
 10
2.265853141390295
 20
4.045316772125364
 30
0.0
 10
2.264833075584658
 20
4.011791329740935
 30
0.0
 10
2.243583177678777
 20
3.985438226375404
 30
0.0
 10
2.206592072532571
 20
3.985380210434262
 30
0.0
  0
SPLINE
  5
EC
330
1F
100
AcDbEntity
  8
0
  6
Continuous
 62
     7
370
     0
100
AcDbSpline
210
0.0
220
0.0
230
1.0
 70
     8
 71
     3
 72
     8
 73
     4
 74
     0
 42
0.000000001
 43
0.00000001
 40
0.0
 40
0.0
 40
0.0
 40
0.0
 40
0.9772566000248738
 40
0.9772566000248738
 40
0.9772566000248738
 40
0.9772566000248738
 10
2.206394465774325
 20
4.105380274662321
 30
0.0
 10
2.243500360354632
 20
4.105438470636392
 30
0.0
 10
2.264850271149945
 20
4.078989501899631
 30
0.0
 10
2.265853141348988
 20
4.04531677212413
 30
0.0
  0
SPLINE
  5
ED
330
1F
100
AcDbEntity
  8
0
  6
Continuous
 62
     7
370
     0
100
AcDbSpline
210
0.0
220
0.0
230
1.0
 70
     8
 71
     3
 72
     8
 73
     4
 74
     0
 42
0.000000001
 43
0.00000001
 40
3.024271275023447
 40
3.024271275023447
 40
3.024271275023447
 40
3.024271275023447
 40
4.0
 40
4.0
 40
4.0
 40
4.0
 10
2.147361926351852
 20
4.045499206397438
 30
0.0
 10
2.148311235376356
 20
4.078975701199472
 30
0.0
 10
2.169486530748582
 20
4.105315106761612
 30
0.0
 10
2.206394465774325
 20
4.105380274662321
 30
0.0
  0
SPLINE
  5
EE
330
1F
100
AcDbEntity
  8
0
  6
Continuous
 62
     7
370
     0
100
AcDbSpline
210
0.0
220
0.0
230
1.0
 70
     8
 71
     3
 72
    19
 73
    15
 74
     0
 42
0.000000001
 43
0.00000001
 40
0.0
 40
0.0
 40
0.0
 40
0.0
 40
0.1268092702442879
 40
0.24287820536098
 40
0.3498290754484306
 40
0.4530854512027842
 40
0.5058237602822866
 40
0.5624899981881465
 40
0.6231597597642965
 40
0.6883755208164103
 40
0.7578050229004744
 40
0.8328341202665772
 40
0.9134179105045228
 40
1.0
 40
1.0
 40
1.0
 40
1.0
 10
2.552599557978937
 20
3.890270004556056
 30
0.0
 10
2.552632024389309
 20
3.889270976048997
 30
0.0
 10
2.552694207410082
 20
3.887357533518875
 30
0.0
 10
2.553314185106837
 20
3.884657174624017
 30
0.0
 10
2.554325233252444
 20
3.882282120659644
 30
0.0
 10
2.555538676022054
 20
3.880580922675134
 30
0.0
 10
2.556742290654359
 20
3.879414600051355
 30
0.0
 10
2.5577931886254
 20
3.878582409973097
 30
0.0
 10
2.559008366617767
 20
3.877812437813869
 30
0.0
 10
2.560374646901725
 20
3.877105572663481
 30
0.0
 10
2.561891503148026
 20
3.876454741947924
 30
0.0
 10
2.563552537816761
 20
3.875839026542899
 30
0.0
 10
2.565378610136996
 20
3.875290506256761
 30
0.0
 10
2.566654112618677
 20
3.874969496545869
 30
0.0
 10
2.567314747852354
 20
3.874803232404157
 30
0.0
  0
SPLINE
  5
EF
330
1F
100
AcDbEntity
  8
0
  6
Continuous
 62
     7
370
     0
100
AcDbSpline
210
0.0
220
0.0
230
1.0
 70
     8
 71
     3
 72
    23
 73
    19
 74
     0
 42
0.000000001
 43
0.00000001
 40
0.0
 40
0.0
 40
0.0
 40
0.0
 40
0.0820152122453128
 40
0.15995192577167
 40
0.2341869940922254
 40
0.3051246137515413
 40
0.3734499329597784
 40
0.4393407970318597
 40
0.5030894667964393
 40
0.5657336030606933
 40
0.6259373606731969
 40
0.6822012886643628
 40
0.7364846002131602
 40
0.7890871215591225
 40
0.8410885332773561
 40
0.8925509432537757
 40
0.9454656063736533
 40
0.9999999999999999
 40
0.9999999999999999
 40
0.9999999999999999
 40
0.9999999999999999
 10
2.576590855447291
 20
3.906587251391499
 30
0.0
 10
2.575707096262435
 20
3.906569208491553
 30
0.0
 10
2.573983525967777
 20
3.906534019939164
 30
0.0
 10
2.5714653840233
 20
3.90634336178333
 30
0.0
 10
2.569083630515623
 20
3.90599406426561
 30
0.0
 10
2.566842865423864
 20
3.905465431761741
 30
0.0
 10
2.564717143500985
 20
3.90485035800522
 30
0.0
 10
2.562734605831507
 20
3.904052675561628
 30
0.0
 10
2.560883532098442
 20
3.903117150652333
 30
0.0
 10
2.559167540903337
 20
3.902062373401357
 30
0.0
 10
2.557637652692743
 20
3.900880818347467
 30
0.0
 10
2.5562850285122
 20
3.89962759011773
 30
0.0
 10
2.55515667471125
 20
3.898274133047363
 30
0.0
 10
2.554205978410766
 20
3.896843898176566
 30
0.0
 10
2.553501018975084
 20
3.895310405885472
 30
0.0
 10
2.552977510715454
 20
3.893705811432339
 30
0.0
 10
2.552649280005077
 20
3.892017276773482
 30
0.0
 10
2.552616297717096
 20
3.890858252495326
 30
0.0
 10
2.552599557978937
 20
3.890270004556056
 30
0.0
  0
SPLINE
  5
F0
330
1F
100
AcDbEntity
  8
0
  6
Continuous
 62
     7
370
     0
100
AcDbSpline
210
0.0
220
0.0
230
1.0
 70
     8
 71
     3
 72
    15
 73
    11
 74
     0
 42
0.000000001
 43
0.00000001
 40
0.0
 40
0.0
 40
0.0
 40
0.0
 40
0.1056104929821467
 40
0.2181470470918482
 40
0.3394654686690288
 40
0.4692629563420178
 40
0.6030470205796885
 40
0.7350948858466866
 40
0.867479107927584
 40
1.0
 40
1.0
 40
1.0
 40
1.0
 10
2.611143861776405
 20
3.895194846328208
 30
0.0
 10
2.610119278784052
 20
3.896003831598057
 30
0.0
 10
2.608002919434039
 20
3.897674856349243
 30
0.0
 10
2.604369308623058
 20
3.899788410191788
 30
0.0
 10
2.600313276484274
 20
3.901722367453454
 30
0.0
 10
2.595866061589801
 20
3.903411932328521
 30
0.0
 10
2.591186739478846
 20
3.904833834106597
 30
0.0
 10
2.586368072680466
 20
3.905836569863233
 30
0.0
 10
2.581500171149179
 20
3.906478606712589
 30
0.0
 10
2.578227856765996
 20
3.906551024044666
 30
0.0
 10
2.576590855447291
 20
3.906587251391499
 30
0.0
  0
LINE
  5
F1
330
1F
100
AcDbEntity
  8
0
  6
Continuous
 62
     7
370
     0
100
AcDbLine
 10
2.6120932266
 20
3.8951948707
 30
0.0
 11
2.6111438642
 21
3.8951948707
 31
0.0
  0
LINE
  5
F2
330
1F
100
AcDbEntity
  8
0
  6
Continuous
 62
     7
370
     0
100
AcDbLine
 10
2.6120932266
 20
3.910978075
 30
0.0
 11
2.6120932266
 21
3.8951948707
 31
0.0
  0
SPLINE
  5
F3
330
1F
100
AcDbEntity
  8
0
  6
Continuous
 62
     7
370
     0
100
AcDbSpline
210
0.0
220
0.0
230
1.0
 70
     8
 71
     3
 72
    15
 73
    11
 74
     0
 42
0.000000001
 43
0.00000001
 40
0.0
 40
0.0
 40
0.0
 40
0.0
 40
0.1438134946436347
 40
0.2825302617167645
 40
0.4154724990798214
 40
0.5436416713555688
 40
0.6664829494542235
 40
0.7833339323015195
 40
0.8944191683275443
 40
1.0
 40
1.0
 40
1.0
 40
1.0
 10
2.576709526333367
 20
3.91797965645479
 30
0.0
 10
2.578450741174549
 20
3.917959145782626
 30
0.0
 10
2.581871462477535
 20
3.917918851333283
 30
0.0
 10
2.586889711819163
 20
3.917535302143183
 30
0.0
 10
2.591692588308733
 20
3.916913443935918
 30
0.0
 10
2.596255115981395
 20
3.916011450170759
 30
0.0
 10
2.600579065236412
 20
3.914941069378559
 30
0.0
 10
2.604657694310831
 20
3.913756443312543
 30
0.0
 10
2.608486192046596
 20
3.912466048310294
 30
0.0
 10
2.610911420916185
 20
3.911465593363864
 30
0.0
 10
2.612093228865012
 20
3.910978074176309
 30
0.0
  0
SPLINE
  5
F4
330
1F
100
AcDbEntity
  8
0
  6
Continuous
 62
     7
370
     0
100
AcDbSpline
210
0.0
220
0.0
230
1.0
 70
     8
 71
     3
 72
    23
 73
    19
 74
     0
 42
0.000000001
 43
0.00000001
 40
0.0
 40
0.0
 40
0.0
 40
0.0
 40
0.058241483108127
 40
0.1146427594695288
 40
0.1698598220408748
 40
0.2249312733524667
 40
0.28008242289868
 40
0.3366222446972306
 40
0.3955711591414621
 40
0.4568580256683314
 40
0.5202638826731399
 40
0.5834528927466007
 40
0.647966096961837
 40
0.7138123028707999
 40
0.7814741194161736
 40
0.8513965712822179
 40
0.9243885405390584
 40
1.0
 40
1.0
 40
1.0
 40
1.0
 10
2.538675507346025
 20
3.88896462480922
 30
0.0
 10
2.538700882995454
 20
3.890002189717455
 30
0.0
 10
2.538750832521439
 20
3.892044536475486
 30
0.0
 10
2.5392961648408
 20
3.895027666277187
 30
0.0
 10
2.540112114574024
 20
3.897885842125709
 30
0.0
 10
2.541315987549977
 20
3.900582560924292
 30
0.0
 10
2.542832353472345
 20
3.903140555540021
 30
0.0
 10
2.544689876302497
 20
3.905552538953457
 30
0.0
 10
2.546897056308985
 20
3.907803267276239
 30
0.0
 10
2.549415472431836
 20
3.909892989638256
 30
0.0
 10
2.552171726756428
 20
3.911794230291279
 30
0.0
 10
2.555150311578308
 20
3.913445345627955
 30
0.0
 10
2.558298839421449
 20
3.91485225661676
 30
0.0
 10
2.561635526452849
 20
3.915998644175316
 30
0.0
 10
2.565148628767346
 20
3.916890324231758
 30
0.0
 10
2.568846817719354
 20
3.917510129053608
 30
0.0
 10
2.572717988233399
 20
3.917925429375519
 30
0.0
 10
2.575363469326697
 20
3.917961369584372
 30
0.0
 10
2.576709526333367
 20
3.91797965645479
 30
0.0
  0
SPLINE
  5
F5
330
1F
100
AcDbEntity
  8
0
  6
Continuous
 62
     7
370
     0
100
AcDbSpline
210
0.0
220
0.0
230
1.0
 70
     8
 71
     3
 72
    23
 73
    19
 74
     0
 42
0.000000001
 43
0.00000001
 40
0.0
 40
0.0
 40
0.0
 40
0.0
 40
0.0791403044728401
 40
0.1545952342287954
 40
0.2255894056564553
 40
0.2928483715929992
 40
0.3573318591730966
 40
0.4184027772098022
 40
0.4775728648746408
 40
0.5343477861260582
 40
0.5903113859057554
 40
0.6453917384100353
 40
0.7008449670353337
 40
0.7572537956642015
 40
0.8147232371888076
 40
0.8742035410736735
 40
0.9356396770884141
 40
1.0
 40
1.0
 40
1.0
 40
1.0
 10
2.565060001016911
 20
3.861195637467449
 30
0.0
 10
2.563975490179962
 20
3.86143980288606
 30
0.0
 10
2.561856971582154
 20
3.861916763523657
 30
0.0
 10
2.558820485956642
 20
3.862829164542512
 30
0.0
 10
2.555998901896834
 20
3.863856236926685
 30
0.0
 10
2.553390651555696
 20
3.865003538282679
 30
0.0
 10
2.550999764390526
 20
3.866281086193808
 30
0.0
 10
2.548822262946952
 20
3.86769660794469
 30
0.0
 10
2.546861246883112
 20
3.869230776157798
 30
0.0
 10
2.54512239716536
 20
3.870911406055333
 30
0.0
 10
2.543594425498438
 20
3.872711062723741
 30
0.0
 10
2.54227768645586
 20
3.874648470948281
 30
0.0
 10
2.541164908715448
 20
3.876716665342643
 30
0.0
 10
2.540257186152746
 20
3.878918670982257
 30
0.0
 10
2.53954174455288
 20
3.881249220180309
 30
0.0
 10
2.539028369768247
 20
3.883704529850354
 30
0.0
 10
2.538729955338086
 20
3.886293696944997
 30
0.0
 10
2.538693935772911
 20
3.888060624551362
 30
0.0
 10
2.538675507346025
 20
3.88896462480922
 30
0.0
  0
SPLINE
  5
F6
330
1F
100
AcDbEntity
  8
0
  6
Continuous
 62
     7
370
     0
100
AcDbSpline
210
0.0
220
0.0
230
1.0
 70
     8
 71
     3
 72
    11
 73
     7
 74
     0
 42
0.000000001
 43
0.00000001
 40
0.0
 40
0.0
 40
0.0
 40
0.0
 40
0.2264437066147228
 40
0.4684934644352425
 40
0.7260902046784191
 40
1.0
 40
1.0
 40
1.0
 40
1.0
 10
2.588675507346025
 20
3.856705922277575
 30
0.0
 10
2.586913984417826
 20
3.857147335819763
 30
0.0
 10
2.583269537894442
 20
3.858060584250112
 30
0.0
 10
2.577514657649413
 20
3.858957221589826
 30
0.0
 10
2.571391710946143
 20
3.859931392658525
 30
0.0
 10
2.567213318877803
 20
3.860765687113117
 30
0.0
 10
2.565060001016911
 20
3.861195637467449
 30
0.0
  0
SPLINE
  5
F7
330
1F
100
AcDbEntity
  8
0
  6
Continuous
 62
     7
370
     0
100
AcDbSpline
210
0.0
220
0.0
230
1.0
 70
     8
 71
     3
 72
    19
 73
    15
 74
     0
 42
0.000000001
 43
0.00000001
 40
0.0
 40
0.0
 40
0.0
 40
0.0
 40
0.0736826146611884
 40
0.1431112576246186
 40
0.2079268631992995
 40
0.2695996622420413
 40
0.3273006387183211
 40
0.382341005446771
 40
0.4358963298045688
 40
0.4880248830426843
 40
0.5971381218227614
 40
0.716652193247189
 40
0.8505969534355438
 40
1.0
 40
1.0
 40
1.0
 40
1.0
 10
2.601966646586531
 20
3.841792947594031
 30
0.0
 10
2.601952145853642
 20
3.842333774091888
 30
0.0
 10
2.601923981569164
 20
3.843384203160141
 30
0.0
 10
2.601796280656997
 20
3.844906845351535
 30
0.0
 10
2.601541811003513
 20
3.846325714789478
 30
0.0
 10
2.601158455744385
 20
3.847623728595026
 30
0.0
 10
2.600717503057203
 20
3.84882909356831
 30
0.0
 10
2.600129650783285
 20
3.849902934781448
 30
0.0
 10
2.599463944933599
 20
3.850880876824206
 30
0.0
 10
2.598391965023529
 20
3.852043089071253
 30
0.0
 10
2.596778966772821
 20
3.853345376362711
 30
0.0
 10
2.594457391480311
 20
3.854662025471946
 30
0.0
 10
2.591735904248947
 20
3.855840642535229
 30
0.0
 10
2.589732079776762
 20
3.85640719281547
 30
0.0
 10
2.588675507346025
 20
3.856705922277575
 30
0.0
  0
SPLINE
  5
F8
330
1F
100
AcDbEntity
  8
0
  6
Continuous
 62
     7
370
     0
100
AcDbSpline
210
0.0
220
0.0
230
1.0
 70
     8
 71
     3
 72
    23
 73
    19
 74
     0
 42
0.000000001
 43
0.00000001
 40
0.0
 40
0.0
 40
0.0
 40
0.0
 40
0.0854151544129917
 40
0.1659823341365554
 40
0.2425656174833743
 40
0.3148369819696934
 40
0.3832803096291421
 40
0.4488990343063117
 40
0.5114550916688619
 40
0.5714779974050682
 40
0.6295665825924371
 40
0.6843880566524364
 40
0.7370366993053404
 40
0.7887815262452749
 40
0.8400607811717761
 40
0.8917690048341201
 40
0.9448771569629688
 40
1.0
 40
1.0
 40
1.0
 40
1.0
 10
2.57583927316881
 20
3.824308770378841
 30
0.0
 10
2.576841733223469
 20
3.824325005380533
 30
0.0
 10
2.578789755923826
 20
3.824356553921237
 30
0.0
 10
2.581630784742838
 20
3.824570470472386
 30
0.0
 10
2.584298312726323
 20
3.824947556683863
 30
0.0
 10
2.586800452975895
 20
3.825451387668107
 30
0.0
 10
2.58912951515067
 20
3.82612555166389
 30
0.0
 10
2.591285846462833
 20
3.826954598594659
 30
0.0
 10
2.593274817697482
 20
3.827922545723283
 30
0.0
 10
2.595084061086006
 20
3.82903407569535
 30
0.0
 10
2.596704181161739
 20
3.830264745009547
 30
0.0
 10
2.598093348069303
 20
3.83162815364705
 30
0.0
 10
2.599306789895669
 20
3.833054998107786
 30
0.0
 10
2.600276864763273
 20
3.834610260839567
 30
0.0
 10
2.601039563608126
 20
3.83626463585516
 30
0.0
 10
2.601564758499737
 20
3.838023468443263
 30
0.0
 10
2.601924013848799
 20
3.83987303022632
 30
0.0
 10
2.601952260406592
 20
3.841145082169694
 30
0.0
 10
2.601966646586531
 20
3.841792947594031
 30
0.0
  0
SPLINE
  5
F9
330
1F
100
AcDbEntity
  8
0
  6
Continuous
 62
     7
370
     0
100
AcDbSpline
210
0.0
220
0.0
230
1.0
 70
     8
 71
     3
 72
    15
 73
    11
 74
     0
 42
0.000000001
 43
0.00000001
 40
0.0
 40
0.0
 40
0.0
 40
0.0
 40
0.124784698440579
 40
0.2508991582111141
 40
0.3796498944864681
 40
0.511805726305221
 40
0.6428226368571992
 40
0.7671691836151733
 40
0.8858586764781957
 40
1.0
 40
1.0
 40
1.0
 40
1.0
 10
2.539624874434633
 20
3.836966998226942
 30
0.0
 10
2.540918329883858
 20
3.835983943917638
 30
0.0
 10
2.543519024419726
 20
3.834007359434423
 30
0.0
 10
2.547794108810185
 20
3.831513709831617
 30
0.0
 10
2.552331826535338
 20
3.829320343339449
 30
0.0
 10
2.557116749086053
 20
3.827543193338947
 30
0.0
 10
2.561952744421351
 20
3.826101157026152
 30
0.0
 10
2.566719102190543
 20
3.825108961126061
 30
0.0
 10
2.571322749422384
 20
3.824417036630732
 30
0.0
 10
2.574353499705058
 20
3.82434438607204
 30
0.0
 10
2.57583927316881
 20
3.824308770378841
 30
0.0
  0
LINE
  5
FA
330
1F
100
AcDbEntity
  8
0
  6
Continuous
 62
     7
370
     0
100
AcDbLine
 10
2.5386755097
 20
3.83696697
 30
0.0
 11
2.5396248721
 21
3.83696697
 31
0.0
  0
LINE
  5
FB
330
1F
100
AcDbEntity
  8
0
  6
Continuous
 62
     7
370
     0
100
AcDbLine
 10
2.5386755097
 20
3.8207090845
 30
0.0
 11
2.5386755097
 21
3.83696697
 31
0.0
  0
SPLINE
  5
FC
330
1F
100
AcDbEntity
  8
0
  6
Continuous
 62
     7
370
     0
100
AcDbSpline
210
0.0
220
0.0
230
1.0
 70
     8
 71
     3
 72
    15
 73
    11
 74
     0
 42
0.000000001
 43
0.00000001
 40
0.0
 40
0.0
 40
0.0
 40
0.0
 40
0.1383958837326369
 40
0.2698711435185702
 40
0.3952737389719834
 40
0.5139802029772993
 40
0.6311187908923164
 40
0.7514363167928994
 40
0.8740333432057815
 40
1.0
 40
1.0
 40
1.0
 40
1.0
 10
2.575740380763746
 20
3.81291636531555
 30
0.0
 10
2.573979337528488
 20
3.81293594166698
 30
0.0
 10
2.570545313778164
 20
3.812974115434899
 30
0.0
 10
2.565528254127532
 20
3.813363867401917
 30
0.0
 10
2.560785632633721
 20
3.813962888240815
 30
0.0
 10
2.55626698052713
 20
3.814821622726972
 30
0.0
 10
2.551878747740088
 20
3.815960870775361
 30
0.0
 10
2.547499745769799
 20
3.817307761530216
 30
0.0
 10
2.543067831790455
 20
3.81885933562919
 30
0.0
 10
2.54015278800056
 20
3.82008695572698
 30
0.0
 10
2.538675507346025
 20
3.820709086834537
 30
0.0
  0
SPLINE
  5
FD
330
1F
100
AcDbEntity
  8
0
  6
Continuous
 62
     7
370
     0
100
AcDbSpline
210
0.0
220
0.0
230
1.0
 70
     8
 71
     3
 72
    15
 73
    11
 74
     0
 42
0.000000001
 43
0.00000001
 40
0.0
 40
0.0
 40
0.0
 40
0.0
 40
0.1093762626810178
 40
0.2197856263699321
 40
0.3337354138417856
 40
0.4504044938819245
 40
0.57314947524744
 40
0.7052672342377317
 40
0.8470508712264783
 40
0.9999999999999999
 40
0.9999999999999999
 40
0.9999999999999999
 40
0.9999999999999999
 10
2.60552677316881
 20
3.822172694429473
 30
0.0
 10
2.604602602654034
 20
3.821469891372346
 30
0.0
 10
2.602745532477344
 20
3.820057647012014
 30
0.0
 10
2.599704718854159
 20
3.81822865212518
 30
0.0
 10
2.596440056440376
 20
3.816661324073273
 30
0.0
 10
2.59294660834296
 20
3.815288422412795
 30
0.0
 10
2.589146378515839
 20
3.814216558061771
 30
0.0
 10
2.585002415957434
 20
3.813456439239143
 30
0.0
 10
2.58049066480831
 20
3.813003720168207
 30
0.0
 10
2.577363300553246
 20
3.812946209829637
 30
0.0
 10
2.575740380763746
 20
3.81291636531555
 30
0.0
  0
SPLINE
  5
FE
330
1F
100
AcDbEntity
  8
0
  6
Continuous
 62
     7
370
     0
100
AcDbSpline
210
0.0
220
0.0
230
1.0
 70
     8
 71
     3
 72
    15
 73
    11
 74
     0
 42
0.000000001
 43
0.00000001
 40
0.0
 40
0.0
 40
0.0
 40
0.0
 40
0.119779818416105
 40
0.2402216975985305
 40
0.3641183838755976
 40
0.4915227685121463
 40
0.6196754633466538
 40
0.745891689316749
 40
0.8721818653816412
 40
1.0
 40
1.0
 40
1.0
 40
1.0
 10
2.615890697219443
 20
3.843691681771246
 30
0.0
 10
2.61585243432212
 20
3.842707609816121
 30
0.0
 10
2.615775697036396
 20
3.840734026630364
 30
0.0
 10
2.615273969245403
 20
3.837774386263576
 30
0.0
 10
2.614382908172624
 20
3.834846726700242
 30
0.0
 10
2.613204132617807
 20
3.831957150264808
 30
0.0
 10
2.611746525614041
 20
3.829169957690272
 30
0.0
 10
2.609932044779492
 20
3.826616326389451
 30
0.0
 10
2.607910700537179
 20
3.824220522342596
 30
0.0
 10
2.606324594720679
 20
3.82285803462284
 30
0.0
 10
2.60552677316881
 20
3.822172694429474
 30
0.0
  0
SPLINE
  5
FF
330
1F
100
AcDbEntity
  8
0
  6
Continuous
 62
     7
370
     0
100
AcDbSpline
210
0.0
220
0.0
230
1.0
 70
     8
 71
     3
 72
    23
 73
    19
 74
     0
 42
0.000000001
 43
0.00000001
 40
0.0
 40
0.0
 40
0.0
 40
0.0
 40
0.075165412166689
 40
0.1466391917970247
 40
0.215131088891256
 40
0.2804067798100492
 40
0.3423148361407433
 40
0.4018062055654695
 40
0.4598162295847399
 40
0.5153089454089095
 40
0.5702365576644098
 40
0.6253730398192827
 40
0.6819983768009417
 40
0.7398028123742759
 40
0.8002366825241395
 40
0.8635457338940455
 40
0.9298674995776578
 40
0.9999999999999999
 40
0.9999999999999999
 40
0.9999999999999999
 40
0.9999999999999999
 10
2.593224557978937
 20
3.869700384302891
 30
0.0
 10
2.594137540138517
 20
3.869447046736111
 30
0.0
 10
2.595918664756168
 20
3.868952813883878
 30
0.0
 10
2.598478578532787
 20
3.868053936595852
 30
0.0
 10
2.600872178049505
 20
3.867071183394209
 30
0.0
 10
2.603092406902336
 20
3.865991985583424
 30
0.0
 10
2.605116794051041
 20
3.864790032100323
 30
0.0
 10
2.606995341948741
 20
3.863528547450575
 30
0.0
 10
2.608689138656688
 20
3.862150263472855
 30
0.0
 10
2.610210681963189
 20
3.860667680341685
 30
0.0
 10
2.611579867171744
 20
3.859086521328985
 30
0.0
 10
2.612723035161218
 20
3.857318473130421
 30
0.0
 10
2.613722349535865
 20
3.855425094490205
 30
0.0
 10
2.614503930301165
 20
3.853360615544853
 30
0.0
 10
2.615151365931978
 20
3.851162480811149
 30
0.0
 10
2.615561580749266
 20
3.848799613578213
 30
0.0
 10
2.615860965431575
 20
3.846296916901242
 30
0.0
 10
2.615880603810943
 20
3.844576112351797
 30
0.0
 10
2.615890697219443
 20
3.843691681771246
 30
0.0
  0
SPLINE
  5
100
330
1F
100
AcDbEntity
  8
0
  6
Continuous
 62
     7
370
     0
100
AcDbSpline
210
0.0
220
0.0
230
1.0
 70
     8
 71
     3
 72
    15
 73
    11
 74
     0
 42
0.000000001
 43
0.00000001
 40
0.0
 40
0.0
 40
0.0
 40
0.0
 40
0.0932522940898435
 40
0.2030994356376325
 40
0.3310220938728498
 40
0.475424648661694
 40
0.6236441625924206
 40
0.7602181276767053
 40
0.8859457116350377
 40
0.9999999999999999
 40
0.9999999999999999
 40
0.9999999999999999
 40
0.9999999999999999
 10
2.567314747852354
 20
3.874803232404157
 30
0.0
 10
2.568118742395625
 20
3.874636768978708
 30
0.0
 10
2.569869807499039
 20
3.87427421888712
 30
0.0
 10
2.572731447115076
 20
3.873721417037439
 30
0.0
 10
2.576040070623595
 20
3.873108573941437
 30
0.0
 10
2.579689376443841
 20
3.872482062348767
 30
0.0
 10
2.583415353598482
 20
3.871851103097973
 30
0.0
 10
2.586962560135072
 20
3.871155524834201
 30
0.0
 10
2.590200745493499
 20
3.870450556619854
 30
0.0
 10
2.592249873027278
 20
3.869942192176897
 30
0.0
 10
2.593224557978937
 20
3.869700384302891
 30
0.0
  0
SPLINE
  5
101
330
1F
100
AcDbEntity
  8
0
  6
Continuous
 62
     7
370
     0
100
AcDbSpline
210
0.0
220
0.0
230
1.0
 70
     8
 71
     3
 72
    23
 73
    19
 74
     0
 42
0.000000001
 43
0.00000001
 40
0.0
 40
0.0
 40
0.0
 40
0.0
 40
0.0609726139191505
 40
0.118387994561357
 40
0.1728742277214824
 40
0.2246695210592738
 40
0.2754008809859203
 40
0.3256802771256851
 40
0.376549205764027
 40
0.4289720610265049
 40
0.48414752534923
 40
0.5428865512447383
 40
0.6061622082093618
 40
0.6740109616371238
 40
0.7471027693500154
 40
0.8256295092907752
 40
0.9098541721358154
 40
1.0
 40
1.0
 40
1.0
 40
1.0
 10
2.398802089624506
 20
3.81291636531555
 30
0.0
 10
2.397342625161902
 20
3.812949781718118
 30
0.0
 10
2.394508843571197
 20
3.813014664960467
 30
0.0
 10
2.390411315807379
 20
3.813646356755083
 30
0.0
 10
2.386613497255875
 20
3.814634725403242
 30
0.0
 10
2.38312770024565
 20
3.816060600863349
 30
0.0
 10
2.379930653284692
 20
3.817857028544639
 30
0.0
 10
2.377061636273327
 20
3.820106073216424
 30
0.0
 10
2.374480807949321
 20
3.822736216226549
 30
0.0
 10
2.37223852736832
 20
3.825807265565726
 30
0.0
 10
2.370282192249686
 20
3.829279848351653
 30
0.0
 10
2.368571549310665
 20
3.833165704592805
 30
0.0
 10
2.367169047077145
 20
3.837491988223415
 30
0.0
 10
2.366012209638272
 20
3.842241228684964
 30
0.0
 10
2.365081906214547
 20
3.847411569110841
 30
0.0
 10
2.364443281791607
 20
3.853020148347097
 30
0.0
 10
2.364075478991633
 20
3.859061182485379
 30
0.0
 10
2.364020424856756
 20
3.863232297741249
 30
0.0
 10
2.363991963042227
 20
3.865388675442132
 30
0.0
  0
SPLINE
  5
102
330
1F
100
AcDbEntity
  8
0
  6
Continuous
 62
     7
370
     0
100
AcDbSpline
210
0.0
220
0.0
230
1.0
 70
     8
 71
     3
 72
    23
 73
    19
 74
     0
 42
0.000000001
 43
0.00000001
 40
0.0
 40
0.0
 40
0.0
 40
0.0
 40
0.0914072369269553
 40
0.1766411179085063
 40
0.2561617773375904
 40
0.3297025475052975
 40
0.3981326595607566
 40
0.461414748682545
 40
0.5201907225520731
 40
0.5750949351457789
 40
0.6271223329766316
 40
0.6777301011362212
 40
0.7276094883997957
 40
0.7779011121402815
 40
0.8296305654851194
 40
0.8834447804353315
 40
0.9399298216911767
 40
1.0
 40
1.0
 40
1.0
 40
1.0
 10
2.433612216206785
 20
3.865507346328207
 30
0.0
 10
2.433586302788115
 20
3.863317864569443
 30
0.0
 10
2.43353622606119
 20
3.859086771731384
 30
0.0
 10
2.433134830647522
 20
3.852961691603187
 30
0.0
 10
2.432503755245448
 20
3.847286822571372
 30
0.0
 10
2.431582580327023
 20
3.842057701965904
 30
0.0
 10
2.430376526591407
 20
3.83728808198826
 30
0.0
 10
2.428952652688276
 20
3.832947869251836
 30
0.0
 10
2.427234160368994
 20
3.829064995804726
 30
0.0
 10
2.425234061059945
 20
3.825625410661773
 30
0.0
 10
2.422929688546165
 20
3.822626147263121
 30
0.0
 10
2.420373814392741
 20
3.820001616340718
 30
0.0
 10
2.417490247213249
 20
3.81780517939948
 30
0.0
 10
2.414310418622393
 20
3.816017942321033
 30
0.0
 10
2.410846450855361
 20
3.814598276705357
 30
0.0
 10
2.407079749873978
 20
3.813628074274378
 30
0.0
 10
2.403034738639678
 20
3.813019569603866
 30
0.0
 10
2.400241610690679
 20
3.812951465024176
 30
0.0
 10
2.398802089624506
 20
3.81291636531555
 30
0.0
  0
SPLINE
  5
103
330
1F
100
AcDbEntity
  8
0
  6
Continuous
 62
     7
370
     0
100
AcDbSpline
210
0.0
220
0.0
230
1.0
 70
     8
 71
     3
 72
    23
 73
    19
 74
     0
 42
0.000000001
 43
0.00000001
 40
0.0
 40
0.0
 40
0.0
 40
0.0
 40
0.0610360235752138
 40
0.1185111144595317
 40
0.1731258378212026
 40
0.22533490204852
 40
0.2761557307410256
 40
0.3266572709749722
 40
0.3779751895595516
 40
0.4308974413397407
 40
0.4863702555085643
 40
0.5456756637640771
 40
0.6087552048826685
 40
0.6767411704922477
 40
0.7493172402132791
 40
0.8273775877960802
 40
0.9108637625285654
 40
0.9999999999999999
 40
0.9999999999999999
 40
0.9999999999999999
 40
0.9999999999999999
 10
2.398802089624506
 20
3.91797965645479
 30
0.0
 10
2.400261356666465
 20
3.917945572779248
 30
0.0
 10
2.403094754933696
 20
3.917879393920654
 30
0.0
 10
2.407196685242231
 20
3.917256572118617
 30
0.0
 10
2.410994946953337
 20
3.916233205559231
 30
0.0
 10
2.414496140233402
 20
3.914811116482045
 30
0.0
 10
2.417670678857148
 20
3.912948026196703
 30
0.0
 10
2.420550875469229
 20
3.910692489593374
 30
0.0
 10
2.423123744166201
 20
3.908018476285708
 30
0.0
 10
2.425359882926653
 20
3.904912906324502
 30
0.0
 10
2.427328329878378
 20
3.901414201626398
 30
0.0
 10
2.429020774303951
 20
3.897507650093192
 30
0.0
 10
2.430433875057274
 20
3.893178645384294
 30
0.0
 10
2.43161889196955
 20
3.888454743776383
 30
0.0
 10
2.432514074890217
 20
3.883303918293267
 30
0.0
 10
2.433162501806461
 20
3.877744516121598
 30
0.0
 10
2.433527824798741
 20
3.871762245715312
 30
0.0
 10
2.43358347854101
 20
3.867637316809872
 30
0.0
 10
2.433612216206785
 20
3.865507346328207
 30
0.0
  0
SPLINE
  5
104
330
1F
100
AcDbEntity
  8
0
  6
Continuous
 62
     7
370
     0
100
AcDbSpline
210
0.0
220
0.0
230
1.0
 70
     8
 71
     3
 72
    23
 73
    19
 74
     0
 42
0.000000001
 43
0.00000001
 40
0.0
 40
0.0
 40
0.0
 40
0.0
 40
0.0906329011836341
 40
0.1753653426288626
 40
0.2541102187879563
 40
0.3274215029633289
 40
0.3955560567886158
 40
0.458873960335001
 40
0.5179348249732568
 40
0.5729694386300639
 40
0.6252987845255906
 40
0.6761318033419801
 40
0.7265933906285933
 40
0.7771870883272607
 40
0.8289458178959395
 40
0.8827904889383937
 40
0.9396206954251712
 40
0.9999999999999999
 40
0.9999999999999999
 40
0.9999999999999999
 40
0.9999999999999999
 10
2.363991963042227
 20
3.865388675442132
 30
0.0
 10
2.364018058113356
 20
3.867558378464437
 30
0.0
 10
2.364068549392234
 20
3.871756530668991
 30
0.0
 10
2.364468099254863
 20
3.877829003780416
 30
0.0
 10
2.365101735545661
 20
3.883464362009494
 30
0.0
 10
2.366027869159069
 20
3.888657196183431
 30
0.0
 10
2.367205002392029
 20
3.893419168159926
 30
0.0
 10
2.368636174878432
 20
3.897755282425127
 30
0.0
 10
2.370351510980823
 20
3.901648163689514
 30
0.0
 10
2.372336687059495
 20
3.905111891481399
 30
0.0
 10
2.374607385823239
 20
3.908154546579663
 30
0.0
 10
2.377178548124747
 20
3.91080046749711
 30
0.0
 10
2.380070649402748
 20
3.913022733369048
 30
0.0
 10
2.383242919715893
 20
3.914865084539155
 30
0.0
 10
2.386719436660617
 20
3.916276699272395
 30
0.0
 10
2.390492595484051
 20
3.917245026223423
 30
0.0
 10
2.394547932984281
 20
3.917882820461859
 30
0.0
 10
2.397355697752537
 20
3.91794673270399
 30
0.0
 10
2.398802089624506
 20
3.91797965645479
 30
0.0
  0
LINE
  5
105
330
1F
100
AcDbEntity
  8
0
  6
Continuous
 62
     7
370
     0
100
AcDbLine
 10
2.2032918041
 20
3.8600089172
 30
0.0
 11
2.228548924
 21
3.9154479834
 31
0.0
  0
LINE
  5
106
330
1F
100
AcDbEntity
  8
0
  6
Continuous
 62
     7
370
     0
100
AcDbLine
 10
2.1771842107
 20
3.9154479834
 30
0.0
 11
2.2032918041
 21
3.8600089172
 31
0.0
  0
LINE
  5
107
330
1F
100
AcDbEntity
  8
0
  6
Continuous
 62
     7
370
     0
100
AcDbLine
 10
2.1589286749
 20
3.9154479834
 30
0.0
 11
2.1771842107
 21
3.9154479834
 31
0.0
  0
LINE
  5
108
330
1F
100
AcDbEntity
  8
0
  6
Continuous
 62
     7
370
     0
100
AcDbLine
 10
2.1589286749
 20
3.8154479919
 30
0.0
 11
2.1589286749
 21
3.9154479834
 31
0.0
  0
LINE
  5
109
330
1F
100
AcDbEntity
  8
0
  6
Continuous
 62
     7
370
     0
100
AcDbLine
 10
2.171586907
 20
3.8154479919
 30
0.0
 11
2.1589286749
 21
3.8154479919
 31
0.0
  0
LINE
  5
10A
330
1F
100
AcDbEntity
  8
0
  6
Continuous
 62
     7
370
     0
100
AcDbLine
 10
2.171586907
 20
3.9016821557
 30
0.0
 11
2.171586907
 21
3.8154479919
 31
0.0
  0
LINE
  5
10B
330
1F
100
AcDbEntity
  8
0
  6
Continuous
 62
     7
370
     0
100
AcDbLine
 10
2.1986240813
 20
3.8432960769
 30
0.0
 11
2.171586907
 21
3.9016821557
 31
0.0
  0
LINE
  5
10C
330
1F
100
AcDbEntity
  8
0
  6
Continuous
 62
     7
370
     0
100
AcDbLine
 10
2.2063772501
 20
3.8432960769
 30
0.0
 11
2.1986240813
 21
3.8432960769
 31
0.0
  0
LINE
  5
10D
330
1F
100
AcDbEntity
  8
0
  6
Continuous
 62
     7
370
     0
100
AcDbLine
 10
2.2336122205
 20
3.9016821557
 30
0.0
 11
2.2063772501
 21
3.8432960769
 31
0.0
  0
LINE
  5
10E
330
1F
100
AcDbEntity
  8
0
  6
Continuous
 62
     7
370
     0
100
AcDbLine
 10
2.2336122205
 20
3.8154479919
 30
0.0
 11
2.2336122205
 21
3.9016821557
 31
0.0
  0
LINE
  5
10F
330
1F
100
AcDbEntity
  8
0
  6
Continuous
 62
     7
370
     0
100
AcDbLine
 10
2.2462704434
 20
3.8154479919
 30
0.0
 11
2.2336122205
 21
3.8154479919
 31
0.0
  0
LINE
  5
110
330
1F
100
AcDbEntity
  8
0
  6
Continuous
 62
     7
370
     0
100
AcDbLine
 10
2.2462704434
 20
3.9154479834
 30
0.0
 11
2.2462704434
 21
3.8154479919
 31
0.0
  0
LINE
  5
111
330
1F
100
AcDbEntity
  8
0
  6
Continuous
 62
     7
370
     0
100
AcDbLine
 10
2.228548924
 20
3.9154479834
 30
0.0
 11
2.2462704434
 21
3.9154479834
 31
0.0
  0
LINE
  5
112
330
1F
100
AcDbEntity
  8
0
  6
Continuous
 62
     7
370
     0
100
AcDbLine
 10
2.0956375327
 20
3.9154479834
 30
0.0
 11
2.0956375327
 21
3.8268404137
 31
0.0
  0
LINE
  5
113
330
1F
100
AcDbEntity
  8
0
  6
Continuous
 62
     7
370
     0
100
AcDbLine
 10
2.0829793006
 20
3.9154479834
 30
0.0
 11
2.0956375327
 21
3.9154479834
 31
0.0
  0
LINE
  5
114
330
1F
100
AcDbEntity
  8
0
  6
Continuous
 62
     7
370
     0
100
AcDbLine
 10
2.0829793006
 20
3.8154479919
 30
0.0
 11
2.0829793006
 21
3.9154479834
 31
0.0
  0
LINE
  5
115
330
1F
100
AcDbEntity
  8
0
  6
Continuous
 62
     7
370
     0
100
AcDbLine
 10
2.1450046141
 20
3.8154479919
 30
0.0
 11
2.0829793006
 21
3.8154479919
 31
0.0
  0
LINE
  5
116
330
1F
100
AcDbEntity
  8
0
  6
Continuous
 62
     7
370
     0
100
AcDbLine
 10
2.1450046141
 20
3.8268404137
 30
0.0
 11
2.1450046141
 21
3.8154479919
 31
0.0
  0
LINE
  5
117
330
1F
100
AcDbEntity
  8
0
  6
Continuous
 62
     7
370
     0
100
AcDbLine
 10
2.0956375327
 20
3.8268404137
 30
0.0
 11
2.1450046141
 21
3.8268404137
 31
0.0
  0
SPLINE
  5
118
330
1F
100
AcDbEntity
  8
0
  6
Continuous
 62
     7
370
     0
100
AcDbSpline
210
0.0
220
0.0
230
1.0
 70
     8
 71
     3
 72
    15
 73
    11
 74
     0
 42
0.000000001
 43
0.00000001
 40
0.0
 40
0.0
 40
0.0
 40
0.0
 40
0.1204601605038168
 40
0.2373845007654854
 40
0.3534929525856126
 40
0.4690032709078607
 40
0.5878575309050481
 40
0.7148212612045094
 40
0.851377805592117
 40
1.0
 40
1.0
 40
1.0
 40
1.0
 10
2.327302880763747
 20
3.910028707087702
 30
0.0
 10
2.328162534747711
 20
3.909435830502198
 30
0.0
 10
2.329856609626582
 20
3.908267479807024
 30
0.0
 10
2.332105656618621
 20
3.906176249237351
 30
0.0
 10
2.334077531042932
 20
3.903882147601812
 30
0.0
 10
2.335739075899349
 20
3.901333472867375
 30
0.0
 10
2.337109076451959
 20
3.898505205124821
 30
0.0
 10
2.338000002268894
 20
3.895304122381991
 30
0.0
 10
2.338598304399442
 20
3.891775835230319
 30
0.0
 10
2.338649057261533
 20
3.88930364886723
 30
0.0
 10
2.338675507346025
 20
3.888015257720613
 30
0.0
  0
SPLINE
  5
119
330
1F
100
AcDbEntity
  8
0
  6
Continuous
 62
     7
370
     0
100
AcDbSpline
210
0.0
220
0.0
230
1.0
 70
     8
 71
     3
 72
    15
 73
    11
 74
     0
 42
0.000000001
 43
0.00000001
 40
0.0
 40
0.0
 40
0.0
 40
0.0
 40
0.1610519726672532
 40
0.3088852512014142
 40
0.4423350676483699
 40
0.5631769465949317
 40
0.6760013357488857
 40
0.785386861295352
 40
0.8934793501665322
 40
1.0
 40
1.0
 40
1.0
 40
1.0
 10
2.301709526333367
 20
3.91544801088517
 30
0.0
 10
2.303133793768127
 20
3.915431855341934
 30
0.0
 10
2.30586542876196
 20
3.915400870257131
 30
0.0
 10
2.309773804677479
 20
3.91519505942647
 30
0.0
 10
2.313310971161362
 20
3.914816287882582
 30
0.0
 10
2.316521919997163
 20
3.914319156621416
 30
0.0
 10
2.319472438345235
 20
3.913596625396717
 30
0.0
 10
2.322246217855028
 20
3.912669699638278
 30
0.0
 10
2.324864081575872
 20
3.911487316842897
 30
0.0
 10
2.326493926727834
 20
3.910512530542356
 30
0.0
 10
2.327302880763747
 20
3.910028707087702
 30
0.0
  0
LINE
  5
11A
330
1F
100
AcDbEntity
  8
0
  6
Continuous
 62
     7
370
     0
100
AcDbLine
 10
2.2741185467
 20
3.9154479834
 30
0.0
 11
2.301709528
 21
3.9154479834
 31
0.0
  0
LINE
  5
11B
330
1F
100
AcDbEntity
  8
0
  6
Continuous
 62
     7
370
     0
100
AcDbLine
 10
2.2741185467
 20
3.8154479919
 30
0.0
 11
2.2741185467
 21
3.9154479834
 31
0.0
  0
LINE
  5
11C
330
1F
100
AcDbEntity
  8
0
  6
Continuous
 62
     7
370
     0
100
AcDbLine
 10
2.2867767742
 20
3.8154479919
 30
0.0
 11
2.2741185467
 21
3.8154479919
 31
0.0
  0
LINE
  5
11D
330
1F
100
AcDbEntity
  8
0
  6
Continuous
 62
     7
370
     0
100
AcDbLine
 10
2.2867767742
 20
3.8546884986
 30
0.0
 11
2.2867767742
 21
3.8154479919
 31
0.0
  0
LINE
  5
11E
330
1F
100
AcDbEntity
  8
0
  6
Continuous
 62
     7
370
     0
100
AcDbLine
 10
2.3076628471
 20
3.8546884986
 30
0.0
 11
2.2867767742
 21
3.8546884986
 31
0.0
  0
LINE
  5
11F
330
1F
100
AcDbEntity
  8
0
  6
Continuous
 62
     7
370
     0
100
AcDbLine
 10
2.3411675961
 20
3.8154479919
 30
0.0
 11
2.3076628471
 21
3.8546884986
 31
0.0
  0
LINE
  5
120
330
1F
100
AcDbEntity
  8
0
  6
Continuous
 62
     7
370
     0
100
AcDbLine
 10
2.3563970268
 20
3.8154479919
 30
0.0
 11
2.3411675961
 21
3.8154479919
 31
0.0
  0
LINE
  5
121
330
1F
100
AcDbEntity
  8
0
  6
Continuous
 62
     7
370
     0
100
AcDbLine
 10
2.3186992419
 20
3.8586837991
 30
0.0
 11
2.3563970268
 21
3.8154479919
 31
0.0
  0
SPLINE
  5
122
330
1F
100
AcDbEntity
  8
0
  6
Continuous
 62
     7
370
     0
100
AcDbSpline
210
0.0
220
0.0
230
1.0
 70
     8
 71
     3
 72
    23
 73
    19
 74
     0
 42
0.000000001
 43
0.00000001
 40
0.0
 40
0.0
 40
0.0
 40
0.0
 40
0.0703830305476875
 40
0.1379489199197056
 40
0.2034888084440799
 40
0.2668116458442013
 40
0.328939523656463
 40
0.3896346109119581
 40
0.4495664907690713
 40
0.5094054054689503
 40
0.5688230343965488
 40
0.6282063740288426
 40
0.6879203520712691
 40
0.7483104144166672
 40
0.8093179049203332
 40
0.871253151261671
 40
0.9346509967026074
 40
1.0
 40
1.0
 40
1.0
 40
1.0
 10
2.338675507346025
 20
3.888015257720613
 30
0.0
 10
2.338662891874892
 20
3.887124520554856
 30
0.0
 10
2.338638165877681
 20
3.885378698742519
 30
0.0
 10
2.338367845830684
 20
3.882815426185033
 30
0.0
 10
2.337958676066845
 20
3.880363042680037
 30
0.0
 10
2.337388183711596
 20
3.878012035914079
 30
0.0
 10
2.336632609397281
 20
3.875779019744118
 30
0.0
 10
2.335727813668099
 20
3.873648010737037
 30
0.0
 10
2.334627063152285
 20
3.871643966996711
 30
0.0
 10
2.333382600754145
 20
3.869746838502791
 30
0.0
 10
2.331995711064066
 20
3.867958694102734
 30
0.0
 10
2.33046055983392
 20
3.866299784765884
 30
0.0
 10
2.328821608392726
 20
3.864725232292739
 30
0.0
 10
2.32703522645342
 20
3.863286504458815
 30
0.0
 10
2.325133354634414
 20
3.861955392521402
 30
0.0
 10
2.32310345131352
 20
3.860754156761919
 30
0.0
 10
2.320966809342116
 20
3.859629002588921
 30
0.0
 10
2.31946269574093
 20
3.859002015112901
 30
0.0
 10
2.31869924152324
 20
3.85868377037884
 30
0.0
  0
SPLINE
  5
123
330
1F
100
AcDbEntity
  8
0
  6
Continuous
 62
     7
370
     0
100
AcDbSpline
210
0.0
220
0.0
230
1.0
 70
     8
 71
     3
 72
    11
 73
     7
 74
     0
 42
0.000000001
 43
0.00000001
 40
0.0
 40
0.0
 40
0.0
 40
0.0
 40
0.2637317048431361
 40
0.5305144675004306
 40
0.7847266135326568
 40
1.0
 40
1.0
 40
1.0
 40
1.0
 10
2.471586899751088
 20
3.876939308353524
 30
0.0
 10
2.472568798758239
 20
3.877024668019776
 30
0.0
 10
2.474543956160067
 20
3.877196374860692
 30
0.0
 10
2.477473331243113
 20
3.8773382110429
 30
0.0
 10
2.480222819042629
 20
3.87744107919453
 30
0.0
 10
2.481977119790237
 20
3.877463189221483
 30
0.0
 10
2.482781520004254
 20
3.877473327340866
 30
0.0
  0
LINE
  5
124
330
1F
100
AcDbEntity
  8
0
  6
Continuous
 62
     7
370
     0
100
AcDbLine
 10
2.4715868997
 20
3.904055635
 30
0.0
 11
2.4715868997
 21
3.8769393349
 31
0.0
  0
LINE
  5
125
330
1F
100
AcDbEntity
  8
0
  6
Continuous
 62
     7
370
     0
100
AcDbLine
 10
2.518422342
 20
3.904055635
 30
0.0
 11
2.4715868997
 21
3.904055635
 31
0.0
  0
LINE
  5
126
330
1F
100
AcDbEntity
  8
0
  6
Continuous
 62
     7
370
     0
100
AcDbLine
 10
2.518422342
 20
3.9154479834
 30
0.0
 11
2.518422342
 21
3.904055635
 31
0.0
  0
LINE
  5
127
330
1F
100
AcDbEntity
  8
0
  6
Continuous
 62
     7
370
     0
100
AcDbLine
 10
2.4589286676
 20
3.9154479834
 30
0.0
 11
2.518422342
 21
3.9154479834
 31
0.0
  0
LINE
  5
128
330
1F
100
AcDbEntity
  8
0
  6
Continuous
 62
     7
370
     0
100
AcDbLine
 10
2.4589286676
 20
3.8635492629
 30
0.0
 11
2.4589286676
 21
3.9154479834
 31
0.0
  0
SPLINE
  5
129
330
1F
100
AcDbEntity
  8
0
  6
Continuous
 62
     7
370
     0
100
AcDbSpline
210
0.0
220
0.0
230
1.0
 70
     8
 71
     3
 72
    13
 73
     9
 74
     0
 42
0.000000001
 43
0.00000001
 40
0.0
 40
0.0
 40
0.0
 40
0.0
 40
0.2763740851291956
 40
0.5438410492241024
 40
0.6706925999621661
 40
0.7891162865557773
 40
0.8993055339000612
 40
1.0
 40
1.0
 40
1.0
 40
1.0
 10
2.479577406080202
 20
3.866080922277575
 30
0.0
 10
2.477656900228998
 20
3.866040946599511
 30
0.0
 10
2.473877783541297
 20
3.865962283599356
 30
0.0
 10
2.469245737832733
 20
3.865399029727882
 30
0.0
 10
2.465730828663635
 20
3.864825722564174
 30
0.0
 10
2.463294506640298
 20
3.86442177039569
 30
0.0
 10
2.461049875413417
 20
3.863979575295223
 30
0.0
 10
2.459614193126856
 20
3.863688338713426
 30
0.0
 10
2.458928671902987
 20
3.863549276707955
 30
0.0
  0
SPLINE
  5
12A
330
1F
100
AcDbEntity
  8
0
  6
Continuous
 62
     7
370
     0
100
AcDbSpline
210
0.0
220
0.0
230
1.0
 70
     8
 71
     3
 72
    15
 73
    11
 74
     0
 42
0.000000001
 43
0.00000001
 40
0.0
 40
0.0
 40
0.0
 40
0.0
 40
0.1069499386345053
 40
0.2174399329484103
 40
0.3320869632292295
 40
0.4531071753292058
 40
0.5800630846739256
 40
0.713816978580866
 40
0.8536709963201081
 40
1.0
 40
1.0
 40
1.0
 40
1.0
 10
2.499098766839696
 20
3.861393422277575
 30
0.0
 10
2.498502078505213
 20
3.861811799906049
 30
0.0
 10
2.497288951381461
 20
3.862662403512223
 30
0.0
 10
2.49524961296931
 20
3.863654399750769
 30
0.0
 10
2.493038329225078
 20
3.864475401875417
 30
0.0
 10
2.490639212581419
 20
3.865070470364913
 30
0.0
 10
2.488079111293739
 20
3.865515489390696
 30
0.0
 10
2.485373309827365
 20
3.865852902993685
 30
0.0
 10
2.482520856615901
 20
3.866052737494755
 30
0.0
 10
2.480573244714217
 20
3.8660713867018
 30
0.0
 10
2.479577406080202
 20
3.866080922277575
 30
0.0
  0
SPLINE
  5
12B
330
1F
100
AcDbEntity
  8
0
  6
Continuous
 62
     7
370
     0
100
AcDbSpline
210
0.0
220
0.0
230
1.0
 70
     8
 71
     3
 72
    15
 73
    11
 74
     0
 42
0.000000001
 43
0.00000001
 40
0.0
 40
0.0
 40
0.0
 40
0.0
 40
0.1505488395741713
 40
0.2903783435821629
 40
0.4205058450135155
 40
0.5432020229568343
 40
0.6604043168689908
 40
0.7747975120726794
 40
0.8870065209126293
 40
1.0
 40
1.0
 40
1.0
 40
1.0
 10
2.505764114940962
 20
3.846816681771246
 30
0.0
 10
2.505738344252917
 20
3.847654619954709
 30
0.0
 10
2.505688637794012
 20
3.849270833685925
 30
0.0
 10
2.505393838683018
 20
3.851600830882948
 30
0.0
 10
2.504803864818337
 20
3.853711670163582
 30
0.0
 10
2.504041890263403
 20
3.855631977881791
 30
0.0
 10
2.503049643152543
 20
3.857343006673737
 30
0.0
 10
2.50193101503517
 20
3.85890056127896
 30
0.0
 10
2.500612167753917
 20
3.860269090307558
 30
0.0
 10
2.499604403959089
 20
3.861017775630861
 30
0.0
 10
2.499098766839696
 20
3.861393422277575
 30
0.0
  0
SPLINE
  5
12C
330
1F
100
AcDbEntity
  8
0
  6
Continuous
 62
     7
370
     0
100
AcDbSpline
210
0.0
220
0.0
230
1.0
 70
     8
 71
     3
 72
    15
 73
    11
 74
     0
 42
0.000000001
 43
0.00000001
 40
0.0
 40
0.0
 40
0.0
 40
0.0
 40
0.1143181762358414
 40
0.2293559284678864
 40
0.3446961538044085
 40
0.4636009172681073
 40
0.5874065965996771
 40
0.7170770247335707
 40
0.8550514622622402
 40
1.0
 40
1.0
 40
1.0
 40
1.0
 10
2.499889906080202
 20
3.830420321011752
 30
0.0
 10
2.500358060485688
 20
3.83091699087925
 30
0.0
 10
2.50129731609553
 20
3.831913456903752
 30
0.0
 10
2.502468457926821
 20
3.833610262362646
 30
0.0
 10
2.503496482171503
 20
3.83542487531608
 30
0.0
 10
2.504323612728028
 20
3.837398017677682
 30
0.0
 10
2.504982082406053
 20
3.839522600932098
 30
0.0
 10
2.505426384923488
 20
3.841817505193442
 30
0.0
 10
2.505706618712308
 20
3.844264907831917
 30
0.0
 10
2.505744637144438
 20
3.845952226228164
 30
0.0
 10
2.505764114940962
 20
3.846816681771246
 30
0.0
  0
SPLINE
  5
12D
330
1F
100
AcDbEntity
  8
0
  6
Continuous
 62
     7
370
     0
100
AcDbSpline
210
0.0
220
0.0
230
1.0
 70
     8
 71
     3
 72
    15
 73
    11
 74
     0
 42
0.000000001
 43
0.00000001
 40
0.0
 40
0.0
 40
0.0
 40
0.0
 40
0.125539067257486
 40
0.2507111945492181
 40
0.3739622895669254
 40
0.4983002186059112
 40
0.6221794969406709
 40
0.7459426855879191
 40
0.8708711216188378
 40
1.0
 40
1.0
 40
1.0
 40
1.0
 10
2.482999083295392
 20
3.824308770378841
 30
0.0
 10
2.483771194554885
 20
3.824322284726669
 30
0.0
 10
2.485313160258638
 20
3.824349273921043
 30
0.0
 10
2.487599771187874
 20
3.824618989209912
 30
0.0
 10
2.489855112536373
 20
3.825033407206754
 30
0.0
 10
2.492065705444029
 20
3.825616842065841
 30
0.0
 10
2.494214801165708
 20
3.826416949484658
 30
0.0
 10
2.496236432026582
 20
3.827503461545782
 30
0.0
 10
2.498169993103762
 20
3.828805256664868
 30
0.0
 10
2.499310317259577
 20
3.829876064847128
 30
0.0
 10
2.499889906080202
 20
3.830420321011752
 30
0.0
  0
SPLINE
  5
12E
330
1F
100
AcDbEntity
  8
0
  6
Continuous
 62
     7
370
     0
100
AcDbSpline
210
0.0
220
0.0
230
1.0
 70
     8
 71
     3
 72
    15
 73
    11
 74
     0
 42
0.000000001
 43
0.00000001
 40
0.0
 40
0.0
 40
0.0
 40
0.0
 40
0.1156896179953355
 40
0.236357884300005
 40
0.3613668393402093
 40
0.4927369458780019
 40
0.6246340710403729
 40
0.7530143733070397
 40
0.8773872139737714
 40
1.0
 40
1.0
 40
1.0
 40
1.0
 10
2.456060792156152
 20
3.833169529872511
 30
0.0
 10
2.456987024440912
 20
3.83255936883436
 30
0.0
 10
2.458879348981261
 20
3.831312788764698
 30
0.0
 10
2.46196299262724
 20
3.829728655518698
 30
0.0
 10
2.465238007496434
 20
3.82820268201043
 30
0.0
 10
2.468710536668634
 20
3.826860838639238
 30
0.0
 10
2.472292060563119
 20
3.825728945715799
 30
0.0
 10
2.475891665371589
 20
3.824925711805091
 30
0.0
 10
2.479456182022886
 20
3.824395822311914
 30
0.0
 10
2.481823740056113
 20
3.82433764950731
 30
0.0
 10
2.482999083295392
 20
3.824308770378841
 30
0.0
  0
LINE
  5
12F
330
1F
100
AcDbEntity
  8
0
  6
Continuous
 62
     7
370
     0
100
AcDbLine
 10
2.4551311998
 20
3.8331695205
 30
0.0
 11
2.4560607899
 21
3.8331695205
 31
0.0
  0
LINE
  5
130
330
1F
100
AcDbEntity
  8
0
  6
Continuous
 62
     7
370
     0
100
AcDbLine
 10
2.4551311998
 20
3.8188301595
 30
0.0
 11
2.4551311998
 21
3.8331695205
 31
0.0
  0
SPLINE
  5
131
330
1F
100
AcDbEntity
  8
0
  6
Continuous
 62
     7
370
     0
100
AcDbSpline
210
0.0
220
0.0
230
1.0
 70
     8
 71
     3
 72
    15
 73
    11
 74
     0
 42
0.000000001
 43
0.00000001
 40
0.0
 40
0.0
 40
0.0
 40
0.0
 40
0.1376995973635103
 40
0.2738121507321447
 40
0.4079783403477115
 40
0.540702405927691
 40
0.6686583401886329
 40
0.7870670500596362
 40
0.8979574012981608
 40
1.0
 40
1.0
 40
1.0
 40
1.0
 10
2.483473766839696
 20
3.81291636531555
 30
0.0
 10
2.482134600632884
 20
3.812931455504477
 30
0.0
 10
2.479471702655722
 20
3.812961461961751
 30
0.0
 10
2.475518535963108
 20
3.813322083432126
 30
0.0
 10
2.471633350119491
 20
3.813841092391858
 30
0.0
 10
2.467867834726441
 20
3.814598762850532
 30
0.0
 10
2.464289762118482
 20
3.8154898951087
 30
0.0
 10
2.460970864337317
 20
3.81651551544411
 30
0.0
 10
2.457922511779179
 20
3.81756702719537
 30
0.0
 10
2.456035503412017
 20
3.818420923473402
 30
0.0
 10
2.455131203548557
 20
3.818830131138334
 30
0.0
  0
SPLINE
  5
132
330
1F
100
AcDbEntity
  8
0
  6
Continuous
 62
     7
370
     0
100
AcDbSpline
210
0.0
220
0.0
230
1.0
 70
     8
 71
     3
 72
    15
 73
    11
 74
     0
 42
0.000000001
 43
0.00000001
 40
0.0
 40
0.0
 40
0.0
 40
0.0
 40
0.1149281894735036
 40
0.2293581704428493
 40
0.3459192613417066
 40
0.4654998677269272
 40
0.5890786490471934
 40
0.718363968819869
 40
0.8552196250883527
 40
1.0
 40
1.0
 40
1.0
 40
1.0
 10
2.510234051649823
 20
3.822706713416815
 30
0.0
 10
2.509413718901351
 20
3.821941288190126
 30
0.0
 10
2.507776609509775
 20
3.820413755820491
 30
0.0
 10
2.505001958267948
 20
3.818478177669451
 30
0.0
 10
2.502027354629794
 20
3.816784668191552
 30
0.0
 10
2.498806357232856
 20
3.815378506287996
 30
0.0
 10
2.495342925373428
 20
3.814263816013684
 30
0.0
 10
2.491618319904151
 20
3.813481502384139
 30
0.0
 10
2.487633286400135
 20
3.813000642013683
 30
0.0
 10
2.484886040834809
 20
3.812944979627236
 30
0.0
 10
2.483473766839696
 20
3.81291636531555
 30
0.0
  0
SPLINE
  5
133
330
1F
100
AcDbEntity
  8
0
  6
Continuous
 62
     7
370
     0
100
AcDbSpline
210
0.0
220
0.0
230
1.0
 70
     8
 71
     3
 72
    15
 73
    11
 74
     0
 42
0.000000001
 43
0.00000001
 40
0.0
 40
0.0
 40
0.0
 40
0.0
 40
0.1308008882041957
 40
0.2589990533849434
 40
0.3872122659295008
 40
0.5158717970719201
 40
0.6428148133703804
 40
0.7641840704950137
 40
0.8832864287581043
 40
1.0
 40
1.0
 40
1.0
 40
1.0
 10
2.519688165573873
 20
3.846915574176309
 30
0.0
 10
2.519658672817155
 20
3.845753540063269
 30
0.0
 10
2.519600274161178
 20
3.843452594409072
 30
0.0
 10
2.519104112938077
 20
3.840042437874181
 30
0.0
 10
2.518317046837237
 20
3.83671044221146
 30
0.0
 10
2.517209612188589
 20
3.833481383608566
 30
0.0
 10
2.515841709546459
 20
3.830420751322033
 30
0.0
 10
2.514228477001566
 20
3.827579505093689
 30
0.0
 10
2.512377042092069
 20
3.824992428205192
 30
0.0
 10
2.510943541400672
 20
3.823463455576625
 30
0.0
 10
2.510234051649823
 20
3.822706713416815
 30
0.0
  0
SPLINE
  5
134
330
1F
100
AcDbEntity
  8
0
  6
Continuous
 62
     7
370
     0
100
AcDbSpline
210
0.0
220
0.0
230
1.0
 70
     8
 71
     3
 72
    15
 73
    11
 74
     0
 42
0.000000001
 43
0.00000001
 40
0.0
 40
0.0
 40
0.0
 40
0.0
 40
0.1158118640582033
 40
0.229276543177206
 40
0.3432311914323884
 40
0.4594973522796813
 40
0.5798850338220153
 40
0.7093386528253417
 40
0.8485939877133426
 40
1.0
 40
1.0
 40
1.0
 40
1.0
 10
2.50835509595362
 20
3.871203548859853
 30
0.0
 10
2.509224082440421
 20
3.870559687639841
 30
0.0
 10
2.510944443470628
 20
3.869285014479098
 30
0.0
 10
2.513194011103214
 20
3.866989309972853
 30
0.0
 10
2.515147181670547
 20
3.864439152484314
 30
0.0
 10
2.51680238581017
 20
3.861609042481424
 30
0.0
 10
2.518136359663536
 20
3.858453046111874
 30
0.0
 10
2.519040621247672
 20
3.854928275227659
 30
0.0
 10
2.519602819591833
 20
3.851041040348576
 30
0.0
 10
2.519658934972408
 20
3.84832852713155
 30
0.0
 10
2.519688165573873
 20
3.846915574176309
 30
0.0
  0
SPLINE
  5
135
330
1F
100
AcDbEntity
  8
0
  6
Continuous
 62
     7
370
     0
100
AcDbSpline
210
0.0
220
0.0
230
1.0
 70
     8
 71
     3
 72
    15
 73
    11
 74
     0
 42
0.000000001
 43
0.00000001
 40
0.0
 40
0.0
 40
0.0
 40
0.0
 40
0.147900999927338
 40
0.2864944775198828
 40
0.4169003948360013
 40
0.5381234042521711
 40
0.6547170016593041
 40
0.7700685640297279
 40
0.8844779602490948
 40
1.0
 40
1.0
 40
1.0
 40
1.0
 10
2.482781520004254
 20
3.877473327340866
 30
0.0
 10
2.484100537914091
 20
3.877460730405947
 30
0.0
 10
2.486655566934207
 20
3.877436329270797
 30
0.0
 10
2.490366176034165
 20
3.877175189933405
 30
0.0
 10
2.493821539469065
 20
3.876750594990739
 30
0.0
 10
2.49705035165309
 20
3.876139426407309
 30
0.0
 10
2.500092382903645
 20
3.875307999113715
 30
0.0
 10
2.502984774261829
 20
3.874215230471118
 30
0.0
 10
2.505765112477309
 20
3.872875807838251
 30
0.0
 10
2.507488987504487
 20
3.871762763867816
 30
0.0
 10
2.50835509595362
 20
3.871203548859853
 30
0.0
  0
LINE
  5
136
330
1F
100
AcDbEntity
  8
0
  6
Continuous
 62
     7
370
     0
100
AcDbLine
 10
2.1158127847
 20
4.0617086738
 30
0.0
 11
2.1158258012
 21
4.1054072823
 31
0.0
  0
LINE
  5
137
330
1F
100
AcDbEntity
  8
0
  6
Continuous
 62
     7
370
     0
100
AcDbLine
 10
2.0744680023
 20
4.0617209936
 30
0.0
 11
2.1158127847
 21
4.0617086738
 31
0.0
  0
LINE
  5
138
330
1F
100
AcDbEntity
  8
0
  6
Continuous
 62
     7
370
     0
100
AcDbLine
 10
2.0744810188
 20
4.1054196022
 30
0.0
 11
2.0744680023
 21
4.0617209936
 31
0.0
  0
LINE
  5
139
330
1F
100
AcDbEntity
  8
0
  6
Continuous
 62
     7
370
     0
100
AcDbLine
 10
1.9432091036
 20
4.1054586884
 30
0.0
 11
2.0744810188
 21
4.1054196022
 31
0.0
  0
LINE
  5
13A
330
1F
100
AcDbEntity
  8
0
  6
Continuous
 62
     7
370
     0
100
AcDbLine
 10
1.9432011103
 20
4.0785678123
 30
0.0
 11
1.9432091036
 21
4.1054586884
 31
0.0
  0
LINE
  5
13B
330
1F
100
AcDbEntity
  8
0
  6
Continuous
 62
     7
370
     0
100
AcDbLine
 10
1.9791440751
 20
4.0785571058
 30
0.0
 11
1.9432011103
 21
4.0785678123
 31
0.0
  0
LINE
  5
13C
330
1F
100
AcDbEntity
  8
0
  6
Continuous
 62
     7
370
     0
100
AcDbLine
 10
1.9791163188
 20
3.9854480214
 30
0.0
 11
1.9791440751
 21
4.0785571058
 31
0.0
  0
LINE
  5
13D
330
1F
100
AcDbEntity
  8
0
  6
Continuous
 62
     7
370
     0
100
AcDbLine
 10
2.0105027695
 20
3.9854386348
 30
0.0
 11
1.9791163188
 21
3.9854480214
 31
0.0
  0
LINE
  5
13E
330
1F
100
AcDbEntity
  8
0
  6
Continuous
 62
     7
370
     0
100
AcDbLine
 10
2.0105304892
 20
4.0785483792
 30
0.0
 11
2.0105027695
 21
3.9854386348
 31
0.0
  0
LINE
  5
13F
330
1F
100
AcDbEntity
  8
0
  6
Continuous
 62
     7
370
     0
100
AcDbLine
 10
2.0430894714
 20
4.0785386993
 30
0.0
 11
2.0105304892
 21
4.0785483792
 31
0.0
  0
LINE
  5
140
330
1F
100
AcDbEntity
  8
0
  6
Continuous
 62
     7
370
     0
100
AcDbLine
 10
2.0430617334
 20
3.985428955
 30
0.0
 11
2.0430894714
 21
4.0785386993
 31
0.0
  0
LINE
  5
141
330
1F
100
AcDbEntity
  8
0
  6
Continuous
 62
     7
370
     0
100
AcDbLine
 10
2.0744452509
 20
3.9854195684
 30
0.0
 11
2.0430617334
 21
3.985428955
 31
0.0
  0
LINE
  5
142
330
1F
100
AcDbEntity
  8
0
  6
Continuous
 62
     7
370
     0
100
AcDbLine
 10
2.0744599907
 20
4.0348346642
 30
0.0
 11
2.0744452509
 21
3.9854195684
 31
0.0
  0
LINE
  5
143
330
1F
100
AcDbEntity
  8
0
  6
Continuous
 62
     7
370
     0
100
AcDbLine
 10
2.1158047547
 20
4.0348223444
 30
0.0
 11
2.0744599907
 21
4.0348346642
 31
0.0
  0
LINE
  5
144
330
1F
100
AcDbEntity
  8
0
  6
Continuous
 62
     7
370
     0
100
AcDbLine
 10
2.1157900333
 20
3.9854072485
 30
0.0
 11
2.1158047547
 21
4.0348223444
 31
0.0
  0
LINE
  5
145
330
1F
100
AcDbEntity
  8
0
  6
Continuous
 62
     7
370
     0
100
AcDbLine
 10
2.1471774373
 20
3.9853979353
 30
0.0
 11
2.1157900333
 21
3.9854072485
 31
0.0
  0
LINE
  5
146
330
1F
100
AcDbEntity
  8
0
  6
Continuous
 62
     7
370
     0
100
AcDbLine
 10
2.1472132052
 20
4.1053978957
 30
0.0
 11
2.1471774373
 21
3.9853979353
 31
0.0
  0
LINE
  5
147
330
1F
100
AcDbEntity
  8
0
  6
Continuous
 62
     7
370
     0
100
AcDbLine
 10
2.1158258012
 20
4.1054072823
 30
0.0
 11
2.1472132052
 21
4.1053978957
 31
0.0
  0
LINE
  5
148
330
1F
100
AcDbEntity
  8
0
  6
Continuous
 62
     7
370
     0
100
AcDbLine
 10
1.7262662731
 20
4.6367191662
 30
0.0
 11
2.0082055194
 21
3.5354480598
 31
0.0
  0
ARC
  5
149
330
1F
100
AcDbEntity
  8
0
  6
Continuous
 62
     7
370
     0
100
AcDbCircle
 10
2.3462704441
 20
4.7954480109
 30
0.0
 40
0.6400000000000005
100
AcDbArc
 50
345.639989201
 51
194.360010799
  0
LINE
  5
14A
330
1F
100
AcDbEntity
  8
0
  6
Continuous
 62
     7
370
     0
100
AcDbLine
 10
2.6843353687
 20
3.5354480598
 30
0.0
 11
2.966274615
 21
4.6367191662
 31
0.0
  0
LINE
  5
14B
330
1F
100
AcDbEntity
  8
0
  6
Continuous
 62
     7
370
     0
100
AcDbLine
 10
2.0082055194
 20
3.5354480598
 30
0.0
 11
2.6843353687
 21
3.5354480598
 31
0.0
  0
SPLINE
  5
14C
330
1F
100
AcDbEntity
  8
0
  6
Continuous
 62
     7
370
     0
100
AcDbSpline
210
0.0
220
0.0
230
1.0
 70
     8
 71
     3
 72
    15
 73
    11
 74
     0
 42
0.000000001
 43
0.00000001
 40
0.0
 40
0.0
 40
0.0
 40
0.0
 40
0.1641007877079223
 40
0.3141068989893857
 40
0.450749969864446
 40
0.5734501429382802
 40
0.6864814603067119
 40
0.7948918672846339
 40
0.8993730472043188
 40
1.0
 40
1.0
 40
1.0
 40
1.0
 10
2.377916013675139
 20
3.865388675442132
 30
0.0
 10
2.377921636914654
 20
3.863707424336431
 30
0.0
 10
2.377932400411594
 20
3.860489325394858
 30
0.0
 10
2.378067127889477
 20
3.85587255140506
 30
0.0
 10
2.378308886164878
 20
3.851685531735494
 30
0.0
 10
2.378602465764343
 20
3.847880957243216
 30
0.0
 10
2.379077086939544
 20
3.844384545476388
 30
0.0
 10
2.379747127745302
 20
3.841111499948927
 30
0.0
 10
2.380617490172909
 20
3.838013460974854
 30
0.0
 10
2.381405831988575
 20
3.836064157753149
 30
0.0
 10
2.38179259595362
 20
3.835107821011752
 30
0.0
  0
SPLINE
  5
14D
330
1F
100
AcDbEntity
  8
0
  6
Continuous
 62
     7
370
     0
100
AcDbSpline
210
0.0
220
0.0
230
1.0
 70
     8
 71
     3
 72
    15
 73
    11
 74
     0
 42
0.000000001
 43
0.00000001
 40
0.0
 40
0.0
 40
0.0
 40
0.0
 40
0.0929327014231508
 40
0.1955187970205159
 40
0.3091460508655619
 40
0.4331371720548347
 40
0.5654292707948618
 40
0.7044741864873666
 40
0.8490924635745091
 40
1.0
 40
1.0
 40
1.0
 40
1.0
 10
2.381871709877671
 20
3.896005764049727
 30
0.0
 10
2.381504196176822
 20
3.895115539688107
 30
0.0
 10
2.380730993250638
 20
3.893242618815294
 30
0.0
 10
2.37988833619253
 20
3.89014685889729
 30
0.0
 10
2.379204014632886
 20
3.886689772779949
 30
0.0
 10
2.378705627657383
 20
3.882889317548239
 30
0.0
 10
2.378370029051909
 20
3.878808896000824
 30
0.0
 10
2.378113238655451
 20
3.87450914315803
 30
0.0
 10
2.377952696261296
 20
3.8700114483029
 30
0.0
 10
2.377928413462716
 20
3.866951307947006
 30
0.0
 10
2.377916013675139
 20
3.865388675442132
 30
0.0
  0
SPLINE
  5
14E
330
1F
100
AcDbEntity
  8
0
  6
Continuous
 62
     7
370
     0
100
AcDbSpline
210
0.0
220
0.0
230
1.0
 70
     8
 71
     3
 72
    15
 73
    11
 74
     0
 42
0.000000001
 43
0.00000001
 40
0.0
 40
0.0
 40
0.0
 40
0.0
 40
0.1413728161521944
 40
0.2716333270370332
 40
0.3941115680980362
 40
0.5104341139114732
 40
0.6257922686548099
 40
0.7433981479379776
 40
0.867888371759377
 40
1.0
 40
1.0
 40
1.0
 40
1.0
 10
2.398802089624506
 20
3.906587251391499
 30
0.0
 10
2.397797737920507
 20
3.906561253833366
 30
0.0
 10
2.395867979411779
 20
3.90651130219908
 30
0.0
 10
2.393104128423721
 20
3.906009058471259
 30
0.0
 10
2.390608182703183
 20
3.905183729142416
 30
0.0
 10
2.388367882378599
 20
3.904019073682384
 30
0.0
 10
2.386378648315697
 20
3.902516456817319
 30
0.0
 10
2.384650084700904
 20
3.900648303529433
 30
0.0
 10
2.383079157756533
 20
3.898492319327932
 30
0.0
 10
2.382282083876452
 20
3.896850866890663
 30
0.0
 10
2.381871709877671
 20
3.896005764049727
 30
0.0
  0
SPLINE
  5
14F
330
1F
100
AcDbEntity
  8
0
  6
Continuous
 62
     7
370
     0
100
AcDbSpline
210
0.0
220
0.0
230
1.0
 70
     8
 71
     3
 72
    15
 73
    11
 74
     0
 42
0.000000001
 43
0.00000001
 40
0.0
 40
0.0
 40
0.0
 40
0.0
 40
0.1302336202016407
 40
0.253323594762126
 40
0.3705049145481298
 40
0.4852872396224135
 40
0.6008722347763199
 40
0.7234306548017299
 40
0.8556410648324593
 40
1.0
 40
1.0
 40
1.0
 40
1.0
 10
2.415613798485265
 20
3.896124434935803
 30
0.0
 10
2.415204105892641
 20
3.896945572161258
 30
0.0
 10
2.414407193389171
 20
3.898542805144746
 30
0.0
 10
2.412928858960386
 20
3.900709221126121
 30
0.0
 10
2.411171685860071
 20
3.902500913097441
 30
0.0
 10
2.409241881980165
 20
3.904021699453564
 30
0.0
 10
2.407030640989825
 20
3.905186661340101
 30
0.0
 10
2.404547695730422
 20
3.906014519892648
 30
0.0
 10
2.401768803654727
 20
3.906511458945372
 30
0.0
 10
2.399819535347034
 20
3.90656125808735
 30
0.0
 10
2.398802089624506
 20
3.906587251391499
 30
0.0
  0
SPLINE
  5
150
330
1F
100
AcDbEntity
  8
0
  6
Continuous
 62
     7
370
     0
100
AcDbSpline
210
0.0
220
0.0
230
1.0
 70
     8
 71
     3
 72
    15
 73
    11
 74
     0
 42
0.000000001
 43
0.00000001
 40
0.0
 40
0.0
 40
0.0
 40
0.0
 40
0.0984900299220175
 40
0.201838027563734
 40
0.3116948969422731
 40
0.4274599879961237
 40
0.5528053385861429
 40
0.6899099414542673
 40
0.8389457546750265
 40
1.0
 40
1.0
 40
1.0
 40
1.0
 10
2.415673133928304
 20
3.834890257720613
 30
0.0
 10
2.416044049797788
 20
3.835841006374791
 30
0.0
 10
2.416804176762395
 20
3.837789398848833
 30
0.0
 10
2.417688059936246
 20
3.840899660895248
 30
0.0
 10
2.418368774834514
 20
3.844240541244273
 30
0.0
 10
2.418877833191608
 20
3.847841587044266
 30
0.0
 10
2.419247815982232
 20
3.851742482283318
 30
0.0
 10
2.419493416327367
 20
3.855997905206703
 30
0.0
 10
2.419653505449579
 20
3.860627439841227
 30
0.0
 10
2.419676317483776
 20
3.863839216946062
 30
0.0
 10
2.419688165573873
 20
3.865507346328208
 30
0.0
  0
SPLINE
  5
151
330
1F
100
AcDbEntity
  8
0
  6
Continuous
 62
     7
370
     0
100
AcDbSpline
210
0.0
220
0.0
230
1.0
 70
     8
 71
     3
 72
    15
 73
    11
 74
     0
 42
0.000000001
 43
0.00000001
 40
0.0
 40
0.0
 40
0.0
 40
0.0
 40
0.1279442181211455
 40
0.2482369193370199
 40
0.3644446802024286
 40
0.4785790913491291
 40
0.5947180955730483
 40
0.7179626744033668
 40
0.8521394834580085
 40
1.0
 40
1.0
 40
1.0
 40
1.0
 10
2.38179259595362
 20
3.835107821011752
 30
0.0
 10
2.3821791709442
 20
3.834271799644691
 30
0.0
 10
2.382929202373237
 20
3.832649753946131
 30
0.0
 10
2.384398091367819
 20
3.830465973287904
 30
0.0
 10
2.386087169251167
 20
3.828583628559832
 30
0.0
 10
2.388032260292779
 20
3.82700714853111
 30
0.0
 10
2.390275368046859
 20
3.825782902098208
 30
0.0
 10
2.392827988141579
 20
3.824911972013008
 30
0.0
 10
2.395709786831028
 20
3.824403634195917
 30
0.0
 10
2.397738512552164
 20
3.824341398160652
 30
0.0
 10
2.398802089624506
 20
3.824308770378841
 30
0.0
  0
SPLINE
  5
152
330
1F
100
AcDbEntity
  8
0
  6
Continuous
 62
     7
370
     0
100
AcDbSpline
210
0.0
220
0.0
230
1.0
 70
     8
 71
     3
 72
    15
 73
    11
 74
     0
 42
0.000000001
 43
0.00000001
 40
0.0
 40
0.0
 40
0.0
 40
0.0
 40
0.1414581697554184
 40
0.27271190448694
 40
0.395264091582801
 40
0.5124813484088722
 40
0.6279091504467643
 40
0.7455860340844495
 40
0.8690789999429602
 40
1.0
 40
1.0
 40
1.0
 40
1.0
 10
2.398802089624506
 20
3.824308770378841
 30
0.0
 10
2.39980629686108
 20
3.824335411228396
 30
0.0
 10
2.401742270360942
 20
3.824386771123917
 30
0.0
 10
2.404514340793398
 20
3.824883030694961
 30
0.0
 10
2.407019441117165
 20
3.825717844189435
 30
0.0
 10
2.409272952138657
 20
3.826870369202832
 30
0.0
 10
2.411263143472526
 20
3.828381559103169
 30
0.0
 10
2.412994703366736
 20
3.830236989469787
 30
0.0
 10
2.41452584781888
 20
3.83240364576286
 30
0.0
 10
2.41528333321448
 20
3.834045409074601
 30
0.0
 10
2.415673133928304
 20
3.834890257720613
 30
0.0
  0
SPLINE
  5
153
330
1F
100
AcDbEntity
  8
0
  6
Continuous
 62
     7
370
     0
100
AcDbSpline
210
0.0
220
0.0
230
1.0
 70
     8
 71
     3
 72
    15
 73
    11
 74
     0
 42
0.000000001
 43
0.00000001
 40
0.0
 40
0.0
 40
0.0
 40
0.0
 40
0.1596511372780717
 40
0.3085655703298847
 40
0.4461933710066815
 40
0.5739690612705024
 40
0.6921583564928292
 40
0.8020565012233022
 40
0.9040987413505465
 40
0.9999999999999999
 40
0.9999999999999999
 40
0.9999999999999999
 40
0.9999999999999999
 10
2.419688165573873
 20
3.865507346328208
 30
0.0
 10
2.41967620068712
 20
3.867162292579845
 30
0.0
 10
2.419653075564631
 20
3.870360888234773
 30
0.0
 10
2.419493017136044
 20
3.874983759042041
 30
0.0
 10
2.419246067588306
 20
3.879272166482848
 30
0.0
 10
2.418873851869431
 20
3.883231375884777
 30
0.0
 10
2.418384548111362
 20
3.88689063582307
 30
0.0
 10
2.417662732071252
 20
3.890237343409127
 30
0.0
 10
2.41680527328598
 20
3.893318013058523
 30
0.0
 10
2.416002656649823
 20
3.895208511191953
 30
0.0
 10
2.415613798485265
 20
3.896124434935803
 30
0.0
  0
LINE
  5
154
330
1F
100
AcDbEntity
  8
0
  6
Continuous
 62
     7
370
     0
100
AcDbLine
 10
2.2867767742
 20
3.8660809203
 30
0.0
 11
2.300087693
 21
3.8660809203
 31
0.0
  0
LINE
  5
155
330
1F
100
AcDbEntity
  8
0
  6
Continuous
 62
     7
370
     0
100
AcDbLine
 10
2.2867767742
 20
3.904055635
 30
0.0
 11
2.2867767742
 21
3.8660809203
 31
0.0
  0
LINE
  5
156
330
1F
100
AcDbEntity
  8
0
  6
Continuous
 62
     7
370
     0
100
AcDbLine
 10
2.3022633258
 20
3.904055635
 30
0.0
 11
2.2867767742
 21
3.904055635
 31
0.0
  0
SPLINE
  5
157
330
1F
100
AcDbEntity
  8
0
  6
Continuous
 62
     7
370
     0
100
AcDbSpline
210
0.0
220
0.0
230
1.0
 70
     8
 71
     3
 72
    15
 73
    11
 74
     0
 42
0.000000001
 43
0.00000001
 40
0.0
 40
0.0
 40
0.0
 40
0.0
 40
0.1356710519307761
 40
0.266033568325069
 40
0.3888289124462898
 40
0.5089869504386774
 40
0.6268374756191905
 40
0.7465047924043864
 40
0.8703604505951906
 40
1.0
 40
1.0
 40
1.0
 40
1.0
 10
2.324751456713114
 20
3.887224118480106
 30
0.0
 10
2.324730868329919
 20
3.887923677546822
 30
0.0
 10
2.324690497145577
 20
3.889295423340225
 30
0.0
 10
2.324422843867112
 20
3.891288208620733
 30
0.0
 10
2.323932472274075
 20
3.893152956028048
 30
0.0
 10
2.323295609515328
 20
3.89490598378261
 30
0.0
 10
2.322409288386217
 20
3.896531630558708
 30
0.0
 10
2.321292860344118
 20
3.898031033610599
 30
0.0
 10
2.319915650439143
 20
3.899388702539737
 30
0.0
 10
2.318849109682408
 20
3.900147156541324
 30
0.0
 10
2.318303671902987
 20
3.900535036201625
 30
0.0
  0
SPLINE
  5
158
330
1F
100
AcDbEntity
  8
0
  6
Continuous
 62
     7
370
     0
100
AcDbSpline
210
0.0
220
0.0
230
1.0
 70
     8
 71
     3
 72
    15
 73
    11
 74
     0
 42
0.000000001
 43
0.00000001
 40
0.0
 40
0.0
 40
0.0
 40
0.0
 40
0.15133192849373
 40
0.2930698672949627
 40
0.4247940391227079
 40
0.5487050035246478
 40
0.6656715592400193
 40
0.7790172397877794
 40
0.8895904654055462
 40
1.0
 40
1.0
 40
1.0
 40
1.0
 10
2.300087690890329
 20
3.866080922277575
 30
0.0
 10
2.301096543264918
 20
3.866099460261593
 30
0.0
 10
2.303050289803959
 20
3.866135360977128
 30
0.0
 10
2.30587973016805
 20
3.866315146244699
 30
0.0
 10
2.308503224764045
 20
3.866691233045815
 30
0.0
 10
2.310952595109627
 20
3.867127348782478
 30
0.0
 10
2.313211065930294
 20
3.867836707103341
 30
0.0
 10
2.315306741418678
 20
3.868730567920762
 30
0.0
 10
2.317208019652679
 20
3.869914536534126
 30
0.0
 10
2.31833430220108
 20
3.87086641269395
 30
0.0
 10
2.318897026333367
 20
3.871341998226942
 30
0.0
  0
SPLINE
  5
159
330
1F
100
AcDbEntity
  8
0
  6
Continuous
 62
     7
370
     0
100
AcDbSpline
210
0.0
220
0.0
230
1.0
 70
     8
 71
     3
 72
    15
 73
    11
 74
     0
 42
0.000000001
 43
0.00000001
 40
0.0
 40
0.0
 40
0.0
 40
0.0
 40
0.1054324257577919
 40
0.212692606635992
 40
0.3256640625299889
 40
0.4428219635096674
 40
0.5669158351674675
 40
0.7017792760429936
 40
0.8456966330967296
 40
1.0
 40
1.0
 40
1.0
 40
1.0
 10
2.318303671902987
 20
3.900535036201625
 30
0.0
 10
2.31780937826797
 20
3.900850448287951
 30
0.0
 10
2.316812222023867
 20
3.901486740380473
 30
0.0
 10
2.315159035167
 20
3.902234018717959
 30
0.0
 10
2.313385901263521
 20
3.902850066313511
 30
0.0
 10
2.311464934001166
 20
3.903286962773965
 30
0.0
 10
2.309407571042388
 20
3.903658697975955
 30
0.0
 10
2.307178155991794
 20
3.903870068296696
 30
0.0
 10
2.30477801234502
 20
3.904047521356405
 30
0.0
 10
2.303120791761508
 20
3.904052849150427
 30
0.0
 10
2.302263323801721
 20
3.904055605821878
 30
0.0
  0
SPLINE
  5
15A
330
1F
100
AcDbEntity
  8
0
  6
Continuous
 62
     7
370
     0
100
AcDbSpline
210
0.0
220
0.0
230
1.0
 70
     8
 71
     3
 72
    15
 73
    11
 74
     0
 42
0.000000001
 43
0.00000001
 40
0.0
 40
0.0
 40
0.0
 40
0.0
 40
0.1170339869329157
 40
0.2303551988589857
 40
0.3426861898780848
 40
0.4547596653596098
 40
0.5726627487835109
 40
0.702231072777997
 40
0.8446465788022263
 40
1.0
 40
1.0
 40
1.0
 40
1.0
 10
2.318897026333367
 20
3.871341998226942
 30
0.0
 10
2.319378095802155
 20
3.871825078995308
 30
0.0
 10
2.320324973337918
 20
3.872775915323953
 30
0.0
 10
2.321509187624633
 20
3.874387200401589
 30
0.0
 10
2.322530259379941
 20
3.876068964196846
 30
0.0
 10
2.323356207013456
 20
3.877886695929141
 30
0.0
 10
2.323996541763929
 20
3.879882579696791
 30
0.0
 10
2.324446405552878
 20
3.88211035147196
 30
0.0
 10
2.32468928466916
 20
3.88458819766506
 30
0.0
 10
2.324730140969662
 20
3.886320390561914
 30
0.0
 10
2.324751456713114
 20
3.887224118480106
 30
0.0
  0
LINE
  5
15B
330
1F
100
AcDbEntity
  8
0
  6
Continuous
 62
     7
370
     0
100
AcDbLine
 10
1.9462704416
 20
3.5354480598
 30
0.0
 11
1.6681408912
 21
4.6218383364
 31
0.0
  0
LINE
  5
15C
330
1F
100
AcDbEntity
  8
0
  6
Continuous
 62
     7
370
     0
100
AcDbLine
 10
2.0082055194
 20
3.5354480598
 30
0.0
 11
1.9462704416
 21
3.5354480598
 31
0.0
  0
LINE
  5
15D
330
1F
100
AcDbEntity
  8
0
  6
Continuous
 62
     7
370
     0
100
AcDbLine
 10
2.5821761389
 20
4.0401242098
 30
0.0
 11
2.6101040279
 21
4.0401158499
 31
0.0
  0
LINE
  5
15E
330
1F
100
AcDbEntity
  8
0
  6
Continuous
 62
     7
370
     0
100
AcDbLine
 10
2.5821761389
 20
4.0401242098
 30
0.0
 11
2.5821671373
 21
4.0098957523
 31
0.0
  0
LINE
  5
15F
330
1F
100
AcDbEntity
  8
0
  6
Continuous
 62
     7
370
     0
100
AcDbLine
 10
2.6100950263
 20
4.0098873924
 30
0.0
 11
2.5821671373
 21
4.0098957523
 31
0.0
  0
SPLINE
  5
160
330
1F
100
AcDbEntity
  8
0
  6
Continuous
 62
     7
370
     0
100
AcDbSpline
210
0.0
220
0.0
230
1.0
 70
     8
 71
     3
 72
     8
 73
     4
 74
     0
 42
0.000000001
 43
0.00000001
 40
2.0
 40
2.0
 40
2.0
 40
2.0
 40
3.0
 40
3.0
 40
3.0
 40
3.0
 10
2.62483803160719
 20
4.024888802979588
 30
0.0
 10
2.624834677623651
 20
4.01363592885583
 30
0.0
 10
2.616307246065055
 20
4.009885575652885
 30
0.0
 10
2.61009502438393
 20
4.009887427241114
 30
0.0
  0
SPLINE
  5
161
330
1F
100
AcDbEntity
  8
0
  6
Continuous
 62
     7
370
     0
100
AcDbSpline
210
0.0
220
0.0
230
1.0
 70
     8
 71
     3
 72
     8
 73
     4
 74
     0
 42
0.000000001
 43
0.00000001
 40
1.0
 40
1.0
 40
1.0
 40
1.0
 40
2.0
 40
2.0
 40
2.0
 40
2.0
 10
2.61010403413837
 20
4.040115850072269
 30
0.0
 10
2.61767372695368
 20
4.040113593881999
 30
0.0
 10
2.624841449946118
 20
4.036357594409282
 30
0.0
 10
2.62483803160719
 20
4.024888802979588
 30
0.0
  0
LINE
  5
162
330
1F
100
AcDbEntity
  8
0
  6
Continuous
 62
     7
370
     0
100
AcDbLine
 10
2.5018485585
 20
4.0708131953
 30
0.0
 11
2.5062598558
 21
4.0708118753
 31
0.0
  0
LINE
  5
163
330
1F
100
AcDbEntity
  8
0
  6
Continuous
 62
     7
370
     0
100
AcDbLine
 10
2.5018485585
 20
4.0708131953
 30
0.0
 11
2.4876722339
 21
4.0274742093
 31
0.0
  0
LINE
  5
164
330
1F
100
AcDbEntity
  8
0
  6
Continuous
 62
     7
370
     0
100
AcDbLine
 10
2.5199397745
 20
4.0274646027
 30
0.0
 11
2.4876722339
 21
4.0274742093
 31
0.0
  0
LINE
  5
165
330
1F
100
AcDbEntity
  8
0
  6
Continuous
 62
     7
370
     0
100
AcDbLine
 10
2.5062598558
 20
4.0708118753
 30
0.0
 11
2.5199397745
 21
4.0274646027
 31
0.0
  0
SPLINE
  5
166
330
1F
100
AcDbEntity
  8
0
  6
Continuous
 62
     7
370
     0
100
AcDbSpline
210
0.0
220
0.0
230
1.0
 70
     8
 71
     3
 72
     8
 73
     4
 74
     0
 42
0.000000001
 43
0.00000001
 40
31.0
 40
31.0
 40
31.0
 40
31.0
 40
32.0
 40
32.0
 40
32.0
 40
32.0
 10
2.743673971991639
 20
4.025155473854729
 30
0.0
 10
2.743665811843768
 20
3.997777546757555
 30
0.0
 10
2.720273998250877
 20
3.98761413504102
 30
0.0
 10
2.696424334215739
 20
3.987621243569892
 30
0.0
  0
SPLINE
  5
167
330
1F
100
AcDbEntity
  8
0
  6
Continuous
 62
     7
370
     0
100
AcDbSpline
210
0.0
220
0.0
230
1.0
 70
     8
 71
     3
 72
     8
 73
     4
 74
     0
 42
0.000000001
 43
0.00000001
 40
0.0
 40
0.0
 40
0.0
 40
0.0
 40
1.0
 40
1.0
 40
1.0
 40
1.0
 10
2.696424334215739
 20
3.987621243569892
 30
0.0
 10
2.674393023097861
 20
3.987627810128268
 30
0.0
 10
2.65464391049128
 20
3.997577512289272
 30
0.0
 10
2.650279578789168
 20
4.018713536747633
 30
0.0
  0
SPLINE
  5
168
330
1F
100
AcDbEntity
  8
0
  6
Continuous
 62
     7
370
     0
100
AcDbSpline
210
0.0
220
0.0
230
1.0
 70
     8
 71
     3
 72
     8
 73
     4
 74
     0
 42
0.000000001
 43
0.00000001
 40
1.0
 40
1.0
 40
1.0
 40
1.0
 40
2.0
 40
2.0
 40
2.0
 40
2.0
 10
2.650279578789168
 20
4.018713536747633
 30
0.0
 10
2.647393885471215
 20
3.998079284589788
 30
0.0
 10
2.629750417285701
 20
3.990861479445825
 30
0.0
 10
2.608509189224524
 20
3.990867810515425
 30
0.0
  0
LINE
  5
169
330
1F
100
AcDbEntity
  8
0
  6
Continuous
 62
     7
370
     0
100
AcDbLine
 10
2.608509193
 20
3.9908678055
 30
0.0
 11
2.5292510752
 21
3.9908914185
 31
0.0
  0
LINE
  5
16A
330
1F
100
AcDbEntity
  8
0
  6
Continuous
 62
     7
370
     0
100
AcDbLine
 10
2.5292510752
 20
3.9908914185
 30
0.0
 11
2.5211833834
 21
4.0093039592
 31
0.0
  0
LINE
  5
16B
330
1F
100
AcDbEntity
  8
0
  6
Continuous
 62
     7
370
     0
100
AcDbLine
 10
2.5211833834
 20
4.0093039592
 30
0.0
 11
2.4861563689
 21
4.0093143724
 31
0.0
  0
LINE
  5
16C
330
1F
100
AcDbEntity
  8
0
  6
Continuous
 62
     7
370
     0
100
AcDbLine
 10
2.4861563689
 20
4.0093143724
 30
0.0
 11
2.4779189582
 21
3.99105583
 31
0.0
  0
LINE
  5
16D
330
1F
100
AcDbEntity
  8
0
  6
Continuous
 62
     7
370
     0
100
AcDbLine
 10
2.4779189582
 20
3.99105583
 30
0.0
 11
2.3777062201
 21
3.9910856763
 31
0.0
  0
LINE
  5
16E
330
1F
100
AcDbEntity
  8
0
  6
Continuous
 62
     7
370
     0
100
AcDbLine
 10
2.3777062201
 20
3.9910856763
 30
0.0
 11
2.3777385001
 21
4.0993832386
 31
0.0
  0
LINE
  5
16F
330
1F
100
AcDbEntity
  8
0
  6
Continuous
 62
     7
370
     0
100
AcDbLine
 10
2.3777385001
 20
4.0993832386
 30
0.0
 11
2.405991715
 21
4.0993748053
 31
0.0
  0
LINE
  5
170
330
1F
100
AcDbEntity
  8
0
  6
Continuous
 62
     7
370
     0
100
AcDbLine
 10
2.405991715
 20
4.0993748053
 30
0.0
 11
2.4059667361
 21
4.0155737401
 31
0.0
  0
LINE
  5
171
330
1F
100
AcDbEntity
  8
0
  6
Continuous
 62
     7
370
     0
100
AcDbLine
 10
2.4059667361
 20
4.0155737401
 30
0.0
 11
2.4579360024
 21
4.0155582669
 31
0.0
  0
LINE
  5
172
330
1F
100
AcDbEntity
  8
0
  6
Continuous
 62
     7
370
     0
100
AcDbLine
 10
2.4579360024
 20
4.0155582669
 30
0.0
 11
2.4894945829
 21
4.0993499456
 31
0.0
  0
LINE
  5
173
330
1F
100
AcDbEntity
  8
0
  6
Continuous
 62
     7
370
     0
100
AcDbLine
 10
2.4894945829
 20
4.0993499456
 30
0.0
 11
2.5181990079
 21
4.0993413657
 31
0.0
  0
LINE
  5
174
330
1F
100
AcDbEntity
  8
0
  6
Continuous
 62
     7
370
     0
100
AcDbLine
 10
2.5181990079
 20
4.0993413657
 30
0.0
 11
2.5564182314
 21
3.9983678122
 31
0.0
  0
LINE
  5
175
330
1F
100
AcDbEntity
  8
0
  6
Continuous
 62
     7
370
     0
100
AcDbLine
 10
2.5564182314
 20
3.9983678122
 30
0.0
 11
2.5564483161
 21
4.0993299992
 31
0.0
  0
LINE
  5
176
330
1F
100
AcDbEntity
  8
0
  6
Continuous
 62
     7
370
     0
100
AcDbLine
 10
2.5564483161
 20
4.0993299992
 30
0.0
 11
2.6071724151
 21
4.0993148927
 31
0.0
  0
SPLINE
  5
177
330
1F
100
AcDbEntity
  8
0
  6
Continuous
 62
     7
370
     0
100
AcDbSpline
210
0.0
220
0.0
230
1.0
 70
     8
 71
     3
 72
     8
 73
     4
 74
     0
 42
0.000000001
 43
0.00000001
 40
16.0
 40
16.0
 40
16.0
 40
16.0
 40
17.0
 40
17.0
 40
17.0
 40
17.0
 10
2.607172422365236
 20
4.099314864025149
 30
0.0
 10
2.625849843488118
 20
4.099611387720222
 30
0.0
 10
2.646355704276745
 20
4.09476698491797
 30
0.0
 10
2.646348985920456
 20
4.072226380065013
 30
0.0
  0
LINE
  5
178
330
1F
100
AcDbEntity
  8
0
  6
Continuous
 62
     7
370
     0
100
AcDbLine
 10
2.650605615
 20
4.0276018811
 30
0.0
 11
2.6776097897
 21
4.0275938145
 31
0.0
  0
SPLINE
  5
179
330
1F
100
AcDbEntity
  8
0
  6
Continuous
 62
     7
370
     0
100
AcDbSpline
210
0.0
220
0.0
230
1.0
 70
     8
 71
     3
 72
     8
 73
     4
 74
     0
 42
0.000000001
 43
0.00000001
 40
20.0
 40
20.0
 40
20.0
 40
20.0
 40
21.0
 40
21.0
 40
21.0
 40
21.0
 10
2.677609806705
 20
4.027593825994293
 30
0.0
 10
2.678210200421508
 20
4.014886476752689
 30
0.0
 10
2.686107877241251
 20
4.010800090171057
 30
0.0
 10
2.698104358947785
 20
4.010796514551022
 30
0.0
  0
SPLINE
  5
17A
330
1F
100
AcDbEntity
  8
0
  6
Continuous
 62
     7
370
     0
100
AcDbSpline
210
0.0
220
0.0
230
1.0
 70
     8
 71
     3
 72
     8
 73
     4
 74
     0
 42
0.000000001
 43
0.00000001
 40
21.0
 40
21.0
 40
21.0
 40
21.0
 40
22.0
 40
22.0
 40
22.0
 40
22.0
 10
2.698104358947785
 20
4.010796514551022
 30
0.0
 10
2.706609370675809
 20
4.010793979583597
 30
0.0
 10
2.715421248647476
 20
4.013820005139346
 30
0.0
 10
2.715423638165949
 20
4.021837024391171
 30
0.0
  0
SPLINE
  5
17B
330
1F
100
AcDbEntity
  8
0
  6
Continuous
 62
     7
370
     0
100
AcDbSpline
210
0.0
220
0.0
230
1.0
 70
     8
 71
     3
 72
     8
 73
     4
 74
     0
 42
0.000000001
 43
0.00000001
 40
22.0
 40
22.0
 40
22.0
 40
22.0
 40
23.0
 40
23.0
 40
23.0
 40
23.0
 10
2.715423638165949
 20
4.021837024391171
 30
0.0
 10
2.715426477883556
 20
4.031364496545513
 30
0.0
 10
2.699939067014647
 20
4.033183592779261
 30
0.0
 10
2.684291694957967
 20
4.037574379809254
 30
0.0
  0
SPLINE
  5
17C
330
1F
100
AcDbEntity
  8
0
  6
Continuous
 62
     7
370
     0
100
AcDbSpline
210
0.0
220
0.0
230
1.0
 70
     8
 71
     3
 72
     8
 73
     4
 74
     0
 42
0.000000001
 43
0.00000001
 40
23.0
 40
23.0
 40
23.0
 40
23.0
 40
24.0
 40
24.0
 40
24.0
 40
24.0
 10
2.684291694957967
 20
4.037574379809254
 30
0.0
 10
2.66880117733719
 20
4.041964151848759
 30
0.0
 10
2.652554264145725
 20
4.048928697172569
 30
0.0
 10
2.652560170989218
 20
4.068746613844834
 30
0.0
  0
SPLINE
  5
17D
330
1F
100
AcDbEntity
  8
0
  6
Continuous
 62
     7
370
     0
100
AcDbSpline
210
0.0
220
0.0
230
1.0
 70
     8
 71
     3
 72
     8
 73
     4
 74
     0
 42
0.000000001
 43
0.00000001
 40
24.0
 40
24.0
 40
24.0
 40
24.0
 40
25.0
 40
25.0
 40
25.0
 40
25.0
 10
2.652560170989218
 20
4.068746613844834
 30
0.0
 10
2.652567203907722
 20
4.092342599251473
 30
0.0
 10
2.676417681142562
 20
4.101560872873618
 30
0.0
 10
2.696764256330707
 20
4.101554808460429
 30
0.0
  0
SPLINE
  5
17E
330
1F
100
AcDbEntity
  8
0
  6
Continuous
 62
     7
370
     0
100
AcDbSpline
210
0.0
220
0.0
230
1.0
 70
     8
 71
     3
 72
     8
 73
     4
 74
     0
 42
0.000000001
 43
0.00000001
 40
25.0
 40
25.0
 40
25.0
 40
25.0
 40
26.0
 40
26.0
 40
26.0
 40
26.0
 10
2.696764256330707
 20
4.101554808460429
 30
0.0
 10
2.718332749187427
 20
4.101548379847684
 30
0.0
 10
2.740047240730644
 20
4.091107194657311
 30
0.0
 10
2.740194900670398
 20
4.066754968386102
 30
0.0
  0
LINE
  5
17F
330
1F
100
AcDbEntity
  8
0
  6
Continuous
 62
     7
370
     0
100
AcDbLine
 10
2.7401948867
 20
4.0667549755
 30
0.0
 11
2.7119455631
 21
4.0667634087
 31
0.0
  0
SPLINE
  5
180
330
1F
100
AcDbEntity
  8
0
  6
Continuous
 62
     7
370
     0
100
AcDbSpline
210
0.0
220
0.0
230
1.0
 70
     8
 71
     3
 72
     8
 73
     4
 74
     0
 42
0.000000001
 43
0.00000001
 40
27.0
 40
27.0
 40
27.0
 40
27.0
 40
28.0
 40
28.0
 40
28.0
 40
28.0
 10
2.711945558437155
 20
4.066763388264242
 30
0.0
 10
2.712405496732916
 20
4.076591846545952
 30
0.0
 10
2.703138459791027
 20
4.079772369451184
 30
0.0
 10
2.694478529816592
 20
4.079774950592879
 30
0.0
  0
SPLINE
  5
181
330
1F
100
AcDbEntity
  8
0
  6
Continuous
 62
     7
370
     0
100
AcDbSpline
210
0.0
220
0.0
230
1.0
 70
     8
 71
     3
 72
     8
 73
     4
 74
     0
 42
0.000000001
 43
0.00000001
 40
28.0
 40
28.0
 40
28.0
 40
28.0
 40
29.0
 40
29.0
 40
29.0
 40
29.0
 10
2.694478529816592
 20
4.079774950592879
 30
0.0
 10
2.6884096075134
 20
4.079776759469907
 30
0.0
 10
2.680816045816573
 20
4.077661483805672
 30
0.0
 10
2.680813927283346
 20
4.070553641012478
 30
0.0
  0
SPLINE
  5
182
330
1F
100
AcDbEntity
  8
0
  6
Continuous
 62
     7
370
     0
100
AcDbSpline
210
0.0
220
0.0
230
1.0
 70
     8
 71
     3
 72
     8
 73
     4
 74
     0
 42
0.000000001
 43
0.00000001
 40
29.0
 40
29.0
 40
29.0
 40
29.0
 40
30.0
 40
30.0
 40
30.0
 40
30.0
 10
2.680813927283346
 20
4.070553641012478
 30
0.0
 10
2.680811447147867
 20
4.06223259470207
 30
0.0
 10
2.696446119813517
 20
4.060713608705189
 30
0.0
 10
2.712244537160449
 20
4.056322776655283
 30
0.0
  0
SPLINE
  5
183
330
1F
100
AcDbEntity
  8
0
  6
Continuous
 62
     7
370
     0
100
AcDbSpline
210
0.0
220
0.0
230
1.0
 70
     8
 71
     3
 72
     8
 73
     4
 74
     0
 42
0.000000001
 43
0.00000001
 40
30.0
 40
30.0
 40
30.0
 40
30.0
 40
31.0
 40
31.0
 40
31.0
 40
31.0
 10
2.712244537160449
 20
4.056322776655283
 30
0.0
 10
2.727889973027637
 20
4.051932958441507
 30
0.0
 10
2.74367978735236
 20
4.044666458751291
 30
0.0
 10
2.743673971991639
 20
4.025155473854729
 30
0.0
  0
LINE
  5
184
330
1F
100
AcDbEntity
  8
0
  6
Continuous
 62
     7
370
     0
100
AcDbLine
 10
2.5821877071
 20
4.0788972952
 30
0.0
 11
2.6073309416
 21
4.0788898153
 31
0.0
  0
LINE
  5
185
330
1F
100
AcDbEntity
  8
0
  6
Continuous
 62
     7
370
     0
100
AcDbLine
 10
2.5821798788
 20
4.0526677315
 30
0.0
 11
2.5821877071
 21
4.0788972952
 31
0.0
  0
LINE
  5
186
330
1F
100
AcDbEntity
  8
0
  6
Continuous
 62
     7
370
     0
100
AcDbLine
 10
2.6073231134
 20
4.0526602516
 30
0.0
 11
2.5821798788
 21
4.0526677315
 31
0.0
  0
SPLINE
  5
187
330
1F
100
AcDbEntity
  8
0
  6
Continuous
 62
     7
370
     0
100
AcDbSpline
210
0.0
220
0.0
230
1.0
 70
     8
 71
     3
 72
     8
 73
     4
 74
     0
 42
0.000000001
 43
0.00000001
 40
2.0
 40
2.0
 40
2.0
 40
2.0
 40
3.0
 40
3.0
 40
3.0
 40
3.0
 10
2.620601554653103
 20
4.065674234155003
 30
0.0
 10
2.620598645385502
 20
4.055913416392001
 30
0.0
 10
2.612917602505596
 20
4.052658549350624
 30
0.0
 10
2.607323117332039
 20
4.052660216818951
 30
0.0
  0
SPLINE
  5
188
330
1F
100
AcDbEntity
  8
0
  6
Continuous
 62
     7
370
     0
100
AcDbSpline
210
0.0
220
0.0
230
1.0
 70
     8
 71
     3
 72
     8
 73
     4
 74
     0
 42
0.000000001
 43
0.00000001
 40
1.0
 40
1.0
 40
1.0
 40
1.0
 40
2.0
 40
2.0
 40
2.0
 40
2.0
 10
2.607330935213134
 20
4.078889812414595
 30
0.0
 10
2.614149274533346
 20
4.078887780169535
 30
0.0
 10
2.620604521061363
 20
4.075626763247937
 30
0.0
 10
2.620601554653103
 20
4.065674234155003
 30
0.0
  0
SPLINE
  5
189
330
1F
100
AcDbEntity
  8
0
  6
Continuous
 62
     7
370
     0
100
AcDbSpline
210
0.0
220
0.0
230
1.0
 70
     8
 71
     3
 72
     8
 73
     4
 74
     0
 42
0.000000001
 43
0.00000001
 40
17.0
 40
17.0
 40
17.0
 40
17.0
 40
18.0
 40
18.0
 40
18.0
 40
18.0
 10
2.646348985920456
 20
4.072226380065013
 30
0.0
 10
2.646346100028579
 20
4.062543989664258
 30
0.0
 10
2.640573052005525
 20
4.054683608650404
 30
0.0
 10
2.632064841221727
 20
4.050450098394677
 30
0.0
  0
SPLINE
  5
18A
330
1F
100
AcDbEntity
  8
0
  6
Continuous
 62
     7
370
     0
100
AcDbSpline
210
0.0
220
0.0
230
1.0
 70
     8
 71
     3
 72
     8
 73
     4
 74
     0
 42
0.000000001
 43
0.00000001
 40
18.0
 40
18.0
 40
18.0
 40
18.0
 40
19.0
 40
19.0
 40
19.0
 40
19.0
 10
2.632064841221727
 20
4.050450098394677
 30
0.0
 10
2.642741663353472
 20
4.047366947446635
 30
0.0
 10
2.649632911566536
 20
4.038595551705655
 30
0.0
 10
2.650605619877296
 20
4.027601874746737
 30
0.0
  0
ARC
  5
18B
330
1F
100
AcDbEntity
  8
0
  6
Continuous
 62
     7
370
     0
100
AcDbCircle
 10
2.3462704441
 20
4.7954480109
 30
0.0
 40
0.7
100
AcDbArc
 50
345.639989201
 51
194.360010799
  0
SPLINE
  5
18C
330
1F
100
AcDbEntity
  8
0
  6
Continuous
 62
     7
370
     0
100
AcDbSpline
210
0.0
220
0.0
230
1.0
 70
     8
 71
     3
 72
     8
 73
     4
 74
     0
 42
0.000000001
 43
0.00000001
 40
2.0
 40
2.0
 40
2.0
 40
2.0
 40
3.0
 40
3.0
 40
3.0
 40
3.0
 10
2.206427352062186
 20
4.081131684186547
 30
0.0
 10
2.186176632539007
 20
4.081137720029409
 30
0.0
 10
2.178410886880338
 20
4.063325402973399
 30
0.0
 10
2.178405577127873
 20
4.045510772875051
 30
0.0
  0
SPLINE
  5
18D
330
1F
100
AcDbEntity
  8
0
  6
Continuous
 62
     7
370
     0
100
AcDbSpline
210
0.0
220
0.0
230
1.0
 70
     8
 71
     3
 72
     8
 73
     4
 74
     0
 42
0.000000001
 43
0.00000001
 40
1.0
 40
1.0
 40
1.0
 40
1.0
 40
2.0
 40
2.0
 40
2.0
 40
2.0
 10
2.2344269197476
 20
4.045494075393241
 30
0.0
 10
2.234432229500065
 20
4.06330870549159
 30
0.0
 10
2.226680008063444
 20
4.081125647766509
 30
0.0
 10
2.206427352062186
 20
4.081131684186547
 30
0.0
  0
SPLINE
  5
18E
330
1F
100
AcDbEntity
  8
0
  6
Continuous
 62
     7
370
     0
100
AcDbSpline
210
0.0
220
0.0
230
1.0
 70
     8
 71
     3
 72
     8
 73
     4
 74
     0
 42
0.000000001
 43
0.00000001
 40
0.0
 40
0.0
 40
0.0
 40
0.0
 40
1.0
 40
1.0
 40
1.0
 40
1.0
 10
2.20640611276374
 20
4.009872195554114
 30
0.0
 10
2.226658768764998
 20
4.009866159134075
 30
0.0
 10
2.234421610572314
 20
4.027681381772972
 30
0.0
 10
2.2344269197476
 20
4.045494075393241
 30
0.0
  0
SPLINE
  5
18F
330
1F
100
AcDbEntity
  8
0
  6
Continuous
 62
     7
370
     0
100
AcDbSpline
210
0.0
220
0.0
230
1.0
 70
     8
 71
     3
 72
     8
 73
     4
 74
     0
 42
0.000000001
 43
0.00000001
 40
3.0
 40
3.0
 40
3.0
 40
3.0
 40
4.0
 40
4.0
 40
4.0
 40
4.0
 10
2.178405577127873
 20
4.045510772875051
 30
0.0
 10
2.178400267952588
 20
4.027698079254782
 30
0.0
 10
2.186155393240561
 20
4.009878231396974
 30
0.0
 10
2.20640611276374
 20
4.009872195554114
 30
0.0
  0
SPLINE
  5
190
330
1F
100
AcDbEntity
  8
0
  6
Continuous
 62
     7
370
     0
100
AcDbSpline
210
0.0
220
0.0
230
1.0
 70
     8
 71
     3
 72
     8
 73
     4
 74
     0
 42
0.000000001
 43
0.00000001
 40
5.0
 40
5.0
 40
5.0
 40
5.0
 40
6.0
 40
6.0
 40
6.0
 40
6.0
 10
2.693048185199784
 20
4.017196145717758
 30
0.0
 10
2.682483622521794
 20
4.020090456576638
 30
0.0
 10
2.682351741109639
 20
4.02591348598896
 30
0.0
 10
2.682351739333473
 20
4.032404561090805
 30
0.0
  0
SPLINE
  5
191
330
1F
100
AcDbEntity
  8
0
  6
Continuous
 62
     7
370
     0
100
AcDbSpline
210
0.0
220
0.0
230
1.0
 70
     8
 71
     3
 72
     8
 73
     4
 74
     0
 42
0.000000001
 43
0.00000001
 40
3.0
 40
3.0
 40
3.0
 40
3.0
 40
4.0
 40
4.0
 40
4.0
 40
4.0
 10
2.682351739333473
 20
4.032404561090805
 30
0.0
 10
2.695646454441428
 20
4.028564435107301
 30
0.0
 10
2.709020348708778
 20
4.023998106179426
 30
0.0
 10
2.70832238661742
 20
4.021213658484384
 30
0.0
  0
SPLINE
  5
192
330
1F
100
AcDbEntity
  8
0
  6
Continuous
 62
     7
370
     0
100
AcDbSpline
210
0.0
220
0.0
230
1.0
 70
     8
 71
     3
 72
     8
 73
     4
 74
     0
 42
0.000000001
 43
0.00000001
 40
4.0
 40
4.0
 40
4.0
 40
4.0
 40
5.0
 40
5.0
 40
5.0
 40
5.0
 10
2.70832238661742
 20
4.021213658484384
 30
0.0
 10
2.706998191197106
 20
4.015910039235681
 30
0.0
 10
2.703126733436497
 20
4.014441406152419
 30
0.0
 10
2.693048185199784
 20
4.017196145717758
 30
0.0
  0
SPLINE
  5
193
330
1F
100
AcDbEntity
  8
0
  6
Continuous
 62
     7
370
     0
100
AcDbSpline
210
0.0
220
0.0
230
1.0
 70
     8
 71
     3
 72
     8
 73
     4
 74
     0
 42
0.000000001
 43
0.00000001
 40
10.0
 40
10.0
 40
10.0
 40
10.0
 40
11.0
 40
11.0
 40
11.0
 40
11.0
 10
2.649449697789864
 20
4.060608522845252
 30
0.0
 10
2.649445917271505
 20
4.047924591420263
 30
0.0
 10
2.661381412971976
 20
4.038219277934022
 30
0.0
 10
2.676300754404328
 20
4.034114338439921
 30
0.0
  0
LINE
  5
194
330
1F
100
AcDbEntity
  8
0
  6
Continuous
 62
     7
370
     0
100
AcDbLine
 10
2.6816120568
 20
4.0326197298
 30
0.0
 11
2.6542883725
 21
4.0326278697
 31
0.0
  0
SPLINE
  5
195
330
1F
100
AcDbEntity
  8
0
  6
Continuous
 62
     7
370
     0
100
AcDbSpline
210
0.0
220
0.0
230
1.0
 70
     8
 71
     3
 72
     8
 73
     4
 74
     0
 42
0.000000001
 43
0.00000001
 40
8.0
 40
8.0
 40
8.0
 40
8.0
 40
9.0
 40
9.0
 40
9.0
 40
9.0
 10
2.654288363062726
 20
4.032627874626717
 30
0.0
 10
2.65429080914468
 20
4.040834668730398
 30
0.0
 10
2.647205412132771
 20
4.047925259215644
 30
0.0
 10
2.642729164243339
 20
4.050910706373561
 30
0.0
  0
SPLINE
  5
196
330
1F
100
AcDbEntity
  8
0
  6
Continuous
 62
     7
370
     0
100
AcDbSpline
210
0.0
220
0.0
230
1.0
 70
     8
 71
     3
 72
     8
 73
     4
 74
     0
 42
0.000000001
 43
0.00000001
 40
9.0
 40
9.0
 40
9.0
 40
9.0
 40
10.0
 40
10.0
 40
10.0
 40
10.0
 10
2.642729164243339
 20
4.050910706373561
 30
0.0
 10
2.644964637984283
 20
4.053520412761759
 30
0.0
 10
2.648325206355562
 20
4.05613268852644
 30
0.0
 10
2.649449697789864
 20
4.060608522845252
 30
0.0
  0
SPLINE
  5
197
330
1F
100
AcDbEntity
  8
0
  6
Continuous
 62
     7
370
     0
100
AcDbSpline
210
0.0
220
0.0
230
1.0
 70
     8
 71
     3
 72
     8
 73
     4
 74
     0
 42
0.000000001
 43
0.00000001
 40
0.0
 40
0.0
 40
0.0
 40
0.0
 40
1.0
 40
1.0
 40
1.0
 40
1.0
 10
2.676300754404328
 20
4.034114338439921
 30
0.0
 10
2.678045377437129
 20
4.033631635360247
 30
0.0
 10
2.679826788358847
 20
4.033131493011463
 30
0.0
 10
2.681612068773655
 20
4.032619730639841
 30
0.0
  0
LINE
  5
198
330
1F
100
AcDbEntity
  8
0
  6
Continuous
 62
     7
370
     0
100
AcDbLine
 10
2.2973444805
 20
4.05337715
 30
0.0
 11
2.3236689616
 21
4.0533693034
 31
0.0
  0
LINE
  5
199
330
1F
100
AcDbEntity
  8
0
  6
Continuous
 62
     7
370
     0
100
AcDbLine
 10
2.2973525425
 20
4.0804336108
 30
0.0
 11
2.2973444805
 21
4.05337715
 31
0.0
  0
LINE
  5
19A
330
1F
100
AcDbEntity
  8
0
  6
Continuous
 62
     7
370
     0
100
AcDbLine
 10
2.3223273025
 20
4.0804261309
 30
0.0
 11
2.2973525425
 21
4.0804336108
 31
0.0
  0
SPLINE
  5
19B
330
1F
100
AcDbEntity
  8
0
  6
Continuous
 62
     7
370
     0
100
AcDbSpline
210
0.0
220
0.0
230
1.0
 70
     8
 71
     3
 72
     8
 73
     4
 74
     0
 42
0.000000001
 43
0.00000001
 40
2.0
 40
2.0
 40
2.0
 40
2.0
 40
3.0
 40
3.0
 40
3.0
 40
3.0
 10
2.338183199549756
 20
4.067478971489249
 30
0.0
 10
2.338185853993105
 20
4.076384834179862
 30
0.0
 10
2.331104388543277
 20
4.080423533767845
 30
0.0
 10
2.322327301644992
 20
4.080426149828831
 30
0.0
  0
SPLINE
  5
19C
330
1F
100
AcDbEntity
  8
0
  6
Continuous
 62
     7
370
     0
100
AcDbSpline
210
0.0
220
0.0
230
1.0
 70
     8
 71
     3
 72
     8
 73
     4
 74
     0
 42
0.000000001
 43
0.00000001
 40
1.0
 40
1.0
 40
1.0
 40
1.0
 40
2.0
 40
2.0
 40
2.0
 40
2.0
 10
2.323668962530597
 20
4.053369275799635
 30
0.0
 10
2.333118975561733
 20
4.053366459169164
 30
0.0
 10
2.3381804946033
 20
4.058403666966621
 30
0.0
 10
2.338183199549756
 20
4.067478971489249
 30
0.0
  0
LINE
  5
19D
330
1F
100
AcDbEntity
  8
0
  6
Continuous
 62
     7
370
     0
100
AcDbLine
 10
2.6085028314
 20
4.0344869949
 30
0.0
 11
2.5875327103
 21
4.0344932282
 31
0.0
  0
SPLINE
  5
19E
330
1F
100
AcDbEntity
  8
0
  6
Continuous
 62
     7
370
     0
100
AcDbSpline
210
0.0
220
0.0
230
1.0
 70
     8
 71
     3
 72
     8
 73
     4
 74
     0
 42
0.000000001
 43
0.00000001
 40
3.0
 40
3.0
 40
3.0
 40
3.0
 40
4.0
 40
4.0
 40
4.0
 40
4.0
 10
2.619566877669289
 20
4.02468704386071
 30
0.0
 10
2.619569077296078
 20
4.032066961824165
 30
0.0
 10
2.614186388551872
 20
4.034485291024077
 30
0.0
 10
2.608502825386628
 20
4.034486985042609
 30
0.0
  0
LINE
  5
19F
330
1F
100
AcDbEntity
  8
0
  6
Continuous
 62
     7
370
     0
100
AcDbLine
 10
2.5875268987
 20
4.0150432529
 30
0.0
 11
2.6084970198
 21
4.0150370196
 31
0.0
  0
LINE
  5
1A0
330
1F
100
AcDbEntity
  8
0
  6
Continuous
 62
     7
370
     0
100
AcDbLine
 10
2.5875327103
 20
4.0344932282
 30
0.0
 11
2.5875268987
 21
4.0150432529
 31
0.0
  0
SPLINE
  5
1A1
330
1F
100
AcDbEntity
  8
0
  6
Continuous
 62
     7
370
     0
100
AcDbSpline
210
0.0
220
0.0
230
1.0
 70
     8
 71
     3
 72
     8
 73
     4
 74
     0
 42
0.000000001
 43
0.00000001
 40
2.0
 40
2.0
 40
2.0
 40
2.0
 40
3.0
 40
3.0
 40
3.0
 40
3.0
 10
2.608497028207026
 20
4.015036999205573
 30
0.0
 10
2.613162003902109
 20
4.015035608782866
 30
0.0
 10
2.619564719599344
 20
4.017446552319025
 30
0.0
 10
2.619566877669289
 20
4.02468704386071
 30
0.0
  0
SPLINE
  5
1A2
330
1F
100
AcDbEntity
  8
0
  6
Continuous
 62
     7
370
     0
100
AcDbSpline
210
0.0
220
0.0
230
1.0
 70
     8
 71
     3
 72
     8
 73
     4
 74
     0
 42
0.000000001
 43
0.00000001
 40
3.0
 40
3.0
 40
3.0
 40
3.0
 40
4.0
 40
4.0
 40
4.0
 40
4.0
 10
2.70574314064248
 20
4.067172865602451
 30
0.0
 10
2.705996359836994
 20
4.065631353440283
 30
0.0
 10
2.706023185403998
 20
4.064674725188191
 30
0.0
 10
2.706026458671827
 20
4.062662723308558
 30
0.0
  0
SPLINE
  5
1A3
330
1F
100
AcDbEntity
  8
0
  6
Continuous
 62
     7
370
     0
100
AcDbSpline
210
0.0
220
0.0
230
1.0
 70
     8
 71
     3
 72
     8
 73
     4
 74
     0
 42
0.000000001
 43
0.00000001
 40
0.0
 40
0.0
 40
0.0
 40
0.0
 40
1.0
 40
1.0
 40
1.0
 40
1.0
 10
2.706026458671827
 20
4.062662723308558
 30
0.0
 10
2.690979215894697
 20
4.066453023208409
 30
0.0
 10
2.686914744356519
 20
4.06711166901403
 30
0.0
 10
2.686915699298141
 20
4.070315571997638
 30
0.0
  0
SPLINE
  5
1A4
330
1F
100
AcDbEntity
  8
0
  6
Continuous
 62
     7
370
     0
100
AcDbSpline
210
0.0
220
0.0
230
1.0
 70
     8
 71
     3
 72
     8
 73
     4
 74
     0
 42
0.000000001
 43
0.00000001
 40
1.0
 40
1.0
 40
1.0
 40
1.0
 40
2.0
 40
2.0
 40
2.0
 40
2.0
 10
2.686915699298141
 20
4.070315571997638
 30
0.0
 10
2.686916124101426
 20
4.071740819864631
 30
0.0
 10
2.693479130555282
 20
4.072685801588309
 30
0.0
 10
2.696616198206332
 20
4.072594820328614
 30
0.0
  0
SPLINE
  5
1A5
330
1F
100
AcDbEntity
  8
0
  6
Continuous
 62
     7
370
     0
100
AcDbSpline
210
0.0
220
0.0
230
1.0
 70
     8
 71
     3
 72
     8
 73
     4
 74
     0
 42
0.000000001
 43
0.00000001
 40
2.0
 40
2.0
 40
2.0
 40
2.0
 40
3.0
 40
3.0
 40
3.0
 40
3.0
 10
2.696616198206332
 20
4.072594820328614
 30
0.0
 10
2.703087850809538
 20
4.07240118006855
 30
0.0
 10
2.705113013534313
 20
4.071080866528346
 30
0.0
 10
2.70574314064248
 20
4.067172865602451
 30
0.0
  0
LINE
  5
1A6
330
1F
100
AcDbEntity
  8
0
  6
Continuous
 62
     7
370
     0
100
AcDbLine
 10
2.5119380269
 20
4.0332454026
 30
0.0
 11
2.5037564498
 21
4.0593961338
 31
0.0
  0
LINE
  5
1A7
330
1F
100
AcDbEntity
  8
0
  6
Continuous
 62
     7
370
     0
100
AcDbLine
 10
2.5037564498
 20
4.0593961338
 30
0.0
 11
2.4952785085
 21
4.0332503892
 31
0.0
  0
LINE
  5
1A8
330
1F
100
AcDbEntity
  8
0
  6
Continuous
 62
     7
370
     0
100
AcDbLine
 10
2.4952785085
 20
4.0332503892
 30
0.0
 11
2.5119380269
 21
4.0332454026
 31
0.0
  0
LINE
  5
1A9
330
1F
100
AcDbEntity
  8
0
  6
Continuous
 62
     7
370
     0
100
AcDbLine
 10
3.0243999969
 20
4.6218383364
 30
0.0
 11
2.7462704466
 21
3.5354480598
 31
0.0
  0
LINE
  5
1AA
330
1F
100
AcDbEntity
  8
0
  6
Continuous
 62
     7
370
     0
100
AcDbLine
 10
2.7462704466
 20
3.5354480598
 30
0.0
 11
2.6843353687
 21
3.5354480598
 31
0.0
  0
LINE
  5
1AB
330
1F
100
AcDbEntity
  8
0
  6
Continuous
 62
     7
370
     0
100
AcDbLine
 10
2.6052416991
 20
4.0731362218
 30
0.0
 11
2.5876894585
 21
4.0731414284
 31
0.0
  0
SPLINE
  5
1AC
330
1F
100
AcDbEntity
  8
0
  6
Continuous
 62
     7
370
     0
100
AcDbSpline
210
0.0
220
0.0
230
1.0
 70
     8
 71
     3
 72
     8
 73
     4
 74
     0
 42
0.000000001
 43
0.00000001
 40
3.0
 40
3.0
 40
3.0
 40
3.0
 40
4.0
 40
4.0
 40
4.0
 40
4.0
 10
2.614501598774698
 20
4.065508546912952
 30
0.0
 10
2.614503310974349
 20
4.071253109137719
 30
0.0
 10
2.609995750443959
 20
4.073134773024804
 30
0.0
 10
2.60524169675719
 20
4.073136189997715
 30
0.0
  0
SPLINE
  5
1AD
330
1F
100
AcDbEntity
  8
0
  6
Continuous
 62
     7
370
     0
100
AcDbSpline
210
0.0
220
0.0
230
1.0
 70
     8
 71
     3
 72
     8
 73
     4
 74
     0
 42
0.000000001
 43
0.00000001
 40
2.0
 40
2.0
 40
2.0
 40
2.0
 40
3.0
 40
3.0
 40
3.0
 40
3.0
 10
2.605237184376651
 20
4.057996804367095
 30
0.0
 10
2.609141124186235
 20
4.05799564077549
 30
0.0
 10
2.614499919474215
 20
4.059874363938752
 30
0.0
 10
2.614501598774698
 20
4.065508546912952
 30
0.0
  0
LINE
  5
1AE
330
1F
100
AcDbEntity
  8
0
  6
Continuous
 62
     7
370
     0
100
AcDbLine
 10
2.5876849485
 20
4.0580020099
 30
0.0
 11
2.6052371891
 21
4.0579968033
 31
0.0
  0
LINE
  5
1AF
330
1F
100
AcDbEntity
  8
0
  6
Continuous
 62
     7
370
     0
100
AcDbLine
 10
2.5876894585
 20
4.0731414284
 30
0.0
 11
2.5876849485
 21
4.0580020099
 31
0.0
  0
CIRCLE
  5
1B0
330
1F
100
AcDbEntity
  8
0
  6
Continuous
 62
     7
370
     0
100
AcDbCircle
 10
2.3462704441
 20
4.7954480109
 30
0.0
 40
0.4399999999999999
  0
CIRCLE
  5
1B1
330
1F
100
AcDbEntity
  8
0
  6
Continuous
 62
     7
370
     0
100
AcDbCircle
 10
2.3462704441
 20
4.7954480109
 30
0.0
 40
0.4300000000000002
  0
DIMENSION
  5
1B2
330
1F
100
AcDbEntity
  8
0
  6
Continuous
 62
     7
370
     0
100
AcDbDimension
  2
_D
 10
1.2525696567
 20
4.7954480109
 30
0.0
 11
1.2525696567
 21
4.1654480109
 31
0.0
 70
   160
  1
<>
 71
     2
 42
-1.0
  3
SLDDIMSTYLE0
100
AcDbAlignedDimension
 13
1.9462704441
 23
3.5354480109
 33
0.0
 14
2.2462704441
 24
4.7954480109
 34
0.0
 50
90.0
100
AcDbRotatedDimension
  0
DIMENSION
  5
1C5
330
1F
100
AcDbEntity
  8
0
  6
Continuous
 62
     7
370
     0
100
AcDbDimension
  2
_D_1
 10
2.6960983899
 20
4.1891309253
 30
0.0
 11
1.2183862533
 21
5.8381164608
 31
0.0
 70
   163
  1
<>in\P[%%c17.8mm]
 71
     1
 42
-1.0
  3
SLDDIMSTYLE1
100
AcDbDiametricDimension
 15
1.9964424982
 25
5.4017650965
 35
0.0
 40
0.0
  0
DIMENSION
  5
1D3
330
1F
100
AcDbEntity
  8
0
  6
Continuous
 62
     7
370
     0
100
AcDbDimension
  2
_D_2
 10
0.7801287118
 20
5.4954480109
 30
0.0
 11
0.7801287118
 21
4.5154480109
 31
0.0
 70
   160
  1
<>
 71
     2
 42
-1.0
  3
SLDDIMSTYLE0
100
AcDbAlignedDimension
 13
1.9462704441
 23
3.5354480109
 33
0.0
 14
2.3462704441
 24
5.4954480109
 34
0.0
 50
90.0
100
AcDbRotatedDimension
  0
DIMENSION
  5
1E6
330
1F
100
AcDbEntity
  8
0
  6
Continuous
 62
     7
370
     0
100
AcDbDimension
  2
_D_3
 10
2.1313939304
 20
4.4229858197
 30
0.0
 11
3.7049999586
 21
5.8381164608
 31
0.0
 70
   163
  1
<>in [%%c10.9mm]\PCLEAR APERTURE
 71
     1
 42
-1.0
  3
SLDDIMSTYLE2
100
AcDbDiametricDimension
 15
2.5611469578
 25
5.1679102021
 35
0.0
 40
0.0
  0
INSERT
  5
1FA
330
1F
100
AcDbEntity
  8
0
  6
Continuous
 62
     7
370
     0
100
AcDbBlockReference
  2
SW_SYMBOL_MOD_CL
 10
2.27596944
 20
5.7166666928
 30
0.0
 41
0.0027037109
 42
0.0027037109
 43
0.0027037109
  0
INSERT
  5
202
330
1F
100
AcDbEntity
  8
0
  6
Continuous
 62
     7
370
     0
100
AcDbBlockReference
  2
SW_CENTERMARKSYMBOL_0
 10
2.3462704441
 20
4.7954480109
 30
0.0
  0
LINE
  5
203
330
1F
100
AcDbEntity
  8
0
  6
CENTERX2
 62
     7
370
     0
100
AcDbLine
 10
2.3462704441
 20
3.365441605
 30
0.0
 11
2.3462704441
 21
5.6654480332
 31
0.0
  0
LINE
  5
204
330
1F
100
AcDbEntity
  8
0
  6
Continuous
 62
     7
370
     0
100
AcDbLine
 10
2.708348568
 20
2.4464014941
 30
0.0
 11
2.708348568
 21
2.4464264821
 31
0.0
  0
LINE
  5
205
330
1F
100
AcDbEntity
  8
0
  6
Continuous
 62
     7
370
     0
100
AcDbLine
 10
1.8112704311
 20
2.5717604643
 30
0.0
 11
1.8112704311
 21
2.4964014898
 31
0.0
  0
LINE
  5
206
330
1F
100
AcDbEntity
  8
0
  6
Continuous
 62
     7
370
     0
100
AcDbLine
 10
2.881270457
 20
2.4964014898
 30
0.0
 11
2.881270457
 21
2.5717604643
 31
0.0
  0
LINE
  5
207
330
1F
100
AcDbEntity
  8
0
  6
Continuous
 62
     7
370
     0
100
AcDbLine
 10
2.881270457
 20
2.5717604643
 30
0.0
 11
2.8612704514
 21
2.6064014841
 31
0.0
  0
LINE
  5
208
330
1F
100
AcDbEntity
  8
0
  6
Continuous
 62
     7
370
     0
100
AcDbLine
 10
1.8312704367
 20
2.6064014841
 30
0.0
 11
1.8112704311
 21
2.5717604643
 31
0.0
  0
LINE
  5
209
330
1F
100
AcDbEntity
  8
0
  6
Continuous
 62
     7
370
     0
100
AcDbLine
 10
2.8662704436
 20
2.4464014941
 30
0.0
 11
2.8662704436
 21
2.4964014898
 31
0.0
  0
LINE
  5
20A
330
1F
100
AcDbEntity
  8
0
  6
Continuous
 62
     7
370
     0
100
AcDbLine
 10
1.8262704445
 20
2.4964014898
 30
0.0
 11
1.8262704445
 21
2.4464014941
 31
0.0
  0
LINE
  5
20B
330
1F
100
AcDbEntity
  8
0
  6
Continuous
 62
     7
370
     0
100
AcDbLine
 10
1.6462704305
 20
1.9064014706
 30
0.0
 11
1.7062704107
 21
1.8464014904
 31
0.0
  0
LINE
  5
20C
330
1F
100
AcDbEntity
  8
0
  6
Continuous
 62
     7
370
     0
100
AcDbLine
 10
2.9862704774
 20
1.8464014904
 30
0.0
 11
3.0462704576
 21
1.9064014706
 31
0.0
  0
LINE
  5
20D
330
1F
100
AcDbEntity
  8
0
  6
Continuous
 62
     7
370
     0
100
AcDbLine
 10
3.0462704576
 20
1.9064014706
 30
0.0
 11
3.0462704576
 21
2.3864014956
 31
0.0
  0
LINE
  5
20E
330
1F
100
AcDbEntity
  8
0
  6
Continuous
 62
     7
370
     0
100
AcDbLine
 10
1.6462704305
 20
2.3864014956
 30
0.0
 11
1.6462704305
 21
1.9064014706
 31
0.0
  0
LINE
  5
20F
330
1F
100
AcDbEntity
  8
0
  6
Continuous
 62
     7
370
     0
100
AcDbLine
 10
3.0462704576
 20
2.3864014956
 30
0.0
 11
2.9862704774
 21
2.4464014941
 31
0.0
  0
LINE
  5
210
330
1F
100
AcDbEntity
  8
0
  6
Continuous
 62
     7
370
     0
100
AcDbLine
 10
1.7062704107
 20
2.4464014941
 30
0.0
 11
1.6462704305
 21
2.3864014956
 31
0.0
  0
LINE
  5
211
330
1F
100
AcDbEntity
  8
0
  6
Continuous
 62
     7
370
     0
100
AcDbLine
 10
2.7462704466
 20
1.9064014706
 30
0.0
 11
3.0243999969
 21
1.9064014706
 31
0.0
  0
LINE
  5
212
330
1F
100
AcDbEntity
  8
0
  6
Continuous
 62
     7
370
     0
100
AcDbLine
 10
2.966274615
 20
1.8464014904
 30
0.0
 11
2.6843353687
 21
1.8464014904
 31
0.0
  0
LINE
  5
213
330
1F
100
AcDbEntity
  8
0
  6
Continuous
 62
     7
370
     0
100
AcDbLine
 10
2.6843353687
 20
1.8464014904
 30
0.0
 11
2.7462704466
 21
1.9064014706
 31
0.0
  0
LINE
  5
214
330
1F
100
AcDbEntity
  8
0
  6
Continuous
 62
     7
370
     0
100
AcDbLine
 10
1.9462704416
 20
1.9064014706
 30
0.0
 11
2.0082055194
 21
1.8464014904
 31
0.0
  0
LINE
  5
215
330
1F
100
AcDbEntity
  8
0
  6
Continuous
 62
     7
370
     0
100
AcDbLine
 10
1.9462704416
 20
2.3864014956
 30
0.0
 11
1.9462704416
 21
1.9064014706
 31
0.0
  0
LINE
  5
216
330
1F
100
AcDbEntity
  8
0
  6
Continuous
 62
     7
370
     0
100
AcDbLine
 10
2.0082055194
 20
2.4464014941
 30
0.0
 11
1.9462704416
 21
2.3864014956
 31
0.0
  0
LINE
  5
217
330
1F
100
AcDbEntity
  8
0
  6
Continuous
 62
     7
370
     0
100
AcDbLine
 10
2.0082055194
 20
2.4464014941
 30
0.0
 11
2.6843353687
 21
2.4464014941
 31
0.0
  0
LINE
  5
218
330
1F
100
AcDbEntity
  8
0
  6
Continuous
 62
     7
370
     0
100
AcDbLine
 10
2.7462704466
 20
2.3864014956
 30
0.0
 11
2.6843353687
 21
2.4464014941
 31
0.0
  0
LINE
  5
219
330
1F
100
AcDbEntity
  8
0
  6
Continuous
 62
     7
370
     0
100
AcDbLine
 10
2.7462704466
 20
2.3864014956
 30
0.0
 11
2.7462704466
 21
1.9064014706
 31
0.0
  0
CIRCLE
  5
21A
330
1F
100
AcDbEntity
  8
0
  6
Continuous
 62
     7
370
     0
100
AcDbCircle
 10
2.3462704441
 20
2.1464014872
 30
0.0
 40
0.1359999999999997
  0
LINE
  5
21B
330
1F
100
AcDbEntity
  8
0
  6
Continuous
 62
     7
370
     0
100
AcDbLine
 10
2.0082055194
 20
1.8464014904
 30
0.0
 11
2.6843353687
 21
1.8464014904
 31
0.0
  0
LINE
  5
21C
330
1F
100
AcDbEntity
  8
0
  6
Continuous
 62
     7
370
     0
100
AcDbLine
 10
1.6681408912
 20
1.9064014706
 30
0.0
 11
1.9462704416
 21
1.9064014706
 31
0.0
  0
LINE
  5
21D
330
1F
100
AcDbEntity
  8
0
  6
Continuous
 62
     7
370
     0
100
AcDbLine
 10
2.0082055194
 20
1.8464014904
 30
0.0
 11
1.7262662731
 21
1.8464014904
 31
0.0
  0
LINE
  5
21E
330
1F
100
AcDbEntity
  8
0
  6
Continuous
 62
     7
370
     0
100
AcDbLine
 10
1.9462704416
 20
2.3864014956
 30
0.0
 11
1.6681408912
 21
2.3864014956
 31
0.0
  0
LINE
  5
21F
330
1F
100
AcDbEntity
  8
0
  6
Continuous
 62
     7
370
     0
100
AcDbLine
 10
3.0243999969
 20
2.3864014956
 30
0.0
 11
2.7462704466
 21
2.3864014956
 31
0.0
  0
LINE
  5
220
330
1F
100
AcDbEntity
  8
0
  6
Continuous
 62
     7
370
     0
100
AcDbLine
 10
2.6843353687
 20
2.4464014941
 30
0.0
 11
2.966274615
 21
2.4464014941
 31
0.0
  0
LINE
  5
221
330
1F
100
AcDbEntity
  8
0
  6
Continuous
 62
     7
370
     0
100
AcDbLine
 10
1.7262662731
 20
2.4464014941
 30
0.0
 11
2.0082055194
 21
2.4464014941
 31
0.0
  0
LINE
  5
222
330
1F
100
AcDbEntity
  8
0
  6
Continuous
 62
     7
370
     0
100
AcDbLine
 10
2.881270457
 20
2.4964014898
 30
0.0
 11
1.8112704311
 21
2.4964014898
 31
0.0
  0
LINE
  5
223
330
1F
100
AcDbEntity
  8
0
  6
Continuous
 62
     7
370
     0
100
AcDbLine
 10
2.881270457
 20
2.5717604643
 30
0.0
 11
1.8112704311
 21
2.5717604643
 31
0.0
  0
LINE
  5
224
330
1F
100
AcDbEntity
  8
0
  6
Continuous
 62
     7
370
     0
100
AcDbLine
 10
1.8312704367
 20
2.6064014841
 30
0.0
 11
2.8612704514
 21
2.6064014841
 31
0.0
  0
LINE
  5
225
330
1F
100
AcDbEntity
  8
0
  6
Continuous
 62
     7
370
     0
100
AcDbLine
 10
3.0243999969
 20
1.9064014706
 30
0.0
 11
3.0462704576
 21
1.9064014706
 31
0.0
  0
LINE
  5
226
330
1F
100
AcDbEntity
  8
0
  6
Continuous
 62
     7
370
     0
100
AcDbLine
 10
1.6462704305
 20
1.9064014706
 30
0.0
 11
1.6681408912
 21
1.9064014706
 31
0.0
  0
LINE
  5
227
330
1F
100
AcDbEntity
  8
0
  6
Continuous
 62
     7
370
     0
100
AcDbLine
 10
1.7262662731
 20
1.8464014904
 30
0.0
 11
1.7062704107
 21
1.8464014904
 31
0.0
  0
LINE
  5
228
330
1F
100
AcDbEntity
  8
0
  6
Continuous
 62
     7
370
     0
100
AcDbLine
 10
2.9862704774
 20
1.8464014904
 30
0.0
 11
2.966274615
 21
1.8464014904
 31
0.0
  0
LINE
  5
229
330
1F
100
AcDbEntity
  8
0
  6
Continuous
 62
     7
370
     0
100
AcDbLine
 10
1.6681408912
 20
2.3864014956
 30
0.0
 11
1.6462704305
 21
2.3864014956
 31
0.0
  0
LINE
  5
22A
330
1F
100
AcDbEntity
  8
0
  6
Continuous
 62
     7
370
     0
100
AcDbLine
 10
3.0462704576
 20
2.3864014956
 30
0.0
 11
3.0243999969
 21
2.3864014956
 31
0.0
  0
LINE
  5
22B
330
1F
100
AcDbEntity
  8
0
  6
Continuous
 62
     7
370
     0
100
AcDbLine
 10
2.966274615
 20
2.4464014941
 30
0.0
 11
2.9862704774
 21
2.4464014941
 31
0.0
  0
LINE
  5
22C
330
1F
100
AcDbEntity
  8
0
  6
Continuous
 62
     7
370
     0
100
AcDbLine
 10
1.7062704107
 20
2.4464014941
 30
0.0
 11
1.7262662731
 21
2.4464014941
 31
0.0
  0
DIMENSION
  5
22D
330
1F
100
AcDbEntity
  8
0
  6
Continuous
 62
     7
370
     0
100
AcDbDimension
  2
_D_4
 10
2.3462704441
 20
1.4527006998
 30
0.0
 11
1.3685940943
 21
1.4527006998
 31
0.0
 70
   160
  1
<>
 71
     3
 42
-1.0
  3
SLDDIMSTYLE3
100
AcDbAlignedDimension
 13
1.9462704441
 23
1.9064014872
 33
0.0
 14
2.3462704441
 24
2.0464014872
 34
0.0
100
AcDbRotatedDimension
  0
DIMENSION
  5
240
330
1F
100
AcDbEntity
  8
0
  6
Continuous
 62
     7
370
     0
100
AcDbDimension
  2
_D_5
 10
1.2525696567
 20
2.1464014872
 30
0.0
 11
1.2525696567
 21
1.9964014872
 31
0.0
 70
   160
  1
<>
 71
     2
 42
-1.0
  3
SLDDIMSTYLE4
100
AcDbAlignedDimension
 13
1.7262662862
 23
1.8464014872
 33
0.0
 14
2.2462704441
 24
2.1464014872
 34
0.0
 50
90.0
100
AcDbRotatedDimension
  0
DIMENSION
  5
253
330
1F
100
AcDbEntity
  8
0
  6
Continuous
 62
     7
370
     0
100
AcDbDimension
  2
_D_6
 10
2.2783133978
 20
2.0285972434
 30
0.0
 11
3.607716463
 21
2.9490761563
 31
0.0
 70
   163
  1
8-32 MOUNTING HOLE\P0.25in [6.5mm] DEEP
 71
     1
 42
-1.0
  3
SLDDIMSTYLE5
100
AcDbDiametricDimension
 15
2.4142274903
 25
2.2642057311
 35
0.0
 40
0.0
  0
DIMENSION
  5
25D
330
1F
100
AcDbEntity
  8
0
  6
Continuous
 62
     7
370
     0
100
AcDbDimension
  2
_D_7
 10
2.7462704441
 20
0.9802597549
 30
0.0
 11
2.3462704441
 21
0.9802597549
 31
0.0
 70
   160
  1
<>
 71
     2
 42
-1.0
  3
SLDDIMSTYLE3
100
AcDbAlignedDimension
 13
1.9462704441
 23
1.9064014872
 33
0.0
 14
2.7462704441
 24
1.9064014872
 34
0.0
 50
0.0
100
AcDbRotatedDimension
  0
INSERT
  5
276
330
1F
100
AcDbEntity
  8
0
  6
Continuous
 62
     7
370
     0
100
AcDbBlockReference
  2
SW_CENTERMARKSYMBOL_1
 10
2.3462704441
 20
2.1464014872
 30
0.0
  0
LINE
  5
277
330
1F
100
AcDbEntity
  8
0
  6
Continuous
 62
     7
370
     0
100
AcDbLine
 10
5.9898857703
 20
5.4354480442
 30
0.0
 11
5.9298857901
 21
5.4954480244
 31
0.0
  0
LINE
  5
278
330
1F
100
AcDbEntity
  8
0
  6
Continuous
 62
     7
370
     0
100
AcDbLine
 10
5.9298857901
 20
5.4954480244
 30
0.0
 11
5.4498857651
 21
5.4954480244
 31
0.0
  0
LINE
  5
279
330
1F
100
AcDbEntity
  8
0
  6
Continuous
 62
     7
370
     0
100
AcDbLine
 10
5.4498857651
 20
5.4954480244
 30
0.0
 11
5.3898857665
 21
5.4354480442
 31
0.0
  0
LINE
  5
27A
330
1F
100
AcDbEntity
  8
0
  6
Continuous
 62
     7
370
     0
100
AcDbLine
 10
5.2645267964
 20
4.2604479979
 30
0.0
 11
5.3398857708
 21
4.2604479979
 31
0.0
  0
LINE
  5
27B
330
1F
100
AcDbEntity
  8
0
  6
Continuous
 62
     7
370
     0
100
AcDbLine
 10
5.3398857708
 20
5.3304480239
 30
0.0
 11
5.2645267964
 21
5.3304480239
 31
0.0
  0
LINE
  5
27C
330
1F
100
AcDbEntity
  8
0
  6
Continuous
 62
     7
370
     0
100
AcDbLine
 10
5.2645267964
 20
5.3304480239
 30
0.0
 11
5.2298857765
 21
5.3104480182
 31
0.0
  0
LINE
  5
27D
330
1F
100
AcDbEntity
  8
0
  6
Continuous
 62
     7
370
     0
100
AcDbLine
 10
5.2298857765
 20
4.2804480035
 30
0.0
 11
5.2645267964
 21
4.2604479979
 31
0.0
  0
LINE
  5
27E
330
1F
100
AcDbEntity
  8
0
  6
Continuous
 62
     7
370
     0
100
AcDbLine
 10
5.3898857665
 20
5.3154480105
 30
0.0
 11
5.3398857708
 21
5.3154480105
 31
0.0
  0
LINE
  5
27F
330
1F
100
AcDbEntity
  8
0
  6
Continuous
 62
     7
370
     0
100
AcDbLine
 10
5.3398857708
 20
4.2754480113
 30
0.0
 11
5.3898857665
 21
4.2754480113
 31
0.0
  0
LINE
  5
280
330
1F
100
AcDbEntity
  8
0
  6
Continuous
 62
     7
370
     0
100
AcDbLine
 10
5.3898607785
 20
4.0158347304
 30
0.0
 11
5.3898857665
 21
4.0158347304
 31
0.0
  0
LINE
  5
281
330
1F
100
AcDbEntity
  8
0
  6
Continuous
 62
     7
370
     0
100
AcDbLine
 10
5.3898857665
 20
4.0726008946
 30
0.0
 11
5.3898607785
 21
4.0726008946
 31
0.0
  0
LINE
  5
282
330
1F
100
AcDbEntity
  8
0
  6
Continuous
 62
     7
370
     0
100
AcDbLine
 10
5.3898857665
 20
4.0993274325
 30
0.0
 11
5.3898607785
 21
4.0993274325
 31
0.0
  0
LINE
  5
283
330
1F
100
AcDbEntity
  8
0
  6
Continuous
 62
     7
370
     0
100
AcDbLine
 10
5.9898857703
 20
5.4354480442
 30
0.0
 11
5.9898857703
 21
4.6367191662
 31
0.0
  0
LINE
  5
284
330
1F
100
AcDbEntity
  8
0
  6
Continuous
 62
     7
370
     0
100
AcDbLine
 10
5.9298857901
 20
4.6218383364
 30
0.0
 11
5.9298857901
 21
5.4954480244
 31
0.0
  0
LINE
  5
285
330
1F
100
AcDbEntity
  8
0
  6
Continuous
 62
     7
370
     0
100
AcDbLine
 10
5.4498857651
 20
5.4954480244
 30
0.0
 11
5.4498857651
 21
4.6218383364
 31
0.0
  0
LINE
  5
286
330
1F
100
AcDbEntity
  8
0
  6
Continuous
 62
     7
370
     0
100
AcDbLine
 10
5.3898857665
 20
4.6367191662
 30
0.0
 11
5.3898857665
 21
5.4354480442
 31
0.0
  0
LINE
  5
287
330
1F
100
AcDbEntity
  8
0
  6
Continuous
 62
     7
370
     0
100
AcDbLine
 10
5.9298857901
 20
3.5354480598
 30
0.0
 11
5.9298857901
 21
4.6218383364
 31
0.0
  0
LINE
  5
288
330
1F
100
AcDbEntity
  8
0
  6
Continuous
 62
     7
370
     0
100
AcDbLine
 10
5.9898857703
 20
4.6367191662
 30
0.0
 11
5.9898857703
 21
3.5354480598
 31
0.0
  0
LINE
  5
289
330
1F
100
AcDbEntity
  8
0
  6
Continuous
 62
     7
370
     0
100
AcDbLine
 10
5.9898857703
 20
3.5354480598
 30
0.0
 11
5.9298857901
 21
3.5354480598
 31
0.0
  0
LINE
  5
28A
330
1F
100
AcDbEntity
  8
0
  6
Continuous
 62
     7
370
     0
100
AcDbLine
 10
5.4498857651
 20
4.6218383364
 30
0.0
 11
5.4498857651
 21
3.5354480598
 31
0.0
  0
LINE
  5
28B
330
1F
100
AcDbEntity
  8
0
  6
Continuous
 62
     7
370
     0
100
AcDbLine
 10
5.4498857651
 20
3.5354480598
 30
0.0
 11
5.9298857901
 21
3.5354480598
 31
0.0
  0
LINE
  5
28C
330
1F
100
AcDbEntity
  8
0
  6
Continuous
 62
     7
370
     0
100
AcDbLine
 10
5.3898857665
 20
3.5354480598
 30
0.0
 11
5.3898857665
 21
4.6367191662
 31
0.0
  0
LINE
  5
28D
330
1F
100
AcDbEntity
  8
0
  6
Continuous
 62
     7
370
     0
100
AcDbLine
 10
5.4498857651
 20
3.5354480598
 30
0.0
 11
5.3898857665
 21
3.5354480598
 31
0.0
  0
LINE
  5
28E
330
1F
100
AcDbEntity
  8
0
  6
Continuous
 62
     7
370
     0
100
AcDbLine
 10
5.3398857708
 20
5.3304480239
 30
0.0
 11
5.3398857708
 21
4.2604479979
 31
0.0
  0
LINE
  5
28F
330
1F
100
AcDbEntity
  8
0
  6
Continuous
 62
     7
370
     0
100
AcDbLine
 10
5.2645267964
 20
4.7954480109
 30
0.0
 11
5.2645267964
 21
4.2604479979
 31
0.0
  0
LINE
  5
290
330
1F
100
AcDbEntity
  8
0
  6
Continuous
 62
     7
370
     0
100
AcDbLine
 10
5.2645267964
 20
5.3304480239
 30
0.0
 11
5.2645267964
 21
4.7954480109
 31
0.0
  0
LINE
  5
291
330
1F
100
AcDbEntity
  8
0
  6
Continuous
 62
     7
370
     0
100
AcDbLine
 10
5.2298857765
 20
4.7954480109
 30
0.0
 11
5.2298857765
 21
5.3104480182
 31
0.0
  0
LINE
  5
292
330
1F
100
AcDbEntity
  8
0
  6
Continuous
 62
     7
370
     0
100
AcDbLine
 10
5.2298857765
 20
4.2804480035
 30
0.0
 11
5.2298857765
 21
4.7954480109
 31
0.0
  0
DIMENSION
  5
293
330
1F
100
AcDbEntity
  8
0
  6
Continuous
 62
     7
370
     0
100
AcDbDimension
  2
_D_8
 10
5.3898857734
 20
3.1417472235
 30
0.0
 11
5.6898857734
 21
3.1417472235
 31
0.0
 70
   160
  1
<>
 71
     2
 42
-1.0
  3
SLDDIMSTYLE3
100
AcDbAlignedDimension
 13
5.9898857734
 23
3.5354480109
 33
0.0
 14
5.3898857734
 24
3.5354480109
 34
0.0
100
AcDbRotatedDimension
  0
DIMENSION
  5
2A5
330
1F
100
AcDbEntity
  8
0
  6
Continuous
 62
     7
370
     0
100
AcDbDimension
  2
_D_9
 10
5.2298857734
 20
2.6693062786
 30
0.0
 11
5.6098857734
 21
2.6693062786
 31
0.0
 70
   160
  1
<>
 71
     2
 42
-1.0
  3
SLDDIMSTYLE4
100
AcDbAlignedDimension
 13
5.9898857734
 23
3.5354480109
 33
0.0
 14
5.2298857734
 24
4.2804480109
 34
0.0
100
AcDbRotatedDimension
  0
INSERT
  5
2BF
102
{ACAD_REACTORS
330
2C1
102
}
330
1F
100
AcDbEntity
  8
0
  6
Continuous
 62
     8
370
     0
100
AcDbBlockReference
  2
SW_NOTE_4
 10
4.8960988689
 20
4.0361411658
 30
0.0
  0
LEADER
  5
2C1
330
1F
100
AcDbEntity
  8
0
  6
Continuous
 62
     8
370
     0
100
AcDbLeader
  3
SLDDIMSTYLE6
 73
     2
 76
     3
 10
5.2853836868
 20
4.2604480109
 30
0.0
 10
5.056477827
 20
4.0361411658
 30
0.0
 10
4.8960988689
 20
4.0361411658
 30
0.0
340
2BF
  0
ARC
  5
2C2
330
1F
100
AcDbEntity
  8
0
  6
Continuous
 62
     7
370
     0
100
AcDbCircle
 10
9.7212799956
 20
4.7954480109
 30
0.0
 40
0.64
100
AcDbArc
 50
345.639989201
 51
194.360010799
  0
ARC
  5
2C3
330
1F
100
AcDbEntity
  8
0
  6
Continuous
 62
     7
370
     0
100
AcDbCircle
 10
9.7212799956
 20
4.7954480109
 30
0.0
 40
0.7
100
AcDbArc
 50
345.639989201
 51
194.360010799
  0
LINE
  5
2C4
330
1F
100
AcDbEntity
  8
0
  6
Continuous
 62
     7
370
     0
100
AcDbLine
 10
10.0593449203
 20
3.5354480598
 30
0.0
 11
10.3412841666
 21
4.6367191662
 31
0.0
  0
LINE
  5
2C5
330
1F
100
AcDbEntity
  8
0
  6
Continuous
 62
     7
370
     0
100
AcDbLine
 10
10.3994095485
 20
4.6218383364
 30
0.0
 11
10.1212799981
 21
3.5354480598
 31
0.0
  0
LINE
  5
2C6
330
1F
100
AcDbEntity
  8
0
  6
Continuous
 62
     7
370
     0
100
AcDbLine
 10
10.1212799981
 20
3.5354480598
 30
0.0
 11
10.0593449203
 21
3.5354480598
 31
0.0
  0
LINE
  5
2C7
330
1F
100
AcDbEntity
  8
0
  6
Continuous
 62
     7
370
     0
100
AcDbLine
 10
10.0593449203
 20
3.5354480598
 30
0.0
 11
9.383215071
 21
3.5354480598
 31
0.0
  0
LINE
  5
2C8
330
1F
100
AcDbEntity
  8
0
  6
Continuous
 62
     7
370
     0
100
AcDbLine
 10
9.1012758246
 20
4.6367191662
 30
0.0
 11
9.383215071
 21
3.5354480598
 31
0.0
  0
CIRCLE
  5
2C9
330
1F
100
AcDbEntity
  8
0
  6
Continuous
 62
     7
370
     0
100
AcDbCircle
 10
9.7212799956
 20
4.7954480109
 30
0.0
 40
0.5549999999999997
  0
ARC
  5
2CA
330
1F
100
AcDbEntity
  8
0
  6
Continuous
 62
     7
370
     0
100
AcDbCircle
 10
9.7212799956
 20
4.7954480109
 30
0.0
 40
0.5350000000000001
100
AcDbArc
 50
180.0
 51
185.0399580542
  0
ARC
  5
2CB
330
1F
100
AcDbEntity
  8
0
  6
Continuous
 62
     7
370
     0
100
AcDbCircle
 10
9.7212799956
 20
4.7954480109
 30
0.0
 40
0.535000000000001
100
AcDbArc
 50
354.9600419458
 51
5.0399580542
  0
ARC
  5
2CC
330
1F
100
AcDbEntity
  8
0
  6
Continuous
 62
     7
370
     0
100
AcDbCircle
 10
9.7212799956
 20
4.7954480109
 30
0.0
 40
0.5350000000000001
100
AcDbArc
 50
174.9597343602
 51
180.0
  0
LINE
  5
2CD
330
1F
100
AcDbEntity
  8
0
  6
Continuous
 62
     7
370
     0
100
AcDbLine
 10
9.3212799931
 20
3.5354480598
 30
0.0
 11
9.0431504428
 21
4.6218383364
 31
0.0
  0
LINE
  5
2CE
330
1F
100
AcDbEntity
  8
0
  6
Continuous
 62
     7
370
     0
100
AcDbLine
 10
9.383215071
 20
3.5354480598
 30
0.0
 11
9.3212799931
 21
3.5354480598
 31
0.0
  0
ARC
  5
2CF
330
1F
100
AcDbEntity
  8
0
  6
Continuous
 62
     7
370
     0
100
AcDbCircle
 10
9.7212799956
 20
4.7954480109
 30
0.0
 40
0.5234529946162085
100
AcDbArc
 50
5.1514332649
 51
174.8485667351
  0
LINE
  5
2D0
330
1F
100
AcDbEntity
  8
0
  6
Continuous
 62
     7
370
     0
100
AcDbLine
 10
9.1883484721
 20
4.8424480113
 30
0.0
 11
9.1999413115
 21
4.8424480113
 31
0.0
  0
ARC
  5
2D1
330
1F
100
AcDbEntity
  8
0
  6
Continuous
 62
     7
370
     0
100
AcDbCircle
 10
9.7212799956
 20
4.7954480109
 30
0.0
 40
0.5350000000000009
100
AcDbArc
 50
5.0399580542
 51
174.9600419458
  0
LINE
  5
2D2
330
1F
100
AcDbEntity
  8
0
  6
Continuous
 62
     7
370
     0
100
AcDbLine
 10
10.2426186798
 20
4.8424480113
 30
0.0
 11
10.2542115192
 21
4.8424480113
 31
0.0
  0
ARC
  5
2D3
330
1F
100
AcDbEntity
  8
0
  6
Continuous
 62
     7
370
     0
100
AcDbCircle
 10
9.7212799956
 20
4.7954480109
 30
0.0
 40
0.535000000000001
100
AcDbArc
 50
185.0399580542
 51
354.9600419458
  0
LINE
  5
2D4
330
1F
100
AcDbEntity
  8
0
  6
Continuous
 62
     7
370
     0
100
AcDbLine
 10
9.1999413115
 20
4.7484480105
 30
0.0
 11
9.1883484721
 21
4.7484480105
 31
0.0
  0
ARC
  5
2D5
330
1F
100
AcDbEntity
  8
0
  6
Continuous
 62
     7
370
     0
100
AcDbCircle
 10
9.7212799956
 20
4.7954480109
 30
0.0
 40
0.5234529946162086
100
AcDbArc
 50
185.1514332649
 51
354.8485667351
  0
LINE
  5
2D6
330
1F
100
AcDbEntity
  8
0
  6
Continuous
 62
     7
370
     0
100
AcDbLine
 10
10.2542115192
 20
4.7484480105
 30
0.0
 11
10.2426186798
 21
4.7484480105
 31
0.0
  0
LINE
  5
2D7
330
1F
100
AcDbEntity
  8
0
  6
Continuous
 62
     7
370
     0
100
AcDbLine
 10
9.1999413115
 20
4.7484480105
 30
0.0
 11
9.2837974128
 21
4.7484480105
 31
0.0
  0
ARC
  5
2D8
330
1F
100
AcDbEntity
  8
0
  6
Continuous
 62
     7
370
     0
100
AcDbCircle
 10
9.7212799956
 20
4.7954480109
 30
0.0
 40
0.4400000000000001
100
AcDbArc
 50
186.1319299281
 51
353.8680700719
  0
LINE
  5
2D9
330
1F
100
AcDbEntity
  8
0
  6
Continuous
 62
     7
370
     0
100
AcDbLine
 10
10.1587625785
 20
4.7484480105
 30
0.0
 11
10.2426186798
 21
4.7484480105
 31
0.0
  0
ARC
  5
2DA
330
1F
100
AcDbEntity
  8
0
  6
Continuous
 62
     7
370
     0
100
AcDbCircle
 10
9.7212799956
 20
4.7954480109
 30
0.0
 40
0.44
100
AcDbArc
 50
6.1319299281
 51
173.8680700719
  0
LINE
  5
2DB
330
1F
100
AcDbEntity
  8
0
  6
Continuous
 62
     7
370
     0
100
AcDbLine
 10
9.2837974128
 20
4.8424480113
 30
0.0
 11
9.1999413115
 21
4.8424480113
 31
0.0
  0
LINE
  5
2DC
330
1F
100
AcDbEntity
  8
0
  6
Continuous
 62
     7
370
     0
100
AcDbLine
 10
10.2426186798
 20
4.8424480113
 30
0.0
 11
10.1587625785
 21
4.8424480113
 31
0.0
  0
ARC
  5
2DD
330
1F
100
AcDbEntity
  8
0
  6
Continuous
 62
     7
370
     0
100
AcDbCircle
 10
9.7212799956
 20
4.7954480109
 30
0.0
 40
0.4299999999999998
100
AcDbArc
 50
6.2750992699
 51
173.7249007301
  0
LINE
  5
2DE
330
1F
100
AcDbEntity
  8
0
  6
Continuous
 62
     7
370
     0
100
AcDbLine
 10
9.2837974128
 20
4.8424480113
 30
0.0
 11
9.2938563199
 21
4.8424480113
 31
0.0
  0
LINE
  5
2DF
330
1F
100
AcDbEntity
  8
0
  6
Continuous
 62
     7
370
     0
100
AcDbLine
 10
10.1487036713
 20
4.8424480113
 30
0.0
 11
10.1587625785
 21
4.8424480113
 31
0.0
  0
LINE
  5
2E0
330
1F
100
AcDbEntity
  8
0
  6
Continuous
 62
     7
370
     0
100
AcDbLine
 10
9.2938563199
 20
4.7484480105
 30
0.0
 11
9.2837974128
 21
4.7484480105
 31
0.0
  0
ARC
  5
2E1
330
1F
100
AcDbEntity
  8
0
  6
Continuous
 62
     7
370
     0
100
AcDbCircle
 10
9.7212799956
 20
4.7954480109
 30
0.0
 40
0.4299999999999999
100
AcDbArc
 50
186.2750992699
 51
353.7249007301
  0
LINE
  5
2E2
330
1F
100
AcDbEntity
  8
0
  6
Continuous
 62
     7
370
     0
100
AcDbLine
 10
10.1587625785
 20
4.7484480105
 30
0.0
 11
10.1487036713
 21
4.7484480105
 31
0.0
  0
ARC
  5
2E3
330
1F
100
AcDbEntity
  8
0
  6
Continuous
 62
     7
370
     0
100
AcDbCircle
 10
9.7212799956
 20
4.7954480109
 30
0.0
 40
0.4299999999999999
100
AcDbArc
 50
353.7249007301
 51
6.2750992699
  0
ARC
  5
2E4
330
1F
100
AcDbEntity
  8
0
  6
Continuous
 62
     7
370
     0
100
AcDbCircle
 10
9.7212799956
 20
4.7954480109
 30
0.0
 40
0.4299999999999999
100
AcDbArc
 50
173.7249007301
 51
186.2750992699
  0
DIMENSION
  5
2E5
330
1F
100
AcDbEntity
  8
0
  6
Continuous
 62
     7
370
     0
100
AcDbDimension
  2
_D_10
 10
10.0994835983
 20
5.1738486384
 30
0.0
 11
7.692367219
 21
3.9258577762
 31
0.0
 70
   163
  1
SM05 (<>-40) SERIES\PINTERNAL THREAD\P0.28in [7.0mm] THICK\PSM05RR RETAINING RING INCLUDED
 71
     1
 42
-1.0
  3
SLDDIMSTYLE7
100
AcDbDiametricDimension
 15
9.3430763929
 25
4.4170473834
 35
0.0
 40
0.0
  0
INSERT
  5
2FA
102
{ACAD_REACTORS
330
2FB
102
}
330
1F
100
AcDbEntity
  8
0
  6
Continuous
 62
     8
370
     0
100
AcDbBlockReference
  2
SW_NOTE_5
 10
8.7056496535
 20
5.2296599576
 30
0.0
  0
LEADER
  5
2FB
330
1F
100
AcDbEntity
  8
0
  6
Continuous
 62
     8
370
     0
100
AcDbLeader
  3
SLDDIMSTYLE6
 73
     2
 76
     3
 10
9.2401176329
 20
4.8424480109
 30
0.0
 10
8.8468668758
 20
5.2296599576
 30
0.0
 10
8.7056496535
 20
5.2296599576
 30
0.0
340
2FA
  0
INSERT
  5
303
330
1F
100
AcDbEntity
  8
0
  6
Continuous
 62
     7
370
     0
100
AcDbBlockReference
  2
SW_CENTERMARKSYMBOL_2
 10
9.7212799956
 20
4.7954480109
 30
0.0
  0
LINE
  5
304
330
1F
100
AcDbEntity
  8
0
  6
Continuous
 62
     7
370
     0
100
AcDbLine
 10
9.1777550978
 20
7.5676633729
 30
0.0
 11
9.1777550978
 21
7.5404524338
 31
0.0
  0
LINE
  5
305
330
1F
100
AcDbEntity
  8
0
  6
Continuous
 62
     7
370
     0
100
AcDbLine
 10
9.6621695432
 20
8.0840926843
 30
0.0
 11
9.3227582882
 21
7.8881547375
 31
0.0
  0
LINE
  5
306
330
1F
100
AcDbEntity
  8
0
  6
Continuous
 62
     7
370
     0
100
AcDbLine
 10
9.1882679233
 20
7.5661616949
 30
0.0
 11
9.1769839913
 21
7.5385666822
 31
0.0
  0
LINE
  5
307
330
1F
100
AcDbEntity
  8
0
  6
Continuous
 62
     7
370
     0
100
AcDbLine
 10
9.6470666734
 20
6.7242713625
 30
0.0
 11
9.6766062435
 21
6.720243256
 31
0.0
  0
LINE
  5
308
330
1F
100
AcDbEntity
  8
0
  6
Continuous
 62
     7
370
     0
100
AcDbLine
 10
9.8091395112
 20
6.7429201034
 30
0.0
 11
9.8624263597
 21
6.7736819463
 31
0.0
  0
LINE
  5
309
330
1F
100
AcDbEntity
  8
0
  6
Continuous
 62
     7
370
     0
100
AcDbLine
 10
9.3274698377
 20
7.700354229
 30
0.0
 11
9.2741829892
 21
7.6695923862
 31
0.0
  0
LINE
  5
30A
330
1F
100
AcDbEntity
  8
0
  6
Continuous
 62
     7
370
     0
100
AcDbLine
 10
10.5071158464
 20
7.1921156415
 30
0.0
 11
10.5071158464
 21
7.2411001282
 31
0.0
  0
LINE
  5
30B
330
1F
100
AcDbEntity
  8
0
  6
Continuous
 62
     7
370
     0
100
AcDbLine
 10
10.0546410583
 20
8.0248943761
 30
0.0
 11
10.0122215469
 21
8.0493906002
 31
0.0
  0
LINE
  5
30C
330
1F
100
AcDbEntity
  8
0
  6
Continuous
 62
     7
370
     0
100
AcDbLine
 10
9.8528565612
 20
6.5523759397
 30
0.0
 11
9.8526797845
 21
6.5522738886
 31
0.0
  0
LINE
  5
30D
330
1F
100
AcDbEntity
  8
0
  6
Continuous
 62
     7
370
     0
100
AcDbLine
 10
9.8714741893
 20
6.5266328917
 30
0.0
 11
9.8713327679
 21
6.5265512509
 31
0.0
  0
LINE
  5
30E
330
1F
100
AcDbEntity
  8
0
  6
Continuous
 62
     7
370
     0
100
AcDbLine
 10
9.904558599
 20
6.4498579144
 30
0.0
 11
9.9047353757
 21
6.4499599654
 31
0.0
  0
LINE
  5
30F
330
1F
100
AcDbEntity
  8
0
  6
Continuous
 62
     7
370
     0
100
AcDbLine
 10
9.885007707
 20
6.4752577831
 30
0.0
 11
9.8851491283
 21
6.4753394239
 31
0.0
  0
LINE
  5
310
330
1F
100
AcDbEntity
  8
0
  6
Continuous
 62
     7
370
     0
100
AcDbLine
 10
9.8375783256
 20
6.533717834
 30
0.0
 11
9.837719747
 21
6.5337994748
 31
0.0
  0
LINE
  5
311
330
1F
100
AcDbEntity
  8
0
  6
Continuous
 62
     7
370
     0
100
AcDbLine
 10
9.8186148283
 20
6.5487173281
 30
0.0
 11
9.8187562496
 21
6.5487989689
 31
0.0
  0
LINE
  5
312
330
1F
100
AcDbEntity
  8
0
  6
Continuous
 62
     7
370
     0
100
AcDbLine
 10
9.8395254337
 20
6.4884068889
 30
0.0
 11
9.8397022104
 21
6.48850894
 31
0.0
  0
LINE
  5
313
330
1F
100
AcDbEntity
  8
0
  6
Continuous
 62
     7
370
     0
100
AcDbLine
 10
9.8217795664
 20
6.5122427136
 30
0.0
 11
9.8219209877
 21
6.5123243544
 31
0.0
  0
LINE
  5
314
330
1F
100
AcDbEntity
  8
0
  6
Continuous
 62
     7
370
     0
100
AcDbLine
 10
9.77916939
 20
6.4403964711
 30
0.0
 11
9.7789926133
 21
6.4402944201
 31
0.0
  0
LINE
  5
315
330
1F
100
AcDbEntity
  8
0
  6
Continuous
 62
     7
370
     0
100
AcDbLine
 10
9.8079933301
 20
6.3674362059
 30
0.0
 11
9.8081701068
 21
6.3675382569
 31
0.0
  0
LINE
  5
316
330
1F
100
AcDbEntity
  8
0
  6
Continuous
 62
     7
370
     0
100
AcDbLine
 10
9.622017747
 20
6.6593225067
 30
0.0
 11
9.6221591684
 21
6.6594041475
 31
0.0
  0
LINE
  5
317
330
1F
100
AcDbEntity
  8
0
  6
Continuous
 62
     7
370
     0
100
AcDbLine
 10
9.6584655565
 20
6.5117619817
 30
0.0
 11
9.6583241351
 21
6.5116803409
 31
0.0
  0
LINE
  5
318
330
1F
100
AcDbEntity
  8
0
  6
Continuous
 62
     7
370
     0
100
AcDbLine
 10
9.518629076
 20
6.73301178
 30
0.0
 11
9.5184522993
 21
6.732909729
 31
0.0
  0
LINE
  5
319
330
1F
100
AcDbEntity
  8
0
  6
Continuous
 62
     7
370
     0
100
AcDbLine
 10
9.5443355993
 20
6.6713809391
 30
0.0
 11
9.544512376
 21
6.6714829902
 31
0.0
  0
LINE
  5
31A
330
1F
100
AcDbEntity
  8
0
  6
Continuous
 62
     7
370
     0
100
AcDbLine
 10
9.6766160828
 20
6.4415139131
 30
0.0
 11
9.6767575042
 21
6.4415955539
 31
0.0
  0
LWPOLYLINE
  5
31B
330
1F
100
AcDbEntity
  8
0
  6
Continuous
 62
     7
370
     0
100
AcDbPolyline
 90
      132
 70
   128
 43
0.0
 10
9.1777550978
 20
7.5676633729
 10
9.177787522
 20
7.574186906
 10
9.1781059452
 20
7.5889778245
 10
9.1787640746
 20
7.6035578569
 10
9.1797614583
 20
7.6179169897
 10
9.1810974113
 20
7.6320453611
 10
9.1827710161
 20
7.6459332678
 10
9.1847811232
 20
7.6595711715
 10
9.1871263521
 20
7.6729497059
 10
9.1898050921
 20
7.6860596825
 10
9.1928155035
 20
7.6988920975
 10
9.1961555186
 20
7.7114381376
 10
9.1998228437
 20
7.7236891862
 10
9.20381496
 20
7.7356368293
 10
9.2081291257
 20
7.7472728614
 10
9.2127623779
 20
7.7585892909
 10
9.2177115344
 20
7.7695783455
 10
9.2229731962
 20
7.7802324782
 10
9.2285437496
 20
7.7905443716
 10
9.2344193687
 20
7.8005069437
 10
9.2405960183
 20
7.810113352
 10
9.2470694561
 20
7.819356999
 10
9.2538352363
 20
7.8282315362
 10
9.2608887121
 20
7.8367308685
 10
9.2682250392
 20
7.8448491586
 10
9.2758391792
 20
7.8525808309
 10
9.2837259024
 20
7.8599205754
 10
9.2918797925
 20
7.8668633511
 10
9.3002952494
 20
7.8734043897
 10
9.3089664932
 20
7.8795391988
 10
9.3178875687
 20
7.8852635652
 10
9.3270523489
 20
7.8905735573
 10
9.3364545394
 20
7.8954655281
 10
9.3460876829
 20
7.8999361181
 10
9.3559451632
 20
7.9039822566
 10
9.3660202104
 20
7.907601165
 10
9.3763059049
 20
7.9107903576
 10
9.3867951825
 20
7.9135476442
 10
9.3974808392
 20
7.9158711311
 10
9.4083555362
 20
7.9177592225
 10
9.4194118047
 20
7.9192106218
 10
9.4306420513
 20
7.9202243319
 10
9.4420385631
 20
7.9207996569
 10
9.453593513
 20
7.9209362014
 10
9.4652989652
 20
7.9206338719
 10
9.4771468803
 20
7.9198928757
 10
9.4891291212
 20
7.918713722
 10
9.5012374585
 20
7.9170972206
 10
9.5134635764
 20
7.9150444815
 10
9.5257990779
 20
7.9125569148
 10
9.538235491
 20
7.9096362287
 10
9.5507642745
 20
7.9062844293
 10
9.5633768235
 20
7.9025038186
 10
9.576064476
 20
7.8982969929
 10
9.5888185179
 20
7.8936668417
 10
9.6016301899
 20
7.8886165449
 10
9.6144906929
 20
7.8831495709
 10
9.6273911944
 20
7.8772696745
 10
9.6403228344
 20
7.8709808941
 10
9.6532767314
 20
7.8642875486
 10
9.6662439887
 20
7.8571942351
 10
9.6792157005
 20
7.8497058253
 10
9.6921829579
 20
7.8418274621
 10
9.7051368549
 20
7.8335645564
 10
9.7180684949
 20
7.8249227832
 10
9.7309689964
 20
7.8159080776
 10
9.7438294994
 20
7.8065266308
 10
9.7566411714
 20
7.7967848861
 10
9.7693952133
 20
7.7866895339
 10
9.7820828657
 20
7.7762475079
 10
9.7946954148
 20
7.7654659794
 10
9.8072241982
 20
7.7543523534
 10
9.8196606114
 20
7.7429142625
 10
9.8319961129
 20
7.7311595624
 10
9.8442222307
 20
7.7190963262
 10
9.8563305681
 20
7.7067328389
 10
9.868312809
 20
7.6940775917
 10
9.8801607241
 20
7.6811392762
 10
9.8918661763
 20
7.6679267784
 10
9.9034211262
 20
7.6544491726
 10
9.914817638
 20
7.6407157152
 10
9.9260478846
 20
7.6267358383
 10
9.9371041531
 20
7.6125191432
 10
9.9479788501
 20
7.5980753939
 10
9.9586645068
 20
7.5834145104
 10
9.9691537844
 20
7.5685465616
 10
9.9794394789
 20
7.5534817589
 10
9.989514526
 20
7.5382304487
 10
9.9993720064
 20
7.5228031056
 10
10.0090051498
 20
7.507210325
 10
10.0184073403
 20
7.491462816
 10
10.0275721205
 20
7.475571394
 10
10.036493196
 20
7.4595469731
 10
10.0451644399
 20
7.4434005589
 10
10.0535798967
 20
7.4271432407
 10
10.0617337868
 20
7.4107861839
 10
10.0696205101
 20
7.3943406225
 10
10.07723465
 20
7.3778178513
 10
10.0845709772
 20
7.3612292182
 10
10.091624453
 20
7.344586116
 10
10.0983902332
 20
7.3278999754
 10
10.104863671
 20
7.3111822561
 10
10.1110403206
 20
7.29444444
 10
10.1169159397
 20
7.2776980225
 10
10.1224864931
 20
7.260954505
 10
10.1277481549
 20
7.244225387
 10
10.1326973114
 20
7.2275221578
 10
10.1373305636
 20
7.2108562893
 10
10.1416447293
 20
7.1942392275
 10
10.1456368455
 20
7.177682385
 10
10.1493041706
 20
7.161197133
 10
10.1526441858
 20
7.1447947934
 10
10.1556545972
 20
7.1284866315
 10
10.1583333372
 20
7.1122838475
 10
10.1606785661
 20
7.0961975694
 10
10.1626886732
 20
7.0802388454
 10
10.164362278
 20
7.0644186359
 10
10.165698231
 20
7.048747806
 10
10.1666956147
 20
7.0332371184
 10
10.1673537441
 20
7.017897226
 10
10.1676721672
 20
7.002738664
 10
10.1676506654
 20
6.9877718433
 10
10.1672892533
 20
6.9730070431
 10
10.1665881792
 20
6.9584544038
 10
10.1655479246
 20
6.9441239201
 10
10.1641692039
 20
6.9300254342
 10
10.1624529641
 20
6.9161686289
 10
10.1604003838
 20
6.9025630209
 10
10.1580128727
 20
6.8892179546
 10
10.1552920707
 20
6.8761425954
 10
10.1522398463
 20
6.8633459232
 10
10.1522398463
 20
6.8633459232
  0
LWPOLYLINE
  5
31C
330
1F
100
AcDbEntity
  8
0
  6
Continuous
 62
     7
370
     0
100
AcDbPolyline
 90
      129
 70
   128
 43
0.0
 10
10.0687125821
 20
6.8747315036
 10
10.0715031873
 20
6.8864313182
 10
10.0739907778
 20
6.8983859324
 10
10.076173645
 20
6.9105871358
 10
10.0780502898
 20
6.9230265488
 10
10.0796194234
 20
6.935695628
 10
10.080879968
 20
6.9485856722
 10
10.0818310579
 20
6.9616878287
 10
10.0824720399
 20
6.9749930989
 10
10.0828024738
 20
6.9884923448
 10
10.0828221327
 20
7.0021762952
 10
10.082531003
 20
7.0160355518
 10
10.0819292847
 20
7.0300605964
 10
10.081017391
 20
7.0442417964
 10
10.0797959482
 20
7.0585694123
 10
10.0782657953
 20
7.0730336039
 10
10.0764279831
 20
7.0876244373
 10
10.0742837738
 20
7.1023318915
 10
10.0718346401
 20
7.1171458655
 10
10.069082264
 20
7.132056185
 10
10.0660285358
 20
7.1470526097
 10
10.0626755529
 20
7.1621248401
 10
10.059025618
 20
7.1772625247
 10
10.0550812379
 20
7.1924552669
 10
10.0508451217
 20
7.2076926324
 10
10.0463201786
 20
7.2229641562
 10
10.0415095164
 20
7.2382593499
 10
10.036416439
 20
7.2535677087
 10
10.0310444443
 20
7.268878719
 10
10.0253972219
 20
7.2841818651
 10
10.0194786501
 20
7.299466637
 10
10.013292794
 20
7.3147225371
 10
10.0068439018
 20
7.3299390876
 10
10.0001364027
 20
7.3451058379
 10
9.9931749033
 20
7.3602123715
 10
9.9859641849
 20
7.3752483134
 10
9.9785091997
 20
7.3902033367
 10
9.9708150677
 20
7.4050671705
 10
9.9628870733
 20
7.4198296064
 10
9.9547306614
 20
7.4344805055
 10
9.9463514338
 20
7.4490098056
 10
9.9377551454
 20
7.4634075281
 10
9.9289476999
 20
7.4776637847
 10
9.9199351465
 20
7.4917687841
 10
9.9107236748
 20
7.5057128391
 10
9.9013196113
 20
7.519486373
 10
9.8917294146
 20
7.5330799262
 10
9.8819596713
 20
7.5464841626
 10
9.8720170912
 20
7.5596898762
 10
9.8619085029
 20
7.5726879974
 10
9.8516408488
 20
7.5854695992
 10
9.8412211809
 20
7.5980259031
 10
9.8306566552
 20
7.6103482855
 10
9.8199545276
 20
7.6224282835
 10
9.8091221481
 20
7.6342576005
 10
9.7981669564
 20
7.6458281122
 10
9.7870964765
 20
7.657131872
 10
9.7759183116
 20
7.6681611166
 10
9.7646401388
 20
7.6789082709
 10
9.7532697039
 20
7.689365954
 10
9.7418148162
 20
7.6995269836
 10
9.7302833427
 20
7.709384381
 10
9.7186832034
 20
7.7189313763
 10
9.7070223651
 20
7.7281614125
 10
9.6953088364
 20
7.7370681506
 10
9.6835506622
 20
7.7456454733
 10
9.671755918
 20
7.7538874899
 10
9.6599327043
 20
7.7617885397
 10
9.6480891413
 20
7.7693431963
 10
9.6362333632
 20
7.7765462712
 10
9.6243735124
 20
7.7833928174
 10
9.6125177342
 20
7.7898781325
 10
9.6006741712
 20
7.7959977627
 10
9.5888509575
 20
7.8017475048
 10
9.5770562133
 20
7.8071234101
 10
9.5652980391
 20
7.8121217863
 10
9.5535845104
 20
7.8167392005
 10
9.5419236721
 20
7.8209724817
 10
9.5303235328
 20
7.8248187222
 10
9.5187920593
 20
7.8282752806
 10
9.5073371716
 20
7.831339783
 10
9.4959667367
 20
7.8340101245
 10
9.484688564
 20
7.8362844712
 10
9.4735103991
 20
7.8381612612
 10
9.4624399192
 20
7.8396392054
 10
9.4514847275
 20
7.8407172888
 10
9.440652348
 20
7.8413947709
 10
9.4299502203
 20
7.8416711866
 10
9.4193856946
 20
7.8415463458
 10
9.4089660267
 20
7.8410203345
 10
9.3986983726
 20
7.8400935137
 10
9.3885897843
 20
7.8387665202
 10
9.3786472042
 20
7.8370402651
 10
9.3688774609
 20
7.8349159342
 10
9.3592872643
 20
7.8323949865
 10
9.3498832007
 20
7.8294791532
 10
9.340671729
 20
7.826170437
 10
9.3316591756
 20
7.8224711103
 10
9.3228517302
 20
7.8183837138
 10
9.3142554417
 20
7.8139110548
 10
9.3058762141
 20
7.8090562049
 10
9.2977198022
 20
7.8038224985
 10
9.2897918078
 20
7.7982135301
 10
9.2820976758
 20
7.792233152
 10
9.2746426906
 20
7.7858854714
 10
9.2674319722
 20
7.7791748478
 10
9.2604704728
 20
7.7721058903
 10
9.2537629737
 20
7.7646834536
 10
9.2473140816
 20
7.7569126355
 10
9.2411282254
 20
7.7487987729
 10
9.2352096536
 20
7.7403474385
 10
9.2295624312
 20
7.7315644366
 10
9.2241904366
 20
7.7224557993
 10
9.2190973592
 20
7.7130277825
 10
9.2142866969
 20
7.7032868612
 10
9.2097617539
 20
7.6932397255
 10
9.2055256376
 20
7.6828932757
 10
9.2015812575
 20
7.6722546178
 10
9.1979313227
 20
7.6613310583
 10
9.1945783397
 20
7.6501300996
 10
9.1915246116
 20
7.6386594344
 10
9.1887722354
 20
7.6269269407
 10
9.1863231017
 20
7.6149406763
 10
9.1841788924
 20
7.6027088735
 10
9.1823410802
 20
7.5902399329
 10
9.1808109273
 20
7.5775424183
 10
9.1795894845
 20
7.5646250501
 10
9.1786775909
 20
7.5514967001
 10
9.1781978988
 20
7.5415353098
  0
LWPOLYLINE
  5
31D
330
1F
100
AcDbEntity
  8
0
  6
Continuous
 62
     7
370
     0
100
AcDbPolyline
 90
      101
 70
   128
 43
0.0
 10
10.4916511013
 20
7.0592838701
 10
10.4947033257
 20
7.0720805422
 10
10.4974241277
 20
7.0851559015
 10
10.4998116388
 20
7.0985009678
 10
10.501864219
 20
7.1121065757
 10
10.5035804589
 20
7.1259633811
 10
10.5049591795
 20
7.140061867
 10
10.5059994341
 20
7.1543923506
 10
10.5067005082
 20
7.1689449899
 10
10.5070619203
 20
7.1837097901
 10
10.5070834222
 20
7.1986766108
 10
10.5067649991
 20
7.2138351728
 10
10.5061068697
 20
7.2291750653
 10
10.5051094859
 20
7.2446857528
 10
10.5037735329
 20
7.2603565827
 10
10.5020999282
 20
7.2761767923
 10
10.5000898211
 20
7.2921355163
 10
10.4977445922
 20
7.3082217943
 10
10.4950658521
 20
7.3244245783
 10
10.4920554408
 20
7.3407327403
 10
10.4887154256
 20
7.3571350798
 10
10.4850481005
 20
7.3736203319
 10
10.4810559842
 20
7.3901771744
 10
10.4767418185
 20
7.4067942362
 10
10.4721085664
 20
7.4234601047
 10
10.4671594099
 20
7.4401633338
 10
10.4618977481
 20
7.4568924519
 10
10.4563271947
 20
7.4736359694
 10
10.4504515755
 20
7.4903823868
 10
10.444274926
 20
7.507120203
 10
10.4378014881
 20
7.5238379222
 10
10.431035708
 20
7.5405240629
 10
10.4239822321
 20
7.557167165
 10
10.416645905
 20
7.5737557982
 10
10.4090317651
 20
7.5902785693
 10
10.4011450418
 20
7.6067241307
 10
10.3929911517
 20
7.6230811875
 10
10.3845756949
 20
7.6393385057
 10
10.375904451
 20
7.65548492
 10
10.3669833755
 20
7.6715093408
 10
10.3578185953
 20
7.6874007629
 10
10.3484164048
 20
7.7031482718
 10
10.3387832614
 20
7.7187410524
 10
10.328925781
 20
7.7341683955
 10
10.3188507338
 20
7.7494197057
 10
10.3085650394
 20
7.7644845084
 10
10.2980757618
 20
7.7793524572
 10
10.287390105
 20
7.7940133408
 10
10.2765154081
 20
7.80845709
 10
10.2654591396
 20
7.8226737851
 10
10.254228893
 20
7.8366536621
 10
10.2428323812
 20
7.8503871195
 10
10.2312774312
 20
7.8638647252
 10
10.2195719791
 20
7.877077223
 10
10.207724064
 20
7.8900155385
 10
10.1957418231
 20
7.9026707857
 10
10.1836334857
 20
7.915034273
 10
10.1714073678
 20
7.9270975092
 10
10.1590718663
 20
7.9388522093
 10
10.1466354532
 20
7.9502903002
 10
10.1341066698
 20
7.9614039263
 10
10.1214941207
 20
7.9721854547
 10
10.1088064683
 20
7.9826274808
 10
10.0960524263
 20
7.9927228329
 10
10.0832407544
 20
8.0024645776
 10
10.0703802513
 20
8.0118460244
 10
10.0574797498
 20
8.02086073
 10
10.0445481099
 20
8.0295025033
 10
10.0315942129
 20
8.0377654089
 10
10.0186269555
 20
8.0456437721
 10
10.0056552437
 20
8.0531321819
 10
9.9926879863
 20
8.0602254954
 10
9.9797340893
 20
8.0669188409
 10
9.9668024494
 20
8.0732076214
 10
9.9539019479
 20
8.0790875177
 10
9.9410414448
 20
8.0845544917
 10
9.9282297729
 20
8.0896047886
 10
9.9154757309
 20
8.0942349398
 10
9.9027880785
 20
8.0984417654
 10
9.8901755294
 20
8.1022223762
 10
9.877646746
 20
8.1055741756
 10
9.8652103329
 20
8.1084948616
 10
9.8528748314
 20
8.1109824284
 10
9.8406487135
 20
8.1130351674
 10
9.8285403761
 20
8.1146516689
 10
9.8165581352
 20
8.1158308226
 10
9.8047102201
 20
8.1165718187
 10
9.793004768
 20
8.1168741483
 10
9.781449818
 20
8.1167376037
 10
9.7700533062
 20
8.1161622788
 10
9.7588230596
 20
8.1151485686
 10
9.7477667911
 20
8.1136971694
 10
9.7368920942
 20
8.111809078
 10
9.7262064374
 20
8.109485591
 10
9.7157171598
 20
8.1067283044
 10
9.7054314654
 20
8.1035391118
 10
9.6953564182
 20
8.0999202035
 10
9.6854989378
 20
8.0958740649
 10
9.6758657944
 20
8.091403475
 10
9.6664636039
 20
8.0865115041
 10
9.6621695432
 20
8.0840926843
  0
LWPOLYLINE
  5
31E
330
1F
100
AcDbEntity
  8
0
  6
Continuous
 62
     7
370
     0
100
AcDbPolyline
 90
      111
 70
   128
 43
0.0
 10
9.4114387438
 20
7.7249656849
 10
9.4141774301
 20
7.7257047835
 10
9.4220383984
 20
7.7275821254
 10
9.4300421012
 20
7.7291372474
 10
9.4381830531
 20
7.7303690836
 10
9.4464556747
 20
7.7312767899
 10
9.4548542963
 20
7.731859744
 10
9.4633731621
 20
7.7321175465
 10
9.4720064335
 20
7.7320500207
 10
9.4807481938
 20
7.7316572129
 10
9.4895924517
 20
7.7309393923
 10
9.498533146
 20
7.7298970508
 10
9.507564149
 20
7.7285309028
 10
9.5166792714
 20
7.7268418847
 10
9.5258722661
 20
7.7248311538
 10
9.5351368328
 20
7.7225000885
 10
9.5444666219
 20
7.7198502861
 10
9.5538552392
 20
7.7168835628
 10
9.5632962503
 20
7.7136019518
 10
9.5727831848
 20
7.7100077022
 10
9.5823095408
 20
7.7061032773
 10
9.5918687895
 20
7.7018913529
 10
9.6014543793
 20
7.6973748157
 10
9.6110597408
 20
7.6925567612
 10
9.620678291
 20
7.6874404913
 10
9.6303034378
 20
7.6820295126
 10
9.6399285845
 20
7.6763275334
 10
9.6495471347
 20
7.6703384616
 10
9.6591524963
 20
7.6640664018
 10
9.6687380861
 20
7.6575156525
 10
9.6782973347
 20
7.6506907033
 10
9.6878236907
 20
7.6435962318
 10
9.6973106252
 20
7.6362371
 10
9.7067516363
 20
7.6286183515
 10
9.7161402537
 20
7.620745208
 10
9.7254700427
 20
7.6126230652
 10
9.7347346094
 20
7.6042574896
 10
9.7439276041
 20
7.5956542146
 10
9.7530427265
 20
7.5868191364
 10
9.7620737295
 20
7.5777583103
 10
9.7710144238
 20
7.5684779459
 10
9.7798586818
 20
7.5589844036
 10
9.788600442
 20
7.5492841899
 10
9.7972337135
 20
7.5393839526
 10
9.8057525792
 20
7.5292904771
 10
9.8141512009
 20
7.5190106808
 10
9.8224238225
 20
7.508551609
 10
9.8305647743
 20
7.4979204298
 10
9.8385684771
 20
7.4871244293
 10
9.8464294454
 20
7.4761710065
 10
9.8541422917
 20
7.4650676685
 10
9.8617017301
 20
7.4538220247
 10
9.8691025796
 20
7.4424417825
 10
9.8763397682
 20
7.4309347413
 10
9.8834083357
 20
7.4193087875
 10
9.8903034378
 20
7.4075718888
 10
9.8970203488
 20
7.3957320892
 10
9.9035544654
 20
7.3837975031
 10
9.9099013094
 20
7.3717763099
 10
9.916056531
 20
7.3596767482
 10
9.9220159117
 20
7.3475071105
 10
9.9277753672
 20
7.3352757374
 10
9.9333309504
 20
7.3229910114
 10
9.9386788536
 20
7.3106613521
 10
9.9438154117
 20
7.2982952095
 10
9.9487371043
 20
7.2859010587
 10
9.9534405584
 20
7.2734873941
 10
9.9579225505
 20
7.2610627234
 10
9.9621800088
 20
7.2486355619
 10
9.9662100155
 20
7.2362144264
 10
9.9700098086
 20
7.2238078299
 10
9.9735767839
 20
7.2114242752
 10
9.9769084969
 20
7.1990722493
 10
9.980002664
 20
7.1867602177
 10
9.9828571647
 20
7.1744966185
 10
9.9854700427
 20
7.1622898565
 10
9.9878395073
 20
7.1501482977
 10
9.9899639345
 20
7.1380802632
 10
9.9918418684
 20
7.1260940238
 10
9.9934720219
 20
7.1141977944
 10
9.9948532778
 20
7.1023997281
 10
9.9959846894
 20
7.0907079106
 10
9.9968654814
 20
7.0791303549
 10
9.99749505
 20
7.0676749957
 10
9.9978729639
 20
7.0563496839
 10
9.997998964
 20
7.0451621814
 10
9.9978729639
 20
7.0341201554
 10
9.99749505
 20
7.0232311737
 10
9.9968654814
 20
7.012502699
 10
9.9959846894
 20
7.0019420841
 10
9.9948532778
 20
6.9915565666
 10
9.9934720219
 20
6.9813532644
 10
9.9918418684
 20
6.9713391701
 10
9.9899639345
 20
6.9615211471
 10
9.9878395073
 20
6.951905924
 10
9.9854700427
 20
6.9425000908
 10
9.9828571647
 20
6.9333100935
 10
9.980002664
 20
6.9243422307
 10
9.9769084969
 20
6.9156026485
 10
9.9735767839
 20
6.9070973364
 10
9.9700098086
 20
6.8988321237
 10
9.9662100155
 20
6.8908126749
 10
9.9621800088
 20
6.8830444862
 10
9.9579225505
 20
6.8755328813
 10
9.9534405584
 20
6.8682830086
 10
9.9487371043
 20
6.8612998365
 10
9.9438154117
 20
6.8545881511
 10
9.9386788536
 20
6.8481525523
 10
9.9333309504
 20
6.8419974505
 10
9.9277753672
 20
6.8361270644
 10
9.9257306276
 20
6.834089484
  0
LINE
  5
31F
330
1F
100
AcDbEntity
  8
0
  6
Continuous
 62
     7
370
     0
100
AcDbLine
 10
9.726308386
 20
6.5404853565
 30
0.0
 11
9.6274314653
 21
6.5975998197
 31
0.0
  0
LINE
  5
320
330
1F
100
AcDbEntity
  8
0
  6
Continuous
 62
     7
370
     0
100
AcDbLine
 10
9.726308386
 20
6.5404853565
 30
0.0
 11
9.7313579725
 21
6.5520113587
 31
0.0
  0
LINE
  5
321
330
1F
100
AcDbEntity
  8
0
  6
Continuous
 62
     7
370
     0
100
AcDbLine
 10
9.7313579725
 20
6.5520113587
 30
0.0
 11
9.7519316566
 21
6.5401273425
 31
0.0
  0
LINE
  5
322
330
1F
100
AcDbEntity
  8
0
  6
Continuous
 62
     7
370
     0
100
AcDbLine
 10
9.7519316566
 20
6.5401273425
 30
0.0
 11
9.7567697622
 21
6.522889894
 31
0.0
  0
LINE
  5
323
330
1F
100
AcDbEntity
  8
0
  6
Continuous
 62
     7
370
     0
100
AcDbLine
 10
9.7567697622
 20
6.522889894
 30
0.0
 11
9.8201330862
 21
6.4862892171
 31
0.0
  0
SPLINE
  5
324
330
1F
100
AcDbEntity
  8
0
  6
Continuous
 62
     7
370
     0
100
AcDbSpline
210
0.0
220
0.0
230
1.0
 70
     8
 71
     3
 72
     8
 73
     4
 74
     0
 42
0.000000001
 43
0.00000001
 40
19.0
 40
19.0
 40
19.0
 40
19.0
 40
20.0
 40
20.0
 40
20.0
 40
20.0
 10
9.820133086236067
 20
6.486289217061133
 30
0.0
 10
9.831436690758757
 20
6.479990751725473
 30
0.0
 10
9.841984609941882
 20
6.480078900836858
 30
0.0
 10
9.845195224744876
 20
6.487338462075107
 30
0.0
  0
SPLINE
  5
325
330
1F
100
AcDbEntity
  8
0
  6
Continuous
 62
     7
370
     0
100
AcDbSpline
210
0.0
220
0.0
230
1.0
 70
     8
 71
     3
 72
     8
 73
     4
 74
     0
 42
0.000000001
 43
0.00000001
 40
20.0
 40
20.0
 40
20.0
 40
20.0
 40
21.0
 40
21.0
 40
21.0
 40
21.0
 10
9.845195224744876
 20
6.487338462075107
 30
0.0
 10
9.84823544975214
 20
6.476468216386704
 30
0.0
 10
9.858850614762906
 20
6.461184494618667
 30
0.0
 10
9.879427037507432
 20
6.449298896539265
 30
0.0
  0
SPLINE
  5
326
330
1F
100
AcDbEntity
  8
0
  6
Continuous
 62
     7
370
     0
100
AcDbSpline
210
0.0
220
0.0
230
1.0
 70
     8
 71
     3
 72
     8
 73
     4
 74
     0
 42
0.000000001
 43
0.00000001
 40
21.0
 40
21.0
 40
21.0
 40
21.0
 40
22.0
 40
22.0
 40
22.0
 40
22.0
 10
9.879427037507432
 20
6.449298896539265
 30
0.0
 10
9.900003460251956
 20
6.437413298459863
 30
0.0
 10
9.915288535272273
 20
6.443007981365992
 30
0.0
 10
9.91529344177198
 20
6.462014496203629
 30
0.0
  0
SPLINE
  5
327
330
1F
100
AcDbEntity
  8
0
  6
Continuous
 62
     7
370
     0
100
AcDbSpline
210
0.0
220
0.0
230
1.0
 70
     8
 71
     3
 72
     8
 73
     4
 74
     0
 42
0.000000001
 43
0.00000001
 40
22.0
 40
22.0
 40
22.0
 40
22.0
 40
23.0
 40
23.0
 40
23.0
 40
23.0
 10
9.91529344177198
 20
6.462014496203629
 30
0.0
 10
9.915298431937668
 20
6.481345111485596
 30
0.0
 10
9.905669938939267
 20
6.493769302845471
 30
0.0
 10
9.89033775611883
 20
6.507284706324476
 30
0.0
  0
SPLINE
  5
328
330
1F
100
AcDbEntity
  8
0
  6
Continuous
 62
     7
370
     0
100
AcDbSpline
210
0.0
220
0.0
230
1.0
 70
     8
 71
     3
 72
     8
 73
     4
 74
     0
 42
0.000000001
 43
0.00000001
 40
0.0
 40
0.0
 40
0.0
 40
0.0
 40
1.0
 40
1.0
 40
1.0
 40
1.0
 10
9.89033775611883
 20
6.507284706324476
 30
0.0
 10
9.890135116112024
 20
6.507463424983224
 30
0.0
 10
9.889959860204288
 20
6.507619210252052
 30
0.0
 10
9.889755850288509
 20
6.507796348393631
 30
0.0
  0
LINE
  5
329
330
1F
100
AcDbEntity
  8
0
  6
Continuous
 62
     7
370
     0
100
AcDbLine
 10
9.8897558503
 20
6.5077963484
 30
0.0
 11
9.9131259956
 21
6.4943929326
 31
0.0
  0
SPLINE
  5
32A
330
1F
100
AcDbEntity
  8
0
  6
Continuous
 62
     7
370
     0
100
AcDbSpline
210
0.0
220
0.0
230
1.0
 70
     8
 71
     3
 72
     8
 73
     4
 74
     0
 42
0.000000001
 43
0.00000001
 40
2.0
 40
2.0
 40
2.0
 40
2.0
 40
3.0
 40
3.0
 40
3.0
 40
3.0
 10
9.913125995607125
 20
6.494392932574325
 30
0.0
 10
9.913129673237208
 20
6.508639123324778
 30
0.0
 10
9.910713284661124
 20
6.532883441864264
 30
0.0
 10
9.877832361032704
 20
6.551876512116522
 30
0.0
  0
SPLINE
  5
32B
330
1F
100
AcDbEntity
  8
0
  6
Continuous
 62
     7
370
     0
100
AcDbSpline
210
0.0
220
0.0
230
1.0
 70
     8
 71
     3
 72
     8
 73
     4
 74
     0
 42
0.000000001
 43
0.00000001
 40
3.0
 40
3.0
 40
3.0
 40
3.0
 40
4.0
 40
4.0
 40
4.0
 40
4.0
 10
9.877832361032704
 20
6.551876512116522
 30
0.0
 10
9.858666313973735
 20
6.562947432214837
 30
0.0
 10
9.849168827070438
 20
6.557651188558684
 30
0.0
 10
9.845351939274053
 20
6.552002847724577
 30
0.0
  0
SPLINE
  5
32C
330
1F
100
AcDbEntity
  8
0
  6
Continuous
 62
     7
370
     0
100
AcDbSpline
210
0.0
220
0.0
230
1.0
 70
     8
 71
     3
 72
     8
 73
     4
 74
     0
 42
0.000000001
 43
0.00000001
 40
4.0
 40
4.0
 40
4.0
 40
4.0
 40
5.0
 40
5.0
 40
5.0
 40
5.0
 10
9.845351939274053
 20
6.552002847724577
 30
0.0
 10
9.841781470931041
 20
6.561918361090683
 30
0.0
 10
9.839673927219444
 20
6.572986705816357
 30
0.0
 10
9.812411228287955
 20
6.588734510285705
 30
0.0
  0
LINE
  5
32D
330
1F
100
AcDbEntity
  8
0
  6
Continuous
 62
     7
370
     0
100
AcDbLine
 10
9.8124112283
 20
6.5887345103
 30
0.0
 11
9.7749572567
 21
6.6103691189
 31
0.0
  0
LINE
  5
32E
330
1F
100
AcDbEntity
  8
0
  6
Continuous
 62
     7
370
     0
100
AcDbLine
 10
9.7749572567
 20
6.6103691189
 30
0.0
 11
9.7749415044
 21
6.5493489101
 31
0.0
  0
LINE
  5
32F
330
1F
100
AcDbEntity
  8
0
  6
Continuous
 62
     7
370
     0
100
AcDbLine
 10
9.7749415044
 20
6.5493489101
 30
0.0
 11
9.7553708355
 21
6.6216828605
 31
0.0
  0
LINE
  5
330
330
1F
100
AcDbEntity
  8
0
  6
Continuous
 62
     7
370
     0
100
AcDbLine
 10
9.7553708355
 20
6.6216828605
 30
0.0
 11
9.7291671101
 21
6.6368189681
 31
0.0
  0
LINE
  5
331
330
1F
100
AcDbEntity
  8
0
  6
Continuous
 62
     7
370
     0
100
AcDbLine
 10
9.7291671101
 20
6.6368189681
 30
0.0
 11
9.7063275198
 21
6.5801980348
 31
0.0
  0
LINE
  5
332
330
1F
100
AcDbEntity
  8
0
  6
Continuous
 62
     7
370
     0
100
AcDbLine
 10
9.7063275198
 20
6.5801980348
 30
0.0
 11
9.6769040134
 21
6.5971939906
 31
0.0
  0
LINE
  5
333
330
1F
100
AcDbEntity
  8
0
  6
Continuous
 62
     7
370
     0
100
AcDbLine
 10
9.6769040134
 20
6.5971939906
 30
0.0
 11
9.6769220331
 21
6.666997391
 31
0.0
  0
LINE
  5
334
330
1F
100
AcDbEntity
  8
0
  6
Continuous
 62
     7
370
     0
100
AcDbLine
 10
9.6769220331
 20
6.666997391
 30
0.0
 11
9.6480906895
 21
6.6836512947
 31
0.0
  0
LINE
  5
335
330
1F
100
AcDbEntity
  8
0
  6
Continuous
 62
     7
370
     0
100
AcDbLine
 10
9.6480906895
 20
6.6836512947
 30
0.0
 11
9.6480169803
 21
6.5902896012
 31
0.0
  0
SPLINE
  5
336
330
1F
100
AcDbEntity
  8
0
  6
Continuous
 62
     7
370
     0
100
AcDbSpline
210
0.0
220
0.0
230
1.0
 70
     8
 71
     3
 72
     8
 73
     4
 74
     0
 42
0.000000001
 43
0.00000001
 40
5.000000000000016
 40
5.000000000000016
 40
5.000000000000016
 40
5.000000000000016
 40
5.744187289366918
 40
5.744187289366918
 40
5.744187289366918
 40
5.744187289366918
 10
9.645815869779481
 20
6.609075750575482
 30
0.0
 10
9.646067761397987
 20
6.605874469952052
 30
0.0
 10
9.646530617491369
 20
6.59685526208796
 30
0.0
 10
9.648016980334162
 20
6.590289601150447
 30
0.0
  0
SPLINE
  5
337
330
1F
100
AcDbEntity
  8
0
  6
Continuous
 62
     7
370
     0
100
AcDbSpline
210
0.0
220
0.0
230
1.0
 70
     8
 71
     3
 72
     8
 73
     4
 74
     0
 42
0.000000001
 43
0.00000001
 40
4.0
 40
4.0
 40
4.0
 40
4.0
 40
5.0
 40
5.0
 40
5.0
 40
5.0
 10
9.633409251866924
 20
6.639710579927912
 30
0.0
 10
9.642478835849413
 20
6.632000262199301
 30
0.0
 10
9.645102135918357
 20
6.618818767025321
 30
0.0
 10
9.645815869779481
 20
6.609075750575482
 30
0.0
  0
LINE
  5
338
330
1F
100
AcDbEntity
  8
0
  6
Continuous
 62
     7
370
     0
100
AcDbLine
 10
9.6334093229
 20
6.6399856701
 30
0.0
 11
9.6334092519
 21
6.6397105799
 31
0.0
  0
SPLINE
  5
339
330
1F
100
AcDbEntity
  8
0
  6
Continuous
 62
     7
370
     0
100
AcDbSpline
210
0.0
220
0.0
230
1.0
 70
     8
 71
     3
 72
     8
 73
     4
 74
     0
 42
0.000000001
 43
0.00000001
 40
2.0
 40
2.0
 40
2.0
 40
2.0
 40
3.0
 40
3.0
 40
3.0
 40
3.0
 10
9.646781369019948
 20
6.656825701791393
 30
0.0
 10
9.646778641100797
 20
6.646258446328512
 30
0.0
 10
9.642358704402907
 20
6.638795345673507
 30
0.0
 10
9.633409322880974
 20
6.639985670054823
 30
0.0
  0
SPLINE
  5
33A
330
1F
100
AcDbEntity
  8
0
  6
Continuous
 62
     7
370
     0
100
AcDbSpline
210
0.0
220
0.0
230
1.0
 70
     8
 71
     3
 72
     8
 73
     4
 74
     0
 42
0.000000001
 43
0.00000001
 40
1.0
 40
1.0
 40
1.0
 40
1.0
 40
2.0
 40
2.0
 40
2.0
 40
2.0
 10
9.616958357780879
 20
6.701634322422907
 30
0.0
 10
9.631990497854705
 20
6.692951278853621
 30
0.0
 10
9.646786468971731
 20
6.676581600095431
 30
0.0
 10
9.646781369019948
 20
6.656825701791393
 30
0.0
  0
LINE
  5
33B
330
1F
100
AcDbEntity
  8
0
  6
Continuous
 62
     7
370
     0
100
AcDbLine
 10
9.5735242639
 20
6.7267232404
 30
0.0
 11
9.6169583578
 21
6.7016343224
 31
0.0
  0
LINE
  5
33C
330
1F
100
AcDbEntity
  8
0
  6
Continuous
 62
     7
370
     0
100
AcDbLine
 10
9.573498973
 20
6.6287529475
 30
0.0
 11
9.5735242639
 21
6.7267232404
 31
0.0
  0
LINE
  5
33D
330
1F
100
AcDbEntity
  8
0
  6
Continuous
 62
     7
370
     0
100
AcDbLine
 10
9.5956932199
 20
6.6159328426
 30
0.0
 11
9.573498973
 21
6.6287529475
 31
0.0
  0
LINE
  5
33E
330
1F
100
AcDbEntity
  8
0
  6
Continuous
 62
     7
370
     0
100
AcDbLine
 10
9.5957024301
 20
6.6516107681
 30
0.0
 11
9.5956932199
 21
6.6159328426
 31
0.0
  0
LINE
  5
33F
330
1F
100
AcDbEntity
  8
0
  6
Continuous
 62
     7
370
     0
100
AcDbLine
 10
9.6125297182
 20
6.6418907897
 30
0.0
 11
9.5957024301
 21
6.6516107681
 31
0.0
  0
SPLINE
  5
340
330
1F
100
AcDbEntity
  8
0
  6
Continuous
 62
     7
370
     0
100
AcDbSpline
210
0.0
220
0.0
230
1.0
 70
     8
 71
     3
 72
     8
 73
     4
 74
     0
 42
0.000000001
 43
0.00000001
 40
8.0
 40
8.0
 40
8.0
 40
8.0
 40
9.0
 40
9.0
 40
9.0
 40
9.0
 10
9.624931059535065
 20
6.614688660423866
 30
0.0
 10
9.624337281986735
 20
6.624915811014811
 30
0.0
 10
9.622908987839391
 20
6.635895392523593
 30
0.0
 10
9.612529718231121
 20
6.641890789704791
 30
0.0
  0
SPLINE
  5
341
330
1F
100
AcDbEntity
  8
0
  6
Continuous
 62
     7
370
     0
100
AcDbSpline
210
0.0
220
0.0
230
1.0
 70
     8
 71
     3
 72
     8
 73
     4
 74
     0
 42
0.000000001
 43
0.00000001
 40
7.0
 40
7.0
 40
7.0
 40
7.0
 40
8.0
 40
8.0
 40
8.0
 40
8.0
 10
9.627431465343518
 20
6.597599819667584
 30
0.0
 10
9.625526255167102
 20
6.601997160031781
 30
0.0
 10
9.625169978372032
 20
6.611807247818569
 30
0.0
 10
9.624931059535065
 20
6.614688660423866
 30
0.0
  0
SPLINE
  5
342
330
1F
100
AcDbEntity
  8
0
  6
Continuous
 62
     7
370
     0
100
AcDbSpline
210
0.0
220
0.0
230
1.0
 70
     8
 71
     3
 72
     8
 73
     4
 74
     0
 42
0.000000001
 43
0.00000001
 40
2.0
 40
2.0
 40
2.0
 40
2.0
 40
2.975681207758326
 40
2.975681207758326
 40
2.975681207758326
 40
2.975681207758326
 10
9.531535914071483
 20
6.652992148750897
 30
0.0
 10
9.505342412105835
 20
6.66817758286081
 30
0.0
 10
9.490320486112028
 20
6.69844151858742
 30
0.0
 10
9.489653876139027
 20
6.726259748382611
 30
0.0
  0
SPLINE
  5
343
330
1F
100
AcDbEntity
  8
0
  6
Continuous
 62
     7
370
     0
100
AcDbSpline
210
0.0
220
0.0
230
1.0
 70
     8
 71
     3
 72
     8
 73
     4
 74
     0
 42
0.000000001
 43
0.00000001
 40
1.025766605138525
 40
1.025766605138525
 40
1.025766605138525
 40
1.025766605138525
 40
2.0
 40
2.0
 40
2.0
 40
2.0
 10
9.573439817721143
 20
6.677742188830425
 30
0.0
 10
9.572718522272721
 20
6.650783691886171
 30
0.0
 10
9.55769257536395
 20
6.637939601981255
 30
0.0
 10
9.531535914071483
 20
6.652992148750897
 30
0.0
  0
SPLINE
  5
344
330
1F
100
AcDbEntity
  8
0
  6
Continuous
 62
     7
370
     0
100
AcDbSpline
210
0.0
220
0.0
230
1.0
 70
     8
 71
     3
 72
     8
 73
     4
 74
     0
 42
0.000000001
 43
0.00000001
 40
0.0
 40
0.0
 40
0.0
 40
0.0
 40
0.9772566000248738
 40
0.9772566000248738
 40
0.9772566000248738
 40
0.9772566000248738
 10
9.531396184992719
 20
6.751057762502209
 30
0.0
 10
9.557634014672447
 20
6.735958505224227
 30
0.0
 10
9.57273068137354
 20
6.705646722638378
 30
0.0
 10
9.573439817691934
 20
6.677742188846278
 30
0.0
  0
SPLINE
  5
345
330
1F
100
AcDbEntity
  8
0
  6
Continuous
 62
     7
370
     0
100
AcDbSpline
210
0.0
220
0.0
230
1.0
 70
     8
 71
     3
 72
     8
 73
     4
 74
     0
 42
0.000000001
 43
0.00000001
 40
3.024271275023447
 40
3.024271275023447
 40
3.024271275023447
 40
3.024271275023447
 40
4.0
 40
4.0
 40
4.0
 40
4.0
 10
9.489653876056426
 20
6.726259748427617
 30
0.0
 10
9.490325138905094
 20
6.753207160878243
 30
0.0
 10
9.505298333856423
 20
6.766070519024477
 30
0.0
 10
9.531396184992719
 20
6.751057762502209
 30
0.0
  0
SPLINE
  5
346
330
1F
100
AcDbEntity
  8
0
  6
Continuous
 62
     7
370
     0
100
AcDbSpline
210
0.0
220
0.0
230
1.0
 70
     8
 71
     3
 72
    19
 73
    15
 74
     0
 42
0.000000001
 43
0.00000001
 40
0.0
 40
0.0
 40
0.0
 40
0.0
 40
0.1268092702442879
 40
0.24287820536098
 40
0.3498290754484306
 40
0.4530854512027842
 40
0.5058237602822866
 40
0.5624899981881465
 40
0.6231597597642965
 40
0.6883755208164103
 40
0.7578050229004744
 40
0.8328341202665772
 40
0.9134179105045228
 40
1.0
 40
1.0
 40
1.0
 40
1.0
 10
9.776200153371914
 20
6.43408912508959
 30
0.0
 10
9.776223110590848
 20
6.433260124620944
 30
0.0
 10
9.776267080626512
 20
6.431672337342613
 30
0.0
 10
9.776705471060072
 20
6.429214306687834
 30
0.0
 10
9.777420390059936
 20
6.426862264241733
 30
0.0
 10
9.778278423670908
 20
6.424977834398113
 30
0.0
 10
9.779129507739347
 20
6.42353416400131
 30
0.0
 10
9.779872604821007
 20
6.422425666025037
 30
0.0
 10
9.780731865419757
 20
6.421300911747874
 30
0.0
 10
9.781697971473546
 20
6.42016600635066
 30
0.0
 10
9.78277055081139
 20
6.419015389637804
 30
0.0
 10
9.783945079689438
 20
6.417834591792306
 30
0.0
 10
9.785236307810013
 20
6.41664129246502
 30
0.0
 10
9.78613822426423
 20
6.415858509648718
 30
0.0
 10
9.786605363917854
 20
6.415453074209593
 30
0.0
  0
SPLINE
  5
347
330
1F
100
AcDbEntity
  8
0
  6
Continuous
 62
     7
370
     0
100
AcDbSpline
210
0.0
220
0.0
230
1.0
 70
     8
 71
     3
 72
    23
 73
    19
 74
     0
 42
0.000000001
 43
0.00000001
 40
0.0
 40
0.0
 40
0.0
 40
0.0
 40
0.0820152122453128
 40
0.15995192577167
 40
0.2341869940922254
 40
0.3051246137515413
 40
0.3734499329597784
 40
0.4393407970318597
 40
0.5030894667964393
 40
0.5657336030606933
 40
0.6259373606731969
 40
0.6822012886643628
 40
0.7364846002131602
 40
0.7890871215591225
 40
0.8410885332773561
 40
0.8925509432537757
 40
0.9454656063736533
 40
0.9999999999999999
 40
0.9999999999999999
 40
0.9999999999999999
 40
0.9999999999999999
 10
9.79316456250125
 20
6.437619478135185
 30
0.0
 10
9.792539650388703
 20
6.437965499454722
 30
0.0
 10
9.791320902145499
 20
6.438640334950512
 30
0.0
 10
9.789540306900568
 20
6.439512570540252
 30
0.0
 10
9.787856152844176
 20
6.440199596303557
 30
0.0
 10
9.786271692652747
 20
6.44068263568846
 30
0.0
 10
9.78476858026616
 20
6.4410481311746
 30
0.0
 10
9.783366714436116
 20
6.441206070822159
 30
0.0
 10
9.78205780764699
 20
6.441197792358813
 30
0.0
 10
9.780844418636475
 20
6.441036998251692
 30
0.0
 10
9.779762624308304
 20
6.440696716901357
 30
0.0
 10
9.778806174577847
 20
6.440225551581791
 30
0.0
 10
9.778008307953616
 20
6.439580997244751
 30
0.0
 10
9.777336064152696
 20
6.438801230187961
 30
0.0
 10
9.776837582555265
 20
6.437836838448468
 30
0.0
 10
9.776467406314872
 20
6.436740319785844
 30
0.0
 10
9.776235312153771
 20
6.435495547431854
 30
0.0
 10
9.77621199015428
 20
6.4345626203105
 30
0.0
 10
9.776200153371914
 20
6.43408912508959
 30
0.0
  0
SPLINE
  5
348
330
1F
100
AcDbEntity
  8
0
  6
Continuous
 62
     7
370
     0
100
AcDbSpline
210
0.0
220
0.0
230
1.0
 70
     8
 71
     3
 72
    15
 73
    11
 74
     0
 42
0.000000001
 43
0.00000001
 40
0.0
 40
0.0
 40
0.0
 40
0.0
 40
0.1056104929821467
 40
0.2181470470918482
 40
0.3394654686690288
 40
0.4692629563420178
 40
0.6030470205796885
 40
0.7350948858466866
 40
0.867479107927584
 40
1.0
 40
1.0
 40
1.0
 40
1.0
 10
9.817597227586948
 20
6.414212437128
 30
0.0
 10
9.816872738005168
 20
6.415291245550141
 30
0.0
 10
9.815376245957346
 20
6.417519611927597
 30
0.0
 10
9.812806895112708
 20
6.4207286695688
 30
0.0
 10
9.809938847282663
 20
6.42396351337135
 30
0.0
 10
9.806794191473388
 20
6.427158483203605
 30
0.0
 10
9.803485411077375
 20
6.430229642300505
 30
0.0
 10
9.800078099107964
 20
6.433015416300519
 30
0.0
 10
9.796635972925042
 20
6.435526762739601
 30
0.0
 10
9.794322097234518
 20
6.436921666450163
 30
0.0
 10
9.79316456250125
 20
6.437619478135185
 30
0.0
  0
LINE
  5
349
330
1F
100
AcDbEntity
  8
0
  6
Continuous
 62
     7
370
     0
100
AcDbLine
 10
9.8182685315
 20
6.4138249016
 30
0.0
 11
9.8175972276
 21
6.4142124371
 31
0.0
  0
LINE
  5
34A
330
1F
100
AcDbEntity
  8
0
  6
Continuous
 62
     7
370
     0
100
AcDbLine
 10
9.8182685315
 20
6.4267125513
 30
0.0
 11
9.8182685315
 21
6.4138249016
 31
0.0
  0
SPLINE
  5
34B
330
1F
100
AcDbEntity
  8
0
  6
Continuous
 62
     7
370
     0
100
AcDbSpline
210
0.0
220
0.0
230
1.0
 70
     8
 71
     3
 72
    15
 73
    11
 74
     0
 42
0.000000001
 43
0.00000001
 40
0.0
 40
0.0
 40
0.0
 40
0.0
 40
0.1438134946436347
 40
0.2825302617167645
 40
0.4154724990798214
 40
0.5436416713555688
 40
0.6664829494542235
 40
0.7833339323015195
 40
0.8944191683275443
 40
1.0
 40
1.0
 40
1.0
 40
1.0
 10
9.793248475489525
 20
6.446873399877881
 30
0.0
 10
9.794479700311227
 20
6.446145881116596
 30
0.0
 10
9.796898515541118
 20
6.444716626744194
 30
0.0
 10
9.800446953680268
 20
6.442354973442285
 30
0.0
 10
9.803843100215245
 20
6.439886647173764
 30
0.0
 10
9.807069294471933
 20
6.437287690151257
 30
0.0
 10
9.810126788311665
 20
6.434648626926713
 30
0.0
 10
9.81301081458813
 20
6.432016418466252
 30
0.0
 10
9.815717971298847
 20
6.429399949979675
 30
0.0
 10
9.817432867078463
 20
6.427593049424382
 30
0.0
 10
9.818268531493139
 20
6.426712551313146
 30
0.0
  0
SPLINE
  5
34C
330
1F
100
AcDbEntity
  8
0
  6
Continuous
 62
     7
370
     0
100
AcDbSpline
210
0.0
220
0.0
230
1.0
 70
     8
 71
     3
 72
    23
 73
    19
 74
     0
 42
0.000000001
 43
0.00000001
 40
0.0
 40
0.0
 40
0.0
 40
0.0
 40
0.058241483108127
 40
0.1146427594695288
 40
0.1698598220408748
 40
0.2249312733524667
 40
0.28008242289868
 40
0.3366222446972306
 40
0.3955711591414621
 40
0.4568580256683314
 40
0.5202638826731399
 40
0.5834528927466007
 40
0.647966096961837
 40
0.7138123028707999
 40
0.7814741194161736
 40
0.8513965712822179
 40
0.9243885405390584
 40
1.0
 40
1.0
 40
1.0
 40
1.0
 10
9.766354362747796
 20
6.43870708319436
 30
0.0
 10
9.766372306041585
 20
6.439543938843896
 30
0.0
 10
9.766407625690126
 20
6.441191208724753
 30
0.0
 10
9.766793233871146
 20
6.443404449090411
 30
0.0
 10
9.767370197460616
 20
6.445405192327755
 30
0.0
 10
9.7682214642056
 20
6.44711574745339
 30
0.0
 10
9.769293696832067
 20
6.44858546773396
 30
0.0
 10
9.770607163821476
 20
6.449796702275406
 30
0.0
 10
9.772167875771363
 20
6.45073353397665
 30
0.0
 10
9.77394866488968
 20
6.451411849894928
 30
0.0
 10
9.775897631013274
 20
6.451839176286915
 30
0.0
 10
9.778003808539165
 20
6.451971508939274
 30
0.0
 10
9.780230153927803
 20
6.451835067344605
 30
0.0
 10
9.782589547954405
 20
6.451409090392878
 30
0.0
 10
9.785073686423988
 20
6.450703120936498
 30
0.0
 10
9.787688700910062
 20
6.449699601139207
 30
0.0
 10
9.790426031831672
 20
6.448458483296279
 30
0.0
 10
9.792296669452245
 20
6.447407933831473
 30
0.0
 10
9.793248475489525
 20
6.446873399877881
 30
0.0
  0
SPLINE
  5
34D
330
1F
100
AcDbEntity
  8
0
  6
Continuous
 62
     7
370
     0
100
AcDbSpline
210
0.0
220
0.0
230
1.0
 70
     8
 71
     3
 72
    23
 73
    19
 74
     0
 42
0.000000001
 43
0.00000001
 40
0.0
 40
0.0
 40
0.0
 40
0.0
 40
0.0791403044728401
 40
0.1545952342287954
 40
0.2255894056564553
 40
0.2928483715929992
 40
0.3573318591730966
 40
0.4184027772098022
 40
0.4775728648746408
 40
0.5343477861260582
 40
0.5903113859057554
 40
0.6453917384100353
 40
0.7008449670353337
 40
0.7572537956642015
 40
0.8147232371888076
 40
0.8742035410736735
 40
0.9356396770884141
 40
1.0
 40
1.0
 40
1.0
 40
1.0
 10
9.785011017140654
 20
6.40526231439544
 30
0.0
 10
9.784244152173576
 20
6.405904387146911
 30
0.0
 10
9.782746133306997
 20
6.40715863285732
 30
0.0
 10
9.780599013730221
 20
6.409143151274074
 30
0.0
 10
9.778603852507844
 20
6.411133579849819
 30
0.0
 10
9.776759541004594
 20
6.413135096598604
 30
0.0
 10
9.77506892847705
 20
6.41515423644523
 30
0.0
 10
9.773529202440255
 20
6.417198932645957
 30
0.0
 10
9.772142554683498
 20
6.419252138315223
 30
0.0
 10
9.770913002256611
 20
6.421334246723643
 30
0.0
 10
9.76983256312947
 20
6.423427464072536
 30
0.0
 10
9.76890148802341
 20
6.425546935174912
 30
0.0
 10
9.768114635337211
 20
6.427689940691788
 30
0.0
 10
9.767472778557687
 20
6.429858504196273
 30
0.0
 10
9.766966884950879
 20
6.432053538893422
 30
0.0
 10
9.766603874159376
 20
6.434267961114122
 30
0.0
 10
9.766392863292205
 20
6.436503935696424
 30
0.0
 10
9.766367393613415
 20
6.437961407531264
 30
0.0
 10
9.766354362747796
 20
6.43870708319436
 30
0.0
  0
SPLINE
  5
34E
330
1F
100
AcDbEntity
  8
0
  6
Continuous
 62
     7
370
     0
100
AcDbSpline
210
0.0
220
0.0
230
1.0
 70
     8
 71
     3
 72
    11
 73
     7
 74
     0
 42
0.000000001
 43
0.00000001
 40
0.0
 40
0.0
 40
0.0
 40
0.0
 40
0.2264437066147228
 40
0.4684934644352425
 40
0.7260902046784191
 40
1.0
 40
1.0
 40
1.0
 40
1.0
 10
9.801709701807123
 20
6.391956333243221
 30
0.0
 10
9.800464116999379
 20
6.393035826219208
 30
0.0
 10
9.797887104149023
 20
6.395269208686376
 30
0.0
 10
9.793817789302846
 20
6.398350515125019
 30
0.0
 10
9.78948821216812
 20
6.401645377238773
 30
0.0
 10
9.78653364280214
 20
6.404032249299562
 30
0.0
 10
9.785011017140654
 20
6.40526231439544
 30
0.0
  0
SPLINE
  5
34F
330
1F
100
AcDbEntity
  8
0
  6
Continuous
 62
     7
370
     0
100
AcDbSpline
210
0.0
220
0.0
230
1.0
 70
     8
 71
     3
 72
    19
 73
    15
 74
     0
 42
0.000000001
 43
0.00000001
 40
0.0
 40
0.0
 40
0.0
 40
0.0
 40
0.0736826146611884
 40
0.1431112576246186
 40
0.2079268631992995
 40
0.2695996622420413
 40
0.3273006387183211
 40
0.382341005446771
 40
0.4358963298045688
 40
0.4880248830426843
 40
0.5971381218227614
 40
0.716652193247189
 40
0.8505969534355438
 40
1.0
 40
1.0
 40
1.0
 40
1.0
 10
9.81110795649378
 20
6.374353783841831
 30
0.0
 10
9.811097702927222
 20
6.37480131000746
 30
0.0
 10
9.811077787770682
 20
6.375670524986836
 30
0.0
 10
9.810987489589722
 20
6.376965952508299
 30
0.0
 10
9.81080755237214
 20
6.378228392855775
 30
0.0
 10
9.810536479268805
 20
6.379444761274027
 30
0.0
 10
9.810224678633517
 20
6.380608989643303
 30
0.0
 10
9.809809004304295
 20
6.381725788501805
 30
0.0
 10
9.809338279183704
 20
6.382796061919262
 30
0.0
 10
9.808580274919999
 20
6.384182642198194
 30
0.0
 10
9.807439712918882
 20
6.385904445348587
 30
0.0
 10
9.805798111286514
 20
6.387927219531718
 30
0.0
 10
9.803873729210302
 20
6.390000530591426
 30
0.0
 10
9.802456811337713
 20
6.391281111294109
 30
0.0
 10
9.801709701807123
 20
6.391956333243221
 30
0.0
  0
SPLINE
  5
350
330
1F
100
AcDbEntity
  8
0
  6
Continuous
 62
     7
370
     0
100
AcDbSpline
210
0.0
220
0.0
230
1.0
 70
     8
 71
     3
 72
    23
 73
    19
 74
     0
 42
0.000000001
 43
0.00000001
 40
0.0
 40
0.0
 40
0.0
 40
0.0
 40
0.0854151544129917
 40
0.1659823341365554
 40
0.2425656174833743
 40
0.3148369819696934
 40
0.3832803096291421
 40
0.4488990343063117
 40
0.5114550916688619
 40
0.5714779974050682
 40
0.6295665825924371
 40
0.6843880566524364
 40
0.7370366993053404
 40
0.7887815262452749
 40
0.8400607811717761
 40
0.8917690048341201
 40
0.9448771569629688
 40
1.0
 40
1.0
 40
1.0
 40
1.0
 10
9.792633113575517
 20
6.37074253938281
 30
0.0
 10
9.793341959878035
 20
6.370346587664073
 30
0.0
 10
9.794719419939362
 20
6.36957715756782
 30
0.0
 10
9.796728330682832
 20
6.368592109675288
 30
0.0
 10
9.798614557808959
 20
6.367811120214443
 30
0.0
 10
9.800383838146912
 20
6.367201134977035
 30
0.0
 10
9.8020307338045
 20
6.366800884767284
 30
0.0
 10
9.803555490297816
 20
6.366597612233712
 30
0.0
 10
9.80496190534542
 20
6.366576074442906
 30
0.0
 10
9.806241233614264
 20
6.366745143539406
 30
0.0
 10
9.80738683150615
 20
6.367088695674407
 30
0.0
 10
9.808369120846688
 20
6.367634910904201
 30
0.0
 10
9.809227153790689
 20
6.36830465576347
 30
0.0
 10
9.80991310030783
 20
6.369178602761679
 30
0.0
 10
9.810452409833028
 20
6.370218130718167
 30
0.0
 10
9.81082377870233
 20
6.371439902622728
 30
0.0
 10
9.81107781059583
 20
6.372803495812104
 30
0.0
 10
9.811097783928389
 20
6.373830647779251
 30
0.0
 10
9.81110795649378
 20
6.374353783841831
 30
0.0
  0
SPLINE
  5
351
330
1F
100
AcDbEntity
  8
0
  6
Continuous
 62
     7
370
     0
100
AcDbSpline
210
0.0
220
0.0
230
1.0
 70
     8
 71
     3
 72
    15
 73
    11
 74
     0
 42
0.000000001
 43
0.00000001
 40
0.0
 40
0.0
 40
0.0
 40
0.0
 40
0.124784698440579
 40
0.2508991582111141
 40
0.3796498944864681
 40
0.511805726305221
 40
0.6428226368571992
 40
0.7671691836151733
 40
0.8858586764781957
 40
1.0
 40
1.0
 40
1.0
 40
1.0
 10
9.767025666653987
 20
6.395861363472616
 30
0.0
 10
9.767940277773297
 20
6.394530665748254
 30
0.0
 10
9.769779246515403
 20
6.391855089791842
 30
0.0
 10
9.772802187678042
 20
6.388073816333059
 30
0.0
 10
9.776010838652608
 20
6.384430528296793
 30
0.0
 10
9.77939428983567
 20
6.381026188000116
 30
0.0
 10
9.782813854931048
 20
6.37787463358826
 30
0.0
 10
9.786184178831203
 20
6.375118818569142
 30
0.0
 10
9.789439449007029
 20
6.37267460650794
 30
0.0
 10
9.791582513083991
 20
6.37137811980392
 30
0.0
 10
9.792633113575517
 20
6.37074253938281
 30
0.0
  0
LINE
  5
352
330
1F
100
AcDbEntity
  8
0
  6
Continuous
 62
     7
370
     0
100
AcDbLine
 10
9.7663543627
 20
6.396248899
 30
0.0
 11
9.7670256667
 21
6.3958613635
 31
0.0
  0
LINE
  5
353
330
1F
100
AcDbEntity
  8
0
  6
Continuous
 62
     7
370
     0
100
AcDbLine
 10
9.7663543627
 20
6.3829736508
 30
0.0
 11
9.7663543627
 21
6.396248899
 31
0.0
  0
SPLINE
  5
354
330
1F
100
AcDbEntity
  8
0
  6
Continuous
 62
     7
370
     0
100
AcDbSpline
210
0.0
220
0.0
230
1.0
 70
     8
 71
     3
 72
    15
 73
    11
 74
     0
 42
0.000000001
 43
0.00000001
 40
0.0
 40
0.0
 40
0.0
 40
0.0
 40
0.1383958837326369
 40
0.2698711435185702
 40
0.3952737389719834
 40
0.5139802029772993
 40
0.6311187908923164
 40
0.7514363167928994
 40
0.8740333432057815
 40
1.0
 40
1.0
 40
1.0
 40
1.0
 10
9.792563186085289
 20
6.361480543983944
 30
0.0
 10
9.791317940471675
 20
6.362215393865103
 30
0.0
 10
9.788889718991065
 20
6.36364834672753
 30
0.0
 10
9.785342122090487
 20
6.36601457921325
 30
0.0
 10
9.78198858227161
 20
6.368439661504808
 30
0.0
 10
9.778793412725218
 20
6.370985385376491
 30
0.0
 10
9.775690463564075
 20
6.373706922324815
 30
0.0
 10
9.772594041576054
 20
6.376594239960422
 30
0.0
 10
9.769460205147624
 20
6.379670288796717
 30
0.0
 10
9.767398957916335
 20
6.381862623406248
 30
0.0
 10
9.766354362747796
 20
6.382973650800813
 30
0.0
  0
SPLINE
  5
355
330
1F
100
AcDbEntity
  8
0
  6
Continuous
 62
     7
370
     0
100
AcDbSpline
210
0.0
220
0.0
230
1.0
 70
     8
 71
     3
 72
    15
 73
    11
 74
     0
 42
0.000000001
 43
0.00000001
 40
0.0
 40
0.0
 40
0.0
 40
0.0
 40
0.1093762626810178
 40
0.2197856263699321
 40
0.3337354138417856
 40
0.4504044938819245
 40
0.57314947524744
 40
0.7052672342377317
 40
0.8470508712264783
 40
0.9999999999999999
 40
0.9999999999999999
 40
0.9999999999999999
 40
0.9999999999999999
 10
9.813625346141992
 20
6.356879788282995
 30
0.0
 10
9.812971858904021
 20
6.356683171056618
 30
0.0
 10
9.811658711988946
 20
6.356288079478289
 30
0.0
 10
9.809508532055666
 20
6.356035902962713
 30
0.0
 10
9.807200067124594
 20
6.356088764081204
 30
0.0
 10
9.80472982628519
 20
6.356393773527199
 30
0.0
 10
9.802042658004364
 20
6.35706982176861
 30
0.0
 10
9.799112433978333
 20
6.358140736051936
 30
0.0
 10
9.795922144145761
 20
6.359612787572534
 30
0.0
 10
9.793710763673765
 20
6.360842430807215
 30
0.0
 10
9.792563186085289
 20
6.361480543983944
 30
0.0
  0
SPLINE
  5
356
330
1F
100
AcDbEntity
  8
0
  6
Continuous
 62
     7
370
     0
100
AcDbSpline
210
0.0
220
0.0
230
1.0
 70
     8
 71
     3
 72
    15
 73
    11
 74
     0
 42
0.000000001
 43
0.00000001
 40
0.0
 40
0.0
 40
0.0
 40
0.0
 40
0.119779818416105
 40
0.2402216975985305
 40
0.3641183838755976
 40
0.4915227685121463
 40
0.6196754633466538
 40
0.745891689316749
 40
0.8721818653816412
 40
1.0
 40
1.0
 40
1.0
 40
1.0
 10
9.820953747117898
 20
6.37022032384538
 30
0.0
 10
9.820926691163733
 20
6.369432408002067
 30
0.0
 10
9.820872429708627
 20
6.367852221256516
 30
0.0
 10
9.820517654585307
 20
6.365640361427777
 30
0.0
 10
9.819887579258292
 20
6.36361354265498
 30
0.0
 10
9.819054059069984
 20
6.36173526652887
 30
0.0
 10
9.818023375273317
 20
6.360054411132039
 30
0.0
 10
9.816740343570874
 20
6.358709945392446
 30
0.0
 10
9.815311037350021
 20
6.357578794529013
 30
0.0
 10
9.814189491171495
 20
6.357113722527539
 30
0.0
 10
9.813625346141992
 20
6.356879788282995
 30
0.0
  0
SPLINE
  5
357
330
1F
100
AcDbEntity
  8
0
  6
Continuous
 62
     7
370
     0
100
AcDbSpline
210
0.0
220
0.0
230
1.0
 70
     8
 71
     3
 72
    23
 73
    19
 74
     0
 42
0.000000001
 43
0.00000001
 40
0.0
 40
0.0
 40
0.0
 40
0.0
 40
0.075165412166689
 40
0.1466391917970247
 40
0.215131088891256
 40
0.2804067798100492
 40
0.3423148361407433
 40
0.4018062055654695
 40
0.4598162295847399
 40
0.5153089454089095
 40
0.5702365576644098
 40
0.6253730398192827
 40
0.6819983768009417
 40
0.7398028123742759
 40
0.8002366825241395
 40
0.8635457338940455
 40
0.9298674995776578
 40
0.9999999999999999
 40
0.9999999999999999
 40
0.9999999999999999
 40
0.9999999999999999
 10
9.804926366357616
 20
6.400709900896491
 30
0.0
 10
9.805571942233758
 20
6.400130357413516
 30
0.0
 10
9.806831387529037
 20
6.398999733826084
 30
0.0
 10
9.808641519919737
 20
6.397220796649134
 30
0.0
 10
9.810334050369454
 20
6.39544126152103
 30
0.0
 10
9.811903989247076
 20
6.393653746041648
 30
0.0
 10
9.813335447127672
 20
6.391845938923873
 30
0.0
 10
9.81466378108492
 20
6.390049054352721
 30
0.0
 10
9.815861476223061
 20
6.388232214548471
 30
0.0
 10
9.816937369812957
 20
6.386400524765898
 30
0.0
 10
9.817905529958626
 20
6.384550536946523
 30
0.0
 10
9.81871387179602
 20
6.382640207625123
 30
0.0
 10
9.819420493766868
 20
6.380686262512172
 30
0.0
 10
9.819973154826057
 20
6.378681486759596
 30
0.0
 10
9.820430960950986
 20
6.376622334189062
 30
0.0
 10
9.820721026630036
 20
6.374525505308092
 30
0.0
 10
9.82093272356908
 20
6.372359741289977
 30
0.0
 10
9.820946610000302
 20
6.370946617679968
 30
0.0
 10
9.820953747117898
 20
6.37022032384538
 30
0.0
  0
SPLINE
  5
358
330
1F
100
AcDbEntity
  8
0
  6
Continuous
 62
     7
370
     0
100
AcDbSpline
210
0.0
220
0.0
230
1.0
 70
     8
 71
     3
 72
    15
 73
    11
 74
     0
 42
0.000000001
 43
0.00000001
 40
0.0
 40
0.0
 40
0.0
 40
0.0
 40
0.0932522940898435
 40
0.2030994356376325
 40
0.3310220938728498
 40
0.475424648661694
 40
0.6236441625924206
 40
0.7602181276767053
 40
0.8859457116350377
 40
0.9999999999999999
 40
0.9999999999999999
 40
0.9999999999999999
 40
0.9999999999999999
 10
9.786605363917854
 20
6.415453074209593
 30
0.0
 10
9.787173873911438
 20
6.414988956195533
 30
0.0
 10
9.788412063920362
 20
6.41397812737202
 30
0.0
 10
9.790435548698174
 20
6.412358609203046
 30
0.0
 10
9.79277509881744
 20
6.410507604268218
 30
0.0
 10
9.795355547709558
 20
6.408506370546598
 30
0.0
 10
9.797990211422153
 20
6.40647020758093
 30
0.0
 10
9.800498465218444
 20
6.404454255445307
 30
0.0
 10
9.802788208044127
 20
6.40255677973011
 30
0.0
 10
9.80423716001878
 20
6.401305217244754
 30
0.0
 10
9.804926366357616
 20
6.400709900896491
 30
0.0
  0
SPLINE
  5
359
330
1F
100
AcDbEntity
  8
0
  6
Continuous
 62
     7
370
     0
100
AcDbSpline
210
0.0
220
0.0
230
1.0
 70
     8
 71
     3
 72
    23
 73
    19
 74
     0
 42
0.000000001
 43
0.00000001
 40
0.0
 40
0.0
 40
0.0
 40
0.0
 40
0.0609726139191505
 40
0.118387994561357
 40
0.1728742277214824
 40
0.2246695210592738
 40
0.2754008809859203
 40
0.3256802771256851
 40
0.376549205764027
 40
0.4289720610265049
 40
0.48414752534923
 40
0.5428865512447383
 40
0.6061622082093618
 40
0.6740109616371238
 40
0.7471027693500154
 40
0.8256295092907752
 40
0.9098541721358154
 40
1.0
 40
1.0
 40
1.0
 40
1.0
 10
9.667448920569173
 20
6.433707472073007
 30
0.0
 10
9.666416923350763
 20
6.434330517242584
 30
0.0
 10
9.664413137171575
 20
6.435540258196863
 30
0.0
 10
9.66151574750368
 20
6.437728687780099
 30
0.0
 10
9.658830284252193
 20
6.440086016054849
 30
0.0
 10
9.656365453548425
 20
6.44267321803835
 30
0.0
 10
9.654104799962559
 20
6.445445122092127
 30
0.0
 10
9.652076098578483
 20
6.448452703234912
 30
0.0
 10
9.650251177369501
 20
6.451653826933244
 30
0.0
 10
9.648665645565352
 20
6.455076772081653
 30
0.0
 10
9.647282307736692
 20
6.458710861579163
 30
0.0
 10
9.64607270051432
 20
6.462582113175108
 30
0.0
 10
9.64508098167437
 20
6.466687207423441
 30
0.0
 10
9.644262974076613
 20
6.471037381820335
 30
0.0
 10
9.643605150217136
 20
6.475638929420199
 30
0.0
 10
9.643153574557044
 20
6.480479252342944
 30
0.0
 10
9.642893498703042
 20
6.485562141857573
 30
0.0
 10
9.642854569550938
 20
6.488990501016221
 30
0.0
 10
9.642834444008882
 20
6.49076288964296
 30
0.0
  0
SPLINE
  5
35A
330
1F
100
AcDbEntity
  8
0
  6
Continuous
 62
     7
370
     0
100
AcDbSpline
210
0.0
220
0.0
230
1.0
 70
     8
 71
     3
 72
    23
 73
    19
 74
     0
 42
0.000000001
 43
0.00000001
 40
0.0
 40
0.0
 40
0.0
 40
0.0
 40
0.0914072369269553
 40
0.1766411179085063
 40
0.2561617773375904
 40
0.3297025475052975
 40
0.3981326595607566
 40
0.461414748682545
 40
0.5201907225520731
 40
0.5750949351457789
 40
0.6271223329766316
 40
0.6777301011362212
 40
0.7276094883997957
 40
0.7779011121402815
 40
0.8296305654851194
 40
0.8834447804353315
 40
0.9399298216911767
 40
1.0
 40
1.0
 40
1.0
 40
1.0
 10
9.692063397129463
 20
6.462440519549276
 30
0.0
 10
9.692045073575398
 20
6.46066329629897
 30
0.0
 10
9.69200966398221
 20
6.457228877840854
 30
0.0
 10
9.691725834563268
 20
6.452391351175995
 30
0.0
 10
9.691279596867021
 20
6.448015196548124
 30
0.0
 10
9.690628227835544
 20
6.444121433501391
 30
0.0
 10
9.689775419060615
 20
6.440719160158984
 30
0.0
 10
9.688768588168157
 20
6.437756430429793
 30
0.0
 10
9.687553430595775
 20
6.435287401327623
 30
0.0
 10
9.6861391468113
 20
6.433295288332626
 30
0.0
 10
9.684509709380427
 20
6.431786921568487
 30
0.0
 10
9.682702433434681
 20
6.430687203154116
 30
0.0
 10
9.680663443528056
 20
6.430070806569022
 30
0.0
 10
9.67841496516845
 20
6.429909473481845
 30
0.0
 10
9.67596557007057
 20
6.430164264259464
 30
0.0
 10
9.673302110263933
 20
6.430909636996784
 30
0.0
 10
9.670441855390184
 20
6.432063958091136
 30
0.0
 10
9.668466815676725
 20
6.433148514079804
 30
0.0
 10
9.667448920569173
 20
6.433707472073007
 30
0.0
  0
SPLINE
  5
35B
330
1F
100
AcDbEntity
  8
0
  6
Continuous
 62
     7
370
     0
100
AcDbSpline
210
0.0
220
0.0
230
1.0
 70
     8
 71
     3
 72
    23
 73
    19
 74
     0
 42
0.000000001
 43
0.00000001
 40
0.0
 40
0.0
 40
0.0
 40
0.0
 40
0.0610360235752138
 40
0.1185111144595317
 40
0.1731258378212026
 40
0.22533490204852
 40
0.2761557307410256
 40
0.3266572709749722
 40
0.3779751895595516
 40
0.4308974413397407
 40
0.4863702555085643
 40
0.5456756637640771
 40
0.6087552048826685
 40
0.6767411704922477
 40
0.7493172402132791
 40
0.8273775877960802
 40
0.9108637625285654
 40
0.9999999999999999
 40
0.9999999999999999
 40
0.9999999999999999
 40
0.9999999999999999
 10
9.667448920569173
 20
6.519495937119231
 30
0.0
 10
9.668480778190103
 20
6.518872427681946
 30
0.0
 10
9.670484293318664
 20
6.517661785278325
 30
0.0
 10
9.673384796055783
 20
6.51547880126942
 30
0.0
 10
9.67607057266843
 20
6.513092714872275
 30
0.0
 10
9.678546290179007
 20
6.510502319805164
 30
0.0
 10
9.680791027966997
 20
6.507685171009093
 30
0.0
 10
9.68282763452255
 20
6.504667725380901
 30
0.0
 10
9.68464692742528
 20
6.501434028946234
 30
0.0
 10
9.686228116306472
 20
6.497985403417146
 30
0.0
 10
9.687620018494442
 20
6.494325040212867
 30
0.0
 10
9.688816757424545
 20
6.490444318773346
 30
0.0
 10
9.68981597054972
 20
6.486332676294767
 30
0.0
 10
9.690653904044211
 20
6.48199168913066
 30
0.0
 10
9.691286893957818
 20
6.477420412609797
 30
0.0
 10
9.691745401027397
 20
6.472616243349769
 30
0.0
 10
9.692003723392562
 20
6.467582349088135
 30
0.0
 10
9.69204307653112
 20
6.464191458207394
 30
0.0
 10
9.692063397129463
 20
6.462440519549276
 30
0.0
  0
SPLINE
  5
35C
330
1F
100
AcDbEntity
  8
0
  6
Continuous
 62
     7
370
     0
100
AcDbSpline
210
0.0
220
0.0
230
1.0
 70
     8
 71
     3
 72
    23
 73
    19
 74
     0
 42
0.000000001
 43
0.00000001
 40
0.0
 40
0.0
 40
0.0
 40
0.0
 40
0.0906329011836341
 40
0.1753653426288626
 40
0.2541102187879563
 40
0.3274215029633289
 40
0.3955560567886158
 40
0.458873960335001
 40
0.5179348249732568
 40
0.5729694386300639
 40
0.6252987845255906
 40
0.6761318033419801
 40
0.7265933906285933
 40
0.7771870883272607
 40
0.8289458178959395
 40
0.8827904889383937
 40
0.9396206954251712
 40
0.9999999999999999
 40
0.9999999999999999
 40
0.9999999999999999
 40
0.9999999999999999
 10
9.642834444008882
 20
6.49076288964296
 30
0.0
 10
9.64285289601063
 20
6.49252388859647
 30
0.0
 10
9.642888598736317
 20
6.495931240461172
 30
0.0
 10
9.643171123153603
 20
6.500726564711264
 30
0.0
 10
9.643619171671634
 20
6.505069411791027
 30
0.0
 10
9.644274047029958
 20
6.508931521326092
 30
0.0
 10
9.645106405921345
 20
6.512339355229916
 30
0.0
 10
9.646118397691529
 20
6.515295759078793
 30
0.0
 10
9.647331323481543
 20
6.517774248352743
 30
0.0
 10
9.64873505494862
 20
6.519792166529068
 30
0.0
 10
9.650340681442495
 20
6.521349710148178
 30
0.0
 10
9.652158767741424
 20
6.522460653682415
 30
0.0
 10
9.654203792166978
 20
6.523094656989927
 30
0.0
 10
9.656446926017159
 20
6.523304078301872
 30
0.0
 10
9.658905194723681
 20
6.52303759102494
 30
0.0
 10
9.661573220914226
 20
6.522288050764379
 30
0.0
 10
9.664440777560639
 20
6.521153430573966
 30
0.0
 10
9.666426167068249
 20
6.520059476561597
 30
0.0
 10
9.667448920569173
 20
6.519495937119231
 30
0.0
  0
LINE
  5
35D
330
1F
100
AcDbEntity
  8
0
  6
Continuous
 62
     7
370
     0
100
AcDbLine
 10
9.5292022724
 20
6.5519685632
 30
0.0
 11
9.5470617534
 21
6.5869267775
 31
0.0
  0
LINE
  5
35E
330
1F
100
AcDbEntity
  8
0
  6
Continuous
 62
     7
370
     0
100
AcDbLine
 10
9.510741415
 20
6.6078940626
 30
0.0
 11
9.5292022724
 21
6.5519685632
 31
0.0
  0
LINE
  5
35F
330
1F
100
AcDbEntity
  8
0
  6
Continuous
 62
     7
370
     0
100
AcDbLine
 10
9.4978328003
 20
6.6153460472
 30
0.0
 11
9.510741415
 21
6.6078940626
 31
0.0
  0
LINE
  5
360
330
1F
100
AcDbEntity
  8
0
  6
Continuous
 62
     7
370
     0
100
AcDbLine
 10
9.4978328003
 20
6.533691966
 30
0.0
 11
9.4978328003
 21
6.6153460472
 31
0.0
  0
LINE
  5
361
330
1F
100
AcDbEntity
  8
0
  6
Continuous
 62
     7
370
     0
100
AcDbLine
 10
9.506783519
 20
6.5285248261
 30
0.0
 11
9.4978328003
 21
6.533691966
 31
0.0
  0
LINE
  5
362
330
1F
100
AcDbEntity
  8
0
  6
Continuous
 62
     7
370
     0
100
AcDbLine
 10
9.506783519
 20
6.5989385511
 30
0.0
 11
9.506783519
 21
6.5285248261
 31
0.0
  0
LINE
  5
363
330
1F
100
AcDbEntity
  8
0
  6
Continuous
 62
     7
370
     0
100
AcDbLine
 10
9.5259016948
 20
6.5402272493
 30
0.0
 11
9.506783519
 21
6.5989385511
 31
0.0
  0
LINE
  5
364
330
1F
100
AcDbEntity
  8
0
  6
Continuous
 62
     7
370
     0
100
AcDbLine
 10
9.5313840101
 20
6.5370623761
 30
0.0
 11
9.5259016948
 21
6.5402272493
 31
0.0
  0
LINE
  5
365
330
1F
100
AcDbEntity
  8
0
  6
Continuous
 62
     7
370
     0
100
AcDbLine
 10
9.5506420409
 20
6.5736195654
 30
0.0
 11
9.5313840101
 21
6.5370623761
 31
0.0
  0
LINE
  5
366
330
1F
100
AcDbEntity
  8
0
  6
Continuous
 62
     7
370
     0
100
AcDbLine
 10
9.5506420409
 20
6.5032058403
 30
0.0
 11
9.5506420409
 21
6.5736195654
 31
0.0
  0
LINE
  5
367
330
1F
100
AcDbEntity
  8
0
  6
Continuous
 62
     7
370
     0
100
AcDbLine
 10
9.5595927596
 20
6.4980387004
 30
0.0
 11
9.5506420409
 21
6.5032058403
 31
0.0
  0
LINE
  5
368
330
1F
100
AcDbEntity
  8
0
  6
Continuous
 62
     7
370
     0
100
AcDbLine
 10
9.5595927596
 20
6.5796927816
 30
0.0
 11
9.5595927596
 21
6.4980387004
 31
0.0
  0
LINE
  5
369
330
1F
100
AcDbEntity
  8
0
  6
Continuous
 62
     7
370
     0
100
AcDbLine
 10
9.5470617534
 20
6.5869267775
 30
0.0
 11
9.5595927596
 21
6.5796927816
 31
0.0
  0
LINE
  5
36A
330
1F
100
AcDbEntity
  8
0
  6
Continuous
 62
     7
370
     0
100
AcDbLine
 10
9.4530792065
 20
6.641181747
 30
0.0
 11
9.4530792065
 21
6.5688300294
 31
0.0
  0
LINE
  5
36B
330
1F
100
AcDbEntity
  8
0
  6
Continuous
 62
     7
370
     0
100
AcDbLine
 10
9.4441284878
 20
6.6463488869
 30
0.0
 11
9.4530792065
 21
6.641181747
 31
0.0
  0
LINE
  5
36C
330
1F
100
AcDbEntity
  8
0
  6
Continuous
 62
     7
370
     0
100
AcDbLine
 10
9.4441284878
 20
6.5646948057
 30
0.0
 11
9.4441284878
 21
6.6463488869
 31
0.0
  0
LINE
  5
36D
330
1F
100
AcDbEntity
  8
0
  6
Continuous
 62
     7
370
     0
100
AcDbLine
 10
9.4879870096
 20
6.53937582
 30
0.0
 11
9.4441284878
 21
6.5646948057
 31
0.0
  0
LINE
  5
36E
330
1F
100
AcDbEntity
  8
0
  6
Continuous
 62
     7
370
     0
100
AcDbLine
 10
9.4879870096
 20
6.5486781836
 30
0.0
 11
9.4879870096
 21
6.53937582
 31
0.0
  0
LINE
  5
36F
330
1F
100
AcDbEntity
  8
0
  6
Continuous
 62
     7
370
     0
100
AcDbLine
 10
9.4530792065
 20
6.5688300294
 30
0.0
 11
9.4879870096
 21
6.5486781836
 31
0.0
  0
SPLINE
  5
370
330
1F
100
AcDbEntity
  8
0
  6
Continuous
 62
     7
370
     0
100
AcDbSpline
210
0.0
220
0.0
230
1.0
 70
     8
 71
     3
 72
    15
 73
    11
 74
     0
 42
0.000000001
 43
0.00000001
 40
0.0
 40
0.0
 40
0.0
 40
0.0
 40
0.1204601605038168
 40
0.2373845007654854
 40
0.3534929525856126
 40
0.4690032709078607
 40
0.5878575309050481
 40
0.7148212612045094
 40
0.851377805592117
 40
1.0
 40
1.0
 40
1.0
 40
1.0
 10
9.616891345134256
 20
6.542189929519181
 30
0.0
 10
9.617499212295792
 20
6.541354907347771
 30
0.0
 10
9.61869710413048
 20
6.539709373085994
 30
0.0
 10
9.620287420509756
 20
6.537083727874707
 30
0.0
 10
9.621681746286836
 20
6.534405573124924
 30
0.0
 10
9.622856635922053
 20
6.531646226838566
 30
0.0
 10
9.623825372603033
 20
6.528777591017655
 30
0.0
 10
9.624455352289722
 20
6.525800096783922
 30
0.0
 10
9.624878415783432
 20
6.52267487697218
 30
0.0
 10
9.62491430347638
 20
6.520635518387976
 30
0.0
 10
9.624933006510489
 20
6.519572697403322
 30
0.0
  0
SPLINE
  5
371
330
1F
100
AcDbEntity
  8
0
  6
Continuous
 62
     7
370
     0
100
AcDbSpline
210
0.0
220
0.0
230
1.0
 70
     8
 71
     3
 72
    15
 73
    11
 74
     0
 42
0.000000001
 43
0.00000001
 40
0.0
 40
0.0
 40
0.0
 40
0.0
 40
0.1610519726672532
 40
0.3088852512014142
 40
0.4423350676483699
 40
0.5631769465949317
 40
0.6760013357488857
 40
0.785386861295352
 40
0.8934793501665322
 40
1.0
 40
1.0
 40
1.0
 40
1.0
 10
9.598794110663224
 20
6.557062323324679
 30
0.0
 10
9.599801219824565
 20
6.556467739920718
 30
0.0
 10
9.601732777452431
 20
6.555327374850664
 30
0.0
 10
9.604496416565722
 20
6.553563907007161
 30
0.0
 10
9.606997570972661
 20
6.55181073887804
 30
0.0
 10
9.609268054668497
 20
6.550094088576336
 30
0.0
 10
9.611354386200436
 20
6.548299698786783
 30
0.0
 10
9.613315744501326
 20
6.546410558029328
 30
0.0
 10
9.615166853690559
 20
6.544376471632957
 30
0.0
 10
9.616319328249794
 20
6.542915209434159
 30
0.0
 10
9.616891345134256
 20
6.542189929519181
 30
0.0
  0
LINE
  5
372
330
1F
100
AcDbEntity
  8
0
  6
Continuous
 62
     7
370
     0
100
AcDbLine
 10
9.5792843409
 20
6.5683250737
 30
0.0
 11
9.5987941107
 21
6.5570623233
 31
0.0
  0
LINE
  5
373
330
1F
100
AcDbEntity
  8
0
  6
Continuous
 62
     7
370
     0
100
AcDbLine
 10
9.5792843409
 20
6.4866709925
 30
0.0
 11
9.5792843409
 21
6.5683250737
 31
0.0
  0
LINE
  5
374
330
1F
100
AcDbEntity
  8
0
  6
Continuous
 62
     7
370
     0
100
AcDbLine
 10
9.5882350596
 20
6.4815038525
 30
0.0
 11
9.5792843409
 21
6.4866709925
 31
0.0
  0
LINE
  5
375
330
1F
100
AcDbEntity
  8
0
  6
Continuous
 62
     7
370
     0
100
AcDbLine
 10
9.5882350596
 20
6.5135453274
 30
0.0
 11
9.5882350596
 21
6.4815038525
 31
0.0
  0
LINE
  5
376
330
1F
100
AcDbEntity
  8
0
  6
Continuous
 62
     7
370
     0
100
AcDbLine
 10
9.6030037456
 20
6.5050195465
 30
0.0
 11
9.5882350596
 21
6.5135453274
 31
0.0
  0
LINE
  5
377
330
1F
100
AcDbEntity
  8
0
  6
Continuous
 62
     7
370
     0
100
AcDbLine
 10
9.6266951793
 20
6.4593012981
 30
0.0
 11
9.6030037456
 21
6.5050195465
 31
0.0
  0
LINE
  5
378
330
1F
100
AcDbEntity
  8
0
  6
Continuous
 62
     7
370
     0
100
AcDbLine
 10
9.6374640128
 20
6.4530845828
 30
0.0
 11
9.6266951793
 21
6.4593012981
 31
0.0
  0
LINE
  5
379
330
1F
100
AcDbEntity
  8
0
  6
Continuous
 62
     7
370
     0
100
AcDbLine
 10
9.6108076535
 20
6.5037767336
 30
0.0
 11
9.6374640128
 21
6.4530845828
 31
0.0
  0
SPLINE
  5
37A
330
1F
100
AcDbEntity
  8
0
  6
Continuous
 62
     7
370
     0
100
AcDbSpline
210
0.0
220
0.0
230
1.0
 70
     8
 71
     3
 72
    23
 73
    19
 74
     0
 42
0.000000001
 43
0.00000001
 40
0.0
 40
0.0
 40
0.0
 40
0.0
 40
0.0703830305476875
 40
0.1379489199197056
 40
0.2034888084440799
 40
0.2668116458442013
 40
0.328939523656463
 40
0.3896346109119581
 40
0.4495664907690713
 40
0.5094054054689503
 40
0.5688230343965488
 40
0.6282063740288426
 40
0.6879203520712691
 40
0.7483104144166672
 40
0.8093179049203332
 40
0.871253151261671
 40
0.9346509967026074
 40
1.0
 40
1.0
 40
1.0
 40
1.0
 10
9.624933006510489
 20
6.519572697403322
 30
0.0
 10
9.624924086025302
 20
6.518850523841301
 30
0.0
 10
9.624906602105002
 20
6.517435082333595
 30
0.0
 10
9.62471545696668
 20
6.515452411418
 30
0.0
 10
9.624426130252012
 20
6.513616964956931
 30
0.0
 10
9.624022731239
 20
6.511930149276786
 30
0.0
 10
9.623488459517658
 20
6.510415228940057
 30
0.0
 10
9.622848672321966
 20
6.509044514401703
 30
0.0
 10
9.622070324167838
 20
6.507857461724025
 30
0.0
 10
9.621190356367183
 20
6.506816373481698
 30
0.0
 10
9.62020967726257
 20
6.505922414598098
 30
0.0
 10
9.619124161417586
 20
6.505194502379925
 30
0.0
 10
9.617965247739482
 20
6.504577842650884
 30
0.0
 10
9.61670208495641
 20
6.504132271010319
 30
0.0
 10
9.615357258496243
 20
6.503821715578576
 30
0.0
 10
9.613921900092887
 20
6.503669472324957
 30
0.0
 10
9.612411066065938
 20
6.503622923941799
 30
0.0
 10
9.611347497138865
 20
6.503724948351643
 30
0.0
 10
9.610807653484411
 20
6.503776733646278
 30
0.0
  0
SPLINE
  5
37B
330
1F
100
AcDbEntity
  8
0
  6
Continuous
 62
     7
370
     0
100
AcDbSpline
210
0.0
220
0.0
230
1.0
 70
     8
 71
     3
 72
    11
 73
     7
 74
     0
 42
0.000000001
 43
0.00000001
 40
0.0
 40
0.0
 40
0.0
 40
0.0
 40
0.2637317048431361
 40
0.5305144675004306
 40
0.7847266135326568
 40
1.0
 40
1.0
 40
1.0
 40
1.0
 10
9.718915553377053
 20
6.456273763258141
 30
0.0
 10
9.71960986082345
 20
6.455942647752111
 30
0.0
 10
9.721006508016194
 20
6.455276586132909
 30
0.0
 10
9.723077889002054
 20
6.454196618374099
 30
0.0
 10
9.725022070469882
 20
6.453158262346707
 30
0.0
 10
9.726262548424756
 20
6.452460203405603
 30
0.0
 10
9.726831345270874
 20
6.452140122163898
 30
0.0
  0
LINE
  5
37C
330
1F
100
AcDbEntity
  8
0
  6
Continuous
 62
     7
370
     0
100
AcDbLine
 10
9.7189155534
 20
6.4784153268
 30
0.0
 11
9.7189155534
 21
6.4562737633
 31
0.0
  0
LINE
  5
37D
330
1F
100
AcDbEntity
  8
0
  6
Continuous
 62
     7
370
     0
100
AcDbLine
 10
9.7520332127
 20
6.459296909
 30
0.0
 11
9.7189155534
 21
6.4784153268
 31
0.0
  0
LINE
  5
37E
330
1F
100
AcDbEntity
  8
0
  6
Continuous
 62
     7
370
     0
100
AcDbLine
 10
9.7520332127
 20
6.4685992727
 30
0.0
 11
9.7520332127
 21
6.459296909
 31
0.0
  0
LINE
  5
37F
330
1F
100
AcDbEntity
  8
0
  6
Continuous
 62
     7
370
     0
100
AcDbLine
 10
9.7099648346
 20
6.4928848304
 30
0.0
 11
9.7520332127
 21
6.4685992727
 31
0.0
  0
LINE
  5
380
330
1F
100
AcDbEntity
  8
0
  6
Continuous
 62
     7
370
     0
100
AcDbLine
 10
9.7099648346
 20
6.4505073959
 30
0.0
 11
9.7099648346
 21
6.4928848304
 31
0.0
  0
SPLINE
  5
381
330
1F
100
AcDbEntity
  8
0
  6
Continuous
 62
     7
370
     0
100
AcDbSpline
210
0.0
220
0.0
230
1.0
 70
     8
 71
     3
 72
    13
 73
     9
 74
     0
 42
0.000000001
 43
0.00000001
 40
0.0
 40
0.0
 40
0.0
 40
0.0
 40
0.2763740851291956
 40
0.5438410492241024
 40
0.6706925999621661
 40
0.7891162865557773
 40
0.8993055339000612
 40
1.0
 40
1.0
 40
1.0
 40
1.0
 10
9.724565694587485
 20
6.444145690783587
 30
0.0
 10
9.72320769187679
 20
6.444897007288828
 30
0.0
 10
9.72053545284002
 20
6.446375426498498
 30
0.0
 10
9.717260101908728
 20
6.447806326570388
 30
0.0
 10
9.714774685800005
 20
6.448772998052461
 30
0.0
 10
9.713051945976149
 20
6.449437671152277
 30
0.0
 10
9.71146475201436
 20
6.449992868376767
 30
0.0
 10
9.710449571333903
 20
6.45034111315419
 30
0.0
 10
9.709964834627858
 20
6.450507395895337
 30
0.0
  0
SPLINE
  5
382
330
1F
100
AcDbEntity
  8
0
  6
Continuous
 62
     7
370
     0
100
AcDbSpline
210
0.0
220
0.0
230
1.0
 70
     8
 71
     3
 72
    15
 73
    11
 74
     0
 42
0.000000001
 43
0.00000001
 40
0.0
 40
0.0
 40
0.0
 40
0.0
 40
0.1069499386345053
 40
0.2174399329484103
 40
0.3320869632292295
 40
0.4531071753292058
 40
0.5800630846739256
 40
0.713816978580866
 40
0.8536709963201081
 40
1.0
 40
1.0
 40
1.0
 40
1.0
 10
9.738369381158511
 20
6.432349457088939
 30
0.0
 10
9.737947458790943
 20
6.432934650095619
 30
0.0
 10
9.737089648375298
 20
6.434124406067048
 30
0.0
 10
9.73564761835493
 20
6.435766877692274
 30
0.0
 10
9.734084004624258
 20
6.437339914426859
 30
0.0
 10
9.732387572976666
 20
6.438805141278947
 30
0.0
 10
9.730577307995624
 20
6.440213561204739
 30
0.0
 10
9.728664017430207
 20
6.44159359231513
 30
0.0
 10
9.726647028421365
 20
6.442921148311093
 30
0.0
 10
9.725269858838564
 20
6.443731399227363
 30
0.0
 10
9.724565694587485
 20
6.444145690783587
 30
0.0
  0
SPLINE
  5
383
330
1F
100
AcDbEntity
  8
0
  6
Continuous
 62
     7
370
     0
100
AcDbSpline
210
0.0
220
0.0
230
1.0
 70
     8
 71
     3
 72
    15
 73
    11
 74
     0
 42
0.000000001
 43
0.00000001
 40
0.0
 40
0.0
 40
0.0
 40
0.0
 40
0.1505488395741713
 40
0.2903783435821629
 40
0.4205058450135155
 40
0.5432020229568343
 40
0.6604043168689908
 40
0.7747975120726794
 40
0.8870065209126293
 40
1.0
 40
1.0
 40
1.0
 40
1.0
 10
9.743082493999886
 20
6.417726131432254
 30
0.0
 10
9.743064271371614
 20
6.418420861856273
 30
0.0
 10
9.743029123597452
 20
6.419760856706671
 30
0.0
 10
9.742820669146981
 20
6.421783732702407
 30
0.0
 10
9.742403494626542
 20
6.423748148846821
 30
0.0
 10
9.741864697251657
 20
6.425627199573943
 30
0.0
 10
9.741163072590956
 20
6.427429363707996
 30
0.0
 10
9.740372083063534
 20
6.429157799144471
 30
0.0
 10
9.739439517207611
 20
6.430813617757908
 30
0.0
 10
9.738726920594454
 20
6.431836323148093
 30
0.0
 10
9.738369381158511
 20
6.432349457088939
 30
0.0
  0
SPLINE
  5
384
330
1F
100
AcDbEntity
  8
0
  6
Continuous
 62
     7
370
     0
100
AcDbSpline
210
0.0
220
0.0
230
1.0
 70
     8
 71
     3
 72
    15
 73
    11
 74
     0
 42
0.000000001
 43
0.00000001
 40
0.0
 40
0.0
 40
0.0
 40
0.0
 40
0.1143181762358414
 40
0.2293559284678864
 40
0.3446961538044085
 40
0.4636009172681073
 40
0.5874065965996771
 40
0.7170770247335707
 40
0.8550514622622402
 40
1.0
 40
1.0
 40
1.0
 40
1.0
 10
9.738928801080336
 20
6.406735709587958
 30
0.0
 10
9.739259836235098
 20
6.406950158277692
 30
0.0
 10
9.739923990246083
 20
6.40738040550488
 30
0.0
 10
9.74075211257672
 20
6.408287851566318
 30
0.0
 10
9.741479035491361
 20
6.409349913434318
 30
0.0
 10
9.742063905116805
 20
6.410623426652285
 30
0.0
 10
9.742529513491343
 20
6.412089445594502
 30
0.0
 10
9.74284368281432
 20
6.413781962493591
 30
0.0
 10
9.743041838026711
 20
6.415665974061822
 30
0.0
 10
9.743068721117881
 20
6.417028219116809
 30
0.0
 10
9.743082493999886
 20
6.417726131432254
 30
0.0
  0
SPLINE
  5
385
330
1F
100
AcDbEntity
  8
0
  6
Continuous
 62
     7
370
     0
100
AcDbSpline
210
0.0
220
0.0
230
1.0
 70
     8
 71
     3
 72
    15
 73
    11
 74
     0
 42
0.000000001
 43
0.00000001
 40
0.0
 40
0.0
 40
0.0
 40
0.0
 40
0.125539067257486
 40
0.2507111945492181
 40
0.3739622895669254
 40
0.4983002186059112
 40
0.6221794969406709
 40
0.7459426855879191
 40
0.8708711216188378
 40
1.0
 40
1.0
 40
1.0
 40
1.0
 10
9.726985185749378
 20
6.408640281440719
 30
0.0
 10
9.727531150856795
 20
6.408336137509528
 30
0.0
 10
9.728621485262275
 20
6.407728738633865
 30
0.0
 10
9.730238363356273
 20
6.407015568319211
 30
0.0
 10
9.731833130517687
 20
6.40643331804089
 30
0.0
 10
9.733396255753133
 20
6.406007343423538
 30
0.0
 10
9.734915895911353
 20
6.405783394194764
 30
0.0
 10
9.736345404802131
 20
6.405845337718312
 30
0.0
 10
9.737712638951644
 20
6.406119019087702
 30
0.0
 10
9.738518969894972
 20
6.406527892724762
 30
0.0
 10
9.738928801080336
 20
6.406735709587958
 30
0.0
  0
SPLINE
  5
386
330
1F
100
AcDbEntity
  8
0
  6
Continuous
 62
     7
370
     0
100
AcDbSpline
210
0.0
220
0.0
230
1.0
 70
     8
 71
     3
 72
    15
 73
    11
 74
     0
 42
0.000000001
 43
0.00000001
 40
0.0
 40
0.0
 40
0.0
 40
0.0
 40
0.1156896179953355
 40
0.236357884300005
 40
0.3613668393402093
 40
0.4927369458780019
 40
0.6246340710403729
 40
0.7530143733070397
 40
0.8773872139737714
 40
1.0
 40
1.0
 40
1.0
 40
1.0
 10
9.707936937411242
 20
6.426871772893965
 30
0.0
 10
9.70859188254075
 20
6.425995459729136
 30
0.0
 10
9.709929958055437
 20
6.424205121674503
 30
0.0
 10
9.712110423388271
 20
6.421652856384405
 30
0.0
 10
9.714426208610766
 20
6.419069962384272
 30
0.0
 10
9.716881657536295
 20
6.416556792016173
 30
0.0
 10
9.719414177369067
 20
6.414170562669428
 30
0.0
 10
9.721959482338729
 20
6.412045316117349
 30
0.0
 10
9.724479976234512
 20
6.410157589565958
 30
0.0
 10
9.72615409257466
 20
6.409143642305088
 30
0.0
 10
9.726985185749378
 20
6.408640281440719
 30
0.0
  0
LINE
  5
387
330
1F
100
AcDbEntity
  8
0
  6
Continuous
 62
     7
370
     0
100
AcDbLine
 10
9.707279619
 20
6.4272512347
 30
0.0
 11
9.7079369374
 21
6.4268717729
 31
0.0
  0
LINE
  5
388
330
1F
100
AcDbEntity
  8
0
  6
Continuous
 62
     7
370
     0
100
AcDbLine
 10
9.707279619
 20
6.4155425304
 30
0.0
 11
9.707279619
 21
6.4272512347
 31
0.0
  0
SPLINE
  5
389
330
1F
100
AcDbEntity
  8
0
  6
Continuous
 62
     7
370
     0
100
AcDbSpline
210
0.0
220
0.0
230
1.0
 70
     8
 71
     3
 72
    15
 73
    11
 74
     0
 42
0.000000001
 43
0.00000001
 40
0.0
 40
0.0
 40
0.0
 40
0.0
 40
0.1376995973635103
 40
0.2738121507321447
 40
0.4079783403477115
 40
0.540702405927691
 40
0.6686583401886329
 40
0.7870670500596362
 40
0.8979574012981608
 40
1.0
 40
1.0
 40
1.0
 40
1.0
 10
9.727320837702472
 20
6.399144150012949
 30
0.0
 10
9.726373904196498
 20
6.399703124845227
 30
0.0
 10
9.72449095097924
 20
6.400814632096967
 30
0.0
 10
9.721695640003732
 20
6.402722792922789
 30
0.0
 10
9.718948398747541
 20
6.404732533539478
 30
0.0
 10
9.716285777278452
 20
6.406888301046986
 30
0.0
 10
9.713755697873786
 20
6.409076530655484
 30
0.0
 10
9.71140888274666
 20
6.411268779052271
 30
0.0
 10
9.709253371981353
 20
6.413371731189432
 30
0.0
 10
9.707919055568777
 20
6.414839256818578
 30
0.0
 10
9.7072796190031
 20
6.415542530449555
 30
0.0
  0
SPLINE
  5
38A
330
1F
100
AcDbEntity
  8
0
  6
Continuous
 62
     7
370
     0
100
AcDbSpline
210
0.0
220
0.0
230
1.0
 70
     8
 71
     3
 72
    15
 73
    11
 74
     0
 42
0.000000001
 43
0.00000001
 40
0.0
 40
0.0
 40
0.0
 40
0.0
 40
0.1149281894735036
 40
0.2293581704428493
 40
0.3459192613417066
 40
0.4654998677269272
 40
0.5890786490471934
 40
0.718363968819869
 40
0.8552196250883527
 40
1.0
 40
1.0
 40
1.0
 40
1.0
 10
9.746243216558195
 20
6.396214712003364
 30
0.0
 10
9.745663153708922
 20
6.395924574222448
 30
0.0
 10
9.744505542556594
 20
6.395345556394777
 30
0.0
 10
9.74254356784807
 20
6.394897701730511
 30
0.0
 10
9.740440205444191
 20
6.394729127396315
 30
0.0
 10
9.738162616342631
 20
6.394895763015453
 30
0.0
 10
9.735713600188651
 20
6.395399359846255
 30
0.0
 10
9.73307990640408
 20
6.396280967899266
 30
0.0
 10
9.730262062190137
 20
6.397515032621252
 30
0.0
 10
9.72831946622131
 20
6.398591018793382
 30
0.0
 10
9.727320837702472
 20
6.399144150012949
 30
0.0
  0
SPLINE
  5
38B
330
1F
100
AcDbEntity
  8
0
  6
Continuous
 62
     7
370
     0
100
AcDbSpline
210
0.0
220
0.0
230
1.0
 70
     8
 71
     3
 72
    15
 73
    11
 74
     0
 42
0.000000001
 43
0.00000001
 40
0.0
 40
0.0
 40
0.0
 40
0.0
 40
0.1308008882041957
 40
0.2589990533849434
 40
0.3872122659295008
 40
0.5158717970719201
 40
0.6428148133703804
 40
0.7641840704950137
 40
0.8832864287581043
 40
1.0
 40
1.0
 40
1.0
 40
1.0
 10
9.752928284624002
 20
6.412123027173905
 30
0.0
 10
9.75290743009573
 20
6.411186217958716
 30
0.0
 10
9.752866136010075
 20
6.409331240494363
 30
0.0
 10
9.75251529704466
 20
6.406749243532361
 30
0.0
 10
9.751958757267515
 20
6.404349816663356
 30
0.0
 10
9.751175682717735
 20
6.402165217845358
 30
0.0
 10
9.750208429483482
 20
6.400224470079839
 30
0.0
 10
9.749067701811356
 20
6.398563004645732
 30
0.0
 10
9.747758539631926
 20
6.3972063140221
 30
0.0
 10
9.746744901572203
 20
6.396543006267
 30
0.0
 10
9.746243216558195
 20
6.396214712003364
 30
0.0
  0
SPLINE
  5
38C
330
1F
100
AcDbEntity
  8
0
  6
Continuous
 62
     7
370
     0
100
AcDbSpline
210
0.0
220
0.0
230
1.0
 70
     8
 71
     3
 72
    15
 73
    11
 74
     0
 42
0.000000001
 43
0.00000001
 40
0.0
 40
0.0
 40
0.0
 40
0.0
 40
0.1158118640582033
 40
0.229276543177206
 40
0.3432311914323884
 40
0.4594973522796813
 40
0.5798850338220153
 40
0.7093386528253417
 40
0.8485939877133426
 40
1.0
 40
1.0
 40
1.0
 40
1.0
 10
9.74491459424386
 20
6.43658135472598
 30
0.0
 10
9.745529060481438
 20
6.435700891954204
 30
0.0
 10
9.746745539431986
 20
6.433957810946481
 30
0.0
 10
9.748336223959726
 20
6.431164991893432
 30
0.0
 10
9.7497173241127
 20
6.428285392079833
 30
0.0
 10
9.750887730184077
 20
6.425298830717192
 30
0.0
 10
9.751830992141716
 20
6.422177297341866
 30
0.0
 10
9.752470401639826
 20
6.418930054816109
 30
0.0
 10
9.752867935901355
 20
6.41552647724764
 30
0.0
 10
9.752907615467487
 20
6.413288692977209
 30
0.0
 10
9.752928284624002
 20
6.412123027173905
 30
0.0
  0
SPLINE
  5
38D
330
1F
100
AcDbEntity
  8
0
  6
Continuous
 62
     7
370
     0
100
AcDbSpline
210
0.0
220
0.0
230
1.0
 70
     8
 71
     3
 72
    15
 73
    11
 74
     0
 42
0.000000001
 43
0.00000001
 40
0.0
 40
0.0
 40
0.0
 40
0.0
 40
0.147900999927338
 40
0.2864944775198828
 40
0.4169003948360013
 40
0.5381234042521711
 40
0.6547170016593041
 40
0.7700685640297279
 40
0.8844779602490948
 40
1.0
 40
1.0
 40
1.0
 40
1.0
 10
9.726831345270874
 20
6.452140122163898
 30
0.0
 10
9.727764031779428
 20
6.451591407791817
 30
0.0
 10
9.72957071012568
 20
6.450528510060128
 30
0.0
 10
9.732194506982593
 20
6.448800593449055
 30
0.0
 10
9.734637817898875
 20
6.447043400981073
 30
0.0
 10
9.736920932889376
 20
6.445226342660465
 30
0.0
 10
9.739071973815225
 20
6.443305678848443
 30
0.0
 10
9.741117203358444
 20
6.441232702770121
 30
0.0
 10
9.7430831993646
 20
6.439004064189659
 30
0.0
 10
9.744302163086235
 20
6.437391525584395
 30
0.0
 10
9.74491459424386
 20
6.43658135472598
 30
0.0
  0
LINE
  5
38E
330
1F
100
AcDbEntity
  8
0
  6
Continuous
 62
     7
370
     0
100
AcDbLine
 10
9.4673452588
 20
6.752373956
 30
0.0
 11
9.4673544686
 21
6.7880503006
 31
0.0
  0
LINE
  5
38F
330
1F
100
AcDbEntity
  8
0
  6
Continuous
 62
     7
370
     0
100
AcDbLine
 10
9.4381100879
 20
6.7692611233
 30
0.0
 11
9.4673452588
 21
6.752373956
 31
0.0
  0
LINE
  5
390
330
1F
100
AcDbEntity
  8
0
  6
Continuous
 62
     7
370
     0
100
AcDbLine
 10
9.4381192976
 20
6.8049374678
 30
0.0
 11
9.4381100879
 21
6.7692611233
 31
0.0
  0
LINE
  5
391
330
1F
100
AcDbEntity
  8
0
  6
Continuous
 62
     7
370
     0
100
AcDbLine
 10
9.3452960381
 20
6.8585551432
 30
0.0
 11
9.4381192976
 21
6.8049374678
 31
0.0
  0
LINE
  5
392
330
1F
100
AcDbEntity
  8
0
  6
Continuous
 62
     7
370
     0
100
AcDbLine
 10
9.3452903706
 20
6.8366008953
 30
0.0
 11
9.3452960381
 21
6.8585551432
 31
0.0
  0
LINE
  5
393
330
1F
100
AcDbEntity
  8
0
  6
Continuous
 62
     7
370
     0
100
AcDbLine
 10
9.3707058882
 20
6.8219200817
 30
0.0
 11
9.3452903706
 21
6.8366008953
 31
0.0
  0
LINE
  5
394
330
1F
100
AcDbEntity
  8
0
  6
Continuous
 62
     7
370
     0
100
AcDbLine
 10
9.3706862648
 20
6.7459040366
 30
0.0
 11
9.3707058882
 21
6.8219200817
 31
0.0
  0
LINE
  5
395
330
1F
100
AcDbEntity
  8
0
  6
Continuous
 62
     7
370
     0
100
AcDbLine
 10
9.392879827
 20
6.7330843272
 30
0.0
 11
9.3706862648
 21
6.7459040366
 31
0.0
  0
LINE
  5
396
330
1F
100
AcDbEntity
  8
0
  6
Continuous
 62
     7
370
     0
100
AcDbLine
 10
9.3928994506
 20
6.8091009007
 30
0.0
 11
9.392879827
 21
6.7330843272
 31
0.0
  0
LINE
  5
397
330
1F
100
AcDbEntity
  8
0
  6
Continuous
 62
     7
370
     0
100
AcDbLine
 10
9.415922122
 20
6.7958022713
 30
0.0
 11
9.3928994506
 21
6.8091009007
 31
0.0
  0
LINE
  5
398
330
1F
100
AcDbEntity
  8
0
  6
Continuous
 62
     7
370
     0
100
AcDbLine
 10
9.4159024985
 20
6.7197856978
 30
0.0
 11
9.415922122
 21
6.7958022713
 31
0.0
  0
LINE
  5
399
330
1F
100
AcDbEntity
  8
0
  6
Continuous
 62
     7
370
     0
100
AcDbLine
 10
9.4380940068
 20
6.7069671748
 30
0.0
 11
9.4159024985
 21
6.7197856978
 31
0.0
  0
LINE
  5
39A
330
1F
100
AcDbEntity
  8
0
  6
Continuous
 62
     7
370
     0
100
AcDbLine
 10
9.4381044214
 20
6.7473105657
 30
0.0
 11
9.4380940068
 21
6.7069671748
 31
0.0
  0
LINE
  5
39B
330
1F
100
AcDbEntity
  8
0
  6
Continuous
 62
     7
370
     0
100
AcDbLine
 10
9.4673395923
 20
6.7304233985
 30
0.0
 11
9.4381044214
 21
6.7473105657
 31
0.0
  0
LINE
  5
39C
330
1F
100
AcDbEntity
  8
0
  6
Continuous
 62
     7
370
     0
100
AcDbLine
 10
9.4673291777
 20
6.6900800076
 30
0.0
 11
9.4673395923
 21
6.7304233985
 31
0.0
  0
LINE
  5
39D
330
1F
100
AcDbEntity
  8
0
  6
Continuous
 62
     7
370
     0
100
AcDbLine
 10
9.4895234246
 20
6.6772599027
 30
0.0
 11
9.4673291777
 21
6.6900800076
 31
0.0
  0
LINE
  5
39E
330
1F
100
AcDbEntity
  8
0
  6
Continuous
 62
     7
370
     0
100
AcDbLine
 10
9.4895487155
 20
6.7752301957
 30
0.0
 11
9.4895234246
 21
6.6772599027
 31
0.0
  0
LINE
  5
39F
330
1F
100
AcDbEntity
  8
0
  6
Continuous
 62
     7
370
     0
100
AcDbLine
 10
9.4673544686
 20
6.7880503006
 30
0.0
 11
9.4895487155
 21
6.7752301957
 31
0.0
  0
LINE
  5
3A0
330
1F
100
AcDbEntity
  8
0
  6
Continuous
 62
     7
370
     0
100
AcDbLine
 10
9.257477842
 20
7.0472280073
 30
0.0
 11
9.3912554322
 21
6.3665863436
 31
0.0
  0
LINE
  5
3A1
330
1F
100
AcDbEntity
  8
0
  6
Continuous
 62
     7
370
     0
100
AcDbLine
 10
9.8693514433
 20
6.0905873913
 30
0.0
 11
10.0687125821
 21
6.8747315036
 31
0.0
  0
LINE
  5
3A2
330
1F
100
AcDbEntity
  8
0
  6
Continuous
 62
     7
370
     0
100
AcDbLine
 10
9.3912554322
 20
6.3665863436
 30
0.0
 11
9.8693514433
 21
6.0905873913
 31
0.0
  0
LWPOLYLINE
  5
3A3
330
1F
100
AcDbEntity
  8
0
  6
Continuous
 62
     7
370
     0
100
AcDbPolyline
 90
      241
 70
   128
 43
0.0
 10
9.8813263451
 20
6.9818905527
 10
9.8812015565
 20
6.9929704831
 10
9.8808272765
 20
7.0041868976
 10
9.8802037614
 20
7.0155321092
 10
9.8793314385
 20
7.0269983422
 10
9.8782109059
 20
7.0385777384
 10
9.8768429313
 20
7.0502623618
 10
9.8752284523
 20
7.0620442044
 10
9.8733685755
 20
7.0739151914
 10
9.8712645755
 20
7.0858671871
 10
9.8689178942
 20
7.0978920002
 10
9.86633014
 20
7.1099813895
 10
9.8635030864
 20
7.1221270695
 10
9.8604386709
 20
7.1343207161
 10
9.8571389937
 20
7.1465539725
 10
9.8536063162
 20
7.1588184546
 10
9.8498430596
 20
7.171105757
 10
9.845851803
 20
7.1834074584
 10
9.8416352818
 20
7.195715128
 10
9.8371963858
 20
7.2080203307
 10
9.8325381572
 20
7.2203146331
 10
9.8276637885
 20
7.2325896094
 10
9.8225766203
 20
7.2448368468
 10
9.8172801393
 20
7.2570479517
 10
9.8117779752
 20
7.2692145553
 10
9.8060738991
 20
7.2813283191
 10
9.8001718201
 20
7.293380941
 10
9.7940757834
 20
7.3053641607
 10
9.7877899667
 20
7.3172697656
 10
9.7813186781
 20
7.329089596
 10
9.7746663528
 20
7.3408155514
 10
9.7678375498
 20
7.3524395953
 10
9.7608369492
 20
7.3639537611
 10
9.7536693491
 20
7.3753501577
 10
9.7463396615
 20
7.3866209745
 10
9.7388529101
 20
7.397758487
 10
9.7312142257
 20
7.4087550622
 10
9.7234288437
 20
7.4196031636
 10
9.7155020996
 20
7.4302953564
 10
9.7074394261
 20
7.4408243127
 10
9.6992463489
 20
7.4511828165
 10
9.6909284832
 20
7.4613637687
 10
9.6824915297
 20
7.4713601916
 10
9.6739412705
 20
7.4811652342
 10
9.6652835656
 20
7.4907721767
 10
9.6565243486
 20
7.5001744349
 10
9.6476696225
 20
7.509365565
 10
9.6387254561
 20
7.5183392678
 10
9.6296979791
 20
7.5270893933
 10
9.6205933785
 20
7.5356099445
 10
9.6114178942
 20
7.5438950818
 10
9.6021778147
 20
7.5519391271
 10
9.5928794725
 20
7.5597365674
 10
9.5835292403
 20
7.5672820586
 10
9.5741335264
 20
7.5745704295
 10
9.5646987699
 20
7.581596685
 10
9.5552314371
 20
7.5883560097
 10
9.5457380165
 20
7.594843771
 10
9.5362250142
 20
7.6010555225
 10
9.5266989501
 20
7.6069870071
 10
9.5171663528
 20
7.6126341596
 10
9.5076337555
 20
7.6179931097
 10
9.4981076913
 20
7.6230601846
 10
9.4885946891
 20
7.6278319117
 10
9.4791012684
 20
7.6323050206
 10
9.4696339356
 20
7.6364764457
 10
9.4601991792
 20
7.6403433281
 10
9.4508034652
 20
7.6439030177
 10
9.441453233
 20
7.6471530747
 10
9.4321548909
 20
7.6500912718
 10
9.4229148113
 20
7.6527155953
 10
9.413739327
 20
7.6550242466
 10
9.4046347265
 20
7.6570156435
 10
9.3956072495
 20
7.6586884211
 10
9.386663083
 20
7.660041433
 10
9.377808357
 20
7.661073752
 10
9.36904914
 20
7.6617846705
 10
9.3603914351
 20
7.6621737013
 10
9.3518411759
 20
7.6622405778
 10
9.3434042223
 20
7.6619852541
 10
9.3350863566
 20
7.6614079053
 10
9.3268932795
 20
7.6605089271
 10
9.318830606
 20
7.6592889354
 10
9.3109038619
 20
7.6577487665
 10
9.3031184798
 20
7.655889476
 10
9.2954797955
 20
7.653712338
 10
9.287993044
 20
7.6512188447
 10
9.2806633565
 20
7.6484107049
 10
9.2734957563
 20
7.6452898434
 10
9.2664951558
 20
7.6418583989
 10
9.2596663528
 20
7.6381187231
 10
9.2530140274
 20
7.6340733792
 10
9.2465427388
 20
7.6297251394
 10
9.2402569222
 20
7.625076984
 10
9.2341608854
 20
7.6201320985
 10
9.2282588065
 20
7.6148938719
 10
9.2225547303
 20
7.6093658942
 10
9.2170525663
 20
7.6035519541
 10
9.2117560852
 20
7.597456036
 10
9.2066689171
 20
7.5910823179
 10
9.2017945484
 20
7.584435168
 10
9.1971363198
 20
7.5775191418
 10
9.1926974238
 20
7.5703389793
 10
9.1884809026
 20
7.5628996015
 10
9.1844896459
 20
7.5552061069
 10
9.1807263893
 20
7.5472637681
 10
9.1771937118
 20
7.5390780286
 10
9.1738940346
 20
7.5306544984
 10
9.1708296191
 20
7.5219989506
 10
9.1680025655
 20
7.5131173173
 10
9.1654148113
 20
7.5040156854
 10
9.16306813
 20
7.4947002928
 10
9.16096413
 20
7.4851775238
 10
9.1591042532
 20
7.4754539049
 10
9.1574897743
 20
7.4655361
 10
9.1561217997
 20
7.4554309064
 10
9.155001267
 20
7.4451452497
 10
9.1541289442
 20
7.4346861792
 10
9.1535054291
 20
7.4240608629
 10
9.153131149
 20
7.4132765829
 10
9.1530063605
 20
7.4023407303
 10
9.153131149
 20
7.3912607999
 10
9.1535054291
 20
7.3800443853
 10
9.1541289442
 20
7.3686991738
 10
9.155001267
 20
7.3572329408
 10
9.1561217997
 20
7.3456535446
 10
9.1574897743
 20
7.3339689212
 10
9.1591042532
 20
7.3221870786
 10
9.16096413
 20
7.3103160916
 10
9.16306813
 20
7.2983640959
 10
9.1654148113
 20
7.2863392828
 10
9.1680025655
 20
7.2742498935
 10
9.1708296191
 20
7.2621042135
 10
9.1738940346
 20
7.2499105669
 10
9.1771937118
 20
7.2376773105
 10
9.1807263893
 20
7.2254128284
 10
9.1844896459
 20
7.213125526
 10
9.1884809026
 20
7.2008238246
 10
9.1926974238
 20
7.188516155
 10
9.1971363198
 20
7.1762109523
 10
9.2017945484
 20
7.1639166498
 10
9.2066689171
 20
7.1516416736
 10
9.2117560852
 20
7.1393944362
 10
9.2170525663
 20
7.1271833313
 10
9.2225547303
 20
7.1150167277
 10
9.2282588065
 20
7.1029029639
 10
9.2341608854
 20
7.090850342
 10
9.2402569222
 20
7.0788671222
 10
9.2465427388
 20
7.0669615174
 10
9.2530140274
 20
7.0551416869
 10
9.2596663528
 20
7.0434157316
 10
9.2664951558
 20
7.0317916877
 10
9.2734957563
 20
7.0202775219
 10
9.2806633565
 20
7.0088811253
 10
9.287993044
 20
6.9976103085
 10
9.2954797955
 20
6.986472796
 10
9.3031184798
 20
6.9754762207
 10
9.3109038619
 20
6.9646281194
 10
9.318830606
 20
6.9539359266
 10
9.3268932795
 20
6.9434069702
 10
9.3350863566
 20
6.9330484664
 10
9.3434042223
 20
6.9228675143
 10
9.3518411759
 20
6.9128710914
 10
9.3603914351
 20
6.9030660488
 10
9.36904914
 20
6.8934591063
 10
9.377808357
 20
6.8840568481
 10
9.386663083
 20
6.874865718
 10
9.3956072495
 20
6.8658920152
 10
9.4046347265
 20
6.8571418897
 10
9.413739327
 20
6.8486213385
 10
9.4229148113
 20
6.8403362011
 10
9.4321548909
 20
6.8322921558
 10
9.441453233
 20
6.8244947156
 10
9.4508034652
 20
6.8169492244
 10
9.4601991792
 20
6.8096608534
 10
9.4696339356
 20
6.8026345979
 10
9.4791012684
 20
6.7958752733
 10
9.4885946891
 20
6.789387512
 10
9.4981076913
 20
6.7831757604
 10
9.5076337555
 20
6.7772442758
 10
9.5171663528
 20
6.7715971234
 10
9.5266989501
 20
6.7662381733
 10
9.5362250142
 20
6.7611710983
 10
9.5457380165
 20
6.7563993713
 10
9.5552314371
 20
6.7519262623
 10
9.5646987699
 20
6.7477548372
 10
9.5741335264
 20
6.7438879548
 10
9.5835292403
 20
6.7403282653
 10
9.5928794725
 20
6.7370782083
 10
9.6021778147
 20
6.7341400112
 10
9.6114178942
 20
6.7315156877
 10
9.6205933785
 20
6.7292070364
 10
9.6296979791
 20
6.7272156395
 10
9.6387254561
 20
6.7255428619
 10
9.6476696225
 20
6.72418985
 10
9.6565243486
 20
6.723157531
 10
9.6652835656
 20
6.7224466125
 10
9.6739412705
 20
6.7220575817
 10
9.6824915297
 20
6.7219907052
 10
9.6909284832
 20
6.7222460288
 10
9.6992463489
 20
6.7228233776
 10
9.7074394261
 20
6.7237223559
 10
9.7155020996
 20
6.7249423476
 10
9.7234288437
 20
6.7264825165
 10
9.7312142257
 20
6.728341807
 10
9.7388529101
 20
6.730518945
 10
9.7463396615
 20
6.7330124383
 10
9.7536693491
 20
6.735820578
 10
9.7608369492
 20
6.7389414396
 10
9.7678375498
 20
6.7423728841
 10
9.7746663528
 20
6.7461125598
 10
9.7813186781
 20
6.7501579038
 10
9.7877899667
 20
6.7545061436
 10
9.7940757834
 20
6.759154299
 10
9.8001718201
 20
6.7640991845
 10
9.8060738991
 20
6.7693374111
 10
9.8117779752
 20
6.7748653887
 10
9.8172801393
 20
6.7806793289
 10
9.8225766203
 20
6.786775247
 10
9.8276637885
 20
6.7931489651
 10
9.8325381572
 20
6.799796115
 10
9.8371963858
 20
6.8067121412
 10
9.8416352818
 20
6.8138923036
 10
9.845851803
 20
6.8213316815
 10
9.8498430596
 20
6.8290251761
 10
9.8536063162
 20
6.8369675148
 10
9.8571389937
 20
6.8451532543
 10
9.8604386709
 20
6.8535767845
 10
9.8635030864
 20
6.8622323324
 10
9.86633014
 20
6.8711139657
 10
9.8689178942
 20
6.8802155976
 10
9.8712645755
 20
6.8895309902
 10
9.8733685755
 20
6.8990537591
 10
9.8752284523
 20
6.9087773781
 10
9.8768429313
 20
6.918695183
 10
9.8782109059
 20
6.9288003765
 10
9.8793314385
 20
6.9390860333
 10
9.8802037614
 20
6.9495451038
 10
9.8808272765
 20
6.9601704201
 10
9.8812015565
 20
6.9709547001
 10
9.8813263451
 20
6.9818905527
  0
LWPOLYLINE
  5
3A4
330
1F
100
AcDbEntity
  8
0
  6
Continuous
 62
     7
370
     0
100
AcDbPolyline
 90
       48
 70
   128
 43
0.0
 10
9.9199633781
 20
6.9878670749
 10
9.9198337434
 20
6.9765065289
 10
9.9194449282
 20
6.965303442
 10
9.9187971989
 20
6.9542654921
 10
9.9178909995
 20
6.943400244
 10
9.916726951
 20
6.9327151443
 10
9.9153058512
 20
6.922217516
 10
9.913628674
 20
6.9119145537
 10
9.911696569
 20
6.9018133185
 10
9.9095108602
 20
6.8919207332
 10
9.9070730457
 20
6.8822435778
 10
9.9043847962
 20
6.8727884845
 10
9.9014479541
 20
6.8635619334
 10
9.8982645322
 20
6.8545702478
 10
9.8948367121
 20
6.8458195902
 10
9.8911668433
 20
6.8373159579
 10
9.8872574408
 20
6.8290651788
 10
9.8831111839
 20
6.8210729077
 10
9.8787309143
 20
6.813344622
 10
9.874119634
 20
6.8058856182
 10
9.8692805033
 20
6.7987010085
 10
9.8642168387
 20
6.7917957169
 10
9.8589321107
 20
6.7851744757
 10
9.853429941
 20
6.778841823
 10
9.8477141007
 20
6.7728020987
 10
9.841788507
 20
6.7670594423
 10
9.8356572211
 20
6.7616177894
 10
9.8293244451
 20
6.7564808695
 10
9.822794519
 20
6.7516522032
 10
9.8160719183
 20
6.7471350998
 10
9.8091612502
 20
6.7429326551
 10
9.802067251
 20
6.7390477493
 10
9.7947947824
 20
6.7354830448
 10
9.7873488289
 20
6.7322409847
 10
9.7797344933
 20
6.729323791
 10
9.7719569942
 20
6.726733463
 10
9.7640216619
 20
6.724471776
 10
9.7559339349
 20
6.7225402799
 10
9.7476993561
 20
6.7209402987
 10
9.7393235691
 20
6.7196729287
 10
9.7308123142
 20
6.7187390386
 10
9.7221714246
 20
6.7181392685
 10
9.7134068223
 20
6.7178740294
 10
9.7045245142
 20
6.717943503
 10
9.6955305878
 20
6.7183476419
 10
9.686431207
 20
6.7190861688
 10
9.6772326081
 20
6.7201585779
 10
9.6766062435
 20
6.720243256
  0
LWPOLYLINE
  5
3A5
330
1F
100
AcDbEntity
  8
0
  6
Continuous
 62
     7
370
     0
100
AcDbPolyline
 90
      108
 70
   128
 43
0.0
 10
9.1882679233
 20
7.5661616949
 10
9.1884857883
 20
7.5666928994
 10
9.1921556571
 20
7.5751965317
 10
9.1960650596
 20
7.5834473107
 10
9.2002113165
 20
7.5914395819
 10
9.2045915861
 20
7.5991678676
 10
9.2092028664
 20
7.6066268713
 10
9.2140419971
 20
7.613811481
 10
9.2191056617
 20
7.6207167727
 10
9.2243903897
 20
7.6273380139
 10
9.2298925594
 20
7.6336706666
 10
9.2356083997
 20
7.6397103908
 10
9.2415339934
 20
7.6454530473
 10
9.2476652793
 20
7.6508947001
 10
9.2539980553
 20
7.65603162
 10
9.2605279814
 20
7.6608602863
 10
9.2672505821
 20
7.6653773897
 10
9.2741612502
 20
7.6695798344
 10
9.2812552494
 20
7.6734647403
 10
9.2885277179
 20
7.6770294448
 10
9.2959736715
 20
7.6802715049
 10
9.3035880071
 20
7.6831886986
 10
9.3113655062
 20
7.6857790266
 10
9.3193008385
 20
7.6880407136
 10
9.3273885655
 20
7.6899722096
 10
9.3356231443
 20
7.6915721909
 10
9.3439989313
 20
7.6928395609
 10
9.3525101862
 20
7.6937734509
 10
9.3611510758
 20
7.694373221
 10
9.3699156781
 20
7.6946384602
 10
9.3787979862
 20
7.6945689865
 10
9.3877919126
 20
7.6941648477
 10
9.3968912934
 20
7.6934263207
 10
9.4060898923
 20
7.6923539117
 10
9.415381405
 20
7.6909483556
 10
9.4247594637
 20
7.6892106158
 10
9.4342176409
 20
7.6871418831
 10
9.4437494547
 20
7.6847435755
 10
9.4533483723
 20
7.6820173365
 10
9.4630078151
 20
7.6789650346
 10
9.4727211631
 20
7.6755887618
 10
9.4824817592
 20
7.6718908319
 10
9.4922829139
 20
7.6678737793
 10
9.5021179101
 20
7.6635403571
 10
9.5119800073
 20
7.6588935352
 10
9.5218624466
 20
7.6539364984
 10
9.531758455
 20
7.6486726438
 10
9.5416612502
 20
7.6431055791
 10
9.5515640454
 20
7.6372391198
 10
9.5614600538
 20
7.6310772863
 10
9.5713424931
 20
7.6246243016
 10
9.5812045903
 20
7.6178845885
 10
9.5910395865
 20
7.6108627658
 10
9.6008407412
 20
7.603563646
 10
9.6106013373
 20
7.5959922315
 10
9.6203146853
 20
7.5881537115
 10
9.6299741281
 20
7.580053458
 10
9.6395730457
 20
7.5716970226
 10
9.6491048595
 20
7.5630901324
 10
9.6585630367
 20
7.554238686
 10
9.6679410954
 20
7.5451487498
 10
9.6772326081
 20
7.5358265536
 10
9.686431207
 20
7.5262784865
 10
9.6955305878
 20
7.516511092
 10
9.7045245142
 20
7.5065310644
 10
9.7134068223
 20
7.4963452434
 10
9.7221714246
 20
7.4859606099
 10
9.7308123142
 20
7.475384281
 10
9.7393235691
 20
7.4646235052
 10
9.7476993561
 20
7.4536856574
 10
9.7559339349
 20
7.4425782338
 10
9.7640216619
 20
7.4313088469
 10
9.7719569942
 20
7.4198852202
 10
9.7797344933
 20
7.4083151829
 10
9.7873488289
 20
7.3966066645
 10
9.7947947824
 20
7.3847676894
 10
9.802067251
 20
7.3728063715
 10
9.8091612502
 20
7.3607309085
 10
9.8160719183
 20
7.3485495762
 10
9.822794519
 20
7.3362707232
 10
9.8293244451
 20
7.3239027648
 10
9.8356572211
 20
7.3114541773
 10
9.841788507
 20
7.2989334924
 10
9.8477141007
 20
7.2863492911
 10
9.853429941
 20
7.2737101981
 10
9.8589321107
 20
7.2610248755
 10
9.8642168387
 20
7.2483020173
 10
9.8692805033
 20
7.2355503429
 10
9.874119634
 20
7.2227785918
 10
9.8787309143
 20
7.2099955172
 10
9.8831111839
 20
7.1972098798
 10
9.8872574408
 20
7.1844304424
 10
9.8911668433
 20
7.1716659633
 10
9.8948367121
 20
7.1589251906
 10
9.8982645322
 20
7.1462168563
 10
9.9014479541
 20
7.1335496699
 10
9.9043847962
 20
7.1209323131
 10
9.9070730457
 20
7.108373433
 10
9.9095108602
 20
7.0958816368
 10
9.911696569
 20
7.0834654859
 10
9.913628674
 20
7.0711334897
 10
9.9153058512
 20
7.0588940999
 10
9.916726951
 20
7.0467557047
 10
9.9178909995
 20
7.0347266232
 10
9.9187971989
 20
7.0228150995
 10
9.9194449282
 20
7.0110292973
 10
9.9198337434
 20
6.9993772938
 10
9.9199633781
 20
6.9878670749
  0
LWPOLYLINE
  5
3A6
330
1F
100
AcDbEntity
  8
0
  6
Continuous
 62
     7
370
     0
100
AcDbPolyline
 90
      122
 70
   128
 43
0.0
 10
9.3274698377
 20
7.700354229
 10
9.3345420979
 20
7.7042265832
 10
9.3418145664
 20
7.7077912877
 10
9.34926052
 20
7.7110333477
 10
9.3568748556
 20
7.7139505414
 10
9.3646523547
 20
7.7165408694
 10
9.372587687
 20
7.7188025565
 10
9.380675414
 20
7.7207340525
 10
9.3889099928
 20
7.7223340338
 10
9.3972857798
 20
7.7236014037
 10
9.4057970347
 20
7.7245352938
 10
9.4144379243
 20
7.7251350639
 10
9.4232025266
 20
7.725400303
 10
9.4320848347
 20
7.7253308294
 10
9.4410787611
 20
7.7249266906
 10
9.4501781419
 20
7.7241881636
 10
9.4593767408
 20
7.7231157545
 10
9.4686682535
 20
7.7217101985
 10
9.4780463122
 20
7.7199724586
 10
9.4875044894
 20
7.717903726
 10
9.4970363032
 20
7.7155054183
 10
9.5066352208
 20
7.7127791793
 10
9.5162946636
 20
7.7097268775
 10
9.5260080116
 20
7.7063506047
 10
9.5357686077
 20
7.7026526747
 10
9.5455697624
 20
7.6986356222
 10
9.5554047586
 20
7.6943022
 10
9.5652668558
 20
7.6896553781
 10
9.5751492951
 20
7.6846983412
 10
9.5850453035
 20
7.6794344867
 10
9.5949480987
 20
7.673867422
 10
9.6048508939
 20
7.6680009626
 10
9.6147469023
 20
7.6618391291
 10
9.6246293416
 20
7.6553861445
 10
9.6344914388
 20
7.6486464313
 10
9.644326435
 20
7.6416246086
 10
9.6541275897
 20
7.6343254888
 10
9.6638881858
 20
7.6267540744
 10
9.6736015338
 20
7.6189155544
 10
9.6832609766
 20
7.6108153009
 10
9.6928598942
 20
7.6024588655
 10
9.702391708
 20
7.5938519752
 10
9.7118498852
 20
7.5850005288
 10
9.7212279439
 20
7.5759105927
 10
9.7305194566
 20
7.5665883965
 10
9.7397180555
 20
7.5570403293
 10
9.7488174363
 20
7.5472729349
 10
9.7578113627
 20
7.5372929072
 10
9.7666936708
 20
7.5271070863
 10
9.7754582731
 20
7.5167224528
 10
9.7840991627
 20
7.5061461239
 10
9.7926104176
 20
7.4953853481
 10
9.8009862046
 20
7.4844475002
 10
9.8092207834
 20
7.4733400767
 10
9.8173085104
 20
7.4620706898
 10
9.8252438427
 20
7.4506470631
 10
9.8330213418
 20
7.4390770258
 10
9.8406356774
 20
7.4273685074
 10
9.848081631
 20
7.4155295323
 10
9.8553540995
 20
7.4035682144
 10
9.8624480987
 20
7.3914927513
 10
9.8693587668
 20
7.3793114191
 10
9.8760813675
 20
7.3670325661
 10
9.8826112936
 20
7.3546646076
 10
9.8889440696
 20
7.3422160201
 10
9.8950753555
 20
7.3296953353
 10
9.9010009492
 20
7.317111134
 10
9.9067167895
 20
7.304472041
 10
9.9122189592
 20
7.2917867184
 10
9.9175036872
 20
7.2790638601
 10
9.9225673518
 20
7.2663121858
 10
9.9274064825
 20
7.2535404347
 10
9.9320177628
 20
7.2407573601
 10
9.9363980324
 20
7.2279717227
 10
9.9405442893
 20
7.2151922853
 10
9.9444536918
 20
7.2024278061
 10
9.9481235606
 20
7.1896870335
 10
9.9515513807
 20
7.1769786991
 10
9.9547348026
 20
7.1643115128
 10
9.9576716447
 20
7.1516941559
 10
9.9603598942
 20
7.1391352758
 10
9.9627977087
 20
7.1266434797
 10
9.9649834175
 20
7.1142273288
 10
9.9669155225
 20
7.1018953326
 10
9.9685926997
 20
7.0896559427
 10
9.9700137995
 20
7.0775175475
 10
9.971177848
 20
7.0654884661
 10
9.9720840474
 20
7.0535769424
 10
9.9727317767
 20
7.0417911401
 10
9.9731205919
 20
7.0301391367
 10
9.9732502266
 20
7.0186289177
 10
9.9731205919
 20
7.0072683718
 10
9.9727317767
 20
6.9960652848
 10
9.9720840474
 20
6.9850273349
 10
9.971177848
 20
6.9741620869
 10
9.9700137995
 20
6.9634769872
 10
9.9685926997
 20
6.9529793589
 10
9.9669155225
 20
6.9426763966
 10
9.9649834175
 20
6.9325751613
 10
9.9627977087
 20
6.9226825761
 10
9.9603598942
 20
6.9130054207
 10
9.9576716447
 20
6.9035503274
 10
9.9547348026
 20
6.8943237762
 10
9.9515513807
 20
6.8853320906
 10
9.9481235606
 20
6.876581433
 10
9.9444536918
 20
6.8680778007
 10
9.9405442893
 20
6.8598270217
 10
9.9363980324
 20
6.8518347505
 10
9.9320177628
 20
6.8441064648
 10
9.9274064825
 20
6.8366474611
 10
9.9225673518
 20
6.8294628514
 10
9.9175036872
 20
6.8225575597
 10
9.9122189592
 20
6.8159363186
 10
9.9067167895
 20
6.8096036658
 10
9.9010009492
 20
6.8035639416
 10
9.8950753555
 20
6.7978212852
 10
9.8889440696
 20
6.7923796323
 10
9.8826112936
 20
6.7872427124
 10
9.8760813675
 20
6.7824140461
 10
9.8693587668
 20
6.7778969427
 10
9.8624480987
 20
6.773694498
 10
9.8624263597
 20
6.7736819463
  0
LWPOLYLINE
  5
3A7
330
1F
100
AcDbEntity
  8
0
  6
Continuous
 62
     7
370
     0
100
AcDbPolyline
 90
      241
 70
   128
 43
0.0
 10
9.8353644043
 20
7.0084238163
 10
9.8352553658
 20
7.0181053089
 10
9.8349283249
 20
7.0279060595
 10
9.8343835059
 20
7.0378193511
 10
9.8336212821
 20
7.0478383897
 10
9.8326421759
 20
7.0579563087
 10
9.8314468583
 20
7.0681661738
 10
9.8300361485
 20
7.0784609877
 10
9.8284110134
 20
7.0888336948
 10
9.8265725668
 20
7.0992771862
 10
9.8245220686
 20
7.1097843044
 10
9.8222609242
 20
7.1203478485
 10
9.8197906832
 20
7.1309605785
 10
9.8171130385
 20
7.1416152213
 10
9.8142298254
 20
7.1523044744
 10
9.8111430199
 20
7.1630210122
 10
9.8078547374
 20
7.17375749
 10
9.8043672316
 20
7.1845065495
 10
9.8006828927
 20
7.1952608239
 10
9.7968042457
 20
7.2060129428
 10
9.7927339488
 20
7.2167555371
 10
9.7884747917
 20
7.2274812445
 10
9.7840296934
 20
7.2381827141
 10
9.7794017002
 20
7.2488526116
 10
9.774593984
 20
7.2594836244
 10
9.7696098398
 20
7.2700684666
 10
9.7644526835
 20
7.2805998838
 10
9.7591260494
 20
7.2910706583
 10
9.7536335882
 20
7.301473614
 10
9.7479790643
 20
7.3118016212
 10
9.7421663528
 20
7.3220476016
 10
9.7361994375
 20
7.3322045331
 10
9.7300824079
 20
7.3422654548
 10
9.7238194563
 20
7.3522234712
 10
9.717414875
 20
7.3620717577
 10
9.7108730533
 20
7.3718035648
 10
9.7041984748
 20
7.3814122227
 10
9.6973957137
 20
7.3908911463
 10
9.6904694325
 20
7.400233839
 10
9.683424378
 20
7.4094338979
 10
9.6762653785
 20
7.4184850178
 10
9.6689973406
 20
7.4273809953
 10
9.6616252452
 20
7.4361157338
 10
9.6541541449
 20
7.4446832468
 10
9.6465891601
 20
7.4530776625
 10
9.6389354753
 20
7.4612932279
 10
9.631198336
 20
7.4693243125
 10
9.623383045
 20
7.4771654121
 10
9.6154949583
 20
7.4848111528
 10
9.6075394821
 20
7.4922562946
 10
9.5995220686
 20
7.499495735
 10
9.5914482127
 20
7.5065245124
 10
9.5833234477
 20
7.5133378098
 10
9.5751533419
 20
7.5199309574
 10
9.5669434947
 20
7.5262994369
 10
9.5586995328
 20
7.5324388834
 10
9.5504271061
 20
7.5383450894
 10
9.5421318842
 20
7.5440140071
 10
9.5338195521
 20
7.5494417512
 10
9.5254958067
 20
7.5546246018
 10
9.5171663528
 20
7.5595590068
 10
9.5088368988
 20
7.5642415846
 10
9.5005131535
 20
7.5686691258
 10
9.4922008214
 20
7.5728385961
 10
9.4839055994
 20
7.5767471378
 10
9.4756331727
 20
7.5803920724
 10
9.4673892108
 20
7.5837709017
 10
9.4591793636
 20
7.58688131
 10
9.4510092579
 20
7.5897211657
 10
9.4428844929
 20
7.5922885224
 10
9.4348106369
 20
7.5945816206
 10
9.4267932235
 20
7.5965988887
 10
9.4188377473
 20
7.5983389442
 10
9.4109496606
 20
7.5998005945
 10
9.4031343695
 20
7.600982838
 10
9.3953972302
 20
7.6018848642
 10
9.3877435455
 20
7.6025060552
 10
9.3801785606
 20
7.602845985
 10
9.3727074603
 20
7.6029044208
 10
9.365335365
 20
7.6026813225
 10
9.358067327
 20
7.6021768429
 10
9.3509083275
 20
7.6013913279
 10
9.343863273
 20
7.6003253158
 10
9.3369369918
 20
7.5989795372
 10
9.3301342308
 20
7.5973549143
 10
9.3234596522
 20
7.5954525607
 10
9.3169178305
 20
7.5932737802
 10
9.3105132492
 20
7.5908200659
 10
9.3042502976
 20
7.5880930995
 10
9.298133268
 20
7.5850947499
 10
9.2921663528
 20
7.581827072
 10
9.2863536413
 20
7.5782923055
 10
9.2806991173
 20
7.5744928727
 10
9.2752066561
 20
7.5704313777
 10
9.2698800221
 20
7.5661106039
 10
9.2647228657
 20
7.5615335127
 10
9.2597387215
 20
7.556703241
 10
9.2549310053
 20
7.5516230991
 10
9.2503030122
 20
7.5462965687
 10
9.2458579138
 20
7.5407273005
 10
9.2415987567
 20
7.5349191112
 10
9.2375284599
 20
7.5288759816
 10
9.2336498129
 20
7.5226020532
 10
9.2299654739
 20
7.516101626
 10
9.2264779682
 20
7.5093791549
 10
9.2231896857
 20
7.5024392473
 10
9.2201028801
 20
7.4952866594
 10
9.217219667
 20
7.4879262932
 10
9.2145420224
 20
7.4803631932
 10
9.2120717814
 20
7.4726025427
 10
9.2098106369
 20
7.4646496604
 10
9.2077601387
 20
7.456509997
 10
9.2059216921
 20
7.4481891309
 10
9.204296557
 20
7.4396927648
 10
9.2028858473
 20
7.4310267218
 10
9.2016905297
 20
7.422196941
 10
9.2007114235
 20
7.4132094739
 10
9.1999491996
 20
7.4040704802
 10
9.1994043806
 20
7.3947862233
 10
9.1990773398
 20
7.385363066
 10
9.1989683012
 20
7.3758074666
 10
9.1990773398
 20
7.3661259741
 10
9.1994043806
 20
7.3563252235
 10
9.1999491996
 20
7.3464119319
 10
9.2007114235
 20
7.3363928933
 10
9.2016905297
 20
7.3262749743
 10
9.2028858473
 20
7.3160651092
 10
9.204296557
 20
7.3057702953
 10
9.2059216921
 20
7.2953975882
 10
9.2077601387
 20
7.2849540968
 10
9.2098106369
 20
7.2744469785
 10
9.2120717814
 20
7.2638834345
 10
9.2145420224
 20
7.2532707044
 10
9.217219667
 20
7.2426160617
 10
9.2201028801
 20
7.2319268086
 10
9.2231896857
 20
7.2212102708
 10
9.2264779682
 20
7.210473793
 10
9.2299654739
 20
7.1997247335
 10
9.2336498129
 20
7.1889704591
 10
9.2375284599
 20
7.1782183402
 10
9.2415987567
 20
7.1674757459
 10
9.2458579138
 20
7.1567500385
 10
9.2503030122
 20
7.1460485689
 10
9.2549310053
 20
7.1353786714
 10
9.2597387215
 20
7.1247476586
 10
9.2647228657
 20
7.1141628164
 10
9.2698800221
 20
7.1036313992
 10
9.2752066561
 20
7.0931606247
 10
9.2806991173
 20
7.082757669
 10
9.2863536413
 20
7.0724296618
 10
9.2921663528
 20
7.0621836814
 10
9.298133268
 20
7.0520267498
 10
9.3042502976
 20
7.0419658282
 10
9.3105132492
 20
7.0320078118
 10
9.3169178305
 20
7.0221595253
 10
9.3234596522
 20
7.0124277182
 10
9.3301342308
 20
7.0028190602
 10
9.3369369918
 20
6.9933401367
 10
9.343863273
 20
6.983997444
 10
9.3509083275
 20
6.9747973851
 10
9.358067327
 20
6.9657462652
 10
9.365335365
 20
6.9568502877
 10
9.3727074603
 20
6.9481155492
 10
9.3801785606
 20
6.9395480362
 10
9.3877435455
 20
6.9311536205
 10
9.3953972302
 20
6.922938055
 10
9.4031343695
 20
6.9149069705
 10
9.4109496606
 20
6.9070658709
 10
9.4188377473
 20
6.8994201302
 10
9.4267932235
 20
6.8919749884
 10
9.4348106369
 20
6.884735548
 10
9.4428844929
 20
6.8777067705
 10
9.4510092579
 20
6.8708934732
 10
9.4591793636
 20
6.8643003255
 10
9.4673892108
 20
6.8579318461
 10
9.4756331727
 20
6.8517923995
 10
9.4839055994
 20
6.8458861935
 10
9.4922008214
 20
6.8402172759
 10
9.5005131535
 20
6.8347895318
 10
9.5088368988
 20
6.8296066812
 10
9.5171663528
 20
6.8246722761
 10
9.5254958067
 20
6.8199896984
 10
9.5338195521
 20
6.8155621572
 10
9.5421318842
 20
6.8113926869
 10
9.5504271061
 20
6.8074841451
 10
9.5586995328
 20
6.8038392106
 10
9.5669434947
 20
6.8004603813
 10
9.5751533419
 20
6.797349973
 10
9.5833234477
 20
6.7945101173
 10
9.5914482127
 20
6.7919427606
 10
9.5995220686
 20
6.7896496624
 10
9.6075394821
 20
6.7876323943
 10
9.6154949583
 20
6.7858923388
 10
9.623383045
 20
6.7844306885
 10
9.631198336
 20
6.783248445
 10
9.6389354753
 20
6.7823464187
 10
9.6465891601
 20
6.7817252278
 10
9.6541541449
 20
6.781385298
 10
9.6616252452
 20
6.7813268622
 10
9.6689973406
 20
6.7815499605
 10
9.6762653785
 20
6.7820544401
 10
9.683424378
 20
6.7828399551
 10
9.6904694325
 20
6.7839059672
 10
9.6973957137
 20
6.7852517458
 10
9.7041984748
 20
6.7868763687
 10
9.7108730533
 20
6.7887787222
 10
9.717414875
 20
6.7909575028
 10
9.7238194563
 20
6.7934112171
 10
9.7300824079
 20
6.7961381835
 10
9.7361994375
 20
6.7991365331
 10
9.7421663528
 20
6.8024042109
 10
9.7479790643
 20
6.8059389775
 10
9.7536335882
 20
6.8097384103
 10
9.7591260494
 20
6.8137999053
 10
9.7644526835
 20
6.818120679
 10
9.7696098398
 20
6.8226977702
 10
9.774593984
 20
6.827528042
 10
9.7794017002
 20
6.8326081839
 10
9.7840296934
 20
6.8379347142
 10
9.7884747917
 20
6.8435039825
 10
9.7927339488
 20
6.8493121718
 10
9.7968042457
 20
6.8553553014
 10
9.8006828927
 20
6.8616292298
 10
9.8043672316
 20
6.868129657
 10
9.8078547374
 20
6.8748521281
 10
9.8111430199
 20
6.8817920357
 10
9.8142298254
 20
6.8889446236
 10
9.8171130385
 20
6.8963049898
 10
9.8197906832
 20
6.9038680898
 10
9.8222609242
 20
6.9116287403
 10
9.8245220686
 20
6.9195816225
 10
9.8265725668
 20
6.927721286
 10
9.8284110134
 20
6.9360421521
 10
9.8300361485
 20
6.9445385181
 10
9.8314468583
 20
6.9532045612
 10
9.8326421759
 20
6.962034342
 10
9.8336212821
 20
6.971021809
 10
9.8343835059
 20
6.9801608027
 10
9.8349283249
 20
6.9894450597
 10
9.8352553658
 20
6.9988682169
 10
9.8353644043
 20
7.0084238163
  0
LWPOLYLINE
  5
3A8
330
1F
100
AcDbEntity
  8
0
  6
Continuous
 62
     7
370
     0
100
AcDbPolyline
 90
       97
 70
   128
 43
0.0
 10
9.8037944463
 20
6.8670809957
 10
9.802646569
 20
6.8671081497
 10
9.7950815841
 20
6.8674480795
 10
9.7874278994
 20
6.8680692705
 10
9.7796907601
 20
6.8689712968
 10
9.771875469
 20
6.8701535402
 10
9.7639873823
 20
6.8716151905
 10
9.7560319061
 20
6.873355246
 10
9.7480144927
 20
6.8753725142
 10
9.7399406367
 20
6.8776656124
 10
9.7318158717
 20
6.8802329691
 10
9.723645766
 20
6.8830728247
 10
9.7154359188
 20
6.886183233
 10
9.7071919569
 20
6.8895620623
 10
9.6989195302
 20
6.8932069969
 10
9.6906243082
 20
6.8971155387
 10
9.6823119761
 20
6.9012850089
 10
9.6739882308
 20
6.9057125501
 10
9.6656587768
 20
6.9103951279
 10
9.6573293229
 20
6.915329533
 10
9.6490055775
 20
6.9205123836
 10
9.6406932454
 20
6.9259401276
 10
9.6323980235
 20
6.9316090453
 10
9.6241255968
 20
6.9375152513
 10
9.6158816349
 20
6.9436546978
 10
9.6076717877
 20
6.9500231773
 10
9.5995016819
 20
6.956616325
 10
9.5913769169
 20
6.9634296223
 10
9.583303061
 20
6.9704583997
 10
9.5752856475
 20
6.9776978401
 10
9.5673301713
 20
6.9851429819
 10
9.5594420846
 20
6.9927887227
 10
9.5516267935
 20
7.0006298222
 10
9.5438896543
 20
7.0086609068
 10
9.5362359695
 20
7.0168764722
 10
9.5286709847
 20
7.025270888
 10
9.5211998844
 20
7.0338384009
 10
9.513827789
 20
7.0425731394
 10
9.5065597511
 20
7.051469117
 10
9.4994007516
 20
7.0605202368
 10
9.4923556971
 20
7.0697202957
 10
9.4854294159
 20
7.0790629885
 10
9.4786266548
 20
7.088541912
 10
9.4719520763
 20
7.0981505699
 10
9.4654102546
 20
7.107882377
 10
9.4590056733
 20
7.1177306635
 10
9.4527427217
 20
7.12768868
 10
9.4466256921
 20
7.1377496016
 10
9.4406587768
 20
7.1479065331
 10
9.4348460653
 20
7.1581525135
 10
9.4291915413
 20
7.1684805207
 10
9.4236990802
 20
7.1788834764
 10
9.4183724461
 20
7.1893542509
 10
9.4132152898
 20
7.1998856681
 10
9.4082311456
 20
7.2104705103
 10
9.4034234294
 20
7.2211015231
 10
9.3987954362
 20
7.2317714206
 10
9.3943503379
 20
7.2424728902
 10
9.3900911808
 20
7.2531985976
 10
9.3860208839
 20
7.263941192
 10
9.3821422369
 20
7.2746933108
 10
9.378457898
 20
7.2854475852
 10
9.3749703922
 20
7.2961966448
 10
9.3716821097
 20
7.3069331225
 10
9.3685953042
 20
7.3176496603
 10
9.3657120911
 20
7.3283389135
 10
9.3630344464
 20
7.3389935562
 10
9.3605642054
 20
7.3496062863
 10
9.358303061
 20
7.3601698303
 10
9.3562525628
 20
7.3706769485
 10
9.3544141162
 20
7.3811204399
 10
9.3527889811
 20
7.391493147
 10
9.3513782713
 20
7.4017879609
 10
9.3501829537
 20
7.411997826
 10
9.3492038475
 20
7.422115745
 10
9.3484416237
 20
7.4321347836
 10
9.3478968047
 20
7.4420480752
 10
9.3475697638
 20
7.4518488258
 10
9.3474607253
 20
7.4615303184
 10
9.3475697638
 20
7.4710859178
 10
9.3478968047
 20
7.480509075
 10
9.3484416237
 20
7.489793332
 10
9.3492038475
 20
7.4989323257
 10
9.3501829537
 20
7.5079197927
 10
9.3513782713
 20
7.5167495735
 10
9.3527889811
 20
7.5254156166
 10
9.3544141162
 20
7.5339119827
 10
9.3562525628
 20
7.5422328488
 10
9.358303061
 20
7.5503725122
 10
9.3605642054
 20
7.5583253944
 10
9.3630344464
 20
7.5660860449
 10
9.3657120911
 20
7.5736491449
 10
9.3685953042
 20
7.5810095111
 10
9.3716821097
 20
7.588162099
 10
9.3749703922
 20
7.5951020067
 10
9.378457898
 20
7.6018244777
 10
9.3790306833
 20
7.6028731391
  0
ARC
  5
3A9
330
1F
100
AcDbEntity
  8
0
  6
Continuous
 62
     7
370
     0
100
AcDbCircle
 10
9.5256888339
 20
7.1970355651
 30
0.0
 40
0.9824157300466999
100
AcDbArc
 50
2.5707658415
 51
57.4238576258
  0
LINE
  5
3AA
330
1F
100
AcDbEntity
  8
0
  6
Continuous
 62
     7
370
     0
100
AcDbLine
 10
10.1522398463
 20
6.8633459232
 30
0.0
 11
9.9555725571
 21
6.0897974884
 31
0.0
  0
LINE
  5
3AB
330
1F
100
AcDbEntity
  8
0
  6
Continuous
 62
     7
370
     0
100
AcDbLine
 10
9.9555725571
 20
6.0897974884
 30
0.0
 11
9.8693514433
 21
6.0905873913
 31
0.0
  0
LINE
  5
3AC
330
1F
100
AcDbEntity
  8
0
  6
Continuous
 62
     7
370
     0
100
AcDbLine
 10
10.2949838121
 20
6.2857354353
 30
0.0
 11
10.4916511013
 21
7.0592838701
 31
0.0
  0
LINE
  5
3AD
330
1F
100
AcDbEntity
  8
0
  6
Continuous
 62
     7
370
     0
100
AcDbLine
 10
9.9555725571
 20
6.0897974884
 30
0.0
 11
10.2949838121
 21
6.2857354353
 31
0.0
  0
SPLINE
  5
3AE
330
1F
100
AcDbEntity
  8
0
  6
Continuous
 62
     7
370
     0
100
AcDbSpline
210
0.0
220
0.0
230
1.0
 70
     8
 71
     3
 72
     8
 73
     4
 74
     0
 42
0.000000001
 43
0.00000001
 40
3.0
 40
3.0
 40
3.0
 40
3.0
 40
4.0
 40
4.0
 40
4.0
 40
4.0
 10
9.86809022203769
 20
6.497264065398411
 30
0.0
 10
9.877491005244467
 20
6.488701489180842
 30
0.0
 10
9.886947776571784
 20
6.479513617367477
 30
0.0
 10
9.886454242843971
 20
6.477524913142479
 30
0.0
  0
SPLINE
  5
3AF
330
1F
100
AcDbEntity
  8
0
  6
Continuous
 62
     7
370
     0
100
AcDbSpline
210
0.0
220
0.0
230
1.0
 70
     8
 71
     3
 72
     8
 73
     4
 74
     0
 42
0.000000001
 43
0.00000001
 40
4.0
 40
4.0
 40
4.0
 40
4.0
 40
4.285877386594177
 40
4.285877386594177
 40
4.285877386594177
 40
4.285877386594177
 10
9.886454242843971
 20
6.477524913142479
 30
0.0
 10
9.886186562250199
 20
6.476441415084049
 30
0.0
 10
9.885771678106472
 20
6.475698814103909
 30
0.0
 10
9.885149128051577
 20
6.475339423752457
 30
0.0
  0
SPLINE
  5
3B0
330
1F
100
AcDbEntity
  8
0
  6
Continuous
 62
     7
370
     0
100
AcDbSpline
210
0.0
220
0.0
230
1.0
 70
     8
 71
     3
 72
     8
 73
     4
 74
     0
 42
0.000000001
 43
0.00000001
 40
1.109146902856831
 40
1.109146902856831
 40
1.109146902856831
 40
1.109146902856831
 40
2.0
 40
2.0
 40
2.0
 40
2.0
 10
9.871474189222292
 20
6.526632891674526
 30
0.0
 10
9.872301916235955
 20
6.527110728472921
 30
0.0
 10
9.876200590050798
 20
6.525465217909778
 30
0.0
 10
9.878176717636647
 20
6.524258242339068
 30
0.0
  0
SPLINE
  5
3B1
330
1F
100
AcDbEntity
  8
0
  6
Continuous
 62
     7
370
     0
100
AcDbSpline
210
0.0
220
0.0
230
1.0
 70
     8
 71
     3
 72
     8
 73
     4
 74
     0
 42
0.000000001
 43
0.00000001
 40
3.0
 40
3.0
 40
3.0
 40
3.0
 40
4.0
 40
4.0
 40
4.0
 40
4.0
 10
9.884630440524745
 20
6.516105340104454
 30
0.0
 10
9.884809493534313
 20
6.51474326740979
 30
0.0
 10
9.884828462074651
 20
6.513951191094901
 30
0.0
 10
9.884830776624527
 20
6.512306973285387
 30
0.0
  0
SPLINE
  5
3B2
330
1F
100
AcDbEntity
  8
0
  6
Continuous
 62
     7
370
     0
100
AcDbSpline
210
0.0
220
0.0
230
1.0
 70
     8
 71
     3
 72
     8
 73
     4
 74
     0
 42
0.000000001
 43
0.00000001
 40
2.0
 40
2.0
 40
2.0
 40
2.0
 40
3.0
 40
3.0
 40
3.0
 40
3.0
 10
9.878176717636647
 20
6.524258242339068
 30
0.0
 10
9.882752867077855
 20
6.521458372322823
 30
0.0
 10
9.884184873373549
 20
6.519553602794628
 30
0.0
 10
9.884630440524745
 20
6.516105340104454
 30
0.0
  0
SPLINE
  5
3B3
330
1F
100
AcDbEntity
  8
0
  6
Continuous
 62
     7
370
     0
100
AcDbSpline
210
0.0
220
0.0
230
1.0
 70
     8
 71
     3
 72
     8
 73
     4
 74
     0
 42
0.000000001
 43
0.00000001
 40
29.0
 40
29.0
 40
29.0
 40
29.0
 40
30.0
 40
30.0
 40
30.0
 40
30.0
 10
9.867002824708855
 20
6.529042087206439
 30
0.0
 10
9.86700107098824
 20
6.522248625697761
 30
0.0
 10
9.878056454051753
 20
6.51462617484366
 30
0.0
 10
9.889227622089782
 20
6.504591903238778
 30
0.0
  0
SPLINE
  5
3B4
330
1F
100
AcDbEntity
  8
0
  6
Continuous
 62
     7
370
     0
100
AcDbSpline
210
0.0
220
0.0
230
1.0
 70
     8
 71
     3
 72
     8
 73
     4
 74
     0
 42
0.000000001
 43
0.00000001
 40
28.67180682034015
 40
28.67180682034015
 40
28.67180682034015
 40
28.67180682034015
 40
29.0
 40
29.0
 40
29.0
 40
29.0
 10
9.868510993898884
 20
6.532651492949753
 30
0.0
 10
9.867581995164334
 20
6.532078205624762
 30
0.0
 10
9.867003316351823
 20
6.530946585313387
 30
0.0
 10
9.867002824708855
 20
6.529042087206439
 30
0.0
  0
SPLINE
  5
3B5
330
1F
100
AcDbEntity
  8
0
  6
Continuous
 62
     7
370
     0
100
AcDbSpline
210
0.0
220
0.0
230
1.0
 70
     8
 71
     3
 72
     8
 73
     4
 74
     0
 42
0.000000001
 43
0.00000001
 40
25.0
 40
25.0
 40
25.0
 40
25.0
 40
26.0
 40
26.0
 40
26.0
 40
26.0
 10
9.8782814105404
 20
6.547844816633542
 30
0.0
 10
9.893532638099362
 20
6.539035221144863
 30
0.0
 10
9.908887102319587
 20
6.521645623792472
 30
0.0
 10
9.908991513664297
 20
6.501700761795451
 30
0.0
  0
SPLINE
  5
3B6
330
1F
100
AcDbEntity
  8
0
  6
Continuous
 62
     7
370
     0
100
AcDbSpline
210
0.0
220
0.0
230
1.0
 70
     8
 71
     3
 72
    50
 73
    46
 74
     0
 42
0.000000001
 43
0.00000001
 40
0.0
 40
0.0
 40
0.0
 40
0.0
 40
0.006135826074953
 40
0.0215362416807649
 40
0.0369566238673198
 40
0.0523998337832924
 40
0.0678684979541287
 40
0.0833650125584758
 40
0.0988915480424971
 40
0.1144500540244903
 40
0.1300422644443802
 40
0.1484640418555097
 40
0.1669368760194531
 40
0.1854625144383486
 40
0.2040423353464641
 40
0.2233621979375462
 40
0.2427421394921121
 40
0.2621825298472985
 40
0.2816833742528804
 40
0.3012443288184755
 40
0.3208647156940375
 40
0.3405435379330699
 40
0.3622561216973144
 40
0.3840356959999848
 40
0.4058797201105311
 40
0.4277852712919269
 40
0.4497490652812074
 40
0.4778426579441479
 40
0.5060168082299803
 40
0.5342624398765955
 40
0.5625697399087666
 40
0.5909282129561231
 40
0.6193267325479396
 40
0.6477535895517683
 40
0.6809375503892902
 40
0.714123109768044
 40
0.7472891509767939
 40
0.7804138139015064
 40
0.813474573507485
 40
0.8464483143466612
 40
0.8774369611051757
 40
0.9083070631548941
 40
0.9390381349289796
 40
0.9696094322516371
 40
1.0
 40
1.0
 40
1.0
 40
1.0
 10
9.852839591759887
 20
6.552364511067153
 30
0.0
 10
9.852879310802908
 20
6.552387848718582
 30
0.0
 10
9.853018721356493
 20
6.552469761943511
 30
0.0
 10
9.853264084211974
 20
6.552599652764926
 30
0.0
 10
9.853575483111973
 20
6.552754539518173
 30
0.0
 10
9.853893143711307
 20
6.552898994323445
 30
0.0
 10
9.85421647074591
 20
6.553033929494494
 30
0.0
 10
9.854545464680216
 20
6.553159226971951
 30
0.0
 10
9.854879965927298
 20
6.553275045404211
 30
0.0
 10
9.855219858184393
 20
6.553381469158136
 30
0.0
 10
9.855585630666399
 20
6.55348440464128
 30
0.0
 10
9.85597822709352
 20
6.553581914158416
 30
0.0
 10
9.856398551004368
 20
6.553671985463306
 30
0.0
 10
9.856825599299274
 20
6.553749616835893
 30
0.0
 10
9.857264492661795
 20
6.553815774946374
 30
0.0
 10
9.857715277609163
 20
6.553870094196144
 30
0.0
 10
9.858177974859597
 20
6.553912223729979
 30
0.0
 10
9.858646998623861
 20
6.553941700497235
 30
0.0
 10
9.859122119888358
 20
6.55395870688306
 30
0.0
 10
9.859603109708631
 20
6.553963425254619
 30
0.0
 10
9.860089739336168
 20
6.553956037935975
 30
0.0
 10
9.860598253835716
 20
6.553936080677143
 30
0.0
 10
9.861128974760343
 20
6.553902324202745
 30
0.0
 10
9.861682165002893
 20
6.55385355415587
 30
0.0
 10
9.862241015145901
 20
6.553791062902465
 30
0.0
 10
9.86280522088356
 20
6.553715092930982
 30
0.0
 10
9.8634269639463
 20
6.553617661724755
 30
0.0
 10
9.864107367109396
 20
6.553494525350637
 30
0.0
 10
9.864847392107755
 20
6.55334124785349
 30
0.0
 10
9.865593870769123
 20
6.553167840132724
 30
0.0
 10
9.86634617040369
 20
6.552974805430336
 30
0.0
 10
9.867103659368045
 20
6.552762646708371
 30
0.0
 10
9.867865706302702
 20
6.552531866760014
 30
0.0
 10
9.868674266380275
 20
6.552269129940571
 30
0.0
 10
9.869529283826665
 20
6.55197138131392
 30
0.0
 10
9.870430484860853
 20
6.551635587332362
 30
0.0
 10
9.871334159959156
 20
6.551277417956987
 30
0.0
 10
9.872239305329627
 20
6.550897672344658
 30
0.0
 10
9.873144917805005
 20
6.550497146260819
 30
0.0
 10
9.874032840811003
 20
6.550084616450252
 30
0.0
 10
9.874902118112345
 20
6.549662125685242
 30
0.0
 10
9.875751892902757
 20
6.549231744563556
 30
0.0
 10
9.876598617859669
 20
6.548785313486698
 30
0.0
 10
9.877441452539854
 20
6.548325070622738
 30
0.0
 10
9.87800197845815
 20
6.548004584588752
 30
0.0
 10
9.8782814105404
 20
6.547844816633542
 30
0.0
  0
SPLINE
  5
3B7
330
1F
100
AcDbEntity
  8
0
  6
Continuous
 62
     7
370
     0
100
AcDbSpline
210
0.0
220
0.0
230
1.0
 70
     8
 71
     3
 72
     8
 73
     4
 74
     0
 42
0.000000001
 43
0.00000001
 40
21.0
 40
21.0
 40
21.0
 40
21.0
 40
21.65701620135983
 40
21.65701620135983
 40
21.65701620135983
 40
21.65701620135983
 10
9.879229006188423
 20
6.47318993031576
 30
0.0
 10
9.883180269736403
 20
6.470907554461599
 30
0.0
 10
9.887225200212463
 20
6.469638601975825
 30
0.0
 10
9.889535552368493
 20
6.470892961968663
 30
0.0
  0
SPLINE
  5
3B8
330
1F
100
AcDbEntity
  8
0
  6
Continuous
 62
     7
370
     0
100
AcDbSpline
210
0.0
220
0.0
230
1.0
 70
     8
 71
     3
 72
     8
 73
     4
 74
     0
 42
0.000000001
 43
0.00000001
 40
20.0
 40
20.0
 40
20.0
 40
20.0
 40
21.0
 40
21.0
 40
21.0
 40
21.0
 10
9.864737169320168
 20
6.495271579988738
 30
0.0
 10
9.865161711788492
 20
6.484650427571861
 30
0.0
 10
9.870746212623352
 20
6.478089862444721
 30
0.0
 10
9.879229006188423
 20
6.47318993031576
 30
0.0
  0
LINE
  5
3B9
330
1F
100
AcDbEntity
  8
0
  6
Continuous
 62
     7
370
     0
100
AcDbLine
 10
9.8456423257
 20
6.5063013707
 30
0.0
 11
9.8647371693
 21
6.49527158
 31
0.0
  0
SPLINE
  5
3BA
330
1F
100
AcDbEntity
  8
0
  6
Continuous
 62
     7
370
     0
100
AcDbSpline
210
0.0
220
0.0
230
1.0
 70
     8
 71
     3
 72
     8
 73
     4
 74
     0
 42
0.000000001
 43
0.00000001
 40
18.00382825332454
 40
18.00382825332454
 40
18.00382825332454
 40
18.00382825332454
 40
19.0
 40
19.0
 40
19.0
 40
19.0
 10
9.832618603559872
 20
6.532447195405814
 30
0.0
 10
9.840118916370702
 20
6.525574091508194
 30
0.0
 10
9.844957150156938
 20
6.515639334630484
 30
0.0
 10
9.845642325693868
 20
6.50630137071325
 30
0.0
  0
SPLINE
  5
3BB
330
1F
100
AcDbEntity
  8
0
  6
Continuous
 62
     7
370
     0
100
AcDbSpline
210
0.0
220
0.0
230
1.0
 70
     8
 71
     3
 72
    52
 73
    48
 74
     0
 42
0.000000001
 43
0.00000001
 40
0.0
 40
0.0
 40
0.0
 40
0.0
 40
0.0220843057899704
 40
0.0440562003691764
 40
0.0659202018549189
 40
0.0876807846158138
 40
0.1093423770528612
 40
0.1309093594221728
 40
0.1523860617062767
 40
0.175911204924544
 40
0.1993379016041154
 40
0.2226716864931389
 40
0.2459180086398471
 40
0.2690822285436957
 40
0.2921696154598225
 40
0.3151853448659234
 40
0.3381344961002151
 40
0.3610220501776776
 40
0.3838528877910965
 40
0.4062254610415653
 40
0.428552364686261
 40
0.4508379306074791
 40
0.4730863917416099
 40
0.4957055079328118
 40
0.5182946977080569
 40
0.5408581076977631
 40
0.5633997753129716
 40
0.5859236285106719
 40
0.6080316356906256
 40
0.6301296573766871
 40
0.6522211069779991
 40
0.674309296915993
 40
0.6968482274662497
 40
0.719390414039495
 40
0.7419390554841047
 40
0.7644972448137969
 40
0.7870679705099466
 40
0.8096541179620468
 40
0.8322584710380977
 40
0.8548343261716549
 40
0.8774335491650953
 40
0.9000586139686502
 40
0.9227119012398709
 40
0.9453957004192177
 40
0.9677062696345042
 40
0.9900503964755093
 40
1.0
 40
1.0
 40
1.0
 40
1.0
 10
9.842632430957957
 20
6.544476675761548
 30
0.0
 10
9.84263193993261
 20
6.544366174375466
 30
0.0
 10
9.842630960381276
 20
6.544145734065835
 30
0.0
 10
9.842623403001745
 20
6.54381950635152
 30
0.0
 10
9.842611426224163
 20
6.543497640906053
 30
0.0
 10
9.842594632539132
 20
6.543180391891251
 30
0.0
 10
9.842573172903302
 20
6.542867696724645
 30
0.0
 10
9.842547052357878
 20
6.542559576944615
 30
0.0
 10
9.84251529663169
 20
6.542245977031565
 30
0.0
 10
9.842477385274961
 20
6.541927380478524
 30
0.0
 10
9.842432783419648
 20
6.54160430923466
 30
0.0
 10
9.842382730953354
 20
6.541286789979287
 30
0.0
 10
9.842327275492769
 20
6.540974828064516
 30
0.0
 10
9.842266464584295
 20
6.540668428697557
 30
0.0
 10
9.842200345796309
 20
6.540367597118028
 30
0.0
 10
9.84212896669518
 20
6.540072338552952
 30
0.0
 10
9.842052374848112
 20
6.539782658219986
 30
0.0
 10
9.841970617834175
 20
6.539498561358879
 30
0.0
 10
9.841884258537105
 20
6.539221705215992
 30
0.0
 10
9.841793451509307
 20
6.538951986290009
 30
0.0
 10
9.841698347850622
 20
6.538689298288016
 30
0.0
 10
9.841598443792524
 20
6.538432015972789
 30
0.0
 10
9.841493151571225
 20
6.538178621275109
 30
0.0
 10
9.841382414120739
 20
6.537929229894726
 30
0.0
 10
9.841266176570503
 20
6.537683961359991
 30
0.0
 10
9.841145151048519
 20
6.537444317477314
 30
0.0
 10
9.841019385150567
 20
6.537210303464834
 30
0.0
 10
9.840889702209688
 20
6.53698328253384
 30
0.0
 10
9.84075624726884
 20
6.5367631451839
 30
0.0
 10
9.840619161239001
 20
6.536549780515526
 30
0.0
 10
9.840477684549088
 20
6.536341866166251
 30
0.0
 10
9.84033087034498
 20
6.536138029838971
 30
0.0
 10
9.840178660082849
 20
6.535938406389593
 30
0.0
 10
9.840020998359389
 20
6.535743133762054
 30
0.0
 10
9.839858954532609
 20
6.535553556810333
 30
0.0
 10
9.839692576495867
 20
6.535369680743472
 30
0.0
 10
9.839521912116679
 20
6.535191510760761
 30
0.0
 10
9.839347009297523
 20
6.53501905201482
 30
0.0
 10
9.839168046242238
 20
6.534852431281795
 30
0.0
 10
9.83898508159887
 20
6.534691638482323
 30
0.0
 10
9.838798171924461
 20
6.534536666220977
 30
0.0
 10
9.838607236437817
 20
6.534387394507782
 30
0.0
 10
9.838412305005104
 20
6.534243859183274
 30
0.0
 10
9.838214677241384
 20
6.534106773293295
 30
0.0
 10
9.838014235888199
 20
6.533976443702799
 30
0.0
 10
9.837849504726634
 20
6.533874416059428
 30
0.0
 10
9.837749997300865
 20
6.533817666166356
 30
0.0
 10
9.837719339355099
 20
6.533800181690895
 30
0.0
  0
SPLINE
  5
3BC
330
1F
100
AcDbEntity
  8
0
  6
Continuous
 62
     7
370
     0
100
AcDbSpline
210
0.0
220
0.0
230
1.0
 70
     8
 71
     3
 72
     8
 73
     4
 74
     0
 42
0.000000001
 43
0.00000001
 40
16.0
 40
16.0
 40
16.0
 40
16.0
 40
17.0
 40
17.0
 40
17.0
 40
17.0
 10
9.814930417204476
 20
6.582587560587021
 30
0.0
 10
9.828137348335543
 20
6.575205485229414
 30
0.0
 10
9.842637181553249
 20
6.56287925708829
 30
0.0
 10
9.842632430957957
 20
6.544476675761548
 30
0.0
  0
LINE
  5
3BD
330
1F
100
AcDbEntity
  8
0
  6
Continuous
 62
     7
370
     0
100
AcDbLine
 10
9.7790630573
 20
6.6033056917
 30
0.0
 11
9.8149304172
 21
6.5825875606
 31
0.0
  0
LINE
  5
3BE
330
1F
100
AcDbEntity
  8
0
  6
Continuous
 62
     7
370
     0
100
AcDbLine
 10
9.7520167073
 20
6.6189285261
 30
0.0
 11
9.7789005108
 21
6.5213907908
 31
0.0
  0
LINE
  5
3BF
330
1F
100
AcDbEntity
  8
0
  6
Continuous
 62
     7
370
     0
100
AcDbLine
 10
9.7317196211
 20
6.6306527705
 30
0.0
 11
9.7520167073
 21
6.6189285261
 31
0.0
  0
LINE
  5
3C0
330
1F
100
AcDbEntity
  8
0
  6
Continuous
 62
     7
370
     0
100
AcDbLine
 10
9.6726565128
 20
6.5963424904
 30
0.0
 11
9.7093161742
 21
6.5751667007
 31
0.0
  0
LINE
  5
3C1
330
1F
100
AcDbEntity
  8
0
  6
Continuous
 62
     7
370
     0
100
AcDbLine
 10
9.6726741745
 20
6.6647593037
 30
0.0
 11
9.6726565128
 21
6.5963424904
 31
0.0
  0
LINE
  5
3C2
330
1F
100
AcDbEntity
  8
0
  6
Continuous
 62
     7
370
     0
100
AcDbLine
 10
9.6526961345
 20
6.6762992569
 30
0.0
 11
9.6726741745
 21
6.6647593037
 31
0.0
  0
LINE
  5
3C3
330
1F
100
AcDbEntity
  8
0
  6
Continuous
 62
     7
370
     0
100
AcDbLine
 10
9.7292953448
 20
6.5583712567
 30
0.0
 11
9.7235344184
 21
6.5469514383
 31
0.0
  0
SPLINE
  5
3C4
330
1F
100
AcDbEntity
  8
0
  6
Continuous
 62
     7
370
     0
100
AcDbSpline
210
0.0
220
0.0
230
1.0
 70
     8
 71
     3
 72
     8
 73
     4
 74
     0
 42
0.000000001
 43
0.00000001
 40
1.010858757810394
 40
1.010858757810394
 40
1.010858757810394
 40
1.010858757810394
 40
1.353493302172051
 40
1.353493302172051
 40
1.353493302172051
 40
1.353493302172051
 10
9.845341626896568
 20
6.498672270307602
 30
0.0
 10
9.844565151195367
 20
6.493428884774408
 30
0.0
 10
9.842573644850734
 20
6.490166584553905
 30
0.0
 10
9.839684534390939
 20
6.488498735794606
 30
0.0
  0
SPLINE
  5
3C5
330
1F
100
AcDbEntity
  8
0
  6
Continuous
 62
     7
370
     0
100
AcDbSpline
210
0.0
220
0.0
230
1.0
 70
     8
 71
     3
 72
    53
 73
    49
 74
     0
 42
0.000000001
 43
0.00000001
 40
0.0
 40
0.0
 40
0.0
 40
0.0
 40
0.0274619770536468
 40
0.0546132809238785
 40
0.0814619752568572
 40
0.1080161693218092
 40
0.1342840144731701
 40
0.1602737002806798
 40
0.1845309108034851
 40
0.2085550710285398
 40
0.232353117541499
 40
0.2559320027113145
 40
0.2792986905854424
 40
0.302460152555697
 40
0.3254233628016005
 40
0.3481952935199002
 40
0.3707829099508199
 40
0.3931931652136535
 40
0.41503731944113
 40
0.436723629737491
 40
0.4582586187650854
 40
0.4796487774039629
 40
0.5012857043705383
 40
0.5227859437423461
 40
0.544156210620553
 40
0.5654031623614278
 40
0.586533392557296
 40
0.607179006195552
 40
0.6277244323202095
 40
0.6481757046422857
 40
0.6685387758079447
 40
0.6892325768982852
 40
0.7098467831316773
 40
0.7303874252707262
 40
0.7508604246597629
 40
0.7712715882960273
 40
0.7916266041481939
 40
0.811931036740394
 40
0.8321461673775349
 40
0.8523216195425026
 40
0.8724625304866468
 40
0.8925739005085777
 40
0.9126605900892407
 40
0.9323691399255688
 40
0.9520627684146148
 40
0.9717456734125348
 40
0.9914219150709249
 40
0.9999999999999999
 40
0.9999999999999999
 40
0.9999999999999999
 40
0.9999999999999999
 10
9.911451588587777
 20
6.466312905732631
 30
0.0
 10
9.911450741348233
 20
6.466109373639327
 30
0.0
 10
9.911449056453838
 20
6.465704611980436
 30
0.0
 10
9.911436019950607
 20
6.465107092663484
 30
0.0
 10
9.911415355513086
 20
6.464521027671767
 30
0.0
 10
9.911386402900309
 20
6.463946771662725
 30
0.0
 10
9.911349431033363
 20
6.463384142885436
 30
0.0
 10
9.911305307299738
 20
6.462843435761261
 30
0.0
 10
9.91125464630464
 20
6.462323997054331
 30
0.0
 10
9.911198034567922
 20
6.461825170750235
 30
0.0
 10
9.911134517914286
 20
6.461336459742161
 30
0.0
 10
9.911064159107394
 20
6.460857805423027
 30
0.0
 10
9.910987021211092
 20
6.460389149147135
 30
0.0
 10
9.91090316721593
 20
6.459930432281239
 30
0.0
 10
9.910812660139467
 20
6.459481596193585
 30
0.0
 10
9.910715562996455
 20
6.459042582243678
 30
0.0
 10
9.910611938821592
 20
6.458613331829262
 30
0.0
 10
9.910502498450175
 20
6.458196255117814
 30
0.0
 10
9.910387444380522
 20
6.45779112595361
 30
0.0
 10
9.910266976595748
 20
6.457397713942593
 30
0.0
 10
9.910140453939647
 20
6.457013495576489
 30
0.0
 10
9.910007140912148
 20
6.456636164397317
 30
0.0
 10
9.909866963208172
 20
6.456265832824411
 30
0.0
 10
9.909719847652154
 20
6.455902619003824
 30
0.0
 10
9.909566705002899
 20
6.455548703707703
 30
0.0
 10
9.909407598375932
 20
6.455204028321823
 30
0.0
 10
9.909243565336496
 20
6.454870515474849
 30
0.0
 10
9.90907479787315
 20
6.454547936126175
 30
0.0
 10
9.908901483581593
 20
6.45423605885481
 30
0.0
 10
9.908722657784068
 20
6.453932869908923
 30
0.0
 10
9.908537134435461
 20
6.453636322228788
 30
0.0
 10
9.908344836020529
 20
6.453346550478474
 30
0.0
 10
9.908145688351443
 20
6.453063693721989
 30
0.0
 10
9.907941053506375
 20
6.452789649536141
 30
0.0
 10
9.90773099506301
 20
6.452524358809187
 30
0.0
 10
9.907515576581895
 20
6.452267762385928
 30
0.0
 10
9.907294861638112
 20
6.452019801105358
 30
0.0
 10
9.907069077555901
 20
6.451780589323453
 30
0.0
 10
9.906838301770206
 20
6.451550046918086
 30
0.0
 10
9.906602610861091
 20
6.451328094049614
 30
0.0
 10
9.906361899945235
 20
6.451114502413442
 30
0.0
 10
9.906116229980976
 20
6.450909217040524
 30
0.0
 10
9.905867161468668
 20
6.450713335912271
 30
0.0
 10
9.90561483082671
 20
6.450526685848017
 30
0.0
 10
9.90535951009969
 20
6.450348849370894
 30
0.0
 10
9.905099321143156
 20
6.45017936576494
 30
0.0
 10
9.904885390506742
 20
6.450046290815561
 30
0.0
 10
9.90475619840806
 20
6.44997320541087
 30
0.0
 10
9.90471697536053
 20
6.449951016497375
 30
0.0
  0
SPLINE
  5
3C6
330
1F
100
AcDbEntity
  8
0
  6
Continuous
 62
     7
370
     0
100
AcDbSpline
210
0.0
220
0.0
230
1.0
 70
     8
 71
     3
 72
     8
 73
     4
 74
     0
 42
0.000000001
 43
0.00000001
 40
30.0
 40
30.0
 40
30.0
 40
30.0
 40
31.0
 40
31.0
 40
31.0
 40
31.0
 10
9.889227622089782
 20
6.504591903238778
 30
0.0
 10
9.90029061588609
 20
6.494620907132984
 30
0.0
 10
9.91145570066878
 20
6.482242047326928
 30
0.0
 10
9.911451588587777
 20
6.466312905732631
 30
0.0
  0
SPLINE
  5
3C7
330
1F
100
AcDbEntity
  8
0
  6
Continuous
 62
     7
370
     0
100
AcDbSpline
210
0.0
220
0.0
230
1.0
 70
     8
 71
     3
 72
     8
 73
     4
 74
     0
 42
0.000000001
 43
0.00000001
 40
0.0
 40
0.0
 40
0.0
 40
0.0
 40
1.0
 40
1.0
 40
1.0
 40
1.0
 10
9.863811529561435
 20
6.501130204973537
 30
0.0
 10
9.865045164338541
 20
6.500023896010934
 30
0.0
 10
9.866304812081367
 20
6.49888833020791
 30
0.0
 10
9.867567195968999
 20
6.497741696639229
 30
0.0
  0
SPLINE
  5
3C8
330
1F
100
AcDbEntity
  8
0
  6
Continuous
 62
     7
370
     0
100
AcDbSpline
210
0.0
220
0.0
230
1.0
 70
     8
 71
     3
 72
     8
 73
     4
 74
     0
 42
0.000000001
 43
0.00000001
 40
10.0
 40
10.0
 40
10.0
 40
10.0
 40
11.0
 40
11.0
 40
11.0
 40
11.0
 10
9.844824965347321
 20
6.533724498033646
 30
0.0
 10
9.844822292117154
 20
6.523369093592909
 30
0.0
 10
9.85326196206378
 20
6.510572191285005
 30
0.0
 10
9.863811529561435
 20
6.501130204973537
 30
0.0
  0
LINE
  5
3C9
330
1F
100
AcDbEntity
  8
0
  6
Continuous
 62
     7
370
     0
100
AcDbLine
 10
9.6135145008
 20
6.6834390881
 30
0.0
 11
9.5958546802
 21
6.6936399638
 31
0.0
  0
SPLINE
  5
3CA
330
1F
100
AcDbEntity
  8
0
  6
Continuous
 62
     7
370
     0
100
AcDbSpline
210
0.0
220
0.0
230
1.0
 70
     8
 71
     3
 72
     8
 73
     4
 74
     0
 42
0.000000001
 43
0.00000001
 40
1.505745421194738
 40
1.505745421194738
 40
1.505745421194738
 40
1.505745421194738
 40
2.0
 40
2.0
 40
2.0
 40
2.0
 10
9.622159167704027
 20
6.65940414708564
 30
0.0
 10
9.623850576530911
 20
6.660380576140259
 30
0.0
 10
9.624725368331749
 20
6.662732689897425
 30
0.0
 10
9.624726313685553
 20
6.66639474679837
 30
0.0
  0
SPLINE
  5
3CB
330
1F
100
AcDbEntity
  8
0
  6
Continuous
 62
     7
370
     0
100
AcDbSpline
210
0.0
220
0.0
230
1.0
 70
     8
 71
     3
 72
     8
 73
     4
 74
     0
 42
0.000000001
 43
0.00000001
 40
2.0
 40
2.0
 40
2.0
 40
2.0
 40
3.0
 40
3.0
 40
3.0
 40
3.0
 10
9.624726313685553
 20
6.66639474679837
 30
0.0
 10
9.624728190660445
 20
6.673665663595767
 30
0.0
 10
9.619720838420132
 20
6.679854109554716
 30
0.0
 10
9.613514500755292
 20
6.683439088146245
 30
0.0
  0
LINE
  5
3CC
330
1F
100
AcDbEntity
  8
0
  6
Continuous
 62
     7
370
     0
100
AcDbLine
 10
9.6126711396
 20
6.6419724305
 30
0.0
 11
9.5958438514
 21
6.6516924089
 31
0.0
  0
LINE
  5
3CD
330
1F
100
AcDbEntity
  8
0
  6
Continuous
 62
     7
370
     0
100
AcDbLine
 10
9.595693262
 20
6.6160961485
 30
0.0
 11
9.5736403943
 21
6.6288345883
 31
0.0
  0
LINE
  5
3CE
330
1F
100
AcDbEntity
  8
0
  6
Continuous
 62
     7
370
     0
100
AcDbLine
 10
9.5736403943
 20
6.6288345883
 30
0.0
 11
9.5736656431
 21
6.7266415753
 31
0.0
  0
SPLINE
  5
3CF
330
1F
100
AcDbEntity
  8
0
  6
Continuous
 62
     7
370
     0
100
AcDbSpline
210
0.0
220
0.0
230
1.0
 70
     8
 71
     3
 72
     8
 73
     4
 74
     0
 42
0.000000001
 43
0.00000001
 40
2.699738234723584
 40
2.699738234723584
 40
2.699738234723584
 40
2.699738234723584
 40
3.0
 40
3.0
 40
3.0
 40
3.0
 10
9.64039016862549
 20
6.641185365161661
 30
0.0
 10
9.638516696689676
 20
6.640132661011963
 30
0.0
 10
9.63623790133112
 20
6.63970990196602
 30
0.0
 10
9.633550744237212
 20
6.640067310866005
 30
0.0
  0
LINE
  5
3D0
330
1F
100
AcDbEntity
  8
0
  6
Continuous
 62
     7
370
     0
100
AcDbLine
 10
9.6482319819
 20
6.6835696796
 30
0.0
 11
9.6481584017
 21
6.590371242
 31
0.0
  0
LINE
  5
3D1
330
1F
100
AcDbEntity
  8
0
  6
Continuous
 62
     7
370
     0
100
AcDbLine
 10
9.729255098
 20
6.6367681435
 30
0.0
 11
9.7064689412
 21
6.5802796756
 31
0.0
  0
LINE
  5
3D2
330
1F
100
AcDbEntity
  8
0
  6
Continuous
 62
     7
370
     0
100
AcDbLine
 10
9.7750986359
 20
6.6102874538
 30
0.0
 11
9.7750829258
 21
6.549430551
 31
0.0
  0
SPLINE
  5
3D3
330
1F
100
AcDbEntity
  8
0
  6
Continuous
 62
     7
370
     0
100
AcDbSpline
210
0.0
220
0.0
230
1.0
 70
     8
 71
     3
 72
    24
 73
    20
 74
     0
 42
0.000000001
 43
0.00000001
 40
0.0
 40
0.0
 40
0.0
 40
0.0
 40
0.0306233218521711
 40
0.092897632891328
 40
0.1543642785637624
 40
0.2150213013639029
 40
0.2748658218807841
 40
0.3338940563781299
 40
0.401722114214239
 40
0.4684238277264726
 40
0.5339887283092826
 40
0.5984048269909956
 40
0.6616586593331671
 40
0.7237353314650569
 40
0.7811720559387254
 40
0.8375331188638904
 40
0.8928027727500275
 40
0.9469642897647689
 40
1.0
 40
1.0
 40
1.0
 40
1.0
 10
9.850092822133313
 20
6.556375683257277
 30
0.0
 10
9.85003785210437
 20
6.556344268629458
 30
0.0
 10
9.849871097315544
 20
6.556248970523766
 30
0.0
 10
9.849599789362669
 20
6.55608066053993
 30
0.0
 10
9.84928000537243
 20
6.555872424728139
 30
0.0
 10
9.848970059244188
 20
6.555657661135448
 30
0.0
 10
9.848669505571538
 20
6.555437343889603
 30
0.0
 10
9.848362530757516
 20
6.555199407777907
 30
0.0
 10
9.848050555887339
 20
6.554943016532524
 30
0.0
 10
9.847735100653097
 20
6.554667292769756
 30
0.0
 10
9.84743200530911
 20
6.554385943276538
 30
0.0
 10
9.847141128803395
 20
6.55409953469553
 30
0.0
 10
9.846862330440064
 20
6.553808633263611
 30
0.0
 10
9.84660040428443
 20
6.553519266720381
 30
0.0
 10
9.846354601229656
 20
6.55323235184818
 30
0.0
 10
9.846124133776053
 20
6.552948805211361
 30
0.0
 10
9.845904032349225
 20
6.55266307869817
 30
0.0
 10
9.845693631425746
 20
6.552376317801464
 30
0.0
 10
9.845559648523672
 20
6.552181081487351
 30
0.0
 10
9.845493360630291
 20
6.552084488535758
 30
0.0
  0
LINE
  5
3D4
330
1F
100
AcDbEntity
  8
0
  6
Continuous
 62
     7
370
     0
100
AcDbLine
 10
9.8898972716
 20
6.5078779892
 30
0.0
 11
9.9131252873
 21
6.4945560886
 31
0.0
  0
SPLINE
  5
3D5
330
1F
100
AcDbEntity
  8
0
  6
Continuous
 62
     7
370
     0
100
AcDbSpline
210
0.0
220
0.0
230
1.0
 70
     8
 71
     3
 72
    52
 73
    48
 74
     0
 42
0.000000001
 43
0.00000001
 40
0.0
 40
0.0
 40
0.0
 40
0.0
 40
0.028172366276476
 40
0.0561430607390684
 40
0.0839148090269142
 40
0.1114902848082323
 40
0.1388721130519766
 40
0.1660628734650405
 40
0.1930651040963517
 40
0.2176537180657605
 40
0.2420879166536773
 40
0.2663695791418152
 40
0.290500566258019
 40
0.314482723037054
 40
0.3383178817840247
 40
0.3620078651407855
 40
0.3855544892555383
 40
0.4089595670558305
 40
0.4322249116248653
 40
0.4553523396810304
 40
0.4783436751602954
 40
0.4998982490423874
 40
0.5213350204270968
 40
0.5426555536213168
 40
0.5638614303966057
 40
0.5849542530215465
 40
0.6072036686678848
 40
0.6293297130636522
 40
0.6513343971682909
 40
0.6732197745662011
 40
0.6949879459738059
 40
0.7166410638254819
 40
0.7369534981971534
 40
0.7571675167609401
 40
0.7772850724105835
 40
0.7973081735001171
 40
0.8172388874802666
 40
0.8370793445606245
 40
0.8568317413907434
 40
0.8764983447525566
 40
0.8960814952557742
 40
0.9155836110273735
 40
0.9346610259796906
 40
0.9536651326226193
 40
0.9725984606254389
 40
0.9914636251501091
 40
1.0
 40
1.0
 40
1.0
 40
1.0
 10
9.879568458863666
 20
6.449380537350447
 30
0.0
 10
9.879856502884298
 20
6.449215784945503
 30
0.0
 10
9.880430528963153
 20
6.448887459515293
 30
0.0
 10
9.88128825819222
 20
6.448418358192652
 30
0.0
 10
9.882139388216414
 20
6.44796862199186
 30
0.0
 10
9.8829837533136
 20
6.447539704571081
 30
0.0
 10
9.883821187271083
 20
6.447131134849227
 30
0.0
 10
9.88465152366479
 20
6.446742952156485
 30
0.0
 10
9.885451964562193
 20
6.446385176217582
 30
0.0
 10
9.886222801831593
 20
6.446055950406954
 30
0.0
 10
9.886964381428937
 20
6.445753444878429
 30
0.0
 10
9.887699461863546
 20
6.445467833100331
 30
0.0
 10
9.888427915376507
 20
6.445199062695153
 30
0.0
 10
9.889149613924248
 20
6.444947081572081
 30
0.0
 10
9.889864429540438
 20
6.444711837567827
 30
0.0
 10
9.89057223423846
 20
6.444493278542556
 30
0.0
 10
9.891272900041757
 20
6.444291352353946
 30
0.0
 10
9.891966298958303
 20
6.444106006867543
 30
0.0
 10
9.892652303050887
 20
6.443937189942932
 30
0.0
 10
9.893330784182332
 20
6.44378484948017
 30
0.0
 10
9.893988947336409
 20
6.44365149982237
 30
0.0
 10
9.894627055981244
 20
6.4435360460936
 30
0.0
 10
9.895245402028255
 20
6.443437408221069
 30
0.0
 10
9.895856618146297
 20
6.443353237480069
 30
0.0
 10
9.896460597329572
 20
6.443283490160165
 30
0.0
 10
9.897069187246748
 20
6.443227013165156
 30
0.0
 10
9.897681847370833
 20
6.443184777566497
 30
0.0
 10
9.898297993449535
 20
6.44315778948279
 30
0.0
 10
9.898905501511345
 20
6.443146823800648
 30
0.0
 10
9.899504243458626
 20
6.443151828468998
 30
0.0
 10
9.900094091175472
 20
6.443172751407184
 30
0.0
 10
9.900663939040303
 20
6.443208845266263
 30
0.0
 10
9.90121416475882
 20
6.443259021687666
 30
0.0
 10
9.901745173239913
 20
6.443322211922674
 30
0.0
 10
9.902267832668436
 20
6.443399373250387
 30
0.0
 10
9.9027820358758
 20
6.443490462056678
 30
0.0
 10
9.903287675503853
 20
6.443595434756479
 30
0.0
 10
9.903784644304766
 20
6.443714247652511
 30
0.0
 10
9.904272834750559
 20
6.443846857500421
 30
0.0
 10
9.904752140286641
 20
6.443993219402386
 30
0.0
 10
9.905222450733241
 20
6.444153294620022
 30
0.0
 10
9.905680940541183
 20
6.444325993749771
 30
0.0
 10
9.906127636232453
 20
6.444511051299946
 30
0.0
 10
9.906562751710263
 20
6.444707896053187
 30
0.0
 10
9.90698837402678
 20
6.444918504804626
 30
0.0
 10
9.907330534687823
 20
6.445099431547092
 30
0.0
 10
9.907528123461802
 20
6.445214726005498
 30
0.0
 10
9.907589678099944
 20
6.445250643575735
 30
0.0
  0
SPLINE
  5
3D6
330
1F
100
AcDbEntity
  8
0
  6
Continuous
 62
     7
370
     0
100
AcDbSpline
210
0.0
220
0.0
230
1.0
 70
     8
 71
     3
 72
     8
 73
     4
 74
     0
 42
0.000000001
 43
0.00000001
 40
20.0
 40
20.0
 40
20.0
 40
20.0
 40
21.0
 40
21.0
 40
21.0
 40
21.0
 10
9.845336646101114
 20
6.487420102886291
 30
0.0
 10
9.848376871108378
 20
6.476549857197886
 30
0.0
 10
9.858992036119144
 20
6.461266135429849
 30
0.0
 10
9.879568458863666
 20
6.449380537350447
 30
0.0
  0
SPLINE
  5
3D7
330
1F
100
AcDbEntity
  8
0
  6
Continuous
 62
     7
370
     0
100
AcDbSpline
210
0.0
220
0.0
230
1.0
 70
     8
 71
     3
 72
     8
 73
     4
 74
     0
 42
0.000000001
 43
0.00000001
 40
19.0
 40
19.0
 40
19.0
 40
19.0
 40
19.7452900720435
 40
19.7452900720435
 40
19.7452900720435
 40
19.7452900720435
 10
9.820274507592305
 20
6.486370857872314
 30
0.0
 10
9.828698971821371
 20
6.481676674188537
 30
0.0
 10
9.836703685118508
 20
6.480529982067285
 30
0.0
 10
9.84156400986296
 20
6.483255669544454
 30
0.0
  0
LINE
  5
3D8
330
1F
100
AcDbEntity
  8
0
  6
Continuous
 62
     7
370
     0
100
AcDbLine
 10
9.7569111836
 20
6.5229715348
 30
0.0
 11
9.8202745076
 21
6.4863708579
 31
0.0
  0
LINE
  5
3D9
330
1F
100
AcDbEntity
  8
0
  6
Continuous
 62
     7
370
     0
100
AcDbLine
 10
9.752073078
 20
6.5402089833
 30
0.0
 11
9.7569111836
 21
6.5229715348
 31
0.0
  0
LINE
  5
3DA
330
1F
100
AcDbEntity
  8
0
  6
Continuous
 62
     7
370
     0
100
AcDbLine
 10
9.7314993938
 20
6.5520929995
 30
0.0
 11
9.752073078
 21
6.5402089833
 31
0.0
  0
LINE
  5
3DB
330
1F
100
AcDbEntity
  8
0
  6
Continuous
 62
     7
370
     0
100
AcDbLine
 10
9.7263654906
 20
6.5406157014
 30
0.0
 11
9.6275728867
 21
6.5976814605
 31
0.0
  0
SPLINE
  5
3DC
330
1F
100
AcDbEntity
  8
0
  6
Continuous
 62
     7
370
     0
100
AcDbSpline
210
0.0
220
0.0
230
1.0
 70
     8
 71
     3
 72
     8
 73
     4
 74
     0
 42
0.000000001
 43
0.00000001
 40
7.0
 40
7.0
 40
7.0
 40
7.0
 40
8.0
 40
8.0
 40
8.0
 40
8.0
 10
9.627572886699756
 20
6.597681460478767
 30
0.0
 10
9.62566767652334
 20
6.602078800842963
 30
0.0
 10
9.62531139972827
 20
6.611888888629752
 30
0.0
 10
9.625072480891301
 20
6.614770301235048
 30
0.0
  0
SPLINE
  5
3DD
330
1F
100
AcDbEntity
  8
0
  6
Continuous
 62
     7
370
     0
100
AcDbSpline
210
0.0
220
0.0
230
1.0
 70
     8
 71
     3
 72
     8
 73
     4
 74
     0
 42
0.000000001
 43
0.00000001
 40
8.0
 40
8.0
 40
8.0
 40
8.0
 40
9.0
 40
9.0
 40
9.0
 40
9.0
 10
9.625072480891301
 20
6.614770301235048
 30
0.0
 10
9.624478703342973
 20
6.624997451825993
 30
0.0
 10
9.62305040919563
 20
6.635977033334775
 30
0.0
 10
9.612671139587357
 20
6.641972430515974
 30
0.0
  0
LINE
  5
3DE
330
1F
100
AcDbEntity
  8
0
  6
Continuous
 62
     7
370
     0
100
AcDbLine
 10
9.7971139602
 20
6.5443778867
 30
0.0
 11
9.8168619584
 21
6.532970813
 31
0.0
  0
LINE
  5
3DF
330
1F
100
AcDbEntity
  8
0
  6
Continuous
 62
     7
370
     0
100
AcDbLine
 10
9.7971139602
 20
6.5443778867
 30
0.0
 11
9.7971075894
 21
6.5196988236
 31
0.0
  0
LINE
  5
3E0
330
1F
100
AcDbEntity
  8
0
  6
Continuous
 62
     7
370
     0
100
AcDbLine
 10
9.8168555876
 20
6.5082917499
 30
0.0
 11
9.7971075894
 21
6.5196988236
 31
0.0
  0
SPLINE
  5
3E1
330
1F
100
AcDbEntity
  8
0
  6
Continuous
 62
     7
370
     0
100
AcDbSpline
210
0.0
220
0.0
230
1.0
 70
     8
 71
     3
 72
     8
 73
     4
 74
     0
 42
0.000000001
 43
0.00000001
 40
2.0
 40
2.0
 40
2.0
 40
2.0
 40
3.0
 40
3.0
 40
3.0
 40
3.0
 10
9.827280467937017
 20
6.514522830121527
 30
0.0
 10
9.827278096312511
 20
6.50533576825815
 30
0.0
 10
9.821248291631324
 20
6.505754383957683
 30
0.0
 10
9.816855587554366
 20
6.508291749941495
 30
0.0
  0
SPLINE
  5
3E2
330
1F
100
AcDbEntity
  8
0
  6
Continuous
 62
     7
370
     0
100
AcDbSpline
210
0.0
220
0.0
230
1.0
 70
     8
 71
     3
 72
     8
 73
     4
 74
     0
 42
0.000000001
 43
0.00000001
 40
1.0
 40
1.0
 40
1.0
 40
1.0
 40
2.0
 40
2.0
 40
2.0
 40
2.0
 10
9.816861958412828
 20
6.532970813043767
 30
0.0
 10
9.822214539534034
 20
6.52987899146312
 30
0.0
 10
9.827282885067653
 20
6.523886171007062
 30
0.0
 10
9.827280467937017
 20
6.514522830121527
 30
0.0
  0
LINE
  5
3E3
330
1F
100
AcDbEntity
  8
0
  6
Continuous
 62
     7
370
     0
100
AcDbLine
 10
9.7403137768
 20
6.6022267911
 30
0.0
 11
9.7434330349
 21
6.6004250081
 31
0.0
  0
LINE
  5
3E4
330
1F
100
AcDbEntity
  8
0
  6
Continuous
 62
     7
370
     0
100
AcDbLine
 10
9.7403137768
 20
6.6022267911
 30
0.0
 11
9.7302896052
 21
6.5726255606
 31
0.0
  0
LINE
  5
3E5
330
1F
100
AcDbEntity
  8
0
  6
Continuous
 62
     7
370
     0
100
AcDbLine
 10
9.7531061975
 20
6.5594459691
 30
0.0
 11
9.7302896052
 21
6.5726255606
 31
0.0
  0
LINE
  5
3E6
330
1F
100
AcDbEntity
  8
0
  6
Continuous
 62
     7
370
     0
100
AcDbLine
 10
9.7434330349
 20
6.6004250081
 30
0.0
 11
9.7531061975
 21
6.5594459691
 31
0.0
  0
SPLINE
  5
3E7
330
1F
100
AcDbEntity
  8
0
  6
Continuous
 62
     7
370
     0
100
AcDbSpline
210
0.0
220
0.0
230
1.0
 70
     8
 71
     3
 72
     8
 73
     4
 74
     0
 42
0.000000001
 43
0.00000001
 40
31.0
 40
31.0
 40
31.0
 40
31.0
 40
32.0
 40
32.0
 40
32.0
 40
32.0
 10
9.911310167231541
 20
6.466231264921449
 30
0.0
 10
9.911304397135645
 20
6.443879401107232
 30
0.0
 10
9.894763887119861
 20
6.445129193836424
 30
0.0
 10
9.877899627951592
 20
6.454870527831626
 30
0.0
  0
SPLINE
  5
3E8
330
1F
100
AcDbEntity
  8
0
  6
Continuous
 62
     7
370
     0
100
AcDbSpline
210
0.0
220
0.0
230
1.0
 70
     8
 71
     3
 72
     8
 73
     4
 74
     0
 42
0.000000001
 43
0.00000001
 40
0.0
 40
0.0
 40
0.0
 40
0.0
 40
1.0
 40
1.0
 40
1.0
 40
1.0
 10
9.877899627951592
 20
6.454870527831626
 30
0.0
 10
9.862321138461711
 20
6.463869160249896
 30
0.0
 10
9.848356407015181
 20
6.480055165997121
 30
0.0
 10
9.84527035847327
 20
6.499095130470533
 30
0.0
  0
SPLINE
  5
3E9
330
1F
100
AcDbEntity
  8
0
  6
Continuous
 62
     7
370
     0
100
AcDbSpline
210
0.0
220
0.0
230
1.0
 70
     8
 71
     3
 72
     8
 73
     4
 74
     0
 42
0.000000001
 43
0.00000001
 40
1.0
 40
1.0
 40
1.0
 40
1.0
 40
2.0
 40
2.0
 40
2.0
 40
2.0
 10
9.84527035847327
 20
6.499095130470533
 30
0.0
 10
9.843229865159723
 20
6.483424373177415
 30
0.0
 10
9.830754049162095
 20
6.484732875978799
 30
0.0
 10
9.815734232759308
 20
6.493408801002621
 30
0.0
  0
LINE
  5
3EA
330
1F
100
AcDbEntity
  8
0
  6
Continuous
 62
     7
370
     0
100
AcDbLine
 10
9.8157342328
 20
6.493408801
 30
0.0
 11
9.7596902848
 21
6.5257815729
 31
0.0
  0
LINE
  5
3EB
330
1F
100
AcDbEntity
  8
0
  6
Continuous
 62
     7
370
     0
100
AcDbLine
 10
9.7596902848
 20
6.5257815729
 30
0.0
 11
9.7539855665
 21
6.5441093971
 31
0.0
  0
LINE
  5
3EC
330
1F
100
AcDbEntity
  8
0
  6
Continuous
 62
     7
370
     0
100
AcDbLine
 10
9.7539855665
 20
6.5441093971
 30
0.0
 11
9.7292177263
 21
6.5584160916
 31
0.0
  0
LINE
  5
3ED
330
1F
100
AcDbEntity
  8
0
  6
Continuous
 62
     7
370
     0
100
AcDbLine
 10
9.7292177263
 20
6.5584160916
 30
0.0
 11
9.7233929971
 21
6.5468697975
 31
0.0
  0
LINE
  5
3EE
330
1F
100
AcDbEntity
  8
0
  6
Continuous
 62
     7
370
     0
100
AcDbLine
 10
9.7233929971
 20
6.5468697975
 30
0.0
 11
9.6525318886
 21
6.5878014339
 31
0.0
  0
LINE
  5
3EF
330
1F
100
AcDbEntity
  8
0
  6
Continuous
 62
     7
370
     0
100
AcDbLine
 10
9.6525318886
 20
6.5878014339
 30
0.0
 11
9.6525547131
 21
6.6762176161
 31
0.0
  0
LINE
  5
3F0
330
1F
100
AcDbEntity
  8
0
  6
Continuous
 62
     7
370
     0
100
AcDbLine
 10
9.6525547131
 20
6.6762176161
 30
0.0
 11
9.6725327532
 21
6.6646776629
 31
0.0
  0
LINE
  5
3F1
330
1F
100
AcDbEntity
  8
0
  6
Continuous
 62
     7
370
     0
100
AcDbLine
 10
9.6725327532
 20
6.6646776629
 30
0.0
 11
9.6725150915
 21
6.5962608496
 31
0.0
  0
LINE
  5
3F2
330
1F
100
AcDbEntity
  8
0
  6
Continuous
 62
     7
370
     0
100
AcDbLine
 10
9.6725150915
 20
6.5962608496
 30
0.0
 11
9.7092629092
 21
6.575034138
 31
0.0
  0
LINE
  5
3F3
330
1F
100
AcDbEntity
  8
0
  6
Continuous
 62
     7
370
     0
100
AcDbLine
 10
9.7092629092
 20
6.575034138
 30
0.0
 11
9.7315781997
 21
6.6305711297
 31
0.0
  0
LINE
  5
3F4
330
1F
100
AcDbEntity
  8
0
  6
Continuous
 62
     7
370
     0
100
AcDbLine
 10
9.7315781997
 20
6.6305711297
 30
0.0
 11
9.7518752859
 21
6.6188468853
 31
0.0
  0
LINE
  5
3F5
330
1F
100
AcDbEntity
  8
0
  6
Continuous
 62
     7
370
     0
100
AcDbLine
 10
9.7518752859
 20
6.6188468853
 30
0.0
 11
9.7789003574
 21
6.5207966125
 31
0.0
  0
LINE
  5
3F6
330
1F
100
AcDbEntity
  8
0
  6
Continuous
 62
     7
370
     0
100
AcDbLine
 10
9.7789003574
 20
6.5207966125
 30
0.0
 11
9.7789216359
 21
6.6032240509
 31
0.0
  0
LINE
  5
3F7
330
1F
100
AcDbEntity
  8
0
  6
Continuous
 62
     7
370
     0
100
AcDbLine
 10
9.7789216359
 20
6.6032240509
 30
0.0
 11
9.8147889958
 21
6.5825059198
 31
0.0
  0
SPLINE
  5
3F8
330
1F
100
AcDbEntity
  8
0
  6
Continuous
 62
     7
370
     0
100
AcDbSpline
210
0.0
220
0.0
230
1.0
 70
     8
 71
     3
 72
     8
 73
     4
 74
     0
 42
0.000000001
 43
0.00000001
 40
16.0
 40
16.0
 40
16.0
 40
16.0
 40
17.0
 40
17.0
 40
17.0
 40
17.0
 10
9.81478899584824
 20
6.582505919775839
 30
0.0
 10
9.827995926979305
 20
6.575123844418232
 30
0.0
 10
9.842495760197012
 20
6.562797616277108
 30
0.0
 10
9.842491009601721
 20
6.544395034950365
 30
0.0
  0
SPLINE
  5
3F9
330
1F
100
AcDbEntity
  8
0
  6
Continuous
 62
     7
370
     0
100
AcDbSpline
210
0.0
220
0.0
230
1.0
 70
     8
 71
     3
 72
     8
 73
     4
 74
     0
 42
0.000000001
 43
0.00000001
 40
17.0
 40
17.0
 40
17.0
 40
17.0
 40
18.0
 40
18.0
 40
18.0
 40
18.0
 10
9.842491009601721
 20
6.544395034950365
 30
0.0
 10
9.842488968968006
 20
6.536490146064307
 30
0.0
 10
9.838406807562789
 20
6.532428405787504
 30
0.0
 10
9.832390594021799
 20
6.532444658036662
 30
0.0
  0
SPLINE
  5
3FA
330
1F
100
AcDbEntity
  8
0
  6
Continuous
 62
     7
370
     0
100
AcDbSpline
210
0.0
220
0.0
230
1.0
 70
     8
 71
     3
 72
     8
 73
     4
 74
     0
 42
0.000000001
 43
0.00000001
 40
18.0
 40
18.0
 40
18.0
 40
18.0
 40
19.0
 40
19.0
 40
19.0
 40
19.0
 10
9.832390594021799
 20
6.532444658036662
 30
0.0
 10
9.83994024735268
 20
6.525568817359959
 30
0.0
 10
9.844813095694978
 20
6.515593579289383
 30
0.0
 10
9.845500904337632
 20
6.506219729902067
 30
0.0
  0
LINE
  5
3FB
330
1F
100
AcDbEntity
  8
0
  6
Continuous
 62
     7
370
     0
100
AcDbLine
 10
9.8455009043
 20
6.5062197299
 30
0.0
 11
9.864595748
 21
6.4951899392
 31
0.0
  0
SPLINE
  5
3FC
330
1F
100
AcDbEntity
  8
0
  6
Continuous
 62
     7
370
     0
100
AcDbSpline
210
0.0
220
0.0
230
1.0
 70
     8
 71
     3
 72
     8
 73
     4
 74
     0
 42
0.000000001
 43
0.00000001
 40
20.0
 40
20.0
 40
20.0
 40
20.0
 40
21.0
 40
21.0
 40
21.0
 40
21.0
 10
9.86459574796393
 20
6.495189939177555
 30
0.0
 10
9.865020290432254
 20
6.484568786760678
 30
0.0
 10
9.870604791267114
 20
6.478008221633538
 30
0.0
 10
9.879087584832185
 20
6.473108289504578
 30
0.0
  0
SPLINE
  5
3FD
330
1F
100
AcDbEntity
  8
0
  6
Continuous
 62
     7
370
     0
100
AcDbSpline
210
0.0
220
0.0
230
1.0
 70
     8
 71
     3
 72
     8
 73
     4
 74
     0
 42
0.000000001
 43
0.00000001
 40
21.0
 40
21.0
 40
21.0
 40
21.0
 40
22.0
 40
22.0
 40
22.0
 40
22.0
 10
9.879087584832185
 20
6.473108289504578
 30
0.0
 10
9.88510153629914
 20
6.469634439317265
 30
0.0
 10
9.891332474967896
 20
6.468508268353113
 30
0.0
 10
9.891334164612612
 20
6.475053516350769
 30
0.0
  0
SPLINE
  5
3FE
330
1F
100
AcDbEntity
  8
0
  6
Continuous
 62
     7
370
     0
100
AcDbSpline
210
0.0
220
0.0
230
1.0
 70
     8
 71
     3
 72
     8
 73
     4
 74
     0
 42
0.000000001
 43
0.00000001
 40
22.0
 40
22.0
 40
22.0
 40
22.0
 40
23.0
 40
23.0
 40
23.0
 40
23.0
 10
9.891334164612612
 20
6.475053516350769
 30
0.0
 10
9.891336172596189
 20
6.48283192701465
 30
0.0
 10
9.880384919347762
 20
6.490639317262507
 30
0.0
 10
9.869320556458733
 20
6.500611894806686
 30
0.0
  0
SPLINE
  5
3FF
330
1F
100
AcDbEntity
  8
0
  6
Continuous
 62
     7
370
     0
100
AcDbSpline
210
0.0
220
0.0
230
1.0
 70
     8
 71
     3
 72
     8
 73
     4
 74
     0
 42
0.000000001
 43
0.00000001
 40
23.0
 40
23.0
 40
23.0
 40
23.0
 40
24.0
 40
24.0
 40
24.0
 40
24.0
 10
9.869320556458733
 20
6.500611894806686
 30
0.0
 10
9.858367106404993
 20
6.510519614952785
 30
0.0
 10
9.846878803913956
 20
6.522838506306699
 30
0.0
 10
9.846882980683047
 20
6.539018232878683
 30
0.0
  0
SPLINE
  5
400
330
1F
100
AcDbEntity
  8
0
  6
Continuous
 62
     7
370
     0
100
AcDbSpline
210
0.0
220
0.0
230
1.0
 70
     8
 71
     3
 72
     8
 73
     4
 74
     0
 42
0.000000001
 43
0.00000001
 40
24.0
 40
24.0
 40
24.0
 40
24.0
 40
25.0
 40
25.0
 40
25.0
 40
25.0
 10
9.846882980683047
 20
6.539018232878683
 30
0.0
 10
9.846887953707412
 20
6.558282447094006
 30
0.0
 10
9.863752787894702
 20
6.556073682178935
 30
0.0
 10
9.878139989184161
 20
6.547763175822358
 30
0.0
  0
SPLINE
  5
401
330
1F
100
AcDbEntity
  8
0
  6
Continuous
 62
     7
370
     0
100
AcDbSpline
210
0.0
220
0.0
230
1.0
 70
     8
 71
     3
 72
     8
 73
     4
 74
     0
 42
0.000000001
 43
0.00000001
 40
25.0
 40
25.0
 40
25.0
 40
25.0
 40
26.0
 40
26.0
 40
26.0
 40
26.0
 10
9.878139989184161
 20
6.547763175822358
 30
0.0
 10
9.893391216743124
 20
6.53895358033368
 30
0.0
 10
9.908745680963351
 20
6.52156398298129
 30
0.0
 10
9.90885009230806
 20
6.50161912098427
 30
0.0
  0
LINE
  5
402
330
1F
100
AcDbEntity
  8
0
  6
Continuous
 62
     7
370
     0
100
AcDbLine
 10
9.9088500923
 20
6.501619121
 30
0.0
 11
9.8888747909
 21
6.5131574922
 31
0.0
  0
SPLINE
  5
403
330
1F
100
AcDbEntity
  8
0
  6
Continuous
 62
     7
370
     0
100
AcDbSpline
210
0.0
220
0.0
230
1.0
 70
     8
 71
     3
 72
     8
 73
     4
 74
     0
 42
0.000000001
 43
0.00000001
 40
27.0
 40
27.0
 40
27.0
 40
27.0
 40
28.0
 40
28.0
 40
28.0
 40
28.0
 10
9.888874790850874
 20
6.513157492234839
 30
0.0
 10
9.889200016338734
 20
6.520995080861973
 30
0.0
 10
9.882647231675618
 20
6.527374949683191
 30
0.0
 10
9.876523736466094
 20
6.530912075830199
 30
0.0
  0
SPLINE
  5
404
330
1F
100
AcDbEntity
  8
0
  6
Continuous
 62
     7
370
     0
100
AcDbSpline
210
0.0
220
0.0
230
1.0
 70
     8
 71
     3
 72
     8
 73
     4
 74
     0
 42
0.000000001
 43
0.00000001
 40
28.0
 40
28.0
 40
28.0
 40
28.0
 40
29.0
 40
29.0
 40
29.0
 40
29.0
 10
9.876523736466094
 20
6.530912075830199
 30
0.0
 10
9.872232360351013
 20
6.533390911551291
 30
0.0
 10
9.866862901381829
 20
6.534763425326512
 30
0.0
 10
9.866861403352617
 20
6.528960446395256
 30
0.0
  0
SPLINE
  5
405
330
1F
100
AcDbEntity
  8
0
  6
Continuous
 62
     7
370
     0
100
AcDbSpline
210
0.0
220
0.0
230
1.0
 70
     8
 71
     3
 72
     8
 73
     4
 74
     0
 42
0.000000001
 43
0.00000001
 40
29.0
 40
29.0
 40
29.0
 40
29.0
 40
30.0
 40
30.0
 40
30.0
 40
30.0
 10
9.866861403352617
 20
6.528960446395256
 30
0.0
 10
9.866859649632001
 20
6.522166984886579
 30
0.0
 10
9.877915032695515
 20
6.514544534032478
 30
0.0
 10
9.889086200733546
 20
6.504510262427596
 30
0.0
  0
SPLINE
  5
406
330
1F
100
AcDbEntity
  8
0
  6
Continuous
 62
     7
370
     0
100
AcDbSpline
210
0.0
220
0.0
230
1.0
 70
     8
 71
     3
 72
     8
 73
     4
 74
     0
 42
0.000000001
 43
0.00000001
 40
30.0
 40
30.0
 40
30.0
 40
30.0
 40
31.0
 40
31.0
 40
31.0
 40
31.0
 10
9.889086200733546
 20
6.504510262427596
 30
0.0
 10
9.900149194529854
 20
6.494539266321801
 30
0.0
 10
9.911314279312542
 20
6.482160406515744
 30
0.0
 10
9.911310167231541
 20
6.466231264921449
 30
0.0
  0
LINE
  5
407
330
1F
100
AcDbEntity
  8
0
  6
Continuous
 62
     7
370
     0
100
AcDbLine
 10
9.7971221319
 20
6.5760330142
 30
0.0
 11
9.8149010814
 21
6.565763326
 31
0.0
  0
LINE
  5
408
330
1F
100
AcDbEntity
  8
0
  6
Continuous
 62
     7
370
     0
100
AcDbLine
 10
9.7971166039
 20
6.5546186702
 30
0.0
 11
9.7971221319
 21
6.5760330142
 31
0.0
  0
LINE
  5
409
330
1F
100
AcDbEntity
  8
0
  6
Continuous
 62
     7
370
     0
100
AcDbLine
 10
9.8148955533
 20
6.544348982
 30
0.0
 11
9.7971166039
 21
6.5546186702
 31
0.0
  0
SPLINE
  5
40A
330
1F
100
AcDbEntity
  8
0
  6
Continuous
 62
     7
370
     0
100
AcDbSpline
210
0.0
220
0.0
230
1.0
 70
     8
 71
     3
 72
     8
 73
     4
 74
     0
 42
0.000000001
 43
0.00000001
 40
2.0
 40
2.0
 40
2.0
 40
2.0
 40
3.0
 40
3.0
 40
3.0
 40
3.0
 10
9.824284826354441
 20
6.549555146282043
 30
0.0
 10
9.824282769191592
 20
6.541586227796008
 30
0.0
 10
9.818851451684626
 20
6.542063928876669
 30
0.0
 10
9.814895553281156
 20
6.544348981971192
 30
0.0
  0
SPLINE
  5
40B
330
1F
100
AcDbEntity
  8
0
  6
Continuous
 62
     7
370
     0
100
AcDbSpline
210
0.0
220
0.0
230
1.0
 70
     8
 71
     3
 72
     8
 73
     4
 74
     0
 42
0.000000001
 43
0.00000001
 40
1.0
 40
1.0
 40
1.0
 40
1.0
 40
2.0
 40
2.0
 40
2.0
 40
2.0
 10
9.814901081357894
 20
6.565763325963522
 30
0.0
 10
9.819722375327647
 20
6.5629783927874
 30
0.0
 10
9.824286923921838
 20
6.557680581568023
 30
0.0
 10
9.824284826354441
 20
6.549555146282043
 30
0.0
  0
LINE
  5
40C
330
1F
100
AcDbEntity
  8
0
  6
Continuous
 62
     7
370
     0
100
AcDbLine
 10
9.9089915137
 20
6.5017007618
 30
0.0
 11
9.9088500923
 21
6.501619121
 31
0.0
  0
LINE
  5
40D
330
1F
100
AcDbEntity
  8
0
  6
Continuous
 62
     7
370
     0
100
AcDbLine
 10
9.8898972716
 20
6.5078779892
 30
0.0
 11
9.8897558503
 21
6.5077963484
 31
0.0
  0
LINE
  5
40E
330
1F
100
AcDbEntity
  8
0
  6
Continuous
 62
     7
370
     0
100
AcDbLine
 10
9.8454933606
 20
6.5520844885
 30
0.0
 11
9.8453519393
 21
6.5520028477
 31
0.0
  0
SPLINE
  5
40F
330
1F
100
AcDbEntity
  8
0
  6
Continuous
 62
     7
370
     0
100
AcDbSpline
210
0.0
220
0.0
230
1.0
 70
     8
 71
     3
 72
     8
 73
     4
 74
     0
 42
0.000000001
 43
0.00000001
 40
3.0
 40
3.0
 40
3.0
 40
3.0
 40
4.0
 40
4.0
 40
4.0
 40
4.0
 10
9.884489019168507
 20
6.516023699293272
 30
0.0
 10
9.884668072178075
 20
6.514661626598608
 30
0.0
 10
9.884687040718413
 20
6.513869550283719
 30
0.0
 10
9.884689355268291
 20
6.512225332474204
 30
0.0
  0
SPLINE
  5
410
330
1F
100
AcDbEntity
  8
0
  6
Continuous
 62
     7
370
     0
100
AcDbSpline
210
0.0
220
0.0
230
1.0
 70
     8
 71
     3
 72
     8
 73
     4
 74
     0
 42
0.000000001
 43
0.00000001
 40
0.0
 40
0.0
 40
0.0
 40
0.0
 40
1.0
 40
1.0
 40
1.0
 40
1.0
 10
9.884689355268291
 20
6.512225332474204
 30
0.0
 10
9.874049347862423
 20
6.521462612563626
 30
0.0
 10
9.871175332475836
 20
6.523659557511513
 30
0.0
 10
9.871176007721534
 20
6.526275285243909
 30
0.0
  0
SPLINE
  5
411
330
1F
100
AcDbEntity
  8
0
  6
Continuous
 62
     7
370
     0
100
AcDbSpline
210
0.0
220
0.0
230
1.0
 70
     8
 71
     3
 72
     8
 73
     4
 74
     0
 42
0.000000001
 43
0.00000001
 40
1.0
 40
1.0
 40
1.0
 40
1.0
 40
2.0
 40
2.0
 40
2.0
 40
2.0
 10
9.871176007721534
 20
6.526275285243909
 30
0.0
 10
9.871176308102815
 20
6.527438884887937
 30
0.0
 10
9.875817054471309
 20
6.525531455178371
 30
0.0
 10
9.878035296280409
 20
6.524176601527886
 30
0.0
  0
SPLINE
  5
412
330
1F
100
AcDbEntity
  8
0
  6
Continuous
 62
     7
370
     0
100
AcDbSpline
210
0.0
220
0.0
230
1.0
 70
     8
 71
     3
 72
     8
 73
     4
 74
     0
 42
0.000000001
 43
0.00000001
 40
2.0
 40
2.0
 40
2.0
 40
2.0
 40
3.0
 40
3.0
 40
3.0
 40
3.0
 10
9.878035296280409
 20
6.524176601527886
 30
0.0
 10
9.882611445721619
 20
6.52137673151164
 30
0.0
 10
9.884043452017313
 20
6.519471961983445
 30
0.0
 10
9.884489019168507
 20
6.516023699293272
 30
0.0
  0
LINE
  5
413
330
1F
100
AcDbEntity
  8
0
  6
Continuous
 62
     7
370
     0
100
AcDbLine
 10
9.8848307766
 20
6.5123069733
 30
0.0
 11
9.8846893553
 21
6.5122253325
 31
0.0
  0
SPLINE
  5
414
330
1F
100
AcDbEntity
  8
0
  6
Continuous
 62
     7
370
     0
100
AcDbSpline
210
0.0
220
0.0
230
1.0
 70
     8
 71
     3
 72
     8
 73
     4
 74
     0
 42
0.000000001
 43
0.00000001
 40
10.0
 40
10.0
 40
10.0
 40
10.0
 40
11.0
 40
11.0
 40
11.0
 40
11.0
 10
9.844683543991085
 20
6.533642857222463
 30
0.0
 10
9.844680870760918
 20
6.523287452781728
 30
0.0
 10
9.853120540707543
 20
6.510490550473823
 30
0.0
 10
9.863670108205197
 20
6.501048564162354
 30
0.0
  0
SPLINE
  5
415
330
1F
100
AcDbEntity
  8
0
  6
Continuous
 62
     7
370
     0
100
AcDbSpline
210
0.0
220
0.0
230
1.0
 70
     8
 71
     3
 72
     8
 73
     4
 74
     0
 42
0.000000001
 43
0.00000001
 40
0.0
 40
0.0
 40
0.0
 40
0.0
 40
1.0
 40
1.0
 40
1.0
 40
1.0
 10
9.863670108205197
 20
6.501048564162354
 30
0.0
 10
9.864903742982305
 20
6.499942255199752
 30
0.0
 10
9.866163390725132
 20
6.498806689396727
 30
0.0
 10
9.86742577461276
 20
6.497660055828047
 30
0.0
  0
LINE
  5
416
330
1F
100
AcDbEntity
  8
0
  6
Continuous
 62
     7
370
     0
100
AcDbLine
 10
9.8674257746
 20
6.4976600558
 30
0.0
 11
9.848104997
 21
6.5088203532
 31
0.0
  0
SPLINE
  5
417
330
1F
100
AcDbEntity
  8
0
  6
Continuous
 62
     7
370
     0
100
AcDbSpline
210
0.0
220
0.0
230
1.0
 70
     8
 71
     3
 72
     8
 73
     4
 74
     0
 42
0.000000001
 43
0.00000001
 40
8.0
 40
8.0
 40
8.0
 40
8.0
 40
9.0
 40
9.0
 40
9.0
 40
9.0
 10
9.848104997017417
 20
6.508820353219432
 30
0.0
 10
9.848106726658555
 20
6.515520537039255
 30
0.0
 10
9.843096594384035
 20
6.524202581348831
 30
0.0
 10
9.839931409147146
 20
6.52846754333873
 30
0.0
  0
SPLINE
  5
418
330
1F
100
AcDbEntity
  8
0
  6
Continuous
 62
     7
370
     0
100
AcDbSpline
210
0.0
220
0.0
230
1.0
 70
     8
 71
     3
 72
     8
 73
     4
 74
     0
 42
0.000000001
 43
0.00000001
 40
9.0
 40
9.0
 40
9.0
 40
9.0
 40
10.0
 40
10.0
 40
10.0
 40
10.0
 10
9.839931409147146
 20
6.52846754333873
 30
0.0
 10
9.841512127788532
 20
6.529685945663796
 30
0.0
 10
9.843888408472504
 20
6.530447177798235
 30
0.0
 10
9.844683543991085
 20
6.533642857222463
 30
0.0
  0
SPLINE
  5
419
330
1F
100
AcDbEntity
  8
0
  6
Continuous
 62
     7
370
     0
100
AcDbSpline
210
0.0
220
0.0
230
1.0
 70
     8
 71
     3
 72
     8
 73
     4
 74
     0
 42
0.000000001
 43
0.00000001
 40
5.0
 40
5.0
 40
5.0
 40
5.0
 40
6.0
 40
6.0
 40
6.0
 40
6.0
 10
9.875512330088117
 20
6.480397800164559
 30
0.0
 10
9.86804205617824
 20
6.487073620437205
 30
0.0
 10
9.867948801937391
 20
6.491882196128518
 30
0.0
 10
9.867948800681452
 20
6.497182424587228
 30
0.0
  0
SPLINE
  5
41A
330
1F
100
AcDbEntity
  8
0
  6
Continuous
 62
     7
370
     0
100
AcDbSpline
210
0.0
220
0.0
230
1.0
 70
     8
 71
     3
 72
     8
 73
     4
 74
     0
 42
0.000000001
 43
0.00000001
 40
3.0
 40
3.0
 40
3.0
 40
3.0
 40
4.0
 40
4.0
 40
4.0
 40
4.0
 10
9.867948800681452
 20
6.497182424587228
 30
0.0
 10
9.87734958388823
 20
6.488619848369661
 30
0.0
 10
9.886806355215546
 20
6.479431976556294
 30
0.0
 10
9.886312821487737
 20
6.477443272331297
 30
0.0
  0
SPLINE
  5
41B
330
1F
100
AcDbEntity
  8
0
  6
Continuous
 62
     7
370
     0
100
AcDbSpline
210
0.0
220
0.0
230
1.0
 70
     8
 71
     3
 72
     8
 73
     4
 74
     0
 42
0.000000001
 43
0.00000001
 40
4.0
 40
4.0
 40
4.0
 40
4.0
 40
5.0
 40
5.0
 40
5.0
 40
5.0
 10
9.886312821487737
 20
6.477443272331297
 30
0.0
 10
9.885376473926415
 20
6.473653192705419
 30
0.0
 10
9.88263893989081
 20
6.47403433861542
 30
0.0
 10
9.875512330088117
 20
6.480397800164559
 30
0.0
  0
LINE
  5
41C
330
1F
100
AcDbEntity
  8
0
  6
Continuous
 62
     7
370
     0
100
AcDbLine
 10
9.868090222
 20
6.4972640654
 30
0.0
 11
9.8679488007
 21
6.4971824246
 31
0.0
  0
LINE
  5
41D
330
1F
100
AcDbEntity
  8
0
  6
Continuous
 62
     7
370
     0
100
AcDbLine
 10
9.8448249653
 20
6.533724498
 30
0.0
 11
9.844683544
 21
6.5336428572
 31
0.0
  0
LINE
  5
41E
330
1F
100
AcDbEntity
  8
0
  6
Continuous
 62
     7
370
     0
100
AcDbLine
 10
9.8647371693
 20
6.49527158
 30
0.0
 11
9.864595748
 21
6.4951899392
 31
0.0
  0
LINE
  5
41F
330
1F
100
AcDbEntity
  8
0
  6
Continuous
 62
     7
370
     0
100
AcDbLine
 10
9.867567196
 20
6.4977416966
 30
0.0
 11
9.8674257746
 21
6.4976600558
 31
0.0
  0
LINE
  5
420
330
1F
100
AcDbEntity
  8
0
  6
Continuous
 62
     7
370
     0
100
AcDbLine
 10
9.7790630573
 20
6.6033056917
 30
0.0
 11
9.7789216359
 21
6.6032240509
 31
0.0
  0
LINE
  5
421
330
1F
100
AcDbEntity
  8
0
  6
Continuous
 62
     7
370
     0
100
AcDbLine
 10
9.8456423257
 20
6.5063013707
 30
0.0
 11
9.8455009043
 21
6.5062197299
 31
0.0
  0
LINE
  5
422
330
1F
100
AcDbEntity
  8
0
  6
Continuous
 62
     7
370
     0
100
AcDbLine
 10
9.8453366461
 20
6.4874201029
 30
0.0
 11
9.8451952247
 21
6.4873384621
 31
0.0
  0
LINE
  5
423
330
1F
100
AcDbEntity
  8
0
  6
Continuous
 62
     7
370
     0
100
AcDbLine
 10
9.8150369746
 20
6.5444306228
 30
0.0
 11
9.7972580252
 21
6.554700311
 31
0.0
  0
LINE
  5
424
330
1F
100
AcDbEntity
  8
0
  6
Continuous
 62
     7
370
     0
100
AcDbLine
 10
9.7972580252
 20
6.554700311
 30
0.0
 11
9.7972635111
 21
6.5759513491
 31
0.0
  0
SPLINE
  5
425
330
1F
100
AcDbEntity
  8
0
  6
Continuous
 62
     7
370
     0
100
AcDbSpline
210
0.0
220
0.0
230
1.0
 70
     8
 71
     3
 72
     8
 73
     4
 74
     0
 42
0.000000001
 43
0.00000001
 40
2.434486284174763
 40
2.434486284174763
 40
2.434486284174763
 40
2.434486284174763
 40
3.0
 40
3.0
 40
3.0
 40
3.0
 10
9.821915118987949
 20
6.543488682665698
 30
0.0
 10
9.819983051780364
 20
6.542424166639107
 30
0.0
 10
9.817274089442966
 20
6.543138393916032
 30
0.0
 10
9.815036974637394
 20
6.544430622782373
 30
0.0
  0
LINE
  5
426
330
1F
100
AcDbEntity
  8
0
  6
Continuous
 62
     7
370
     0
100
AcDbLine
 10
9.813565188
 20
6.5619997349
 30
0.0
 11
9.801153882
 21
6.5691689011
 31
0.0
  0
SPLINE
  5
427
330
1F
100
AcDbEntity
  8
0
  6
Continuous
 62
     7
370
     0
100
AcDbSpline
210
0.0
220
0.0
230
1.0
 70
     8
 71
     3
 72
     8
 73
     4
 74
     0
 42
0.000000001
 43
0.00000001
 40
2.623267838512579
 40
2.623267838512579
 40
2.623267838512579
 40
2.623267838512579
 40
3.0
 40
3.0
 40
3.0
 40
3.0
 10
9.818756249760456
 20
6.548798968943397
 30
0.0
 10
9.81957440538247
 20
6.549271280202399
 30
0.0
 10
9.820112480195489
 20
6.550258610171071
 30
0.0
 10
9.82011292754412
 20
6.551991523428527
 30
0.0
  0
SPLINE
  5
428
330
1F
100
AcDbEntity
  8
0
  6
Continuous
 62
     7
370
     0
100
AcDbSpline
210
0.0
220
0.0
230
1.0
 70
     8
 71
     3
 72
     8
 73
     4
 74
     0
 42
0.000000001
 43
0.00000001
 40
3.0
 40
3.0
 40
3.0
 40
3.0
 40
4.0
 40
4.0
 40
4.0
 40
4.0
 10
9.82011292754412
 20
6.551991523428527
 30
0.0
 10
9.820114138252103
 20
6.556681494004626
 30
0.0
 10
9.816926811634456
 20
6.560057953853453
 30
0.0
 10
9.813565188034417
 20
6.561999734866624
 30
0.0
  0
LINE
  5
429
330
1F
100
AcDbEntity
  8
0
  6
Continuous
 62
     7
370
     0
100
AcDbLine
 10
9.8010092699
 20
6.556727176
 30
0.0
 11
9.8134205759
 21
6.5495580098
 31
0.0
  0
LINE
  5
42A
330
1F
100
AcDbEntity
  8
0
  6
Continuous
 62
     7
370
     0
100
AcDbLine
 10
9.8010124606
 20
6.5690872603
 30
0.0
 11
9.8010092699
 21
6.556727176
 31
0.0
  0
LINE
  5
42B
330
1F
100
AcDbEntity
  8
0
  6
Continuous
 62
     7
370
     0
100
AcDbLine
 10
9.8134237667
 20
6.5619180941
 30
0.0
 11
9.8010124606
 21
6.5690872603
 31
0.0
  0
SPLINE
  5
42C
330
1F
100
AcDbEntity
  8
0
  6
Continuous
 62
     7
370
     0
100
AcDbSpline
210
0.0
220
0.0
230
1.0
 70
     8
 71
     3
 72
     8
 73
     4
 74
     0
 42
0.000000001
 43
0.00000001
 40
3.0
 40
3.0
 40
3.0
 40
3.0
 40
4.0
 40
4.0
 40
4.0
 40
4.0
 10
9.819971506187882
 20
6.551909882617346
 30
0.0
 10
9.819972716895867
 20
6.556599853193443
 30
0.0
 10
9.81678539027822
 20
6.55997631304227
 30
0.0
 10
9.813423766678179
 20
6.561918094055442
 30
0.0
  0
SPLINE
  5
42D
330
1F
100
AcDbEntity
  8
0
  6
Continuous
 62
     7
370
     0
100
AcDbSpline
210
0.0
220
0.0
230
1.0
 70
     8
 71
     3
 72
     8
 73
     4
 74
     0
 42
0.000000001
 43
0.00000001
 40
2.0
 40
2.0
 40
2.0
 40
2.0
 40
3.0
 40
3.0
 40
3.0
 40
3.0
 10
9.8134205759433
 20
6.549558009793201
 30
0.0
 10
9.816181078256003
 20
6.547963455608862
 30
0.0
 10
9.819970318743124
 20
6.547310027774548
 30
0.0
 10
9.819971506187882
 20
6.551909882617346
 30
0.0
  0
LINE
  5
42E
330
1F
100
AcDbEntity
  8
0
  6
Continuous
 62
     7
370
     0
100
AcDbLine
 10
9.801153882
 20
6.5691689011
 30
0.0
 11
9.8010124606
 21
6.5690872603
 31
0.0
  0
LINE
  5
42F
330
1F
100
AcDbEntity
  8
0
  6
Continuous
 62
     7
370
     0
100
AcDbLine
 10
9.8169970089
 20
6.5083733908
 30
0.0
 11
9.7972490107
 21
6.5197804644
 31
0.0
  0
LINE
  5
430
330
1F
100
AcDbEntity
  8
0
  6
Continuous
 62
     7
370
     0
100
AcDbLine
 10
9.7972553394
 20
6.5442962215
 30
0.0
 11
9.7972490107
 21
6.5197804644
 31
0.0
  0
SPLINE
  5
431
330
1F
100
AcDbEntity
  8
0
  6
Continuous
 62
     7
370
     0
100
AcDbSpline
210
0.0
220
0.0
230
1.0
 70
     8
 71
     3
 72
     8
 73
     4
 74
     0
 42
0.000000001
 43
0.00000001
 40
2.444067551620858
 40
2.444067551620858
 40
2.444067551620858
 40
2.444067551620858
 40
3.0
 40
3.0
 40
3.0
 40
3.0
 10
9.824524143409723
 20
6.50739242823111
 30
0.0
 10
9.822387066140736
 20
6.506207005427579
 30
0.0
 10
9.819439055643114
 20
6.506962786668863
 30
0.0
 10
9.816997008910604
 20
6.508373390752677
 30
0.0
  0
LINE
  5
432
330
1F
100
AcDbEntity
  8
0
  6
Continuous
 62
     7
370
     0
100
AcDbLine
 10
9.8158711542
 20
6.5291098757
 30
0.0
 11
9.8010430393
 21
6.5376750678
 31
0.0
  0
SPLINE
  5
433
330
1F
100
AcDbEntity
  8
0
  6
Continuous
 62
     7
370
     0
100
AcDbSpline
210
0.0
220
0.0
230
1.0
 70
     8
 71
     3
 72
     8
 73
     4
 74
     0
 42
0.000000001
 43
0.00000001
 40
2.604001460618261
 40
2.604001460618261
 40
2.604001460618261
 40
2.604001460618261
 40
3.0
 40
3.0
 40
3.0
 40
3.0
 10
9.821920987883882
 20
6.512324354534056
 30
0.0
 10
9.822983687220628
 20
6.512937837898908
 30
0.0
 10
9.823694016310903
 20
6.514250576168915
 30
0.0
 10
9.823694620599086
 20
6.516591432794758
 30
0.0
  0
SPLINE
  5
434
330
1F
100
AcDbEntity
  8
0
  6
Continuous
 62
     7
370
     0
100
AcDbSpline
210
0.0
220
0.0
230
1.0
 70
     8
 71
     3
 72
     8
 73
     4
 74
     0
 42
0.000000001
 43
0.00000001
 40
3.0
 40
3.0
 40
3.0
 40
3.0
 40
4.0
 40
4.0
 40
4.0
 40
4.0
 10
9.823694620599086
 20
6.516591432794758
 30
0.0
 10
9.823696175970104
 20
6.522616539103713
 30
0.0
 10
9.819890040258061
 20
6.526788438969109
 30
0.0
 10
9.815871154202615
 20
6.529109875740457
 30
0.0
  0
LINE
  5
435
330
1F
100
AcDbEntity
  8
0
  6
Continuous
 62
     7
370
     0
100
AcDbLine
 10
9.7972580252
 20
6.554700311
 30
0.0
 11
9.7971166039
 21
6.5546186702
 31
0.0
  0
LINE
  5
436
330
1F
100
AcDbEntity
  8
0
  6
Continuous
 62
     7
370
     0
100
AcDbLine
 10
9.7750829258
 20
6.549430551
 30
0.0
 11
9.7749415044
 21
6.5493489101
 31
0.0
  0
LINE
  5
437
330
1F
100
AcDbEntity
  8
0
  6
Continuous
 62
     7
370
     0
100
AcDbLine
 10
9.7520167073
 20
6.6189285261
 30
0.0
 11
9.7518752859
 21
6.6188468853
 31
0.0
  0
LINE
  5
438
330
1F
100
AcDbEntity
  8
0
  6
Continuous
 62
     7
370
     0
100
AcDbLine
 10
9.8202745076
 20
6.4863708579
 30
0.0
 11
9.8201330862
 21
6.4862892171
 31
0.0
  0
LINE
  5
439
330
1F
100
AcDbEntity
  8
0
  6
Continuous
 62
     7
370
     0
100
AcDbLine
 10
9.8008975188
 20
6.5217140862
 30
0.0
 11
9.8157256336
 21
6.5131488941
 31
0.0
  0
LINE
  5
43A
330
1F
100
AcDbEntity
  8
0
  6
Continuous
 62
     7
370
     0
100
AcDbLine
 10
9.800901618
 20
6.537593427
 30
0.0
 11
9.8008975188
 21
6.5217140862
 31
0.0
  0
LINE
  5
43B
330
1F
100
AcDbEntity
  8
0
  6
Continuous
 62
     7
370
     0
100
AcDbLine
 10
9.8157297328
 20
6.5290282349
 30
0.0
 11
9.800901618
 21
6.537593427
 31
0.0
  0
SPLINE
  5
43C
330
1F
100
AcDbEntity
  8
0
  6
Continuous
 62
     7
370
     0
100
AcDbSpline
210
0.0
220
0.0
230
1.0
 70
     8
 71
     3
 72
     8
 73
     4
 74
     0
 42
0.000000001
 43
0.00000001
 40
3.0
 40
3.0
 40
3.0
 40
3.0
 40
4.0
 40
4.0
 40
4.0
 40
4.0
 10
9.823553199242848
 20
6.516509791983577
 30
0.0
 10
9.823554754613868
 20
6.52253489829253
 30
0.0
 10
9.819748618901823
 20
6.526706798157927
 30
0.0
 10
9.815729732846377
 20
6.529028234929275
 30
0.0
  0
SPLINE
  5
43D
330
1F
100
AcDbEntity
  8
0
  6
Continuous
 62
     7
370
     0
100
AcDbSpline
210
0.0
220
0.0
230
1.0
 70
     8
 71
     3
 72
     8
 73
     4
 74
     0
 42
0.000000001
 43
0.00000001
 40
2.0
 40
2.0
 40
2.0
 40
2.0
 40
3.0
 40
3.0
 40
3.0
 40
3.0
 10
9.815725633621367
 20
6.513148894134961
 30
0.0
 10
9.819024269569432
 20
6.511243496798615
 30
0.0
 10
9.823551673256956
 20
6.510598516074582
 30
0.0
 10
9.823553199242848
 20
6.516509791983577
 30
0.0
  0
LINE
  5
43E
330
1F
100
AcDbEntity
  8
0
  6
Continuous
 62
     7
370
     0
100
AcDbLine
 10
9.8010430393
 20
6.5376750678
 30
0.0
 11
9.800901618
 21
6.537593427
 31
0.0
  0
LINE
  5
43F
330
1F
100
AcDbEntity
  8
0
  6
Continuous
 62
     7
370
     0
100
AcDbLine
 10
9.7972490107
 20
6.5197804644
 30
0.0
 11
9.7971075894
 21
6.5196988236
 31
0.0
  0
LINE
  5
440
330
1F
100
AcDbEntity
  8
0
  6
Continuous
 62
     7
370
     0
100
AcDbLine
 10
9.7317196211
 20
6.6306527705
 30
0.0
 11
9.7315781997
 21
6.6305711297
 31
0.0
  0
LINE
  5
441
330
1F
100
AcDbEntity
  8
0
  6
Continuous
 62
     7
370
     0
100
AcDbLine
 10
9.7569111836
 20
6.5229715348
 30
0.0
 11
9.7567697622
 21
6.522889894
 31
0.0
  0
LINE
  5
442
330
1F
100
AcDbEntity
  8
0
  6
Continuous
 62
     7
370
     0
100
AcDbLine
 10
9.7064689412
 20
6.5802796756
 30
0.0
 11
9.7063275198
 21
6.5801980348
 31
0.0
  0
LINE
  5
443
330
1F
100
AcDbEntity
  8
0
  6
Continuous
 62
     7
370
     0
100
AcDbLine
 10
9.740408937
 20
6.6021718235
 30
0.0
 11
9.7304310266
 21
6.5727072014
 31
0.0
  0
LINE
  5
444
330
1F
100
AcDbEntity
  8
0
  6
Continuous
 62
     7
370
     0
100
AcDbLine
 10
9.7530615563
 20
6.5596350856
 30
0.0
 11
9.7304310266
 21
6.5727072014
 31
0.0
  0
LINE
  5
445
330
1F
100
AcDbEntity
  8
0
  6
Continuous
 62
     7
370
     0
100
AcDbLine
 10
9.7475895331
 20
6.5675142419
 30
0.0
 11
9.741804288
 21
6.5922071102
 31
0.0
  0
LINE
  5
446
330
1F
100
AcDbEntity
  8
0
  6
Continuous
 62
     7
370
     0
100
AcDbLine
 10
9.7304310266
 20
6.5727072014
 30
0.0
 11
9.7302896052
 21
6.5726255606
 31
0.0
  0
LINE
  5
447
330
1F
100
AcDbEntity
  8
0
  6
Continuous
 62
     7
370
     0
100
AcDbLine
 10
9.741804288
 20
6.5922071102
 30
0.0
 11
9.7416628666
 21
6.5921254694
 31
0.0
  0
LINE
  5
448
330
1F
100
AcDbEntity
  8
0
  6
Continuous
 62
     7
370
     0
100
AcDbLine
 10
9.7475895331
 20
6.5675142419
 30
0.0
 11
9.7474481118
 21
6.5674326011
 31
0.0
  0
LINE
  5
449
330
1F
100
AcDbEntity
  8
0
  6
Continuous
 62
     7
370
     0
100
AcDbLine
 10
9.7474481118
 20
6.5674326011
 30
0.0
 11
9.7416628666
 21
6.5921254694
 31
0.0
  0
LINE
  5
44A
330
1F
100
AcDbEntity
  8
0
  6
Continuous
 62
     7
370
     0
100
AcDbLine
 10
9.7356680516
 20
6.5742371396
 30
0.0
 11
9.7474481118
 21
6.5674326011
 31
0.0
  0
LINE
  5
44B
330
1F
100
AcDbEntity
  8
0
  6
Continuous
 62
     7
370
     0
100
AcDbLine
 10
9.7416628666
 20
6.5921254694
 30
0.0
 11
9.7356680516
 21
6.5742371396
 31
0.0
  0
SPLINE
  5
44C
330
1F
100
AcDbEntity
  8
0
  6
Continuous
 62
     7
370
     0
100
AcDbSpline
210
0.0
220
0.0
230
1.0
 70
     8
 71
     3
 72
    11
 73
     7
 74
     0
 42
0.000000001
 43
0.00000001
 40
0.0
 40
0.0
 40
0.0
 40
0.0
 40
0.1167268272435025
 40
0.2711223765171542
 40
0.635371451299522
 40
0.9999999999999999
 40
0.9999999999999999
 40
0.9999999999999999
 40
0.9999999999999999
 10
9.81528220805012
 20
6.357660401893824
 30
0.0
 10
9.815225571199178
 20
6.357628970096896
 30
0.0
 10
9.81509402031248
 20
6.357555963199658
 30
0.0
 10
9.81477847583062
 20
6.357397773821372
 30
0.0
 10
9.814330491560902
 20
6.357195020637894
 30
0.0
 10
9.81395474072789
 20
6.357039319962781
 30
0.0
 10
9.81376676749823
 20
6.356961429094178
 30
0.0
  0
SPLINE
  5
44D
330
1F
100
AcDbEntity
  8
0
  6
Continuous
 62
     7
370
     0
100
AcDbSpline
210
0.0
220
0.0
230
1.0
 70
     8
 71
     3
 72
    15
 73
    11
 74
     0
 42
0.000000001
 43
0.00000001
 40
0.0
 40
0.0
 40
0.0
 40
0.0
 40
0.1093762626810178
 40
0.2197856263699321
 40
0.3337354138417856
 40
0.4504044938819245
 40
0.57314947524744
 40
0.7052672342377317
 40
0.8470508712264783
 40
0.9999999999999999
 40
0.9999999999999999
 40
0.9999999999999999
 40
0.9999999999999999
 10
9.81376676749823
 20
6.356961429094178
 30
0.0
 10
9.813113280260259
 20
6.356764811867802
 30
0.0
 10
9.811800133345182
 20
6.356369720289471
 30
0.0
 10
9.809649953411904
 20
6.356117543773895
 30
0.0
 10
9.807341488480832
 20
6.356170404892387
 30
0.0
 10
9.804871247641428
 20
6.356475414338382
 30
0.0
 10
9.802184079360602
 20
6.357151462579792
 30
0.0
 10
9.79925385533457
 20
6.358222376863119
 30
0.0
 10
9.796063565502
 20
6.359694428383715
 30
0.0
 10
9.793852185030003
 20
6.360924071618397
 30
0.0
 10
9.792704607441525
 20
6.361562184795126
 30
0.0
  0
SPLINE
  5
44E
330
1F
100
AcDbEntity
  8
0
  6
Continuous
 62
     7
370
     0
100
AcDbSpline
210
0.0
220
0.0
230
1.0
 70
     8
 71
     3
 72
    15
 73
    11
 74
     0
 42
0.000000001
 43
0.00000001
 40
0.0
 40
0.0
 40
0.0
 40
0.0
 40
0.1383958837326369
 40
0.2698711435185702
 40
0.3952737389719834
 40
0.5139802029772993
 40
0.6311187908923164
 40
0.7514363167928994
 40
0.8740333432057815
 40
1.0
 40
1.0
 40
1.0
 40
1.0
 10
9.792704607441525
 20
6.361562184795126
 30
0.0
 10
9.791459361827911
 20
6.362297034676287
 30
0.0
 10
9.789031140347301
 20
6.363729987538713
 30
0.0
 10
9.785483543446723
 20
6.366096220024432
 30
0.0
 10
9.782130003627847
 20
6.36852130231599
 30
0.0
 10
9.778934834081454
 20
6.371067026187673
 30
0.0
 10
9.775831884920311
 20
6.373788563135998
 30
0.0
 10
9.77273546293229
 20
6.376675880771605
 30
0.0
 10
9.769601626503862
 20
6.379751929607899
 30
0.0
 10
9.767540379272571
 20
6.381944264217432
 30
0.0
 10
9.766495784104034
 20
6.383055291611996
 30
0.0
  0
LINE
  5
44F
330
1F
100
AcDbEntity
  8
0
  6
Continuous
 62
     7
370
     0
100
AcDbLine
 10
9.7664957841
 20
6.3830552916
 30
0.0
 11
9.7664957841
 21
6.3961672582
 31
0.0
  0
SPLINE
  5
450
330
1F
100
AcDbEntity
  8
0
  6
Continuous
 62
     7
370
     0
100
AcDbSpline
210
0.0
220
0.0
230
1.0
 70
     8
 71
     3
 72
    14
 73
    10
 74
     0
 42
0.000000001
 43
0.00000001
 40
0.6638074318946751
 40
0.6638074318946751
 40
0.6638074318946751
 40
0.6638074318946751
 40
0.6843880566524364
 40
0.7370366993053404
 40
0.7887815262452749
 40
0.8400607811717761
 40
0.8917690048341201
 40
0.9448771569629688
 40
1.0
 40
1.0
 40
1.0
 40
1.0
 10
9.80815242786254
 20
6.3675280510197
 30
0.0
 10
9.808273281906445
 20
6.367597818535307
 30
0.0
 10
9.808695071217967
 20
6.367860587396149
 30
0.0
 10
9.809368575146925
 20
6.368386296574652
 30
0.0
 10
9.810054521664066
 20
6.369260243572861
 30
0.0
 10
9.810593831189266
 20
6.370299771529349
 30
0.0
 10
9.810965200058568
 20
6.371521543433911
 30
0.0
 10
9.811219231952068
 20
6.372885136623288
 30
0.0
 10
9.811239205284627
 20
6.373912288590433
 30
0.0
 10
9.811249377850018
 20
6.374435424653014
 30
0.0
  0
SPLINE
  5
451
330
1F
100
AcDbEntity
  8
0
  6
Continuous
 62
     7
370
     0
100
AcDbSpline
210
0.0
220
0.0
230
1.0
 70
     8
 71
     3
 72
    19
 73
    15
 74
     0
 42
0.000000001
 43
0.00000001
 40
0.0
 40
0.0
 40
0.0
 40
0.0
 40
0.0736826146611884
 40
0.1431112576246186
 40
0.2079268631992995
 40
0.2695996622420413
 40
0.3273006387183211
 40
0.382341005446771
 40
0.4358963298045688
 40
0.4880248830426843
 40
0.5971381218227614
 40
0.716652193247189
 40
0.8505969534355438
 40
1.0
 40
1.0
 40
1.0
 40
1.0
 10
9.811249377850018
 20
6.374435424653014
 30
0.0
 10
9.811239124283459
 20
6.374882950818642
 30
0.0
 10
9.811219209126918
 20
6.375752165798018
 30
0.0
 10
9.81112891094596
 20
6.377047593319481
 30
0.0
 10
9.810948973728376
 20
6.378310033666957
 30
0.0
 10
9.810677900625043
 20
6.379526402085209
 30
0.0
 10
9.810366099989755
 20
6.380690630454485
 30
0.0
 10
9.809950425660531
 20
6.381807429312987
 30
0.0
 10
9.809479700539942
 20
6.382877702730443
 30
0.0
 10
9.808721696276237
 20
6.384264283009378
 30
0.0
 10
9.80758113427512
 20
6.385986086159769
 30
0.0
 10
9.80593953264275
 20
6.3880088603429
 30
0.0
 10
9.804015150566538
 20
6.390082171402609
 30
0.0
 10
9.80259823269395
 20
6.391362752105292
 30
0.0
 10
9.801851123163361
 20
6.392037974054403
 30
0.0
  0
SPLINE
  5
452
330
1F
100
AcDbEntity
  8
0
  6
Continuous
 62
     7
370
     0
100
AcDbSpline
210
0.0
220
0.0
230
1.0
 70
     8
 71
     3
 72
    11
 73
     7
 74
     0
 42
0.000000001
 43
0.00000001
 40
0.0
 40
0.0
 40
0.0
 40
0.0
 40
0.2264437066147228
 40
0.4684934644352425
 40
0.7260902046784191
 40
1.0
 40
1.0
 40
1.0
 40
1.0
 10
9.801851123163361
 20
6.392037974054403
 30
0.0
 10
9.800605538355617
 20
6.393117467030391
 30
0.0
 10
9.798028525505261
 20
6.395350849497559
 30
0.0
 10
9.793959210659082
 20
6.398432155936201
 30
0.0
 10
9.789629633524358
 20
6.401727018049955
 30
0.0
 10
9.786675064158377
 20
6.404113890110744
 30
0.0
 10
9.785152438496892
 20
6.405343955206623
 30
0.0
  0
SPLINE
  5
453
330
1F
100
AcDbEntity
  8
0
  6
Continuous
 62
     7
370
     0
100
AcDbSpline
210
0.0
220
0.0
230
1.0
 70
     8
 71
     3
 72
    23
 73
    19
 74
     0
 42
0.000000001
 43
0.00000001
 40
0.0
 40
0.0
 40
0.0
 40
0.0
 40
0.0791403044728401
 40
0.1545952342287954
 40
0.2255894056564553
 40
0.2928483715929992
 40
0.3573318591730966
 40
0.4184027772098022
 40
0.4775728648746408
 40
0.5343477861260582
 40
0.5903113859057554
 40
0.6453917384100353
 40
0.7008449670353337
 40
0.7572537956642015
 40
0.8147232371888076
 40
0.8742035410736735
 40
0.9356396770884141
 40
1.0
 40
1.0
 40
1.0
 40
1.0
 10
9.785152438496892
 20
6.405343955206623
 30
0.0
 10
9.784385573529814
 20
6.405986027958093
 30
0.0
 10
9.782887554663235
 20
6.407240273668503
 30
0.0
 10
9.780740435086459
 20
6.409224792085255
 30
0.0
 10
9.778745273864082
 20
6.411215220661001
 30
0.0
 10
9.77690096236083
 20
6.413216737409786
 30
0.0
 10
9.775210349833285
 20
6.415235877256412
 30
0.0
 10
9.773670623796493
 20
6.417280573457138
 30
0.0
 10
9.772283976039736
 20
6.419333779126407
 30
0.0
 10
9.77105442361285
 20
6.421415887534825
 30
0.0
 10
9.769973984485706
 20
6.423509104883718
 30
0.0
 10
9.769042909379648
 20
6.425628575986096
 30
0.0
 10
9.768256056693447
 20
6.42777158150297
 30
0.0
 10
9.767614199913925
 20
6.429940145007455
 30
0.0
 10
9.767108306307117
 20
6.432135179704604
 30
0.0
 10
9.766745295515612
 20
6.434349601925303
 30
0.0
 10
9.766534284648442
 20
6.436585576507605
 30
0.0
 10
9.766508814969653
 20
6.438043048342447
 30
0.0
 10
9.766495784104034
 20
6.438788724005542
 30
0.0
  0
SPLINE
  5
454
330
1F
100
AcDbEntity
  8
0
  6
Continuous
 62
     7
370
     0
100
AcDbSpline
210
0.0
220
0.0
230
1.0
 70
     8
 71
     3
 72
    51
 73
    47
 74
     0
 42
0.000000001
 43
0.00000001
 40
0.0
 40
0.0
 40
0.0
 40
0.0
 40
0.0371809872504942
 40
0.074342042286512
 40
0.1114720075072529
 40
0.1485773244922929
 40
0.1680140201378141
 40
0.1874569206788748
 40
0.2069076068260175
 40
0.2263665968128675
 40
0.2458334813219987
 40
0.2653069783853219
 40
0.2886808073343127
 40
0.3120560345716228
 40
0.3354271718289187
 40
0.3587914620255954
 40
0.3821478423691268
 40
0.4004939906885726
 40
0.4188362060358495
 40
0.437175855492845
 40
0.4555149217278778
 40
0.4738557993092566
 40
0.4933115659465548
 40
0.5127711844438733
 40
0.5322345878964656
 40
0.5517012453746049
 40
0.5711701801335632
 40
0.5906399876376559
 40
0.6135851055771335
 40
0.6365267944483937
 40
0.6594653106997036
 40
0.682401276217346
 40
0.7058034518125075
 40
0.7292046719303438
 40
0.7526060087284675
 40
0.7760085449209994
 40
0.7994125452587346
 40
0.8228177837561584
 40
0.8462238437916051
 40
0.869579062568282
 40
0.8929337455077143
 40
0.9162869939910069
 40
0.9396387908758117
 40
0.9629902970524119
 40
0.9859252478950495
 40
1.0
 40
1.0
 40
1.0
 40
1.0
 10
9.766495784104034
 20
6.438788724005542
 30
0.0
 10
9.766500025618148
 20
6.438986537660414
 30
0.0
 10
9.76650850637256
 20
6.439382058924984
 30
0.0
 10
9.766525825544527
 20
6.439972329044124
 30
0.0
 10
9.766552363332853
 20
6.440556445609543
 30
0.0
 10
9.766586275490175
 20
6.441040122833903
 30
0.0
 10
9.766623456138973
 20
6.441425813910467
 30
0.0
 10
9.766657258409726
 20
6.441718155164383
 30
0.0
 10
9.766695980287619
 20
6.442007011207704
 30
0.0
 10
9.766739388965306
 20
6.442292465395896
 30
0.0
 10
9.766787220764938
 20
6.442574621634882
 30
0.0
 10
9.766842686797625
 20
6.442872181633967
 30
0.0
 10
9.766906495485346
 20
6.443184462955061
 30
0.0
 10
9.766979227617753
 20
6.443510826695223
 30
0.0
 10
9.767056761329354
 20
6.443833057990266
 30
0.0
 10
9.767139464300266
 20
6.444150694894209
 30
0.0
 10
9.767221352721986
 20
6.444441011787204
 30
0.0
 10
9.767301386698641
 20
6.444704845086379
 30
0.0
 10
9.76737849092896
 20
6.444943138429859
 30
0.0
 10
9.767459496070842
 20
6.445177682654433
 30
0.0
 10
9.76754455398977
 20
6.445408281548101
 30
0.0
 10
9.76763564185476
 20
6.445639279257575
 30
0.0
 10
9.767732967685147
 20
6.445870393289492
 30
0.0
 10
9.767836679168935
 20
6.446101376708749
 30
0.0
 10
9.76794474148843
 20
6.446327791674231
 30
0.0
 10
9.768057006113757
 20
6.446549689311128
 30
0.0
 10
9.768173324605339
 20
6.446767121093592
 30
0.0
 10
9.76830070680005
 20
6.446992812347251
 30
0.0
 10
9.768439818287145
 20
6.447225874405086
 30
0.0
 10
9.768591365204214
 20
6.447465331715542
 30
0.0
 10
9.768747942055677
 20
6.447698653524763
 30
0.0
 10
9.768910621701712
 20
6.447927288616116
 30
0.0
 10
9.769079505243658
 20
6.448150983653314
 30
0.0
 10
9.76925469152402
 20
6.448369478158485
 30
0.0
 10
9.769435024125123
 20
6.448581164948989
 30
0.0
 10
9.769620483145378
 20
6.448785926209415
 30
0.0
 10
9.769810971738961
 20
6.44898373972259
 30
0.0
 10
9.770006381302025
 20
6.449174594009498
 30
0.0
 10
9.7702064588936
 20
6.449358340248097
 30
0.0
 10
9.770411086447272
 20
6.449534978854135
 30
0.0
 10
9.77062013969983
 20
6.449704522136864
 30
0.0
 10
9.770833685307494
 20
6.449867050956497
 30
0.0
 10
9.771051545043887
 20
6.450022694992025
 30
0.0
 10
9.771272412582332
 20
6.450170379101263
 30
0.0
 10
9.771466765079637
 20
6.450293575081968
 30
0.0
 10
9.77158847052385
 20
6.450364770875366
 30
0.0
 10
9.771634754979566
 20
6.450391846562637
 30
0.0
  0
LINE
  5
455
330
1F
100
AcDbEntity
  8
0
  6
Continuous
 62
     7
370
     0
100
AcDbLine
 10
9.8182685315
 20
6.4139881833
 30
0.0
 11
9.8177386489
 21
6.4142940779
 31
0.0
  0
SPLINE
  5
456
330
1F
100
AcDbEntity
  8
0
  6
Continuous
 62
     7
370
     0
100
AcDbSpline
210
0.0
220
0.0
230
1.0
 70
     8
 71
     3
 72
    15
 73
    11
 74
     0
 42
0.000000001
 43
0.00000001
 40
0.0
 40
0.0
 40
0.0
 40
0.0
 40
0.1056104929821467
 40
0.2181470470918482
 40
0.3394654686690288
 40
0.4692629563420178
 40
0.6030470205796885
 40
0.7350948858466866
 40
0.867479107927584
 40
1.0
 40
1.0
 40
1.0
 40
1.0
 10
9.817738648943186
 20
6.414294077939181
 30
0.0
 10
9.817014159361404
 20
6.415372886361323
 30
0.0
 10
9.815517667313582
 20
6.41760125273878
 30
0.0
 10
9.812948316468946
 20
6.420810310379982
 30
0.0
 10
9.8100802686389
 20
6.424045154182533
 30
0.0
 10
9.806935612829625
 20
6.427240124014787
 30
0.0
 10
9.803626832433613
 20
6.430311283111687
 30
0.0
 10
9.8002195204642
 20
6.433097057111701
 30
0.0
 10
9.796777394281278
 20
6.435608403550783
 30
0.0
 10
9.794463518590755
 20
6.437003307261344
 30
0.0
 10
9.793305983857488
 20
6.437701118946367
 30
0.0
  0
SPLINE
  5
457
330
1F
100
AcDbEntity
  8
0
  6
Continuous
 62
     7
370
     0
100
AcDbSpline
210
0.0
220
0.0
230
1.0
 70
     8
 71
     3
 72
    17
 73
    13
 74
     0
 42
0.000000001
 43
0.00000001
 40
0.0
 40
0.0
 40
0.0
 40
0.0
 40
0.0820152122453128
 40
0.15995192577167
 40
0.2341869940922254
 40
0.3051246137515413
 40
0.3734499329597784
 40
0.4393407970318597
 40
0.5030894667964393
 40
0.5657336030606933
 40
0.6259373606731969
 40
0.6699829255718089
 40
0.6699829255718089
 40
0.6699829255718089
 40
0.6699829255718089
 10
9.793305983857488
 20
6.437701118946367
 30
0.0
 10
9.79268107174494
 20
6.438047140265904
 30
0.0
 10
9.791462323501735
 20
6.438721975761696
 30
0.0
 10
9.789681728256806
 20
6.439594211351434
 30
0.0
 10
9.787997574200412
 20
6.440281237114741
 30
0.0
 10
9.786413114008983
 20
6.440764276499642
 30
0.0
 10
9.784910001622398
 20
6.441129771985781
 30
0.0
 10
9.783508135792355
 20
6.441287711633342
 30
0.0
 10
9.782199229003227
 20
6.441279433169995
 30
0.0
 10
9.780985839992711
 20
6.441118639062874
 30
0.0
 10
9.77997784177557
 20
6.44080157048012
 30
0.0
 10
9.779389102568079
 20
6.440523308403261
 30
0.0
 10
9.7791517129003
 20
6.440386266308394
 30
0.0
  0
LINE
  5
458
330
1F
100
AcDbEntity
  8
0
  6
Continuous
 62
     7
370
     0
100
AcDbLine
 10
9.752073078
 20
6.5402089833
 30
0.0
 11
9.7519316566
 21
6.5401273425
 31
0.0
  0
LINE
  5
459
330
1F
100
AcDbEntity
  8
0
  6
Continuous
 62
     7
370
     0
100
AcDbLine
 10
9.7314993938
 20
6.5520929995
 30
0.0
 11
9.7313579725
 21
6.5520113587
 31
0.0
  0
LINE
  5
45A
330
1F
100
AcDbEntity
  8
0
  6
Continuous
 62
     7
370
     0
100
AcDbLine
 10
9.7933059839
 20
6.4377011189
 30
0.0
 11
9.7931645625
 21
6.4376194781
 31
0.0
  0
LINE
  5
45B
330
1F
100
AcDbEntity
  8
0
  6
Continuous
 62
     7
370
     0
100
AcDbLine
 10
9.8177386489
 20
6.4142940779
 30
0.0
 11
9.8175972276
 21
6.4142124371
 31
0.0
  0
LINE
  5
45C
330
1F
100
AcDbEntity
  8
0
  6
Continuous
 62
     7
370
     0
100
AcDbLine
 10
9.6526961345
 20
6.6762992569
 30
0.0
 11
9.6525547131
 21
6.6762176161
 31
0.0
  0
LINE
  5
45D
330
1F
100
AcDbEntity
  8
0
  6
Continuous
 62
     7
370
     0
100
AcDbLine
 10
9.6726741745
 20
6.6647593037
 30
0.0
 11
9.6725327532
 21
6.6646776629
 31
0.0
  0
LINE
  5
45E
330
1F
100
AcDbEntity
  8
0
  6
Continuous
 62
     7
370
     0
100
AcDbLine
 10
9.6726565128
 20
6.5963424904
 30
0.0
 11
9.6725150915
 21
6.5962608496
 31
0.0
  0
LINE
  5
45F
330
1F
100
AcDbEntity
  8
0
  6
Continuous
 62
     7
370
     0
100
AcDbLine
 10
9.7235344184
 20
6.5469514383
 30
0.0
 11
9.7233929971
 21
6.5468697975
 31
0.0
  0
LINE
  5
460
330
1F
100
AcDbEntity
  8
0
  6
Continuous
 62
     7
370
     0
100
AcDbLine
 10
9.7664957841
 20
6.438788724
 30
0.0
 11
9.7663543627
 21
6.4387070832
 31
0.0
  0
LINE
  5
461
330
1F
100
AcDbEntity
  8
0
  6
Continuous
 62
     7
370
     0
100
AcDbLine
 10
9.6481584017
 20
6.590371242
 30
0.0
 11
9.6480169803
 21
6.5902896012
 31
0.0
  0
LINE
  5
462
330
1F
100
AcDbEntity
  8
0
  6
Continuous
 62
     7
370
     0
100
AcDbLine
 10
9.6275728867
 20
6.5976814605
 30
0.0
 11
9.6274314653
 21
6.5975998197
 31
0.0
  0
LINE
  5
463
330
1F
100
AcDbEntity
  8
0
  6
Continuous
 62
     7
370
     0
100
AcDbLine
 10
9.8137667675
 20
6.3569614291
 30
0.0
 11
9.8136253461
 21
6.3568797883
 31
0.0
  0
LINE
  5
464
330
1F
100
AcDbEntity
  8
0
  6
Continuous
 62
     7
370
     0
100
AcDbLine
 10
9.8018511232
 20
6.3920379741
 30
0.0
 11
9.8017097018
 21
6.3919563332
 31
0.0
  0
LINE
  5
465
330
1F
100
AcDbEntity
  8
0
  6
Continuous
 62
     7
370
     0
100
AcDbLine
 10
9.8112493779
 20
6.3744354247
 30
0.0
 11
9.8111079565
 21
6.3743537838
 31
0.0
  0
LINE
  5
466
330
1F
100
AcDbEntity
  8
0
  6
Continuous
 62
     7
370
     0
100
AcDbLine
 10
9.7851524385
 20
6.4053439552
 30
0.0
 11
9.7850110171
 21
6.4052623144
 31
0.0
  0
LINE
  5
467
330
1F
100
AcDbEntity
  8
0
  6
Continuous
 62
     7
370
     0
100
AcDbLine
 10
9.6335507442
 20
6.6400673109
 30
0.0
 11
9.6334093229
 21
6.6399856701
 31
0.0
  0
SPLINE
  5
468
330
1F
100
AcDbEntity
  8
0
  6
Continuous
 62
     7
370
     0
100
AcDbSpline
210
0.0
220
0.0
230
1.0
 70
     8
 71
     3
 72
    15
 73
    11
 74
     0
 42
0.000000001
 43
0.00000001
 40
0.0046613866034512
 40
0.0046613866034512
 40
0.0046613866034512
 40
0.0046613866034512
 40
0.1149281894735036
 40
0.2293581704428493
 40
0.3459192613417066
 40
0.4654998677269272
 40
0.5890786490471934
 40
0.718363968819869
 40
0.8552196250883527
 40
1.0
 40
1.0
 40
1.0
 40
1.0
 10
9.746314054992666
 20
6.396261054338022
 30
0.0
 10
9.745757462212257
 20
6.395982796075398
 30
0.0
 10
9.744620525597176
 20
6.395421162203097
 30
0.0
 10
9.742684989204308
 20
6.394979342541694
 30
0.0
 10
9.740581626800427
 20
6.394810768207497
 30
0.0
 10
9.738304037698867
 20
6.394977403826634
 30
0.0
 10
9.73585502154489
 20
6.395481000657439
 30
0.0
 10
9.733221327760319
 20
6.396362608710448
 30
0.0
 10
9.730403483546374
 20
6.397596673432435
 30
0.0
 10
9.728460887577546
 20
6.398672659604564
 30
0.0
 10
9.727462259058708
 20
6.399225790824132
 30
0.0
  0
SPLINE
  5
469
330
1F
100
AcDbEntity
  8
0
  6
Continuous
 62
     7
370
     0
100
AcDbSpline
210
0.0
220
0.0
230
1.0
 70
     8
 71
     3
 72
    15
 73
    11
 74
     0
 42
0.000000001
 43
0.00000001
 40
0.0
 40
0.0
 40
0.0
 40
0.0
 40
0.1376995973635103
 40
0.2738121507321447
 40
0.4079783403477115
 40
0.540702405927691
 40
0.6686583401886329
 40
0.7870670500596362
 40
0.8979574012981608
 40
1.0
 40
1.0
 40
1.0
 40
1.0
 10
9.727462259058708
 20
6.399225790824132
 30
0.0
 10
9.726515325552736
 20
6.39978476565641
 30
0.0
 10
9.724632372335478
 20
6.40089627290815
 30
0.0
 10
9.721837061359969
 20
6.402804433733973
 30
0.0
 10
9.719089820103777
 20
6.404814174350661
 30
0.0
 10
9.71642719863469
 20
6.406969941858168
 30
0.0
 10
9.713897119230023
 20
6.409158171466665
 30
0.0
 10
9.711550304102897
 20
6.411350419863453
 30
0.0
 10
9.70939479333759
 20
6.413453372000615
 30
0.0
 10
9.708060476925015
 20
6.414920897629759
 30
0.0
 10
9.707421040359336
 20
6.415624171260738
 30
0.0
  0
LINE
  5
46A
330
1F
100
AcDbEntity
  8
0
  6
Continuous
 62
     7
370
     0
100
AcDbLine
 10
9.7074210404
 20
6.4156241713
 30
0.0
 11
9.7074210404
 21
6.4271695939
 31
0.0
  0
SPLINE
  5
46B
330
1F
100
AcDbEntity
  8
0
  6
Continuous
 62
     7
370
     0
100
AcDbSpline
210
0.0
220
0.0
230
1.0
 70
     8
 71
     3
 72
    15
 73
    11
 74
     0
 42
0.000000001
 43
0.00000001
 40
0.0
 40
0.0
 40
0.0
 40
0.0
 40
0.1143181762358414
 40
0.2293559284678864
 40
0.3446961538044085
 40
0.4636009172681073
 40
0.5874065965996771
 40
0.7170770247335707
 40
0.8550514622622402
 40
1.0
 40
1.0
 40
1.0
 40
1.0
 10
9.739070222436574
 20
6.40681735039914
 30
0.0
 10
9.739401257591334
 20
6.407031799088875
 30
0.0
 10
9.740065411602322
 20
6.407462046316063
 30
0.0
 10
9.740893533932958
 20
6.4083694923775
 30
0.0
 10
9.741620456847597
 20
6.409431554245502
 30
0.0
 10
9.742205326473043
 20
6.410705067463468
 30
0.0
 10
9.742670934847581
 20
6.412171086405683
 30
0.0
 10
9.742985104170556
 20
6.413863603304773
 30
0.0
 10
9.743183259382949
 20
6.415747614873004
 30
0.0
 10
9.743210142474117
 20
6.417109859927991
 30
0.0
 10
9.743223915356122
 20
6.417807772243437
 30
0.0
  0
SPLINE
  5
46C
330
1F
100
AcDbEntity
  8
0
  6
Continuous
 62
     7
370
     0
100
AcDbSpline
210
0.0
220
0.0
230
1.0
 70
     8
 71
     3
 72
    15
 73
    11
 74
     0
 42
0.000000001
 43
0.00000001
 40
0.0
 40
0.0
 40
0.0
 40
0.0
 40
0.1505488395741713
 40
0.2903783435821629
 40
0.4205058450135155
 40
0.5432020229568343
 40
0.6604043168689908
 40
0.7747975120726794
 40
0.8870065209126293
 40
1.0
 40
1.0
 40
1.0
 40
1.0
 10
9.743223915356122
 20
6.417807772243437
 30
0.0
 10
9.74320569272785
 20
6.418502502667455
 30
0.0
 10
9.74317054495369
 20
6.419842497517853
 30
0.0
 10
9.742962090503218
 20
6.421865373513589
 30
0.0
 10
9.74254491598278
 20
6.423829789658003
 30
0.0
 10
9.742006118607893
 20
6.425708840385124
 30
0.0
 10
9.741304493947192
 20
6.42751100451918
 30
0.0
 10
9.740513504419772
 20
6.429239439955653
 30
0.0
 10
9.739580938563847
 20
6.430895258569089
 30
0.0
 10
9.738868341950692
 20
6.431917963959275
 30
0.0
 10
9.73851080251475
 20
6.43243109790012
 30
0.0
  0
SPLINE
  5
46D
330
1F
100
AcDbEntity
  8
0
  6
Continuous
 62
     7
370
     0
100
AcDbSpline
210
0.0
220
0.0
230
1.0
 70
     8
 71
     3
 72
    15
 73
    11
 74
     0
 42
0.000000001
 43
0.00000001
 40
0.0
 40
0.0
 40
0.0
 40
0.0
 40
0.1069499386345053
 40
0.2174399329484103
 40
0.3320869632292295
 40
0.4531071753292058
 40
0.5800630846739256
 40
0.713816978580866
 40
0.8536709963201081
 40
1.0
 40
1.0
 40
1.0
 40
1.0
 10
9.73851080251475
 20
6.43243109790012
 30
0.0
 10
9.738088880147181
 20
6.4330162909068
 30
0.0
 10
9.737231069731534
 20
6.43420604687823
 30
0.0
 10
9.735789039711168
 20
6.435848518503456
 30
0.0
 10
9.734225425980494
 20
6.437421555238043
 30
0.0
 10
9.732528994332904
 20
6.43888678209013
 30
0.0
 10
9.730718729351862
 20
6.440295202015921
 30
0.0
 10
9.728805438786445
 20
6.441675233126312
 30
0.0
 10
9.726788449777601
 20
6.443002789122277
 30
0.0
 10
9.725411280194802
 20
6.443813040038545
 30
0.0
 10
9.72470711594372
 20
6.444227331594768
 30
0.0
  0
SPLINE
  5
46E
330
1F
100
AcDbEntity
  8
0
  6
Continuous
 62
     7
370
     0
100
AcDbSpline
210
0.0
220
0.0
230
1.0
 70
     8
 71
     3
 72
    13
 73
     9
 74
     0
 42
0.000000001
 43
0.00000001
 40
0.0
 40
0.0
 40
0.0
 40
0.0
 40
0.2763740851291956
 40
0.5438410492241024
 40
0.6706925999621661
 40
0.7891162865557773
 40
0.8993055339000612
 40
1.0
 40
1.0
 40
1.0
 40
1.0
 10
9.72470711594372
 20
6.444227331594768
 30
0.0
 10
9.723349113233025
 20
6.444978648100011
 30
0.0
 10
9.720676874196258
 20
6.446457067309681
 30
0.0
 10
9.717401523264966
 20
6.447887967381571
 30
0.0
 10
9.714916107156244
 20
6.448854638863644
 30
0.0
 10
9.713193367332387
 20
6.449519311963459
 30
0.0
 10
9.711606173370598
 20
6.450074509187949
 30
0.0
 10
9.71059099269014
 20
6.450422753965372
 30
0.0
 10
9.710106255984094
 20
6.450589036706519
 30
0.0
  0
LINE
  5
46F
330
1F
100
AcDbEntity
  8
0
  6
Continuous
 62
     7
370
     0
100
AcDbLine
 10
9.710106256
 20
6.4505890367
 30
0.0
 11
9.710106256
 21
6.4928031896
 31
0.0
  0
LINE
  5
470
330
1F
100
AcDbEntity
  8
0
  6
Continuous
 62
     7
370
     0
100
AcDbLine
 10
9.7520332127
 20
6.4594601906
 30
0.0
 11
9.7190569747
 21
6.4784969676
 31
0.0
  0
LINE
  5
471
330
1F
100
AcDbEntity
  8
0
  6
Continuous
 62
     7
370
     0
100
AcDbLine
 10
9.7927046074
 20
6.3615621848
 30
0.0
 11
9.7925631861
 21
6.361480544
 31
0.0
  0
LINE
  5
472
330
1F
100
AcDbEntity
  8
0
  6
Continuous
 62
     7
370
     0
100
AcDbLine
 10
9.7190569747
 20
6.4784969676
 30
0.0
 11
9.7189155534
 21
6.4784153268
 31
0.0
  0
LINE
  5
473
330
1F
100
AcDbEntity
  8
0
  6
Continuous
 62
     7
370
     0
100
AcDbLine
 10
9.5957075565
 20
6.6714689015
 30
0.0
 11
9.6143217769
 21
6.660716734
 31
0.0
  0
LINE
  5
474
330
1F
100
AcDbEntity
  8
0
  6
Continuous
 62
     7
370
     0
100
AcDbLine
 10
9.5957132588
 20
6.693558323
 30
0.0
 11
9.5957075565
 21
6.6714689015
 31
0.0
  0
LINE
  5
475
330
1F
100
AcDbEntity
  8
0
  6
Continuous
 62
     7
370
     0
100
AcDbLine
 10
9.6133730794
 20
6.6833574473
 30
0.0
 11
9.5957132588
 21
6.693558323
 31
0.0
  0
SPLINE
  5
476
330
1F
100
AcDbEntity
  8
0
  6
Continuous
 62
     7
370
     0
100
AcDbSpline
210
0.0
220
0.0
230
1.0
 70
     8
 71
     3
 72
     8
 73
     4
 74
     0
 42
0.000000001
 43
0.00000001
 40
2.0
 40
2.0
 40
2.0
 40
2.0
 40
3.0
 40
3.0
 40
3.0
 40
3.0
 10
9.624584892329315
 20
6.666313105987189
 30
0.0
 10
9.624586769304207
 20
6.673584022784584
 30
0.0
 10
9.619579417063894
 20
6.679772468743534
 30
0.0
 10
9.613373079399054
 20
6.683357447335063
 30
0.0
  0
SPLINE
  5
477
330
1F
100
AcDbEntity
  8
0
  6
Continuous
 62
     7
370
     0
100
AcDbSpline
210
0.0
220
0.0
230
1.0
 70
     8
 71
     3
 72
     8
 73
     4
 74
     0
 42
0.000000001
 43
0.00000001
 40
1.0
 40
1.0
 40
1.0
 40
1.0
 40
2.0
 40
2.0
 40
2.0
 40
2.0
 10
9.614321776909318
 20
6.66071673403301
 30
0.0
 10
9.621003945205935
 20
6.656856900491554
 30
0.0
 10
9.624582979643332
 20
6.658903853634286
 30
0.0
 10
9.624584892329315
 20
6.666313105987189
 30
0.0
  0
LINE
  5
478
330
1F
100
AcDbEntity
  8
0
  6
Continuous
 62
     7
370
     0
100
AcDbLine
 10
9.5958546802
 20
6.6936399638
 30
0.0
 11
9.5957132588
 21
6.693558323
 31
0.0
  0
LINE
  5
479
330
1F
100
AcDbEntity
  8
0
  6
Continuous
 62
     7
370
     0
100
AcDbLine
 10
9.7664957841
 20
6.3830552916
 30
0.0
 11
9.7663543627
 21
6.3829736508
 31
0.0
  0
LINE
  5
47A
330
1F
100
AcDbEntity
  8
0
  6
Continuous
 62
     7
370
     0
100
AcDbLine
 10
9.710106256
 20
6.4505890367
 30
0.0
 11
9.7099648346
 21
6.4505073959
 31
0.0
  0
LINE
  5
47B
330
1F
100
AcDbEntity
  8
0
  6
Continuous
 62
     7
370
     0
100
AcDbLine
 10
9.5736403943
 20
6.6288345883
 30
0.0
 11
9.573498973
 21
6.6287529475
 31
0.0
  0
SPLINE
  5
47C
330
1F
100
AcDbEntity
  8
0
  6
Continuous
 62
     7
370
     0
100
AcDbSpline
210
0.0
220
0.0
230
1.0
 70
     8
 71
     3
 72
     8
 73
     4
 74
     0
 42
0.000000001
 43
0.00000001
 40
0.391046658030109
 40
0.391046658030109
 40
0.391046658030109
 40
0.391046658030109
 40
1.0
 40
1.0
 40
1.0
 40
1.0
 10
9.544494697922907
 20
6.671472784836912
 30
0.0
 10
9.549320852063676
 20
6.674258863986394
 30
0.0
 10
9.551357258542227
 20
6.681941136595658
 30
0.0
 10
9.551359544646758
 20
6.690796916132427
 30
0.0
  0
SPLINE
  5
47D
330
1F
100
AcDbEntity
  8
0
  6
Continuous
 62
     7
370
     0
100
AcDbSpline
210
0.0
220
0.0
230
1.0
 70
     8
 71
     3
 72
     8
 73
     4
 74
     0
 42
0.000000001
 43
0.00000001
 40
1.0
 40
1.0
 40
1.0
 40
1.0
 40
2.0
 40
2.0
 40
2.0
 40
2.0
 10
9.551359544646758
 20
6.690796916132427
 30
0.0
 10
9.551363299208733
 20
6.705341121193885
 30
0.0
 10
9.54588165086164
 20
6.723053869937121
 30
0.0
 10
9.531560860466112
 20
6.73132601524313
 30
0.0
  0
SPLINE
  5
47E
330
1F
100
AcDbEntity
  8
0
  6
Continuous
 62
     7
370
     0
100
AcDbSpline
210
0.0
220
0.0
230
1.0
 70
     8
 71
     3
 72
     8
 73
     4
 74
     0
 42
0.000000001
 43
0.00000001
 40
2.0
 40
2.0
 40
2.0
 40
2.0
 40
2.391087432016394
 40
2.391087432016394
 40
2.391087432016394
 40
2.391087432016394
 10
9.531560860466112
 20
6.73132601524313
 30
0.0
 10
9.525960714840641
 20
6.734560837977718
 30
0.0
 10
9.521710838408044
 20
6.734790843309649
 30
0.0
 10
9.51861139875934
 20
6.733001575145984
 30
0.0
  0
SPLINE
  5
47F
330
1F
100
AcDbEntity
  8
0
  6
Continuous
 62
     7
370
     0
100
AcDbSpline
210
0.0
220
0.0
230
1.0
 70
     8
 71
     3
 72
     8
 73
     4
 74
     0
 42
0.000000001
 43
0.00000001
 40
1.533111454308565
 40
1.533111454308565
 40
1.533111454308565
 40
1.533111454308565
 40
2.0
 40
2.0
 40
2.0
 40
2.0
 10
9.561264597592675
 20
6.649136529189092
 30
0.0
 10
9.55419143900979
 20
6.64505328294837
 30
0.0
 10
9.544212571455757
 20
6.64586005442705
 30
0.0
 10
9.53167733542772
 20
6.65307378956208
 30
0.0
  0
SPLINE
  5
480
330
1F
100
AcDbEntity
  8
0
  6
Continuous
 62
     7
370
     0
100
AcDbSpline
210
0.0
220
0.0
230
1.0
 70
     8
 71
     3
 72
     8
 73
     4
 74
     0
 42
0.000000001
 43
0.00000001
 40
2.0
 40
2.0
 40
2.0
 40
2.0
 40
2.975681207758326
 40
2.975681207758326
 40
2.975681207758326
 40
2.975681207758326
 10
9.53167733542772
 20
6.65307378956208
 30
0.0
 10
9.50548383346207
 20
6.668259223671993
 30
0.0
 10
9.490461907468266
 20
6.698523159398603
 30
0.0
 10
9.489795297495263
 20
6.726341389193793
 30
0.0
  0
SPLINE
  5
481
330
1F
100
AcDbEntity
  8
0
  6
Continuous
 62
     7
370
     0
100
AcDbSpline
210
0.0
220
0.0
230
1.0
 70
     8
 71
     3
 72
     8
 73
     4
 74
     0
 42
0.000000001
 43
0.00000001
 40
3.024271275023447
 40
3.024271275023447
 40
3.024271275023447
 40
3.024271275023447
 40
3.533229807573405
 40
3.533229807573405
 40
3.533229807573405
 40
3.533229807573405
 10
9.489795297412664
 20
6.7263413892388
 30
0.0
 10
9.490145440793368
 20
6.740397668556823
 30
0.0
 10
9.494386943453001
 20
6.750621870152134
 30
0.0
 10
9.50206886944362
 20
6.75505655124183
 30
0.0
  0
LINE
  5
482
330
1F
100
AcDbEntity
  8
0
  6
Continuous
 62
     7
370
     0
100
AcDbLine
 10
9.6250724809
 20
6.6147703012
 30
0.0
 11
9.6249310595
 21
6.6146886604
 31
0.0
  0
LINE
  5
483
330
1F
100
AcDbEntity
  8
0
  6
Continuous
 62
     7
370
     0
100
AcDbLine
 10
9.7385108025
 20
6.4324310979
 30
0.0
 11
9.7383693812
 21
6.4323494571
 31
0.0
  0
LINE
  5
484
330
1F
100
AcDbEntity
  8
0
  6
Continuous
 62
     7
370
     0
100
AcDbLine
 10
9.7432239154
 20
6.4178077722
 30
0.0
 11
9.743082494
 21
6.4177261314
 31
0.0
  0
LINE
  5
485
330
1F
100
AcDbEntity
  8
0
  6
Continuous
 62
     7
370
     0
100
AcDbLine
 10
9.7247071159
 20
6.4442273316
 30
0.0
 11
9.7245656946
 21
6.4441456908
 31
0.0
  0
LINE
  5
486
330
1F
100
AcDbEntity
  8
0
  6
Continuous
 62
     7
370
     0
100
AcDbLine
 10
9.7390702224
 20
6.4068173504
 30
0.0
 11
9.7389288011
 21
6.4067357096
 31
0.0
  0
SPLINE
  5
487
330
1F
100
AcDbEntity
  8
0
  6
Continuous
 62
     7
370
     0
100
AcDbSpline
210
0.0
220
0.0
230
1.0
 70
     8
 71
     3
 72
    49
 73
    45
 74
     0
 42
0.000000001
 43
0.00000001
 40
0.0
 40
0.0
 40
0.0
 40
0.0
 40
0.0139153805115183
 40
0.0339651907855101
 40
0.0540144178755884
 40
0.0737069389110868
 40
0.0934018244436292
 40
0.1130988437827156
 40
0.1327975174239018
 40
0.1528992026299557
 40
0.1730010134468192
 40
0.193101869588893
 40
0.2132005312305285
 40
0.2332966277104589
 40
0.2533915613999967
 40
0.2734865854582314
 40
0.2947540063611372
 40
0.3160230577302693
 40
0.3372938476808389
 40
0.3585660440372879
 40
0.379838837665864
 40
0.4011111731978196
 40
0.4211667488754974
 40
0.4412205321763202
 40
0.4612721054972455
 40
0.4813212277923227
 40
0.5013678423924657
 40
0.526934408183934
 40
0.5525013643905924
 40
0.5780720403412185
 40
0.6036480686667168
 40
0.6292294784791186
 40
0.6548147912524177
 40
0.6804012072255349
 40
0.7059858820006225
 40
0.731566666609282
 40
0.7571419018357933
 40
0.7827104352757459
 40
0.8082716423538477
 40
0.8338255044352718
 40
0.8593755984510183
 40
0.9062269732442784
 40
0.9531040314139937
 40
1.0
 40
1.0
 40
1.0
 40
1.0
 10
9.683599585618273
 20
6.431255822777338
 30
0.0
 10
9.68354218789501
 20
6.43122273067414
 30
0.0
 10
9.683402089345808
 20
6.431141958208182
 30
0.0
 10
9.683174013091755
 20
6.431022760907877
 30
0.0
 10
9.682917548478926
 20
6.430898081140569
 30
0.0
 10
9.682657819298196
 20
6.430783014411617
 30
0.0
 10
9.682395179939487
 20
6.430677137316818
 30
0.0
 10
9.682128168297945
 20
6.430579784966995
 30
0.0
 10
9.681855094370485
 20
6.430490303264692
 30
0.0
 10
9.681576003089104
 20
6.430408866401645
 30
0.0
 10
9.681290951194612
 20
6.430335643093602
 30
0.0
 10
9.681001966103512
 20
6.430271144168456
 30
0.0
 10
9.680709194728411
 20
6.430215339362058
 30
0.0
 10
9.68041278082481
 20
6.430168170367278
 30
0.0
 10
9.680112891464583
 20
6.430129481038977
 30
0.0
 10
9.679803784868083
 20
6.430098535285294
 30
0.0
 10
9.679485390293038
 20
6.430075749385158
 30
0.0
 10
9.679157662804824
 20
6.430061526158578
 30
0.0
 10
9.678826733219578
 20
6.430056117707577
 30
0.0
 10
9.678492782800612
 20
6.430059337674534
 30
0.0
 10
9.678155975192963
 20
6.43007104781128
 30
0.0
 10
9.67782286484742
 20
6.430090958018676
 30
0.0
 10
9.677493727369887
 20
6.43011857038969
 30
0.0
 10
9.67716881498022
 20
6.430153396169245
 30
0.0
 10
9.676841692113376
 20
6.430196044321615
 30
0.0
 10
9.676512439463789
 20
6.430246580970402
 30
0.0
 10
9.676150721169012
 20
6.430310428875973
 30
0.0
 10
9.675755893983505
 20
6.430390483195065
 30
0.0
 10
9.67532750208312
 20
6.430489272410326
 30
0.0
 10
9.67489646918858
 20
6.430599925137316
 30
0.0
 10
9.674463071228198
 20
6.430721810911172
 30
0.0
 10
9.674027585758136
 20
6.43085428582564
 30
0.0
 10
9.673590285851638
 20
6.430996733702321
 30
0.0
 10
9.673151450651396
 20
6.431148445449181
 30
0.0
 10
9.672711238210542
 20
6.431309394676104
 30
0.0
 10
9.672269775962524
 20
6.43147976758889
 30
0.0
 10
9.67182719829395
 20
6.431659694434773
 30
0.0
 10
9.671383636500329
 20
6.431849330907793
 30
0.0
 10
9.670939225546203
 20
6.432048787676905
 30
0.0
 10
9.670494069594772
 20
6.432258339225432
 30
0.0
 10
9.669924437547026
 20
6.432538574210305
 30
0.0
 10
9.66922982548315
 20
6.432897606370096
 30
0.0
 10
9.668410314068344
 20
6.433338841343878
 30
0.0
 10
9.667863702716556
 20
6.433639002193782
 30
0.0
 10
9.66759034192541
 20
6.433789112884189
 30
0.0
  0
SPLINE
  5
488
330
1F
100
AcDbEntity
  8
0
  6
Continuous
 62
     7
370
     0
100
AcDbSpline
210
0.0
220
0.0
230
1.0
 70
     8
 71
     3
 72
    23
 73
    19
 74
     0
 42
0.000000001
 43
0.00000001
 40
0.0
 40
0.0
 40
0.0
 40
0.0
 40
0.0609726139191505
 40
0.118387994561357
 40
0.1728742277214824
 40
0.2246695210592738
 40
0.2754008809859203
 40
0.3256802771256851
 40
0.376549205764027
 40
0.4289720610265049
 40
0.48414752534923
 40
0.5428865512447383
 40
0.6061622082093618
 40
0.6740109616371238
 40
0.7471027693500154
 40
0.8256295092907752
 40
0.9098541721358154
 40
1.0
 40
1.0
 40
1.0
 40
1.0
 10
9.66759034192541
 20
6.433789112884189
 30
0.0
 10
9.666558344707001
 20
6.434412158053766
 30
0.0
 10
9.664554558527811
 20
6.435621899008044
 30
0.0
 10
9.661657168859916
 20
6.43781032859128
 30
0.0
 10
9.658971705608431
 20
6.440167656866031
 30
0.0
 10
9.656506874904663
 20
6.442754858849532
 30
0.0
 10
9.654246221318797
 20
6.445526762903309
 30
0.0
 10
9.652217519934721
 20
6.448534344046093
 30
0.0
 10
9.650392598725738
 20
6.451735467744427
 30
0.0
 10
9.64880706692159
 20
6.455158412892835
 30
0.0
 10
9.647423729092928
 20
6.458792502390344
 30
0.0
 10
9.646214121870559
 20
6.462663753986291
 30
0.0
 10
9.645222403030608
 20
6.466768848234625
 30
0.0
 10
9.64440439543285
 20
6.471119022631517
 30
0.0
 10
9.643746571573374
 20
6.475720570231381
 30
0.0
 10
9.643294995913282
 20
6.480560893154127
 30
0.0
 10
9.643034920059279
 20
6.485643782668755
 30
0.0
 10
9.642995990907176
 20
6.489072141827403
 30
0.0
 10
9.642975865365118
 20
6.490844530454143
 30
0.0
  0
SPLINE
  5
489
330
1F
100
AcDbEntity
  8
0
  6
Continuous
 62
     7
370
     0
100
AcDbSpline
210
0.0
220
0.0
230
1.0
 70
     8
 71
     3
 72
    17
 73
    13
 74
     0
 42
0.000000001
 43
0.00000001
 40
0.0
 40
0.0
 40
0.0
 40
0.0
 40
0.0906329011836341
 40
0.1753653426288626
 40
0.2541102187879563
 40
0.3274215029633289
 40
0.3955560567886158
 40
0.458873960335001
 40
0.5179348249732568
 40
0.5729694386300639
 40
0.6252987845255906
 40
0.65526711493541
 40
0.65526711493541
 40
0.65526711493541
 40
0.65526711493541
 10
9.642975865365118
 20
6.490844530454143
 30
0.0
 10
9.642994317366869
 20
6.492605529407653
 30
0.0
 10
9.643030020092555
 20
6.496012881272354
 30
0.0
 10
9.643312544509842
 20
6.500808205522446
 30
0.0
 10
9.64376059302787
 20
6.505151052602208
 30
0.0
 10
9.644415468386196
 20
6.509013162137275
 30
0.0
 10
9.645247827277581
 20
6.512420996041097
 30
0.0
 10
9.646259819047765
 20
6.515377399889975
 30
0.0
 10
9.647472744837781
 20
6.517855889163926
 30
0.0
 10
9.648876476304858
 20
6.519873807340249
 30
0.0
 10
9.650270335817863
 20
6.521225925655872
 30
0.0
 10
9.651216251966744
 20
6.521864577472788
 30
0.0
 10
9.65157524118126
 20
6.522071817667128
 30
0.0
  0
SPLINE
  5
48A
330
1F
100
AcDbEntity
  8
0
  6
Continuous
 62
     7
370
     0
100
AcDbSpline
210
0.0
220
0.0
230
1.0
 70
     8
 71
     3
 72
    10
 73
     6
 74
     0
 42
0.000000001
 43
0.00000001
 40
0.6643989109835456
 40
0.6643989109835456
 40
0.6643989109835456
 40
0.6643989109835456
 40
0.7455860340844495
 40
0.8690789999429602
 40
1.0
 40
1.0
 40
1.0
 40
1.0
 10
9.676757503364248
 20
6.441595553416612
 30
0.0
 10
9.6770456524912
 20
6.441761898296327
 30
0.0
 10
9.677732210570449
 20
6.442250829437147
 30
0.0
 10
9.67870871797039
 20
6.443282770812968
 30
0.0
 10
9.679244341030268
 20
6.444314128949684
 30
0.0
 10
9.679519971758323
 20
6.444844864116638
 30
0.0
  0
SPLINE
  5
48B
330
1F
100
AcDbEntity
  8
0
  6
Continuous
 62
     7
370
     0
100
AcDbSpline
210
0.0
220
0.0
230
1.0
 70
     8
 71
     3
 72
    15
 73
    11
 74
     0
 42
0.000000001
 43
0.00000001
 40
0.0
 40
0.0
 40
0.0
 40
0.0
 40
0.0984900299220175
 40
0.201838027563734
 40
0.3116948969422731
 40
0.4274599879961237
 40
0.5528053385861429
 40
0.6899099414542673
 40
0.8389457546750265
 40
1.0
 40
1.0
 40
1.0
 40
1.0
 10
9.679519971758323
 20
6.444844864116638
 30
0.0
 10
9.679782248884885
 20
6.445469779832297
 30
0.0
 10
9.680319739816122
 20
6.446750434894961
 30
0.0
 10
9.680944739602127
 20
6.448929286095002
 30
0.0
 10
9.68142607772275
 20
6.451379380665215
 30
0.0
 10
9.68178603633907
 20
6.454111981840318
 30
0.0
 10
9.682047653679241
 20
6.457146193530145
 30
0.0
 10
9.682221319348749
 20
6.460520664961906
 30
0.0
 10
9.68233451945266
 20
6.464235519902038
 30
0.0
 10
9.682350649996733
 20
6.466848755021934
 30
0.0
 10
9.682359027861585
 20
6.468206014303528
 30
0.0
  0
SPLINE
  5
48C
330
1F
100
AcDbEntity
  8
0
  6
Continuous
 62
     7
370
     0
100
AcDbSpline
210
0.0
220
0.0
230
1.0
 70
     8
 71
     3
 72
    15
 73
    11
 74
     0
 42
0.000000001
 43
0.00000001
 40
0.0
 40
0.0
 40
0.0
 40
0.0
 40
0.1596511372780717
 40
0.3085655703298847
 40
0.4461933710066815
 40
0.5739690612705024
 40
0.6921583564928292
 40
0.8020565012233022
 40
0.9040987413505465
 40
0.9999999999999999
 40
0.9999999999999999
 40
0.9999999999999999
 40
0.9999999999999999
 10
9.682359027861585
 20
6.468206014303528
 30
0.0
 10
9.682350567409024
 20
6.469562229574771
 30
0.0
 10
9.682334215478097
 20
6.472183453236531
 30
0.0
 10
9.682221037077857
 20
6.476023552418473
 30
0.0
 10
9.682046417378041
 20
6.479626017918878
 30
0.0
 10
9.68178322111916
 20
6.483010813944475
 30
0.0
 10
9.681437231113769
 20
6.486198484804006
 30
0.0
 10
9.680926830097038
 20
6.489225856368662
 30
0.0
 10
9.680320515175385
 20
6.492091367019257
 30
0.0
 10
9.679752979509265
 20
6.493962667266218
 30
0.0
 10
9.679478015264186
 20
6.494869289863594
 30
0.0
  0
SPLINE
  5
48D
330
1F
100
AcDbEntity
  8
0
  6
Continuous
 62
     7
370
     0
100
AcDbSpline
210
0.0
220
0.0
230
1.0
 70
     8
 71
     3
 72
    15
 73
    11
 74
     0
 42
0.000000001
 43
0.00000001
 40
0.0
 40
0.0
 40
0.0
 40
0.0
 40
0.1302336202016407
 40
0.253323594762126
 40
0.3705049145481298
 40
0.4852872396224135
 40
0.6008722347763199
 40
0.7234306548017299
 40
0.8556410648324593
 40
1.0
 40
1.0
 40
1.0
 40
1.0
 10
9.679478015264186
 20
6.494869289863594
 30
0.0
 10
9.679188318853742
 20
6.495707020098322
 30
0.0
 10
9.678624816618523
 20
6.497336528931553
 30
0.0
 10
9.67757947631907
 20
6.499708958105692
 30
0.0
 10
9.676336967304117
 20
6.501889232909089
 30
0.0
 10
9.674972389894275
 20
6.503918770805914
 30
0.0
 10
9.673408806395168
 20
6.505772647271417
 30
0.0
 10
9.67165309896493
 20
6.507462175891535
 30
0.0
 10
9.66968812553402
 20
6.509002301925342
 30
0.0
 10
9.668309784695298
 20
6.509838664186423
 30
0.0
 10
9.66759034192541
 20
6.510275214250703
 30
0.0
  0
SPLINE
  5
48E
330
1F
100
AcDbEntity
  8
0
  6
Continuous
 62
     7
370
     0
100
AcDbSpline
210
0.0
220
0.0
230
1.0
 70
     8
 71
     3
 72
    13
 73
     9
 74
     0
 42
0.000000001
 43
0.00000001
 40
0.0
 40
0.0
 40
0.0
 40
0.0
 40
0.1413728161521944
 40
0.2716333270370332
 40
0.3941115680980362
 40
0.5104341139114732
 40
0.6257922686548099
 40
0.6609721525635928
 40
0.6609721525635928
 40
0.6609721525635928
 40
0.6609721525635928
 10
9.66759034192541
 20
6.510275214250703
 30
0.0
 10
9.666880158024815
 20
6.510663966622611
 30
0.0
 10
9.665515612697241
 20
6.511410914324788
 30
0.0
 10
9.663561274921395
 20
6.512129027006769
 30
0.0
 10
9.66179637477693
 20
6.51247396709298
 30
0.0
 10
9.660212243225523
 20
6.512437478057033
 30
0.0
 10
9.659137577439088
 20
6.512120461339117
 30
0.0
 10
9.658590461747192
 20
6.511834088027049
 30
0.0
 10
9.658465556100007
 20
6.511761981518038
 30
0.0
  0
LINE
  5
48F
330
1F
100
AcDbEntity
  8
0
  6
Continuous
 62
     7
370
     0
100
AcDbLine
 10
9.5958438514
 20
6.6516924089
 30
0.0
 11
9.5957024301
 21
6.6516107681
 31
0.0
  0
LINE
  5
490
330
1F
100
AcDbEntity
  8
0
  6
Continuous
 62
     7
370
     0
100
AcDbLine
 10
9.7274622591
 20
6.3992257908
 30
0.0
 11
9.7273208377
 21
6.39914415
 31
0.0
  0
SPLINE
  5
491
330
1F
100
AcDbEntity
  8
0
  6
Continuous
 62
     7
370
     0
100
AcDbSpline
210
0.0
220
0.0
230
1.0
 70
     8
 71
     3
 72
    15
 73
    11
 74
     0
 42
0.000000001
 43
0.00000001
 40
0.0
 40
0.0
 40
0.0
 40
0.0
 40
0.1641007877079223
 40
0.3141068989893857
 40
0.450749969864446
 40
0.5734501429382802
 40
0.6864814603067119
 40
0.7948918672846339
 40
0.8993730472043188
 40
1.0
 40
1.0
 40
1.0
 40
1.0
 10
9.652680234632998
 20
6.485079035699891
 30
0.0
 10
9.652684210863791
 20
6.483703930127882
 30
0.0
 10
9.652691821805465
 20
6.481071827302294
 30
0.0
 10
9.65278708851869
 20
6.477247046617457
 30
0.0
 10
9.652958037434635
 20
6.473729487468519
 30
0.0
 10
9.653165629560233
 20
6.47050305674048
 30
0.0
 10
9.653501237411714
 20
6.467454351548969
 30
0.0
 10
9.653975027809135
 20
6.4645082629221
 30
0.0
 10
9.654590466983787
 20
6.461623302189896
 30
0.0
 10
9.655147908827537
 20
6.459709812228033
 30
0.0
 10
9.65542139224994
 20
6.458771045629565
 30
0.0
  0
SPLINE
  5
492
330
1F
100
AcDbEntity
  8
0
  6
Continuous
 62
     7
370
     0
100
AcDbSpline
210
0.0
220
0.0
230
1.0
 70
     8
 71
     3
 72
    15
 73
    11
 74
     0
 42
0.000000001
 43
0.00000001
 40
0.0
 40
0.0
 40
0.0
 40
0.0
 40
0.0929327014231508
 40
0.1955187970205159
 40
0.3091460508655619
 40
0.4331371720548347
 40
0.5654292707948618
 40
0.7044741864873666
 40
0.8490924635745091
 40
1.0
 40
1.0
 40
1.0
 40
1.0
 10
9.655477334242121
 20
6.508464406855289
 30
0.0
 10
9.655217462812073
 20
6.50788752291558
 30
0.0
 10
9.654670725779734
 20
6.506673831156007
 30
0.0
 10
9.654074877259731
 20
6.504489992868018
 30
0.0
 10
9.653590988844396
 20
6.501946483799199
 30
0.0
 10
9.653238576034362
 20
6.499046700583577
 30
0.0
 10
9.653001271984675
 20
6.495851862572328
 30
0.0
 10
9.652819693753996
 20
6.492445761776518
 30
0.0
 10
9.652706173138421
 20
6.488838744424336
 30
0.0
 10
9.652689002606879
 20
6.486349927270519
 30
0.0
 10
9.652680234632998
 20
6.485079035699891
 30
0.0
  0
SPLINE
  5
493
330
1F
100
AcDbEntity
  8
0
  6
Continuous
 62
     7
370
     0
100
AcDbSpline
210
0.0
220
0.0
230
1.0
 70
     8
 71
     3
 72
    15
 73
    11
 74
     0
 42
0.000000001
 43
0.00000001
 40
0.0
 40
0.0
 40
0.0
 40
0.0
 40
0.1413728161521944
 40
0.2716333270370332
 40
0.3941115680980362
 40
0.5104341139114732
 40
0.6257922686548099
 40
0.7433981479379776
 40
0.867888371759377
 40
1.0
 40
1.0
 40
1.0
 40
1.0
 10
9.667448920569173
 20
6.51019357343952
 30
0.0
 10
9.666738736668579
 20
6.510582325811429
 30
0.0
 10
9.665374191341003
 20
6.511329273513606
 30
0.0
 10
9.66341985356516
 20
6.512047386195587
 30
0.0
 10
9.661654953420694
 20
6.512392326281798
 30
0.0
 10
9.660070821869287
 20
6.512355837245851
 30
0.0
 10
9.65866422097404
 20
6.511940902663532
 30
0.0
 10
9.657441941920307
 20
6.511121085939573
 30
0.0
 10
9.656331128825194
 20
6.510001895599498
 30
0.0
 10
9.655767512479482
 20
6.50898695148441
 30
0.0
 10
9.655477334242121
 20
6.508464406855289
 30
0.0
  0
SPLINE
  5
494
330
1F
100
AcDbEntity
  8
0
  6
Continuous
 62
     7
370
     0
100
AcDbSpline
210
0.0
220
0.0
230
1.0
 70
     8
 71
     3
 72
    15
 73
    11
 74
     0
 42
0.000000001
 43
0.00000001
 40
0.0
 40
0.0
 40
0.0
 40
0.0
 40
0.1302336202016407
 40
0.253323594762126
 40
0.3705049145481298
 40
0.4852872396224135
 40
0.6008722347763199
 40
0.7234306548017299
 40
0.8556410648324593
 40
1.0
 40
1.0
 40
1.0
 40
1.0
 10
9.67933659390795
 20
6.494787649052411
 30
0.0
 10
9.679046897497503
 20
6.495625379287139
 30
0.0
 10
9.678483395262287
 20
6.497254888120371
 30
0.0
 10
9.677438054962831
 20
6.499627317294509
 30
0.0
 10
9.676195545947879
 20
6.501807592097906
 30
0.0
 10
9.67483096853804
 20
6.503837129994731
 30
0.0
 10
9.673267385038931
 20
6.505691006460235
 30
0.0
 10
9.671511677608692
 20
6.507380535080352
 30
0.0
 10
9.669546704177783
 20
6.50892066111416
 30
0.0
 10
9.668168363339062
 20
6.509757023375241
 30
0.0
 10
9.667448920569173
 20
6.51019357343952
 30
0.0
  0
SPLINE
  5
495
330
1F
100
AcDbEntity
  8
0
  6
Continuous
 62
     7
370
     0
100
AcDbSpline
210
0.0
220
0.0
230
1.0
 70
     8
 71
     3
 72
    15
 73
    11
 74
     0
 42
0.000000001
 43
0.00000001
 40
0.0
 40
0.0
 40
0.0
 40
0.0
 40
0.1596511372780717
 40
0.3085655703298847
 40
0.4461933710066815
 40
0.5739690612705024
 40
0.6921583564928292
 40
0.8020565012233022
 40
0.9040987413505465
 40
0.9999999999999999
 40
0.9999999999999999
 40
0.9999999999999999
 40
0.9999999999999999
 10
9.682217606505347
 20
6.468124373492346
 30
0.0
 10
9.682209146052788
 20
6.469480588763587
 30
0.0
 10
9.682192794121859
 20
6.472101812425349
 30
0.0
 10
9.682079615721621
 20
6.47594191160729
 30
0.0
 10
9.681904996021805
 20
6.479544377107697
 30
0.0
 10
9.681641799762922
 20
6.482929173133292
 30
0.0
 10
9.681295809757533
 20
6.486116843992823
 30
0.0
 10
9.680785408740801
 20
6.489144215557481
 30
0.0
 10
9.680179093819147
 20
6.492009726208075
 30
0.0
 10
9.679611558153027
 20
6.493881026455036
 30
0.0
 10
9.67933659390795
 20
6.494787649052411
 30
0.0
  0
SPLINE
  5
496
330
1F
100
AcDbEntity
  8
0
  6
Continuous
 62
     7
370
     0
100
AcDbSpline
210
0.0
220
0.0
230
1.0
 70
     8
 71
     3
 72
    15
 73
    11
 74
     0
 42
0.000000001
 43
0.00000001
 40
0.0
 40
0.0
 40
0.0
 40
0.0
 40
0.0984900299220175
 40
0.201838027563734
 40
0.3116948969422731
 40
0.4274599879961237
 40
0.5528053385861429
 40
0.6899099414542673
 40
0.8389457546750265
 40
1.0
 40
1.0
 40
1.0
 40
1.0
 10
9.679378550402086
 20
6.444763223305457
 30
0.0
 10
9.679640827528647
 20
6.445388139021113
 30
0.0
 10
9.680178318459884
 20
6.446668794083779
 30
0.0
 10
9.680803318245891
 20
6.448847645283819
 30
0.0
 10
9.681284656366511
 20
6.451297739854032
 30
0.0
 10
9.681644614982833
 20
6.454030341029136
 30
0.0
 10
9.681906232323005
 20
6.457064552718961
 30
0.0
 10
9.682079897992512
 20
6.460439024150722
 30
0.0
 10
9.682193098096421
 20
6.464153879090856
 30
0.0
 10
9.682209228640495
 20
6.466767114210752
 30
0.0
 10
9.682217606505347
 20
6.468124373492346
 30
0.0
  0
SPLINE
  5
497
330
1F
100
AcDbEntity
  8
0
  6
Continuous
 62
     7
370
     0
100
AcDbSpline
210
0.0
220
0.0
230
1.0
 70
     8
 71
     3
 72
    15
 73
    11
 74
     0
 42
0.000000001
 43
0.00000001
 40
0.0
 40
0.0
 40
0.0
 40
0.0
 40
0.1414581697554184
 40
0.27271190448694
 40
0.395264091582801
 40
0.5124813484088722
 40
0.6279091504467643
 40
0.7455860340844495
 40
0.8690789999429602
 40
1.0
 40
1.0
 40
1.0
 40
1.0
 10
9.667448920569173
 20
6.443009835752718
 30
0.0
 10
9.66815900231587
 20
6.442621667626697
 30
0.0
 10
9.669527942305821
 20
6.441873332842704
 30
0.0
 10
9.671488092106536
 20
6.44114697864195
 30
0.0
 10
9.673259465533025
 20
6.440806045817875
 30
0.0
 10
9.6748529384578
 20
6.440827237189018
 30
0.0
 10
9.676260216245838
 20
6.44124878124263
 30
0.0
 10
9.677484613989064
 20
6.442056986088714
 30
0.0
 10
9.678567296614151
 20
6.443201130001786
 30
0.0
 10
9.67910291967403
 20
6.444232488138502
 30
0.0
 10
9.679378550402086
 20
6.444763223305457
 30
0.0
  0
SPLINE
  5
498
330
1F
100
AcDbEntity
  8
0
  6
Continuous
 62
     7
370
     0
100
AcDbSpline
210
0.0
220
0.0
230
1.0
 70
     8
 71
     3
 72
    15
 73
    11
 74
     0
 42
0.000000001
 43
0.00000001
 40
0.0
 40
0.0
 40
0.0
 40
0.0
 40
0.1279442181211455
 40
0.2482369193370199
 40
0.3644446802024286
 40
0.4785790913491291
 40
0.5947180955730483
 40
0.7179626744033668
 40
0.8521394834580085
 40
1.0
 40
1.0
 40
1.0
 40
1.0
 10
9.65542139224994
 20
6.458771045629565
 30
0.0
 10
9.655694742047215
 20
6.457930598584683
 30
0.0
 10
9.65622509435679
 20
6.45629996620167
 30
0.0
 10
9.657263755725669
 20
6.45391721372475
 30
0.0
 10
9.658458114150937
 20
6.451690713989508
 30
0.0
 10
9.659833501216486
 20
6.449609459654631
 30
0.0
 10
9.661419617920329
 20
6.4476941667953
 30
0.0
 10
9.663224592899098
 20
6.445941026960568
 30
0.0
 10
9.665262332294422
 20
6.444349586473336
 30
0.0
 10
9.666696858009004
 20
6.443470634142872
 30
0.0
 10
9.667448920569173
 20
6.443009835752718
 30
0.0
  0
LINE
  5
499
330
1F
100
AcDbEntity
  8
0
  6
Continuous
 62
     7
370
     0
100
AcDbLine
 10
9.6675903419
 20
6.5102752143
 30
0.0
 11
9.6674489206
 21
6.5101935734
 31
0.0
  0
LINE
  5
49A
330
1F
100
AcDbEntity
  8
0
  6
Continuous
 62
     7
370
     0
100
AcDbLine
 10
9.6794780153
 20
6.4948692899
 30
0.0
 11
9.6793365939
 21
6.4947876491
 31
0.0
  0
LINE
  5
49B
330
1F
100
AcDbEntity
  8
0
  6
Continuous
 62
     7
370
     0
100
AcDbLine
 10
9.6429758654
 20
6.4908445305
 30
0.0
 11
9.642834444
 21
6.4907628896
 31
0.0
  0
SPLINE
  5
49C
330
1F
100
AcDbEntity
  8
0
  6
Continuous
 62
     7
370
     0
100
AcDbSpline
210
0.0
220
0.0
230
1.0
 70
     8
 71
     3
 72
     8
 73
     4
 74
     0
 42
0.000000001
 43
0.00000001
 40
1.0
 40
1.0
 40
1.0
 40
1.0
 40
2.0
 40
2.0
 40
2.0
 40
2.0
 10
9.551218123290521
 20
6.690715275321244
 30
0.0
 10
9.551221877852496
 20
6.705259480382701
 30
0.0
 10
9.545740229505402
 20
6.722972229125939
 30
0.0
 10
9.531419439109873
 20
6.731244374431949
 30
0.0
  0
SPLINE
  5
49D
330
1F
100
AcDbEntity
  8
0
  6
Continuous
 62
     7
370
     0
100
AcDbSpline
210
0.0
220
0.0
230
1.0
 70
     8
 71
     3
 72
     8
 73
     4
 74
     0
 42
0.000000001
 43
0.00000001
 40
0.0
 40
0.0
 40
0.0
 40
0.0
 40
1.0
 40
1.0
 40
1.0
 40
1.0
 10
9.531404420657914
 20
6.673066763697228
 30
0.0
 10
9.545725211053442
 20
6.664794618391218
 30
0.0
 10
9.551214369136673
 20
6.676172651237564
 30
0.0
 10
9.551218123290521
 20
6.690715275321244
 30
0.0
  0
SPLINE
  5
49E
330
1F
100
AcDbEntity
  8
0
  6
Continuous
 62
     7
370
     0
100
AcDbSpline
210
0.0
220
0.0
230
1.0
 70
     8
 71
     3
 72
     8
 73
     4
 74
     0
 42
0.000000001
 43
0.00000001
 40
3.0
 40
3.0
 40
3.0
 40
3.0
 40
4.0
 40
4.0
 40
4.0
 40
4.0
 10
9.511605052032937
 20
6.71359704877157
 30
0.0
 10
9.511601297879091
 20
6.69905442468789
 30
0.0
 10
9.517084999559168
 20
6.681338118053742
 30
0.0
 10
9.531404420657914
 20
6.673066763697228
 30
0.0
  0
SPLINE
  5
49F
330
1F
100
AcDbEntity
  8
0
  6
Continuous
 62
     7
370
     0
100
AcDbSpline
210
0.0
220
0.0
230
1.0
 70
     8
 71
     3
 72
     8
 73
     4
 74
     0
 42
0.000000001
 43
0.00000001
 40
2.0
 40
2.0
 40
2.0
 40
2.0
 40
3.0
 40
3.0
 40
3.0
 40
3.0
 10
9.531419439109873
 20
6.731244374431949
 30
0.0
 10
9.517100018011128
 20
6.739515728788463
 30
0.0
 10
9.511608806594912
 20
6.728141253833027
 30
0.0
 10
9.511605052032937
 20
6.71359704877157
 30
0.0
  0
LINE
  5
4A0
330
1F
100
AcDbEntity
  8
0
  6
Continuous
 62
     7
370
     0
100
AcDbLine
 10
9.4897952974
 20
6.7263413892
 30
0.0
 11
9.4896538761
 21
6.7262597484
 31
0.0
  0
LINE
  5
4A1
330
1F
100
AcDbEntity
  8
0
  6
Continuous
 62
     7
370
     0
100
AcDbLine
 10
9.7074210404
 20
6.4156241713
 30
0.0
 11
9.707279619
 21
6.4155425304
 31
0.0
  0
LINE
  5
4A2
330
1F
100
AcDbEntity
  8
0
  6
Continuous
 62
     7
370
     0
100
AcDbLine
 10
9.6675903419
 20
6.4337891129
 30
0.0
 11
9.6674489206
 21
6.4337074721
 31
0.0
  0
LINE
  5
4A3
330
1F
100
AcDbEntity
  8
0
  6
Continuous
 62
     7
370
     0
100
AcDbLine
 10
9.6795199718
 20
6.4448448641
 30
0.0
 11
9.6793785504
 21
6.4447632233
 31
0.0
  0
LINE
  5
4A4
330
1F
100
AcDbEntity
  8
0
  6
Continuous
 62
     7
370
     0
100
AcDbLine
 10
9.6373407258
 20
6.4533190365
 30
0.0
 11
9.6268366006
 21
6.4593829389
 31
0.0
  0
LINE
  5
4A5
330
1F
100
AcDbEntity
  8
0
  6
Continuous
 62
     7
370
     0
100
AcDbLine
 10
9.6268366006
 20
6.4593829389
 30
0.0
 11
9.6031451669
 21
6.5051011873
 31
0.0
  0
LINE
  5
4A6
330
1F
100
AcDbEntity
  8
0
  6
Continuous
 62
     7
370
     0
100
AcDbLine
 10
9.6031451669
 20
6.5051011873
 30
0.0
 11
9.588376481
 21
6.5136269683
 31
0.0
  0
LINE
  5
4A7
330
1F
100
AcDbEntity
  8
0
  6
Continuous
 62
     7
370
     0
100
AcDbLine
 10
9.5882350596
 20
6.4816671342
 30
0.0
 11
9.5794257622
 21
6.4867526333
 31
0.0
  0
LINE
  5
4A8
330
1F
100
AcDbEntity
  8
0
  6
Continuous
 62
     7
370
     0
100
AcDbLine
 10
9.5794257622
 20
6.4867526333
 30
0.0
 11
9.5794257622
 21
6.5682434329
 31
0.0
  0
SPLINE
  5
4A9
330
1F
100
AcDbEntity
  8
0
  6
Continuous
 62
     7
370
     0
100
AcDbSpline
210
0.0
220
0.0
230
1.0
 70
     8
 71
     3
 72
    28
 73
    24
 74
     0
 42
0.000000001
 43
0.00000001
 40
0.0
 40
0.0
 40
0.0
 40
0.0
 40
0.0318726590606749
 40
0.0741537953412451
 40
0.1164290282227566
 40
0.1587031983114059
 40
0.2018447035562358
 40
0.2449926596744877
 40
0.2881452440119691
 40
0.3312976561160057
 40
0.3744462344545934
 40
0.4175896208060492
 40
0.4607276763916415
 40
0.5110510512923474
 40
0.5613790089931643
 40
0.6117172210867681
 40
0.6620647574202109
 40
0.7124116481647298
 40
0.7627461124552882
 40
0.8220482756830096
 40
0.8813456290485302
 40
0.9406635154883511
 40
1.0
 40
1.0
 40
1.0
 40
1.0
 10
9.619013668503424
 20
6.505155705130793
 30
0.0
 10
9.618940919961823
 20
6.505114523832441
 30
0.0
 10
9.618771665791499
 20
6.505018712887896
 30
0.0
 10
9.618500073794802
 20
6.504878582168006
 30
0.0
 10
9.618199362586846
 20
6.504734789037697
 30
0.0
 10
9.617890508139594
 20
6.504601406651681
 30
0.0
 10
9.617573787710512
 20
6.504478218259738
 30
0.0
 10
9.617249570218346
 20
6.504364785133657
 30
0.0
 10
9.61692045932823
 20
6.504261295719578
 30
0.0
 10
9.616586979211526
 20
6.504166980942022
 30
0.0
 10
9.616249228143744
 20
6.504081930364402
 30
0.0
 10
9.615907175234014
 20
6.504006506042168
 30
0.0
 10
9.615541594063258
 20
6.5039373208153
 30
0.0
 10
9.615151516738155
 20
6.503876894281921
 30
0.0
 10
9.614736676054859
 20
6.503826227805636
 30
0.0
 10
9.6143172806536
 20
6.503786896193072
 30
0.0
 10
9.613894148677646
 20
6.503757151388262
 30
0.0
 10
9.613467480139132
 20
6.503736874366245
 30
0.0
 10
9.61301099951776
 20
6.503727837452359
 30
0.0
 10
9.612523137490125
 20
6.503734994549768
 30
0.0
 10
9.612002193467784
 20
6.503764279682483
 30
0.0
 10
9.611476763993942
 20
6.503807751562918
 30
0.0
 10
9.611124989604303
 20
6.503841498396103
 30
0.0
 10
9.610949074840649
 20
6.50385837445746
 30
0.0
  0
SPLINE
  5
4AA
330
1F
100
AcDbEntity
  8
0
  6
Continuous
 62
     7
370
     0
100
AcDbSpline
210
0.0
220
0.0
230
1.0
 70
     8
 71
     3
 72
    15
 73
    11
 74
     0
 42
0.000000001
 43
0.00000001
 40
0.0
 40
0.0
 40
0.0
 40
0.0
 40
0.1170339869329157
 40
0.2303551988589857
 40
0.3426861898780848
 40
0.4547596653596098
 40
0.5726627487835109
 40
0.702231072777997
 40
0.8446465788022263
 40
1.0
 40
1.0
 40
1.0
 40
1.0
 10
9.611088929821106
 20
6.514113597539892
 30
0.0
 10
9.611429097304708
 20
6.514311678194367
 30
0.0
 10
9.612098640831197
 20
6.514701555611579
 30
0.0
 10
9.612936006783713
 20
6.515533834562145
 30
0.0
 10
9.613658013545967
 20
6.516490257705032
 30
0.0
 10
9.614242046718532
 20
6.517637354675538
 30
0.0
 10
9.61469483176282
 20
6.519005687985322
 30
0.0
 10
9.615012933498596
 20
6.520641118336058
 30
0.0
 10
9.615184674968729
 20
6.522565236637938
 30
0.0
 10
9.615213564735868
 20
6.523962965124703
 30
0.0
 10
9.615228637242609
 20
6.524692194679815
 30
0.0
  0
SPLINE
  5
4AB
330
1F
100
AcDbEntity
  8
0
  6
Continuous
 62
     7
370
     0
100
AcDbSpline
210
0.0
220
0.0
230
1.0
 70
     8
 71
     3
 72
    15
 73
    11
 74
     0
 42
0.000000001
 43
0.00000001
 40
0.0
 40
0.0
 40
0.0
 40
0.0
 40
0.1356710519307761
 40
0.266033568325069
 40
0.3888289124462898
 40
0.5089869504386774
 40
0.6268374756191905
 40
0.7465047924043864
 40
0.8703604505951906
 40
1.0
 40
1.0
 40
1.0
 40
1.0
 10
9.615228637242609
 20
6.524692194679815
 30
0.0
 10
9.615214079057237
 20
6.525271817469638
 30
0.0
 10
9.615185532319025
 20
6.526408383574675
 30
0.0
 10
9.614996272870815
 20
6.528144831239382
 30
0.0
 10
9.614649527792077
 20
6.529867645274495
 30
0.0
 10
9.614199197816683
 20
6.531559033941641
 30
0.0
 10
9.61357247413598
 20
6.53324824075978
 30
0.0
 10
9.612783040296705
 20
6.534928295000033
 30
0.0
 10
9.61180920583378
 20
6.536599069758754
 30
0.0
 10
9.61105504763228
 20
6.537653744667684
 30
0.0
 10
9.610669364879737
 20
6.538193114154226
 30
0.0
  0
SPLINE
  5
4AC
330
1F
100
AcDbEntity
  8
0
  6
Continuous
 62
     7
370
     0
100
AcDbSpline
210
0.0
220
0.0
230
1.0
 70
     8
 71
     3
 72
    15
 73
    11
 74
     0
 42
0.000000001
 43
0.00000001
 40
0.0
 40
0.0
 40
0.0
 40
0.0
 40
0.1054324257577919
 40
0.212692606635992
 40
0.3256640625299889
 40
0.4428219635096674
 40
0.5669158351674675
 40
0.7017792760429936
 40
0.8456966330967296
 40
1.0
 40
1.0
 40
1.0
 40
1.0
 10
9.610669364879737
 20
6.538193114154226
 30
0.0
 10
9.610319846498518
 20
6.538652433661898
 30
0.0
 10
9.60961475055641
 20
6.539579035346943
 30
0.0
 10
9.608445770919351
 20
6.540864056187491
 30
0.0
 10
9.607191975912249
 20
6.542090884642397
 30
0.0
 10
9.6058336469346
 20
6.543231775060693
 30
0.0
 10
9.604378871635086
 20
6.544375135928587
 30
0.0
 10
9.602802437134732
 20
6.545457784687856
 30
0.0
 10
9.601105279286276
 20
6.546582430724684
 30
0.0
 10
9.599933447373754
 20
6.547263265249671
 30
0.0
 10
9.599327125964738
 20
6.547615538083415
 30
0.0
  0
LINE
  5
4AD
330
1F
100
AcDbEntity
  8
0
  6
Continuous
 62
     7
370
     0
100
AcDbLine
 10
9.599327126
 20
6.5476155381
 30
0.0
 11
9.588376481
 21
6.5539372109
 31
0.0
  0
LINE
  5
4AE
330
1F
100
AcDbEntity
  8
0
  6
Continuous
 62
     7
370
     0
100
AcDbLine
 10
9.4895234668
 20
6.6774232086
 30
0.0
 11
9.4674705991
 21
6.6901616484
 31
0.0
  0
LINE
  5
4AF
330
1F
100
AcDbEntity
  8
0
  6
Continuous
 62
     7
370
     0
100
AcDbLine
 10
9.4674705991
 20
6.6901616484
 30
0.0
 11
9.4674810137
 21
6.7305050393
 31
0.0
  0
LINE
  5
4B0
330
1F
100
AcDbEntity
  8
0
  6
Continuous
 62
     7
370
     0
100
AcDbLine
 10
9.4674810137
 20
6.7305050393
 30
0.0
 11
9.4382458427
 21
6.7473922065
 31
0.0
  0
LINE
  5
4B1
330
1F
100
AcDbEntity
  8
0
  6
Continuous
 62
     7
370
     0
100
AcDbLine
 10
9.4380940489
 20
6.7071304808
 30
0.0
 11
9.4160439198
 21
6.7198673386
 31
0.0
  0
LINE
  5
4B2
330
1F
100
AcDbEntity
  8
0
  6
Continuous
 62
     7
370
     0
100
AcDbLine
 10
9.4160439198
 20
6.7198673386
 30
0.0
 11
9.4160635434
 21
6.7958839121
 31
0.0
  0
LINE
  5
4B3
330
1F
100
AcDbEntity
  8
0
  6
Continuous
 62
     7
370
     0
100
AcDbLine
 10
9.4160635434
 20
6.7958839121
 30
0.0
 11
9.3930408719
 21
6.8091825415
 31
0.0
  0
LINE
  5
4B4
330
1F
100
AcDbEntity
  8
0
  6
Continuous
 62
     7
370
     0
100
AcDbLine
 10
9.3928798692
 20
6.7332476331
 30
0.0
 11
9.3708276861
 21
6.7459856774
 31
0.0
  0
LINE
  5
4B5
330
1F
100
AcDbEntity
  8
0
  6
Continuous
 62
     7
370
     0
100
AcDbLine
 10
9.3708276861
 20
6.7459856774
 30
0.0
 11
9.3708473096
 21
6.8220017225
 31
0.0
  0
LINE
  5
4B6
330
1F
100
AcDbEntity
  8
0
  6
Continuous
 62
     7
370
     0
100
AcDbLine
 10
9.3708473096
 20
6.8220017225
 30
0.0
 11
9.345431792
 21
6.8366825361
 31
0.0
  0
LINE
  5
4B7
330
1F
100
AcDbEntity
  8
0
  6
Continuous
 62
     7
370
     0
100
AcDbLine
 10
9.345431792
 20
6.8366825361
 30
0.0
 11
9.3454374173
 21
6.858473478
 31
0.0
  0
LINE
  5
4B8
330
1F
100
AcDbEntity
  8
0
  6
Continuous
 62
     7
370
     0
100
AcDbLine
 10
9.4674866802
 20
6.7524555969
 30
0.0
 11
9.4674958478
 21
6.7879686354
 31
0.0
  0
LINE
  5
4B9
330
1F
100
AcDbEntity
  8
0
  6
Continuous
 62
     7
370
     0
100
AcDbLine
 10
9.5882350596
 20
6.5228476911
 30
0.0
 11
9.5976472998
 21
6.5174141205
 31
0.0
  0
LINE
  5
4BA
330
1F
100
AcDbEntity
  8
0
  6
Continuous
 62
     7
370
     0
100
AcDbLine
 10
9.5882350596
 20
6.5538555701
 30
0.0
 11
9.5882350596
 21
6.5228476911
 31
0.0
  0
LINE
  5
4BB
330
1F
100
AcDbEntity
  8
0
  6
Continuous
 62
     7
370
     0
100
AcDbLine
 10
9.5991857046
 20
6.5475338973
 30
0.0
 11
9.5882350596
 21
6.5538555701
 31
0.0
  0
SPLINE
  5
4BC
330
1F
100
AcDbEntity
  8
0
  6
Continuous
 62
     7
370
     0
100
AcDbSpline
210
0.0
220
0.0
230
1.0
 70
     8
 71
     3
 72
    15
 73
    11
 74
     0
 42
0.000000001
 43
0.00000001
 40
0.0
 40
0.0
 40
0.0
 40
0.0
 40
0.1054324257577919
 40
0.212692606635992
 40
0.3256640625299889
 40
0.4428219635096674
 40
0.5669158351674675
 40
0.7017792760429936
 40
0.8456966330967296
 40
1.0
 40
1.0
 40
1.0
 40
1.0
 10
9.610527943523499
 20
6.538111473343045
 30
0.0
 10
9.61017842514228
 20
6.538570792850716
 30
0.0
 10
9.609473329200172
 20
6.539497394535761
 30
0.0
 10
9.608304349563113
 20
6.540782415376309
 30
0.0
 10
9.607050554556013
 20
6.542009243831215
 30
0.0
 10
9.605692225578364
 20
6.54315013424951
 30
0.0
 10
9.60423745027885
 20
6.544293495117405
 30
0.0
 10
9.602661015778496
 20
6.545376143876672
 30
0.0
 10
9.60096385793004
 20
6.546500789913503
 30
0.0
 10
9.599792026017516
 20
6.547181624438489
 30
0.0
 10
9.5991857046085
 20
6.547533897272232
 30
0.0
  0
SPLINE
  5
4BD
330
1F
100
AcDbEntity
  8
0
  6
Continuous
 62
     7
370
     0
100
AcDbSpline
210
0.0
220
0.0
230
1.0
 70
     8
 71
     3
 72
    15
 73
    11
 74
     0
 42
0.000000001
 43
0.00000001
 40
0.0
 40
0.0
 40
0.0
 40
0.0
 40
0.1356710519307761
 40
0.266033568325069
 40
0.3888289124462898
 40
0.5089869504386774
 40
0.6268374756191905
 40
0.7465047924043864
 40
0.8703604505951906
 40
1.0
 40
1.0
 40
1.0
 40
1.0
 10
9.615087215886371
 20
6.524610553868633
 30
0.0
 10
9.615072657700999
 20
6.525190176658456
 30
0.0
 10
9.615044110962787
 20
6.526326742763493
 30
0.0
 10
9.614854851514579
 20
6.5280631904282
 30
0.0
 10
9.61450810643584
 20
6.529786004463313
 30
0.0
 10
9.614057776460445
 20
6.531477393130459
 30
0.0
 10
9.613431052779742
 20
6.533166599948598
 30
0.0
 10
9.612641618940467
 20
6.534846654188851
 30
0.0
 10
9.611667784477541
 20
6.536517428947572
 30
0.0
 10
9.610913626276044
 20
6.537572103856501
 30
0.0
 10
9.610527943523499
 20
6.538111473343045
 30
0.0
  0
SPLINE
  5
4BE
330
1F
100
AcDbEntity
  8
0
  6
Continuous
 62
     7
370
     0
100
AcDbSpline
210
0.0
220
0.0
230
1.0
 70
     8
 71
     3
 72
    15
 73
    11
 74
     0
 42
0.000000001
 43
0.00000001
 40
0.0
 40
0.0
 40
0.0
 40
0.0
 40
0.1170339869329157
 40
0.2303551988589857
 40
0.3426861898780848
 40
0.4547596653596098
 40
0.5726627487835109
 40
0.702231072777997
 40
0.8446465788022263
 40
1.0
 40
1.0
 40
1.0
 40
1.0
 10
9.610947508464868
 20
6.514031956728711
 30
0.0
 10
9.61128767594847
 20
6.514230037383185
 30
0.0
 10
9.61195721947496
 20
6.514619914800397
 30
0.0
 10
9.612794585427475
 20
6.515452193750963
 30
0.0
 10
9.61351659218973
 20
6.516408616893849
 30
0.0
 10
9.614100625362294
 20
6.517555713864357
 30
0.0
 10
9.614553410406582
 20
6.518924047174139
 30
0.0
 10
9.614871512142358
 20
6.520559477524875
 30
0.0
 10
9.615043253612491
 20
6.522483595826755
 30
0.0
 10
9.61507214337963
 20
6.52388132431352
 30
0.0
 10
9.615087215886371
 20
6.524610553868633
 30
0.0
  0
SPLINE
  5
4BF
330
1F
100
AcDbEntity
  8
0
  6
Continuous
 62
     7
370
     0
100
AcDbSpline
210
0.0
220
0.0
230
1.0
 70
     8
 71
     3
 72
    15
 73
    11
 74
     0
 42
0.000000001
 43
0.00000001
 40
0.0
 40
0.0
 40
0.0
 40
0.0
 40
0.15133192849373
 40
0.2930698672949627
 40
0.4247940391227079
 40
0.5487050035246478
 40
0.6656715592400193
 40
0.7790172397877794
 40
0.8895904654055462
 40
1.0
 40
1.0
 40
1.0
 40
1.0
 10
9.597647299823484
 20
6.517414120518467
 30
0.0
 10
9.598360666178772
 20
6.517017439907865
 30
0.0
 10
9.599742173605247
 20
6.516249227045815
 30
0.0
 10
9.601742890073659
 20
6.515241040021582
 30
0.0
 10
9.603597980892893
 20
6.514477209108758
 30
0.0
 10
9.60532994727389
 20
6.513833472496954
 30
0.0
 10
9.606926927306297
 20
6.513490775567035
 30
0.0
 10
9.608408793655299
 20
6.513365186170373
 30
0.0
 10
9.609753200387484
 20
6.513555835376641
 30
0.0
 10
9.61054960241499
 20
6.513873328004638
 30
0.0
 10
9.610947508464868
 20
6.514031956728711
 30
0.0
  0
LINE
  5
4C0
330
1F
100
AcDbEntity
  8
0
  6
Continuous
 62
     7
370
     0
100
AcDbLine
 10
9.6109490748
 20
6.5038583745
 30
0.0
 11
9.6108076535
 21
6.5037767336
 31
0.0
  0
LINE
  5
4C1
330
1F
100
AcDbEntity
  8
0
  6
Continuous
 62
     7
370
     0
100
AcDbLine
 10
9.6106693649
 20
6.5381931142
 30
0.0
 11
9.6105279435
 21
6.5381114733
 31
0.0
  0
LINE
  5
4C2
330
1F
100
AcDbEntity
  8
0
  6
Continuous
 62
     7
370
     0
100
AcDbLine
 10
9.6152286372
 20
6.5246921947
 30
0.0
 11
9.6150872159
 21
6.5246105539
 31
0.0
  0
LINE
  5
4C3
330
1F
100
AcDbEntity
  8
0
  6
Continuous
 62
     7
370
     0
100
AcDbLine
 10
9.4674866802
 20
6.7524555969
 30
0.0
 11
9.4673452588
 21
6.752373956
 31
0.0
  0
LINE
  5
4C4
330
1F
100
AcDbEntity
  8
0
  6
Continuous
 62
     7
370
     0
100
AcDbLine
 10
9.6110889298
 20
6.5141135975
 30
0.0
 11
9.6109475085
 21
6.5140319567
 31
0.0
  0
LINE
  5
4C5
330
1F
100
AcDbEntity
  8
0
  6
Continuous
 62
     7
370
     0
100
AcDbLine
 10
9.588376481
 20
6.5539372109
 30
0.0
 11
9.5882350596
 21
6.5538555701
 31
0.0
  0
LINE
  5
4C6
330
1F
100
AcDbEntity
  8
0
  6
Continuous
 62
     7
370
     0
100
AcDbLine
 10
9.6031451669
 20
6.5051011873
 30
0.0
 11
9.6030037456
 21
6.5050195465
 31
0.0
  0
LINE
  5
4C7
330
1F
100
AcDbEntity
  8
0
  6
Continuous
 62
     7
370
     0
100
AcDbLine
 10
9.6268366006
 20
6.4593829389
 30
0.0
 11
9.6266951793
 21
6.4593012981
 31
0.0
  0
LINE
  5
4C8
330
1F
100
AcDbEntity
  8
0
  6
Continuous
 62
     7
370
     0
100
AcDbLine
 10
9.5794257622
 20
6.4867526333
 30
0.0
 11
9.5792843409
 21
6.4866709925
 31
0.0
  0
LINE
  5
4C9
330
1F
100
AcDbEntity
  8
0
  6
Continuous
 62
     7
370
     0
100
AcDbLine
 10
9.588376481
 20
6.5136269683
 30
0.0
 11
9.5882350596
 21
6.5135453274
 31
0.0
  0
LINE
  5
4CA
330
1F
100
AcDbEntity
  8
0
  6
Continuous
 62
     7
370
     0
100
AcDbLine
 10
9.5595927596
 20
6.498201982
 30
0.0
 11
9.5507834622
 21
6.5032874811
 31
0.0
  0
LINE
  5
4CB
330
1F
100
AcDbEntity
  8
0
  6
Continuous
 62
     7
370
     0
100
AcDbLine
 10
9.5507834622
 20
6.5032874811
 30
0.0
 11
9.5507834622
 21
6.5737012062
 31
0.0
  0
LINE
  5
4CC
330
1F
100
AcDbEntity
  8
0
  6
Continuous
 62
     7
370
     0
100
AcDbLine
 10
9.5314499673
 20
6.5371875814
 30
0.0
 11
9.5260431162
 21
6.5403088901
 31
0.0
  0
LINE
  5
4CD
330
1F
100
AcDbEntity
  8
0
  6
Continuous
 62
     7
370
     0
100
AcDbLine
 10
9.5260431162
 20
6.5403088901
 30
0.0
 11
9.5069249404
 21
6.599020192
 31
0.0
  0
LINE
  5
4CE
330
1F
100
AcDbEntity
  8
0
  6
Continuous
 62
     7
370
     0
100
AcDbLine
 10
9.506783519
 20
6.5286881077
 30
0.0
 11
9.4979742216
 21
6.5337736068
 31
0.0
  0
LINE
  5
4CF
330
1F
100
AcDbEntity
  8
0
  6
Continuous
 62
     7
370
     0
100
AcDbLine
 10
9.4979742216
 20
6.5337736068
 30
0.0
 11
9.4979742216
 21
6.6152644064
 31
0.0
  0
LINE
  5
4D0
330
1F
100
AcDbEntity
  8
0
  6
Continuous
 62
     7
370
     0
100
AcDbLine
 10
9.5293436937
 20
6.552050204
 30
0.0
 11
9.547138756
 21
6.5868823248
 31
0.0
  0
LINE
  5
4D1
330
1F
100
AcDbEntity
  8
0
  6
Continuous
 62
     7
370
     0
100
AcDbLine
 10
9.4382458427
 20
6.7473922065
 30
0.0
 11
9.4381044214
 21
6.7473105657
 31
0.0
  0
LINE
  5
4D2
330
1F
100
AcDbEntity
  8
0
  6
Continuous
 62
     7
370
     0
100
AcDbLine
 10
9.4674810137
 20
6.7305050393
 30
0.0
 11
9.4673395923
 21
6.7304233985
 31
0.0
  0
LINE
  5
4D3
330
1F
100
AcDbEntity
  8
0
  6
Continuous
 62
     7
370
     0
100
AcDbLine
 10
9.4674705991
 20
6.6901616484
 30
0.0
 11
9.4673291777
 21
6.6900800076
 31
0.0
  0
LINE
  5
4D4
330
1F
100
AcDbEntity
  8
0
  6
Continuous
 62
     7
370
     0
100
AcDbLine
 10
9.5293436937
 20
6.552050204
 30
0.0
 11
9.5292022724
 21
6.5519685632
 31
0.0
  0
LINE
  5
4D5
330
1F
100
AcDbEntity
  8
0
  6
Continuous
 62
     7
370
     0
100
AcDbLine
 10
9.5507834622
 20
6.5032874811
 30
0.0
 11
9.5506420409
 21
6.5032058403
 31
0.0
  0
LINE
  5
4D6
330
1F
100
AcDbEntity
  8
0
  6
Continuous
 62
     7
370
     0
100
AcDbLine
 10
9.5507834622
 20
6.5737012062
 30
0.0
 11
9.5506420409
 21
6.5736195654
 31
0.0
  0
LINE
  5
4D7
330
1F
100
AcDbEntity
  8
0
  6
Continuous
 62
     7
370
     0
100
AcDbLine
 10
9.3930408719
 20
6.8091825415
 30
0.0
 11
9.3928994506
 21
6.8091009007
 31
0.0
  0
LINE
  5
4D8
330
1F
100
AcDbEntity
  8
0
  6
Continuous
 62
     7
370
     0
100
AcDbLine
 10
9.4160635434
 20
6.7958839121
 30
0.0
 11
9.415922122
 21
6.7958022713
 31
0.0
  0
LINE
  5
4D9
330
1F
100
AcDbEntity
  8
0
  6
Continuous
 62
     7
370
     0
100
AcDbLine
 10
9.4160439198
 20
6.7198673386
 30
0.0
 11
9.4159024985
 21
6.7197856978
 31
0.0
  0
LINE
  5
4DA
330
1F
100
AcDbEntity
  8
0
  6
Continuous
 62
     7
370
     0
100
AcDbLine
 10
9.5069249404
 20
6.599020192
 30
0.0
 11
9.506783519
 21
6.5989385511
 31
0.0
  0
LINE
  5
4DB
330
1F
100
AcDbEntity
  8
0
  6
Continuous
 62
     7
370
     0
100
AcDbLine
 10
9.5260431162
 20
6.5403088901
 30
0.0
 11
9.5259016948
 21
6.5402272493
 31
0.0
  0
LINE
  5
4DC
330
1F
100
AcDbEntity
  8
0
  6
Continuous
 62
     7
370
     0
100
AcDbLine
 10
9.4979742216
 20
6.5337736068
 30
0.0
 11
9.4978328003
 21
6.533691966
 31
0.0
  0
LINE
  5
4DD
330
1F
100
AcDbEntity
  8
0
  6
Continuous
 62
     7
370
     0
100
AcDbLine
 10
9.4879870096
 20
6.5395391016
 30
0.0
 11
9.4442699091
 21
6.5647764465
 31
0.0
  0
LINE
  5
4DE
330
1F
100
AcDbEntity
  8
0
  6
Continuous
 62
     7
370
     0
100
AcDbLine
 10
9.4442699091
 20
6.5647764465
 30
0.0
 11
9.4442699091
 21
6.6462672461
 31
0.0
  0
LINE
  5
4DF
330
1F
100
AcDbEntity
  8
0
  6
Continuous
 62
     7
370
     0
100
AcDbLine
 10
9.345431792
 20
6.8366825361
 30
0.0
 11
9.3452903706
 21
6.8366008953
 31
0.0
  0
LINE
  5
4E0
330
1F
100
AcDbEntity
  8
0
  6
Continuous
 62
     7
370
     0
100
AcDbLine
 10
9.3708473096
 20
6.8220017225
 30
0.0
 11
9.3707058882
 21
6.8219200817
 31
0.0
  0
LINE
  5
4E1
330
1F
100
AcDbEntity
  8
0
  6
Continuous
 62
     7
370
     0
100
AcDbLine
 10
9.3708276861
 20
6.7459856774
 30
0.0
 11
9.3706862648
 21
6.7459040366
 31
0.0
  0
LINE
  5
4E2
330
1F
100
AcDbEntity
  8
0
  6
Continuous
 62
     7
370
     0
100
AcDbLine
 10
9.4442699091
 20
6.5647764465
 30
0.0
 11
9.4441284878
 21
6.5646948057
 31
0.0
  0
ARC
  5
4E3
330
1F
100
AcDbEntity
  8
0
  6
Continuous
 62
     7
370
     0
100
AcDbCircle
 10
10.4633023085
 20
7.7383083027
 30
0.0
 40
0.880436660596305
100
AcDbArc
 50
197.1673851086
 51
222.8272383587
  0
OLE2FRAME
  5
4E4
330
1F
100
AcDbEntity
  8
0
100
AcDbOle2Frame
 70
     2
  3
Paintbrush Picture
 10
9.0178120406
 20
1.3267570784
 30
0.0
 11
10.4397105087
 21
1.1242314806
 31
0.0
 71
     2
 72
     0
 73
     1
 90
     7296
310
8055C64EE7A81E092240C05F59A1653AF53F0000000000000000FD155DBC21E1
310
2440C05F59A1653AF53F0000000000000000FD155DBC21E12440A1732426DAFC
310
F13F0000000000000000C64EE7A81E092240A1732426DAFCF13F000000000000
310
00000000000001000000000100000100000001000000000001000000001C0000
310
D0CF11E0A1B11AE1000000000000000000000000000000003E000300FEFF0900
310
0600000000000000000000000100000001000000000000000010000002000000
310
01000000FEFFFFFF0000000000000000FFFFFFFFFFFFFFFFFFFFFFFFFFFFFFFF
310
FFFFFFFFFFFFFFFFFFFFFFFFFFFFFFFFFFFFFFFFFFFFFFFFFFFFFFFFFFFFFFFF
310
FFFFFFFFFFFFFFFFFFFFFFFFFFFFFFFFFFFFFFFFFFFFFFFFFFFFFFFFFFFFFFFF
310
FFFFFFFFFFFFFFFFFFFFFFFFFFFFFFFFFFFFFFFFFFFFFFFFFFFFFFFFFFFFFFFF
310
FFFFFFFFFFFFFFFFFFFFFFFFFFFFFFFFFFFFFFFFFFFFFFFFFFFFFFFFFFFFFFFF
310
FFFFFFFFFFFFFFFFFFFFFFFFFFFFFFFFFFFFFFFFFFFFFFFFFFFFFFFFFFFFFFFF
310
FFFFFFFFFFFFFFFFFFFFFFFFFFFFFFFFFFFFFFFFFFFFFFFFFFFFFFFFFFFFFFFF
310
FFFFFFFFFFFFFFFFFFFFFFFFFFFFFFFFFFFFFFFFFFFFFFFFFFFFFFFFFFFFFFFF
310
FFFFFFFFFFFFFFFFFFFFFFFFFFFFFFFFFFFFFFFFFFFFFFFFFFFFFFFFFFFFFFFF
310
FFFFFFFFFFFFFFFFFFFFFFFFFFFFFFFFFFFFFFFFFFFFFFFFFFFFFFFFFFFFFFFF
310
FFFFFFFFFFFFFFFFFFFFFFFFFFFFFFFFFFFFFFFFFFFFFFFFFFFFFFFFFFFFFFFF
310
FFFFFFFFFFFFFFFFFFFFFFFFFFFFFFFFFFFFFFFFFFFFFFFFFFFFFFFFFFFFFFFF
310
FFFFFFFFFFFFFFFFFFFFFFFFFFFFFFFFFFFFFFFFFFFFFFFFFFFFFFFFFFFFFFFF
310
FFFFFFFFFFFFFFFFFFFFFFFFFFFFFFFFFFFFFFFFFFFFFFFFFFFFFFFFFFFFFFFF
310
FDFFFFFFFEFFFFFFFEFFFFFFFEFFFFFF05000000060000000700000008000000
310
090000000A0000000B0000000C000000FEFFFFFFFFFFFFFFFFFFFFFFFFFFFFFF
310
FFFFFFFFFFFFFFFFFFFFFFFFFFFFFFFFFFFFFFFFFFFFFFFFFFFFFFFFFFFFFFFF
310
FFFFFFFFFFFFFFFFFFFFFFFFFFFFFFFFFFFFFFFFFFFFFFFFFFFFFFFFFFFFFFFF
310
FFFFFFFFFFFFFFFFFFFFFFFFFFFFFFFFFFFFFFFFFFFFFFFFFFFFFFFFFFFFFFFF
310
FFFFFFFFFFFFFFFFFFFFFFFFFFFFFFFFFFFFFFFFFFFFFFFFFFFFFFFFFFFFFFFF
310
FFFFFFFFFFFFFFFFFFFFFFFFFFFFFFFFFFFFFFFFFFFFFFFFFFFFFFFFFFFFFFFF
310
FFFFFFFFFFFFFFFFFFFFFFFFFFFFFFFFFFFFFFFFFFFFFFFFFFFFFFFFFFFFFFFF
310
FFFFFFFFFFFFFFFFFFFFFFFFFFFFFFFFFFFFFFFFFFFFFFFFFFFFFFFFFFFFFFFF
310
FFFFFFFFFFFFFFFFFFFFFFFFFFFFFFFFFFFFFFFFFFFFFFFFFFFFFFFFFFFFFFFF
310
FFFFFFFFFFFFFFFFFFFFFFFFFFFFFFFFFFFFFFFFFFFFFFFFFFFFFFFFFFFFFFFF
310
FFFFFFFFFFFFFFFFFFFFFFFFFFFFFFFFFFFFFFFFFFFFFFFFFFFFFFFFFFFFFFFF
310
FFFFFFFFFFFFFFFFFFFFFFFFFFFFFFFFFFFFFFFFFFFFFFFFFFFFFFFFFFFFFFFF
310
FFFFFFFFFFFFFFFFFFFFFFFFFFFFFFFFFFFFFFFFFFFFFFFFFFFFFFFFFFFFFFFF
310
FFFFFFFFFFFFFFFFFFFFFFFFFFFFFFFFFFFFFFFFFFFFFFFFFFFFFFFFFFFFFFFF
310
FFFFFFFFFFFFFFFFFFFFFFFFFFFFFFFFFFFFFFFFFFFFFFFFFFFFFFFFFFFFFFFF
310
52006F006F007400200045006E00740072007900000000000000000000000000
310
0000000000000000000000000000000000000000000000000000000000000000
310
16000500FFFFFFFFFFFFFFFF020000000A00030000000000C000000000000046
310
00000000000000000000000070B96659113CD10103000000C000000000000000
310
01004F006C006500000000000000000000000000000000000000000000000000
310
0000000000000000000000000000000000000000000000000000000000000000
310
0A000200FFFFFFFFFFFFFFFFFFFFFFFF00000000000000000000000000000000
310
0000000000000000000000000000000000000000000000001400000000000000
310
010043006F006D0070004F0062006A0000000000000000000000000000000000
310
0000000000000000000000000000000000000000000000000000000000000000
310
120002010100000003000000FFFFFFFF00000000000000000000000000000000
310
0000000000000000000000000000000000000000010000004D00000000000000
310
01004F006C006500310030004E00610074006900760065000000000000000000
310
0000000000000000000000000000000000000000000000000000000000000000
310
1A000200FFFFFFFFFFFFFFFFFFFFFFFF00000000000000000000000000000000
310
000000000000000000000000000000000000000004000000E411000000000000
310
FEFFFFFF02000000FEFFFFFFFFFFFFFFFFFFFFFFFFFFFFFFFFFFFFFFFFFFFFFF
310
FFFFFFFFFFFFFFFFFFFFFFFFFFFFFFFFFFFFFFFFFFFFFFFFFFFFFFFFFFFFFFFF
310
FFFFFFFFFFFFFFFFFFFFFFFFFFFFFFFFFFFFFFFFFFFFFFFFFFFFFFFFFFFFFFFF
310
FFFFFFFFFFFFFFFFFFFFFFFFFFFFFFFFFFFFFFFFFFFFFFFFFFFFFFFFFFFFFFFF
310
FFFFFFFFFFFFFFFFFFFFFFFFFFFFFFFFFFFFFFFFFFFFFFFFFFFFFFFFFFFFFFFF
310
FFFFFFFFFFFFFFFFFFFFFFFFFFFFFFFFFFFFFFFFFFFFFFFFFFFFFFFFFFFFFFFF
310
FFFFFFFFFFFFFFFFFFFFFFFFFFFFFFFFFFFFFFFFFFFFFFFFFFFFFFFFFFFFFFFF
310
FFFFFFFFFFFFFFFFFFFFFFFFFFFFFFFFFFFFFFFFFFFFFFFFFFFFFFFFFFFFFFFF
310
FFFFFFFFFFFFFFFFFFFFFFFFFFFFFFFFFFFFFFFFFFFFFFFFFFFFFFFFFFFFFFFF
310
FFFFFFFFFFFFFFFFFFFFFFFFFFFFFFFFFFFFFFFFFFFFFFFFFFFFFFFFFFFFFFFF
310
FFFFFFFFFFFFFFFFFFFFFFFFFFFFFFFFFFFFFFFFFFFFFFFFFFFFFFFFFFFFFFFF
310
FFFFFFFFFFFFFFFFFFFFFFFFFFFFFFFFFFFFFFFFFFFFFFFFFFFFFFFFFFFFFFFF
310
FFFFFFFFFFFFFFFFFFFFFFFFFFFFFFFFFFFFFFFFFFFFFFFFFFFFFFFFFFFFFFFF
310
FFFFFFFFFFFFFFFFFFFFFFFFFFFFFFFFFFFFFFFFFFFFFFFFFFFFFFFFFFFFFFFF
310
FFFFFFFFFFFFFFFFFFFFFFFFFFFFFFFFFFFFFFFFFFFFFFFFFFFFFFFFFFFFFFFF
310
FFFFFFFFFFFFFFFFFFFFFFFFFFFFFFFFFFFFFFFFFFFFFFFFFFFFFFFFFFFFFFFF
310
0100000200000000000000000000000000000000000000000000000000000000
310
0000000000000000000000000000000000000000000000000000000000000000
310
0100FEFF030A0000FFFFFFFF0A00030000000000C00000000000004607000000
310
5042727573680007000000504272757368000700000050427275736800F439B2
310
7100000000000000000000000000000000000000000000000000000000000000
310
0000000000000000000000000000000000000000000000000000000000000000
310
0000000000000000000000000000000000000000000000000000000000000000
310
0000000000000000000000000000000000000000000000000000000000000000
310
0000000000000000000000000000000000000000000000000000000000000000
310
0000000000000000000000000000000000000000000000000000000000000000
310
0000000000000000000000000000000000000000000000000000000000000000
310
0000000000000000000000000000000000000000000000000000000000000000
310
0000000000000000000000000000000000000000000000000000000000000000
310
0000000000000000000000000000000000000000000000000000000000000000
310
0000000000000000000000000000000000000000000000000000000000000000
310
0000000000000000000000000000000000000000000000000000000000000000
310
E0110000424DDE11000000000000360400002800000096000000170000000100
310
08000000000000000000E7240000E72400000001000000010000000000FF0101
310
01FF020202FF030303FF040404FF050505FF060606FF070707FF080808FF0909
310
09FF0A0A0AFF0B0B0BFF0C0C0CFF0D0D0DFF0E0E0EFF0F0F0FFF101010FF1111
310
11FF121212FF131313FF141414FF151515FF161616FF171717FF181818FF1919
310
19FF1A1A1AFF1B1B1BFF1C1C1CFF1D1D1DFF1E1E1EFF1F1F1FFF202020FF2121
310
21FF222222FF232323FF242424FF252525FF262626FF272727FF282828FF2929
310
29FF2A2A2AFF2B2B2BFF2C2C2CFF2D2D2DFF2E2E2EFF2F2F2FFF303030FF3131
310
31FF323232FF333333FF343434FF353535FF363636FF373737FF383838FF3939
310
39FF3A3A3AFF3B3B3BFF3C3C3CFF3D3D3DFF3E3E3EFF3F3F3FFF404040FF4141
310
41FF424242FF434343FF444444FF454545FF464646FF474747FF484848FF4949
310
49FF4A4A4AFF4B4B4BFF4C4C4CFF4D4D4DFF4E4E4EFF4F4F4FFF505050FF5151
310
51FF525252FF535353FF545454FF555555FF565656FF575757FF585858FF5959
310
59FF5A5A5AFF5B5B5BFF5C5C5CFF5D5D5DFF5E5E5EFF5F5F5FFF606060FF6161
310
61FF626262FF636363FF646464FF656565FF666666FF676767FF686868FF6969
310
69FF6A6A6AFF6B6B6BFF6C6C6CFF6D6D6DFF6E6E6EFF6F6F6FFF707070FF7171
310
71FF727272FF737373FF747474FF757575FF767676FF777777FF787878FF7979
310
79FF7A7A7AFF7B7B7BFF7C7C7CFF7D7D7DFF7E7E7EFF7F7F7FFF808080FF8181
310
81FF828282FF838383FF848484FF858585FF868686FF878787FF888888FF8989
310
89FF8A8A8AFF8B8B8BFF8C8C8CFF8D8D8DFF8E8E8EFF8F8F8FFF909090FF9191
310
91FF929292FF939393FF949494FF959595FF969696FF979797FF989898FF9999
310
99FF9A9A9AFF9B9B9BFF9C9C9CFF9D9D9DFF9E9E9EFF9F9F9FFFA0A0A0FFA1A1
310
A1FFA2A2A2FFA3A3A3FFA4A4A4FFA5A5A5FFA6A6A6FFA7A7A7FFA8A8A8FFA9A9
310
A9FFAAAAAAFFABABABFFACACACFFADADADFFAEAEAEFFAFAFAFFFB0B0B0FFB1B1
310
B1FFB2B2B2FFB3B3B3FFB4B4B4FFB5B5B5FFB6B6B6FFB7B7B7FFB8B8B8FFB9B9
310
B9FFBABABAFFBBBBBBFFBCBCBCFFBDBDBDFFBEBEBEFFBFBFBFFFC0C0C0FFC1C1
310
C1FFC2C2C2FFC3C3C3FFC4C4C4FFC5C5C5FFC6C6C6FFC7C7C7FFC8C8C8FFC9C9
310
C9FFCACACAFFCBCBCBFFCCCCCCFFCDCDCDFFCECECEFFCFCFCFFFD0D0D0FFD1D1
310
D1FFD2D2D2FFD3D3D3FFD4D4D4FFD5D5D5FFD6D6D6FFD7D7D7FFD8D8D8FFD9D9
310
D9FFDADADAFFDBDBDBFFDCDCDCFFDDDDDDFFDEDEDEFFDFDFDFFFE0E0E0FFE1E1
310
E1FFE2E2E2FFE3E3E3FFE4E4E4FFE5E5E5FFE6E6E6FFE7E7E7FFE8E8E8FFE9E9
310
E9FFEAEAEAFFEBEBEBFFECECECFFEDEDEDFFEEEEEEFFEFEFEFFFF0F0F0FFF1F1
310
F1FFF2F2F2FFF3F3F3FFF4F4F4FFF5F5F5FFF6F6F6FFF7F7F7FFF8F8F8FFF9F9
310
F9FFFAFAFAFFFBFBFBFFFCFCFCFFFDFDFDFFFEFEFEFFFFFFFFFFFFFFFFFFFFFF
310
C94E4E4E4F4E4EFFFFFFFFFFC94E4E4E4E4E72FFFFFFFFFFFFFF734E4D4E4E4E
310
C9FFFFFFFFFFAA683516171616265B9BE9FFFFFFFFFF4E4E4E4D4E4EFFFFFFFF
310
FFFFFFFF4E4E4F4E4D4E4E4E4F4E4E4F4D4E4E4E4E4E4D4E4F4E4D4E4E4EAAFF
310
FFFFFFFFFFEA4E4F4F4E4E4E4E4E4D4D4F4F4E4E4E4E4E5B7FAAFFFFFFFFFFFF
310
C9744E1716171616164D8DEAFFFFFFFF0000FFFFFFFFFFFFBA161617161716FF
310
FFFFFFFFB917171616174FFFFFFFFFFFFFFF4E1716161616B9FFFFFFB9341717
310
1716171617171616268CFFFFFFFF161617161617FFFFFFFFFFFFFFB917161717
310
1617167F807F7F7F7F7F7F807F7F807F7F807F7F7F414EFFFFFFFFFFFF8C167F
310
7F807F7F7F7E7F7F807F807F7F807F4E3417258EFFFFEA4E162674AABAEAEBBA
310
AA74341680FFFFFF0000FFFFFFFFFFFFB9171717171617FFFFFFFFFFBB161616
310
16164EFFFFFFFFFFFFFF4E1717171717B9FFFF9C171617171716161616171616
310
171766FFFFFF161717161617FFFFFFFFFFFFFF8E16171717161616FFFFFFFFFF
310
FFFFFFFFFFFFFFFFFFFFFFFFFFAA16D9FFFFFFFFFF3467FFFFFFFFEAFFFFFFFF
310
FFFFFFFFFFFFFFFFFFCA671667EB26278DFFFFFFFFFFFFFFFFFFFF8C2541EAFF
310
0000FFFFFFFFFFFFB9171717171716FFFFFFFFFFBA16171617174EFFFFFFFFFF
310
FFFF4E1717161616BAFF9B1617161616171716171617161616161667FFFF1616
310
16161716FFFFFFFFFFFFFF7F16161617174017FFFFFFFFFFFFFFFFFFFFFFFFFF
310
FFFFFFFFFFFF344E7F7F7F7E7417DAFFFFFFFF80FFFFFFFFFFFFFFFFFFFFFFFF
310
FFFFFF9B163425CAFFFFFFFFFFFFFFFFFFFFFFFFCA2667FF0000FFFFFFFFFFFF
310
BA171717171617FFFFFFFFFFB916171716164EFFFFFFFFFFFFFF4F1716161717
310
B9C91716171616161716161617171616161617168DFF161716161717FFFFFFFF
310
FFFFFF7F17171716164F16FFFFFFFFFFFFFFFFFFFFFFFFFFFFFFFFFFFFFF9B16
310
17161617174EFFFFFFFFFF34FFFFFFFFD9BABABABABADAFFFFFFFFFF7F16AAFF
310
FFFFFFFFFFFFFFFFFFFFFFFFFF9C16BA0000FFFFFFFFFFFFB9161717161717FF
310
FFFFFFFFB917161716174DFFFFFFFFFFFFFF4E1616161616BA4E161617171716
310
419BEAEAAA4E16161617161726E9171717161616FFFFFFFFFFFFFF4F16161717
310
164E16FFFFFFFFFFBAB9B9B9B9B9BABABACAFFFFFFFFFFFFFFFFFFFFFFFFFFFF
310
FFFFBA16FFFFFFFF7F1617161617174DEAFFFFFFEA41FFFFFFFFFFAA4D16174E
310
9BFFFFFFFFFF34730000FFFFFFFFFFFFB9161617171617FFFFFFFFFFBA161616
310
16164EFFFFFFFFFFFFFF4F16161717169B1617161716175BFFFFFFFFFFFF7417
310
16171616168D171717161617FFFFFFFFFFFFEA2616171717167416FFFFFFFFFF
310
16171616171717171717EAFFFFFFFFFFFFFFFFFFFFFFFFFFFFFF6716FFFFFFFF
310
7F4EFFFFFFFFBA2573FFFFFFFFBAFFFFFFFFAA167FB9BB9B269BFFFFFFFF664F
310
0000FFFFFFFFFFFFB9171616161616FFFFFFFFFFBA16161717164EFFFFFFFFFF
310
FFFF4E16161616174E161617171626EAFFFFFFFFFFFFFF4E16161616164E1716
310
16161617FFFFFFFFFFFF671616161716347F16FFFFFFFFFF16B9FFFFFFFFFFFF
310
D9168DFFFFFFFFFFFFFFFFFFFFFFFFFFFFEA1716FFFFFFFF7F4EFFFFFFFFFF7F
310
4EFFFFFFFFFFFFFFFFFF5B66FFFFFFEA347FFFFFFFFF7F4D0000FFFFFFFFFFFF
310
B9171616171617FFFFFFFFFFBA17161716174EFFFFFFFFFFFFFF4D1716161617
310
17161716161673FFFFFFFFFFFFFFFF9B1617161717161616171616174F4E4E4E
310
4E341616171616167E7F16FFFFFFFFFF16BAFFFFFFFFFFFFFF5B41FFFFFFFF34
310
1616171616BAFFFFFF9B1716FFFFFFFF7F4EFFFFFFFFFF4E4EFFFFFFFF734E4E
310
4E4E267EDA9B67164EEAFFFFFFFF744D0000FFFFFFFFFFFFBA171717161617FF
310
FFFFFFFFBA1616171616347F7F7F7F80807F331616161717161717161716B9FF
310
FFFFFFFFFFFFFFE9161616161616171716161716171616161616171616171734
310
EA7F16FFFFFFFFFF16BAFFFFFFFFFFFFFFAA17C9FFFFFF7326BABA5B25FFFFFF
310
FF401716FFFFFFFF7F264F4E4E4E4217AAFFFFFFEA16677F73261616164173CA
310
FFFFFFFFFFFF417F0000FFFFFFFFFFFFBA171616171617FFFFFFFFFFBA161616
310
17171616161616161616161717161616161616161617EAFFFFFFFFFFFFFFFFFF
310
261717161716161617161616161617161617161616174EEAFF8016FFFFFFFFFF
310
17BAFFFFFFFFFFFFFFFF3467FFFFFFC916C9FF3467FFFFFFDA166716FFFFFFFF
310
9C4D4E4E4E4E67AAFFFFFFFF6834FF7F262567AAEAFFFFFFFFFFFFFFFF9B17D9
310
0000FFFFFFFFFFFFB9161616161616FFFFFFFFFFBA1617161717171616161616
310
1716171716161716161617171716FFFFFFFFFFFFFFFFFFFF4E17161716171616
310
1617171616161716171717161616169BFF7F17FFFFFFFFFF17B9FFFFFFFFFFFF
310
FFFF7326FFFFFFFF3473DA16AAFFFFFF7317AA16FFFFFFFFFFFFFFFFFFFFFFFF
310
FFFFEA6725BA4E167FEAFFFFFFFFFFFFFFFFFFFF9C167FFF0000FFFFFFFFFFFF
310
B9161717171716FFFFFFFFFFBA16161716171616171717161617161716161616
310
171617171617EAFFFFFFFFFFFFFFFFFF26161717161616161616161617171616
310
1616161616171616AA8016FFFFFFFFFF16BAFFFFFFFFFFFFFFFFDA179BFFFFFF
310
74348D26FFFFFFFF2566B917FFFFFFFFD8BAB9BAB9BADAFFFFEA41169B7425C9
310
FFFFFFFFFFFFFFFFFFFFAB4F1680FFFF0000FFFFFFFFFFFFBA161717171617FF
310
FFFFFFFFBA17161717161617171617161616161617171616171716171617BBFF
310
FFFFFFFFFFFFFFE9171616161617161617161716FFFFFFFFFFD9671616161617
310
348017FFFFFFFFFF16BAFFFFFFFFFFFFFFFFFF4E5AFFFFFFC916265AFFFFFFAA
310
16AABA16FFFFFFFF7F1617161616179BFFFFEB4127168DFFFFFFFFFFFFFFD99B
310
6734175AC9FFFFFF0000FFFFFFFFFFFFB9161617171617FFFFFFFFFFBB161616
310
1616347F807F7F7F7F8033171716171617171616161672FFFFFFFFFFFFFFFF9C
310
171617171617161716161617FFFFFFFFFFFFFF4117161616174E17FFFFFFFFFF
310
16BAFFFFFFFFFFFFFFFFFF9B16DAFFFFFF34169BFFFFFF5A26FFB917FFFFFFFF
310
7F4EFFFFFFEA5B26FFFFFFEA2616EAFFFFFFFFDA743416331617414E4E4E4ECA
310
0000FFFFFFFFFFFFBA161716161616FFFFFFFFFFBA17171616164EFFFFFFFFFF
310
FFFF4E16161717174E161717171626EBFFFFFFFFFFFFFF4E16161617165B1616
310
16171617FFFFFFFFFFFFFF6716161616161617FFFFFFFFFF16BAFFFFFFFFFFFF
310
FFFFFFEA268CFFFFFF7316EAFFFFEB1774FFB916FFFFFFFF7F4EFFFFFFFF7316
310
FFFFFFFF6826FFFFFFFFEB264D9CEABA257F807F7F6616BA0000FFFFFFFFFFFF
310
BA161716161616FFFFFFFFFFBA16171616164DFFFFFFFFFFFFFF4E1617161617
310
9B1617171717165BEBFFFFFFFFFF671616161617179B171616161616FFFFFFFF
310
FFFFFF3417161617171617FFFFFFFFFF17BAFFFFFFFFFFFFFFFFFFFF6734FFFF
310
FFEBCAFFFFFF8D17C9FFBA17FFFFFFFF7F357F808066174FFFFFFFFF7F16FFFF
310
FFFFD91673B99B415BFFFFFFFFBA16DA00009B7F7F7F807F671617161616167F
310
80807F7E6617161616164EFFFFFFFFFFFFFF4E1616161617B94E171716161616
310
349BC9D9AA4E16171616161634FF161617161717B9B9BAB9BA9B411716171716
310
163416FFFFFFFFFF16B9FFFFFFFFFFFFFFFFFFFFC917CAFFFFFFFFFFFFFF3342
310
FFFFBA17FFFFFFFF9B4E4E4F4E4E66EAFFFFFFFF5B16C9FFFFFFFFAA4E164E73
310
EAFFFFFFFF8D26FF00004E161716161616171617171616171717171617161616
310
17174EFFFFFFFFFFFFFF4E1717171616B9D92616171716171716171717171716
310
16171716AAFF161717171617161617171616161617161716166717FFFFFFFFFF
310
17B9FFFFFFFFFFFFFFFFFFFFFF3467FFFFFFFFFFFFCA168CFFFFBB17FFFFFFFF
310
FFFFFFFFFFFFFFFFFFFFFFEA26265BFFFFFFFFFFFFFFFFFFFFFFFFFFEA3467FF
310
00004D16161616161617161717161617161616171617171616164EFFFFFFFFFF
310
FFFF4D1617161616BAFF9B1616161616161716161616171717161766FFFF1616
310
16171617161617161716171616171717667F16FFFFFFFFFF17BAFFFFFFFFFFFF
310
FFFFFFFFFF8C26EAFFFFFFFFFF6617EAFFFFBA17FFFFFFFFFFFFFFFFFFFFFFFF
310
FFFFEA5A25BA269BFFFFFFFFFFFFFFFFFFFFFFFF6616DAFF00004E1616171616
310
1616161616161716161617171616171616174EFFFFFFFFFFFFFF4D1717171716
310
B9FFFF9C161616161616161716161717171667FFFFFF17161717171716161617
310
1716161616161641E97E16FFFFFFFFFF16B9FFFFFFFFFFFFFFFFFFFFFFEA169B
310
FFFFFFFFEA265BFFFFFFB916FFFFFFFFFFFFFFFFFFFFFFFFFF9B3416AAFF9B17
310
67EAFFFFFFFFFFFFFFFFEA5B169BFFFF00004D17161716161616161717171616
310
161717161716171716174EFFFFFFFFFFFFFF4D1616161616BAFFFFFFBB411616
310
161716161616171634ABFFFFFFFF161716161617171716171617171617267FFF
310
FF7F164E4E4E4E4F17BAFFFFFFFFFFFFFFFFFFFFFFFF66344D4E4E4F4117AAFF
310
FFFFBA174E4E4E4D4E4D4D4E4E4E4E4116174EBBFFFFFFCA342666ABEAFFFFEA
310
AA6725269CFFFFFF0000724F4E4D4D4D4E4D4D4E4E4E4D4E4E4E4E4E4E4E4E4D
310
4E4E74FFFFFFFFFFFFFF734E4E4E4D4ECAFFFFFFFFFFAA663416171717265B9B
310
FFFFFFFFFFFF7F8080807F80807F7F7F7F7F807FBAFFFFFFFF9B4E4E4F4D4D4E
310
4DC9FFFFFFFFFFFFFFFFFFFFFFFFBA4E4E4E4E4D4E4EFFFFFFFFC94E4E4E4F4E
310
4E4E4D4E4E5A807F9CD9FFFFFFFFFFFFFF9B5B2617171716174E8DEAFFFFFFFF
310
0000000000000000000000000000000000000000000000000000000000000000
  1
OLE
  0
ENDSEC
  0
SECTION
  2
OBJECTS
  0
DICTIONARY
  5
C
330
0
100
AcDbDictionary
281
     1
  3
ACAD_GROUP
350
D
  3
ACAD_LAYOUT
350
1A
  3
ACAD_MLINESTYLE
350
17
  3
ACAD_PLOTSETTINGS
350
19
  3
ACAD_PLOTSTYLENAME
350
E
  3
ACAD_SCALELIST
350
47
  0
DICTIONARY
  5
D
102
{ACAD_REACTORS
330
C
102
}
330
C
100
AcDbDictionary
281
     1
  0
DICTIONARY
  5
1A
102
{ACAD_REACTORS
330
C
102
}
330
C
100
AcDbDictionary
281
     1
  3
Layout1
350
1E
  3
Layout2
350
26
  3
Model
350
22
  0
DICTIONARY
  5
17
102
{ACAD_REACTORS
330
C
102
}
330
C
100
AcDbDictionary
281
     1
  3
Standard
350
18
  0
DICTIONARY
  5
19
102
{ACAD_REACTORS
330
C
102
}
330
C
100
AcDbDictionary
281
     1
  0
ACDBDICTIONARYWDFLT
  5
E
102
{ACAD_REACTORS
330
C
102
}
330
C
100
AcDbDictionary
281
     1
  3
Normal
350
F
100
AcDbDictionaryWithDefault
340
F
  0
DICTIONARY
  5
47
102
{ACAD_REACTORS
330
C
102
}
330
C
100
AcDbDictionary
281
     1
  3
A0
350
48
  3
A1
350
49
  3
A2
350
4A
  3
A3
350
4B
  3
A4
350
4C
  3
A5
350
4D
  3
A6
350
4E
  3
A7
350
4F
  3
A8
350
50
  3
A9
350
51
  3
B0
350
52
  3
B1
350
53
  3
B2
350
54
  3
B3
350
55
  3
B4
350
56
  3
B5
350
57
  3
B6
350
58
  3
B7
350
59
  3
B8
350
5A
  3
B9
350
5B
  3
C0
350
5C
  3
C1
350
5D
  3
C2
350
5E
  3
C3
350
5F
  3
C4
350
60
  3
C5
350
61
  3
C6
350
62
  3
C7
350
63
  3
C8
350
64
  3
C9
350
65
  3
D0
350
66
  3
D1
350
67
  3
D2
350
68
  0
LAYOUT
  5
1E
102
{ACAD_REACTORS
330
1A
102
}
330
1A
100
AcDbPlotSettings
  1

  2
none_device
  4

  6

 40
0.0
 41
0.0
 42
0.0
 43
0.0
 44
0.0
 45
0.0
 46
0.0
 47
0.0
 48
0.0
 49
0.0
140
0.0
141
0.0
142
1.0
143
1.0
 70
   688
 72
     0
 73
     0
 74
     5
  7

 75
    16
147
1.0
148
0.0
149
0.0
100
AcDbLayout
  1
Layout1
 70
     1
 71
     1
 10
0.0
 20
0.0
 11
12.0
 21
9.0
 12
0.0
 22
0.0
 32
0.0
 14
1.0000000000E+20
 24
1.0000000000E+20
 34
1.0000000000E+20
 15
-1.0000000000E+20
 25
-1.0000000000E+20
 35
-1.0000000000E+20
146
0.0
 13
0.0
 23
0.0
 33
0.0
 16
1.0
 26
0.0
 36
0.0
 17
0.0
 27
1.0
 37
0.0
 76
     0
330
1B
  0
LAYOUT
  5
26
102
{ACAD_REACTORS
330
1A
102
}
330
1A
100
AcDbPlotSettings
  1

  2
none_device
  4

  6

 40
0.0
 41
0.0
 42
0.0
 43
0.0
 44
0.0
 45
0.0
 46
0.0
 47
0.0
 48
0.0
 49
0.0
140
0.0
141
0.0
142
1.0
143
1.0
 70
   688
 72
     0
 73
     0
 74
     5
  7

 75
    16
147
1.0
148
0.0
149
0.0
100
AcDbLayout
  1
Layout2
 70
     1
 71
     2
 10
0.0
 20
0.0
 11
0.0
 21
0.0
 12
0.0
 22
0.0
 32
0.0
 14
0.0
 24
0.0
 34
0.0
 15
0.0
 25
0.0
 35
0.0
146
0.0
 13
0.0
 23
0.0
 33
0.0
 16
1.0
 26
0.0
 36
0.0
 17
0.0
 27
1.0
 37
0.0
 76
     0
330
23
  0
LAYOUT
  5
22
102
{ACAD_REACTORS
330
1A
102
}
330
1A
100
AcDbPlotSettings
  1

  2
none_device
  4
Letter_(8.50_x_11.00_Inches)
  6

 40
6.35
 41
6.35
 42
6.35000508
 43
6.35000508
 44
215.9
 45
279.4
 46
0.0
 47
0.0
 48
0.0
 49
0.0
140
0.0
141
0.0
142
1.0
143
1.0
 70
  1712
 72
     0
 73
     0
 74
     0
  7

 75
     0
147
1.0
148
0.0
149
0.0
100
AcDbLayout
  1
Model
 70
     1
 71
     0
 10
0.0
 20
0.0
 11
11.0
 21
8.5
 12
0.0
 22
0.0
 32
0.0
 14
0.0
 24
0.0
 34
0.0
 15
11.0
 25
8.5
 35
0.0
146
0.0
 13
0.0
 23
0.0
 33
0.0
 16
1.0
 26
0.0
 36
0.0
 17
0.0
 27
1.0
 37
0.0
 76
     0
330
1F
331
29
  0
MLINESTYLE
  5
18
102
{ACAD_REACTORS
330
17
102
}
330
17
100
AcDbMlineStyle
  2
Standard
 70
     0
  3

 62
   256
 51
90.0
 52
90.0
 71
     2
 49
0.5
 62
   256
  6
BYLAYER
 49
-0.5
 62
   256
  6
BYLAYER
  0
ACDBPLACEHOLDER
  5
F
102
{ACAD_REACTORS
330
E
102
}
330
E
  0
SCALE
  5
48
102
{ACAD_REACTORS
330
47
102
}
330
47
100
AcDbScale
 70
     0
300
1:1
140
1.0
141
1.0
290
     1
  0
SCALE
  5
49
102
{ACAD_REACTORS
330
47
102
}
330
47
100
AcDbScale
 70
     0
300
1:2
140
1.0
141
2.0
290
     0
  0
SCALE
  5
4A
102
{ACAD_REACTORS
330
47
102
}
330
47
100
AcDbScale
 70
     0
300
1:4
140
1.0
141
4.0
290
     0
  0
SCALE
  5
4B
102
{ACAD_REACTORS
330
47
102
}
330
47
100
AcDbScale
 70
     0
300
1:5
140
1.0
141
5.0
290
     0
  0
SCALE
  5
4C
102
{ACAD_REACTORS
330
47
102
}
330
47
100
AcDbScale
 70
     0
300
1:8
140
1.0
141
8.0
290
     0
  0
SCALE
  5
4D
102
{ACAD_REACTORS
330
47
102
}
330
47
100
AcDbScale
 70
     0
300
1:10
140
1.0
141
10.0
290
     0
  0
SCALE
  5
4E
102
{ACAD_REACTORS
330
47
102
}
330
47
100
AcDbScale
 70
     0
300
1:16
140
1.0
141
16.0
290
     0
  0
SCALE
  5
4F
102
{ACAD_REACTORS
330
47
102
}
330
47
100
AcDbScale
 70
     0
300
1:20
140
1.0
141
20.0
290
     0
  0
SCALE
  5
50
102
{ACAD_REACTORS
330
47
102
}
330
47
100
AcDbScale
 70
     0
300
1:30
140
1.0
141
30.0
290
     0
  0
SCALE
  5
51
102
{ACAD_REACTORS
330
47
102
}
330
47
100
AcDbScale
 70
     0
300
1:40
140
1.0
141
40.0
290
     0
  0
SCALE
  5
52
102
{ACAD_REACTORS
330
47
102
}
330
47
100
AcDbScale
 70
     0
300
1:50
140
1.0
141
50.0
290
     0
  0
SCALE
  5
53
102
{ACAD_REACTORS
330
47
102
}
330
47
100
AcDbScale
 70
     0
300
1:100
140
1.0
141
100.0
290
     0
  0
SCALE
  5
54
102
{ACAD_REACTORS
330
47
102
}
330
47
100
AcDbScale
 70
     0
300
2:1
140
2.0
141
1.0
290
     0
  0
SCALE
  5
55
102
{ACAD_REACTORS
330
47
102
}
330
47
100
AcDbScale
 70
     0
300
4:1
140
4.0
141
1.0
290
     0
  0
SCALE
  5
56
102
{ACAD_REACTORS
330
47
102
}
330
47
100
AcDbScale
 70
     0
300
8:1
140
8.0
141
1.0
290
     0
  0
SCALE
  5
57
102
{ACAD_REACTORS
330
47
102
}
330
47
100
AcDbScale
 70
     0
300
10:1
140
10.0
141
1.0
290
     0
  0
SCALE
  5
58
102
{ACAD_REACTORS
330
47
102
}
330
47
100
AcDbScale
 70
     0
300
100:1
140
100.0
141
1.0
290
     0
  0
SCALE
  5
59
102
{ACAD_REACTORS
330
47
102
}
330
47
100
AcDbScale
 70
     0
300
1/128" = 1'-0"
140
0.0078125
141
12.0
290
     0
  0
SCALE
  5
5A
102
{ACAD_REACTORS
330
47
102
}
330
47
100
AcDbScale
 70
     0
300
1/64" = 1'-0"
140
0.015625
141
12.0
290
     0
  0
SCALE
  5
5B
102
{ACAD_REACTORS
330
47
102
}
330
47
100
AcDbScale
 70
     0
300
1/32" = 1'-0"
140
0.03125
141
12.0
290
     0
  0
SCALE
  5
5C
102
{ACAD_REACTORS
330
47
102
}
330
47
100
AcDbScale
 70
     0
300
1/16" = 1'-0"
140
0.0625
141
12.0
290
     0
  0
SCALE
  5
5D
102
{ACAD_REACTORS
330
47
102
}
330
47
100
AcDbScale
 70
     0
300
3/32" = 1'-0"
140
0.09375
141
12.0
290
     0
  0
SCALE
  5
5E
102
{ACAD_REACTORS
330
47
102
}
330
47
100
AcDbScale
 70
     0
300
1/8" = 1'-0"
140
0.125
141
12.0
290
     0
  0
SCALE
  5
5F
102
{ACAD_REACTORS
330
47
102
}
330
47
100
AcDbScale
 70
     0
300
3/16" = 1'-0"
140
0.1875
141
12.0
290
     0
  0
SCALE
  5
60
102
{ACAD_REACTORS
330
47
102
}
330
47
100
AcDbScale
 70
     0
300
1/4" = 1'-0"
140
0.25
141
12.0
290
     0
  0
SCALE
  5
61
102
{ACAD_REACTORS
330
47
102
}
330
47
100
AcDbScale
 70
     0
300
3/8" = 1'-0"
140
0.375
141
12.0
290
     0
  0
SCALE
  5
62
102
{ACAD_REACTORS
330
47
102
}
330
47
100
AcDbScale
 70
     0
300
1/2" = 1'-0"
140
0.5
141
12.0
290
     0
  0
SCALE
  5
63
102
{ACAD_REACTORS
330
47
102
}
330
47
100
AcDbScale
 70
     0
300
3/4" = 1'-0"
140
0.75
141
12.0
290
     0
  0
SCALE
  5
64
102
{ACAD_REACTORS
330
47
102
}
330
47
100
AcDbScale
 70
     0
300
1" = 1'-0"
140
1.0
141
12.0
290
     0
  0
SCALE
  5
65
102
{ACAD_REACTORS
330
47
102
}
330
47
100
AcDbScale
 70
     0
300
1-1/2" = 1'-0"
140
1.5
141
12.0
290
     0
  0
SCALE
  5
66
102
{ACAD_REACTORS
330
47
102
}
330
47
100
AcDbScale
 70
     0
300
3" = 1'-0"
140
3.0
141
12.0
290
     0
  0
SCALE
  5
67
102
{ACAD_REACTORS
330
47
102
}
330
47
100
AcDbScale
 70
     0
300
6" = 1'-0"
140
6.0
141
12.0
290
     0
  0
SCALE
  5
68
102
{ACAD_REACTORS
330
47
102
}
330
47
100
AcDbScale
 70
     0
300
1'-0" = 1'-0"
140
12.0
141
12.0
290
     0
  0
ENDSEC
  0
EOF
