  0
SECTION
  2
HEADER
  9
$ACADVER
  1
AC1015
  9
$ACADMAINTVER
 70
     6
  9
$DWGCODEPAGE
  3
ANSI_1252
  9
$INSBASE
 10
0.0
 20
0.0
 30
0.0
  9
$EXTMIN
 10
0.0
 20
0.0
 30
0.0
  9
$EXTMAX
 10
11.0
 20
8.5
 30
0.0
  9
$LIMMIN
 10
0.0
 20
0.0
  9
$LIMMAX
 10
11.0
 20
8.5
  9
$ORTHOMODE
 70
     0
  9
$REGENMODE
 70
     1
  9
$FILLMODE
 70
     1
  9
$QTEXTMODE
 70
     0
  9
$MIRRTEXT
 70
     1
  9
$LTSCALE
 40
1.0
  9
$ATTMODE
 70
     1
  9
$TEXTSIZE
 40
0.08
  9
$TRACEWID
 40
0.05
  9
$TEXTSTYLE
  7
Standard
  9
$CLAYER
  8
0
  9
$CELTYPE
  6
ByLayer
  9
$CECOLOR
 62
   256
  9
$CELTSCALE
 40
1.0
  9
$DISPSILH
 70
     0
  9
$DIMSCALE
 40
1.0
  9
$DIMASZ
 40
0.125
  9
$DIMEXO
 40
0.05
  9
$DIMDLI
 40
0.38
  9
$DIMRND
 40
0.0
  9
$DIMDLE
 40
0.0
  9
$DIMEXE
 40
0.05
  9
$DIMTP
 40
0.0
  9
$DIMTM
 40
0.0
  9
$DIMTXT
 40
0.08
  9
$DIMCEN
 40
0.09
  9
$DIMTSZ
 40
0.0
  9
$DIMTOL
 70
     0
  9
$DIMLIM
 70
     0
  9
$DIMTIH
 70
     1
  9
$DIMTOH
 70
     1
  9
$DIMSE1
 70
     0
  9
$DIMSE2
 70
     0
  9
$DIMTAD
 70
     0
  9
$DIMZIN
 70
     1
  9
$DIMBLK
  1

  9
$DIMASO
 70
     1
  9
$DIMSHO
 70
     1
  9
$DIMPOST
  1

  9
$DIMAPOST
  1

  9
$DIMALT
 70
     0
  9
$DIMALTD
 70
     2
  9
$DIMALTF
 40
25.4
  9
$DIMLFAC
 40
0.25
  9
$DIMTOFL
 70
     0
  9
$DIMTVP
 40
0.0
  9
$DIMTIX
 70
     0
  9
$DIMSOXD
 70
     0
  9
$DIMSAH
 70
     0
  9
$DIMBLK1
  1

  9
$DIMBLK2
  1

  9
$DIMSTYLE
  2
Standard
  9
$DIMCLRD
 70
     0
  9
$DIMCLRE
 70
     0
  9
$DIMCLRT
 70
     0
  9
$DIMTFAC
 40
1.0
  9
$DIMGAP
 40
0.1
  9
$DIMJUST
 70
     0
  9
$DIMSD1
 70
     0
  9
$DIMSD2
 70
     0
  9
$DIMTOLJ
 70
     1
  9
$DIMTZIN
 70
     1
  9
$DIMALTZ
 70
     0
  9
$DIMALTTZ
 70
     0
  9
$DIMUPT
 70
     0
  9
$DIMDEC
 70
     2
  9
$DIMTDEC
 70
     2
  9
$DIMALTU
 70
     2
  9
$DIMALTTD
 70
     2
  9
$DIMTXSTY
  7
Standard
  9
$DIMAUNIT
 70
     0
  9
$DIMADEC
 70
     0
  9
$DIMALTRND
 40
0.0
  9
$DIMAZIN
 70
     0
  9
$DIMDSEP
 70
    46
  9
$DIMATFIT
 70
     3
  9
$DIMFRAC
 70
     0
  9
$DIMLDRBLK
  1

  9
$DIMLUNIT
 70
     2
  9
$DIMLWD
 70
    -2
  9
$DIMLWE
 70
    -2
  9
$DIMTMOVE
 70
     0
  9
$LUNITS
 70
     2
  9
$LUPREC
 70
     2
  9
$SKETCHINC
 40
0.1
  9
$FILLETRAD
 40
0.5
  9
$AUNITS
 70
     0
  9
$AUPREC
 70
     0
  9
$MENU
  1
.
  9
$ELEVATION
 40
0.0
  9
$PELEVATION
 40
0.0
  9
$THICKNESS
 40
0.0
  9
$LIMCHECK
 70
     0
  9
$CHAMFERA
 40
0.0
  9
$CHAMFERB
 40
0.0
  9
$CHAMFERC
 40
0.0
  9
$CHAMFERD
 40
0.0
  9
$SKPOLY
 70
     0
  9
$TDCREATE
 40
2457697.393609224
  9
$TDUCREATE
 40
2457697.560275891
  9
$TDUPDATE
 40
2457697.3936325
  9
$TDUUPDATE
 40
2457697.560299166
  9
$TDINDWG
 40
0.0000000116
  9
$TDUSRTIMER
 40
0.0000000116
  9
$USRTIMER
 70
     1
  9
$ANGBASE
 50
0.0
  9
$ANGDIR
 70
     0
  9
$PDMODE
 70
     0
  9
$PDSIZE
 40
-1.0
  9
$PLINEWID
 40
0.0
  9
$SPLFRAME
 70
     0
  9
$SPLINETYPE
 70
     6
  9
$SPLINESEGS
 70
     8
  9
$HANDSEED
  5
4B6
  9
$SURFTAB1
 70
     6
  9
$SURFTAB2
 70
     6
  9
$SURFTYPE
 70
     6
  9
$SURFU
 70
     6
  9
$SURFV
 70
     6
  9
$UCSBASE
  2

  9
$UCSNAME
  2

  9
$UCSORG
 10
0.0
 20
0.0
 30
0.0
  9
$UCSXDIR
 10
1.0
 20
0.0
 30
0.0
  9
$UCSYDIR
 10
0.0
 20
1.0
 30
0.0
  9
$UCSORTHOREF
  2

  9
$UCSORTHOVIEW
 70
     0
  9
$UCSORGTOP
 10
0.0
 20
0.0
 30
0.0
  9
$UCSORGBOTTOM
 10
0.0
 20
0.0
 30
0.0
  9
$UCSORGLEFT
 10
0.0
 20
0.0
 30
0.0
  9
$UCSORGRIGHT
 10
0.0
 20
0.0
 30
0.0
  9
$UCSORGFRONT
 10
0.0
 20
0.0
 30
0.0
  9
$UCSORGBACK
 10
0.0
 20
0.0
 30
0.0
  9
$PUCSBASE
  2

  9
$PUCSNAME
  2

  9
$PUCSORG
 10
0.0
 20
0.0
 30
0.0
  9
$PUCSXDIR
 10
1.0
 20
0.0
 30
0.0
  9
$PUCSYDIR
 10
0.0
 20
1.0
 30
0.0
  9
$PUCSORTHOREF
  2

  9
$PUCSORTHOVIEW
 70
     0
  9
$PUCSORGTOP
 10
0.0
 20
0.0
 30
0.0
  9
$PUCSORGBOTTOM
 10
0.0
 20
0.0
 30
0.0
  9
$PUCSORGLEFT
 10
0.0
 20
0.0
 30
0.0
  9
$PUCSORGRIGHT
 10
0.0
 20
0.0
 30
0.0
  9
$PUCSORGFRONT
 10
0.0
 20
0.0
 30
0.0
  9
$PUCSORGBACK
 10
0.0
 20
0.0
 30
0.0
  9
$USERI1
 70
     0
  9
$USERI2
 70
     0
  9
$USERI3
 70
     0
  9
$USERI4
 70
     0
  9
$USERI5
 70
     0
  9
$USERR1
 40
0.0
  9
$USERR2
 40
0.0
  9
$USERR3
 40
0.0
  9
$USERR4
 40
0.0
  9
$USERR5
 40
0.0
  9
$WORLDVIEW
 70
     1
  9
$SHADEDGE
 70
     3
  9
$SHADEDIF
 70
    70
  9
$TILEMODE
 70
     1
  9
$MAXACTVP
 70
    64
  9
$PINSBASE
 10
0.0
 20
0.0
 30
0.0
  9
$PLIMCHECK
 70
     0
  9
$PEXTMIN
 10
1.0000000000E+20
 20
1.0000000000E+20
 30
1.0000000000E+20
  9
$PEXTMAX
 10
-1.0000000000E+20
 20
-1.0000000000E+20
 30
-1.0000000000E+20
  9
$PLIMMIN
 10
0.0
 20
0.0
  9
$PLIMMAX
 10
12.0
 20
9.0
  9
$UNITMODE
 70
     0
  9
$VISRETAIN
 70
     1
  9
$PLINEGEN
 70
     0
  9
$PSLTSCALE
 70
     1
  9
$TREEDEPTH
 70
  3020
  9
$CMLSTYLE
  2
Standard
  9
$CMLJUST
 70
     0
  9
$CMLSCALE
 40
1.0
  9
$PROXYGRAPHICS
 70
     1
  9
$MEASUREMENT
 70
     0
  9
$CELWEIGHT
370
    -1
  9
$ENDCAPS
280
     0
  9
$JOINSTYLE
280
     0
  9
$LWDISPLAY
290
     1
  9
$INSUNITS
 70
     1
  9
$HYPERLINKBASE
  1

  9
$STYLESHEET
  1

  9
$XEDIT
290
     1
  9
$CEPSNTYPE
380
     0
  9
$PSTYLEMODE
290
     1
  9
$FINGERPRINTGUID
  2
{5F84202E-3D69-495C-84AB-3C2DB1CDEFC2}
  9
$VERSIONGUID
  2
{FAEB1C32-E019-11D5-929B-00C0DF256EC4}
  9
$EXTNAMES
290
     1
  9
$PSVPSCALE
 40
0.0
  9
$OLESTARTUP
290
     0
  0
ENDSEC
  0
SECTION
  2
CLASSES
  0
CLASS
  1
ACDBDICTIONARYWDFLT
  2
AcDbDictionaryWithDefault
  3
ObjectDBX Classes
 90
        0
280
     0
281
     0
  0
CLASS
  1
VISUALSTYLE
  2
AcDbVisualStyle
  3
ObjectDBX Classes
 90
     4095
280
     0
281
     0
  0
CLASS
  1
MATERIAL
  2
AcDbMaterial
  3
ObjectDBX Classes
 90
     1153
280
     0
281
     0
  0
CLASS
  1
SCALE
  2
AcDbScale
  3
ObjectDBX Classes
 90
     1153
280
     0
281
     0
  0
CLASS
  1
TABLESTYLE
  2
AcDbTableStyle
  3
ObjectDBX Classes
 90
     4095
280
     0
281
     0
  0
CLASS
  1
MLEADERSTYLE
  2
AcDbMLeaderStyle
  3
ACDB_MLEADERSTYLE_CLASS
 90
     4095
280
     0
281
     0
  0
CLASS
  1
SUN
  2
AcDbSun
  3
SCENEOE
 90
     1153
280
     0
281
     0
  0
CLASS
  1
ACDBPLACEHOLDER
  2
AcDbPlaceHolder
  3
ObjectDBX Classes
 90
        0
280
     0
281
     0
  0
CLASS
  1
LAYOUT
  2
AcDbLayout
  3
ObjectDBX Classes
 90
        0
280
     0
281
     0
  0
ENDSEC
  0
SECTION
  2
TABLES
  0
TABLE
  2
VPORT
  5
8
330
0
100
AcDbSymbolTable
 70
     1
  0
VPORT
  5
29
330
8
100
AcDbSymbolTableRecord
100
AcDbViewportTableRecord
  2
*Active
 70
     0
 10
0.0
 20
0.0
 11
1.0
 21
1.0
 12
5.5
 22
4.25
 13
0.0
 23
0.0
 14
0.5
 24
0.5
 15
0.5
 25
0.5
 16
0.0
 26
0.0
 36
1.0
 17
0.0
 27
0.0
 37
0.0
 40
8.5
 41
1.2941176471
 42
50.0
 43
0.0
 44
0.0
 50
0.0
 51
0.0
 71
     0
 72
  2000
 73
     1
 74
     3
 75
     0
 76
     0
 77
     0
 78
     0
281
     0
 65
     1
110
0.0
120
0.0
130
0.0
111
1.0
121
0.0
131
0.0
112
0.0
122
1.0
132
0.0
 79
     0
146
0.0
  0
ENDTAB
  0
TABLE
  2
LTYPE
  5
5
330
0
100
AcDbSymbolTable
 70
     6
  0
LTYPE
  5
14
330
5
100
AcDbSymbolTableRecord
100
AcDbLinetypeTableRecord
  2
ByBlock
 70
     0
  3

 72
    65
 73
     0
 40
0.0
  0
LTYPE
  5
15
330
5
100
AcDbSymbolTableRecord
100
AcDbLinetypeTableRecord
  2
ByLayer
 70
     0
  3

 72
    65
 73
     0
 40
0.0
  0
LTYPE
  5
16
330
5
100
AcDbSymbolTableRecord
100
AcDbLinetypeTableRecord
  2
Continuous
 70
     0
  3
Solid line
 72
    65
 73
     0
 40
0.0
  0
LTYPE
  5
6E
330
5
100
AcDbSymbolTableRecord
100
AcDbLinetypeTableRecord
  2
HIDDEN
 70
     0
  3
Hidden __ __ __ __ __ __ __ __ __ __ __ __ __ __
 72
    65
 73
     2
 40
0.075
 49
0.05
 74
     0
 49
-0.025
 74
     0
  0
LTYPE
  5
6F
330
5
100
AcDbSymbolTableRecord
100
AcDbLinetypeTableRecord
  2
PHANTOM
 70
     0
  3
Phantom ______  __  __  ______  __  __  ______
 72
    65
 73
     6
 40
0.5
 49
0.25
 74
     0
 49
-0.05
 74
     0
 49
0.05
 74
     0
 49
-0.05
 74
     0
 49
0.05
 74
     0
 49
-0.05
 74
     0
  0
LTYPE
  5
70
330
5
100
AcDbSymbolTableRecord
100
AcDbLinetypeTableRecord
  2
CENTER
 70
     0
  3
Center ____ _ ____ _ ____ _ ____ _ ____ _ ____
 72
    65
 73
     4
 40
0.4
 49
0.25
 74
     0
 49
-0.05
 74
     0
 49
0.05
 74
     0
 49
-0.05
 74
     0
  0
LTYPE
  5
71
330
5
100
AcDbSymbolTableRecord
100
AcDbLinetypeTableRecord
  2
CENTERX2
 70
     0
  3
Center (2x) ________  __  ________  __  _____
 72
    65
 73
     4
 40
0.8
 49
0.5
 74
     0
 49
-0.1
 74
     0
 49
0.1
 74
     0
 49
-0.1
 74
     0
  0
LTYPE
  5
72
330
5
100
AcDbSymbolTableRecord
100
AcDbLinetypeTableRecord
  2
DOT2
 70
     0
  3
Dot (.5x) ........................................
 72
    65
 73
     2
 40
0.025
 49
0.0
 74
     0
 49
-0.025
 74
     0
  0
ENDTAB
  0
TABLE
  2
LAYER
  5
2
330
0
100
AcDbSymbolTable
 70
     2
  0
LAYER
  5
10
330
2
100
AcDbSymbolTableRecord
100
AcDbLayerTableRecord
  2
0
 70
     0
 62
     7
  6
Continuous
370
    -3
390
F
  0
LAYER
  5
73
330
2
100
AcDbSymbolTableRecord
100
AcDbLayerTableRecord
  2
FORMAT
 70
     0
 62
     7
  6
Continuous
370
    -3
390
F
  0
ENDTAB
  0
TABLE
  2
STYLE
  5
3
330
0
100
AcDbSymbolTable
 70
     5
  0
STYLE
  5
11
330
3
100
AcDbSymbolTableRecord
100
AcDbTextStyleTableRecord
  2
Standard
 70
     0
 40
0.0
 41
1.0
 50
0.0
 71
     0
 42
0.08
  3
txt
  4

  0
STYLE
  5
95
330
3
100
AcDbSymbolTableRecord
100
AcDbTextStyleTableRecord
  2
SLDTEXTSTYLE0
 70
     0
 40
0.0
 41
0.75
 50
0.0
 71
     0
 42
0.08
  3
TXT
  4

  0
STYLE
  5
98
330
3
100
AcDbSymbolTableRecord
100
AcDbTextStyleTableRecord
  2
SLDTEXTSTYLE1
 70
     0
 40
0.0
 41
0.6
 50
0.0
 71
     0
 42
0.08
  3
TXT
  4

  0
STYLE
  5
9D
330
3
100
AcDbSymbolTableRecord
100
AcDbTextStyleTableRecord
  2
SLDTEXTSTYLE2
 70
     0
 40
0.0
 41
0.7
 50
0.0
 71
     0
 42
0.08
  3
TXT
  4

  0
STYLE
  5
1F2
330
3
100
AcDbSymbolTableRecord
100
AcDbTextStyleTableRecord
  2
SLDTEXTSTYLE3
 70
     0
 40
0.0
 41
0.6875
 50
0.0
 71
     0
 42
0.08
  3
TXT
  4

  0
ENDTAB
  0
TABLE
  2
VIEW
  5
6
330
0
100
AcDbSymbolTable
 70
     0
  0
ENDTAB
  0
TABLE
  2
UCS
  5
7
330
0
100
AcDbSymbolTable
 70
     0
  0
ENDTAB
  0
TABLE
  2
APPID
  5
9
330
0
100
AcDbSymbolTable
 70
     1
  0
APPID
  5
12
330
9
100
AcDbSymbolTableRecord
100
AcDbRegAppTableRecord
  2
ACAD
 70
     0
  0
ENDTAB
  0
TABLE
  2
DIMSTYLE
  5
A
330
0
100
AcDbSymbolTable
 70
    10
100
AcDbDimStyleTable
  0
DIMSTYLE
105
27
330
A
100
AcDbSymbolTableRecord
100
AcDbDimStyleTableRecord
  2
Standard
 70
     0
178
     0
340
11
  0
DIMSTYLE
105
1A3
102
{ACAD_REACTORS
330
1A2
330
1B7
102
}
330
A
100
AcDbSymbolTableRecord
100
AcDbDimStyleTableRecord
  2
SLDDIMSTYLE0
 70
     0
 41
0.125
 44
0.0
 45
0.000000001
 78
     8
 79
     2
140
0.08
144
0.4
147
0.02
148
0.000000001
170
     1
171
     1
173
     1
178
     0
271
     2
272
     2
274
     1
276
     2
284
    12
340
95
  0
DIMSTYLE
105
1CD
102
{ACAD_REACTORS
330
1CC
102
}
330
A
100
AcDbSymbolTableRecord
100
AcDbDimStyleTableRecord
  2
SLDDIMSTYLE1
 70
     0
  3
<>
  4
<>
 41
0.125
 44
0.0
 45
0.000000001
 78
    12
 79
     3
140
0.08
141
0.0
144
0.4
147
0.02
148
0.000000001
170
     1
171
     1
173
     1
178
     0
271
     2
272
     2
274
     1
276
     2
284
    12
340
95
  0
DIMSTYLE
105
1D8
102
{ACAD_REACTORS
330
1D7
102
}
330
A
100
AcDbSymbolTableRecord
100
AcDbDimStyleTableRecord
  2
SLDDIMSTYLE2
 70
     0
 41
0.125
 44
0.0
 45
0.000000001
140
0.08
141
0.0
144
0.4
147
0.02
173
     1
178
     0
271
     2
272
     2
276
     2
284
    12
340
95
  0
DIMSTYLE
105
1E6
102
{ACAD_REACTORS
330
1E5
102
}
330
A
100
AcDbSymbolTableRecord
100
AcDbDimStyleTableRecord
  2
SLDDIMSTYLE3
 70
     0
 41
0.125
 44
0.0
 45
0.000000001
 78
     8
 79
     2
140
0.08
141
0.0
144
0.4
147
0.02
173
     1
178
     0
271
     2
272
     2
276
     2
284
    12
340
95
  0
DIMSTYLE
105
205
330
A
100
AcDbSymbolTableRecord
100
AcDbDimStyleTableRecord
  2
SLDDIMSTYLE4
 70
     0
 41
0.125
 44
0.0
 45
0.000000001
146
0.125
147
0.0
173
     1
178
     0
271
     0
272
     0
276
     2
340
11
  0
DIMSTYLE
105
228
102
{ACAD_REACTORS
330
227
102
}
330
A
100
AcDbSymbolTableRecord
100
AcDbDimStyleTableRecord
  2
SLDDIMSTYLE5
 70
     0
  3
<>
  4
<>
 41
0.125
 44
0.0
 45
0.000000001
 78
    12
 79
     3
140
0.08
141
0.0
144
0.4
147
0.02
148
0.000000001
170
     1
171
     1
173
     1
178
     0
271
     2
272
     2
274
     1
276
     2
284
    12
340
95
  0
DIMSTYLE
105
231
102
{ACAD_REACTORS
330
230
330
49E
102
}
330
A
100
AcDbSymbolTableRecord
100
AcDbDimStyleTableRecord
  2
SLDDIMSTYLE6
 70
     0
 41
0.125
 44
0.0
 45
0.000000001
 78
     8
 79
     2
140
0.08
144
0.4
147
0.02
148
0.000000001
170
     1
171
     1
172
     1
173
     1
178
     0
271
     2
272
     2
274
     1
276
     2
284
    12
289
     0
340
95
  0
DIMSTYLE
105
478
102
{ACAD_REACTORS
330
477
102
}
330
A
100
AcDbSymbolTableRecord
100
AcDbDimStyleTableRecord
  2
SLDDIMSTYLE7
 70
     0
 41
0.125
 44
0.0
 45
0.000000001
 78
     8
 79
     2
140
0.08
144
0.4
147
0.02
173
     1
178
     0
271
     2
272
     2
276
     2
284
    12
340
95
  0
DIMSTYLE
105
489
102
{ACAD_REACTORS
330
488
102
}
330
A
100
AcDbSymbolTableRecord
100
AcDbDimStyleTableRecord
  2
SLDDIMSTYLE8
 70
     0
 41
0.125
 44
0.0
 45
0.000000001
140
0.08
144
0.4
147
0.02
148
0.000000001
170
     1
171
     1
172
     1
173
     1
178
     0
271
     2
272
     2
274
     1
276
     2
284
    12
289
     0
340
95
  0
ENDTAB
  0
TABLE
  2
BLOCK_RECORD
  5
1
330
0
100
AcDbSymbolTable
 70
    19
  0
BLOCK_RECORD
  5
1F
330
1
100
AcDbSymbolTableRecord
100
AcDbBlockTableRecord
  2
*Model_Space
340
22
  0
BLOCK_RECORD
  5
1B
330
1
100
AcDbSymbolTableRecord
100
AcDbBlockTableRecord
  2
*Paper_Space
340
1E
  0
BLOCK_RECORD
  5
23
330
1
100
AcDbSymbolTableRecord
100
AcDbBlockTableRecord
  2
*Paper_Space0
340
26
  0
BLOCK_RECORD
  5
74
330
1
100
AcDbSymbolTableRecord
100
AcDbBlockTableRecord
  2
Third Angle Projection Block
340
0
102
{BLKREFS
331
94
102
}
  0
BLOCK_RECORD
  5
9F
330
1
100
AcDbSymbolTableRecord
100
AcDbBlockTableRecord
  2
SW_NOTE_0
340
0
102
{BLKREFS
331
A4
102
}
  0
BLOCK_RECORD
  5
A5
330
1
100
AcDbSymbolTableRecord
100
AcDbBlockTableRecord
  2
SW_NOTE_1
340
0
102
{BLKREFS
331
AA
102
}
  0
BLOCK_RECORD
  5
AC
330
1
100
AcDbSymbolTableRecord
100
AcDbBlockTableRecord
  2
SW_NOTE_2
340
0
102
{BLKREFS
331
B1
102
}
  0
BLOCK_RECORD
  5
1A4
330
1
100
AcDbSymbolTableRecord
100
AcDbBlockTableRecord
  2
_D
340
0
  0
BLOCK_RECORD
  5
1B8
330
1
100
AcDbSymbolTableRecord
100
AcDbBlockTableRecord
  2
_D_1
340
0
  0
BLOCK_RECORD
  5
1CE
330
1
100
AcDbSymbolTableRecord
100
AcDbBlockTableRecord
  2
_D_2
340
0
  0
BLOCK_RECORD
  5
1D9
330
1
100
AcDbSymbolTableRecord
100
AcDbBlockTableRecord
  2
_D_3
340
0
  0
BLOCK_RECORD
  5
1E7
330
1
100
AcDbSymbolTableRecord
100
AcDbBlockTableRecord
  2
_D_4
340
0
  0
BLOCK_RECORD
  5
1F7
330
1
100
AcDbSymbolTableRecord
100
AcDbBlockTableRecord
  2
SW_SYMBOL_MOD_CL
340
0
102
{BLKREFS
331
1FC
331
245
331
246
102
}
  0
BLOCK_RECORD
  5
1FD
330
1
100
AcDbSymbolTableRecord
100
AcDbBlockTableRecord
  2
SW_NOTE_3
340
0
102
{BLKREFS
331
204
102
}
  0
BLOCK_RECORD
  5
207
330
1
100
AcDbSymbolTableRecord
100
AcDbBlockTableRecord
  2
SW_CENTERMARKSYMBOL_0
340
0
102
{BLKREFS
331
20E
102
}
  0
BLOCK_RECORD
  5
229
330
1
100
AcDbSymbolTableRecord
100
AcDbBlockTableRecord
  2
_D_5
340
0
  0
BLOCK_RECORD
  5
232
330
1
100
AcDbSymbolTableRecord
100
AcDbBlockTableRecord
  2
_D_6
340
0
  0
BLOCK_RECORD
  5
247
330
1
100
AcDbSymbolTableRecord
100
AcDbBlockTableRecord
  2
SW_CENTERMARKSYMBOL_1
340
0
102
{BLKREFS
331
252
102
}
  0
BLOCK_RECORD
  5
479
330
1
100
AcDbSymbolTableRecord
100
AcDbBlockTableRecord
  2
_D_7
340
0
  0
BLOCK_RECORD
  5
48A
330
1
100
AcDbSymbolTableRecord
100
AcDbBlockTableRecord
  2
_D_8
340
0
  0
BLOCK_RECORD
  5
49F
330
1
100
AcDbSymbolTableRecord
100
AcDbBlockTableRecord
  2
_D_9
340
0
  0
ENDTAB
  0
ENDSEC
  0
SECTION
  2
BLOCKS
  0
BLOCK
  5
20
330
1F
100
AcDbEntity
  8
0
100
AcDbBlockBegin
  2
*Model_Space
 70
     0
 10
0.0
 20
0.0
 30
0.0
  3
*Model_Space
  1

  0
ENDBLK
  5
21
330
1F
100
AcDbEntity
  8
0
100
AcDbBlockEnd
  0
BLOCK
  5
1C
330
1B
100
AcDbEntity
 67
     1
  8
0
100
AcDbBlockBegin
  2
*Paper_Space
 70
     0
 10
0.0
 20
0.0
 30
0.0
  3
*Paper_Space
  1

  0
ENDBLK
  5
1D
330
1B
100
AcDbEntity
 67
     1
  8
0
100
AcDbBlockEnd
  0
BLOCK
  5
24
330
23
100
AcDbEntity
  8
0
100
AcDbBlockBegin
  2
*Paper_Space0
 70
     0
 10
0.0
 20
0.0
 30
0.0
  3
*Paper_Space0
  1

  0
ENDBLK
  5
25
330
23
100
AcDbEntity
  8
0
100
AcDbBlockEnd
  0
BLOCK
  5
75
330
74
100
AcDbEntity
  8
0
100
AcDbBlockBegin
  2
Third Angle Projection Block
 70
     0
 10
0.0
 20
0.0
 30
0.0
  3
Third Angle Projection Block
  1

  0
CIRCLE
  5
77
330
74
100
AcDbEntity
  8
0
  6
Continuous
 62
     7
370
    30
100
AcDbCircle
 10
3.9951432636
 20
0.7456853688
 30
0.0
 40
0.0696152422706639
  0
CIRCLE
  5
78
330
74
100
AcDbEntity
  8
0
  6
Continuous
 62
     7
370
    30
100
AcDbCircle
 10
3.9951432636
 20
0.7456853688
 30
0.0
 40
0.1535916633280245
  0
LINE
  5
79
330
74
100
AcDbEntity
  8
0
  6
CENTERX2
 62
     7
370
     0
100
AcDbLine
 10
4.3360937897
 20
0.7456853688
 30
0.0
 11
4.7028635231
 21
0.7456853688
 31
0.0
  0
LINE
  5
7A
330
74
100
AcDbEntity
  8
0
  6
Continuous
 62
     7
370
    30
100
AcDbLine
 10
4.3701432636
 20
0.815300611
 30
0.0
 11
4.3701432636
 21
0.6760701265
 31
0.0
  0
LINE
  5
7B
330
74
100
AcDbEntity
  8
0
  6
Continuous
 62
     7
370
    30
100
AcDbLine
 10
4.3701432636
 20
0.6760701265
 30
0.0
 11
4.6701432636
 21
0.5956853688
 31
0.0
  0
LINE
  5
7C
330
74
100
AcDbEntity
  8
0
  6
Continuous
 62
     7
370
    30
100
AcDbLine
 10
4.6701432636
 20
0.5956853688
 30
0.0
 11
4.6701432636
 21
0.8956853688
 31
0.0
  0
LINE
  5
7D
330
74
100
AcDbEntity
  8
0
  6
Continuous
 62
     7
370
    30
100
AcDbLine
 10
4.6701432636
 20
0.8956853688
 30
0.0
 11
4.3701432636
 21
0.815300611
 31
0.0
  0
LINE
  5
7E
330
74
100
AcDbEntity
  8
0
  6
CENTERX2
 62
     7
370
     0
100
AcDbLine
 10
3.8032513961
 20
0.7456853688
 30
0.0
 11
4.187035131
 21
0.7456853688
 31
0.0
  0
LINE
  5
7F
330
74
100
AcDbEntity
  8
0
  6
CENTERX2
 62
     7
370
     0
100
AcDbLine
 10
3.9951432636
 20
0.9375772362
 30
0.0
 11
3.9951432636
 21
0.5537935013
 31
0.0
  0
POINT
  5
80
330
74
100
AcDbEntity
  8
0
  6
Continuous
 62
     7
370
     0
100
AcDbPoint
 10
3.9951432636
 20
0.7456853688
 30
0.0
  0
ENDBLK
  5
76
330
74
100
AcDbEntity
  8
0
100
AcDbBlockEnd
  0
BLOCK
  5
A0
330
9F
100
AcDbEntity
  8
0
100
AcDbBlockBegin
  2
SW_NOTE_0
 70
     0
 10
0.0
 20
0.0
 30
0.0
  3
SW_NOTE_0
  1

  0
MTEXT
  5
A2
330
9F
100
AcDbEntity
  8
0
  6
Continuous
 62
     0
370
     0
100
AcDbMText
 10
0.78375
 20
0.0773440644
 30
0.0
 40
0.06
 41
0.0
 71
     2
 72
     1
  1
VALUES IN PARENTHESIS ARE CALCULATED
  7
SLDTEXTSTYLE0
 73
     1
 44
1.0
  0
MTEXT
  5
A3
330
9F
100
AcDbEntity
  8
0
  6
Continuous
 62
     0
370
     0
100
AcDbMText
 10
0.7825936818
 20
-0.0220260102
 30
0.0
 40
0.06
 41
0.0
 71
     2
 72
     1
  1
AND MAY CONTAIN ROUNDOFF ERRORS
  7
SLDTEXTSTYLE0
 73
     1
 44
1.0
  0
ENDBLK
  5
A1
330
9F
100
AcDbEntity
  8
0
100
AcDbBlockEnd
  0
BLOCK
  5
A6
330
A5
100
AcDbEntity
  8
0
100
AcDbBlockBegin
  2
SW_NOTE_1
 70
     0
 10
0.0
 20
0.0
 30
0.0
  3
SW_NOTE_1
  1

  0
MTEXT
  5
A8
330
A5
100
AcDbEntity
  8
0
  6
Continuous
 62
     0
370
     0
100
AcDbMText
 10
0.2669270833
 20
0.1074223116
 30
0.0
 40
0.0833333333
 41
0.0
 71
     2
 72
     1
  1
DRAWING
  7
SLDTEXTSTYLE0
 73
     1
 44
1.0
  0
MTEXT
  5
A9
330
A5
100
AcDbEntity
  8
0
  6
Continuous
 62
     0
370
     0
100
AcDbMText
 10
0.2719328445
 20
-0.0036887981
 30
0.0
 40
0.0833333333
 41
0.0
 71
     2
 72
     1
  1
PROJECTION
  7
SLDTEXTSTYLE0
 73
     1
 44
1.0
  0
ENDBLK
  5
A7
330
A5
100
AcDbEntity
  8
0
100
AcDbBlockEnd
  0
BLOCK
  5
AD
330
AC
100
AcDbEntity
  8
0
100
AcDbBlockBegin
  2
SW_NOTE_2
 70
     0
 10
0.0
 20
0.0
 30
0.0
  3
SW_NOTE_2
  1

  0
MTEXT
  5
AF
330
AC
100
AcDbEntity
  8
0
  6
Continuous
 62
     0
370
     0
100
AcDbMText
 10
0.7397460937
 20
0.1208501006
 30
0.0
 40
0.09375
 41
0.0
 71
     2
 72
     1
  1
FOR INFORMATION ONLY
  7
SLDTEXTSTYLE0
 73
     1
 44
1.0
  0
MTEXT
  5
B0
330
AC
100
AcDbEntity
  8
0
  6
Continuous
 62
     0
370
     0
100
AcDbMText
 10
0.7493163993
 20
-0.0041498979
 30
0.0
 40
0.09375
 41
0.0
 71
     2
 72
     1
  1
NOT FOR MANUFACTURING PURPOSES
  7
SLDTEXTSTYLE0
 73
     1
 44
1.0
  0
ENDBLK
  5
AE
330
AC
100
AcDbEntity
  8
0
100
AcDbBlockEnd
  0
BLOCK
  5
1A5
330
1A4
100
AcDbEntity
  8
0
100
AcDbBlockBegin
  2
_D
 70
     0
 10
0.0
 20
0.0
 30
0.0
  3
_D
  1

  0
SOLID
  5
1A7
330
1A4
100
AcDbEntity
  8
0
  6
Continuous
 62
     8
370
     0
100
AcDbTrace
 10
4.745505618
 20
5.2981460674
 30
0.0
 11
4.720505618
 21
5.1731460674
 31
0.0
 12
4.770505618
 22
5.1731460674
 32
0.0
 13
4.770505618
 23
5.1731460674
 33
0.0
  0
SOLID
  5
1A8
330
1A4
100
AcDbEntity
  8
0
  6
Continuous
 62
     8
370
     0
100
AcDbTrace
 10
4.745505618
 20
3.7231460674
 30
0.0
 11
4.770505618
 21
3.8481460674
 31
0.0
 12
4.720505618
 22
3.8481460674
 32
0.0
 13
4.720505618
 23
3.8481460674
 33
0.0
  0
LINE
  5
1A9
330
1A4
100
AcDbEntity
  8
0
  6
Continuous
 62
     8
370
     0
100
AcDbLine
 10
4.5420611578
 20
4.5100349511
 30
0.0
 11
4.5176861589
 21
4.5100349511
 31
0.0
  0
LINE
  5
1AA
330
1A4
100
AcDbEntity
  8
0
  6
Continuous
 62
     8
370
     0
100
AcDbLine
 10
4.5176861589
 20
4.5100349511
 30
0.0
 11
4.5176861589
 21
4.3830349466
 31
0.0
  0
LINE
  5
1AB
330
1A4
100
AcDbEntity
  8
0
  6
Continuous
 62
     8
370
     0
100
AcDbLine
 10
4.5176861589
 20
4.3830349466
 30
0.0
 11
4.5420611578
 21
4.3830349466
 31
0.0
  0
LINE
  5
1AC
330
1A4
100
AcDbEntity
  8
0
  6
Continuous
 62
     8
370
     0
100
AcDbLine
 10
4.9489500507
 20
4.5100349511
 30
0.0
 11
4.9733250495
 21
4.5100349511
 31
0.0
  0
LINE
  5
1AD
330
1A4
100
AcDbEntity
  8
0
  6
Continuous
 62
     8
370
     0
100
AcDbLine
 10
4.9733250495
 20
4.5100349511
 30
0.0
 11
4.9733250495
 21
4.3830349466
 31
0.0
  0
LINE
  5
1AE
330
1A4
100
AcDbEntity
  8
0
  6
Continuous
 62
     8
370
     0
100
AcDbLine
 10
4.9733250495
 20
4.3830349466
 30
0.0
 11
4.9489500507
 21
4.3830349466
 31
0.0
  0
LINE
  5
1AF
330
1A4
100
AcDbEntity
  8
0
  6
Continuous
 62
     8
370
     0
100
AcDbLine
 10
3.583005618
 20
5.2981460674
 30
0.0
 11
4.795505618
 21
5.2981460674
 31
0.0
  0
LINE
  5
1B0
330
1A4
100
AcDbEntity
  8
0
  6
Continuous
 62
     8
370
     0
100
AcDbLine
 10
4.020505618
 20
3.7231460674
 30
0.0
 11
4.795505618
 21
3.7231460674
 31
0.0
  0
LINE
  5
1B1
330
1A4
100
AcDbEntity
  8
0
  6
Continuous
 62
     8
370
     0
100
AcDbLine
 10
4.745505618
 20
5.2981460674
 30
0.0
 11
4.745505618
 21
4.6545071722
 31
0.0
  0
LINE
  5
1B2
330
1A4
100
AcDbEntity
  8
0
  6
Continuous
 62
     8
370
     0
100
AcDbLine
 10
4.745505618
 20
3.7231460674
 30
0.0
 11
4.745505618
 21
4.3667849626
 31
0.0
  0
MTEXT
  5
1B3
330
1A4
100
AcDbEntity
  8
0
  6
Continuous
 62
     8
370
     0
100
AcDbMText
 10
4.4942000475
 20
4.6306325914
 30
0.0
 40
0.08
 41
0.0
 71
     1
 72
     1
  1

  7
SLDTEXTSTYLE0
 73
     1
 44
1.0
  0
MTEXT
  5
1B4
330
1A4
100
AcDbEntity
  8
0
  6
Continuous
 62
     8
370
     0
100
AcDbMText
 10
4.5988945037
 20
4.6294103703
 30
0.0
 40
0.08
 41
0.0
 71
     1
 72
     1
  1
0.63in
  7
SLDTEXTSTYLE0
 73
     1
 44
1.0
  0
MTEXT
  5
1B5
330
1A4
100
AcDbEntity
  8
0
  6
Continuous
 62
     8
370
     0
100
AcDbMText
 10
4.5420611578
 20
4.4861603704
 30
0.0
 40
0.08
 41
0.0
 71
     1
 72
     1
  1
16.0mm
  7
SLDTEXTSTYLE0
 73
     1
 44
1.0
  0
MTEXT
  5
1B6
330
1A4
100
AcDbEntity
  8
0
  6
Continuous
 62
     8
370
     0
100
AcDbMText
 10
5.0577000713
 20
4.6306325914
 30
0.0
 40
0.08
 41
0.0
 71
     1
 72
     1
  1

  7
SLDTEXTSTYLE0
 73
     1
 44
1.0
  0
ENDBLK
  5
1A6
330
1A4
100
AcDbEntity
  8
0
100
AcDbBlockEnd
  0
BLOCK
  5
1B9
330
1B8
100
AcDbEntity
  8
0
100
AcDbBlockBegin
  2
_D_1
 70
     0
 10
0.0
 20
0.0
 30
0.0
  3
_D_1
  1

  0
SOLID
  5
1BB
330
1B8
100
AcDbEntity
  8
0
  6
Continuous
 62
     8
370
     0
100
AcDbTrace
 10
5.215505618
 20
3.7231460674
 30
0.0
 11
5.240505618
 21
3.8481460674
 31
0.0
 12
5.190505618
 22
3.8481460674
 32
0.0
 13
5.190505618
 23
3.8481460674
 33
0.0
  0
SOLID
  5
1BC
330
1B8
100
AcDbEntity
  8
0
  6
Continuous
 62
     8
370
     0
100
AcDbTrace
 10
5.215505618
 20
6.1731460674
 30
0.0
 11
5.190505618
 21
6.0481460674
 31
0.0
 12
5.240505618
 22
6.0481460674
 32
0.0
 13
5.240505618
 23
6.0481460674
 33
0.0
  0
LINE
  5
1BD
330
1B8
100
AcDbEntity
  8
0
  6
Continuous
 62
     8
370
     0
100
AcDbLine
 10
5.0120611578
 20
4.9470128031
 30
0.0
 11
4.9876861589
 21
4.9470128031
 31
0.0
  0
LINE
  5
1BE
330
1B8
100
AcDbEntity
  8
0
  6
Continuous
 62
     8
370
     0
100
AcDbLine
 10
4.9876861589
 20
4.9470128031
 30
0.0
 11
4.9876861589
 21
4.8200127986
 31
0.0
  0
LINE
  5
1BF
330
1B8
100
AcDbEntity
  8
0
  6
Continuous
 62
     8
370
     0
100
AcDbLine
 10
4.9876861589
 20
4.8200127986
 30
0.0
 11
5.0120611578
 21
4.8200127986
 31
0.0
  0
LINE
  5
1C0
330
1B8
100
AcDbEntity
  8
0
  6
Continuous
 62
     8
370
     0
100
AcDbLine
 10
5.4189500507
 20
4.9470128031
 30
0.0
 11
5.4433250495
 21
4.9470128031
 31
0.0
  0
LINE
  5
1C1
330
1B8
100
AcDbEntity
  8
0
  6
Continuous
 62
     8
370
     0
100
AcDbLine
 10
5.4433250495
 20
4.9470128031
 30
0.0
 11
5.4433250495
 21
4.8200127986
 31
0.0
  0
LINE
  5
1C2
330
1B8
100
AcDbEntity
  8
0
  6
Continuous
 62
     8
370
     0
100
AcDbLine
 10
5.4433250495
 20
4.8200127986
 30
0.0
 11
5.4189500507
 21
4.8200127986
 31
0.0
  0
LINE
  5
1C3
330
1B8
100
AcDbEntity
  8
0
  6
Continuous
 62
     8
370
     0
100
AcDbLine
 10
4.020505618
 20
3.7231460674
 30
0.0
 11
5.265505618
 21
3.7231460674
 31
0.0
  0
LINE
  5
1C4
330
1B8
100
AcDbEntity
  8
0
  6
Continuous
 62
     8
370
     0
100
AcDbLine
 10
3.520505618
 20
6.1731460674
 30
0.0
 11
4.295505618
 21
6.1731460674
 31
0.0
  0
LINE
  5
1C5
330
1B8
100
AcDbEntity
  8
0
  6
Continuous
 62
     8
370
     0
100
AcDbLine
 10
4.395505618
 20
6.1731460674
 30
0.0
 11
5.265505618
 21
6.1731460674
 31
0.0
  0
LINE
  5
1C6
330
1B8
100
AcDbEntity
  8
0
  6
Continuous
 62
     8
370
     0
100
AcDbLine
 10
5.215505618
 20
3.7231460674
 30
0.0
 11
5.215505618
 21
4.8037628146
 31
0.0
  0
LINE
  5
1C7
330
1B8
100
AcDbEntity
  8
0
  6
Continuous
 62
     8
370
     0
100
AcDbLine
 10
5.215505618
 20
6.1731460674
 30
0.0
 11
5.215505618
 21
5.0914850242
 31
0.0
  0
MTEXT
  5
1C8
330
1B8
100
AcDbEntity
  8
0
  6
Continuous
 62
     8
370
     0
100
AcDbMText
 10
4.9642000475
 20
5.0676104434
 30
0.0
 40
0.08
 41
0.0
 71
     1
 72
     1
  1

  7
SLDTEXTSTYLE0
 73
     1
 44
1.0
  0
MTEXT
  5
1C9
330
1B8
100
AcDbEntity
  8
0
  6
Continuous
 62
     8
370
     0
100
AcDbMText
 10
5.0688945037
 20
5.0663882223
 30
0.0
 40
0.08
 41
0.0
 71
     1
 72
     1
  1
0.98in
  7
SLDTEXTSTYLE0
 73
     1
 44
1.0
  0
MTEXT
  5
1CA
330
1B8
100
AcDbEntity
  8
0
  6
Continuous
 62
     8
370
     0
100
AcDbMText
 10
5.0120611578
 20
4.9231382223
 30
0.0
 40
0.08
 41
0.0
 71
     1
 72
     1
  1
24.9mm
  7
SLDTEXTSTYLE0
 73
     1
 44
1.0
  0
MTEXT
  5
1CB
330
1B8
100
AcDbEntity
  8
0
  6
Continuous
 62
     8
370
     0
100
AcDbMText
 10
5.5277000713
 20
5.0676104434
 30
0.0
 40
0.08
 41
0.0
 71
     1
 72
     1
  1

  7
SLDTEXTSTYLE0
 73
     1
 44
1.0
  0
ENDBLK
  5
1BA
330
1B8
100
AcDbEntity
  8
0
100
AcDbBlockEnd
  0
BLOCK
  5
1CF
330
1CE
100
AcDbEntity
  8
0
100
AcDbBlockBegin
  2
_D_2
 70
     0
 10
0.0
 20
0.0
 30
0.0
  3
_D_2
  1

  0
SOLID
  5
1D1
330
1CE
100
AcDbEntity
  8
0
  6
Continuous
 62
     8
370
     0
100
AcDbTrace
 10
3.9433832779
 20
5.7710237273
 30
0.0
 11
4.0494492951
 21
5.8417344055
 31
0.0
 12
4.014093956
 22
5.8770897445
 32
0.0
 13
4.014093956
 23
5.8770897445
 33
0.0
  0
LINE
  5
1D2
330
1CE
100
AcDbEntity
  8
0
  6
Continuous
 62
     8
370
     0
100
AcDbLine
 10
3.9433832779
 20
5.7710237273
 30
0.0
 11
4.7203951592
 21
6.5480356086
 31
0.0
  0
LINE
  5
1D3
330
1CE
100
AcDbEntity
  8
0
  6
Continuous
 62
     8
370
     0
100
AcDbLine
 10
4.7203951592
 20
6.5480356086
 30
0.0
 11
4.8703951592
 21
6.5480356086
 31
0.0
  0
MTEXT
  5
1D4
330
1CE
100
AcDbEntity
  8
0
  6
Continuous
 62
     8
370
     0
100
AcDbMText
 10
4.9016451592
 20
6.5876436121
 30
0.0
 40
0.08
 41
0.0
 71
     1
 72
     1
  1
SM05 (0.535-40) SERIES THREAD
  7
SLDTEXTSTYLE0
 73
     1
 44
1.0
  0
MTEXT
  5
1D5
330
1CE
100
AcDbEntity
  8
0
  6
Continuous
 62
     8
370
     0
100
AcDbMText
 10
4.9016451592
 20
6.4606436075
 30
0.0
 40
0.08
 41
0.0
 71
     1
 72
     1
  1
(1) SM05RR RETAINING RING
  7
SLDTEXTSTYLE0
 73
     1
 44
1.0
  0
MTEXT
  5
1D6
330
1CE
100
AcDbEntity
  8
0
  6
Continuous
 62
     8
370
     0
100
AcDbMText
 10
4.9016451592
 20
6.333643603
 30
0.0
 40
0.08
 41
0.0
 71
     1
 72
     1
  1
(INCLUDED)
  7
SLDTEXTSTYLE0
 73
     1
 44
1.0
  0
ENDBLK
  5
1D0
330
1CE
100
AcDbEntity
  8
0
100
AcDbBlockEnd
  0
BLOCK
  5
1DA
330
1D9
100
AcDbEntity
  8
0
100
AcDbBlockBegin
  2
_D_3
 70
     0
 10
0.0
 20
0.0
 30
0.0
  3
_D_3
  1

  0
SOLID
  5
1DC
330
1D9
100
AcDbEntity
  8
0
  6
Continuous
 62
     8
370
     0
100
AcDbTrace
 10
2.842090218
 20
5.9070131178
 30
0.0
 11
2.7697127909
 21
6.0119488507
 31
0.0
 12
2.734920388
 22
5.9760393993
 32
0.0
 13
2.734920388
 23
5.9760393993
 33
0.0
  0
LINE
  5
1DD
330
1D9
100
AcDbEntity
  8
0
  6
Continuous
 62
     8
370
     0
100
AcDbLine
 10
2.842090218
 20
5.9070131178
 30
0.0
 11
2.4659204914
 21
6.271481194
 31
0.0
  0
LINE
  5
1DE
330
1D9
100
AcDbEntity
  8
0
  6
Continuous
 62
     8
370
     0
100
AcDbLine
 10
2.4659204914
 20
6.271481194
 30
0.0
 11
2.3159204914
 21
6.271481194
 31
0.0
  0
MTEXT
  5
1DF
330
1D9
100
AcDbEntity
  8
0
  6
Continuous
 62
     8
370
     0
100
AcDbMText
 10
1.9020482558
 20
6.2946447564
 30
0.0
 40
0.08
 41
0.0
 71
     1
 72
     1
  1
%%c
  7
SLDTEXTSTYLE0
 73
     1
 44
1.0
  0
MTEXT
  5
1E0
330
1D9
100
AcDbEntity
  8
0
  6
Continuous
 62
     8
370
     0
100
AcDbMText
 10
2.0226982537
 20
6.2958669775
 30
0.0
 40
0.08
 41
0.0
 71
     1
 72
     1
  1
0.70
  7
SLDTEXTSTYLE0
 73
     1
 44
1.0
  0
MTEXT
  5
1E1
330
1D9
100
AcDbEntity
  8
0
  6
Continuous
 62
     8
370
     0
100
AcDbMText
 10
2.2295871454
 20
6.2958669775
 30
0.0
 40
0.08
 41
0.0
 71
     1
 72
     1
  1
in
  7
SLDTEXTSTYLE0
 73
     1
 44
1.0
  0
MTEXT
  5
1E2
330
1D9
100
AcDbEntity
  8
0
  6
Continuous
 62
     8
370
     0
100
AcDbMText
 10
1.713492724
 20
6.1524225296
 30
0.0
 40
0.08
 41
0.0
 71
     1
 72
     1
  1
[
  7
SLDTEXTSTYLE0
 73
     1
 44
1.0
  0
MTEXT
  5
1E3
330
1D9
100
AcDbEntity
  8
0
  6
Continuous
 62
     8
370
     0
100
AcDbMText
 10
1.7509371692
 20
6.1512003085
 30
0.0
 40
0.08
 41
0.0
 71
     1
 72
     1
  1
%%c
  7
SLDTEXTSTYLE0
 73
     1
 44
1.0
  0
MTEXT
  5
1E4
330
1D9
100
AcDbEntity
  8
0
  6
Continuous
 62
     8
370
     0
100
AcDbMText
 10
1.8715871694
 20
6.1524225296
 30
0.0
 40
0.08
 41
0.0
 71
     1
 72
     1
  1
17.8mm]
  7
SLDTEXTSTYLE0
 73
     1
 44
1.0
  0
ENDBLK
  5
1DB
330
1D9
100
AcDbEntity
  8
0
100
AcDbBlockEnd
  0
BLOCK
  5
1E8
330
1E7
100
AcDbEntity
  8
0
100
AcDbBlockBegin
  2
_D_4
 70
     0
 10
0.0
 20
0.0
 30
0.0
  3
_D_4
  1

  0
SOLID
  5
1EA
330
1E7
100
AcDbEntity
  8
0
  6
Continuous
 62
     8
370
     0
100
AcDbTrace
 10
3.0794886709
 20
4.9202971431
 30
0.0
 11
2.9722273532
 21
4.8514131121
 31
0.0
 12
3.0069720819
 22
4.8154575308
 32
0.0
 13
3.0069720819
 23
4.8154575308
 33
0.0
  0
LINE
  5
1EB
330
1E7
100
AcDbEntity
  8
0
  6
Continuous
 62
     8
370
     0
100
AcDbLine
 10
3.0794886709
 20
4.9202971431
 30
0.0
 11
2.5425546399
 21
4.4014450893
 31
0.0
  0
LINE
  5
1EC
330
1E7
100
AcDbEntity
  8
0
  6
Continuous
 62
     8
370
     0
100
AcDbLine
 10
2.5425546399
 20
4.4014450893
 30
0.0
 11
2.3925546399
 21
4.4014450893
 31
0.0
  0
MTEXT
  5
1ED
330
1E7
100
AcDbEntity
  8
0
  6
Continuous
 62
     8
370
     0
100
AcDbMText
 10
1.2562211269
 20
4.4410530928
 30
0.0
 40
0.08
 41
0.0
 71
     1
 72
     1
  1
SM05 (0.535-40) SERIES
  7
SLDTEXTSTYLE0
 73
     1
 44
1.0
  0
MTEXT
  5
1EE
330
1E7
100
AcDbEntity
  8
0
  6
Continuous
 62
     8
370
     0
100
AcDbMText
 10
1.4869990476
 20
4.3140530882
 30
0.0
 40
0.08
 41
0.0
 71
     1
 72
     1
  1
INTERNAL THREAD
  7
SLDTEXTSTYLE0
 73
     1
 44
1.0
  0
MTEXT
  5
1EF
330
1E7
100
AcDbEntity
  8
0
  6
Continuous
 62
     8
370
     0
100
AcDbMText
 10
0.3773324532
 20
4.1870530837
 30
0.0
 40
0.08
 41
0.0
 71
     1
 72
     1
  1
(1) SM05RR  RETAINING RING INCLUDED
  7
SLDTEXTSTYLE0
 73
     1
 44
1.0
  0
MTEXT
  5
1F0
330
1E7
100
AcDbEntity
  8
0
  6
Continuous
 62
     8
370
     0
100
AcDbMText
 10
1.3466990417
 20
4.043608638
 30
0.0
 40
0.08
 41
0.0
 71
     1
 72
     1
  1
%%c
  7
SLDTEXTSTYLE0
 73
     1
 44
1.0
  0
MTEXT
  5
1F1
330
1E7
100
AcDbEntity
  8
0
  6
Continuous
 62
     8
370
     0
100
AcDbMText
 10
1.4673490396
 20
4.0448308591
 30
0.0
 40
0.08
 41
0.0
 71
     1
 72
     1
  1
0.44
  7
SLDTEXTSTYLE0
 73
     1
 44
1.0
  0
MTEXT
  5
1F3
330
1E7
100
AcDbEntity
  8
0
  6
Continuous
 62
     8
370
     0
100
AcDbMText
 10
1.6742379312
 20
4.0448308591
 30
0.0
 40
0.08
 41
0.0
 71
     1
 72
     1
  1
in [
  7
SLDTEXTSTYLE3
 73
     1
 44
1.0
  0
MTEXT
  5
1F4
330
1E7
100
AcDbEntity
  8
0
  6
Continuous
 62
     8
370
     0
100
AcDbMText
 10
1.8275712833
 20
4.043608638
 30
0.0
 40
0.08
 41
0.0
 71
     1
 72
     1
  1
%%c
  7
SLDTEXTSTYLE0
 73
     1
 44
1.0
  0
MTEXT
  5
1F5
330
1E7
100
AcDbEntity
  8
0
  6
Continuous
 62
     8
370
     0
100
AcDbMText
 10
1.9482212628
 20
4.0448308591
 30
0.0
 40
0.08
 41
0.0
 71
     1
 72
     1
  1
11.0mm]
  7
SLDTEXTSTYLE0
 73
     1
 44
1.0
  0
MTEXT
  5
1F6
330
1E7
100
AcDbEntity
  8
0
  6
Continuous
 62
     8
370
     0
100
AcDbMText
 10
1.5248879632
 20
3.9166086312
 30
0.0
 40
0.08
 41
0.0
 71
     1
 72
     1
  1
CLEAR APERTURE
  7
SLDTEXTSTYLE0
 73
     1
 44
1.0
  0
ENDBLK
  5
1E9
330
1E7
100
AcDbEntity
  8
0
100
AcDbBlockEnd
  0
BLOCK
  5
1F8
330
1F7
100
AcDbEntity
  8
0
100
AcDbBlockBegin
  2
SW_SYMBOL_MOD_CL
 70
     0
 10
0.0
 20
0.0
 30
0.0
  3
SW_SYMBOL_MOD_CL
  1

  0
MTEXT
  5
1FA
330
1F7
100
AcDbEntity
  8
0
  6
Continuous
 62
     0
370
     0
100
AcDbMText
 10
15.7480314961
 20
23.6220472441
 30
0.0
 40
30.821835344
 41
0.0
 71
     5
 72
     1
  1
C
  7
SLDTEXTSTYLE0
 73
     1
 44
1.0
  0
MTEXT
  5
1FB
330
1F7
100
AcDbEntity
  8
0
  6
Continuous
 62
     0
370
     0
100
AcDbMText
 10
23.6220472441
 20
11.811023622
 30
0.0
 40
30.821835344
 41
0.0
 71
     5
 72
     1
  1
L
  7
SLDTEXTSTYLE0
 73
     1
 44
1.0
  0
ENDBLK
  5
1F9
330
1F7
100
AcDbEntity
  8
0
100
AcDbBlockEnd
  0
BLOCK
  5
1FE
330
1FD
100
AcDbEntity
  8
0
100
AcDbBlockBegin
  2
SW_NOTE_3
 70
     0
 10
0.0
 20
0.0
 30
0.0
  3
SW_NOTE_3
  1

  0
MTEXT
  5
200
330
1FD
100
AcDbEntity
  8
0
  6
Continuous
 62
     0
370
     0
100
AcDbMText
 10
-0.0381780552
 20
0.0346835199
 30
0.0
 40
0.08
 41
0.0
 71
     3
 72
     1
  1
SPANNER WRENCH SLOTS
  7
SLDTEXTSTYLE0
 73
     1
 44
1.0
  0
MTEXT
  5
201
330
1FD
100
AcDbEntity
  8
0
  6
Continuous
 62
     0
370
     0
100
AcDbMText
 10
-0.0185668931
 20
-0.0853164772
 30
0.0
 40
0.08
 41
0.0
 71
     3
 72
     1
  1
FOR USE WITH
  7
SLDTEXTSTYLE0
 73
     1
 44
1.0
  0
MTEXT
  5
202
330
1FD
100
AcDbEntity
  8
0
  6
Continuous
 62
     0
370
     0
100
AcDbMText
 10
-0.0331780418
 20
-0.2053164743
 30
0.0
 40
0.08
 41
0.0
 71
     3
 72
     1
  1
SPW801 (NOT INCLUDED)
  7
SLDTEXTSTYLE0
 73
     1
 44
1.0
  0
MTEXT
  5
203
330
1FD
100
AcDbEntity
  8
0
  6
Continuous
 62
     0
370
     0
100
AcDbMText
 10
-0.0296224302
 20
-0.3253164714
 30
0.0
 40
0.08
 41
0.0
 71
     3
 72
     1
  1
2 PLACES
  7
SLDTEXTSTYLE0
 73
     1
 44
1.0
  0
ENDBLK
  5
1FF
330
1FD
100
AcDbEntity
  8
0
100
AcDbBlockEnd
  0
BLOCK
  5
208
330
207
100
AcDbEntity
  8
0
100
AcDbBlockBegin
  2
SW_CENTERMARKSYMBOL_0
 70
     0
 10
0.0
 20
0.0
 30
0.0
  3
SW_CENTERMARKSYMBOL_0
  1

  0
LINE
  5
20A
330
207
100
AcDbEntity
  8
0
  6
Continuous
 62
     0
370
     0
100
AcDbLine
 10
0.0
 20
0.0
 30
0.0
 11
0.0
 21
0.0625
 31
0.0
  0
LINE
  5
20B
330
207
100
AcDbEntity
  8
0
  6
Continuous
 62
     0
370
     0
100
AcDbLine
 10
0.0
 20
0.0
 30
0.0
 11
-0.0625
 21
0.0
 31
0.0
  0
LINE
  5
20C
330
207
100
AcDbEntity
  8
0
  6
Continuous
 62
     0
370
     0
100
AcDbLine
 10
0.0
 20
0.0
 30
0.0
 11
0.0
 21
-0.0625
 31
0.0
  0
LINE
  5
20D
330
207
100
AcDbEntity
  8
0
  6
Continuous
 62
     0
370
     0
100
AcDbLine
 10
0.0
 20
0.0
 30
0.0
 11
0.0625
 21
0.0
 31
0.0
  0
ENDBLK
  5
209
330
207
100
AcDbEntity
  8
0
100
AcDbBlockEnd
  0
BLOCK
  5
22A
330
229
100
AcDbEntity
  8
0
100
AcDbBlockBegin
  2
_D_5
 70
     0
 10
0.0
 20
0.0
 30
0.0
  3
_D_5
  1

  0
SOLID
  5
22C
330
229
100
AcDbEntity
  8
0
  6
Continuous
 62
     8
370
     0
100
AcDbTrace
 10
3.6218536155
 20
2.0773530868
 30
0.0
 11
3.7310012591
 21
2.1432074101
 31
0.0
 12
3.6972767006
 22
2.1801215559
 32
0.0
 13
3.6972767006
 23
2.1801215559
 33
0.0
  0
LINE
  5
22D
330
229
100
AcDbEntity
  8
0
  6
Continuous
 62
     8
370
     0
100
AcDbLine
 10
3.6218536155
 20
2.0773530868
 30
0.0
 11
4.1546176575
 21
2.564083356
 31
0.0
  0
LINE
  5
22E
330
229
100
AcDbEntity
  8
0
  6
Continuous
 62
     8
370
     0
100
AcDbLine
 10
4.1546176575
 20
2.564083356
 30
0.0
 11
4.3046176575
 21
2.564083356
 31
0.0
  0
MTEXT
  5
22F
330
229
100
AcDbEntity
  8
0
  6
Continuous
 62
     8
370
     0
100
AcDbMText
 10
4.3046176575
 20
2.6036913595
 30
0.0
 40
0.08
 41
0.0
 71
     1
 72
     1
  1
8-32 MOUNTING HOLE
  7
SLDTEXTSTYLE0
 73
     1
 44
1.0
  0
ENDBLK
  5
22B
330
229
100
AcDbEntity
  8
0
100
AcDbBlockEnd
  0
BLOCK
  5
233
330
232
100
AcDbEntity
  8
0
100
AcDbBlockBegin
  2
_D_6
 70
     0
 10
0.0
 20
0.0
 30
0.0
  3
_D_6
  1

  0
SOLID
  5
235
330
232
100
AcDbEntity
  8
0
  6
Continuous
 62
     8
370
     0
100
AcDbTrace
 10
4.8427917907
 20
1.939082397
 30
0.0
 11
4.8677917907
 21
2.064082397
 31
0.0
 12
4.8177917907
 22
2.064082397
 32
0.0
 13
4.8177917907
 23
2.064082397
 33
0.0
  0
SOLID
  5
236
330
232
100
AcDbEntity
  8
0
  6
Continuous
 62
     8
370
     0
100
AcDbTrace
 10
4.8427917907
 20
1.564082397
 30
0.0
 11
4.8177917907
 21
1.439082397
 31
0.0
 12
4.8677917907
 22
1.439082397
 32
0.0
 13
4.8677917907
 23
1.439082397
 33
0.0
  0
LINE
  5
237
330
232
100
AcDbEntity
  8
0
  6
Continuous
 62
     8
370
     0
100
AcDbLine
 10
4.6689028891
 20
1.7509712807
 30
0.0
 11
4.6445278903
 21
1.7509712807
 31
0.0
  0
LINE
  5
238
330
232
100
AcDbEntity
  8
0
  6
Continuous
 62
     8
370
     0
100
AcDbLine
 10
4.6445278903
 20
1.7509712807
 30
0.0
 11
4.6445278903
 21
1.6239712762
 31
0.0
  0
LINE
  5
239
330
232
100
AcDbEntity
  8
0
  6
Continuous
 62
     8
370
     0
100
AcDbLine
 10
4.6445278903
 20
1.6239712762
 30
0.0
 11
4.6689028891
 21
1.6239712762
 31
0.0
  0
LINE
  5
23A
330
232
100
AcDbEntity
  8
0
  6
Continuous
 62
     8
370
     0
100
AcDbLine
 10
5.0166806649
 20
1.7509712807
 30
0.0
 11
5.0410556637
 21
1.7509712807
 31
0.0
  0
LINE
  5
23B
330
232
100
AcDbEntity
  8
0
  6
Continuous
 62
     8
370
     0
100
AcDbLine
 10
5.0410556637
 20
1.7509712807
 30
0.0
 11
5.0410556637
 21
1.6239712762
 31
0.0
  0
LINE
  5
23C
330
232
100
AcDbEntity
  8
0
  6
Continuous
 62
     8
370
     0
100
AcDbLine
 10
5.0410556637
 20
1.6239712762
 30
0.0
 11
5.0166806649
 21
1.6239712762
 31
0.0
  0
LINE
  5
23D
330
232
100
AcDbEntity
  8
0
  6
Continuous
 62
     8
370
     0
100
AcDbLine
 10
4.5955056532
 20
1.939082397
 30
0.0
 11
4.8927917907
 21
1.939082397
 31
0.0
  0
LINE
  5
23E
330
232
100
AcDbEntity
  8
0
  6
Continuous
 62
     8
370
     0
100
AcDbLine
 10
4.395505618
 20
1.564082397
 30
0.0
 11
4.8927917907
 21
1.564082397
 31
0.0
  0
LINE
  5
23F
330
232
100
AcDbEntity
  8
0
  6
Continuous
 62
     8
370
     0
100
AcDbLine
 10
4.8427917907
 20
1.939082397
 30
0.0
 11
4.8427917907
 21
2.189082397
 31
0.0
  0
LINE
  5
240
330
232
100
AcDbEntity
  8
0
  6
Continuous
 62
     8
370
     0
100
AcDbLine
 10
4.8427917907
 20
1.564082397
 30
0.0
 11
4.8427917907
 21
1.314082397
 31
0.0
  0
MTEXT
  5
241
330
232
100
AcDbEntity
  8
0
  6
Continuous
 62
     8
370
     0
100
AcDbMText
 10
4.6210417789
 20
1.871568921
 30
0.0
 40
0.08
 41
0.0
 71
     1
 72
     1
  1

  7
SLDTEXTSTYLE0
 73
     1
 44
1.0
  0
MTEXT
  5
242
330
232
100
AcDbEntity
  8
0
  6
Continuous
 62
     8
370
     0
100
AcDbMText
 10
4.6961806765
 20
1.8703466999
 30
0.0
 40
0.08
 41
0.0
 71
     1
 72
     1
  1
0.15in
  7
SLDTEXTSTYLE0
 73
     1
 44
1.0
  0
MTEXT
  5
243
330
232
100
AcDbEntity
  8
0
  6
Continuous
 62
     8
370
     0
100
AcDbMText
 10
4.6689028891
 20
1.7270966999
 30
0.0
 40
0.08
 41
0.0
 71
     1
 72
     1
  1
3.8mm
  7
SLDTEXTSTYLE0
 73
     1
 44
1.0
  0
MTEXT
  5
244
330
232
100
AcDbEntity
  8
0
  6
Continuous
 62
     8
370
     0
100
AcDbMText
 10
5.1254306855
 20
1.871568921
 30
0.0
 40
0.08
 41
0.0
 71
     1
 72
     1
  1

  7
SLDTEXTSTYLE0
 73
     1
 44
1.0
  0
ENDBLK
  5
234
330
232
100
AcDbEntity
  8
0
100
AcDbBlockEnd
  0
BLOCK
  5
248
330
247
100
AcDbEntity
  8
0
100
AcDbBlockBegin
  2
SW_CENTERMARKSYMBOL_1
 70
     0
 10
0.0
 20
0.0
 30
0.0
  3
SW_CENTERMARKSYMBOL_1
  1

  0
LINE
  5
24A
330
247
100
AcDbEntity
  8
0
  6
Continuous
 62
     0
370
     0
100
AcDbLine
 10
0.0
 20
0.0
 30
0.0
 11
0.0
 21
0.0625
 31
0.0
  0
LINE
  5
24B
330
247
100
AcDbEntity
  8
0
  6
Continuous
 62
     0
370
     0
100
AcDbLine
 10
0.0
 20
0.0
 30
0.0
 11
-0.0625
 21
0.0
 31
0.0
  0
LINE
  5
24C
330
247
100
AcDbEntity
  8
0
  6
Continuous
 62
     0
370
     0
100
AcDbLine
 10
0.0
 20
0.0
 30
0.0
 11
0.0
 21
-0.0625
 31
0.0
  0
LINE
  5
24D
330
247
100
AcDbEntity
  8
0
  6
Continuous
 62
     0
370
     0
100
AcDbLine
 10
0.0
 20
0.0
 30
0.0
 11
0.0625
 21
0.0
 31
0.0
  0
LINE
  5
24E
330
247
100
AcDbEntity
  8
0
  6
Continuous
 62
     0
370
     0
100
AcDbLine
 10
0.0
 20
0.125
 30
0.0
 11
0.0
 21
0.5749999403
 31
0.0
  0
LINE
  5
24F
330
247
100
AcDbEntity
  8
0
  6
Continuous
 62
     0
370
     0
100
AcDbLine
 10
-0.125
 20
0.0
 30
0.0
 11
-1.0749999884
 21
0.0
 31
0.0
  0
LINE
  5
250
330
247
100
AcDbEntity
  8
0
  6
Continuous
 62
     0
370
     0
100
AcDbLine
 10
0.0
 20
-0.125
 30
0.0
 11
0.0
 21
-0.5750000111
 31
0.0
  0
LINE
  5
251
330
247
100
AcDbEntity
  8
0
  6
Continuous
 62
     0
370
     0
100
AcDbLine
 10
0.125
 20
0.0
 30
0.0
 11
1.0750000352
 21
0.0
 31
0.0
  0
ENDBLK
  5
249
330
247
100
AcDbEntity
  8
0
100
AcDbBlockEnd
  0
BLOCK
  5
47A
330
479
100
AcDbEntity
  8
0
100
AcDbBlockBegin
  2
_D_7
 70
     0
 10
0.0
 20
0.0
 30
0.0
  3
_D_7
  1

  0
SOLID
  5
47C
330
479
100
AcDbEntity
  8
0
  6
Continuous
 62
     8
370
     0
100
AcDbTrace
 10
8.6374621534
 20
5.8606460674
 30
0.0
 11
8.6124621534
 21
5.7356460674
 31
0.0
 12
8.6624621534
 22
5.7356460674
 32
0.0
 13
8.6624621534
 23
5.7356460674
 33
0.0
  0
SOLID
  5
47D
330
479
100
AcDbEntity
  8
0
  6
Continuous
 62
     8
370
     0
100
AcDbTrace
 10
8.6374621534
 20
4.7356460674
 30
0.0
 11
8.6624621534
 21
4.8606460674
 31
0.0
 12
8.6124621534
 22
4.8606460674
 32
0.0
 13
8.6124621534
 23
4.8606460674
 33
0.0
  0
LINE
  5
47E
330
479
100
AcDbEntity
  8
0
  6
Continuous
 62
     8
370
     0
100
AcDbLine
 10
8.0627340824
 20
5.8606460674
 30
0.0
 11
8.6874621534
 21
5.8606460674
 31
0.0
  0
LINE
  5
47F
330
479
100
AcDbEntity
  8
0
  6
Continuous
 62
     8
370
     0
100
AcDbLine
 10
8.0627340824
 20
4.7356460674
 30
0.0
 11
8.6874621534
 21
4.7356460674
 31
0.0
  0
LINE
  5
480
330
479
100
AcDbEntity
  8
0
  6
Continuous
 62
     8
370
     0
100
AcDbLine
 10
8.6374621534
 20
5.8606460674
 30
0.0
 11
8.6374621534
 21
5.4409057201
 31
0.0
  0
LINE
  5
481
330
479
100
AcDbEntity
  8
0
  6
Continuous
 62
     8
370
     0
100
AcDbLine
 10
8.6374621534
 20
4.7356460674
 30
0.0
 11
8.6374621534
 21
5.1540168242
 31
0.0
  0
MTEXT
  5
482
330
479
100
AcDbEntity
  8
0
  6
Continuous
 62
     8
370
     0
100
AcDbMText
 10
8.4305260356
 20
5.4005866982
 30
0.0
 40
0.08
 41
0.0
 71
     1
 72
     1
  1
%%c
  7
SLDTEXTSTYLE0
 73
     1
 44
1.0
  0
MTEXT
  5
483
330
479
100
AcDbEntity
  8
0
  6
Continuous
 62
     8
370
     0
100
AcDbMText
 10
8.5511760335
 20
5.4018089193
 30
0.0
 40
0.08
 41
0.0
 71
     1
 72
     1
  1
0.45
  7
SLDTEXTSTYLE0
 73
     1
 44
1.0
  0
MTEXT
  5
484
330
479
100
AcDbEntity
  8
0
  6
Continuous
 62
     8
370
     0
100
AcDbMText
 10
8.7580649252
 20
5.4018089193
 30
0.0
 40
0.08
 41
0.0
 71
     1
 72
     1
  1
in
  7
SLDTEXTSTYLE0
 73
     1
 44
1.0
  0
MTEXT
  5
485
330
479
100
AcDbEntity
  8
0
  6
Continuous
 62
     8
370
     0
100
AcDbMText
 10
8.3362482697
 20
5.2583644714
 30
0.0
 40
0.08
 41
0.0
 71
     1
 72
     1
  1
[
  7
SLDTEXTSTYLE0
 73
     1
 44
1.0
  0
MTEXT
  5
486
330
479
100
AcDbEntity
  8
0
  6
Continuous
 62
     8
370
     0
100
AcDbMText
 10
8.3736927149
 20
5.2571422503
 30
0.0
 40
0.08
 41
0.0
 71
     1
 72
     1
  1
%%c
  7
SLDTEXTSTYLE0
 73
     1
 44
1.0
  0
MTEXT
  5
487
330
479
100
AcDbEntity
  8
0
  6
Continuous
 62
     8
370
     0
100
AcDbMText
 10
8.4943427151
 20
5.2583644714
 30
0.0
 40
0.08
 41
0.0
 71
     1
 72
     1
  1
11.4mm]
  7
SLDTEXTSTYLE0
 73
     1
 44
1.0
  0
ENDBLK
  5
47B
330
479
100
AcDbEntity
  8
0
100
AcDbBlockEnd
  0
BLOCK
  5
48B
330
48A
100
AcDbEntity
  8
0
100
AcDbBlockBegin
  2
_D_8
 70
     0
 10
0.0
 20
0.0
 30
0.0
  3
_D_8
  1

  0
SOLID
  5
48D
330
48A
100
AcDbEntity
  8
0
  6
Continuous
 62
     8
370
     0
100
AcDbTrace
 10
7.2627340824
 20
6.7968689181
 30
0.0
 11
7.1377340824
 21
6.8218689181
 31
0.0
 12
7.1377340824
 22
6.7718689181
 32
0.0
 13
7.1377340824
 23
6.7718689181
 33
0.0
  0
SOLID
  5
48E
330
48A
100
AcDbEntity
  8
0
  6
Continuous
 62
     8
370
     0
100
AcDbTrace
 10
8.0127340824
 20
6.7968689181
 30
0.0
 11
8.1377340824
 21
6.7718689181
 31
0.0
 12
8.1377340824
 22
6.8218689181
 32
0.0
 13
8.1377340824
 23
6.8218689181
 33
0.0
  0
LINE
  5
48F
330
48A
100
AcDbEntity
  8
0
  6
Continuous
 62
     8
370
     0
100
AcDbLine
 10
7.4699910002
 20
6.7962578018
 30
0.0
 11
7.4456160014
 21
6.7962578018
 31
0.0
  0
LINE
  5
490
330
48A
100
AcDbEntity
  8
0
  6
Continuous
 62
     8
370
     0
100
AcDbLine
 10
7.4456160014
 20
6.7962578018
 30
0.0
 11
7.4456160014
 21
6.6692577973
 31
0.0
  0
LINE
  5
491
330
48A
100
AcDbEntity
  8
0
  6
Continuous
 62
     8
370
     0
100
AcDbLine
 10
7.4456160014
 20
6.6692577973
 30
0.0
 11
7.4699910002
 21
6.6692577973
 31
0.0
  0
LINE
  5
492
330
48A
100
AcDbEntity
  8
0
  6
Continuous
 62
     8
370
     0
100
AcDbLine
 10
7.817768776
 20
6.7962578018
 30
0.0
 11
7.8421437749
 21
6.7962578018
 31
0.0
  0
LINE
  5
493
330
48A
100
AcDbEntity
  8
0
  6
Continuous
 62
     8
370
     0
100
AcDbLine
 10
7.8421437749
 20
6.7962578018
 30
0.0
 11
7.8421437749
 21
6.6692577973
 31
0.0
  0
LINE
  5
494
330
48A
100
AcDbEntity
  8
0
  6
Continuous
 62
     8
370
     0
100
AcDbLine
 10
7.8421437749
 20
6.6692577973
 30
0.0
 11
7.817768776
 21
6.6692577973
 31
0.0
  0
LINE
  5
495
330
48A
100
AcDbEntity
  8
0
  6
Continuous
 62
     8
370
     0
100
AcDbLine
 10
7.2627340824
 20
6.2231460674
 30
0.0
 11
7.2627340824
 21
6.8468689181
 31
0.0
  0
LINE
  5
496
330
48A
100
AcDbEntity
  8
0
  6
Continuous
 62
     8
370
     0
100
AcDbLine
 10
8.0127340824
 20
6.2231460674
 30
0.0
 11
8.0127340824
 21
6.3753861424
 31
0.0
  0
LINE
  5
497
330
48A
100
AcDbEntity
  8
0
  6
Continuous
 62
     8
370
     0
100
AcDbLine
 10
8.0127340824
 20
6.4753861424
 30
0.0
 11
8.0127340824
 21
6.8468689181
 31
0.0
  0
LINE
  5
498
330
48A
100
AcDbEntity
  8
0
  6
Continuous
 62
     8
370
     0
100
AcDbLine
 10
7.2627340824
 20
6.7968689181
 30
0.0
 11
7.0127340824
 21
6.7968689181
 31
0.0
  0
LINE
  5
499
330
48A
100
AcDbEntity
  8
0
  6
Continuous
 62
     8
370
     0
100
AcDbLine
 10
8.0127340824
 20
6.7968689181
 30
0.0
 11
8.2627340824
 21
6.7968689181
 31
0.0
  0
MTEXT
  5
49A
330
48A
100
AcDbEntity
  8
0
  6
Continuous
 62
     8
370
     0
100
AcDbMText
 10
7.42212989
 20
6.9168554421
 30
0.0
 40
0.08
 41
0.0
 71
     1
 72
     1
  1

  7
SLDTEXTSTYLE0
 73
     1
 44
1.0
  0
MTEXT
  5
49B
330
48A
100
AcDbEntity
  8
0
  6
Continuous
 62
     8
370
     0
100
AcDbMText
 10
7.4972687876
 20
6.915633221
 30
0.0
 40
0.08
 41
0.0
 71
     1
 72
     1
  1
0.30in
  7
SLDTEXTSTYLE0
 73
     1
 44
1.0
  0
MTEXT
  5
49C
330
48A
100
AcDbEntity
  8
0
  6
Continuous
 62
     8
370
     0
100
AcDbMText
 10
7.4699910002
 20
6.772383221
 30
0.0
 40
0.08
 41
0.0
 71
     1
 72
     1
  1
7.6mm
  7
SLDTEXTSTYLE0
 73
     1
 44
1.0
  0
MTEXT
  5
49D
330
48A
100
AcDbEntity
  8
0
  6
Continuous
 62
     8
370
     0
100
AcDbMText
 10
7.9265187966
 20
6.9168554421
 30
0.0
 40
0.08
 41
0.0
 71
     1
 72
     1
  1

  7
SLDTEXTSTYLE0
 73
     1
 44
1.0
  0
ENDBLK
  5
48C
330
48A
100
AcDbEntity
  8
0
100
AcDbBlockEnd
  0
BLOCK
  5
4A0
330
49F
100
AcDbEntity
  8
0
100
AcDbBlockBegin
  2
_D_9
 70
     0
 10
0.0
 20
0.0
 30
0.0
  3
_D_9
  1

  0
SOLID
  5
4A2
330
49F
100
AcDbEntity
  8
0
  6
Continuous
 62
     8
370
     0
100
AcDbTrace
 10
7.2627340824
 20
6.4253861424
 30
0.0
 11
7.1377340824
 21
6.4503861424
 31
0.0
 12
7.1377340824
 22
6.4003861424
 32
0.0
 13
7.1377340824
 23
6.4003861424
 33
0.0
  0
SOLID
  5
4A3
330
49F
100
AcDbEntity
  8
0
  6
Continuous
 62
     8
370
     0
100
AcDbTrace
 10
7.9502340824
 20
6.4253861424
 30
0.0
 11
8.0752340824
 21
6.4003861424
 31
0.0
 12
8.0752340824
 22
6.4503861424
 32
0.0
 13
8.0752340824
 23
6.4503861424
 33
0.0
  0
LINE
  5
4A4
330
49F
100
AcDbEntity
  8
0
  6
Continuous
 62
     8
370
     0
100
AcDbLine
 10
7.4325951808
 20
6.4247750261
 30
0.0
 11
7.4082201819
 21
6.4247750261
 31
0.0
  0
LINE
  5
4A5
330
49F
100
AcDbEntity
  8
0
  6
Continuous
 62
     8
370
     0
100
AcDbLine
 10
7.4082201819
 20
6.4247750261
 30
0.0
 11
7.4082201819
 21
6.2977750215
 31
0.0
  0
LINE
  5
4A6
330
49F
100
AcDbEntity
  8
0
  6
Continuous
 62
     8
370
     0
100
AcDbLine
 10
7.4082201819
 20
6.2977750215
 30
0.0
 11
7.4325951808
 21
6.2977750215
 31
0.0
  0
LINE
  5
4A7
330
49F
100
AcDbEntity
  8
0
  6
Continuous
 62
     8
370
     0
100
AcDbLine
 10
7.7803729565
 20
6.4247750261
 30
0.0
 11
7.8047479554
 21
6.4247750261
 31
0.0
  0
LINE
  5
4A8
330
49F
100
AcDbEntity
  8
0
  6
Continuous
 62
     8
370
     0
100
AcDbLine
 10
7.8047479554
 20
6.4247750261
 30
0.0
 11
7.8047479554
 21
6.2977750215
 31
0.0
  0
LINE
  5
4A9
330
49F
100
AcDbEntity
  8
0
  6
Continuous
 62
     8
370
     0
100
AcDbLine
 10
7.8047479554
 20
6.2977750215
 30
0.0
 11
7.7803729565
 21
6.2977750215
 31
0.0
  0
LINE
  5
4AA
330
49F
100
AcDbEntity
  8
0
  6
Continuous
 62
     8
370
     0
100
AcDbLine
 10
7.2627340824
 20
6.2231460674
 30
0.0
 11
7.2627340824
 21
6.4753861424
 31
0.0
  0
LINE
  5
4AB
330
49F
100
AcDbEntity
  8
0
  6
Continuous
 62
     8
370
     0
100
AcDbLine
 10
7.9502340824
 20
6.0168960674
 30
0.0
 11
7.9502340824
 21
6.4753861424
 31
0.0
  0
LINE
  5
4AC
330
49F
100
AcDbEntity
  8
0
  6
Continuous
 62
     8
370
     0
100
AcDbLine
 10
7.2627340824
 20
6.4253861424
 30
0.0
 11
7.0127340824
 21
6.4253861424
 31
0.0
  0
LINE
  5
4AD
330
49F
100
AcDbEntity
  8
0
  6
Continuous
 62
     8
370
     0
100
AcDbLine
 10
7.9502340824
 20
6.4253861424
 30
0.0
 11
8.2002340824
 21
6.4253861424
 31
0.0
  0
MTEXT
  5
4AE
330
49F
100
AcDbEntity
  8
0
  6
Continuous
 62
     8
370
     0
100
AcDbMText
 10
7.3847340705
 20
6.5453726663
 30
0.0
 40
0.08
 41
0.0
 71
     1
 72
     1
  1

  7
SLDTEXTSTYLE0
 73
     1
 44
1.0
  0
MTEXT
  5
4AF
330
49F
100
AcDbEntity
  8
0
  6
Continuous
 62
     8
370
     0
100
AcDbMText
 10
7.4598729681
 20
6.5441504453
 30
0.0
 40
0.08
 41
0.0
 71
     1
 72
     1
  1
0.28in
  7
SLDTEXTSTYLE0
 73
     1
 44
1.0
  0
MTEXT
  5
4B0
330
49F
100
AcDbEntity
  8
0
  6
Continuous
 62
     8
370
     0
100
AcDbMText
 10
7.4325951808
 20
6.4009004453
 30
0.0
 40
0.08
 41
0.0
 71
     1
 72
     1
  1
7.0mm
  7
SLDTEXTSTYLE0
 73
     1
 44
1.0
  0
MTEXT
  5
4B1
330
49F
100
AcDbEntity
  8
0
  6
Continuous
 62
     8
370
     0
100
AcDbMText
 10
7.8891229771
 20
6.5453726663
 30
0.0
 40
0.08
 41
0.0
 71
     1
 72
     1
  1

  7
SLDTEXTSTYLE0
 73
     1
 44
1.0
  0
ENDBLK
  5
4A1
330
49F
100
AcDbEntity
  8
0
100
AcDbBlockEnd
  0
ENDSEC
  0
SECTION
  2
ENTITIES
  0
LINE
  5
81
330
1F
100
AcDbEntity
  8
0
  6
Continuous
 62
     7
370
     0
100
AcDbLine
 10
0.059999991
 20
8.4400002367
 30
0.0
 11
10.9399996427
 21
8.4400002367
 31
0.0
  0
LINE
  5
82
330
1F
100
AcDbEntity
  8
0
  6
Continuous
 62
     7
370
     0
100
AcDbLine
 10
0.059999991
 20
8.4400002367
 30
0.0
 11
0.059999991
 21
0.0600000225
 31
0.0
  0
LINE
  5
83
330
1F
100
AcDbEntity
  8
0
  6
Continuous
 62
     7
370
     0
100
AcDbLine
 10
10.9399996427
 20
0.0600000225
 30
0.0
 11
0.059999991
 21
0.0600000225
 31
0.0
  0
LINE
  5
84
330
1F
100
AcDbEntity
  8
0
  6
Continuous
 62
     7
370
     0
100
AcDbLine
 10
10.9399996427
 20
8.4400002367
 30
0.0
 11
10.9399996427
 21
0.0600000225
 31
0.0
  0
LINE
  5
85
330
1F
100
AcDbEntity
  8
0
  6
Continuous
 62
     7
370
     0
100
AcDbLine
 10
8.4399996427
 20
0.4600000225
 30
0.0
 11
6.7399996427
 21
0.4600000225
 31
0.0
  0
LINE
  5
86
330
1F
100
AcDbEntity
  8
0
  6
Continuous
 62
     7
370
     0
100
AcDbLine
 10
6.7399996427
 20
1.4100000225
 30
0.0
 11
6.7399996427
 21
0.0600000225
 31
0.0
  0
LINE
  5
87
330
1F
100
AcDbEntity
  8
0
  6
Continuous
 62
     7
370
     0
100
AcDbLine
 10
8.4399996427
 20
0.6600000225
 30
0.0
 11
10.9399996427
 21
0.6600000225
 31
0.0
  0
LINE
  5
88
330
1F
100
AcDbEntity
  8
0
  6
Continuous
 62
     7
370
     0
100
AcDbLine
 10
8.4399996427
 20
1.4100000225
 30
0.0
 11
8.4399996427
 21
0.0600000225
 31
0.0
  0
LINE
  5
89
330
1F
100
AcDbEntity
  8
0
  6
Continuous
 62
     7
370
     0
100
AcDbLine
 10
8.4399996427
 20
1.0600000225
 30
0.0
 11
6.7399996427
 21
1.0600000225
 31
0.0
  0
LINE
  5
8A
330
1F
100
AcDbEntity
  8
0
  6
Continuous
 62
     7
370
     0
100
AcDbLine
 10
8.4399996427
 20
0.3600000225
 30
0.0
 11
10.9399996427
 21
0.3600000225
 31
0.0
  0
LINE
  5
8B
330
1F
100
AcDbEntity
  8
0
  6
Continuous
 62
     7
370
     0
100
AcDbLine
 10
8.4399996427
 20
0.6600000225
 30
0.0
 11
6.7399996427
 21
0.6600000225
 31
0.0
  0
LINE
  5
8C
330
1F
100
AcDbEntity
  8
0
  6
Continuous
 62
     7
370
     0
100
AcDbLine
 10
8.4399996427
 20
0.8600000225
 30
0.0
 11
6.7399996427
 21
0.8600000225
 31
0.0
  0
LINE
  5
8D
330
1F
100
AcDbEntity
  8
0
  6
Continuous
 62
     7
370
     0
100
AcDbLine
 10
7.3399996427
 20
1.0600000225
 30
0.0
 11
7.3399996427
 21
0.4600000225
 31
0.0
  0
LINE
  5
8E
330
1F
100
AcDbEntity
  8
0
  6
Continuous
 62
     7
370
     0
100
AcDbLine
 10
7.7899996427
 20
1.0600000225
 30
0.0
 11
7.7899996427
 21
0.4600000225
 31
0.0
  0
LINE
  5
8F
330
1F
100
AcDbEntity
  8
0
  6
Continuous
 62
     7
370
     0
100
AcDbLine
 10
9.9399996427
 20
0.3600000225
 30
0.0
 11
9.9399996427
 21
0.0600000225
 31
0.0
  0
LINE
  5
90
330
1F
100
AcDbEntity
  8
0
  6
Continuous
 62
     7
370
     0
100
AcDbLine
 10
6.7399996427
 20
0.3100000225
 30
0.0
 11
8.4399996427
 21
0.3100000225
 31
0.0
  0
LINE
  5
91
330
1F
100
AcDbEntity
  8
0
  6
Continuous
 62
     7
370
     0
100
AcDbLine
 10
10.5399996427
 20
0.6600000225
 30
0.0
 11
10.5399996427
 21
0.3600000225
 31
0.0
  0
LINE
  5
92
330
1F
100
AcDbEntity
  8
0
  6
Continuous
 62
     7
370
     0
100
AcDbLine
 10
6.7399996427
 20
1.4100000225
 30
0.0
 11
10.9399996427
 21
1.4100000225
 31
0.0
  0
LINE
  5
93
330
1F
100
AcDbEntity
  8
0
  6
Continuous
 62
     7
370
     0
100
AcDbLine
 10
8.4399996427
 20
0.9600000225
 30
0.0
 11
10.9399996427
 21
0.9600000225
 31
0.0
  0
INSERT
  5
94
330
1F
100
AcDbEntity
  8
0
  6
Continuous
 62
     7
100
AcDbBlockReference
  2
Third Angle Projection Block
 10
4.6063850319
 20
0.6384517275
 30
0.0
 41
0.8
 42
0.8
 43
0.8
  0
MTEXT
  5
96
330
1F
100
AcDbEntity
  8
0
  6
Continuous
 62
     7
370
     0
100
AcDbMText
 10
8.4649996427
 20
0.6317723219
 30
0.0
 40
0.0729166667
 41
0.0
 71
     1
 72
     1
  1
MATERIAL
  7
SLDTEXTSTYLE0
 73
     1
 44
1.0
  0
MTEXT
  5
97
330
1F
100
AcDbEntity
  8
0
  6
Continuous
 62
     7
370
     0
100
AcDbMText
 10
10.7400502793
 20
0.6317723219
 30
0.0
 40
0.0729166667
 41
0.0
 71
     2
 72
     1
  1
REV
  7
SLDTEXTSTYLE0
 73
     1
 44
1.0
  0
MTEXT
  5
99
330
1F
100
AcDbEntity
  8
0
  6
Continuous
 62
     7
370
     0
100
AcDbMText
 10
8.9889525296
 20
1.104453716
 30
0.0
 40
0.0833333333
 41
0.0
 71
     1
 72
     1
  1
w w w . t h o r  l a b s . c o m
  7
SLDTEXTSTYLE1
 73
     1
 44
1.0
  0
MTEXT
  5
9A
330
1F
100
AcDbEntity
  8
0
  6
Continuous
 62
     7
370
     0
100
AcDbMText
 10
8.4649996427
 20
0.3317723219
 30
0.0
 40
0.0729166667
 41
0.0
 71
     1
 72
     1
  1
ITEM #
  7
SLDTEXTSTYLE0
 73
     1
 44
1.0
  0
MTEXT
  5
9B
330
1F
100
AcDbEntity
  8
0
  6
Continuous
 62
     7
370
     0
100
AcDbMText
 10
10.4449113838
 20
0.3317723219
 30
0.0
 40
0.0729166667
 41
0.0
 71
     2
 72
     1
  1
APPROX WEIGHT
  7
SLDTEXTSTYLE0
 73
     1
 44
1.0
  0
MTEXT
  5
9C
330
1F
100
AcDbEntity
  8
0
  6
Continuous
 62
     7
370
     0
100
AcDbMText
 10
9.4799735897
 20
0.4947466274
 30
0.0
 40
0.09375
 41
0.0
 71
     2
 72
     1
  1
ALUMINUM
  7
SLDTEXTSTYLE0
 73
     1
 44
1.0
  0
MTEXT
  5
9E
330
1F
100
AcDbEntity
  8
0
  6
Continuous
 62
     7
370
     0
100
AcDbMText
 10
10.4362561595
 20
0.1951180146
 30
0.0
 40
0.09375
 41
0.0
 71
     2
 72
     1
  1
4.5 g
  7
SLDTEXTSTYLE2
 73
     1
 44
1.0
  0
INSERT
  5
A4
330
1F
100
AcDbEntity
  8
0
  6
Continuous
 62
     7
370
     0
100
AcDbBlockReference
  2
SW_NOTE_0
 10
6.8069060024
 20
0.1927321094
 30
0.0
  0
INSERT
  5
AA
330
1F
100
AcDbEntity
  8
0
  6
Continuous
 62
     7
370
     0
100
AcDbBlockReference
  2
SW_NOTE_1
 10
6.8993071354
 20
1.234479017
 30
0.0
  0
MTEXT
  5
AB
330
1F
100
AcDbEntity
  8
0
  6
Continuous
 62
     7
370
     0
100
AcDbMText
 10
7.5617757819
 20
1.0057469609
 30
0.0
 40
0.0729166667
 41
0.0
 71
     2
 72
     1
  1
NAME
  7
SLDTEXTSTYLE0
 73
     1
 44
1.0
  0
INSERT
  5
B1
330
1F
100
AcDbEntity
  8
0
  6
Continuous
 62
     7
370
     0
100
AcDbBlockReference
  2
SW_NOTE_2
 10
2.6309893872
 20
0.4347069515
 30
0.0
  0
MTEXT
  5
B2
330
1F
100
AcDbEntity
  8
0
  6
Continuous
 62
     7
370
     0
100
AcDbMText
 10
9.6808565525
 20
0.8573773367
 30
0.0
 40
0.09375
 41
0.0
 71
     2
 72
     1
  1
0.50in LENS MOUNTING RING
  7
SLDTEXTSTYLE0
 73
     1
 44
1.0
  0
MTEXT
  5
B3
330
1F
100
AcDbEntity
  8
0
  6
Continuous
 62
     7
370
     0
100
AcDbMText
 10
7.5830551195
 20
0.4170822653
 30
0.0
 40
0.0625
 41
0.0
 71
     2
 72
     1
  1
COPYRIGHT © 2016 BY THORLABS
  7
SLDTEXTSTYLE0
 73
     1
 44
1.0
  0
MTEXT
  5
B4
330
1F
100
AcDbEntity
  8
0
  6
Continuous
 62
     7
370
     0
100
AcDbMText
 10
8.1111090707
 20
1.0057469609
 30
0.0
 40
0.0729166667
 41
0.0
 71
     2
 72
     1
  1
DATE
  7
SLDTEXTSTYLE0
 73
     1
 44
1.0
  0
MTEXT
  5
B5
330
1F
100
AcDbEntity
  8
0
  6
Continuous
 62
     7
370
     0
100
AcDbMText
 10
7.0336785084
 20
0.8020461637
 30
0.0
 40
0.0729166667
 41
0.0
 71
     2
 72
     1
  1
REDRAWN
  7
SLDTEXTSTYLE0
 73
     1
 44
1.0
  0
MTEXT
  5
B6
330
1F
100
AcDbEntity
  8
0
  6
Continuous
 62
     7
370
     0
100
AcDbMText
 10
7.0304630779
 20
0.6020461637
 30
0.0
 40
0.0729166667
 41
0.0
 71
     2
 72
     1
  1
APPROVAL
  7
SLDTEXTSTYLE0
 73
     1
 44
1.0
  0
MTEXT
  5
B7
330
1F
100
AcDbEntity
  8
0
  6
Continuous
 62
     7
370
     0
100
AcDbMText
 10
7.5639953525
 20
0.8020461637
 30
0.0
 40
0.0729166667
 41
0.0
 71
     2
 72
     1
  1
CG
  7
SLDTEXTSTYLE0
 73
     1
 44
1.0
  0
MTEXT
  5
B8
330
1F
100
AcDbEntity
  8
0
  6
Continuous
 62
     7
370
     0
100
AcDbMText
 10
7.5618432957
 20
0.6020461637
 30
0.0
 40
0.0729166667
 41
0.0
 71
     2
 72
     1
  1
AK
  7
SLDTEXTSTYLE0
 73
     1
 44
1.0
  0
MTEXT
  5
B9
330
1F
100
AcDbEntity
  8
0
  6
Continuous
 62
     7
370
     0
100
AcDbMText
 10
8.1093367997
 20
0.8020461637
 30
0.0
 40
0.0729166667
 41
0.0
 71
     2
 72
     1
  1
15/JUN/15
  7
SLDTEXTSTYLE0
 73
     1
 44
1.0
  0
MTEXT
  5
BA
330
1F
100
AcDbEntity
  8
0
  6
Continuous
 62
     7
370
     0
100
AcDbMText
 10
8.1093367997
 20
0.6020461637
 30
0.0
 40
0.0729166667
 41
0.0
 71
     2
 72
     1
  1
16/JUN/15
  7
SLDTEXTSTYLE0
 73
     1
 44
1.0
  0
MTEXT
  5
BB
330
1F
100
AcDbEntity
  8
0
  6
Continuous
 62
     7
370
     0
100
AcDbMText
 10
10.7388820231
 20
0.4947220486
 30
0.0
 40
0.09375
 41
0.0
 71
     2
 72
     1
  1
D
  7
SLDTEXTSTYLE0
 73
     1
 44
1.0
  0
MTEXT
  5
BC
330
1F
100
AcDbEntity
  8
0
  6
Continuous
 62
     7
370
     0
100
AcDbMText
 10
9.2273304549
 20
0.1950934358
 30
0.0
 40
0.09375
 41
0.0
 71
     2
 72
     1
  1
LMR05
  7
SLDTEXTSTYLE0
 73
     1
 44
1.0
  0
ARC
  5
BD
330
1F
100
AcDbEntity
  8
0
  6
Continuous
 62
     7
370
     0
100
AcDbCircle
 10
3.470505618
 20
5.2981460674
 30
0.0
 40
0.54375
100
AcDbArc
 50
6.2026869268
 51
173.7973130732
  0
LINE
  5
BE
330
1F
100
AcDbEntity
  8
0
  6
Continuous
 62
     7
370
     0
100
AcDbLine
 10
2.929938771
 20
5.3568960679
 30
0.0
 11
2.8478222904
 21
5.3568960679
 31
0.0
  0
ARC
  5
BF
330
1F
100
AcDbEntity
  8
0
  6
Continuous
 62
     7
370
     0
100
AcDbCircle
 10
3.470505618
 20
5.2981460674
 30
0.0
 40
0.6254487298107791
100
AcDbArc
 50
5.3898852398
 51
174.6101147602
  0
LINE
  5
C0
330
1F
100
AcDbEntity
  8
0
  6
Continuous
 62
     7
370
     0
100
AcDbLine
 10
4.0931889455
 20
5.3568960679
 30
0.0
 11
4.011072465
 21
5.3568960679
 31
0.0
  0
ARC
  5
C1
330
1F
100
AcDbEntity
  8
0
  6
Continuous
 62
     7
370
     0
100
AcDbCircle
 10
3.470505618
 20
5.2981460674
 30
0.0
 40
0.54375
100
AcDbArc
 50
186.2026869268
 51
353.7973130732
  0
LINE
  5
C2
330
1F
100
AcDbEntity
  8
0
  6
Continuous
 62
     7
370
     0
100
AcDbLine
 10
4.011072465
 20
5.2393960669
 30
0.0
 11
4.0931889455
 21
5.2393960669
 31
0.0
  0
ARC
  5
C3
330
1F
100
AcDbEntity
  8
0
  6
Continuous
 62
     7
370
     0
100
AcDbCircle
 10
3.470505618
 20
5.2981460674
 30
0.0
 40
0.6254487298107791
100
AcDbArc
 50
185.3898852398
 51
354.6101147602
  0
LINE
  5
C4
330
1F
100
AcDbEntity
  8
0
  6
Continuous
 62
     7
370
     0
100
AcDbLine
 10
2.8478222904
 20
5.2393960669
 30
0.0
 11
2.929938771
 21
5.2393960669
 31
0.0
  0
ARC
  5
C5
330
1F
100
AcDbEntity
  8
0
  6
Continuous
 62
     7
370
     0
100
AcDbCircle
 10
3.470505618
 20
5.2981460674
 30
0.0
 40
0.6687500000000004
100
AcDbArc
 50
5.0399580542
 51
174.9600419458
  0
LINE
  5
C6
330
1F
100
AcDbEntity
  8
0
  6
Continuous
 62
     7
370
     0
100
AcDbLine
 10
2.8478222904
 20
5.3568960679
 30
0.0
 11
2.8043412136
 21
5.3568960679
 31
0.0
  0
LINE
  5
C7
330
1F
100
AcDbEntity
  8
0
  6
Continuous
 62
     7
370
     0
100
AcDbLine
 10
4.1366700224
 20
5.3568960679
 30
0.0
 11
4.0931889455
 21
5.3568960679
 31
0.0
  0
ARC
  5
C8
330
1F
100
AcDbEntity
  8
0
  6
Continuous
 62
     7
370
     0
100
AcDbCircle
 10
3.470505618
 20
5.2981460674
 30
0.0
 40
0.6687500000000004
100
AcDbArc
 50
185.0399580542
 51
354.9600419458
  0
LINE
  5
C9
330
1F
100
AcDbEntity
  8
0
  6
Continuous
 62
     7
370
     0
100
AcDbLine
 10
2.8043412136
 20
5.2393960669
 30
0.0
 11
2.8478222904
 21
5.2393960669
 31
0.0
  0
LINE
  5
CA
330
1F
100
AcDbEntity
  8
0
  6
Continuous
 62
     7
370
     0
100
AcDbLine
 10
4.0931889455
 20
5.2393960669
 30
0.0
 11
4.1366700224
 21
5.2393960669
 31
0.0
  0
ARC
  5
CB
330
1F
100
AcDbEntity
  8
0
  6
Continuous
 62
     7
370
     0
100
AcDbCircle
 10
3.470505618
 20
5.2981460674
 30
0.0
 40
0.5437499999999995
100
AcDbArc
 50
173.7973130732
 51
186.2026869268
  0
ARC
  5
CC
330
1F
100
AcDbEntity
  8
0
  6
Continuous
 62
     7
370
     0
100
AcDbCircle
 10
3.470505618
 20
5.2981460674
 30
0.0
 40
0.54375
100
AcDbArc
 50
353.7973130732
 51
6.2026869268
  0
LINE
  5
CD
330
1F
100
AcDbEntity
  8
0
  6
Continuous
 62
     7
370
     0
100
AcDbLine
 10
3.7654120508
 20
4.366715969
 30
0.0
 11
3.8003219121
 21
4.366715969
 31
0.0
  0
LINE
  5
CE
330
1F
100
AcDbEntity
  8
0
  6
Continuous
 62
     7
370
     0
100
AcDbLine
 10
3.7654120508
 20
4.366715969
 30
0.0
 11
3.7654120508
 21
4.3289303972
 31
0.0
  0
LINE
  5
CF
330
1F
100
AcDbEntity
  8
0
  6
Continuous
 62
     7
370
     0
100
AcDbLine
 10
3.8003219121
 20
4.3289303972
 30
0.0
 11
3.7654120508
 21
4.3289303972
 31
0.0
  0
SPLINE
  5
D0
330
1F
100
AcDbEntity
  8
0
  6
Continuous
 62
     7
370
     0
100
AcDbSpline
210
0.0
220
0.0
230
1.0
 70
     8
 71
     3
 72
     8
 73
     4
 74
     0
 42
0.000000001
 43
0.00000001
 40
2.0
 40
2.0
 40
2.0
 40
2.0
 40
3.0
 40
3.0
 40
3.0
 40
3.0
 10
3.818745083915205
 20
4.347687631649268
 30
0.0
 10
3.818745083915205
 20
4.333621538369774
 30
0.0
 10
3.808087192208166
 20
4.328930420012236
 30
0.0
 10
3.800321914761838
 20
4.328930420012236
 30
0.0
  0
SPLINE
  5
D1
330
1F
100
AcDbEntity
  8
0
  6
Continuous
 62
     7
370
     0
100
AcDbSpline
210
0.0
220
0.0
230
1.0
 70
     8
 71
     3
 72
     8
 73
     4
 74
     0
 42
0.000000001
 43
0.00000001
 40
1.0
 40
1.0
 40
1.0
 40
1.0
 40
2.0
 40
2.0
 40
2.0
 40
2.0
 10
3.800321914761838
 20
4.366715950229562
 30
0.0
 10
3.80978403120127
 20
4.366715950229562
 30
0.0
 10
3.818745083915205
 20
4.36202362157317
 30
0.0
 10
3.818745083915205
 20
4.347687631649268
 30
0.0
  0
LINE
  5
D2
330
1F
100
AcDbEntity
  8
0
  6
Continuous
 62
     7
370
     0
100
AcDbLine
 10
3.7654120508
 20
4.4151823258
 30
0.0
 11
3.796841094
 21
4.4151823258
 31
0.0
  0
LINE
  5
D3
330
1F
100
AcDbEntity
  8
0
  6
Continuous
 62
     7
370
     0
100
AcDbLine
 10
3.7654120508
 20
4.3823953712
 30
0.0
 11
3.7654120508
 21
4.4151823258
 31
0.0
  0
LINE
  5
D4
330
1F
100
AcDbEntity
  8
0
  6
Continuous
 62
     7
370
     0
100
AcDbLine
 10
3.796841094
 20
4.3823953712
 30
0.0
 11
3.7654120508
 21
4.3823953712
 31
0.0
  0
SPLINE
  5
D5
330
1F
100
AcDbEntity
  8
0
  6
Continuous
 62
     7
370
     0
100
AcDbSpline
210
0.0
220
0.0
230
1.0
 70
     8
 71
     3
 72
     8
 73
     4
 74
     0
 42
0.000000001
 43
0.00000001
 40
2.0
 40
2.0
 40
2.0
 40
2.0
 40
3.0
 40
3.0
 40
3.0
 40
3.0
 10
3.813434292544494
 20
4.398667839971311
 30
0.0
 10
3.813434292544494
 20
4.386466817225608
 30
0.0
 10
3.803834202035723
 20
4.382395371881242
 30
0.0
 10
3.796841095258153
 20
4.382395371881242
 30
0.0
  0
SPLINE
  5
D6
330
1F
100
AcDbEntity
  8
0
  6
Continuous
 62
     7
370
     0
100
AcDbSpline
210
0.0
220
0.0
230
1.0
 70
     8
 71
     3
 72
     8
 73
     4
 74
     0
 42
0.000000001
 43
0.00000001
 40
1.0
 40
1.0
 40
1.0
 40
1.0
 40
2.0
 40
2.0
 40
2.0
 40
2.0
 10
3.796841095258153
 20
4.41518236783215
 30
0.0
 10
3.805364019786994
 20
4.41518236783215
 30
0.0
 10
3.813434292544494
 20
4.411108501890077
 30
0.0
 10
3.813434292544494
 20
4.398667839971311
 30
0.0
  0
LINE
  5
D7
330
1F
100
AcDbEntity
  8
0
  6
Continuous
 62
     7
370
     0
100
AcDbLine
 10
3.66499114
 20
4.4050473179
 30
0.0
 11
3.6705052617
 21
4.4050473179
 31
0.0
  0
LINE
  5
D8
330
1F
100
AcDbEntity
  8
0
  6
Continuous
 62
     7
370
     0
100
AcDbLine
 10
3.66499114
 20
4.4050473179
 30
0.0
 11
3.6472868904
 21
4.3508682688
 31
0.0
  0
LINE
  5
D9
330
1F
100
AcDbEntity
  8
0
  6
Continuous
 62
     7
370
     0
100
AcDbLine
 10
3.6876213161
 20
4.3508682688
 30
0.0
 11
3.6472868904
 21
4.3508682688
 31
0.0
  0
LINE
  5
DA
330
1F
100
AcDbEntity
  8
0
  6
Continuous
 62
     7
370
     0
100
AcDbLine
 10
3.6705052617
 20
4.4050473179
 30
0.0
 11
3.6876213161
 21
4.3508682688
 31
0.0
  0
SPLINE
  5
DB
330
1F
100
AcDbEntity
  8
0
  6
Continuous
 62
     7
370
     0
100
AcDbSpline
210
0.0
220
0.0
230
1.0
 70
     8
 71
     3
 72
     8
 73
     4
 74
     0
 42
0.000000001
 43
0.00000001
 40
31.0
 40
31.0
 40
31.0
 40
31.0
 40
32.0
 40
32.0
 40
32.0
 40
32.0
 10
3.967289903444136
 20
4.34806524489167
 30
0.0
 10
3.967289903444136
 20
4.313842834500091
 30
0.0
 10
3.938053924330436
 20
4.301129855339207
 30
0.0
 10
3.908241842962302
 20
4.301129855339207
 30
0.0
  0
SPLINE
  5
DC
330
1F
100
AcDbEntity
  8
0
  6
Continuous
 62
     7
370
     0
100
AcDbSpline
210
0.0
220
0.0
230
1.0
 70
     8
 71
     3
 72
     8
 73
     4
 74
     0
 42
0.000000001
 43
0.00000001
 40
0.0
 40
0.0
 40
0.0
 40
0.0
 40
1.0
 40
1.0
 40
1.0
 40
1.0
 10
3.908241842962302
 20
4.301129855339207
 30
0.0
 10
3.880702702841705
 20
4.301129855339207
 30
0.0
 10
3.856012606223082
 20
4.313559624568288
 30
0.0
 10
3.850549317196784
 20
4.339978027950217
 30
0.0
  0
SPLINE
  5
DD
330
1F
100
AcDbEntity
  8
0
  6
Continuous
 62
     7
370
     0
100
AcDbSpline
210
0.0
220
0.0
230
1.0
 70
     8
 71
     3
 72
     8
 73
     4
 74
     0
 42
0.000000001
 43
0.00000001
 40
1.0
 40
1.0
 40
1.0
 40
1.0
 40
2.0
 40
2.0
 40
2.0
 40
2.0
 10
3.850549317196784
 20
4.339978027950217
 30
0.0
 10
3.846949888405421
 20
4.314184138776877
 30
0.0
 10
3.8248982432882
 20
4.305155309327125
 30
0.0
 10
3.798346707032347
 20
4.305155309327125
 30
0.0
  0
LINE
  5
DE
330
1F
100
AcDbEntity
  8
0
  6
Continuous
 62
     7
370
     0
100
AcDbLine
 10
3.7983467016
 20
4.3051552719
 30
0.0
 11
3.6992740544
 21
4.3051552719
 31
0.0
  0
LINE
  5
DF
330
1F
100
AcDbEntity
  8
0
  6
Continuous
 62
     7
370
     0
100
AcDbLine
 10
3.6992740544
 20
4.3051552719
 30
0.0
 11
3.6891825876
 21
4.3281679227
 31
0.0
  0
LINE
  5
E0
330
1F
100
AcDbEntity
  8
0
  6
Continuous
 62
     7
370
     0
100
AcDbLine
 10
3.6891825876
 20
4.3281679227
 30
0.0
 11
3.6453988195
 21
4.3281679227
 31
0.0
  0
LINE
  5
E1
330
1F
100
AcDbEntity
  8
0
  6
Continuous
 62
     7
370
     0
100
AcDbLine
 10
3.6453988195
 20
4.3281679227
 30
0.0
 11
3.6351088623
 21
4.3053417197
 31
0.0
  0
LINE
  5
E2
330
1F
100
AcDbEntity
  8
0
  6
Continuous
 62
     7
370
     0
100
AcDbLine
 10
3.6351088623
 20
4.3053417197
 30
0.0
 11
3.5098429281
 21
4.3053417197
 31
0.0
  0
LINE
  5
E3
330
1F
100
AcDbEntity
  8
0
  6
Continuous
 62
     7
370
     0
100
AcDbLine
 10
3.5098429281
 20
4.3053417197
 30
0.0
 11
3.5098429281
 21
4.4407135809
 31
0.0
  0
LINE
  5
E4
330
1F
100
AcDbEntity
  8
0
  6
Continuous
 62
     7
370
     0
100
AcDbLine
 10
3.5098429281
 20
4.4407135809
 30
0.0
 11
3.5451594467
 21
4.4407135809
 31
0.0
  0
LINE
  5
E5
330
1F
100
AcDbEntity
  8
0
  6
Continuous
 62
     7
370
     0
100
AcDbLine
 10
3.5451594467
 20
4.4407135809
 30
0.0
 11
3.5451594467
 21
4.3359622493
 31
0.0
  0
LINE
  5
E6
330
1F
100
AcDbEntity
  8
0
  6
Continuous
 62
     7
370
     0
100
AcDbLine
 10
3.5451594467
 20
4.3359622493
 30
0.0
 11
3.6101210239
 21
4.3359622493
 31
0.0
  0
LINE
  5
E7
330
1F
100
AcDbEntity
  8
0
  6
Continuous
 62
     7
370
     0
100
AcDbLine
 10
3.6101210239
 20
4.3359622493
 30
0.0
 11
3.6495380373
 21
4.4407135809
 31
0.0
  0
LINE
  5
E8
330
1F
100
AcDbEntity
  8
0
  6
Continuous
 62
     7
370
     0
100
AcDbLine
 10
3.6495380373
 20
4.4407135809
 30
0.0
 11
3.6854185686
 21
4.4407135809
 31
0.0
  0
LINE
  5
E9
330
1F
100
AcDbEntity
  8
0
  6
Continuous
 62
     7
370
     0
100
AcDbLine
 10
3.6854185686
 20
4.4407135809
 30
0.0
 11
3.7332302038
 21
4.3145109388
 31
0.0
  0
LINE
  5
EA
330
1F
100
AcDbEntity
  8
0
  6
Continuous
 62
     7
370
     0
100
AcDbLine
 10
3.7332302038
 20
4.3145109388
 30
0.0
 11
3.7332302038
 21
4.4407135809
 31
0.0
  0
LINE
  5
EB
330
1F
100
AcDbEntity
  8
0
  6
Continuous
 62
     7
370
     0
100
AcDbLine
 10
3.7332302038
 20
4.4407135809
 30
0.0
 11
3.7966353505
 21
4.4407135809
 31
0.0
  0
SPLINE
  5
EC
330
1F
100
AcDbEntity
  8
0
  6
Continuous
 62
     7
370
     0
100
AcDbSpline
210
0.0
220
0.0
230
1.0
 70
     8
 71
     3
 72
     8
 73
     4
 74
     0
 42
0.000000001
 43
0.00000001
 40
16.0
 40
16.0
 40
16.0
 40
16.0
 40
17.0
 40
17.0
 40
17.0
 40
17.0
 10
3.796635344452998
 20
4.440713622154203
 30
0.0
 10
3.819982009343844
 20
4.441091235396605
 30
0.0
 10
3.845616139068474
 20
4.435043372023896
 30
0.0
 10
3.845616139068474
 20
4.406867614706171
 30
0.0
  0
SPLINE
  5
ED
330
1F
100
AcDbEntity
  8
0
  6
Continuous
 62
     7
370
     0
100
AcDbSpline
210
0.0
220
0.0
230
1.0
 70
     8
 71
     3
 72
     8
 73
     4
 74
     0
 42
0.000000001
 43
0.00000001
 40
17.0
 40
17.0
 40
17.0
 40
17.0
 40
18.0
 40
18.0
 40
18.0
 40
18.0
 10
3.845616139068474
 20
4.406867614706171
 30
0.0
 10
3.845616139068474
 20
4.394764626167631
 30
0.0
 10
3.838402757899504
 20
4.384936999474336
 30
0.0
 10
3.827769072169543
 20
4.379641941988723
 30
0.0
  0
SPLINE
  5
EE
330
1F
100
AcDbEntity
  8
0
  6
Continuous
 62
     7
370
     0
100
AcDbSpline
210
0.0
220
0.0
230
1.0
 70
     8
 71
     3
 72
     8
 73
     4
 74
     0
 42
0.000000001
 43
0.00000001
 40
18.0
 40
18.0
 40
18.0
 40
18.0
 40
19.0
 40
19.0
 40
19.0
 40
19.0
 10
3.827769072169543
 20
4.379641941988723
 30
0.0
 10
3.841116247929844
 20
4.375791981334614
 30
0.0
 10
3.849733575769286
 20
4.364830304615257
 30
0.0
 10
3.850953557013971
 20
4.351088571428598
 30
0.0
  0
LINE
  5
EF
330
1F
100
AcDbEntity
  8
0
  6
Continuous
 62
     7
370
     0
100
AcDbLine
 10
3.850953548
 20
4.3510885412
 30
0.0
 11
3.8847088122
 21
4.3510885412
 31
0.0
  0
SPLINE
  5
F0
330
1F
100
AcDbEntity
  8
0
  6
Continuous
 62
     7
370
     0
100
AcDbSpline
210
0.0
220
0.0
230
1.0
 70
     8
 71
     3
 72
     8
 73
     4
 74
     0
 42
0.000000001
 43
0.00000001
 40
20.0
 40
20.0
 40
20.0
 40
20.0
 40
21.0
 40
21.0
 40
21.0
 40
21.0
 10
3.884708792047963
 20
4.351088571428598
 30
0.0
 10
3.885464018532767
 20
4.335204609270616
 30
0.0
 10
3.895337636582509
 20
4.330099568705059
 30
0.0
 10
3.910333239381761
 20
4.330099568705059
 30
0.0
  0
SPLINE
  5
F1
330
1F
100
AcDbEntity
  8
0
  6
Continuous
 62
     7
370
     0
100
AcDbSpline
210
0.0
220
0.0
230
1.0
 70
     8
 71
     3
 72
     8
 73
     4
 74
     0
 42
0.000000001
 43
0.00000001
 40
21.0
 40
21.0
 40
21.0
 40
21.0
 40
22.0
 40
22.0
 40
22.0
 40
22.0
 10
3.910333239381761
 20
4.330099568705059
 30
0.0
 10
3.920964504514016
 20
4.330099568705059
 30
0.0
 10
3.93197822408409
 20
4.333885383519914
 30
0.0
 10
3.93197822408409
 20
4.343906658029827
 30
0.0
  0
SPLINE
  5
F2
330
1F
100
AcDbEntity
  8
0
  6
Continuous
 62
     7
370
     0
100
AcDbSpline
210
0.0
220
0.0
230
1.0
 70
     8
 71
     3
 72
     8
 73
     4
 74
     0
 42
0.000000001
 43
0.00000001
 40
22.0
 40
22.0
 40
22.0
 40
22.0
 40
23.0
 40
23.0
 40
23.0
 40
23.0
 10
3.93197822408409
 20
4.343906658029827
 30
0.0
 10
3.93197822408409
 20
4.355815998751751
 30
0.0
 10
3.912618283617839
 20
4.358084098803874
 30
0.0
 10
3.893057433541849
 20
4.363566752611833
 30
0.0
  0
SPLINE
  5
F3
330
1F
100
AcDbEntity
  8
0
  6
Continuous
 62
     7
370
     0
100
AcDbSpline
210
0.0
220
0.0
230
1.0
 70
     8
 71
     3
 72
     8
 73
     4
 74
     0
 42
0.000000001
 43
0.00000001
 40
23.0
 40
23.0
 40
23.0
 40
23.0
 40
24.0
 40
24.0
 40
24.0
 40
24.0
 10
3.893057433541849
 20
4.363566752611833
 30
0.0
 10
3.873692651880182
 20
4.369048196120938
 30
0.0
 10
3.853381416514802
 20
4.377747824282442
 30
0.0
 10
3.853381416514802
 20
4.402520221223128
 30
0.0
  0
LINE
  5
F4
330
1F
100
AcDbEntity
  8
0
  6
Continuous
 62
     7
370
     0
100
AcDbLine
 10
3.9629255628
 20
4.4000632755
 30
0.0
 11
3.9276139083
 21
4.4000632755
 31
0.0
  0
SPLINE
  5
F5
330
1F
100
AcDbEntity
  8
0
  6
Continuous
 62
     7
370
     0
100
AcDbSpline
210
0.0
220
0.0
230
1.0
 70
     8
 71
     3
 72
     8
 73
     4
 74
     0
 42
0.000000001
 43
0.00000001
 40
27.0
 40
27.0
 40
27.0
 40
27.0
 40
28.0
 40
28.0
 40
28.0
 40
28.0
 10
3.92761388641709
 20
4.400063314549804
 30
0.0
 10
3.92818514747611
 20
4.412349058215278
 30
0.0
 10
3.916600166847018
 20
4.416321259053626
 30
0.0
 10
3.905775253898147
 20
4.416321259053626
 30
0.0
  0
SPLINE
  5
F6
330
1F
100
AcDbEntity
  8
0
  6
Continuous
 62
     7
370
     0
100
AcDbSpline
210
0.0
220
0.0
230
1.0
 70
     8
 71
     3
 72
     8
 73
     4
 74
     0
 42
0.000000001
 43
0.00000001
 40
29.0
 40
29.0
 40
29.0
 40
29.0
 40
30.0
 40
30.0
 40
30.0
 40
30.0
 10
3.888697937070265
 20
4.404789531574105
 30
0.0
 10
3.888697937070265
 20
4.394388223224082
 30
0.0
 10
3.908241842962302
 20
4.392495315816654
 30
0.0
 10
3.927991499659493
 20
4.387012662008695
 30
0.0
  0
SPLINE
  5
F7
330
1F
100
AcDbEntity
  8
0
  6
Continuous
 62
     7
370
     0
100
AcDbSpline
210
0.0
220
0.0
230
1.0
 70
     8
 71
     3
 72
     8
 73
     4
 74
     0
 42
0.000000001
 43
0.00000001
 40
30.0
 40
30.0
 40
30.0
 40
30.0
 40
31.0
 40
31.0
 40
31.0
 40
31.0
 10
3.927991499659493
 20
4.387012662008695
 30
0.0
 10
3.947549929137777
 20
4.38153121849959
 30
0.0
 10
3.967289903444136
 20
4.372453977095685
 30
0.0
 10
3.967289903444136
 20
4.34806524489167
 30
0.0
  0
SPLINE
  5
F8
330
1F
100
AcDbEntity
  8
0
  6
Continuous
 62
     7
370
     0
100
AcDbSpline
210
0.0
220
0.0
230
1.0
 70
     8
 71
     3
 72
     8
 73
     4
 74
     0
 42
0.000000001
 43
0.00000001
 40
24.0
 40
24.0
 40
24.0
 40
24.0
 40
25.0
 40
25.0
 40
25.0
 40
25.0
 10
3.853381416514802
 20
4.402520221223128
 30
0.0
 10
3.853381416514802
 20
4.432015204291553
 30
0.0
 10
3.883191077285231
 20
4.443546931771075
 30
0.0
 10
3.90862429740012
 20
4.443546931771075
 30
0.0
  0
SPLINE
  5
F9
330
1F
100
AcDbEntity
  8
0
  6
Continuous
 62
     7
370
     0
100
AcDbSpline
210
0.0
220
0.0
230
1.0
 70
     8
 71
     3
 72
     8
 73
     4
 74
     0
 42
0.000000001
 43
0.00000001
 40
25.0
 40
25.0
 40
25.0
 40
25.0
 40
26.0
 40
26.0
 40
26.0
 40
26.0
 10
3.90862429740012
 20
4.443546931771075
 30
0.0
 10
3.935584914668574
 20
4.443546931771075
 30
0.0
 10
3.962731917960522
 20
4.430503541023089
 30
0.0
 10
3.96292556577714
 20
4.400063314549804
 30
0.0
  0
SPLINE
  5
FA
330
1F
100
AcDbEntity
  8
0
  6
Continuous
 62
     7
370
     0
100
AcDbSpline
210
0.0
220
0.0
230
1.0
 70
     8
 71
     3
 72
     8
 73
     4
 74
     0
 42
0.000000001
 43
0.00000001
 40
28.0
 40
28.0
 40
28.0
 40
28.0
 40
29.0
 40
29.0
 40
29.0
 40
29.0
 10
3.905775253898147
 20
4.416321259053626
 30
0.0
 10
3.89818910068219
 20
4.416321259053626
 30
0.0
 10
3.888697937070265
 20
4.413674335460247
 30
0.0
 10
3.888697937070265
 20
4.404789531574105
 30
0.0
  0
LINE
  5
FB
330
1F
100
AcDbEntity
  8
0
  6
Continuous
 62
     7
370
     0
100
AcDbLine
 10
3.6402647319
 20
4.2981460612
 30
0.0
 11
3.465473372
 21
4.2981460612
 31
0.0
  0
LINE
  5
FC
330
1F
100
AcDbEntity
  8
0
  6
Continuous
 62
     7
370
     0
100
AcDbLine
 10
3.6402647319
 20
4.2981460612
 30
0.0
 11
3.649184632
 21
4.3202558058
 31
0.0
  0
LINE
  5
FD
330
1F
100
AcDbEntity
  8
0
  6
Continuous
 62
     7
370
     0
100
AcDbLine
 10
3.649184632
 20
4.3202558058
 30
0.0
 11
3.6855541191
 21
4.3202558058
 31
0.0
  0
LINE
  5
FE
330
1F
100
AcDbEntity
  8
0
  6
Continuous
 62
     7
370
     0
100
AcDbLine
 10
3.6855541191
 20
4.3202558058
 30
0.0
 11
3.6941133494
 21
4.2981460612
 31
0.0
  0
LINE
  5
FF
330
1F
100
AcDbEntity
  8
0
  6
Continuous
 62
     7
370
     0
100
AcDbLine
 10
3.6941133494
 20
4.2981460612
 30
0.0
 11
3.8061249409
 21
4.2981460612
 31
0.0
  0
SPLINE
  5
100
330
1F
100
AcDbEntity
  8
0
  6
Continuous
 62
     7
370
     0
100
AcDbSpline
210
0.0
220
0.0
230
1.0
 70
     8
 71
     3
 72
     8
 73
     4
 74
     0
 42
0.000000001
 43
0.00000001
 40
19.0
 40
19.0
 40
19.0
 40
19.0
 40
20.0
 40
20.0
 40
20.0
 40
20.0
 10
3.80612494432958
 20
4.298146067415721
 30
0.0
 10
3.826106978406711
 20
4.298499474681046
 30
0.0
 10
3.84475042195148
 20
4.307961591120478
 30
0.0
 10
3.850421882380642
 20
4.321913916307707
 30
0.0
  0
SPLINE
  5
101
330
1F
100
AcDbEntity
  8
0
  6
Continuous
 62
     7
370
     0
100
AcDbSpline
210
0.0
220
0.0
230
1.0
 70
     8
 71
     3
 72
     8
 73
     4
 74
     0
 42
0.000000001
 43
0.00000001
 40
20.0
 40
20.0
 40
20.0
 40
20.0
 40
21.0
 40
21.0
 40
21.0
 40
21.0
 10
3.850421882380642
 20
4.321913916307707
 30
0.0
 10
3.855800450487169
 20
4.307961591120478
 30
0.0
 10
3.874569765112739
 20
4.293951171588263
 30
0.0
 10
3.91094408686647
 20
4.293951171588263
 30
0.0
  0
SPLINE
  5
102
330
1F
100
AcDbEntity
  8
0
  6
Continuous
 62
     7
370
     0
100
AcDbSpline
210
0.0
220
0.0
230
1.0
 70
     8
 71
     3
 72
     8
 73
     4
 74
     0
 42
0.000000001
 43
0.00000001
 40
21.0
 40
21.0
 40
21.0
 40
21.0
 40
22.0
 40
22.0
 40
22.0
 40
22.0
 10
3.91094408686647
 20
4.293951171588263
 30
0.0
 10
3.9473184086202
 20
4.293951171588263
 30
0.0
 10
3.974332279038226
 20
4.316031863877977
 30
0.0
 10
3.974332279038226
 20
4.345132289520045
 30
0.0
  0
SPLINE
  5
103
330
1F
100
AcDbEntity
  8
0
  6
Continuous
 62
     7
370
     0
100
AcDbSpline
210
0.0
220
0.0
230
1.0
 70
     8
 71
     3
 72
     8
 73
     4
 74
     0
 42
0.000000001
 43
0.00000001
 40
22.0
 40
22.0
 40
22.0
 40
22.0
 40
23.0
 40
23.0
 40
23.0
 40
23.0
 10
3.974332279038226
 20
4.345132289520045
 30
0.0
 10
3.974332279038226
 20
4.374728937692194
 30
0.0
 10
3.957308215359913
 20
4.385234331743647
 30
0.0
 10
3.930202362228996
 20
4.39236662288941
 30
0.0
  0
SPLINE
  5
104
330
1F
100
AcDbEntity
  8
0
  6
Continuous
 62
     7
370
     0
100
AcDbSpline
210
0.0
220
0.0
230
1.0
 70
     8
 71
     3
 72
     8
 73
     4
 74
     0
 42
0.000000001
 43
0.00000001
 40
0.0
 40
0.0
 40
0.0
 40
0.0
 40
1.0
 40
1.0
 40
1.0
 40
1.0
 10
3.930202362228996
 20
4.39236662288941
 30
0.0
 10
3.929844113768256
 20
4.392461026200011
 30
0.0
 10
3.929534277261669
 20
4.392544536820926
 30
0.0
 10
3.929173608203221
 20
4.392635309234966
 30
0.0
  0
LINE
  5
105
330
1F
100
AcDbEntity
  8
0
  6
Continuous
 62
     7
370
     0
100
AcDbLine
 10
3.9291735986
 20
4.3926353363
 30
0.0
 11
3.9704865547
 21
4.3927821846
 31
0.0
  0
SPLINE
  5
106
330
1F
100
AcDbEntity
  8
0
  6
Continuous
 62
     7
370
     0
100
AcDbSpline
210
0.0
220
0.0
230
1.0
 70
     8
 71
     3
 72
     8
 73
     4
 74
     0
 42
0.000000001
 43
0.00000001
 40
2.0
 40
2.0
 40
2.0
 40
2.0
 40
3.0
 40
3.0
 40
3.0
 40
3.0
 10
3.970486536849847
 20
4.392782156645017
 30
0.0
 10
3.970486536849847
 20
4.414594162589176
 30
0.0
 10
3.96620449950491
 20
4.449571799465561
 30
0.0
 10
3.908078686749712
 20
4.449571799465561
 30
0.0
  0
SPLINE
  5
107
330
1F
100
AcDbEntity
  8
0
  6
Continuous
 62
     7
370
     0
100
AcDbSpline
210
0.0
220
0.0
230
1.0
 70
     8
 71
     3
 72
     8
 73
     4
 74
     0
 42
0.000000001
 43
0.00000001
 40
3.0
 40
3.0
 40
3.0
 40
3.0
 40
4.0
 40
4.0
 40
4.0
 40
4.0
 10
3.908078686749712
 20
4.449571799465561
 30
0.0
 10
3.87419758063492
 20
4.449571799465561
 30
0.0
 10
3.857413156129671
 20
4.433065743696698
 30
0.0
 10
3.850669370915996
 20
4.421043845181365
 30
0.0
  0
SPLINE
  5
108
330
1F
100
AcDbEntity
  8
0
  6
Continuous
 62
     7
370
     0
100
AcDbSpline
210
0.0
220
0.0
230
1.0
 70
     8
 71
     3
 72
     8
 73
     4
 74
     0
 42
0.000000001
 43
0.00000001
 40
4.0
 40
4.0
 40
4.0
 40
4.0
 40
5.0
 40
5.0
 40
5.0
 40
5.0
 10
3.850669370915996
 20
4.421043845181365
 30
0.0
 10
3.844354031496586
 20
4.433065743696698
 30
0.0
 10
3.840623890429006
 20
4.44814606741572
 30
0.0
 10
3.792429790068536
 20
4.44814606741572
 30
0.0
  0
LINE
  5
109
330
1F
100
AcDbEntity
  8
0
  6
Continuous
 62
     7
370
     0
100
AcDbLine
 10
3.7924298012
 20
4.4481461034
 30
0.0
 11
3.7262198931
 21
4.4481461034
 31
0.0
  0
LINE
  5
10A
330
1F
100
AcDbEntity
  8
0
  6
Continuous
 62
     7
370
     0
100
AcDbLine
 10
3.7262198931
 20
4.4481461034
 30
0.0
 11
3.7262198931
 21
4.3547195076
 31
0.0
  0
LINE
  5
10B
330
1F
100
AcDbEntity
  8
0
  6
Continuous
 62
     7
370
     0
100
AcDbLine
 10
3.7262198931
 20
4.3547195076
 30
0.0
 11
3.6915956618
 21
4.4481461034
 31
0.0
  0
LINE
  5
10C
330
1F
100
AcDbEntity
  8
0
  6
Continuous
 62
     7
370
     0
100
AcDbLine
 10
3.6915956618
 20
4.4481461034
 30
0.0
 11
3.6452735813
 21
4.4481461034
 31
0.0
  0
LINE
  5
10D
330
1F
100
AcDbEntity
  8
0
  6
Continuous
 62
     7
370
     0
100
AcDbLine
 10
3.6452735813
 20
4.4481461034
 30
0.0
 11
3.6049303672
 21
4.3412717046
 31
0.0
  0
LINE
  5
10E
330
1F
100
AcDbEntity
  8
0
  6
Continuous
 62
     7
370
     0
100
AcDbLine
 10
3.6049303672
 20
4.3412717046
 30
0.0
 11
3.5529164597
 21
4.3412717046
 31
0.0
  0
LINE
  5
10F
330
1F
100
AcDbEntity
  8
0
  6
Continuous
 62
     7
370
     0
100
AcDbLine
 10
3.5529164597
 20
4.3412717046
 30
0.0
 11
3.5529164597
 21
4.4481461034
 31
0.0
  0
LINE
  5
110
330
1F
100
AcDbEntity
  8
0
  6
Continuous
 62
     7
370
     0
100
AcDbLine
 10
3.5529164597
 20
4.4481461034
 30
0.0
 11
3.5019493592
 21
4.4481461034
 31
0.0
  0
LINE
  5
111
330
1F
100
AcDbEntity
  8
0
  6
Continuous
 62
     7
370
     0
100
AcDbLine
 10
3.5019493592
 20
4.4481461034
 30
0.0
 11
3.5018616753
 21
4.3051582968
 31
0.0
  0
SPLINE
  5
112
330
1F
100
AcDbEntity
  8
0
  6
Continuous
 62
     7
370
     0
100
AcDbSpline
210
0.0
220
0.0
230
1.0
 70
     8
 71
     3
 72
     8
 73
     4
 74
     0
 42
0.000000001
 43
0.00000001
 40
5.000000000000016
 40
5.000000000000016
 40
5.000000000000016
 40
5.000000000000016
 40
5.744187289366918
 40
5.744187289366918
 40
5.744187289366918
 40
5.744187289366918
 10
3.497962634434269
 20
4.331970690742801
 30
0.0
 10
3.498409314418264
 20
4.327292755772995
 30
0.0
 10
3.499231529436219
 20
4.313895006840494
 30
0.0
 10
3.501861676686515
 20
4.305158318462279
 30
0.0
  0
SPLINE
  5
113
330
1F
100
AcDbEntity
  8
0
  6
Continuous
 62
     7
370
     0
100
AcDbSpline
210
0.0
220
0.0
230
1.0
 70
     8
 71
     3
 72
     8
 73
     4
 74
     0
 42
0.000000001
 43
0.00000001
 40
4.0
 40
4.0
 40
4.0
 40
4.0
 40
5.0
 40
5.0
 40
5.0
 40
5.0
 10
3.476019916213894
 20
4.367897201920607
 30
0.0
 10
3.492053955429753
 20
4.364113807703458
 30
0.0
 10
3.496696661833138
 20
4.346254637815987
 30
0.0
 10
3.497962634434269
 20
4.331970690742801
 30
0.0
  0
LINE
  5
114
330
1F
100
AcDbEntity
  8
0
  6
Continuous
 62
     7
370
     0
100
AcDbLine
 10
3.4760199162
 20
4.3683183755
 30
0.0
 11
3.4760199162
 21
4.3678971721
 31
0.0
  0
SPLINE
  5
115
330
1F
100
AcDbEntity
  8
0
  6
Continuous
 62
     7
370
     0
100
AcDbSpline
210
0.0
220
0.0
230
1.0
 70
     8
 71
     3
 72
     8
 73
     4
 74
     0
 42
0.000000001
 43
0.00000001
 40
2.0
 40
2.0
 40
2.0
 40
2.0
 40
3.0
 40
3.0
 40
3.0
 40
3.0
 10
3.499647370438834
 20
4.405922371301312
 30
0.0
 10
3.499647370438834
 20
4.38974309622299
 30
0.0
 10
3.491838522233767
 20
4.374409820043512
 30
0.0
 10
3.476019916213894
 20
4.368318385912064
 30
0.0
  0
SPLINE
  5
116
330
1F
100
AcDbEntity
  8
0
  6
Continuous
 62
     7
370
     0
100
AcDbSpline
210
0.0
220
0.0
230
1.0
 70
     8
 71
     3
 72
     8
 73
     4
 74
     0
 42
0.000000001
 43
0.00000001
 40
1.0
 40
1.0
 40
1.0
 40
1.0
 40
2.0
 40
2.0
 40
2.0
 40
2.0
 10
3.44691464937641
 20
4.44814606741572
 30
0.0
 10
3.473487971011632
 20
4.44814606741572
 30
0.0
 10
3.499647370438834
 20
4.436170160256834
 30
0.0
 10
3.499647370438834
 20
4.405922371301312
 30
0.0
  0
LINE
  5
117
330
1F
100
AcDbEntity
  8
0
  6
Continuous
 62
     7
370
     0
100
AcDbLine
 10
3.37013329
 20
4.4481461034
 30
0.0
 11
3.4469146488
 21
4.4481461034
 31
0.0
  0
LINE
  5
118
330
1F
100
AcDbEntity
  8
0
  6
Continuous
 62
     7
370
     0
100
AcDbLine
 10
3.37013329
 20
4.2981460612
 30
0.0
 11
3.37013329
 21
4.4481461034
 31
0.0
  0
LINE
  5
119
330
1F
100
AcDbEntity
  8
0
  6
Continuous
 62
     7
370
     0
100
AcDbLine
 10
3.4093675508
 20
4.2981460612
 30
0.0
 11
3.37013329
 21
4.2981460612
 31
0.0
  0
LINE
  5
11A
330
1F
100
AcDbEntity
  8
0
  6
Continuous
 62
     7
370
     0
100
AcDbLine
 10
3.4093675508
 20
4.3527717051
 30
0.0
 11
3.4093675508
 21
4.2981460612
 31
0.0
  0
LINE
  5
11B
330
1F
100
AcDbEntity
  8
0
  6
Continuous
 62
     7
370
     0
100
AcDbLine
 10
3.4391142723
 20
4.3527717051
 30
0.0
 11
3.4093675508
 21
4.3527717051
 31
0.0
  0
SPLINE
  5
11C
330
1F
100
AcDbEntity
  8
0
  6
Continuous
 62
     7
370
     0
100
AcDbSpline
210
0.0
220
0.0
230
1.0
 70
     8
 71
     3
 72
     8
 73
     4
 74
     0
 42
0.000000001
 43
0.00000001
 40
8.0
 40
8.0
 40
8.0
 40
8.0
 40
9.0
 40
9.0
 40
9.0
 40
9.0
 10
3.461046098794011
 20
4.322095461135786
 30
0.0
 10
3.459991928492304
 20
4.33722661740667
 30
0.0
 10
3.457462403887749
 20
4.352771695885573
 30
0.0
 10
3.439114273263321
 20
4.352771695885573
 30
0.0
  0
SPLINE
  5
11D
330
1F
100
AcDbEntity
  8
0
  6
Continuous
 62
     7
370
     0
100
AcDbSpline
210
0.0
220
0.0
230
1.0
 70
     8
 71
     3
 72
     8
 73
     4
 74
     0
 42
0.000000001
 43
0.00000001
 40
7.0
 40
7.0
 40
7.0
 40
7.0
 40
8.0
 40
8.0
 40
8.0
 40
8.0
 10
3.465473372001409
 20
4.298146067415721
 30
0.0
 10
3.462103899992279
 20
4.303193013636292
 30
0.0
 10
3.46146970339286
 20
4.317895724112912
 30
0.0
 10
3.461046098794011
 20
4.322095461135786
 30
0.0
  0
LINE
  5
11E
330
1F
100
AcDbEntity
  8
0
  6
Continuous
 62
     7
370
     0
100
AcDbLine
 10
3.1824498373
 20
4.3935228427
 30
0.0
 11
3.1824498373
 21
4.4481461034
 31
0.0
  0
LINE
  5
11F
330
1F
100
AcDbEntity
  8
0
  6
Continuous
 62
     7
370
     0
100
AcDbLine
 10
3.1307688593
 20
4.3935228427
 30
0.0
 11
3.1824498373
 21
4.3935228427
 31
0.0
  0
LINE
  5
120
330
1F
100
AcDbEntity
  8
0
  6
Continuous
 62
     7
370
     0
100
AcDbLine
 10
3.1307688593
 20
4.4481461034
 30
0.0
 11
3.1307688593
 21
4.3935228427
 31
0.0
  0
LINE
  5
121
330
1F
100
AcDbEntity
  8
0
  6
Continuous
 62
     7
370
     0
100
AcDbLine
 10
2.9666789424
 20
4.4481461034
 30
0.0
 11
3.1307688593
 21
4.4481461034
 31
0.0
  0
LINE
  5
122
330
1F
100
AcDbEntity
  8
0
  6
Continuous
 62
     7
370
     0
100
AcDbLine
 10
2.9666789424
 20
4.4145324167
 30
0.0
 11
2.9666789424
 21
4.4481461034
 31
0.0
  0
LINE
  5
123
330
1F
100
AcDbEntity
  8
0
  6
Continuous
 62
     7
370
     0
100
AcDbLine
 10
3.0116076484
 20
4.4145324167
 30
0.0
 11
2.9666789424
 21
4.4145324167
 31
0.0
  0
LINE
  5
124
330
1F
100
AcDbEntity
  8
0
  6
Continuous
 62
     7
370
     0
100
AcDbLine
 10
3.0116076484
 20
4.2981460612
 30
0.0
 11
3.0116076484
 21
4.4145324167
 31
0.0
  0
LINE
  5
125
330
1F
100
AcDbEntity
  8
0
  6
Continuous
 62
     7
370
     0
100
AcDbLine
 10
3.0508407118
 20
4.2981460612
 30
0.0
 11
3.0116076484
 21
4.2981460612
 31
0.0
  0
LINE
  5
126
330
1F
100
AcDbEntity
  8
0
  6
Continuous
 62
     7
370
     0
100
AcDbLine
 10
3.0508407118
 20
4.4145332417
 30
0.0
 11
3.0508407118
 21
4.2981460612
 31
0.0
  0
LINE
  5
127
330
1F
100
AcDbEntity
  8
0
  6
Continuous
 62
     7
370
     0
100
AcDbLine
 10
3.0915394396
 20
4.4145332417
 30
0.0
 11
3.0508407118
 21
4.4145332417
 31
0.0
  0
LINE
  5
128
330
1F
100
AcDbEntity
  8
0
  6
Continuous
 62
     7
370
     0
100
AcDbLine
 10
3.0915394396
 20
4.2981460612
 30
0.0
 11
3.0915394396
 21
4.4145332417
 31
0.0
  0
LINE
  5
129
330
1F
100
AcDbEntity
  8
0
  6
Continuous
 62
     7
370
     0
100
AcDbLine
 10
3.1307688593
 20
4.2981460612
 30
0.0
 11
3.0915394396
 21
4.2981460612
 31
0.0
  0
LINE
  5
12A
330
1F
100
AcDbEntity
  8
0
  6
Continuous
 62
     7
370
     0
100
AcDbLine
 10
3.1307688593
 20
4.3599148393
 30
0.0
 11
3.1307688593
 21
4.2981460612
 31
0.0
  0
LINE
  5
12B
330
1F
100
AcDbEntity
  8
0
  6
Continuous
 62
     7
370
     0
100
AcDbLine
 10
3.1824498373
 20
4.3599148393
 30
0.0
 11
3.1307688593
 21
4.3599148393
 31
0.0
  0
LINE
  5
12C
330
1F
100
AcDbEntity
  8
0
  6
Continuous
 62
     7
370
     0
100
AcDbLine
 10
3.1824498373
 20
4.2981460612
 30
0.0
 11
3.1824498373
 21
4.3599148393
 31
0.0
  0
LINE
  5
12D
330
1F
100
AcDbEntity
  8
0
  6
Continuous
 62
     7
370
     0
100
AcDbLine
 10
3.2216840924
 20
4.2981460612
 30
0.0
 11
3.1824498373
 21
4.2981460612
 31
0.0
  0
LINE
  5
12E
330
1F
100
AcDbEntity
  8
0
  6
Continuous
 62
     7
370
     0
100
AcDbLine
 10
3.2216840924
 20
4.4481461034
 30
0.0
 11
3.2216840924
 21
4.2981460612
 31
0.0
  0
LINE
  5
12F
330
1F
100
AcDbEntity
  8
0
  6
Continuous
 62
     7
370
     0
100
AcDbLine
 10
3.1824498373
 20
4.4481461034
 30
0.0
 11
3.2216840924
 21
4.4481461034
 31
0.0
  0
SPLINE
  5
130
330
1F
100
AcDbEntity
  8
0
  6
Continuous
 62
     7
370
     0
100
AcDbSpline
210
0.0
220
0.0
230
1.0
 70
     8
 71
     3
 72
    11
 73
     7
 74
     0
 42
0.000000001
 43
0.00000001
 40
0.0
 40
0.0
 40
0.0
 40
0.0
 40
0.2637317048431347
 40
0.5305144675004307
 40
0.7847266135326582
 40
1.0
 40
1.0
 40
1.0
 40
1.0
 10
3.728733466078781
 20
4.115383013618252
 30
0.0
 10
3.730206314589507
 20
4.115511053117631
 30
0.0
 10
3.73316905069225
 20
4.115768613379004
 30
0.0
 10
3.737563113316817
 20
4.115981367652316
 30
0.0
 10
3.741687345016092
 20
4.11613566987976
 30
0.0
 10
3.744318796137505
 20
4.11616883492019
 30
0.0
 10
3.745525396458528
 20
4.116184042099264
 30
0.0
  0
LINE
  5
131
330
1F
100
AcDbEntity
  8
0
  6
Continuous
 62
     7
370
     0
100
AcDbLine
 10
3.7287334557
 20
4.1560574943
 30
0.0
 11
3.7287334557
 21
4.1153829891
 31
0.0
  0
LINE
  5
132
330
1F
100
AcDbEntity
  8
0
  6
Continuous
 62
     7
370
     0
100
AcDbLine
 10
3.7989866421
 20
4.1560574943
 30
0.0
 11
3.7287334557
 21
4.1560574943
 31
0.0
  0
LINE
  5
133
330
1F
100
AcDbEntity
  8
0
  6
Continuous
 62
     7
370
     0
100
AcDbLine
 10
3.7989866421
 20
4.1731460718
 30
0.0
 11
3.7989866421
 21
4.1560574943
 31
0.0
  0
LINE
  5
134
330
1F
100
AcDbEntity
  8
0
  6
Continuous
 62
     7
370
     0
100
AcDbLine
 10
3.7097461168
 20
4.1731460718
 30
0.0
 11
3.7989866421
 21
4.1731460718
 31
0.0
  0
LINE
  5
135
330
1F
100
AcDbEntity
  8
0
  6
Continuous
 62
     7
370
     0
100
AcDbLine
 10
3.7097461168
 20
4.0952979545
 30
0.0
 11
3.7097461168
 21
4.1731460718
 31
0.0
  0
SPLINE
  5
136
330
1F
100
AcDbEntity
  8
0
  6
Continuous
 62
     7
370
     0
100
AcDbSpline
210
0.0
220
0.0
230
1.0
 70
     8
 71
     3
 72
    13
 73
     9
 74
     0
 42
0.000000001
 43
0.00000001
 40
0.0
 40
0.0
 40
0.0
 40
0.0
 40
0.2763740851291944
 40
0.5438410492241014
 40
0.6706925999621663
 40
0.7891162865557776
 40
0.8993055339000608
 40
1.0
 40
1.0
 40
1.0
 40
1.0
 10
3.740719225572452
 20
4.099095434504328
 30
0.0
 10
3.737838466795646
 20
4.099035470987233
 30
0.0
 10
3.732169791764094
 20
4.098917476486999
 30
0.0
 10
3.725221723201248
 20
4.098072595679787
 30
0.0
 10
3.719949359447602
 20
4.097212634934228
 30
0.0
 10
3.716294876412596
 20
4.096606706681501
 30
0.0
 10
3.712927929572275
 20
4.0959434140308
 30
0.0
 10
3.710774406142434
 20
4.095506559158105
 30
0.0
 10
3.70974612430663
 20
4.095297966149897
 30
0.0
  0
SPLINE
  5
137
330
1F
100
AcDbEntity
  8
0
  6
Continuous
 62
     7
370
     0
100
AcDbSpline
210
0.0
220
0.0
230
1.0
 70
     8
 71
     3
 72
    15
 73
    11
 74
     0
 42
0.000000001
 43
0.00000001
 40
0.0
 40
0.0
 40
0.0
 40
0.0
 40
0.1069499386345071
 40
0.217439932948412
 40
0.3320869632292311
 40
0.453107175329207
 40
0.5800630846739271
 40
0.7138169785808671
 40
0.853670996320108
 40
1.0
 40
1.0
 40
1.0
 40
1.0
 10
3.770001266711693
 20
4.092064184504328
 30
0.0
 10
3.769106234209968
 20
4.09269175094704
 30
0.0
 10
3.767286543524341
 20
4.093967656356301
 30
0.0
 10
3.764227535906114
 20
4.095455650714118
 30
0.0
 10
3.760910610289766
 20
4.09668715390109
 30
0.0
 10
3.757311935324276
 20
4.097579756635335
 30
0.0
 10
3.753471783392756
 20
4.098247285174009
 30
0.0
 10
3.749413081193196
 20
4.098753405578493
 30
0.0
 10
3.745134401376
 20
4.099053157330099
 30
0.0
 10
3.742212983523475
 20
4.099081131140665
 30
0.0
 10
3.740719225572452
 20
4.099095434504328
 30
0.0
  0
SPLINE
  5
138
330
1F
100
AcDbEntity
  8
0
  6
Continuous
 62
     7
370
     0
100
AcDbSpline
210
0.0
220
0.0
230
1.0
 70
     8
 71
     3
 72
    15
 73
    11
 74
     0
 42
0.000000001
 43
0.00000001
 40
0.0
 40
0.0
 40
0.0
 40
0.0
 40
0.1505488395741667
 40
0.2903783435821607
 40
0.4205058450135141
 40
0.5432020229568324
 40
0.6604043168689898
 40
0.7747975120726754
 40
0.8870065209126347
 40
1.0
 40
1.0
 40
1.0
 40
1.0
 10
3.779999288863592
 20
4.070199073744835
 30
0.0
 10
3.779960632831525
 20
4.07145598102003
 30
0.0
 10
3.779886073143168
 20
4.073880301616853
 30
0.0
 10
3.779443874476676
 20
4.077375297412388
 30
0.0
 10
3.778558913679654
 20
4.080541556333339
 30
0.0
 10
3.777415951847253
 20
4.083422017910652
 30
0.0
 10
3.775927581180964
 20
4.08598856109857
 30
0.0
 10
3.774249639004903
 20
4.088324893006407
 30
0.0
 10
3.772271368083024
 20
4.090377686549304
 30
0.0
 10
3.770759722390783
 20
4.091500714534257
 30
0.0
 10
3.770001266711693
 20
4.092064184504328
 30
0.0
  0
SPLINE
  5
139
330
1F
100
AcDbEntity
  8
0
  6
Continuous
 62
     7
370
     0
100
AcDbSpline
210
0.0
220
0.0
230
1.0
 70
     8
 71
     3
 72
    15
 73
    11
 74
     0
 42
0.000000001
 43
0.00000001
 40
0.0
 40
0.0
 40
0.0
 40
0.0
 40
0.1143181762358425
 40
0.2293559284678894
 40
0.3446961538044089
 40
0.4636009172681052
 40
0.5874065965996761
 40
0.7170770247335669
 40
0.855051462262238
 40
1.0
 40
1.0
 40
1.0
 40
1.0
 10
3.771187975572452
 20
4.045604532605593
 30
0.0
 10
3.771890207180681
 20
4.046349537406841
 30
0.0
 10
3.773299090595445
 20
4.047844236443593
 30
0.0
 10
3.775055803342379
 20
4.050389444631935
 30
0.0
 10
3.776597839709404
 20
4.053111364062086
 30
0.0
 10
3.77783853554419
 20
4.056071077604489
 30
0.0
 10
3.778826240061229
 20
4.059257952486113
 30
0.0
 10
3.779492693837379
 20
4.06270030887813
 30
0.0
 10
3.77991304452061
 20
4.066371412835839
 30
0.0
 10
3.779970072168805
 20
4.068902390430212
 30
0.0
 10
3.779999288863592
 20
4.070199073744835
 30
0.0
  0
SPLINE
  5
13A
330
1F
100
AcDbEntity
  8
0
  6
Continuous
 62
     7
370
     0
100
AcDbSpline
210
0.0
220
0.0
230
1.0
 70
     8
 71
     3
 72
    15
 73
    11
 74
     0
 42
0.000000001
 43
0.00000001
 40
0.0
 40
0.0
 40
0.0
 40
0.0
 40
0.1255390672574868
 40
0.2507111945492186
 40
0.3739622895669266
 40
0.4983002186059124
 40
0.622179496940673
 40
0.7459426855879189
 40
0.8708711216188374
 40
0.9999999999999999
 40
0.9999999999999999
 40
0.9999999999999999
 40
0.9999999999999999
 10
3.745851741395237
 20
4.036437206656227
 30
0.0
 10
3.747009908284476
 20
4.03645747817797
 30
0.0
 10
3.749322856840106
 20
4.03649796196953
 30
0.0
 10
3.752752773233961
 20
4.036902534902834
 30
0.0
 10
3.756135785256709
 20
4.037524161898097
 30
0.0
 10
3.759451674618191
 20
4.038399314186728
 30
0.0
 10
3.76267531820071
 20
4.039599475314952
 30
0.0
 10
3.765707764492022
 20
4.041229243406638
 30
0.0
 10
3.768608106107792
 20
4.043181936085267
 30
0.0
 10
3.770318592341515
 20
4.044788148358657
 30
0.0
 10
3.771187975572452
 20
4.045604532605593
 30
0.0
  0
SPLINE
  5
13B
330
1F
100
AcDbEntity
  8
0
  6
Continuous
 62
     7
370
     0
100
AcDbSpline
210
0.0
220
0.0
230
1.0
 70
     8
 71
     3
 72
    15
 73
    11
 74
     0
 42
0.000000001
 43
0.00000001
 40
0.0
 40
0.0
 40
0.0
 40
0.0
 40
0.1156896179953365
 40
0.2363578843000055
 40
0.3613668393402088
 40
0.4927369458780015
 40
0.6246340710403734
 40
0.7530143733070398
 40
0.8773872139737718
 40
1.0
 40
1.0
 40
1.0
 40
1.0
 10
3.705444304686377
 20
4.049728345896733
 30
0.0
 10
3.706833653113516
 20
4.048813104339505
 30
0.0
 10
3.70967213992404
 20
4.046943234235012
 30
0.0
 10
3.714297605393008
 20
4.044567034366014
 30
0.0
 10
3.7192101276968
 20
4.042278074103611
 30
0.0
 10
3.724418921455099
 20
4.040265309046823
 30
0.0
 10
3.729791207296828
 20
4.038567469661665
 30
0.0
 10
3.735190614509532
 20
4.037362618795601
 30
0.0
 10
3.740537389486477
 20
4.036567784555836
 30
0.0
 10
3.744088726536318
 20
4.036480525348932
 30
0.0
 10
3.745851741395237
 20
4.036437206656227
 30
0.0
  0
LINE
  5
13C
330
1F
100
AcDbEntity
  8
0
  6
Continuous
 62
     7
370
     0
100
AcDbLine
 10
3.7040499242
 20
4.0497283226
 30
0.0
 11
3.7054442956
 21
4.0497283226
 31
0.0
  0
LINE
  5
13D
330
1F
100
AcDbEntity
  8
0
  6
Continuous
 62
     7
370
     0
100
AcDbLine
 10
3.7040499242
 20
4.0282192627
 30
0.0
 11
3.7040499242
 21
4.0497283226
 31
0.0
  0
SPLINE
  5
13E
330
1F
100
AcDbEntity
  8
0
  6
Continuous
 62
     7
370
     0
100
AcDbSpline
210
0.0
220
0.0
230
1.0
 70
     8
 71
     3
 72
    15
 73
    11
 74
     0
 42
0.000000001
 43
0.00000001
 40
0.0
 40
0.0
 40
0.0
 40
0.0
 40
0.1376995973635105
 40
0.2738121507321454
 40
0.4079783403477114
 40
0.5407024059276914
 40
0.6686583401886337
 40
0.7870670500596364
 40
0.89795740129816
 40
1.0
 40
1.0
 40
1.0
 40
1.0
 10
3.746563766711693
 20
4.01934859906129
 30
0.0
 10
3.744555017401474
 20
4.01937123434468
 30
0.0
 10
3.740560670435732
 20
4.019416244030592
 30
0.0
 10
3.734630920396811
 20
4.019957176236155
 30
0.0
 10
3.728803141631386
 20
4.020735689675752
 30
0.0
 10
3.72315486854181
 20
4.021872195363763
 30
0.0
 10
3.717787759629872
 20
4.023208893751017
 30
0.0
 10
3.712809412958124
 20
4.024747324254132
 30
0.0
 10
3.708236884120917
 20
4.02632459188102
 30
0.0
 10
3.705406371570175
 20
4.027605436298069
 30
0.0
 10
3.704049921774984
 20
4.028219247795468
 30
0.0
  0
SPLINE
  5
13F
330
1F
100
AcDbEntity
  8
0
  6
Continuous
 62
     7
370
     0
100
AcDbSpline
210
0.0
220
0.0
230
1.0
 70
     8
 71
     3
 72
    15
 73
    11
 74
     0
 42
0.000000001
 43
0.00000001
 40
0.0
 40
0.0
 40
0.0
 40
0.0
 40
0.1149281894735065
 40
0.2293581704428508
 40
0.3459192613417068
 40
0.4654998677269279
 40
0.5890786490471936
 40
0.7183639688198697
 40
0.8552196250883529
 40
0.9999999999999999
 40
0.9999999999999999
 40
0.9999999999999999
 40
0.9999999999999999
 10
3.786704193926883
 20
4.034034121213189
 30
0.0
 10
3.785473694804175
 20
4.032885983373154
 30
0.0
 10
3.783018030716811
 20
4.030594684818702
 30
0.0
 10
3.778856053854071
 20
4.027691317592142
 30
0.0
 10
3.77439414839684
 20
4.025151053375294
 30
0.0
 10
3.769562652301433
 20
4.023041810519961
 30
0.0
 10
3.764367504512291
 20
4.021369775108491
 30
0.0
 10
3.758780596308375
 20
4.020196304664173
 30
0.0
 10
3.752803046052352
 20
4.01947501410849
 30
0.0
 10
3.748682177704362
 20
4.01939152052882
 30
0.0
 10
3.746563766711693
 20
4.01934859906129
 30
0.0
  0
SPLINE
  5
140
330
1F
100
AcDbEntity
  8
0
  6
Continuous
 62
     7
370
     0
100
AcDbSpline
210
0.0
220
0.0
230
1.0
 70
     8
 71
     3
 72
    15
 73
    11
 74
     0
 42
0.000000001
 43
0.00000001
 40
0.0
 40
0.0
 40
0.0
 40
0.0
 40
0.1308008882041959
 40
0.2589990533849454
 40
0.3872122659295015
 40
0.5158717970719223
 40
0.642814813370383
 40
0.7641840704950156
 40
0.883286428758103
 40
1.0
 40
1.0
 40
1.0
 40
1.0
 10
3.800885364812959
 20
4.070347412352429
 30
0.0
 10
3.800841125677881
 20
4.068604361182869
 30
0.0
 10
3.800753527693915
 20
4.065152942701574
 30
0.0
 10
3.800009285859264
 20
4.060037707899236
 30
0.0
 10
3.798828686708005
 20
4.055039714405155
 30
0.0
 10
3.797167534735032
 20
4.050196126500814
 30
0.0
 10
3.795115680771838
 20
4.045605178071016
 30
0.0
 10
3.792695831954498
 20
4.041343308728499
 30
0.0
 10
3.789918679590252
 20
4.037462693395753
 30
0.0
 10
3.787768428553156
 20
4.035169234452904
 30
0.0
 10
3.786704193926883
 20
4.034034121213189
 30
0.0
  0
SPLINE
  5
141
330
1F
100
AcDbEntity
  8
0
  6
Continuous
 62
     7
370
     0
100
AcDbSpline
210
0.0
220
0.0
230
1.0
 70
     8
 71
     3
 72
    15
 73
    11
 74
     0
 42
0.000000001
 43
0.00000001
 40
0.0
 40
0.0
 40
0.0
 40
0.0
 40
0.115811864058204
 40
0.2292765431772072
 40
0.3432311914323847
 40
0.4594973522796806
 40
0.5798850338220123
 40
0.7093386528253404
 40
0.84859398771334
 40
0.9999999999999999
 40
0.9999999999999999
 40
0.9999999999999999
 40
0.9999999999999999
 10
3.783885760382579
 20
4.106779374377745
 30
0.0
 10
3.78518924011278
 20
4.105813582547726
 30
0.0
 10
3.78776978165809
 20
4.103901572806613
 30
0.0
 10
3.79114413310697
 20
4.100458016047244
 30
0.0
 10
3.794073888957969
 20
4.096632779814438
 30
0.0
 10
3.796556695167404
 20
4.092387614810101
 30
0.0
 10
3.798557655947452
 20
4.087653620255776
 30
0.0
 10
3.799914048323657
 20
4.082366463929454
 30
0.0
 10
3.800757345839898
 20
4.076535611610831
 30
0.0
 10
3.80084151891076
 20
4.072466841785291
 30
0.0
 10
3.800885364812959
 20
4.070347412352429
 30
0.0
  0
SPLINE
  5
142
330
1F
100
AcDbEntity
  8
0
  6
Continuous
 62
     7
370
     0
100
AcDbSpline
210
0.0
220
0.0
230
1.0
 70
     8
 71
     3
 72
    15
 73
    11
 74
     0
 42
0.000000001
 43
0.00000001
 40
0.0
 40
0.0
 40
0.0
 40
0.0
 40
0.1479009999273379
 40
0.2864944775198824
 40
0.4169003948360004
 40
0.5381234042521701
 40
0.6547170016593028
 40
0.770068564029727
 40
0.8844779602490929
 40
1.0
 40
1.0
 40
1.0
 40
1.0
 10
3.745525396458528
 20
4.116184042099264
 30
0.0
 10
3.747503923323285
 20
4.116165146696886
 30
0.0
 10
3.751336466853459
 20
4.116128544994161
 30
0.0
 10
3.756902380503396
 20
4.115736835988074
 30
0.0
 10
3.762085425655747
 20
4.115099943574074
 30
0.0
 10
3.766928643931782
 20
4.114183190698928
 30
0.0
 10
3.771491690807616
 20
4.112936049758538
 30
0.0
 10
3.775830277844892
 20
4.111296896794642
 30
0.0
 10
3.780000785168111
 20
4.109287762845343
 30
0.0
 10
3.782586597708879
 20
4.107618196889691
 30
0.0
 10
3.783885760382579
 20
4.106779374377745
 30
0.0
  0
SPLINE
  5
143
330
1F
100
AcDbEntity
  8
0
  6
Continuous
 62
     7
370
     0
100
AcDbSpline
210
0.0
220
0.0
230
1.0
 70
     8
 71
     3
 72
    23
 73
    19
 74
     0
 42
0.000000001
 43
0.00000001
 40
0.0
 40
0.0
 40
0.0
 40
0.0
 40
0.0609726139191504
 40
0.1183879945613569
 40
0.1728742277214824
 40
0.224669521059274
 40
0.2754008809859201
 40
0.3256802771256844
 40
0.3765492057640272
 40
0.4289720610265038
 40
0.4841475253492294
 40
0.5428865512447374
 40
0.6061622082093618
 40
0.6740109616371237
 40
0.7471027693500146
 40
0.8256295092907746
 40
0.9098541721358144
 40
1.0
 40
1.0
 40
1.0
 40
1.0
 10
3.619556250888908
 20
4.01934859906129
 30
0.0
 10
3.617367054195002
 20
4.019398723665144
 30
0.0
 10
3.613116381808945
 20
4.019496048528667
 30
0.0
 10
3.606970090163218
 20
4.02044358622059
 30
0.0
 10
3.601273362335961
 20
4.021926139192828
 30
0.0
 10
3.596044666820624
 20
4.024064952382989
 30
0.0
 10
3.591249096379186
 20
4.026759593904925
 30
0.0
 10
3.586945570862139
 20
4.030133160912602
 30
0.0
 10
3.58307432837613
 20
4.034078375427789
 30
0.0
 10
3.579710907504629
 20
4.038684949436555
 30
0.0
 10
3.576776404826676
 20
4.043893823615444
 30
0.0
 10
3.574210440418146
 20
4.049722607977173
 30
0.0
 10
3.572106687067867
 20
4.056212033423088
 30
0.0
 10
3.570371430909557
 20
4.063335894115411
 30
0.0
 10
3.568975975773969
 20
4.071091404754227
 30
0.0
 10
3.568018039139559
 20
4.07950427360861
 30
0.0
 10
3.567466334939598
 20
4.088565824816035
 30
0.0
 10
3.567383753737283
 20
4.094822497699839
 30
0.0
 10
3.56734106101549
 20
4.098057064251163
 30
0.0
  0
SPLINE
  5
144
330
1F
100
AcDbEntity
  8
0
  6
Continuous
 62
     7
370
     0
100
AcDbSpline
210
0.0
220
0.0
230
1.0
 70
     8
 71
     3
 72
    23
 73
    19
 74
     0
 42
0.000000001
 43
0.00000001
 40
0.0
 40
0.0
 40
0.0
 40
0.0
 40
0.0914072369269552
 40
0.1766411179085063
 40
0.2561617773375913
 40
0.3297025475052987
 40
0.3981326595607567
 40
0.4614147486825464
 40
0.5201907225520723
 40
0.5750949351457793
 40
0.6271223329766321
 40
0.6777301011362211
 40
0.7276094883997958
 40
0.7779011121402813
 40
0.8296305654851189
 40
0.883444780435331
 40
0.9399298216911764
 40
1.0
 40
1.0
 40
1.0
 40
1.0
 10
3.671771440762325
 20
4.098235070580277
 30
0.0
 10
3.671732570634322
 20
4.094950847942131
 30
0.0
 10
3.671657455543934
 20
4.088604208685042
 30
0.0
 10
3.671055362423432
 20
4.079416588492747
 30
0.0
 10
3.670108749320321
 20
4.070904284945023
 30
0.0
 10
3.668726986942683
 20
4.063060604036822
 30
0.0
 10
3.66691790633926
 20
4.055906174070355
 30
0.0
 10
3.664782095484563
 20
4.04939585496572
 30
0.0
 10
3.662204357005639
 20
4.043571544795055
 30
0.0
 10
3.659204208042067
 20
4.038412167080625
 30
0.0
 10
3.655747649271397
 20
4.033913271982648
 30
0.0
 10
3.65191383804126
 20
4.029976475599044
 30
0.0
 10
3.647588487272023
 20
4.026681820187187
 30
0.0
 10
3.642818744385738
 20
4.024000964569515
 30
0.0
 10
3.63762279273519
 20
4.021871466146001
 30
0.0
 10
3.631972741263116
 20
4.020416162499534
 30
0.0
 10
3.625905224411667
 20
4.019503405493764
 30
0.0
 10
3.621715532488167
 20
4.01940124862423
 30
0.0
 10
3.619556250888908
 20
4.01934859906129
 30
0.0
  0
SPLINE
  5
145
330
1F
100
AcDbEntity
  8
0
  6
Continuous
 62
     7
370
     0
100
AcDbSpline
210
0.0
220
0.0
230
1.0
 70
     8
 71
     3
 72
    23
 73
    19
 74
     0
 42
0.000000001
 43
0.00000001
 40
0.0
 40
0.0
 40
0.0
 40
0.0
 40
0.0610360235752139
 40
0.1185111144595318
 40
0.1731258378212027
 40
0.2253349020485205
 40
0.2761557307410263
 40
0.3266572709749729
 40
0.3779751895595516
 40
0.4308974413397401
 40
0.4863702555085634
 40
0.5456756637640768
 40
0.608755204882669
 40
0.6767411704922496
 40
0.7493172402132793
 40
0.8273775877960798
 40
0.9108637625285652
 40
1.0
 40
1.0
 40
1.0
 40
1.0
 10
3.619556250888908
 20
4.176943535770151
 30
0.0
 10
3.621745151451847
 20
4.176892410256839
 30
0.0
 10
3.625995248852693
 20
4.176793141968948
 30
0.0
 10
3.632148144315495
 20
4.175858909265893
 30
0.0
 10
3.637845536882155
 20
4.174323859426813
 30
0.0
 10
3.643097326802252
 20
4.172190725811033
 30
0.0
 10
3.647859134737871
 20
4.169396090383019
 30
0.0
 10
3.652179429655992
 20
4.166012785478028
 30
0.0
 10
3.656038732701451
 20
4.162001765516528
 30
0.0
 10
3.659392940842129
 20
4.157343410574719
 30
0.0
 10
3.662345611269717
 20
4.152095353527563
 30
0.0
 10
3.664884277908075
 20
4.146235526227755
 30
0.0
 10
3.66700392903806
 20
4.139742019164406
 30
0.0
 10
3.668781454406473
 20
4.13265616675254
 30
0.0
 10
3.670124228787473
 20
4.124929928527867
 30
0.0
 10
3.67109686916184
 20
4.116590825270363
 30
0.0
 10
3.67164485365026
 20
4.107617419660934
 30
0.0
 10
3.671728334263664
 20
4.101430026302774
 30
0.0
 10
3.671771440762325
 20
4.098235070580277
 30
0.0
  0
SPLINE
  5
146
330
1F
100
AcDbEntity
  8
0
  6
Continuous
 62
     7
370
     0
100
AcDbSpline
210
0.0
220
0.0
230
1.0
 70
     8
 71
     3
 72
    23
 73
    19
 74
     0
 42
0.000000001
 43
0.00000001
 40
0.0
 40
0.0
 40
0.0
 40
0.0
 40
0.0906329011836342
 40
0.1753653426288618
 40
0.2541102187879565
 40
0.3274215029633289
 40
0.3955560567886146
 40
0.4588739603350012
 40
0.5179348249732569
 40
0.5729694386300627
 40
0.6252987845255905
 40
0.6761318033419798
 40
0.7265933906285925
 40
0.7771870883272606
 40
0.8289458178959398
 40
0.8827904889383936
 40
0.9396206954251715
 40
1.0
 40
1.0
 40
1.0
 40
1.0
 10
3.56734106101549
 20
4.098057064251163
 30
0.0
 10
3.567380203622182
 20
4.10131161878462
 30
0.0
 10
3.567455940540501
 20
4.107608847091454
 30
0.0
 10
3.568055265334443
 20
4.116717556758589
 30
0.0
 10
3.569005719770642
 20
4.125170594102206
 30
0.0
 10
3.570394920190753
 20
4.132959845363112
 30
0.0
 10
3.572160620040192
 20
4.140102803327856
 30
0.0
 10
3.574307378769796
 20
4.146606974725656
 30
0.0
 10
3.576880382923385
 20
4.152446296622238
 30
0.0
 10
3.579858147041392
 20
4.157641888310063
 30
0.0
 10
3.583264195187007
 20
4.16220587095746
 30
0.0
 10
3.58712093863927
 20
4.166174752333631
 30
0.0
 10
3.591459090556272
 20
4.169508151141538
 30
0.0
 10
3.596217496025988
 20
4.1722716778967
 30
0.0
 10
3.601432271443075
 20
4.174389099996557
 30
0.0
 10
3.607092009678226
 20
4.1758415904231
 30
0.0
 10
3.61317501592857
 20
4.176798281780755
 30
0.0
 10
3.617386663080954
 20
4.17689415014395
 30
0.0
 10
3.619556250888908
 20
4.176943535770151
 30
0.0
  0
LINE
  5
147
330
1F
100
AcDbEntity
  8
0
  6
Continuous
 62
     7
370
     0
100
AcDbLine
 10
3.3262908215
 20
4.0899873992
 30
0.0
 11
3.3641765036
 21
4.1731460718
 31
0.0
  0
LINE
  5
148
330
1F
100
AcDbEntity
  8
0
  6
Continuous
 62
     7
370
     0
100
AcDbLine
 10
3.2871294291
 20
4.1731460718
 30
0.0
 11
3.3262908215
 21
4.0899873992
 31
0.0
  0
LINE
  5
149
330
1F
100
AcDbEntity
  8
0
  6
Continuous
 62
     7
370
     0
100
AcDbLine
 10
3.2597461277
 20
4.1731460718
 30
0.0
 11
3.2871294291
 21
4.1731460718
 31
0.0
  0
LINE
  5
14A
330
1F
100
AcDbEntity
  8
0
  6
Continuous
 62
     7
370
     0
100
AcDbLine
 10
3.2597461277
 20
4.0231460297
 30
0.0
 11
3.2597461277
 21
4.1731460718
 31
0.0
  0
LINE
  5
14B
330
1F
100
AcDbEntity
  8
0
  6
Continuous
 62
     7
370
     0
100
AcDbLine
 10
3.2787334667
 20
4.0231460297
 30
0.0
 11
3.2597461277
 21
4.0231460297
 31
0.0
  0
LINE
  5
14C
330
1F
100
AcDbEntity
  8
0
  6
Continuous
 62
     7
370
     0
100
AcDbLine
 10
3.2787334667
 20
4.1524972937
 30
0.0
 11
3.2787334667
 21
4.0231460297
 31
0.0
  0
LINE
  5
14D
330
1F
100
AcDbEntity
  8
0
  6
Continuous
 62
     7
370
     0
100
AcDbLine
 10
3.3192892419
 20
4.0649182304
 30
0.0
 11
3.2787334667
 21
4.1524972937
 31
0.0
  0
LINE
  5
14E
330
1F
100
AcDbEntity
  8
0
  6
Continuous
 62
     7
370
     0
100
AcDbLine
 10
3.3309189836
 20
4.0649182304
 30
0.0
 11
3.3192892419
 21
4.0649182304
 31
0.0
  0
LINE
  5
14F
330
1F
100
AcDbEntity
  8
0
  6
Continuous
 62
     7
370
     0
100
AcDbLine
 10
3.3717714461
 20
4.1524972937
 30
0.0
 11
3.3309189836
 21
4.0649182304
 31
0.0
  0
LINE
  5
150
330
1F
100
AcDbEntity
  8
0
  6
Continuous
 62
     7
370
     0
100
AcDbLine
 10
3.3717714461
 20
4.0231460297
 30
0.0
 11
3.3717714461
 21
4.1524972937
 31
0.0
  0
LINE
  5
151
330
1F
100
AcDbEntity
  8
0
  6
Continuous
 62
     7
370
     0
100
AcDbLine
 10
3.3907587851
 20
4.0231460297
 30
0.0
 11
3.3717714461
 21
4.0231460297
 31
0.0
  0
LINE
  5
152
330
1F
100
AcDbEntity
  8
0
  6
Continuous
 62
     7
370
     0
100
AcDbLine
 10
3.3907587851
 20
4.1731460718
 30
0.0
 11
3.3907587851
 21
4.0231460297
 31
0.0
  0
LINE
  5
153
330
1F
100
AcDbEntity
  8
0
  6
Continuous
 62
     7
370
     0
100
AcDbLine
 10
3.3641765036
 20
4.1731460718
 30
0.0
 11
3.3907587851
 21
4.1731460718
 31
0.0
  0
LINE
  5
154
330
1F
100
AcDbEntity
  8
0
  6
Continuous
 62
     7
370
     0
100
AcDbLine
 10
3.1648094098
 20
4.1731460718
 30
0.0
 11
3.1648094098
 21
4.0402346989
 31
0.0
  0
LINE
  5
155
330
1F
100
AcDbEntity
  8
0
  6
Continuous
 62
     7
370
     0
100
AcDbLine
 10
3.1458220708
 20
4.1731460718
 30
0.0
 11
3.1648094098
 21
4.1731460718
 31
0.0
  0
LINE
  5
156
330
1F
100
AcDbEntity
  8
0
  6
Continuous
 62
     7
370
     0
100
AcDbLine
 10
3.1458220708
 20
4.0231460297
 30
0.0
 11
3.1458220708
 21
4.1731460718
 31
0.0
  0
LINE
  5
157
330
1F
100
AcDbEntity
  8
0
  6
Continuous
 62
     7
370
     0
100
AcDbLine
 10
3.2388600502
 20
4.0231460297
 30
0.0
 11
3.1458220708
 21
4.0231460297
 31
0.0
  0
LINE
  5
158
330
1F
100
AcDbEntity
  8
0
  6
Continuous
 62
     7
370
     0
100
AcDbLine
 10
3.2388600502
 20
4.0402346989
 30
0.0
 11
3.2388600502
 21
4.0231460297
 31
0.0
  0
LINE
  5
159
330
1F
100
AcDbEntity
  8
0
  6
Continuous
 62
     7
370
     0
100
AcDbLine
 10
3.1648094098
 20
4.0402346989
 30
0.0
 11
3.2388600502
 21
4.0402346989
 31
0.0
  0
ARC
  5
15A
330
1F
100
AcDbEntity
  8
0
  6
Continuous
 62
     7
370
     0
100
AcDbCircle
 10
3.470505618
 20
5.2981460674
 30
0.0
 40
0.8750000000000003
100
AcDbArc
 50
345.639989201
 51
194.360010799
  0
LINE
  5
15B
330
1F
100
AcDbEntity
  8
0
  6
Continuous
 62
     7
370
     0
100
AcDbLine
 10
3.9705056211
 20
3.7231461286
 30
0.0
 11
4.318167559
 21
5.0811339744
 31
0.0
  0
LINE
  5
15C
330
1F
100
AcDbEntity
  8
0
  6
Continuous
 62
     7
370
     0
100
AcDbLine
 10
2.9705056149
 20
3.7231461286
 30
0.0
 11
3.9705056211
 21
3.7231461286
 31
0.0
  0
LINE
  5
15D
330
1F
100
AcDbEntity
  8
0
  6
Continuous
 62
     7
370
     0
100
AcDbLine
 10
2.6228436769
 20
5.0811339744
 30
0.0
 11
2.9705056149
 21
3.7231461286
 31
0.0
  0
SPLINE
  5
15E
330
1F
100
AcDbEntity
  8
0
  6
Continuous
 62
     7
370
     0
100
AcDbSpline
210
0.0
220
0.0
230
1.0
 70
     8
 71
     3
 72
    15
 73
    11
 74
     0
 42
0.000000001
 43
0.00000001
 40
0.0
 40
0.0
 40
0.0
 40
0.0
 40
0.1204601605038171
 40
0.2373845007654838
 40
0.3534929525856114
 40
0.4690032709078605
 40
0.587857530905046
 40
0.7148212612045085
 40
0.8513778055921182
 40
1.0
 40
1.0
 40
1.0
 40
1.0
 10
3.512307437597769
 20
4.165017111719519
 30
0.0
 10
3.513596918573715
 20
4.164127796841262
 30
0.0
 10
3.516138030892023
 20
4.162375270798501
 30
0.0
 10
3.51951160138008
 20
4.159238424943992
 30
0.0
 10
3.522469413016546
 20
4.155797272490684
 30
0.0
 10
3.524961730301173
 20
4.151974260389029
 30
0.0
 10
3.527016731130087
 20
4.147731858775198
 30
0.0
 10
3.52835311985549
 20
4.142930234660953
 30
0.0
 10
3.529250573051312
 20
4.137637803933444
 30
0.0
 10
3.529326702344449
 20
4.13392952438881
 30
0.0
 10
3.529366377471186
 20
4.131996937668886
 30
0.0
  0
SPLINE
  5
15F
330
1F
100
AcDbEntity
  8
0
  6
Continuous
 62
     7
370
     0
100
AcDbSpline
210
0.0
220
0.0
230
1.0
 70
     8
 71
     3
 72
    15
 73
    11
 74
     0
 42
0.000000001
 43
0.00000001
 40
0.0
 40
0.0
 40
0.0
 40
0.0
 40
0.1610519726672527
 40
0.3088852512014134
 40
0.4423350676483684
 40
0.5631769465949292
 40
0.6760013357488841
 40
0.785386861295349
 40
0.8934793501665291
 40
1.0
 40
1.0
 40
1.0
 40
1.0
 10
3.473917405952199
 20
4.173146067415721
 30
0.0
 10
3.476053807104339
 20
4.173121834100867
 30
0.0
 10
3.48015125959509
 20
4.173075356473663
 30
0.0
 10
3.486013823468367
 20
4.172766640227671
 30
0.0
 10
3.491319573194192
 20
4.172198482911838
 30
0.0
 10
3.496135996447893
 20
4.17145278602009
 30
0.0
 10
3.500561773970001
 20
4.170368989183041
 30
0.0
 10
3.504722443234691
 20
4.168978600545382
 30
0.0
 10
3.508649238815957
 20
4.167205026352312
 30
0.0
 10
3.5110940065439
 20
4.1657428469015
 30
0.0
 10
3.512307437597769
 20
4.165017111719519
 30
0.0
  0
LINE
  5
160
330
1F
100
AcDbEntity
  8
0
  6
Continuous
 62
     7
370
     0
100
AcDbLine
 10
3.4325309343
 20
4.1731460718
 30
0.0
 11
3.4739174058
 21
4.1731460718
 31
0.0
  0
LINE
  5
161
330
1F
100
AcDbEntity
  8
0
  6
Continuous
 62
     7
370
     0
100
AcDbLine
 10
3.4325309343
 20
4.0231460297
 30
0.0
 11
3.4325309343
 21
4.1731460718
 31
0.0
  0
LINE
  5
162
330
1F
100
AcDbEntity
  8
0
  6
Continuous
 62
     7
370
     0
100
AcDbLine
 10
3.4515182761
 20
4.0231460297
 30
0.0
 11
3.4325309343
 21
4.0231460297
 31
0.0
  0
LINE
  5
163
330
1F
100
AcDbEntity
  8
0
  6
Continuous
 62
     7
370
     0
100
AcDbLine
 10
3.4515182761
 20
4.082006808
 30
0.0
 11
3.4515182761
 21
4.0231460297
 31
0.0
  0
LINE
  5
164
330
1F
100
AcDbEntity
  8
0
  6
Continuous
 62
     7
370
     0
100
AcDbLine
 10
3.4828473895
 20
4.082006808
 30
0.0
 11
3.4515182761
 21
4.082006808
 31
0.0
  0
LINE
  5
165
330
1F
100
AcDbEntity
  8
0
  6
Continuous
 62
     7
370
     0
100
AcDbLine
 10
3.5331045084
 20
4.0231460297
 30
0.0
 11
3.4828473895
 21
4.082006808
 31
0.0
  0
LINE
  5
166
330
1F
100
AcDbEntity
  8
0
  6
Continuous
 62
     7
370
     0
100
AcDbLine
 10
3.5559486549
 20
4.0231460297
 30
0.0
 11
3.5331045084
 21
4.0231460297
 31
0.0
  0
LINE
  5
167
330
1F
100
AcDbEntity
  8
0
  6
Continuous
 62
     7
370
     0
100
AcDbLine
 10
3.4994019777
 20
4.0879997221
 30
0.0
 11
3.5559486549
 21
4.0231460297
 31
0.0
  0
SPLINE
  5
168
330
1F
100
AcDbEntity
  8
0
  6
Continuous
 62
     7
370
     0
100
AcDbSpline
210
0.0
220
0.0
230
1.0
 70
     8
 71
     3
 72
    23
 73
    19
 74
     0
 42
0.000000001
 43
0.00000001
 40
0.0
 40
0.0
 40
0.0
 40
0.0
 40
0.0703830305476863
 40
0.1379489199197074
 40
0.2034888084440793
 40
0.2668116458442026
 40
0.3289395236564613
 40
0.3896346109119571
 40
0.4495664907690714
 40
0.5094054054689505
 40
0.5688230343965491
 40
0.6282063740288437
 40
0.68792035207127
 40
0.7483104144166681
 40
0.8093179049203322
 40
0.8712531512616707
 40
0.9346509967026084
 40
1.0
 40
1.0
 40
1.0
 40
1.0
 10
3.529366377471186
 20
4.131996937668886
 30
0.0
 10
3.529347454264487
 20
4.13066083192025
 30
0.0
 10
3.52931036526867
 20
4.128042099201745
 30
0.0
 10
3.528904885198175
 20
4.124197190365515
 30
0.0
 10
3.528291130552416
 20
4.120518615108021
 30
0.0
 10
3.527435392019543
 20
4.116992104959085
 30
0.0
 10
3.52630203054807
 20
4.113642580704143
 30
0.0
 10
3.524944836954298
 20
4.110446067193521
 30
0.0
 10
3.523293711180576
 20
4.107440001583033
 30
0.0
 10
3.521427017583366
 20
4.104594308842151
 30
0.0
 10
3.519346683048248
 20
4.101912092242069
 30
0.0
 10
3.517043956203029
 20
4.099423728236791
 30
0.0
 10
3.514585529041237
 20
4.097061899527076
 30
0.0
 10
3.511905956132278
 20
4.094903807776188
 30
0.0
 10
3.509053148403769
 20
4.09290713987007
 30
0.0
 10
3.50600829342243
 20
4.091105286230844
 30
0.0
 10
3.502803330465322
 20
4.089417554971348
 30
0.0
 10
3.500547160063544
 20
4.088477073757318
 30
0.0
 10
3.499401978737009
 20
4.087999706656228
 30
0.0
  0
SPLINE
  5
169
330
1F
100
AcDbEntity
  8
0
  6
Continuous
 62
     7
370
     0
100
AcDbSpline
210
0.0
220
0.0
230
1.0
 70
     8
 71
     3
 72
     8
 73
     4
 74
     0
 42
0.000000001
 43
0.00000001
 40
2.0
 40
2.0
 40
2.0
 40
2.0
 40
2.975681207758309
 40
2.975681207758309
 40
2.975681207758309
 40
2.975681207758309
 10
3.295952377996329
 20
4.298146067415721
 30
0.0
 10
3.249648343581129
 20
4.298230619081274
 30
0.0
 10
3.223083228480706
 20
4.331276718649494
 30
0.0
 10
3.221892300192538
 20
4.373272741681711
 30
0.0
  0
SPLINE
  5
16A
330
1F
100
AcDbEntity
  8
0
  6
Continuous
 62
     7
370
     0
100
AcDbSpline
210
0.0
220
0.0
230
1.0
 70
     8
 71
     3
 72
     8
 73
     4
 74
     0
 42
0.000000001
 43
0.00000001
 40
1.025766605138522
 40
1.025766605138522
 40
1.025766605138522
 40
1.025766605138522
 40
2.0
 40
2.0
 40
2.0
 40
2.0
 10
3.370006380235028
 20
4.373088845076693
 30
0.0
 10
3.36874378859655
 20
4.331181663912049
 30
0.0
 10
3.34219123576024
 20
4.298232369101577
 30
0.0
 10
3.295952377996329
 20
4.298146067415721
 30
0.0
  0
SPLINE
  5
16B
330
1F
100
AcDbEntity
  8
0
  6
Continuous
 62
     7
370
     0
100
AcDbSpline
210
0.0
220
0.0
230
1.0
 70
     8
 71
     3
 72
     8
 73
     4
 74
     0
 42
0.000000001
 43
0.00000001
 40
0.0
 40
0.0
 40
0.0
 40
0.0
 40
0.9772566000248728
 40
0.9772566000248728
 40
0.9772566000248728
 40
0.9772566000248728
 10
3.295660661179012
 20
4.44814606741572
 30
0.0
 10
3.342043005662102
 20
4.448232636909788
 30
0.0
 10
3.368740247053533
 20
4.415179381785904
 30
0.0
 10
3.370006380183395
 20
4.373088845075134
 30
0.0
  0
SPLINE
  5
16C
330
1F
100
AcDbEntity
  8
0
  6
Continuous
 62
     7
370
     0
100
AcDbSpline
210
0.0
220
0.0
230
1.0
 70
     8
 71
     3
 72
     8
 73
     4
 74
     0
 42
0.000000001
 43
0.00000001
 40
3.024271275023431
 40
3.024271275023431
 40
3.024271275023431
 40
3.024271275023431
 40
4.0
 40
4.0
 40
4.0
 40
4.0
 10
3.221892300046521
 20
4.37327274167757
 30
0.0
 10
3.223066463948895
 20
4.415118712005108
 30
0.0
 10
3.249525768725662
 20
4.448050856767463
 30
0.0
 10
3.295660661179012
 20
4.44814606741572
 30
0.0
  0
CIRCLE
  5
16D
330
1F
100
AcDbEntity
  8
0
  6
Continuous
 62
     7
370
     0
100
AcDbCircle
 10
3.470505618
 20
5.2981460674
 30
0.0
 40
0.6937500000000001
  0
SPLINE
  5
16E
330
1F
100
AcDbEntity
  8
0
  6
Continuous
 62
     7
370
     0
100
AcDbSpline
210
0.0
220
0.0
230
1.0
 70
     8
 71
     3
 72
    15
 73
    11
 74
     0
 42
0.000000001
 43
0.00000001
 40
0.0
 40
0.0
 40
0.0
 40
0.0
 40
0.1356710519307741
 40
0.2660335683250623
 40
0.3888289124462826
 40
0.5089869504386808
 40
0.6268374756191896
 40
0.7465047924043888
 40
0.8703604505951894
 40
0.9999999999999999
 40
0.9999999999999999
 40
0.9999999999999999
 40
0.9999999999999999
 10
3.50848030152182
 20
4.130810228808126
 30
0.0
 10
3.508449418947027
 20
4.1318595674082
 30
0.0
 10
3.508388862170514
 20
4.133917186098304
 30
0.0
 10
3.507987382252817
 20
4.136906364019065
 30
0.0
 10
3.50725182486326
 20
4.139703485130039
 30
0.0
 10
3.506296530725141
 20
4.142333026761881
 30
0.0
 10
3.504967049031474
 20
4.144771496926028
 30
0.0
 10
3.503292406968325
 20
4.147020601503865
 30
0.0
 10
3.501226592110863
 20
4.149057104897572
 30
0.0
 10
3.499626780975762
 20
4.150194785899953
 30
0.0
 10
3.498808624306629
 20
4.150776605390404
 30
0.0
  0
SPLINE
  5
16F
330
1F
100
AcDbEntity
  8
0
  6
Continuous
 62
     7
370
     0
100
AcDbSpline
210
0.0
220
0.0
230
1.0
 70
     8
 71
     3
 72
    15
 73
    11
 74
     0
 42
0.000000001
 43
0.00000001
 40
0.0
 40
0.0
 40
0.0
 40
0.0
 40
0.1054324257577914
 40
0.2126926066359899
 40
0.3256640625299875
 40
0.442821963509666
 40
0.5669158351674671
 40
0.701779276042993
 40
0.8456966330967292
 40
1.0
 40
1.0
 40
1.0
 40
1.0
 10
3.498808624306629
 20
4.150776605390404
 30
0.0
 10
3.498067183854104
 20
4.151249723519893
 30
0.0
 10
3.49657144948795
 20
4.152204161658677
 30
0.0
 10
3.494091669202648
 20
4.153325079164905
 30
0.0
 10
3.49143196834743
 20
4.154249150558232
 30
0.0
 10
3.488550517453898
 20
4.154904495248913
 30
0.0
 10
3.485464473015731
 20
4.155462098051899
 30
0.0
 10
3.48212035043984
 20
4.155779153533009
 30
0.0
 10
3.478520134969679
 20
4.156045333122575
 30
0.0
 10
3.47603430409441
 20
4.156053324813607
 30
0.0
 10
3.474748102154731
 20
4.156057459820784
 30
0.0
  0
LINE
  5
170
330
1F
100
AcDbEntity
  8
0
  6
Continuous
 62
     7
370
     0
100
AcDbLine
 10
3.4747481021
 20
4.1560574943
 30
0.0
 11
3.4515182761
 21
4.1560574943
 31
0.0
  0
LINE
  5
171
330
1F
100
AcDbEntity
  8
0
  6
Continuous
 62
     7
370
     0
100
AcDbLine
 10
3.4515182761
 20
4.1560574943
 30
0.0
 11
3.4515182761
 21
4.0990954773
 31
0.0
  0
LINE
  5
172
330
1F
100
AcDbEntity
  8
0
  6
Continuous
 62
     7
370
     0
100
AcDbLine
 10
3.4515182761
 20
4.0990954773
 30
0.0
 11
3.4714846528
 21
4.0990954773
 31
0.0
  0
SPLINE
  5
173
330
1F
100
AcDbEntity
  8
0
  6
Continuous
 62
     7
370
     0
100
AcDbSpline
210
0.0
220
0.0
230
1.0
 70
     8
 71
     3
 72
    15
 73
    11
 74
     0
 42
0.000000001
 43
0.00000001
 40
0.0
 40
0.0
 40
0.0
 40
0.0
 40
0.1513319284937301
 40
0.2930698672949631
 40
0.4247940391227074
 40
0.5487050035246487
 40
0.6656715592400176
 40
0.7790172397877799
 40
0.8895904654055454
 40
1.0
 40
1.0
 40
1.0
 40
1.0
 10
3.471484652787642
 20
4.099095434504328
 30
0.0
 10
3.472997931349526
 20
4.099123241480355
 30
0.0
 10
3.475928551158087
 20
4.099177092553657
 30
0.0
 10
3.480172711704224
 20
4.099446770455015
 30
0.0
 10
3.484107953598216
 20
4.100010900656689
 30
0.0
 10
3.487782009116589
 20
4.100665074261684
 30
0.0
 10
3.49116971534759
 20
4.101729111742977
 30
0.0
 10
3.494313228580165
 20
4.10306990296911
 30
0.0
 10
3.497165145931167
 20
4.104845855889154
 30
0.0
 10
3.498854569753769
 20
4.10627367012889
 30
0.0
 10
3.499698655952199
 20
4.106987048428379
 30
0.0
  0
SPLINE
  5
174
330
1F
100
AcDbEntity
  8
0
  6
Continuous
 62
     7
370
     0
100
AcDbSpline
210
0.0
220
0.0
230
1.0
 70
     8
 71
     3
 72
    15
 73
    11
 74
     0
 42
0.000000001
 43
0.00000001
 40
0.0
 40
0.0
 40
0.0
 40
0.0
 40
0.1170339869329187
 40
0.2303551988589836
 40
0.3426861898780861
 40
0.4547596653596054
 40
0.5726627487835128
 40
0.7022310727779965
 40
0.8446465788022234
 40
1.0
 40
1.0
 40
1.0
 40
1.0
 10
3.499698655952199
 20
4.106987048428379
 30
0.0
 10
3.50042026015538
 20
4.107711669580929
 30
0.0
 10
3.501840576459025
 20
4.109137924073895
 30
0.0
 10
3.503616897889099
 20
4.111554851690348
 30
0.0
 10
3.50514850552206
 20
4.114077497383236
 30
0.0
 10
3.506387426972332
 20
4.116804094981677
 30
0.0
 10
3.507347929098041
 20
4.119797920633153
 30
0.0
 10
3.508022724781465
 20
4.123139578295905
 30
0.0
 10
3.508387043455889
 20
4.126856347585557
 30
0.0
 10
3.508448327906642
 20
4.129454636930837
 30
0.0
 10
3.50848030152182
 20
4.130810228808126
 30
0.0
  0
SPLINE
  5
175
330
1F
100
AcDbEntity
  8
0
  6
Continuous
 62
     7
370
     0
100
AcDbSpline
210
0.0
220
0.0
230
1.0
 70
     8
 71
     3
 72
    15
 73
    11
 74
     0
 42
0.000000001
 43
0.00000001
 40
0.0
 40
0.0
 40
0.0
 40
0.0
 40
0.098490029922016
 40
0.2018380275637323
 40
0.311694896942275
 40
0.4274599879961263
 40
0.5528053385861453
 40
0.6899099414542644
 40
0.8389457546750257
 40
0.9999999999999999
 40
0.9999999999999999
 40
0.9999999999999999
 40
0.9999999999999999
 10
3.644862817344604
 20
4.052309437668885
 30
0.0
 10
3.64541919114883
 20
4.053735560650153
 30
0.0
 10
3.646559381595742
 20
4.056658149361215
 30
0.0
 10
3.647885206356518
 20
4.061323542430838
 30
0.0
 10
3.648906278703921
 20
4.066334862954376
 30
0.0
 10
3.649669866239561
 20
4.071736431654365
 30
0.0
 10
3.650224840425498
 20
4.077587774512943
 30
0.0
 10
3.650593240943199
 20
4.083970908898022
 30
0.0
 10
3.650833374626517
 20
4.090915210849807
 30
0.0
 10
3.650867592677813
 20
4.09573287650706
 30
0.0
 10
3.650885364812959
 20
4.098235070580277
 30
0.0
  0
SPLINE
  5
176
330
1F
100
AcDbEntity
  8
0
  6
Continuous
 62
     7
370
     0
100
AcDbSpline
210
0.0
220
0.0
230
1.0
 70
     8
 71
     3
 72
    15
 73
    11
 74
     0
 42
0.000000001
 43
0.00000001
 40
0.0
 40
0.0
 40
0.0
 40
0.0
 40
0.1596511372780696
 40
0.3085655703298849
 40
0.4461933710066817
 40
0.5739690612704997
 40
0.692158356492828
 40
0.8020565012233003
 40
0.9040987413505422
 40
1.0
 40
1.0
 40
1.0
 40
1.0
 10
3.650885364812959
 20
4.098235070580277
 30
0.0
 10
3.650867417482829
 20
4.100717489957733
 30
0.0
 10
3.650832729799095
 20
4.105515383440125
 30
0.0
 10
3.650592642156215
 20
4.112449689651027
 30
0.0
 10
3.650222217834609
 20
4.118882300812237
 30
0.0
 10
3.649663894256296
 20
4.124821114915131
 30
0.0
 10
3.648929938619192
 20
4.130310004822571
 30
0.0
 10
3.647847214559028
 20
4.135330066201656
 30
0.0
 10
3.646561026381119
 20
4.139951070675749
 30
0.0
 10
3.645357101426884
 20
4.142786817875894
 30
0.0
 10
3.644773814180047
 20
4.14416070349167
 30
0.0
  0
SPLINE
  5
177
330
1F
100
AcDbEntity
  8
0
  6
Continuous
 62
     7
370
     0
100
AcDbSpline
210
0.0
220
0.0
230
1.0
 70
     8
 71
     3
 72
    15
 73
    11
 74
     0
 42
0.000000001
 43
0.00000001
 40
0.0
 40
0.0
 40
0.0
 40
0.0
 40
0.1302336202016364
 40
0.2533235947621246
 40
0.3705049145481281
 40
0.4852872396224107
 40
0.6008722347763186
 40
0.7234306548017282
 40
0.8556410648324589
 40
1.0
 40
1.0
 40
1.0
 40
1.0
 10
3.644773814180047
 20
4.144160703491671
 30
0.0
 10
3.644159275291111
 20
4.145392409329852
 30
0.0
 10
3.642963906535905
 20
4.147788258805084
 30
0.0
 10
3.640746404892728
 20
4.151037882777147
 30
0.0
 10
3.638110645242256
 20
4.153725420734126
 30
0.0
 10
3.635215939422396
 20
4.156006600268311
 30
0.0
 10
3.631899077936886
 20
4.157754043098118
 30
0.0
 10
3.628174660047782
 20
4.158995830926938
 30
0.0
 10
3.62400632193424
 20
4.159741239506025
 30
0.0
 10
3.6210824194727
 20
4.159815938218991
 30
0.0
 10
3.619556250888908
 20
4.159854928175214
 30
0.0
  0
SPLINE
  5
178
330
1F
100
AcDbEntity
  8
0
  6
Continuous
 62
     7
370
     0
100
AcDbSpline
210
0.0
220
0.0
230
1.0
 70
     8
 71
     3
 72
    15
 73
    11
 74
     0
 42
0.000000001
 43
0.00000001
 40
0.0
 40
0.0
 40
0.0
 40
0.0
 40
0.1413728161521934
 40
0.2716333270370331
 40
0.3941115680980355
 40
0.5104341139114735
 40
0.6257922686548086
 40
0.7433981479379742
 40
0.8678883717593728
 40
1.0
 40
1.0
 40
1.0
 40
1.0
 10
3.619556250888908
 20
4.159854928175214
 30
0.0
 10
3.61804972333291
 20
4.159815931838015
 30
0.0
 10
3.615155085569818
 20
4.159741004386586
 30
0.0
 10
3.61100930908773
 20
4.158987638794853
 30
0.0
 10
3.607265390506924
 20
4.157749644801589
 30
0.0
 10
3.603904940020048
 20
4.156002661611542
 30
0.0
 10
3.600921088925694
 20
4.153748736313944
 30
0.0
 10
3.598328243503505
 20
4.150946506382115
 30
0.0
 10
3.595971853086948
 20
4.147712530079863
 30
0.0
 10
3.594776242266827
 20
4.14525035142396
 30
0.0
 10
3.594160681268655
 20
4.143982697162556
 30
0.0
  0
SPLINE
  5
179
330
1F
100
AcDbEntity
  8
0
  6
Continuous
 62
     7
370
     0
100
AcDbSpline
210
0.0
220
0.0
230
1.0
 70
     8
 71
     3
 72
    15
 73
    11
 74
     0
 42
0.000000001
 43
0.00000001
 40
0.0
 40
0.0
 40
0.0
 40
0.0
 40
0.0929327014231511
 40
0.1955187970205152
 40
0.3091460508655602
 40
0.4331371720548342
 40
0.5654292707948632
 40
0.704474186487367
 40
0.8490924635745115
 40
1.0
 40
1.0
 40
1.0
 40
1.0
 10
3.594160681268655
 20
4.143982697162556
 30
0.0
 10
3.593609410717382
 20
4.142647360620126
 30
0.0
 10
3.592449606328105
 20
4.139837979310907
 30
0.0
 10
3.591185620740945
 20
4.135194339433901
 30
0.0
 10
3.590159138401478
 20
4.130008710257889
 30
0.0
 10
3.589411557938224
 20
4.124308027410325
 30
0.0
 10
3.588908160030013
 20
4.118187395089201
 30
0.0
 10
3.588522974435326
 20
4.111737765825011
 30
0.0
 10
3.588282160844093
 20
4.104991223542316
 30
0.0
 10
3.588245736646224
 20
4.100401013008475
 30
0.0
 10
3.588227136964857
 20
4.098057064251163
 30
0.0
  0
SPLINE
  5
17A
330
1F
100
AcDbEntity
  8
0
  6
Continuous
 62
     7
370
     0
100
AcDbSpline
210
0.0
220
0.0
230
1.0
 70
     8
 71
     3
 72
    15
 73
    11
 74
     0
 42
0.000000001
 43
0.00000001
 40
0.0
 40
0.0
 40
0.0
 40
0.0
 40
0.1641007877079216
 40
0.3141068989893855
 40
0.4507499698644452
 40
0.5734501429382801
 40
0.6864814603067132
 40
0.7948918672846346
 40
0.899373047204323
 40
1.0
 40
1.0
 40
1.0
 40
1.0
 10
3.588227136964857
 20
4.098057064251163
 30
0.0
 10
3.58823557182413
 20
4.095535187592612
 30
0.0
 10
3.588251717069539
 20
4.090708039180252
 30
0.0
 10
3.588453808286364
 20
4.083782878195556
 30
0.0
 10
3.588816445699466
 20
4.077502348691207
 30
0.0
 10
3.589256815098663
 20
4.071795486952791
 30
0.0
 10
3.589968746861465
 20
4.066550869302548
 30
0.0
 10
3.590973808070101
 20
4.061641301011357
 30
0.0
 10
3.592279351711513
 20
4.056994242550247
 30
0.0
 10
3.593461864435012
 20
4.05407028771769
 30
0.0
 10
3.594042010382579
 20
4.052635782605594
 30
0.0
  0
SPLINE
  5
17B
330
1F
100
AcDbEntity
  8
0
  6
Continuous
 62
     7
370
     0
100
AcDbSpline
210
0.0
220
0.0
230
1.0
 70
     8
 71
     3
 72
    15
 73
    11
 74
     0
 42
0.000000001
 43
0.00000001
 40
0.0
 40
0.0
 40
0.0
 40
0.0
 40
0.127944218121149
 40
0.2482369193370222
 40
0.3644446802024277
 40
0.4785790913491295
 40
0.5947180955730496
 40
0.7179626744033684
 40
0.8521394834580097
 40
1.0
 40
1.0
 40
1.0
 40
1.0
 10
3.594042010382579
 20
4.052635782605594
 30
0.0
 10
3.594621872868449
 20
4.051381750555003
 30
0.0
 10
3.595746920012004
 20
4.048948682007162
 30
0.0
 10
3.597950253503877
 20
4.045673011019823
 30
0.0
 10
3.6004838703289
 20
4.042849493927712
 30
0.0
 10
3.603401506891317
 20
4.040484773884633
 30
0.0
 10
3.606766168522437
 20
4.038648404235278
 30
0.0
 10
3.610595098664517
 20
4.037342009107476
 30
0.0
 10
3.61491779669869
 20
4.036579502381842
 30
0.0
 10
3.617960885280395
 20
4.036486148328943
 30
0.0
 10
3.619556250888908
 20
4.036437206656227
 30
0.0
  0
SPLINE
  5
17C
330
1F
100
AcDbEntity
  8
0
  6
Continuous
 62
     7
370
     0
100
AcDbSpline
210
0.0
220
0.0
230
1.0
 70
     8
 71
     3
 72
    15
 73
    11
 74
     0
 42
0.000000001
 43
0.00000001
 40
0.0
 40
0.0
 40
0.0
 40
0.0
 40
0.1414581697554194
 40
0.2727119044869395
 40
0.3952640915828002
 40
0.5124813484088726
 40
0.6279091504467667
 40
0.74558603408445
 40
0.8690789999429599
 40
1.0
 40
1.0
 40
1.0
 40
1.0
 10
3.619556250888908
 20
4.036437206656227
 30
0.0
 10
3.621062561743768
 20
4.036477167930559
 30
0.0
 10
3.623966521993562
 20
4.036554207773841
 30
0.0
 10
3.628124627642246
 20
4.037298597130409
 30
0.0
 10
3.631882278127897
 20
4.038550817372118
 30
0.0
 10
3.635262544660134
 20
4.040279604892214
 30
0.0
 10
3.638247831660937
 20
4.042546389742721
 30
0.0
 10
3.640845171502253
 20
4.045329535292645
 30
0.0
 10
3.643141888180469
 20
4.048579519732256
 30
0.0
 10
3.644278116273869
 20
4.051042164699868
 30
0.0
 10
3.644862817344604
 20
4.052309437668885
 30
0.0
  0
LWPOLYLINE
  5
17D
330
1F
100
AcDbEntity
  8
0
  6
Continuous
 62
     7
370
     0
100
AcDbPolyline
 90
        3
 70
   128
 43
0.0
 10
4.1392556342
 20
5.2981460674
 10
4.1371940747
 20
5.3506155873
 10
4.1366700224
 20
5.3568960679
  0
ARC
  5
17E
330
1F
100
AcDbEntity
  8
0
  6
Continuous
 62
     7
370
     0
100
AcDbCircle
 10
3.470505618
 20
5.2981460674
 30
0.0
 40
0.66875
100
AcDbArc
 50
174.9600419458
 51
185.0399580542
  0
LWPOLYLINE
  5
17F
330
1F
100
AcDbEntity
  8
0
  6
Continuous
 62
     7
370
     0
100
AcDbPolyline
 90
        3
 70
   128
 43
0.0
 10
4.13665641
 20
5.2392418338
 10
4.1371940747
 20
5.2456765475
 10
4.1392556342
 20
5.2981460674
  0
SPLINE
  5
180
330
1F
100
AcDbEntity
  8
0
  6
Continuous
 62
     7
370
     0
100
AcDbSpline
210
0.0
220
0.0
230
1.0
 70
     8
 71
     3
 72
     8
 73
     4
 74
     0
 42
0.000000001
 43
0.00000001
 40
2.0
 40
2.0
 40
2.0
 40
2.0
 40
3.0
 40
3.0
 40
3.0
 40
3.0
 10
3.295710803325585
 20
4.417835342919798
 30
0.0
 10
3.270397402797227
 20
4.417835342919798
 30
0.0
 10
3.260696857483585
 20
4.395567054307737
 30
0.0
 10
3.260696857483585
 20
4.373298765695674
 30
0.0
  0
SPLINE
  5
181
330
1F
100
AcDbEntity
  8
0
  6
Continuous
 62
     7
370
     0
100
AcDbSpline
210
0.0
220
0.0
230
1.0
 70
     8
 71
     3
 72
     8
 73
     4
 74
     0
 42
0.000000001
 43
0.00000001
 40
1.0
 40
1.0
 40
1.0
 40
1.0
 40
2.0
 40
2.0
 40
2.0
 40
2.0
 10
3.330723538868731
 20
4.373298765695674
 30
0.0
 10
3.330723538868731
 20
4.395567054307737
 30
0.0
 10
3.321026624451652
 20
4.417835342919798
 30
0.0
 10
3.295710803325585
 20
4.417835342919798
 30
0.0
  0
SPLINE
  5
182
330
1F
100
AcDbEntity
  8
0
  6
Continuous
 62
     7
370
     0
100
AcDbSpline
210
0.0
220
0.0
230
1.0
 70
     8
 71
     3
 72
     8
 73
     4
 74
     0
 42
0.000000001
 43
0.00000001
 40
0.0
 40
0.0
 40
0.0
 40
0.0
 40
1.0
 40
1.0
 40
1.0
 40
1.0
 10
3.295710803325585
 20
4.328760978172697
 30
0.0
 10
3.321026624451652
 20
4.328760978172697
 30
0.0
 10
3.330723538868731
 20
4.35103289768132
 30
0.0
 10
3.330723538868731
 20
4.373298765695674
 30
0.0
  0
SPLINE
  5
183
330
1F
100
AcDbEntity
  8
0
  6
Continuous
 62
     7
370
     0
100
AcDbSpline
210
0.0
220
0.0
230
1.0
 70
     8
 71
     3
 72
     8
 73
     4
 74
     0
 42
0.000000001
 43
0.00000001
 40
3.0
 40
3.0
 40
3.0
 40
3.0
 40
4.0
 40
4.0
 40
4.0
 40
4.0
 10
3.260696857483585
 20
4.373298765695674
 30
0.0
 10
3.260696857483585
 20
4.35103289768132
 30
0.0
 10
3.270397402797227
 20
4.328760978172697
 30
0.0
 10
3.295710803325585
 20
4.328760978172697
 30
0.0
  0
LINE
  5
184
330
1F
100
AcDbEntity
  8
0
  6
Continuous
 62
     7
370
     0
100
AcDbLine
 10
3.4093675508
 20
4.3831759956
 30
0.0
 11
3.4422731522
 21
4.3831759956
 31
0.0
  0
LINE
  5
185
330
1F
100
AcDbEntity
  8
0
  6
Continuous
 62
     7
370
     0
100
AcDbLine
 10
3.4093675508
 20
4.4169965715
 30
0.0
 11
3.4093675508
 21
4.3831759956
 31
0.0
  0
LINE
  5
186
330
1F
100
AcDbEntity
  8
0
  6
Continuous
 62
     7
370
     0
100
AcDbLine
 10
3.440585998
 20
4.4169965715
 30
0.0
 11
3.4093675508
 21
4.4169965715
 31
0.0
  0
SPLINE
  5
187
330
1F
100
AcDbEntity
  8
0
  6
Continuous
 62
     7
370
     0
100
AcDbSpline
210
0.0
220
0.0
230
1.0
 70
     8
 71
     3
 72
     8
 73
     4
 74
     0
 42
0.000000001
 43
0.00000001
 40
2.0
 40
2.0
 40
2.0
 40
2.0
 40
3.0
 40
3.0
 40
3.0
 40
3.0
 10
3.460410691955762
 20
4.400818541034609
 30
0.0
 10
3.460410691955762
 20
4.411950869892359
 30
0.0
 10
3.451557355839819
 20
4.416996605814076
 30
0.0
 10
3.440585996729631
 20
4.416996605814076
 30
0.0
  0
SPLINE
  5
188
330
1F
100
AcDbEntity
  8
0
  6
Continuous
 62
     7
370
     0
100
AcDbSpline
210
0.0
220
0.0
230
1.0
 70
     8
 71
     3
 72
     8
 73
     4
 74
     0
 42
0.000000001
 43
0.00000001
 40
1.0
 40
1.0
 40
1.0
 40
1.0
 40
2.0
 40
2.0
 40
2.0
 40
2.0
 10
3.442273153331905
 20
4.383176014641978
 30
0.0
 10
3.45408567014552
 20
4.383176014641978
 30
0.0
 10
3.460410691955762
 20
4.389474409877434
 30
0.0
 10
3.460410691955762
 20
4.400818541034609
 30
0.0
  0
SPLINE
  5
189
330
1F
100
AcDbEntity
  8
0
  6
Continuous
 62
     7
370
     0
100
AcDbSpline
210
0.0
220
0.0
230
1.0
 70
     8
 71
     3
 72
     8
 73
     4
 74
     0
 42
0.000000001
 43
0.00000001
 40
0.0
 40
0.0
 40
0.0
 40
0.0
 40
1.0
 40
1.0
 40
1.0
 40
1.0
 10
3.883070047399844
 20
4.35923872391045
 30
0.0
 10
3.885251005934488
 20
4.358635995081231
 30
0.0
 10
3.887477955825581
 20
4.358011480872642
 30
0.0
 10
3.889709746912087
 20
4.357372443077808
 30
0.0
  0
LINE
  5
18A
330
1F
100
AcDbEntity
  8
0
  6
Continuous
 62
     7
370
     0
100
AcDbLine
 10
3.889709767
 20
4.357372402
 30
0.0
 11
3.8555551157
 21
4.357372402
 31
0.0
  0
SPLINE
  5
18B
330
1F
100
AcDbEntity
  8
0
  6
Continuous
 62
     7
370
     0
100
AcDbSpline
210
0.0
220
0.0
230
1.0
 70
     8
 71
     3
 72
     8
 73
     4
 74
     0
 42
0.000000001
 43
0.00000001
 40
8.0
 40
8.0
 40
8.0
 40
8.0
 40
9.0
 40
9.0
 40
9.0
 40
9.0
 10
3.855555113256325
 20
4.357372443077808
 30
0.0
 10
3.855555113256325
 20
4.367630936163075
 30
0.0
 10
3.846695725646113
 20
4.376491534072142
 30
0.0
 10
3.841099303745891
 20
4.38022167513972
 30
0.0
  0
SPLINE
  5
18C
330
1F
100
AcDbEntity
  8
0
  6
Continuous
 62
     7
370
     0
100
AcDbSpline
210
0.0
220
0.0
230
1.0
 70
     8
 71
     3
 72
     8
 73
     4
 74
     0
 42
0.000000001
 43
0.00000001
 40
9.0
 40
9.0
 40
9.0
 40
9.0
 40
10.0
 40
10.0
 40
10.0
 40
10.0
 10
3.841099303745891
 20
4.38022167513972
 30
0.0
 10
3.843892673500586
 20
4.38348464084971
 30
0.0
 10
3.84809241052346
 20
4.386751237456263
 30
0.0
 10
3.849496357193931
 20
4.39234644905763
 30
0.0
  0
SPLINE
  5
18D
330
1F
100
AcDbEntity
  8
0
  6
Continuous
 62
     7
370
     0
100
AcDbSpline
210
0.0
220
0.0
230
1.0
 70
     8
 71
     3
 72
     8
 73
     4
 74
     0
 42
0.000000001
 43
0.00000001
 40
10.0
 40
10.0
 40
10.0
 40
10.0
 40
11.0
 40
11.0
 40
11.0
 40
11.0
 10
3.849496357193931
 20
4.39234644905763
 30
0.0
 10
3.849496357193931
 20
4.376491534072142
 30
0.0
 10
3.864419342061952
 20
4.364364339556523
 30
0.0
 10
3.883070047399844
 20
4.35923872391045
 30
0.0
  0
SPLINE
  5
18E
330
1F
100
AcDbEntity
  8
0
  6
Continuous
 62
     7
370
     0
100
AcDbSpline
210
0.0
220
0.0
230
1.0
 70
     8
 71
     3
 72
     8
 73
     4
 74
     0
 42
0.000000001
 43
0.00000001
 40
3.0
 40
3.0
 40
3.0
 40
3.0
 40
4.0
 40
4.0
 40
4.0
 40
4.0
 10
3.919860711959301
 20
4.400572850367277
 30
0.0
 10
3.920177810259012
 20
4.398646054591941
 30
0.0
 10
3.92021169862692
 20
4.397450279324333
 30
0.0
 10
3.920216539822335
 20
4.394935278306024
 30
0.0
  0
SPLINE
  5
18F
330
1F
100
AcDbEntity
  8
0
  6
Continuous
 62
     7
370
     0
100
AcDbSpline
210
0.0
220
0.0
230
1.0
 70
     8
 71
     3
 72
     8
 73
     4
 74
     0
 42
0.000000001
 43
0.00000001
 40
0.0
 40
0.0
 40
0.0
 40
0.0
 40
1.0
 40
1.0
 40
1.0
 40
1.0
 10
3.920216539822335
 20
4.394935278306024
 30
0.0
 10
3.901406075035733
 20
4.399667546824594
 30
0.0
 10
3.896325240447255
 20
4.400489339746361
 30
0.0
 10
3.896325240447254
 20
4.404494218653764
 30
0.0
  0
SPLINE
  5
190
330
1F
100
AcDbEntity
  8
0
  6
Continuous
 62
     7
370
     0
100
AcDbSpline
210
0.0
220
0.0
230
1.0
 70
     8
 71
     3
 72
     8
 73
     4
 74
     0
 42
0.000000001
 43
0.00000001
 40
2.0
 40
2.0
 40
2.0
 40
2.0
 40
3.0
 40
3.0
 40
3.0
 40
3.0
 10
3.908450014365165
 20
4.407346893052298
 30
0.0
 10
3.916539651904326
 20
4.407107253879235
 30
0.0
 10
3.919071597106589
 20
4.405457616541432
 30
0.0
 10
3.919860711959301
 20
4.400572850367277
 30
0.0
  0
SPLINE
  5
191
330
1F
100
AcDbEntity
  8
0
  6
Continuous
 62
     7
370
     0
100
AcDbSpline
210
0.0
220
0.0
230
1.0
 70
     8
 71
     3
 72
     8
 73
     4
 74
     0
 42
0.000000001
 43
0.00000001
 40
1.0
 40
1.0
 40
1.0
 40
1.0
 40
2.0
 40
2.0
 40
2.0
 40
2.0
 10
3.896325240447254
 20
4.404494218653764
 30
0.0
 10
3.896325240447254
 20
4.406275778566638
 30
0.0
 10
3.904528646078677
 20
4.407459450845707
 30
0.0
 10
3.908450014365165
 20
4.407346893052298
 30
0.0
  0
SPLINE
  5
192
330
1F
100
AcDbEntity
  8
0
  6
Continuous
 62
     7
370
     0
100
AcDbSpline
210
0.0
220
0.0
230
1.0
 70
     8
 71
     3
 72
     8
 73
     4
 74
     0
 42
0.000000001
 43
0.00000001
 40
5.0
 40
5.0
 40
5.0
 40
5.0
 40
6.0
 40
6.0
 40
6.0
 40
6.0
 10
3.904010638169229
 20
4.338097223531328
 30
0.0
 10
3.890803857075972
 20
4.341711175908936
 30
0.0
 10
3.89063683583414
 20
4.348989913216014
 30
0.0
 10
3.890634415236433
 20
4.357103756732252
 30
0.0
  0
SPLINE
  5
193
330
1F
100
AcDbEntity
  8
0
  6
Continuous
 62
     7
370
     0
100
AcDbSpline
210
0.0
220
0.0
230
1.0
 70
     8
 71
     3
 72
     8
 73
     4
 74
     0
 42
0.000000001
 43
0.00000001
 40
3.0
 40
3.0
 40
3.0
 40
3.0
 40
4.0
 40
4.0
 40
4.0
 40
4.0
 10
3.890634415236433
 20
4.357103756732252
 30
0.0
 10
3.907254239097557
 20
4.352308552673282
 30
0.0
 10
3.923973307464697
 20
4.346605624473922
 30
0.0
 10
3.923101892289923
 20
4.343124804970237
 30
0.0
  0
SPLINE
  5
194
330
1F
100
AcDbEntity
  8
0
  6
Continuous
 62
     7
370
     0
100
AcDbSpline
210
0.0
220
0.0
230
1.0
 70
     8
 71
     3
 72
     8
 73
     4
 74
     0
 42
0.000000001
 43
0.00000001
 40
4.0
 40
4.0
 40
4.0
 40
4.0
 40
5.0
 40
5.0
 40
5.0
 40
5.0
 10
3.923101892289923
 20
4.343124804970237
 30
0.0
 10
3.921448624055558
 20
4.336494787848824
 30
0.0
 10
3.916609849237849
 20
4.334657554188674
 30
0.0
 10
3.904010638169229
 20
4.338097223531328
 30
0.0
  0
LINE
  5
195
330
1F
100
AcDbEntity
  8
0
  6
Continuous
 62
     7
370
     0
100
AcDbLine
 10
3.7722913942
 20
4.3890653275
 30
0.0
 11
3.7942316949
 21
4.3890653275
 31
0.0
  0
SPLINE
  5
196
330
1F
100
AcDbEntity
  8
0
  6
Continuous
 62
     7
370
     0
100
AcDbSpline
210
0.0
220
0.0
230
1.0
 70
     8
 71
     3
 72
     8
 73
     4
 74
     0
 42
0.000000001
 43
0.00000001
 40
3.0
 40
3.0
 40
3.0
 40
3.0
 40
4.0
 40
4.0
 40
4.0
 40
4.0
 10
3.805809409765213
 20
4.398458458269594
 30
0.0
 10
3.805809409765213
 20
4.40563916136951
 30
0.0
 10
3.800174258301667
 20
4.407989561743696
 30
0.0
 10
3.794231690929244
 20
4.407989561743696
 30
0.0
  0
LINE
  5
197
330
1F
100
AcDbEntity
  8
0
  6
Continuous
 62
     7
370
     0
100
AcDbLine
 10
3.7722913942
 20
4.4079896006
 30
0.0
 11
3.7722913942
 21
4.3890653275
 31
0.0
  0
SPLINE
  5
198
330
1F
100
AcDbEntity
  8
0
  6
Continuous
 62
     7
370
     0
100
AcDbSpline
210
0.0
220
0.0
230
1.0
 70
     8
 71
     3
 72
     8
 73
     4
 74
     0
 42
0.000000001
 43
0.00000001
 40
2.0
 40
2.0
 40
2.0
 40
2.0
 40
3.0
 40
3.0
 40
3.0
 40
3.0
 10
3.794231690929244
 20
4.389065328864832
 30
0.0
 10
3.799111615907984
 20
4.389065328864832
 30
0.0
 10
3.805809409765213
 20
4.391415729239016
 30
0.0
 10
3.805809409765213
 20
4.398458458269594
 30
0.0
  0
LINE
  5
199
330
1F
100
AcDbEntity
  8
0
  6
Continuous
 62
     7
370
     0
100
AcDbLine
 10
3.7942316949
 20
4.4079896006
 30
0.0
 11
3.7722913942
 21
4.4079896006
 31
0.0
  0
LINE
  5
19A
330
1F
100
AcDbEntity
  8
0
  6
Continuous
 62
     7
370
     0
100
AcDbLine
 10
3.6567925681
 20
4.3580913353
 30
0.0
 11
3.6776169775
 21
4.3580913353
 31
0.0
  0
LINE
  5
19B
330
1F
100
AcDbEntity
  8
0
  6
Continuous
 62
     7
370
     0
100
AcDbLine
 10
3.6673802666
 20
4.3907767244
 30
0.0
 11
3.6567925681
 21
4.3580913353
 31
0.0
  0
LINE
  5
19C
330
1F
100
AcDbEntity
  8
0
  6
Continuous
 62
     7
370
     0
100
AcDbLine
 10
3.6776169775
 20
4.3580913353
 30
0.0
 11
3.6673802666
 21
4.3907767244
 31
0.0
  0
LINE
  5
19D
330
1F
100
AcDbEntity
  8
0
  6
Continuous
 62
     7
370
     0
100
AcDbLine
 10
3.7983225018
 20
4.3596792587
 30
0.0
 11
3.7721098505
 21
4.3596792587
 31
0.0
  0
SPLINE
  5
19E
330
1F
100
AcDbEntity
  8
0
  6
Continuous
 62
     7
370
     0
100
AcDbSpline
210
0.0
220
0.0
230
1.0
 70
     8
 71
     3
 72
     8
 73
     4
 74
     0
 42
0.000000001
 43
0.00000001
 40
2.0
 40
2.0
 40
2.0
 40
2.0
 40
3.0
 40
3.0
 40
3.0
 40
3.0
 10
3.798322501055271
 20
4.335366789317032
 30
0.0
 10
3.80415372093314
 20
4.335366789317032
 30
0.0
 10
3.812156216954822
 20
4.338382854060836
 30
0.0
 10
3.812156216954822
 20
4.347433468889958
 30
0.0
  0
LINE
  5
19F
330
1F
100
AcDbEntity
  8
0
  6
Continuous
 62
     7
370
     0
100
AcDbLine
 10
3.7721098505
 20
4.3596792587
 30
0.0
 11
3.7721098505
 21
4.3353667895
 31
0.0
  0
SPLINE
  5
1A0
330
1F
100
AcDbEntity
  8
0
  6
Continuous
 62
     7
370
     0
100
AcDbSpline
210
0.0
220
0.0
230
1.0
 70
     8
 71
     3
 72
     8
 73
     4
 74
     0
 42
0.000000001
 43
0.00000001
 40
3.0
 40
3.0
 40
3.0
 40
3.0
 40
4.0
 40
4.0
 40
4.0
 40
4.0
 10
3.812156216954822
 20
4.347433468889958
 30
0.0
 10
3.812156216954822
 20
4.356658366754034
 30
0.0
 10
3.805426955327395
 20
4.359679272693254
 30
0.0
 10
3.798322501055271
 20
4.359679272693254
 30
0.0
  0
LINE
  5
1A1
330
1F
100
AcDbEntity
  8
0
  6
Continuous
 62
     7
370
     0
100
AcDbLine
 10
3.7721098505
 20
4.3353667895
 30
0.0
 11
3.7983225018
 21
4.3353667895
 31
0.0
  0
DIMENSION
  5
1A2
330
1F
100
AcDbEntity
  8
0
  6
Continuous
 62
     8
370
     0
100
AcDbDimension
  2
_D
 10
4.745505618
 20
3.7231460674
 30
0.0
 11
4.745505618
 21
4.5106460674
 31
0.0
 70
   160
  1
<>
 71
     2
 42
-1.0
  3
SLDDIMSTYLE0
100
AcDbAlignedDimension
 13
3.533005618
 23
5.2981460674
 33
0.0
 14
3.970505618
 24
3.7231460674
 34
0.0
 50
90.0
100
AcDbRotatedDimension
  0
DIMENSION
  5
1B7
330
1F
100
AcDbEntity
  8
0
  6
Continuous
 62
     8
370
     0
100
AcDbDimension
  2
_D_1
 10
5.215505618
 20
6.1731460674
 30
0.0
 11
5.215505618
 21
4.9476239194
 31
0.0
 70
   160
  1
<>
 71
     2
 42
-1.0
  3
SLDDIMSTYLE0
100
AcDbAlignedDimension
 13
3.970505618
 23
3.7231460674
 33
0.0
 14
3.470505618
 24
6.1731460674
 34
0.0
 50
90.0
100
AcDbRotatedDimension
  0
DIMENSION
  5
1CC
330
1F
100
AcDbEntity
  8
0
  6
Continuous
 62
     8
370
     0
100
AcDbDimension
  2
_D_2
 10
3.470505618
 20
5.2981460674
 30
0.0
 11
5.6838674629
 21
6.5480356086
 31
0.0
 70
   164
  1
SM05 (0.535-40) SERIES THREAD\P(1) SM05RR RETAINING RING\P(INCLUDED)
 71
     1
 42
-1.0
  3
SLDDIMSTYLE1
100
AcDbRadialDimension
 15
3.9433832779
 25
5.7710237273
 35
0.0
 40
0.0
  0
DIMENSION
  5
1D7
330
1F
100
AcDbEntity
  8
0
  6
Continuous
 62
     8
370
     0
100
AcDbDimension
  2
_D_3
 10
4.098921018
 20
4.689279017
 30
0.0
 11
2.0147066077
 21
6.271481194
 31
0.0
 70
   163
  1
<>in\P[%%c17.8mm]
 71
     1
 42
-1.0
  3
SLDDIMSTYLE2
100
AcDbDiametricDimension
 15
2.842090218
 25
5.9070131178
 35
0.0
 40
0.0
  0
DIMENSION
  5
1E5
330
1F
100
AcDbEntity
  8
0
  6
Continuous
 62
     8
370
     0
100
AcDbDimension
  2
_D_4
 10
3.861522565
 20
5.6759949917
 30
0.0
 11
1.3849435465
 21
4.4014450893
 31
0.0
 70
   163
  1
SM05 (0.535-40) SERIES\PINTERNAL THREAD\P(1) SM05RR  RETAINING RING INCLUDED\P<>in [%%c11.0mm]\PCLEAR APERTURE
 71
     1
 42
-1.0
  3
SLDDIMSTYLE3
100
AcDbDiametricDimension
 15
3.0794886709
 25
4.9202971431
 35
0.0
 40
0.0
  0
INSERT
  5
1FC
330
1F
100
AcDbEntity
  8
0
  6
Continuous
 62
     7
370
     0
100
AcDbBlockReference
  2
SW_SYMBOL_MOD_CL
 10
3.4014791257
 20
6.5287448923
 30
0.0
 41
0.0025955625
 42
0.0025955625
 43
0.0025955625
  0
INSERT
  5
204
102
{ACAD_REACTORS
330
206
102
}
330
1F
100
AcDbEntity
  8
0
  6
Continuous
 62
     8
370
     0
100
AcDbBlockReference
  2
SW_NOTE_3
 10
2.300298839
 20
5.7073229969
 30
0.0
  0
LEADER
  5
206
330
1F
100
AcDbEntity
  8
0
  6
Continuous
 62
     8
370
     0
100
AcDbLeader
  3
SLDDIMSTYLE4
 73
     2
 76
     3
 10
2.8043412239
 20
5.3568960674
 30
0.0
 10
2.4493944086
 20
5.7073229969
 30
0.0
 10
2.300298839
 20
5.7073229969
 30
0.0
340
204
  0
INSERT
  5
20E
330
1F
100
AcDbEntity
  8
0
  6
Continuous
 62
     7
370
     0
100
AcDbBlockReference
  2
SW_CENTERMARKSYMBOL_0
 10
3.470505618
 20
5.2981460674
 30
0.0
  0
LINE
  5
20F
330
1F
100
AcDbEntity
  8
0
  6
PHANTOM
 62
     7
370
    30
100
AcDbLine
 10
3.470505618
 20
6.4671460674
 30
0.0
 11
3.470505618
 21
3.4291460674
 31
0.0
  0
LINE
  5
210
330
1F
100
AcDbEntity
  8
0
  6
Continuous
 62
     7
370
    30
100
AcDbLine
 10
3.470505618
 20
6.4671460674
 30
0.0
 11
3.120505618
 21
6.4671460674
 31
0.0
  0
SOLID
  5
211
330
1F
100
AcDbEntity
  8
0
  6
Continuous
 62
     7
370
    30
100
AcDbTrace
 10
3.120505618
 20
6.4671460674
 30
0.0
 11
3.270505618
 21
6.4421460674
 31
0.0
 12
3.270505618
 22
6.4921460674
 32
0.0
 13
3.270505618
 23
6.4921460674
 33
0.0
  0
LINE
  5
212
330
1F
100
AcDbEntity
  8
0
  6
Continuous
 62
     7
370
    30
100
AcDbLine
 10
3.470505618
 20
3.4291460674
 30
0.0
 11
3.120505618
 21
3.4291460674
 31
0.0
  0
SOLID
  5
213
330
1F
100
AcDbEntity
  8
0
  6
Continuous
 62
     7
370
    30
100
AcDbTrace
 10
3.120505618
 20
3.4291460674
 30
0.0
 11
3.270505618
 21
3.4041460674
 31
0.0
 12
3.270505618
 22
3.4541460674
 32
0.0
 13
3.270505618
 23
3.4541460674
 33
0.0
  0
MTEXT
  5
214
330
1F
100
AcDbEntity
  8
0
  6
Continuous
 62
     7
100
AcDbMText
 10
3.0175155431
 20
6.5306827715
 30
0.0
 40
0.08
 41
0.0
 71
     1
 72
     1
  1
A
  7
SLDTEXTSTYLE0
 73
     1
 44
1.0
  0
MTEXT
  5
215
330
1F
100
AcDbEntity
  8
0
  6
Continuous
 62
     7
100
AcDbMText
 10
3.0175155431
 20
3.4926827715
 30
0.0
 40
0.08
 41
0.0
 71
     1
 72
     1
  1
A
  7
SLDTEXTSTYLE0
 73
     1
 44
1.0
  0
LINE
  5
216
330
1F
100
AcDbEntity
  8
0
  6
Continuous
 62
     7
370
     0
100
AcDbLine
 10
2.5955056011
 20
2.314082397
 30
0.0
 11
2.5955056011
 21
1.5640824152
 31
0.0
  0
LINE
  5
217
330
1F
100
AcDbEntity
  8
0
  6
Continuous
 62
     7
370
     0
100
AcDbLine
 10
4.3455056349
 20
1.5640824152
 30
0.0
 11
4.3455056349
 21
2.314082397
 31
0.0
  0
LINE
  5
218
330
1F
100
AcDbEntity
  8
0
  6
Continuous
 62
     7
370
     0
100
AcDbLine
 10
3.9705056211
 20
1.5640824152
 30
0.0
 11
3.9705056211
 21
2.314082397
 31
0.0
  0
LINE
  5
219
330
1F
100
AcDbEntity
  8
0
  6
Continuous
 62
     7
370
     0
100
AcDbLine
 10
2.9705056149
 20
1.5640824152
 30
0.0
 11
3.9705056211
 21
1.5640824152
 31
0.0
  0
LINE
  5
21A
330
1F
100
AcDbEntity
  8
0
  6
Continuous
 62
     7
370
     0
100
AcDbLine
 10
2.9705056149
 20
1.5640824152
 30
0.0
 11
2.9705056149
 21
2.314082397
 31
0.0
  0
LINE
  5
21B
330
1F
100
AcDbEntity
  8
0
  6
Continuous
 62
     7
370
     0
100
AcDbLine
 10
2.9705056149
 20
2.314082397
 30
0.0
 11
3.9705056211
 21
2.314082397
 31
0.0
  0
CIRCLE
  5
21C
330
1F
100
AcDbEntity
  8
0
  6
Continuous
 62
     7
370
     0
100
AcDbCircle
 10
3.470505618
 20
1.939082397
 30
0.0
 40
0.23
  0
LINE
  5
21D
330
1F
100
AcDbEntity
  8
0
  6
Continuous
 62
     7
370
     0
100
AcDbLine
 10
2.6228436769
 20
1.5640824152
 30
0.0
 11
2.9705056149
 21
1.5640824152
 31
0.0
  0
LINE
  5
21E
330
1F
100
AcDbEntity
  8
0
  6
Continuous
 62
     7
370
     0
100
AcDbLine
 10
2.6228436769
 20
2.314082397
 30
0.0
 11
2.9705056149
 21
2.314082397
 31
0.0
  0
LINE
  5
21F
330
1F
100
AcDbEntity
  8
0
  6
Continuous
 62
     7
370
     0
100
AcDbLine
 10
3.9705056211
 20
1.5640824152
 30
0.0
 11
4.318167559
 21
1.5640824152
 31
0.0
  0
LINE
  5
220
330
1F
100
AcDbEntity
  8
0
  6
Continuous
 62
     7
370
     0
100
AcDbLine
 10
3.9705056211
 20
2.314082397
 30
0.0
 11
4.318167559
 21
2.314082397
 31
0.0
  0
CIRCLE
  5
221
330
1F
100
AcDbEntity
  8
0
  6
Continuous
 62
     7
370
     0
100
AcDbCircle
 10
3.470505618
 20
1.939082397
 30
0.0
 40
0.2049999999999992
  0
CIRCLE
  5
222
330
1F
100
AcDbEntity
  8
0
  6
Continuous
 62
     7
370
     0
100
AcDbCircle
 10
3.470505618
 20
1.939082397
 30
0.0
 40
0.1699999999999995
  0
LINE
  5
223
330
1F
100
AcDbEntity
  8
0
  6
Continuous
 62
     7
370
     0
100
AcDbLine
 10
4.318167559
 20
2.314082397
 30
0.0
 11
4.3455056349
 21
2.314082397
 31
0.0
  0
LINE
  5
224
330
1F
100
AcDbEntity
  8
0
  6
Continuous
 62
     7
370
     0
100
AcDbLine
 10
2.5955056011
 20
2.314082397
 30
0.0
 11
2.6228436769
 21
2.314082397
 31
0.0
  0
LINE
  5
225
330
1F
100
AcDbEntity
  8
0
  6
Continuous
 62
     7
370
     0
100
AcDbLine
 10
4.318167559
 20
1.5640824152
 30
0.0
 11
4.3455056349
 21
1.5640824152
 31
0.0
  0
LINE
  5
226
330
1F
100
AcDbEntity
  8
0
  6
Continuous
 62
     7
370
     0
100
AcDbLine
 10
2.5955056011
 20
1.5640824152
 30
0.0
 11
2.6228436769
 21
1.5640824152
 31
0.0
  0
DIMENSION
  5
227
330
1F
100
AcDbEntity
  8
0
  6
Continuous
 62
     8
370
     0
100
AcDbDimension
  2
_D_5
 10
3.3191576205
 20
1.8008117072
 30
0.0
 11
4.867006584
 21
2.564083356
 31
0.0
 70
   163
  1
8-32 MOUNTING HOLE
 71
     1
 42
-1.0
  3
SLDDIMSTYLE5
100
AcDbDiametricDimension
 15
3.6218536155
 25
2.0773530868
 35
0.0
 40
0.0
  0
DIMENSION
  5
230
330
1F
100
AcDbEntity
  8
0
  6
Continuous
 62
     8
370
     0
100
AcDbDimension
  2
_D_6
 10
4.8427917907
 20
1.564082397
 30
0.0
 11
4.8427917907
 21
1.751582397
 31
0.0
 70
   160
  1
<>
 71
     2
 42
-1.0
  3
SLDDIMSTYLE6
100
AcDbAlignedDimension
 13
4.5455056532
 23
1.939082397
 33
0.0
 14
4.345505618
 24
1.564082397
 34
0.0
 50
90.0
100
AcDbRotatedDimension
  0
INSERT
  5
245
330
1F
100
AcDbEntity
  8
0
  6
Continuous
 62
     7
370
     0
100
AcDbBlockReference
  2
SW_SYMBOL_MOD_CL
 10
3.4056399785
 20
2.5531716129
 30
0.0
 41
0.0025955625
 42
0.0025955625
 43
0.0025955625
  0
INSERT
  5
246
330
1F
100
AcDbEntity
  8
0
  6
Continuous
 62
     7
370
     0
100
AcDbBlockReference
  2
SW_SYMBOL_MOD_CL
 10
2.2589935821
 20
1.8891613458
 30
0.0
 41
0.0025955625
 42
0.0025955625
 43
0.0025955625
  0
INSERT
  5
252
330
1F
100
AcDbEntity
  8
0
  6
Continuous
 62
     7
370
     0
100
AcDbBlockReference
  2
SW_CENTERMARKSYMBOL_1
 10
3.470505618
 20
1.939082397
 30
0.0
  0
LINE
  5
253
330
1F
100
AcDbEntity
  8
0
  6
Continuous
 62
     7
370
     0
100
AcDbLine
 10
9.3783627588
 20
7.6333447416
 30
0.0
 11
9.368009997
 21
7.6273682194
 31
0.0
  0
LINE
  5
254
330
1F
100
AcDbEntity
  8
0
  6
Continuous
 62
     7
370
     0
100
AcDbLine
 10
9.902966519
 20
6.7006959367
 30
0.0
 11
9.9133192808
 21
6.7066724588
 31
0.0
  0
LINE
  5
255
330
1F
100
AcDbEntity
  8
0
  6
Continuous
 62
     7
370
     0
100
AcDbLine
 10
9.6956386347
 20
8.0070246341
 30
0.0
 11
9.271374566
 21
7.7621022006
 31
0.0
  0
LWPOLYLINE
  5
256
330
1F
100
AcDbEntity
  8
0
  6
Continuous
 62
     7
370
     0
100
AcDbPolyline
 90
       31
 70
   128
 43
0.0
 10
9.9735890164
 20
6.9908999207
 10
9.9686168609
 20
7.0335643624
 10
9.9602816488
 20
7.0774132229
 10
9.9486641004
 20
7.1220218592
 10
9.9338767228
 20
7.1669582699
 10
9.9160627209
 20
7.2117872796
 10
9.8953946097
 20
7.256074753
 10
9.8720725445
 20
7.2993917991
 10
9.8463223819
 20
7.3413189249
 10
9.818393493
 20
7.3814500975
 10
9.7885563481
 20
7.4193966767
 10
9.7570998977
 20
7.4547911783
 10
9.7243287737
 20
7.4872908331
 10
9.69056034
 20
7.5165809063
 10
9.6561216185
 20
7.5423777456
 10
9.6213461224
 20
7.5644315278
 10
9.5865706263
 20
7.5825286787
 10
9.5521319048
 20
7.596493941
 10
9.5183634711
 20
7.6061920714
 10
9.4855923471
 20
7.611529151
 10
9.4541358967
 20
7.612453494
 10
9.4242987518
 20
7.6089561491
 10
9.3963698629
 20
7.6010709852
 10
9.3706197003
 20
7.5888743642
 10
9.3472976351
 20
7.5724844015
 10
9.3266295239
 20
7.5520598213
 10
9.3088155219
 20
7.5277984205
 10
9.2940281444
 20
7.4999351525
 10
9.282410596
 20
7.4687398521
 10
9.2740753839
 20
7.4345146226
 10
9.2691032284
 20
7.3975909094
  0
LINE
  5
257
330
1F
100
AcDbEntity
  8
0
  6
Continuous
 62
     7
370
     0
100
AcDbLine
 10
9.2691032284
 20
7.3975909094
 30
0.0
 11
9.2586487696
 21
7.4199543023
 31
0.0
  0
ARC
  5
258
330
1F
100
AcDbEntity
  8
0
  6
Continuous
 62
     7
370
     0
100
AcDbCircle
 10
9.4867526179
 20
7.4260333473
 30
0.0
 40
0.2281848382353435
100
AcDbArc
 50
51.5821957016
 51
181.5265906458
  0
LINE
  5
259
330
1F
100
AcDbEntity
  8
0
  6
Continuous
 62
     7
370
     0
100
AcDbLine
 10
10.0094100361
 20
6.9853192495
 30
0.0
 11
9.9735890164
 21
6.9908999207
 31
0.0
  0
ARC
  5
25A
330
1F
100
AcDbEntity
  8
0
  6
Continuous
 62
     7
370
     0
100
AcDbCircle
 10
9.8444192121
 20
7.404025188
 30
0.0
 40
0.5518969109218144
100
AcDbArc
 50
182.0940830755
 51
184.1995403661
  0
LINE
  5
25B
330
1F
100
AcDbEntity
  8
0
  6
Continuous
 62
     7
370
     0
100
AcDbLine
 10
9.2940041087
 20
7.3636096687
 30
0.0
 11
9.2586487696
 21
7.343199466
 31
0.0
  0
LWPOLYLINE
  5
25C
330
1F
100
AcDbEntity
  8
0
  6
Continuous
 62
     7
370
     0
100
AcDbPolyline
 90
       32
 70
   128
 43
0.0
 10
10.0123277464
 20
6.9081098538
 10
10.0074300863
 20
6.8695458536
 10
9.9991309726
 20
6.833674966
 10
9.9875063018
 20
6.8008252346
 10
9.9726623829
 20
6.7712970742
 10
9.9547349653
 20
6.7453605236
 10
9.9338879975
 20
6.7232527755
 10
9.9103121276
 20
6.7051760082
 10
9.8842229597
 20
6.6912955358
 10
9.8558590825
 20
6.681738297
 10
9.8254798871
 20
6.6765916938
 10
9.7933631951
 20
6.6759027927
 10
9.7598027174
 20
6.6796778936
 10
9.7251053687
 20
6.6878824728
 10
9.6895884606
 20
6.7004414985
 10
9.6535767995
 20
6.7172401168
 10
9.6173997165
 20
6.7381247023
 10
9.5813880554
 20
6.7629042628
 10
9.5458711473
 20
6.7913521864
 10
9.5111737987
 20
6.8232083132
 10
9.477613321
 20
6.8581813151
 10
9.4454966289
 20
6.8959513596
 10
9.4151174335
 20
6.9361730351
 10
9.3867535564
 20
6.9784785095
 10
9.3606643885
 20
7.022480894
 10
9.3370885185
 20
7.0677777814
 10
9.3162415507
 20
7.1139549261
 10
9.2983141331
 20
7.1605900325
 10
9.2834702142
 20
7.2072566168
 10
9.2718455434
 20
7.2535279074
 10
9.2635464297
 20
7.2989807477
 10
9.2586487696
 20
7.343199466
  0
LINE
  5
25D
330
1F
100
AcDbEntity
  8
0
  6
Continuous
 62
     7
370
     0
100
AcDbLine
 10
10.0133752158
 20
6.908714545
 30
0.0
 11
10.0123277464
 21
6.9081098538
 31
0.0
  0
LWPOLYLINE
  5
25E
330
1F
100
AcDbEntity
  8
0
  6
Continuous
 62
     7
370
     0
100
AcDbPolyline
 90
       29
 70
   128
 43
0.0
 10
9.9271369005
 20
7.0177161564
 10
9.9220042645
 20
7.0572918652
 10
9.9135934181
 20
7.0979423938
 10
9.9019960687
 20
7.1392245111
 10
9.8873386671
 20
7.1806880998
 10
9.8697810298
 20
7.2218810638
 10
9.8495145955
 20
7.2623542578
 10
9.8267603381
 20
7.3016663844
 10
9.8017663575
 20
7.339388806
 10
9.7748051744
 20
7.3751102179
 10
9.7461707585
 20
7.4084411338
 10
9.7161753236
 20
7.4390181316
 10
9.6851459236
 20
7.4665078168
 10
9.6534208857
 20
7.4906104569
 10
9.6213461224
 20
7.5110632501
 10
9.589271359
 20
7.5276431904
 10
9.5575463212
 20
7.5401694993
 10
9.5265169211
 20
7.5485055969
 10
9.4965214863
 20
7.5525605909
 10
9.4678870704
 20
7.5522902679
 10
9.4409258873
 20
7.5476975754
 10
9.4159319067
 20
7.5388325896
 10
9.3931776493
 20
7.5257919694
 10
9.372911215
 20
7.5087179025
 10
9.3553535777
 20
7.487796555
 10
9.3406961761
 20
7.4632560419
 10
9.3290988267
 20
7.4353639392
 10
9.3206879803
 20
7.4044243672
 10
9.3155553442
 20
7.3707746738
  0
LINE
  5
25F
330
1F
100
AcDbEntity
  8
0
  6
Continuous
 62
     7
370
     0
100
AcDbLine
 10
9.3155553442
 20
7.3707746738
 30
0.0
 11
9.2691032284
 21
7.3975909094
 31
0.0
  0
LINE
  5
260
330
1F
100
AcDbEntity
  8
0
  6
Continuous
 62
     7
370
     0
100
AcDbLine
 10
9.9735890164
 20
6.9908999207
 30
0.0
 11
9.9271369005
 21
7.0177161564
 31
0.0
  0
ARC
  5
261
330
1F
100
AcDbEntity
  8
0
  6
Continuous
 62
     7
370
     0
100
AcDbCircle
 10
9.61336537
 20
7.0054657313
 30
0.0
 40
0.3650415650338409
100
AcDbArc
 50
354.351374092
 51
357.5189353133
  0
LINE
  5
262
330
1F
100
AcDbEntity
  8
0
  6
Continuous
 62
     7
370
     0
100
AcDbLine
 10
9.9766343752
 20
6.969535604
 30
0.0
 11
9.9271369005
 21
6.9409613201
 31
0.0
  0
LWPOLYLINE
  5
263
330
1F
100
AcDbEntity
  8
0
  6
Continuous
 62
     7
370
     0
100
AcDbPolyline
 90
       29
 70
   128
 43
0.0
 10
9.3155553442
 20
7.2940198375
 10
9.3206879803
 20
7.2544441286
 10
9.3290988267
 20
7.2137936001
 10
9.3406961761
 20
7.1725114827
 10
9.3553535777
 20
7.131047894
 10
9.372911215
 20
7.08985493
 10
9.3931776493
 20
7.049381736
 10
9.4159319067
 20
7.0100696094
 10
9.4409258873
 20
6.9723471879
 10
9.4678870704
 20
6.9366257759
 10
9.4965214863
 20
6.9032948601
 10
9.5265169211
 20
6.8727178622
 10
9.5575463212
 20
6.8452281771
 10
9.589271359
 20
6.8211255369
 10
9.6213461224
 20
6.8006727438
 10
9.6534208857
 20
6.7840928034
 10
9.6851459236
 20
6.7715664945
 10
9.7161753236
 20
6.763230397
 10
9.7461707585
 20
6.759175403
 10
9.7748051744
 20
6.7594457259
 10
9.8017663575
 20
6.7640384184
 10
9.8267603381
 20
6.7729034042
 10
9.8495145955
 20
6.7859440245
 10
9.8697810298
 20
6.8030180914
 10
9.8873386671
 20
6.8239394388
 10
9.9019960687
 20
6.848479952
 10
9.9135934181
 20
6.8763720546
 10
9.9220042645
 20
6.9073116266
 10
9.9271369005
 20
6.9409613201
  0
LINE
  5
264
330
1F
100
AcDbEntity
  8
0
  6
Continuous
 62
     7
370
     0
100
AcDbLine
 10
9.3650528189
 20
7.3225941214
 30
0.0
 11
9.3155553442
 21
7.2940198375
 31
0.0
  0
ARC
  5
265
330
1F
100
AcDbEntity
  8
0
  6
Continuous
 62
     7
370
     0
100
AcDbCircle
 10
9.772818194
 20
7.3609715395
 30
0.0
 40
0.4095673660926556
100
AcDbArc
 50
174.6233641412
 51
185.3766358588
  0
LINE
  5
266
330
1F
100
AcDbEntity
  8
0
  6
Continuous
 62
     7
370
     0
100
AcDbLine
 10
9.3650528189
 20
7.3993489577
 30
0.0
 11
9.3155553442
 21
7.3707746738
 31
0.0
  0
ARC
  5
267
330
1F
100
AcDbEntity
  8
0
  6
Continuous
 62
     7
370
     0
100
AcDbCircle
 10
9.8516661159
 20
7.0659609478
 30
0.0
 40
0.2533604623776319
100
AcDbArc
 50
236.8904252096
 51
276.3935998397
  0
LWPOLYLINE
  5
268
330
1F
100
AcDbEntity
  8
0
  6
Continuous
 62
     7
370
     0
100
AcDbPolyline
 90
       22
 70
   128
 43
0.0
 10
9.4547363153
 20
7.550626226
 10
9.4468879944
 20
7.5403112116
 10
9.4322712322
 20
7.5156225872
 10
9.4207331512
 20
7.4875738241
 10
9.4124001653
 20
7.4564722306
 10
9.4073635723
 20
7.4226585622
 10
9.4056785541
 20
7.3865032885
 10
9.4073635723
 20
7.3484025343
 10
9.4124001653
 20
7.3087737393
 10
9.4207331512
 20
7.268051085
 10
9.4322712322
 20
7.2266807373
 10
9.4468879944
 20
7.1851159584
 10
9.4644232937
 20
7.1438121407
 10
9.4846850097
 20
7.1032218174
 10
9.5074511506
 20
7.0637897047
 10
9.532472286
 20
7.025947829
 10
9.559474279
 20
6.9901107938
 10
9.5881612902
 20
6.9566712372
 10
9.6182190186
 20
6.92599553
 10
9.6493181455
 20
6.8984197615
 10
9.6811179424
 20
6.8742460578
 10
9.713270004
 20
6.853739271
  0
LINE
  5
269
330
1F
100
AcDbEntity
  8
0
  6
Continuous
 62
     7
370
     0
100
AcDbLine
 10
9.9766343752
 20
6.969535604
 30
0.0
 11
10.0134535842
 21
6.9482803271
 31
0.0
  0
LWPOLYLINE
  5
26A
330
1F
100
AcDbEntity
  8
0
  6
Continuous
 62
     7
370
     0
100
AcDbPolyline
 90
       31
 70
   128
 43
0.0
 10
9.2691032284
 20
7.3208360731
 10
9.2740753839
 20
7.2781716315
 10
9.282410596
 20
7.2343227709
 10
9.2940281444
 20
7.1897141347
 10
9.3088155219
 20
7.144777724
 10
9.3266295239
 20
7.0999487142
 10
9.3472976351
 20
7.0556612408
 10
9.3706197003
 20
7.0123441947
 10
9.3963698629
 20
6.9704170689
 10
9.4242987518
 20
6.9302858963
 10
9.4541358967
 20
6.8923393171
 10
9.4855923471
 20
6.8569448155
 10
9.5183634711
 20
6.8244451607
 10
9.5521319048
 20
6.7951550875
 10
9.5865706263
 20
6.7693582483
 10
9.6213461224
 20
6.747304466
 10
9.6561216185
 20
6.7292073151
 10
9.69056034
 20
6.7152420529
 10
9.7243287737
 20
6.7055439224
 10
9.7570998977
 20
6.7002068429
 10
9.7885563481
 20
6.6992824998
 10
9.818393493
 20
6.7027798448
 10
9.8463223819
 20
6.7106650087
 10
9.8720725445
 20
6.7228616296
 10
9.8953946097
 20
6.7392515924
 10
9.9160627209
 20
6.7596761726
 10
9.9338767228
 20
6.7839375734
 10
9.9486641004
 20
6.8118008414
 10
9.9602816488
 20
6.8429961417
 10
9.9686168609
 20
6.8772213713
 10
9.9735890164
 20
6.9141450844
  0
LINE
  5
26B
330
1F
100
AcDbEntity
  8
0
  6
Continuous
 62
     7
370
     0
100
AcDbLine
 10
9.9735890164
 20
6.9141450844
 30
0.0
 11
10.0123277464
 21
6.9081098538
 31
0.0
  0
LINE
  5
26C
330
1F
100
AcDbEntity
  8
0
  6
Continuous
 62
     7
370
     0
100
AcDbLine
 10
9.2586487696
 20
7.343199466
 30
0.0
 11
9.2691032284
 21
7.3208360731
 31
0.0
  0
LINE
  5
26D
330
1F
100
AcDbEntity
  8
0
  6
Continuous
 62
     7
370
     0
100
AcDbLine
 10
9.9271369005
 20
6.9409613201
 30
0.0
 11
9.9735890164
 21
6.9141450844
 31
0.0
  0
LINE
  5
26E
330
1F
100
AcDbEntity
  8
0
  6
Continuous
 62
     7
370
     0
100
AcDbLine
 10
9.2691032284
 20
7.3208360731
 30
0.0
 11
9.3155553442
 21
7.2940198375
 31
0.0
  0
LINE
  5
26F
330
1F
100
AcDbEntity
  8
0
  6
Continuous
 62
     7
370
     0
100
AcDbLine
 10
9.2940041087
 20
7.3636096687
 30
0.0
 11
9.3650528189
 21
7.3225941214
 31
0.0
  0
LWPOLYLINE
  5
270
330
1F
100
AcDbEntity
  8
0
  6
Continuous
 62
     7
370
     0
100
AcDbPolyline
 90
       33
 70
   128
 43
0.0
 10
10.5251201928
 20
6.9822158199
 10
10.53362972
 20
7.0235802578
 10
10.5387960136
 20
7.0675288171
 10
10.5405836814
 20
7.1137604231
 10
10.5389804768
 20
7.1619583611
 10
10.5339973826
 20
7.2117924454
 10
10.5256685361
 20
7.262921282
 10
10.5140509951
 20
7.314994607
 10
10.4992243468
 20
7.367655686
 10
10.4812901629
 20
7.4205437585
 10
10.4603713035
 20
7.4732965085
 10
10.4366110758
 20
7.5255525473
 10
10.4101722517
 20
7.576953889
 10
10.3812359537
 20
7.6271484027
 10
10.3500004129
 20
7.6757922253
 10
10.3166796122
 20
7.7225521167
 10
10.2815018194
 20
7.7671077429
 10
10.2447080241
 20
7.8091538705
 10
10.2065502863
 20
7.8484024576
 10
10.16729001
 20
7.8845846274
 10
10.1271961522
 20
7.9174525097
 10
10.0865433804
 20
7.9467809395
 10
10.0456101911
 20
7.9723689988
 10
10.0046770018
 20
7.9940413938
 10
9.9640242301
 20
8.0116496553
 10
9.9239303722
 20
8.0250731559
 10
9.8846700959
 20
8.0342199363
 10
9.8465123581
 20
8.0390273354
 10
9.8097185628
 20
8.0394624197
 10
9.77454077
 20
8.0355222086
 10
9.7412199693
 20
8.0272336948
 10
9.7099844285
 20
8.0146536599
 10
9.6956386347
 20
8.0070246341
  0
LINE
  5
271
330
1F
100
AcDbEntity
  8
0
  6
Continuous
 62
     7
370
     0
100
AcDbLine
 10
10.5251201928
 20
6.9822158199
 30
0.0
 11
10.1008561241
 21
6.7372933864
 31
0.0
  0
LWPOLYLINE
  5
272
330
1F
100
AcDbEntity
  8
0
  6
Continuous
 62
     7
370
     0
100
AcDbPolyline
 90
       45
 70
   128
 43
0.0
 10
10.1008561241
 20
6.7372933864
 10
10.1093656513
 20
6.7786578242
 10
10.1145319449
 20
6.8226063835
 10
10.1163196127
 20
6.8688379896
 10
10.1147164081
 20
6.9170359275
 10
10.1097333139
 20
6.9668700118
 10
10.1014044674
 20
7.0179988485
 10
10.0897869264
 20
7.0700721734
 10
10.0749602781
 20
7.1227332525
 10
10.0570260942
 20
7.1756213249
 10
10.0361072348
 20
7.2283740749
 10
10.012347007
 20
7.2806301137
 10
9.985908183
 20
7.3320314554
 10
9.956971885
 20
7.3822259692
 10
9.9257363442
 20
7.4308697918
 10
9.8924155435
 20
7.4776296832
 10
9.8572377507
 20
7.5221853094
 10
9.8204439554
 20
7.5642314369
 10
9.7822862176
 20
7.6034800241
 10
9.7430259413
 20
7.6396621938
 10
9.7029320834
 20
7.6725300762
 10
9.6622793117
 20
7.7018585059
 10
9.6213461224
 20
7.7274465652
 10
9.5804129331
 20
7.7491189603
 10
9.5397601614
 20
7.7667272218
 10
9.4996663035
 20
7.7801507223
 10
9.4604060272
 20
7.7892975027
 10
9.4222482894
 20
7.7941049019
 10
9.3854544941
 20
7.7945399862
 10
9.3502767013
 20
7.790599775
 10
9.3169559006
 20
7.7823112613
 10
9.2857203598
 20
7.7697312264
 10
9.2567840618
 20
7.7529458512
 10
9.2303452377
 20
7.732070126
 10
9.20658501
 20
7.7072470622
 10
9.1856661506
 20
7.6786467131
 10
9.1677319667
 20
7.6464650087
 10
9.1529053184
 20
7.6109224134
 10
9.1412877774
 20
7.5722624158
 10
9.1329589309
 20
7.5307498606
 10
9.1279758367
 20
7.4866691344
 10
9.1263726321
 20
7.4403222171
 10
9.1281602999
 20
7.3920266138
 10
9.1333265935
 20
7.3421131788
 10
9.1418361207
 20
7.2909238499
  0
LINE
  5
273
330
1F
100
AcDbEntity
  8
0
  6
Continuous
 62
     7
370
     0
100
AcDbLine
 10
9.7173763793
 20
6.4471982601
 30
0.0
 11
9.6184994542
 21
6.504278694
 31
0.0
  0
LINE
  5
274
330
1F
100
AcDbEntity
  8
0
  6
Continuous
 62
     7
370
     0
100
AcDbLine
 10
9.7173763793
 20
6.4471982601
 30
0.0
 11
9.7224222381
 21
6.4587281515
 31
0.0
  0
LINE
  5
275
330
1F
100
AcDbEntity
  8
0
  6
Continuous
 62
     7
370
     0
100
AcDbLine
 10
9.7224222381
 20
6.4587281515
 30
0.0
 11
9.7429959232
 21
6.4468512159
 31
0.0
  0
LINE
  5
276
330
1F
100
AcDbEntity
  8
0
  6
Continuous
 62
     7
370
     0
100
AcDbLine
 10
9.7429959232
 20
6.4468512159
 30
0.0
 11
9.7478377568
 21
6.4296132812
 31
0.0
  0
LINE
  5
277
330
1F
100
AcDbEntity
  8
0
  6
Continuous
 62
     7
370
     0
100
AcDbLine
 10
9.7478377568
 20
6.4296132812
 30
0.0
 11
9.8112010836
 21
6.3930344112
 31
0.0
  0
SPLINE
  5
278
330
1F
100
AcDbEntity
  8
0
  6
Continuous
 62
     7
370
     0
100
AcDbSpline
210
0.0
220
0.0
230
1.0
 70
     8
 71
     3
 72
     8
 73
     4
 74
     0
 42
0.000000001
 43
0.00000001
 40
19.0
 40
19.0
 40
19.0
 40
19.0
 40
20.0
 40
20.0
 40
20.0
 40
20.0
 10
9.811201083645328
 20
6.393034411206912
 30
0.0
 10
9.822504629083598
 20
6.386739870486682
 30
0.0
 10
9.833050953367739
 20
6.386832570461467
 30
0.0
 10
9.836259215870692
 20
6.394094594290229
 30
0.0
  0
SPLINE
  5
279
330
1F
100
AcDbEntity
  8
0
  6
Continuous
 62
     7
370
     0
100
AcDbSpline
210
0.0
220
0.0
230
1.0
 70
     8
 71
     3
 72
     8
 73
     4
 74
     0
 42
0.000000001
 43
0.00000001
 40
20.0
 40
20.0
 40
20.0
 40
20.0
 40
21.0
 40
21.0
 40
21.0
 40
21.0
 10
9.836259215870692
 20
6.394094594290229
 30
0.0
 10
9.83930179345565
 20
6.383224037288503
 30
0.0
 10
9.849919321175621
 20
6.367942605531281
 30
0.0
 10
9.870495744834122
 20
6.356064088994563
 30
0.0
  0
SPLINE
  5
27A
330
1F
100
AcDbEntity
  8
0
  6
Continuous
 62
     7
370
     0
100
AcDbSpline
210
0.0
220
0.0
230
1.0
 70
     8
 71
     3
 72
     8
 73
     4
 74
     0
 42
0.000000001
 43
0.00000001
 40
21.0
 40
21.0
 40
21.0
 40
21.0
 40
22.0
 40
22.0
 40
22.0
 40
22.0
 10
9.870495744834122
 20
6.356064088994563
 30
0.0
 10
9.891072168492622
 20
6.344185572457844
 30
0.0
 10
9.906353521259566
 20
6.349787664408837
 30
0.0
 10
9.906353521259566
 20
6.368797012552834
 30
0.0
  0
SPLINE
  5
27B
330
1F
100
AcDbEntity
  8
0
  6
Continuous
 62
     7
370
     0
100
AcDbSpline
210
0.0
220
0.0
230
1.0
 70
     8
 71
     3
 72
     8
 73
     4
 74
     0
 42
0.000000001
 43
0.00000001
 40
22.0
 40
22.0
 40
22.0
 40
22.0
 40
23.0
 40
23.0
 40
23.0
 40
23.0
 10
9.906353521259566
 20
6.368797012552834
 30
0.0
 10
9.906353521259566
 20
6.388130509454901
 30
0.0
 10
9.896723256563336
 20
6.400552409318529
 30
0.0
 10
9.881389870516362
 20
6.414063230110323
 30
0.0
  0
SPLINE
  5
27C
330
1F
100
AcDbEntity
  8
0
  6
Continuous
 62
     7
370
     0
100
AcDbSpline
210
0.0
220
0.0
230
1.0
 70
     8
 71
     3
 72
     8
 73
     4
 74
     0
 42
0.000000001
 43
0.00000001
 40
0.0
 40
0.0
 40
0.0
 40
0.0
 40
1.0
 40
1.0
 40
1.0
 40
1.0
 10
9.881389870516362
 20
6.414063230110323
 30
0.0
 10
9.881187214583612
 20
6.414241888214788
 30
0.0
 10
9.881011944587717
 20
6.414397621293877
 30
0.0
 10
9.880807919358123
 20
6.414574698056403
 30
0.0
  0
LINE
  5
27D
330
1F
100
AcDbEntity
  8
0
  6
Continuous
 62
     7
370
     0
100
AcDbLine
 10
9.8808079194
 20
6.4145746981
 30
0.0
 11
9.904178041
 21
6.4011793396
 31
0.0
  0
SPLINE
  5
27E
330
1F
100
AcDbEntity
  8
0
  6
Continuous
 62
     7
370
     0
100
AcDbSpline
210
0.0
220
0.0
230
1.0
 70
     8
 71
     3
 72
     8
 73
     4
 74
     0
 42
0.000000001
 43
0.00000001
 40
2.0
 40
2.0
 40
2.0
 40
2.0
 40
3.0
 40
3.0
 40
3.0
 40
3.0
 10
9.904178040955488
 20
6.401179339551041
 30
0.0
 10
9.904178040955488
 20
6.415427653985041
 30
0.0
 10
9.901755754840368
 20
6.439674544404765
 30
0.0
 10
9.868874829751423
 20
6.458656298420618
 30
0.0
  0
SPLINE
  5
27F
330
1F
100
AcDbEntity
  8
0
  6
Continuous
 62
     7
370
     0
100
AcDbSpline
210
0.0
220
0.0
230
1.0
 70
     8
 71
     3
 72
    10
 73
     6
 74
     0
 42
0.000000001
 43
0.00000001
 40
0.0
 40
0.0
 40
0.0
 40
0.0
 40
0.4900016595015051
 40
0.8729069034726292
 40
1.0
 40
1.0
 40
1.0
 40
1.0
 10
9.868874829751423
 20
6.458656298420618
 30
0.0
 10
9.864191892358587
 20
6.460961211899109
 30
0.0
 10
9.855849536165554
 20
6.465067269191504
 30
0.0
 10
9.846788483851883
 20
6.465705559550627
 30
0.0
 10
9.843237338219586
 20
6.463887258169553
 30
0.0
 10
9.842352382213285
 20
6.463434132081504
 30
0.0
  0
SPLINE
  5
280
330
1F
100
AcDbEntity
  8
0
  6
Continuous
 62
     7
370
     0
100
AcDbSpline
210
0.0
220
0.0
230
1.0
 70
     8
 71
     3
 72
     9
 73
     5
 74
     0
 42
0.000000001
 43
0.00000001
 40
0.0
 40
0.0
 40
0.0
 40
0.0
 40
0.0171976132308405
 40
1.0
 40
1.0
 40
1.0
 40
1.0
 10
9.839860266684045
 20
6.462311169175165
 30
0.0
 10
9.839834876164039
 20
6.462299827501762
 30
0.0
 10
9.838358478267113
 20
6.461640336370587
 30
0.0
 10
9.83737035067951
 20
6.460192054547385
 30
0.0
 10
9.836399216527983
 20
6.458768679714828
 30
0.0
  0
SPLINE
  5
281
330
1F
100
AcDbEntity
  8
0
  6
Continuous
 62
     7
370
     0
100
AcDbSpline
210
0.0
220
0.0
230
1.0
 70
     8
 71
     3
 72
     8
 73
     4
 74
     0
 42
0.000000001
 43
0.00000001
 40
4.0
 40
4.0
 40
4.0
 40
4.0
 40
5.0
 40
5.0
 40
5.0
 40
5.0
 10
9.836399216527983
 20
6.458768679714828
 30
0.0
 10
9.832826721064816
 20
6.46868413406649
 30
0.0
 10
9.830716634629882
 20
6.47975322085524
 30
0.0
 10
9.803453934487422
 20
6.495491642645756
 30
0.0
  0
LINE
  5
282
330
1F
100
AcDbEntity
  8
0
  6
Continuous
 62
     7
370
     0
100
AcDbLine
 10
9.8034539345
 20
6.4954916426
 30
0.0
 11
9.7659999612
 21
6.5171133612
 31
0.0
  0
LINE
  5
283
330
1F
100
AcDbEntity
  8
0
  6
Continuous
 62
     7
370
     0
100
AcDbLine
 10
9.7659999612
 20
6.5171133612
 30
0.0
 11
9.7659999612
 21
6.4560840561
 31
0.0
  0
LINE
  5
284
330
1F
100
AcDbEntity
  8
0
  6
Continuous
 62
     7
370
     0
100
AcDbLine
 10
9.7659999612
 20
6.4560840561
 30
0.0
 11
9.7464135392
 21
6.528420362
 31
0.0
  0
LINE
  5
285
330
1F
100
AcDbEntity
  8
0
  6
Continuous
 62
     7
370
     0
100
AcDbLine
 10
9.7464135392
 20
6.528420362
 30
0.0
 11
9.7202098126
 21
6.5435474513
 31
0.0
  0
LINE
  5
286
330
1F
100
AcDbEntity
  8
0
  6
Continuous
 62
     7
370
     0
100
AcDbLine
 10
9.7202098126
 20
6.5435474513
 30
0.0
 11
9.6973882409
 21
6.4869082582
 31
0.0
  0
LINE
  5
287
330
1F
100
AcDbEntity
  8
0
  6
Continuous
 62
     7
370
     0
100
AcDbLine
 10
9.6973882409
 20
6.4869082582
 30
0.0
 11
9.6679647332
 21
6.5038940876
 31
0.0
  0
LINE
  5
288
330
1F
100
AcDbEntity
  8
0
  6
Continuous
 62
     7
370
     0
100
AcDbLine
 10
9.6679647332
 20
6.5038940876
 30
0.0
 11
9.6679647332
 21
6.5737078936
 31
0.0
  0
LINE
  5
289
330
1F
100
AcDbEntity
  8
0
  6
Continuous
 62
     7
370
     0
100
AcDbLine
 10
9.6679647332
 20
6.5737078936
 30
0.0
 11
9.6391333884
 21
6.5903518748
 31
0.0
  0
LINE
  5
28A
330
1F
100
AcDbEntity
  8
0
  6
Continuous
 62
     7
370
     0
100
AcDbLine
 10
9.6391333884
 20
6.5903518748
 30
0.0
 11
9.6390837878
 21
6.4969762425
 31
0.0
  0
SPLINE
  5
28B
330
1F
100
AcDbEntity
  8
0
  6
Continuous
 62
     7
370
     0
100
AcDbSpline
210
0.0
220
0.0
230
1.0
 70
     8
 71
     3
 72
     8
 73
     4
 74
     0
 42
0.000000001
 43
0.00000001
 40
5.000000000000016
 40
5.000000000000016
 40
5.000000000000016
 40
5.000000000000016
 40
5.744187289366918
 40
5.744187289366918
 40
5.744187289366918
 40
5.744187289366918
 10
9.63687815641886
 20
6.515764243344114
 30
0.0
 10
9.637130836775421
 20
6.51256259422463
 30
0.0
 10
9.637595951827254
 20
6.503542241987874
 30
0.0
 10
9.639083787792217
 20
6.49697624247047
 30
0.0
  0
SPLINE
  5
28C
330
1F
100
AcDbEntity
  8
0
  6
Continuous
 62
     7
370
     0
100
AcDbSpline
210
0.0
220
0.0
230
1.0
 70
     8
 71
     3
 72
     8
 73
     4
 74
     0
 42
0.000000001
 43
0.00000001
 40
4.0
 40
4.0
 40
4.0
 40
4.0
 40
5.0
 40
5.0
 40
5.0
 40
5.0
 10
9.624465480537825
 20
6.546398298688613
 30
0.0
 10
9.6335357028253
 20
6.538690734187568
 30
0.0
 10
9.636162014170015
 20
6.525508404056536
 30
0.0
 10
9.63687815641886
 20
6.515764243344114
 30
0.0
  0
LINE
  5
28D
330
1F
100
AcDbEntity
  8
0
  6
Continuous
 62
     7
370
     0
100
AcDbLine
 10
9.6244654805
 20
6.5466734298
 30
0.0
 11
9.6244654805
 21
6.5463982987
 31
0.0
  0
SPLINE
  5
28E
330
1F
100
AcDbEntity
  8
0
  6
Continuous
 62
     7
370
     0
100
AcDbSpline
210
0.0
220
0.0
230
1.0
 70
     8
 71
     3
 72
     8
 73
     4
 74
     0
 42
0.000000001
 43
0.00000001
 40
2.0
 40
2.0
 40
2.0
 40
2.0
 40
3.0
 40
3.0
 40
3.0
 40
3.0
 10
9.63783118702153
 20
6.563521722714801
 30
0.0
 10
9.63783118702153
 20
6.55295289198826
 30
0.0
 10
9.633413835406282
 20
6.545486778171337
 30
0.0
 10
9.624465480537825
 20
6.546673429823286
 30
0.0
  0
SPLINE
  5
28F
330
1F
100
AcDbEntity
  8
0
  6
Continuous
 62
     7
370
     0
100
AcDbSpline
210
0.0
220
0.0
230
1.0
 70
     8
 71
     3
 72
     8
 73
     4
 74
     0
 42
0.000000001
 43
0.00000001
 40
1.0
 40
1.0
 40
1.0
 40
1.0
 40
2.0
 40
2.0
 40
2.0
 40
2.0
 10
9.608001055298603
 20
6.608324188093201
 30
0.0
 10
9.623033196040135
 20
6.599646317956775
 30
0.0
 10
9.63783118702153
 20
6.583280566035993
 30
0.0
 10
9.63783118702153
 20
6.563521722714801
 30
0.0
  0
LINE
  5
290
330
1F
100
AcDbEntity
  8
0
  6
Continuous
 62
     7
370
     0
100
AcDbLine
 10
9.5645669594
 20
6.6333981579
 30
0.0
 11
9.6080010553
 21
6.6083241881
 31
0.0
  0
LINE
  5
291
330
1F
100
AcDbEntity
  8
0
  6
Continuous
 62
     7
370
     0
100
AcDbLine
 10
9.5645669594
 20
6.5354132605
 30
0.0
 11
9.5645669594
 21
6.6333981579
 31
0.0
  0
LINE
  5
292
330
1F
100
AcDbEntity
  8
0
  6
Continuous
 62
     7
370
     0
100
AcDbLine
 10
9.5867612073
 20
6.5226007939
 30
0.0
 11
9.5645669594
 21
6.5354132605
 31
0.0
  0
LINE
  5
293
330
1F
100
AcDbEntity
  8
0
  6
Continuous
 62
     7
370
     0
100
AcDbLine
 10
9.5867612073
 20
6.5582840379
 30
0.0
 11
9.5867612073
 21
6.5226007939
 31
0.0
  0
LINE
  5
294
330
1F
100
AcDbEntity
  8
0
  6
Continuous
 62
     7
370
     0
100
AcDbLine
 10
9.6035884962
 20
6.5485698508
 30
0.0
 11
9.5867612073
 21
6.5582840379
 31
0.0
  0
SPLINE
  5
295
330
1F
100
AcDbEntity
  8
0
  6
Continuous
 62
     7
370
     0
100
AcDbSpline
210
0.0
220
0.0
230
1.0
 70
     8
 71
     3
 72
     8
 73
     4
 74
     0
 42
0.000000001
 43
0.00000001
 40
8.0
 40
8.0
 40
8.0
 40
8.0
 40
9.0
 40
9.0
 40
9.0
 40
9.0
 10
9.615995010267547
 20
6.521369004606258
 30
0.0
 10
9.615398681492456
 20
6.531597423181438
 30
0.0
 10
9.613967766291609
 20
6.542578025745517
 30
0.0
 10
9.603588496222304
 20
6.548569850816943
 30
0.0
  0
SPLINE
  5
296
330
1F
100
AcDbEntity
  8
0
  6
Continuous
 62
     7
370
     0
100
AcDbSpline
210
0.0
220
0.0
230
1.0
 70
     8
 71
     3
 72
     8
 73
     4
 74
     0
 42
0.000000001
 43
0.00000001
 40
7.0
 40
7.0
 40
7.0
 40
7.0
 40
8.0
 40
8.0
 40
8.0
 40
8.0
 10
9.61849945419324
 20
6.504278693988464
 30
0.0
 10
9.616593392987902
 20
6.508675869752382
 30
0.0
 10
9.616234637215056
 20
6.518487265571285
 30
0.0
 10
9.615995010267547
 20
6.521369004606258
 30
0.0
  0
LINE
  5
297
330
1F
100
AcDbEntity
  8
0
  6
Continuous
 62
     7
370
     0
100
AcDbLine
 10
9.4583971595
 20
6.659007016
 30
0.0
 11
9.4583971595
 21
6.6946886788
 31
0.0
  0
LINE
  5
298
330
1F
100
AcDbEntity
  8
0
  6
Continuous
 62
     7
370
     0
100
AcDbLine
 10
9.4291619872
 20
6.6758841217
 30
0.0
 11
9.4583971595
 21
6.659007016
 31
0.0
  0
LINE
  5
299
330
1F
100
AcDbEntity
  8
0
  6
Continuous
 62
     7
370
     0
100
AcDbLine
 10
9.4291619872
 20
6.7115657845
 30
0.0
 11
9.4291619872
 21
6.6758841217
 31
0.0
  0
LINE
  5
29A
330
1F
100
AcDbEntity
  8
0
  6
Continuous
 62
     7
370
     0
100
AcDbLine
 10
9.3363387235
 20
6.7651515141
 30
0.0
 11
9.4291619872
 21
6.7115657845
 31
0.0
  0
LINE
  5
29B
330
1F
100
AcDbEntity
  8
0
  6
Continuous
 62
     7
370
     0
100
AcDbLine
 10
9.3363387235
 20
6.7431939934
 30
0.0
 11
9.3363387235
 21
6.7651515141
 31
0.0
  0
LINE
  5
29C
330
1F
100
AcDbEntity
  8
0
  6
Continuous
 62
     7
370
     0
100
AcDbLine
 10
9.3617542422
 20
6.7285219268
 30
0.0
 11
9.3363387235
 21
6.7431939934
 31
0.0
  0
LINE
  5
29D
330
1F
100
AcDbEntity
  8
0
  6
Continuous
 62
     7
370
     0
100
AcDbLine
 10
9.3617542422
 20
6.65249455
 30
0.0
 11
9.3617542422
 21
6.7285219268
 31
0.0
  0
LINE
  5
29E
330
1F
100
AcDbEntity
  8
0
  6
Continuous
 62
     7
370
     0
100
AcDbLine
 10
9.3839478055
 20
6.6396824786
 30
0.0
 11
9.3617542422
 21
6.65249455
 31
0.0
  0
LINE
  5
29F
330
1F
100
AcDbEntity
  8
0
  6
Continuous
 62
     7
370
     0
100
AcDbLine
 10
9.3839478055
 20
6.7157103839
 30
0.0
 11
9.3839478055
 21
6.6396824786
 31
0.0
  0
LINE
  5
2A0
330
1F
100
AcDbEntity
  8
0
  6
Continuous
 62
     7
370
     0
100
AcDbLine
 10
9.4069704779
 20
6.702419678
 30
0.0
 11
9.3839478055
 21
6.7157103839
 31
0.0
  0
LINE
  5
2A1
330
1F
100
AcDbEntity
  8
0
  6
Continuous
 62
     7
370
     0
100
AcDbLine
 10
9.4069704779
 20
6.6263917727
 30
0.0
 11
9.4069704779
 21
6.702419678
 31
0.0
  0
LINE
  5
2A2
330
1F
100
AcDbEntity
  8
0
  6
Continuous
 62
     7
370
     0
100
AcDbLine
 10
9.4291619872
 20
6.6135808871
 30
0.0
 11
9.4069704779
 21
6.6263917727
 31
0.0
  0
LINE
  5
2A3
330
1F
100
AcDbEntity
  8
0
  6
Continuous
 62
     7
370
     0
100
AcDbLine
 10
9.4291619872
 20
6.653930292
 30
0.0
 11
9.4291619872
 21
6.6135808871
 31
0.0
  0
LINE
  5
2A4
330
1F
100
AcDbEntity
  8
0
  6
Continuous
 62
     7
370
     0
100
AcDbLine
 10
9.4583971595
 20
6.6370531863
 30
0.0
 11
9.4291619872
 21
6.653930292
 31
0.0
  0
LINE
  5
2A5
330
1F
100
AcDbEntity
  8
0
  6
Continuous
 62
     7
370
     0
100
AcDbLine
 10
9.4583971595
 20
6.5967037814
 30
0.0
 11
9.4583971595
 21
6.6370531863
 31
0.0
  0
LINE
  5
2A6
330
1F
100
AcDbEntity
  8
0
  6
Continuous
 62
     7
370
     0
100
AcDbLine
 10
9.4805914073
 20
6.5838913148
 30
0.0
 11
9.4583971595
 21
6.5967037814
 31
0.0
  0
LINE
  5
2A7
330
1F
100
AcDbEntity
  8
0
  6
Continuous
 62
     7
370
     0
100
AcDbLine
 10
9.4805914073
 20
6.6818762123
 30
0.0
 11
9.4805914073
 21
6.5838913148
 31
0.0
  0
LINE
  5
2A8
330
1F
100
AcDbEntity
  8
0
  6
Continuous
 62
     7
370
     0
100
AcDbLine
 10
9.4583971595
 20
6.6946886788
 30
0.0
 11
9.4805914073
 21
6.6818762123
 31
0.0
  0
SPLINE
  5
2A9
330
1F
100
AcDbEntity
  8
0
  6
Continuous
 62
     7
370
     0
100
AcDbSpline
210
0.0
220
0.0
230
1.0
 70
     8
 71
     3
 72
    11
 73
     7
 74
     0
 42
0.000000001
 43
0.00000001
 40
0.0
 40
0.0
 40
0.0
 40
0.0
 40
0.2637317048431347
 40
0.5305144675004307
 40
0.7847266135326582
 40
1.0
 40
1.0
 40
1.0
 40
1.0
 10
9.767421852383574
 20
6.298920829594471
 30
0.0
 10
9.768255021319248
 20
6.298523490987234
 30
0.0
 10
9.769930997950542
 20
6.297724217044192
 30
0.0
 10
9.772416655133574
 20
6.296428255733622
 30
0.0
 10
9.774749672894966
 20
6.295182228500749
 30
0.0
 10
9.776238246440817
 20
6.294344557771425
 30
0.0
 10
9.776920802656159
 20
6.293960460281379
 30
0.0
  0
LINE
  5
2AA
330
1F
100
AcDbEntity
  8
0
  6
Continuous
 62
     7
370
     0
100
AcDbLine
 10
9.7674218524
 20
6.3254907059
 30
0.0
 11
9.7674218524
 21
6.2989208296
 31
0.0
  0
LINE
  5
2AB
330
1F
100
AcDbEntity
  8
0
  6
Continuous
 62
     7
370
     0
100
AcDbLine
 10
9.8071630436
 20
6.3025486045
 30
0.0
 11
9.7674218524
 21
6.3254907059
 31
0.0
  0
LINE
  5
2AC
330
1F
100
AcDbEntity
  8
0
  6
Continuous
 62
     7
370
     0
100
AcDbLine
 10
9.8071630436
 20
6.3137114409
 30
0.0
 11
9.8071630436
 21
6.3025486045
 31
0.0
  0
LINE
  5
2AD
330
1F
100
AcDbEntity
  8
0
  6
Continuous
 62
     7
370
     0
100
AcDbLine
 10
9.7566809899
 20
6.3428541102
 30
0.0
 11
9.8071630436
 21
6.3137114409
 31
0.0
  0
LINE
  5
2AE
330
1F
100
AcDbEntity
  8
0
  6
Continuous
 62
     7
370
     0
100
AcDbLine
 10
9.7566809899
 20
6.2920011888
 30
0.0
 11
9.7566809899
 21
6.3428541102
 31
0.0
  0
SPLINE
  5
2AF
330
1F
100
AcDbEntity
  8
0
  6
Continuous
 62
     7
370
     0
100
AcDbSpline
210
0.0
220
0.0
230
1.0
 70
     8
 71
     3
 72
    13
 73
     9
 74
     0
 42
0.000000001
 43
0.00000001
 40
0.0
 40
0.0
 40
0.0
 40
0.0
 40
0.2763740851291944
 40
0.5438410492241014
 40
0.6706925999621663
 40
0.7891162865557776
 40
0.8993055339000608
 40
1.0
 40
1.0
 40
1.0
 40
1.0
 10
9.774202021836091
 20
6.284367142625006
 30
0.0
 10
9.772572418583257
 20
6.285268722431296
 30
0.0
 10
9.769365731739134
 20
6.287042825482899
 30
0.0
 10
9.765435310621584
 20
6.288759905569168
 30
0.0
 10
9.762452811291116
 20
6.289919911347656
 30
0.0
 10
9.760385523502489
 20
6.290717519067433
 30
0.0
 10
9.75848089074834
 20
6.291383755736822
 30
0.0
 10
9.757262673931791
 20
6.291801649469729
 30
0.0
 10
9.756680989884538
 20
6.292001188759106
 30
0.0
  0
SPLINE
  5
2B0
330
1F
100
AcDbEntity
  8
0
  6
Continuous
 62
     7
370
     0
100
AcDbSpline
210
0.0
220
0.0
230
1.0
 70
     8
 71
     3
 72
    15
 73
    11
 74
     0
 42
0.000000001
 43
0.00000001
 40
0.0
 40
0.0
 40
0.0
 40
0.0
 40
0.1069499386345071
 40
0.217439932948412
 40
0.3320869632292311
 40
0.453107175329207
 40
0.5800630846739271
 40
0.7138169785808671
 40
0.853670996320108
 40
1.0
 40
1.0
 40
1.0
 40
1.0
 10
9.790766445721323
 20
6.270211662191427
 30
0.0
 10
9.79026013888024
 20
6.270913893799444
 30
0.0
 10
9.789230766381467
 20
6.27234160096516
 30
0.0
 10
9.787500330357027
 20
6.274312566915429
 30
0.0
 10
9.785623993880218
 20
6.276200210996933
 30
0.0
 10
9.78358827590311
 20
6.277958483219439
 30
0.0
 10
9.781415957925859
 20
6.279648587130389
 30
0.0
 10
9.779120009247357
 20
6.281304624462857
 30
0.0
 10
9.776699622436745
 20
6.282897691658015
 30
0.0
 10
9.775047018937386
 20
6.283869992757539
 30
0.0
 10
9.774202021836091
 20
6.284367142625006
 30
0.0
  0
SPLINE
  5
2B1
330
1F
100
AcDbEntity
  8
0
  6
Continuous
 62
     7
370
     0
100
AcDbSpline
210
0.0
220
0.0
230
1.0
 70
     8
 71
     3
 72
    15
 73
    11
 74
     0
 42
0.000000001
 43
0.00000001
 40
0.0
 40
0.0
 40
0.0
 40
0.0
 40
0.1505488395741667
 40
0.2903783435821607
 40
0.4205058450135141
 40
0.5432020229568324
 40
0.6604043168689898
 40
0.7747975120726754
 40
0.8870065209126347
 40
1.0
 40
1.0
 40
1.0
 40
1.0
 10
9.796422181130971
 20
6.252663671403408
 30
0.0
 10
9.796400313977045
 20
6.25349734791223
 30
0.0
 10
9.796358136648053
 20
6.255105341732706
 30
0.0
 10
9.796107991307485
 20
6.25753279292759
 30
0.0
 10
9.79560738188296
 20
6.259890092300886
 30
0.0
 10
9.794960825033096
 20
6.262144953173433
 30
0.0
 10
9.794118875440255
 20
6.264307550134298
 30
0.0
 10
9.79316968800735
 20
6.266381672658068
 30
0.0
 10
9.792050608980242
 20
6.26836865499419
 30
0.0
 10
9.791195493044455
 20
6.269595901462413
 30
0.0
 10
9.790766445721323
 20
6.270211662191427
 30
0.0
  0
SPLINE
  5
2B2
330
1F
100
AcDbEntity
  8
0
  6
Continuous
 62
     7
370
     0
100
AcDbSpline
210
0.0
220
0.0
230
1.0
 70
     8
 71
     3
 72
    15
 73
    11
 74
     0
 42
0.000000001
 43
0.00000001
 40
0.0
 40
0.0
 40
0.0
 40
0.0
 40
0.1143181762358425
 40
0.2293559284678894
 40
0.3446961538044089
 40
0.4636009172681052
 40
0.5874065965996761
 40
0.7170770247335669
 40
0.855051462262238
 40
1.0
 40
1.0
 40
1.0
 40
1.0
 10
9.791437749627512
 20
6.239475165190252
 30
0.0
 10
9.791834991813225
 20
6.239732503617933
 30
0.0
 10
9.792631976626412
 20
6.240248800290558
 30
0.0
 10
9.793625723423174
 20
6.241337735564283
 30
0.0
 10
9.794498030920742
 20
6.242612209805885
 30
0.0
 10
9.795199874471276
 20
6.244140425667445
 30
0.0
 10
9.79575860452072
 20
6.245899648398103
 30
0.0
 10
9.796135607708292
 20
6.247930668677011
 30
0.0
 10
9.796373393963163
 20
6.250191482558887
 30
0.0
 10
9.796405653672565
 20
6.251826176624872
 30
0.0
 10
9.796422181130971
 20
6.252663671403408
 30
0.0
  0
SPLINE
  5
2B3
330
1F
100
AcDbEntity
  8
0
  6
Continuous
 62
     7
370
     0
100
AcDbSpline
210
0.0
220
0.0
230
1.0
 70
     8
 71
     3
 72
    15
 73
    11
 74
     0
 42
0.000000001
 43
0.00000001
 40
0.0
 40
0.0
 40
0.0
 40
0.0
 40
0.1255390672574868
 40
0.2507111945492186
 40
0.3739622895669266
 40
0.4983002186059124
 40
0.622179496940673
 40
0.7459426855879189
 40
0.8708711216188374
 40
0.9999999999999999
 40
0.9999999999999999
 40
0.9999999999999999
 40
0.9999999999999999
 10
9.77710541123036
 20
6.241760651413566
 30
0.0
 10
9.777760569359263
 20
6.241395678696135
 30
0.0
 10
9.77906897064584
 20
6.24066680004534
 30
0.0
 10
9.781009224358638
 20
6.239810995667755
 30
0.0
 10
9.782922944952334
 20
6.239112295333771
 30
0.0
 10
9.78479869523487
 20
6.238601125792948
 30
0.0
 10
9.78662226342473
 20
6.238332386718419
 30
0.0
 10
9.788337674093668
 20
6.238406718946678
 30
0.0
 10
9.789978355073083
 20
6.238735136589945
 30
0.0
 10
9.790945952205076
 20
6.239225784954416
 30
0.0
 10
9.791437749627512
 20
6.239475165190252
 30
0.0
  0
SPLINE
  5
2B4
330
1F
100
AcDbEntity
  8
0
  6
Continuous
 62
     7
370
     0
100
AcDbSpline
210
0.0
220
0.0
230
1.0
 70
     8
 71
     3
 72
    15
 73
    11
 74
     0
 42
0.000000001
 43
0.00000001
 40
0.0
 40
0.0
 40
0.0
 40
0.0
 40
0.1156896179953365
 40
0.2363578843000055
 40
0.3613668393402088
 40
0.4927369458780015
 40
0.6246340710403734
 40
0.7530143733070398
 40
0.8773872139737718
 40
1.0
 40
1.0
 40
1.0
 40
1.0
 10
9.7542475132246
 20
6.263638441157459
 30
0.0
 10
9.75503344738001
 20
6.262586865359665
 30
0.0
 10
9.756639137997633
 20
6.260438459694105
 30
0.0
 10
9.759255696397034
 20
6.257375741345988
 30
0.0
 10
9.762034638664028
 20
6.254276268545828
 30
0.0
 10
9.764981177374665
 20
6.251260464104111
 30
0.0
 10
9.768020201173991
 20
6.248396988888016
 30
0.0
 10
9.771074567137584
 20
6.245846693025521
 30
0.0
 10
9.774099159812524
 20
6.243581421163851
 30
0.0
 10
9.776108099420702
 20
6.242364684450807
 30
0.0
 10
9.77710541123036
 20
6.241760651413565
 30
0.0
  0
LINE
  5
2B5
330
1F
100
AcDbEntity
  8
0
  6
Continuous
 62
     7
370
     0
100
AcDbLine
 10
9.7534587311
 20
6.2640937954
 30
0.0
 11
9.7542475132
 21
6.2636384412
 31
0.0
  0
LINE
  5
2B6
330
1F
100
AcDbEntity
  8
0
  6
Continuous
 62
     7
370
     0
100
AcDbLine
 10
9.7534587311
 20
6.2500433502
 30
0.0
 11
9.7534587311
 21
6.2640937954
 31
0.0
  0
SPLINE
  5
2B7
330
1F
100
AcDbEntity
  8
0
  6
Continuous
 62
     7
370
     0
100
AcDbSpline
210
0.0
220
0.0
230
1.0
 70
     8
 71
     3
 72
    15
 73
    11
 74
     0
 42
0.000000001
 43
0.00000001
 40
0.0
 40
0.0
 40
0.0
 40
0.0
 40
0.1376995973635105
 40
0.2738121507321454
 40
0.4079783403477114
 40
0.5407024059276914
 40
0.6686583401886337
 40
0.7870670500596364
 40
0.89795740129816
 40
1.0
 40
1.0
 40
1.0
 40
1.0
 10
9.777508193574075
 20
6.23036529370024
 30
0.0
 10
9.776371873366907
 20
6.231036063498975
 30
0.0
 10
9.774112329506197
 20
6.232369872201062
 30
0.0
 10
9.770757956335588
 20
6.234659665192051
 30
0.0
 10
9.767461266828157
 20
6.237071353932076
 30
0.0
 10
9.764266121065253
 20
6.239658274941084
 30
0.0
 10
9.761230025779653
 20
6.242284150471281
 30
0.0
 10
9.7584138476271
 20
6.244914848547428
 30
0.0
 10
9.755827234708732
 20
6.24743839111202
 30
0.0
 10
9.75422605501364
 20
6.249199421866995
 30
0.0
 10
9.753458731134828
 20
6.250043350224169
 30
0.0
  0
SPLINE
  5
2B8
330
1F
100
AcDbEntity
  8
0
  6
Continuous
 62
     7
370
     0
100
AcDbSpline
210
0.0
220
0.0
230
1.0
 70
     8
 71
     3
 72
    15
 73
    11
 74
     0
 42
0.000000001
 43
0.00000001
 40
0.0
 40
0.0
 40
0.0
 40
0.0
 40
0.1149281894735065
 40
0.2293581704428508
 40
0.3459192613417068
 40
0.4654998677269279
 40
0.5890786490471936
 40
0.7183639688198697
 40
0.8552196250883529
 40
0.9999999999999999
 40
0.9999999999999999
 40
0.9999999999999999
 40
0.9999999999999999
 10
9.800215048200943
 20
6.226849968088739
 30
0.0
 10
9.799518972781815
 20
6.22650180275164
 30
0.0
 10
9.798129839399023
 20
6.225806981358434
 30
0.0
 10
9.795775469748794
 20
6.225269555761315
 30
0.0
 10
9.793251434864137
 20
6.22506726656028
 30
0.0
 10
9.790518327942266
 20
6.225267229303245
 30
0.0
 10
9.78757950855749
 20
6.225871545500209
 30
0.0
 10
9.784419076016007
 20
6.22692947516382
 30
0.0
 10
9.781037662959273
 20
6.228410352830204
 30
0.0
 10
9.77870654779668
 20
6.22970153623676
 30
0.0
 10
9.777508193574075
 20
6.23036529370024
 30
0.0
  0
SPLINE
  5
2B9
330
1F
100
AcDbEntity
  8
0
  6
Continuous
 62
     7
370
     0
100
AcDbSpline
210
0.0
220
0.0
230
1.0
 70
     8
 71
     3
 72
    15
 73
    11
 74
     0
 42
0.000000001
 43
0.00000001
 40
0.0
 40
0.0
 40
0.0
 40
0.0
 40
0.1308008882041959
 40
0.2589990533849454
 40
0.3872122659295015
 40
0.5158717970719223
 40
0.642814813370383
 40
0.7641840704950156
 40
0.883286428758103
 40
1.0
 40
1.0
 40
1.0
 40
1.0
 10
9.808237129879911
 20
6.245939946293388
 30
0.0
 10
9.808212104445985
 20
6.244815775235161
 30
0.0
 10
9.808162551543202
 20
6.242589802277938
 30
0.0
 10
9.807741544784701
 20
6.239491405923535
 30
0.0
 10
9.807073697052127
 20
6.23661209368073
 30
0.0
 10
9.80613400759239
 20
6.23399057509913
 30
0.0
 10
9.804973303711288
 20
6.231661677780508
 30
0.0
 10
9.803604430504738
 20
6.22966791925958
 30
0.0
 10
9.80203343588942
 20
6.228039890511222
 30
0.0
 10
9.800817070217752
 20
6.227243921205101
 30
0.0
 10
9.800215048200943
 20
6.226849968088739
 30
0.0
  0
SPLINE
  5
2BA
330
1F
100
AcDbEntity
  8
0
  6
Continuous
 62
     7
370
     0
100
AcDbSpline
210
0.0
220
0.0
230
1.0
 70
     8
 71
     3
 72
    15
 73
    11
 74
     0
 42
0.000000001
 43
0.00000001
 40
0.0
 40
0.0
 40
0.0
 40
0.0
 40
0.115811864058204
 40
0.2292765431772072
 40
0.3432311914323847
 40
0.4594973522796806
 40
0.5798850338220123
 40
0.7093386528253404
 40
0.84859398771334
 40
0.9999999999999999
 40
0.9999999999999999
 40
0.9999999999999999
 40
0.9999999999999999
 10
9.798620701423744
 20
6.275289939355877
 30
0.0
 10
9.799358060908833
 20
6.274233384029747
 30
0.0
 10
9.800817835649493
 20
6.27214168682048
 30
0.0
 10
9.80272665708278
 20
6.268790303956821
 30
0.0
 10
9.804383977266351
 20
6.265334784180501
 30
0.0
 10
9.805788464552002
 20
6.261750910545332
 30
0.0
 10
9.80692037890117
 20
6.258005070494941
 30
0.0
 10
9.8076876702989
 20
6.254108379464032
 30
0.0
 10
9.808164711412735
 20
6.25002408638187
 30
0.0
 10
9.808212326892095
 20
6.247338745257352
 30
0.0
 10
9.808237129879911
 20
6.245939946293388
 30
0.0
  0
SPLINE
  5
2BB
330
1F
100
AcDbEntity
  8
0
  6
Continuous
 62
     7
370
     0
100
AcDbSpline
210
0.0
220
0.0
230
1.0
 70
     8
 71
     3
 72
    15
 73
    11
 74
     0
 42
0.000000001
 43
0.00000001
 40
0.0
 40
0.0
 40
0.0
 40
0.0
 40
0.1479009999273379
 40
0.2864944775198824
 40
0.4169003948360004
 40
0.5381234042521701
 40
0.6547170016593028
 40
0.770068564029727
 40
0.8844779602490929
 40
1.0
 40
1.0
 40
1.0
 40
1.0
 10
9.776920802656159
 20
6.293960460281379
 30
0.0
 10
9.778040026466423
 20
6.293302003034881
 30
0.0
 10
9.780208040481925
 20
6.292026525756855
 30
0.0
 10
9.78335659671022
 20
6.289953025823567
 30
0.0
 10
9.78628856980976
 20
6.287844394861989
 30
0.0
 10
9.789028307798361
 20
6.28566392487726
 30
0.0
 10
9.79160955690938
 20
6.283359128302835
 30
0.0
 10
9.79406383236124
 20
6.280871557008846
 30
0.0
 10
9.796423027568629
 20
6.278197190712291
 30
0.0
 10
9.797885784034593
 20
6.276262144385977
 30
0.0
 10
9.798620701423744
 20
6.275289939355877
 30
0.0
  0
SPLINE
  5
2BC
330
1F
100
AcDbEntity
  8
0
  6
Continuous
 62
     7
370
     0
100
AcDbSpline
210
0.0
220
0.0
230
1.0
 70
     8
 71
     3
 72
    23
 73
    19
 74
     0
 42
0.000000001
 43
0.00000001
 40
0.0
 40
0.0
 40
0.0
 40
0.0
 40
0.0609726139191504
 40
0.1183879945613569
 40
0.1728742277214824
 40
0.224669521059274
 40
0.2754008809859201
 40
0.3256802771256844
 40
0.3765492057640272
 40
0.4289720610265038
 40
0.4841475253492294
 40
0.5428865512447374
 40
0.6061622082093618
 40
0.6740109616371237
 40
0.7471027693500146
 40
0.8256295092907746
 40
0.9098541721358144
 40
1.0
 40
1.0
 40
1.0
 40
1.0
 10
9.705661893014117
 20
6.27184128017231
 30
0.0
 10
9.704423496352026
 20
6.272588934375802
 30
0.0
 10
9.702018952937
 20
6.274040623520936
 30
0.0
 10
9.698542085335525
 20
6.276666739020819
 30
0.0
 10
9.695319529433743
 20
6.27949553295052
 30
0.0
 10
9.69236173258922
 20
6.282600175330721
 30
0.0
 10
9.68964894828618
 20
6.285926460195254
 30
0.0
 10
9.68721450662529
 20
6.289535557566595
 30
0.0
 10
9.685024601174511
 20
6.293376906004595
 30
0.0
 10
9.683121963009532
 20
6.297484440182686
 30
0.0
 10
9.68146195761514
 20
6.301845347579696
 30
0.0
 10
9.680010428948297
 20
6.306490849494832
 30
0.0
 10
9.678820366340355
 20
6.311416962592832
 30
0.0
 10
9.677838757223045
 20
6.316637171869103
 30
0.0
 10
9.677049368591673
 20
6.322159028988941
 30
0.0
 10
9.676507477799563
 20
6.327967416496235
 30
0.0
 10
9.676195386774761
 20
6.334066883913788
 30
0.0
 10
9.676148671792236
 20
6.338180914904166
 30
0.0
 10
9.676124521141766
 20
6.340307781256255
 30
0.0
  0
SPLINE
  5
2BD
330
1F
100
AcDbEntity
  8
0
  6
Continuous
 62
     7
370
     0
100
AcDbSpline
210
0.0
220
0.0
230
1.0
 70
     8
 71
     3
 72
    23
 73
    19
 74
     0
 42
0.000000001
 43
0.00000001
 40
0.0
 40
0.0
 40
0.0
 40
0.0
 40
0.0914072369269552
 40
0.1766411179085063
 40
0.2561617773375913
 40
0.3297025475052987
 40
0.3981326595607567
 40
0.4614147486825464
 40
0.5201907225520723
 40
0.5750949351457793
 40
0.6271223329766321
 40
0.6777301011362211
 40
0.7276094883997958
 40
0.7779011121402813
 40
0.8296305654851189
 40
0.883444780435331
 40
0.9399298216911764
 40
1.0
 40
1.0
 40
1.0
 40
1.0
 10
9.735199264886466
 20
6.306320937143835
 30
0.0
 10
9.735177276621588
 20
6.304188269243466
 30
0.0
 10
9.735134785109762
 20
6.300066967093727
 30
0.0
 10
9.734794189807031
 20
6.294261935095896
 30
0.0
 10
9.734258704571536
 20
6.28901054954245
 30
0.0
 10
9.733477061733764
 20
6.284338033886371
 30
0.0
 10
9.732453691203848
 20
6.280255305875483
 30
0.0
 10
9.731245494132898
 20
6.276700030200453
 30
0.0
 10
9.72978730504604
 20
6.27373719527785
 30
0.0
 10
9.72809016450467
 20
6.271346659683852
 30
0.0
 10
9.72613483958762
 20
6.269536619566886
 30
0.0
 10
9.723966108452727
 20
6.26821695746964
 30
0.0
 10
9.721519320564775
 20
6.267477281567529
 30
0.0
 10
9.71882114653325
 20
6.267283681862915
 30
0.0
 10
9.715881872415794
 20
6.267589430796058
 30
0.0
 10
9.712685720647828
 20
6.268483878080843
 30
0.0
 10
9.70925341479933
 20
6.269869063394064
 30
0.0
 10
9.706883367143178
 20
6.271170530580467
 30
0.0
 10
9.705661893014117
 20
6.27184128017231
 30
0.0
  0
SPLINE
  5
2BE
330
1F
100
AcDbEntity
  8
0
  6
Continuous
 62
     7
370
     0
100
AcDbSpline
210
0.0
220
0.0
230
1.0
 70
     8
 71
     3
 72
    23
 73
    19
 74
     0
 42
0.000000001
 43
0.00000001
 40
0.0
 40
0.0
 40
0.0
 40
0.0
 40
0.0610360235752139
 40
0.1185111144595318
 40
0.1731258378212027
 40
0.2253349020485205
 40
0.2761557307410263
 40
0.3266572709749729
 40
0.3779751895595516
 40
0.4308974413397401
 40
0.4863702555085634
 40
0.5456756637640768
 40
0.608755204882669
 40
0.6767411704922496
 40
0.7493172402132793
 40
0.8273775877960798
 40
0.9108637625285652
 40
1.0
 40
1.0
 40
1.0
 40
1.0
 10
9.705661893014117
 20
6.374787438227779
 30
0.0
 10
9.706900122159235
 20
6.374039226903037
 30
0.0
 10
9.709304340313507
 20
6.372586456018691
 30
0.0
 10
9.71278494359805
 20
6.369966875208006
 30
0.0
 10
9.716007875533224
 20
6.367103571531433
 30
0.0
 10
9.718978736545917
 20
6.363995097450899
 30
0.0
 10
9.721672421891506
 20
6.360614518895614
 30
0.0
 10
9.72411634975817
 20
6.356993584141782
 30
0.0
 10
9.726299501241447
 20
6.353113148420182
 30
0.0
 10
9.728196927898875
 20
6.348974797785277
 30
0.0
 10
9.72986721052444
 20
6.344582361940142
 30
0.0
 10
9.731303297240565
 20
6.339925496212717
 30
0.0
 10
9.732502352990773
 20
6.334991525238422
 30
0.0
 10
9.733507873184163
 20
6.329782340641494
 30
0.0
 10
9.73426746108049
 20
6.324296808816458
 30
0.0
 10
9.734817669563986
 20
6.318531805704425
 30
0.0
 10
9.735127656402183
 20
6.312491132590463
 30
0.0
 10
9.735174880168453
 20
6.308422063533575
 30
0.0
 10
9.735199264886466
 20
6.306320937143835
 30
0.0
  0
SPLINE
  5
2BF
330
1F
100
AcDbEntity
  8
0
  6
Continuous
 62
     7
370
     0
100
AcDbSpline
210
0.0
220
0.0
230
1.0
 70
     8
 71
     3
 72
    23
 73
    19
 74
     0
 42
0.000000001
 43
0.00000001
 40
0.0
 40
0.0
 40
0.0
 40
0.0
 40
0.0906329011836342
 40
0.1753653426288618
 40
0.2541102187879565
 40
0.3274215029633289
 40
0.3955560567886146
 40
0.4588739603350012
 40
0.5179348249732569
 40
0.5729694386300627
 40
0.6252987845255905
 40
0.6761318033419798
 40
0.7265933906285925
 40
0.7771870883272606
 40
0.8289458178959398
 40
0.8827904889383936
 40
0.9396206954251715
 40
1.0
 40
1.0
 40
1.0
 40
1.0
 10
9.676124521141766
 20
6.340307781256255
 30
0.0
 10
9.676146663543866
 20
6.342420980000467
 30
0.0
 10
9.67618950681469
 20
6.346509802238107
 30
0.0
 10
9.676528536115434
 20
6.352264191338219
 30
0.0
 10
9.677066194337069
 20
6.357475607833933
 30
0.0
 10
9.67785204476706
 20
6.362110139276012
 30
0.0
 10
9.678850875436723
 20
6.3661995399606
 30
0.0
 10
9.680065265560943
 20
6.369747224579253
 30
0.0
 10
9.681520776508961
 20
6.372721411707993
 30
0.0
 10
9.683205254269454
 20
6.375142913519582
 30
0.0
 10
9.685132006062105
 20
6.377011965862517
 30
0.0
 10
9.687313709620819
 20
6.3783450981036
 30
0.0
 10
9.689767738931481
 20
6.379105902072614
 30
0.0
 10
9.692459499551699
 20
6.379357207646949
 30
0.0
 10
9.695409421999528
 20
6.379037422914631
 30
0.0
 10
9.698611053428182
 20
6.378137974601958
 30
0.0
 10
9.702052121403877
 20
6.376776430373462
 30
0.0
 10
9.70443458881301
 20
6.37546368555862
 30
0.0
 10
9.705661893014117
 20
6.374787438227779
 30
0.0
  0
LINE
  5
2C0
330
1F
100
AcDbEntity
  8
0
  6
Continuous
 62
     7
370
     0
100
AcDbLine
 10
9.5397659152
 20
6.4137545895
 30
0.0
 11
9.5611972924
 21
6.4557044467
 31
0.0
  0
LINE
  5
2C1
330
1F
100
AcDbEntity
  8
0
  6
Continuous
 62
     7
370
     0
100
AcDbLine
 10
9.5176128863
 20
6.4808651888
 30
0.0
 11
9.5397659152
 21
6.4137545895
 31
0.0
  0
LINE
  5
2C2
330
1F
100
AcDbEntity
  8
0
  6
Continuous
 62
     7
370
     0
100
AcDbLine
 10
9.5021225487
 20
6.4898075703
 30
0.0
 11
9.5176128863
 21
6.4808651888
 31
0.0
  0
LINE
  5
2C3
330
1F
100
AcDbEntity
  8
0
  6
Continuous
 62
     7
370
     0
100
AcDbLine
 10
9.5021225487
 20
6.3918226729
 30
0.0
 11
9.5021225487
 21
6.4898075703
 31
0.0
  0
LINE
  5
2C4
330
1F
100
AcDbEntity
  8
0
  6
Continuous
 62
     7
370
     0
100
AcDbLine
 10
9.5128634112
 20
6.385622105
 30
0.0
 11
9.5021225487
 21
6.3918226729
 31
0.0
  0
LINE
  5
2C5
330
1F
100
AcDbEntity
  8
0
  6
Continuous
 62
     7
370
     0
100
AcDbLine
 10
9.5128634112
 20
6.4701185751
 30
0.0
 11
9.5128634112
 21
6.385622105
 31
0.0
  0
LINE
  5
2C6
330
1F
100
AcDbEntity
  8
0
  6
Continuous
 62
     7
370
     0
100
AcDbLine
 10
9.5358052222
 20
6.3996650129
 30
0.0
 11
9.5128634112
 21
6.4701185751
 31
0.0
  0
LINE
  5
2C7
330
1F
100
AcDbEntity
  8
0
  6
Continuous
 62
     7
370
     0
100
AcDbLine
 10
9.5423840004
 20
6.395867165
 30
0.0
 11
9.5358052222
 21
6.3996650129
 31
0.0
  0
LINE
  5
2C8
330
1F
100
AcDbEntity
  8
0
  6
Continuous
 62
     7
370
     0
100
AcDbLine
 10
9.5654936374
 20
6.4397357922
 30
0.0
 11
9.5423840004
 21
6.395867165
 31
0.0
  0
LINE
  5
2C9
330
1F
100
AcDbEntity
  8
0
  6
Continuous
 62
     7
370
     0
100
AcDbLine
 10
9.5654936374
 20
6.3552393221
 30
0.0
 11
9.5654936374
 21
6.4397357922
 31
0.0
  0
LINE
  5
2CA
330
1F
100
AcDbEntity
  8
0
  6
Continuous
 62
     7
370
     0
100
AcDbLine
 10
9.5762344999
 20
6.3490387541
 30
0.0
 11
9.5654936374
 21
6.3552393221
 31
0.0
  0
LINE
  5
2CB
330
1F
100
AcDbEntity
  8
0
  6
Continuous
 62
     7
370
     0
100
AcDbLine
 10
9.5762344999
 20
6.4470236516
 30
0.0
 11
9.5762344999
 21
6.3490387541
 31
0.0
  0
LINE
  5
2CC
330
1F
100
AcDbEntity
  8
0
  6
Continuous
 62
     7
370
     0
100
AcDbLine
 10
9.5611972924
 20
6.4557044467
 30
0.0
 11
9.5762344999
 21
6.4470236516
 31
0.0
  0
LINE
  5
2CD
330
1F
100
AcDbEntity
  8
0
  6
Continuous
 62
     7
370
     0
100
AcDbLine
 10
9.4484182362
 20
6.52081041
 30
0.0
 11
9.4484182362
 21
6.433988349
 31
0.0
  0
LINE
  5
2CE
330
1F
100
AcDbEntity
  8
0
  6
Continuous
 62
     7
370
     0
100
AcDbLine
 10
9.4376773737
 20
6.527010978
 30
0.0
 11
9.4484182362
 21
6.52081041
 31
0.0
  0
LINE
  5
2CF
330
1F
100
AcDbEntity
  8
0
  6
Continuous
 62
     7
370
     0
100
AcDbLine
 10
9.4376773737
 20
6.4290260805
 30
0.0
 11
9.4376773737
 21
6.527010978
 31
0.0
  0
LINE
  5
2D0
330
1F
100
AcDbEntity
  8
0
  6
Continuous
 62
     7
370
     0
100
AcDbLine
 10
9.4903075999
 20
6.3986432976
 30
0.0
 11
9.4376773737
 21
6.4290260805
 31
0.0
  0
LINE
  5
2D1
330
1F
100
AcDbEntity
  8
0
  6
Continuous
 62
     7
370
     0
100
AcDbLine
 10
9.4903075999
 20
6.4098061341
 30
0.0
 11
9.4903075999
 21
6.3986432976
 31
0.0
  0
LINE
  5
2D2
330
1F
100
AcDbEntity
  8
0
  6
Continuous
 62
     7
370
     0
100
AcDbLine
 10
9.4484182362
 20
6.433988349
 30
0.0
 11
9.4903075999
 21
6.4098061341
 31
0.0
  0
LINE
  5
2D3
330
1F
100
AcDbEntity
  8
0
  6
Continuous
 62
     7
370
     0
100
AcDbLine
 10
9.9041888349
 20
5.9637449516
 30
0.0
 11
10.1008561241
 21
6.7372933864
 31
0.0
  0
LINE
  5
2D4
330
1F
100
AcDbEntity
  8
0
  6
Continuous
 62
     7
370
     0
100
AcDbLine
 10
9.3385034099
 20
6.2903081963
 30
0.0
 11
9.9041888349
 21
5.9637449516
 31
0.0
  0
LINE
  5
2D5
330
1F
100
AcDbEntity
  8
0
  6
Continuous
 62
     7
370
     0
100
AcDbLine
 10
9.1418361207
 20
7.2909238499
 30
0.0
 11
9.3385034099
 21
6.2903081963
 31
0.0
  0
SPLINE
  5
2D6
330
1F
100
AcDbEntity
  8
0
  6
Continuous
 62
     7
370
     0
100
AcDbSpline
210
0.0
220
0.0
230
1.0
 70
     8
 71
     3
 72
    15
 73
    11
 74
     0
 42
0.000000001
 43
0.00000001
 40
0.0
 40
0.0
 40
0.0
 40
0.0
 40
0.1204601605038171
 40
0.2373845007654838
 40
0.3534929525856114
 40
0.4690032709078605
 40
0.587857530905046
 40
0.7148212612045085
 40
0.8513778055921182
 40
1.0
 40
1.0
 40
1.0
 40
1.0
 10
9.644992802492217
 20
6.40202022910772
 30
0.0
 10
9.645722243086059
 20
6.401018202502027
 30
0.0
 10
9.647159713287683
 20
6.399043561387894
 30
0.0
 10
9.649068092942818
 20
6.395892787134351
 30
0.0
 10
9.650741283875313
 20
6.392679001434611
 30
0.0
 10
9.652151151437574
 20
6.389367785890983
 30
0.0
 10
9.653313635454749
 20
6.385925422905888
 30
0.0
 10
9.654069611078777
 20
6.382352429825408
 30
0.0
 10
9.654577287271227
 20
6.378602166051317
 30
0.0
 10
9.654620352502766
 20
6.376154935750272
 30
0.0
 10
9.654642796143694
 20
6.374879550568688
 30
0.0
  0
SPLINE
  5
2D7
330
1F
100
AcDbEntity
  8
0
  6
Continuous
 62
     7
370
     0
100
AcDbSpline
210
0.0
220
0.0
230
1.0
 70
     8
 71
     3
 72
    15
 73
    11
 74
     0
 42
0.000000001
 43
0.00000001
 40
0.0
 40
0.0
 40
0.0
 40
0.0
 40
0.1610519726672527
 40
0.3088852512014134
 40
0.4423350676483684
 40
0.5631769465949292
 40
0.6760013357488841
 40
0.785386861295349
 40
0.8934793501665291
 40
1.0
 40
1.0
 40
1.0
 40
1.0
 10
9.623276121126978
 20
6.419867101674318
 30
0.0
 10
9.624484652120588
 20
6.419153601589564
 30
0.0
 10
9.626802521274028
 20
6.417785163505499
 30
0.0
 10
9.630118888209974
 20
6.415669002093295
 30
0.0
 10
9.633120273498303
 20
6.413565200338349
 30
0.0
 10
9.635844853933309
 20
6.411505219976307
 30
0.0
 10
9.638348451771632
 20
6.409351952228842
 30
0.0
 10
9.640702081732702
 20
6.407084983319895
 30
0.0
 10
9.642923412759778
 20
6.404644079644251
 30
0.0
 10
9.644306382230862
 20
6.402890565005694
 30
0.0
 10
9.644992802492217
 20
6.40202022910772
 30
0.0
  0
LINE
  5
2D8
330
1F
100
AcDbEntity
  8
0
  6
Continuous
 62
     7
370
     0
100
AcDbLine
 10
9.5998643974
 20
6.4333824021
 30
0.0
 11
9.6232761211
 21
6.4198671017
 31
0.0
  0
LINE
  5
2D9
330
1F
100
AcDbEntity
  8
0
  6
Continuous
 62
     7
370
     0
100
AcDbLine
 10
9.5998643974
 20
6.3353975047
 30
0.0
 11
9.5998643974
 21
6.4333824021
 31
0.0
  0
LINE
  5
2DA
330
1F
100
AcDbEntity
  8
0
  6
Continuous
 62
     7
370
     0
100
AcDbLine
 10
9.6106052599
 20
6.3291969367
 30
0.0
 11
9.5998643974
 21
6.3353975047
 31
0.0
  0
LINE
  5
2DB
330
1F
100
AcDbEntity
  8
0
  6
Continuous
 62
     7
370
     0
100
AcDbLine
 10
9.6106052599
 20
6.3676467066
 30
0.0
 11
9.6106052599
 21
6.3291969367
 31
0.0
  0
LINE
  5
2DC
330
1F
100
AcDbEntity
  8
0
  6
Continuous
 62
     7
370
     0
100
AcDbLine
 10
9.628327683
 20
6.3574157695
 30
0.0
 11
9.6106052599
 21
6.3676467066
 31
0.0
  0
LINE
  5
2DD
330
1F
100
AcDbEntity
  8
0
  6
Continuous
 62
     7
370
     0
100
AcDbLine
 10
9.6567574034
 20
6.3025538714
 30
0.0
 11
9.628327683
 21
6.3574157695
 31
0.0
  0
LINE
  5
2DE
330
1F
100
AcDbEntity
  8
0
  6
Continuous
 62
     7
370
     0
100
AcDbLine
 10
9.6696800036
 20
6.2950938131
 30
0.0
 11
9.6567574034
 21
6.3025538714
 31
0.0
  0
LINE
  5
2DF
330
1F
100
AcDbEntity
  8
0
  6
Continuous
 62
     7
370
     0
100
AcDbLine
 10
9.6376923725
 20
6.3559243941
 30
0.0
 11
9.6696800036
 21
6.2950938131
 31
0.0
  0
SPLINE
  5
2E0
330
1F
100
AcDbEntity
  8
0
  6
Continuous
 62
     7
370
     0
100
AcDbSpline
210
0.0
220
0.0
230
1.0
 70
     8
 71
     3
 72
    23
 73
    19
 74
     0
 42
0.000000001
 43
0.00000001
 40
0.0
 40
0.0
 40
0.0
 40
0.0
 40
0.0703830305476863
 40
0.1379489199197074
 40
0.2034888084440793
 40
0.2668116458442026
 40
0.3289395236564613
 40
0.3896346109119571
 40
0.4495664907690714
 40
0.5094054054689505
 40
0.5688230343965491
 40
0.6282063740288437
 40
0.68792035207127
 40
0.7483104144166681
 40
0.8093179049203322
 40
0.8712531512616707
 40
0.9346509967026084
 40
1.0
 40
1.0
 40
1.0
 40
1.0
 10
9.654642796143694
 20
6.374879550568688
 30
0.0
 10
9.65463209156147
 20
6.374012942294264
 30
0.0
 10
9.654611110857113
 20
6.372314412485018
 30
0.0
 10
9.654381736691125
 20
6.369935207386303
 30
0.0
 10
9.654034544633525
 20
6.36773267163302
 30
0.0
 10
9.65355046581791
 20
6.365708492816845
 30
0.0
 10
9.6529093397523
 20
6.363890588412771
 30
0.0
 10
9.652141595117468
 20
6.362245730966746
 30
0.0
 10
9.651207577332515
 20
6.360821267753532
 30
0.0
 10
9.650151615971728
 20
6.359571961862738
 30
0.0
 10
9.648974801046192
 20
6.35849921120242
 30
0.0
 10
9.647672182032213
 20
6.35762571654061
 30
0.0
 10
9.646281485618488
 20
6.356885724865763
 30
0.0
 10
9.6447656902788
 20
6.356351038897086
 30
0.0
 10
9.643151898526602
 20
6.355978372378993
 30
0.0
 10
9.641429468442572
 20
6.355795680474651
 30
0.0
 10
9.639616467610235
 20
6.35573982241486
 30
0.0
 10
9.638340184897748
 20
6.355862251706673
 30
0.0
 10
9.637692372512403
 20
6.355924394060236
 30
0.0
  0
SPLINE
  5
2E1
330
1F
100
AcDbEntity
  8
0
  6
Continuous
 62
     7
370
     0
100
AcDbSpline
210
0.0
220
0.0
230
1.0
 70
     8
 71
     3
 72
     8
 73
     4
 74
     0
 42
0.000000001
 43
0.00000001
 40
2.0
 40
2.0
 40
2.0
 40
2.0
 40
2.975681207758309
 40
2.975681207758309
 40
2.975681207758309
 40
2.975681207758309
 10
9.522603898661657
 20
6.559638019840463
 30
0.0
 10
9.496410381276633
 20
6.574814447471649
 30
0.0
 10
9.481382882852225
 20
6.605076428832317
 30
0.0
 10
9.480709192077446
 20
6.6328985156325
 30
0.0
  0
SPLINE
  5
2E2
330
1F
100
AcDbEntity
  8
0
  6
Continuous
 62
     7
370
     0
100
AcDbSpline
210
0.0
220
0.0
230
1.0
 70
     8
 71
     3
 72
     8
 73
     4
 74
     0
 42
0.000000001
 43
0.00000001
 40
1.025766605138522
 40
1.025766605138522
 40
1.025766605138522
 40
1.025766605138522
 40
2.0
 40
2.0
 40
2.0
 40
2.0
 10
9.56449516838725
 20
6.58440977379723
 30
0.0
 10
9.563780938699699
 20
6.557446950833842
 30
0.0
 10
9.548760546565005
 20
6.544594483495423
 30
0.0
 10
9.522603898661657
 20
6.559638019840463
 30
0.0
  0
SPLINE
  5
2E3
330
1F
100
AcDbEntity
  8
0
  6
Continuous
 62
     7
370
     0
100
AcDbSpline
210
0.0
220
0.0
230
1.0
 70
     8
 71
     3
 72
     8
 73
     4
 74
     0
 42
0.000000001
 43
0.00000001
 40
0.0
 40
0.0
 40
0.0
 40
0.0
 40
0.9772566000248728
 40
0.9772566000248728
 40
0.9772566000248728
 40
0.9772566000248728
 10
9.52243887870989
 20
6.657718181257159
 30
0.0
 10
9.54867669495895
 20
6.642627962364594
 30
0.0
 10
9.563778935300432
 20
6.612318159171035
 30
0.0
 10
9.564495168358041
 20
6.584409773813073
 30
0.0
  0
SPLINE
  5
2E4
330
1F
100
AcDbEntity
  8
0
  6
Continuous
 62
     7
370
     0
100
AcDbSpline
210
0.0
220
0.0
230
1.0
 70
     8
 71
     3
 72
     8
 73
     4
 74
     0
 42
0.000000001
 43
0.00000001
 40
3.024271275023431
 40
3.024271275023431
 40
3.024271275023431
 40
3.024271275023431
 40
4.0
 40
4.0
 40
4.0
 40
4.0
 10
9.480709191994848
 20
6.632898515677478
 30
0.0
 10
9.481373399400923
 20
6.659850230971992
 30
0.0
 10
9.496341042467428
 20
6.672721946727929
 30
0.0
 10
9.52243887870989
 20
6.657718181257159
 30
0.0
  0
LWPOLYLINE
  5
2E5
330
1F
100
AcDbEntity
  8
0
  6
Continuous
 62
     7
370
     0
100
AcDbPolyline
 90
       69
 70
   128
 43
0.0
 10
10.013790386
 20
6.9293147459
 10
10.0121162879
 20
6.8884669931
 10
10.0071082766
 20
6.8499006114
 10
9.9988090786
 20
6.8139446355
 10
9.9872894998
 20
6.7809058292
 10
9.972647821
 20
6.7510660679
 10
9.9550089601
 20
6.7246799339
 10
9.9345234055
 20
6.7019725444
 10
9.9113659327
 20
6.6831376309
 10
9.8857341131
 20
6.6683358863
 10
9.8578466285
 20
6.6576935936
 10
9.8279414049
 20
6.6513015494
 10
9.7962735832
 20
6.6492142881
 10
9.7631133421
 20
6.6514496177
 10
9.728743593
 20
6.657988467
 10
9.6934575666
 20
6.6687750489
 10
9.6575563108
 20
6.6837173362
 10
9.6213461224
 20
6.7026878463
 10
9.585135934
 20
6.7255247298
 10
9.5492346782
 20
6.7520331502
 10
9.5139486518
 20
6.7819869472
 10
9.4795789027
 20
6.8151305655
 10
9.4464186616
 20
6.8511812353
 10
9.4147508399
 20
6.8898313853
 10
9.3848456163
 20
6.9307512657
 10
9.3569581317
 20
6.9735917628
 10
9.3313263121
 20
7.0179873764
 10
9.3081688393
 20
7.0635593389
 10
9.2876832847
 20
7.1099188463
 10
9.2700444238
 20
7.1566703756
 10
9.255402745
 20
7.2034150593
 10
9.2438831662
 20
7.2497540883
 10
9.2355839682
 20
7.2952921142
 10
9.2305759569
 20
7.3396406227
 10
9.2289018588
 20
7.382421248
 10
9.2305759569
 20
7.4232690008
 10
9.2355839682
 20
7.4618353825
 10
9.2438831662
 20
7.4977913584
 10
9.255402745
 20
7.5308301647
 10
9.2700444238
 20
7.560669926
 10
9.2876832847
 20
7.58705606
 10
9.3081688393
 20
7.6097634494
 10
9.3313263121
 20
7.6285983629
 10
9.3569581317
 20
7.6434001076
 10
9.3848456163
 20
7.6540424002
 10
9.4147508399
 20
7.6604344445
 10
9.4464186616
 20
7.6625217057
 10
9.4795789027
 20
7.6602863762
 10
9.5139486518
 20
7.6537475268
 10
9.5492346782
 20
7.6429609449
 10
9.585135934
 20
7.6280186577
 10
9.6213461224
 20
7.6090481475
 10
9.6575563108
 20
7.5862112641
 10
9.6934575666
 20
7.5597028436
 10
9.728743593
 20
7.5297490467
 10
9.7631133421
 20
7.4966054284
 10
9.7962735832
 20
7.4605547585
 10
9.8279414049
 20
7.4219046086
 10
9.8578466285
 20
7.3809847281
 10
9.8857341131
 20
7.338144231
 10
9.9113659327
 20
7.2937486174
 10
9.9345234055
 20
7.248176655
 10
9.9550089601
 20
7.2018171476
 10
9.972647821
 20
7.1550656183
 10
9.9872894998
 20
7.1083209345
 10
9.9988090786
 20
7.0619819056
 10
10.0071082766
 20
7.0164438797
 10
10.0121162879
 20
6.9720953712
 10
10.013790386
 20
6.9293147459
  0
ARC
  5
2E6
330
1F
100
AcDbEntity
  8
0
  6
Continuous
 62
     7
370
     0
100
AcDbCircle
 10
9.4761978174
 20
7.4565576384
 30
0.0
 40
0.2020529102130306
100
AcDbArc
 50
84.2681129596
 51
118.9604087353
  0
LWPOLYLINE
  5
2E7
330
1F
100
AcDbEntity
  8
0
  6
Continuous
 62
     7
370
     0
100
AcDbPolyline
 90
        3
 70
   128
 43
0.0
 10
9.2676712093
 20
7.3998744668
 10
9.2675388919
 20
7.3883977701
 10
9.2690015314
 20
7.3491759881
  0
ARC
  5
2E8
330
1F
100
AcDbEntity
  8
0
  6
Continuous
 62
     7
370
     0
100
AcDbCircle
 10
9.8099379608
 20
6.8791041941
 30
0.0
 40
0.2010482545615108
100
AcDbArc
 50
300.9447635869
 51
335.8159616528
  0
ARC
  5
2E9
330
1F
100
AcDbEntity
  8
0
  6
Continuous
 62
     7
370
     0
100
AcDbCircle
 10
10.4778800791
 20
7.6519781621
 30
0.0
 40
0.8508183425598502
100
AcDbArc
 50
190.3551769352
 51
233.5827483537
  0
ARC
  5
2EA
330
1F
100
AcDbEntity
  8
0
  6
Continuous
 62
     7
370
     0
100
AcDbCircle
 10
10.4268041346
 20
7.62084901
 30
0.0
 40
0.7411353344177808
100
AcDbArc
 50
193.4482313015
 51
226.5463921658
  0
LINE
  5
2EB
330
1F
100
AcDbEntity
  8
0
  6
Continuous
 62
     7
370
     0
100
AcDbLine
 10
10.3284529036
 20
6.2086673851
 30
0.0
 11
9.9041888349
 21
5.9637449516
 31
0.0
  0
LINE
  5
2EC
330
1F
100
AcDbEntity
  8
0
  6
Continuous
 62
     7
370
     0
100
AcDbLine
 10
10.3284529036
 20
6.2086673851
 30
0.0
 11
10.5251201928
 21
6.9822158199
 31
0.0
  0
ARC
  5
2ED
330
1F
100
AcDbEntity
  8
0
  6
Continuous
 62
     7
370
     0
100
AcDbCircle
 10
10.4834111126
 20
7.6535275228
 30
0.0
 40
0.7653868254366201
100
AcDbArc
 50
200.5356954488
 51
219.4589280185
  0
SPLINE
  5
2EE
330
1F
100
AcDbEntity
  8
0
  6
Continuous
 62
     7
370
     0
100
AcDbSpline
210
0.0
220
0.0
230
1.0
 70
     8
 71
     3
 72
     8
 73
     4
 74
     0
 42
0.000000001
 43
0.00000001
 40
3.0
 40
3.0
 40
3.0
 40
3.0
 40
4.0
 40
4.0
 40
4.0
 40
4.0
 10
9.85914828096374
 20
6.404031452589559
 30
0.0
 10
9.868549873087204
 20
6.395471645130268
 30
0.0
 10
9.878007606381225
 20
6.386286473017821
 30
0.0
 10
9.877514659517775
 20
6.38429726023795
 30
0.0
  0
SPLINE
  5
2EF
330
1F
100
AcDbEntity
  8
0
  6
Continuous
 62
     7
370
     0
100
AcDbSpline
210
0.0
220
0.0
230
1.0
 70
     8
 71
     3
 72
     9
 73
     5
 74
     0
 42
0.000000001
 43
0.00000001
 40
0.0
 40
0.0
 40
0.0
 40
0.0
 40
0.5696047214751484
 40
1.0
 40
1.0
 40
1.0
 40
1.0
 10
9.877514659517775
 20
6.38429726023795
 30
0.0
 10
9.877394255651236
 20
6.383860001238106
 30
0.0
 10
9.877182874210739
 20
6.383092347840309
 30
0.0
 10
9.876727933526773
 20
6.382599587754505
 30
0.0
 10
9.876532129204387
 20
6.382387506140129
 30
0.0
  0
SPLINE
  5
2F0
330
1F
100
AcDbEntity
  8
0
  6
Continuous
 62
     7
370
     0
100
AcDbSpline
210
0.0
220
0.0
230
1.0
 70
     8
 71
     3
 72
     8
 73
     4
 74
     0
 42
0.000000001
 43
0.00000001
 40
1.0
 40
1.0
 40
1.0
 40
1.0
 40
2.0
 40
2.0
 40
2.0
 40
2.0
 10
9.862367497841436
 20
6.433130035245951
 30
0.0
 10
9.862367497841436
 20
6.434293808348096
 30
0.0
 10
9.86700804484208
 20
6.432388090966277
 30
0.0
 10
9.869226305727604
 20
6.431033989789253
 30
0.0
  0
SPLINE
  5
2F1
330
1F
100
AcDbEntity
  8
0
  6
Continuous
 62
     7
370
     0
100
AcDbSpline
210
0.0
220
0.0
230
1.0
 70
     8
 71
     3
 72
     8
 73
     4
 74
     0
 42
0.000000001
 43
0.00000001
 40
3.0
 40
3.0
 40
3.0
 40
3.0
 40
4.0
 40
4.0
 40
4.0
 40
4.0
 10
9.87568117104511
 20
6.422882649507268
 30
0.0
 10
9.875860548931533
 20
6.421520450948232
 30
0.0
 10
9.875879719087335
 20
6.420728264806572
 30
0.0
 10
9.87588245768102
 20
6.419083803071382
 30
0.0
  0
SPLINE
  5
2F2
330
1F
100
AcDbEntity
  8
0
  6
Continuous
 62
     7
370
     0
100
AcDbSpline
210
0.0
220
0.0
230
1.0
 70
     8
 71
     3
 72
     8
 73
     4
 74
     0
 42
0.000000001
 43
0.00000001
 40
2.0
 40
2.0
 40
2.0
 40
2.0
 40
3.0
 40
3.0
 40
3.0
 40
3.0
 10
9.869226305727604
 20
6.431033989789253
 30
0.0
 10
9.873802495776632
 20
6.428235671373835
 30
0.0
 10
9.875234780274319
 20
6.426331234164206
 30
0.0
 10
9.87568117104511
 20
6.422882649507268
 30
0.0
  0
SPLINE
  5
2F3
330
1F
100
AcDbEntity
  8
0
  6
Continuous
 62
     7
370
     0
100
AcDbSpline
210
0.0
220
0.0
230
1.0
 70
     8
 71
     3
 72
     8
 73
     4
 74
     0
 42
0.000000001
 43
0.00000001
 40
29.0
 40
29.0
 40
29.0
 40
29.0
 40
30.0
 40
30.0
 40
30.0
 40
30.0
 10
9.858052843489409
 20
6.435813740226663
 30
0.0
 10
9.858052843489409
 20
6.429019266014821
 30
0.0
 10
9.869108546199113
 20
6.42140043577101
 30
0.0
 10
9.880280639140466
 20
6.411369475324378
 30
0.0
  0
SPLINE
  5
2F4
330
1F
100
AcDbEntity
  8
0
  6
Continuous
 62
     7
370
     0
100
AcDbSpline
210
0.0
220
0.0
230
1.0
 70
     8
 71
     3
 72
    10
 73
     6
 74
     0
 42
0.000000001
 43
0.00000001
 40
0.0
 40
0.0
 40
0.0
 40
0.0
 40
0.4502353182558655
 40
0.7106166940959637
 40
0.9999999999999999
 40
0.9999999999999999
 40
0.9999999999999999
 40
0.9999999999999999
 10
9.861004151084632
 20
6.43978297673028
 30
0.0
 10
9.86024429985622
 20
6.439618285804142
 30
0.0
 10
9.859045009294052
 20
6.439358350350984
 30
0.0
 10
9.858178358519185
 20
6.437686213155493
 30
0.0
 10
9.858096127814452
 20
6.436459469483405
 30
0.0
 10
9.858052843489409
 20
6.435813740226663
 30
0.0
  0
SPLINE
  5
2F5
330
1F
100
AcDbEntity
  8
0
  6
Continuous
 62
     7
370
     0
100
AcDbSpline
210
0.0
220
0.0
230
1.0
 70
     8
 71
     3
 72
     8
 73
     4
 74
     0
 42
0.000000001
 43
0.00000001
 40
25.0
 40
25.0
 40
25.0
 40
25.0
 40
26.0
 40
26.0
 40
26.0
 40
26.0
 10
9.869324895100295
 20
6.454624122560436
 30
0.0
 10
9.884576123336693
 20
6.445819775905351
 30
0.0
 10
9.899932787429996
 20
6.428434193728779
 30
0.0
 10
9.900042331177431
 20
6.408486405678663
 30
0.0
  0
SPLINE
  5
2F6
330
1F
100
AcDbEntity
  8
0
  6
Continuous
 62
     7
370
     0
100
AcDbSpline
210
0.0
220
0.0
230
1.0
 70
     8
 71
     3
 72
    10
 73
     6
 74
     0
 42
0.000000001
 43
0.00000001
 40
0.0
 40
0.0
 40
0.0
 40
0.0
 40
0.1515112785599143
 40
0.5724871785627674
 40
1.0
 40
1.0
 40
1.0
 40
1.0
 10
9.845508387406765
 20
6.459045696289667
 30
0.0
 10
9.84640343313879
 20
6.459636775377472
 30
0.0
 10
9.849785374144645
 20
6.461870174781802
 30
0.0
 10
9.858464115540517
 20
6.459912847400816
 30
0.0
 10
9.865686088753606
 20
6.456396062172059
 30
0.0
 10
9.869324895100295
 20
6.454624122560436
 30
0.0
  0
SPLINE
  5
2F7
330
1F
100
AcDbEntity
  8
0
  6
Continuous
 62
     7
370
     0
100
AcDbSpline
210
0.0
220
0.0
230
1.0
 70
     8
 71
     3
 72
    10
 73
     6
 74
     0
 42
0.000000001
 43
0.00000001
 40
0.0
 40
0.0
 40
0.0
 40
0.0
 40
0.4741352637398606
 40
0.9147834238858017
 40
1.0
 40
1.0
 40
1.0
 40
1.0
 10
9.870291618671393
 20
6.37995852336648
 30
0.0
 10
9.871762714069673
 20
6.379225262422604
 30
0.0
 10
9.874601004718393
 20
6.377810529100407
 30
0.0
 10
9.877854315626621
 20
6.376749764012165
 30
0.0
 10
9.87907852071462
 20
6.377337595983629
 30
0.0
 10
9.87927690360449
 20
6.377432854373258
 30
0.0
  0
SPLINE
  5
2F8
330
1F
100
AcDbEntity
  8
0
  6
Continuous
 62
     7
370
     0
100
AcDbSpline
210
0.0
220
0.0
230
1.0
 70
     8
 71
     3
 72
     8
 73
     4
 74
     0
 42
0.000000001
 43
0.00000001
 40
20.0
 40
20.0
 40
20.0
 40
20.0
 40
21.0
 40
21.0
 40
21.0
 40
21.0
 10
9.855796242292282
 20
6.402037227891836
 30
0.0
 10
9.856223462907272
 20
6.3914146759953
 30
0.0
 10
9.861808824729527
 20
6.384855536073272
 30
0.0
 10
9.870291618671393
 20
6.37995852336648
 30
0.0
  0
LINE
  5
2F9
330
1F
100
AcDbEntity
  8
0
  6
Continuous
 62
     7
370
     0
100
AcDbLine
 10
9.8367013978
 20
6.413060447
 30
0.0
 11
9.8557962423
 21
6.4020372279
 31
0.0
  0
SPLINE
  5
2FA
330
1F
100
AcDbEntity
  8
0
  6
Continuous
 62
     7
370
     0
100
AcDbSpline
210
0.0
220
0.0
230
1.0
 70
     8
 71
     3
 72
     8
 73
     4
 74
     0
 42
0.000000001
 43
0.00000001
 40
18.0
 40
18.0
 40
18.0
 40
18.0
 40
19.0
 40
19.0
 40
19.0
 40
19.0
 10
9.82358627265637
 20
6.439283641472689
 30
0.0
 10
9.831136575448207
 20
6.432410024449847
 30
0.0
 10
9.836011272208989
 20
6.422435396783263
 30
0.0
 10
9.83670139781782
 20
6.413060446971129
 30
0.0
  0
SPLINE
  5
2FB
330
1F
100
AcDbEntity
  8
0
  6
Continuous
 62
     7
370
     0
100
AcDbSpline
210
0.0
220
0.0
230
1.0
 70
     8
 71
     3
 72
    10
 73
     6
 74
     0
 42
0.000000001
 43
0.00000001
 40
0.0
 40
0.0
 40
0.0
 40
0.0
 40
0.3758695806540669
 40
0.738303795779052
 40
1.0
 40
1.0
 40
1.0
 40
1.0
 10
9.833682098279189
 20
6.451240143721149
 30
0.0
 10
9.833492575852988
 20
6.449241827268467
 30
0.0
 10
9.833120305433003
 20
6.445316623692227
 30
0.0
 10
9.830818032375682
 20
6.441372739552037
 30
0.0
 10
9.828295371493462
 20
6.440804517560172
 30
0.0
 10
9.827237626578377
 20
6.440566263609048
 30
0.0
  0
SPLINE
  5
2FC
330
1F
100
AcDbEntity
  8
0
  6
Continuous
 62
     7
370
     0
100
AcDbSpline
210
0.0
220
0.0
230
1.0
 70
     8
 71
     3
 72
     8
 73
     4
 74
     0
 42
0.000000001
 43
0.00000001
 40
16.0
 40
16.0
 40
16.0
 40
16.0
 40
17.0
 40
17.0
 40
17.0
 40
17.0
 10
9.805974376662782
 20
6.489344788060754
 30
0.0
 10
9.819181244712707
 20
6.481967294719221
 30
0.0
 10
9.833682098279189
 20
6.469645468325718
 30
0.0
 10
9.833682098279189
 20
6.451240143721149
 30
0.0
  0
LINE
  5
2FD
330
1F
100
AcDbEntity
  8
0
  6
Continuous
 62
     7
370
     0
100
AcDbLine
 10
9.7701070152
 20
6.5100505751
 30
0.0
 11
9.8059743767
 21
6.4893447881
 31
0.0
  0
LINE
  5
2FE
330
1F
100
AcDbEntity
  8
0
  6
Continuous
 62
     7
370
     0
100
AcDbLine
 10
9.7430606639
 20
6.5256641013
 30
0.0
 11
9.7699655938
 21
6.4281235552
 31
0.0
  0
LINE
  5
2FF
330
1F
100
AcDbEntity
  8
0
  6
Continuous
 62
     7
370
     0
100
AcDbLine
 10
9.7227635768
 20
6.5373813603
 30
0.0
 11
9.7430606639
 21
6.5256641013
 31
0.0
  0
LINE
  5
300
330
1F
100
AcDbEntity
  8
0
  6
Continuous
 62
     7
370
     0
100
AcDbLine
 10
9.6637181277
 20
6.5030405604
 30
0.0
 11
9.7003777326
 21
6.4818774209
 31
0.0
  0
LINE
  5
301
330
1F
100
AcDbEntity
  8
0
  6
Continuous
 62
     7
370
     0
100
AcDbLine
 10
9.6637181277
 20
6.5714675726
 30
0.0
 11
9.6637181277
 21
6.5030405604
 31
0.0
  0
LINE
  5
302
330
1F
100
AcDbEntity
  8
0
  6
Continuous
 62
     7
370
     0
100
AcDbLine
 10
9.6437400867
 20
6.5830006501
 30
0.0
 11
9.6637181277
 21
6.5714675726
 31
0.0
  0
LINE
  5
303
330
1F
100
AcDbEntity
  8
0
  6
Continuous
 62
     7
370
     0
100
AcDbLine
 10
9.7203583375
 20
6.4650880743
 30
0.0
 11
9.7146011983
 21
6.4536640387
 31
0.0
  0
SPLINE
  5
304
330
1F
100
AcDbEntity
  8
0
  6
Continuous
 62
     7
370
     0
100
AcDbSpline
210
0.0
220
0.0
230
1.0
 70
     8
 71
     3
 72
     9
 73
     5
 74
     0
 42
0.000000001
 43
0.00000001
 40
0.0
 40
0.0
 40
0.0
 40
0.0
 40
0.6319175976355507
 40
1.0
 40
1.0
 40
1.0
 40
1.0
 10
9.836472725245052
 20
6.405934687083614
 30
0.0
 10
9.835992853716592
 20
6.40329270818122
 30
0.0
 10
9.83523346431162
 20
6.399111816697456
 30
0.0
 10
9.832619859814075
 20
6.397086345536982
 30
0.0
 10
9.83165783799179
 20
6.396340805246314
 30
0.0
  0
SPLINE
  5
305
330
1F
100
AcDbEntity
  8
0
  6
Continuous
 62
     7
370
     0
100
AcDbSpline
210
0.0
220
0.0
230
1.0
 70
     8
 71
     3
 72
    10
 73
     6
 74
     0
 42
0.000000001
 43
0.00000001
 40
0.0
 40
0.0
 40
0.0
 40
0.0
 40
0.4668479343442863
 40
0.8747118104382485
 40
1.0
 40
1.0
 40
1.0
 40
1.0
 10
9.902511173385207
 20
6.37309433659692
 30
0.0
 10
9.902210393724474
 20
6.369527739690779
 30
0.0
 10
9.90164683650974
 20
6.362845168756293
 30
0.0
 10
9.898108802423538
 20
6.357410458724467
 30
0.0
 10
9.895078496352639
 20
6.356670897071354
 30
0.0
 10
9.894366388896065
 20
6.35649710361437
 30
0.0
  0
SPLINE
  5
306
330
1F
100
AcDbEntity
  8
0
  6
Continuous
 62
     7
370
     0
100
AcDbSpline
210
0.0
220
0.0
230
1.0
 70
     8
 71
     3
 72
     8
 73
     4
 74
     0
 42
0.000000001
 43
0.00000001
 40
30.0
 40
30.0
 40
30.0
 40
30.0
 40
31.0
 40
31.0
 40
31.0
 40
31.0
 10
9.880280639140466
 20
6.411369475324378
 30
0.0
 10
9.891344557631228
 20
6.40140175326556
 30
0.0
 10
9.902511173385207
 20
6.389025852752703
 30
0.0
 10
9.902511173385207
 20
6.37309433659692
 30
0.0
  0
SPLINE
  5
307
330
1F
100
AcDbEntity
  8
0
  6
Continuous
 62
     7
370
     0
100
AcDbSpline
210
0.0
220
0.0
230
1.0
 70
     8
 71
     3
 72
     8
 73
     4
 74
     0
 42
0.000000001
 43
0.00000001
 40
0.0
 40
0.0
 40
0.0
 40
0.0
 40
1.0
 40
1.0
 40
1.0
 40
1.0
 10
9.85486922832963
 20
6.407896327361027
 30
0.0
 10
9.856102964785096
 20
6.406790384315288
 30
0.0
 10
9.85736271788058
 20
6.405655191261872
 30
0.0
 10
9.858625209569748
 20
6.404508929971248
 30
0.0
  0
SPLINE
  5
308
330
1F
100
AcDbEntity
  8
0
  6
Continuous
 62
     7
370
     0
100
AcDbSpline
210
0.0
220
0.0
230
1.0
 70
     8
 71
     3
 72
     8
 73
     4
 74
     0
 42
0.000000001
 43
0.00000001
 40
10.0
 40
10.0
 40
10.0
 40
10.0
 40
11.0
 40
11.0
 40
11.0
 40
11.0
 10
9.835877081118383
 20
6.440487307589294
 30
0.0
 10
9.835877081118383
 20
6.43013035946559
 30
0.0
 10
9.844318796154962
 20
6.417335181701501
 30
0.0
 10
9.85486922832963
 20
6.407896327361027
 30
0.0
  0
LINE
  5
309
330
1F
100
AcDbEntity
  8
0
  6
Continuous
 62
     7
370
     0
100
AcDbLine
 10
9.6045624501
 20
6.5901246889
 30
0.0
 11
9.5869026287
 21
6.6003194868
 31
0.0
  0
SPLINE
  5
30A
330
1F
100
AcDbEntity
  8
0
  6
Continuous
 62
     7
370
     0
100
AcDbSpline
210
0.0
220
0.0
230
1.0
 70
     8
 71
     3
 72
    10
 73
     6
 74
     0
 42
0.000000001
 43
0.00000001
 40
0.0
 40
0.0
 40
0.0
 40
0.0
 40
0.2551301256309325
 40
0.5996031304052815
 40
0.9999999999999999
 40
0.9999999999999999
 40
0.9999999999999999
 40
0.9999999999999999
 10
9.611881265650988
 20
6.565686520588282
 30
0.0
 10
9.612541978354765
 20
6.56587542533426
 30
0.0
 10
9.614094775792951
 20
6.566319386535461
 30
0.0
 10
9.615540934618673
 20
6.568977004438911
 30
0.0
 10
9.615694463448678
 20
6.571647262960613
 30
0.0
 10
9.615776991236473
 20
6.573082631996047
 30
0.0
  0
SPLINE
  5
30B
330
1F
100
AcDbEntity
  8
0
  6
Continuous
 62
     7
370
     0
100
AcDbSpline
210
0.0
220
0.0
230
1.0
 70
     8
 71
     3
 72
     8
 73
     4
 74
     0
 42
0.000000001
 43
0.00000001
 40
2.0
 40
2.0
 40
2.0
 40
2.0
 40
3.0
 40
3.0
 40
3.0
 40
3.0
 10
9.615776991236473
 20
6.573082631996048
 30
0.0
 10
9.615776991236473
 20
6.580354632670996
 30
0.0
 10
9.610768788033507
 20
6.58654184628456
 30
0.0
 10
9.60456245009299
 20
6.590124688914671
 30
0.0
  0
LINE
  5
30C
330
1F
100
AcDbEntity
  8
0
  6
Continuous
 62
     7
370
     0
100
AcDbLine
 10
9.6037299176
 20
6.5486514916
 30
0.0
 11
9.5869026287
 21
6.5583656787
 31
0.0
  0
LINE
  5
30D
330
1F
100
AcDbEntity
  8
0
  6
Continuous
 62
     7
370
     0
100
AcDbLine
 10
9.5867612073
 20
6.5227640755
 30
0.0
 11
9.5647083808
 21
6.5354949013
 31
0.0
  0
LINE
  5
30E
330
1F
100
AcDbEntity
  8
0
  6
Continuous
 62
     7
370
     0
100
AcDbLine
 10
9.5647083808
 20
6.5354949013
 30
0.0
 11
9.5647083808
 21
6.6333165171
 31
0.0
  0
SPLINE
  5
30F
330
1F
100
AcDbEntity
  8
0
  6
Continuous
 62
     7
370
     0
100
AcDbSpline
210
0.0
220
0.0
230
1.0
 70
     8
 71
     3
 72
     9
 73
     5
 74
     0
 42
0.000000001
 43
0.00000001
 40
0.0
 40
0.0
 40
0.0
 40
0.0
 40
0.086371902191716
 40
1.0
 40
1.0
 40
1.0
 40
1.0
 10
9.630246784996716
 20
6.547424168455353
 30
0.0
 10
9.630118084818564
 20
6.547336060046948
 30
0.0
 10
9.628628014843416
 20
6.546315955057143
 30
0.0
 10
9.626526711589163
 20
6.546545422620786
 30
0.0
 10
9.624606901894063
 20
6.546755070634467
 30
0.0
  0
LINE
  5
310
330
1F
100
AcDbEntity
  8
0
  6
Continuous
 62
     7
370
     0
100
AcDbLine
 10
9.639274723
 20
6.590270284
 30
0.0
 11
9.6392252091
 21
6.4970578833
 31
0.0
  0
LINE
  5
311
330
1F
100
AcDbEntity
  8
0
  6
Continuous
 62
     7
370
     0
100
AcDbLine
 10
9.7202978585
 20
6.5434966235
 30
0.0
 11
9.6975296623
 21
6.486989899
 31
0.0
  0
LINE
  5
312
330
1F
100
AcDbEntity
  8
0
  6
Continuous
 62
     7
370
     0
100
AcDbLine
 10
9.7661413826
 20
6.5170317204
 30
0.0
 11
9.7661413826
 21
6.4561656969
 31
0.0
  0
SPLINE
  5
313
330
1F
100
AcDbEntity
  8
0
  6
Continuous
 62
     7
370
     0
100
AcDbSpline
210
0.0
220
0.0
230
1.0
 70
     8
 71
     3
 72
     9
 73
     5
 74
     0
 42
0.000000001
 43
0.00000001
 40
0.0
 40
0.0
 40
0.0
 40
0.0
 40
0.0171976132308405
 40
1.0
 40
1.0
 40
1.0
 40
1.0
 10
9.840001688040283
 20
6.462392809986347
 30
0.0
 10
9.839976297520277
 20
6.462381468312944
 30
0.0
 10
9.838499899623349
 20
6.461721977181769
 30
0.0
 10
9.837511772035748
 20
6.460273695358567
 30
0.0
 10
9.836540637884221
 20
6.45885032052601
 30
0.0
  0
LINE
  5
314
330
1F
100
AcDbEntity
  8
0
  6
Continuous
 62
     7
370
     0
100
AcDbLine
 10
9.8809493407
 20
6.4146563389
 30
0.0
 11
9.9043194623
 21
6.4012609804
 31
0.0
  0
SPLINE
  5
315
330
1F
100
AcDbEntity
  8
0
  6
Continuous
 62
     7
370
     0
100
AcDbSpline
210
0.0
220
0.0
230
1.0
 70
     8
 71
     3
 72
     9
 73
     5
 74
     0
 42
0.000000001
 43
0.00000001
 40
0.0
 40
0.0
 40
0.0
 40
0.0
 40
0.5575299132905489
 40
1.0
 40
1.0
 40
1.0
 40
1.0
 10
9.87063716619036
 20
6.356145729805744
 30
0.0
 10
9.876114897089206
 20
6.353424707577454
 30
0.0
 10
9.885939896193769
 20
6.348544212085775
 30
0.0
 10
9.893790834244001
 20
6.350764271513241
 30
0.0
 10
9.897264639483836
 20
6.351746581400612
 30
0.0
  0
SPLINE
  5
316
330
1F
100
AcDbEntity
  8
0
  6
Continuous
 62
     7
370
     0
100
AcDbSpline
210
0.0
220
0.0
230
1.0
 70
     8
 71
     3
 72
     8
 73
     4
 74
     0
 42
0.000000001
 43
0.00000001
 40
20.0
 40
20.0
 40
20.0
 40
20.0
 40
21.0
 40
21.0
 40
21.0
 40
21.0
 10
9.836400637226928
 20
6.39417623510141
 30
0.0
 10
9.839443214811888
 20
6.383305678099687
 30
0.0
 10
9.85006074253186
 20
6.368024246342463
 30
0.0
 10
9.87063716619036
 20
6.356145729805744
 30
0.0
  0
SPLINE
  5
317
330
1F
100
AcDbEntity
  8
0
  6
Continuous
 62
     7
370
     0
100
AcDbSpline
210
0.0
220
0.0
230
1.0
 70
     8
 71
     3
 72
    10
 73
     6
 74
     0
 42
0.000000001
 43
0.00000001
 40
0.0
 40
0.0
 40
0.0
 40
0.0
 40
0.4280295063738647
 40
0.8274051249970625
 40
1.0
 40
1.0
 40
1.0
 40
1.0
 10
9.811342505001564
 20
6.393116052018096
 30
0.0
 10
9.814418058516223
 20
6.391680011606617
 30
0.0
 10
9.820363276549879
 20
6.388904064671964
 30
0.0
 10
9.827303681162913
 20
6.387988492998803
 30
0.0
 10
9.830425746203117
 20
6.38932479438906
 30
0.0
 10
9.831367844495546
 20
6.389728029825133
 30
0.0
  0
LINE
  5
318
330
1F
100
AcDbEntity
  8
0
  6
Continuous
 62
     7
370
     0
100
AcDbLine
 10
9.7479791782
 20
6.429694922
 30
0.0
 11
9.811342505
 21
6.393116052
 31
0.0
  0
LINE
  5
319
330
1F
100
AcDbEntity
  8
0
  6
Continuous
 62
     7
370
     0
100
AcDbLine
 10
9.7431373445
 20
6.4469328567
 30
0.0
 11
9.7479791782
 21
6.429694922
 31
0.0
  0
LINE
  5
31A
330
1F
100
AcDbEntity
  8
0
  6
Continuous
 62
     7
370
     0
100
AcDbLine
 10
9.7225636595
 20
6.4588097923
 30
0.0
 11
9.7431373445
 21
6.4469328567
 31
0.0
  0
LINE
  5
31B
330
1F
100
AcDbEntity
  8
0
  6
Continuous
 62
     7
370
     0
100
AcDbLine
 10
9.7174334247
 20
6.4473286101
 30
0.0
 11
9.6186408755
 21
6.5043603348
 31
0.0
  0
SPLINE
  5
31C
330
1F
100
AcDbEntity
  8
0
  6
Continuous
 62
     7
370
     0
100
AcDbSpline
210
0.0
220
0.0
230
1.0
 70
     8
 71
     3
 72
     8
 73
     4
 74
     0
 42
0.000000001
 43
0.00000001
 40
7.0
 40
7.0
 40
7.0
 40
7.0
 40
8.0
 40
8.0
 40
8.0
 40
8.0
 10
9.618640875549477
 20
6.504360334799646
 30
0.0
 10
9.616734814344138
 20
6.508757510563564
 30
0.0
 10
9.616376058571294
 20
6.518568906382467
 30
0.0
 10
9.616136431623783
 20
6.52145064541744
 30
0.0
  0
SPLINE
  5
31D
330
1F
100
AcDbEntity
  8
0
  6
Continuous
 62
     7
370
     0
100
AcDbSpline
210
0.0
220
0.0
230
1.0
 70
     8
 71
     3
 72
     8
 73
     4
 74
     0
 42
0.000000001
 43
0.00000001
 40
8.0
 40
8.0
 40
8.0
 40
8.0
 40
9.0
 40
9.0
 40
9.0
 40
9.0
 10
9.616136431623783
 20
6.52145064541744
 30
0.0
 10
9.615540102848694
 20
6.531679063992621
 30
0.0
 10
9.614109187647847
 20
6.542659666556699
 30
0.0
 10
9.603729917578542
 20
6.548651491628126
 30
0.0
  0
LINE
  5
31E
330
1F
100
AcDbEntity
  8
0
  6
Continuous
 62
     7
370
     0
100
AcDbLine
 10
9.7881703953
 20
6.4511218308
 30
0.0
 11
9.8079183944
 21
6.4397215536
 31
0.0
  0
LINE
  5
31F
330
1F
100
AcDbEntity
  8
0
  6
Continuous
 62
     7
370
     0
100
AcDbLine
 10
9.7881703953
 20
6.4511218308
 30
0.0
 11
9.7881703953
 21
6.4264390888
 31
0.0
  0
LINE
  5
320
330
1F
100
AcDbEntity
  8
0
  6
Continuous
 62
     7
370
     0
100
AcDbLine
 10
9.8079183944
 20
6.4150388116
 30
0.0
 11
9.7881703953
 21
6.4264390888
 31
0.0
  0
SPLINE
  5
321
330
1F
100
AcDbEntity
  8
0
  6
Continuous
 62
     7
370
     0
100
AcDbSpline
210
0.0
220
0.0
230
1.0
 70
     8
 71
     3
 72
     8
 73
     4
 74
     0
 42
0.000000001
 43
0.00000001
 40
2.0
 40
2.0
 40
2.0
 40
2.0
 40
3.0
 40
3.0
 40
3.0
 40
3.0
 10
9.81834011266974
 20
6.421275304739978
 30
0.0
 10
9.81834011266974
 20
6.412086873358779
 30
0.0
 10
9.81231109867038
 20
6.412502957382748
 30
0.0
 10
9.807918394398305
 20
6.415038811581843
 30
0.0
  0
SPLINE
  5
322
330
1F
100
AcDbEntity
  8
0
  6
Continuous
 62
     7
370
     0
100
AcDbSpline
210
0.0
220
0.0
230
1.0
 70
     8
 71
     3
 72
     8
 73
     4
 74
     0
 42
0.000000001
 43
0.00000001
 40
1.0
 40
1.0
 40
1.0
 40
1.0
 40
2.0
 40
2.0
 40
2.0
 40
2.0
 10
9.807918394398305
 20
6.439721553598793
 30
0.0
 10
9.813270975757264
 20
6.436631574152328
 30
0.0
 10
9.81834011266974
 20
6.430640041421296
 30
0.0
 10
9.81834011266974
 20
6.421275304739978
 30
0.0
  0
LINE
  5
323
330
1F
100
AcDbEntity
  8
0
  6
Continuous
 62
     7
370
     0
100
AcDbLine
 10
9.7881703953
 20
6.4827816772
 30
0.0
 11
9.8059493455
 21
6.4725181077
 31
0.0
  0
LINE
  5
324
330
1F
100
AcDbEntity
  8
0
  6
Continuous
 62
     7
370
     0
100
AcDbLine
 10
9.7881703953
 20
6.4613641409
 30
0.0
 11
9.7881703953
 21
6.4827816772
 31
0.0
  0
LINE
  5
325
330
1F
100
AcDbEntity
  8
0
  6
Continuous
 62
     7
370
     0
100
AcDbLine
 10
9.8059493455
 20
6.4511005715
 30
0.0
 11
9.7881703953
 21
6.4613641409
 31
0.0
  0
SPLINE
  5
326
330
1F
100
AcDbEntity
  8
0
  6
Continuous
 62
     7
370
     0
100
AcDbSpline
210
0.0
220
0.0
230
1.0
 70
     8
 71
     3
 72
     8
 73
     4
 74
     0
 42
0.000000001
 43
0.00000001
 40
2.0
 40
2.0
 40
2.0
 40
2.0
 40
3.0
 40
3.0
 40
3.0
 40
3.0
 10
9.815335875396382
 20
6.456311550556785
 30
0.0
 10
9.815335875396382
 20
6.448341444141895
 30
0.0
 10
9.809905244117376
 20
6.448816879818502
 30
0.0
 10
9.805949345538192
 20
6.451100571458523
 30
0.0
  0
SPLINE
  5
327
330
1F
100
AcDbEntity
  8
0
  6
Continuous
 62
     7
370
     0
100
AcDbSpline
210
0.0
220
0.0
230
1.0
 70
     8
 71
     3
 72
     8
 73
     4
 74
     0
 42
0.000000001
 43
0.00000001
 40
1.0
 40
1.0
 40
1.0
 40
1.0
 40
2.0
 40
2.0
 40
2.0
 40
2.0
 10
9.805949345538192
 20
6.472518107692961
 30
0.0
 10
9.810770639722099
 20
6.469734833804242
 30
0.0
 10
9.815335875396382
 20
6.464438197103622
 30
0.0
 10
9.815335875396382
 20
6.456311550556785
 30
0.0
  0
LINE
  5
328
330
1F
100
AcDbEntity
  8
0
  6
Continuous
 62
     7
370
     0
100
AcDbLine
 10
9.7313637465
 20
6.5089549168
 30
0.0
 11
9.7344830047
 21
6.5071542073
 31
0.0
  0
LINE
  5
329
330
1F
100
AcDbEntity
  8
0
  6
Continuous
 62
     7
370
     0
100
AcDbLine
 10
9.7313637465
 20
6.5089549168
 30
0.0
 11
9.7213487094
 21
6.4793449645
 31
0.0
  0
LINE
  5
32A
330
1F
100
AcDbEntity
  8
0
  6
Continuous
 62
     7
370
     0
100
AcDbLine
 10
9.7441653027
 20
6.4661732256
 30
0.0
 11
9.7213487094
 21
6.4793449645
 31
0.0
  0
LINE
  5
32B
330
1F
100
AcDbEntity
  8
0
  6
Continuous
 62
     7
370
     0
100
AcDbLine
 10
9.7344830047
 20
6.5071542073
 30
0.0
 11
9.7441653027
 21
6.4661732256
 31
0.0
  0
SPLINE
  5
32C
330
1F
100
AcDbEntity
  8
0
  6
Continuous
 62
     7
370
     0
100
AcDbSpline
210
0.0
220
0.0
230
1.0
 70
     8
 71
     3
 72
     8
 73
     4
 74
     0
 42
0.000000001
 43
0.00000001
 40
31.0
 40
31.0
 40
31.0
 40
31.0
 40
32.0
 40
32.0
 40
32.0
 40
32.0
 10
9.90236975202897
 20
6.373012695785738
 30
0.0
 10
9.90236975202897
 20
6.350657499973075
 30
0.0
 10
9.88583138476023
 20
6.351900363114866
 30
0.0
 10
9.868967124842877
 20
6.361635893138571
 30
0.0
  0
SPLINE
  5
32D
330
1F
100
AcDbEntity
  8
0
  6
Continuous
 62
     7
370
     0
100
AcDbSpline
210
0.0
220
0.0
230
1.0
 70
     8
 71
     3
 72
     8
 73
     4
 74
     0
 42
0.000000001
 43
0.00000001
 40
0.0
 40
0.0
 40
0.0
 40
0.0
 40
1.0
 40
1.0
 40
1.0
 40
1.0
 10
9.868967124842877
 20
6.361635893138571
 30
0.0
 10
9.85338863466102
 20
6.370629164093402
 30
0.0
 10
9.839421806863276
 20
6.386811573244148
 30
0.0
 10
9.836331303888814
 20
6.405853046272433
 30
0.0
  0
SPLINE
  5
32E
330
1F
100
AcDbEntity
  8
0
  6
Continuous
 62
     7
370
     0
100
AcDbSpline
210
0.0
220
0.0
230
1.0
 70
     8
 71
     3
 72
     8
 73
     4
 74
     0
 42
0.000000001
 43
0.00000001
 40
1.0
 40
1.0
 40
1.0
 40
1.0
 40
2.0
 40
2.0
 40
2.0
 40
2.0
 10
9.836331303888814
 20
6.405853046272433
 30
0.0
 10
9.834295159483398
 20
6.390179076851879
 30
0.0
 10
9.821820865244431
 20
6.39148240744955
 30
0.0
 10
9.806801048174485
 20
6.400153163281804
 30
0.0
  0
LINE
  5
32F
330
1F
100
AcDbEntity
  8
0
  6
Continuous
 62
     7
370
     0
100
AcDbLine
 10
9.8068010482
 20
6.4001531633
 30
0.0
 11
9.7507570977
 21
6.4325066472
 31
0.0
  0
LINE
  5
330
330
1F
100
AcDbEntity
  8
0
  6
Continuous
 62
     7
370
     0
100
AcDbLine
 10
9.7507570977
 20
6.4325066472
 30
0.0
 11
9.7450484992
 21
6.4508347473
 31
0.0
  0
LINE
  5
331
330
1F
100
AcDbEntity
  8
0
  6
Continuous
 62
     7
370
     0
100
AcDbLine
 10
9.7450484992
 20
6.4508347473
 30
0.0
 11
9.7202806579
 21
6.4651329178
 31
0.0
  0
LINE
  5
332
330
1F
100
AcDbEntity
  8
0
  6
Continuous
 62
     7
370
     0
100
AcDbLine
 10
9.7202806579
 20
6.4651329178
 30
0.0
 11
9.714459777
 21
6.4535823979
 31
0.0
  0
LINE
  5
333
330
1F
100
AcDbEntity
  8
0
  6
Continuous
 62
     7
370
     0
100
AcDbLine
 10
9.714459777
 20
6.4535823979
 30
0.0
 11
9.6435986654
 21
6.4944896469
 31
0.0
  0
LINE
  5
334
330
1F
100
AcDbEntity
  8
0
  6
Continuous
 62
     7
370
     0
100
AcDbLine
 10
9.6435986654
 20
6.4944896469
 30
0.0
 11
9.6435986654
 21
6.5829190093
 31
0.0
  0
LINE
  5
335
330
1F
100
AcDbEntity
  8
0
  6
Continuous
 62
     7
370
     0
100
AcDbLine
 10
9.6435986654
 20
6.5829190093
 30
0.0
 11
9.6635767063
 21
6.5713859318
 31
0.0
  0
LINE
  5
336
330
1F
100
AcDbEntity
  8
0
  6
Continuous
 62
     7
370
     0
100
AcDbLine
 10
9.6635767063
 20
6.5713859318
 30
0.0
 11
9.6635767063
 21
6.5029589195
 31
0.0
  0
LINE
  5
337
330
1F
100
AcDbEntity
  8
0
  6
Continuous
 62
     7
370
     0
100
AcDbLine
 10
9.6635767063
 20
6.5029589195
 30
0.0
 11
9.7003245257
 21
6.481744855
 31
0.0
  0
LINE
  5
338
330
1F
100
AcDbEntity
  8
0
  6
Continuous
 62
     7
370
     0
100
AcDbLine
 10
9.7003245257
 20
6.481744855
 30
0.0
 11
9.7226221555
 21
6.5372997195
 31
0.0
  0
LINE
  5
339
330
1F
100
AcDbEntity
  8
0
  6
Continuous
 62
     7
370
     0
100
AcDbLine
 10
9.7226221555
 20
6.5372997195
 30
0.0
 11
9.7429192426
 21
6.5255824605
 31
0.0
  0
LINE
  5
33A
330
1F
100
AcDbEntity
  8
0
  6
Continuous
 62
     7
370
     0
100
AcDbLine
 10
9.7429192426
 20
6.5255824605
 30
0.0
 11
9.7699655938
 21
6.4275292085
 31
0.0
  0
LINE
  5
33B
330
1F
100
AcDbEntity
  8
0
  6
Continuous
 62
     7
370
     0
100
AcDbLine
 10
9.7699655938
 20
6.4275292085
 30
0.0
 11
9.7699655938
 21
6.5099689343
 31
0.0
  0
LINE
  5
33C
330
1F
100
AcDbEntity
  8
0
  6
Continuous
 62
     7
370
     0
100
AcDbLine
 10
9.7699655938
 20
6.5099689343
 30
0.0
 11
9.8058329553
 21
6.4892631472
 31
0.0
  0
SPLINE
  5
33D
330
1F
100
AcDbEntity
  8
0
  6
Continuous
 62
     7
370
     0
100
AcDbSpline
210
0.0
220
0.0
230
1.0
 70
     8
 71
     3
 72
     8
 73
     4
 74
     0
 42
0.000000001
 43
0.00000001
 40
16.0
 40
16.0
 40
16.0
 40
16.0
 40
17.0
 40
17.0
 40
17.0
 40
17.0
 10
9.805832955306544
 20
6.489263147249571
 30
0.0
 10
9.81903982335647
 20
6.481885653908039
 30
0.0
 10
9.83354067692295
 20
6.469563827514536
 30
0.0
 10
9.83354067692295
 20
6.451158502909967
 30
0.0
  0
SPLINE
  5
33E
330
1F
100
AcDbEntity
  8
0
  6
Continuous
 62
     7
370
     0
100
AcDbSpline
210
0.0
220
0.0
230
1.0
 70
     8
 71
     3
 72
    10
 73
     6
 74
     0
 42
0.000000001
 43
0.00000001
 40
0.0
 40
0.0
 40
0.0
 40
0.0
 40
0.3758695806540669
 40
0.738303795779052
 40
1.0
 40
1.0
 40
1.0
 40
1.0
 10
9.83354067692295
 20
6.451158502909967
 30
0.0
 10
9.83335115449675
 20
6.449160186457285
 30
0.0
 10
9.832978884076764
 20
6.445234982881046
 30
0.0
 10
9.830676611019443
 20
6.441291098740854
 30
0.0
 10
9.828153950137224
 20
6.440722876748989
 30
0.0
 10
9.827096205222139
 20
6.440484622797866
 30
0.0
  0
SPLINE
  5
33F
330
1F
100
AcDbEntity
  8
0
  6
Continuous
 62
     7
370
     0
100
AcDbSpline
210
0.0
220
0.0
230
1.0
 70
     8
 71
     3
 72
     8
 73
     4
 74
     0
 42
0.000000001
 43
0.00000001
 40
18.0
 40
18.0
 40
18.0
 40
18.0
 40
19.0
 40
19.0
 40
19.0
 40
19.0
 10
9.823444851300131
 20
6.439202000661507
 30
0.0
 10
9.83099515409197
 20
6.432328383638666
 30
0.0
 10
9.83586985085275
 20
6.422353755972081
 30
0.0
 10
9.836559976461581
 20
6.412978806159946
 30
0.0
  0
LINE
  5
340
330
1F
100
AcDbEntity
  8
0
  6
Continuous
 62
     7
370
     0
100
AcDbLine
 10
9.8365599765
 20
6.4129788062
 30
0.0
 11
9.8556548209
 21
6.4019555871
 31
0.0
  0
SPLINE
  5
341
330
1F
100
AcDbEntity
  8
0
  6
Continuous
 62
     7
370
     0
100
AcDbSpline
210
0.0
220
0.0
230
1.0
 70
     8
 71
     3
 72
     8
 73
     4
 74
     0
 42
0.000000001
 43
0.00000001
 40
20.0
 40
20.0
 40
20.0
 40
20.0
 40
21.0
 40
21.0
 40
21.0
 40
21.0
 10
9.855654820936046
 20
6.401955587080653
 30
0.0
 10
9.856082041551037
 20
6.391333035184117
 30
0.0
 10
9.861667403373291
 20
6.38477389526209
 30
0.0
 10
9.870150197315155
 20
6.379876882555298
 30
0.0
  0
SPLINE
  5
342
330
1F
100
AcDbEntity
  8
0
  6
Continuous
 62
     7
370
     0
100
AcDbSpline
210
0.0
220
0.0
230
1.0
 70
     8
 71
     3
 72
     8
 73
     4
 74
     0
 42
0.000000001
 43
0.00000001
 40
21.0
 40
21.0
 40
21.0
 40
21.0
 40
22.0
 40
22.0
 40
22.0
 40
22.0
 10
9.870150197315155
 20
6.379876882555298
 30
0.0
 10
9.876164149049243
 20
6.376405102118134
 30
0.0
 10
9.882394449684512
 20
6.375281443960851
 30
0.0
 10
9.882394449684512
 20
6.381827667660414
 30
0.0
  0
SPLINE
  5
343
330
1F
100
AcDbEntity
  8
0
  6
Continuous
 62
     7
370
     0
100
AcDbSpline
210
0.0
220
0.0
230
1.0
 70
     8
 71
     3
 72
     8
 73
     4
 74
     0
 42
0.000000001
 43
0.00000001
 40
22.0
 40
22.0
 40
22.0
 40
22.0
 40
23.0
 40
23.0
 40
23.0
 40
23.0
 10
9.882394449684512
 20
6.381827667660414
 30
0.0
 10
9.882394449684512
 20
6.389607237854098
 30
0.0
 10
9.871442813534868
 20
6.397411079836917
 30
0.0
 10
9.860377525747266
 20
6.407380382980703
 30
0.0
  0
SPLINE
  5
344
330
1F
100
AcDbEntity
  8
0
  6
Continuous
 62
     7
370
     0
100
AcDbSpline
210
0.0
220
0.0
230
1.0
 70
     8
 71
     3
 72
     8
 73
     4
 74
     0
 42
0.000000001
 43
0.00000001
 40
23.0
 40
23.0
 40
23.0
 40
23.0
 40
24.0
 40
24.0
 40
24.0
 40
24.0
 10
9.860377525747266
 20
6.407380382980703
 30
0.0
 10
9.849423151003933
 20
6.417284866780192
 30
0.0
 10
9.837933381195025
 20
6.429600650859244
 30
0.0
 10
9.837933381195025
 20
6.445782789347487
 30
0.0
  0
SPLINE
  5
345
330
1F
100
AcDbEntity
  8
0
  6
Continuous
 62
     7
370
     0
100
AcDbSpline
210
0.0
220
0.0
230
1.0
 70
     8
 71
     3
 72
    10
 73
     6
 74
     0
 42
0.000000001
 43
0.00000001
 40
0.0
 40
0.0
 40
0.0
 40
0.0
 40
0.410848572839786
 40
0.784871088593317
 40
1.0
 40
1.0
 40
1.0
 40
1.0
 10
9.837933381195027
 20
6.445782789347487
 30
0.0
 10
9.838092649589868
 20
6.447921154036689
 30
0.0
 10
9.838396910494495
 20
6.452006212942512
 30
0.0
 10
9.840062669641258
 20
6.456437783066495
 30
0.0
 10
9.842199439996339
 20
6.457326289302709
 30
0.0
 10
9.842979682662694
 20
6.457650727758703
 30
0.0
  0
SPLINE
  5
346
330
1F
100
AcDbEntity
  8
0
  6
Continuous
 62
     7
370
     0
100
AcDbSpline
210
0.0
220
0.0
230
1.0
 70
     8
 71
     3
 72
    10
 73
     6
 74
     0
 42
0.000000001
 43
0.00000001
 40
0.0
 40
0.0
 40
0.0
 40
0.0
 40
0.1515112785599143
 40
0.5724871785627674
 40
1.0
 40
1.0
 40
1.0
 40
1.0
 10
9.845366966050527
 20
6.458964055478485
 30
0.0
 10
9.846262011782553
 20
6.45955513456629
 30
0.0
 10
9.849643952788409
 20
6.461788533970619
 30
0.0
 10
9.858322694184281
 20
6.459831206589635
 30
0.0
 10
9.865544667397367
 20
6.456314421360877
 30
0.0
 10
9.869183473744057
 20
6.454542481749253
 30
0.0
  0
SPLINE
  5
347
330
1F
100
AcDbEntity
  8
0
  6
Continuous
 62
     7
370
     0
100
AcDbSpline
210
0.0
220
0.0
230
1.0
 70
     8
 71
     3
 72
     8
 73
     4
 74
     0
 42
0.000000001
 43
0.00000001
 40
25.0
 40
25.0
 40
25.0
 40
25.0
 40
26.0
 40
26.0
 40
26.0
 40
26.0
 10
9.869183473744057
 20
6.454542481749255
 30
0.0
 10
9.884434701980455
 20
6.445738135094169
 30
0.0
 10
9.899791366073758
 20
6.428352552917596
 30
0.0
 10
9.899900909821193
 20
6.408404764867481
 30
0.0
  0
LINE
  5
348
330
1F
100
AcDbEntity
  8
0
  6
Continuous
 62
     7
370
     0
100
AcDbLine
 10
9.8999009098
 20
6.4084047649
 30
0.0
 11
9.8799256075
 21
6.4199362615
 31
0.0
  0
SPLINE
  5
349
330
1F
100
AcDbEntity
  8
0
  6
Continuous
 62
     7
370
     0
100
AcDbSpline
210
0.0
220
0.0
230
1.0
 70
     8
 71
     3
 72
     8
 73
     4
 74
     0
 42
0.000000001
 43
0.00000001
 40
27.0
 40
27.0
 40
27.0
 40
27.0
 40
28.0
 40
28.0
 40
28.0
 40
28.0
 10
9.879925607476732
 20
6.419936261456132
 30
0.0
 10
9.880248761531663
 20
6.427775157476892
 30
0.0
 10
9.873695306841464
 20
6.434153157619266
 30
0.0
 10
9.867571811359944
 20
6.437688176315761
 30
0.0
  0
SPLINE
  5
34A
330
1F
100
AcDbEntity
  8
0
  6
Continuous
 62
     7
370
     0
100
AcDbSpline
210
0.0
220
0.0
230
1.0
 70
     8
 71
     3
 72
     8
 73
     4
 74
     0
 42
0.000000001
 43
0.00000001
 40
28.0
 40
28.0
 40
28.0
 40
28.0
 40
29.0
 40
29.0
 40
29.0
 40
29.0
 10
9.867571811359944
 20
6.437688176315761
 30
0.0
 10
9.863280435054246
 20
6.440165535124974
 30
0.0
 10
9.85791142213317
 20
6.44153594339839
 30
0.0
 10
9.85791142213317
 20
6.435732099415481
 30
0.0
  0
SPLINE
  5
34B
330
1F
100
AcDbEntity
  8
0
  6
Continuous
 62
     7
370
     0
100
AcDbSpline
210
0.0
220
0.0
230
1.0
 70
     8
 71
     3
 72
     8
 73
     4
 74
     0
 42
0.000000001
 43
0.00000001
 40
29.0
 40
29.0
 40
29.0
 40
29.0
 40
30.0
 40
30.0
 40
30.0
 40
30.0
 10
9.85791142213317
 20
6.435732099415481
 30
0.0
 10
9.85791142213317
 20
6.428937625203639
 30
0.0
 10
9.868967124842877
 20
6.421318794959827
 30
0.0
 10
9.880139217784228
 20
6.411287834513196
 30
0.0
  0
SPLINE
  5
34C
330
1F
100
AcDbEntity
  8
0
  6
Continuous
 62
     7
370
     0
100
AcDbSpline
210
0.0
220
0.0
230
1.0
 70
     8
 71
     3
 72
     8
 73
     4
 74
     0
 42
0.000000001
 43
0.00000001
 40
30.0
 40
30.0
 40
30.0
 40
30.0
 40
31.0
 40
31.0
 40
31.0
 40
31.0
 10
9.880139217784228
 20
6.411287834513196
 30
0.0
 10
9.89120313627499
 20
6.401320112454377
 30
0.0
 10
9.90236975202897
 20
6.388944211941522
 30
0.0
 10
9.90236975202897
 20
6.373012695785738
 30
0.0
  0
LINE
  5
34D
330
1F
100
AcDbEntity
  8
0
  6
Continuous
 62
     7
370
     0
100
AcDbLine
 10
9.8693248951
 20
6.4546241226
 30
0.0
 11
9.8691834737
 21
6.4545424817
 31
0.0
  0
LINE
  5
34E
330
1F
100
AcDbEntity
  8
0
  6
Continuous
 62
     7
370
     0
100
AcDbLine
 10
9.9000423312
 20
6.4084864057
 30
0.0
 11
9.8999009098
 21
6.4084047649
 31
0.0
  0
LINE
  5
34F
330
1F
100
AcDbEntity
  8
0
  6
Continuous
 62
     7
370
     0
100
AcDbLine
 10
9.8809493407
 20
6.4146563389
 30
0.0
 11
9.8808079194
 21
6.4145746981
 31
0.0
  0
LINE
  5
350
330
1F
100
AcDbEntity
  8
0
  6
Continuous
 62
     7
370
     0
100
AcDbLine
 10
9.8365406379
 20
6.4588503205
 30
0.0
 11
9.8363992165
 21
6.4587686797
 31
0.0
  0
LINE
  5
351
330
1F
100
AcDbEntity
  8
0
  6
Continuous
 62
     7
370
     0
100
AcDbLine
 10
9.8802806391
 20
6.4113694753
 30
0.0
 11
9.8801392178
 21
6.4112878345
 31
0.0
  0
LINE
  5
352
330
1F
100
AcDbEntity
  8
0
  6
Continuous
 62
     7
370
     0
100
AcDbLine
 10
9.9025111734
 20
6.3730943366
 30
0.0
 11
9.902369752
 21
6.3730126958
 31
0.0
  0
LINE
  5
353
330
1F
100
AcDbEntity
  8
0
  6
Continuous
 62
     7
370
     0
100
AcDbLine
 10
9.8580528435
 20
6.4358137402
 30
0.0
 11
9.8579114221
 21
6.4357320994
 31
0.0
  0
SPLINE
  5
354
330
1F
100
AcDbEntity
  8
0
  6
Continuous
 62
     7
370
     0
100
AcDbSpline
210
0.0
220
0.0
230
1.0
 70
     8
 71
     3
 72
     8
 73
     4
 74
     0
 42
0.000000001
 43
0.00000001
 40
3.0
 40
3.0
 40
3.0
 40
3.0
 40
4.0
 40
4.0
 40
4.0
 40
4.0
 10
9.875539749688873
 20
6.422801008696085
 30
0.0
 10
9.875719127575296
 20
6.421438810137049
 30
0.0
 10
9.875738297731097
 20
6.42064662399539
 30
0.0
 10
9.875741036324783
 20
6.419002162260201
 30
0.0
  0
SPLINE
  5
355
330
1F
100
AcDbEntity
  8
0
  6
Continuous
 62
     7
370
     0
100
AcDbSpline
210
0.0
220
0.0
230
1.0
 70
     8
 71
     3
 72
     8
 73
     4
 74
     0
 42
0.000000001
 43
0.00000001
 40
0.0
 40
0.0
 40
0.0
 40
0.0
 40
1.0
 40
1.0
 40
1.0
 40
1.0
 10
9.875741036324783
 20
6.419002162260201
 30
0.0
 10
9.86510023055848
 20
6.428236240978348
 30
0.0
 10
9.8622260764852
 20
6.430432276775125
 30
0.0
 10
9.8622260764852
 20
6.43304839443477
 30
0.0
  0
SPLINE
  5
356
330
1F
100
AcDbEntity
  8
0
  6
Continuous
 62
     7
370
     0
100
AcDbSpline
210
0.0
220
0.0
230
1.0
 70
     8
 71
     3
 72
     8
 73
     4
 74
     0
 42
0.000000001
 43
0.00000001
 40
1.0
 40
1.0
 40
1.0
 40
1.0
 40
2.0
 40
2.0
 40
2.0
 40
2.0
 10
9.8622260764852
 20
6.43304839443477
 30
0.0
 10
9.8622260764852
 20
6.434212167536915
 30
0.0
 10
9.866866623485842
 20
6.432306450155094
 30
0.0
 10
9.869084884371366
 20
6.43095234897807
 30
0.0
  0
SPLINE
  5
357
330
1F
100
AcDbEntity
  8
0
  6
Continuous
 62
     7
370
     0
100
AcDbSpline
210
0.0
220
0.0
230
1.0
 70
     8
 71
     3
 72
     8
 73
     4
 74
     0
 42
0.000000001
 43
0.00000001
 40
2.0
 40
2.0
 40
2.0
 40
2.0
 40
3.0
 40
3.0
 40
3.0
 40
3.0
 10
9.869084884371366
 20
6.43095234897807
 30
0.0
 10
9.873661074420394
 20
6.428154030562653
 30
0.0
 10
9.875093358918082
 20
6.426249593353025
 30
0.0
 10
9.875539749688873
 20
6.422801008696085
 30
0.0
  0
LINE
  5
358
330
1F
100
AcDbEntity
  8
0
  6
Continuous
 62
     7
370
     0
100
AcDbLine
 10
9.8692263057
 20
6.4310339898
 30
0.0
 11
9.8690848844
 21
6.430952349
 31
0.0
  0
LINE
  5
359
330
1F
100
AcDbEntity
  8
0
  6
Continuous
 62
     7
370
     0
100
AcDbLine
 10
9.875681171
 20
6.4228826495
 30
0.0
 11
9.8755397497
 21
6.4228010087
 31
0.0
  0
LINE
  5
35A
330
1F
100
AcDbEntity
  8
0
  6
Continuous
 62
     7
370
     0
100
AcDbLine
 10
9.8758824577
 20
6.4190838031
 30
0.0
 11
9.8757410363
 21
6.4190021623
 31
0.0
  0
LINE
  5
35B
330
1F
100
AcDbEntity
  8
0
  6
Continuous
 62
     7
370
     0
100
AcDbLine
 10
9.8706371662
 20
6.3561457298
 30
0.0
 11
9.8704957448
 21
6.356064089
 31
0.0
  0
LINE
  5
35C
330
1F
100
AcDbEntity
  8
0
  6
Continuous
 62
     7
370
     0
100
AcDbLine
 10
9.8059743767
 20
6.4893447881
 30
0.0
 11
9.8058329553
 21
6.4892631472
 31
0.0
  0
LINE
  5
35D
330
1F
100
AcDbEntity
  8
0
  6
Continuous
 62
     7
370
     0
100
AcDbLine
 10
9.8336820983
 20
6.4512401437
 30
0.0
 11
9.8335406769
 21
6.4511585029
 31
0.0
  0
SPLINE
  5
35E
330
1F
100
AcDbEntity
  8
0
  6
Continuous
 62
     7
370
     0
100
AcDbSpline
210
0.0
220
0.0
230
1.0
 70
     8
 71
     3
 72
     8
 73
     4
 74
     0
 42
0.000000001
 43
0.00000001
 40
10.0
 40
10.0
 40
10.0
 40
10.0
 40
11.0
 40
11.0
 40
11.0
 40
11.0
 10
9.835735659762145
 20
6.440405666778111
 30
0.0
 10
9.835735659762145
 20
6.430048718654407
 30
0.0
 10
9.844177374798724
 20
6.41725354089032
 30
0.0
 10
9.854727806973392
 20
6.407814686549846
 30
0.0
  0
SPLINE
  5
35F
330
1F
100
AcDbEntity
  8
0
  6
Continuous
 62
     7
370
     0
100
AcDbSpline
210
0.0
220
0.0
230
1.0
 70
     8
 71
     3
 72
     8
 73
     4
 74
     0
 42
0.000000001
 43
0.00000001
 40
0.0
 40
0.0
 40
0.0
 40
0.0
 40
1.0
 40
1.0
 40
1.0
 40
1.0
 10
9.854727806973392
 20
6.407814686549846
 30
0.0
 10
9.855961543428858
 20
6.406708743504105
 30
0.0
 10
9.857221296524342
 20
6.40557355045069
 30
0.0
 10
9.85848378821351
 20
6.404427289160066
 30
0.0
  0
LINE
  5
360
330
1F
100
AcDbEntity
  8
0
  6
Continuous
 62
     7
370
     0
100
AcDbLine
 10
9.8584837882
 20
6.4044272892
 30
0.0
 11
9.8391630098
 21
6.4155809371
 31
0.0
  0
SPLINE
  5
361
330
1F
100
AcDbEntity
  8
0
  6
Continuous
 62
     7
370
     0
100
AcDbSpline
210
0.0
220
0.0
230
1.0
 70
     8
 71
     3
 72
     8
 73
     4
 74
     0
 42
0.000000001
 43
0.00000001
 40
8.0
 40
8.0
 40
8.0
 40
8.0
 40
9.0
 40
9.0
 40
9.0
 40
9.0
 10
9.839163009759964
 20
6.415580937149225
 30
0.0
 10
9.839163009759964
 20
6.42228211976728
 30
0.0
 10
9.834151383314891
 20
6.430963301979953
 30
0.0
 10
9.83098556901407
 20
6.435227537607178
 30
0.0
  0
SPLINE
  5
362
330
1F
100
AcDbEntity
  8
0
  6
Continuous
 62
     7
370
     0
100
AcDbSpline
210
0.0
220
0.0
230
1.0
 70
     8
 71
     3
 72
     8
 73
     4
 74
     0
 42
0.000000001
 43
0.00000001
 40
9.0
 40
9.0
 40
9.0
 40
9.0
 40
10.0
 40
10.0
 40
10.0
 40
10.0
 10
9.83098556901407
 20
6.435227537607178
 30
0.0
 10
9.832565737570794
 20
6.43644680145235
 30
0.0
 10
9.834941467593254
 20
6.437209169259325
 30
0.0
 10
9.835735659762145
 20
6.440405666778111
 30
0.0
  0
LINE
  5
363
330
1F
100
AcDbEntity
  8
0
  6
Continuous
 62
     7
370
     0
100
AcDbLine
 10
9.859148281
 20
6.4040314526
 30
0.0
 11
9.8590068596
 21
6.4039498118
 31
0.0
  0
LINE
  5
364
330
1F
100
AcDbEntity
  8
0
  6
Continuous
 62
     7
370
     0
100
AcDbLine
 10
9.8775146595
 20
6.3842972602
 30
0.0
 11
9.8773732382
 21
6.3842156194
 31
0.0
  0
SPLINE
  5
365
330
1F
100
AcDbEntity
  8
0
  6
Continuous
 62
     7
370
     0
100
AcDbSpline
210
0.0
220
0.0
230
1.0
 70
     8
 71
     3
 72
     8
 73
     4
 74
     0
 42
0.000000001
 43
0.00000001
 40
3.0
 40
3.0
 40
3.0
 40
3.0
 40
4.0
 40
4.0
 40
4.0
 40
4.0
 10
9.859006859607506
 20
6.403949811778375
 30
0.0
 10
9.868408451730966
 20
6.395390004319085
 30
0.0
 10
9.877866185024986
 20
6.386204832206639
 30
0.0
 10
9.877373238161539
 20
6.384215619426767
 30
0.0
  0
SPLINE
  5
366
330
1F
100
AcDbEntity
  8
0
  6
Continuous
 62
     7
370
     0
100
AcDbSpline
210
0.0
220
0.0
230
1.0
 70
     8
 71
     3
 72
     8
 73
     4
 74
     0
 42
0.000000001
 43
0.00000001
 40
5.0
 40
5.0
 40
5.0
 40
5.0
 40
6.0
 40
6.0
 40
6.0
 40
6.0
 10
9.86657359396146
 20
6.387165940974409
 30
0.0
 10
9.859102710386509
 20
6.393839541947473
 30
0.0
 10
9.859008228904347
 20
6.398648793802324
 30
0.0
 10
9.859006859607506
 20
6.403949811778375
 30
0.0
  0
SPLINE
  5
367
330
1F
100
AcDbEntity
  8
0
  6
Continuous
 62
     7
370
     0
100
AcDbSpline
210
0.0
220
0.0
230
1.0
 70
     8
 71
     3
 72
     8
 73
     4
 74
     0
 42
0.000000001
 43
0.00000001
 40
4.0
 40
4.0
 40
4.0
 40
4.0
 40
5.0
 40
5.0
 40
5.0
 40
5.0
 10
9.877373238161539
 20
6.384215619426767
 30
0.0
 10
9.876438008417827
 20
6.380424572415281
 30
0.0
 10
9.873700784028836
 20
6.380804597408678
 30
0.0
 10
9.86657359396146
 20
6.387165940974409
 30
0.0
  0
LINE
  5
368
330
1F
100
AcDbEntity
  8
0
  6
Continuous
 62
     7
370
     0
100
AcDbLine
 10
9.8702916187
 20
6.3799585234
 30
0.0
 11
9.8701501973
 21
6.3798768826
 31
0.0
  0
LINE
  5
369
330
1F
100
AcDbEntity
  8
0
  6
Continuous
 62
     7
370
     0
100
AcDbLine
 10
9.8358770811
 20
6.4404873076
 30
0.0
 11
9.8357356598
 21
6.4404056668
 31
0.0
  0
LINE
  5
36A
330
1F
100
AcDbEntity
  8
0
  6
Continuous
 62
     7
370
     0
100
AcDbLine
 10
9.8548692283
 20
6.4078963274
 30
0.0
 11
9.854727807
 21
6.4078146865
 31
0.0
  0
LINE
  5
36B
330
1F
100
AcDbEntity
  8
0
  6
Continuous
 62
     7
370
     0
100
AcDbLine
 10
9.8557962423
 20
6.4020372279
 30
0.0
 11
9.8556548209
 21
6.4019555871
 31
0.0
  0
LINE
  5
36C
330
1F
100
AcDbEntity
  8
0
  6
Continuous
 62
     7
370
     0
100
AcDbLine
 10
9.8586252096
 20
6.40450893
 30
0.0
 11
9.8584837882
 21
6.4044272892
 31
0.0
  0
LINE
  5
36D
330
1F
100
AcDbEntity
  8
0
  6
Continuous
 62
     7
370
     0
100
AcDbLine
 10
9.7701070152
 20
6.5100505751
 30
0.0
 11
9.7699655938
 21
6.5099689343
 31
0.0
  0
LINE
  5
36E
330
1F
100
AcDbEntity
  8
0
  6
Continuous
 62
     7
370
     0
100
AcDbLine
 10
9.8367013978
 20
6.413060447
 30
0.0
 11
9.8365599765
 21
6.4129788062
 31
0.0
  0
LINE
  5
36F
330
1F
100
AcDbEntity
  8
0
  6
Continuous
 62
     7
370
     0
100
AcDbLine
 10
9.8364006372
 20
6.3941762351
 30
0.0
 11
9.8362592159
 21
6.3940945943
 31
0.0
  0
LINE
  5
370
330
1F
100
AcDbEntity
  8
0
  6
Continuous
 62
     7
370
     0
100
AcDbLine
 10
9.8060907669
 20
6.4511822123
 30
0.0
 11
9.7883118167
 21
6.4614457818
 31
0.0
  0
LINE
  5
371
330
1F
100
AcDbEntity
  8
0
  6
Continuous
 62
     7
370
     0
100
AcDbLine
 10
9.7883118167
 20
6.4614457818
 30
0.0
 11
9.7883118167
 21
6.4827000364
 31
0.0
  0
SPLINE
  5
372
330
1F
100
AcDbEntity
  8
0
  6
Continuous
 62
     7
370
     0
100
AcDbSpline
210
0.0
220
0.0
230
1.0
 70
     8
 71
     3
 72
    10
 73
     6
 74
     0
 42
0.000000001
 43
0.00000001
 40
0.0
 40
0.0
 40
0.0
 40
0.0
 40
0.3132635518002077
 40
0.6688617701579359
 40
1.0
 40
1.0
 40
1.0
 40
1.0
 10
9.813552312659636
 20
6.450646724103861
 30
0.0
 10
9.812928002120332
 20
6.450289765266211
 30
0.0
 10
9.811595011256738
 20
6.449527607911318
 30
0.0
 10
9.808930527899847
 20
6.449802519972853
 30
0.0
 10
9.807014606982795
 20
6.450733366380557
 30
0.0
 10
9.80609076689443
 20
6.451182212269704
 30
0.0
  0
LINE
  5
373
330
1F
100
AcDbEntity
  8
0
  6
Continuous
 62
     7
370
     0
100
AcDbLine
 10
9.8046146649
 20
6.4687533083
 30
0.0
 11
9.7922033583
 21
6.4759182031
 31
0.0
  0
SPLINE
  5
374
330
1F
100
AcDbEntity
  8
0
  6
Continuous
 62
     7
370
     0
100
AcDbSpline
210
0.0
220
0.0
230
1.0
 70
     8
 71
     3
 72
    10
 73
     6
 74
     0
 42
0.000000001
 43
0.00000001
 40
0.0
 40
0.0
 40
0.0
 40
0.0
 40
0.0558425046123348
 40
0.4985956155521524
 40
0.9999999999999999
 40
0.9999999999999999
 40
0.9999999999999999
 40
0.9999999999999999
 10
9.810184195292202
 20
6.455867304504909
 30
0.0
 10
9.810225980738984
 20
6.455892160314425
 30
0.0
 10
9.810599066450395
 20
6.456114087997149
 30
0.0
 10
9.811030342699944
 20
6.457055248806648
 30
0.0
 10
9.811117647565714
 20
6.458159825985759
 30
0.0
 10
9.811164011697434
 20
6.458746422865277
 30
0.0
  0
SPLINE
  5
375
330
1F
100
AcDbEntity
  8
0
  6
Continuous
 62
     7
370
     0
100
AcDbSpline
210
0.0
220
0.0
230
1.0
 70
     8
 71
     3
 72
     8
 73
     4
 74
     0
 42
0.000000001
 43
0.00000001
 40
3.0
 40
3.0
 40
3.0
 40
3.0
 40
4.0
 40
4.0
 40
4.0
 40
4.0
 10
9.811164011697434
 20
6.458746422865277
 30
0.0
 10
9.811164011697434
 20
6.46343709257657
 30
0.0
 10
9.807976288647124
 20
6.46681268418688
 30
0.0
 10
9.804614664897766
 20
6.46875330827004
 30
0.0
  0
LINE
  5
376
330
1F
100
AcDbEntity
  8
0
  6
Continuous
 62
     7
370
     0
100
AcDbLine
 10
9.792061937
 20
6.4634746355
 30
0.0
 11
9.8044732435
 21
6.4563097407
 31
0.0
  0
LINE
  5
377
330
1F
100
AcDbEntity
  8
0
  6
Continuous
 62
     7
370
     0
100
AcDbLine
 10
9.792061937
 20
6.4758365622
 30
0.0
 11
9.792061937
 21
6.4634746355
 31
0.0
  0
LINE
  5
378
330
1F
100
AcDbEntity
  8
0
  6
Continuous
 62
     7
370
     0
100
AcDbLine
 10
9.8044732435
 20
6.4686716675
 30
0.0
 11
9.792061937
 21
6.4758365622
 31
0.0
  0
SPLINE
  5
379
330
1F
100
AcDbEntity
  8
0
  6
Continuous
 62
     7
370
     0
100
AcDbSpline
210
0.0
220
0.0
230
1.0
 70
     8
 71
     3
 72
     8
 73
     4
 74
     0
 42
0.000000001
 43
0.00000001
 40
3.0
 40
3.0
 40
3.0
 40
3.0
 40
4.0
 40
4.0
 40
4.0
 40
4.0
 10
9.811022590341196
 20
6.458664782054094
 30
0.0
 10
9.811022590341196
 20
6.463355451765388
 30
0.0
 10
9.807834867290888
 20
6.466731043375698
 30
0.0
 10
9.80447324354153
 20
6.468671667458858
 30
0.0
  0
SPLINE
  5
37A
330
1F
100
AcDbEntity
  8
0
  6
Continuous
 62
     7
370
     0
100
AcDbSpline
210
0.0
220
0.0
230
1.0
 70
     8
 71
     3
 72
     8
 73
     4
 74
     0
 42
0.000000001
 43
0.00000001
 40
2.0
 40
2.0
 40
2.0
 40
2.0
 40
3.0
 40
3.0
 40
3.0
 40
3.0
 10
9.80447324354153
 20
6.456309740675479
 30
0.0
 10
9.807233745976848
 20
6.454716136540388
 30
0.0
 10
9.811022590341196
 20
6.45406424150968
 30
0.0
 10
9.811022590341196
 20
6.458664782054094
 30
0.0
  0
LINE
  5
37B
330
1F
100
AcDbEntity
  8
0
  6
Continuous
 62
     7
370
     0
100
AcDbLine
 10
9.8046146649
 20
6.4687533083
 30
0.0
 11
9.8044732435
 21
6.4686716675
 31
0.0
  0
LINE
  5
37C
330
1F
100
AcDbEntity
  8
0
  6
Continuous
 62
     7
370
     0
100
AcDbLine
 10
9.8111640117
 20
6.4587464229
 30
0.0
 11
9.8110225903
 21
6.4586647821
 31
0.0
  0
LINE
  5
37D
330
1F
100
AcDbEntity
  8
0
  6
Continuous
 62
     7
370
     0
100
AcDbLine
 10
9.8060907669
 20
6.4511822123
 30
0.0
 11
9.8059493455
 21
6.4511005715
 31
0.0
  0
LINE
  5
37E
330
1F
100
AcDbEntity
  8
0
  6
Continuous
 62
     7
370
     0
100
AcDbLine
 10
9.7922033583
 20
6.4759182031
 30
0.0
 11
9.792061937
 21
6.4758365622
 31
0.0
  0
LINE
  5
37F
330
1F
100
AcDbEntity
  8
0
  6
Continuous
 62
     7
370
     0
100
AcDbLine
 10
9.8080598158
 20
6.4151204524
 30
0.0
 11
9.7883118167
 21
6.4265207296
 31
0.0
  0
LINE
  5
380
330
1F
100
AcDbEntity
  8
0
  6
Continuous
 62
     7
370
     0
100
AcDbLine
 10
9.7883118167
 20
6.45104019
 30
0.0
 11
9.7883118167
 21
6.4265207296
 31
0.0
  0
SPLINE
  5
381
330
1F
100
AcDbEntity
  8
0
  6
Continuous
 62
     7
370
     0
100
AcDbSpline
210
0.0
220
0.0
230
1.0
 70
     8
 71
     3
 72
    11
 73
     7
 74
     0
 42
0.000000001
 43
0.00000001
 40
0.0
 40
0.0
 40
0.0
 40
0.0
 40
0.0625521723553067
 40
0.3602800996351064
 40
0.6923742252106168
 40
1.0
 40
1.0
 40
1.0
 40
1.0
 10
9.81665267383854
 20
6.415162992299586
 30
0.0
 10
9.816559629880631
 20
6.414999681039714
 30
0.0
 10
9.816023727046813
 20
6.414059061477474
 30
0.0
 10
9.814096253949689
 20
6.413484886194427
 30
0.0
 10
9.811244520350701
 20
6.413563269272141
 30
0.0
 10
9.80909396542616
 20
6.414614797829317
 30
0.0
 10
9.808059815754541
 20
6.415120452393025
 30
0.0
  0
LINE
  5
382
330
1F
100
AcDbEntity
  8
0
  6
Continuous
 62
     7
370
     0
100
AcDbLine
 10
9.8069287766
 20
6.4358595419
 30
0.0
 11
9.7921006611
 21
6.4444196308
 31
0.0
  0
SPLINE
  5
383
330
1F
100
AcDbEntity
  8
0
  6
Continuous
 62
     7
370
     0
100
AcDbSpline
210
0.0
220
0.0
230
1.0
 70
     8
 71
     3
 72
    10
 73
     6
 74
     0
 42
0.000000001
 43
0.00000001
 40
0.0
 40
0.0
 40
0.0
 40
0.0
 40
0.1126647469071655
 40
0.5260706023251802
 40
1.0
 40
1.0
 40
1.0
 40
1.0
 10
9.813406060838869
 20
6.419464374999476
 30
0.0
 10
9.813517853446767
 20
6.419537228452435
 30
0.0
 10
9.814039851730936
 20
6.419877406377922
 30
0.0
 10
9.8146004720606
 20
6.421165662891678
 30
0.0
 10
9.814700749453024
 20
6.422584691117342
 30
0.0
 10
9.814754308019559
 20
6.42334259991216
 30
0.0
  0
SPLINE
  5
384
330
1F
100
AcDbEntity
  8
0
  6
Continuous
 62
     7
370
     0
100
AcDbSpline
210
0.0
220
0.0
230
1.0
 70
     8
 71
     3
 72
     8
 73
     4
 74
     0
 42
0.000000001
 43
0.00000001
 40
3.0
 40
3.0
 40
3.0
 40
3.0
 40
4.0
 40
4.0
 40
4.0
 40
4.0
 10
9.814754308019559
 20
6.42334259991216
 30
0.0
 10
9.814754308019559
 20
6.429368604385357
 30
0.0
 10
9.810947662796252
 20
6.433539488287633
 30
0.0
 10
9.806928776562295
 20
6.435859541926767
 30
0.0
  0
LINE
  5
385
330
1F
100
AcDbEntity
  8
0
  6
Continuous
 62
     7
370
     0
100
AcDbLine
 10
9.7883118167
 20
6.4614457818
 30
0.0
 11
9.7881703953
 21
6.4613641409
 31
0.0
  0
LINE
  5
386
330
1F
100
AcDbEntity
  8
0
  6
Continuous
 62
     7
370
     0
100
AcDbLine
 10
9.7661413826
 20
6.4561656969
 30
0.0
 11
9.7659999612
 21
6.4560840561
 31
0.0
  0
LINE
  5
387
330
1F
100
AcDbEntity
  8
0
  6
Continuous
 62
     7
370
     0
100
AcDbLine
 10
9.7430606639
 20
6.5256641013
 30
0.0
 11
9.7429192426
 21
6.5255824605
 31
0.0
  0
LINE
  5
388
330
1F
100
AcDbEntity
  8
0
  6
Continuous
 62
     7
370
     0
100
AcDbLine
 10
9.811342505
 20
6.393116052
 30
0.0
 11
9.8112010836
 21
6.3930344112
 31
0.0
  0
LINE
  5
389
330
1F
100
AcDbEntity
  8
0
  6
Continuous
 62
     7
370
     0
100
AcDbLine
 10
9.7919592397
 20
6.4284562821
 30
0.0
 11
9.8067873552
 21
6.4198961932
 31
0.0
  0
LINE
  5
38A
330
1F
100
AcDbEntity
  8
0
  6
Continuous
 62
     7
370
     0
100
AcDbLine
 10
9.7919592397
 20
6.44433799
 30
0.0
 11
9.7919592397
 21
6.4284562821
 31
0.0
  0
LINE
  5
38B
330
1F
100
AcDbEntity
  8
0
  6
Continuous
 62
     7
370
     0
100
AcDbLine
 10
9.8067873552
 20
6.4357779011
 30
0.0
 11
9.7919592397
 21
6.44433799
 31
0.0
  0
SPLINE
  5
38C
330
1F
100
AcDbEntity
  8
0
  6
Continuous
 62
     7
370
     0
100
AcDbSpline
210
0.0
220
0.0
230
1.0
 70
     8
 71
     3
 72
     8
 73
     4
 74
     0
 42
0.000000001
 43
0.00000001
 40
3.0
 40
3.0
 40
3.0
 40
3.0
 40
4.0
 40
4.0
 40
4.0
 40
4.0
 10
9.814612886663323
 20
6.423260959100978
 30
0.0
 10
9.814612886663323
 20
6.429286963574175
 30
0.0
 10
9.810806241440016
 20
6.433457847476451
 30
0.0
 10
9.806787355206056
 20
6.435777901115586
 30
0.0
  0
SPLINE
  5
38D
330
1F
100
AcDbEntity
  8
0
  6
Continuous
 62
     7
370
     0
100
AcDbSpline
210
0.0
220
0.0
230
1.0
 70
     8
 71
     3
 72
     8
 73
     4
 74
     0
 42
0.000000001
 43
0.00000001
 40
2.0
 40
2.0
 40
2.0
 40
2.0
 40
3.0
 40
3.0
 40
3.0
 40
3.0
 10
9.806787355206056
 20
6.419896193183602
 30
0.0
 10
9.81008599130064
 20
6.417991931099556
 30
0.0
 10
9.814612886663323
 20
6.417348801996469
 30
0.0
 10
9.814612886663323
 20
6.423260959100978
 30
0.0
  0
LINE
  5
38E
330
1F
100
AcDbEntity
  8
0
  6
Continuous
 62
     7
370
     0
100
AcDbLine
 10
9.8069287766
 20
6.4358595419
 30
0.0
 11
9.8067873552
 21
6.4357779011
 31
0.0
  0
LINE
  5
38F
330
1F
100
AcDbEntity
  8
0
  6
Continuous
 62
     7
370
     0
100
AcDbLine
 10
9.814754308
 20
6.4233425999
 30
0.0
 11
9.8146128867
 21
6.4232609591
 31
0.0
  0
LINE
  5
390
330
1F
100
AcDbEntity
  8
0
  6
Continuous
 62
     7
370
     0
100
AcDbLine
 10
9.8080598158
 20
6.4151204524
 30
0.0
 11
9.8079183944
 21
6.4150388116
 31
0.0
  0
LINE
  5
391
330
1F
100
AcDbEntity
  8
0
  6
Continuous
 62
     7
370
     0
100
AcDbLine
 10
9.7921006611
 20
6.4444196308
 30
0.0
 11
9.7919592397
 21
6.44433799
 31
0.0
  0
LINE
  5
392
330
1F
100
AcDbEntity
  8
0
  6
Continuous
 62
     7
370
     0
100
AcDbLine
 10
9.7883118167
 20
6.4265207296
 30
0.0
 11
9.7881703953
 21
6.4264390888
 31
0.0
  0
LINE
  5
393
330
1F
100
AcDbEntity
  8
0
  6
Continuous
 62
     7
370
     0
100
AcDbLine
 10
9.7227635768
 20
6.5373813603
 30
0.0
 11
9.7226221555
 21
6.5372997195
 31
0.0
  0
LINE
  5
394
330
1F
100
AcDbEntity
  8
0
  6
Continuous
 62
     7
370
     0
100
AcDbLine
 10
9.7479791782
 20
6.429694922
 30
0.0
 11
9.7478377568
 21
6.4296132812
 31
0.0
  0
LINE
  5
395
330
1F
100
AcDbEntity
  8
0
  6
Continuous
 62
     7
370
     0
100
AcDbLine
 10
9.6975296623
 20
6.486989899
 30
0.0
 11
9.6973882409
 21
6.4869082582
 31
0.0
  0
LINE
  5
396
330
1F
100
AcDbEntity
  8
0
  6
Continuous
 62
     7
370
     0
100
AcDbLine
 10
9.7314589627
 20
6.5088999497
 30
0.0
 11
9.7214901308
 21
6.4794266053
 31
0.0
  0
LINE
  5
397
330
1F
100
AcDbEntity
  8
0
  6
Continuous
 62
     7
370
     0
100
AcDbLine
 10
9.7441206326
 20
6.4663622947
 30
0.0
 11
9.7214901308
 21
6.4794266053
 31
0.0
  0
LINE
  5
398
330
1F
100
AcDbEntity
  8
0
  6
Continuous
 62
     7
370
     0
100
AcDbLine
 10
9.7386474202
 20
6.4742402539
 30
0.0
 11
9.7328566638
 21
6.4989343117
 31
0.0
  0
LINE
  5
399
330
1F
100
AcDbEntity
  8
0
  6
Continuous
 62
     7
370
     0
100
AcDbLine
 10
9.7214901308
 20
6.4794266053
 30
0.0
 11
9.7213487094
 21
6.4793449645
 31
0.0
  0
LINE
  5
39A
330
1F
100
AcDbEntity
  8
0
  6
Continuous
 62
     7
370
     0
100
AcDbLine
 10
9.7267259381
 20
6.4809590974
 30
0.0
 11
9.7385059988
 21
6.4741586131
 31
0.0
  0
LINE
  5
39B
330
1F
100
AcDbEntity
  8
0
  6
Continuous
 62
     7
370
     0
100
AcDbLine
 10
9.7327152425
 20
6.4988526708
 30
0.0
 11
9.7267259381
 21
6.4809590974
 31
0.0
  0
LINE
  5
39C
330
1F
100
AcDbEntity
  8
0
  6
Continuous
 62
     7
370
     0
100
AcDbLine
 10
9.7385059988
 20
6.4741586131
 30
0.0
 11
9.7327152425
 21
6.4988526708
 31
0.0
  0
LINE
  5
39D
330
1F
100
AcDbEntity
  8
0
  6
Continuous
 62
     7
370
     0
100
AcDbLine
 10
9.7328566638
 20
6.4989343117
 30
0.0
 11
9.7327152425
 21
6.4988526708
 31
0.0
  0
LINE
  5
39E
330
1F
100
AcDbEntity
  8
0
  6
Continuous
 62
     7
370
     0
100
AcDbLine
 10
9.7386474202
 20
6.4742402539
 30
0.0
 11
9.7385059988
 21
6.4741586131
 31
0.0
  0
LINE
  5
39F
330
1F
100
AcDbEntity
  8
0
  6
Continuous
 62
     7
370
     0
100
AcDbLine
 10
9.7431373445
 20
6.4469328567
 30
0.0
 11
9.7429959232
 21
6.4468512159
 31
0.0
  0
LINE
  5
3A0
330
1F
100
AcDbEntity
  8
0
  6
Continuous
 62
     7
370
     0
100
AcDbLine
 10
9.7225636595
 20
6.4588097923
 30
0.0
 11
9.7224222381
 21
6.4587281515
 31
0.0
  0
LINE
  5
3A1
330
1F
100
AcDbEntity
  8
0
  6
Continuous
 62
     7
370
     0
100
AcDbLine
 10
9.6637181277
 20
6.5714675726
 30
0.0
 11
9.6635767063
 21
6.5713859318
 31
0.0
  0
LINE
  5
3A2
330
1F
100
AcDbEntity
  8
0
  6
Continuous
 62
     7
370
     0
100
AcDbLine
 10
9.6637181277
 20
6.5030405604
 30
0.0
 11
9.6635767063
 21
6.5029589195
 31
0.0
  0
LINE
  5
3A3
330
1F
100
AcDbEntity
  8
0
  6
Continuous
 62
     7
370
     0
100
AcDbLine
 10
9.6437400867
 20
6.5830006501
 30
0.0
 11
9.6435986654
 21
6.5829190093
 31
0.0
  0
SPLINE
  5
3A4
330
1F
100
AcDbEntity
  8
0
  6
Continuous
 62
     7
370
     0
100
AcDbSpline
210
0.0
220
0.0
230
1.0
 70
     8
 71
     3
 72
    15
 73
    11
 74
     0
 42
0.000000001
 43
0.00000001
 40
0.0
 40
0.0
 40
0.0
 40
0.0
 40
0.1149281894735065
 40
0.2293581704428508
 40
0.3459192613417068
 40
0.4654998677269279
 40
0.5890786490471936
 40
0.7183639688198697
 40
0.8552196250883529
 40
0.9999999999999999
 40
0.9999999999999999
 40
0.9999999999999999
 40
0.9999999999999999
 10
9.800356469557181
 20
6.226931608899921
 30
0.0
 10
9.799660394138053
 20
6.226583443562823
 30
0.0
 10
9.798271260755259
 20
6.225888622169616
 30
0.0
 10
9.795916891105032
 20
6.225351196572498
 30
0.0
 10
9.793392856220374
 20
6.225148907371462
 30
0.0
 10
9.790659749298504
 20
6.225348870114428
 30
0.0
 10
9.787720929913728
 20
6.225953186311391
 30
0.0
 10
9.784560497372244
 20
6.227011115975003
 30
0.0
 10
9.78117908431551
 20
6.228491993641386
 30
0.0
 10
9.778847969152917
 20
6.229783177047942
 30
0.0
 10
9.777649614930313
 20
6.230446934511424
 30
0.0
  0
SPLINE
  5
3A5
330
1F
100
AcDbEntity
  8
0
  6
Continuous
 62
     7
370
     0
100
AcDbSpline
210
0.0
220
0.0
230
1.0
 70
     8
 71
     3
 72
    15
 73
    11
 74
     0
 42
0.000000001
 43
0.00000001
 40
0.0
 40
0.0
 40
0.0
 40
0.0
 40
0.1376995973635105
 40
0.2738121507321454
 40
0.4079783403477114
 40
0.5407024059276914
 40
0.6686583401886337
 40
0.7870670500596364
 40
0.89795740129816
 40
1.0
 40
1.0
 40
1.0
 40
1.0
 10
9.777649614930313
 20
6.230446934511424
 30
0.0
 10
9.776513294723145
 20
6.231117704310157
 30
0.0
 10
9.774253750862433
 20
6.232451513012244
 30
0.0
 10
9.770899377691824
 20
6.234741306003232
 30
0.0
 10
9.767602688184395
 20
6.237152994743259
 30
0.0
 10
9.76440754242149
 20
6.239739915752267
 30
0.0
 10
9.76137144713589
 20
6.242365791282464
 30
0.0
 10
9.758555268983338
 20
6.24499648935861
 30
0.0
 10
9.75596865606497
 20
6.247520031923203
 30
0.0
 10
9.754367476369879
 20
6.249281062678177
 30
0.0
 10
9.753600152491064
 20
6.25012499103535
 30
0.0
  0
LINE
  5
3A6
330
1F
100
AcDbEntity
  8
0
  6
Continuous
 62
     7
370
     0
100
AcDbLine
 10
9.7536001525
 20
6.250124991
 30
0.0
 11
9.7536001525
 21
6.2640121546
 31
0.0
  0
SPLINE
  5
3A7
330
1F
100
AcDbEntity
  8
0
  6
Continuous
 62
     7
370
     0
100
AcDbSpline
210
0.0
220
0.0
230
1.0
 70
     8
 71
     3
 72
    15
 73
    11
 74
     0
 42
0.000000001
 43
0.00000001
 40
0.0
 40
0.0
 40
0.0
 40
0.0
 40
0.1143181762358425
 40
0.2293559284678894
 40
0.3446961538044089
 40
0.4636009172681052
 40
0.5874065965996761
 40
0.7170770247335669
 40
0.855051462262238
 40
1.0
 40
1.0
 40
1.0
 40
1.0
 10
9.79157917098375
 20
6.239556806001434
 30
0.0
 10
9.791976413169463
 20
6.239814144429115
 30
0.0
 10
9.792773397982648
 20
6.240330441101741
 30
0.0
 10
9.793767144779412
 20
6.241419376375466
 30
0.0
 10
9.794639452276979
 20
6.242693850617067
 30
0.0
 10
9.795341295827512
 20
6.244222066478627
 30
0.0
 10
9.795900025876959
 20
6.245981289209285
 30
0.0
 10
9.796277029064528
 20
6.248012309488193
 30
0.0
 10
9.7965148153194
 20
6.25027312337007
 30
0.0
 10
9.796547075028803
 20
6.251907817436054
 30
0.0
 10
9.79656360248721
 20
6.252745312214589
 30
0.0
  0
SPLINE
  5
3A8
330
1F
100
AcDbEntity
  8
0
  6
Continuous
 62
     7
370
     0
100
AcDbSpline
210
0.0
220
0.0
230
1.0
 70
     8
 71
     3
 72
    15
 73
    11
 74
     0
 42
0.000000001
 43
0.00000001
 40
0.0
 40
0.0
 40
0.0
 40
0.0
 40
0.1505488395741667
 40
0.2903783435821607
 40
0.4205058450135141
 40
0.5432020229568324
 40
0.6604043168689898
 40
0.7747975120726754
 40
0.8870065209126347
 40
1.0
 40
1.0
 40
1.0
 40
1.0
 10
9.79656360248721
 20
6.252745312214589
 30
0.0
 10
9.796541735333282
 20
6.253578988723413
 30
0.0
 10
9.796499558004289
 20
6.255186982543889
 30
0.0
 10
9.796249412663723
 20
6.257614433738773
 30
0.0
 10
9.795748803239196
 20
6.259971733112069
 30
0.0
 10
9.795102246389334
 20
6.262226593984614
 30
0.0
 10
9.794260296796493
 20
6.26438919094548
 30
0.0
 10
9.793311109363588
 20
6.26646331346925
 30
0.0
 10
9.79219203033648
 20
6.268450295805373
 30
0.0
 10
9.791336914400691
 20
6.269677542273595
 30
0.0
 10
9.79090786707756
 20
6.27029330300261
 30
0.0
  0
SPLINE
  5
3A9
330
1F
100
AcDbEntity
  8
0
  6
Continuous
 62
     7
370
     0
100
AcDbSpline
210
0.0
220
0.0
230
1.0
 70
     8
 71
     3
 72
    15
 73
    11
 74
     0
 42
0.000000001
 43
0.00000001
 40
0.0
 40
0.0
 40
0.0
 40
0.0
 40
0.1069499386345071
 40
0.217439932948412
 40
0.3320869632292311
 40
0.453107175329207
 40
0.5800630846739271
 40
0.7138169785808671
 40
0.853670996320108
 40
1.0
 40
1.0
 40
1.0
 40
1.0
 10
9.79090786707756
 20
6.27029330300261
 30
0.0
 10
9.790401560236479
 20
6.270995534610626
 30
0.0
 10
9.789372187737703
 20
6.272423241776342
 30
0.0
 10
9.787641751713263
 20
6.274394207726613
 30
0.0
 10
9.785765415236455
 20
6.276281851808116
 30
0.0
 10
9.783729697259348
 20
6.27804012403062
 30
0.0
 10
9.781557379282097
 20
6.27973022794157
 30
0.0
 10
9.779261430603595
 20
6.28138626527404
 30
0.0
 10
9.776841043792983
 20
6.282979332469197
 30
0.0
 10
9.775188440293624
 20
6.28395163356872
 30
0.0
 10
9.774343443192329
 20
6.284448783436188
 30
0.0
  0
SPLINE
  5
3AA
330
1F
100
AcDbEntity
  8
0
  6
Continuous
 62
     7
370
     0
100
AcDbSpline
210
0.0
220
0.0
230
1.0
 70
     8
 71
     3
 72
    13
 73
     9
 74
     0
 42
0.000000001
 43
0.00000001
 40
0.0
 40
0.0
 40
0.0
 40
0.0
 40
0.2763740851291944
 40
0.5438410492241014
 40
0.6706925999621663
 40
0.7891162865557776
 40
0.8993055339000608
 40
1.0
 40
1.0
 40
1.0
 40
1.0
 10
9.774343443192329
 20
6.284448783436188
 30
0.0
 10
9.772713839939493
 20
6.285350363242478
 30
0.0
 10
9.76950715309537
 20
6.287124466294081
 30
0.0
 10
9.765576731977822
 20
6.28884154638035
 30
0.0
 10
9.762594232647352
 20
6.290001552158838
 30
0.0
 10
9.760526944858727
 20
6.290799159878616
 30
0.0
 10
9.758622312104578
 20
6.291465396548005
 30
0.0
 10
9.75740409528803
 20
6.291883290280913
 30
0.0
 10
9.756822411240776
 20
6.292082829570288
 30
0.0
  0
LINE
  5
3AB
330
1F
100
AcDbEntity
  8
0
  6
Continuous
 62
     7
370
     0
100
AcDbLine
 10
9.7568224112
 20
6.2920828296
 30
0.0
 11
9.7568224112
 21
6.3427724694
 31
0.0
  0
LINE
  5
3AC
330
1F
100
AcDbEntity
  8
0
  6
Continuous
 62
     7
370
     0
100
AcDbLine
 10
9.8071630436
 20
6.3027118861
 30
0.0
 11
9.7675632737
 21
6.3255723467
 31
0.0
  0
LINE
  5
3AD
330
1F
100
AcDbEntity
  8
0
  6
Continuous
 62
     7
370
     0
100
AcDbLine
 10
9.7146011983
 20
6.4536640387
 30
0.0
 11
9.714459777
 21
6.4535823979
 31
0.0
  0
LINE
  5
3AE
330
1F
100
AcDbEntity
  8
0
  6
Continuous
 62
     7
370
     0
100
AcDbLine
 10
9.7675632737
 20
6.3255723467
 30
0.0
 11
9.7674218524
 21
6.3254907059
 31
0.0
  0
LINE
  5
3AF
330
1F
100
AcDbEntity
  8
0
  6
Continuous
 62
     7
370
     0
100
AcDbLine
 10
9.6392252091
 20
6.4970578833
 30
0.0
 11
9.6390837878
 21
6.4969762425
 31
0.0
  0
LINE
  5
3B0
330
1F
100
AcDbEntity
  8
0
  6
Continuous
 62
     7
370
     0
100
AcDbLine
 10
9.6186408755
 20
6.5043603348
 30
0.0
 11
9.6184994542
 21
6.504278694
 31
0.0
  0
LINE
  5
3B1
330
1F
100
AcDbEntity
  8
0
  6
Continuous
 62
     7
370
     0
100
AcDbLine
 10
9.6246069019
 20
6.5467550706
 30
0.0
 11
9.6244654805
 21
6.5466734298
 31
0.0
  0
LINE
  5
3B2
330
1F
100
AcDbEntity
  8
0
  6
Continuous
 62
     7
370
     0
100
AcDbLine
 10
9.7568224112
 20
6.2920828296
 30
0.0
 11
9.7566809899
 21
6.2920011888
 31
0.0
  0
LINE
  5
3B3
330
1F
100
AcDbEntity
  8
0
  6
Continuous
 62
     7
370
     0
100
AcDbLine
 10
9.6045624501
 20
6.5901246889
 30
0.0
 11
9.6044210287
 21
6.5900430481
 31
0.0
  0
LINE
  5
3B4
330
1F
100
AcDbEntity
  8
0
  6
Continuous
 62
     7
370
     0
100
AcDbLine
 10
9.6157769912
 20
6.573082632
 30
0.0
 11
9.6156355699
 21
6.5730009912
 31
0.0
  0
SPLINE
  5
3B5
330
1F
100
AcDbEntity
  8
0
  6
Continuous
 62
     7
370
     0
100
AcDbSpline
210
0.0
220
0.0
230
1.0
 70
     8
 71
     3
 72
     8
 73
     4
 74
     0
 42
0.000000001
 43
0.00000001
 40
2.0
 40
2.0
 40
2.0
 40
2.0
 40
3.0
 40
3.0
 40
3.0
 40
3.0
 10
9.615635569880236
 20
6.573000991184865
 30
0.0
 10
9.615635569880236
 20
6.580272991859814
 30
0.0
 10
9.61062736667727
 20
6.586460205473378
 30
0.0
 10
9.604421028736752
 20
6.590043048103489
 30
0.0
  0
LINE
  5
3B6
330
1F
100
AcDbEntity
  8
0
  6
Continuous
 62
     7
370
     0
100
AcDbLine
 10
9.5867612074
 20
6.5781451316
 30
0.0
 11
9.6053754286
 21
6.5673993704
 31
0.0
  0
LINE
  5
3B7
330
1F
100
AcDbEntity
  8
0
  6
Continuous
 62
     7
370
     0
100
AcDbLine
 10
9.5867612074
 20
6.600237846
 30
0.0
 11
9.5867612074
 21
6.5781451316
 31
0.0
  0
LINE
  5
3B8
330
1F
100
AcDbEntity
  8
0
  6
Continuous
 62
     7
370
     0
100
AcDbLine
 10
9.6044210287
 20
6.5900430481
 30
0.0
 11
9.5867612074
 21
6.600237846
 31
0.0
  0
SPLINE
  5
3B9
330
1F
100
AcDbEntity
  8
0
  6
Continuous
 62
     7
370
     0
100
AcDbSpline
210
0.0
220
0.0
230
1.0
 70
     8
 71
     3
 72
     8
 73
     4
 74
     0
 42
0.000000001
 43
0.00000001
 40
1.0
 40
1.0
 40
1.0
 40
1.0
 40
2.0
 40
2.0
 40
2.0
 40
2.0
 10
9.605375428636265
 20
6.567399370389787
 30
0.0
 10
9.612057597229695
 20
6.563541836570716
 30
0.0
 10
9.615635569880236
 20
6.565590634332691
 30
0.0
 10
9.615635569880236
 20
6.573000991184865
 30
0.0
  0
LINE
  5
3BA
330
1F
100
AcDbEntity
  8
0
  6
Continuous
 62
     7
370
     0
100
AcDbLine
 10
9.7909078671
 20
6.270293303
 30
0.0
 11
9.7907664457
 21
6.2702116622
 31
0.0
  0
LINE
  5
3BB
330
1F
100
AcDbEntity
  8
0
  6
Continuous
 62
     7
370
     0
100
AcDbLine
 10
9.7965636025
 20
6.2527453122
 30
0.0
 11
9.7964221811
 21
6.2526636714
 31
0.0
  0
LINE
  5
3BC
330
1F
100
AcDbEntity
  8
0
  6
Continuous
 62
     7
370
     0
100
AcDbLine
 10
9.7743434432
 20
6.2844487834
 30
0.0
 11
9.7742020218
 21
6.2843671426
 31
0.0
  0
LINE
  5
3BD
330
1F
100
AcDbEntity
  8
0
  6
Continuous
 62
     7
370
     0
100
AcDbLine
 10
9.5869026287
 20
6.6003194868
 30
0.0
 11
9.5867612074
 21
6.600237846
 31
0.0
  0
LINE
  5
3BE
330
1F
100
AcDbEntity
  8
0
  6
Continuous
 62
     7
370
     0
100
AcDbLine
 10
9.791579171
 20
6.239556806
 30
0.0
 11
9.7914377496
 21
6.2394751652
 31
0.0
  0
SPLINE
  5
3BF
330
1F
100
AcDbEntity
  8
0
  6
Continuous
 62
     7
370
     0
100
AcDbSpline
210
0.0
220
0.0
230
1.0
 70
     8
 71
     3
 72
    12
 73
     8
 74
     0
 42
0.000000001
 43
0.00000001
 40
0.75
 40
0.75
 40
0.75
 40
0.75
 40
0.7779011121402813
 40
0.8296305654851189
 40
0.883444780435331
 40
0.9399298216911764
 40
1.0
 40
1.0
 40
1.0
 40
1.0
 10
9.720465889216664
 20
6.267496573163633
 30
0.0
 10
9.719973911440329
 20
6.267454180444288
 30
0.0
 10
9.71854025115774
 20
6.267409252870813
 30
0.0
 10
9.71602329377203
 20
6.267671071607241
 30
0.0
 10
9.712827142004066
 20
6.268565518892026
 30
0.0
 10
9.709394836155568
 20
6.269950704205247
 30
0.0
 10
9.707024788499416
 20
6.271252171391649
 30
0.0
 10
9.705803314370353
 20
6.271922920983492
 30
0.0
  0
SPLINE
  5
3C0
330
1F
100
AcDbEntity
  8
0
  6
Continuous
 62
     7
370
     0
100
AcDbSpline
210
0.0
220
0.0
230
1.0
 70
     8
 71
     3
 72
    23
 73
    19
 74
     0
 42
0.000000001
 43
0.00000001
 40
0.0
 40
0.0
 40
0.0
 40
0.0
 40
0.0609726139191504
 40
0.1183879945613569
 40
0.1728742277214824
 40
0.224669521059274
 40
0.2754008809859201
 40
0.3256802771256844
 40
0.3765492057640272
 40
0.4289720610265038
 40
0.4841475253492294
 40
0.5428865512447374
 40
0.6061622082093618
 40
0.6740109616371237
 40
0.7471027693500146
 40
0.8256295092907746
 40
0.9098541721358144
 40
1.0
 40
1.0
 40
1.0
 40
1.0
 10
9.705803314370353
 20
6.271922920983492
 30
0.0
 10
9.704564917708264
 20
6.272670575186985
 30
0.0
 10
9.702160374293237
 20
6.274122264332118
 30
0.0
 10
9.698683506691761
 20
6.276748379832002
 30
0.0
 10
9.69546095078998
 20
6.279577173761703
 30
0.0
 10
9.692503153945456
 20
6.282681816141903
 30
0.0
 10
9.689790369642418
 20
6.286008101006436
 30
0.0
 10
9.687355927981526
 20
6.289617198377778
 30
0.0
 10
9.685166022530748
 20
6.293458546815777
 30
0.0
 10
9.68326338436577
 20
6.297566080993868
 30
0.0
 10
9.681603378971378
 20
6.301926988390879
 30
0.0
 10
9.680151850304533
 20
6.306572490306014
 30
0.0
 10
9.678961787696592
 20
6.311498603404014
 30
0.0
 10
9.677980178579283
 20
6.316718812680285
 30
0.0
 10
9.67719078994791
 20
6.322240669800123
 30
0.0
 10
9.676648899155799
 20
6.328049057307417
 30
0.0
 10
9.676336808130998
 20
6.33414852472497
 30
0.0
 10
9.676290093148474
 20
6.33826255571535
 30
0.0
 10
9.676265942498004
 20
6.340389422067437
 30
0.0
  0
SPLINE
  5
3C1
330
1F
100
AcDbEntity
  8
0
  6
Continuous
 62
     7
370
     0
100
AcDbSpline
210
0.0
220
0.0
230
1.0
 70
     8
 71
     3
 72
    11
 73
     7
 74
     0
 42
0.000000001
 43
0.00000001
 40
0.0
 40
0.0
 40
0.0
 40
0.0
 40
0.3988473088204271
 40
0.7966861288593301
 40
0.995757073726629
 40
1.0
 40
1.0
 40
1.0
 40
1.0
 10
9.676265942498004
 20
6.340389422067437
 30
0.0
 10
9.676385456627612
 20
6.346211955686448
 30
0.0
 10
9.676624182694342
 20
6.35784230059915
 30
0.0
 10
9.679977286097218
 20
6.369960445413384
 30
0.0
 10
9.68342639455193
 20
6.376289722298506
 30
0.0
 10
9.685416187389531
 20
6.377051233222786
 30
0.0
 10
9.685457712073813
 20
6.377067125078517
 30
0.0
  0
LINE
  5
3C2
330
1F
100
AcDbEntity
  8
0
  6
Continuous
 62
     7
370
     0
100
AcDbLine
 10
9.7174946995
 20
6.2827042704
 30
0.0
 11
9.7201188702
 21
6.2851898225
 31
0.0
  0
SPLINE
  5
3C3
330
1F
100
AcDbEntity
  8
0
  6
Continuous
 62
     7
370
     0
100
AcDbSpline
210
0.0
220
0.0
230
1.0
 70
     8
 71
     3
 72
    15
 73
    11
 74
     0
 42
0.000000001
 43
0.00000001
 40
0.0
 40
0.0
 40
0.0
 40
0.0
 40
0.098490029922016
 40
0.2018380275637323
 40
0.311694896942275
 40
0.4274599879961263
 40
0.5528053385861453
 40
0.6899099414542644
 40
0.8389457546750257
 40
0.9999999999999999
 40
0.9999999999999999
 40
0.9999999999999999
 40
0.9999999999999999
 10
9.72011887016985
 20
6.285189822462433
 30
0.0
 10
9.720433602721725
 20
6.28593972132122
 30
0.0
 10
9.721078591839209
 20
6.287476507396419
 30
0.0
 10
9.721828591582417
 20
6.290091128836467
 30
0.0
 10
9.72240619732716
 20
6.293031242320723
 30
0.0
 10
9.722838147666746
 20
6.296310363730847
 30
0.0
 10
9.723152088474952
 20
6.299951417758639
 30
0.0
 10
9.723360487278361
 20
6.304000783476753
 30
0.0
 10
9.723496327403053
 20
6.308458609404911
 30
0.0
 10
9.723515684055942
 20
6.311594491548786
 30
0.0
 10
9.723525737493762
 20
6.3132232026867
 30
0.0
  0
SPLINE
  5
3C4
330
1F
100
AcDbEntity
  8
0
  6
Continuous
 62
     7
370
     0
100
AcDbSpline
210
0.0
220
0.0
230
1.0
 70
     8
 71
     3
 72
    15
 73
    11
 74
     0
 42
0.000000001
 43
0.00000001
 40
0.0
 40
0.0
 40
0.0
 40
0.0
 40
0.1596511372780696
 40
0.3085655703298849
 40
0.4461933710066817
 40
0.5739690612704997
 40
0.692158356492828
 40
0.8020565012233003
 40
0.9040987413505422
 40
1.0
 40
1.0
 40
1.0
 40
1.0
 10
9.723525737493762
 20
6.3132232026867
 30
0.0
 10
9.723515584950691
 20
6.314850661012189
 30
0.0
 10
9.723495962633578
 20
6.317996129406303
 30
0.0
 10
9.72336014855329
 20
6.322604248424633
 30
0.0
 10
9.723150604913512
 20
6.32692720702512
 30
0.0
 10
9.722834769402853
 20
6.330988962255834
 30
0.0
 10
9.722419581396386
 20
6.334814167287273
 30
0.0
 10
9.721807100176308
 20
6.338447013164862
 30
0.0
 10
9.721079522270323
 20
6.341885625945575
 30
0.0
 10
9.72039847947098
 20
6.344131186241926
 30
0.0
 10
9.720068522376886
 20
6.345219133358778
 30
0.0
  0
SPLINE
  5
3C5
330
1F
100
AcDbEntity
  8
0
  6
Continuous
 62
     7
370
     0
100
AcDbSpline
210
0.0
220
0.0
230
1.0
 70
     8
 71
     3
 72
    15
 73
    11
 74
     0
 42
0.000000001
 43
0.00000001
 40
0.0
 40
0.0
 40
0.0
 40
0.0
 40
0.1302336202016364
 40
0.2533235947621246
 40
0.3705049145481281
 40
0.4852872396224107
 40
0.6008722347763186
 40
0.7234306548017282
 40
0.8556410648324589
 40
1.0
 40
1.0
 40
1.0
 40
1.0
 10
9.720068522376886
 20
6.345219133358778
 30
0.0
 10
9.71972088668435
 20
6.346224409640452
 30
0.0
 10
9.71904468400209
 20
6.34817982024033
 30
0.0
 10
9.717790275642745
 20
6.351026735249294
 30
0.0
 10
9.716299264824801
 20
6.353643065013372
 30
0.0
 10
9.714661771932992
 20
6.356078510489562
 30
0.0
 10
9.712785471734064
 20
6.358303162248165
 30
0.0
 10
9.710678622817777
 20
6.360330596592306
 30
0.0
 10
9.708320654700685
 20
6.362178747832877
 30
0.0
 10
9.70666664569422
 20
6.363182382546173
 30
0.0
 10
9.705803314370353
 20
6.363706242623309
 30
0.0
  0
SPLINE
  5
3C6
330
1F
100
AcDbEntity
  8
0
  6
Continuous
 62
     7
370
     0
100
AcDbSpline
210
0.0
220
0.0
230
1.0
 70
     8
 71
     3
 72
    10
 73
     6
 74
     0
 42
0.000000001
 43
0.00000001
 40
0.0
 40
0.0
 40
0.0
 40
0.0
 40
0.3729085886590258
 40
0.7448247554785965
 40
1.0
 40
1.0
 40
1.0
 40
1.0
 10
9.705803314370353
 20
6.363706242623309
 30
0.0
 10
9.704131741209403
 20
6.364548455358951
 30
0.0
 10
9.700793043446108
 20
6.366230639449001
 30
0.0
 10
9.696317631127787
 20
6.366794849334203
 30
0.0
 10
9.694762597449866
 20
6.364894218282501
 30
0.0
 10
9.694129825111053
 20
6.364120815897151
 30
0.0
  0
LINE
  5
3C7
330
1F
100
AcDbEntity
  8
0
  6
Continuous
 62
     7
370
     0
100
AcDbLine
 10
9.7776496149
 20
6.2304469345
 30
0.0
 11
9.7775081936
 21
6.2303652937
 31
0.0
  0
LINE
  5
3C8
330
1F
100
AcDbEntity
  8
0
  6
Continuous
 62
     7
370
     0
100
AcDbLine
 10
9.5647083808
 20
6.5354949013
 30
0.0
 11
9.5645669594
 21
6.5354132605
 31
0.0
  0
SPLINE
  5
3C9
330
1F
100
AcDbEntity
  8
0
  6
Continuous
 62
     7
370
     0
100
AcDbSpline
210
0.0
220
0.0
230
1.0
 70
     8
 71
     3
 72
    10
 73
     6
 74
     0
 42
0.000000001
 43
0.00000001
 40
0.0
 40
0.0
 40
0.0
 40
0.0
 40
0.2018437893177604
 40
0.5912675318453683
 40
1.0
 40
1.0
 40
1.0
 40
1.0
 10
9.536489077396674
 20
6.579181383602573
 30
0.0
 10
9.537360022433068
 20
6.579885192571101
 30
0.0
 10
9.539911309860752
 20
6.581946882916485
 30
0.0
 10
9.541928276286772
 20
6.588426777397237
 30
0.0
 10
9.542250069810144
 20
6.594398684842252
 30
0.0
 10
9.542414858931979
 20
6.597456873749292
 30
0.0
  0
SPLINE
  5
3CA
330
1F
100
AcDbEntity
  8
0
  6
Continuous
 62
     7
370
     0
100
AcDbSpline
210
0.0
220
0.0
230
1.0
 70
     8
 71
     3
 72
     8
 73
     4
 74
     0
 42
0.000000001
 43
0.00000001
 40
1.0
 40
1.0
 40
1.0
 40
1.0
 40
2.0
 40
2.0
 40
2.0
 40
2.0
 10
9.542414858931979
 20
6.597456873749292
 30
0.0
 10
9.542414858931979
 20
6.612003246919371
 30
0.0
 10
9.536929455779259
 20
6.629716275925352
 30
0.0
 10
9.52260866474762
 20
6.637983492615261
 30
0.0
  0
SPLINE
  5
3CB
330
1F
100
AcDbEntity
  8
0
  6
Continuous
 62
     7
370
     0
100
AcDbSpline
210
0.0
220
0.0
230
1.0
 70
     8
 71
     3
 72
    10
 73
     6
 74
     0
 42
0.000000001
 43
0.00000001
 40
0.0
 40
0.0
 40
0.0
 40
0.0
 40
0.4558483053084684
 40
0.8578316405678927
 40
1.0
 40
1.0
 40
1.0
 40
1.0
 10
9.52260866474762
 20
6.637983492615261
 30
0.0
 10
9.52020294894656
 20
6.639107855207282
 30
0.0
 10
9.515675786931629
 20
6.641223720936461
 30
0.0
 10
9.510810136687333
 20
6.640840672170257
 30
0.0
 10
9.50915905114688
 20
6.639063512766018
 30
0.0
 10
9.508727678562988
 20
6.638599201362755
 30
0.0
  0
SPLINE
  5
3CC
330
1F
100
AcDbEntity
  8
0
  6
Continuous
 62
     7
370
     0
100
AcDbSpline
210
0.0
220
0.0
230
1.0
 70
     8
 71
     3
 72
    10
 73
     6
 74
     0
 42
0.000000001
 43
0.00000001
 40
0.0
 40
0.0
 40
0.0
 40
0.0
 40
0.0238845204229472
 40
0.4839054513873247
 40
1.0
 40
1.0
 40
1.0
 40
1.0
 10
9.550960431192498
 20
6.55533149544568
 30
0.0
 10
9.55082004180206
 20
6.555181516530181
 30
0.0
 10
9.547975722965143
 20
6.55214291188091
 30
0.0
 10
9.537745941154853
 20
6.552917912690671
 30
0.0
 10
9.52793342266319
 20
6.557367213625167
 30
0.0
 10
9.522745320017895
 20
6.559719660651647
 30
0.0
  0
SPLINE
  5
3CD
330
1F
100
AcDbEntity
  8
0
  6
Continuous
 62
     7
370
     0
100
AcDbSpline
210
0.0
220
0.0
230
1.0
 70
     8
 71
     3
 72
     8
 73
     4
 74
     0
 42
0.000000001
 43
0.00000001
 40
2.0
 40
2.0
 40
2.0
 40
2.0
 40
2.975681207758309
 40
2.975681207758309
 40
2.975681207758309
 40
2.975681207758309
 10
9.522745320017895
 20
6.559719660651647
 30
0.0
 10
9.49655180263287
 20
6.574896088282831
 30
0.0
 10
9.481524304208461
 20
6.6051580696435
 30
0.0
 10
9.480850613433685
 20
6.632980156443682
 30
0.0
  0
SPLINE
  5
3CE
330
1F
100
AcDbEntity
  8
0
  6
Continuous
 62
     7
370
     0
100
AcDbSpline
210
0.0
220
0.0
230
1.0
 70
     8
 71
     3
 72
     9
 73
     5
 74
     0
 42
0.000000001
 43
0.00000001
 40
0.0
 40
0.0
 40
0.0
 40
0.0
 40
0.7100412690205629
 40
1.0
 40
1.0
 40
1.0
 40
1.0
 10
9.480850613351084
 20
6.632980156488661
 30
0.0
 10
9.48129864701479
 20
6.640227589996112
 30
0.0
 10
9.481929643667032
 20
6.650434649534282
 30
0.0
 10
9.487535944241158
 20
6.655251909195105
 30
0.0
 10
9.48916154004112
 20
6.656648715693155
 30
0.0
  0
LINE
  5
3CF
330
1F
100
AcDbEntity
  8
0
  6
Continuous
 62
     7
370
     0
100
AcDbLine
 10
9.6037299176
 20
6.5486514916
 30
0.0
 11
9.6035884962
 21
6.5485698508
 31
0.0
  0
LINE
  5
3D0
330
1F
100
AcDbEntity
  8
0
  6
Continuous
 62
     7
370
     0
100
AcDbLine
 10
9.6161364316
 20
6.5214506454
 30
0.0
 11
9.6159950103
 21
6.5213690046
 31
0.0
  0
SPLINE
  5
3D1
330
1F
100
AcDbEntity
  8
0
  6
Continuous
 62
     7
370
     0
100
AcDbSpline
210
0.0
220
0.0
230
1.0
 70
     8
 71
     3
 72
    15
 73
    11
 74
     0
 42
0.000000001
 43
0.00000001
 40
0.0
 40
0.0
 40
0.0
 40
0.0
 40
0.1641007877079216
 40
0.3141068989893855
 40
0.4507499698644452
 40
0.5734501429382801
 40
0.6864814603067132
 40
0.7948918672846346
 40
0.899373047204323
 40
1.0
 40
1.0
 40
1.0
 40
1.0
 10
9.687939469890706
 20
6.333487156524572
 30
0.0
 10
9.687944241367658
 20
6.33183702983816
 30
0.0
 10
9.687953374497669
 20
6.328678506447454
 30
0.0
 10
9.688067694553537
 20
6.32408876962565
 30
0.0
 10
9.68827283325267
 20
6.319867698646924
 30
0.0
 10
9.68852194380339
 20
6.315995981773279
 30
0.0
 10
9.688924673225165
 20
6.312337535543464
 30
0.0
 10
9.689493221702072
 20
6.308802229191222
 30
0.0
 10
9.690231748711655
 20
6.305340276312576
 30
0.0
 10
9.690900678924155
 20
6.303044088358341
 30
0.0
 10
9.691228859031035
 20
6.30191756844018
 30
0.0
  0
SPLINE
  5
3D2
330
1F
100
AcDbEntity
  8
0
  6
Continuous
 62
     7
370
     0
100
AcDbSpline
210
0.0
220
0.0
230
1.0
 70
     8
 71
     3
 72
    15
 73
    11
 74
     0
 42
0.000000001
 43
0.00000001
 40
0.0
 40
0.0
 40
0.0
 40
0.0
 40
0.0929327014231511
 40
0.1955187970205152
 40
0.3091460508655602
 40
0.4331371720548342
 40
0.5654292707948632
 40
0.704474186487367
 40
0.8490924635745115
 40
1.0
 40
1.0
 40
1.0
 40
1.0
 10
9.691295989421656
 20
6.361549601911048
 30
0.0
 10
9.690984143705595
 20
6.360857341183397
 30
0.0
 10
9.69032805926679
 20
6.35940091107191
 30
0.0
 10
9.689613041042788
 20
6.356780305126323
 30
0.0
 10
9.689032374944384
 20
6.353728094243742
 30
0.0
 10
9.688609479572344
 20
6.350248354384995
 30
0.0
 10
9.688324714712719
 20
6.346414548771495
 30
0.0
 10
9.688106820835904
 20
6.342327227816523
 30
0.0
 10
9.687970596097214
 20
6.337998806993904
 30
0.0
 10
9.687949991459364
 20
6.335012226409324
 30
0.0
 10
9.687939469890706
 20
6.333487156524572
 30
0.0
  0
SPLINE
  5
3D3
330
1F
100
AcDbEntity
  8
0
  6
Continuous
 62
     7
370
     0
100
AcDbSpline
210
0.0
220
0.0
230
1.0
 70
     8
 71
     3
 72
    10
 73
     6
 74
     0
 42
0.000000001
 43
0.00000001
 40
0.0
 40
0.0
 40
0.0
 40
0.0
 40
0.3729085886590258
 40
0.7448247554785965
 40
1.0
 40
1.0
 40
1.0
 40
1.0
 10
9.705661893014117
 20
6.363624601812126
 30
0.0
 10
9.703990319853165
 20
6.364466814547767
 30
0.0
 10
9.70065162208987
 20
6.366148998637819
 30
0.0
 10
9.696176209771549
 20
6.366713208523022
 30
0.0
 10
9.694621176093628
 20
6.364812577471318
 30
0.0
 10
9.693988403754817
 20
6.36403917508597
 30
0.0
  0
SPLINE
  5
3D4
330
1F
100
AcDbEntity
  8
0
  6
Continuous
 62
     7
370
     0
100
AcDbSpline
210
0.0
220
0.0
230
1.0
 70
     8
 71
     3
 72
    15
 73
    11
 74
     0
 42
0.000000001
 43
0.00000001
 40
0.0
 40
0.0
 40
0.0
 40
0.0
 40
0.1302336202016364
 40
0.2533235947621246
 40
0.3705049145481281
 40
0.4852872396224107
 40
0.6008722347763186
 40
0.7234306548017282
 40
0.8556410648324589
 40
1.0
 40
1.0
 40
1.0
 40
1.0
 10
9.719927101020648
 20
6.345137492547596
 30
0.0
 10
9.719579465328113
 20
6.346142768829269
 30
0.0
 10
9.718903262645853
 20
6.348098179429147
 30
0.0
 10
9.717648854286507
 20
6.350945094438113
 30
0.0
 10
9.716157843468565
 20
6.35356142420219
 30
0.0
 10
9.714520350576755
 20
6.355996869678378
 30
0.0
 10
9.712644050377827
 20
6.358221521436984
 30
0.0
 10
9.71053720146154
 20
6.360248955781125
 30
0.0
 10
9.708179233344449
 20
6.362097107021694
 30
0.0
 10
9.706525224337982
 20
6.363100741734991
 30
0.0
 10
9.705661893014117
 20
6.363624601812126
 30
0.0
  0
SPLINE
  5
3D5
330
1F
100
AcDbEntity
  8
0
  6
Continuous
 62
     7
370
     0
100
AcDbSpline
210
0.0
220
0.0
230
1.0
 70
     8
 71
     3
 72
    15
 73
    11
 74
     0
 42
0.000000001
 43
0.00000001
 40
0.0
 40
0.0
 40
0.0
 40
0.0
 40
0.1596511372780696
 40
0.3085655703298849
 40
0.4461933710066817
 40
0.5739690612704997
 40
0.692158356492828
 40
0.8020565012233003
 40
0.9040987413505422
 40
1.0
 40
1.0
 40
1.0
 40
1.0
 10
9.723384316137526
 20
6.313141561875518
 30
0.0
 10
9.723374163594455
 20
6.314769020201006
 30
0.0
 10
9.723354541277342
 20
6.317914488595121
 30
0.0
 10
9.723218727197054
 20
6.322522607613451
 30
0.0
 10
9.723009183557274
 20
6.326845566213938
 30
0.0
 10
9.722693348046617
 20
6.330907321444652
 30
0.0
 10
9.722278160040148
 20
6.33473252647609
 30
0.0
 10
9.721665678820072
 20
6.338365372353679
 30
0.0
 10
9.720938100914086
 20
6.341803985134391
 30
0.0
 10
9.720257058114743
 20
6.344049545430744
 30
0.0
 10
9.719927101020648
 20
6.345137492547596
 30
0.0
  0
SPLINE
  5
3D6
330
1F
100
AcDbEntity
  8
0
  6
Continuous
 62
     7
370
     0
100
AcDbSpline
210
0.0
220
0.0
230
1.0
 70
     8
 71
     3
 72
    15
 73
    11
 74
     0
 42
0.000000001
 43
0.00000001
 40
0.0
 40
0.0
 40
0.0
 40
0.0
 40
0.098490029922016
 40
0.2018380275637323
 40
0.311694896942275
 40
0.4274599879961263
 40
0.5528053385861453
 40
0.6899099414542644
 40
0.8389457546750257
 40
0.9999999999999999
 40
0.9999999999999999
 40
0.9999999999999999
 40
0.9999999999999999
 10
9.719977448813612
 20
6.28510818165125
 30
0.0
 10
9.720292181365487
 20
6.285858080510038
 30
0.0
 10
9.720937170482971
 20
6.287394866585236
 30
0.0
 10
9.72168717022618
 20
6.290009488025285
 30
0.0
 10
9.722264775970924
 20
6.292949601509541
 30
0.0
 10
9.722696726310508
 20
6.296228722919665
 30
0.0
 10
9.723010667118714
 20
6.299869776947457
 30
0.0
 10
9.723219065922123
 20
6.30391914266557
 30
0.0
 10
9.723354906046817
 20
6.30837696859373
 30
0.0
 10
9.723374262699704
 20
6.311512850737604
 30
0.0
 10
9.723384316137526
 20
6.313141561875518
 30
0.0
  0
SPLINE
  5
3D7
330
1F
100
AcDbEntity
  8
0
  6
Continuous
 62
     7
370
     0
100
AcDbSpline
210
0.0
220
0.0
230
1.0
 70
     8
 71
     3
 72
    15
 73
    11
 74
     0
 42
0.000000001
 43
0.00000001
 40
0.0
 40
0.0
 40
0.0
 40
0.0
 40
0.1414581697554194
 40
0.2727119044869395
 40
0.3952640915828002
 40
0.5124813484088726
 40
0.6279091504467667
 40
0.74558603408445
 40
0.8690789999429599
 40
1.0
 40
1.0
 40
1.0
 40
1.0
 10
9.705661893014117
 20
6.283004116587963
 30
0.0
 10
9.706513991110153
 20
6.28253831483674
 30
0.0
 10
9.708156719098094
 20
6.281640313095947
 30
0.0
 10
9.710508898858953
 20
6.280768688055043
 30
0.0
 10
9.71263454697074
 20
6.280359568666151
 30
0.0
 10
9.71454671448047
 20
6.280384998311525
 30
0.0
 10
9.716235447826115
 20
6.280890851175856
 30
0.0
 10
9.717704725117986
 20
6.281860696991159
 30
0.0
 10
9.719003944268092
 20
6.283233669686846
 30
0.0
 10
9.719646691939946
 20
6.284471299450904
 30
0.0
 10
9.719977448813612
 20
6.28510818165125
 30
0.0
  0
SPLINE
  5
3D8
330
1F
100
AcDbEntity
  8
0
  6
Continuous
 62
     7
370
     0
100
AcDbSpline
210
0.0
220
0.0
230
1.0
 70
     8
 71
     3
 72
    15
 73
    11
 74
     0
 42
0.000000001
 43
0.00000001
 40
0.0
 40
0.0
 40
0.0
 40
0.0
 40
0.127944218121149
 40
0.2482369193370222
 40
0.3644446802024277
 40
0.4785790913491295
 40
0.5947180955730496
 40
0.7179626744033684
 40
0.8521394834580097
 40
1.0
 40
1.0
 40
1.0
 40
1.0
 10
9.691228859031035
 20
6.30191756844018
 30
0.0
 10
9.691556878787768
 20
6.300909031986321
 30
0.0
 10
9.692193301559257
 20
6.298952273126706
 30
0.0
 10
9.693439695201914
 20
6.296092970154402
 30
0.0
 10
9.694872925312234
 20
6.29342117047211
 30
0.0
 10
9.696523389790892
 20
6.29092366527026
 30
0.0
 10
9.698426729835504
 20
6.288625313839061
 30
0.0
 10
9.700592699810027
 20
6.286521546037383
 30
0.0
 10
9.703037987084414
 20
6.284611817452705
 30
0.0
 10
9.704759417941915
 20
6.283557074656148
 30
0.0
 10
9.705661893014117
 20
6.283004116587963
 30
0.0
  0
LINE
  5
3D9
330
1F
100
AcDbEntity
  8
0
  6
Continuous
 62
     7
370
     0
100
AcDbLine
 10
9.7058033144
 20
6.3637062426
 30
0.0
 11
9.705661893
 21
6.3636246018
 31
0.0
  0
LINE
  5
3DA
330
1F
100
AcDbEntity
  8
0
  6
Continuous
 62
     7
370
     0
100
AcDbLine
 10
9.7200685224
 20
6.3452191334
 30
0.0
 11
9.719927101
 21
6.3451374925
 31
0.0
  0
LINE
  5
3DB
330
1F
100
AcDbEntity
  8
0
  6
Continuous
 62
     7
370
     0
100
AcDbLine
 10
9.6762659425
 20
6.3403894221
 30
0.0
 11
9.6761245211
 21
6.3403077813
 31
0.0
  0
LINE
  5
3DC
330
1F
100
AcDbEntity
  8
0
  6
Continuous
 62
     7
370
     0
100
AcDbLine
 10
9.7235257375
 20
6.3132232027
 30
0.0
 11
9.7233843161
 21
6.3131415619
 31
0.0
  0
LINE
  5
3DD
330
1F
100
AcDbEntity
  8
0
  6
Continuous
 62
     7
370
     0
100
AcDbLine
 10
9.5869026287
 20
6.5583656787
 30
0.0
 11
9.5867612073
 21
6.5582840379
 31
0.0
  0
LINE
  5
3DE
330
1F
100
AcDbEntity
  8
0
  6
Continuous
 62
     7
370
     0
100
AcDbLine
 10
9.7536001525
 20
6.250124991
 30
0.0
 11
9.7534587311
 21
6.2500433502
 31
0.0
  0
LINE
  5
3DF
330
1F
100
AcDbEntity
  8
0
  6
Continuous
 62
     7
370
     0
100
AcDbLine
 10
9.7058033144
 20
6.271922921
 30
0.0
 11
9.705661893
 21
6.2718412802
 31
0.0
  0
LINE
  5
3E0
330
1F
100
AcDbEntity
  8
0
  6
Continuous
 62
     7
370
     0
100
AcDbLine
 10
9.7201188702
 20
6.2851898225
 30
0.0
 11
9.7199774488
 21
6.2851081817
 31
0.0
  0
SPLINE
  5
3E1
330
1F
100
AcDbEntity
  8
0
  6
Continuous
 62
     7
370
     0
100
AcDbSpline
210
0.0
220
0.0
230
1.0
 70
     8
 71
     3
 72
     8
 73
     4
 74
     0
 42
0.000000001
 43
0.00000001
 40
1.0
 40
1.0
 40
1.0
 40
1.0
 40
2.0
 40
2.0
 40
2.0
 40
2.0
 10
9.542273437575743
 20
6.597375232938109
 30
0.0
 10
9.542273437575743
 20
6.611921606108189
 30
0.0
 10
9.53678803442302
 20
6.62963463511417
 30
0.0
 10
9.522467243391382
 20
6.637901851804078
 30
0.0
  0
SPLINE
  5
3E2
330
1F
100
AcDbEntity
  8
0
  6
Continuous
 62
     7
370
     0
100
AcDbSpline
210
0.0
220
0.0
230
1.0
 70
     8
 71
     3
 72
     8
 73
     4
 74
     0
 42
0.000000001
 43
0.00000001
 40
0.0
 40
0.0
 40
0.0
 40
0.0
 40
1.0
 40
1.0
 40
1.0
 40
1.0
 10
9.522467243391382
 20
6.579715568517035
 30
0.0
 10
9.53678803442302
 20
6.571448351827125
 30
0.0
 10
9.542273437575743
 20
6.582830440981484
 30
0.0
 10
9.542273437575743
 20
6.597375232938109
 30
0.0
  0
SPLINE
  5
3E3
330
1F
100
AcDbEntity
  8
0
  6
Continuous
 62
     7
370
     0
100
AcDbSpline
210
0.0
220
0.0
230
1.0
 70
     8
 71
     3
 72
     8
 73
     4
 74
     0
 42
0.000000001
 43
0.00000001
 40
3.0
 40
3.0
 40
3.0
 40
3.0
 40
4.0
 40
4.0
 40
4.0
 40
4.0
 10
9.5026603645586
 20
6.620243373228852
 30
0.0
 10
9.5026603645586
 20
6.605698581272227
 30
0.0
 10
9.508147821656587
 20
6.587981994728702
 30
0.0
 10
9.522467243391382
 20
6.579715568517035
 30
0.0
  0
SPLINE
  5
3E4
330
1F
100
AcDbEntity
  8
0
  6
Continuous
 62
     7
370
     0
100
AcDbSpline
210
0.0
220
0.0
230
1.0
 70
     8
 71
     3
 72
     8
 73
     4
 74
     0
 42
0.000000001
 43
0.00000001
 40
2.0
 40
2.0
 40
2.0
 40
2.0
 40
3.0
 40
3.0
 40
3.0
 40
3.0
 10
9.522467243391382
 20
6.637901851804078
 30
0.0
 10
9.508147821656587
 20
6.646168278015747
 30
0.0
 10
9.5026603645586
 20
6.634789746398932
 30
0.0
 10
9.5026603645586
 20
6.620243373228852
 30
0.0
  0
LINE
  5
3E5
330
1F
100
AcDbEntity
  8
0
  6
Continuous
 62
     7
370
     0
100
AcDbLine
 10
9.5226086647
 20
6.6379834926
 30
0.0
 11
9.5224672434
 21
6.6379018518
 31
0.0
  0
LINE
  5
3E6
330
1F
100
AcDbEntity
  8
0
  6
Continuous
 62
     7
370
     0
100
AcDbLine
 10
9.5424148589
 20
6.5974568737
 30
0.0
 11
9.5422734376
 21
6.5973752329
 31
0.0
  0
LINE
  5
3E7
330
1F
100
AcDbEntity
  8
0
  6
Continuous
 62
     7
370
     0
100
AcDbLine
 10
9.4808506134
 20
6.6329801565
 30
0.0
 11
9.480709192
 21
6.6328985157
 31
0.0
  0
LINE
  5
3E8
330
1F
100
AcDbEntity
  8
0
  6
Continuous
 62
     7
370
     0
100
AcDbLine
 10
9.52274532
 20
6.5597196607
 30
0.0
 11
9.5226038987
 21
6.5596380198
 31
0.0
  0
LINE
  5
3E9
330
1F
100
AcDbEntity
  8
0
  6
Continuous
 62
     7
370
     0
100
AcDbLine
 10
9.6695567167
 20
6.2953282667
 30
0.0
 11
9.6568988248
 21
6.3026355122
 31
0.0
  0
LINE
  5
3EA
330
1F
100
AcDbEntity
  8
0
  6
Continuous
 62
     7
370
     0
100
AcDbLine
 10
9.6568988248
 20
6.3026355122
 30
0.0
 11
9.6284691044
 21
6.3574974103
 31
0.0
  0
LINE
  5
3EB
330
1F
100
AcDbEntity
  8
0
  6
Continuous
 62
     7
370
     0
100
AcDbLine
 10
9.6284691044
 20
6.3574974103
 30
0.0
 11
9.6107466813
 21
6.3677283474
 31
0.0
  0
LINE
  5
3EC
330
1F
100
AcDbEntity
  8
0
  6
Continuous
 62
     7
370
     0
100
AcDbLine
 10
9.6106052599
 20
6.3293602184
 30
0.0
 11
9.6000058188
 21
6.3354791455
 31
0.0
  0
LINE
  5
3ED
330
1F
100
AcDbEntity
  8
0
  6
Continuous
 62
     7
370
     0
100
AcDbLine
 10
9.6000058188
 20
6.3354791455
 30
0.0
 11
9.6000058188
 21
6.4333007613
 31
0.0
  0
LINE
  5
3EE
330
1F
100
AcDbEntity
  8
0
  6
Continuous
 62
     7
370
     0
100
AcDbLine
 10
9.6411878295
 20
6.3568132366
 30
0.0
 11
9.6378337939
 21
6.3560060349
 31
0.0
  0
SPLINE
  5
3EF
330
1F
100
AcDbEntity
  8
0
  6
Continuous
 62
     7
370
     0
100
AcDbSpline
210
0.0
220
0.0
230
1.0
 70
     8
 71
     3
 72
    15
 73
    11
 74
     0
 42
0.000000001
 43
0.00000001
 40
0.0
 40
0.0
 40
0.0
 40
0.0
 40
0.1170339869329187
 40
0.2303551988589836
 40
0.3426861898780861
 40
0.4547596653596054
 40
0.5726627487835128
 40
0.7022310727779965
 40
0.8446465788022234
 40
1.0
 40
1.0
 40
1.0
 40
1.0
 10
9.638001619845188
 20
6.368312302570337
 30
0.0
 10
9.63840982082551
 20
6.368549999355706
 30
0.0
 10
9.6392132730573
 20
6.36901785225636
 30
0.0
 10
9.640218112200316
 20
6.370016586997039
 30
0.0
 10
9.641084520315024
 20
6.371164294768504
 30
0.0
 10
9.6417853601221
 20
6.372540811133113
 30
0.0
 10
9.642328702175247
 20
6.374182811104853
 30
0.0
 10
9.642710424258178
 20
6.376145327525736
 30
0.0
 10
9.642916514022335
 20
6.378454269487991
 30
0.0
 10
9.642951181742903
 20
6.380131543672109
 30
0.0
 10
9.642969268750992
 20
6.381006619138245
 30
0.0
  0
SPLINE
  5
3F0
330
1F
100
AcDbEntity
  8
0
  6
Continuous
 62
     7
370
     0
100
AcDbSpline
210
0.0
220
0.0
230
1.0
 70
     8
 71
     3
 72
    15
 73
    11
 74
     0
 42
0.000000001
 43
0.00000001
 40
0.0
 40
0.0
 40
0.0
 40
0.0
 40
0.1356710519307741
 40
0.2660335683250623
 40
0.3888289124462826
 40
0.5089869504386808
 40
0.6268374756191896
 40
0.7465047924043888
 40
0.8703604505951894
 40
0.9999999999999999
 40
0.9999999999999999
 40
0.9999999999999999
 40
0.9999999999999999
 10
9.642969268750992
 20
6.381006619138245
 30
0.0
 10
9.642951798928546
 20
6.381702166486032
 30
0.0
 10
9.642917542842692
 20
6.383066045812075
 30
0.0
 10
9.64269043150484
 20
6.385149783009723
 30
0.0
 10
9.642274337410354
 20
6.387217159851859
 30
0.0
 10
9.641733941439881
 20
6.389246826252435
 30
0.0
 10
9.640981873023037
 20
6.391273874434201
 30
0.0
 10
9.640034552415907
 20
6.393289939522505
 30
0.0
 10
9.638865951060398
 20
6.395294869232972
 30
0.0
 10
9.6379609612186
 20
6.396560479123686
 30
0.0
 10
9.637498141915545
 20
6.397207722507537
 30
0.0
  0
SPLINE
  5
3F1
330
1F
100
AcDbEntity
  8
0
  6
Continuous
 62
     7
370
     0
100
AcDbSpline
210
0.0
220
0.0
230
1.0
 70
     8
 71
     3
 72
    15
 73
    11
 74
     0
 42
0.000000001
 43
0.00000001
 40
0.0
 40
0.0
 40
0.0
 40
0.0
 40
0.1054324257577914
 40
0.2126926066359899
 40
0.3256640625299875
 40
0.442821963509666
 40
0.5669158351674671
 40
0.701779276042993
 40
0.8456966330967292
 40
1.0
 40
1.0
 40
1.0
 40
1.0
 10
9.637498141915545
 20
6.397207722507537
 30
0.0
 10
9.637078719858083
 20
6.397758905916744
 30
0.0
 10
9.636232604727555
 20
6.398870827938798
 30
0.0
 10
9.634829829163085
 20
6.400412852947454
 30
0.0
 10
9.633325275154561
 20
6.401885047093343
 30
0.0
 10
9.631695280381383
 20
6.403254115595296
 30
0.0
 10
9.629949550021967
 20
6.404626148636771
 30
0.0
 10
9.628057828621541
 20
6.405925327147892
 30
0.0
 10
9.626021239203395
 20
6.407274902392087
 30
0.0
 10
9.624615040908367
 20
6.408091903822071
 30
0.0
 10
9.623887455217547
 20
6.408514631222563
 30
0.0
  0
LINE
  5
3F2
330
1F
100
AcDbEntity
  8
0
  6
Continuous
 62
     7
370
     0
100
AcDbLine
 10
9.6238874552
 20
6.4085146312
 30
0.0
 11
9.6107466813
 21
6.4161006386
 31
0.0
  0
LINE
  5
3F3
330
1F
100
AcDbEntity
  8
0
  6
Continuous
 62
     7
370
     0
100
AcDbLine
 10
9.4805914073
 20
6.5840545965
 30
0.0
 11
9.4585385808
 21
6.5967854222
 31
0.0
  0
LINE
  5
3F4
330
1F
100
AcDbEntity
  8
0
  6
Continuous
 62
     7
370
     0
100
AcDbLine
 10
9.4585385808
 20
6.5967854222
 30
0.0
 11
9.4585385808
 21
6.6371348271
 31
0.0
  0
LINE
  5
3F5
330
1F
100
AcDbEntity
  8
0
  6
Continuous
 62
     7
370
     0
100
AcDbLine
 10
9.4585385808
 20
6.6371348271
 30
0.0
 11
9.4293034086
 21
6.6540119328
 31
0.0
  0
LINE
  5
3F6
330
1F
100
AcDbEntity
  8
0
  6
Continuous
 62
     7
370
     0
100
AcDbLine
 10
9.4291619872
 20
6.6137441687
 30
0.0
 11
9.4071118993
 21
6.6264734135
 31
0.0
  0
LINE
  5
3F7
330
1F
100
AcDbEntity
  8
0
  6
Continuous
 62
     7
370
     0
100
AcDbLine
 10
9.4071118993
 20
6.6264734135
 30
0.0
 11
9.4071118993
 21
6.7025013188
 31
0.0
  0
LINE
  5
3F8
330
1F
100
AcDbEntity
  8
0
  6
Continuous
 62
     7
370
     0
100
AcDbLine
 10
9.4071118993
 20
6.7025013188
 30
0.0
 11
9.3840892268
 21
6.7157920248
 31
0.0
  0
LINE
  5
3F9
330
1F
100
AcDbEntity
  8
0
  6
Continuous
 62
     7
370
     0
100
AcDbLine
 10
9.3839478055
 20
6.6398457603
 30
0.0
 11
9.3618956636
 21
6.6525761908
 31
0.0
  0
LINE
  5
3FA
330
1F
100
AcDbEntity
  8
0
  6
Continuous
 62
     7
370
     0
100
AcDbLine
 10
9.3618956636
 20
6.6525761908
 30
0.0
 11
9.3618956636
 21
6.7286035676
 31
0.0
  0
LINE
  5
3FB
330
1F
100
AcDbEntity
  8
0
  6
Continuous
 62
     7
370
     0
100
AcDbLine
 10
9.3618956636
 20
6.7286035676
 30
0.0
 11
9.3364801449
 21
6.7432756342
 31
0.0
  0
LINE
  5
3FC
330
1F
100
AcDbEntity
  8
0
  6
Continuous
 62
     7
370
     0
100
AcDbLine
 10
9.3364801449
 20
6.7432756342
 30
0.0
 11
9.3364801449
 21
6.7650698732
 31
0.0
  0
LINE
  5
3FD
330
1F
100
AcDbEntity
  8
0
  6
Continuous
 62
     7
370
     0
100
AcDbLine
 10
9.4585385808
 20
6.6590886568
 30
0.0
 11
9.4585385808
 21
6.694607038
 31
0.0
  0
LINE
  5
3FE
330
1F
100
AcDbEntity
  8
0
  6
Continuous
 62
     7
370
     0
100
AcDbLine
 10
9.6106052599
 20
6.378809543
 30
0.0
 11
9.6218999481
 21
6.3722892583
 31
0.0
  0
LINE
  5
3FF
330
1F
100
AcDbEntity
  8
0
  6
Continuous
 62
     7
370
     0
100
AcDbLine
 10
9.6106052599
 20
6.4160189977
 30
0.0
 11
9.6106052599
 21
6.378809543
 31
0.0
  0
LINE
  5
400
330
1F
100
AcDbEntity
  8
0
  6
Continuous
 62
     7
370
     0
100
AcDbLine
 10
9.6237460339
 20
6.4084329904
 30
0.0
 11
9.6106052599
 21
6.4160189977
 31
0.0
  0
SPLINE
  5
401
330
1F
100
AcDbEntity
  8
0
  6
Continuous
 62
     7
370
     0
100
AcDbSpline
210
0.0
220
0.0
230
1.0
 70
     8
 71
     3
 72
    15
 73
    11
 74
     0
 42
0.000000001
 43
0.00000001
 40
0.0
 40
0.0
 40
0.0
 40
0.0
 40
0.1054324257577914
 40
0.2126926066359899
 40
0.3256640625299875
 40
0.442821963509666
 40
0.5669158351674671
 40
0.701779276042993
 40
0.8456966330967292
 40
1.0
 40
1.0
 40
1.0
 40
1.0
 10
9.637356720559309
 20
6.397126081696355
 30
0.0
 10
9.636937298501847
 20
6.397677265105562
 30
0.0
 10
9.636091183371319
 20
6.398789187127615
 30
0.0
 10
9.634688407806847
 20
6.400331212136273
 30
0.0
 10
9.633183853798323
 20
6.40180340628216
 30
0.0
 10
9.631553859025146
 20
6.403172474784114
 30
0.0
 10
9.62980812866573
 20
6.404544507825587
 30
0.0
 10
9.627916407265303
 20
6.40584368633671
 30
0.0
 10
9.625879817847158
 20
6.407193261580905
 30
0.0
 10
9.624473619552129
 20
6.408010263010889
 30
0.0
 10
9.62374603386131
 20
6.408432990411381
 30
0.0
  0
SPLINE
  5
402
330
1F
100
AcDbEntity
  8
0
  6
Continuous
 62
     7
370
     0
100
AcDbSpline
210
0.0
220
0.0
230
1.0
 70
     8
 71
     3
 72
    15
 73
    11
 74
     0
 42
0.000000001
 43
0.00000001
 40
0.0
 40
0.0
 40
0.0
 40
0.0
 40
0.1356710519307741
 40
0.2660335683250623
 40
0.3888289124462826
 40
0.5089869504386808
 40
0.6268374756191896
 40
0.7465047924043888
 40
0.8703604505951894
 40
0.9999999999999999
 40
0.9999999999999999
 40
0.9999999999999999
 40
0.9999999999999999
 10
9.642827847394754
 20
6.380924978327061
 30
0.0
 10
9.64281037757231
 20
6.381620525674849
 30
0.0
 10
9.642776121486454
 20
6.382984405000894
 30
0.0
 10
9.642549010148604
 20
6.385068142198541
 30
0.0
 10
9.642132916054118
 20
6.387135519040678
 30
0.0
 10
9.641592520083645
 20
6.389165185441253
 30
0.0
 10
9.640840451666799
 20
6.391192233623019
 30
0.0
 10
9.63989313105967
 20
6.393208298711322
 30
0.0
 10
9.63872452970416
 20
6.395213228421789
 30
0.0
 10
9.637819539862361
 20
6.396478838312503
 30
0.0
 10
9.637356720559309
 20
6.397126081696355
 30
0.0
  0
SPLINE
  5
403
330
1F
100
AcDbEntity
  8
0
  6
Continuous
 62
     7
370
     0
100
AcDbSpline
210
0.0
220
0.0
230
1.0
 70
     8
 71
     3
 72
    15
 73
    11
 74
     0
 42
0.000000001
 43
0.00000001
 40
0.0
 40
0.0
 40
0.0
 40
0.0
 40
0.1170339869329187
 40
0.2303551988589836
 40
0.3426861898780861
 40
0.4547596653596054
 40
0.5726627487835128
 40
0.7022310727779965
 40
0.8446465788022234
 40
1.0
 40
1.0
 40
1.0
 40
1.0
 10
9.63786019848895
 20
6.368230661759155
 30
0.0
 10
9.638268399469272
 20
6.368468358544524
 30
0.0
 10
9.639071851701061
 20
6.368936211445178
 30
0.0
 10
9.64007669084408
 20
6.369934946185857
 30
0.0
 10
9.640943098958786
 20
6.371082653957322
 30
0.0
 10
9.641643938765863
 20
6.37245917032193
 30
0.0
 10
9.642187280819009
 20
6.374101170293669
 30
0.0
 10
9.64256900290194
 20
6.376063686714552
 30
0.0
 10
9.6427750926661
 20
6.378372628676809
 30
0.0
 10
9.642809760386665
 20
6.380049902860926
 30
0.0
 10
9.642827847394754
 20
6.380924978327061
 30
0.0
  0
SPLINE
  5
404
330
1F
100
AcDbEntity
  8
0
  6
Continuous
 62
     7
370
     0
100
AcDbSpline
210
0.0
220
0.0
230
1.0
 70
     8
 71
     3
 72
    15
 73
    11
 74
     0
 42
0.000000001
 43
0.00000001
 40
0.0
 40
0.0
 40
0.0
 40
0.0
 40
0.1513319284937301
 40
0.2930698672949631
 40
0.4247940391227074
 40
0.5487050035246487
 40
0.6656715592400176
 40
0.7790172397877799
 40
0.8895904654055454
 40
1.0
 40
1.0
 40
1.0
 40
1.0
 10
9.621899948119289
 20
6.372289258306862
 30
0.0
 10
9.622755987745634
 20
6.37181324157414
 30
0.0
 10
9.624413796657405
 20
6.37089138613968
 30
0.0
 10
9.6268146564195
 20
6.369681561710602
 30
0.0
 10
9.62904076540258
 20
6.368764964615212
 30
0.0
 10
9.631119125059778
 20
6.367992480681047
 30
0.0
 10
9.633035501098666
 20
6.367581244365144
 30
0.0
 10
9.634813740717469
 20
6.36743053708915
 30
0.0
 10
9.63642702879609
 20
6.367659316136671
 30
0.0
 10
9.637382711229098
 20
6.368040307290268
 30
0.0
 10
9.63786019848895
 20
6.368230661759155
 30
0.0
  0
LINE
  5
405
330
1F
100
AcDbEntity
  8
0
  6
Continuous
 62
     7
370
     0
100
AcDbLine
 10
9.6378337939
 20
6.3560060349
 30
0.0
 11
9.6376923725
 21
6.3559243941
 31
0.0
  0
LINE
  5
406
330
1F
100
AcDbEntity
  8
0
  6
Continuous
 62
     7
370
     0
100
AcDbLine
 10
9.6374981419
 20
6.3972077225
 30
0.0
 11
9.6373567206
 21
6.3971260817
 31
0.0
  0
LINE
  5
407
330
1F
100
AcDbEntity
  8
0
  6
Continuous
 62
     7
370
     0
100
AcDbLine
 10
9.6429692688
 20
6.3810066191
 30
0.0
 11
9.6428278474
 21
6.3809249783
 31
0.0
  0
LINE
  5
408
330
1F
100
AcDbEntity
  8
0
  6
Continuous
 62
     7
370
     0
100
AcDbLine
 10
9.6238874552
 20
6.4085146312
 30
0.0
 11
9.6237460339
 21
6.4084329904
 31
0.0
  0
LINE
  5
409
330
1F
100
AcDbEntity
  8
0
  6
Continuous
 62
     7
370
     0
100
AcDbLine
 10
9.6380016198
 20
6.3683123026
 30
0.0
 11
9.6378601985
 21
6.3682306618
 31
0.0
  0
LINE
  5
40A
330
1F
100
AcDbEntity
  8
0
  6
Continuous
 62
     7
370
     0
100
AcDbLine
 10
9.6107466813
 20
6.4161006386
 30
0.0
 11
9.6106052599
 21
6.4160189977
 31
0.0
  0
LINE
  5
40B
330
1F
100
AcDbEntity
  8
0
  6
Continuous
 62
     7
370
     0
100
AcDbLine
 10
9.4585385808
 20
6.6590886568
 30
0.0
 11
9.4583971595
 21
6.659007016
 31
0.0
  0
LINE
  5
40C
330
1F
100
AcDbEntity
  8
0
  6
Continuous
 62
     7
370
     0
100
AcDbLine
 10
9.6284691044
 20
6.3574974103
 30
0.0
 11
9.628327683
 21
6.3574157695
 31
0.0
  0
LINE
  5
40D
330
1F
100
AcDbEntity
  8
0
  6
Continuous
 62
     7
370
     0
100
AcDbLine
 10
9.6568988248
 20
6.3026355122
 30
0.0
 11
9.6567574034
 21
6.3025538714
 31
0.0
  0
LINE
  5
40E
330
1F
100
AcDbEntity
  8
0
  6
Continuous
 62
     7
370
     0
100
AcDbLine
 10
9.6000058188
 20
6.3354791455
 30
0.0
 11
9.5998643974
 21
6.3353975047
 31
0.0
  0
LINE
  5
40F
330
1F
100
AcDbEntity
  8
0
  6
Continuous
 62
     7
370
     0
100
AcDbLine
 10
9.6107466813
 20
6.3677283474
 30
0.0
 11
9.6106052599
 21
6.3676467066
 31
0.0
  0
LINE
  5
410
330
1F
100
AcDbEntity
  8
0
  6
Continuous
 62
     7
370
     0
100
AcDbLine
 10
9.5762344999
 20
6.3492020358
 30
0.0
 11
9.5656350588
 21
6.3553209629
 31
0.0
  0
LINE
  5
411
330
1F
100
AcDbEntity
  8
0
  6
Continuous
 62
     7
370
     0
100
AcDbLine
 10
9.5656350588
 20
6.3553209629
 30
0.0
 11
9.5656350588
 21
6.439817433
 31
0.0
  0
LINE
  5
412
330
1F
100
AcDbEntity
  8
0
  6
Continuous
 62
     7
370
     0
100
AcDbLine
 10
9.5424499576
 20
6.3959923704
 30
0.0
 11
9.5359466435
 21
6.3997466537
 31
0.0
  0
LINE
  5
413
330
1F
100
AcDbEntity
  8
0
  6
Continuous
 62
     7
370
     0
100
AcDbLine
 10
9.5359466435
 20
6.3997466537
 30
0.0
 11
9.5130048325
 21
6.4702002159
 31
0.0
  0
LINE
  5
414
330
1F
100
AcDbEntity
  8
0
  6
Continuous
 62
     7
370
     0
100
AcDbLine
 10
9.5128634112
 20
6.3857853866
 30
0.0
 11
9.50226397
 21
6.3919043137
 31
0.0
  0
LINE
  5
415
330
1F
100
AcDbEntity
  8
0
  6
Continuous
 62
     7
370
     0
100
AcDbLine
 10
9.50226397
 20
6.3919043137
 30
0.0
 11
9.50226397
 21
6.4897259295
 31
0.0
  0
LINE
  5
416
330
1F
100
AcDbEntity
  8
0
  6
Continuous
 62
     7
370
     0
100
AcDbLine
 10
9.5399073366
 20
6.4138362303
 30
0.0
 11
9.561274295
 21
6.455659994
 31
0.0
  0
LINE
  5
417
330
1F
100
AcDbEntity
  8
0
  6
Continuous
 62
     7
370
     0
100
AcDbLine
 10
9.4293034086
 20
6.6540119328
 30
0.0
 11
9.4291619872
 21
6.653930292
 31
0.0
  0
LINE
  5
418
330
1F
100
AcDbEntity
  8
0
  6
Continuous
 62
     7
370
     0
100
AcDbLine
 10
9.4585385808
 20
6.6371348271
 30
0.0
 11
9.4583971595
 21
6.6370531863
 31
0.0
  0
LINE
  5
419
330
1F
100
AcDbEntity
  8
0
  6
Continuous
 62
     7
370
     0
100
AcDbLine
 10
9.4585385808
 20
6.5967854222
 30
0.0
 11
9.4583971595
 21
6.5967037814
 31
0.0
  0
LINE
  5
41A
330
1F
100
AcDbEntity
  8
0
  6
Continuous
 62
     7
370
     0
100
AcDbLine
 10
9.5399073366
 20
6.4138362303
 30
0.0
 11
9.5397659152
 21
6.4137545895
 31
0.0
  0
LINE
  5
41B
330
1F
100
AcDbEntity
  8
0
  6
Continuous
 62
     7
370
     0
100
AcDbLine
 10
9.5656350588
 20
6.3553209629
 30
0.0
 11
9.5654936374
 21
6.3552393221
 31
0.0
  0
LINE
  5
41C
330
1F
100
AcDbEntity
  8
0
  6
Continuous
 62
     7
370
     0
100
AcDbLine
 10
9.5656350588
 20
6.439817433
 30
0.0
 11
9.5654936374
 21
6.4397357922
 31
0.0
  0
LINE
  5
41D
330
1F
100
AcDbEntity
  8
0
  6
Continuous
 62
     7
370
     0
100
AcDbLine
 10
9.3840892268
 20
6.7157920248
 30
0.0
 11
9.3839478055
 21
6.7157103839
 31
0.0
  0
LINE
  5
41E
330
1F
100
AcDbEntity
  8
0
  6
Continuous
 62
     7
370
     0
100
AcDbLine
 10
9.4071118993
 20
6.7025013188
 30
0.0
 11
9.4069704779
 21
6.702419678
 31
0.0
  0
LINE
  5
41F
330
1F
100
AcDbEntity
  8
0
  6
Continuous
 62
     7
370
     0
100
AcDbLine
 10
9.4071118993
 20
6.6264734135
 30
0.0
 11
9.4069704779
 21
6.6263917727
 31
0.0
  0
LINE
  5
420
330
1F
100
AcDbEntity
  8
0
  6
Continuous
 62
     7
370
     0
100
AcDbLine
 10
9.5130048325
 20
6.4702002159
 30
0.0
 11
9.5128634112
 21
6.4701185751
 31
0.0
  0
LINE
  5
421
330
1F
100
AcDbEntity
  8
0
  6
Continuous
 62
     7
370
     0
100
AcDbLine
 10
9.5359466435
 20
6.3997466537
 30
0.0
 11
9.5358052222
 21
6.3996650129
 31
0.0
  0
LINE
  5
422
330
1F
100
AcDbEntity
  8
0
  6
Continuous
 62
     7
370
     0
100
AcDbLine
 10
9.50226397
 20
6.3919043137
 30
0.0
 11
9.5021225487
 21
6.3918226729
 31
0.0
  0
LINE
  5
423
330
1F
100
AcDbEntity
  8
0
  6
Continuous
 62
     7
370
     0
100
AcDbLine
 10
9.3364801449
 20
6.7432756342
 30
0.0
 11
9.3363387235
 21
6.7431939934
 31
0.0
  0
LINE
  5
424
330
1F
100
AcDbEntity
  8
0
  6
Continuous
 62
     7
370
     0
100
AcDbLine
 10
9.3618956636
 20
6.7286035676
 30
0.0
 11
9.3617542422
 21
6.7285219268
 31
0.0
  0
LINE
  5
425
330
1F
100
AcDbEntity
  8
0
  6
Continuous
 62
     7
370
     0
100
AcDbLine
 10
9.3618956636
 20
6.6525761908
 30
0.0
 11
9.3617542422
 21
6.65249455
 31
0.0
  0
LINE
  5
426
330
1F
100
AcDbEntity
  8
0
  6
Continuous
 62
     7
370
     0
100
AcDbLine
 10
9.4903075999
 20
6.3988065793
 30
0.0
 11
9.437818795
 21
6.4291077213
 31
0.0
  0
LINE
  5
427
330
1F
100
AcDbEntity
  8
0
  6
Continuous
 62
     7
370
     0
100
AcDbLine
 10
9.437818795
 20
6.4291077213
 30
0.0
 11
9.437818795
 21
6.5269293372
 31
0.0
  0
LINE
  5
428
330
1F
100
AcDbEntity
  8
0
  6
Continuous
 62
     7
370
     0
100
AcDbLine
 10
9.437818795
 20
6.4291077213
 30
0.0
 11
9.4376773737
 21
6.4290260805
 31
0.0
  0
LINE
  5
429
330
1F
100
AcDbEntity
  8
0
  6
Continuous
 62
     7
370
     0
100
AcDbLine
 10
7.4252340824
 20
4.6726973376
 30
0.0
 11
7.4002340824
 21
4.6293960674
 31
0.0
  0
LINE
  5
42A
330
1F
100
AcDbEntity
  8
0
  6
Continuous
 62
     7
370
     0
100
AcDbLine
 10
7.4002340824
 20
5.9668960674
 30
0.0
 11
7.4252340824
 21
5.9235947972
 31
0.0
  0
LINE
  5
42B
330
1F
100
AcDbEntity
  8
0
  6
Continuous
 62
     7
370
     0
100
AcDbLine
 10
7.3502340824
 20
5.2393960674
 30
0.0
 11
7.2627340824
 21
5.2393960674
 31
0.0
  0
LINE
  5
42C
330
1F
100
AcDbEntity
  8
0
  6
Continuous
 62
     7
370
     0
100
AcDbLine
 10
7.3502340824
 20
5.2393960674
 30
0.0
 11
7.3502340824
 21
5.3568960674
 31
0.0
  0
LINE
  5
42D
330
1F
100
AcDbEntity
  8
0
  6
Continuous
 62
     7
370
     0
100
AcDbLine
 10
7.3502340824
 20
5.3568960674
 30
0.0
 11
7.2627340824
 21
5.3568960674
 31
0.0
  0
LINE
  5
42E
330
1F
100
AcDbEntity
  8
0
  6
Continuous
 62
     7
370
     0
100
AcDbLine
 10
7.2627340824
 20
5.8418960674
 30
0.0
 11
7.2627340824
 21
5.3568960674
 31
0.0
  0
LINE
  5
42F
330
1F
100
AcDbEntity
  8
0
  6
Continuous
 62
     7
370
     0
100
AcDbLine
 10
7.4252340824
 20
5.8418960674
 30
0.0
 11
7.2627340824
 21
5.8418960674
 31
0.0
  0
LINE
  5
430
330
1F
100
AcDbEntity
  8
0
  6
Continuous
 62
     7
370
     0
100
AcDbLine
 10
7.2627340824
 20
4.7543960674
 30
0.0
 11
7.4252340824
 21
4.7543960674
 31
0.0
  0
LINE
  5
431
330
1F
100
AcDbEntity
  8
0
  6
Continuous
 62
     7
370
     0
100
AcDbLine
 10
7.2627340824
 20
5.2393960674
 30
0.0
 11
7.2627340824
 21
4.7543960674
 31
0.0
  0
LINE
  5
432
330
1F
100
AcDbEntity
  8
0
  6
Continuous
 62
     7
370
     0
100
AcDbLine
 10
7.4252340824
 20
5.8418960674
 30
0.0
 11
7.4252340824
 21
4.7543960674
 31
0.0
  0
LINE
  5
433
330
1F
100
AcDbEntity
  8
0
  6
Continuous
 62
     7
370
     0
100
AcDbLine
 10
7.2877340824
 20
4.6293960674
 30
0.0
 11
7.4002340824
 21
4.6293960674
 31
0.0
  0
LINE
  5
434
330
1F
100
AcDbEntity
  8
0
  6
Continuous
 62
     7
370
     0
100
AcDbLine
 10
7.2877340824
 20
4.6293960674
 30
0.0
 11
7.2627340824
 21
4.6726973376
 31
0.0
  0
LINE
  5
435
330
1F
100
AcDbEntity
  8
0
  6
Continuous
 62
     7
370
     0
100
AcDbLine
 10
7.2627340824
 20
4.6726973376
 30
0.0
 11
7.2627340824
 21
4.7543960674
 31
0.0
  0
LINE
  5
436
330
1F
100
AcDbEntity
  8
0
  6
Continuous
 62
     7
370
     0
100
AcDbLine
 10
7.4252340824
 20
4.6726973376
 30
0.0
 11
7.4252340824
 21
4.7543960674
 31
0.0
  0
LINE
  5
437
330
1F
100
AcDbEntity
  8
0
  6
Continuous
 62
     7
370
     0
100
AcDbLine
 10
7.2627340824
 20
5.8418960674
 30
0.0
 11
7.2627340824
 21
5.9235947972
 31
0.0
  0
LINE
  5
438
330
1F
100
AcDbEntity
  8
0
  6
Continuous
 62
     7
370
     0
100
AcDbLine
 10
7.2627340824
 20
5.9235947972
 30
0.0
 11
7.2877340824
 21
5.9668960674
 31
0.0
  0
LINE
  5
439
330
1F
100
AcDbEntity
  8
0
  6
Continuous
 62
     7
370
     0
100
AcDbLine
 10
7.4002340824
 20
5.9668960674
 30
0.0
 11
7.2877340824
 21
5.9668960674
 31
0.0
  0
LINE
  5
43A
330
1F
100
AcDbEntity
  8
0
  6
Continuous
 62
     7
370
     0
100
AcDbLine
 10
7.4252340824
 20
5.8418960674
 30
0.0
 11
7.4252340824
 21
5.9235947972
 31
0.0
  0
LINE
  5
43B
330
1F
100
AcDbEntity
  8
0
  6
Continuous
 62
     7
370
     0
100
AcDbLine
 10
7.2629840824
 20
4.4445847566
 30
0.0
 11
7.2627340824
 21
4.4445847564
 31
0.0
  0
LINE
  5
43C
330
1F
100
AcDbEntity
  8
0
  6
Continuous
 62
     7
370
     0
100
AcDbLine
 10
7.2629840824
 20
4.1731460674
 30
0.0
 11
7.2627340824
 21
4.1731460674
 31
0.0
  0
LINE
  5
43D
330
1F
100
AcDbEntity
  8
0
  6
Continuous
 62
     7
370
     0
100
AcDbLine
 10
7.2627340824
 20
4.1731460674
 30
0.0
 11
7.2627340824
 21
4.2981460674
 31
0.0
  0
LINE
  5
43E
330
1F
100
AcDbEntity
  8
0
  6
Continuous
 62
     7
370
     0
100
AcDbLine
 10
7.2627340824
 20
4.2981460674
 30
0.0
 11
7.2629840824
 21
4.2981460674
 31
0.0
  0
LINE
  5
43F
330
1F
100
AcDbEntity
  8
0
  6
Continuous
 62
     7
370
     0
100
AcDbLine
 10
7.2627340824
 20
4.4445847564
 30
0.0
 11
7.2627340824
 21
4.6043960674
 31
0.0
  0
LINE
  5
440
330
1F
100
AcDbEntity
  8
0
  6
Continuous
 62
     7
370
     0
100
AcDbLine
 10
7.2627340824
 20
4.6043960674
 30
0.0
 11
7.3060353526
 21
4.6293960674
 31
0.0
  0
LINE
  5
441
330
1F
100
AcDbEntity
  8
0
  6
Continuous
 62
     7
370
     0
100
AcDbLine
 10
7.9502340824
 20
4.6293960674
 30
0.0
 11
7.3060353526
 21
4.6293960674
 31
0.0
  0
LINE
  5
442
330
1F
100
AcDbEntity
  8
0
  6
Continuous
 62
     7
370
     0
100
AcDbLine
 10
7.9502340824
 20
4.6293960674
 30
0.0
 11
7.9502340824
 21
4.7356460674
 31
0.0
  0
LINE
  5
443
330
1F
100
AcDbEntity
  8
0
  6
Continuous
 62
     7
370
     0
100
AcDbLine
 10
8.0127340824
 20
4.7356460674
 30
0.0
 11
7.9502340824
 21
4.7356460674
 31
0.0
  0
LINE
  5
444
330
1F
100
AcDbEntity
  8
0
  6
Continuous
 62
     7
370
     0
100
AcDbLine
 10
8.0127340824
 20
3.7231460674
 30
0.0
 11
7.8677340824
 21
3.7231460674
 31
0.0
  0
LINE
  5
445
330
1F
100
AcDbEntity
  8
0
  6
Continuous
 62
     7
370
     0
100
AcDbLine
 10
7.8677340824
 20
3.7231460674
 30
0.0
 11
7.8427340824
 21
3.7481460674
 31
0.0
  0
LINE
  5
446
330
1F
100
AcDbEntity
  8
0
  6
Continuous
 62
     7
370
     0
100
AcDbLine
 10
7.8427340824
 20
4.3481460674
 30
0.0
 11
7.8427340824
 21
3.7481460674
 31
0.0
  0
LINE
  5
447
330
1F
100
AcDbEntity
  8
0
  6
Continuous
 62
     7
370
     0
100
AcDbLine
 10
7.8077340824
 20
4.3481460674
 30
0.0
 11
7.8427340824
 21
4.3481460674
 31
0.0
  0
LINE
  5
448
330
1F
100
AcDbEntity
  8
0
  6
Continuous
 62
     7
370
     0
100
AcDbLine
 10
7.8077340824
 20
4.5106460674
 30
0.0
 11
7.8077340824
 21
4.3481460674
 31
0.0
  0
LINE
  5
449
330
1F
100
AcDbEntity
  8
0
  6
Continuous
 62
     7
370
     0
100
AcDbLine
 10
7.6377340824
 20
4.5483341601
 30
0.0
 11
7.8077340824
 21
4.5106460674
 31
0.0
  0
LINE
  5
44A
330
1F
100
AcDbEntity
  8
0
  6
Continuous
 62
     7
370
     0
100
AcDbLine
 10
7.4677340824
 20
4.5106460674
 30
0.0
 11
7.6377340824
 21
4.5483341601
 31
0.0
  0
LINE
  5
44B
330
1F
100
AcDbEntity
  8
0
  6
Continuous
 62
     7
370
     0
100
AcDbLine
 10
7.4677340824
 20
4.3481460674
 30
0.0
 11
7.4677340824
 21
4.5106460674
 31
0.0
  0
LINE
  5
44C
330
1F
100
AcDbEntity
  8
0
  6
Continuous
 62
     7
370
     0
100
AcDbLine
 10
7.4327340824
 20
4.3481460674
 30
0.0
 11
7.4677340824
 21
4.3481460674
 31
0.0
  0
LINE
  5
44D
330
1F
100
AcDbEntity
  8
0
  6
Continuous
 62
     7
370
     0
100
AcDbLine
 10
7.4327340824
 20
3.7481460674
 30
0.0
 11
7.4327340824
 21
4.3481460674
 31
0.0
  0
LINE
  5
44E
330
1F
100
AcDbEntity
  8
0
  6
Continuous
 62
     7
370
     0
100
AcDbLine
 10
7.4327340824
 20
3.7481460674
 30
0.0
 11
7.4077340824
 21
3.7231460674
 31
0.0
  0
LINE
  5
44F
330
1F
100
AcDbEntity
  8
0
  6
Continuous
 62
     7
370
     0
100
AcDbLine
 10
7.4077340824
 20
3.7231460674
 30
0.0
 11
7.2627340824
 21
3.7231460674
 31
0.0
  0
LINE
  5
450
330
1F
100
AcDbEntity
  8
0
  6
Continuous
 62
     7
370
     0
100
AcDbLine
 10
7.2627340824
 20
3.7231460674
 30
0.0
 11
7.2627340824
 21
4.0820068269
 31
0.0
  0
LINE
  5
451
330
1F
100
AcDbEntity
  8
0
  6
Continuous
 62
     7
370
     0
100
AcDbLine
 10
7.2627340824
 20
4.0820068269
 30
0.0
 11
7.2629840824
 21
4.0820068269
 31
0.0
  0
LINE
  5
452
330
1F
100
AcDbEntity
  8
0
  6
Continuous
 62
     7
370
     0
100
AcDbLine
 10
7.2629840824
 20
4.0820068269
 30
0.0
 11
7.2629840824
 21
4.0990954345
 31
0.0
  0
LINE
  5
453
330
1F
100
AcDbEntity
  8
0
  6
Continuous
 62
     7
370
     0
100
AcDbLine
 10
7.2629840824
 20
4.0990954345
 30
0.0
 11
7.2627340824
 21
4.0990954345
 31
0.0
  0
LINE
  5
454
330
1F
100
AcDbEntity
  8
0
  6
Continuous
 62
     7
370
     0
100
AcDbLine
 10
7.2627340824
 20
4.0990954345
 30
0.0
 11
7.2627340824
 21
4.1560574598
 31
0.0
  0
LINE
  5
455
330
1F
100
AcDbEntity
  8
0
  6
Continuous
 62
     7
370
     0
100
AcDbLine
 10
7.2627340824
 20
4.1560574598
 30
0.0
 11
7.2629840824
 21
4.1560574598
 31
0.0
  0
LINE
  5
456
330
1F
100
AcDbEntity
  8
0
  6
Continuous
 62
     7
370
     0
100
AcDbLine
 10
7.2629840824
 20
4.1560574598
 30
0.0
 11
7.2629840824
 21
4.1731460674
 31
0.0
  0
LINE
  5
457
330
1F
100
AcDbEntity
  8
0
  6
Continuous
 62
     7
370
     0
100
AcDbLine
 10
8.0127340824
 20
3.7231460674
 30
0.0
 11
8.0127340824
 21
4.7356460674
 31
0.0
  0
LINE
  5
458
330
1F
100
AcDbEntity
  8
0
  6
Continuous
 62
     7
370
     0
100
AcDbLine
 10
7.2629840824
 20
4.2981460674
 30
0.0
 11
7.2629840824
 21
4.4445847566
 31
0.0
  0
LINE
  5
459
330
1F
100
AcDbEntity
  8
0
  6
Continuous
 62
     7
370
     0
100
AcDbLine
 10
7.2627340824
 20
6.1731460674
 30
0.0
 11
8.0127340824
 21
6.1731460674
 31
0.0
  0
LINE
  5
45A
330
1F
100
AcDbEntity
  8
0
  6
Continuous
 62
     7
370
     0
100
AcDbLine
 10
7.9502340824
 20
4.7356460674
 30
0.0
 11
7.9502340824
 21
5.8606460674
 31
0.0
  0
LINE
  5
45B
330
1F
100
AcDbEntity
  8
0
  6
Continuous
 62
     7
370
     0
100
AcDbLine
 10
7.9502340824
 20
5.8606460674
 30
0.0
 11
8.0127340824
 21
5.8606460674
 31
0.0
  0
LINE
  5
45C
330
1F
100
AcDbEntity
  8
0
  6
Continuous
 62
     7
370
     0
100
AcDbLine
 10
8.0127340824
 20
5.8606460674
 30
0.0
 11
8.0127340824
 21
4.7356460674
 31
0.0
  0
LINE
  5
45D
330
1F
100
AcDbEntity
  8
0
  6
Continuous
 62
     7
370
     0
100
AcDbLine
 10
7.9502340824
 20
5.8606460674
 30
0.0
 11
7.9502340824
 21
5.9668960674
 31
0.0
  0
LINE
  5
45E
330
1F
100
AcDbEntity
  8
0
  6
Continuous
 62
     7
370
     0
100
AcDbLine
 10
7.3060353526
 20
5.9668960674
 30
0.0
 11
7.9502340824
 21
5.9668960674
 31
0.0
  0
LINE
  5
45F
330
1F
100
AcDbEntity
  8
0
  6
Continuous
 62
     7
370
     0
100
AcDbLine
 10
7.3060353526
 20
5.9668960674
 30
0.0
 11
7.2627340824
 21
5.9918960674
 31
0.0
  0
LINE
  5
460
330
1F
100
AcDbEntity
  8
0
  6
Continuous
 62
     7
370
     0
100
AcDbLine
 10
7.2627340824
 20
5.9918960674
 30
0.0
 11
7.2627340824
 21
6.1731460674
 31
0.0
  0
LINE
  5
461
330
1F
100
AcDbEntity
  8
0
  6
Continuous
 62
     7
370
     0
100
AcDbLine
 10
8.0127340824
 20
5.8606460674
 30
0.0
 11
8.0127340824
 21
6.1731460674
 31
0.0
  0
LINE
  5
462
330
1F
100
AcDbEntity
  8
0
  6
Continuous
 62
     7
370
     0
100
AcDbLine
 10
7.3060353526
 20
5.3568960674
 30
0.0
 11
7.3060353526
 21
5.2393960674
 31
0.0
  0
LINE
  5
463
330
1F
100
AcDbEntity
  8
0
  6
Continuous
 62
     7
370
     0
100
AcDbLine
 10
7.4327340824
 20
3.7481460674
 30
0.0
 11
7.8427340824
 21
3.7481460674
 31
0.0
  0
LINE
  5
464
330
1F
100
AcDbEntity
  8
0
  6
Continuous
 62
     7
370
     0
100
AcDbLine
 10
7.8677340824
 20
3.7231460674
 30
0.0
 11
7.4077340824
 21
3.7231460674
 31
0.0
  0
LINE
  5
465
330
1F
100
AcDbEntity
  8
0
  6
Continuous
 62
     7
370
     0
100
AcDbLine
 10
7.4677340824
 20
4.5106460674
 30
0.0
 11
7.8077340824
 21
4.5106460674
 31
0.0
  0
LINE
  5
466
330
1F
100
AcDbEntity
  8
0
  6
Continuous
 62
     7
370
     0
100
AcDbLine
 10
7.4677340824
 20
4.3481460674
 30
0.0
 11
7.8077340824
 21
4.3481460674
 31
0.0
  0
LINE
  5
467
330
1F
100
AcDbEntity
  8
0
  6
Continuous
 62
     7
370
     0
100
AcDbLine
 10
7.2627340824
 20
4.6043960674
 30
0.0
 11
7.2627340824
 21
4.6726973376
 31
0.0
  0
LINE
  5
468
330
1F
100
AcDbEntity
  8
0
  6
Continuous
 62
     7
370
     0
100
AcDbLine
 10
7.2627340824
 20
5.2393960674
 30
0.0
 11
7.2627340824
 21
5.3568960674
 31
0.0
  0
LINE
  5
469
330
1F
100
AcDbEntity
  8
0
  6
Continuous
 62
     7
370
     0
100
AcDbLine
 10
7.2627340824
 20
5.9235947972
 30
0.0
 11
7.2627340824
 21
5.9918960674
 31
0.0
  0
LINE
  5
46A
330
1F
100
AcDbEntity
  8
0
  6
Continuous
 62
     7
370
     0
100
AcDbLine
 10
7.2629840824
 20
4.3220954611
 30
0.0
 11
7.2627340824
 21
4.3220954611
 31
0.0
  0
LINE
  5
46B
330
1F
100
AcDbEntity
  8
0
  6
Continuous
 62
     7
370
     0
100
AcDbLine
 10
7.2629840824
 20
4.3527716959
 30
0.0
 11
7.2627340824
 21
4.3527716959
 31
0.0
  0
LINE
  5
46C
330
1F
100
AcDbEntity
  8
0
  6
Continuous
 62
     7
370
     0
100
AcDbLine
 10
7.2629840824
 20
4.4169966058
 30
0.0
 11
7.2627340824
 21
4.4169966058
 31
0.0
  0
LINE
  5
46D
330
1F
100
AcDbEntity
  8
0
  6
Continuous
 62
     7
370
     0
100
AcDbLine
 10
7.2629840824
 20
4.400818541
 30
0.0
 11
7.2627340824
 21
4.400818541
 31
0.0
  0
LINE
  5
46E
330
1F
100
AcDbEntity
  8
0
  6
Continuous
 62
     7
370
     0
100
AcDbLine
 10
7.2629840824
 20
4.3831760146
 30
0.0
 11
7.2627340824
 21
4.3831760146
 31
0.0
  0
LINE
  5
46F
330
1F
100
AcDbEntity
  8
0
  6
Continuous
 62
     7
370
     0
100
AcDbLine
 10
7.2627340824
 20
4.0820068269
 30
0.0
 11
7.2627340824
 21
4.0990954345
 31
0.0
  0
LINE
  5
470
330
1F
100
AcDbEntity
  8
0
  6
Continuous
 62
     7
370
     0
100
AcDbLine
 10
7.2627340824
 20
4.1560574598
 30
0.0
 11
7.2627340824
 21
4.1731460674
 31
0.0
  0
LINE
  5
471
330
1F
100
AcDbEntity
  8
0
  6
Continuous
 62
     7
370
     0
100
AcDbLine
 10
7.2627340824
 20
4.3545390614
 30
0.0
 11
7.2627340824
 21
4.3814086491
 31
0.0
  0
LINE
  5
472
330
1F
100
AcDbEntity
  8
0
  6
Continuous
 62
     7
370
     0
100
AcDbLine
 10
7.2627340824
 20
4.4187639713
 30
0.0
 11
7.2627340824
 21
4.4445847564
 31
0.0
  0
HATCH
  5
473
330
1F
100
AcDbEntity
  8
0
  6
Continuous
 62
     7
370
     0
100
AcDbHatch
 10
0.0
 20
0.0
 30
0.0
210
0.0
220
0.0
230
1.0
  2
ANSI31
 70
     0
 71
     0
 91
        1
 92
        0
 93
        7
 72
     1
 10
8.012734082396994
 20
6.173146067415721
 11
7.262734082396994
 21
6.173146067415721
 72
     1
 10
7.262734082396994
 20
6.173146067415721
 11
7.262734082396994
 21
5.991896067415721
 72
     1
 10
7.262734082396994
 20
5.991896067415721
 11
7.306035352586216
 21
5.966896067415721
 72
     1
 10
7.306035352586216
 20
5.966896067415721
 11
7.950234082396994
 21
5.966896067415721
 72
     1
 10
7.950234082396994
 20
5.966896067415721
 11
7.950234082396994
 21
5.860646067415721
 72
     1
 10
7.950234082396994
 20
5.860646067415721
 11
8.012734082396994
 21
5.860646067415721
 72
     1
 10
8.012734082396994
 20
5.860646067415721
 11
8.012734082396994
 21
6.173146067415721
 97
        0
 75
     0
 76
     1
 52
0.0
 41
0.5
 77
     0
 78
     1
 53
45.0
 43
0.0
 44
0.0
 45
-0.0441941738241592
 46
0.0441941738241592
 79
     0
 98
        1
 10
0.0
 20
0.0
  0
HATCH
  5
474
330
1F
100
AcDbEntity
  8
0
  6
Continuous
 62
     7
370
     0
100
AcDbHatch
 10
0.0
 20
0.0
 30
0.0
210
0.0
220
0.0
230
1.0
  2
ANSI31
 70
     0
 71
     0
 91
        1
 92
        0
 93
       30
 72
     1
 10
7.262984082396994
 20
4.173146067415721
 11
7.262984082396994
 21
4.156057459820785
 72
     1
 10
7.262984082396994
 20
4.156057459820785
 11
7.262734082396994
 21
4.156057459820785
 72
     1
 10
7.262734082396994
 20
4.156057459820785
 11
7.262734082396994
 21
4.099095434504329
 72
     1
 10
7.262734082396994
 20
4.099095434504329
 11
7.262984082396994
 21
4.099095434504329
 72
     1
 10
7.262984082396994
 20
4.099095434504329
 11
7.262984082396994
 21
4.082006826909392
 72
     1
 10
7.262984082396994
 20
4.082006826909392
 11
7.262734082396994
 21
4.082006826909392
 72
     1
 10
7.262734082396994
 20
4.082006826909392
 11
7.262734082396994
 21
3.723146067415721
 72
     1
 10
7.262734082396994
 20
3.723146067415721
 11
7.407734082396994
 21
3.723146067415721
 72
     1
 10
7.407734082396994
 20
3.723146067415721
 11
7.432734082396995
 21
3.748146067415722
 72
     1
 10
7.432734082396995
 20
3.748146067415722
 11
7.432734082396995
 21
4.348146067415722
 72
     1
 10
7.432734082396995
 20
4.348146067415722
 11
7.467734082396995
 21
4.348146067415722
 72
     1
 10
7.467734082396995
 20
4.348146067415722
 11
7.467734082396994
 21
4.51064606741572
 72
     1
 10
7.467734082396994
 20
4.51064606741572
 11
7.637734082396995
 21
4.54833416006502
 72
     1
 10
7.637734082396995
 20
4.54833416006502
 11
7.807734082396994
 21
4.51064606741572
 72
     1
 10
7.807734082396994
 20
4.51064606741572
 11
7.807734082396994
 21
4.348146067415722
 72
     1
 10
7.807734082396994
 20
4.348146067415722
 11
7.842734082396994
 21
4.348146067415722
 72
     1
 10
7.842734082396994
 20
4.348146067415722
 11
7.842734082396994
 21
3.748146067415722
 72
     1
 10
7.842734082396994
 20
3.748146067415722
 11
7.867734082396994
 21
3.723146067415721
 72
     1
 10
7.867734082396994
 20
3.723146067415721
 11
8.012734082396994
 21
3.723146067415721
 72
     1
 10
8.012734082396994
 20
3.723146067415721
 11
8.012734082396994
 21
4.735646067415721
 72
     1
 10
8.012734082396994
 20
4.735646067415721
 11
7.950234082396994
 21
4.735646067415721
 72
     1
 10
7.950234082396994
 20
4.735646067415721
 11
7.950234082396994
 21
4.629396067415721
 72
     1
 10
7.950234082396994
 20
4.629396067415721
 11
7.306035352586216
 21
4.629396067415721
 72
     1
 10
7.306035352586216
 20
4.629396067415721
 11
7.262734082396994
 21
4.60439606741572
 72
     1
 10
7.262734082396994
 20
4.60439606741572
 11
7.262734082396994
 21
4.444584756445638
 72
     1
 10
7.262734082396994
 20
4.444584756445638
 11
7.262984082396994
 21
4.444584756615599
 72
     1
 10
7.262984082396994
 20
4.444584756615599
 11
7.262984082396994
 21
4.298146067415721
 72
     1
 10
7.262984082396994
 20
4.298146067415721
 11
7.262734082396994
 21
4.298146067415721
 72
     1
 10
7.262734082396994
 20
4.298146067415721
 11
7.262734082396994
 21
4.173146067415721
 72
     1
 10
7.262734082396994
 20
4.173146067415721
 11
7.262984082396994
 21
4.173146067415721
 97
        0
 75
     0
 76
     1
 52
0.0
 41
0.5
 77
     0
 78
     1
 53
45.0
 43
0.0
 44
0.0
 45
-0.0441941738241592
 46
0.0441941738241592
 79
     0
 98
        1
 10
0.0
 20
0.0
  0
HATCH
  5
475
330
1F
100
AcDbEntity
  8
0
  6
Continuous
 62
     7
370
     0
100
AcDbHatch
 10
0.0
 20
0.0
 30
0.0
210
0.0
220
0.0
230
1.0
  2
ANSI31
 70
     0
 71
     0
 91
        1
 92
        0
 93
        6
 72
     1
 10
7.400234082396995
 20
4.629396067415721
 11
7.425234082396995
 21
4.672697337604942
 72
     1
 10
7.425234082396995
 20
4.672697337604942
 11
7.425234082396995
 21
4.754396067415721
 72
     1
 10
7.425234082396995
 20
4.754396067415721
 11
7.262734082396994
 21
4.754396067415721
 72
     1
 10
7.262734082396994
 20
4.754396067415721
 11
7.262734082396994
 21
4.672697337604942
 72
     1
 10
7.262734082396994
 20
4.672697337604942
 11
7.287734082396994
 21
4.629396067415721
 72
     1
 10
7.287734082396994
 20
4.629396067415721
 11
7.400234082396995
 21
4.629396067415721
 97
        0
 75
     0
 76
     1
 52
90.0
 41
0.5
 77
     0
 78
     1
 53
135.0000000000002
 43
0.0
 44
0.0
 45
-0.0441941738241591
 46
-0.0441941738241594
 79
     0
 98
        1
 10
0.0
 20
0.0
  0
HATCH
  5
476
330
1F
100
AcDbEntity
  8
0
  6
Continuous
 62
     7
370
     0
100
AcDbHatch
 10
0.0
 20
0.0
 30
0.0
210
0.0
220
0.0
230
1.0
  2
ANSI31
 70
     0
 71
     0
 91
        1
 92
        0
 93
        6
 72
     1
 10
7.262734082396994
 20
5.841896067415721
 11
7.425234082396995
 21
5.841896067415721
 72
     1
 10
7.425234082396995
 20
5.841896067415721
 11
7.425234082396995
 21
5.9235947972265
 72
     1
 10
7.425234082396995
 20
5.9235947972265
 11
7.400234082396995
 21
5.966896067415721
 72
     1
 10
7.400234082396995
 20
5.966896067415721
 11
7.287734082396994
 21
5.966896067415721
 72
     1
 10
7.287734082396994
 20
5.966896067415721
 11
7.262734082396994
 21
5.9235947972265
 72
     1
 10
7.262734082396994
 20
5.9235947972265
 11
7.262734082396994
 21
5.841896067415721
 97
        0
 75
     0
 76
     1
 52
90.0
 41
0.5
 77
     0
 78
     1
 53
135.0000000000002
 43
0.0
 44
0.0
 45
-0.0441941738241591
 46
-0.0441941738241594
 79
     0
 98
        1
 10
0.0
 20
0.0
  0
DIMENSION
  5
477
330
1F
100
AcDbEntity
  8
0
  6
Continuous
 62
     8
370
     0
100
AcDbDimension
  2
_D_7
 10
8.6374621534
 20
4.7356460674
 30
0.0
 11
8.6374621534
 21
5.2974612721
 31
0.0
 70
   160
  1
%%c<>in\P[%%c11.4mm]
 71
     2
 42
-1.0
  3
SLDDIMSTYLE7
100
AcDbAlignedDimension
 13
8.0127340824
 23
5.8606460674
 33
0.0
 14
8.0127340824
 24
4.7356460674
 34
0.0
 50
90.0
100
AcDbRotatedDimension
  0
DIMENSION
  5
488
330
1F
100
AcDbEntity
  8
0
  6
Continuous
 62
     8
370
     0
100
AcDbDimension
  2
_D_8
 10
8.0127340824
 20
6.7968689181
 30
0.0
 11
7.6438799019
 21
6.7968689181
 31
0.0
 70
   160
  1
<>
 71
     2
 42
-1.0
  3
SLDDIMSTYLE8
100
AcDbAlignedDimension
 13
7.2627340824
 23
6.1731460674
 33
0.0
 14
8.0127340824
 24
6.1731460674
 34
0.0
100
AcDbRotatedDimension
  0
DIMENSION
  5
49E
330
1F
100
AcDbEntity
  8
0
  6
Continuous
 62
     8
370
     0
100
AcDbDimension
  2
_D_9
 10
7.9502340824
 20
6.4253861424
 30
0.0
 11
7.6064840824
 21
6.4253861424
 31
0.0
 70
   160
  1
<>
 71
     2
 42
-1.0
  3
SLDDIMSTYLE6
100
AcDbAlignedDimension
 13
7.2627340824
 23
6.1731460674
 33
0.0
 14
7.9502340824
 24
5.9668960674
 34
0.0
100
AcDbRotatedDimension
  0
MTEXT
  5
4B2
330
1F
100
AcDbEntity
  8
0
  6
Continuous
 62
     7
370
     0
100
AcDbMText
 10
7.6306063639
 20
3.2677906005
 30
0.0
 40
0.0833333333
 41
0.0
 71
     2
 72
     1
  1
SECTION A-A
  7
SLDTEXTSTYLE0
 73
     1
 44
1.0
  0
LINE
  5
4B3
330
1F
100
AcDbEntity
  8
0
  6
CENTERX2
 62
     7
370
     0
100
AcDbLine
 10
8.2127335834
 20
5.2981460674
 30
0.0
 11
7.062734232
 21
5.2981460674
 31
0.0
  0
LINE
  5
4B4
330
1F
100
AcDbEntity
  8
0
  6
CENTERX2
 62
     7
370
     0
100
AcDbLine
 10
7.6377340824
 20
4.7483341919
 30
0.0
 11
7.6377340824
 21
3.5231458702
 31
0.0
  0
OLE2FRAME
  5
4B5
330
1F
100
AcDbEntity
  8
0
100
AcDbOle2Frame
 70
     2
  3
Paintbrush Picture
 10
8.9855763461
 20
1.359661663
 30
0.0
 11
10.3933257097
 21
1.1455587898
 31
0.0
 71
     2
 72
     0
 73
     1
 90
     7296
310
80552D317C769DF8214007FA84962CC1F53F0000000000000000D9FCC7FC61C9
310
244007FA84962CC1F53F0000000000000000D9FCC7FC61C92440CE651F743554
310
F23F00000000000000002D317C769DF82140CE651F743554F23F000000000000
310
00000000000001000000000100000100000001000000000001000000001C0000
310
D0CF11E0A1B11AE1000000000000000000000000000000003E000300FEFF0900
310
0600000000000000000000000100000001000000000000000010000002000000
310
01000000FEFFFFFF0000000000000000FFFFFFFFFFFFFFFFFFFFFFFFFFFFFFFF
310
FFFFFFFFFFFFFFFFFFFFFFFFFFFFFFFFFFFFFFFFFFFFFFFFFFFFFFFFFFFFFFFF
310
FFFFFFFFFFFFFFFFFFFFFFFFFFFFFFFFFFFFFFFFFFFFFFFFFFFFFFFFFFFFFFFF
310
FFFFFFFFFFFFFFFFFFFFFFFFFFFFFFFFFFFFFFFFFFFFFFFFFFFFFFFFFFFFFFFF
310
FFFFFFFFFFFFFFFFFFFFFFFFFFFFFFFFFFFFFFFFFFFFFFFFFFFFFFFFFFFFFFFF
310
FFFFFFFFFFFFFFFFFFFFFFFFFFFFFFFFFFFFFFFFFFFFFFFFFFFFFFFFFFFFFFFF
310
FFFFFFFFFFFFFFFFFFFFFFFFFFFFFFFFFFFFFFFFFFFFFFFFFFFFFFFFFFFFFFFF
310
FFFFFFFFFFFFFFFFFFFFFFFFFFFFFFFFFFFFFFFFFFFFFFFFFFFFFFFFFFFFFFFF
310
FFFFFFFFFFFFFFFFFFFFFFFFFFFFFFFFFFFFFFFFFFFFFFFFFFFFFFFFFFFFFFFF
310
FFFFFFFFFFFFFFFFFFFFFFFFFFFFFFFFFFFFFFFFFFFFFFFFFFFFFFFFFFFFFFFF
310
FFFFFFFFFFFFFFFFFFFFFFFFFFFFFFFFFFFFFFFFFFFFFFFFFFFFFFFFFFFFFFFF
310
FFFFFFFFFFFFFFFFFFFFFFFFFFFFFFFFFFFFFFFFFFFFFFFFFFFFFFFFFFFFFFFF
310
FFFFFFFFFFFFFFFFFFFFFFFFFFFFFFFFFFFFFFFFFFFFFFFFFFFFFFFFFFFFFFFF
310
FFFFFFFFFFFFFFFFFFFFFFFFFFFFFFFFFFFFFFFFFFFFFFFFFFFFFFFFFFFFFFFF
310
FDFFFFFFFEFFFFFFFEFFFFFFFEFFFFFF05000000060000000700000008000000
310
090000000A0000000B0000000C000000FEFFFFFFFFFFFFFFFFFFFFFFFFFFFFFF
310
FFFFFFFFFFFFFFFFFFFFFFFFFFFFFFFFFFFFFFFFFFFFFFFFFFFFFFFFFFFFFFFF
310
FFFFFFFFFFFFFFFFFFFFFFFFFFFFFFFFFFFFFFFFFFFFFFFFFFFFFFFFFFFFFFFF
310
FFFFFFFFFFFFFFFFFFFFFFFFFFFFFFFFFFFFFFFFFFFFFFFFFFFFFFFFFFFFFFFF
310
FFFFFFFFFFFFFFFFFFFFFFFFFFFFFFFFFFFFFFFFFFFFFFFFFFFFFFFFFFFFFFFF
310
FFFFFFFFFFFFFFFFFFFFFFFFFFFFFFFFFFFFFFFFFFFFFFFFFFFFFFFFFFFFFFFF
310
FFFFFFFFFFFFFFFFFFFFFFFFFFFFFFFFFFFFFFFFFFFFFFFFFFFFFFFFFFFFFFFF
310
FFFFFFFFFFFFFFFFFFFFFFFFFFFFFFFFFFFFFFFFFFFFFFFFFFFFFFFFFFFFFFFF
310
FFFFFFFFFFFFFFFFFFFFFFFFFFFFFFFFFFFFFFFFFFFFFFFFFFFFFFFFFFFFFFFF
310
FFFFFFFFFFFFFFFFFFFFFFFFFFFFFFFFFFFFFFFFFFFFFFFFFFFFFFFFFFFFFFFF
310
FFFFFFFFFFFFFFFFFFFFFFFFFFFFFFFFFFFFFFFFFFFFFFFFFFFFFFFFFFFFFFFF
310
FFFFFFFFFFFFFFFFFFFFFFFFFFFFFFFFFFFFFFFFFFFFFFFFFFFFFFFFFFFFFFFF
310
FFFFFFFFFFFFFFFFFFFFFFFFFFFFFFFFFFFFFFFFFFFFFFFFFFFFFFFFFFFFFFFF
310
FFFFFFFFFFFFFFFFFFFFFFFFFFFFFFFFFFFFFFFFFFFFFFFFFFFFFFFFFFFFFFFF
310
FFFFFFFFFFFFFFFFFFFFFFFFFFFFFFFFFFFFFFFFFFFFFFFFFFFFFFFFFFFFFFFF
310
52006F006F007400200045006E00740072007900000000000000000000000000
310
0000000000000000000000000000000000000000000000000000000000000000
310
16000500FFFFFFFFFFFFFFFF020000000A00030000000000C000000000000046
310
00000000000000000000000080663D199F36D20103000000C000000000000000
310
01004F006C006500000000000000000000000000000000000000000000000000
310
0000000000000000000000000000000000000000000000000000000000000000
310
0A000200FFFFFFFFFFFFFFFFFFFFFFFF00000000000000000000000000000000
310
0000000000000000000000000000000000000000000000001400000000000000
310
010043006F006D0070004F0062006A0000000000000000000000000000000000
310
0000000000000000000000000000000000000000000000000000000000000000
310
120002010100000003000000FFFFFFFF00000000000000000000000000000000
310
0000000000000000000000000000000000000000010000004D00000000000000
310
01004F006C006500310030004E00610074006900760065000000000000000000
310
0000000000000000000000000000000000000000000000000000000000000000
310
1A000200FFFFFFFFFFFFFFFFFFFFFFFF00000000000000000000000000000000
310
000000000000000000000000000000000000000004000000E411000000000000
310
FEFFFFFF02000000FEFFFFFFFFFFFFFFFFFFFFFFFFFFFFFFFFFFFFFFFFFFFFFF
310
FFFFFFFFFFFFFFFFFFFFFFFFFFFFFFFFFFFFFFFFFFFFFFFFFFFFFFFFFFFFFFFF
310
FFFFFFFFFFFFFFFFFFFFFFFFFFFFFFFFFFFFFFFFFFFFFFFFFFFFFFFFFFFFFFFF
310
FFFFFFFFFFFFFFFFFFFFFFFFFFFFFFFFFFFFFFFFFFFFFFFFFFFFFFFFFFFFFFFF
310
FFFFFFFFFFFFFFFFFFFFFFFFFFFFFFFFFFFFFFFFFFFFFFFFFFFFFFFFFFFFFFFF
310
FFFFFFFFFFFFFFFFFFFFFFFFFFFFFFFFFFFFFFFFFFFFFFFFFFFFFFFFFFFFFFFF
310
FFFFFFFFFFFFFFFFFFFFFFFFFFFFFFFFFFFFFFFFFFFFFFFFFFFFFFFFFFFFFFFF
310
FFFFFFFFFFFFFFFFFFFFFFFFFFFFFFFFFFFFFFFFFFFFFFFFFFFFFFFFFFFFFFFF
310
FFFFFFFFFFFFFFFFFFFFFFFFFFFFFFFFFFFFFFFFFFFFFFFFFFFFFFFFFFFFFFFF
310
FFFFFFFFFFFFFFFFFFFFFFFFFFFFFFFFFFFFFFFFFFFFFFFFFFFFFFFFFFFFFFFF
310
FFFFFFFFFFFFFFFFFFFFFFFFFFFFFFFFFFFFFFFFFFFFFFFFFFFFFFFFFFFFFFFF
310
FFFFFFFFFFFFFFFFFFFFFFFFFFFFFFFFFFFFFFFFFFFFFFFFFFFFFFFFFFFFFFFF
310
FFFFFFFFFFFFFFFFFFFFFFFFFFFFFFFFFFFFFFFFFFFFFFFFFFFFFFFFFFFFFFFF
310
FFFFFFFFFFFFFFFFFFFFFFFFFFFFFFFFFFFFFFFFFFFFFFFFFFFFFFFFFFFFFFFF
310
FFFFFFFFFFFFFFFFFFFFFFFFFFFFFFFFFFFFFFFFFFFFFFFFFFFFFFFFFFFFFFFF
310
FFFFFFFFFFFFFFFFFFFFFFFFFFFFFFFFFFFFFFFFFFFFFFFFFFFFFFFFFFFFFFFF
310
0100000200000000000000000000000000000000000000000000000000000000
310
0000000000000000000000000000000000000000000000000000000000000000
310
0100FEFF030A0000FFFFFFFF0A00030000000000C00000000000004607000000
310
5042727573680007000000504272757368000700000050427275736800F439B2
310
7100000000000000000000000000000000000000000000000000000000000000
310
0000000000000000000000000000000000000000000000000000000000000000
310
0000000000000000000000000000000000000000000000000000000000000000
310
0000000000000000000000000000000000000000000000000000000000000000
310
0000000000000000000000000000000000000000000000000000000000000000
310
0000000000000000000000000000000000000000000000000000000000000000
310
0000000000000000000000000000000000000000000000000000000000000000
310
0000000000000000000000000000000000000000000000000000000000000000
310
0000000000000000000000000000000000000000000000000000000000000000
310
0000000000000000000000000000000000000000000000000000000000000000
310
0000000000000000000000000000000000000000000000000000000000000000
310
0000000000000000000000000000000000000000000000000000000000000000
310
E0110000424DDE11000000000000360400002800000096000000170000000100
310
08000000000000000000E7240000E72400000001000000010000000000FF0101
310
01FF020202FF030303FF040404FF050505FF060606FF070707FF080808FF0909
310
09FF0A0A0AFF0B0B0BFF0C0C0CFF0D0D0DFF0E0E0EFF0F0F0FFF101010FF1111
310
11FF121212FF131313FF141414FF151515FF161616FF171717FF181818FF1919
310
19FF1A1A1AFF1B1B1BFF1C1C1CFF1D1D1DFF1E1E1EFF1F1F1FFF202020FF2121
310
21FF222222FF232323FF242424FF252525FF262626FF272727FF282828FF2929
310
29FF2A2A2AFF2B2B2BFF2C2C2CFF2D2D2DFF2E2E2EFF2F2F2FFF303030FF3131
310
31FF323232FF333333FF343434FF353535FF363636FF373737FF383838FF3939
310
39FF3A3A3AFF3B3B3BFF3C3C3CFF3D3D3DFF3E3E3EFF3F3F3FFF404040FF4141
310
41FF424242FF434343FF444444FF454545FF464646FF474747FF484848FF4949
310
49FF4A4A4AFF4B4B4BFF4C4C4CFF4D4D4DFF4E4E4EFF4F4F4FFF505050FF5151
310
51FF525252FF535353FF545454FF555555FF565656FF575757FF585858FF5959
310
59FF5A5A5AFF5B5B5BFF5C5C5CFF5D5D5DFF5E5E5EFF5F5F5FFF606060FF6161
310
61FF626262FF636363FF646464FF656565FF666666FF676767FF686868FF6969
310
69FF6A6A6AFF6B6B6BFF6C6C6CFF6D6D6DFF6E6E6EFF6F6F6FFF707070FF7171
310
71FF727272FF737373FF747474FF757575FF767676FF777777FF787878FF7979
310
79FF7A7A7AFF7B7B7BFF7C7C7CFF7D7D7DFF7E7E7EFF7F7F7FFF808080FF8181
310
81FF828282FF838383FF848484FF858585FF868686FF878787FF888888FF8989
310
89FF8A8A8AFF8B8B8BFF8C8C8CFF8D8D8DFF8E8E8EFF8F8F8FFF909090FF9191
310
91FF929292FF939393FF949494FF959595FF969696FF979797FF989898FF9999
310
99FF9A9A9AFF9B9B9BFF9C9C9CFF9D9D9DFF9E9E9EFF9F9F9FFFA0A0A0FFA1A1
310
A1FFA2A2A2FFA3A3A3FFA4A4A4FFA5A5A5FFA6A6A6FFA7A7A7FFA8A8A8FFA9A9
310
A9FFAAAAAAFFABABABFFACACACFFADADADFFAEAEAEFFAFAFAFFFB0B0B0FFB1B1
310
B1FFB2B2B2FFB3B3B3FFB4B4B4FFB5B5B5FFB6B6B6FFB7B7B7FFB8B8B8FFB9B9
310
B9FFBABABAFFBBBBBBFFBCBCBCFFBDBDBDFFBEBEBEFFBFBFBFFFC0C0C0FFC1C1
310
C1FFC2C2C2FFC3C3C3FFC4C4C4FFC5C5C5FFC6C6C6FFC7C7C7FFC8C8C8FFC9C9
310
C9FFCACACAFFCBCBCBFFCCCCCCFFCDCDCDFFCECECEFFCFCFCFFFD0D0D0FFD1D1
310
D1FFD2D2D2FFD3D3D3FFD4D4D4FFD5D5D5FFD6D6D6FFD7D7D7FFD8D8D8FFD9D9
310
D9FFDADADAFFDBDBDBFFDCDCDCFFDDDDDDFFDEDEDEFFDFDFDFFFE0E0E0FFE1E1
310
E1FFE2E2E2FFE3E3E3FFE4E4E4FFE5E5E5FFE6E6E6FFE7E7E7FFE8E8E8FFE9E9
310
E9FFEAEAEAFFEBEBEBFFECECECFFEDEDEDFFEEEEEEFFEFEFEFFFF0F0F0FFF1F1
310
F1FFF2F2F2FFF3F3F3FFF4F4F4FFF5F5F5FFF6F6F6FFF7F7F7FFF8F8F8FFF9F9
310
F9FFFAFAFAFFFBFBFBFFFCFCFCFFFDFDFDFFFEFEFEFFFFFFFFFFFFFFFFFFFFFF
310
C94E4E4E4F4E4EFFFFFFFFFFC94E4E4E4E4E72FFFFFFFFFFFFFF734E4D4E4E4E
310
C9FFFFFFFFFFAA683516171616265B9BE9FFFFFFFFFF4E4E4E4D4E4EFFFFFFFF
310
FFFFFFFF4E4E4F4E4D4E4E4E4F4E4E4F4D4E4E4E4E4E4D4E4F4E4D4E4E4EAAFF
310
FFFFFFFFFFEA4E4F4F4E4E4E4E4E4D4D4F4F4E4E4E4E4E5B7FAAFFFFFFFFFFFF
310
C9744E1716171616164D8DEAFFFFFFFF0000FFFFFFFFFFFFBA161617161716FF
310
FFFFFFFFB917171616174FFFFFFFFFFFFFFF4E1716161616B9FFFFFFB9341717
310
1716171617171616268CFFFFFFFF161617161617FFFFFFFFFFFFFFB917161717
310
1617167F807F7F7F7F7F7F807F7F807F7F807F7F7F414EFFFFFFFFFFFF8C167F
310
7F807F7F7F7E7F7F807F807F7F807F4E3417258EFFFFEA4E162674AABAEAEBBA
310
AA74341680FFFFFF0000FFFFFFFFFFFFB9171717171617FFFFFFFFFFBB161616
310
16164EFFFFFFFFFFFFFF4E1717171717B9FFFF9C171617171716161616171616
310
171766FFFFFF161717161617FFFFFFFFFFFFFF8E16171717161616FFFFFFFFFF
310
FFFFFFFFFFFFFFFFFFFFFFFFFFAA16D9FFFFFFFFFF3467FFFFFFFFEAFFFFFFFF
310
FFFFFFFFFFFFFFFFFFCA671667EB26278DFFFFFFFFFFFFFFFFFFFF8C2541EAFF
310
0000FFFFFFFFFFFFB9171717171716FFFFFFFFFFBA16171617174EFFFFFFFFFF
310
FFFF4E1717161616BAFF9B1617161616171716171617161616161667FFFF1616
310
16161716FFFFFFFFFFFFFF7F16161617174017FFFFFFFFFFFFFFFFFFFFFFFFFF
310
FFFFFFFFFFFF344E7F7F7F7E7417DAFFFFFFFF80FFFFFFFFFFFFFFFFFFFFFFFF
310
FFFFFF9B163425CAFFFFFFFFFFFFFFFFFFFFFFFFCA2667FF0000FFFFFFFFFFFF
310
BA171717171617FFFFFFFFFFB916171716164EFFFFFFFFFFFFFF4F1716161717
310
B9C91716171616161716161617171616161617168DFF161716161717FFFFFFFF
310
FFFFFF7F17171716164F16FFFFFFFFFFFFFFFFFFFFFFFFFFFFFFFFFFFFFF9B16
310
17161617174EFFFFFFFFFF34FFFFFFFFD9BABABABABADAFFFFFFFFFF7F16AAFF
310
FFFFFFFFFFFFFFFFFFFFFFFFFF9C16BA0000FFFFFFFFFFFFB9161717161717FF
310
FFFFFFFFB917161716174DFFFFFFFFFFFFFF4E1616161616BA4E161617171716
310
419BEAEAAA4E16161617161726E9171717161616FFFFFFFFFFFFFF4F16161717
310
164E16FFFFFFFFFFBAB9B9B9B9B9BABABACAFFFFFFFFFFFFFFFFFFFFFFFFFFFF
310
FFFFBA16FFFFFFFF7F1617161617174DEAFFFFFFEA41FFFFFFFFFFAA4D16174E
310
9BFFFFFFFFFF34730000FFFFFFFFFFFFB9161617171617FFFFFFFFFFBA161616
310
16164EFFFFFFFFFFFFFF4F16161717169B1617161716175BFFFFFFFFFFFF7417
310
16171616168D171717161617FFFFFFFFFFFFEA2616171717167416FFFFFFFFFF
310
16171616171717171717EAFFFFFFFFFFFFFFFFFFFFFFFFFFFFFF6716FFFFFFFF
310
7F4EFFFFFFFFBA2573FFFFFFFFBAFFFFFFFFAA167FB9BB9B269BFFFFFFFF664F
310
0000FFFFFFFFFFFFB9171616161616FFFFFFFFFFBA16161717164EFFFFFFFFFF
310
FFFF4E16161616174E161617171626EAFFFFFFFFFFFFFF4E16161616164E1716
310
16161617FFFFFFFFFFFF671616161716347F16FFFFFFFFFF16B9FFFFFFFFFFFF
310
D9168DFFFFFFFFFFFFFFFFFFFFFFFFFFFFEA1716FFFFFFFF7F4EFFFFFFFFFF7F
310
4EFFFFFFFFFFFFFFFFFF5B66FFFFFFEA347FFFFFFFFF7F4D0000FFFFFFFFFFFF
310
B9171616171617FFFFFFFFFFBA17161716174EFFFFFFFFFFFFFF4D1716161617
310
17161716161673FFFFFFFFFFFFFFFF9B1617161717161616171616174F4E4E4E
310
4E341616171616167E7F16FFFFFFFFFF16BAFFFFFFFFFFFFFF5B41FFFFFFFF34
310
1616171616BAFFFFFF9B1716FFFFFFFF7F4EFFFFFFFFFF4E4EFFFFFFFF734E4E
310
4E4E267EDA9B67164EEAFFFFFFFF744D0000FFFFFFFFFFFFBA171717161617FF
310
FFFFFFFFBA1616171616347F7F7F7F80807F331616161717161717161716B9FF
310
FFFFFFFFFFFFFFE9161616161616171716161716171616161616171616171734
310
EA7F16FFFFFFFFFF16BAFFFFFFFFFFFFFFAA17C9FFFFFF7326BABA5B25FFFFFF
310
FF401716FFFFFFFF7F264F4E4E4E4217AAFFFFFFEA16677F73261616164173CA
310
FFFFFFFFFFFF417F0000FFFFFFFFFFFFBA171616171617FFFFFFFFFFBA161616
310
17171616161616161616161717161616161616161617EAFFFFFFFFFFFFFFFFFF
310
261717161716161617161616161617161617161616174EEAFF8016FFFFFFFFFF
310
17BAFFFFFFFFFFFFFFFF3467FFFFFFC916C9FF3467FFFFFFDA166716FFFFFFFF
310
9C4D4E4E4E4E67AAFFFFFFFF6834FF7F262567AAEAFFFFFFFFFFFFFFFF9B17D9
310
0000FFFFFFFFFFFFB9161616161616FFFFFFFFFFBA1617161717171616161616
310
1716171716161716161617171716FFFFFFFFFFFFFFFFFFFF4E17161716171616
310
1617171616161716171717161616169BFF7F17FFFFFFFFFF17B9FFFFFFFFFFFF
310
FFFF7326FFFFFFFF3473DA16AAFFFFFF7317AA16FFFFFFFFFFFFFFFFFFFFFFFF
310
FFFFEA6725BA4E167FEAFFFFFFFFFFFFFFFFFFFF9C167FFF0000FFFFFFFFFFFF
310
B9161717171716FFFFFFFFFFBA16161716171616171717161617161716161616
310
171617171617EAFFFFFFFFFFFFFFFFFF26161717161616161616161617171616
310
1616161616171616AA8016FFFFFFFFFF16BAFFFFFFFFFFFFFFFFDA179BFFFFFF
310
74348D26FFFFFFFF2566B917FFFFFFFFD8BAB9BAB9BADAFFFFEA41169B7425C9
310
FFFFFFFFFFFFFFFFFFFFAB4F1680FFFF0000FFFFFFFFFFFFBA161717171617FF
310
FFFFFFFFBA17161717161617171617161616161617171616171716171617BBFF
310
FFFFFFFFFFFFFFE9171616161617161617161716FFFFFFFFFFD9671616161617
310
348017FFFFFFFFFF16BAFFFFFFFFFFFFFFFFFF4E5AFFFFFFC916265AFFFFFFAA
310
16AABA16FFFFFFFF7F1617161616179BFFFFEB4127168DFFFFFFFFFFFFFFD99B
310
6734175AC9FFFFFF0000FFFFFFFFFFFFB9161617171617FFFFFFFFFFBB161616
310
1616347F807F7F7F7F8033171716171617171616161672FFFFFFFFFFFFFFFF9C
310
171617171617161716161617FFFFFFFFFFFFFF4117161616174E17FFFFFFFFFF
310
16BAFFFFFFFFFFFFFFFFFF9B16DAFFFFFF34169BFFFFFF5A26FFB917FFFFFFFF
310
7F4EFFFFFFEA5B26FFFFFFEA2616EAFFFFFFFFDA743416331617414E4E4E4ECA
310
0000FFFFFFFFFFFFBA161716161616FFFFFFFFFFBA17171616164EFFFFFFFFFF
310
FFFF4E16161717174E161717171626EBFFFFFFFFFFFFFF4E16161617165B1616
310
16171617FFFFFFFFFFFFFF6716161616161617FFFFFFFFFF16BAFFFFFFFFFFFF
310
FFFFFFEA268CFFFFFF7316EAFFFFEB1774FFB916FFFFFFFF7F4EFFFFFFFF7316
310
FFFFFFFF6826FFFFFFFFEB264D9CEABA257F807F7F6616BA0000FFFFFFFFFFFF
310
BA161716161616FFFFFFFFFFBA16171616164DFFFFFFFFFFFFFF4E1617161617
310
9B1617171717165BEBFFFFFFFFFF671616161617179B171616161616FFFFFFFF
310
FFFFFF3417161617171617FFFFFFFFFF17BAFFFFFFFFFFFFFFFFFFFF6734FFFF
310
FFEBCAFFFFFF8D17C9FFBA17FFFFFFFF7F357F808066174FFFFFFFFF7F16FFFF
310
FFFFD91673B99B415BFFFFFFFFBA16DA00009B7F7F7F807F671617161616167F
310
80807F7E6617161616164EFFFFFFFFFFFFFF4E1616161617B94E171716161616
310
349BC9D9AA4E16171616161634FF161617161717B9B9BAB9BA9B411716171716
310
163416FFFFFFFFFF16B9FFFFFFFFFFFFFFFFFFFFC917CAFFFFFFFFFFFFFF3342
310
FFFFBA17FFFFFFFF9B4E4E4F4E4E66EAFFFFFFFF5B16C9FFFFFFFFAA4E164E73
310
EAFFFFFFFF8D26FF00004E161716161616171617171616171717171617161616
310
17174EFFFFFFFFFFFFFF4E1717171616B9D92616171716171716171717171716
310
16171716AAFF161717171617161617171616161617161716166717FFFFFFFFFF
310
17B9FFFFFFFFFFFFFFFFFFFFFF3467FFFFFFFFFFFFCA168CFFFFBB17FFFFFFFF
310
FFFFFFFFFFFFFFFFFFFFFFEA26265BFFFFFFFFFFFFFFFFFFFFFFFFFFEA3467FF
310
00004D16161616161617161717161617161616171617171616164EFFFFFFFFFF
310
FFFF4D1617161616BAFF9B1616161616161716161616171717161766FFFF1616
310
16171617161617161716171616171717667F16FFFFFFFFFF17BAFFFFFFFFFFFF
310
FFFFFFFFFF8C26EAFFFFFFFFFF6617EAFFFFBA17FFFFFFFFFFFFFFFFFFFFFFFF
310
FFFFEA5A25BA269BFFFFFFFFFFFFFFFFFFFFFFFF6616DAFF00004E1616171616
310
1616161616161716161617171616171616174EFFFFFFFFFFFFFF4D1717171716
310
B9FFFF9C161616161616161716161717171667FFFFFF17161717171716161617
310
1716161616161641E97E16FFFFFFFFFF16B9FFFFFFFFFFFFFFFFFFFFFFEA169B
310
FFFFFFFFEA265BFFFFFFB916FFFFFFFFFFFFFFFFFFFFFFFFFF9B3416AAFF9B17
310
67EAFFFFFFFFFFFFFFFFEA5B169BFFFF00004D17161716161616161717171616
310
161717161716171716174EFFFFFFFFFFFFFF4D1616161616BAFFFFFFBB411616
310
161716161616171634ABFFFFFFFF161716161617171716171617171617267FFF
310
FF7F164E4E4E4E4F17BAFFFFFFFFFFFFFFFFFFFFFFFF66344D4E4E4F4117AAFF
310
FFFFBA174E4E4E4D4E4D4D4E4E4E4E4116174EBBFFFFFFCA342666ABEAFFFFEA
310
AA6725269CFFFFFF0000724F4E4D4D4D4E4D4D4E4E4E4D4E4E4E4E4E4E4E4E4D
310
4E4E74FFFFFFFFFFFFFF734E4E4E4D4ECAFFFFFFFFFFAA663416171717265B9B
310
FFFFFFFFFFFF7F8080807F80807F7F7F7F7F807FBAFFFFFFFF9B4E4E4F4D4D4E
310
4DC9FFFFFFFFFFFFFFFFFFFFFFFFBA4E4E4E4E4D4E4EFFFFFFFFC94E4E4E4F4E
310
4E4E4D4E4E5A807F9CD9FFFFFFFFFFFFFF9B5B2617171716174E8DEAFFFFFFFF
310
0000000000000000000000000000000000000000000000000000000000000000
  1
OLE
  0
ENDSEC
  0
SECTION
  2
OBJECTS
  0
DICTIONARY
  5
C
330
0
100
AcDbDictionary
281
     1
  3
ACAD_GROUP
350
D
  3
ACAD_LAYOUT
350
1A
  3
ACAD_MLINESTYLE
350
17
  3
ACAD_PLOTSETTINGS
350
19
  3
ACAD_PLOTSTYLENAME
350
E
  3
ACAD_SCALELIST
350
47
  0
DICTIONARY
  5
D
102
{ACAD_REACTORS
330
C
102
}
330
C
100
AcDbDictionary
281
     1
  0
DICTIONARY
  5
1A
102
{ACAD_REACTORS
330
C
102
}
330
C
100
AcDbDictionary
281
     1
  3
Layout1
350
1E
  3
Layout2
350
26
  3
Model
350
22
  0
DICTIONARY
  5
17
102
{ACAD_REACTORS
330
C
102
}
330
C
100
AcDbDictionary
281
     1
  3
Standard
350
18
  0
DICTIONARY
  5
19
102
{ACAD_REACTORS
330
C
102
}
330
C
100
AcDbDictionary
281
     1
  0
ACDBDICTIONARYWDFLT
  5
E
102
{ACAD_REACTORS
330
C
102
}
330
C
100
AcDbDictionary
281
     1
  3
Normal
350
F
100
AcDbDictionaryWithDefault
340
F
  0
DICTIONARY
  5
47
102
{ACAD_REACTORS
330
C
102
}
330
C
100
AcDbDictionary
281
     1
  3
A0
350
48
  3
A1
350
49
  3
A2
350
4A
  3
A3
350
4B
  3
A4
350
4C
  3
A5
350
4D
  3
A6
350
4E
  3
A7
350
4F
  3
A8
350
50
  3
A9
350
51
  3
B0
350
52
  3
B1
350
53
  3
B2
350
54
  3
B3
350
55
  3
B4
350
56
  3
B5
350
57
  3
B6
350
58
  3
B7
350
59
  3
B8
350
5A
  3
B9
350
5B
  3
C0
350
5C
  3
C1
350
5D
  3
C2
350
5E
  3
C3
350
5F
  3
C4
350
60
  3
C5
350
61
  3
C6
350
62
  3
C7
350
63
  3
C8
350
64
  3
C9
350
65
  3
D0
350
66
  3
D1
350
67
  3
D2
350
68
  0
LAYOUT
  5
1E
102
{ACAD_REACTORS
330
1A
102
}
330
1A
100
AcDbPlotSettings
  1

  2
none_device
  4

  6

 40
0.0
 41
0.0
 42
0.0
 43
0.0
 44
0.0
 45
0.0
 46
0.0
 47
0.0
 48
0.0
 49
0.0
140
0.0
141
0.0
142
1.0
143
1.0
 70
   688
 72
     0
 73
     0
 74
     5
  7

 75
    16
147
1.0
148
0.0
149
0.0
100
AcDbLayout
  1
Layout1
 70
     1
 71
     1
 10
0.0
 20
0.0
 11
12.0
 21
9.0
 12
0.0
 22
0.0
 32
0.0
 14
1.0000000000E+20
 24
1.0000000000E+20
 34
1.0000000000E+20
 15
-1.0000000000E+20
 25
-1.0000000000E+20
 35
-1.0000000000E+20
146
0.0
 13
0.0
 23
0.0
 33
0.0
 16
1.0
 26
0.0
 36
0.0
 17
0.0
 27
1.0
 37
0.0
 76
     0
330
1B
  0
LAYOUT
  5
26
102
{ACAD_REACTORS
330
1A
102
}
330
1A
100
AcDbPlotSettings
  1

  2
none_device
  4

  6

 40
0.0
 41
0.0
 42
0.0
 43
0.0
 44
0.0
 45
0.0
 46
0.0
 47
0.0
 48
0.0
 49
0.0
140
0.0
141
0.0
142
1.0
143
1.0
 70
   688
 72
     0
 73
     0
 74
     5
  7

 75
    16
147
1.0
148
0.0
149
0.0
100
AcDbLayout
  1
Layout2
 70
     1
 71
     2
 10
0.0
 20
0.0
 11
0.0
 21
0.0
 12
0.0
 22
0.0
 32
0.0
 14
0.0
 24
0.0
 34
0.0
 15
0.0
 25
0.0
 35
0.0
146
0.0
 13
0.0
 23
0.0
 33
0.0
 16
1.0
 26
0.0
 36
0.0
 17
0.0
 27
1.0
 37
0.0
 76
     0
330
23
  0
LAYOUT
  5
22
102
{ACAD_REACTORS
330
1A
102
}
330
1A
100
AcDbPlotSettings
  1

  2
none_device
  4
Letter_(8.50_x_11.00_Inches)
  6

 40
6.35
 41
6.35
 42
6.35000508
 43
6.35000508
 44
215.9
 45
279.4
 46
0.0
 47
0.0
 48
0.0
 49
0.0
140
0.0
141
0.0
142
1.0
143
1.0
 70
  1712
 72
     0
 73
     0
 74
     0
  7

 75
     0
147
1.0
148
0.0
149
0.0
100
AcDbLayout
  1
Model
 70
     1
 71
     0
 10
0.0
 20
0.0
 11
11.0
 21
8.5
 12
0.0
 22
0.0
 32
0.0
 14
0.0
 24
0.0
 34
0.0
 15
11.0
 25
8.5
 35
0.0
146
0.0
 13
0.0
 23
0.0
 33
0.0
 16
1.0
 26
0.0
 36
0.0
 17
0.0
 27
1.0
 37
0.0
 76
     0
330
1F
331
29
  0
MLINESTYLE
  5
18
102
{ACAD_REACTORS
330
17
102
}
330
17
100
AcDbMlineStyle
  2
Standard
 70
     0
  3

 62
   256
 51
90.0
 52
90.0
 71
     2
 49
0.5
 62
   256
  6
BYLAYER
 49
-0.5
 62
   256
  6
BYLAYER
  0
ACDBPLACEHOLDER
  5
F
102
{ACAD_REACTORS
330
E
102
}
330
E
  0
SCALE
  5
48
102
{ACAD_REACTORS
330
47
102
}
330
47
100
AcDbScale
 70
     0
300
1:1
140
1.0
141
1.0
290
     1
  0
SCALE
  5
49
102
{ACAD_REACTORS
330
47
102
}
330
47
100
AcDbScale
 70
     0
300
1:2
140
1.0
141
2.0
290
     0
  0
SCALE
  5
4A
102
{ACAD_REACTORS
330
47
102
}
330
47
100
AcDbScale
 70
     0
300
1:4
140
1.0
141
4.0
290
     0
  0
SCALE
  5
4B
102
{ACAD_REACTORS
330
47
102
}
330
47
100
AcDbScale
 70
     0
300
1:5
140
1.0
141
5.0
290
     0
  0
SCALE
  5
4C
102
{ACAD_REACTORS
330
47
102
}
330
47
100
AcDbScale
 70
     0
300
1:8
140
1.0
141
8.0
290
     0
  0
SCALE
  5
4D
102
{ACAD_REACTORS
330
47
102
}
330
47
100
AcDbScale
 70
     0
300
1:10
140
1.0
141
10.0
290
     0
  0
SCALE
  5
4E
102
{ACAD_REACTORS
330
47
102
}
330
47
100
AcDbScale
 70
     0
300
1:16
140
1.0
141
16.0
290
     0
  0
SCALE
  5
4F
102
{ACAD_REACTORS
330
47
102
}
330
47
100
AcDbScale
 70
     0
300
1:20
140
1.0
141
20.0
290
     0
  0
SCALE
  5
50
102
{ACAD_REACTORS
330
47
102
}
330
47
100
AcDbScale
 70
     0
300
1:30
140
1.0
141
30.0
290
     0
  0
SCALE
  5
51
102
{ACAD_REACTORS
330
47
102
}
330
47
100
AcDbScale
 70
     0
300
1:40
140
1.0
141
40.0
290
     0
  0
SCALE
  5
52
102
{ACAD_REACTORS
330
47
102
}
330
47
100
AcDbScale
 70
     0
300
1:50
140
1.0
141
50.0
290
     0
  0
SCALE
  5
53
102
{ACAD_REACTORS
330
47
102
}
330
47
100
AcDbScale
 70
     0
300
1:100
140
1.0
141
100.0
290
     0
  0
SCALE
  5
54
102
{ACAD_REACTORS
330
47
102
}
330
47
100
AcDbScale
 70
     0
300
2:1
140
2.0
141
1.0
290
     0
  0
SCALE
  5
55
102
{ACAD_REACTORS
330
47
102
}
330
47
100
AcDbScale
 70
     0
300
4:1
140
4.0
141
1.0
290
     0
  0
SCALE
  5
56
102
{ACAD_REACTORS
330
47
102
}
330
47
100
AcDbScale
 70
     0
300
8:1
140
8.0
141
1.0
290
     0
  0
SCALE
  5
57
102
{ACAD_REACTORS
330
47
102
}
330
47
100
AcDbScale
 70
     0
300
10:1
140
10.0
141
1.0
290
     0
  0
SCALE
  5
58
102
{ACAD_REACTORS
330
47
102
}
330
47
100
AcDbScale
 70
     0
300
100:1
140
100.0
141
1.0
290
     0
  0
SCALE
  5
59
102
{ACAD_REACTORS
330
47
102
}
330
47
100
AcDbScale
 70
     0
300
1/128" = 1'-0"
140
0.0078125
141
12.0
290
     0
  0
SCALE
  5
5A
102
{ACAD_REACTORS
330
47
102
}
330
47
100
AcDbScale
 70
     0
300
1/64" = 1'-0"
140
0.015625
141
12.0
290
     0
  0
SCALE
  5
5B
102
{ACAD_REACTORS
330
47
102
}
330
47
100
AcDbScale
 70
     0
300
1/32" = 1'-0"
140
0.03125
141
12.0
290
     0
  0
SCALE
  5
5C
102
{ACAD_REACTORS
330
47
102
}
330
47
100
AcDbScale
 70
     0
300
1/16" = 1'-0"
140
0.0625
141
12.0
290
     0
  0
SCALE
  5
5D
102
{ACAD_REACTORS
330
47
102
}
330
47
100
AcDbScale
 70
     0
300
3/32" = 1'-0"
140
0.09375
141
12.0
290
     0
  0
SCALE
  5
5E
102
{ACAD_REACTORS
330
47
102
}
330
47
100
AcDbScale
 70
     0
300
1/8" = 1'-0"
140
0.125
141
12.0
290
     0
  0
SCALE
  5
5F
102
{ACAD_REACTORS
330
47
102
}
330
47
100
AcDbScale
 70
     0
300
3/16" = 1'-0"
140
0.1875
141
12.0
290
     0
  0
SCALE
  5
60
102
{ACAD_REACTORS
330
47
102
}
330
47
100
AcDbScale
 70
     0
300
1/4" = 1'-0"
140
0.25
141
12.0
290
     0
  0
SCALE
  5
61
102
{ACAD_REACTORS
330
47
102
}
330
47
100
AcDbScale
 70
     0
300
3/8" = 1'-0"
140
0.375
141
12.0
290
     0
  0
SCALE
  5
62
102
{ACAD_REACTORS
330
47
102
}
330
47
100
AcDbScale
 70
     0
300
1/2" = 1'-0"
140
0.5
141
12.0
290
     0
  0
SCALE
  5
63
102
{ACAD_REACTORS
330
47
102
}
330
47
100
AcDbScale
 70
     0
300
3/4" = 1'-0"
140
0.75
141
12.0
290
     0
  0
SCALE
  5
64
102
{ACAD_REACTORS
330
47
102
}
330
47
100
AcDbScale
 70
     0
300
1" = 1'-0"
140
1.0
141
12.0
290
     0
  0
SCALE
  5
65
102
{ACAD_REACTORS
330
47
102
}
330
47
100
AcDbScale
 70
     0
300
1-1/2" = 1'-0"
140
1.5
141
12.0
290
     0
  0
SCALE
  5
66
102
{ACAD_REACTORS
330
47
102
}
330
47
100
AcDbScale
 70
     0
300
3" = 1'-0"
140
3.0
141
12.0
290
     0
  0
SCALE
  5
67
102
{ACAD_REACTORS
330
47
102
}
330
47
100
AcDbScale
 70
     0
300
6" = 1'-0"
140
6.0
141
12.0
290
     0
  0
SCALE
  5
68
102
{ACAD_REACTORS
330
47
102
}
330
47
100
AcDbScale
 70
     0
300
1'-0" = 1'-0"
140
12.0
141
12.0
290
     0
  0
ENDSEC
  0
EOF
