ISO-10303-21;
HEADER;
FILE_DESCRIPTION (( 'STEP AP214' ),
    '1' );
FILE_NAME ('0704-E0W.STEP',
    '2016-06-02T17:58:29',
    ( '' ),
    ( '' ),
    'SwSTEP 2.0',
    'SolidWorks 2016',
    '' );
FILE_SCHEMA (( 'AUTOMOTIVE_DESIGN' ));
ENDSEC;

DATA;
#1 = CARTESIAN_POINT ( 'NONE',  ( 0.0000000000000000000, 0.1442586111360670800, -0.7429999999999999900 ) ) ;
#2 = CARTESIAN_POINT ( 'NONE',  ( -0.03940873189743531600, 0.1396012055430419500, -0.7420184196586081500 ) ) ;
#3 = CARTESIAN_POINT ( 'NONE',  ( 0.04143925246031017500, -0.1100170388622639800, 0.7066766647558930800 ) ) ;
#4 = CARTESIAN_POINT ( 'NONE',  ( 0.1099818911609693800, -0.04140051767711843600, -0.6955064912484000300 ) ) ;
#5 = CARTESIAN_POINT ( 'NONE',  ( -0.04666118170534985100, -0.1078418778680713500, 0.7061731483648057100 ) ) ;
#6 = CARTESIAN_POINT ( 'NONE',  ( -0.1416518103073007300, 0.05087257981271830300, -0.7293747131678298700 ) ) ;
#7 = PRESENTATION_STYLE_ASSIGNMENT (( #2610 ) ) ;
#8 = CARTESIAN_POINT ( 'NONE',  ( -0.07414388593154613800, -0.09115345028862144300, -0.7026201142869843400 ) ) ;
#9 = CARTESIAN_POINT ( 'NONE',  ( -0.1034201333113664300, -0.1053126833593095900, 0.7357694380129500300 ) ) ;
#10 = DIRECTION ( 'NONE',  ( 0.0000000000000000000, 0.4461978131098082200, 0.8949343616020252200 ) ) ;
#11 = CARTESIAN_POINT ( 'NONE',  ( -0.05714336012323004100, -0.1026870375716313600, 0.7050132791648176000 ) ) ;
#12 = PRESENTATION_STYLE_ASSIGNMENT (( #1762 ) ) ;
#13 = CARTESIAN_POINT ( 'NONE',  ( -0.04682698631198861600, 0.1077832254650364100, -0.7061592551225134300 ) ) ;
#14 = CARTESIAN_POINT ( 'NONE',  ( -0.1464034067499059800, 0.03755233592623535100, -0.7284359710333884200 ) ) ;
#15 = CARTESIAN_POINT ( 'NONE',  ( -0.007688097150450134600, -0.1173112705677605800, 0.7084449642756017700 ) ) ;
#16 = CARTESIAN_POINT ( 'NONE',  ( 0.01345401362425201900, -0.1167431524776030200, 0.7083031974204765400 ) ) ;
#17 = FACE_OUTER_BOUND ( 'NONE', #624, .T. ) ;
#18 = PRESENTATION_LAYER_ASSIGNMENT (  '', '', ( #3866 ) ) ;
#19 = CARTESIAN_POINT ( 'NONE',  ( -0.1322066053914655900, -0.07013709150070683600, -0.7311434898704781700 ) ) ;
#20 = CARTESIAN_POINT ( 'NONE',  ( -0.08973702762081080300, -0.07585293091574181500, -0.6998739450380685500 ) ) ;
#21 = CARTESIAN_POINT ( 'NONE',  ( -0.1356374307332005600, -0.06393612277352675500, 0.7305153334349238100 ) ) ;
#22 = LENGTH_MEASURE_WITH_UNIT ( LENGTH_MEASURE( 0.02539999999999999900 ), #1926 );
#23 = DIRECTION ( 'NONE',  ( -0.0000000000000000000, 1.000000000000000000, -0.0000000000000000000 ) ) ;
#24 = CARTESIAN_POINT ( 'NONE',  ( -0.08575302366997948600, -0.08035167800260782600, 0.7006280087531818700 ) ) ;
#25 = CARTESIAN_POINT ( 'NONE',  ( -0.07750491759061282900, 0.08833431702995363200, -0.7020753999424638200 ) ) ;
#26 = CARTESIAN_POINT ( 'NONE',  ( -0.1138627527844157900, -0.09510127259688273800, -0.7342304146059142100 ) ) ;
#27 = MECHANICAL_DESIGN_GEOMETRIC_PRESENTATION_REPRESENTATION (  '', ( #3672 ), #251 ) ;
#28 = CARTESIAN_POINT ( 'NONE',  ( 0.04932845898679373600, -0.1066746799876823900, 0.7059047196908055900 ) ) ;
#29 =( GEOMETRIC_REPRESENTATION_CONTEXT ( 3 ) GLOBAL_UNCERTAINTY_ASSIGNED_CONTEXT ( ( #546 ) ) GLOBAL_UNIT_ASSIGNED_CONTEXT ( ( #2060, #211, #2374 ) ) REPRESENTATION_CONTEXT ( 'NONE', 'WORKASPACE' ) );
#30 = ORIENTED_EDGE ( 'NONE', *, *, #1344, .T. ) ;
#31 = CARTESIAN_POINT ( 'NONE',  ( -0.1052577822758346000, -0.1036441403082244800, -0.7355086050189126900 ) ) ;
#32 = CARTESIAN_POINT ( 'NONE',  ( -0.09879611001918840700, -0.06363799641845027700, -0.6980334951839011200 ) ) ;
#33 = DIMENSIONAL_EXPONENTS ( 1.000000000000000000, 0.0000000000000000000, 0.0000000000000000000, 0.0000000000000000000, 0.0000000000000000000, 0.0000000000000000000, 0.0000000000000000000 ) ;
#34 = CARTESIAN_POINT ( 'NONE',  ( -0.1508112136585434400, -0.01165074961765328300, 0.7275335309797493800 ) ) ;
#35 = VERTEX_POINT ( 'NONE', #3566 ) ;
#36 =( LENGTH_UNIT ( ) NAMED_UNIT ( * ) SI_UNIT ( $, .METRE. ) );
#37 = CARTESIAN_POINT ( 'NONE',  ( -0.1092648104412553700, -0.04325751196485593000, 0.6956769734145896700 ) ) ;
#38 = CARTESIAN_POINT ( 'NONE',  ( -0.1045122940330271400, 0.05373250015736591400, -0.6967770818751478600 ) ) ;
#39 = EDGE_CURVE ( 'NONE', #3610, #1845, #332, .T. ) ;
#40 = CARTESIAN_POINT ( 'NONE',  ( -0.005017537920393153900, -0.1442586446798838600, -0.7430000000000002200 ) ) ;
#41 = ORIENTED_EDGE ( 'NONE', *, *, #509, .T. ) ;
#42 = SURFACE_STYLE_FILL_AREA ( #1580 ) ;
#43 = CARTESIAN_POINT ( 'NONE',  ( 0.08830590545568270400, 0.07760859176410983600, -0.7001545926804076900 ) ) ;
#44 = CARTESIAN_POINT ( 'NONE',  ( 0.06826431126353371700, -0.09565503056745346100, 0.7035200860483945600 ) ) ;
#45 = CARTESIAN_POINT ( 'NONE',  ( -0.06031706799116852400, -0.1323182241233277500, -0.7405512523862322100 ) ) ;
#46 = CARTESIAN_POINT ( 'NONE',  ( -0.1100781273331671700, -0.04129427559276831200, -0.6954857172197251900 ) ) ;
#47 = CARTESIAN_POINT ( 'NONE',  ( -0.1454151879760915100, 0.03986341712933738600, 0.7286315704997562400 ) ) ;
#48 = CARTESIAN_POINT ( 'NONE',  ( -0.1175020162224193100, -0.001792145265857698200, 0.6936497758440105500 ) ) ;
#49 = CARTESIAN_POINT ( 'NONE',  ( -0.1167458079462620800, 0.01343273033197952800, -0.6938422570567459600 ) ) ;
#50 = CARTESIAN_POINT ( 'NONE',  ( 0.0000000000000000000, 2.000000000000000000, 0.0000000000000000000 ) ) ;
#51 = LINE ( 'NONE', #2457, #3277 ) ;
#52 = CARTESIAN_POINT ( 'NONE',  ( -0.1052788685196880000, 0.1036249924267558400, -0.7355056123440704100 ) ) ;
#53 = CARTESIAN_POINT ( 'NONE',  ( 0.1087165306366600800, 0.04457775300773554600, 0.6958058539729533600 ) ) ;
#54 = CARTESIAN_POINT ( 'NONE',  ( 0.04853365880006724900, 0.1070764706738894900, -0.7059955244854471100 ) ) ;
#55 = CARTESIAN_POINT ( 'NONE',  ( 0.08494426936008617200, -0.08122649155806775700, 0.7007785104384192100 ) ) ;
#56 = LINE ( 'NONE', #2256, #1606 ) ;
#57 = CIRCLE ( 'NONE', #3031, 0.1249999999999999000 ) ;
#58 = CARTESIAN_POINT ( 'NONE',  ( -0.004783671489552949200, -0.1442059117435523800, -0.7429887398205501400 ) ) ;
#59 =( GEOMETRIC_REPRESENTATION_CONTEXT ( 3 ) GLOBAL_UNCERTAINTY_ASSIGNED_CONTEXT ( ( #2703 ) ) GLOBAL_UNIT_ASSIGNED_CONTEXT ( ( #3153, #1294, #3472 ) ) REPRESENTATION_CONTEXT ( 'NONE', 'WORKASPACE' ) );
#60 = CARTESIAN_POINT ( 'NONE',  ( -0.1137067647388457400, 0.09527002617883630100, 0.7342545707207534000 ) ) ;
#61 = CARTESIAN_POINT ( 'NONE',  ( -0.004957219434985781500, 0.1442006589604926100, -0.7429876181103505200 ) ) ;
#62 = CIRCLE ( 'NONE', #3368, 0.1249999999999999000 ) ;
#63 = CARTESIAN_POINT ( 'NONE',  ( -0.1070211173723423900, 0.04865576858949469100, 0.6962043069586625300 ) ) ;
#64 = CARTESIAN_POINT ( 'NONE',  ( -0.1031484228167885200, -0.05628138855377449300, -0.6970826629159261300 ) ) ;
#65 = CARTESIAN_POINT ( 'NONE',  ( 0.1118453870818586600, 0.03606399918249557400, -0.6950582838990250200 ) ) ;
#66 = CARTESIAN_POINT ( 'NONE',  ( -0.09981045142640342100, -0.1085099132525363400, 0.7362755156351479300 ) ) ;
#67 = SURFACE_STYLE_USAGE ( .BOTH. , #383 ) ;
#68 = CARTESIAN_POINT ( 'NONE',  ( 0.08819729327314078400, 0.1173020470684673900, 0.7377583128254460200 ) ) ;
#69 = CARTESIAN_POINT ( 'NONE',  ( -0.1356867530183986400, 0.06384121409562497400, -0.7305061773439522900 ) ) ;
#70 = ADVANCED_BREP_SHAPE_REPRESENTATION ( '0704-E0W', ( #3251, #1197 ), #3600 ) ;
#71 = PLANE ( 'NONE',  #2782 ) ;
#72 = CARTESIAN_POINT ( 'NONE',  ( 0.1174987023547829400, 0.002019969854049270000, -0.6936506226900047700 ) ) ;
#73 = CARTESIAN_POINT ( 'NONE',  ( -4.481938114605432000E-017, 0.1175000000000000800, -0.7084922537182735100 ) ) ;
#74 = CARTESIAN_POINT ( 'NONE',  ( 0.09593091696503691600, -0.06785957169702934400, 0.6986348121331434900 ) ) ;
#75 = EDGE_CURVE ( 'NONE', #3836, #35, #2170, .T. ) ;
#76 = CARTESIAN_POINT ( 'NONE',  ( 0.05354899025916951000, -0.1350011383790284700, -0.7410818691104107400 ) ) ;
#77 = CARTESIAN_POINT ( 'NONE',  ( 0.0000000000000000000, 1.999999999999999800, 1.533216245000134500E-016 ) ) ;
#78 = CARTESIAN_POINT ( 'NONE',  ( -0.06250670165508281900, 0.1314547093925105500, 0.7403803399038753100 ) ) ;
#79 = CARTESIAN_POINT ( 'NONE',  ( -0.003716851504972076900, 0.1175028370452039100, 0.7084930043764745600 ) ) ;
#80 = COLOUR_RGB ( '',0.9019607843137255100, 0.9019607843137255100, 0.9019607843137255100 ) ;
#81 = CARTESIAN_POINT ( 'NONE',  ( -0.08029205246825937800, 0.08580868913087817700, 0.7016031136853604400 ) ) ;
#82 = CARTESIAN_POINT ( 'NONE',  ( -0.08446204091915494900, -0.08170733549314251900, -0.7008645157885184900 ) ) ;
#83 = SURFACE_STYLE_USAGE ( .BOTH. , #1608 ) ;
#84 = DIRECTION ( 'NONE',  ( -0.0000000000000000000, -0.0000000000000000000, 1.000000000000000000 ) ) ;
#85 = ORIENTED_EDGE ( 'NONE', *, *, #1628, .F. ) ;
#86 = DIRECTION ( 'NONE',  ( -0.0000000000000000000, -1.000000000000000000, -0.0000000000000000000 ) ) ;
#87 = CARTESIAN_POINT ( 'NONE',  ( -0.1488437040187377000, 0.02591885985280877400, -0.7279387321074939400 ) ) ;
#88 = VERTEX_POINT ( 'NONE', #387 ) ;
#89 = CARTESIAN_POINT ( 'NONE',  ( 0.1167524509898156100, -0.01337246849638461800, -0.6938410808671610100 ) ) ;
#90 = CARTESIAN_POINT ( 'NONE',  ( 0.1066401121863559800, -0.04934640008578553700, 0.6962902488612111600 ) ) ;
#91 = AXIS2_PLACEMENT_3D ( 'NONE', #983, #2550, #3158 ) ;
#92 = ORIENTED_EDGE ( 'NONE', *, *, #2983, .T. ) ;
#93 = CARTESIAN_POINT ( 'NONE',  ( 0.1105198826251298400, -0.09862155857897041100, -0.7347426332026907300 ) ) ;
#94 = DIRECTION ( 'NONE',  ( 0.0000000000000000000, 0.0000000000000000000, -1.000000000000000000 ) ) ;
#95 = CARTESIAN_POINT ( 'NONE',  ( -0.01235462310460393300, 0.1437962690712481200, 0.7429013900066141500 ) ) ;
#96 = DIMENSIONAL_EXPONENTS ( 1.000000000000000000, 0.0000000000000000000, 0.0000000000000000000, 0.0000000000000000000, 0.0000000000000000000, 0.0000000000000000000, 0.0000000000000000000 ) ;
#97 = CARTESIAN_POINT ( 'NONE',  ( -0.08002351880767698300, 0.1224472122991616400, -0.7386810856084240500 ) ) ;
#98 = CARTESIAN_POINT ( 'NONE',  ( -0.04138356642888570800, 0.1099754102996668600, 0.7066689925115722200 ) ) ;
#99 = CARTESIAN_POINT ( 'NONE',  ( -0.04860824139758467700, -0.1069914975137147800, -0.7059776167912587000 ) ) ;
#100 = EDGE_CURVE ( 'NONE', #1890, #1454, #538, .T. ) ;
#101 = CARTESIAN_POINT ( 'NONE',  ( -0.002476054983015596100, 0.1442586136417097500, -0.7430000013183623000 ) ) ;
#102 = SURFACE_SIDE_STYLE ('',( #173 ) ) ;
#103 = FILL_AREA_STYLE ('',( #1368 ) ) ;
#104 = PRESENTATION_LAYER_ASSIGNMENT (  '', '', ( #3953 ) ) ;
#105 = PRESENTATION_LAYER_ASSIGNMENT (  '', '', ( #314 ) ) ;
#106 = CARTESIAN_POINT ( 'NONE',  ( 0.1070600524244633600, -0.04845688595057862800, -0.6961937007251440800 ) ) ;
#107 = CARTESIAN_POINT ( 'NONE',  ( 0.1174999999999999800, 0.0000000000000000000, 0.6936502913514051000 ) ) ;
#108 = CARTESIAN_POINT ( 'NONE',  ( 0.1461660463155900200, -0.03728272561237192000, -0.7284812014372368200 ) ) ;
#109 = UNCERTAINTY_MEASURE_WITH_UNIT (LENGTH_MEASURE( 1.000000000000000100E-005 ), #2172, 'distance_accuracy_value', 'NONE');
#110 =( NAMED_UNIT ( * ) PLANE_ANGLE_UNIT ( ) SI_UNIT ( $, .RADIAN. ) );
#111 = DIMENSIONAL_EXPONENTS ( 1.000000000000000000, 0.0000000000000000000, 0.0000000000000000000, 0.0000000000000000000, 0.0000000000000000000, 0.0000000000000000000, 0.0000000000000000000 ) ;
#112 = CARTESIAN_POINT ( 'NONE',  ( 0.04167843615624460000, 0.1386964703791224200, 0.7418339530697978200 ) ) ;
#113 = CARTESIAN_POINT ( 'NONE',  ( 0.06607892537496497200, 0.09715978340387700100, 0.7038322440707476300 ) ) ;
#114 = CARTESIAN_POINT ( 'NONE',  ( -0.001850623407428567300, 0.1175014816100886200, 0.7084926241112499100 ) ) ;
#115 = CARTESIAN_POINT ( 'NONE',  ( -0.007567722869319518100, -0.1172718986934250100, -0.7084352766189330200 ) ) ;
#116 = CARTESIAN_POINT ( 'NONE',  ( 0.09974509591288489900, 0.06213556892853457100, -0.6978296712955757200 ) ) ;
#117 =( CONVERSION_BASED_UNIT ( 'INCH', #1778 ) LENGTH_UNIT ( ) NAMED_UNIT ( #3130 ) );
#118 = DIRECTION ( 'NONE',  ( 0.0000000000000000000, 0.0000000000000000000, 1.000000000000000000 ) ) ;
#119 = FACE_OUTER_BOUND ( 'NONE', #952, .T. ) ;
#120 = CARTESIAN_POINT ( 'NONE',  ( -0.1512661019796171500, 0.01897665582585346100, 0.7274390467628850700 ) ) ;
#121 = CARTESIAN_POINT ( 'NONE',  ( 0.09676514791293161500, -0.06667583542795613200, -0.6984617423670899100 ) ) ;
#122 = CARTESIAN_POINT ( 'NONE',  ( -1.323238871931127600E-016, 1.440141839194656800, 0.0000000000000000000 ) ) ;
#123 = CARTESIAN_POINT ( 'NONE',  ( 0.1174493167385856100, 0.003953621131346473700, -0.6936632400320300600 ) ) ;
#124 = CARTESIAN_POINT ( 'NONE',  ( 0.1500507873889255500, 0.01898381304476131100, -0.7276908776400102800 ) ) ;
#125 =( NAMED_UNIT ( * ) PLANE_ANGLE_UNIT ( ) SI_UNIT ( $, .RADIAN. ) );
#126 = CARTESIAN_POINT ( 'NONE',  ( 0.09223532035655468400, 0.1143709761651108000, 0.7372555242869198700 ) ) ;
#127 = CARTESIAN_POINT ( 'NONE',  ( 0.03215632746537004000, 0.1130307186573054200, 0.7073944512179124500 ) ) ;
#128 = CARTESIAN_POINT ( 'NONE',  ( 0.04155995062136279300, 0.1099215093241818900, 0.7066560394826321100 ) ) ;
#129 = CARTESIAN_POINT ( 'NONE',  ( 0.03798298186638868900, -0.1112577754460293700, -0.7069703302007350800 ) ) ;
#130 = CARTESIAN_POINT ( 'NONE',  ( 0.08573033237638134900, 0.08044342653590012800, -0.7006383688572949100 ) ) ;
#131 =( NAMED_UNIT ( * ) SI_UNIT ( $, .STERADIAN. ) SOLID_ANGLE_UNIT ( ) );
#132 = DIRECTION ( 'NONE',  ( 0.0000000000000000000, 1.000000000000000000, 0.0000000000000000000 ) ) ;
#133 = CARTESIAN_POINT ( 'NONE',  ( 0.1512848552846968700, 2.667820306312757000E-019, 0.7274351466361026500 ) ) ;
#134 = CARTESIAN_POINT ( 'NONE',  ( -0.03571285950669779400, 0.1119578155753615000, 0.7071372545517256000 ) ) ;
#135 =( NAMED_UNIT ( * ) SI_UNIT ( $, .STERADIAN. ) SOLID_ANGLE_UNIT ( ) );
#136 = ADVANCED_FACE ( 'NONE', ( #2905, #1347 ), #71, .F. ) ;
#137 = SURFACE_STYLE_FILL_AREA ( #2810 ) ;
#138 = CARTESIAN_POINT ( 'NONE',  ( 0.08489173118114266800, -0.08124617922454681300, -0.7007851113233735100 ) ) ;
#139 = CARTESIAN_POINT ( 'NONE',  ( -0.06851987951972475500, -0.09547214277282666000, 0.7034827723301038100 ) ) ;
#140 = CARTESIAN_POINT ( 'NONE',  ( 0.1159949237753817900, -0.01913411708552370900, -0.6940326512781009900 ) ) ;
#141 = COLOUR_RGB ( '',0.9019607843137255100, 0.9019607843137255100, 0.9019607843137255100 ) ;
#142 = CARTESIAN_POINT ( 'NONE',  ( 0.1345038977848996000, 0.06607717512283889400, -0.7307250502137925300 ) ) ;
#143 = CARTESIAN_POINT ( 'NONE',  ( 0.1322729547644702100, 0.07005263829782057400, 0.7311321754395880800 ) ) ;
#144 = VERTEX_POINT ( 'NONE', #2553 ) ;
#145 = CARTESIAN_POINT ( 'NONE',  ( -0.1034710759934658500, 0.1052677436639616700, -0.7357623238642636600 ) ) ;
#146 = CARTESIAN_POINT ( 'NONE',  ( 0.08043054956859153900, -0.08574274854249953900, -0.7015849985486316600 ) ) ;
#147 = CARTESIAN_POINT ( 'NONE',  ( 0.04323273190070066300, 0.1092741466375489100, -0.7065045698575546100 ) ) ;
#148 = CARTESIAN_POINT ( 'NONE',  ( 0.01622006040290683800, 0.1164032401088301300, -0.7082187481952761900 ) ) ;
#149 = CARTESIAN_POINT ( 'NONE',  ( 0.1502998192014567100, -0.01660680785025450000, 0.7276393529221643100 ) ) ;
#150 = VERTEX_POINT ( 'NONE', #1045 ) ;
#151 = CARTESIAN_POINT ( 'NONE',  ( -0.06105094514755232000, 0.1003989288666819700, 0.7045168805299874000 ) ) ;
#152 = CARTESIAN_POINT ( 'NONE',  ( 0.07140546330736181900, -0.09333369372987276900, -0.7030499278651961600 ) ) ;
#153 = ORIENTED_EDGE ( 'NONE', *, *, #1552, .T. ) ;
#154 = CARTESIAN_POINT ( 'NONE',  ( -0.09327649084833938800, -0.07155784054733634000, 0.6991823396064966700 ) ) ;
#155 = CARTESIAN_POINT ( 'NONE',  ( 0.1034217461057932000, 0.1053894413625920700, -0.7357753056678220100 ) ) ;
#156 = FILL_AREA_STYLE_COLOUR ( '', #260 ) ;
#157 = CARTESIAN_POINT ( 'NONE',  ( 0.1510418768008129400, 0.009431820166834687200, 0.7274858054245571000 ) ) ;
#158 = CARTESIAN_POINT ( 'NONE',  ( -0.1136040248552460400, 0.03025028035011471900, -0.6946299345299348200 ) ) ;
#159 = ADVANCED_FACE ( 'NONE', ( #3346 ), #2117, .F. ) ;
#160 = CARTESIAN_POINT ( 'NONE',  ( 0.06577802039516383900, 0.09736405592229986600, 0.7038747868563447500 ) ) ;
#161 = CARTESIAN_POINT ( 'NONE',  ( 0.01911603787421633700, 0.1159985314747583000, -0.7081186376363691700 ) ) ;
#162 = CARTESIAN_POINT ( 'NONE',  ( 0.05189810985478924400, 0.1054219532202991800, -0.7056220634874480500 ) ) ;
#163 = CARTESIAN_POINT ( 'NONE',  ( 0.1345038056181769900, -0.06607780542178050300, 0.7307250773608304800 ) ) ;
#164 = CARTESIAN_POINT ( 'NONE',  ( -0.07441274466863617700, 0.09093404526239790000, 0.7025772685459846800 ) ) ;
#165 = CARTESIAN_POINT ( 'NONE',  ( -0.07580115256299060900, 0.1252005631225620900, 0.7391696787007900900 ) ) ;
#166 = CARTESIAN_POINT ( 'NONE',  ( -0.1461715373576168200, -0.03748618058000748000, -0.7284813216891731200 ) ) ;
#167 = CARTESIAN_POINT ( 'NONE',  ( 0.05199081965348584200, -0.1053891642664850600, -0.7056141799540639500 ) ) ;
#168 = CARTESIAN_POINT ( 'NONE',  ( -0.1144904620866160900, -0.02670281160639648500, 0.6944091080689394100 ) ) ;
#169 = LINE ( 'NONE', #2300, #2526 ) ;
#170 = LENGTH_MEASURE_WITH_UNIT ( LENGTH_MEASURE( 0.02539999999999999900 ), #1168 );
#171 = CARTESIAN_POINT ( 'NONE',  ( 0.05336373699175397900, 0.1350065770432985200, -0.7410848409022322600 ) ) ;
#172 = SURFACE_SIDE_STYLE ('',( #3456 ) ) ;
#173 = SURFACE_STYLE_FILL_AREA ( #1959 ) ;
#174 = CARTESIAN_POINT ( 'NONE',  ( -0.1027435989827915500, 0.05703719567905618500, -0.6971733437544095400 ) ) ;
#175 = CARTESIAN_POINT ( 'NONE',  ( 0.07173285831183635900, 0.09307228871434250500, -0.7029983781888460300 ) ) ;
#176 = CARTESIAN_POINT ( 'NONE',  ( 0.09215353345978166700, -0.1145022452433865600, 0.7372729596806965000 ) ) ;
#177 = PRESENTATION_LAYER_ASSIGNMENT (  '', '', ( #4009 ) ) ;
#178 = CARTESIAN_POINT ( 'NONE',  ( -0.09002631159736074200, 0.07550969069889154600, 0.6998178682935654000 ) ) ;
#179 = MECHANICAL_DESIGN_GEOMETRIC_PRESENTATION_REPRESENTATION (  '', ( #3602 ), #370 ) ;
#180 = CARTESIAN_POINT ( 'NONE',  ( 0.02477010868016617200, -0.1423906705962704200, 0.7426029135399778700 ) ) ;
#181 = CARTESIAN_POINT ( 'NONE',  ( -0.1199899300238616200, -0.08789071130591860600, -0.7332486826628719100 ) ) ;
#182 = ADVANCED_FACE ( 'NONE', ( #570 ), #3239, .F. ) ;
#183 = CARTESIAN_POINT ( 'NONE',  ( 0.007761031555483956400, -0.1174915458059294400, -0.7084901094491452600 ) ) ;
#184 = CARTESIAN_POINT ( 'NONE',  ( -0.1512874512329260600, -0.002200275634152375800, 0.7274346060204609500 ) ) ;
#185 = CARTESIAN_POINT ( 'NONE',  ( -0.1159271389073209000, 0.01925791438250949400, 0.6940491820880011500 ) ) ;
#186 = CARTESIAN_POINT ( 'NONE',  ( -0.001923103670630062600, 0.1175000020408696300, -0.7084922549754063500 ) ) ;
#187 = EDGE_CURVE ( 'NONE', #88, #2815, #3990, .T. ) ;
#188 = CARTESIAN_POINT ( 'NONE',  ( -0.09117159723159769200, 0.07412157088916798700, -0.6995941597897490400 ) ) ;
#189 = CARTESIAN_POINT ( 'NONE',  ( 0.08838375025715294900, 0.07743046034918281400, -0.7001341684989145200 ) ) ;
#190 = CARTESIAN_POINT ( 'NONE',  ( 0.01728338017714046300, -0.1433337195641271600, 0.7428030760781331200 ) ) ;
#191 = CARTESIAN_POINT ( 'NONE',  ( 0.1077508321508272700, 0.04690099842240739300, -0.6960328173948554500 ) ) ;
#192 = CARTESIAN_POINT ( 'NONE',  ( -0.09980215891714387700, 0.06204438262125624300, 0.6978174790238630400 ) ) ;
#193 = CARTESIAN_POINT ( 'NONE',  ( 0.1321135385315123400, -0.07279362281438478400, 0.7312011225276994200 ) ) ;
#194 = CARTESIAN_POINT ( 'NONE',  ( -0.09978896751496807400, -0.1084518752192035600, -0.7362707511374582100 ) ) ;
#195 = ORIENTED_EDGE ( 'NONE', *, *, #1207, .T. ) ;
#196 = EDGE_CURVE ( 'NONE', #2910, #2760, #2515, .T. ) ;
#197 = CARTESIAN_POINT ( 'NONE',  ( 0.0000000000000000000, -1.489999999999999800, 0.0000000000000000000 ) ) ;
#198 = CARTESIAN_POINT ( 'NONE',  ( -0.1377929723751158700, 0.05973628596162031100, 0.7301135578484190300 ) ) ;
#199 = CARTESIAN_POINT ( 'NONE',  ( -0.09866390589026496900, 0.06383871237658171600, 0.6980615079795857700 ) ) ;
#200 = COLOUR_RGB ( '',1.000000000000000000, 1.000000000000000000, 1.000000000000000000 ) ;
#201 = ORIENTED_EDGE ( 'NONE', *, *, #3168, .T. ) ;
#202 = CARTESIAN_POINT ( 'NONE',  ( -0.04326055040889905500, 0.1092633956272135700, -0.7065020545232191300 ) ) ;
#203 =( GEOMETRIC_REPRESENTATION_CONTEXT ( 3 ) GLOBAL_UNCERTAINTY_ASSIGNED_CONTEXT ( ( #3001 ) ) GLOBAL_UNIT_ASSIGNED_CONTEXT ( ( #3359, #1489, #3684 ) ) REPRESENTATION_CONTEXT ( 'NONE', 'WORKASPACE' ) );
#204 = CARTESIAN_POINT ( 'NONE',  ( -0.07596345821977837400, 0.08964357272789647000, -0.7023270071153903100 ) ) ;
#205 = EDGE_LOOP ( 'NONE', ( #1757, #153, #2459 ) ) ;
#206 = CARTESIAN_POINT ( 'NONE',  ( 0.09739560377052690300, 0.06573131087968740700, -0.6983287406176230700 ) ) ;
#207 = CARTESIAN_POINT ( 'NONE',  ( -0.03929442084034468600, -0.1393276272840366100, 0.7419641198213212700 ) ) ;
#208 = CARTESIAN_POINT ( 'NONE',  ( 0.1052235462648581400, 0.05230608966385656000, 0.6966152053189433900 ) ) ;
#209 =( NAMED_UNIT ( * ) SI_UNIT ( $, .STERADIAN. ) SOLID_ANGLE_UNIT ( ) );
#210 = CARTESIAN_POINT ( 'NONE',  ( -0.05571734435787012400, -0.1341396484648289800, -0.7409115433500678100 ) ) ;
#211 =( NAMED_UNIT ( * ) PLANE_ANGLE_UNIT ( ) SI_UNIT ( $, .RADIAN. ) );
#212 = CARTESIAN_POINT ( 'NONE',  ( -0.1033784811759304700, 0.1053501473823582300, 0.7357753182655280000 ) ) ;
#213 = CARTESIAN_POINT ( 'NONE',  ( -0.06837860187083888400, 0.09557354918447932800, 0.7035035203911033100 ) ) ;
#214 = CARTESIAN_POINT ( 'NONE',  ( -0.07604871767216687900, 0.08959086551160193300, -0.7023155642345178000 ) ) ;
#215 = CARTESIAN_POINT ( 'NONE',  ( -0.06366291894101984400, 0.09877950774144306200, -0.7041707601933482300 ) ) ;
#216 = AXIS2_PLACEMENT_3D ( 'NONE', #2698, #229, #2394 ) ;
#217 = CARTESIAN_POINT ( 'NONE',  ( 0.1081252271177024400, 0.04600219933952021100, -0.6959448533963307200 ) ) ;
#218 = CARTESIAN_POINT ( 'NONE',  ( -0.08822144729588454700, -0.1172142869667423400, 0.7377465273588025300 ) ) ;
#219 = CARTESIAN_POINT ( 'NONE',  ( -0.1174999304696855200, 0.0001278265194171856900, 0.6936503091047060400 ) ) ;
#220 = CARTESIAN_POINT ( 'NONE',  ( -0.002307067450399136700, -0.1442611107330480100, -0.7430005344409085200 ) ) ;
#221 = DIRECTION ( 'NONE',  ( 0.0000000000000000000, 0.0000000000000000000, -1.000000000000000000 ) ) ;
#222 = CARTESIAN_POINT ( 'NONE',  ( -0.05328261156050021600, 0.1350204250974383600, 0.7410879352322224900 ) ) ;
#223 = CARTESIAN_POINT ( 'NONE',  ( -0.03036693213167558300, 0.1135243538529610600, 0.7075143269447948800 ) ) ;
#224 = VECTOR ( 'NONE', #2873, 39.37007874015748100 ) ;
#225 = CARTESIAN_POINT ( 'NONE',  ( -0.1026862004222983700, 0.05714483700152542300, -0.6971862143347374900 ) ) ;
#226 = B_SPLINE_CURVE_WITH_KNOTS ( 'NONE', 3,
 ( #3554, #2853, #984, #3159, #1299, #3478, #1612, #3800, #1927, #68, #2237, #384, #2551, #690, #2870, #1001, #3179, #1315, #3498, #1632 ),
 .UNSPECIFIED., .F., .F.,
 ( 4, 2, 2, 2, 2, 2, 2, 2, 2, 4 ),
 ( 0.7498809315353387500, 0.7811458150934214000, 0.8124106986515040600, 0.8280431404305453900, 0.8436755822095867200, 0.8593080239886280400, 0.8749404657676693700, 0.9374702328838346900, 0.9687351164419173400, 1.000000000000000000 ),
 .UNSPECIFIED. ) ;
#227 = CARTESIAN_POINT ( 'NONE',  ( -0.04134130362173070400, 0.1100598575489866000, -0.7066865044340442400 ) ) ;
#228 = CARTESIAN_POINT ( 'NONE',  ( -0.1200963439954483300, -0.08785391228292299700, 0.7332366382289219300 ) ) ;
#229 = DIRECTION ( 'NONE',  ( -0.0000000000000000000, 1.000000000000000000, -0.0000000000000000000 ) ) ;
#230 = DIRECTION ( 'NONE',  ( 0.0000000000000000000, 0.0000000000000000000, 1.000000000000000000 ) ) ;
#231 = CARTESIAN_POINT ( 'NONE',  ( 0.06037447662354091700, -0.1322940274164168000, -0.7405465087733443800 ) ) ;
#232 = CONICAL_SURFACE ( 'NONE', #216, 0.09999999999999989500, 1.108284075016399800 ) ;
#233 = CARTESIAN_POINT ( 'NONE',  ( -0.002382734420168356300, 0.1442604301574594600, 0.7430003884332978500 ) ) ;
#234 = CARTESIAN_POINT ( 'NONE',  ( 0.01545967684490805900, 0.1165418227117995500, 0.7082535135894767500 ) ) ;
#235 = CARTESIAN_POINT ( 'NONE',  ( -0.1165076317209067700, 0.01536235077258501900, -0.6939026511114238000 ) ) ;
#236 = CARTESIAN_POINT ( 'NONE',  ( 0.0000000000000000000, 1.489999999999999800, 0.0000000000000000000 ) ) ;
#237 = CARTESIAN_POINT ( 'NONE',  ( -0.1474099828786622500, -0.03278391928348500100, 0.7282309221977683000 ) ) ;
#238 = VERTEX_POINT ( 'NONE', #1943 ) ;
#239 = MECHANICAL_DESIGN_GEOMETRIC_PRESENTATION_REPRESENTATION (  '', ( #3866 ), #452 ) ;
#240 = FILL_AREA_STYLE_COLOUR ( '', #1575 ) ;
#241 = UNCERTAINTY_MEASURE_WITH_UNIT (LENGTH_MEASURE( 1.000000000000000100E-005 ), #2130, 'distance_accuracy_value', 'NONE');
#242 = CARTESIAN_POINT ( 'NONE',  ( -9.285873139106726300E-017, 0.1442586111360670800, -0.7429999999999999900 ) ) ;
#243 = CARTESIAN_POINT ( 'NONE',  ( 0.1138432400996162400, -0.09512490514765974100, -0.7342335930190947400 ) ) ;
#244 = ORIENTED_EDGE ( 'NONE', *, *, #927, .F. ) ;
#245 = CARTESIAN_POINT ( 'NONE',  ( 0.05350971162030993700, 0.1349542490986262400, 0.7410743513144736300 ) ) ;
#246 = CARTESIAN_POINT ( 'NONE',  ( 0.05885492300063131800, 0.1017153676835791900, 0.7048007842650347900 ) ) ;
#247 = LENGTH_MEASURE_WITH_UNIT ( LENGTH_MEASURE( 0.02539999999999999900 ), #36 );
#248 = CARTESIAN_POINT ( 'NONE',  ( -0.1054226154613351600, -0.05203027914111300200, -0.6965730919752588500 ) ) ;
#249 = VERTEX_POINT ( 'NONE', #436 ) ;
#250 =( LENGTH_UNIT ( ) NAMED_UNIT ( * ) SI_UNIT ( $, .METRE. ) );
#251 =( GEOMETRIC_REPRESENTATION_CONTEXT ( 3 ) GLOBAL_UNCERTAINTY_ASSIGNED_CONTEXT ( ( #3698 ) ) GLOBAL_UNIT_ASSIGNED_CONTEXT ( ( #1322, #3505, #1639 ) ) REPRESENTATION_CONTEXT ( 'NONE', 'WORKASPACE' ) );
#252 = FILL_AREA_STYLE_COLOUR ( '', #1278 ) ;
#253 =( NAMED_UNIT ( * ) PLANE_ANGLE_UNIT ( ) SI_UNIT ( $, .RADIAN. ) );
#254 = DIRECTION ( 'NONE',  ( 0.0000000000000000000, -1.000000000000000000, 0.0000000000000000000 ) ) ;
#255 = CARTESIAN_POINT ( 'NONE',  ( 0.1473651022927924300, -0.03271047226149873700, -0.7282395902028919700 ) ) ;
#256 = CARTESIAN_POINT ( 'NONE',  ( 0.1035759347438624200, 0.1052516037261192900, 0.7357535883669923400 ) ) ;
#257 = CARTESIAN_POINT ( 'NONE',  ( 0.09551891995895633900, 0.06845499807787280800, 0.6987207255343794700 ) ) ;
#258 = EDGE_CURVE ( 'NONE', #3995, #1008, #1284, .T. ) ;
#259 = CARTESIAN_POINT ( 'NONE',  ( -0.08578100502310098700, -0.08032135557014270800, -0.7006228084566497000 ) ) ;
#260 = COLOUR_RGB ( '',1.000000000000000000, 1.000000000000000000, 1.000000000000000000 ) ;
#261 = CARTESIAN_POINT ( 'NONE',  ( 0.1512848552846968700, 2.667820306312757000E-019, 0.7274351466361026500 ) ) ;
#262 = DIRECTION ( 'NONE',  ( 0.0000000000000000000, -1.000000000000000000, 0.0000000000000000000 ) ) ;
#263 = DIRECTION ( 'NONE',  ( 1.000000000000000000, 0.0000000000000000000, 0.0000000000000000000 ) ) ;
#264 = CARTESIAN_POINT ( 'NONE',  ( 0.1500507873889255500, 0.01898381304476131100, -0.7276908776400102800 ) ) ;
#265 = CARTESIAN_POINT ( 'NONE',  ( 0.09322714237235478500, 0.07154473033052374800, 0.6991871471444508500 ) ) ;
#266 = CARTESIAN_POINT ( 'NONE',  ( 0.1416366631462507300, 0.05090984002937178100, 0.7293776445857632600 ) ) ;
#267 = CARTESIAN_POINT ( 'NONE',  ( 0.1148716940860647900, 0.02478835083637279100, 0.6943137184616848800 ) ) ;
#268 = CARTESIAN_POINT ( 'NONE',  ( -0.05208041436196662900, -0.1053450151291525900, -0.7056042949935109600 ) ) ;
#269 = CARTESIAN_POINT ( 'NONE',  ( -0.1053429254574428800, -0.05205846165759991200, 0.6965878558753589900 ) ) ;
#270 = CARTESIAN_POINT ( 'NONE',  ( 0.1502998192014567100, -0.01660680785025450000, 0.7276393529221643100 ) ) ;
#271 = CARTESIAN_POINT ( 'NONE',  ( 9.099125717664833900E-017, 2.000000000000000000, 0.7429999999999999900 ) ) ;
#272 = PRESENTATION_STYLE_ASSIGNMENT (( #1471 ) ) ;
#273 = AXIS2_PLACEMENT_3D ( 'NONE', #3250, #1390, #1707 ) ;
#274 = FILL_AREA_STYLE_COLOUR ( '', #1046 ) ;
#275 = CARTESIAN_POINT ( 'NONE',  ( 0.1077788595323839600, -0.04683716651245997700, 0.6960262843394599000 ) ) ;
#276 = CARTESIAN_POINT ( 'NONE',  ( 0.1321780222265678000, 0.07021527377589548100, -0.7311493471059625800 ) ) ;
#277 = CARTESIAN_POINT ( 'NONE',  ( 0.1144486970132442700, 0.02667425860352658600, 0.6944190957084737100 ) ) ;
#278 = CARTESIAN_POINT ( 'NONE',  ( 0.1174999999999999900, 2.667820306312757000E-019, 0.6936502913514053200 ) ) ;
#279 = CARTESIAN_POINT ( 'NONE',  ( 0.0000000000000000000, 1.589999999999999600, 0.0000000000000000000 ) ) ;
#280 = FACE_OUTER_BOUND ( 'NONE', #2614, .T. ) ;
#281 = EDGE_LOOP ( 'NONE', ( #1881, #2567, #1005, #3357 ) ) ;
#282 = CARTESIAN_POINT ( 'NONE',  ( -0.009495977896384360000, -0.1171317106982142600, -0.7084002897820524900 ) ) ;
#283 = VECTOR ( 'NONE', #3928, 39.37007874015748100 ) ;
#284 = CARTESIAN_POINT ( 'NONE',  ( -0.09303889314660418500, -0.07177622258491345200, 0.6992243687836168200 ) ) ;
#285 = CARTESIAN_POINT ( 'NONE',  ( 0.1345038056181769900, -0.06607780542178050300, 0.7307250773608304800 ) ) ;
#286 = ORIENTED_EDGE ( 'NONE', *, *, #593, .T. ) ;
#287 = CARTESIAN_POINT ( 'NONE',  ( -0.003688919759151553000, -0.1175041229693057600, -0.7084932998307893500 ) ) ;
#288 = EDGE_CURVE ( 'NONE', #3610, #2760, #2958, .T. ) ;
#289 = ORIENTED_EDGE ( 'NONE', *, *, #1914, .F. ) ;
#290 = DIRECTION ( 'NONE',  ( 0.0000000000000000000, -1.000000000000000000, 0.0000000000000000000 ) ) ;
#291 = CARTESIAN_POINT ( 'NONE',  ( 0.08439949030976921800, -0.08177228654245101400, 0.7008759050469617300 ) ) ;
#292 = CARTESIAN_POINT ( 'NONE',  ( 0.09406826166343881800, 0.1130047874827445200, -0.7370236395358970000 ) ) ;
#293 = CARTESIAN_POINT ( 'NONE',  ( 0.1099571468422314300, -0.04146536104822014200, 0.6955123811299454000 ) ) ;
#294 = DIRECTION ( 'NONE',  ( 1.060575238724897900E-016, 0.5000000000000127700, -0.8660254037844311600 ) ) ;
#295 = CARTESIAN_POINT ( 'NONE',  ( 0.03246671023906037200, -0.1129419164873104000, -0.7073737047587680400 ) ) ;
#296 = CARTESIAN_POINT ( 'NONE',  ( -0.07749755407244994500, -0.08832487780621453600, 0.7020745395051039000 ) ) ;
#297 = CARTESIAN_POINT ( 'NONE',  ( 0.09215353345978166700, -0.1145022452433865600, 0.7372729596806965000 ) ) ;
#298 = CARTESIAN_POINT ( 'NONE',  ( -0.1512857213045998800, 0.004685944510349721700, -0.7274349661908322600 ) ) ;
#299 = CARTESIAN_POINT ( 'NONE',  ( -0.03577381390356476600, -0.1119384415718459900, -0.7071325860806531000 ) ) ;
#300 = CARTESIAN_POINT ( 'NONE',  ( -0.01729316388044538400, -0.1433325240955468100, 0.7428028233537160600 ) ) ;
#301 = MECHANICAL_DESIGN_GEOMETRIC_PRESENTATION_REPRESENTATION (  '', ( #3941 ), #524 ) ;
#302 = CARTESIAN_POINT ( 'NONE',  ( -0.05338493583164824500, 0.1349990399226150800, -0.7410833287722864400 ) ) ;
#303 = CARTESIAN_POINT ( 'NONE',  ( 0.1358944775261333200, 0.06408831868121359100, -0.7304769471009213700 ) ) ;
#304 = CARTESIAN_POINT ( 'NONE',  ( 0.02110416558119053100, -0.1156054662607030700, 0.7080221690001408100 ) ) ;
#305 = CARTESIAN_POINT ( 'NONE',  ( 0.05336373699175397900, 0.1350065770432985200, -0.7410848409022322600 ) ) ;
#306 = DIRECTION ( 'NONE',  ( -0.0000000000000000000, 1.000000000000000000, -0.0000000000000000000 ) ) ;
#307 = CARTESIAN_POINT ( 'NONE',  ( 0.08833213999220239400, -0.07750755568915471100, 0.7001448760997360800 ) ) ;
#308 = EDGE_CURVE ( 'NONE', #3849, #2560, #1813, .T. ) ;
#309 = FACE_OUTER_BOUND ( 'NONE', #956, .T. ) ;
#310 = CARTESIAN_POINT ( 'NONE',  ( 0.07760354122764916200, -0.08830929587668127900, -0.7020662506393139400 ) ) ;
#311 = CARTESIAN_POINT ( 'NONE',  ( -0.06570751945044796300, -0.09741166495274444800, 0.7038847159785737200 ) ) ;
#312 = CARTESIAN_POINT ( 'NONE',  ( 0.01728338017714046300, -0.1433337195641271600, 0.7428030760781331200 ) ) ;
#313 = MECHANICAL_DESIGN_GEOMETRIC_PRESENTATION_REPRESENTATION (  '', ( #3953 ), #533 ) ;
#314 = STYLED_ITEM ( 'NONE', ( #324 ), #1419 ) ;
#315 = CARTESIAN_POINT ( 'NONE',  ( -0.06114329598787841800, -0.1003427152521749000, -0.7045048075503560500 ) ) ;
#316 = CARTESIAN_POINT ( 'NONE',  ( -0.06918988555325743300, -0.1283092201900565600, 0.7397746907897362300 ) ) ;
#317 =( NAMED_UNIT ( * ) PLANE_ANGLE_UNIT ( ) SI_UNIT ( $, .RADIAN. ) );
#318 = CARTESIAN_POINT ( 'NONE',  ( -0.02108678068584206300, -0.1156087105388066700, 0.7080229656686067900 ) ) ;
#319 = CARTESIAN_POINT ( 'NONE',  ( -0.03784475755710821300, 0.1112551933007489600, -0.7069705768762454300 ) ) ;
#320 = CARTESIAN_POINT ( 'NONE',  ( -0.06255446629413519100, 0.1314340586312214000, -0.7403762733488117300 ) ) ;
#321 = CARTESIAN_POINT ( 'NONE',  ( 0.03050735888499296600, -0.1135350887465728000, 0.7075158728358036400 ) ) ;
#322 = CARTESIAN_POINT ( 'NONE',  ( 0.1118948187359095800, -0.03590980954451535000, -0.6950462843810516500 ) ) ;
#323 = CARTESIAN_POINT ( 'NONE',  ( -0.04124526843770505400, -0.1100959303536916100, 0.7066949886711165800 ) ) ;
#324 = PRESENTATION_STYLE_ASSIGNMENT (( #1863 ) ) ;
#325 = CARTESIAN_POINT ( 'NONE',  ( -0.1461236270283041100, 0.03743356366945989300, -0.7284897134648787900 ) ) ;
#326 = CARTESIAN_POINT ( 'NONE',  ( -0.07448448580719391200, -0.09087529070056860100, -0.7025658096348002000 ) ) ;
#327 = CARTESIAN_POINT ( 'NONE',  ( -0.1087008119949316000, -0.1003608063550782300, 0.7350076541753093300 ) ) ;
#328 = CARTESIAN_POINT ( 'NONE',  ( 1.224646799147351700E-017, 1.989999999999999800, -0.09999999999999989500 ) ) ;
#329 = CARTESIAN_POINT ( 'NONE',  ( -0.06214223880755988200, -0.09974117639682310300, 0.7043753571629278700 ) ) ;
#330 = CARTESIAN_POINT ( 'NONE',  ( -0.05381885059850358800, 0.1044675674420969700, -0.7054074763676309000 ) ) ;
#331 = CARTESIAN_POINT ( 'NONE',  ( -0.1500590491259528600, 0.01893578263925661500, -0.7276891733346591000 ) ) ;
#332 = CIRCLE ( 'NONE', #1123, 0.7429999999999999900 ) ;
#333 = CARTESIAN_POINT ( 'NONE',  ( -0.01534590658880146700, -0.1165095821453957800, 0.7082455845290505100 ) ) ;
#334 = ORIENTED_EDGE ( 'NONE', *, *, #2366, .F. ) ;
#335 = CARTESIAN_POINT ( 'NONE',  ( 0.01921695785408494800, -0.1159219871049040500, 0.7081001946311055200 ) ) ;
#336 = ORIENTED_EDGE ( 'NONE', *, *, #2776, .T. ) ;
#337 = CARTESIAN_POINT ( 'NONE',  ( -0.1303481240607589600, -0.07323180351519087400, -0.7314771295119035800 ) ) ;
#338 = CARTESIAN_POINT ( 'NONE',  ( -0.09046437154469295900, -0.07498328127616914200, -0.6997325671718174200 ) ) ;
#339 = CARTESIAN_POINT ( 'NONE',  ( -0.1387679955256274400, -0.05750485166295096100, 0.7299269775321976000 ) ) ;
#340 = DIRECTION ( 'NONE',  ( 0.0000000000000000000, 0.0000000000000000000, 1.000000000000000000 ) ) ;
#341 = CARTESIAN_POINT ( 'NONE',  ( -0.08834052538242082000, -0.07747990904928268900, 0.7001418633789054900 ) ) ;
#342 = CARTESIAN_POINT ( 'NONE',  ( -0.08176804629772389800, 0.08440353414091242300, -0.7013459339328255200 ) ) ;
#343 = CARTESIAN_POINT ( 'NONE',  ( -0.1036080945441977400, -0.1052233890025064800, -0.7357490975733769200 ) ) ;
#344 = CARTESIAN_POINT ( 'NONE',  ( 0.05370767536680038500, -0.1045082842664180900, 0.7054173473128703100 ) ) ;
#345 = CARTESIAN_POINT ( 'NONE',  ( -0.09978896751496807400, -0.1084518752192035600, -0.7362707511374582100 ) ) ;
#346 = CARTESIAN_POINT ( 'NONE',  ( -0.1013444817059047100, -0.05946828712977266000, -0.6974815116200303600 ) ) ;
#347 = CARTESIAN_POINT ( 'NONE',  ( -0.1512295947985911300, -0.004560079044145762400, 0.7274466471811559300 ) ) ;
#348 =( NAMED_UNIT ( * ) PLANE_ANGLE_UNIT ( ) SI_UNIT ( $, .RADIAN. ) );
#349 = CARTESIAN_POINT ( 'NONE',  ( -0.1112677970742573700, -0.03780815643594297900, 0.6951981221266514400 ) ) ;
#350 = CARTESIAN_POINT ( 'NONE',  ( -0.1070344772452264500, 0.04851369380202395800, -0.6961995478140226000 ) ) ;
#351 = PLANE ( 'NONE',  #1065 ) ;
#352 = CARTESIAN_POINT ( 'NONE',  ( 0.08032565549646379600, 0.08584069444855675600, -0.7016031016727409800 ) ) ;
#353 = CARTESIAN_POINT ( 'NONE',  ( 0.07174215194124063100, -0.09306498853525734000, 0.7029969346169009400 ) ) ;
#354 = LENGTH_MEASURE_WITH_UNIT ( LENGTH_MEASURE( 0.02539999999999999900 ), #3856 );
#355 = CARTESIAN_POINT ( 'NONE',  ( -0.05338051147148105400, -0.1350009680898091000, -0.7410837077022809400 ) ) ;
#356 = CARTESIAN_POINT ( 'NONE',  ( -0.1130585901420503700, -0.03205782547917426100, -0.6947630444512900000 ) ) ;
#357 = DIMENSIONAL_EXPONENTS ( 1.000000000000000000, 0.0000000000000000000, 0.0000000000000000000, 0.0000000000000000000, 0.0000000000000000000, 0.0000000000000000000, 0.0000000000000000000 ) ;
#358 = CONICAL_SURFACE ( 'NONE', #395, 0.4873205080756878900, 1.047197551196583000 ) ;
#359 = CARTESIAN_POINT ( 'NONE',  ( -0.1415782950851474900, 0.05105744363911352000, 0.7293889926521430800 ) ) ;
#360 = CARTESIAN_POINT ( 'NONE',  ( -0.1173038064978829300, 0.007799285350914737800, 0.6937005076367566100 ) ) ;
#361 = CARTESIAN_POINT ( 'NONE',  ( -0.1175006726207879800, 0.003816746020301732300, -0.6936501192867012800 ) ) ;
#362 =( NAMED_UNIT ( * ) PLANE_ANGLE_UNIT ( ) SI_UNIT ( $, .RADIAN. ) );
#363 = DIRECTION ( 'NONE',  ( 0.0000000000000000000, -0.0000000000000000000, 1.000000000000000000 ) ) ;
#364 = CARTESIAN_POINT ( 'NONE',  ( 0.0001661782780621870000, -0.1442585241059669300, -0.7429999814164062200 ) ) ;
#365 = DIRECTION ( 'NONE',  ( 0.0000000000000000000, 1.000000000000000000, 0.0000000000000000000 ) ) ;
#366 = CARTESIAN_POINT ( 'NONE',  ( -0.1104875625713525900, 0.09857064069198510900, -0.7347409769931995100 ) ) ;
#367 = CARTESIAN_POINT ( 'NONE',  ( 0.04144657497098101800, 0.1099641309288985800, -0.7066660418940382500 ) ) ;
#368 = MECHANICAL_DESIGN_GEOMETRIC_PRESENTATION_REPRESENTATION (  '', ( #4009 ), #584 ) ;
#369 = CARTESIAN_POINT ( 'NONE',  ( 0.08841714930594246600, -0.07739239528350896900, 0.7001278189470002700 ) ) ;
#370 =( GEOMETRIC_REPRESENTATION_CONTEXT ( 3 ) GLOBAL_UNCERTAINTY_ASSIGNED_CONTEXT ( ( #2802 ) ) GLOBAL_UNIT_ASSIGNED_CONTEXT ( ( #2917, #1044, #3221 ) ) REPRESENTATION_CONTEXT ( 'NONE', 'WORKASPACE' ) );
#371 = ORIENTED_EDGE ( 'NONE', *, *, #1344, .F. ) ;
#372 = B_SPLINE_CURVE_WITH_KNOTS ( 'NONE', 3,
 ( #364, #2852, #3193, #1019, #1961, #2585, #2887, #3739, #2313, #4058, #3515, #1864, #1547, #3413, #3099, #1231, #2786, #923, #613, #3316, #3956, #838, #1463, #550, #2469, #303, #2160, #4045, #1852, #3724, #1532, #3401, #707, #1170, #3351, #3040, #857, #557, #2406, #242 ),
 .UNSPECIFIED., .F., .F.,
 ( 4, 2, 2, 2, 2, 2, 2, 2, 2, 2, 2, 2, 2, 2, 2, 2, 2, 2, 2, 4 ),
 ( 0.5000000000000000000, 0.5625000000000000000, 0.5781249999999998900, 0.5937499999999998900, 0.6249999999999997800, 0.6562499999999997800, 0.6874999999999997800, 0.7187499999999996700, 0.7343749999999996700, 0.7499999999999996700, 0.7812499999999996700, 0.7968749999999995600, 0.8124999999999995600, 0.8437499999999996700, 0.8749999999999996700, 0.9062499999999997800, 0.9374999999999997800, 0.9531249999999998900, 0.9687499999999998900, 1.000000000000000000 ),
 .UNSPECIFIED. ) ;
#373 = CARTESIAN_POINT ( 'NONE',  ( 0.005112669734985441700, -0.1442533508518047400, -0.7429988753674016100 ) ) ;
#374 = CARTESIAN_POINT ( 'NONE',  ( 0.0000000000000000000, 1.989999999999999800, 1.533216245000134500E-016 ) ) ;
#375 = CARTESIAN_POINT ( 'NONE',  ( -0.1051693981848888700, 0.1037256524275445000, 0.7355212480109331000 ) ) ;
#376 = ORIENTED_EDGE ( 'NONE', *, *, #3680, .T. ) ;
#377 = FILL_AREA_STYLE_COLOUR ( '', #2597 ) ;
#378 = CARTESIAN_POINT ( 'NONE',  ( -0.1026499124152987400, 0.05720998583472034600, 0.6971942724291668700 ) ) ;
#379 = CARTESIAN_POINT ( 'NONE',  ( -0.1017276641865118800, -0.05881045616421092700, -0.6973973175221922500 ) ) ;
#380 = EDGE_CURVE ( 'NONE', #2804, #1008, #2744, .T. ) ;
#381 = CARTESIAN_POINT ( 'NONE',  ( -0.04872628655584417000, 0.1365916567424740900, -0.7414042085320011700 ) ) ;
#382 = CARTESIAN_POINT ( 'NONE',  ( -0.1104317485886669300, -0.09871150790947358400, 0.7347559068220964600 ) ) ;
#383 = SURFACE_SIDE_STYLE ('',( #2711 ) ) ;
#384 = CARTESIAN_POINT ( 'NONE',  ( 0.09989586680425013900, 0.1084396945470816300, 0.7362640920781924300 ) ) ;
#385 = ORIENTED_EDGE ( 'NONE', *, *, #2149, .F. ) ;
#386 = CARTESIAN_POINT ( 'NONE',  ( -0.1378101736214318900, 0.05956185607624178000, -0.7301085669053886100 ) ) ;
#387 = CARTESIAN_POINT ( 'NONE',  ( -9.285873139106726300E-017, 0.1442586111360670800, -0.7429999999999999900 ) ) ;
#388 = CARTESIAN_POINT ( 'NONE',  ( 0.1172561728465119800, 0.007807890617558647900, -0.6937124914148424800 ) ) ;
#389 = CARTESIAN_POINT ( 'NONE',  ( 0.09718541110792160200, -0.06604118059769983900, 0.6983728711743465400 ) ) ;
#390 = EDGE_CURVE ( 'NONE', #249, #439, #898, .T. ) ;
#391 = CARTESIAN_POINT ( 'NONE',  ( 0.06262648886294625000, -0.1313387075559479000, -0.7403593239646345500 ) ) ;
#392 = DIRECTION ( 'NONE',  ( 0.0000000000000000000, 0.0000000000000000000, 1.000000000000000000 ) ) ;
#393 = CARTESIAN_POINT ( 'NONE',  ( -0.05561071955993674600, 0.1341640677995495900, 0.7409168699008428200 ) ) ;
#394 = CARTESIAN_POINT ( 'NONE',  ( 0.01537935497759341200, 0.1167492497320357100, 0.7083028043258423600 ) ) ;
#395 = AXIS2_PLACEMENT_3D ( 'NONE', #564, #2102, #3999 ) ;
#396 = CARTESIAN_POINT ( 'NONE',  ( -0.07597353647386750900, 0.08965497129014556000, 0.7023278720861917400 ) ) ;
#397 = B_SPLINE_CURVE_WITH_KNOTS ( 'NONE', 3,
 ( #547, #2709, #3029, #1156, #3337 ),
 .UNSPECIFIED., .F., .F.,
 ( 4, 1, 4 ),
 ( 0.5000000000000000000, 0.5000872787331067700, 0.5001745574662135300 ),
 .UNSPECIFIED. ) ;
#398 = CARTESIAN_POINT ( 'NONE',  ( -0.08035975475246280600, -0.08574533236987523500, -0.7015914310074925500 ) ) ;
#399 =( CONVERSION_BASED_UNIT ( 'INCH', #3547 ) LENGTH_UNIT ( ) NAMED_UNIT ( #1656 ) );
#400 = CARTESIAN_POINT ( 'NONE',  ( 0.0000000000000000000, -2.000000000000000000, -0.7429999999999999900 ) ) ;
#401 = CARTESIAN_POINT ( 'NONE',  ( -0.01351861164768519900, 0.1167359390383570100, -0.7083018092253478000 ) ) ;
#402 = DIRECTION ( 'NONE',  ( -0.0000000000000000000, 1.000000000000000000, -0.0000000000000000000 ) ) ;
#403 = CARTESIAN_POINT ( 'NONE',  ( 0.1159369770756605300, -0.01912624839711926000, -0.6940468069970402400 ) ) ;
#404 = CARTESIAN_POINT ( 'NONE',  ( 0.1078033017724399100, -0.04675030541085650100, 0.6960201399886260000 ) ) ;
#405 = FACE_OUTER_BOUND ( 'NONE', #4000, .T. ) ;
#406 = LINE ( 'NONE', #2565, #1956 ) ;
#407 = CARTESIAN_POINT ( 'NONE',  ( 0.1129713632501296300, 0.03236427545719145600, -0.6947837440504300900 ) ) ;
#408 = CARTESIAN_POINT ( 'NONE',  ( 0.1201627116604804800, -0.08777314978783584700, -0.7332258491941651100 ) ) ;
#409 = CARTESIAN_POINT ( 'NONE',  ( -0.1512847657622835600, 0.0001569368183616288900, 0.7274351652540939100 ) ) ;
#410 = CARTESIAN_POINT ( 'NONE',  ( -0.004894128575171556400, 0.1442027696821308900, 0.7429880688281210700 ) ) ;
#411 = CARTESIAN_POINT ( 'NONE',  ( -0.08618992984607684600, 0.1185805857358949600, -0.7379868083438451100 ) ) ;
#412 = CARTESIAN_POINT ( 'NONE',  ( -0.03773679261232373200, 0.1112920910493416000, 0.7069793270875373000 ) ) ;
#413 = CARTESIAN_POINT ( 'NONE',  ( -0.04327457596284579200, -0.1092580094213754500, -0.7065007929394020400 ) ) ;
#414 =( NAMED_UNIT ( * ) SI_UNIT ( $, .STERADIAN. ) SOLID_ANGLE_UNIT ( ) );
#415 = DIRECTION ( 'NONE',  ( 0.0000000000000000000, 1.000000000000000000, 0.0000000000000000000 ) ) ;
#416 = CARTESIAN_POINT ( 'NONE',  ( 0.1119592069865843200, 0.03570858899074178000, 0.6950313598893823600 ) ) ;
#417 =( LENGTH_UNIT ( ) NAMED_UNIT ( * ) SI_UNIT ( $, .METRE. ) );
#418 = STYLED_ITEM ( 'NONE', ( #272 ), #1089 ) ;
#419 = DIMENSIONAL_EXPONENTS ( 1.000000000000000000, 0.0000000000000000000, 0.0000000000000000000, 0.0000000000000000000, 0.0000000000000000000, 0.0000000000000000000, 0.0000000000000000000 ) ;
#420 = FACE_OUTER_BOUND ( 'NONE', #1407, .T. ) ;
#421 =( CONVERSION_BASED_UNIT ( 'INCH', #3342 ) LENGTH_UNIT ( ) NAMED_UNIT ( #2590 ) );
#422 = CARTESIAN_POINT ( 'NONE',  ( 0.1051955825189668700, -0.05236236864919703600, -0.6966215835346631900 ) ) ;
#423 = CARTESIAN_POINT ( 'NONE',  ( 0.0000000000000000000, -1.999999999999999800, 0.4873205080756880500 ) ) ;
#424 = CARTESIAN_POINT ( 'NONE',  ( 0.1144556042098061200, -0.02664298831423660100, -0.6944173734989490500 ) ) ;
#425 = CARTESIAN_POINT ( 'NONE',  ( 0.1479050371127380000, -0.03041370126252212700, -0.7281300291213099700 ) ) ;
#426 = CARTESIAN_POINT ( 'NONE',  ( 0.04883005684581084200, 0.1365582175815675300, 0.7413974264237409600 ) ) ;
#427 = DIMENSIONAL_EXPONENTS ( 1.000000000000000000, 0.0000000000000000000, 0.0000000000000000000, 0.0000000000000000000, 0.0000000000000000000, 0.0000000000000000000, 0.0000000000000000000 ) ;
#428 = CARTESIAN_POINT ( 'NONE',  ( -0.1200852197695396100, 0.08786615638666574200, -0.7332383799537518500 ) ) ;
#429 = COLOUR_RGB ( '',0.9019607843137255100, 0.9019607843137255100, 0.9019607843137255100 ) ;
#430 = CARTESIAN_POINT ( 'NONE',  ( 0.003960217356289037600, 0.1174490583522381900, 0.7084795123360054800 ) ) ;
#431 = CARTESIAN_POINT ( 'NONE',  ( -0.001791854346013086500, -0.1175020359453274600, -0.7084927633377133800 ) ) ;
#432 = CARTESIAN_POINT ( 'NONE',  ( 0.09871856517182878200, 0.06375408466331727900, -0.6980498533408293600 ) ) ;
#433 =( NAMED_UNIT ( * ) SI_UNIT ( $, .STERADIAN. ) SOLID_ANGLE_UNIT ( ) );
#434 = PRESENTATION_STYLE_ASSIGNMENT (( #3603 ) ) ;
#435 = SURFACE_SIDE_STYLE ('',( #3636 ) ) ;
#436 = CARTESIAN_POINT ( 'NONE',  ( -0.1174999999956123900, 1.539189437179346800E-014, -0.6936502913125541800 ) ) ;
#437 = ORIENTED_EDGE ( 'NONE', *, *, #529, .T. ) ;
#438 = CARTESIAN_POINT ( 'NONE',  ( 0.09401589076542465900, -0.07048536146685630000, -0.6990270036327661500 ) ) ;
#439 = VERTEX_POINT ( 'NONE', #3385 ) ;
#440 = CARTESIAN_POINT ( 'NONE',  ( 0.1478697044781429300, 0.03056974149509243700, -0.7281372074535705800 ) ) ;
#441 = DIMENSIONAL_EXPONENTS ( 1.000000000000000000, 0.0000000000000000000, 0.0000000000000000000, 0.0000000000000000000, 0.0000000000000000000, 0.0000000000000000000, 0.0000000000000000000 ) ;
#442 = CARTESIAN_POINT ( 'NONE',  ( 0.09992770580744632400, 0.1084120605781066800, 0.7362596283142169900 ) ) ;
#443 = CARTESIAN_POINT ( 'NONE',  ( 0.07976977267624718600, 0.08629425355879619100, 0.7016924491744034300 ) ) ;
#444 = ORIENTED_EDGE ( 'NONE', *, *, #3308, .T. ) ;
#445 = CARTESIAN_POINT ( 'NONE',  ( 0.04867550597274564200, 0.1070124855765282700, 0.7059808727824978800 ) ) ;
#446 = CARTESIAN_POINT ( 'NONE',  ( 0.04689167987053251300, -0.1077547336620729900, -0.7061527119569640500 ) ) ;
#447 = CARTESIAN_POINT ( 'NONE',  ( 0.07749650154171212900, 0.08840348671108497200, -0.7020841187310014100 ) ) ;
#448 = CARTESIAN_POINT ( 'NONE',  ( 1.224646799147351700E-017, -1.489999999999999800, 0.09999999999999989500 ) ) ;
#449 =( NAMED_UNIT ( * ) SI_UNIT ( $, .STERADIAN. ) SOLID_ANGLE_UNIT ( ) );
#450 = SURFACE_SIDE_STYLE ('',( #3217 ) ) ;
#451 = CARTESIAN_POINT ( 'NONE',  ( -0.04127068798650607200, 0.1100180354111612000, 0.7066788127175550600 ) ) ;
#452 =( GEOMETRIC_REPRESENTATION_CONTEXT ( 3 ) GLOBAL_UNCERTAINTY_ASSIGNED_CONTEXT ( ( #1795 ) ) GLOBAL_UNIT_ASSIGNED_CONTEXT ( ( #3463, #1595, #3782 ) ) REPRESENTATION_CONTEXT ( 'NONE', 'WORKASPACE' ) );
#453 = CARTESIAN_POINT ( 'NONE',  ( 0.08135173012316013200, -0.08481932171105469000, -0.7014202483495595200 ) ) ;
#454 = CARTESIAN_POINT ( 'NONE',  ( -0.07309416020977584100, -0.09201705949946228900, 0.7027882504756831600 ) ) ;
#455 = CARTESIAN_POINT ( 'NONE',  ( 0.1172649678755653500, -0.007675245916432912000, -0.6937102501072666100 ) ) ;
#456 = CARTESIAN_POINT ( 'NONE',  ( 0.1309622925738860000, 0.07225702466605753200, -0.7313682644630704600 ) ) ;
#457 = CARTESIAN_POINT ( 'NONE',  ( 0.0000000000000000000, -1.589999999999999600, 0.0000000000000000000 ) ) ;
#458 = CARTESIAN_POINT ( 'NONE',  ( 0.1378630280943050300, 0.05958898413640966600, 0.7301003177680484000 ) ) ;
#459 = DIRECTION ( 'NONE',  ( -0.0000000000000000000, -1.000000000000000000, -0.0000000000000000000 ) ) ;
#460 = CARTESIAN_POINT ( 'NONE',  ( 0.07474567651761236700, 0.09066063943572508200, 0.7025240021618562900 ) ) ;
#461 = SURFACE_STYLE_FILL_AREA ( #2762 ) ;
#462 = CARTESIAN_POINT ( 'NONE',  ( 0.08841982686591511000, -0.07748013284492245900, -0.7001329920239048900 ) ) ;
#463 = CARTESIAN_POINT ( 'NONE',  ( 0.04144657497098101800, 0.1099641309288985800, -0.7066660418940382500 ) ) ;
#464 = CARTESIAN_POINT ( 'NONE',  ( 0.02100164785461685500, 0.1156119464040425100, -0.7080238071809579200 ) ) ;
#465 = CARTESIAN_POINT ( 'NONE',  ( 0.1492597357389835700, -0.02364356925458198000, 0.7278534683073553100 ) ) ;
#466 = AXIS2_PLACEMENT_3D ( 'NONE', #1951, #697, #94 ) ;
#467 = CARTESIAN_POINT ( 'NONE',  ( -0.06354268644338444100, 0.09883737124241928600, 0.7041842103509063900 ) ) ;
#468 = PRESENTATION_STYLE_ASSIGNMENT (( #2904 ) ) ;
#469 = AXIS2_PLACEMENT_3D ( 'NONE', #3958, #2072, #221 ) ;
#470 = LINE ( 'NONE', #854, #2828 ) ;
#471 = CARTESIAN_POINT ( 'NONE',  ( 0.06795973201793129000, -0.09586009254286670400, -0.7035630337701899200 ) ) ;
#472 = CARTESIAN_POINT ( 'NONE',  ( -0.09980515143227278200, -0.06212714307313526400, 0.6978206635283561400 ) ) ;
#473 = CARTESIAN_POINT ( 'NONE',  ( 0.09406826166343881800, 0.1130047874827445200, -0.7370236395358970000 ) ) ;
#474 = DIRECTION ( 'NONE',  ( -0.0000000000000000000, 1.000000000000000000, -0.0000000000000000000 ) ) ;
#475 = SURFACE_STYLE_FILL_AREA ( #713 ) ;
#476 = CARTESIAN_POINT ( 'NONE',  ( 0.1512848552846968700, 2.667820306312757000E-019, 0.7274351466361026500 ) ) ;
#477 = CARTESIAN_POINT ( 'NONE',  ( -0.1110364012131236900, 0.03852166048169081100, -0.6952548000078500000 ) ) ;
#478 = CARTESIAN_POINT ( 'NONE',  ( 0.06200166607851655800, 0.09982842470671785000, 0.7043939154762487400 ) ) ;
#479 = CARTESIAN_POINT ( 'NONE',  ( 0.007677967046342835800, 0.1173115941766551500, -0.7084450473001733300 ) ) ;
#480 = FACE_OUTER_BOUND ( 'NONE', #2177, .T. ) ;
#481 = CARTESIAN_POINT ( 'NONE',  ( 0.05459227178502526500, 0.1040516930818823100, -0.7053154809795467700 ) ) ;
#482 = CARTESIAN_POINT ( 'NONE',  ( 0.1284649465876147000, -0.07633257665657461300, 0.7318151873226894600 ) ) ;
#483 = COLOUR_RGB ( '',1.000000000000000000, 1.000000000000000000, 1.000000000000000000 ) ;
#484 = CARTESIAN_POINT ( 'NONE',  ( -0.07677902312137564700, 0.08896593249724721300, 0.7021952353256605300 ) ) ;
#485 = CARTESIAN_POINT ( 'NONE',  ( -0.1416276649765191300, -0.05093299986162350100, -0.7293793994805687400 ) ) ;
#486 = CARTESIAN_POINT ( 'NONE',  ( 0.04853027467628002300, -0.1070137621791696500, -0.7059832018486538200 ) ) ;
#487 = CARTESIAN_POINT ( 'NONE',  ( -0.1159505503452422200, -0.01911719696615593300, 0.6940432865698373800 ) ) ;
#488 = CARTESIAN_POINT ( 'NONE',  ( 0.04636477527640720000, 0.1373371758827559900, -0.7415557754554925600 ) ) ;
#489 =( LENGTH_UNIT ( ) NAMED_UNIT ( * ) SI_UNIT ( $, .METRE. ) );
#490 = ORIENTED_EDGE ( 'NONE', *, *, #3620, .T. ) ;
#491 = CARTESIAN_POINT ( 'NONE',  ( -0.1003494140552361600, 0.06113238483227629400, -0.6976983530764810900 ) ) ;
#492 = LENGTH_MEASURE_WITH_UNIT ( LENGTH_MEASURE( 0.02539999999999999900 ), #536 );
#493 = CARTESIAN_POINT ( 'NONE',  ( 0.07375049070979940200, 0.09147231242723721800, -0.7026825432440623200 ) ) ;
#494 = CARTESIAN_POINT ( 'NONE',  ( 0.08001184726798785100, -0.1225217735411192300, 0.7386908017935663900 ) ) ;
#495 = ORIENTED_EDGE ( 'NONE', *, *, #1501, .F. ) ;
#496 = CARTESIAN_POINT ( 'NONE',  ( -0.09054661128459064200, 0.07488369059354600700, 0.6997164989010461500 ) ) ;
#497 = CARTESIAN_POINT ( 'NONE',  ( 0.03934649122294237700, -0.1396134264756527000, 0.7420211826873990300 ) ) ;
#498 = CARTESIAN_POINT ( 'NONE',  ( -0.1153558215759711000, -0.09336179297574984100, -0.7339921864429574900 ) ) ;
#499 = CARTESIAN_POINT ( 'NONE',  ( 5.861897479865045600E-017, 1.989999999999999800, -0.4699999999999997500 ) ) ;
#500 = ORIENTED_EDGE ( 'NONE', *, *, #4026, .F. ) ;
#501 = CARTESIAN_POINT ( 'NONE',  ( -0.1510322501308731800, 0.009575438915443023800, 0.7274878087503582300 ) ) ;
#502 = CARTESIAN_POINT ( 'NONE',  ( -0.1148325646068760500, 0.02497013476235666500, 0.6943234801092915700 ) ) ;
#503 = CARTESIAN_POINT ( 'NONE',  ( -0.007710965651196024400, 0.1172626473543606200, -0.7084329678497927100 ) ) ;
#504 = CARTESIAN_POINT ( 'NONE',  ( -0.09088839579959259700, 0.07446848483806452200, -0.6996496924220685400 ) ) ;
#505 = CARTESIAN_POINT ( 'NONE',  ( 0.08970353877434528200, 0.07589252289193428000, -0.6998804200401447200 ) ) ;
#506 = CARTESIAN_POINT ( 'NONE',  ( 0.009861362573671182000, -0.1439711553096144900, 0.7429386685790971800 ) ) ;
#507 = CARTESIAN_POINT ( 'NONE',  ( 0.1069709227574066100, 0.04865324520560262300, -0.6962142669519728600 ) ) ;
#508 = CARTESIAN_POINT ( 'NONE',  ( -0.1020071111980347100, 0.05832939894056123100, 0.6973359984781797300 ) ) ;
#509 = EDGE_CURVE ( 'NONE', #35, #3306, #569, .T. ) ;
#510 = CARTESIAN_POINT ( 'NONE',  ( 0.1464005890083810700, -0.03757684584869863700, 0.7284365620193319300 ) ) ;
#511 = CARTESIAN_POINT ( 'NONE',  ( -0.09405989188792750200, -0.1130114262972496400, -0.7370247403183336500 ) ) ;
#512 = ADVANCED_FACE ( 'NONE', ( #1099 ), #3599, .F. ) ;
#513 = DIRECTION ( 'NONE',  ( 0.0000000000000000000, 0.0000000000000000000, -1.000000000000000000 ) ) ;
#514 = CARTESIAN_POINT ( 'NONE',  ( -0.1321649118698644800, 0.07023857957172238700, 0.7311517404689731300 ) ) ;
#515 = CARTESIAN_POINT ( 'NONE',  ( -0.09541534704928293600, 0.06859900840587800100, 0.6987420462421632900 ) ) ;
#516 = CARTESIAN_POINT ( 'NONE',  ( -0.04860391596350738900, 0.1069937396460096700, -0.7059781180561025500 ) ) ;
#517 = CIRCLE ( 'NONE', #1353, 0.1249999999999999000 ) ;
#518 = CARTESIAN_POINT ( 'NONE',  ( -0.07502700697928319000, 0.09042816311932191900, -0.7024787983266075300 ) ) ;
#519 = CARTESIAN_POINT ( 'NONE',  ( 0.09986322054099257300, 0.06194555931604574900, -0.6978042953604383100 ) ) ;
#520 = CARTESIAN_POINT ( 'NONE',  ( -0.04876998817127302400, -0.1366383570597511100, 0.7414127829460949200 ) ) ;
#521 = CARTESIAN_POINT ( 'NONE',  ( 0.1045549276078404100, 0.05361678920181341800, 0.6967665883937396200 ) ) ;
#522 =( NAMED_UNIT ( * ) PLANE_ANGLE_UNIT ( ) SI_UNIT ( $, .RADIAN. ) );
#523 = CARTESIAN_POINT ( 'NONE',  ( -0.04869123972589473700, -0.1366032193428349800, -0.7414065477825572100 ) ) ;
#524 =( GEOMETRIC_REPRESENTATION_CONTEXT ( 3 ) GLOBAL_UNCERTAINTY_ASSIGNED_CONTEXT ( ( #807 ) ) GLOBAL_UNIT_ASSIGNED_CONTEXT ( ( #1160, #3033, #847 ) ) REPRESENTATION_CONTEXT ( 'NONE', 'WORKASPACE' ) );
#525 = CARTESIAN_POINT ( 'NONE',  ( -0.09781825932694150600, 0.1100723543809398000, 0.7365353766698243800 ) ) ;
#526 = CARTESIAN_POINT ( 'NONE',  ( -0.06203856004966163500, 0.09986041217045296700, 0.7043971552409189500 ) ) ;
#527 = SURFACE_STYLE_FILL_AREA ( #3170 ) ;
#528 = CARTESIAN_POINT ( 'NONE',  ( -0.08036396905924961300, 0.08574157052467842900, -0.7015907227935208600 ) ) ;
#529 = EDGE_CURVE ( 'NONE', #1454, #1890, #4037, .T. ) ;
#530 = CARTESIAN_POINT ( 'NONE',  ( -0.05953295733685147500, 0.1013064302307326400, -0.7047126685221398700 ) ) ;
#531 = CARTESIAN_POINT ( 'NONE',  ( 0.1113811230962284800, 0.03762160336529361100, -0.6951724018332435800 ) ) ;
#532 = CARTESIAN_POINT ( 'NONE',  ( -0.09411097403823315300, -0.1129723676954657400, 0.7370181781988417400 ) ) ;
#533 =( GEOMETRIC_REPRESENTATION_CONTEXT ( 3 ) GLOBAL_UNCERTAINTY_ASSIGNED_CONTEXT ( ( #1362 ) ) GLOBAL_UNIT_ASSIGNED_CONTEXT ( ( #3391, #1521, #3716 ) ) REPRESENTATION_CONTEXT ( 'NONE', 'WORKASPACE' ) );
#534 = AXIS2_PLACEMENT_3D ( 'NONE', #3132, #3435, #4043 ) ;
#535 = FILL_AREA_STYLE_COLOUR ( '', #429 ) ;
#536 =( LENGTH_UNIT ( ) NAMED_UNIT ( * ) SI_UNIT ( $, .METRE. ) );
#537 = CARTESIAN_POINT ( 'NONE',  ( 0.01004574864094900800, -0.1440174055434141600, -0.7429483803699756800 ) ) ;
#538 = CIRCLE ( 'NONE', #1320, 0.4699999999999999200 ) ;
#539 = CARTESIAN_POINT ( 'NONE',  ( -0.1173142536935269200, -0.007651918567055765800, 0.6936983253147114300 ) ) ;
#540 = CARTESIAN_POINT ( 'NONE',  ( -0.04858727837672697400, 0.1366369573209042500, 0.7414133849301289800 ) ) ;
#541 = CARTESIAN_POINT ( 'NONE',  ( -0.02477508133928782100, 0.1148743469054993200, 0.7078427794107908800 ) ) ;
#542 = ORIENTED_EDGE ( 'NONE', *, *, #3003, .F. ) ;
#543 = CARTESIAN_POINT ( 'NONE',  ( -0.1053852578280883700, 0.05199927128896688500, -0.6965786917113545600 ) ) ;
#544 = CARTESIAN_POINT ( 'NONE',  ( -0.03212786874010761800, 0.1130386467202275400, -0.7073963538594920700 ) ) ;
#545 = ORIENTED_EDGE ( 'NONE', *, *, #2199, .T. ) ;
#546 = UNCERTAINTY_MEASURE_WITH_UNIT (LENGTH_MEASURE( 1.000000000000000100E-005 ), #2060, 'distance_accuracy_value', 'NONE');
#547 = CARTESIAN_POINT ( 'NONE',  ( -0.1174999304696855200, 0.0001278265194171856900, 0.6936503091047060400 ) ) ;
#548 = CARTESIAN_POINT ( 'NONE',  ( -0.1285021948178971000, -0.07627553509426486500, 0.7318086405045372000 ) ) ;
#549 = FILL_AREA_STYLE_COLOUR ( '', #80 ) ;
#550 = CARTESIAN_POINT ( 'NONE',  ( 0.1432803543963938600, 0.04654563350588398300, -0.7290555000028224900 ) ) ;
#551 = CARTESIAN_POINT ( 'NONE',  ( 0.06708412741896629900, -0.1293217448296641900, -0.7399687329280823000 ) ) ;
#552 = CARTESIAN_POINT ( 'NONE',  ( 0.005098901358657766100, 0.1441960684011295300, 0.7429866380373610900 ) ) ;
#553 = CARTESIAN_POINT ( 'NONE',  ( 0.02489928850003895000, 0.1148475466858058100, 0.7078362223916787600 ) ) ;
#554 = CARTESIAN_POINT ( 'NONE',  ( -0.1173134526352574600, 0.007660672847026726900, -0.6936980447674463400 ) ) ;
#555 = FILL_AREA_STYLE_COLOUR ( '', #4012 ) ;
#556 = DIRECTION ( 'NONE',  ( 0.0000000000000000000, 0.0000000000000000000, 1.000000000000000000 ) ) ;
#557 = CARTESIAN_POINT ( 'NONE',  ( 0.01976152800990516700, 0.1433342006109734600, -0.7428009337071758100 ) ) ;
#558 = CARTESIAN_POINT ( 'NONE',  ( 0.1231064406711974700, -0.08397901293566949200, -0.7327356299709176800 ) ) ;
#559 = CARTESIAN_POINT ( 'NONE',  ( 0.06267120746370745400, 0.1313827450510005000, 0.7403663000188321900 ) ) ;
#560 = CARTESIAN_POINT ( 'NONE',  ( 0.06375856266862066400, 0.09871571683137037000, 0.7041574051212645700 ) ) ;
#561 = CARTESIAN_POINT ( 'NONE',  ( -0.1026822949611435500, -0.05712732284355619800, -0.6971864050198907100 ) ) ;
#562 =( NAMED_UNIT ( * ) PLANE_ANGLE_UNIT ( ) SI_UNIT ( $, .RADIAN. ) );
#563 = COLOUR_RGB ( '',0.9019607843137255100, 0.9019607843137255100, 0.9019607843137255100 ) ;
#564 = CARTESIAN_POINT ( 'NONE',  ( 0.0000000000000000000, 1.999999999999999800, 1.533216245000134500E-016 ) ) ;
#565 = CARTESIAN_POINT ( 'NONE',  ( 0.1493470234648543400, -0.02349158430690627800, -0.7278361297435960200 ) ) ;
#566 = CARTESIAN_POINT ( 'NONE',  ( 0.1138235376249604200, 0.09514369180221514400, 0.7342364892336985500 ) ) ;
#567 = CARTESIAN_POINT ( 'NONE',  ( 0.09878241207187901700, 0.06365557945199611100, 0.6980362535978114100 ) ) ;
#568 = CARTESIAN_POINT ( 'NONE',  ( -0.08175166902289116000, -0.08441913027104978900, -0.7013487876164641300 ) ) ;
#569 = CIRCLE ( 'NONE', #2227, 0.1650000000000005600 ) ;
#570 = FACE_OUTER_BOUND ( 'NONE', #1929, .T. ) ;
#571 = SURFACE_SIDE_STYLE ('',( #2941 ) ) ;
#572 = CARTESIAN_POINT ( 'NONE',  ( 0.0000000000000000000, 1.999999999999999800, 0.4873205080756880500 ) ) ;
#573 = PRESENTATION_LAYER_ASSIGNMENT (  '', '', ( #2574 ) ) ;
#574 = ORIENTED_EDGE ( 'NONE', *, *, #2458, .F. ) ;
#575 = CYLINDRICAL_SURFACE ( 'NONE', #3407, 0.1249999999999998300 ) ;
#576 = CARTESIAN_POINT ( 'NONE',  ( 0.1478697044781429300, 0.03056974149509243700, -0.7281372074535705800 ) ) ;
#577 = CARTESIAN_POINT ( 'NONE',  ( 0.09663155117542847300, 0.06687557762546170200, 0.6984899144719204400 ) ) ;
#578 = ORIENTED_EDGE ( 'NONE', *, *, #3191, .T. ) ;
#579 = CARTESIAN_POINT ( 'NONE',  ( 0.1454731956932318300, 0.03967169602333930900, 0.7286199923955846100 ) ) ;
#580 = CARTESIAN_POINT ( 'NONE',  ( 0.1159514786434502800, 0.01911001807252291800, 0.6940430512177907500 ) ) ;
#581 = CARTESIAN_POINT ( 'NONE',  ( -0.04684709170411695300, -0.1077744421081726500, -0.7061572352584251100 ) ) ;
#582 = CARTESIAN_POINT ( 'NONE',  ( -0.1039545616778743500, -0.05477683099023836200, 0.6969020996160151200 ) ) ;
#583 = CARTESIAN_POINT ( 'NONE',  ( 0.1492597357389835700, -0.02364356925458198000, 0.7278534683073553100 ) ) ;
#584 =( GEOMETRIC_REPRESENTATION_CONTEXT ( 3 ) GLOBAL_UNCERTAINTY_ASSIGNED_CONTEXT ( ( #3386 ) ) GLOBAL_UNIT_ASSIGNED_CONTEXT ( ( #2650, #788, #2972 ) ) REPRESENTATION_CONTEXT ( 'NONE', 'WORKASPACE' ) );
#585 = AXIS2_PLACEMENT_3D ( 'NONE', #1975, #1018, #3549 ) ;
#586 = DIRECTION ( 'NONE',  ( -0.0000000000000000000, 1.000000000000000000, -0.0000000000000000000 ) ) ;
#587 =( LENGTH_UNIT ( ) NAMED_UNIT ( * ) SI_UNIT ( $, .METRE. ) );
#588 = CARTESIAN_POINT ( 'NONE',  ( 0.1053345835381615100, -0.05210170019409432500, 0.6965902450882786000 ) ) ;
#589 = CARTESIAN_POINT ( 'NONE',  ( 0.1271031816675155000, 0.07827298474707522500, -0.7320489932109741600 ) ) ;
#590 = CARTESIAN_POINT ( 'NONE',  ( 0.1156232371929902100, 0.02100560787723601600, 0.6941256587359664300 ) ) ;
#591 = CARTESIAN_POINT ( 'NONE',  ( 0.1174526425498601700, -0.003854653281577814000, 0.6936623909123733600 ) ) ;
#592 = DIRECTION ( 'NONE',  ( 0.0000000000000000000, 0.0000000000000000000, 1.000000000000000000 ) ) ;
#593 = EDGE_CURVE ( 'NONE', #3306, #35, #2365, .T. ) ;
#594 = CARTESIAN_POINT ( 'NONE',  ( -0.003715384457780522700, -0.1174570758475235000, -0.7084815165043895100 ) ) ;
#595 = CARTESIAN_POINT ( 'NONE',  ( -0.09143250767844329800, -0.07379983759431423000, 0.6995428647595364200 ) ) ;
#596 = CARTESIAN_POINT ( 'NONE',  ( 0.1284649465876147000, -0.07633257665657461300, 0.7318151873226894600 ) ) ;
#597 = DIRECTION ( 'NONE',  ( 0.0000000000000000000, 0.0000000000000000000, -1.000000000000000000 ) ) ;
#598 = DIRECTION ( 'NONE',  ( -0.0000000000000000000, -0.0000000000000000000, 1.000000000000000000 ) ) ;
#599 = CARTESIAN_POINT ( 'NONE',  ( 0.07747856626782695400, -0.08841891459955296400, 0.7020870719956902000 ) ) ;
#600 = SURFACE_STYLE_FILL_AREA ( #2946 ) ;
#601 = CARTESIAN_POINT ( 'NONE',  ( 0.09212342068945890400, 0.1144525745713863300, -0.7372694768467668000 ) ) ;
#602 = CARTESIAN_POINT ( 'NONE',  ( 0.0000000000000000000, -1.589999999999999600, 0.0000000000000000000 ) ) ;
#603 = CARTESIAN_POINT ( 'NONE',  ( 0.1077788595323839600, -0.04683716651245997700, 0.6960262843394599000 ) ) ;
#604 = STYLED_ITEM ( 'NONE', ( #2026 ), #3594 ) ;
#605 = CARTESIAN_POINT ( 'NONE',  ( 0.04159045757491169900, -0.1099597010855523100, -0.7066632081235383300 ) ) ;
#606 = CARTESIAN_POINT ( 'NONE',  ( -0.07590971258392596700, -0.08968906899616797800, 0.7023357790710826900 ) ) ;
#607 = CARTESIAN_POINT ( 'NONE',  ( 0.08001184726798785100, -0.1225217735411192300, 0.7386908017935663900 ) ) ;
#608 = CARTESIAN_POINT ( 'NONE',  ( -0.1503138098743814200, 0.01649180443837884900, -0.7276364622021168600 ) ) ;
#609 = CARTESIAN_POINT ( 'NONE',  ( -0.04134576245975681000, -0.1099898692441016600, -0.7066721790571891500 ) ) ;
#610 = CARTESIAN_POINT ( 'NONE',  ( -0.02468240493851450400, -0.1423455140779899300, 0.7425940063368892100 ) ) ;
#611 = COLOUR_RGB ( '',0.9019607843137255100, 0.9019607843137255100, 0.9019607843137255100 ) ;
#612 = PLANE ( 'NONE',  #1556 ) ;
#613 = CARTESIAN_POINT ( 'NONE',  ( 0.1512873632664301100, -0.004642266103201912200, -0.7274346250506772400 ) ) ;
#614 = CARTESIAN_POINT ( 'NONE',  ( 0.01534594460380910200, -0.1165098098886908100, 0.7082456398492250600 ) ) ;
#615 = CARTESIAN_POINT ( 'NONE',  ( 0.04636477527640720000, 0.1373371758827559900, -0.7415557754554925600 ) ) ;
#616 = CARTESIAN_POINT ( 'NONE',  ( -0.009961306411212516800, 0.1442586212164064000, -0.7430000000000001000 ) ) ;
#617 = CARTESIAN_POINT ( 'NONE',  ( 0.08439949030976921800, -0.08177228654245101400, 0.7008759050469617300 ) ) ;
#618 = PRESENTATION_LAYER_ASSIGNMENT (  '', '', ( #418 ) ) ;
#619 = VERTEX_POINT ( 'NONE', #2427 ) ;
#620 = CARTESIAN_POINT ( 'NONE',  ( 0.08583863985601583600, -0.08032819005930411100, -0.7006183904450514800 ) ) ;
#621 = FACE_OUTER_BOUND ( 'NONE', #3105, .T. ) ;
#622 = CARTESIAN_POINT ( 'NONE',  ( -0.06190598496158089500, -0.09988799547420075500, 0.7044066356776457200 ) ) ;
#623 = CARTESIAN_POINT ( 'NONE',  ( 0.009861362573671182000, -0.1439711553096144900, 0.7429386685790971800 ) ) ;
#624 = EDGE_LOOP ( 'NONE', ( #371, #437, #1806, #3137 ) ) ;
#625 = CARTESIAN_POINT ( 'NONE',  ( -0.1271210232956760400, 0.07824633383794378500, -0.7320458834371566000 ) ) ;
#626 = CARTESIAN_POINT ( 'NONE',  ( -0.06363428757513865700, -0.09877842158996333300, -0.7041717421080874200 ) ) ;
#627 = CARTESIAN_POINT ( 'NONE',  ( -0.07575024217809683800, -0.1248947601033398200, 0.7391315883024822700 ) ) ;
#628 = EDGE_LOOP ( 'NONE', ( #2721, #3499 ) ) ;
#629 = CARTESIAN_POINT ( 'NONE',  ( -0.02678074022453683800, -0.1144235849934786300, 0.7077326369535254000 ) ) ;
#630 = CARTESIAN_POINT ( 'NONE',  ( -0.07584029213494085400, 0.1249128484488911900, -0.7391323936264124800 ) ) ;
#631 = CARTESIAN_POINT ( 'NONE',  ( 0.02110416558119053100, -0.1156054662607030700, 0.7080221690001408100 ) ) ;
#632 = CARTESIAN_POINT ( 'NONE',  ( -0.03202482867876703400, -0.1130678986829130200, 0.7074034052490182400 ) ) ;
#633 = B_SPLINE_CURVE_WITH_KNOTS ( 'NONE', 3,
 ( #2623, #2943, #1071, #3246, #1388, #3577, #1702, #3889, #2016, #158, #2322, #477, #2637, #774, #2956, #1088, #3266, #1403, #3593, #1719, #3907, #2029, #174, #2339, #491, #2651, #789, #2973, #1102, #3282, #1418, #3611, #1739, #3921, #2041, #188, #2353, #504, #2664, #805, #2990, #1117, #3294, #1433, #3627, #1751, #3934, #2053, #204, #2364, #518, #2681, #819, #3002, #1130, #3309, #1444, #3638, #1767, #3949, #2065, #215, #2379, #530, #2695, #833, #3016, #1143, #3322, #1457, #3648, #1779, #3963, #2079, #227, #2390, #544, #2708, #844, #3028, #1155, #3335, #1469, #3659 ),
 .UNSPECIFIED., .F., .F.,
 ( 4, 2, 1, 2, 2, 2, 1, 2, 2, 2, 1, 2, 2, 2, 1, 2, 2, 2, 1, 1, 1, 2, 2, 2, 2, 2, 2, 2, 1, 1, 2, 2, 2, 1, 2, 2, 2, 1, 2, 2, 2, 2, 2, 2, 1, 2, 2, 4 ),
 ( 0.7500283127501087300, 0.7656515432032267000, 0.7734631584297857500, 0.7773689660430651600, 0.7812747736563446800, 0.7968980041094626500, 0.8047096193360215900, 0.8086154269493011100, 0.8125212345625806300, 0.8203328497891396700, 0.8242386574024191900, 0.8261915612090590100, 0.8281444650156987200, 0.8359560802422577600, 0.8398618878555372800, 0.8418147916621771000, 0.8437676954688169100, 0.8515793106953760700, 0.8554851183086557000, 0.8574380221152955200, 0.8584144740186153700, 0.8589026999702753500, 0.8593909259219353300, 0.8672025411484949300, 0.8711083487617747900, 0.8750141563750546400, 0.8828257716016143500, 0.8867315792148942100, 0.8886844830215342400, 0.8896609349248541000, 0.8901491608765141900, 0.8906373868281740600, 0.8984490020547332100, 0.9023548096680127400, 0.9043077134746524400, 0.9062606172812921500, 0.9140722325078511900, 0.9179780401211306000, 0.9199309439277703100, 0.9218838477344101200, 0.9296954629609690500, 0.9336012705742484700, 0.9375070781875279900, 0.9531303086406459600, 0.9609419238672048900, 0.9648477314804844200, 0.9687535390937639400, 1.000000000000000000 ),
 .UNSPECIFIED. ) ;
#634 = CARTESIAN_POINT ( 'NONE',  ( -0.1500713327034651500, -0.01883616217866560700, -0.7276866349579744800 ) ) ;
#635 = CARTESIAN_POINT ( 'NONE',  ( -0.07684250596841397900, -0.08891117618393462600, -0.7021847660970247400 ) ) ;
#636 = CARTESIAN_POINT ( 'NONE',  ( -0.1129149394750652600, -0.09601546314394632200, 0.7343704325786495300 ) ) ;
#637 = PLANE ( 'NONE',  #3468 ) ;
#638 = CARTESIAN_POINT ( 'NONE',  ( -0.06695562216801932700, -0.09657574871044478900, 0.7037099685850474200 ) ) ;
#639 = CARTESIAN_POINT ( 'NONE',  ( -0.05887218196317546600, 0.1017053478356941700, -0.7047986059551065700 ) ) ;
#640 = CARTESIAN_POINT ( 'NONE',  ( -0.1512823419499846600, 0.004784439212468650000, -0.7274356693348254000 ) ) ;
#641 = CARTESIAN_POINT ( 'NONE',  ( -0.02108678068584206300, -0.1156087105388066700, 0.7080229656686067900 ) ) ;
#642 = SURFACE_STYLE_FILL_AREA ( #3220 ) ;
#643 = CARTESIAN_POINT ( 'NONE',  ( 0.02214891674115453100, -0.1153972217014353200, 0.7079710885174889100 ) ) ;
#644 = CARTESIAN_POINT ( 'NONE',  ( -0.1270980163091799400, -0.07828059972930796800, -0.7320498898317131500 ) ) ;
#645 = CARTESIAN_POINT ( 'NONE',  ( -0.09071472426460047700, -0.07467994951092159200, -0.6996836679919559200 ) ) ;
#646 = CARTESIAN_POINT ( 'NONE',  ( -0.1415824231168197300, -0.05088565026544465700, 0.7293861457825273600 ) ) ;
#647 = CARTESIAN_POINT ( 'NONE',  ( -0.09022346358189341200, -0.07527891820407349400, 0.6997798206089714800 ) ) ;
#648 = CARTESIAN_POINT ( 'NONE',  ( -0.08581353749985823300, 0.08028671695988995300, -0.7006168111562288700 ) ) ;
#649 = CARTESIAN_POINT ( 'NONE',  ( -0.09224166590258091300, -0.1144395076919571300, -0.7372621225308413400 ) ) ;
#650 = UNCERTAINTY_MEASURE_WITH_UNIT (LENGTH_MEASURE( 1.000000000000000100E-005 ), #3061, 'distance_accuracy_value', 'NONE');
#651 = LENGTH_MEASURE_WITH_UNIT ( LENGTH_MEASURE( 0.02539999999999999900 ), #1175 );
#652 = STYLED_ITEM ( 'NONE', ( #851 ), #3900 ) ;
#653 = CARTESIAN_POINT ( 'NONE',  ( 0.05506704725611889100, -0.1037982416567182200, 0.7052593319601064800 ) ) ;
#654 = AXIS2_PLACEMENT_3D ( 'NONE', #2687, #827, #3010 ) ;
#655 = CARTESIAN_POINT ( 'NONE',  ( -0.09405989188792750200, -0.1130114262972496400, -0.7370247403183336500 ) ) ;
#656 = CARTESIAN_POINT ( 'NONE',  ( -0.1027367816385818300, -0.05702293136131814100, -0.6971741290360193900 ) ) ;
#657 = CARTESIAN_POINT ( 'NONE',  ( -0.1512793948209986100, 0.004871361723389637500, 0.7274362837213602700 ) ) ;
#658 =( NAMED_UNIT ( * ) SI_UNIT ( $, .STERADIAN. ) SOLID_ANGLE_UNIT ( ) );
#659 = CARTESIAN_POINT ( 'NONE',  ( -0.1135532585758555600, -0.03044271779862477500, 0.6946418041013515700 ) ) ;
#660 = CARTESIAN_POINT ( 'NONE',  ( -0.1100182016222652200, 0.04143619629304613700, -0.6954997770355263500 ) ) ;
#661 = EDGE_LOOP ( 'NONE', ( #1158, #1402, #3552, #912, #2039, #1835, #1996, #3059, #3096, #3145 ) ) ;
#662 = EDGE_LOOP ( 'NONE', ( #2809, #490, #3310, #2418, #2508 ) ) ;
#663 = CARTESIAN_POINT ( 'NONE',  ( 0.07306098634032443000, 0.09204346572211949400, -0.7027934581674734100 ) ) ;
#664 = CARTESIAN_POINT ( 'NONE',  ( 0.07374539298375873400, -0.09147641688791691200, 0.7026833494159539000 ) ) ;
#665 = VERTEX_POINT ( 'NONE', #2730 ) ;
#666 = CARTESIAN_POINT ( 'NONE',  ( -0.04632859905965399500, -0.1373483585283678500, -0.7415580529124493600 ) ) ;
#667 = CARTESIAN_POINT ( 'NONE',  ( -0.1144584477423364500, -0.02657775298144730200, -0.6944166803797505700 ) ) ;
#668 = CARTESIAN_POINT ( 'NONE',  ( -0.1356763688716776100, 0.06399120095092260300, 0.7305111591701792800 ) ) ;
#669 = SURFACE_SIDE_STYLE ('',( #2536 ) ) ;
#670 = PRESENTATION_LAYER_ASSIGNMENT (  '', '', ( #1480 ) ) ;
#671 = LENGTH_MEASURE_WITH_UNIT ( LENGTH_MEASURE( 0.02539999999999999900 ), #3084 );
#672 = CARTESIAN_POINT ( 'NONE',  ( -0.1164966626724656100, 0.01544333140492608000, 0.6939054265480821800 ) ) ;
#673 = CARTESIAN_POINT ( 'NONE',  ( -0.1173111098867104000, -0.007689970836866651500, -0.6936986426694292700 ) ) ;
#674 = CARTESIAN_POINT ( 'NONE',  ( -0.004957219434985781500, 0.1442006589604926100, -0.7429876181103505200 ) ) ;
#675 = CARTESIAN_POINT ( 'NONE',  ( 0.0001661782780621870000, -0.1442585241059669300, -0.7429999814164062200 ) ) ;
#676 = CARTESIAN_POINT ( 'NONE',  ( -0.1154061657610677300, 0.09330522228232049400, -0.7339842704594323800 ) ) ;
#677 = CARTESIAN_POINT ( 'NONE',  ( 0.1135243207904838800, -0.03036713181247539800, -0.6946477633885105300 ) ) ;
#678 = CARTESIAN_POINT ( 'NONE',  ( 0.03601061774971381400, 0.1118624256752549200, -0.7071151044552677100 ) ) ;
#679 = CARTESIAN_POINT ( 'NONE',  ( 0.08974589483627988500, -0.07584244573264514700, 0.6998722364133916900 ) ) ;
#680 = CARTESIAN_POINT ( 'NONE',  ( 0.01742529052507684600, -0.1433178663144706000, -0.7427997123610006200 ) ) ;
#681 = STYLED_ITEM ( 'NONE', ( #1434 ), #1752 ) ;
#682 = DIRECTION ( 'NONE',  ( 0.0000000000000000000, 0.0000000000000000000, 1.000000000000000000 ) ) ;
#683 = CARTESIAN_POINT ( 'NONE',  ( -0.09970600909556125200, 0.1085210915627672400, 0.7362819801475363200 ) ) ;
#684 = CARTESIAN_POINT ( 'NONE',  ( -0.01740562729165999100, 0.1433205483858550600, -0.7428002797384147800 ) ) ;
#685 = CARTESIAN_POINT ( 'NONE',  ( -0.09969859715323609000, 0.06221087965393227300, 0.6978397166471559400 ) ) ;
#686 = CARTESIAN_POINT ( 'NONE',  ( -0.09974631096017667900, -0.06213415844680905000, -0.6978294292739494200 ) ) ;
#687 = CARTESIAN_POINT ( 'NONE',  ( -0.08002351880767698300, 0.1224472122991616400, -0.7386810856084240500 ) ) ;
#688 = CARTESIAN_POINT ( 'NONE',  ( -0.1200950479812372000, -0.08785602554832185100, 0.7332369013515607200 ) ) ;
#689 = DIRECTION ( 'NONE',  ( -0.0000000000000000000, -0.0000000000000000000, 1.000000000000000000 ) ) ;
#690 = CARTESIAN_POINT ( 'NONE',  ( 0.1209556815891282600, 0.08866602137091078600, 0.7332239316986513000 ) ) ;
#691 = CARTESIAN_POINT ( 'NONE',  ( -0.007710965651196024400, 0.1172626473543606200, -0.7084329678497927100 ) ) ;
#692 = DIRECTION ( 'NONE',  ( 0.0000000000000000000, 0.0000000000000000000, 1.000000000000000000 ) ) ;
#693 = CARTESIAN_POINT ( 'NONE',  ( 9.099125717664833900E-017, 2.000000000000000000, 0.7429999999999999900 ) ) ;
#694 = CARTESIAN_POINT ( 'NONE',  ( 0.09879496702634366100, -0.06363908276291829800, 0.6980337095413237100 ) ) ;
#695 = EDGE_CURVE ( 'NONE', #238, #1494, #950, .T. ) ;
#696 = CARTESIAN_POINT ( 'NONE',  ( 0.06928975536613370100, -0.1282601060785493500, -0.7397653251604369200 ) ) ;
#697 = DIRECTION ( 'NONE',  ( 0.0000000000000000000, -1.000000000000000000, 0.0000000000000000000 ) ) ;
#698 = CARTESIAN_POINT ( 'NONE',  ( -0.05210997339853763700, 0.1354359307031331200, 0.7411713305139269200 ) ) ;
#699 = SURFACE_STYLE_FILL_AREA ( #3666 ) ;
#700 = CARTESIAN_POINT ( 'NONE',  ( -0.07146470690581543900, 0.09328843478899615000, 0.7030410259243234900 ) ) ;
#701 = CARTESIAN_POINT ( 'NONE',  ( -0.07603471724048188600, -0.08960301807443470100, -0.7023178810556574000 ) ) ;
#702 = CARTESIAN_POINT ( 'NONE',  ( -0.08618992984607684600, 0.1185805857358949600, -0.7379868083438451100 ) ) ;
#703 = CARTESIAN_POINT ( 'NONE',  ( 0.1174999999999999900, 0.0000000000000000000, -0.7429999999999999900 ) ) ;
#704 = CARTESIAN_POINT ( 'NONE',  ( -0.009978273356934261000, 0.1442587642932759200, 0.7430000000000046600 ) ) ;
#705 = CARTESIAN_POINT ( 'NONE',  ( 5.967955003737531500E-017, 1.999999999999999800, -0.4873205080756877700 ) ) ;
#706 = CARTESIAN_POINT ( 'NONE',  ( -0.1500071506762576100, 0.01886086286160115100, -0.7276997978030117500 ) ) ;
#707 = CARTESIAN_POINT ( 'NONE',  ( 0.06707295896353346300, 0.1296488343461013900, -0.7400230853905392900 ) ) ;
#708 = CARTESIAN_POINT ( 'NONE',  ( 0.1154150377688674100, -0.02205594872146204900, -0.6941777651851482900 ) ) ;
#709 = CARTESIAN_POINT ( 'NONE',  ( 0.1100652972931301400, -0.04132784788114043900, 0.6954887876013097200 ) ) ;
#710 = VERTEX_POINT ( 'NONE', #2869 ) ;
#711 = AXIS2_PLACEMENT_3D ( 'NONE', #1314, #3979, #230 ) ;
#712 = CARTESIAN_POINT ( 'NONE',  ( 0.1285773897230340600, -0.07616074811697067000, -0.7317954381591128500 ) ) ;
#713 = FILL_AREA_STYLE ('',( #731 ) ) ;
#714 = ADVANCED_FACE ( 'NONE', ( #2450 ), #4032, .F. ) ;
#715 = CARTESIAN_POINT ( 'NONE',  ( 0.002610962466866722900, 0.1442567100362640300, 0.7429995940404430200 ) ) ;
#716 = ORIENTED_EDGE ( 'NONE', *, *, #2540, .F. ) ;
#717 = CARTESIAN_POINT ( 'NONE',  ( -0.09215398952098684300, 0.1144299650795420100, -0.7372656294568722400 ) ) ;
#718 = CARTESIAN_POINT ( 'NONE',  ( -0.03221867568827954000, 0.1130128896952771600, 0.7073907952225759700 ) ) ;
#719 = CARTESIAN_POINT ( 'NONE',  ( -0.03781753736697394300, -0.1112646111478630800, -0.7069728074831110900 ) ) ;
#720 = EDGE_CURVE ( 'NONE', #2560, #88, #372, .T. ) ;
#721 = CARTESIAN_POINT ( 'NONE',  ( 2.020667218593139700E-017, -1.989999999999999800, 0.1650000000000005600 ) ) ;
#722 = CARTESIAN_POINT ( 'NONE',  ( 0.0000000000000000000, 1.949999999999999500, 0.0000000000000000000 ) ) ;
#723 = CARTESIAN_POINT ( 'NONE',  ( 0.1145302279986966100, 0.02650705468940370600, 0.6943991498027962700 ) ) ;
#724 =( NAMED_UNIT ( * ) PLANE_ANGLE_UNIT ( ) SI_UNIT ( $, .RADIAN. ) );
#725 = ORIENTED_EDGE ( 'NONE', *, *, #288, .F. ) ;
#726 = STYLED_ITEM ( 'NONE', ( #3160 ), #2615 ) ;
#727 = MECHANICAL_DESIGN_GEOMETRIC_PRESENTATION_REPRESENTATION (  '', ( #314 ), #931 ) ;
#728 = CARTESIAN_POINT ( 'NONE',  ( 0.1040701398248615000, -0.05455180878011550700, -0.6968759637127260900 ) ) ;
#729 = SURFACE_SIDE_STYLE ('',( #1268 ) ) ;
#730 = CARTESIAN_POINT ( 'NONE',  ( 0.1500716630928331800, -0.01883398548343696500, -0.7276865695669747500 ) ) ;
#731 = FILL_AREA_STYLE_COLOUR ( '', #563 ) ;
#732 = CARTESIAN_POINT ( 'NONE',  ( 0.05582326486881872300, 0.1340992985629143300, 0.7409035170081710300 ) ) ;
#733 = CARTESIAN_POINT ( 'NONE',  ( 0.07510572853350043500, 0.09036278742552275600, 0.7024661150874503800 ) ) ;
#734 = CARTESIAN_POINT ( 'NONE',  ( 0.009727811359634458800, 0.1171123631148602700, 0.7083954678689029500 ) ) ;
#735 = CARTESIAN_POINT ( 'NONE',  ( 0.007802337273474496900, -0.1173035357687665200, -0.7084430315002241400 ) ) ;
#736 = CARTESIAN_POINT ( 'NONE',  ( 0.09658229383974645300, 0.06694623847836746200, -0.6985001633753268300 ) ) ;
#737 = DIRECTION ( 'NONE',  ( 0.0000000000000000000, 0.0000000000000000000, 1.000000000000000000 ) ) ;
#738 =( LENGTH_UNIT ( ) NAMED_UNIT ( * ) SI_UNIT ( $, .METRE. ) );
#739 = CARTESIAN_POINT ( 'NONE',  ( 0.09200874024845279200, -0.07308295779555368200, -0.6994291718764644700 ) ) ;
#740 = CARTESIAN_POINT ( 'NONE',  ( -0.04679229729323106800, -0.1077979608648224300, 0.7061626581055733300 ) ) ;
#741 = VECTOR ( 'NONE', #1057, 39.37007874015748100 ) ;
#742 = CARTESIAN_POINT ( 'NONE',  ( 0.1461185039814713300, 0.03745215248032169500, -0.7284907426143033500 ) ) ;
#743 = CARTESIAN_POINT ( 'NONE',  ( 0.1105230635714052200, 0.09861783833930283500, 0.7347421168019819800 ) ) ;
#744 = DIMENSIONAL_EXPONENTS ( 1.000000000000000000, 0.0000000000000000000, 0.0000000000000000000, 0.0000000000000000000, 0.0000000000000000000, 0.0000000000000000000, 0.0000000000000000000 ) ;
#745 = CARTESIAN_POINT ( 'NONE',  ( 0.08402395165129361600, 0.08214486569378104400, 0.7009427196552944200 ) ) ;
#746 = CARTESIAN_POINT ( 'NONE',  ( 0.05719121178327394400, 0.1026599817709584100, 0.7050073589184742100 ) ) ;
#747 = CARTESIAN_POINT ( 'NONE',  ( 0.05210293493618422400, -0.1053337814486029500, -0.7056017702197473500 ) ) ;
#748 = CARTESIAN_POINT ( 'NONE',  ( 0.07155046624225047700, 0.09322270196718675200, -0.7030278778584903000 ) ) ;
#749 = CARTESIAN_POINT ( 'NONE',  ( 0.0000000000000000000, 2.000000000000000000, -0.7429999999999999900 ) ) ;
#750 =( LENGTH_UNIT ( ) NAMED_UNIT ( * ) SI_UNIT ( $, .METRE. ) );
#751 = CARTESIAN_POINT ( 'NONE',  ( -0.04412861859396979800, 0.1089025570307157200, 0.7064185121484760600 ) ) ;
#752 = CARTESIAN_POINT ( 'NONE',  ( 0.07760938759037591700, -0.08822666380394389400, -0.7020559129461053600 ) ) ;
#753 = CARTESIAN_POINT ( 'NONE',  ( -0.07749131907722393900, -0.08834591333718075400, 0.7020776275412691200 ) ) ;
#754 = COLOUR_RGB ( '',0.9019607843137255100, 0.9019607843137255100, 0.9019607843137255100 ) ;
#755 = CARTESIAN_POINT ( 'NONE',  ( 0.1271031816675155000, 0.07827298474707522500, -0.7320489932109741600 ) ) ;
#756 = DIRECTION ( 'NONE',  ( 0.0000000000000000000, 0.0000000000000000000, -1.000000000000000000 ) ) ;
#757 = CARTESIAN_POINT ( 'NONE',  ( 0.1433055500596097100, 0.04647262366237674800, 0.7290505382981838900 ) ) ;
#758 = ADVANCED_FACE ( 'NONE', ( #1336 ), #2969, .F. ) ;
#759 = CARTESIAN_POINT ( 'NONE',  ( 0.08491239078605643300, 0.08122447079550189400, 0.7007813227359748200 ) ) ;
#760 = CARTESIAN_POINT ( 'NONE',  ( 0.09986355385025948200, -0.06203364799699673900, -0.6978080743500750800 ) ) ;
#761 = CARTESIAN_POINT ( 'NONE',  ( 0.03601061774971381400, 0.1118624256752549200, -0.7071151044552677100 ) ) ;
#762 = CARTESIAN_POINT ( 'NONE',  ( 0.02653033290252395900, 0.1145251327262917100, -0.7077571693945535800 ) ) ;
#763 = LENGTH_MEASURE_WITH_UNIT ( LENGTH_MEASURE( 0.02539999999999999900 ), #587 );
#764 = CARTESIAN_POINT ( 'NONE',  ( 0.1473801564242082900, -0.03290303637075524300, 0.7282369592202186900 ) ) ;
#765 = CARTESIAN_POINT ( 'NONE',  ( -0.06486234622131338600, 0.09797607585088774500, 0.7040028071797651600 ) ) ;
#766 = CARTESIAN_POINT ( 'NONE',  ( -0.04871287100252050900, 0.1366582479800722800, 0.7414168081428490500 ) ) ;
#767 = ORIENTED_EDGE ( 'NONE', *, *, #1802, .F. ) ;
#768 = CARTESIAN_POINT ( 'NONE',  ( 0.06612687258718073800, -0.09712714366734336000, -0.7038254482861935300 ) ) ;
#769 = CARTESIAN_POINT ( 'NONE',  ( -0.1044827380565749900, -0.05378913868717255500, 0.6967837437731557700 ) ) ;
#770 = VERTEX_POINT ( 'NONE', #3967 ) ;
#771 = CARTESIAN_POINT ( 'NONE',  ( 0.08815001369786781800, 0.1172633834342388900, -0.7377550954415046400 ) ) ;
#772 =( LENGTH_UNIT ( ) NAMED_UNIT ( * ) SI_UNIT ( $, .METRE. ) );
#773 = CARTESIAN_POINT ( 'NONE',  ( 0.1175000441270856500, -0.001924291942552657500, 0.6936502792652647900 ) ) ;
#774 = CARTESIAN_POINT ( 'NONE',  ( -0.1092964504773768100, 0.04314531885654934000, -0.6956690720940073000 ) ) ;
#775 = CARTESIAN_POINT ( 'NONE',  ( 0.05710391823279356600, 0.1026917819127287500, 0.7050151044598539400 ) ) ;
#776 = ORIENTED_EDGE ( 'NONE', *, *, #695, .F. ) ;
#777 = CARTESIAN_POINT ( 'NONE',  ( -4.481938114605432000E-017, 0.1175000000000000800, -0.7084922537182735100 ) ) ;
#778 = CARTESIAN_POINT ( 'NONE',  ( 0.05861875655471651700, 0.1018518824334254400, -0.7048304107958630600 ) ) ;
#779 = CARTESIAN_POINT ( 'NONE',  ( 0.1229426784168022900, -0.08409842900481936900, 0.7327593826248103300 ) ) ;
#780 = CARTESIAN_POINT ( 'NONE',  ( -0.09745000414260594800, 0.06564916341639411000, 0.6983172350295219200 ) ) ;
#781 = MECHANICAL_DESIGN_GEOMETRIC_PRESENTATION_REPRESENTATION (  '', ( #2574 ), #973 ) ;
#782 = DIRECTION ( 'NONE',  ( 0.0000000000000000000, 0.0000000000000000000, -1.000000000000000000 ) ) ;
#783 = CARTESIAN_POINT ( 'NONE',  ( -0.1357348521176013900, -0.06387928345438992400, -0.7305003048676961300 ) ) ;
#784 = ADVANCED_FACE ( 'NONE', ( #3890 ), #1002, .F. ) ;
#785 = CARTESIAN_POINT ( 'NONE',  ( 0.04603392389259602200, -0.1081116795534233900, -0.7062353435782895400 ) ) ;
#786 = CARTESIAN_POINT ( 'NONE',  ( -0.1167557931587184900, -0.01334538394681563900, 0.6938397238048181800 ) ) ;
#787 = CARTESIAN_POINT ( 'NONE',  ( 0.03921544145060457800, 0.1393481954990370100, -0.7419683648316970400 ) ) ;
#788 =( NAMED_UNIT ( * ) PLANE_ANGLE_UNIT ( ) SI_UNIT ( $, .RADIAN. ) );
#789 = CARTESIAN_POINT ( 'NONE',  ( -0.09877371212509648800, 0.06364163083172511000, -0.6980369424514637500 ) ) ;
#790 = FACE_OUTER_BOUND ( 'NONE', #3141, .T. ) ;
#791 = CARTESIAN_POINT ( 'NONE',  ( 0.07442729232014952400, 0.09092225543281672000, -0.7025749601512068000 ) ) ;
#792 = CARTESIAN_POINT ( 'NONE',  ( 0.06696487229498263000, -0.1294441090686658800, 0.7399893753141885100 ) ) ;
#793 = CARTESIAN_POINT ( 'NONE',  ( -0.09065530616234411500, 0.07475214516220167500, 0.6996952792152642000 ) ) ;
#794 = FACE_BOUND ( 'NONE', #2373, .T. ) ;
#795 = STYLED_ITEM ( 'NONE', ( #7 ), #2333 ) ;
#796 = CARTESIAN_POINT ( 'NONE',  ( 0.0000000000000000000, -1.999999999999999800, 0.4873205080756880500 ) ) ;
#797 = COLOUR_RGB ( '',0.9019607843137255100, 0.9019607843137255100, 0.9019607843137255100 ) ;
#798 = CARTESIAN_POINT ( 'NONE',  ( -0.1137498528112664700, -0.09513667419580343300, -0.7342429870953259800 ) ) ;
#799 = CARTESIAN_POINT ( 'NONE',  ( -0.1499930276898222800, 0.01896028544500835300, 0.7277027084197866800 ) ) ;
#800 = CARTESIAN_POINT ( 'NONE',  ( -0.1134585337735472300, 0.03061267056600712100, 0.6946639713559563700 ) ) ;
#801 = UNCERTAINTY_MEASURE_WITH_UNIT (LENGTH_MEASURE( 1.000000000000000100E-005 ), #2954, 'distance_accuracy_value', 'NONE');
#802 = LENGTH_MEASURE_WITH_UNIT ( LENGTH_MEASURE( 0.02539999999999999900 ), #977 );
#803 = CARTESIAN_POINT ( 'NONE',  ( -0.01351861164768519900, 0.1167359390383570100, -0.7083018092253478000 ) ) ;
#804 = EDGE_CURVE ( 'NONE', #1890, #2128, #2755, .T. ) ;
#805 = CARTESIAN_POINT ( 'NONE',  ( -0.08906700566452911700, 0.07666156895230746800, -0.7000049527826718300 ) ) ;
#806 = ADVANCED_FACE ( 'NONE', ( #1837 ), #575, .F. ) ;
#807 = UNCERTAINTY_MEASURE_WITH_UNIT (LENGTH_MEASURE( 1.000000000000000100E-005 ), #1160, 'distance_accuracy_value', 'NONE');
#808 = CONICAL_SURFACE ( 'NONE', #1443, 0.4873205080756878900, 1.047197551196583000 ) ;
#809 = CARTESIAN_POINT ( 'NONE',  ( 0.09037289865965440800, 0.07509337286976593100, -0.6997503856985309900 ) ) ;
#810 = CARTESIAN_POINT ( 'NONE',  ( 0.002446299009014087500, -0.1442589718431217500, 0.7430000775957345000 ) ) ;
#811 = CARTESIAN_POINT ( 'NONE',  ( -0.1031282333286549900, 0.05631188535817296900, 0.6970869874995538900 ) ) ;
#812 = CARTESIAN_POINT ( 'NONE',  ( 0.1502990949319049600, -0.01897898334274274200, 0.7276421781419732900 ) ) ;
#813 = CARTESIAN_POINT ( 'NONE',  ( -0.08814233458231891800, -0.1172685377057391300, -0.7377560025013791800 ) ) ;
#814 = CARTESIAN_POINT ( 'NONE',  ( -0.1283650029141666100, 0.07637834124620711300, 0.7318286216224648700 ) ) ;
#815 = CARTESIAN_POINT ( 'NONE',  ( -0.09195297844172170600, 0.07317475578231548400, 0.6994416077438053700 ) ) ;
#816 = CARTESIAN_POINT ( 'NONE',  ( -0.05381885059850358800, 0.1044675674420969700, -0.7054074763676309000 ) ) ;
#817 = PRESENTATION_LAYER_ASSIGNMENT (  '', '', ( #604 ) ) ;
#818 = EDGE_LOOP ( 'NONE', ( #2861, #2625 ) ) ;
#819 = CARTESIAN_POINT ( 'NONE',  ( -0.07469174594013780500, 0.09070501933283138500, -0.7025326403014488000 ) ) ;
#820 = CARTESIAN_POINT ( 'NONE',  ( 0.1020472213957552800, 0.05825900296145496100, -0.6973271574227657400 ) ) ;
#821 = CARTESIAN_POINT ( 'NONE',  ( -0.06024651850588171000, -0.1323470988737098200, 0.7405569393579826100 ) ) ;
#822 = EDGE_LOOP ( 'NONE', ( #960, #2377, #3491, #776, #385 ) ) ;
#823 = CARTESIAN_POINT ( 'NONE',  ( 0.1041014026595294100, 0.05449211810630016900, 0.6968689239736440800 ) ) ;
#824 = B_SPLINE_CURVE_WITH_KNOTS ( 'NONE', 3,
 ( #2451, #287, #3082, #1211, #3398, #1528, #3721, #1849, #4040, #2155, #299, #2465, #609, #2781, #919, #3095, #1228, #3410, #1543, #3734, #1861, #4055, #2169, #315, #2479, #626, #2793, #934, #3108, #1241, #3424, #1558, #3749, #1874, #8, #2185, #326, #2491, #635, #2807, #943, #3118, #1254, #3433, #1566, #3758, #1883, #20, #2194, #338, #2503, #645, #2819, #954, #3129, #1264, #3447, #1577, #3767, #1893, #32, #2203, #346, #2513, #656, #2830, #964, #3139, #1277, #3457, #1589, #3776, #1905, #46, #2215, #356, #2527, #667, #2843, #975, #3151, #1291, #3469 ),
 .UNSPECIFIED., .F., .F.,
 ( 4, 2, 1, 2, 2, 2, 1, 2, 2, 1, 1, 2, 2, 2, 1, 2, 2, 2, 1, 1, 1, 2, 2, 2, 2, 2, 2, 2, 1, 1, 2, 2, 2, 1, 2, 2, 2, 1, 2, 2, 2, 2, 2, 2, 1, 2, 2, 4 ),
 ( 0.5000000000000000000, 0.5156267695468823600, 0.5234401543203236500, 0.5273468467070442400, 0.5312535390937648300, 0.5468803086406472900, 0.5546936934140885800, 0.5586003858008091700, 0.5625070781875297600, 0.5703204629609710500, 0.5742271553476916400, 0.5761805015410519400, 0.5781338477344122300, 0.5859472325078534100, 0.5898539248945740000, 0.5918072710879342900, 0.5937606172812945900, 0.6015740020547356600, 0.6054806944414561400, 0.6074340406348163200, 0.6084107137314964700, 0.6088990502798364800, 0.6093873868281766100, 0.6172007716016172400, 0.6211074639883376000, 0.6250141563750578600, 0.6328275411484984800, 0.6367342335352187400, 0.6386875797285789200, 0.6396642528252589600, 0.6401525893735990900, 0.6406409259219391100, 0.6484543106953799500, 0.6523610030821004300, 0.6543143492754606200, 0.6562676954688209100, 0.6640810802422617600, 0.6679877726289821200, 0.6699411188223423100, 0.6718944650157026000, 0.6797078497891432300, 0.6836145421758635900, 0.6875212345625838500, 0.7031480041094651000, 0.7109613888829058300, 0.7148680812696262000, 0.7187747736563464600, 0.7500283127501087300 ),
 .UNSPECIFIED. ) ;
#825 =( LENGTH_UNIT ( ) NAMED_UNIT ( * ) SI_UNIT ( $, .METRE. ) );
#826 = CARTESIAN_POINT ( 'NONE',  ( -0.03920259463071747900, -0.1394113003683057400, -0.7419802954700921400 ) ) ;
#827 = DIRECTION ( 'NONE',  ( 0.0000000000000000000, 1.000000000000000000, 0.0000000000000000000 ) ) ;
#828 = EDGE_LOOP ( 'NONE', ( #3787, #3791, #767, #3353, #3747 ) ) ;
#829 = CARTESIAN_POINT ( 'NONE',  ( -0.09201300291242155100, 0.1145332769167502800, 0.7372832653008590800 ) ) ;
#830 = CARTESIAN_POINT ( 'NONE',  ( -0.05201611081262024600, 0.1054286395602514900, 0.7056204603388184200 ) ) ;
#831 = CARTESIAN_POINT ( 'NONE',  ( -0.08448954280815605700, 0.08167901781654148000, -0.7008595283648211300 ) ) ;
#832 = MECHANICAL_DESIGN_GEOMETRIC_PRESENTATION_REPRESENTATION (  '', ( #418 ), #1028 ) ;
#833 = CARTESIAN_POINT ( 'NONE',  ( -0.05710346880840731800, 0.1026920298013427900, -0.7050151587714541500 ) ) ;
#834 = UNCERTAINTY_MEASURE_WITH_UNIT (LENGTH_MEASURE( 1.000000000000000100E-005 ), #1213, 'distance_accuracy_value', 'NONE');
#835 = CARTESIAN_POINT ( 'NONE',  ( 0.1138102618403775000, 0.02932023646267378800, -0.6945778756741741700 ) ) ;
#836 = CARTESIAN_POINT ( 'NONE',  ( -0.09977245099930297200, -0.1084651809154808900, 0.7362729437414448100 ) ) ;
#837 = FILL_AREA_STYLE ('',( #549 ) ) ;
#838 = CARTESIAN_POINT ( 'NONE',  ( 0.1473828492376927100, 0.03289393788927937700, -0.7282364157513422400 ) ) ;
#839 = CARTESIAN_POINT ( 'NONE',  ( 0.01988178649354754200, -0.1430269893421883000, -0.7427380007472773600 ) ) ;
#840 = CARTESIAN_POINT ( 'NONE',  ( -0.1163912140806401000, -0.01630844952243568800, 0.6939325013575130500 ) ) ;
#841 = CARTESIAN_POINT ( 'NONE',  ( -0.04148253352311534500, 0.1387496383652267700, 0.7418448939871854500 ) ) ;
#842 = CARTESIAN_POINT ( 'NONE',  ( -0.01534117509727571900, 0.1165576190919015600, 0.7082574339463511000 ) ) ;
#843 = CARTESIAN_POINT ( 'NONE',  ( -0.1078145277789273000, 0.04675432935365077300, -0.6960179441880129900 ) ) ;
#844 = CARTESIAN_POINT ( 'NONE',  ( -0.02665249285649980800, 0.1144410681099848200, -0.7077368861543078500 ) ) ;
#845 = SURFACE_STYLE_FILL_AREA ( #1439 ) ;
#846 = CARTESIAN_POINT ( 'NONE',  ( -0.1345247311203370000, -0.06603869311671173300, 0.7307212166490635300 ) ) ;
#847 =( NAMED_UNIT ( * ) SI_UNIT ( $, .STERADIAN. ) SOLID_ANGLE_UNIT ( ) );
#848 = CARTESIAN_POINT ( 'NONE',  ( 0.07365421093126084400, -0.1260293077076002100, -0.7393435357754885000 ) ) ;
#849 = CARTESIAN_POINT ( 'NONE',  ( 0.01252485560668081300, 0.1437826965941440300, 0.7428985001096276600 ) ) ;
#850 = CARTESIAN_POINT ( 'NONE',  ( 0.03051045684181637500, 0.1134859985175994400, 0.7075050479208026000 ) ) ;
#851 = PRESENTATION_STYLE_ASSIGNMENT (( #1655 ) ) ;
#852 = CARTESIAN_POINT ( 'NONE',  ( -0.1174993237303451100, -0.003858158185542743500, -0.6936504643477845500 ) ) ;
#853 = FACE_OUTER_BOUND ( 'NONE', #3751, .T. ) ;
#854 = CARTESIAN_POINT ( 'NONE',  ( 0.0000000000000000000, 1.989999999999999800, 0.1249999999999998300 ) ) ;
#855 = SURFACE_SIDE_STYLE ('',( #1899 ) ) ;
#856 = AXIS2_PLACEMENT_3D ( 'NONE', #2270, #415, #2582 ) ;
#857 = CARTESIAN_POINT ( 'NONE',  ( 0.03435058963906823000, 0.1405705596562058800, -0.7422214785815843800 ) ) ;
#858 = CARTESIAN_POINT ( 'NONE',  ( 0.1311044888621346300, -0.07213666223315924600, -0.7313454528325376000 ) ) ;
#859 = SURFACE_STYLE_FILL_AREA ( #1516 ) ;
#860 = CARTESIAN_POINT ( 'NONE',  ( 0.07363543998456355300, 0.1260390331024157400, 0.7393453702949336300 ) ) ;
#861 = CARTESIAN_POINT ( 'NONE',  ( 0.06852945161880198700, 0.09546576442014155500, 0.7034814323311467900 ) ) ;
#862 = ORIENTED_EDGE ( 'NONE', *, *, #2052, .T. ) ;
#863 = CARTESIAN_POINT ( 'NONE',  ( -0.1012388487156668100, -0.05964799498117343700, -0.6975045491672440300 ) ) ;
#864 = ORIENTED_EDGE ( 'NONE', *, *, #3406, .T. ) ;
#865 = PRESENTATION_LAYER_ASSIGNMENT (  '', '', ( #652 ) ) ;
#866 = STYLED_ITEM ( 'NONE', ( #468 ), #2009 ) ;
#867 = SURFACE_SIDE_STYLE ('',( #1573 ) ) ;
#868 = ORIENTED_EDGE ( 'NONE', *, *, #3383, .T. ) ;
#869 = DIRECTION ( 'NONE',  ( 0.0000000000000000000, 0.0000000000000000000, 1.000000000000000000 ) ) ;
#870 = DIRECTION ( 'NONE',  ( -0.0000000000000000000, 1.000000000000000000, -0.0000000000000000000 ) ) ;
#871 = CARTESIAN_POINT ( 'NONE',  ( 0.09561437429839911300, -0.06840169846517914200, -0.6987046000777521500 ) ) ;
#872 = CARTESIAN_POINT ( 'NONE',  ( 0.1200328063183621800, 0.08783781643902792400, 0.7332416799223066000 ) ) ;
#873 = CARTESIAN_POINT ( 'NONE',  ( 0.1017889711345138200, 0.05872777894256374400, 0.6973846672876364800 ) ) ;
#874 = CARTESIAN_POINT ( 'NONE',  ( -0.07750414713318870600, -0.08833507572201237900, -0.7020755367701537700 ) ) ;
#875 =( LENGTH_UNIT ( ) NAMED_UNIT ( * ) SI_UNIT ( $, .METRE. ) );
#876 = SURFACE_SIDE_STYLE ('',( #1182 ) ) ;
#877 = CYLINDRICAL_SURFACE ( 'NONE', #1146, 0.7429999999999999900 ) ;
#878 =( NAMED_UNIT ( * ) SI_UNIT ( $, .STERADIAN. ) SOLID_ANGLE_UNIT ( ) );
#879 = CARTESIAN_POINT ( 'NONE',  ( 0.1461185039814713300, 0.03745215248032169500, -0.7284907426143033500 ) ) ;
#880 = CARTESIAN_POINT ( 'NONE',  ( 0.09981306170444986800, 0.06202660133077205600, 0.6978150284848507700 ) ) ;
#881 = CARTESIAN_POINT ( 'NONE',  ( 0.1473562090652831300, 0.03274886382322600400, 0.7282413962941675100 ) ) ;
#882 = CARTESIAN_POINT ( 'NONE',  ( 0.1167484026338932600, 0.01340656371627365100, 0.6938415971337310600 ) ) ;
#883 = MECHANICAL_DESIGN_GEOMETRIC_PRESENTATION_REPRESENTATION (  '', ( #1480 ), #1101 ) ;
#884 = CYLINDRICAL_SURFACE ( 'NONE', #2113, 0.1249999999999998300 ) ;
#885 = CIRCLE ( 'NONE', #3431, 0.09999999999999989500 ) ;
#886 = CARTESIAN_POINT ( 'NONE',  ( -0.04145960338265158900, -0.1099595623833404500, -0.7066649613242000900 ) ) ;
#887 = CARTESIAN_POINT ( 'NONE',  ( -0.1017721426534328300, -0.05875660327768556700, 0.6973884510302540400 ) ) ;
#888 = CARTESIAN_POINT ( 'NONE',  ( 0.1473801564242082900, -0.03290303637075524300, 0.7282369592202186900 ) ) ;
#889 = CIRCLE ( 'NONE', #3147, 0.4873205080756878900 ) ;
#890 = FILL_AREA_STYLE ('',( #2126 ) ) ;
#891 =( NAMED_UNIT ( * ) SI_UNIT ( $, .STERADIAN. ) SOLID_ANGLE_UNIT ( ) );
#892 = PRESENTATION_LAYER_ASSIGNMENT (  '', '', ( #681 ) ) ;
#893 = SURFACE_STYLE_FILL_AREA ( #890 ) ;
#894 = CARTESIAN_POINT ( 'NONE',  ( 0.0000000000000000000, 0.0000000000000000000, -0.7429999999999999900 ) ) ;
#895 = CARTESIAN_POINT ( 'NONE',  ( 0.1017470125623944600, -0.05889388292521324800, 0.6973964723254694200 ) ) ;
#896 = CARTESIAN_POINT ( 'NONE',  ( 0.1229240316176449800, 0.08412381038860053400, -0.7327625395503124500 ) ) ;
#898 = LINE ( 'NONE', #1815, #2658 ) ;
#897 = CARTESIAN_POINT ( 'NONE',  ( 0.1165140633196976400, 0.01531049615634823500, 0.6939010205834147400 ) ) ;
#899 = CARTESIAN_POINT ( 'NONE',  ( 0.1171181323310366400, -0.009662815269329064200, 0.6937476705863999700 ) ) ;
#900 = SURFACE_SIDE_STYLE ('',( #461 ) ) ;
#901 = CARTESIAN_POINT ( 'NONE',  ( 0.003970910986047909400, -0.1174957154488320300, -0.7084911813178907900 ) ) ;
#902 = CARTESIAN_POINT ( 'NONE',  ( -0.09089036076012325900, -0.07446620335138988400, 0.6996493136942322200 ) ) ;
#903 = CARTESIAN_POINT ( 'NONE',  ( 0.1229426784168022900, -0.08409842900481936900, 0.7327593826248103300 ) ) ;
#904 = CARTESIAN_POINT ( 'NONE',  ( -0.1174999304696855200, 0.0001278265194171856900, 0.6936503091047060400 ) ) ;
#905 = EDGE_CURVE ( 'NONE', #238, #3189, #2982, .T. ) ;
#906 = ORIENTED_EDGE ( 'NONE', *, *, #2753, .F. ) ;
#907 = SURFACE_STYLE_USAGE ( .BOTH. , #2768 ) ;
#908 = CARTESIAN_POINT ( 'NONE',  ( 0.0001105983868558072200, -0.1442585744758974300, -0.7429999922847146900 ) ) ;
#909 = CARTESIAN_POINT ( 'NONE',  ( 0.06850736860442607800, -0.09553870980042786200, 0.7034930384867751400 ) ) ;
#910 = CARTESIAN_POINT ( 'NONE',  ( 0.08815001369786781800, 0.1172633834342388900, -0.7377550954415046400 ) ) ;
#911 = DIRECTION ( 'NONE',  ( 0.0000000000000000000, 0.0000000000000000000, -1.000000000000000000 ) ) ;
#912 = ORIENTED_EDGE ( 'NONE', *, *, #905, .T. ) ;
#913 = CARTESIAN_POINT ( 'NONE',  ( 0.1053345835381615100, -0.05210170019409432500, 0.6965902450882786000 ) ) ;
#914 = CARTESIAN_POINT ( 'NONE',  ( 0.04864077390660309600, -0.1069766166212977700, -0.7059742207228011400 ) ) ;
#915 = ORIENTED_EDGE ( 'NONE', *, *, #2052, .F. ) ;
#916 = CARTESIAN_POINT ( 'NONE',  ( -0.07505114447706198700, -0.09040800029032390600, 0.7024748938647503700 ) ) ;
#917 = CARTESIAN_POINT ( 'NONE',  ( 0.06696487229498263000, -0.1294441090686658800, 0.7399893753141885100 ) ) ;
#918 = CARTESIAN_POINT ( 'NONE',  ( -0.1488437040187377000, 0.02591885985280877400, -0.7279387321074939400 ) ) ;
#919 = CARTESIAN_POINT ( 'NONE',  ( -0.04421231589971180000, -0.1088686113302600300, -0.7064106184326389700 ) ) ;
#920 = CARTESIAN_POINT ( 'NONE',  ( -0.03205397828398744800, -0.1410035052918827400, 0.7423123037816847800 ) ) ;
#921 = STYLED_ITEM ( 'NONE', ( #3536 ), #784 ) ;
#922 = CARTESIAN_POINT ( 'NONE',  ( 0.0000000000000000000, 1.589999999999999600, 0.1249999999999999000 ) ) ;
#923 = CARTESIAN_POINT ( 'NONE',  ( 0.1510447947006775300, -0.009411030308483997800, -0.7274852013642131300 ) ) ;
#924 = CARTESIAN_POINT ( 'NONE',  ( 0.009580034929758207300, -0.1171247287770539300, 0.7083985493884732400 ) ) ;
#925 = CARTESIAN_POINT ( 'NONE',  ( 0.03921544145060457800, 0.1393481954990370100, -0.7419683648316970400 ) ) ;
#926 = CARTESIAN_POINT ( 'NONE',  ( 0.07747856626782695400, -0.08841891459955296400, 0.7020870719956902000 ) ) ;
#927 = EDGE_CURVE ( 'NONE', #665, #1000, #3784, .T. ) ;
#928 = CARTESIAN_POINT ( 'NONE',  ( 0.09332803732094148400, -0.07149205873295536000, -0.6991720516555475200 ) ) ;
#929 = CARTESIAN_POINT ( 'NONE',  ( -0.05860384759723954300, -0.1018465149006421700, 0.7048300533776686900 ) ) ;
#930 = AXIS2_PLACEMENT_3D ( 'NONE', #3347, #1478, #3671 ) ;
#931 =( GEOMETRIC_REPRESENTATION_CONTEXT ( 3 ) GLOBAL_UNCERTAINTY_ASSIGNED_CONTEXT ( ( #109 ) ) GLOBAL_UNIT_ASSIGNED_CONTEXT ( ( #2172, #317, #2481 ) ) REPRESENTATION_CONTEXT ( 'NONE', 'WORKASPACE' ) );
#932 = UNCERTAINTY_MEASURE_WITH_UNIT (LENGTH_MEASURE( 1.000000000000000100E-005 ), #3210, 'distance_accuracy_value', 'NONE');
#933 = CARTESIAN_POINT ( 'NONE',  ( -0.1309877820539044100, 0.07221528211894101500, -0.7313637070173317800 ) ) ;
#934 = CARTESIAN_POINT ( 'NONE',  ( -0.06495334220576420800, -0.09791577038718415900, -0.7039901605848465400 ) ) ;
#935 = CARTESIAN_POINT ( 'NONE',  ( -0.08210210806183887400, -0.1211896495676318500, 0.7384527823997552000 ) ) ;
#936 = DIRECTION ( 'NONE',  ( 0.0000000000000000000, 1.000000000000000000, 0.0000000000000000000 ) ) ;
#937 = CARTESIAN_POINT ( 'NONE',  ( -0.03237156033520998500, -0.1129690805905775000, 0.7073802469968251100 ) ) ;
#938 = VECTOR ( 'NONE', #1318, 39.37007874015748100 ) ;
#939 = CARTESIAN_POINT ( 'NONE',  ( -0.09232047816569577400, 0.1146704650291386900, -0.7372883048439277100 ) ) ;
#940 = CARTESIAN_POINT ( 'NONE',  ( 0.01534594460380910200, -0.1165098098886908100, 0.7082456398492250600 ) ) ;
#941 = CARTESIAN_POINT ( 'NONE',  ( -0.02654488956814535600, -0.1144660797939460000, 0.7077429835895298100 ) ) ;
#942 = CARTESIAN_POINT ( 'NONE',  ( -0.1473848849856351000, -0.03289251277955725800, -0.7282360200054031100 ) ) ;
#943 = CARTESIAN_POINT ( 'NONE',  ( -0.07976480707413495500, -0.08628474034477204300, -0.7016918703320321700 ) ) ;
#944 = CARTESIAN_POINT ( 'NONE',  ( -0.1153660147898377100, -0.09332843174205708600, 0.7339893443629135200 ) ) ;
#945 = DIRECTION ( 'NONE',  ( -0.0000000000000000000, 1.000000000000000000, -0.0000000000000000000 ) ) ;
#946 = CARTESIAN_POINT ( 'NONE',  ( -0.07158914900461713100, -0.09319279866030008600, 0.7030219138878670600 ) ) ;
#947 = CARTESIAN_POINT ( 'NONE',  ( -0.06215270816240892100, 0.09973440983416162500, -0.7043739261396678700 ) ) ;
#948 = CARTESIAN_POINT ( 'NONE',  ( -0.1503238852198533200, -0.01880762279707953000, -0.7276370363582784800 ) ) ;
#949 = CARTESIAN_POINT ( 'NONE',  ( -0.02678074022453683800, -0.1144235849934786300, 0.7077326369535254000 ) ) ;
#950 = B_SPLINE_CURVE_WITH_KNOTS ( 'NONE', 1,
 ( #3676, #3178 ),
 .UNSPECIFIED., .F., .F.,
 ( 2, 2 ),
 ( 0.0000000000000000000, 1.000000000000000000 ),
 .UNSPECIFIED. ) ;
#951 = CARTESIAN_POINT ( 'NONE',  ( 0.03029907670445987700, -0.1135910413686615500, 0.7075287324647251400 ) ) ;
#952 = EDGE_LOOP ( 'NONE', ( #1934, #3260 ) ) ;
#953 = CARTESIAN_POINT ( 'NONE',  ( -0.1229258251078324800, -0.08412079815076110900, -0.7327622094892974900 ) ) ;
#954 = CARTESIAN_POINT ( 'NONE',  ( -0.09216464609466462600, -0.07291402646847661200, -0.6994000007191881800 ) ) ;
#955 = CARTESIAN_POINT ( 'NONE',  ( -0.1440408865005142200, -0.04416822578102413300, 0.7289044946308219600 ) ) ;
#956 = EDGE_LOOP ( 'NONE', ( #2035, #1250, #2279, #906 ) ) ;
#957 = CARTESIAN_POINT ( 'NONE',  ( -0.09555796032113521300, -0.06848011004102148900, 0.6987162286156409800 ) ) ;
#958 = CARTESIAN_POINT ( 'NONE',  ( -0.08963372078062861700, 0.07599798398052511100, -0.6998952489523084800 ) ) ;
#959 = CARTESIAN_POINT ( 'NONE',  ( -0.07597967797260071800, -0.1251010984541981500, -0.7391511402142865200 ) ) ;
#960 = ORIENTED_EDGE ( 'NONE', *, *, #196, .F. ) ;
#961 = VECTOR ( 'NONE', #1266, 39.37007874015748900 ) ;
#962 = CARTESIAN_POINT ( 'NONE',  ( 0.05868739905414799300, -0.1018122910211584600, 0.7048217824114747500 ) ) ;
#963 = CARTESIAN_POINT ( 'NONE',  ( -0.08814233458231891800, -0.1172685377057391300, -0.7377560025013791800 ) ) ;
#964 = CARTESIAN_POINT ( 'NONE',  ( -0.1033745594017838600, -0.05585875329192632000, -0.6970319928024401000 ) ) ;
#965 = DIMENSIONAL_EXPONENTS ( 1.000000000000000000, 0.0000000000000000000, 0.0000000000000000000, 0.0000000000000000000, 0.0000000000000000000, 0.0000000000000000000, 0.0000000000000000000 ) ;
#966 = CARTESIAN_POINT ( 'NONE',  ( -0.1502983090568225100, 0.01661601878632222600, 0.7276396630941334200 ) ) ;
#967 = CARTESIAN_POINT ( 'NONE',  ( 0.09088053697178380400, 0.07447807519745872100, 0.6996512313193660200 ) ) ;
#968 = CARTESIAN_POINT ( 'NONE',  ( -0.1156199028559150600, -0.02102457392107522100, 0.6941264963808395600 ) ) ;
#969 = CARTESIAN_POINT ( 'NONE',  ( -0.1129791402915244100, 0.03233616754744177100, -0.6947818314772777900 ) ) ;
#970 = SURFACE_SIDE_STYLE ('',( #3167 ) ) ;
#971 = CARTESIAN_POINT ( 'NONE',  ( 0.06846439843570484300, 0.09551213230887860300, -0.7034909424784544500 ) ) ;
#972 = CARTESIAN_POINT ( 'NONE',  ( 0.07441535146123817700, -0.09093202945922485000, 0.7025768668283828300 ) ) ;
#973 =( GEOMETRIC_REPRESENTATION_CONTEXT ( 3 ) GLOBAL_UNCERTAINTY_ASSIGNED_CONTEXT ( ( #241 ) ) GLOBAL_UNIT_ASSIGNED_CONTEXT ( ( #2130, #1214, #2008 ) ) REPRESENTATION_CONTEXT ( 'NONE', 'WORKASPACE' ) );
#974 = CARTESIAN_POINT ( 'NONE',  ( -0.03438713218371045000, -0.1405623536556508700, -0.7422198300247384600 ) ) ;
#975 = CARTESIAN_POINT ( 'NONE',  ( -0.1150444670406132600, -0.02391594735213391900, -0.6942704840960496300 ) ) ;
#976 = CARTESIAN_POINT ( 'NONE',  ( -0.1309360528256535400, 0.07230119839112966700, 0.7313729921315027500 ) ) ;
#977 =( LENGTH_UNIT ( ) NAMED_UNIT ( * ) SI_UNIT ( $, .METRE. ) );
#978 = CIRCLE ( 'NONE', #2522, 0.09999999999999989500 ) ;
#979 = CARTESIAN_POINT ( 'NONE',  ( -0.1155949273046718200, 0.02116196871617063300, 0.6941327699804278300 ) ) ;
#980 = CARTESIAN_POINT ( 'NONE',  ( -0.1159919939094500400, -0.01916331018316244600, -0.6940334069918257000 ) ) ;
#981 = CARTESIAN_POINT ( 'NONE',  ( -0.02479351024112147500, 0.1423278507837905100, -0.7425902824513583900 ) ) ;
#982 = CARTESIAN_POINT ( 'NONE',  ( -2.049129849103300500E-015, -0.1442586109681523200, 0.7429999999997271000 ) ) ;
#983 = CARTESIAN_POINT ( 'NONE',  ( 0.0000000000000000000, -1.989999999999999800, 0.0000000000000000000 ) ) ;
#984 = CARTESIAN_POINT ( 'NONE',  ( 0.01983404875839825000, 0.1433242578446418900, 0.7427987134680345000 ) ) ;
#985 = DIMENSIONAL_EXPONENTS ( 1.000000000000000000, 0.0000000000000000000, 0.0000000000000000000, 0.0000000000000000000, 0.0000000000000000000, 0.0000000000000000000, 0.0000000000000000000 ) ;
#986 = CARTESIAN_POINT ( 'NONE',  ( -0.1230140715453306700, 0.08410184025737216200, -0.7327511545309567400 ) ) ;
#987 = CARTESIAN_POINT ( 'NONE',  ( 0.1148749610662832700, -0.02477224666311362800, -0.6943129008507505900 ) ) ;
#988 = CARTESIAN_POINT ( 'NONE',  ( 0.03045786943957396300, 0.1135004201287724300, -0.7075085316114012600 ) ) ;
#989 = CARTESIAN_POINT ( 'NONE',  ( 0.09047373065296757100, -0.07497198773761742900, 0.6997307429008193800 ) ) ;
#990 = PRESENTATION_LAYER_ASSIGNMENT (  '', '', ( #795 ) ) ;
#991 = LENGTH_MEASURE_WITH_UNIT ( LENGTH_MEASURE( 0.02539999999999999900 ), #1481 );
#992 = CARTESIAN_POINT ( 'NONE',  ( 0.02478801113969849100, -0.1423286478812329800, -0.7425904508685274900 ) ) ;
#993 = CARTESIAN_POINT ( 'NONE',  ( -0.09396761794617242100, 0.1130814064343677300, 0.7370365344626393900 ) ) ;
#994 = CARTESIAN_POINT ( 'NONE',  ( -0.02479351024112147500, 0.1423278507837905100, -0.7425902824513583900 ) ) ;
#995 = CARTESIAN_POINT ( 'NONE',  ( -0.09652216658922847800, 0.06703296947258662000, 0.6985126975713458200 ) ) ;
#996 = CARTESIAN_POINT ( 'NONE',  ( -0.09657839884192612200, -0.06695185012763087100, -0.6985009750640249800 ) ) ;
#997 = EDGE_CURVE ( 'NONE', #1494, #3694, #3706, .T. ) ;
#998 = CARTESIAN_POINT ( 'NONE',  ( -0.06029118168188491600, 0.1323290077391843000, -0.7405533706296014700 ) ) ;
#999 = CARTESIAN_POINT ( 'NONE',  ( -0.1312495045814470200, -0.07235814547993413300, 0.7313368277836671500 ) ) ;
#1000 = VERTEX_POINT ( 'NONE', #2383 ) ;
#1001 = CARTESIAN_POINT ( 'NONE',  ( 0.1435165760141212700, 0.04659100468189917400, 0.7290176851772869300 ) ) ;
#1002 = CYLINDRICAL_SURFACE ( 'NONE', #2367, 0.1249999999999998300 ) ;
#1003 = CARTESIAN_POINT ( 'NONE',  ( -0.009647332458885838800, 0.1171194415575386700, -0.7083972308767763100 ) ) ;
#1004 = SURFACE_SIDE_STYLE ('',( #2960 ) ) ;
#1005 = ORIENTED_EDGE ( 'NONE', *, *, #2179, .T. ) ;
#1006 = CARTESIAN_POINT ( 'NONE',  ( 0.1175000002722898500, -1.138157429711819500E-010, -0.6936502912168364100 ) ) ;
#1007 = CARTESIAN_POINT ( 'NONE',  ( 0.1013202797008006300, -0.05950936947701628700, 0.6974868210779374700 ) ) ;
#1008 = VERTEX_POINT ( 'NONE', #2571 ) ;
#1009 = CARTESIAN_POINT ( 'NONE',  ( 0.07581170179413619600, -0.1248608998166743600, -0.7391252924850666400 ) ) ;
#1010 = SURFACE_STYLE_USAGE ( .BOTH. , #2877 ) ;
#1011 = CARTESIAN_POINT ( 'NONE',  ( -0.04622708701387451300, 0.1373793139975926800, 0.7415643625786674200 ) ) ;
#1012 = MECHANICAL_DESIGN_GEOMETRIC_PRESENTATION_REPRESENTATION (  '', ( #604 ), #1220 ) ;
#1013 = CARTESIAN_POINT ( 'NONE',  ( -0.06681147328141560900, 0.09667540843049507400, 0.7037306084974942500 ) ) ;
#1014 = CARTESIAN_POINT ( 'NONE',  ( -0.07153854227748023000, -0.09323177298243350000, -0.7030296968761581300 ) ) ;
#1015 = CARTESIAN_POINT ( 'NONE',  ( -0.07365391215902518400, 0.1260294271840831600, -0.7393435596843549500 ) ) ;
#1016 = DIRECTION ( 'NONE',  ( -0.0000000000000000000, 1.000000000000000000, -0.0000000000000000000 ) ) ;
#1017 =( NAMED_UNIT ( * ) PLANE_ANGLE_UNIT ( ) SI_UNIT ( $, .RADIAN. ) );
#1018 = DIRECTION ( 'NONE',  ( 0.0000000000000000000, 1.000000000000000000, 0.0000000000000000000 ) ) ;
#1019 = CARTESIAN_POINT ( 'NONE',  ( 0.06265899438813636600, -0.1313880112601288900, -0.7403673203286681400 ) ) ;
#1020 = CARTESIAN_POINT ( 'NONE',  ( 0.1136112295962573700, -0.03022552273339468600, -0.6946281434020016300 ) ) ;
#1021 = CARTESIAN_POINT ( 'NONE',  ( 0.1130443304707317300, -0.03210787869420311100, 0.6947665442612677200 ) ) ;
#1022 = CARTESIAN_POINT ( 'NONE',  ( 0.1357442348566579900, -0.06385859980001014300, -0.7304985055466224300 ) ) ;
#1023 = DIRECTION ( 'NONE',  ( 0.0000000000000000000, -1.000000000000000000, 0.0000000000000000000 ) ) ;
#1024 = CARTESIAN_POINT ( 'NONE',  ( 0.01005571519695003100, 0.1439590331464511200, 0.7429360845821743100 ) ) ;
#1025 = DIMENSIONAL_EXPONENTS ( 1.000000000000000000, 0.0000000000000000000, 0.0000000000000000000, 0.0000000000000000000, 0.0000000000000000000, 0.0000000000000000000, 0.0000000000000000000 ) ;
#1026 = CARTESIAN_POINT ( 'NONE',  ( -0.06707884747191532300, 0.1293245778746731600, -0.7399692656775868100 ) ) ;
#1027 = CARTESIAN_POINT ( 'NONE',  ( -0.02664513527661797500, 0.1144550841887890800, 0.7077403186542091700 ) ) ;
#1028 =( GEOMETRIC_REPRESENTATION_CONTEXT ( 3 ) GLOBAL_UNCERTAINTY_ASSIGNED_CONTEXT ( ( #3012 ) ) GLOBAL_UNIT_ASSIGNED_CONTEXT ( ( #1797, #2093, #891 ) ) REPRESENTATION_CONTEXT ( 'NONE', 'WORKASPACE' ) );
#1029 = CARTESIAN_POINT ( 'NONE',  ( -0.03044789156463112100, -0.1135518196403117700, -0.7075199081455810800 ) ) ;
#1030 = CARTESIAN_POINT ( 'NONE',  ( 0.1077508321508272700, 0.04690099842240739300, -0.6960328173948554500 ) ) ;
#1031 = CARTESIAN_POINT ( 'NONE',  ( 0.0000000000000000000, -1.989999999999999800, 0.0000000000000000000 ) ) ;
#1032 = CIRCLE ( 'NONE', #3238, 0.1249999999999998300 ) ;
#1033 = CARTESIAN_POINT ( 'NONE',  ( 0.1027595068671190700, -0.05700820339395130200, -0.6971697941486506600 ) ) ;
#1034 =( LENGTH_UNIT ( ) NAMED_UNIT ( * ) SI_UNIT ( $, .METRE. ) );
#1035 = CARTESIAN_POINT ( 'NONE',  ( 0.1148749610662832700, -0.02477224666311362800, -0.6943129008507505900 ) ) ;
#1036 = CARTESIAN_POINT ( 'NONE',  ( 0.1509822442129317200, -0.009423151625816618400, -0.7274980257365729600 ) ) ;
#1037 = DIMENSIONAL_EXPONENTS ( 1.000000000000000000, 0.0000000000000000000, 0.0000000000000000000, 0.0000000000000000000, 0.0000000000000000000, 0.0000000000000000000, 0.0000000000000000000 ) ;
#1038 = CARTESIAN_POINT ( 'NONE',  ( 0.06712493808947801700, 0.1293663435792971600, 0.7399744962584009500 ) ) ;
#1039 = CARTESIAN_POINT ( 'NONE',  ( 0.07603585810309362900, 0.08958215984663590900, 0.7023151927835915600 ) ) ;
#1040 = CARTESIAN_POINT ( 'NONE',  ( 0.01925251888944900700, 0.1159755535691654200, 0.7081129589835616400 ) ) ;
#1041 = CARTESIAN_POINT ( 'NONE',  ( 0.01544179626305262600, -0.1164968324272564100, -0.7082424227074607400 ) ) ;
#1042 = CARTESIAN_POINT ( 'NONE',  ( 0.09547270073988800600, 0.06851963735695153200, -0.6987302598739250100 ) ) ;
#1043 = FILL_AREA_STYLE_COLOUR ( '', #1563 ) ;
#1044 =( NAMED_UNIT ( * ) PLANE_ANGLE_UNIT ( ) SI_UNIT ( $, .RADIAN. ) );
#1045 = CARTESIAN_POINT ( 'NONE',  ( 0.0000000000000000000, 1.489999999999999800, 0.09999999999999989500 ) ) ;
#1046 = COLOUR_RGB ( '',0.9019607843137255100, 0.9019607843137255100, 0.9019607843137255100 ) ;
#1047 = CARTESIAN_POINT ( 'NONE',  ( 0.09118350027933284900, -0.07410692894892993700, -0.6995918205708255800 ) ) ;
#1048 = DIRECTION ( 'NONE',  ( 0.0000000000000000000, 1.000000000000000000, 0.0000000000000000000 ) ) ;
#1049 = CARTESIAN_POINT ( 'NONE',  ( -0.05201815740037889900, -0.1053757672040129400, 0.7056112183591515300 ) ) ;
#1050 = CARTESIAN_POINT ( 'NONE',  ( 0.1165577372581319500, -0.01534045889443245000, -0.6938900372449864400 ) ) ;
#1051 = CARTESIAN_POINT ( 'NONE',  ( 0.1440043676505350100, 0.04427695688583357200, -0.7289117167148756500 ) ) ;
#1052 = CARTESIAN_POINT ( 'NONE',  ( 0.1185130748829985200, 0.08969426912597805400, 0.7334890305791748100 ) ) ;
#1053 = EDGE_LOOP ( 'NONE', ( #1987, #2217, #2467, #1584 ) ) ;
#1054 = CARTESIAN_POINT ( 'NONE',  ( 0.06213859759991157600, 0.09974323345493264800, 0.7043758082343957200 ) ) ;
#1055 = CARTESIAN_POINT ( 'NONE',  ( 0.05720579081188858400, -0.1026520603451216400, -0.7050056096010940400 ) ) ;
#1056 = CARTESIAN_POINT ( 'NONE',  ( 0.06688984609631522200, 0.09662166082430277700, -0.7037194492690926900 ) ) ;
#1057 = DIRECTION ( 'NONE',  ( -0.0000000000000000000, -1.000000000000000000, -0.0000000000000000000 ) ) ;
#1058 = CARTESIAN_POINT ( 'NONE',  ( 0.0000000000000000000, -2.000000000000000000, 0.0000000000000000000 ) ) ;
#1059 =( NAMED_UNIT ( * ) PLANE_ANGLE_UNIT ( ) SI_UNIT ( $, .RADIAN. ) );
#1060 = ORIENTED_EDGE ( 'NONE', *, *, #2753, .T. ) ;
#1061 = DIMENSIONAL_EXPONENTS ( 1.000000000000000000, 0.0000000000000000000, 0.0000000000000000000, 0.0000000000000000000, 0.0000000000000000000, 0.0000000000000000000, 0.0000000000000000000 ) ;
#1062 = CARTESIAN_POINT ( 'NONE',  ( -0.04927080452716400100, 0.1067010860660561500, 0.7059107245218523300 ) ) ;
#1063 = CARTESIAN_POINT ( 'NONE',  ( 0.1173165534535623300, 0.007604442901276948400, 0.6936977768219668700 ) ) ;
#1064 = ADVANCED_FACE ( 'NONE', ( #621 ), #232, .F. ) ;
#1065 = AXIS2_PLACEMENT_3D ( 'NONE', #50, #2221, #363 ) ;
#1066 = CARTESIAN_POINT ( 'NONE',  ( 0.07601897581890840200, -0.08959648251518193000, -0.7023179552675640200 ) ) ;
#1067 = ORIENTED_EDGE ( 'NONE', *, *, #804, .F. ) ;
#1068 = CARTESIAN_POINT ( 'NONE',  ( -0.08171141372774143300, -0.08445814000813377200, 0.7013558646561201000 ) ) ;
#1069 = CARTESIAN_POINT ( 'NONE',  ( 0.1229240316176449800, 0.08412381038860053400, -0.7327625395503124500 ) ) ;
#1070 = CARTESIAN_POINT ( 'NONE',  ( 0.1461405829791736500, 0.03737521287918939300, 0.7284863178170225600 ) ) ;
#1071 = CARTESIAN_POINT ( 'NONE',  ( -0.1173146744215014100, 0.007643922741096660600, -0.6936982323386341500 ) ) ;
#1072 = CARTESIAN_POINT ( 'NONE',  ( -0.1104875625713525900, 0.09857064069198510900, -0.7347409769931995100 ) ) ;
#1073 = CARTESIAN_POINT ( 'NONE',  ( 0.1099818911609693800, -0.04140051767711843600, -0.6955064912484000300 ) ) ;
#1074 = CARTESIAN_POINT ( 'NONE',  ( 0.03232141575107252300, 0.1129835954095052800, -0.7073837388918837700 ) ) ;
#1075 = CARTESIAN_POINT ( 'NONE',  ( 0.03573681049727048900, 0.1119502072417769800, -0.7071354330422622300 ) ) ;
#1076 = CARTESIAN_POINT ( 'NONE',  ( 0.1440217586448453200, -0.04422420133426227500, 0.7289082711435279600 ) ) ;
#1077 = MECHANICAL_DESIGN_GEOMETRIC_PRESENTATION_REPRESENTATION (  '', ( #652 ), #1272 ) ;
#1078 = CARTESIAN_POINT ( 'NONE',  ( -0.06814744902901273500, 0.09573852289551762500, 0.7035371940052046500 ) ) ;
#1079 = PRESENTATION_LAYER_ASSIGNMENT (  '', '', ( #866 ) ) ;
#1080 = CARTESIAN_POINT ( 'NONE',  ( -0.1510446698288002400, 0.009405259788716724800, -0.7274852259247858200 ) ) ;
#1081 = CARTESIAN_POINT ( 'NONE',  ( 0.06371206056676023700, -0.09874815005588050100, -0.7041641247824895800 ) ) ;
#1082 = CARTESIAN_POINT ( 'NONE',  ( -0.1069949895920967200, -0.04860063472060013200, 0.6962086979645901700 ) ) ;
#1083 = PRESENTATION_STYLE_ASSIGNMENT (( #3038 ) ) ;
#1084 = CARTESIAN_POINT ( 'NONE',  ( 0.08197740746257854700, 0.1212668151701013600, -0.7384666946733602400 ) ) ;
#1085 =( NAMED_UNIT ( * ) PLANE_ANGLE_UNIT ( ) SI_UNIT ( $, .RADIAN. ) );
#1086 = LENGTH_MEASURE_WITH_UNIT ( LENGTH_MEASURE( 0.02539999999999999900 ), #875 );
#1087 = CARTESIAN_POINT ( 'NONE',  ( 0.1172621676765807500, -0.007719363323119435600, 0.6937109637396000600 ) ) ;
#1088 = CARTESIAN_POINT ( 'NONE',  ( -0.1078354153189650800, 0.04670321691900094400, -0.6960130117362133300 ) ) ;
#1089 = ADVANCED_FACE ( 'NONE', ( #280 ), #3774, .F. ) ;
#1090 = CARTESIAN_POINT ( 'NONE',  ( 0.05594375799834766500, 0.1033285680474531300, 0.7051553543163982000 ) ) ;
#1091 = CARTESIAN_POINT ( 'NONE',  ( 0.06235065736030747500, 0.09960108541484159700, -0.7043459163462078000 ) ) ;
#1092 = CARTESIAN_POINT ( 'NONE',  ( 0.1184878405140260000, -0.08972479320812208600, 0.7334931198438412500 ) ) ;
#1093 = CARTESIAN_POINT ( 'NONE',  ( -0.08130785196828972700, 0.08483221665294436700, 0.7014250898252355500 ) ) ;
#1094 = CARTESIAN_POINT ( 'NONE',  ( 0.004956561656582434200, -0.1442585467340769000, 0.7429999999999999900 ) ) ;
#1095 = CARTESIAN_POINT ( 'NONE',  ( -0.1322066053914655900, -0.07013709150070683600, -0.7311434898704781700 ) ) ;
#1096 = CARTESIAN_POINT ( 'NONE',  ( 0.03769027700658025100, -0.1113576003215163400, -0.7069933980918969900 ) ) ;
#1097 = CARTESIAN_POINT ( 'NONE',  ( -0.1172721934072274700, -0.007562655363157801300, 0.6937084084643651000 ) ) ;
#1098 = LENGTH_MEASURE_WITH_UNIT ( LENGTH_MEASURE( 0.02539999999999999900 ), #1184 );
#1099 = FACE_OUTER_BOUND ( 'NONE', #662, .T. ) ;
#1100 = CARTESIAN_POINT ( 'NONE',  ( 0.03192511099006654200, 0.1410300555177677100, -0.7423178521281959000 ) ) ;
#1101 =( GEOMETRIC_REPRESENTATION_CONTEXT ( 3 ) GLOBAL_UNCERTAINTY_ASSIGNED_CONTEXT ( ( #2556 ) ) GLOBAL_UNIT_ASSIGNED_CONTEXT ( ( #117, #2287, #433 ) ) REPRESENTATION_CONTEXT ( 'NONE', 'WORKASPACE' ) );
#1102 = CARTESIAN_POINT ( 'NONE',  ( -0.09789839643212103200, 0.06497948588452261100, -0.6982227327617585000 ) ) ;
#1103 = CARTESIAN_POINT ( 'NONE',  ( 0.07684551983867736500, 0.08890826011486986600, -0.7021842488399820900 ) ) ;
#1104 = CARTESIAN_POINT ( 'NONE',  ( 0.05335430903468114200, -0.1350715338516470000, 0.7410959811600291700 ) ) ;
#1105 = CARTESIAN_POINT ( 'NONE',  ( -0.09333427728783862100, 0.07140467893314055000, 0.6991657537245175000 ) ) ;
#1106 = CARTESIAN_POINT ( 'NONE',  ( 0.07593551567295384100, -0.1251228603752465900, 0.7391553725401133200 ) ) ;
#1107 = CARTESIAN_POINT ( 'NONE',  ( -0.1087474692553580800, -0.1003147807478247900, -0.7350007463002388200 ) ) ;
#1108 = ORIENTED_EDGE ( 'NONE', *, *, #75, .F. ) ;
#1109 = ADVANCED_FACE ( 'NONE', ( #1286 ), #2840, .F. ) ;
#1110 = DIRECTION ( 'NONE',  ( 8.659560562354969800E-017, -0.7071067811865444600, 0.7071067811865504600 ) ) ;
#1111 = CARTESIAN_POINT ( 'NONE',  ( -0.1488320157355949000, 0.02598124439063238100, 0.7279411248165024200 ) ) ;
#1112 = CARTESIAN_POINT ( 'NONE',  ( -0.1112582180291699500, 0.03798175643536286200, 0.6952013738758460200 ) ) ;
#1113 = MECHANICAL_DESIGN_GEOMETRIC_PRESENTATION_REPRESENTATION (  '', ( #681 ), #1306 ) ;
#1114 = CARTESIAN_POINT ( 'NONE',  ( 0.09374429669501467600, 0.07084626585558270700, -0.6990818276384729300 ) ) ;
#1115 = ORIENTED_EDGE ( 'NONE', *, *, #3680, .F. ) ;
#1116 = CARTESIAN_POINT ( 'NONE',  ( -0.01925663641512291900, 0.1159273774743434500, -0.7081015650111065500 ) ) ;
#1117 = CARTESIAN_POINT ( 'NONE',  ( -0.08645038165762938800, 0.07958562164906539400, -0.7004980979541251000 ) ) ;
#1118 = ORIENTED_EDGE ( 'NONE', *, *, #997, .T. ) ;
#1119 = CARTESIAN_POINT ( 'NONE',  ( 0.09061184397646485100, 0.07480518469739380600, -0.6997037897605779000 ) ) ;
#1120 = CARTESIAN_POINT ( 'NONE',  ( -0.009898660977243720100, -0.1440269018103149900, 0.7429504072829020700 ) ) ;
#1121 = CARTESIAN_POINT ( 'NONE',  ( -0.1045028430388376000, 0.05375310847112676300, 0.6967792952834953600 ) ) ;
#1122 = B_SPLINE_CURVE_WITH_KNOTS ( 'NONE', 3,
 ( #2254, #3565, #3877, #2005, #148, #2310, #464, #2628, #762, #2947, #1075, #3252, #1391, #3583, #1708, #3893, #2020, #162, #2325, #481, #2641, #778, #2959, #1091, #3268, #1405, #3597, #1723, #3910, #2030, #175, #2340, #493, #2652, #791, #2976, #1103, #3283, #1420, #3612, #1741, #3923, #2043, #189, #2355, #505, #2667, #809, #2991, #1119, #3295, #1435, #3628, #1755, #3935, #2054, #206, #2368, #519, #2682, #820, #3005, #1131, #3311, #1446, #3640, #1768, #3950, #2067, #217, #2381, #531, #2696, #835, #3017, #1144, #3323, #1460, #3650, #1781 ),
 .UNSPECIFIED., .F., .F.,
 ( 4, 2, 1, 2, 2, 2, 1, 2, 2, 1, 2, 2, 2, 1, 2, 2, 2, 1, 1, 2, 2, 2, 2, 2, 2, 2, 1, 2, 2, 2, 1, 2, 2, 2, 1, 2, 2, 2, 2, 2, 2, 1, 2, 2, 4 ),
 ( 0.0000000000000000000, 0.01563143731138543600, 0.02344715596707815400, 0.02735501529492451200, 0.03126287462277087300, 0.04689431193415620500, 0.05471003058984891300, 0.05861788991769524600, 0.06252574924554157900, 0.07034146790123430000, 0.07424932722908067500, 0.07815718655692705000, 0.08597290521261982700, 0.08988076454046617400, 0.09183469420438931900, 0.09378862386831247900, 0.1016043425240050900, 0.1055122018518513900, 0.1074661315157745500, 0.1084430963477361200, 0.1094200611796976900, 0.1172357798353905900, 0.1211436391632370700, 0.1250514984910835500, 0.1328672171467764300, 0.1367750764746228400, 0.1387290061385461100, 0.1397059709705077700, 0.1406829358024694600, 0.1484986544581625700, 0.1524065137860090800, 0.1543604434499323800, 0.1563143731138556500, 0.1641300917695486300, 0.1680379510973951100, 0.1699918807613183500, 0.1719458104252416000, 0.1797615290809345100, 0.1836693884087809700, 0.1875772477366274600, 0.2032086850480132300, 0.2110244037037061500, 0.2149322630315525800, 0.2188401223593990100, 0.2501029969821706400 ),
 .UNSPECIFIED. ) ;
#1123 = AXIS2_PLACEMENT_3D ( 'NONE', #1331, #3181, #692 ) ;
#1124 = CARTESIAN_POINT ( 'NONE',  ( 0.1175000000000000100, 0.003789305250709073500, 0.6936503151513673200 ) ) ;
#1125 = CARTESIAN_POINT ( 'NONE',  ( -0.07999023229027305000, -0.1225343758893019900, -0.7386931163971927100 ) ) ;
#1126 = DIRECTION ( 'NONE',  ( 0.0000000000000000000, 1.000000000000000000, 0.0000000000000000000 ) ) ;
#1127 = CARTESIAN_POINT ( 'NONE',  ( -0.1242752510997169500, 0.08229857937397279400, 0.7325343806820017200 ) ) ;
#1128 = CARTESIAN_POINT ( 'NONE',  ( -0.08574651611275638200, 0.08042659214752297100, 0.7006354171211998100 ) ) ;
#1129 = CARTESIAN_POINT ( 'NONE',  ( -0.05887218196317546600, 0.1017053478356941700, -0.7047986059551065700 ) ) ;
#1130 = CARTESIAN_POINT ( 'NONE',  ( -0.07292783248534456800, 0.09215330344393271600, -0.7028148214382822200 ) ) ;
#1131 = CARTESIAN_POINT ( 'NONE',  ( 0.1031589628026083800, 0.05625554474705676100, -0.6970801389610771200 ) ) ;
#1132 = CARTESIAN_POINT ( 'NONE',  ( -0.06697497374036423500, -0.1293732921212634200, 0.7399786412475327600 ) ) ;
#1133 = CARTESIAN_POINT ( 'NONE',  ( 0.1038483470002898900, 0.05497248047430382300, 0.6969258197314125400 ) ) ;
#1134 = SURFACE_SIDE_STYLE ('',( #3489 ) ) ;
#1135 = SURFACE_STYLE_FILL_AREA ( #3529 ) ;
#1136 = CARTESIAN_POINT ( 'NONE',  ( -0.02707806439994402800, -0.1419488472143655100, -0.7425104299587513800 ) ) ;
#1137 = PRESENTATION_LAYER_ASSIGNMENT (  '', '', ( #921 ) ) ;
#1138 = DIRECTION ( 'NONE',  ( -0.0000000000000000000, -1.000000000000000000, -0.0000000000000000000 ) ) ;
#1139 = CARTESIAN_POINT ( 'NONE',  ( -0.08602182184454818000, 0.1186915757548634800, 0.7380064346074790600 ) ) ;
#1140 = CARTESIAN_POINT ( 'NONE',  ( -0.04408968595130759900, 0.1089187486824476100, 0.7064222545203059400 ) ) ;
#1141 = CARTESIAN_POINT ( 'NONE',  ( -0.08838528877758378100, 0.07744650377550735300, -0.7001347294587960700 ) ) ;
#1142 = EDGE_CURVE ( 'NONE', #1008, #2804, #1976, .T. ) ;
#1143 = CARTESIAN_POINT ( 'NONE',  ( -0.05594838000606854700, 0.1033260880401740400, -0.7051548053530339900 ) ) ;
#1144 = CARTESIAN_POINT ( 'NONE',  ( 0.1148643195031324300, 0.02476502304132716100, -0.6943155011253285800 ) ) ;
#1145 = CARTESIAN_POINT ( 'NONE',  ( -0.1052059523481643800, -0.1036920338443308000, 0.7355160267520899400 ) ) ;
#1146 = AXIS2_PLACEMENT_3D ( 'NONE', #2135, #4034, #2147 ) ;
#1147 = SURFACE_SIDE_STYLE ('',( #3839 ) ) ;
#1148 = SURFACE_SIDE_STYLE ('',( #3649 ) ) ;
#1149 = CARTESIAN_POINT ( 'NONE',  ( 0.02723811643224307100, -0.1419210519113495700, -0.7425045842119257800 ) ) ;
#1150 = CARTESIAN_POINT ( 'NONE',  ( -0.1155909796114400300, -0.02111700199881306300, 0.6941336534001789600 ) ) ;
#1151 = CARTESIAN_POINT ( 'NONE',  ( -0.03430642922863339600, 0.1405202679364788700, 0.7422114412688825000 ) ) ;
#1152 = CARTESIAN_POINT ( 'NONE',  ( -0.007668682144210632600, 0.1172654066882367200, 0.7084336563338803300 ) ) ;
#1153 = CARTESIAN_POINT ( 'NONE',  ( -0.1113091963826583100, 0.03783083061811370200, -0.6951890521213270900 ) ) ;
#1154 = COLOUR_RGB ( '',0.9019607843137255100, 0.9019607843137255100, 0.9019607843137255100 ) ;
#1155 = CARTESIAN_POINT ( 'NONE',  ( -0.02399314258499497500, 0.1150284145444255400, -0.7078805925757563100 ) ) ;
#1156 = CARTESIAN_POINT ( 'NONE',  ( -0.1175000000000000500, 2.130603977365173400E-005, 0.6936502910724710000 ) ) ;
#1157 = CARTESIAN_POINT ( 'NONE',  ( -0.1377593320564083900, -0.05966859629893627600, 0.7301181627221929900 ) ) ;
#1158 = ORIENTED_EDGE ( 'NONE', *, *, #39, .F. ) ;
#1159 = FILL_AREA_STYLE ('',( #240 ) ) ;
#1160 =( CONVERSION_BASED_UNIT ( 'INCH', #4044 ) LENGTH_UNIT ( ) NAMED_UNIT ( #1985 ) );
#1161 = CARTESIAN_POINT ( 'NONE',  ( 0.08008446531910352900, -0.1224115283374675300, -0.7386745535967365100 ) ) ;
#1162 = ORIENTED_EDGE ( 'NONE', *, *, #196, .T. ) ;
#1163 = CARTESIAN_POINT ( 'NONE',  ( 0.02478820880056975900, 0.1423869981584872700, 0.7426022313773883400 ) ) ;
#1164 = CARTESIAN_POINT ( 'NONE',  ( 0.03607889842603886900, 0.1118406355475793400, 0.7071099034111056900 ) ) ;
#1165 = CARTESIAN_POINT ( 'NONE',  ( -0.1165574806511561200, -0.01534223183312827300, -0.6938900995989764100 ) ) ;
#1166 = EDGE_LOOP ( 'NONE', ( #244, #2321 ) ) ;
#1167 = CARTESIAN_POINT ( 'NONE',  ( 0.0000000000000000000, -1.989999999999999800, 0.0000000000000000000 ) ) ;
#1168 =( LENGTH_UNIT ( ) NAMED_UNIT ( * ) SI_UNIT ( $, .METRE. ) );
#1169 = SURFACE_STYLE_USAGE ( .BOTH. , #3039 ) ;
#1170 = CARTESIAN_POINT ( 'NONE',  ( 0.05337127680046395400, 0.1350656943111646900, -0.7410947942041236100 ) ) ;
#1171 = CARTESIAN_POINT ( 'NONE',  ( 0.1378571956706208000, -0.05960302643959248400, -0.7301014497581843600 ) ) ;
#1172 = CARTESIAN_POINT ( 'NONE',  ( 0.08000535102550250500, 0.1224580453483324500, 0.7386830593722533100 ) ) ;
#1173 = CARTESIAN_POINT ( 'NONE',  ( 0.07315843773045738200, 0.09196641302563218800, 0.7027782223127992900 ) ) ;
#1174 = CARTESIAN_POINT ( 'NONE',  ( -0.09871455333863331200, -0.06376028713820117200, -0.6980507083190906600 ) ) ;
#1175 =( LENGTH_UNIT ( ) NAMED_UNIT ( * ) SI_UNIT ( $, .METRE. ) );
#1176 = CARTESIAN_POINT ( 'NONE',  ( 0.0000000000000000000, -1.989999999999999800, 1.533216245000134500E-016 ) ) ;
#1177 = CARTESIAN_POINT ( 'NONE',  ( 0.1509822442129317200, -0.009423151625816618400, -0.7274980257365729600 ) ) ;
#1178 = CARTESIAN_POINT ( 'NONE',  ( 0.07163737653382579200, 0.09315623929530969500, 0.7030145733085949600 ) ) ;
#1179 = CARTESIAN_POINT ( 'NONE',  ( 0.1244160871107216900, 0.08210534423125454000, 0.7325104879114260300 ) ) ;
#1180 = CARTESIAN_POINT ( 'NONE',  ( 0.1054407782176397900, 0.05199191997942252000, 0.6965689073974142800 ) ) ;
#1181 = CARTESIAN_POINT ( 'NONE',  ( -0.07305448569872953500, -0.09204887309917965400, -0.7027945078253869900 ) ) ;
#1182 = SURFACE_STYLE_FILL_AREA ( #2739 ) ;
#1183 =( NAMED_UNIT ( * ) PLANE_ANGLE_UNIT ( ) SI_UNIT ( $, .RADIAN. ) );
#1184 =( LENGTH_UNIT ( ) NAMED_UNIT ( * ) SI_UNIT ( $, .METRE. ) );
#1185 = PRESENTATION_LAYER_ASSIGNMENT (  '', '', ( #1409 ) ) ;
#1186 = DIRECTION ( 'NONE',  ( 0.0000000000000000000, 0.0000000000000000000, 1.000000000000000000 ) ) ;
#1187 =( LENGTH_UNIT ( ) NAMED_UNIT ( * ) SI_UNIT ( $, .METRE. ) );
#1188 = CARTESIAN_POINT ( 'NONE',  ( 0.1440043676505350100, 0.04427695688583357200, -0.7289117167148756500 ) ) ;
#1189 = CARTESIAN_POINT ( 'NONE',  ( 0.1027338272266516400, 0.05705853491287909300, 0.6971756160742057500 ) ) ;
#1190 = CARTESIAN_POINT ( 'NONE',  ( 0.1488684655854448400, 0.02578927505054246300, 0.7279336672125456000 ) ) ;
#1191 = CARTESIAN_POINT ( 'NONE',  ( 0.1174999117458286900, 0.003848583885105315000, 0.6936503155236863900 ) ) ;
#1192 = EDGE_LOOP ( 'NONE', ( #2121, #3952, #1993, #3245 ) ) ;
#1193 = CARTESIAN_POINT ( 'NONE',  ( -0.03598252038698913900, -0.1118715340455957600, -0.7071172761384531000 ) ) ;
#1194 = CARTESIAN_POINT ( 'NONE',  ( -0.09953361938574951900, -0.06245813869588717100, 0.6978747194206379500 ) ) ;
#1195 = CARTESIAN_POINT ( 'NONE',  ( 0.1440217586448453200, -0.04422420133426227500, 0.7289082711435279600 ) ) ;
#1196 = ORIENTED_EDGE ( 'NONE', *, *, #3807, .T. ) ;
#1197 = AXIS2_PLACEMENT_3D ( 'NONE', #2013, #3279, #1417 ) ;
#1198 = MECHANICAL_DESIGN_GEOMETRIC_PRESENTATION_REPRESENTATION (  '', ( #795 ), #3313 ) ;
#1199 = SURFACE_STYLE_USAGE ( .BOTH. , #3070 ) ;
#1200 = ORIENTED_EDGE ( 'NONE', *, *, #2251, .T. ) ;
#1201 = SURFACE_SIDE_STYLE ('',( #3236 ) ) ;
#1202 = CARTESIAN_POINT ( 'NONE',  ( 0.09658853048387755500, -0.06693695064505268700, 0.6984988492421589900 ) ) ;
#1203 = CARTESIAN_POINT ( 'NONE',  ( 0.1199423929102601800, 0.08792635955512627400, -0.7332553620005182200 ) ) ;
#1204 = CARTESIAN_POINT ( 'NONE',  ( 0.1173112833448935300, 0.007682306524978105100, 0.6936985973530261900 ) ) ;
#1205 = CARTESIAN_POINT ( 'NONE',  ( 0.1164964793842721100, -0.01544462883437416000, 0.6939054728032575400 ) ) ;
#1206 =( LENGTH_UNIT ( ) NAMED_UNIT ( * ) SI_UNIT ( $, .METRE. ) );
#1207 = EDGE_CURVE ( 'NONE', #3349, #1000, #3987, .T. ) ;
#1208 = CARTESIAN_POINT ( 'NONE',  ( 0.01353388369806903800, -0.1167337544659024400, -0.7083012681990982200 ) ) ;
#1209 = CARTESIAN_POINT ( 'NONE',  ( -0.08900655773926968700, -0.07673229179533555500, 0.7000166152970720400 ) ) ;
#1210 = CARTESIAN_POINT ( 'NONE',  ( 0.1184878405140260000, -0.08972479320812208600, 0.7334931198438412500 ) ) ;
#1211 = CARTESIAN_POINT ( 'NONE',  ( -0.01330527699938488500, -0.1167602600939553500, -0.7083073950802891700 ) ) ;
#1212 = UNCERTAINTY_MEASURE_WITH_UNIT (LENGTH_MEASURE( 1.000000000000000100E-005 ), #3799, 'distance_accuracy_value', 'NONE');
#1213 =( CONVERSION_BASED_UNIT ( 'INCH', #671 ) LENGTH_UNIT ( ) NAMED_UNIT ( #1641 ) );
#1214 =( NAMED_UNIT ( * ) PLANE_ANGLE_UNIT ( ) SI_UNIT ( $, .RADIAN. ) );
#1215 = CARTESIAN_POINT ( 'NONE',  ( 0.05884789584579733200, -0.1017752817442300900, 0.7048113603587228300 ) ) ;
#1216 = CARTESIAN_POINT ( 'NONE',  ( 0.08197740746257854700, 0.1212668151701013600, -0.7384666946733602400 ) ) ;
#1217 = DIRECTION ( 'NONE',  ( 0.0000000000000000000, 0.7071067811865444600, 0.7071067811865504600 ) ) ;
#1218 = CARTESIAN_POINT ( 'NONE',  ( 0.1017470125623944600, -0.05889388292521324800, 0.6973964723254694200 ) ) ;
#1219 = COLOUR_RGB ( '',0.9019607843137255100, 0.9019607843137255100, 0.9019607843137255100 ) ;
#1220 =( GEOMETRIC_REPRESENTATION_CONTEXT ( 3 ) GLOBAL_UNCERTAINTY_ASSIGNED_CONTEXT ( ( #2261 ) ) GLOBAL_UNIT_ASSIGNED_CONTEXT ( ( #3370, #1500, #3693 ) ) REPRESENTATION_CONTEXT ( 'NONE', 'WORKASPACE' ) );
#1221 = PRESENTATION_STYLE_ASSIGNMENT (( #2598 ) ) ;
#1222 = CIRCLE ( 'NONE', #856, 0.1650000000000005600 ) ;
#1223 = CARTESIAN_POINT ( 'NONE',  ( 0.05381600319608592600, -0.1044690666681575600, -0.7054078094825696500 ) ) ;
#1224 = CARTESIAN_POINT ( 'NONE',  ( -0.07469473477238118600, -0.09070289888094555700, 0.7025322040601299500 ) ) ;
#1225 = LENGTH_MEASURE_WITH_UNIT ( LENGTH_MEASURE( 0.02539999999999999900 ), #2234 );
#1226 = CARTESIAN_POINT ( 'NONE',  ( 0.05335430903468114200, -0.1350715338516470000, 0.7410959811600291700 ) ) ;
#1227 = CARTESIAN_POINT ( 'NONE',  ( -0.1492709737905247000, 0.02358078657573620800, -0.7278511646217480400 ) ) ;
#1228 = CARTESIAN_POINT ( 'NONE',  ( -0.04935811377909097400, -0.1066608192908504300, -0.7059015551868083000 ) ) ;
#1229 = CARTESIAN_POINT ( 'NONE',  ( -0.03929442084034468600, -0.1393276272840366100, 0.7419641198213212700 ) ) ;
#1230 = CONICAL_SURFACE ( 'NONE', #2474, 0.09999999999999989500, 1.108284075016399800 ) ;
#1231 = CARTESIAN_POINT ( 'NONE',  ( 0.1493487088624621000, -0.02348380097665862100, -0.7278357844141889500 ) ) ;
#1232 = CARTESIAN_POINT ( 'NONE',  ( 0.003819107095015713100, -0.1174536491890255100, 0.7084806599736586100 ) ) ;
#1233 = CARTESIAN_POINT ( 'NONE',  ( 0.03192511099006654200, 0.1410300555177677100, -0.7423178521281959000 ) ) ;
#1234 = CARTESIAN_POINT ( 'NONE',  ( 0.0000000000000000000, 1.949999999999999500, 0.0000000000000000000 ) ) ;
#1235 = CARTESIAN_POINT ( 'NONE',  ( 0.06850736860442607800, -0.09553870980042786200, 0.7034930384867751400 ) ) ;
#1236 = AXIS2_PLACEMENT_3D ( 'NONE', #2712, #3032, #1186 ) ;
#1237 = CARTESIAN_POINT ( 'NONE',  ( 0.09986355385025948200, -0.06203364799699673900, -0.6978080743500750800 ) ) ;
#1238 = CARTESIAN_POINT ( 'NONE',  ( -0.05624315499933553500, -0.1031695312542128500, 0.7051200855282838700 ) ) ;
#1239 = B_SPLINE_SURFACE_WITH_KNOTS ( 'NONE', 1, 3, ( 
 ( #261, #3692, #1822, #4008, #2124, #270, #2435, #583, #2750, #888, #3069, #1195, #3380, #1511, #3709, #1833, #4023, #2139, #285, #2449, #596, #2767, #903, #3081, #1210, #3396, #1527, #3719, #1847, #4039, #2153, #297, #2462, #607, #2779, #917, #3092, #1226, #3409, #1541, #3732, #1859, #4054, #2168, #312, #2477, #623, #3722, #1850, #4042, #2157, #300, #2466, #610, #2784, #920, #3097, #1229, #3411, #1544, #3736, #1862, #4056, #2171, #316, #2480, #627, #2794, #935, #3109, #1243, #3425, #1559, #3750, #1875, #9, #2186, #327, #2492, #636, #2808, #944, #3120, #1255, #3434, #1567, #3759, #1884, #21, #2195, #339, #2504, #646, #2821, #955, #3131, #1265, #3448, #1579, #3768, #1894, #34, #2204, #347, #2516, #657, #2831, #966, #3140, #1279, #3459, #1590, #3778, #1907, #47, #2216, #359, #2528, #668, #2845, #976, #3152, #1292, #3470, #1603, #3793, #1918, #60, #2230, #375, #2543, #683, #2863, #993, #3171, #1308, #3490, #1623, #3810, #1937, #78, #2247, #393, #2559, #698, #2878, #1011, #3185, #1323, #3506, #1640, #3825, #1952, #95, #2265, #410, #2576, #715, #2893, #1024, #3200, #1340, #3523, #1657, #3840, #1966, #112, #2282, #426, #2592, #732, #2908, #1038, #3214, #1359, #3540, #1672, #3857, #1986, #126, #2293, #442, #2605, #743, #2926, #1052, #3229, #1374, #3559, #1686, #3873, #2001, #143, #2306, #458, #2622, #757, #2942, #1070, #3244, #1387, #3576, #1701, #3888, #2015, #157, #2320, #476 ),
 ( #2636, #773, #2955, #1087, #3265, #1401, #3592, #1718, #3906, #3373, #1503, #3699, #1826, #4014, #2131, #275, #2442, #588, #2757, #895, #3074, #1202, #3387, #1517, #3712, #1838, #4029, #2143, #291, #2454, #599, #2770, #909, #3085, #1215, #3402, #1533, #3725, #1853, #4046, #2161, #304, #2470, #614, #2787, #924, #3100, #1232, #3414, #1548, #3740, #1865, #4059, #2174, #318, #2482, #629, #2797, #937, #3111, #1246, #3427, #1560, #3753, #1877, #11, #2188, #329, #2494, #638, #2811, #946, #3122, #1256, #3436, #1569, #3760, #1887, #24, #2197, #341, #2505, #647, #2823, #957, #3133, #1267, #3450, #1581, #3770, #1896, #37, #2206, #349, #2518, #659, #2833, #968, #3142, #1281, #3461, #1593, #3780, #1909, #48, #2219, #360, #2530, #672, #2847, #979, #3154, #1296, #3473, #1605, #3795, #1921, #63, #2232, #378, #2546, #685, #2865, #995, #3174, #1310, #3493, #1626, #3813, #1939, #81, #2249, #396, #2562, #700, #2879, #1013, #3186, #1325, #3508, #1645, #3827, #1953, #98, #2268, #412, #2579, #718, #2896, #1027, #3202, #1342, #3526, #1659, #3843, #1969, #114, #2284, #430, #2594, #734, #2912, #1040, #3216, #1363, #3542, #1674, #3860, #1989, #128, #2296, #445, #2607, #746, #2929, #1054, #3232, #1377, #3562, #1178, #3362, #1493, #3687, #1817, #4003, #2118, #265, #2429, #577, #2743, #880, #3063, #1189, #3375, #1505, #3701, #1828, #4016, #2133, #277, #2444, #590, #2759, #897, #3076, #1204, #3389, #1519 ) ),
 .UNSPECIFIED., .F., .T., .F.,
 ( 2, 2 ),
 ( 4, 2, 2, 2, 2, 2, 2, 2, 2, 2, 2, 2, 2, 2, 2, 2, 2, 2, 2, 2, 2, 2, 2, 2, 2, 2, 2, 2, 2, 2, 2, 2, 2, 2, 2, 2, 2, 2, 2, 2, 2, 2, 2, 2, 2, 2, 2, 2, 2, 2, 2, 2, 2, 2, 2, 2, 2, 2, 2, 2, 2, 2, 2, 2, 2, 2, 2, 2, 2, 2, 2, 2, 2, 2, 2, 2, 2, 2, 2, 2, 2, 2, 2, 2, 2, 2, 2, 2, 2, 2, 2, 2, 2, 2, 2, 2, 2, 2, 2, 2, 2, 2, 2, 4 ),
 ( 0.0000000000000000000, 1.000000000000000000 ),
 ( 0.0009253354795578892800, 0.001104725173357376200, 0.001284114867156862900, 0.001463504560956349500, 0.001642894254755836400, 0.002001673642354809800, 0.002181063336154296700, 0.002360453029953783600, 0.002539842723753270500, 0.002719232417552757400, 0.003078011805151730700, 0.003257401498951217200, 0.003436791192750704100, 0.003616180886550191000, 0.003795570580349677900, 0.004154349967948651700, 0.004513129355547625500, 0.004871908743146599300, 0.005230688130745572200, 0.005589467518344545100, 0.005948246905943518900, 0.006127636599743005800, 0.006307026293542492700, 0.006486415987341979600, 0.006665805681141466500, 0.007024585068740440300, 0.007203974762539927200, 0.007383364456339414100, 0.007562754150138901000, 0.007742143843938387900, 0.008100923231537361700, 0.008280312925336848600, 0.008459702619136335400, 0.008639092312935822300, 0.008818482006735309200, 0.008997871700534796100, 0.009177261394334283000, 0.009356651088133768200, 0.009536040781933255100, 0.009715430475732742000, 0.009805125322632484600, 0.009894820169532227100, 0.01025359955713120100, 0.01061237894473017500, 0.01079176863852966200, 0.01097115833232914900, 0.01115054802612863500, 0.01132993771992812200, 0.01168871710752709600, 0.01186810680132658300, 0.01204749649512607000, 0.01222688618892555700, 0.01240627588272504400, 0.01276505527032401700, 0.01294444496412350400, 0.01312383465792299100, 0.01330322435172247800, 0.01348261404552196500, 0.01384139343312093900, 0.01420017282071991300, 0.01437956251451940000, 0.01455895220831888600, 0.01473834190211837300, 0.01491773159591786000, 0.01527651098351683200, 0.01545590067731631900, 0.01563529037111580400, 0.01581468006491529300, 0.01599406975871477800, 0.01635284914631375200, 0.01671162853391272600, 0.01680132338081246800, 0.01689101822771221100, 0.01707040792151170000, 0.01724979761531118800, 0.01742918730911067300, 0.01778796669670964700, 0.01796735639050913600, 0.01814674608430862100, 0.01832613577810810600, 0.01850552547190759500, 0.01886430485950656800, 0.01904369455330605400, 0.01922308424710554200, 0.01940247394090503100, 0.01958186363470451600, 0.01994064302230349000, 0.02012003271610297800, 0.02029942240990246400, 0.02047881210370194900, 0.02065820179750143700, 0.02101698118510041100, 0.02137576057269938500, 0.02155515026649887400, 0.02173453996029835900, 0.02191392965409784400, 0.02209331934789733300, 0.02245209873549630600, 0.02281087812309528000, 0.02299026781689476900, 0.02316965751069425400, 0.02334904720449373900, 0.02352843689829322400, 0.02388721628589219800 ),
 .UNSPECIFIED. ) ;
#1240 = CARTESIAN_POINT ( 'NONE',  ( -0.1345627853468813200, 0.06596915613250625700, -0.7307142302773800300 ) ) ;
#1241 = CARTESIAN_POINT ( 'NONE',  ( -0.06823124740926341000, -0.09567877764945964500, -0.7035249409107867700 ) ) ;
#1242 = SURFACE_STYLE_FILL_AREA ( #1634 ) ;
#1243 = CARTESIAN_POINT ( 'NONE',  ( -0.08822144729588454700, -0.1172142869667423400, 0.7377465273588025300 ) ) ;
#1244 = CARTESIAN_POINT ( 'NONE',  ( 0.1174999999999999800, 0.0000000000000000000, 0.6936502913514051000 ) ) ;
#1245 = B_SPLINE_CURVE_WITH_KNOTS ( 'NONE', 3,
 ( #1006, #3501, #1947, #89, #2259, #403, #2572, #708, #2888, #1020, #3195, #1332, #3518, #1652, #3834, #1962, #106, #2277, #422, #2586, #728, #2903, #1033, #3209, #1354, #3533, #1666, #3851, #1982, #121, #2290, #438, #2600, #739, #2920, #1047, #3223, #1369, #3553, #1682, #3867, #1995, #138, #2303, #453, #2616, #752, #2935, #1066, #3240, #1383, #3572, #1696, #3883, #2010, #152, #2315, #471, #2632, #768, #2951, #1081, #3259, #1397, #3588, #1715, #3901, #2024, #167, #2334, #486, #2646, #785, #2967, #1096, #3273, #1412, #3605, #1731, #3915, #2036, #183, #2345 ),
 .UNSPECIFIED., .F., .F.,
 ( 4, 2, 1, 2, 2, 2, 1, 2, 2, 2, 1, 2, 2, 2, 1, 2, 2, 2, 1, 1, 1, 2, 2, 2, 2, 2, 2, 2, 1, 1, 2, 2, 2, 1, 2, 2, 2, 2, 2, 2, 2, 2, 2, 1, 2, 2, 4 ),
 ( 0.2501029969821705900, 0.2657215596707847000, 0.2735308410150917300, 0.2774354816872452400, 0.2813401223593987600, 0.2969586850480130400, 0.3047679663923201200, 0.3086726070644736900, 0.3125772477366273200, 0.3203865290809344000, 0.3242911697530879700, 0.3262434900891648100, 0.3281958104252416000, 0.3360050917695489600, 0.3399097324417026400, 0.3418620527777795300, 0.3438143731138564300, 0.3516236544581640700, 0.3555282951303179200, 0.3574806154663949200, 0.3584567756344334600, 0.3589448557184526900, 0.3594329358024719900, 0.3672422171467790700, 0.3711468578189324700, 0.3750514984910859300, 0.3828607798353927900, 0.3867654205075462500, 0.3887177408436229800, 0.3896939010116612400, 0.3901819810956804700, 0.3906700611796996000, 0.3984793425240070200, 0.4023839831961607000, 0.4043363035322374800, 0.4062886238683142700, 0.4140979052126214100, 0.4180025458847750300, 0.4219071865569286000, 0.4297164679012356900, 0.4336211085733893100, 0.4375257492455428800, 0.4531443119341571600, 0.4609535932784643000, 0.4648582339506178700, 0.4687628746227714400, 0.5000000000000000000 ),
 .UNSPECIFIED. ) ;
#1246 = CARTESIAN_POINT ( 'NONE',  ( -0.04148368529405251800, -0.1100001620461262300, 0.7066727051064903800 ) ) ;
#1247 = CARTESIAN_POINT ( 'NONE',  ( -0.1140208335324540700, 0.09528357181586023800, -0.7342333127976209400 ) ) ;
#1248 = EDGE_LOOP ( 'NONE', ( #289, #195, #3102, #334 ) ) ;
#1249 = CARTESIAN_POINT ( 'NONE',  ( 0.009580034929758207300, -0.1171247287770539300, 0.7083985493884732400 ) ) ;
#1250 = ORIENTED_EDGE ( 'NONE', *, *, #75, .T. ) ;
#1251 = CARTESIAN_POINT ( 'NONE',  ( -0.02387543726517811500, -0.1150528758781242300, 0.7078865847767265000 ) ) ;
#1252 = ORIENTED_EDGE ( 'NONE', *, *, #3927, .F. ) ;
#1253 = CARTESIAN_POINT ( 'NONE',  ( -0.1432928898525798200, -0.04650677721661749400, -0.7290530159440343800 ) ) ;
#1254 = CARTESIAN_POINT ( 'NONE',  ( -0.08219101494343619700, -0.08397977728433585200, -0.7012703068645338400 ) ) ;
#1255 = CARTESIAN_POINT ( 'NONE',  ( -0.1200963439954483300, -0.08785391228292299700, 0.7332366382289219300 ) ) ;
#1256 = CARTESIAN_POINT ( 'NONE',  ( -0.07604524525735671700, -0.08959361677511754100, 0.7023161079008382000 ) ) ;
#1257 = CARTESIAN_POINT ( 'NONE',  ( -0.06694203949136749700, 0.09658500601274742900, -0.7037118937522025600 ) ) ;
#1258 = CARTESIAN_POINT ( 'NONE',  ( -0.1435565411566421500, -0.04648232565365618300, -0.7290098263501407800 ) ) ;
#1259 = CARTESIAN_POINT ( 'NONE',  ( -0.03237156033520998500, -0.1129690805905775000, 0.7073802469968251100 ) ) ;
#1260 = CARTESIAN_POINT ( 'NONE',  ( 0.03856851142724781300, -0.1110200461992887800, 0.7069140017493605900 ) ) ;
#1261 = AXIS2_PLACEMENT_3D ( 'NONE', #1031, #3205, #1346 ) ;
#1262 = CARTESIAN_POINT ( 'NONE',  ( -0.1184758601144913600, -0.08973881140089787200, -0.7334950348430782100 ) ) ;
#1263 = CIRCLE ( 'NONE', #3516, 0.09999999999999989500 ) ;
#1264 = CARTESIAN_POINT ( 'NONE',  ( -0.09510591420751038400, -0.06900746245487410200, -0.6988047050040611100 ) ) ;
#1265 = CARTESIAN_POINT ( 'NONE',  ( -0.1474099828786622500, -0.03278391928348500100, 0.7282309221977683000 ) ) ;
#1266 = DIRECTION ( 'NONE',  ( 1.095978501382900000E-016, 0.4461978131098082200, -0.8949343616020252200 ) ) ;
#1267 = CARTESIAN_POINT ( 'NONE',  ( -0.1017711749024392400, -0.05885183923805135900, 0.6973911426816873400 ) ) ;
#1268 = SURFACE_STYLE_FILL_AREA ( #2587 ) ;
#1269 = CARTESIAN_POINT ( 'NONE',  ( -0.09554263299772174100, 0.06850174247772478100, -0.6987194036181718600 ) ) ;
#1270 = FACE_OUTER_BOUND ( 'NONE', #1351, .T. ) ;
#1271 = CARTESIAN_POINT ( 'NONE',  ( -0.04900285555820276700, -0.1368081729642222600, -0.7414390674222549600 ) ) ;
#1272 =( GEOMETRIC_REPRESENTATION_CONTEXT ( 3 ) GLOBAL_UNCERTAINTY_ASSIGNED_CONTEXT ( ( #2229 ) ) GLOBAL_UNIT_ASSIGNED_CONTEXT ( ( #1965, #110, #2281 ) ) REPRESENTATION_CONTEXT ( 'NONE', 'WORKASPACE' ) );
#1273 = CARTESIAN_POINT ( 'NONE',  ( 0.06241221285721064400, -0.09956249803904695900, 0.7043376895355053500 ) ) ;
#1274 = PRESENTATION_STYLE_ASSIGNMENT (( #1670 ) ) ;
#1275 = MECHANICAL_DESIGN_GEOMETRIC_PRESENTATION_REPRESENTATION (  '', ( #866 ), #1488 ) ;
#1276 = CARTESIAN_POINT ( 'NONE',  ( -0.07999023229027305000, -0.1225343758893019900, -0.7386931163971927100 ) ) ;
#1277 = CARTESIAN_POINT ( 'NONE',  ( -0.1054326138191955100, -0.05190280276628195900, -0.6965679559029200900 ) ) ;
#1278 = COLOUR_RGB ( '',0.9019607843137255100, 0.9019607843137255100, 0.9019607843137255100 ) ;
#1279 = CARTESIAN_POINT ( 'NONE',  ( -0.1492597483673444000, 0.02364357431658087000, 0.7278534657013221400 ) ) ;
#1280 = CARTESIAN_POINT ( 'NONE',  ( 0.09006740750941327800, 0.07546898413548826200, 0.6998103488318867500 ) ) ;
#1281 = CARTESIAN_POINT ( 'NONE',  ( -0.1165182732858716000, -0.01528114659230889400, 0.6938999567319391600 ) ) ;
#1282 = CARTESIAN_POINT ( 'NONE',  ( -0.1144263882541819000, 0.02676813868053003200, -0.6944246329110488300 ) ) ;
#1283 =( LENGTH_UNIT ( ) NAMED_UNIT ( * ) SI_UNIT ( $, .METRE. ) );
#1284 = LINE ( 'NONE', #3816, #3471 ) ;
#1285 = PRODUCT_DEFINITION_CONTEXT ( 'detailed design', #1736, 'design' ) ;
#1286 = FACE_OUTER_BOUND ( 'NONE', #2719, .T. ) ;
#1287 = CARTESIAN_POINT ( 'NONE',  ( 0.06367025541800758200, 0.09877296523427056600, -0.7041694923351457000 ) ) ;
#1288 = CARTESIAN_POINT ( 'NONE',  ( 0.07683939564659980600, -0.08891363506674661300, 0.7021852673546606900 ) ) ;
#1289 = VERTEX_POINT ( 'NONE', #2740 ) ;
#1290 = CARTESIAN_POINT ( 'NONE',  ( -0.02462438260335711100, -0.1423546290403139600, -0.7425959284138781100 ) ) ;
#1291 = CARTESIAN_POINT ( 'NONE',  ( -0.1175000000000009500, -0.007619023527146328300, -0.6936503179944593100 ) ) ;
#1292 = CARTESIAN_POINT ( 'NONE',  ( -0.1270328061653763500, 0.07837688497157828400, 0.7320612154992935900 ) ) ;
#1293 = ORIENTED_EDGE ( 'NONE', *, *, #1523, .F. ) ;
#1294 =( NAMED_UNIT ( * ) PLANE_ANGLE_UNIT ( ) SI_UNIT ( $, .RADIAN. ) );
#1295 = AXIS2_PLACEMENT_3D ( 'NONE', #722, #1957, #737 ) ;
#1296 = CARTESIAN_POINT ( 'NONE',  ( -0.1144036025975815200, 0.02686642831684881600, 0.6944302974014319200 ) ) ;
#1297 = CARTESIAN_POINT ( 'NONE',  ( -0.1135285855758246700, -0.03053284780353235000, -0.6946478780554976600 ) ) ;
#1298 = CARTESIAN_POINT ( 'NONE',  ( -0.03970153043585462200, -0.1404714429498892800, 0.7421643390880872100 ) ) ;
#1299 = CARTESIAN_POINT ( 'NONE',  ( 0.04882371082543619100, 0.1368700419783938600, 0.7414515942807126100 ) ) ;
#1300 = ORIENTED_EDGE ( 'NONE', *, *, #1971, .T. ) ;
#1301 = CARTESIAN_POINT ( 'NONE',  ( -0.1284422077589355600, 0.07625960347669247200, -0.7318150518449304500 ) ) ;
#1302 = CARTESIAN_POINT ( 'NONE',  ( 0.1165577372581319500, -0.01534045889443245000, -0.6938900372449864400 ) ) ;
#1303 = CARTESIAN_POINT ( 'NONE',  ( 0.02479561179078035000, 0.1148703109839512200, -0.7078417873884014200 ) ) ;
#1304 = CARTESIAN_POINT ( 'NONE',  ( 0.09072363447961802300, -0.07466912468342457000, 0.6996819262950342300 ) ) ;
#1305 = CARTESIAN_POINT ( 'NONE',  ( 0.03212994248688416000, -0.1409877798459442900, -0.7423090180897823400 ) ) ;
#1306 =( GEOMETRIC_REPRESENTATION_CONTEXT ( 3 ) GLOBAL_UNCERTAINTY_ASSIGNED_CONTEXT ( ( #1977 ) ) GLOBAL_UNIT_ASSIGNED_CONTEXT ( ( #1955, #362, #414 ) ) REPRESENTATION_CONTEXT ( 'NONE', 'WORKASPACE' ) );
#1307 = CARTESIAN_POINT ( 'NONE',  ( 0.0000000000000000000, -1.489999999999999800, 0.0000000000000000000 ) ) ;
#1308 = CARTESIAN_POINT ( 'NONE',  ( -0.08803954798808329200, 0.1173387869506171300, 0.7377682859725940300 ) ) ;
#1309 = CARTESIAN_POINT ( 'NONE',  ( -0.03451066750367525600, 0.1405342316798180400, -0.7422139724800920200 ) ) ;
#1310 = CARTESIAN_POINT ( 'NONE',  ( -0.09313075464682864200, 0.07166990310055505700, 0.6992065002778672400 ) ) ;
#1311 = CARTESIAN_POINT ( 'NONE',  ( -0.09319384118966622700, -0.07158781369872367600, -0.6991938246511081300 ) ) ;
#1312 = CARTESIAN_POINT ( 'NONE',  ( 0.1129713632501296300, 0.03236427545719145600, -0.6947837440504300900 ) ) ;
#1313 = CARTESIAN_POINT ( 'NONE',  ( -0.1435249363998233300, -0.04657897294852263200, 0.7290161726986007500 ) ) ;
#1314 = CARTESIAN_POINT ( 'NONE',  ( 0.0000000000000000000, 1.999999999999999800, 1.533216245000134500E-016 ) ) ;
#1315 = CARTESIAN_POINT ( 'NONE',  ( 0.1503293971241855500, 0.01878269138209792000, 0.7276359136171215400 ) ) ;
#1316 = CARTESIAN_POINT ( 'NONE',  ( -0.1433140056732197500, 0.04644615389874551900, -0.7290488541199237100 ) ) ;
#1317 = DIRECTION ( 'NONE',  ( -0.0000000000000000000, 1.000000000000000000, -0.0000000000000000000 ) ) ;
#1318 = DIRECTION ( 'NONE',  ( -0.0000000000000000000, -1.000000000000000000, -0.0000000000000000000 ) ) ;
#1319 = CARTESIAN_POINT ( 'NONE',  ( 0.1027019046094169200, -0.05708569330579972600, 0.6971818870686026200 ) ) ;
#1320 = AXIS2_PLACEMENT_3D ( 'NONE', #3480, #1317, #118 ) ;
#1321 = CARTESIAN_POINT ( 'NONE',  ( 0.08218830784917044400, -0.1211368706614453900, -0.7384432389515304100 ) ) ;
#1322 =( CONVERSION_BASED_UNIT ( 'INCH', #2705 ) LENGTH_UNIT ( ) NAMED_UNIT ( #1906 ) );
#1323 = CARTESIAN_POINT ( 'NONE',  ( -0.03909835687643097000, 0.1393775797187029600, 0.7419744424319665300 ) ) ;
#1324 = CARTESIAN_POINT ( 'NONE',  ( -0.06929342148411463100, 0.1282582654294492400, -0.7397649758208378900 ) ) ;
#1325 = CARTESIAN_POINT ( 'NONE',  ( -0.05876140102060706200, 0.1018232431140421600, 0.7048219107625688400 ) ) ;
#1326 = CARTESIAN_POINT ( 'NONE',  ( -0.06689381868484940700, -0.09661842343148024900, -0.7037188104188069100 ) ) ;
#1327 = CARTESIAN_POINT ( 'NONE',  ( -0.06257903313031548700, 0.1313597300560498700, -0.7403634111210232200 ) ) ;
#1328 = CARTESIAN_POINT ( 'NONE',  ( 0.1174999999999999800, 0.0000000000000000000, 0.6936502913514051000 ) ) ;
#1329 = FILL_AREA_STYLE_COLOUR ( '', #4018 ) ;
#1330 = COLOUR_RGB ( '',0.9019607843137255100, 0.9019607843137255100, 0.9019607843137255100 ) ;
#1331 = CARTESIAN_POINT ( 'NONE',  ( 0.0000000000000000000, 2.000000000000000000, 0.0000000000000000000 ) ) ;
#1332 = CARTESIAN_POINT ( 'NONE',  ( 0.1110316913708733800, -0.03853604638466576900, -0.6952558821038804500 ) ) ;
#1333 = CARTESIAN_POINT ( 'NONE',  ( 0.1144444230671526600, -0.02663802117508898600, 0.6944201628816448800 ) ) ;
#1334 = CARTESIAN_POINT ( 'NONE',  ( 0.1144253302706846700, 0.02677304394060089900, -0.6944248972823459100 ) ) ;
#1335 = VECTOR ( 'NONE', #2822, 39.37007874015748100 ) ;
#1336 = FACE_OUTER_BOUND ( 'NONE', #3909, .T. ) ;
#1337 = CARTESIAN_POINT ( 'NONE',  ( 0.1407072982219123000, -0.05304700741256557900, -0.7295556158134353100 ) ) ;
#1338 = FILL_AREA_STYLE ('',( #2891 ) ) ;
#1339 = LINE ( 'NONE', #3121, #3945 ) ;
#1340 = CARTESIAN_POINT ( 'NONE',  ( 0.01990480829122055400, 0.1430822253929453500, 0.7427496318205844000 ) ) ;
#1341 = CARTESIAN_POINT ( 'NONE',  ( 0.07559113989841641200, 0.08995813244607404900, 0.7023876811867205700 ) ) ;
#1342 = CARTESIAN_POINT ( 'NONE',  ( -0.01913752367000417000, 0.1159943491328604700, 0.7081176080093425400 ) ) ;
#1343 = CARTESIAN_POINT ( 'NONE',  ( -0.02103100512606183300, -0.1156186754907621700, -0.7080254211720070600 ) ) ;
#1344 = EDGE_CURVE ( 'NONE', #1454, #619, #1796, .T. ) ;
#1345 = CARTESIAN_POINT ( 'NONE',  ( 0.1069709227574066100, 0.04865324520560262300, -0.6962142669519728600 ) ) ;
#1346 = DIRECTION ( 'NONE',  ( 0.0000000000000000000, 0.0000000000000000000, 1.000000000000000000 ) ) ;
#1347 = FACE_OUTER_BOUND ( 'NONE', #1803, .T. ) ;
#1348 = CARTESIAN_POINT ( 'NONE',  ( 0.1058577428538885800, 0.05100296694582815600, 0.6964701831293257400 ) ) ;
#1349 = DIRECTION ( 'NONE',  ( 0.0000000000000000000, -1.000000000000000000, 0.0000000000000000000 ) ) ;
#1350 = CARTESIAN_POINT ( 'NONE',  ( -0.1229054034896048400, 0.08424922046212358900, 0.7327695234103878100 ) ) ;
#1351 = EDGE_LOOP ( 'NONE', ( #3399, #2422, #2511, #4041, #2463, #3024 ) ) ;
#1352 = PRESENTATION_LAYER_ASSIGNMENT (  '', '', ( #726 ) ) ;
#1353 = AXIS2_PLACEMENT_3D ( 'NONE', #1886, #23, #340 ) ;
#1354 = CARTESIAN_POINT ( 'NONE',  ( 0.1003813347668083700, -0.06107986491618287700, -0.6976914226768056200 ) ) ;
#1355 =( NAMED_UNIT ( * ) PLANE_ANGLE_UNIT ( ) SI_UNIT ( $, .RADIAN. ) );
#1356 = CARTESIAN_POINT ( 'NONE',  ( 0.1175012485628188400, -0.001868085935335274100, -0.6936499725451086300 ) ) ;
#1357 = VERTEX_POINT ( 'NONE', #4001 ) ;
#1358 = CARTESIAN_POINT ( 'NONE',  ( 0.1512864628476361700, -0.002293510489484740400, -0.7274348123020600900 ) ) ;
#1359 = CARTESIAN_POINT ( 'NONE',  ( 0.07577751922504297200, 0.1248792993466170400, 0.7391287342389970500 ) ) ;
#1360 = DIMENSIONAL_EXPONENTS ( 1.000000000000000000, 0.0000000000000000000, 0.0000000000000000000, 0.0000000000000000000, 0.0000000000000000000, 0.0000000000000000000, 0.0000000000000000000 ) ;
#1361 = CARTESIAN_POINT ( 'NONE',  ( -0.007547507186393184000, 0.1173207086056081600, 0.7084468958487699600 ) ) ;
#1362 = UNCERTAINTY_MEASURE_WITH_UNIT (LENGTH_MEASURE( 1.000000000000000100E-005 ), #3391, 'distance_accuracy_value', 'NONE');
#1363 = CARTESIAN_POINT ( 'NONE',  ( 0.02677445166803666500, 0.1144250351271493700, 0.7077329907136905600 ) ) ;
#1364 = CARTESIAN_POINT ( 'NONE',  ( 0.02115531442163886400, -0.1155960359541824600, -0.7080198469239018500 ) ) ;
#1365 = CARTESIAN_POINT ( 'NONE',  ( 0.09315692003957722100, 0.07161684953408209400, -0.6992001937749065000 ) ) ;
#1366 = SURFACE_SIDE_STYLE ('',( #642 ) ) ;
#1367 = CARTESIAN_POINT ( 'NONE',  ( -0.01906200605930442900, 0.1159475614146948700, 0.7081064539905892500 ) ) ;
#1368 = FILL_AREA_STYLE_COLOUR ( '', #1399 ) ;
#1369 = CARTESIAN_POINT ( 'NONE',  ( 0.09089455647240207700, -0.07446096504074740900, -0.6996484860852261200 ) ) ;
#1370 = CARTESIAN_POINT ( 'NONE',  ( -0.05714336012323004100, -0.1026870375716313600, 0.7050132791648176000 ) ) ;
#1371 = B_SPLINE_SURFACE_WITH_KNOTS ( 'NONE', 1, 3, ( 
 ( #2529, #1919, #61, #2231, #2544, #684, #2864, #994, #3172, #1309, #1625, #3811, #1938, #302, #2196, #1604, #3201, #1026, #1324, #1643, #3826, #97, #2266, #411, #2578, #717, #2894, #1688, #3231, #145, #2308, #2944, #1072, #1376, #2928, #428, #2478, #625, #1860, #933, #3107, #1240, #3423, #1557, #1873, #6, #3748, #2184, #325, #2490, #3094, #918, #1227, #2780, #608, #2464, #298, #2154, #1848, #634, #2806, #942, #3116, #1253, #3432, #1565, #3757, #1882, #19, #2193, #337, #2502, #644, #2818, #953, #3128, #1262, #3446, #1576, #3766, #1892, #31, #2202, #345, #2512, #655, #2829, #963, #3138, #1276, #3455, #1588, #3775, #1904, #45, #2214, #355, #2525, #666, #2841, #974, #3150, #1290, #3467, #1600, #3792, #1916, #58, #2228, #373, #2541, #680, #2862, #992, #3169, #1305, #3487, #1620, #3808, #1935, #76, #2245, #391, #2558, #696, #2876, #1009, #3183, #1321, #3504, #1638, #3824, #1950, #93, #2262, #408, #2575, #712, #2890, #1022, #3198, #1337, #3521, #1654, #3837, #1964, #108, #2280, #425, #2588, #730, #2906, #1036, #3212, #1358, #3537, #1669, #3854, #1983, #124, #2291, #440, #2603, #742, #2924, #1051, #3226, #1372, #3557, #1684, #3871, #1998, #142, #2305, #456, #2619, #755, #2939, #1069, #3242, #1386, #3574, #1699, #3885, #2012, #155, #2317, #473, #2634, #771, #2953, #1084, #3262, #1400, #3590, #1717, #3904, #2027, #171, #2337, #488, #2649, #787, #2971, #1100, #3278, #1416, #3608, #1735, #3919 ),
 ( #2040, #186, #2349, #503, #2662, #803, #2988, #1116, #3292, #1429, #3625, #1749, #3933, #2051, #202, #2363, #516, #2679, #816, #3000, #1129, #3307, #1442, #3635, #1766, #3946, #2063, #214, #2378, #528, #2690, #831, #3014, #1141, #3321, #1455, #3647, #1776, #3962, #2075, #225, #2389, #543, #2706, #843, #3027, #1153, #3333, #1468, #3658, #1791, #3972, #2089, #235, #2401, #554, #2717, #852, #3037, #1165, #3345, #1477, #3670, #1804, #3984, #2098, #248, #2411, #561, #2727, #863, #3045, #1174, #3356, #1486, #3682, #1812, #3996, #2109, #259, #2421, #568, #2735, #874, #3054, #1181, #3365, #1497, #3690, #1820, #4006, #2122, #268, #2432, #581, #2747, #886, #3067, #1193, #3378, #1508, #3705, #1830, #4021, #2137, #282, #2447, #594, #2764, #901, #3079, #1208, #3394, #1522, #3717, #1844, #4036, #2148, #295, #2460, #605, #2775, #914, #3089, #1223, #3405, #1539, #3730, #1857, #4050, #2165, #310, #2475, #620, #2791, #928, #3104, #1237, #3419, #1553, #3745, #1871, #4, #2180, #322, #2487, #677, #2857, #987, #3163, #1302, #3482, #1615, #3803, #1931, #72, #2241, #388, #3829, #3495, #2596, #2915, #3188, #1941, #1312, #65, #3475, #2581, #2898, #1030, #1345, #3528, #1662, #3845, #1972, #116, #432, #736, #1042, #3219, #1365, #3545, #1676, #3862, #130, #2298, #447, #2609, #748, #2931, #1056, #3234, #1379, #3564, #1690, #3876, #2004, #147, #463, #2627, #761, #1074, #3581, #3892, #2019, #161, #2324, #479, #2640, #777 ) ),
 .UNSPECIFIED., .F., .T., .F.,
 ( 2, 2 ),
 ( 4, 2, 2, 2, 2, 2, 2, 2, 2, 2, 2, 2, 2, 2, 2, 2, 2, 2, 2, 2, 2, 2, 2, 2, 2, 2, 2, 2, 2, 2, 2, 2, 2, 2, 2, 2, 2, 2, 2, 2, 2, 2, 2, 2, 2, 2, 2, 2, 2, 2, 2, 2, 2, 2, 2, 2, 2, 2, 2, 2, 2, 2, 2, 2, 2, 2, 2, 2, 2, 2, 2, 2, 2, 2, 2, 2, 2, 2, 2, 2, 2, 2, 2, 2, 2, 2, 2, 2, 2, 2, 2, 2, 2, 2, 2, 2, 2, 2, 2, 2, 2, 2, 2, 2, 4 ),
 ( 0.0000000000000000000, 1.000000000000000000 ),
 ( 0.0008867619288366358800, 0.001066157889636227800, 0.001245553850435819800, 0.001424949811235411800, 0.001604345772035003900, 0.001963137693634188100, 0.002142533654433780000, 0.002321929615233372000, 0.002501325576032963900, 0.002680721536832556300, 0.002860117497632148300, 0.003039513458431740200, 0.003218909419231332200, 0.003398305380030924200, 0.003577701340830516100, 0.003757097301630108100, 0.003936493262429700500, 0.004115889223229292000, 0.004474681144828476800, 0.004654077105628068300, 0.004833473066427660700, 0.005012869027227253100, 0.005192264988026844600, 0.005551056909626028500, 0.005730452870425620900, 0.005909848831225212500, 0.006089244792024804000, 0.006268640752824396400, 0.006627432674423580300, 0.006986224596022765100, 0.007345016517621949000, 0.007703808439221132900, 0.008062600360820317700, 0.008421392282419500700, 0.008511090262819296500, 0.008600788243219092300, 0.008780184204018685500, 0.008959580164818278800, 0.009138976125617870300, 0.009318372086417461800, 0.009497768047217053400, 0.009677164008016644900, 0.009856559968816236400, 0.01003595592961582800, 0.01021535189041542100, 0.01057414381201460600, 0.01075353977281419800, 0.01093293573361378900, 0.01111233169441338100, 0.01129172765521297200, 0.01165051957681215700, 0.01182991553761175000, 0.01200931149841134200, 0.01218870745921093300, 0.01236810342001052500, 0.01272689534160970800, 0.01290629130240929900, 0.01308568726320889300, 0.01326508322400848600, 0.01344447918480807700, 0.01380327110640726000, 0.01398266706720685200, 0.01416206302800644300, 0.01434145898880603500, 0.01452085494960562800, 0.01487964687120481300, 0.01523843879280399600, 0.01559723071440317900, 0.01595602263600236200, 0.01631481455760154500, 0.01667360647920073200, 0.01685300244000032700, 0.01703239840079991800, 0.01721179436159951000, 0.01739119032239910100, 0.01774998224399828400, 0.01792937820479787600, 0.01810877416559746700, 0.01828817012639705900, 0.01846756608719665000, 0.01882635800879583300, 0.01900575396959542500, 0.01918514993039501700, 0.01936454589119460800, 0.01954394185199420300, 0.01972333781279379800, 0.01990273377359339000, 0.02008212973439298100, 0.02026152569519257300, 0.02044092165599216400, 0.02053061963639196000, 0.02062031761679175600, 0.02097910953839093900, 0.02133790145999012200, 0.02151729742078971300, 0.02169669338158930800, 0.02187608934238890300, 0.02205548530318849500, 0.02241427722478767800, 0.02259367318558726900, 0.02277306914638686100, 0.02295246510718645200, 0.02313186106798604400, 0.02349065298958522700, 0.02384944491118441400 ),
 .UNSPECIFIED. ) ;
#1372 = CARTESIAN_POINT ( 'NONE',  ( 0.1415307112537988500, 0.05101611775890092100, -0.7293961833955170400 ) ) ;
#1373 = EDGE_CURVE ( 'NONE', #619, #2128, #1530, .T. ) ;
#1374 = CARTESIAN_POINT ( 'NONE',  ( 0.1229835402803511500, 0.08404445062158344400, 0.7327525408322684800 ) ) ;
#1375 = ADVANCED_FACE ( 'NONE', ( #1445 ), #1592, .F. ) ;
#1376 = CARTESIAN_POINT ( 'NONE',  ( -0.1137987712511742000, 0.09508361763403253000, -0.7342354150772960600 ) ) ;
#1377 = CARTESIAN_POINT ( 'NONE',  ( 0.06695431421486808300, 0.09657674031135216100, 0.7037101686490124800 ) ) ;
#1378 = CARTESIAN_POINT ( 'NONE',  ( 0.06220004413056774700, -0.09970534491064626800, -0.7043676974994501600 ) ) ;
#1379 = CARTESIAN_POINT ( 'NONE',  ( 0.06203602573511694100, 0.09980726546566792700, -0.7043894723702417400 ) ) ;
#1380 = CARTESIAN_POINT ( 'NONE',  ( 0.0000000000000000000, -1.989999999999999800, -0.1650000000000005600 ) ) ;
#1381 = CARTESIAN_POINT ( 'NONE',  ( -0.05363365391208267700, 0.1045462812714157000, 0.7054258275482226900 ) ) ;
#1382 = CARTESIAN_POINT ( 'NONE',  ( 0.1164049090216941300, 0.01620788063292348900, 0.6939290899912381500 ) ) ;
#1383 = CARTESIAN_POINT ( 'NONE',  ( 0.07509043961866476700, -0.09037549178191038600, -0.7024685819409495200 ) ) ;
#1384 = CARTESIAN_POINT ( 'NONE',  ( -0.08575302366997948600, -0.08035167800260782600, 0.7006280087531818700 ) ) ;
#1385 = UNCERTAINTY_MEASURE_WITH_UNIT (LENGTH_MEASURE( 1.000000000000000100E-005 ), #421, 'distance_accuracy_value', 'NONE');
#1386 = CARTESIAN_POINT ( 'NONE',  ( 0.1199423929102601800, 0.08792635955512627400, -0.7332553620005182200 ) ) ;
#1387 = CARTESIAN_POINT ( 'NONE',  ( 0.1479008307754741700, 0.03043347288518184800, 0.7281308865547128100 ) ) ;
#1388 = CARTESIAN_POINT ( 'NONE',  ( -0.1163932098436446500, 0.01629395110979817500, -0.6939320452248343200 ) ) ;
#1389 = CARTESIAN_POINT ( 'NONE',  ( 0.1070709983551506500, -0.04854722745066224200, -0.6961927612141294300 ) ) ;
#1390 = DIRECTION ( 'NONE',  ( -0.0000000000000000000, 1.000000000000000000, -0.0000000000000000000 ) ) ;
#1391 = CARTESIAN_POINT ( 'NONE',  ( 0.04130175888550895200, 0.1100063892200455500, -0.7066760549213314500 ) ) ;
#1392 = CARTESIAN_POINT ( 'NONE',  ( 0.1415732004046391400, -0.05090838634103729600, 0.7293879311558972800 ) ) ;
#1393 = CARTESIAN_POINT ( 'NONE',  ( -0.07164648394926237400, 0.09313875961724670000, 0.7030116529311234400 ) ) ;
#1394 = CARTESIAN_POINT ( 'NONE',  ( -0.06713348133647606400, 0.1296203383939629700, 0.7400176703382372900 ) ) ;
#1395 = CARTESIAN_POINT ( 'NONE',  ( -0.1512839845667663700, -0.004736787586450151600, -0.7274353280584233700 ) ) ;
#1396 = ADVANCED_FACE ( 'NONE', ( #3066 ), #3833, .F. ) ;
#1397 = CARTESIAN_POINT ( 'NONE',  ( 0.05954944354221766700, -0.1012968141644774300, -0.7047105891372652500 ) ) ;
#1398 = CARTESIAN_POINT ( 'NONE',  ( -0.1092648104412553700, -0.04325751196485593000, 0.6956769734145896700 ) ) ;
#1399 = COLOUR_RGB ( '',0.9019607843137255100, 0.9019607843137255100, 0.9019607843137255100 ) ;
#1400 = CARTESIAN_POINT ( 'NONE',  ( 0.07562078293879941100, 0.1249658710908957000, -0.7391448198446853900 ) ) ;
#1401 = CARTESIAN_POINT ( 'NONE',  ( 0.1167349416631117800, -0.01352640169647965700, 0.6938450135207662200 ) ) ;
#1402 = ORIENTED_EDGE ( 'NONE', *, *, #288, .T. ) ;
#1403 = CARTESIAN_POINT ( 'NONE',  ( -0.1058362082999715600, 0.05104779403095707100, -0.6964751139515399400 ) ) ;
#1404 = CARTESIAN_POINT ( 'NONE',  ( 0.04941337390779621000, 0.1066090298272929500, 0.7058908547511492100 ) ) ;
#1405 = CARTESIAN_POINT ( 'NONE',  ( 0.06445737751905385200, 0.09824331998130279900, -0.7040589166981386900 ) ) ;
#1406 = CARTESIAN_POINT ( 'NONE',  ( 0.1137303405592160800, -0.09515857307462789700, 0.7342460559194223800 ) ) ;
#1407 = EDGE_LOOP ( 'NONE', ( #3445, #1413, #3707, #3300 ) ) ;
#1408 = CARTESIAN_POINT ( 'NONE',  ( -0.08490099645340966300, 0.08127120001422082100, 0.7007863651628430900 ) ) ;
#1409 = STYLED_ITEM ( 'NONE', ( #3777 ), #182 ) ;
#1410 = CARTESIAN_POINT ( 'NONE',  ( 0.01980465628038042800, -0.1430964807194083400, 0.7427526654598066700 ) ) ;
#1411 = CARTESIAN_POINT ( 'NONE',  ( -0.1303481240607589600, -0.07323180351519087400, -0.7314771295119035800 ) ) ;
#1412 = CARTESIAN_POINT ( 'NONE',  ( 0.02940765841728116100, -0.1137876589037449400, -0.7075775043411203200 ) ) ;
#1413 = ORIENTED_EDGE ( 'NONE', *, *, #1843, .T. ) ;
#1414 = CARTESIAN_POINT ( 'NONE',  ( -0.1500208520176740900, -0.01876116582100173900, 0.7276969721913743000 ) ) ;
#1415 = CARTESIAN_POINT ( 'NONE',  ( -0.1175020162224193100, -0.001792145265857698200, 0.6936497758440105500 ) ) ;
#1416 = CARTESIAN_POINT ( 'NONE',  ( 0.01971486929779194300, 0.1431059379260620500, -0.7427546618430710400 ) ) ;
#1417 = DIRECTION ( 'NONE',  ( 1.000000000000000000, 0.0000000000000000000, 0.0000000000000000000 ) ) ;
#1418 = CARTESIAN_POINT ( 'NONE',  ( -0.09568747767215581000, 0.06821879978702000100, -0.6986860876058592600 ) ) ;
#1419 = ADVANCED_FACE ( 'NONE', ( #2076, #2606 ), #612, .F. ) ;
#1420 = CARTESIAN_POINT ( 'NONE',  ( 0.07974526642442092400, 0.08630265975980915000, -0.7016952222143138000 ) ) ;
#1421 = CARTESIAN_POINT ( 'NONE',  ( 0.03927916063019963600, -0.1393907593003118600, 0.7419760636169668900 ) ) ;
#1422 = CARTESIAN_POINT ( 'NONE',  ( 0.1053287859265164000, 0.05211298769372439000, -0.6965915574075046700 ) ) ;
#1423 = PRODUCT_DEFINITION ( 'UNKNOWN', '', #1617, #1285 ) ;
#1424 = CARTESIAN_POINT ( 'NONE',  ( -0.09585739277138445600, 0.06796340586833048100, 0.6986500290473077700 ) ) ;
#1425 = CARTESIAN_POINT ( 'NONE',  ( 0.09989303204878329000, -0.1087516433460222300, 0.7362885652939127300 ) ) ;
#1426 = CARTESIAN_POINT ( 'NONE',  ( -0.1052577822758346000, -0.1036441403082244800, -0.7355086050189126900 ) ) ;
#1427 = CARTESIAN_POINT ( 'NONE',  ( -0.1472981486214761400, 0.03298479689509634100, 0.7282531435755582600 ) ) ;
#1428 = CARTESIAN_POINT ( 'NONE',  ( -0.1070211173723423900, 0.04865576858949469100, 0.6962043069586625300 ) ) ;
#1429 = CARTESIAN_POINT ( 'NONE',  ( -0.02680376316626077400, 0.1144664577894858900, -0.7077427323063394400 ) ) ;
#1430 = LENGTH_MEASURE_WITH_UNIT ( LENGTH_MEASURE( 0.02539999999999999900 ), #417 );
#1431 = EDGE_CURVE ( 'NONE', #2081, #150, #2496, .T. ) ;
#1432 = LENGTH_MEASURE_WITH_UNIT ( LENGTH_MEASURE( 0.02539999999999999900 ), #1283 );
#1433 = CARTESIAN_POINT ( 'NONE',  ( -0.08400573081829433600, 0.08216362042887624700, -0.7009460229941457700 ) ) ;
#1434 = PRESENTATION_STYLE_ASSIGNMENT (( #83 ) ) ;
#1435 = CARTESIAN_POINT ( 'NONE',  ( 0.09339187187377411000, 0.07132968760185361100, -0.6991541731644617100 ) ) ;
#1436 = CARTESIAN_POINT ( 'NONE',  ( -0.01975832559576419200, -0.1430426425901094300, 0.7427413165682045200 ) ) ;
#1437 = CARTESIAN_POINT ( 'NONE',  ( -0.1066138098695875000, 0.04940308938980572000, 0.6962963410224464200 ) ) ;
#1438 = CARTESIAN_POINT ( 'NONE',  ( -0.06925833857976945700, -0.1282753109707167300, -0.7397682344478844200 ) ) ;
#1439 = FILL_AREA_STYLE ('',( #2675 ) ) ;
#1440 = CARTESIAN_POINT ( 'NONE',  ( -0.1199087041642555300, 0.08799149516206455900, 0.7332619756673239800 ) ) ;
#1441 = CARTESIAN_POINT ( 'NONE',  ( -0.08029205246825937800, 0.08580868913087817700, 0.7016031136853604400 ) ) ;
#1442 = CARTESIAN_POINT ( 'NONE',  ( -0.06376661020838073100, 0.09871028039649619400, -0.7041562715910696400 ) ) ;
#1443 = AXIS2_PLACEMENT_3D ( 'NONE', #2114, #2424, #4011 ) ;
#1444 = CARTESIAN_POINT ( 'NONE',  ( -0.06903004347474037100, 0.09508952332044855200, -0.7034055233169812500 ) ) ;
#1445 = FACE_OUTER_BOUND ( 'NONE', #3959, .T. ) ;
#1446 = CARTESIAN_POINT ( 'NONE',  ( 0.1045300601642021300, 0.05370002420978903200, -0.6967731191462824800 ) ) ;
#1447 = CARTESIAN_POINT ( 'NONE',  ( -0.07357382950399631000, -0.1260722503979829200, 0.7393515788921498600 ) ) ;
#1448 = CARTESIAN_POINT ( 'NONE',  ( -0.1148414644869008400, 0.02487070573422516000, 0.6943212004709853300 ) ) ;
#1449 = CARTESIAN_POINT ( 'NONE',  ( 0.0000000000000000000, 1.989999999999999800, 0.0000000000000000000 ) ) ;
#1450 = CARTESIAN_POINT ( 'NONE',  ( -0.01969122269426495600, -0.1430512188345739700, -0.7427431329209760500 ) ) ;
#1451 = ORIENTED_EDGE ( 'NONE', *, *, #1571, .F. ) ;
#1452 = CARTESIAN_POINT ( 'NONE',  ( -0.07565710680612652800, 0.1250117415574999400, 0.7391508897214180700 ) ) ;
#1453 = CARTESIAN_POINT ( 'NONE',  ( -0.04138356642888570800, 0.1099754102996668600, 0.7066689925115722200 ) ) ;
#1454 = VERTEX_POINT ( 'NONE', #2187 ) ;
#1455 = CARTESIAN_POINT ( 'NONE',  ( -0.09326785087883361600, 0.07156781348530605300, -0.6991840004389923100 ) ) ;
#1456 = STYLED_ITEM ( 'NONE', ( #3090 ), #1109 ) ;
#1457 = CARTESIAN_POINT ( 'NONE',  ( -0.05197768398664347200, 0.1053959235160957500, -0.7056156931396389000 ) ) ;
#1458 = VERTEX_POINT ( 'NONE', #922 ) ;
#1459 = B_SPLINE_SURFACE_WITH_KNOTS ( 'NONE', 1, 3, ( 
 ( #133, #3567, #1693, #3878, #2006, #149, #2311, #465, #2629, #764, #2948, #1076, #3254, #1392, #3584, #1709, #3894, #2021, #163, #2326, #482, #2642, #779, #2961, #1092, #3269, #1406, #3598, #1724, #3911, #2031, #176, #2341, #494, #2653, #792, #2977, #1104, #3284, #1421, #3613, #1742, #3924, #2044, #190, #2356, #506, #2668, #810, #2992, #1120, #3296, #1436, #3629, #1756, #3936, #2055, #207, #2369, #520, #2683, #821, #3006, #1132, #3312, #1447, #3641, #1769, #3951, #2068, #218, #2382, #532, #2697, #836, #3018, #1145, #3324, #1461, #3651, #1782, #3965, #2080, #228, #2392, #548, #2710, #846, #3030, #1157, #3338, #1470, #3662, #1794, #3977, #2092, #237, #2403, #3274, #1414, #3606, #1732, #3916, #2037, #184, #2346, #501, #2660, #799, #2985, #1111, #3289, #1427, #3623, #1747, #3931, #2049, #198, #2361, #514, #2677, #814, #2997, #1127, #3303, #1440, #3633, #1764, #3943, #2061, #212, #2375, #525, #2688, #829, #3011, #1139, #3319, #1452, #3644, #1774, #3960, #2073, #222, #2387, #540, #2702, #841, #3025, #1151, #3330, #1466, #3655, #1789, #3970, #2087, #233, #2399, #552, #2714, #849, #3035, #1163, #3343, #1475, #3668, #1800, #3981, #2096, #245, #2408, #559, #2725, #860, #3042, #1172, #3354, #1484, #3678, #1810, #3993, #2107, #256, #2419, #566, #2733, #872, #3051, #1179, #3363, #1495, #3688, #1818, #4004, #2119, #266, #2430, #579, #2745, #881, #3064, #1190, #3376, #1506, #3703, #1829, #4017, #2134 ),
 ( #278, #2445, #591, #2761, #899, #3077, #1205, #3390, #1520, #3715, #1841, #4033, #2146, #293, #2456, #603, #2773, #913, #3088, #1218, #3404, #1536, #3728, #1855, #4049, #2164, #307, #2473, #617, #2790, #926, #3103, #1235, #3417, #1551, #3743, #1869, #3, #2178, #321, #2485, #631, #2801, #940, #3113, #1249, #3429, #1562, #3755, #1879, #15, #2191, #333, #2498, #641, #2814, #949, #3126, #1259, #3440, #2601, #740, #2922, #1049, #3225, #1370, #3555, #1683, #3868, #1997, #139, #2304, #454, #2617, #753, #2936, #1068, #3241, #1384, #3573, #1697, #3884, #2011, #154, #2316, #472, #2633, #769, #2952, #1082, #3261, #1398, #3589, #1716, #3902, #2025, #168, #2336, #487, #2647, #786, #2968, #1097, #3275, #1415, #3607, #1733, #3917, #2038, #185, #2347, #502, #2661, #800, #2986, #1112, #3290, #1428, #3624, #1748, #3932, #2050, #199, #2362, #515, #2678, #815, #2998, #1128, #3304, #1441, #3634, #1765, #3944, #2062, #213, #2376, #526, #2689, #830, #3013, #1140, #3320, #1453, #3645, #1775, #3961, #2074, #223, #2388, #541, #2704, #842, #3026, #1152, #3331, #1467, #3656, #1790, #3971, #2088, #234, #2400, #553, #2715, #850, #3036, #1164, #3344, #1476, #3669, #1801, #3982, #2097, #246, #2409, #560, #2726, #861, #3043, #1173, #3355, #1485, #3679, #1811, #3994, #2108, #257, #2420, #567, #2734, #873, #3052, #1180, #3364, #1496, #3689, #1819, #4005, #2120, #267, #2431, #580, #2746, #882, #3065, #1191, #3377 ) ),
 .UNSPECIFIED., .F., .T., .F.,
 ( 2, 2 ),
 ( 4, 2, 2, 2, 2, 2, 2, 2, 2, 2, 2, 2, 2, 2, 2, 2, 2, 2, 2, 2, 2, 2, 2, 2, 2, 2, 2, 2, 2, 2, 2, 2, 2, 2, 2, 2, 2, 2, 2, 2, 2, 2, 2, 2, 2, 2, 2, 2, 2, 2, 2, 2, 2, 2, 2, 2, 2, 2, 2, 2, 2, 2, 2, 2, 2, 2, 2, 2, 2, 2, 2, 2, 2, 2, 2, 2, 2, 2, 2, 2, 2, 2, 2, 2, 2, 2, 2, 2, 2, 2, 2, 2, 2, 2, 2, 2, 2, 2, 2, 2, 2, 2, 2, 4 ),
 ( 0.0000000000000000000, 1.000000000000000000 ),
 ( 0.0009253354795578892800, 0.001104725173357376200, 0.001284114867156862900, 0.001463504560956349500, 0.001642894254755836400, 0.002001673642354809800, 0.002181063336154296700, 0.002360453029953783600, 0.002539842723753270500, 0.002719232417552757400, 0.003078011805151730700, 0.003257401498951217200, 0.003436791192750704100, 0.003616180886550191000, 0.003795570580349677900, 0.004154349967948651700, 0.004513129355547625500, 0.004871908743146599300, 0.005230688130745572200, 0.005589467518344545100, 0.005948246905943518900, 0.006127636599743005800, 0.006307026293542492700, 0.006486415987341979600, 0.006665805681141466500, 0.007024585068740440300, 0.007203974762539927200, 0.007383364456339414100, 0.007562754150138901000, 0.007742143843938387900, 0.008100923231537361700, 0.008280312925336848600, 0.008459702619136335400, 0.008639092312935822300, 0.008818482006735309200, 0.008997871700534796100, 0.009177261394334283000, 0.009356651088133768200, 0.009536040781933255100, 0.009715430475732742000, 0.009805125322632484600, 0.009894820169532227100, 0.01025359955713120100, 0.01061237894473017500, 0.01079176863852966200, 0.01097115833232914900, 0.01115054802612863500, 0.01132993771992812200, 0.01168871710752709600, 0.01186810680132658300, 0.01204749649512607000, 0.01222688618892555700, 0.01240627588272504400, 0.01276505527032401700, 0.01294444496412350400, 0.01312383465792299100, 0.01330322435172247800, 0.01348261404552196500, 0.01384139343312093900, 0.01420017282071991300, 0.01437956251451940000, 0.01455895220831888600, 0.01473834190211837300, 0.01491773159591786000, 0.01527651098351683200, 0.01545590067731631900, 0.01563529037111580400, 0.01581468006491529300, 0.01599406975871477800, 0.01635284914631375200, 0.01671162853391272600, 0.01680132338081246800, 0.01689101822771221100, 0.01707040792151170000, 0.01724979761531118800, 0.01742918730911067300, 0.01778796669670964700, 0.01796735639050913600, 0.01814674608430862100, 0.01832613577810810600, 0.01850552547190759500, 0.01886430485950656800, 0.01904369455330605400, 0.01922308424710554200, 0.01940247394090503100, 0.01958186363470451600, 0.01994064302230349000, 0.02012003271610297800, 0.02029942240990246400, 0.02047881210370194900, 0.02065820179750143700, 0.02101698118510041100, 0.02137576057269938500, 0.02155515026649887400, 0.02173453996029835900, 0.02191392965409784400, 0.02209331934789733300, 0.02245209873549630600, 0.02281087812309528000, 0.02299026781689476900, 0.02316965751069425400, 0.02334904720449373900, 0.02352843689829322400, 0.02388721628589219800 ),
 .UNSPECIFIED. ) ;
#1460 = CARTESIAN_POINT ( 'NONE',  ( 0.1167607275445904900, 0.01529927317242975100, -0.6938410470687265100 ) ) ;
#1461 = CARTESIAN_POINT ( 'NONE',  ( -0.1104096491586202800, -0.09865039549879818500, 0.7347527199790872000 ) ) ;
#1462 =( LENGTH_UNIT ( ) NAMED_UNIT ( * ) SI_UNIT ( $, .METRE. ) );
#1463 = CARTESIAN_POINT ( 'NONE',  ( 0.1461781097699947100, 0.03746600787248690500, -0.7284800218704651200 ) ) ;
#1464 = CARTESIAN_POINT ( 'NONE',  ( 0.03457789357935085000, -0.1404601632723913000, -0.7421989206553583100 ) ) ;
#1465 = CARTESIAN_POINT ( 'NONE',  ( -0.1144981581372158500, -0.02664607290551640500, 0.6944071900702470900 ) ) ;
#1466 = CARTESIAN_POINT ( 'NONE',  ( -0.02464014892710214600, 0.1424100740896723200, 0.7426071068381113700 ) ) ;
#1467 = CARTESIAN_POINT ( 'NONE',  ( -0.001850623407428567300, 0.1175014816100886200, 0.7084926241112499100 ) ) ;
#1468 = CARTESIAN_POINT ( 'NONE',  ( -0.1134913745563961700, 0.03048999083328707600, -0.6946558800852104000 ) ) ;
#1469 = CARTESIAN_POINT ( 'NONE',  ( -0.007629695176594098400, 0.1174999999999999400, -0.7084922587058045700 ) ) ;
#1470 = CARTESIAN_POINT ( 'NONE',  ( -0.1406817960452350900, -0.05310866891278161200, 0.7295605400543697700 ) ) ;
#1471 = SURFACE_STYLE_USAGE ( .BOTH. , #3339 ) ;
#1472 = SURFACE_STYLE_USAGE ( .BOTH. , #1798 ) ;
#1473 = CONICAL_SURFACE ( 'NONE', #1295, 0.1249999999999998300, 0.7853981633974525000 ) ;
#1474 = CARTESIAN_POINT ( 'NONE',  ( 0.08836418328427808600, -0.1171879263445176900, -0.7377383410063694800 ) ) ;
#1475 = CARTESIAN_POINT ( 'NONE',  ( 0.03447292805043559300, 0.1404833757160696100, 0.7422037564144934300 ) ) ;
#1476 = CARTESIAN_POINT ( 'NONE',  ( 0.04155995062136279300, 0.1099215093241818900, 0.7066560394826321100 ) ) ;
#1477 = CARTESIAN_POINT ( 'NONE',  ( -0.1144709690419880300, -0.02679126203380056300, -0.6944139691150049700 ) ) ;
#1478 = DIRECTION ( 'NONE',  ( 0.0000000000000000000, 1.000000000000000000, 0.0000000000000000000 ) ) ;
#1479 =( NAMED_UNIT ( * ) PLANE_ANGLE_UNIT ( ) SI_UNIT ( $, .RADIAN. ) );
#1480 = STYLED_ITEM ( 'NONE', ( #2694 ), #3247 ) ;
#1481 =( LENGTH_UNIT ( ) NAMED_UNIT ( * ) SI_UNIT ( $, .METRE. ) );
#1482 = DIRECTION ( 'NONE',  ( 0.0000000000000000000, 0.0000000000000000000, -1.000000000000000000 ) ) ;
#1483 = CARTESIAN_POINT ( 'NONE',  ( 0.1416050594742513400, -0.05082877600353510200, -0.7293817544024235900 ) ) ;
#1484 = CARTESIAN_POINT ( 'NONE',  ( 0.08620573392921163100, 0.1185704376626748200, 0.7379849992179690100 ) ) ;
#1485 = CARTESIAN_POINT ( 'NONE',  ( 0.08044541080798636700, 0.08572842439300797100, 0.7015823930059704700 ) ) ;
#1486 = CARTESIAN_POINT ( 'NONE',  ( -0.09547409370877936500, -0.06851718386080629700, -0.6987299451421992200 ) ) ;
#1487 = AXIS2_PLACEMENT_3D ( 'NONE', #1917, #1023, #2589 ) ;
#1488 =( GEOMETRIC_REPRESENTATION_CONTEXT ( 3 ) GLOBAL_UNCERTAINTY_ASSIGNED_CONTEXT ( ( #932 ) ) GLOBAL_UNIT_ASSIGNED_CONTEXT ( ( #3210, #1355, #3534 ) ) REPRESENTATION_CONTEXT ( 'NONE', 'WORKASPACE' ) );
#1489 =( NAMED_UNIT ( * ) PLANE_ANGLE_UNIT ( ) SI_UNIT ( $, .RADIAN. ) );
#1490 = ORIENTED_EDGE ( 'NONE', *, *, #2881, .F. ) ;
#1491 = DIRECTION ( 'NONE',  ( -0.0000000000000000000, -1.000000000000000000, -0.0000000000000000000 ) ) ;
#1492 = CARTESIAN_POINT ( 'NONE',  ( 0.1512864628476361700, -0.002293510489484740400, -0.7274348123020600900 ) ) ;
#1493 = CARTESIAN_POINT ( 'NONE',  ( 0.07761190246245121300, 0.08830264632099613100, 0.7020649305331035900 ) ) ;
#1494 = VERTEX_POINT ( 'NONE', #1244 ) ;
#1495 = CARTESIAN_POINT ( 'NONE',  ( 0.1285123795360014800, 0.07615209669334280200, 0.7318027310012243900 ) ) ;
#1496 = CARTESIAN_POINT ( 'NONE',  ( 0.1100064371173217800, 0.04146654509117073100, 0.6955025723072658600 ) ) ;
#1497 = CARTESIAN_POINT ( 'NONE',  ( -0.06845843421625040500, -0.09551633051165145400, -0.7034918074110181300 ) ) ;
#1498 = ORIENTED_EDGE ( 'NONE', *, *, #2825, .T. ) ;
#1499 = CARTESIAN_POINT ( 'NONE',  ( -0.1092376729082991700, -0.04329407724558747400, 0.6956829779897401000 ) ) ;
#1500 =( NAMED_UNIT ( * ) PLANE_ANGLE_UNIT ( ) SI_UNIT ( $, .RADIAN. ) );
#1501 = EDGE_CURVE ( 'NONE', #710, #1289, #2900, .T. ) ;
#1502 = SURFACE_SIDE_STYLE ('',( #3381 ) ) ;
#1503 = CARTESIAN_POINT ( 'NONE',  ( 0.1135327307462609100, -0.03051688624331933700, 0.6946468534100693800 ) ) ;
#1504 = CARTESIAN_POINT ( 'NONE',  ( 0.1415307112537988500, 0.05101611775890092100, -0.7293961833955170400 ) ) ;
#1505 = CARTESIAN_POINT ( 'NONE',  ( 0.1070755282847188800, 0.04853578986291373600, 0.6961916817979879600 ) ) ;
#1506 = CARTESIAN_POINT ( 'NONE',  ( 0.1500154315570428300, 0.01879719924526565600, 0.7276980878586856200 ) ) ;
#1507 = STYLED_ITEM ( 'NONE', ( #3869 ), #3251 ) ;
#1508 = CARTESIAN_POINT ( 'NONE',  ( -0.02670781568976761000, -0.1144893634041621200, -0.7077483178043315600 ) ) ;
#1509 = CARTESIAN_POINT ( 'NONE',  ( -0.09818104943164822400, -0.06455216786958314900, 0.6981629356141811900 ) ) ;
#1510 = UNCERTAINTY_MEASURE_WITH_UNIT (LENGTH_MEASURE( 1.000000000000000100E-005 ), #1984, 'distance_accuracy_value', 'NONE');
#1511 = CARTESIAN_POINT ( 'NONE',  ( 0.1415732004046391400, -0.05090838634103729600, 0.7293879311558972800 ) ) ;
#1512 =( CONVERSION_BASED_UNIT ( 'INCH', #1526 ) LENGTH_UNIT ( ) NAMED_UNIT ( #3458 ) );
#1513 = UNCERTAINTY_MEASURE_WITH_UNIT (LENGTH_MEASURE( 1.000000000000000100E-005 ), #2699, 'distance_accuracy_value', 'NONE');
#1514 =( LENGTH_UNIT ( ) NAMED_UNIT ( * ) SI_UNIT ( $, .METRE. ) );
#1515 = AXIS2_PLACEMENT_3D ( 'NONE', #197, #2360, #513 ) ;
#1516 = FILL_AREA_STYLE ('',( #1614 ) ) ;
#1517 = CARTESIAN_POINT ( 'NONE',  ( 0.09320651525548316600, -0.07157133304318411000, 0.6991912786586422800 ) ) ;
#1518 = CARTESIAN_POINT ( 'NONE',  ( 0.1176330207095283300, 0.09071891440186989600, -0.7336294122089420700 ) ) ;
#1519 = CARTESIAN_POINT ( 'NONE',  ( 0.1174999999999999900, 2.667820306312757000E-019, 0.6936502913514053200 ) ) ;
#1520 = CARTESIAN_POINT ( 'NONE',  ( 0.1155963280856524400, -0.02115238828546407000, 0.6941324143471986300 ) ) ;
#1521 =( NAMED_UNIT ( * ) PLANE_ANGLE_UNIT ( ) SI_UNIT ( $, .RADIAN. ) );
#1522 = CARTESIAN_POINT ( 'NONE',  ( 0.01925236537017283700, -0.1159280267177320200, -0.7081017256063417700 ) ) ;
#1523 = EDGE_CURVE ( 'NONE', #1458, #2618, #517, .T. ) ;
#1524 = MECHANICAL_DESIGN_GEOMETRIC_PRESENTATION_REPRESENTATION (  '', ( #921 ), #1754 ) ;
#1525 = CARTESIAN_POINT ( 'NONE',  ( -0.08635647093246212600, -0.07968772635261911500, 0.7005155840725733100 ) ) ;
#1526 = LENGTH_MEASURE_WITH_UNIT ( LENGTH_MEASURE( 0.02539999999999999900 ), #3382 );
#1527 = CARTESIAN_POINT ( 'NONE',  ( 0.1137303405592160800, -0.09515857307462789700, 0.7342460559194223800 ) ) ;
#1528 = CARTESIAN_POINT ( 'NONE',  ( -0.01908106184020031200, -0.1159444508126724300, -0.7081056949082542600 ) ) ;
#1529 = STYLED_ITEM ( 'NONE', ( #434 ), #136 ) ;
#1530 = CIRCLE ( 'NONE', #2285, 0.4873205080756878900 ) ;
#1531 =( NAMED_UNIT ( * ) SI_UNIT ( $, .STERADIAN. ) SOLID_ANGLE_UNIT ( ) );
#1532 = CARTESIAN_POINT ( 'NONE',  ( 0.09230176570611844900, 0.1146884172601244200, -0.7372912295601596900 ) ) ;
#1533 = CARTESIAN_POINT ( 'NONE',  ( 0.04852574435323008700, -0.1070804031962271400, 0.7059964159258570500 ) ) ;
#1534 = CARTESIAN_POINT ( 'NONE',  ( 0.07562078293879941100, 0.1249658710908957000, -0.7391448198446853900 ) ) ;
#1535 = CARTESIAN_POINT ( 'NONE',  ( -4.490253167922298400E-017, 0.1175000000000000200, -0.7084922537182735100 ) ) ;
#1536 = CARTESIAN_POINT ( 'NONE',  ( 0.09658853048387755500, -0.06693695064505268700, 0.6984988492421589900 ) ) ;
#1537 = UNCERTAINTY_MEASURE_WITH_UNIT (LENGTH_MEASURE( 1.000000000000000100E-005 ), #1512, 'distance_accuracy_value', 'NONE');
#1538 = EDGE_LOOP ( 'NONE', ( #1300, #3057 ) ) ;
#1539 = CARTESIAN_POINT ( 'NONE',  ( 0.05888147193615359000, -0.1017003810928224100, -0.7047975023592503200 ) ) ;
#1540 = CARTESIAN_POINT ( 'NONE',  ( -0.07127501864340107800, -0.09343320772104787800, 0.7030698721755167500 ) ) ;
#1541 = CARTESIAN_POINT ( 'NONE',  ( 0.03927916063019963600, -0.1393907593003118600, 0.7419760636169668900 ) ) ;
#1542 = ORIENTED_EDGE ( 'NONE', *, *, #1431, .T. ) ;
#1543 = CARTESIAN_POINT ( 'NONE',  ( -0.05372651507930741000, -0.1044985945927261000, -0.7054151784531548200 ) ) ;
#1544 = CARTESIAN_POINT ( 'NONE',  ( -0.04876998817127302400, -0.1366383570597511100, 0.7414127829460949200 ) ) ;
#1545 = ORIENTED_EDGE ( 'NONE', *, *, #187, .T. ) ;
#1546 = UNCERTAINTY_MEASURE_WITH_UNIT (LENGTH_MEASURE( 1.000000000000000100E-005 ), #3711, 'distance_accuracy_value', 'NONE');
#1547 = CARTESIAN_POINT ( 'NONE',  ( 0.1359413715627329500, -0.06400963764050267300, -0.7304683693457586500 ) ) ;
#1548 = CARTESIAN_POINT ( 'NONE',  ( -0.003854678555427070100, -0.1174994081583894800, 0.7084921046738051900 ) ) ;
#1549 = CARTESIAN_POINT ( 'NONE',  ( 0.01971486929779194300, 0.1431059379260620500, -0.7427546618430710400 ) ) ;
#1550 = DIRECTION ( 'NONE',  ( 0.0000000000000000000, 0.0000000000000000000, -1.000000000000000000 ) ) ;
#1551 = CARTESIAN_POINT ( 'NONE',  ( 0.05884789584579733200, -0.1017752817442300900, 0.7048113603587228300 ) ) ;
#1552 = EDGE_CURVE ( 'NONE', #2716, #1357, #1339, .T. ) ;
#1553 = CARTESIAN_POINT ( 'NONE',  ( 0.1054299028520508200, -0.05201343210931826800, -0.6965713762214844600 ) ) ;
#1554 = CARTESIAN_POINT ( 'NONE',  ( -0.05185366611227714600, -0.1054567909762691600, 0.7056294010294721400 ) ) ;
#1555 = MECHANICAL_DESIGN_GEOMETRIC_PRESENTATION_REPRESENTATION (  '', ( #726 ), #1783 ) ;
#1556 = AXIS2_PLACEMENT_3D ( 'NONE', #2796, #936, #3110 ) ;
#1557 = CARTESIAN_POINT ( 'NONE',  ( -0.1378101736214318900, 0.05956185607624178000, -0.7301085669053886100 ) ) ;
#1558 = CARTESIAN_POINT ( 'NONE',  ( -0.07172445753523311300, -0.09307871174469872800, -0.7029996628658615700 ) ) ;
#1559 = CARTESIAN_POINT ( 'NONE',  ( -0.09411097403823315300, -0.1129723676954657400, 0.7370181781988417400 ) ) ;
#1560 = CARTESIAN_POINT ( 'NONE',  ( -0.04854532993814956300, -0.1070200543516704900, 0.7059841428871871400 ) ) ;
#1561 = CARTESIAN_POINT ( 'NONE',  ( -0.1311955404146990200, 0.07244290281342209700, -0.7313463967119905300 ) ) ;
#1562 = CARTESIAN_POINT ( 'NONE',  ( 0.003819107095015713100, -0.1174536491890255100, 0.7084806599736586100 ) ) ;
#1563 = COLOUR_RGB ( '',1.000000000000000000, 1.000000000000000000, 1.000000000000000000 ) ;
#1564 = CARTESIAN_POINT ( 'NONE',  ( -0.007577102402764176700, -0.1175029531930148800, 0.7084929742787632300 ) ) ;
#1565 = CARTESIAN_POINT ( 'NONE',  ( -0.1378488042542587400, -0.05961921838412623900, -0.7301030098503208400 ) ) ;
#1566 = CARTESIAN_POINT ( 'NONE',  ( -0.08650854710302008400, -0.07953722959731375500, -0.7004884900223362600 ) ) ;
#1567 = CARTESIAN_POINT ( 'NONE',  ( -0.1285021948178971000, -0.07627553509426486500, 0.7318086405045372000 ) ) ;
#1568 = DIRECTION ( 'NONE',  ( 0.0000000000000000000, -0.4461978131098082200, -0.8949343616020252200 ) ) ;
#1569 = CARTESIAN_POINT ( 'NONE',  ( -0.08032440287044906300, -0.08577817433059355100, 0.7015975065340797100 ) ) ;
#1570 = CARTESIAN_POINT ( 'NONE',  ( -0.07157420845820300400, 0.09320428632273551600, -0.7030242091560173800 ) ) ;
#1571 = EDGE_CURVE ( 'NONE', #2618, #3836, #1978, .T. ) ;
#1572 = CARTESIAN_POINT ( 'NONE',  ( -0.1313180939079758000, -0.07225537077192992200, -0.7313248731851446100 ) ) ;
#1573 = SURFACE_STYLE_FILL_AREA ( #3661 ) ;
#1574 = CARTESIAN_POINT ( 'NONE',  ( 0.04318270843587220700, -0.1092816642638956400, 0.7065066857549201500 ) ) ;
#1575 = COLOUR_RGB ( '',0.9019607843137255100, 0.9019607843137255100, 0.9019607843137255100 ) ;
#1576 = CARTESIAN_POINT ( 'NONE',  ( -0.1137498528112664700, -0.09513667419580343300, -0.7342429870953259800 ) ) ;
#1577 = CARTESIAN_POINT ( 'NONE',  ( -0.09667997030034031200, -0.06677892733212087400, -0.6984786437631870200 ) ) ;
#1578 = DIMENSIONAL_EXPONENTS ( 1.000000000000000000, 0.0000000000000000000, 0.0000000000000000000, 0.0000000000000000000, 0.0000000000000000000, 0.0000000000000000000, 0.0000000000000000000 ) ;
#1579 = CARTESIAN_POINT ( 'NONE',  ( -0.1492898913120005400, -0.02347081092049125400, 0.7278472830366963200 ) ) ;
#1580 = FILL_AREA_STYLE ('',( #377 ) ) ;
#1581 = CARTESIAN_POINT ( 'NONE',  ( -0.1053469501699901600, -0.05207657530269301600, 0.6965874225586328200 ) ) ;
#1582 = CARTESIAN_POINT ( 'NONE',  ( -0.09975856065218184600, 0.06211416662024853800, -0.6978267771017094800 ) ) ;
#1583 = CARTESIAN_POINT ( 'NONE',  ( -0.02479558167178893400, -0.1423866901888080600, -0.7426021328618640500 ) ) ;
#1584 = ORIENTED_EDGE ( 'NONE', *, *, #2179, .F. ) ;
#1585 = ORIENTED_EDGE ( 'NONE', *, *, #2881, .T. ) ;
#1586 = CARTESIAN_POINT ( 'NONE',  ( 0.06451483330109908400, -0.09820559519670960000, 0.7040509825099249300 ) ) ;
#1587 = ORIENTED_EDGE ( 'NONE', *, *, #3243, .T. ) ;
#1588 = CARTESIAN_POINT ( 'NONE',  ( -0.06925833857976945700, -0.1282753109707167300, -0.7397682344478844200 ) ) ;
#1589 = CARTESIAN_POINT ( 'NONE',  ( -0.1070573571701562400, -0.04843404147440093900, -0.6961937080382704100 ) ) ;
#1590 = CARTESIAN_POINT ( 'NONE',  ( -0.1478504503703978500, 0.03065665498466705100, 0.7281411236520608500 ) ) ;
#1591 = DIRECTION ( 'NONE',  ( 0.0000000000000000000, -1.000000000000000000, 0.0000000000000000000 ) ) ;
#1592 = CONICAL_SURFACE ( 'NONE', #3093, 0.09999999999999989500, 1.108284075016399800 ) ;
#1593 = CARTESIAN_POINT ( 'NONE',  ( -0.1171321317757227400, -0.009489645500531060700, 0.6937441063518918800 ) ) ;
#1594 = CARTESIAN_POINT ( 'NONE',  ( -0.1156040053664955200, 0.02111115592144885400, -0.6941304883979290100 ) ) ;
#1595 =( NAMED_UNIT ( * ) PLANE_ANGLE_UNIT ( ) SI_UNIT ( $, .RADIAN. ) );
#1596 = CARTESIAN_POINT ( 'NONE',  ( -0.09791505742655741400, 0.1099936496100586800, -0.7365224693532708100 ) ) ;
#1597 = CARTESIAN_POINT ( 'NONE',  ( 0.05873318898040193200, 0.1017858811861885300, -0.7048161227940087400 ) ) ;
#1598 = CARTESIAN_POINT ( 'NONE',  ( 0.07974493359755639700, -0.08630299313380057600, 0.7016952830696414600 ) ) ;
#1599 = AXIS2_PLACEMENT_3D ( 'NONE', #2919, #1979, #1482 ) ;
#1600 = CARTESIAN_POINT ( 'NONE',  ( -0.01720150896460399500, -0.1433429195048719900, -0.7428050283956833000 ) ) ;
#1601 = VECTOR ( 'NONE', #2090, 39.37007874015748100 ) ;
#1602 = CARTESIAN_POINT ( 'NONE',  ( 1.530808498934189400E-017, 1.949999999999999500, -0.1249999999999998300 ) ) ;
#1603 = CARTESIAN_POINT ( 'NONE',  ( -0.1228501869811908600, 0.08422125683356000700, 0.7327748999841152700 ) ) ;
#1604 = CARTESIAN_POINT ( 'NONE',  ( -0.06029118168188491600, 0.1323290077391843000, -0.7405533706296014700 ) ) ;
#1605 = CARTESIAN_POINT ( 'NONE',  ( -0.1129411437452640000, 0.03246912940455501400, 0.6947911487397804300 ) ) ;
#1606 = VECTOR ( 'NONE', #2566, 39.37007874015748900 ) ;
#1607 = CARTESIAN_POINT ( 'NONE',  ( -0.1099994484141796100, -0.04148540899307617100, -0.6955042456980822200 ) ) ;
#1608 = SURFACE_SIDE_STYLE ('',( #600 ) ) ;
#1609 = FACE_OUTER_BOUND ( 'NONE', #3841, .T. ) ;
#1610 = CARTESIAN_POINT ( 'NONE',  ( -0.07587339160450477800, -0.1251642016671094500, 0.7391626988743555900 ) ) ;
#1611 =( NAMED_UNIT ( * ) PLANE_ANGLE_UNIT ( ) SI_UNIT ( $, .RADIAN. ) );
#1612 = CARTESIAN_POINT ( 'NONE',  ( 0.06704368935743065800, 0.1294050453400888700, 0.7399819394590033700 ) ) ;
#1613 = CARTESIAN_POINT ( 'NONE',  ( -4.481938114605432000E-017, 0.1175000000000000800, -0.7084922537182735100 ) ) ;
#1614 = FILL_AREA_STYLE_COLOUR ( '', #141 ) ;
#1615 = CARTESIAN_POINT ( 'NONE',  ( 0.1172649678755653500, -0.007675245916432912000, -0.6937102501072666100 ) ) ;
#1616 = CARTESIAN_POINT ( 'NONE',  ( 0.01531215492884669200, 0.1165611367937722000, -0.7082583099985864100 ) ) ;
#1617 = PRODUCT_DEFINITION_FORMATION_WITH_SPECIFIED_SOURCE ( 'ANY', '', #3895, .NOT_KNOWN. ) ;
#1618 = CARTESIAN_POINT ( 'NONE',  ( 0.09217766601816930500, -0.07289754907414670900, 0.6993974137175944500 ) ) ;
#1619 = FACE_OUTER_BOUND ( 'NONE', #628, .T. ) ;
#1620 = CARTESIAN_POINT ( 'NONE',  ( 0.03940777848921256400, -0.1392985830756357500, -0.7419581196636787500 ) ) ;
#1621 = DIRECTION ( 'NONE',  ( 0.0000000000000000000, 0.0000000000000000000, -1.000000000000000000 ) ) ;
#1622 = PRESENTATION_STYLE_ASSIGNMENT (( #1199 ) ) ;
#1623 = CARTESIAN_POINT ( 'NONE',  ( -0.07987654961010964800, 0.1226019095079345800, 0.7387054461037393400 ) ) ;
#1624 = COLOUR_RGB ( '',0.9019607843137255100, 0.9019607843137255100, 0.9019607843137255100 ) ;
#1625 = CARTESIAN_POINT ( 'NONE',  ( -0.03929697041412001700, 0.1393863810738084400, -0.7419751536326835200 ) ) ;
#1626 = CARTESIAN_POINT ( 'NONE',  ( -0.08831382911180010700, 0.07759833529419417300, 0.7001529954413017200 ) ) ;
#1627 = CARTESIAN_POINT ( 'NONE',  ( -0.08959461943278687600, -0.07604406134413320400, -0.6999027972874484200 ) ) ;
#1628 = EDGE_CURVE ( 'NONE', #2081, #710, #3009, .T. ) ;
#1629 = CARTESIAN_POINT ( 'NONE',  ( -0.07579974066887999700, 0.1248669976501091700, -0.7391264498325420500 ) ) ;
#1630 = CARTESIAN_POINT ( 'NONE',  ( -0.1503179149249420400, -0.01884490738318909300, 0.7276382621395617300 ) ) ;
#1631 = CARTESIAN_POINT ( 'NONE',  ( 9.099125717664833900E-017, 2.000000000000000000, 0.7429999999999999900 ) ) ;
#1632 = CARTESIAN_POINT ( 'NONE',  ( 0.1512848552846968700, 7.603287872991357300E-018, 0.7274351466361026500 ) ) ;
#1633 = CARTESIAN_POINT ( 'NONE',  ( -0.1461236270283041100, 0.03743356366945989300, -0.7284897134648787900 ) ) ;
#1634 = FILL_AREA_STYLE ('',( #2671 ) ) ;
#1635 = CARTESIAN_POINT ( 'NONE',  ( 0.1033327715481424400, -0.05593603931043328300, 0.6970413385330225300 ) ) ;
#1636 = CARTESIAN_POINT ( 'NONE',  ( 0.1148475188972896500, 0.02489934290494307700, -0.6943197457939553900 ) ) ;
#1637 = ORIENTED_EDGE ( 'NONE', *, *, #1843, .F. ) ;
#1638 = CARTESIAN_POINT ( 'NONE',  ( 0.09232117510027587600, -0.1143794340374735800, -0.7372519688764130900 ) ) ;
#1639 =( NAMED_UNIT ( * ) SI_UNIT ( $, .STERADIAN. ) SOLID_ANGLE_UNIT ( ) );
#1640 = CARTESIAN_POINT ( 'NONE',  ( -0.03189867740489798300, 0.1410350105510728700, 0.7423188924678778600 ) ) ;
#1641 = DIMENSIONAL_EXPONENTS ( 1.000000000000000000, 0.0000000000000000000, 0.0000000000000000000, 0.0000000000000000000, 0.0000000000000000000, 0.0000000000000000000, 0.0000000000000000000 ) ;
#1642 = ORIENTED_EDGE ( 'NONE', *, *, #380, .F. ) ;
#1643 = CARTESIAN_POINT ( 'NONE',  ( -0.07365391215902518400, 0.1260294271840831600, -0.7393435596843549500 ) ) ;
#1644 = STYLED_ITEM ( 'NONE', ( #1622 ), #3619 ) ;
#1645 = CARTESIAN_POINT ( 'NONE',  ( -0.04854773751616314100, 0.1070711012116119700, 0.7059942606018433400 ) ) ;
#1646 = CARTESIAN_POINT ( 'NONE',  ( -0.05885155180902261500, -0.1017712634132602000, -0.7048105778417246300 ) ) ;
#1647 = CARTESIAN_POINT ( 'NONE',  ( -0.04638091564075760800, 0.1373319850460937000, -0.7415547227047499800 ) ) ;
#1648 = CARTESIAN_POINT ( 'NONE',  ( 0.09315692003957722100, 0.07161684953408209400, -0.6992001937749065000 ) ) ;
#1649 = DIRECTION ( 'NONE',  ( -0.0000000000000000000, 1.000000000000000000, -0.0000000000000000000 ) ) ;
#1650 = VERTEX_POINT ( 'NONE', #3492 ) ;
#1651 = DIRECTION ( 'NONE',  ( -0.0000000000000000000, -1.000000000000000000, -0.0000000000000000000 ) ) ;
#1652 = CARTESIAN_POINT ( 'NONE',  ( 0.1092825850806231200, -0.04318053092199535000, -0.6956723279477746700 ) ) ;
#1653 = CARTESIAN_POINT ( 'NONE',  ( 0.1150297576653335200, -0.02398672684154041700, 0.6942741573299011600 ) ) ;
#1654 = CARTESIAN_POINT ( 'NONE',  ( 0.1432886438558672300, -0.04634046048533856100, -0.7290528782784004800 ) ) ;
#1655 = SURFACE_STYLE_USAGE ( .BOTH. , #3522 ) ;
#1656 = DIMENSIONAL_EXPONENTS ( 1.000000000000000000, 0.0000000000000000000, 0.0000000000000000000, 0.0000000000000000000, 0.0000000000000000000, 0.0000000000000000000, 0.0000000000000000000 ) ;
#1657 = CARTESIAN_POINT ( 'NONE',  ( 0.03205859793544625600, 0.1410021070406805900, 0.7423120160833098800 ) ) ;
#1658 = CARTESIAN_POINT ( 'NONE',  ( 0.06681270299927559400, 0.09665666354540214400, 0.7037277876775865900 ) ) ;
#1659 = CARTESIAN_POINT ( 'NONE',  ( -0.009595595091331909200, 0.1171234180255465600, 0.7083982235480841300 ) ) ;
#1660 = PRESENTATION_LAYER_ASSIGNMENT (  '', '', ( #1456 ) ) ;
#1661 = CARTESIAN_POINT ( 'NONE',  ( -0.01529378907238516100, -0.1165165675774404000, -0.7082473165234917100 ) ) ;
#1662 = CARTESIAN_POINT ( 'NONE',  ( 0.1044665572107951700, 0.05382048264425932200, -0.6967873992925551800 ) ) ;
#1663 = SURFACE_SIDE_STYLE ('',( #1135 ) ) ;
#1664 = FILL_AREA_STYLE ('',( #1678 ) ) ;
#1665 = CARTESIAN_POINT ( 'NONE',  ( -0.1359047040497873000, 0.06407050642713345300, 0.7304750617471270600 ) ) ;
#1666 = CARTESIAN_POINT ( 'NONE',  ( 0.09881681213618141700, -0.06357466387169924400, -0.6980277453717542700 ) ) ;
#1667 = FACE_OUTER_BOUND ( 'NONE', #822, .T. ) ;
#1668 = CARTESIAN_POINT ( 'NONE',  ( 0.1171230755130225300, -0.009598832228962465200, -0.6937464107390231000 ) ) ;
#1669 = CARTESIAN_POINT ( 'NONE',  ( 0.1512195990304976100, 0.004853990581839237200, -0.7274487259937495500 ) ) ;
#1670 = SURFACE_STYLE_USAGE ( .BOTH. , #3538 ) ;
#1671 = COLOUR_RGB ( '',0.9019607843137255100, 0.9019607843137255100, 0.9019607843137255100 ) ;
#1672 = CARTESIAN_POINT ( 'NONE',  ( 0.08209110575729874900, 0.1211965294246360900, 0.7384540187409623900 ) ) ;
#1673 = CARTESIAN_POINT ( 'NONE',  ( 0.02483131634202539000, 0.1148500232197469400, 0.7078368728934597600 ) ) ;
#1674 = CARTESIAN_POINT ( 'NONE',  ( 0.03237082944713626900, 0.1129695838689059700, 0.7073803624430109500 ) ) ;
#1675 = CARTESIAN_POINT ( 'NONE',  ( 0.02685597634950073800, -0.1144061283727563600, -0.7077283795456095200 ) ) ;
#1676 = CARTESIAN_POINT ( 'NONE',  ( 0.09136327563890206400, 0.07389141180742642100, -0.6995568716688129700 ) ) ;
#1677 =( LENGTH_UNIT ( ) NAMED_UNIT ( * ) SI_UNIT ( $, .METRE. ) );
#1678 = FILL_AREA_STYLE_COLOUR ( '', #3326 ) ;
#1679 = CARTESIAN_POINT ( 'NONE',  ( -0.02199134832904509400, 0.1154273845217252500, 0.7079784817196807000 ) ) ;
#1680 = CARTESIAN_POINT ( 'NONE',  ( -4.490253167922298400E-017, 0.1175000000000000200, -0.7084922537182735100 ) ) ;
#1681 = ADVANCED_FACE ( 'NONE', ( #2816, #1619 ), #637, .F. ) ;
#1682 = CARTESIAN_POINT ( 'NONE',  ( 0.08907353880159124500, -0.07665408304268372900, -0.7000037170019617300 ) ) ;
#1683 = CARTESIAN_POINT ( 'NONE',  ( -0.06214223880755988200, -0.09974117639682310300, 0.7043753571629278700 ) ) ;
#1684 = CARTESIAN_POINT ( 'NONE',  ( 0.1387325025424981400, 0.05758189696435279300, -0.7299337157326484200 ) ) ;
#1685 = CARTESIAN_POINT ( 'NONE',  ( 0.0000000000000000000, 1.989999999999999800, 1.533216245000134500E-016 ) ) ;
#1686 = CARTESIAN_POINT ( 'NONE',  ( 0.1271853865103676800, 0.07815204666217424900, 0.7320347310803592100 ) ) ;
#1687 = DIMENSIONAL_EXPONENTS ( 1.000000000000000000, 0.0000000000000000000, 0.0000000000000000000, 0.0000000000000000000, 0.0000000000000000000, 0.0000000000000000000, 0.0000000000000000000 ) ;
#1688 = CARTESIAN_POINT ( 'NONE',  ( -0.09791505742655741400, 0.1099936496100586800, -0.7365224693532708100 ) ) ;
#1689 = CARTESIAN_POINT ( 'NONE',  ( 0.06863073978162873000, -0.09545067179709493300, -0.7034749661829792200 ) ) ;
#1690 = CARTESIAN_POINT ( 'NONE',  ( 0.05706183535661556200, 0.1027320320678086100, -0.7050231789869917400 ) ) ;
#1691 = CARTESIAN_POINT ( 'NONE',  ( 1.224646799147351700E-017, -1.489999999999999800, 0.09999999999999989500 ) ) ;
#1692 = PRESENTATION_STYLE_ASSIGNMENT (( #2756 ) ) ;
#1693 = CARTESIAN_POINT ( 'NONE',  ( 0.1512238811145625900, -0.004732484500480446500, 0.7274478355169644600 ) ) ;
#1694 = CARTESIAN_POINT ( 'NONE',  ( -0.05499243609027409900, 0.1038377769242862700, 0.7052681033427332700 ) ) ;
#1695 = ORIENTED_EDGE ( 'NONE', *, *, #1777, .T. ) ;
#1696 = CARTESIAN_POINT ( 'NONE',  ( 0.07475790049276691300, -0.09065050273760968900, -0.7025220337502839900 ) ) ;
#1697 = CARTESIAN_POINT ( 'NONE',  ( -0.08834052538242082000, -0.07747990904928268900, 0.7001418633789054900 ) ) ;
#1698 = ORIENTED_EDGE ( 'NONE', *, *, #390, .F. ) ;
#1699 = CARTESIAN_POINT ( 'NONE',  ( 0.1176330207095283300, 0.09071891440186989600, -0.7336294122089420700 ) ) ;
#1700 = DIRECTION ( 'NONE',  ( -0.0000000000000000000, 1.000000000000000000, -0.0000000000000000000 ) ) ;
#1701 = CARTESIAN_POINT ( 'NONE',  ( 0.1492910865244338200, 0.02346199715682926300, 0.7278470362216169500 ) ) ;
#1702 = CARTESIAN_POINT ( 'NONE',  ( -0.1155940980126641700, 0.02109990090063180700, -0.6941328936184144600 ) ) ;
#1703 = ADVANCED_FACE ( 'NONE', ( #2799 ), #1371, .T. ) ;
#1704 = CARTESIAN_POINT ( 'NONE',  ( 0.08645993333160795200, 0.07957517636365758800, 0.7004963129794170600 ) ) ;
#1705 = EDGE_LOOP ( 'NONE', ( #725, #915, #1695, #1585, #444, #2125, #2335, #92, #1162 ) ) ;
#1706 = CARTESIAN_POINT ( 'NONE',  ( 0.1130123982213361400, -0.03222053435999162200, -0.6947736812984602900 ) ) ;
#1707 = DIRECTION ( 'NONE',  ( 0.0000000000000000000, 0.0000000000000000000, 1.000000000000000000 ) ) ;
#1708 = CARTESIAN_POINT ( 'NONE',  ( 0.04416691100166017500, 0.1088870054155314900, -0.7064148891262714800 ) ) ;
#1709 = CARTESIAN_POINT ( 'NONE',  ( 0.1387685886562119700, -0.05750352843097469200, 0.7299268644789743700 ) ) ;
#1710 = STYLED_ITEM ( 'NONE', ( #1274 ), #3922 ) ;
#1711 = CARTESIAN_POINT ( 'NONE',  ( -0.07376325888290476100, 0.09146229714056380900, 0.7026805603618293500 ) ) ;
#1712 = AXIS2_PLACEMENT_3D ( 'NONE', #2222, #365, #2534 ) ;
#1713 = CARTESIAN_POINT ( 'NONE',  ( -0.05342306811343047700, 0.1350474777256949500, 0.7410910807556953000 ) ) ;
#1714 = CARTESIAN_POINT ( 'NONE',  ( -0.1500713327034651500, -0.01883616217866560700, -0.7276866349579744800 ) ) ;
#1715 = CARTESIAN_POINT ( 'NONE',  ( 0.05709830551889776700, -0.1026981517546731600, -0.7050163330590406600 ) ) ;
#1716 = CARTESIAN_POINT ( 'NONE',  ( -0.1112677970742573700, -0.03780815643594297900, 0.6951981221266514400 ) ) ;
#1717 = CARTESIAN_POINT ( 'NONE',  ( 0.06694019917322108200, 0.1294536922858180200, -0.7399912993215740400 ) ) ;
#1718 = CARTESIAN_POINT ( 'NONE',  ( 0.1159271290991189500, -0.01925791025946348500, 0.6940491845730000200 ) ) ;
#1719 = CARTESIAN_POINT ( 'NONE',  ( -0.1045204678452927200, 0.05368397467981782900, -0.6967743785436504300 ) ) ;
#1720 = CARTESIAN_POINT ( 'NONE',  ( 0.04683455485450088000, 0.1077666764349822100, 0.7061558364229227900 ) ) ;
#1721 = SURFACE_STYLE_FILL_AREA ( #1805 ) ;
#1722 = LENGTH_MEASURE_WITH_UNIT ( LENGTH_MEASURE( 0.02539999999999999900 ), #489 );
#1723 = CARTESIAN_POINT ( 'NONE',  ( 0.06673477228741421500, 0.09672483298247812300, -0.7037410607966830800 ) ) ;
#1724 = CARTESIAN_POINT ( 'NONE',  ( 0.1086669334265258100, -0.1003945232853902100, 0.7350126902826590300 ) ) ;
#1725 = CARTESIAN_POINT ( 'NONE',  ( -0.08835342672799784100, 0.07746505318390498100, 0.7001399311916760600 ) ) ;
#1726 = CIRCLE ( 'NONE', #1712, 0.7429999999999999900 ) ;
#1727 = CARTESIAN_POINT ( 'NONE',  ( -1.888210615029828500E-016, -0.1442586109336714000, -0.7429999999959128200 ) ) ;
#1728 = VECTOR ( 'NONE', #1217, 39.37007874015748900 ) ;
#1729 = CARTESIAN_POINT ( 'NONE',  ( -0.1270980163091799400, -0.07828059972930796800, -0.7320498898317131500 ) ) ;
#1730 = EDGE_CURVE ( 'NONE', #2271, #3657, #2999, .T. ) ;
#1731 = CARTESIAN_POINT ( 'NONE',  ( 0.02485531613126202800, -0.1148448131419405900, -0.7078356082066134000 ) ) ;
#1732 = CARTESIAN_POINT ( 'NONE',  ( -0.1508112136585434400, -0.01165074961765328300, 0.7275335309797493800 ) ) ;
#1733 = CARTESIAN_POINT ( 'NONE',  ( -0.1173038064978829300, 0.007799285350914737800, 0.6937005076367566100 ) ) ;
#1734 = PRESENTATION_STYLE_ASSIGNMENT (( #2846 ) ) ;
#1735 = CARTESIAN_POINT ( 'NONE',  ( 0.004952109966031228600, 0.1442586061247817800, -0.7429999973632750400 ) ) ;
#1736 = APPLICATION_CONTEXT ( 'automotive_design' ) ;
#1737 = PRESENTATION_LAYER_ASSIGNMENT (  '', '', ( #1507 ) ) ;
#1738 = CYLINDRICAL_SURFACE ( 'NONE', #2962, 0.7429999999999999900 ) ;
#1739 = CARTESIAN_POINT ( 'NONE',  ( -0.09309826555807226800, 0.07169906708474395300, -0.6992124483412327500 ) ) ;
#1740 = COLOUR_RGB ( '',0.9019607843137255100, 0.9019607843137255100, 0.9019607843137255100 ) ;
#1741 = CARTESIAN_POINT ( 'NONE',  ( 0.08213226175634519300, 0.08403737496652098600, -0.7012806913207396700 ) ) ;
#1742 = CARTESIAN_POINT ( 'NONE',  ( 0.02717226073188320000, -0.1419326298083362600, 0.7425070193869127700 ) ) ;
#1743 = CARTESIAN_POINT ( 'NONE',  ( 0.1112324333987640000, 0.03791240041741993800, -0.6952066577004300000 ) ) ;
#1744 = CARTESIAN_POINT ( 'NONE',  ( -0.09711310571359178800, 0.06614636190230466200, 0.6983879826781102000 ) ) ;
#1745 = CARTESIAN_POINT ( 'NONE',  ( 0.1209837039041821400, -0.08866209900892201000, 0.7332215356408281500 ) ) ;
#1746 = CARTESIAN_POINT ( 'NONE',  ( -0.02680376316626077400, 0.1144664577894858900, -0.7077427323063394400 ) ) ;
#1747 = CARTESIAN_POINT ( 'NONE',  ( -0.1454151879760915100, 0.03986341712933738600, 0.7286315704997562400 ) ) ;
#1748 = CARTESIAN_POINT ( 'NONE',  ( -0.1026499124152987400, 0.05720998583472034600, 0.6971942724291668700 ) ) ;
#1749 = CARTESIAN_POINT ( 'NONE',  ( -0.03602315365631245800, 0.1118581976898033900, -0.7071141005982719600 ) ) ;
#1750 = ORIENTED_EDGE ( 'NONE', *, *, #2344, .F. ) ;
#1751 = CARTESIAN_POINT ( 'NONE',  ( -0.07972289057138805300, 0.08633783369946361500, -0.7017005065308947700 ) ) ;
#1752 = ADVANCED_FACE ( 'NONE', ( #2152 ), #2748, .T. ) ;
#1753 = EDGE_CURVE ( 'NONE', #3189, #2974, #2591, .T. ) ;
#1754 =( GEOMETRIC_REPRESENTATION_CONTEXT ( 3 ) GLOBAL_UNCERTAINTY_ASSIGNED_CONTEXT ( ( #1513 ) ) GLOBAL_UNIT_ASSIGNED_CONTEXT ( ( #2699, #2384, #2070 ) ) REPRESENTATION_CONTEXT ( 'NONE', 'WORKASPACE' ) );
#1755 = CARTESIAN_POINT ( 'NONE',  ( 0.09592909209235277200, 0.06786231165850037400, -0.6986351978163920500 ) ) ;
#1756 = CARTESIAN_POINT ( 'NONE',  ( -0.02714987714449887400, -0.1419366129154013300, 0.7425078548578733000 ) ) ;
#1757 = ORIENTED_EDGE ( 'NONE', *, *, #3406, .F. ) ;
#1758 = CARTESIAN_POINT ( 'NONE',  ( -0.1077713933675792200, 0.04682369750163895700, 0.6960275952795623700 ) ) ;
#1759 = PRESENTATION_LAYER_ASSIGNMENT (  '', '', ( #1529 ) ) ;
#1760 = FILL_AREA_STYLE ('',( #2396 ) ) ;
#1761 = CARTESIAN_POINT ( 'NONE',  ( -0.09215398952098684300, 0.1144299650795420100, -0.7372656294568722400 ) ) ;
#1762 = SURFACE_STYLE_USAGE ( .BOTH. , #3632 ) ;
#1763 = VERTEX_POINT ( 'NONE', #2554 ) ;
#1764 = CARTESIAN_POINT ( 'NONE',  ( -0.1137067647388457400, 0.09527002617883630100, 0.7342545707207534000 ) ) ;
#1765 = CARTESIAN_POINT ( 'NONE',  ( -0.07597353647386750900, 0.08965497129014556000, 0.7023278720861917400 ) ) ;
#1766 = CARTESIAN_POINT ( 'NONE',  ( -0.06850356657978821900, 0.09548386100084682600, -0.7034851693212530500 ) ) ;
#1767 = CARTESIAN_POINT ( 'NONE',  ( -0.06679288287812235000, 0.09667034401802203400, -0.7037306214939577100 ) ) ;
#1768 = CARTESIAN_POINT ( 'NONE',  ( 0.1066361185346204600, 0.04935489513824685400, -0.6962911788200965000 ) ) ;
#1769 = CARTESIAN_POINT ( 'NONE',  ( -0.08001003919204195700, -0.1224555198305132700, 0.7386825863309513000 ) ) ;
#1770 = CARTESIAN_POINT ( 'NONE',  ( 0.1027873331170789400, 0.05695839444475250800, 0.6971636203173904300 ) ) ;
#1771 = DIRECTION ( 'NONE',  ( 0.0000000000000000000, 0.0000000000000000000, 1.000000000000000000 ) ) ;
#1772 = CARTESIAN_POINT ( 'NONE',  ( -0.01222636290930962500, -0.1438064502580064800, -0.7429035568783511900 ) ) ;
#1773 = CARTESIAN_POINT ( 'NONE',  ( -0.1174999999264988700, 2.949684103187574200E-016, 0.6936502912103964500 ) ) ;
#1774 = CARTESIAN_POINT ( 'NONE',  ( -0.06250670165508281900, 0.1314547093925105500, 0.7403803399038753100 ) ) ;
#1775 = CARTESIAN_POINT ( 'NONE',  ( -0.03773679261232373200, 0.1112920910493416000, 0.7069793270875373000 ) ) ;
#1776 = CARTESIAN_POINT ( 'NONE',  ( -0.09873242241684822300, 0.06373237724636461600, -0.6980468879967390800 ) ) ;
#1777 = EDGE_CURVE ( 'NONE', #1845, #88, #1780, .T. ) ;
#1778 = LENGTH_MEASURE_WITH_UNIT ( LENGTH_MEASURE( 0.02539999999999999900 ), #1973 );
#1779 = CARTESIAN_POINT ( 'NONE',  ( -0.04848907980938575700, 0.1070324982731772300, -0.7059874870661097000 ) ) ;
#1780 = LINE ( 'NONE', #2242, #938 ) ;
#1781 = CARTESIAN_POINT ( 'NONE',  ( 0.1175000002722898500, -1.138157429711819500E-010, -0.6936502912168364100 ) ) ;
#1782 = CARTESIAN_POINT ( 'NONE',  ( -0.1137411370064135700, -0.09512463038636885500, 0.7342428964613400000 ) ) ;
#1783 =( GEOMETRIC_REPRESENTATION_CONTEXT ( 3 ) GLOBAL_UNCERTAINTY_ASSIGNED_CONTEXT ( ( #3973 ) ) GLOBAL_UNIT_ASSIGNED_CONTEXT ( ( #2412, #562, #2728 ) ) REPRESENTATION_CONTEXT ( 'NONE', 'WORKASPACE' ) );
#1784 = STYLED_ITEM ( 'NONE', ( #2253 ), #1681 ) ;
#1785 =( NAMED_UNIT ( * ) PLANE_ANGLE_UNIT ( ) SI_UNIT ( $, .RADIAN. ) );
#1786 = CARTESIAN_POINT ( 'NONE',  ( 0.0000000000000000000, 1.989999999999999800, 0.0000000000000000000 ) ) ;
#1787 = CARTESIAN_POINT ( 'NONE',  ( 0.04180188561795598200, -0.1386625022255167900, -0.7418269711171020500 ) ) ;
#1788 = CARTESIAN_POINT ( 'NONE',  ( -0.1119116185446341900, -0.03585759891709727800, 0.6950429322065283500 ) ) ;
#1789 = CARTESIAN_POINT ( 'NONE',  ( -0.01235462310460393300, 0.1437962690712481200, 0.7429013900066141500 ) ) ;
#1790 = CARTESIAN_POINT ( 'NONE',  ( 0.003960217356289037600, 0.1174490583522381900, 0.7084795123360054800 ) ) ;
#1791 = CARTESIAN_POINT ( 'NONE',  ( -0.1148491718654088100, 0.02489246462868265100, -0.6943193359976583800 ) ) ;
#1792 = LENGTH_MEASURE_WITH_UNIT ( LENGTH_MEASURE( 0.02539999999999999900 ), #3665 );
#1793 = FILL_AREA_STYLE_COLOUR ( '', #3582 ) ;
#1794 = CARTESIAN_POINT ( 'NONE',  ( -0.1432607027934146800, -0.04641831606011682900, 0.7290583658879326000 ) ) ;
#1795 = UNCERTAINTY_MEASURE_WITH_UNIT (LENGTH_MEASURE( 1.000000000000000100E-005 ), #3463, 'distance_accuracy_value', 'NONE');
#1796 = LINE ( 'NONE', #3060, #3737 ) ;
#1797 =( CONVERSION_BASED_UNIT ( 'INCH', #1792 ) LENGTH_UNIT ( ) NAMED_UNIT ( #2611 ) );
#1798 = SURFACE_SIDE_STYLE ('',( #699 ) ) ;
#1799 = CARTESIAN_POINT ( 'NONE',  ( 0.09991694046129816200, -0.1084202244559654700, -0.7362610127173477800 ) ) ;
#1800 = CARTESIAN_POINT ( 'NONE',  ( 0.04167843615624460000, 0.1386964703791224200, 0.7418339530697978200 ) ) ;
#1801 = CARTESIAN_POINT ( 'NONE',  ( 0.04867550597274564200, 0.1070124855765282700, 0.7059808727824978800 ) ) ;
#1802 = EDGE_CURVE ( 'NONE', #144, #770, #1245, .T. ) ;
#1803 = EDGE_LOOP ( 'NONE', ( #3783, #2856 ) ) ;
#1804 = CARTESIAN_POINT ( 'NONE',  ( -0.1112927961361257800, -0.03788020888252324700, -0.6951930206544918400 ) ) ;
#1805 = FILL_AREA_STYLE ('',( #555 ) ) ;
#1806 = ORIENTED_EDGE ( 'NONE', *, *, #804, .T. ) ;
#1807 = VERTEX_POINT ( 'NONE', #721 ) ;
#1808 = CARTESIAN_POINT ( 'NONE',  ( 0.09827022373842916900, 0.06441635602908985000, 0.6981440257662012700 ) ) ;
#1809 = CARTESIAN_POINT ( 'NONE',  ( 0.1440680124218675400, -0.04408765320044797500, -0.7288991327496880900 ) ) ;
#1810 = CARTESIAN_POINT ( 'NONE',  ( 0.09223532035655468400, 0.1143709761651108000, 0.7372555242869198700 ) ) ;
#1811 = CARTESIAN_POINT ( 'NONE',  ( 0.08840452433765272300, 0.07749543475234271800, 0.7001357537272857600 ) ) ;
#1812 = CARTESIAN_POINT ( 'NONE',  ( -0.09201789258584740200, -0.07309310866482671100, -0.6994287352989719800 ) ) ;
#1813 = B_SPLINE_CURVE_WITH_KNOTS ( 'NONE', 3,
 ( #1727, #3913, #2631, #908, #2769, #2236 ),
 .UNSPECIFIED., .F., .F.,
 ( 4, 2, 4 ),
 ( 0.4998283386230683000, 0.4999141693115341500, 0.5000000000000000000 ),
 .UNSPECIFIED. ) ;
#1814 = FILL_AREA_STYLE ('',( #2218 ) ) ;
#1815 = CARTESIAN_POINT ( 'NONE',  ( -0.1174999999999999900, 1.438959988998139600E-017, -0.7429999999999999900 ) ) ;
#1816 = CARTESIAN_POINT ( 'NONE',  ( 0.1512195990304976100, 0.004853990581839237200, -0.7274487259937495500 ) ) ;
#1817 = CARTESIAN_POINT ( 'NONE',  ( 0.08584111043502026800, 0.08032515988899152600, 0.7006178980279544900 ) ) ;
#1818 = CARTESIAN_POINT ( 'NONE',  ( 0.1322729547644702100, 0.07005263829782057400, 0.7311321754395880800 ) ) ;
#1819 = CARTESIAN_POINT ( 'NONE',  ( 0.1129861972090445700, 0.03231297075497637000, 0.6947801083668336800 ) ) ;
#1820 = CARTESIAN_POINT ( 'NONE',  ( -0.06212685517275402100, -0.09980540540082681600, -0.7043853981728459600 ) ) ;
#1821 = CARTESIAN_POINT ( 'NONE',  ( -0.1077710799501699100, -0.04685135069469859000, 0.6960280454626398500 ) ) ;
#1822 = CARTESIAN_POINT ( 'NONE',  ( 0.1512238811145625900, -0.004732484500480446500, 0.7274478355169644600 ) ) ;
#1823 = MECHANICAL_DESIGN_GEOMETRIC_PRESENTATION_REPRESENTATION (  '', ( #1409 ), #2033 ) ;
#1824 = CARTESIAN_POINT ( 'NONE',  ( 0.0000000000000000000, -1.489999999999999800, 0.0000000000000000000 ) ) ;
#1825 = FILL_AREA_STYLE ('',( #274 ) ) ;
#1826 = CARTESIAN_POINT ( 'NONE',  ( 0.1112555427206842100, -0.03784381859916436500, 0.6952010754503605800 ) ) ;
#1827 = CARTESIAN_POINT ( 'NONE',  ( 0.1377283452682961700, 0.05973318792019285900, -0.7301240029520649200 ) ) ;
#1828 = CARTESIAN_POINT ( 'NONE',  ( 0.1113026290724803800, 0.03785239048972285200, 0.6951906580798941100 ) ) ;
#1829 = CARTESIAN_POINT ( 'NONE',  ( 0.1510418768008129400, 0.009431820166834687200, 0.7274858054245571000 ) ) ;
#1830 = CARTESIAN_POINT ( 'NONE',  ( -0.01912527827359256400, -0.1159491886169570800, -0.7081069487536493200 ) ) ;
#1831 = LENGTH_MEASURE_WITH_UNIT ( LENGTH_MEASURE( 0.02539999999999999900 ), #1187 );
#1832 = CARTESIAN_POINT ( 'NONE',  ( -0.09668232554996564200, -0.06679579828252371600, 0.6984790378848552100 ) ) ;
#1833 = CARTESIAN_POINT ( 'NONE',  ( 0.1387685886562119700, -0.05750352843097469200, 0.7299268644789743700 ) ) ;
#1834 =( NAMED_UNIT ( * ) SI_UNIT ( $, .STERADIAN. ) SOLID_ANGLE_UNIT ( ) );
#1835 = ORIENTED_EDGE ( 'NONE', *, *, #2568, .T. ) ;
#1836 =( NAMED_UNIT ( * ) PLANE_ANGLE_UNIT ( ) SI_UNIT ( $, .RADIAN. ) );
#1837 = FACE_OUTER_BOUND ( 'NONE', #3053, .T. ) ;
#1838 = CARTESIAN_POINT ( 'NONE',  ( 0.08958960623230814700, -0.07605025285090522000, 0.6999037837480156500 ) ) ;
#1839 = CARTESIAN_POINT ( 'NONE',  ( 0.1103804334218729700, 0.09876303818804213500, -0.7347635846812974300 ) ) ;
#1840 = VERTEX_POINT ( 'NONE', #499 ) ;
#1841 = CARTESIAN_POINT ( 'NONE',  ( 0.1135327307462609100, -0.03051688624331933700, 0.6946468534100693800 ) ) ;
#1842 = UNCERTAINTY_MEASURE_WITH_UNIT (LENGTH_MEASURE( 1.000000000000000100E-005 ), #3863, 'distance_accuracy_value', 'NONE');
#1843 = EDGE_CURVE ( 'NONE', #1008, #1807, #1866, .T. ) ;
#1844 = CARTESIAN_POINT ( 'NONE',  ( 0.02495470042333733400, -0.1148358770504968300, -0.7078333636363748300 ) ) ;
#1845 = VERTEX_POINT ( 'NONE', #2984 ) ;
#1846 = CARTESIAN_POINT ( 'NONE',  ( -0.08385562645517474800, -0.08231653477634715000, 0.7009731017083717900 ) ) ;
#1847 = CARTESIAN_POINT ( 'NONE',  ( 0.1086669334265258100, -0.1003945232853902100, 0.7350126902826590300 ) ) ;
#1848 = CARTESIAN_POINT ( 'NONE',  ( -0.1510416534680861800, -0.009441229894337708700, -0.7274858529481332800 ) ) ;
#1849 = CARTESIAN_POINT ( 'NONE',  ( -0.02201909099624649000, -0.1154221130218593800, -0.7079771906627433400 ) ) ;
#1850 = CARTESIAN_POINT ( 'NONE',  ( 0.002446299009014087500, -0.1442589718431217500, 0.7430000775957345000 ) ) ;
#1851 = CARTESIAN_POINT ( 'NONE',  ( 0.09571950015043295700, 0.06817426462096140600, 0.6986795024744613100 ) ) ;
#1852 = CARTESIAN_POINT ( 'NONE',  ( 0.1138616681648635200, 0.09544786801295430900, -0.7342574441709274200 ) ) ;
#1853 = CARTESIAN_POINT ( 'NONE',  ( 0.03783549199543197200, -0.1113076445883873100, 0.7069821827655816700 ) ) ;
#1854 = CARTESIAN_POINT ( 'NONE',  ( 0.06694019917322108200, 0.1294536922858180200, -0.7399912993215740400 ) ) ;
#1855 = CARTESIAN_POINT ( 'NONE',  ( 0.09320651525548316600, -0.07157133304318411000, 0.6991912786586422800 ) ) ;
#1856 = PRESENTATION_LAYER_ASSIGNMENT (  '', '', ( #1644 ) ) ;
#1857 = CARTESIAN_POINT ( 'NONE',  ( 0.06383405763969442200, -0.09866712420590395500, -0.7041471259862799300 ) ) ;
#1858 = CARTESIAN_POINT ( 'NONE',  ( -0.06783831779090028500, -0.09594599655522007000, 0.7035807077104694300 ) ) ;
#1859 = CARTESIAN_POINT ( 'NONE',  ( 0.02717226073188320000, -0.1419326298083362600, 0.7425070193869127700 ) ) ;
#1860 = CARTESIAN_POINT ( 'NONE',  ( -0.1284422077589355600, 0.07625960347669247200, -0.7318150518449304500 ) ) ;
#1861 = CARTESIAN_POINT ( 'NONE',  ( -0.05508753569067025700, -0.1037873563006327900, -0.7052569163014207300 ) ) ;
#1862 = CARTESIAN_POINT ( 'NONE',  ( -0.06024651850588171000, -0.1323470988737098200, 0.7405569393579826100 ) ) ;
#1863 = SURFACE_STYLE_USAGE ( .BOTH. , #3738 ) ;
#1864 = CARTESIAN_POINT ( 'NONE',  ( 0.1313110161608480000, -0.07225446911520644300, -0.7313256535057572900 ) ) ;
#1865 = CARTESIAN_POINT ( 'NONE',  ( -0.01343126350705323200, -0.1167456933669025200, 0.7083042347054773200 ) ) ;
#1866 = LINE ( 'NONE', #3821, #3332 ) ;
#1867 = CARTESIAN_POINT ( 'NONE',  ( 0.004952109966031228600, 0.1442586061247817800, -0.7429999973632750400 ) ) ;
#1868 = CARTESIAN_POINT ( 'NONE',  ( -0.01989141994292270600, 0.1433205755013484100, -0.7427978962511109200 ) ) ;
#1869 = CARTESIAN_POINT ( 'NONE',  ( 0.04852574435323008700, -0.1070804031962271400, 0.7059964159258570500 ) ) ;
#1870 = MECHANICAL_DESIGN_GEOMETRIC_PRESENTATION_REPRESENTATION (  '', ( #1456 ), #2077 ) ;
#1871 = CARTESIAN_POINT ( 'NONE',  ( 0.1092846174849238200, -0.04320728809148047900, -0.6956722778741748500 ) ) ;
#1872 = CARTESIAN_POINT ( 'NONE',  ( -0.04838337837999585900, -0.1070802745457342800, 0.7059984008902542300 ) ) ;
#1873 = CARTESIAN_POINT ( 'NONE',  ( -0.1388145126180640700, 0.05740182652899457300, -0.7299181181130194300 ) ) ;
#1874 = CARTESIAN_POINT ( 'NONE',  ( -0.07383835871527762200, -0.09140167830149356600, -0.7026686703316870100 ) ) ;
#1875 = CARTESIAN_POINT ( 'NONE',  ( -0.09977245099930297200, -0.1084651809154808900, 0.7362729437414448100 ) ) ;
#1876 = CARTESIAN_POINT ( 'NONE',  ( 0.0000000000000000000, 1.489999999999999800, 0.09999999999999989500 ) ) ;
#1877 = CARTESIAN_POINT ( 'NONE',  ( -0.05373843625790596100, -0.1045090705754385500, 0.7054167401364209700 ) ) ;
#1878 = CARTESIAN_POINT ( 'NONE',  ( -0.1435439489772383500, 0.04652865642045909300, -0.7290124559524230300 ) ) ;
#1879 = CARTESIAN_POINT ( 'NONE',  ( -0.003854678555427070100, -0.1174994081583894800, 0.7084921046738051900 ) ) ;
#1880 = CARTESIAN_POINT ( 'NONE',  ( 0.007692567537862040500, -0.1173114271361369400, 0.7084445816873210500 ) ) ;
#1881 = ORIENTED_EDGE ( 'NONE', *, *, #258, .F. ) ;
#1882 = CARTESIAN_POINT ( 'NONE',  ( -0.1328067593079033900, -0.06909851017518188500, -0.7310346949149415500 ) ) ;
#1883 = CARTESIAN_POINT ( 'NONE',  ( -0.08898088669386662600, -0.07674149348350699200, -0.7000198540893959300 ) ) ;
#1884 = CARTESIAN_POINT ( 'NONE',  ( -0.1345247311203370000, -0.06603869311671173300, 0.7307212166490635300 ) ) ;
#1885 = EDGE_LOOP ( 'NONE', ( #542, #3441, #1490, #1545, #3903, #3439 ) ) ;
#1886 = CARTESIAN_POINT ( 'NONE',  ( 0.0000000000000000000, 1.589999999999999600, 0.0000000000000000000 ) ) ;
#1887 = CARTESIAN_POINT ( 'NONE',  ( -0.08442580313388761700, -0.08174482378454964200, 0.7008711028355925100 ) ) ;
#1888 = CARTESIAN_POINT ( 'NONE',  ( -0.07604871767216687900, 0.08959086551160193300, -0.7023155642345178000 ) ) ;
#1889 = CARTESIAN_POINT ( 'NONE',  ( -0.1201172168229015000, -0.08782700049582485600, -0.7332331705717752800 ) ) ;
#1890 = VERTEX_POINT ( 'NONE', #2659 ) ;
#1891 = CARTESIAN_POINT ( 'NONE',  ( 0.04673586648443559700, -0.1078213226486591000, 0.7061680746711910300 ) ) ;
#1892 = CARTESIAN_POINT ( 'NONE',  ( -0.1087474692553580800, -0.1003147807478247900, -0.7350007463002388200 ) ) ;
#1893 = CARTESIAN_POINT ( 'NONE',  ( -0.09736876691206723700, -0.06577109339570011400, -0.6983343837546577300 ) ) ;
#1894 = CARTESIAN_POINT ( 'NONE',  ( -0.1503266661418390700, -0.01638456641064819600, 0.7276338055658900800 ) ) ;
#1895 = SURFACE_STYLE_USAGE ( .BOTH. , #3769 ) ;
#1896 = CARTESIAN_POINT ( 'NONE',  ( -0.1077783988594038400, -0.04683824429741335900, 0.6960263921420635200 ) ) ;
#1897 = CARTESIAN_POINT ( 'NONE',  ( -0.1026862004222983700, 0.05714483700152542300, -0.6971862143347374900 ) ) ;
#1898 = CARTESIAN_POINT ( 'NONE',  ( -0.009904455994399494500, -0.1440278148524547200, -0.7429506007830335400 ) ) ;
#1899 = SURFACE_STYLE_FILL_AREA ( #2720 ) ;
#1900 = CARTESIAN_POINT ( 'NONE',  ( 0.09136327563890206400, 0.07389141180742642100, -0.6995568716688129700 ) ) ;
#1901 = PRESENTATION_LAYER_ASSIGNMENT (  '', '', ( #1710 ) ) ;
#1902 = CARTESIAN_POINT ( 'NONE',  ( 0.06677913611658128900, -0.09669401389452635100, 0.7037346890996982700 ) ) ;
#1903 = AXIS2_PLACEMENT_3D ( 'NONE', #2921, #1048, #3224 ) ;
#1904 = CARTESIAN_POINT ( 'NONE',  ( -0.06258460225938100600, -0.1313569773165656200, -0.7403628854416310900 ) ) ;
#1905 = CARTESIAN_POINT ( 'NONE',  ( -0.1081532723556242900, -0.04593614873810644000, -0.6959382845472337200 ) ) ;
#1906 = DIMENSIONAL_EXPONENTS ( 1.000000000000000000, 0.0000000000000000000, 0.0000000000000000000, 0.0000000000000000000, 0.0000000000000000000, 0.0000000000000000000, 0.0000000000000000000 ) ;
#1907 = CARTESIAN_POINT ( 'NONE',  ( -0.1460813435127196700, 0.03758418160867780400, 0.7284981988281755700 ) ) ;
#1908 = CARTESIAN_POINT ( 'NONE',  ( 0.08906565624276649400, 0.07666294168528914300, 0.7000051905233013500 ) ) ;
#1909 = CARTESIAN_POINT ( 'NONE',  ( -0.1174570802569416400, -0.003714227410534778100, 0.6936612577673998400 ) ) ;
#1910 = CARTESIAN_POINT ( 'NONE',  ( -0.1165076317209067700, 0.01536235077258501900, -0.6939026511114238000 ) ) ;
#1911 = CARTESIAN_POINT ( 'NONE',  ( -0.1034710759934658500, 0.1052677436639616700, -0.7357623238642636600 ) ) ;
#1912 = CARTESIAN_POINT ( 'NONE',  ( 0.05199114867147700700, 0.1054412538967151700, -0.7056232885440888400 ) ) ;
#1913 = CARTESIAN_POINT ( 'NONE',  ( 0.08213315195007921100, -0.08403660397548874700, 0.7012805464726327200 ) ) ;
#1914 = EDGE_CURVE ( 'NONE', #3349, #1357, #2489, .T. ) ;
#1915 = SURFACE_STYLE_FILL_AREA ( #1159 ) ;
#1916 = CARTESIAN_POINT ( 'NONE',  ( -0.009743675396762728800, -0.1439785636664088800, -0.7429402477802855600 ) ) ;
#1917 = CARTESIAN_POINT ( 'NONE',  ( 0.0000000000000000000, -1.999999999999999800, 1.533216245000134500E-016 ) ) ;
#1918 = CARTESIAN_POINT ( 'NONE',  ( -0.1183922811621578000, 0.08983905225001453900, 0.7335085342518034000 ) ) ;
#1919 = CARTESIAN_POINT ( 'NONE',  ( -0.002476054983015596100, 0.1442586136417097500, -0.7430000013183623000 ) ) ;
#1920 = MECHANICAL_DESIGN_GEOMETRIC_PRESENTATION_REPRESENTATION (  '', ( #1507 ), #2136 ) ;
#1921 = CARTESIAN_POINT ( 'NONE',  ( -0.1099611037813005400, 0.04158676962409719300, 0.6955133933262763700 ) ) ;
#1922 = CARTESIAN_POINT ( 'NONE',  ( -0.1054226154613351600, -0.05203027914111300200, -0.6965730919752588500 ) ) ;
#1923 = CARTESIAN_POINT ( 'NONE',  ( -0.02723486189120653800, 0.1419213453407502100, -0.7425046482590034200 ) ) ;
#1924 = CARTESIAN_POINT ( 'NONE',  ( -0.09219081638414077000, -0.1144753706346780300, 0.7372683463381370900 ) ) ;
#1925 = ORIENTED_EDGE ( 'NONE', *, *, #3191, .F. ) ;
#1926 =( LENGTH_UNIT ( ) NAMED_UNIT ( * ) SI_UNIT ( $, .METRE. ) );
#1927 = CARTESIAN_POINT ( 'NONE',  ( 0.07998224062731151800, 0.1225397487441860900, 0.7386940719052729200 ) ) ;
#1928 = CARTESIAN_POINT ( 'NONE',  ( -0.1345627853468813200, 0.06596915613250625700, -0.7307142302773800300 ) ) ;
#1929 = EDGE_LOOP ( 'NONE', ( #1698, #2414, #868, #3556, #1118, #2676 ) ) ;
#1930 = CARTESIAN_POINT ( 'NONE',  ( 0.09974509591288489900, 0.06213556892853457100, -0.6978296712955757200 ) ) ;
#1931 = CARTESIAN_POINT ( 'NONE',  ( 0.1175012485628188400, -0.001868085935335274100, -0.6936499725451086300 ) ) ;
#1932 = CARTESIAN_POINT ( 'NONE',  ( 0.003846207341260018400, 0.1174999959182609200, -0.7084922512040080500 ) ) ;
#1933 = CARTESIAN_POINT ( 'NONE',  ( 0.09511739323266796300, -0.06899163531796373400, 0.6988023490517402100 ) ) ;
#1934 = ORIENTED_EDGE ( 'NONE', *, *, #100, .F. ) ;
#1935 = CARTESIAN_POINT ( 'NONE',  ( 0.04890425459481801500, -0.1365948269272023500, -0.7414039498419643400 ) ) ;
#1936 = FILL_AREA_STYLE_COLOUR ( '', #1330 ) ;
#1937 = CARTESIAN_POINT ( 'NONE',  ( -0.06697233869590361900, 0.1294382052504040000, 0.7399883333660450800 ) ) ;
#1938 = CARTESIAN_POINT ( 'NONE',  ( -0.04872628655584417000, 0.1365916567424740900, -0.7414042085320011700 ) ) ;
#1939 = CARTESIAN_POINT ( 'NONE',  ( -0.08168302282121740800, 0.08448552266138738300, 0.7013608434198414000 ) ) ;
#1940 = CARTESIAN_POINT ( 'NONE',  ( -0.08578100502310098700, -0.08032135557014270800, -0.7006228084566497000 ) ) ;
#1941 = CARTESIAN_POINT ( 'NONE',  ( 0.1134873955857207000, 0.03050513159513853700, -0.6946568614370211000 ) ) ;
#1942 = CARTESIAN_POINT ( 'NONE',  ( -0.1512847657622835600, 0.0001569368183616288900, 0.7274351652540939100 ) ) ;
#1943 = CARTESIAN_POINT ( 'NONE',  ( 0.1512848552846968700, 7.603287872991357300E-018, 0.7274351466361026500 ) ) ;
#1944 = EDGE_CURVE ( 'NONE', #1763, #3836, #1032, .T. ) ;
#1945 = PRESENTATION_LAYER_ASSIGNMENT (  '', '', ( #2150 ) ) ;
#1946 = CARTESIAN_POINT ( 'NONE',  ( -0.1478718327253243400, 0.03056129680925583100, -0.7281367776977782900 ) ) ;
#1947 = CARTESIAN_POINT ( 'NONE',  ( 0.1173156655466130900, -0.007623353633384804900, -0.6936979732705594900 ) ) ;
#1948 = CARTESIAN_POINT ( 'NONE',  ( 0.1054031414300888600, -0.05196297423020289400, 0.6965746629206547300 ) ) ;
#1949 = MECHANICAL_DESIGN_GEOMETRIC_PRESENTATION_REPRESENTATION (  '', ( #1529 ), #2156 ) ;
#1950 = CARTESIAN_POINT ( 'NONE',  ( 0.1035568004421518800, -0.1052691899551506400, -0.7357563208149281400 ) ) ;
#1951 = CARTESIAN_POINT ( 'NONE',  ( 0.0000000000000000000, -1.949999999999999500, 0.0000000000000000000 ) ) ;
#1952 = CARTESIAN_POINT ( 'NONE',  ( -0.01975223365474044700, 0.1431016191279125300, 0.7427537431219397600 ) ) ;
#1953 = CARTESIAN_POINT ( 'NONE',  ( -0.04319176255941959600, 0.1092778991999161500, 0.7065058721048934600 ) ) ;
#1954 = CARTESIAN_POINT ( 'NONE',  ( -0.05208041436196662900, -0.1053450151291525900, -0.7056042949935109600 ) ) ;
#1955 =( CONVERSION_BASED_UNIT ( 'INCH', #1225 ) LENGTH_UNIT ( ) NAMED_UNIT ( #3524 ) );
#1956 = VECTOR ( 'NONE', #1016, 39.37007874015748100 ) ;
#1957 = DIRECTION ( 'NONE',  ( 0.0000000000000000000, 1.000000000000000000, 0.0000000000000000000 ) ) ;
#1958 = CARTESIAN_POINT ( 'NONE',  ( 0.1110480796091895400, 0.03848897954139639900, 0.6952519981720445300 ) ) ;
#1959 = FILL_AREA_STYLE ('',( #1329 ) ) ;
#1960 = ADVANCED_FACE ( 'NONE', ( #3422, #119 ), #3621, .F. ) ;
#1961 = CARTESIAN_POINT ( 'NONE',  ( 0.06708525783661455100, -0.1293868193355030800, -0.7399783721613206700 ) ) ;
#1962 = CARTESIAN_POINT ( 'NONE',  ( 0.1078198451586192500, -0.04673878117053074200, -0.6960166767895807900 ) ) ;
#1963 = CARTESIAN_POINT ( 'NONE',  ( 0.1174999999999999700, -0.007620147144380948900, 0.6936502434905956700 ) ) ;
#1964 = CARTESIAN_POINT ( 'NONE',  ( 0.1455069303003525300, -0.03955820882412063000, -0.7286132522911471500 ) ) ;
#1965 =( CONVERSION_BASED_UNIT ( 'INCH', #3983 ) LENGTH_UNIT ( ) NAMED_UNIT ( #357 ) );
#1966 = CARTESIAN_POINT ( 'NONE',  ( 0.03928314934454515300, 0.1393304896130952700, 0.7419647114648458800 ) ) ;
#1967 = DIMENSIONAL_EXPONENTS ( 1.000000000000000000, 0.0000000000000000000, 0.0000000000000000000, 0.0000000000000000000, 0.0000000000000000000, 0.0000000000000000000, 0.0000000000000000000 ) ;
#1968 = CARTESIAN_POINT ( 'NONE',  ( 0.06906846835605787200, 0.09506170122398698000, 0.7033998506042522500 ) ) ;
#1969 = CARTESIAN_POINT ( 'NONE',  ( -0.003801174324341311700, 0.1174545166088513100, 0.7084808766754009400 ) ) ;
#1970 = CARTESIAN_POINT ( 'NONE',  ( -0.009495977896384360000, -0.1171317106982142600, -0.7084002897820524900 ) ) ;
#1971 = EDGE_CURVE ( 'NONE', #1650, #3995, #2101, .T. ) ;
#1972 = CARTESIAN_POINT ( 'NONE',  ( 0.1017158614355241900, 0.05885402841050314100, -0.6974007402253878900 ) ) ;
#1973 =( LENGTH_UNIT ( ) NAMED_UNIT ( * ) SI_UNIT ( $, .METRE. ) );
#1974 = DIRECTION ( 'NONE',  ( -0.0000000000000000000, -0.0000000000000000000, 1.000000000000000000 ) ) ;
#1975 = CARTESIAN_POINT ( 'NONE',  ( 0.0000000000000000000, 1.949999999999999500, 0.0000000000000000000 ) ) ;
#1976 = CIRCLE ( 'NONE', #2486, 0.1249999999999998300 ) ;
#1977 = UNCERTAINTY_MEASURE_WITH_UNIT (LENGTH_MEASURE( 1.000000000000000100E-005 ), #1955, 'distance_accuracy_value', 'NONE');
#1978 = LINE ( 'NONE', #3426, #1335 ) ;
#1979 = DIRECTION ( 'NONE',  ( -0.0000000000000000000, -1.000000000000000000, -0.0000000000000000000 ) ) ;
#1980 = PRESENTATION_LAYER_ASSIGNMENT (  '', '', ( #2183 ) ) ;
#1981 = PRESENTATION_LAYER_ASSIGNMENT (  '', '', ( #1784 ) ) ;
#1982 = CARTESIAN_POINT ( 'NONE',  ( 0.09794958390027218300, -0.06490231847786906400, -0.6982119126036403500 ) ) ;
#1983 = CARTESIAN_POINT ( 'NONE',  ( 0.1507858416591014400, 0.01194249534231940100, -0.7275387904906888100 ) ) ;
#1984 =( CONVERSION_BASED_UNIT ( 'INCH', #354 ) LENGTH_UNIT ( ) NAMED_UNIT ( #2844 ) );
#1985 = DIMENSIONAL_EXPONENTS ( 1.000000000000000000, 0.0000000000000000000, 0.0000000000000000000, 0.0000000000000000000, 0.0000000000000000000, 0.0000000000000000000, 0.0000000000000000000 ) ;
#1986 = CARTESIAN_POINT ( 'NONE',  ( 0.08823377166714943500, 0.1172064560535532500, 0.7377451220940028900 ) ) ;
#1987 = ORIENTED_EDGE ( 'NONE', *, *, #2680, .F. ) ;
#1988 = CARTESIAN_POINT ( 'NONE',  ( 0.02939493816943203700, 0.1137910771188126000, 0.7075783136035025400 ) ) ;
#1989 = CARTESIAN_POINT ( 'NONE',  ( 0.03792535391979541500, 0.1112279567886706000, 0.7069641097548928800 ) ) ;
#1990 = CARTESIAN_POINT ( 'NONE',  ( 0.03246671023906037200, -0.1129419164873104000, -0.7073737047587680400 ) ) ;
#1991 =( NAMED_UNIT ( * ) PLANE_ANGLE_UNIT ( ) SI_UNIT ( $, .RADIAN. ) );
#1992 = CARTESIAN_POINT ( 'NONE',  ( 1.530808498934189400E-017, 1.949999999999999500, -0.1249999999999998300 ) ) ;
#1993 = ORIENTED_EDGE ( 'NONE', *, *, #2344, .T. ) ;
#1994 = CARTESIAN_POINT ( 'NONE',  ( -0.03017910011726425400, 0.1136235676535431400, 0.7075366878534828900 ) ) ;
#1995 = CARTESIAN_POINT ( 'NONE',  ( 0.08645097192851439200, -0.07958503071642172900, -0.7004980040658122000 ) ) ;
#1996 = ORIENTED_EDGE ( 'NONE', *, *, #3308, .F. ) ;
#1997 = CARTESIAN_POINT ( 'NONE',  ( -0.06695562216801932700, -0.09657574871044478900, 0.7037099685850474200 ) ) ;
#1998 = CARTESIAN_POINT ( 'NONE',  ( 0.1356140437123898900, 0.06398082746253407100, -0.7305196696752914700 ) ) ;
#1999 = DIRECTION ( 'NONE',  ( 0.0000000000000000000, 0.0000000000000000000, 1.000000000000000000 ) ) ;
#2000 = EDGE_CURVE ( 'NONE', #439, #1494, #3855, .T. ) ;
#2001 = CARTESIAN_POINT ( 'NONE',  ( 0.1310564235545799100, 0.07210202404561798200, 0.7313514086785711800 ) ) ;
#2002 = CARTESIAN_POINT ( 'NONE',  ( 0.07299891728394282400, 0.09209744580454069800, 0.7028037579762671500 ) ) ;
#2003 = CARTESIAN_POINT ( 'NONE',  ( 0.07760354122764916200, -0.08830929587668127900, -0.7020662506393139400 ) ) ;
#2004 = CARTESIAN_POINT ( 'NONE',  ( 0.04853365880006724900, 0.1070764706738894900, -0.7059955244854471100 ) ) ;
#2005 = CARTESIAN_POINT ( 'NONE',  ( 0.01334879113662986100, 0.1167550960257925100, -0.7083060356884565100 ) ) ;
#2006 = CARTESIAN_POINT ( 'NONE',  ( 0.1507931889439582700, -0.01186335583332382000, 0.7275372688134742500 ) ) ;
#2007 = CARTESIAN_POINT ( 'NONE',  ( -0.05858990544496885800, 0.1018681710049593500, 0.7048339792313351700 ) ) ;
#2008 =( NAMED_UNIT ( * ) SI_UNIT ( $, .STERADIAN. ) SOLID_ANGLE_UNIT ( ) );
#2009 = ADVANCED_FACE ( 'NONE', ( #2940 ), #884, .F. ) ;
#2010 = CARTESIAN_POINT ( 'NONE',  ( 0.07299687303582143300, -0.09209868385079812700, -0.7028040204874960200 ) ) ;
#2011 = CARTESIAN_POINT ( 'NONE',  ( -0.09022346358189341200, -0.07527891820407349400, 0.6997798206089714800 ) ) ;
#2012 = CARTESIAN_POINT ( 'NONE',  ( 0.1103804334218729700, 0.09876303818804213500, -0.7347635846812974300 ) ) ;
#2013 = CARTESIAN_POINT ( 'NONE',  ( 0.0000000000000000000, 0.0000000000000000000, 0.0000000000000000000 ) ) ;
#2014 = COLOUR_RGB ( '',0.9019607843137255100, 0.9019607843137255100, 0.9019607843137255100 ) ;
#2015 = CARTESIAN_POINT ( 'NONE',  ( 0.1503171506143614900, 0.01645967882402327200, 0.7276357701369563500 ) ) ;
#2016 = CARTESIAN_POINT ( 'NONE',  ( -0.1145060611690194300, 0.02660848414756740800, -0.6944051598849880800 ) ) ;
#2017 = CARTESIAN_POINT ( 'NONE',  ( 0.06367011062806592100, 0.09877491916760590400, 0.7041697870003113000 ) ) ;
#2018 = CARTESIAN_POINT ( 'NONE',  ( 0.1118948187359095800, -0.03590980954451535000, -0.6950462843810516500 ) ) ;
#2019 = CARTESIAN_POINT ( 'NONE',  ( 0.02479561179078035000, 0.1148703109839512200, -0.7078417873884014200 ) ) ;
#2020 = CARTESIAN_POINT ( 'NONE',  ( 0.04929137016818979600, 0.1066914156499337400, -0.7059085481413590600 ) ) ;
#2021 = CARTESIAN_POINT ( 'NONE',  ( 0.1356215083152548500, -0.06396696942835915200, 0.7305182934383934700 ) ) ;
#2022 = CARTESIAN_POINT ( 'NONE',  ( -0.07427343420795244600, 0.09104792315885568100, 0.7025994935837163200 ) ) ;
#2023 = CARTESIAN_POINT ( 'NONE',  ( -0.1473848849856351000, -0.03289251277955725800, -0.7282360200054031100 ) ) ;
#2024 = CARTESIAN_POINT ( 'NONE',  ( 0.05373605566870527000, -0.1045114608065854100, -0.7054172201518552600 ) ) ;
#2025 = CARTESIAN_POINT ( 'NONE',  ( -0.1135532585758555600, -0.03044271779862477500, 0.6946418041013515700 ) ) ;
#2026 = PRESENTATION_STYLE_ASSIGNMENT (( #3058 ) ) ;
#2027 = CARTESIAN_POINT ( 'NONE',  ( 0.05566346884394399900, 0.1341594606554063800, -0.7409155042263831900 ) ) ;
#2028 = FILL_AREA_STYLE ('',( #156 ) ) ;
#2029 = CARTESIAN_POINT ( 'NONE',  ( -0.1038052247183507000, 0.05505386224055434200, -0.6969355018716640900 ) ) ;
#2030 = CARTESIAN_POINT ( 'NONE',  ( 0.07055226537274984800, 0.09396570260193183600, -0.7031778314949490600 ) ) ;
#2031 = CARTESIAN_POINT ( 'NONE',  ( 0.09975603136588535900, -0.1085548069641870500, 0.7362828481964337500 ) ) ;
#2032 = CARTESIAN_POINT ( 'NONE',  ( -0.08967372274424885400, 0.07592775099458919100, 0.6998861791145157800 ) ) ;
#2033 =( GEOMETRIC_REPRESENTATION_CONTEXT ( 3 ) GLOBAL_UNCERTAINTY_ASSIGNED_CONTEXT ( ( #1385 ) ) GLOBAL_UNIT_ASSIGNED_CONTEXT ( ( #421, #2302, #135 ) ) REPRESENTATION_CONTEXT ( 'NONE', 'WORKASPACE' ) );
#2034 = CARTESIAN_POINT ( 'NONE',  ( -0.1229258251078324800, -0.08412079815076110900, -0.7327622094892974900 ) ) ;
#2035 = ORIENTED_EDGE ( 'NONE', *, *, #2825, .F. ) ;
#2036 = CARTESIAN_POINT ( 'NONE',  ( 0.01540978344442199200, -0.1167451376269452300, -0.7083017309555685900 ) ) ;
#2037 = CARTESIAN_POINT ( 'NONE',  ( -0.1512295947985911300, -0.004560079044145762400, 0.7274466471811559300 ) ) ;
#2038 = CARTESIAN_POINT ( 'NONE',  ( -0.1164966626724656100, 0.01544333140492608000, 0.6939054265480821800 ) ) ;
#2039 = ORIENTED_EDGE ( 'NONE', *, *, #1753, .T. ) ;
#2040 = CARTESIAN_POINT ( 'NONE',  ( -4.481938114605432000E-017, 0.1175000000000000800, -0.7084922537182735100 ) ) ;
#2041 = CARTESIAN_POINT ( 'NONE',  ( -0.09142035543293036700, 0.07381523673684473000, -0.6995452787888737400 ) ) ;
#2042 = ORIENTED_EDGE ( 'NONE', *, *, #927, .T. ) ;
#2043 = CARTESIAN_POINT ( 'NONE',  ( 0.08647682179147973800, 0.07957174932389816900, -0.7004944212750653400 ) ) ;
#2044 = CARTESIAN_POINT ( 'NONE',  ( 0.01975837454122898000, -0.1430429221980399900, 0.7427413745827981000 ) ) ;
#2045 = CARTESIAN_POINT ( 'NONE',  ( 0.1092273962012907200, 0.04335113961972510800, -0.6956858212173610000 ) ) ;
#2046 = CARTESIAN_POINT ( 'NONE',  ( -0.09873729301687322900, 0.06372926099010470200, 0.6980460447430151300 ) ) ;
#2047 = CARTESIAN_POINT ( 'NONE',  ( 0.1435317131554818500, -0.04656071230317145700, 0.7290148588889829900 ) ) ;
#2048 = CARTESIAN_POINT ( 'NONE',  ( -0.03052119139725197700, 0.1135315226397633500, -0.7075150051146507100 ) ) ;
#2049 = CARTESIAN_POINT ( 'NONE',  ( -0.1415782950851474900, 0.05105744363911352000, 0.7293889926521430800 ) ) ;
#2050 = CARTESIAN_POINT ( 'NONE',  ( -0.09969859715323609000, 0.06221087965393227300, 0.6978397166471559400 ) ) ;
#2051 = CARTESIAN_POINT ( 'NONE',  ( -0.04146303969696326500, 0.1099579918729813600, -0.7066645999931595600 ) ) ;
#2052 = EDGE_CURVE ( 'NONE', #1845, #3610, #2531, .T. ) ;
#2053 = CARTESIAN_POINT ( 'NONE',  ( -0.07689633480963194200, 0.08884746567777675200, -0.7021741233592842000 ) ) ;
#2054 = CARTESIAN_POINT ( 'NONE',  ( 0.09719297014135518100, 0.06603007733177448900, -0.6983712862597303300 ) ) ;
#2055 = CARTESIAN_POINT ( 'NONE',  ( -0.03448102475988257900, -0.1404815953393098400, 0.7422033854241245600 ) ) ;
#2056 = CARTESIAN_POINT ( 'NONE',  ( -0.1113568225553294000, 0.03769248071803743500, 0.6951782564475063000 ) ) ;
#2057 = COLOUR_RGB ( '',0.9019607843137255100, 0.9019607843137255100, 0.9019607843137255100 ) ;
#2058 = VECTOR ( 'NONE', #84, 39.37007874015748100 ) ;
#2059 = CARTESIAN_POINT ( 'NONE',  ( -0.06031706799116852400, -0.1323182241233277500, -0.7405512523862322100 ) ) ;
#2060 =( CONVERSION_BASED_UNIT ( 'INCH', #3123 ) LENGTH_UNIT ( ) NAMED_UNIT ( #1967 ) );
#2061 = CARTESIAN_POINT ( 'NONE',  ( -0.1051693981848888700, 0.1037256524275445000, 0.7355212480109331000 ) ) ;
#2062 = CARTESIAN_POINT ( 'NONE',  ( -0.07146470690581543900, 0.09328843478899615000, 0.7030410259243234900 ) ) ;
#2063 = CARTESIAN_POINT ( 'NONE',  ( -0.07308332389271159100, 0.09202585777865939000, -0.7027899722597523700 ) ) ;
#2064 = MECHANICAL_DESIGN_GEOMETRIC_PRESENTATION_REPRESENTATION (  '', ( #1644 ), #2267 ) ;
#2065 = CARTESIAN_POINT ( 'NONE',  ( -0.06576859033355832200, 0.09737042312938187800, -0.7038761147892546000 ) ) ;
#2066 = CIRCLE ( 'NONE', #2895, 0.09999999999999989500 ) ;
#2067 = CARTESIAN_POINT ( 'NONE',  ( 0.1077914785533563400, 0.04677742476386972200, -0.6960229034485030400 ) ) ;
#2068 = CARTESIAN_POINT ( 'NONE',  ( -0.08620741795902613100, -0.1185692202416559900, 0.7379847894097105700 ) ) ;
#2069 = CARTESIAN_POINT ( 'NONE',  ( -0.1174916326967351700, 0.007755255860097657100, 0.6936524596270069500 ) ) ;
#2070 =( NAMED_UNIT ( * ) SI_UNIT ( $, .STERADIAN. ) SOLID_ANGLE_UNIT ( ) );
#2071 = CARTESIAN_POINT ( 'NONE',  ( -0.004783671489552949200, -0.1442059117435523800, -0.7429887398205501400 ) ) ;
#2072 = DIRECTION ( 'NONE',  ( -0.0000000000000000000, -1.000000000000000000, -0.0000000000000000000 ) ) ;
#2073 = CARTESIAN_POINT ( 'NONE',  ( -0.05561071955993674600, 0.1341640677995495900, 0.7409168699008428200 ) ) ;
#2074 = CARTESIAN_POINT ( 'NONE',  ( -0.03221867568827954000, 0.1130128896952771600, 0.7073907952225759700 ) ) ;
#2075 = CARTESIAN_POINT ( 'NONE',  ( -0.1017356586181073100, 0.05882002871199249600, -0.6973963944447649800 ) ) ;
#2076 = FACE_BOUND ( 'NONE', #1166, .T. ) ;
#2077 =( GEOMETRIC_REPRESENTATION_CONTEXT ( 3 ) GLOBAL_UNCERTAINTY_ASSIGNED_CONTEXT ( ( #2274 ) ) GLOBAL_UNIT_ASSIGNED_CONTEXT ( ( #3989, #253, #2415 ) ) REPRESENTATION_CONTEXT ( 'NONE', 'WORKASPACE' ) );
#2078 = COLOUR_RGB ( '',0.9019607843137255100, 0.9019607843137255100, 0.9019607843137255100 ) ;
#2079 = CARTESIAN_POINT ( 'NONE',  ( -0.04596310275539750700, 0.1081417809493616800, -0.7062422962071224200 ) ) ;
#2080 = CARTESIAN_POINT ( 'NONE',  ( -0.1161654777129223200, -0.09242240159955815400, 0.7338632200758229400 ) ) ;
#2081 = VERTEX_POINT ( 'NONE', #122 ) ;
#2082 = UNCERTAINTY_MEASURE_WITH_UNIT (LENGTH_MEASURE( 1.000000000000000100E-005 ), #2932, 'distance_accuracy_value', 'NONE');
#2083 = FILL_AREA_STYLE_COLOUR ( '', #2166 ) ;
#2084 = CARTESIAN_POINT ( 'NONE',  ( 0.05354899025916951000, -0.1350011383790284700, -0.7410818691104107400 ) ) ;
#2085 = CARTESIAN_POINT ( 'NONE',  ( -0.1099574134987996300, -0.04143203499252071800, 0.6955122035465967100 ) ) ;
#2086 = ORIENTED_EDGE ( 'NONE', *, *, #3510, .T. ) ;
#2087 = CARTESIAN_POINT ( 'NONE',  ( -0.004894128575171556400, 0.1442027696821308900, 0.7429880688281210700 ) ) ;
#2088 = CARTESIAN_POINT ( 'NONE',  ( 0.009727811359634458800, 0.1171123631148602700, 0.7083954678689029500 ) ) ;
#2089 = CARTESIAN_POINT ( 'NONE',  ( -0.1159358574748285100, 0.01920677317512437000, -0.6940469878793169600 ) ) ;
#2090 = DIRECTION ( 'NONE',  ( 0.0000000000000000000, 0.5000000000000127700, 0.8660254037844311600 ) ) ;
#2091 = CARTESIAN_POINT ( 'NONE',  ( 0.0000000000000000000, -1.949999999999999500, 0.0000000000000000000 ) ) ;
#2092 = CARTESIAN_POINT ( 'NONE',  ( -0.1462033046021703500, -0.03737552501135080200, 0.7284749518976887400 ) ) ;
#2093 =( NAMED_UNIT ( * ) PLANE_ANGLE_UNIT ( ) SI_UNIT ( $, .RADIAN. ) );
#2094 = DIRECTION ( 'NONE',  ( -0.0000000000000000000, 1.000000000000000000, -0.0000000000000000000 ) ) ;
#2095 = CARTESIAN_POINT ( 'NONE',  ( 0.1105198826251298400, -0.09862155857897041100, -0.7347426332026907300 ) ) ;
#2096 = CARTESIAN_POINT ( 'NONE',  ( 0.04883005684581084200, 0.1365582175815675300, 0.7413974264237409600 ) ) ;
#2097 = CARTESIAN_POINT ( 'NONE',  ( 0.05719121178327394400, 0.1026599817709584100, 0.7050073589184742100 ) ) ;
#2098 = CARTESIAN_POINT ( 'NONE',  ( -0.1070644809052416800, -0.04856041594297107200, -0.6961942488497209200 ) ) ;
#2099 = FACE_OUTER_BOUND ( 'NONE', #661, .T. ) ;
#2100 = SURFACE_STYLE_USAGE ( .BOTH. , #3986 ) ;
#2101 = CIRCLE ( 'NONE', #469, 0.1249999999999999000 ) ;
#2102 = DIRECTION ( 'NONE',  ( -0.0000000000000000000, 1.000000000000000000, -0.0000000000000000000 ) ) ;
#2103 = PRESENTATION_STYLE_ASSIGNMENT (( #2736 ) ) ;
#2104 = CARTESIAN_POINT ( 'NONE',  ( 0.09794400955874307800, 0.06491073170190317400, 0.6982130907829631200 ) ) ;
#2105 = CARTESIAN_POINT ( 'NONE',  ( 0.0000000000000000000, 1.989999999999999800, 0.0000000000000000000 ) ) ;
#2106 = CARTESIAN_POINT ( 'NONE',  ( 0.1461660463155900200, -0.03728272561237192000, -0.7284812014372368200 ) ) ;
#2107 = CARTESIAN_POINT ( 'NONE',  ( 0.09992770580744632400, 0.1084120605781066800, 0.7362596283142169900 ) ) ;
#2108 = CARTESIAN_POINT ( 'NONE',  ( 0.09322714237235478500, 0.07154473033052374800, 0.6991871471444508500 ) ) ;
#2109 = CARTESIAN_POINT ( 'NONE',  ( -0.08834729477826154500, -0.07748971884571315100, -0.7001419498035057500 ) ) ;
#2110 = FILL_AREA_STYLE_COLOUR ( '', #2014 ) ;
#2111 = SURFACE_STYLE_FILL_AREA ( #837 ) ;
#2112 = MECHANICAL_DESIGN_GEOMETRIC_PRESENTATION_REPRESENTATION (  '', ( #1710 ), #2328 ) ;
#2113 = AXIS2_PLACEMENT_3D ( 'NONE', #2386, #1138, #3852 ) ;
#2114 = CARTESIAN_POINT ( 'NONE',  ( 0.0000000000000000000, -1.999999999999999800, 1.533216245000134500E-016 ) ) ;
#2115 = CARTESIAN_POINT ( 'NONE',  ( 0.0000000000000000000, -1.949999999999999500, 0.0000000000000000000 ) ) ;
#2116 = CARTESIAN_POINT ( 'NONE',  ( 0.1507858416591014400, 0.01194249534231940100, -0.7275387904906888100 ) ) ;
#2117 = CYLINDRICAL_SURFACE ( 'NONE', #1599, 0.09999999999999989500 ) ;
#2118 = CARTESIAN_POINT ( 'NONE',  ( 0.09204679657158136600, 0.07305682856160758400, 0.6994230098959233200 ) ) ;
#2119 = CARTESIAN_POINT ( 'NONE',  ( 0.1378630280943050300, 0.05958898413640966600, 0.7301003177680484000 ) ) ;
#2120 = CARTESIAN_POINT ( 'NONE',  ( 0.1144486970132442700, 0.02667425860352658600, 0.6944190957084737100 ) ) ;
#2121 = ORIENTED_EDGE ( 'NONE', *, *, #2251, .F. ) ;
#2122 = CARTESIAN_POINT ( 'NONE',  ( -0.05379160239011130500, -0.1044814511963119300, -0.7054105836516441100 ) ) ;
#2123 = CARTESIAN_POINT ( 'NONE',  ( -0.1057700693247091300, -0.05118465538986772400, 0.6964902679003004400 ) ) ;
#2124 = CARTESIAN_POINT ( 'NONE',  ( 0.1507931889439582700, -0.01186335583332382000, 0.7275372688134742500 ) ) ;
#2125 = ORIENTED_EDGE ( 'NONE', *, *, #2127, .T. ) ;
#2126 = FILL_AREA_STYLE_COLOUR ( '', #1740 ) ;
#2127 = EDGE_CURVE ( 'NONE', #2213, #2974, #1726, .T. ) ;
#2128 = VERTEX_POINT ( 'NONE', #423 ) ;
#2129 = FILL_AREA_STYLE_COLOUR ( '', #611 ) ;
#2130 =( CONVERSION_BASED_UNIT ( 'INCH', #763 ) LENGTH_UNIT ( ) NAMED_UNIT ( #111 ) );
#2131 = CARTESIAN_POINT ( 'NONE',  ( 0.1092620290504907300, -0.04326418022085149600, 0.6956776267579591900 ) ) ;
#2132 = CARTESIAN_POINT ( 'NONE',  ( 0.1345038977848996000, 0.06607717512283889400, -0.7307250502137925300 ) ) ;
#2133 = CARTESIAN_POINT ( 'NONE',  ( 0.1135045439131267100, 0.03044246356401252400, 0.6946526421441556700 ) ) ;
#2134 = CARTESIAN_POINT ( 'NONE',  ( 0.1512848552846968700, 2.667820306312757000E-019, 0.7274351466361026500 ) ) ;
#2135 = CARTESIAN_POINT ( 'NONE',  ( 0.0000000000000000000, 2.000000000000000000, 0.0000000000000000000 ) ) ;
#2136 =( GEOMETRIC_REPRESENTATION_CONTEXT ( 3 ) GLOBAL_UNCERTAINTY_ASSIGNED_CONTEXT ( ( #1842 ) ) GLOBAL_UNIT_ASSIGNED_CONTEXT ( ( #3863, #1991, #131 ) ) REPRESENTATION_CONTEXT ( 'NONE', 'WORKASPACE' ) );
#2137 = CARTESIAN_POINT ( 'NONE',  ( -0.01336007691939850200, -0.1167541605258892400, -0.7083063373369089500 ) ) ;
#2138 = CARTESIAN_POINT ( 'NONE',  ( -0.09393269764324603500, -0.07059617175919900800, 0.6990438655321384900 ) ) ;
#2139 = CARTESIAN_POINT ( 'NONE',  ( 0.1356215083152548500, -0.06396696942835915200, 0.7305182934383934700 ) ) ;
#2140 = DIRECTION ( 'NONE',  ( 0.0000000000000000000, 0.0000000000000000000, -1.000000000000000000 ) ) ;
#2141 =( NAMED_UNIT ( * ) SI_UNIT ( $, .STERADIAN. ) SOLID_ANGLE_UNIT ( ) );
#2142 = CARTESIAN_POINT ( 'NONE',  ( 0.0000000000000000000, -1.949999999999999500, 0.0000000000000000000 ) ) ;
#2143 = CARTESIAN_POINT ( 'NONE',  ( 0.08573342113011973900, -0.08037271676808149800, 0.7006316356605258900 ) ) ;
#2144 = CARTESIAN_POINT ( 'NONE',  ( 0.09977912358133189700, 0.1085358656385379000, -0.7362797510903554800 ) ) ;
#2145 = CARTESIAN_POINT ( 'NONE',  ( 0.0000000000000000000, 1.949999999999999500, 0.1249999999999998300 ) ) ;
#2146 = CARTESIAN_POINT ( 'NONE',  ( 0.1112555427206842100, -0.03784381859916436500, 0.6952010754503605800 ) ) ;
#2147 = DIRECTION ( 'NONE',  ( 0.0000000000000000000, 0.0000000000000000000, -1.000000000000000000 ) ) ;
#2148 = CARTESIAN_POINT ( 'NONE',  ( 0.03060725387071251000, -0.1134600103417505600, -0.7074987622679530500 ) ) ;
#2149 = EDGE_CURVE ( 'NONE', #2760, #238, #226, .T. ) ;
#2150 = STYLED_ITEM ( 'NONE', ( #2666 ), #806 ) ;
#2151 = CARTESIAN_POINT ( 'NONE',  ( -0.07962740220949750300, -0.08642538124964818700, 0.7017168068283298200 ) ) ;
#2152 = FACE_OUTER_BOUND ( 'NONE', #828, .T. ) ;
#2153 = CARTESIAN_POINT ( 'NONE',  ( 0.09975603136588535900, -0.1085548069641870500, 0.7362828481964337500 ) ) ;
#2154 = CARTESIAN_POINT ( 'NONE',  ( -0.1512839845667663700, -0.004736787586450151600, -0.7274353280584233700 ) ) ;
#2155 = CARTESIAN_POINT ( 'NONE',  ( -0.03022625196334550700, -0.1136113794617871900, -0.7075336873667162900 ) ) ;
#2156 =( GEOMETRIC_REPRESENTATION_CONTEXT ( 3 ) GLOBAL_UNCERTAINTY_ASSIGNED_CONTEXT ( ( #2820 ) ) GLOBAL_UNIT_ASSIGNED_CONTEXT ( ( #399, #1017, #449 ) ) REPRESENTATION_CONTEXT ( 'NONE', 'WORKASPACE' ) );
#2157 = CARTESIAN_POINT ( 'NONE',  ( -0.009898660977243720100, -0.1440269018103149900, 0.7429504072829020700 ) ) ;
#2158 = CARTESIAN_POINT ( 'NONE',  ( 0.09400668157678165900, 0.07049765659464134200, 0.6990288792590060300 ) ) ;
#2159 = CIRCLE ( 'NONE', #2692, 0.4699999999999999200 ) ;
#2160 = CARTESIAN_POINT ( 'NONE',  ( 0.1312553656000063600, 0.07235646695787956200, -0.7313360939059847500 ) ) ;
#2161 = CARTESIAN_POINT ( 'NONE',  ( 0.02678133078358021700, -0.1144719807742656900, 0.7077440751849160000 ) ) ;
#2162 = CARTESIAN_POINT ( 'NONE',  ( 0.05566346884394399900, 0.1341594606554063800, -0.7409155042263831900 ) ) ;
#2163 = CARTESIAN_POINT ( 'NONE',  ( 0.0000000000000000000, 1.589999999999999600, 0.0000000000000000000 ) ) ;
#2164 = CARTESIAN_POINT ( 'NONE',  ( 0.08958960623230814700, -0.07605025285090522000, 0.6999037837480156500 ) ) ;
#2165 = CARTESIAN_POINT ( 'NONE',  ( 0.07170405824076776800, -0.09316312831217107800, -0.7030111830248806400 ) ) ;
#2166 = COLOUR_RGB ( '',1.000000000000000000, 1.000000000000000000, 1.000000000000000000 ) ;
#2167 = CARTESIAN_POINT ( 'NONE',  ( -0.06601103668465695100, -0.09720589910816471200, 0.7038418458333634000 ) ) ;
#2168 = CARTESIAN_POINT ( 'NONE',  ( 0.01975837454122898000, -0.1430429221980399900, 0.7427413745827981000 ) ) ;
#2169 = CARTESIAN_POINT ( 'NONE',  ( -0.05868316587556567800, -0.1018144814679244300, -0.7048222817304430300 ) ) ;
#2170 = LINE ( 'NONE', #1992, #3744 ) ;
#2171 = CARTESIAN_POINT ( 'NONE',  ( -0.06697497374036423500, -0.1293732921212634200, 0.7399786412475327600 ) ) ;
#2172 =( CONVERSION_BASED_UNIT ( 'INCH', #3418 ) LENGTH_UNIT ( ) NAMED_UNIT ( #96 ) );
#2173 = FILL_AREA_STYLE_COLOUR ( '', #1624 ) ;
#2174 = CARTESIAN_POINT ( 'NONE',  ( -0.01917034309099040900, -0.1159417643941378500, 0.7081051159452259600 ) ) ;
#2175 = CARTESIAN_POINT ( 'NONE',  ( -0.04146303969696326500, 0.1099579918729813600, -0.7066645999931595600 ) ) ;
#2176 = CARTESIAN_POINT ( 'NONE',  ( -0.04882016731876499100, 0.1368671814610413500, -0.7414512396832584300 ) ) ;
#2177 = EDGE_LOOP ( 'NONE', ( #3197, #30, #3015, #1067 ) ) ;
#2178 = CARTESIAN_POINT ( 'NONE',  ( 0.03783549199543197200, -0.1113076445883873100, 0.7069821827655816700 ) ) ;
#2179 = EDGE_CURVE ( 'NONE', #1650, #2804, #3369, .T. ) ;
#2180 = CARTESIAN_POINT ( 'NONE',  ( 0.1112894983531603800, -0.03774474233563444900, -0.6951928893825817200 ) ) ;
#2181 = EDGE_LOOP ( 'NONE', ( #3660, #2851 ) ) ;
#2182 = CARTESIAN_POINT ( 'NONE',  ( -0.04587022116900401500, -0.1081812140020882400, 0.7062513983102924900 ) ) ;
#2183 = STYLED_ITEM ( 'NONE', ( #2103 ), #2657 ) ;
#2184 = CARTESIAN_POINT ( 'NONE',  ( -0.1454641096952708500, 0.03970017548810410300, -0.7286217994316809300 ) ) ;
#2185 = CARTESIAN_POINT ( 'NONE',  ( -0.07434789510307503200, -0.09098712993765907500, -0.7025876225050904400 ) ) ;
#2186 = CARTESIAN_POINT ( 'NONE',  ( -0.1052059523481643800, -0.1036920338443308000, 0.7355160267520899400 ) ) ;
#2187 = CARTESIAN_POINT ( 'NONE',  ( -5.861897479865045600E-017, -1.989999999999999800, -0.4699999999999997500 ) ) ;
#2188 = CARTESIAN_POINT ( 'NONE',  ( -0.05883373744961317000, -0.1017279606158329000, 0.7048035057749587600 ) ) ;
#2189 = CARTESIAN_POINT ( 'NONE',  ( -0.04860391596350738900, 0.1069937396460096700, -0.7059781180561025500 ) ) ;
#2190 = CARTESIAN_POINT ( 'NONE',  ( -0.1493139818055807800, 0.02368397740827293100, -0.7278429193089645000 ) ) ;
#2191 = CARTESIAN_POINT ( 'NONE',  ( -0.01343126350705323200, -0.1167456933669025200, 0.7083042347054773200 ) ) ;
#2192 = CARTESIAN_POINT ( 'NONE',  ( 0.01633674399330479700, -0.1163871437614681800, 0.7082148999949041700 ) ) ;
#2193 = CARTESIAN_POINT ( 'NONE',  ( -0.1309774889779294600, -0.07220352958746967300, -0.7313646750540671000 ) ) ;
#2194 = CARTESIAN_POINT ( 'NONE',  ( -0.09009134564222749700, -0.07543210713267498000, -0.6998052518586227500 ) ) ;
#2195 = CARTESIAN_POINT ( 'NONE',  ( -0.1377593320564083900, -0.05966859629893627600, 0.7301181627221929900 ) ) ;
#2196 = CARTESIAN_POINT ( 'NONE',  ( -0.05569928602683294600, 0.1341462612867235200, -0.7409128663804471800 ) ) ;
#2197 = CARTESIAN_POINT ( 'NONE',  ( -0.08769883385453589000, -0.07820550073626143800, 0.7002634762337952600 ) ) ;
#2198 = CARTESIAN_POINT ( 'NONE',  ( -0.08036396905924961300, 0.08574157052467842900, -0.7015907227935208600 ) ) ;
#2199 = EDGE_CURVE ( 'NONE', #2804, #3397, #56, .T. ) ;
#2200 = CARTESIAN_POINT ( 'NONE',  ( -0.1105693670309334500, -0.09857109776037725800, -0.7347351814834350800 ) ) ;
#2201 = CARTESIAN_POINT ( 'NONE',  ( 0.05238939854301268000, -0.1051821950449431800, 0.7055679824854819100 ) ) ;
#2202 = CARTESIAN_POINT ( 'NONE',  ( -0.1034656499441666000, -0.1052723622049277600, -0.7357630665724275200 ) ) ;
#2203 = CARTESIAN_POINT ( 'NONE',  ( -0.09985894119004615200, -0.06195293737953899000, -0.6978052327217061400 ) ) ;
#2204 = CARTESIAN_POINT ( 'NONE',  ( -0.1509915473066498500, -0.009284920503744950600, 0.7274960943948152200 ) ) ;
#2205 =( CONVERSION_BASED_UNIT ( 'INCH', #247 ) LENGTH_UNIT ( ) NAMED_UNIT ( #2577 ) );
#2206 = CARTESIAN_POINT ( 'NONE',  ( -0.1099643099431204900, -0.04144684230010817200, 0.6955106786761062800 ) ) ;
#2207 = CARTESIAN_POINT ( 'NONE',  ( -0.1053852578280883700, 0.05199927128896688500, -0.6965786917113545600 ) ) ;
#2208 = CARTESIAN_POINT ( 'NONE',  ( -1.888210615029828500E-016, -0.1442586109336714000, -0.7429999999959128200 ) ) ;
#2209 = VECTOR ( 'NONE', #1651, 39.37007874015748100 ) ;
#2210 = LENGTH_MEASURE_WITH_UNIT ( LENGTH_MEASURE( 0.02539999999999999900 ), #1462 );
#2211 = CARTESIAN_POINT ( 'NONE',  ( 0.08573033237638134900, 0.08044342653590012800, -0.7006383688572949100 ) ) ;
#2212 = CARTESIAN_POINT ( 'NONE',  ( 0.07056992502231933300, -0.09395237329961651800, 0.7031751560051192600 ) ) ;
#2213 = VERTEX_POINT ( 'NONE', #400 ) ;
#2214 = CARTESIAN_POINT ( 'NONE',  ( -0.05571734435787012400, -0.1341396484648289800, -0.7409115433500678100 ) ) ;
#2215 = CARTESIAN_POINT ( 'NONE',  ( -0.1113939693954852800, -0.03758230301302717400, -0.6951692788293640800 ) ) ;
#2216 = CARTESIAN_POINT ( 'NONE',  ( -0.1432483694789399300, 0.04663145048405317700, 0.7290617760164699300 ) ) ;
#2217 = ORIENTED_EDGE ( 'NONE', *, *, #258, .T. ) ;
#2218 = FILL_AREA_STYLE_COLOUR ( '', #1219 ) ;
#2219 = CARTESIAN_POINT ( 'NONE',  ( -0.1174957589642179900, 0.003967770089966953800, 0.6936513756260981300 ) ) ;
#2220 = CARTESIAN_POINT ( 'NONE',  ( -0.1173134526352574600, 0.007660672847026726900, -0.6936980447674463400 ) ) ;
#2221 = DIRECTION ( 'NONE',  ( 0.0000000000000000000, 1.000000000000000000, 0.0000000000000000000 ) ) ;
#2222 = CARTESIAN_POINT ( 'NONE',  ( 0.0000000000000000000, -2.000000000000000000, 0.0000000000000000000 ) ) ;
#2223 = EDGE_LOOP ( 'NONE', ( #1637, #1642, #545, #1925 ) ) ;
#2224 = CARTESIAN_POINT ( 'NONE',  ( -0.1087828787812963900, 0.1002800142057209500, -0.7349955159596278700 ) ) ;
#2225 = CARTESIAN_POINT ( 'NONE',  ( 0.04323273190070066300, 0.1092741466375489100, -0.7065045698575546100 ) ) ;
#2226 = CARTESIAN_POINT ( 'NONE',  ( 0.08649892787830830400, -0.07954801086347868000, 0.7004903285570109900 ) ) ;
#2227 = AXIS2_PLACEMENT_3D ( 'NONE', #2441, #4013, #3697 ) ;
#2228 = CARTESIAN_POINT ( 'NONE',  ( -0.002307067450399136700, -0.1442611107330480100, -0.7430005344409085200 ) ) ;
#2229 = UNCERTAINTY_MEASURE_WITH_UNIT (LENGTH_MEASURE( 1.000000000000000100E-005 ), #1965, 'distance_accuracy_value', 'NONE');
#2230 = CARTESIAN_POINT ( 'NONE',  ( -0.1104012704790238600, 0.09874237005624229800, 0.7347604891782688600 ) ) ;
#2231 = CARTESIAN_POINT ( 'NONE',  ( -0.009928104873586701300, 0.1439672054934338600, -0.7429378265604879000 ) ) ;
#2232 = CARTESIAN_POINT ( 'NONE',  ( -0.1053771926632656000, 0.05212143699854753600, 0.6965834421626988500 ) ) ;
#2233 = CARTESIAN_POINT ( 'NONE',  ( -0.1026822949611435500, -0.05712732284355619800, -0.6971864050198907100 ) ) ;
#2234 =( LENGTH_UNIT ( ) NAMED_UNIT ( * ) SI_UNIT ( $, .METRE. ) );
#2235 = CARTESIAN_POINT ( 'NONE',  ( -0.1034585079691877200, -0.1053570655594165000, 0.7357701752824052900 ) ) ;
#2236 = CARTESIAN_POINT ( 'NONE',  ( 0.0001661782780621870000, -0.1442585241059669300, -0.7429999814164062200 ) ) ;
#2237 = CARTESIAN_POINT ( 'NONE',  ( 0.09221554727463710000, 0.1144593213598384800, 0.7372654137616500000 ) ) ;
#2238 = UNCERTAINTY_MEASURE_WITH_UNIT (LENGTH_MEASURE( 1.000000000000000100E-005 ), #2371, 'distance_accuracy_value', 'NONE');
#2239 = LENGTH_MEASURE_WITH_UNIT ( LENGTH_MEASURE( 0.02539999999999999900 ), #250 );
#2240 = CARTESIAN_POINT ( 'NONE',  ( -0.001923103670630062600, 0.1175000020408696300, -0.7084922549754063500 ) ) ;
#2241 = CARTESIAN_POINT ( 'NONE',  ( 0.1174493167385856100, 0.003953621131346473700, -0.6936632400320300600 ) ) ;
#2242 = CARTESIAN_POINT ( 'NONE',  ( 0.0000000000000000000, 2.000000000000000000, -0.7429999999999999900 ) ) ;
#2243 = CARTESIAN_POINT ( 'NONE',  ( 0.09669058876497392500, -0.06676355076863750600, 0.6984764272821811800 ) ) ;
#2244 = AXIS2_PLACEMENT_3D ( 'NONE', #2105, #254, #3991 ) ;
#2245 = CARTESIAN_POINT ( 'NONE',  ( 0.06037447662354091700, -0.1322940274164168000, -0.7405465087733443800 ) ) ;
#2246 = DIRECTION ( 'NONE',  ( -0.0000000000000000000, 1.000000000000000000, -0.0000000000000000000 ) ) ;
#2247 = CARTESIAN_POINT ( 'NONE',  ( -0.05676682347835094300, 0.1337231269072534400, 0.7408291796473086600 ) ) ;
#2248 = CARTESIAN_POINT ( 'NONE',  ( 0.007699593426766827000, 0.1174942256291327800, 0.7084907273334560800 ) ) ;
#2249 = CARTESIAN_POINT ( 'NONE',  ( -0.07743971494490668700, 0.08839145308697099500, 0.7020862442622881600 ) ) ;
#2250 = CARTESIAN_POINT ( 'NONE',  ( -0.08175166902289116000, -0.08441913027104978900, -0.7013487876164641300 ) ) ;
#2251 = EDGE_CURVE ( 'NONE', #710, #150, #2436, .T. ) ;
#2252 = CARTESIAN_POINT ( 'NONE',  ( -0.03451066750367525600, 0.1405342316798180400, -0.7422139724800920200 ) ) ;
#2253 = PRESENTATION_STYLE_ASSIGNMENT (( #1895 ) ) ;
#2254 = CARTESIAN_POINT ( 'NONE',  ( -4.490253167922298400E-017, 0.1175000000000000200, -0.7084922537182735100 ) ) ;
#2255 = DIRECTION ( 'NONE',  ( -0.0000000000000000000, -1.000000000000000000, -0.0000000000000000000 ) ) ;
#2256 = CARTESIAN_POINT ( 'NONE',  ( 0.0000000000000000000, -1.949999999999999500, -0.1249999999999998300 ) ) ;
#2257 = CARTESIAN_POINT ( 'NONE',  ( -0.08820044388518212500, 0.1172286738203522400, -0.7377490410975395800 ) ) ;
#2258 = CARTESIAN_POINT ( 'NONE',  ( -0.03442435527610904900, 0.1405533161400399600, 0.7422179637120919200 ) ) ;
#2259 = CARTESIAN_POINT ( 'NONE',  ( 0.1163992058609405200, -0.01624993546485657300, -0.6939305256749701600 ) ) ;
#2260 = CARTESIAN_POINT ( 'NONE',  ( 0.1070374635568864500, -0.04847808086502924900, 0.6961983052121019100 ) ) ;
#2261 = UNCERTAINTY_MEASURE_WITH_UNIT (LENGTH_MEASURE( 1.000000000000000100E-005 ), #3370, 'distance_accuracy_value', 'NONE');
#2262 = CARTESIAN_POINT ( 'NONE',  ( 0.1138432400996162400, -0.09512490514765974100, -0.7342335930190947400 ) ) ;
#2263 = CARTESIAN_POINT ( 'NONE',  ( -0.1174999304696855200, 0.0001278265194171856900, 0.6936503091047060400 ) ) ;
#2264 = ADVANCED_FACE ( 'NONE', ( #794, #3166 ), #2885, .F. ) ;
#2265 = CARTESIAN_POINT ( 'NONE',  ( -0.009873663560837917300, 0.1439705932183121300, 0.7429385485778085000 ) ) ;
#2266 = CARTESIAN_POINT ( 'NONE',  ( -0.08210146721166485000, 0.1211898549348960600, -0.7384528300011683500 ) ) ;
#2267 =( GEOMETRIC_REPRESENTATION_CONTEXT ( 3 ) GLOBAL_UNCERTAINTY_ASSIGNED_CONTEXT ( ( #1537 ) ) GLOBAL_UNIT_ASSIGNED_CONTEXT ( ( #1512, #3710, #1834 ) ) REPRESENTATION_CONTEXT ( 'NONE', 'WORKASPACE' ) );
#2268 = CARTESIAN_POINT ( 'NONE',  ( -0.04047280121203436500, 0.1103138435362297400, 0.7067485145991683200 ) ) ;
#2269 = CARTESIAN_POINT ( 'NONE',  ( -0.04684709170411695300, -0.1077744421081726500, -0.7061572352584251100 ) ) ;
#2270 = CARTESIAN_POINT ( 'NONE',  ( 0.0000000000000000000, -1.989999999999999800, 0.0000000000000000000 ) ) ;
#2271 = VERTEX_POINT ( 'NONE', #705 ) ;
#2272 = CARTESIAN_POINT ( 'NONE',  ( 0.1098430022996867400, 0.04174334553533497200, 0.6955395243347049000 ) ) ;
#2273 = SURFACE_STYLE_USAGE ( .BOTH. , #102 ) ;
#2274 = UNCERTAINTY_MEASURE_WITH_UNIT (LENGTH_MEASURE( 1.000000000000000100E-005 ), #3989, 'distance_accuracy_value', 'NONE');
#2275 = CARTESIAN_POINT ( 'NONE',  ( -0.1137274800144593700, 0.09524850612326717100, 0.7342514102976210900 ) ) ;
#2276 = ORIENTED_EDGE ( 'NONE', *, *, #1730, .T. ) ;
#2277 = CARTESIAN_POINT ( 'NONE',  ( 0.1058318270619242300, -0.05105676288234517500, -0.6964761388882043700 ) ) ;
#2278 = FILL_AREA_STYLE_COLOUR ( '', #3765 ) ;
#2279 = ORIENTED_EDGE ( 'NONE', *, *, #593, .F. ) ;
#2280 = CARTESIAN_POINT ( 'NONE',  ( 0.1473651022927924300, -0.03271047226149873700, -0.7282395902028919700 ) ) ;
#2281 =( NAMED_UNIT ( * ) SI_UNIT ( $, .STERADIAN. ) SOLID_ANGLE_UNIT ( ) );
#2282 = CARTESIAN_POINT ( 'NONE',  ( 0.04645268874222501600, 0.1373104234269766100, 0.7415503210898449800 ) ) ;
#2283 = CARTESIAN_POINT ( 'NONE',  ( 0.07490494947634834800, 0.09052903345839385900, 0.7024984147799946400 ) ) ;
#2284 = CARTESIAN_POINT ( 'NONE',  ( 0.002027883685310325700, 0.1174984515362718500, 0.7084918666130215500 ) ) ;
#2285 = AXIS2_PLACEMENT_3D ( 'NONE', #2440, #586, #2754 ) ;
#2286 = CARTESIAN_POINT ( 'NONE',  ( -0.003715384457780522700, -0.1174570758475235000, -0.7084815165043895100 ) ) ;
#2287 =( NAMED_UNIT ( * ) PLANE_ANGLE_UNIT ( ) SI_UNIT ( $, .RADIAN. ) );
#2288 = FILL_AREA_STYLE ('',( #3848 ) ) ;
#2289 = CARTESIAN_POINT ( 'NONE',  ( -0.1472800226575835500, 0.03797497674397430600, 0.7282974753459596800 ) ) ;
#2290 = CARTESIAN_POINT ( 'NONE',  ( 0.09572669533834284000, -0.06816410631497123200, -0.6986780066125437600 ) ) ;
#2291 = CARTESIAN_POINT ( 'NONE',  ( 0.1493213752784814900, 0.02364053980038488200, -0.7278414012382239400 ) ) ;
#2292 =( NAMED_UNIT ( * ) SI_UNIT ( $, .STERADIAN. ) SOLID_ANGLE_UNIT ( ) );
#2293 = CARTESIAN_POINT ( 'NONE',  ( 0.09419373331847001600, 0.1129101873551740000, 0.7370076616053375900 ) ) ;
#2294 = DIMENSIONAL_EXPONENTS ( 1.000000000000000000, 0.0000000000000000000, 0.0000000000000000000, 0.0000000000000000000, 0.0000000000000000000, 0.0000000000000000000, 0.0000000000000000000 ) ;
#2295 = CARTESIAN_POINT ( 'NONE',  ( 0.07762964864648005900, 0.08820886496575358600, 0.7020525273917217500 ) ) ;
#2296 = CARTESIAN_POINT ( 'NONE',  ( 0.04335684236030999000, 0.1092251440455267200, 0.7064931393713537200 ) ) ;
#2297 = CARTESIAN_POINT ( 'NONE',  ( 0.04159045757491169900, -0.1099597010855523100, -0.7066632081235383300 ) ) ;
#2298 = CARTESIAN_POINT ( 'NONE',  ( 0.08032565549646379600, 0.08584069444855675600, -0.7016031016727409800 ) ) ;
#2299 = CIRCLE ( 'NONE', #2350, 0.09999999999999989500 ) ;
#2300 = CARTESIAN_POINT ( 'NONE',  ( 0.0000000000000000000, -1.989999999999999800, -0.09999999999999989500 ) ) ;
#2301 = CARTESIAN_POINT ( 'NONE',  ( -0.03848869829251759500, 0.1110480273958859000, 0.7069206783201579200 ) ) ;
#2302 =( NAMED_UNIT ( * ) PLANE_ANGLE_UNIT ( ) SI_UNIT ( $, .RADIAN. ) );
#2303 = CARTESIAN_POINT ( 'NONE',  ( 0.08398591569460237000, -0.08218368936308385900, -0.7009495856287288900 ) ) ;
#2304 = CARTESIAN_POINT ( 'NONE',  ( -0.07158914900461713100, -0.09319279866030008600, 0.7030219138878670600 ) ) ;
#2305 = CARTESIAN_POINT ( 'NONE',  ( 0.1321780222265678000, 0.07021527377589548100, -0.7311493471059625800 ) ) ;
#2306 = CARTESIAN_POINT ( 'NONE',  ( 0.1357582372235319500, 0.06383218865125617200, 0.7304959164762807600 ) ) ;
#2307 = ADVANCED_FACE ( 'NONE', ( #405 ), #2395, .F. ) ;
#2308 = CARTESIAN_POINT ( 'NONE',  ( -0.1052788685196880000, 0.1036249924267558400, -0.7355056123440704100 ) ) ;
#2309 = CARTESIAN_POINT ( 'NONE',  ( 0.08583863985601583600, -0.08032819005930411100, -0.7006183904450514800 ) ) ;
#2310 = CARTESIAN_POINT ( 'NONE',  ( 0.01908961670013420800, 0.1159429941746481200, -0.7081052750120278000 ) ) ;
#2311 = CARTESIAN_POINT ( 'NONE',  ( 0.1499927917006495800, -0.01896187834177631700, 0.7277027569278607900 ) ) ;
#2312 = CARTESIAN_POINT ( 'NONE',  ( -0.06229075366173242300, 0.09963840824160089000, 0.7043538821856750700 ) ) ;
#2313 = CARTESIAN_POINT ( 'NONE',  ( 0.1000334194706349600, -0.1086327819435766700, -0.7362692604478222600 ) ) ;
#2314 = PRESENTATION_STYLE_ASSIGNMENT (( #67 ) ) ;
#2315 = CARTESIAN_POINT ( 'NONE',  ( 0.06909548548467822600, -0.09504199613584926600, -0.7033958256775566500 ) ) ;
#2316 = CARTESIAN_POINT ( 'NONE',  ( -0.09555796032113521300, -0.06848011004102148900, 0.6987162286156409800 ) ) ;
#2317 = CARTESIAN_POINT ( 'NONE',  ( 0.09977912358133189700, 0.1085358656385379000, -0.7362797510903554800 ) ) ;
#2318 = CARTESIAN_POINT ( 'NONE',  ( 0.0000000000000000000, 1.589999999999999600, 0.0000000000000000000 ) ) ;
#2319 = PRESENTATION_STYLE_ASSIGNMENT (( #1472 ) ) ;
#2320 = CARTESIAN_POINT ( 'NONE',  ( 0.1512847416547434800, 0.004725032903077255900, 0.7274351719857163900 ) ) ;
#2321 = ORIENTED_EDGE ( 'NONE', *, *, #3947, .F. ) ;
#2322 = CARTESIAN_POINT ( 'NONE',  ( -0.1119434972979384700, 0.03575722855381003500, -0.6950351665126605100 ) ) ;
#2323 = CARTESIAN_POINT ( 'NONE',  ( 0.05831214844516020200, 0.1020169062520165000, 0.7048670414941125000 ) ) ;
#2324 = CARTESIAN_POINT ( 'NONE',  ( 0.01531215492884669200, 0.1165611367937722000, -0.7082583099985864100 ) ) ;
#2325 = CARTESIAN_POINT ( 'NONE',  ( 0.05364167796965677700, 0.1045455518512497500, -0.7054255213579318000 ) ) ;
#2326 = CARTESIAN_POINT ( 'NONE',  ( 0.1310024006054910100, -0.07230595536352124600, 0.7313637886912971500 ) ) ;
#2327 = EDGE_LOOP ( 'NONE', ( #1587, #578 ) ) ;
#2328 =( GEOMETRIC_REPRESENTATION_CONTEXT ( 3 ) GLOBAL_UNCERTAINTY_ASSIGNED_CONTEXT ( ( #1510 ) ) GLOBAL_UNIT_ASSIGNED_CONTEXT ( ( #1984, #125, #2292 ) ) REPRESENTATION_CONTEXT ( 'NONE', 'WORKASPACE' ) );
#2329 = CARTESIAN_POINT ( 'NONE',  ( -0.07552510109827997900, 0.09002244870799973300, 0.7023995267373691600 ) ) ;
#2330 = AXIS2_PLACEMENT_3D ( 'NONE', #3513, #1649, #3831 ) ;
#2331 = CARTESIAN_POINT ( 'NONE',  ( -0.1104362909896166200, 0.09870645321317135500, 0.7347552070495466700 ) ) ;
#2332 = CARTESIAN_POINT ( 'NONE',  ( -0.1432928898525798200, -0.04650677721661749400, -0.7290530159440343800 ) ) ;
#2333 = ADVANCED_FACE ( 'NONE', ( #1667 ), #1459, .T. ) ;
#2334 = CARTESIAN_POINT ( 'NONE',  ( 0.04939292254391720200, -0.1066185116235823400, -0.7058930211841587500 ) ) ;
#2335 = ORIENTED_EDGE ( 'NONE', *, *, #1753, .F. ) ;
#2336 = CARTESIAN_POINT ( 'NONE',  ( -0.1156199028559150600, -0.02102457392107522100, 0.6941264963808395600 ) ) ;
#2337 = CARTESIAN_POINT ( 'NONE',  ( 0.04871438891424748100, 0.1365954319908357600, -0.7414049756602687500 ) ) ;
#2338 = SURFACE_STYLE_USAGE ( .BOTH. , #172 ) ;
#2339 = CARTESIAN_POINT ( 'NONE',  ( -0.1018290179325789400, 0.05865828682231950800, -0.6973759486497512800 ) ) ;
#2340 = CARTESIAN_POINT ( 'NONE',  ( 0.07314089597656578400, 0.09196266235238632900, -0.7027788227193533200 ) ) ;
#2341 = CARTESIAN_POINT ( 'NONE',  ( 0.08820533910851155500, -0.1172960134940014700, 0.7377572935377848500 ) ) ;
#2342 = CARTESIAN_POINT ( 'NONE',  ( -0.09039659795857377100, 0.07506496661840896000, 0.6997457700601482600 ) ) ;
#2343 = CARTESIAN_POINT ( 'NONE',  ( -0.1184758601144913600, -0.08973881140089787200, -0.7334950348430782100 ) ) ;
#2344 = EDGE_CURVE ( 'NONE', #1289, #3486, #1263, .T. ) ;
#2345 = CARTESIAN_POINT ( 'NONE',  ( 0.0001290674313405930100, -0.1174999291131622900, -0.7084922359977724500 ) ) ;
#2346 = CARTESIAN_POINT ( 'NONE',  ( -0.1512793948209986100, 0.004871361723389637500, 0.7274362837213602700 ) ) ;
#2347 = CARTESIAN_POINT ( 'NONE',  ( -0.1155949273046718200, 0.02116196871617063300, 0.6941327699804278300 ) ) ;
#2348 = SHAPE_DEFINITION_REPRESENTATION ( #3596, #70 ) ;
#2349 = CARTESIAN_POINT ( 'NONE',  ( -0.003850175766203491700, 0.1174527974061557000, -0.7084804468906785700 ) ) ;
#2350 = AXIS2_PLACEMENT_3D ( 'NONE', #236, #2402, #556 ) ;
#2351 = PRESENTATION_STYLE_ASSIGNMENT (( #2273 ) ) ;
#2352 = PRESENTATION_STYLE_ASSIGNMENT (( #3144 ) ) ;
#2353 = CARTESIAN_POINT ( 'NONE',  ( -0.09100488383734980900, 0.07432616316337800600, -0.6996268741516723500 ) ) ;
#2354 = ADVANCED_FACE ( 'NONE', ( #2099 ), #877, .T. ) ;
#2355 = CARTESIAN_POINT ( 'NONE',  ( 0.08895041566347054700, 0.07677677481809669400, -0.7000256997872034100 ) ) ;
#2356 = CARTESIAN_POINT ( 'NONE',  ( 0.01233458891890186000, -0.1437978783239685600, 0.7429017317173543000 ) ) ;
#2357 = CARTESIAN_POINT ( 'NONE',  ( 0.1044665572107951700, 0.05382048264425932200, -0.6967873992925551800 ) ) ;
#2358 = CARTESIAN_POINT ( 'NONE',  ( -0.1012903153094908800, 0.05956050377009780600, 0.6974933689150829600 ) ) ;
#2359 = CARTESIAN_POINT ( 'NONE',  ( -0.09789703144117355100, -0.1100085697107983200, -0.7365248990172490500 ) ) ;
#2360 = DIRECTION ( 'NONE',  ( -0.0000000000000000000, -1.000000000000000000, -0.0000000000000000000 ) ) ;
#2361 = CARTESIAN_POINT ( 'NONE',  ( -0.1356763688716776100, 0.06399120095092260300, 0.7305111591701792800 ) ) ;
#2362 = CARTESIAN_POINT ( 'NONE',  ( -0.09652216658922847800, 0.06703296947258662000, 0.6985126975713458200 ) ) ;
#2363 = CARTESIAN_POINT ( 'NONE',  ( -0.04682698631198861600, 0.1077832254650364100, -0.7061592551225134300 ) ) ;
#2364 = CARTESIAN_POINT ( 'NONE',  ( -0.07551571051494419800, 0.09002147724179164500, -0.7023999171999374400 ) ) ;
#2365 = CIRCLE ( 'NONE', #2244, 0.1650000000000005600 ) ;
#2366 = EDGE_CURVE ( 'NONE', #1357, #665, #169, .T. ) ;
#2367 = AXIS2_PLACEMENT_3D ( 'NONE', #1786, #2094, #1771 ) ;
#2368 = CARTESIAN_POINT ( 'NONE',  ( 0.09880956182180079800, 0.06361652547243515400, -0.6980305997300098000 ) ) ;
#2369 = CARTESIAN_POINT ( 'NONE',  ( -0.04167937719708037600, -0.1386958524877763000, 0.7418338320007014100 ) ) ;
#2370 = CARTESIAN_POINT ( 'NONE',  ( -0.1130278680078386500, 0.03216605060739185400, 0.6947705751731039200 ) ) ;
#2371 =( CONVERSION_BASED_UNIT ( 'INCH', #3305 ) LENGTH_UNIT ( ) NAMED_UNIT ( #2925 ) );
#2372 = CARTESIAN_POINT ( 'NONE',  ( -0.05338051147148105400, -0.1350009680898091000, -0.7410837077022809400 ) ) ;
#2373 = EDGE_LOOP ( 'NONE', ( #286, #41 ) ) ;
#2374 =( NAMED_UNIT ( * ) SI_UNIT ( $, .STERADIAN. ) SOLID_ANGLE_UNIT ( ) );
#2375 = CARTESIAN_POINT ( 'NONE',  ( -0.09970600909556125200, 0.1085210915627672400, 0.7362819801475363200 ) ) ;
#2376 = CARTESIAN_POINT ( 'NONE',  ( -0.06681147328141560900, 0.09667540843049507400, 0.7037306084974942500 ) ) ;
#2377 = ORIENTED_EDGE ( 'NONE', *, *, #3887, .T. ) ;
#2378 = CARTESIAN_POINT ( 'NONE',  ( -0.07750491759061282900, 0.08833431702995363200, -0.7020753999424638200 ) ) ;
#2379 = CARTESIAN_POINT ( 'NONE',  ( -0.06199622704510123600, 0.09983176395133465400, -0.7043946308967741200 ) ) ;
#2380 = ORIENTED_EDGE ( 'NONE', *, *, #3510, .F. ) ;
#2381 = CARTESIAN_POINT ( 'NONE',  ( 0.1100594478463409200, 0.04134538998487987500, -0.6954902046205633200 ) ) ;
#2382 = CARTESIAN_POINT ( 'NONE',  ( -0.09217322593291957200, -0.1144158612988769900, 0.7372632223956434600 ) ) ;
#2383 = CARTESIAN_POINT ( 'NONE',  ( 1.224646799147351700E-017, -1.589999999999999600, 0.09999999999999989500 ) ) ;
#2384 =( NAMED_UNIT ( * ) PLANE_ANGLE_UNIT ( ) SI_UNIT ( $, .RADIAN. ) );
#2385 = CARTESIAN_POINT ( 'NONE',  ( 0.005112669734985441700, -0.1442533508518047400, -0.7429988753674016100 ) ) ;
#2386 = CARTESIAN_POINT ( 'NONE',  ( 0.0000000000000000000, -1.989999999999999800, 0.0000000000000000000 ) ) ;
#2387 = CARTESIAN_POINT ( 'NONE',  ( -0.05210997339853763700, 0.1354359307031331200, 0.7411713305139269200 ) ) ;
#2388 = CARTESIAN_POINT ( 'NONE',  ( -0.02664513527661797500, 0.1144550841887890800, 0.7077403186542091700 ) ) ;
#2389 = CARTESIAN_POINT ( 'NONE',  ( -0.1045122940330271400, 0.05373250015736591400, -0.6967770818751478600 ) ) ;
#2390 = CARTESIAN_POINT ( 'NONE',  ( -0.03764136619337309100, 0.1113737848848837500, -0.7069972292584829600 ) ) ;
#2391 = DIRECTION ( 'NONE',  ( 1.095978501382900000E-016, -0.4461978131098082200, 0.8949343616020252200 ) ) ;
#2392 = CARTESIAN_POINT ( 'NONE',  ( -0.1230338059445058900, -0.08407528140399067600, 0.7327478248871033300 ) ) ;
#2393 = AXIS2_PLACEMENT_3D ( 'NONE', #1167, #3975, #3046 ) ;
#2394 = DIRECTION ( 'NONE',  ( 0.0000000000000000000, 0.0000000000000000000, 1.000000000000000000 ) ) ;
#2395 = CONICAL_SURFACE ( 'NONE', #585, 0.1249999999999998300, 0.7853981633974525000 ) ;
#2396 = FILL_AREA_STYLE_COLOUR ( '', #200 ) ;
#2397 = LINE ( 'NONE', #1691, #2731 ) ;
#2398 = CARTESIAN_POINT ( 'NONE',  ( 0.06262648886294625000, -0.1313387075559479000, -0.7403593239646345500 ) ) ;
#2399 = CARTESIAN_POINT ( 'NONE',  ( 0.002610962466866722900, 0.1442567100362640300, 0.7429995940404430200 ) ) ;
#2400 = CARTESIAN_POINT ( 'NONE',  ( 0.01925251888944900700, 0.1159755535691654200, 0.7081129589835616400 ) ) ;
#2401 = CARTESIAN_POINT ( 'NONE',  ( -0.1167458079462620800, 0.01343273033197952800, -0.6938422570567459600 ) ) ;
#2402 = DIRECTION ( 'NONE',  ( -0.0000000000000000000, 1.000000000000000000, -0.0000000000000000000 ) ) ;
#2403 = CARTESIAN_POINT ( 'NONE',  ( -0.1488641725241895400, -0.02581256028562148700, 0.7279345456556505200 ) ) ;
#2404 = CARTESIAN_POINT ( 'NONE',  ( 0.0000000000000000000, 1.989999999999999800, 0.0000000000000000000 ) ) ;
#2405 = PRESENTATION_STYLE_ASSIGNMENT (( #3047 ) ) ;
#2406 = CARTESIAN_POINT ( 'NONE',  ( 0.009891338532836959800, 0.1442586011265316300, -0.7430000000000001000 ) ) ;
#2407 = CARTESIAN_POINT ( 'NONE',  ( 0.1201627116604804800, -0.08777314978783584700, -0.7332258491941651100 ) ) ;
#2408 = CARTESIAN_POINT ( 'NONE',  ( 0.05582326486881872300, 0.1340992985629143300, 0.7409035170081710300 ) ) ;
#2409 = CARTESIAN_POINT ( 'NONE',  ( 0.06213859759991157600, 0.09974323345493264800, 0.7043758082343957200 ) ) ;
#2410 = EDGE_CURVE ( 'NONE', #249, #2815, #633, .T. ) ;
#2411 = CARTESIAN_POINT ( 'NONE',  ( -0.1031484228167885200, -0.05628138855377449300, -0.6970826629159261300 ) ) ;
#2412 =( CONVERSION_BASED_UNIT ( 'INCH', #2239 ) LENGTH_UNIT ( ) NAMED_UNIT ( #744 ) );
#2413 = FILL_AREA_STYLE_COLOUR ( '', #754 ) ;
#2414 = ORIENTED_EDGE ( 'NONE', *, *, #2410, .T. ) ;
#2415 =( NAMED_UNIT ( * ) SI_UNIT ( $, .STERADIAN. ) SOLID_ANGLE_UNIT ( ) );
#2416 = FILL_AREA_STYLE_COLOUR ( '', #483 ) ;
#2417 = CARTESIAN_POINT ( 'NONE',  ( 0.1479050371127380000, -0.03041370126252212700, -0.7281300291213099700 ) ) ;
#2418 = ORIENTED_EDGE ( 'NONE', *, *, #2000, .T. ) ;
#2419 = CARTESIAN_POINT ( 'NONE',  ( 0.1105230635714052200, 0.09861783833930283500, 0.7347421168019819800 ) ) ;
#2420 = CARTESIAN_POINT ( 'NONE',  ( 0.09663155117542847300, 0.06687557762546170200, 0.6984899144719204400 ) ) ;
#2421 = CARTESIAN_POINT ( 'NONE',  ( -0.08446204091915494900, -0.08170733549314251900, -0.7008645157885184900 ) ) ;
#2422 = ORIENTED_EDGE ( 'NONE', *, *, #2983, .F. ) ;
#2423 = FILL_AREA_STYLE ('',( #2110 ) ) ;
#2424 = DIRECTION ( 'NONE',  ( 0.0000000000000000000, -1.000000000000000000, 0.0000000000000000000 ) ) ;
#2425 = COLOUR_RGB ( '',0.9019607843137255100, 0.9019607843137255100, 0.9019607843137255100 ) ;
#2426 = DIRECTION ( 'NONE',  ( 0.0000000000000000000, 0.0000000000000000000, 1.000000000000000000 ) ) ;
#2427 = CARTESIAN_POINT ( 'NONE',  ( -5.967955003737531500E-017, -1.999999999999999800, -0.4873205080756877700 ) ) ;
#2428 = CARTESIAN_POINT ( 'NONE',  ( 0.1493213752784814900, 0.02364053980038488200, -0.7278414012382239400 ) ) ;
#2429 = CARTESIAN_POINT ( 'NONE',  ( 0.09551891995895633900, 0.06845499807787280800, 0.6987207255343794700 ) ) ;
#2430 = CARTESIAN_POINT ( 'NONE',  ( 0.1433055500596097100, 0.04647262366237674800, 0.7290505382981838900 ) ) ;
#2431 = CARTESIAN_POINT ( 'NONE',  ( 0.1156232371929902100, 0.02100560787723601600, 0.6941256587359664300 ) ) ;
#2432 = CARTESIAN_POINT ( 'NONE',  ( -0.04860824139758467700, -0.1069914975137147800, -0.7059776167912587000 ) ) ;
#2433 = CIRCLE ( 'NONE', #930, 0.7429999999999999900 ) ;
#2434 = CARTESIAN_POINT ( 'NONE',  ( -0.1044576302884385500, -0.05381281305239537400, 0.6967887468116165100 ) ) ;
#2435 = CARTESIAN_POINT ( 'NONE',  ( 0.1499927917006495800, -0.01896187834177631700, 0.7277027569278607900 ) ) ;
#2436 = CIRCLE ( 'NONE', #2330, 0.09999999999999989500 ) ;
#2437 = CARTESIAN_POINT ( 'NONE',  ( 0.0000000000000000000, -1.489999999999999800, 0.0000000000000000000 ) ) ;
#2438 = AXIS2_PLACEMENT_3D ( 'NONE', #2142, #290, #4028 ) ;
#2439 = CIRCLE ( 'NONE', #3663, 0.1249999999999998300 ) ;
#2440 = CARTESIAN_POINT ( 'NONE',  ( 0.0000000000000000000, -1.999999999999999800, 1.533216245000134500E-016 ) ) ;
#2441 = CARTESIAN_POINT ( 'NONE',  ( 0.0000000000000000000, 1.989999999999999800, 0.0000000000000000000 ) ) ;
#2442 = CARTESIAN_POINT ( 'NONE',  ( 0.1069889901728530200, -0.04861423720701110000, 0.6962100958225571100 ) ) ;
#2443 = CARTESIAN_POINT ( 'NONE',  ( 0.1309622925738860000, 0.07225702466605753200, -0.7313682644630704600 ) ) ;
#2444 = CARTESIAN_POINT ( 'NONE',  ( 0.1148716940860647900, 0.02478835083637279100, 0.6943137184616848800 ) ) ;
#2445 = CARTESIAN_POINT ( 'NONE',  ( 0.1175000441270856500, -0.001924291942552657500, 0.6936502792652647900 ) ) ;
#2446 = DIRECTION ( 'NONE',  ( -0.0000000000000000000, 1.000000000000000000, -0.0000000000000000000 ) ) ;
#2447 = CARTESIAN_POINT ( 'NONE',  ( -0.007567722869319518100, -0.1172718986934250100, -0.7084352766189330200 ) ) ;
#2448 = CARTESIAN_POINT ( 'NONE',  ( -0.09192532871425544700, -0.07318783833166736500, 0.6994457037854884300 ) ) ;
#2449 = CARTESIAN_POINT ( 'NONE',  ( 0.1310024006054910100, -0.07230595536352124600, 0.7313637886912971500 ) ) ;
#2450 = FACE_OUTER_BOUND ( 'NONE', #1053, .T. ) ;
#2451 = CARTESIAN_POINT ( 'NONE',  ( 0.0001290674313405930100, -0.1174999291131622900, -0.7084922359977724500 ) ) ;
#2452 = AXIS2_PLACEMENT_3D ( 'NONE', #1176, #870, #3049 ) ;
#2453 = CARTESIAN_POINT ( 'NONE',  ( 0.1003941721036615100, 0.06105886623712467700, 0.6976886419472003700 ) ) ;
#2454 = CARTESIAN_POINT ( 'NONE',  ( 0.08031725504796244400, -0.08584939461851724700, 0.7016046379899134600 ) ) ;
#2455 = CARTESIAN_POINT ( 'NONE',  ( 0.1284248714939486800, 0.07628587979387077600, -0.7318180870030872600 ) ) ;
#2456 = CARTESIAN_POINT ( 'NONE',  ( 0.1092620290504907300, -0.04326418022085149600, 0.6956776267579591900 ) ) ;
#2457 = CARTESIAN_POINT ( 'NONE',  ( 5.967955003737531500E-017, 1.999999999999999800, -0.4873205080756877700 ) ) ;
#2458 = EDGE_CURVE ( 'NONE', #1840, #2271, #51, .T. ) ;
#2459 = ORIENTED_EDGE ( 'NONE', *, *, #3729, .T. ) ;
#2460 = CARTESIAN_POINT ( 'NONE',  ( 0.03798298186638868900, -0.1112577754460293700, -0.7069703302007350800 ) ) ;
#2461 = CARTESIAN_POINT ( 'NONE',  ( -0.07683311695026012700, -0.08890206064879561900, 0.7021845659811952700 ) ) ;
#2462 = CARTESIAN_POINT ( 'NONE',  ( 0.08820533910851155500, -0.1172960134940014700, 0.7377572935377848500 ) ) ;
#2463 = ORIENTED_EDGE ( 'NONE', *, *, #2000, .F. ) ;
#2464 = CARTESIAN_POINT ( 'NONE',  ( -0.1510446698288002400, 0.009405259788716724800, -0.7274852259247858200 ) ) ;
#2465 = CARTESIAN_POINT ( 'NONE',  ( -0.03855666450050415600, -0.1110246178059065100, -0.7069150909412211800 ) ) ;
#2466 = CARTESIAN_POINT ( 'NONE',  ( -0.01975832559576419200, -0.1430426425901094300, 0.7427413165682045200 ) ) ;
#2467 = ORIENTED_EDGE ( 'NONE', *, *, #1142, .T. ) ;
#2468 = CARTESIAN_POINT ( 'NONE',  ( 0.09311181629010090200, 0.07168166415879567700, 0.6992097448104195300 ) ) ;
#2469 = CARTESIAN_POINT ( 'NONE',  ( 0.1415773561912742600, 0.05105997737866117100, -0.7293891773469669500 ) ) ;
#2470 = CARTESIAN_POINT ( 'NONE',  ( 0.01919413058179670500, -0.1159379975997273100, 0.7081041851320312200 ) ) ;
#2471 = CARTESIAN_POINT ( 'NONE',  ( 0.04871438891424748100, 0.1365954319908357600, -0.7414049756602687500 ) ) ;
#2472 = DIRECTION ( 'NONE',  ( 0.0000000000000000000, 0.0000000000000000000, 1.000000000000000000 ) ) ;
#2473 = CARTESIAN_POINT ( 'NONE',  ( 0.08573342113011973900, -0.08037271676808149800, 0.7006316356605258900 ) ) ;
#2474 = AXIS2_PLACEMENT_3D ( 'NONE', #2437, #2751, #2140 ) ;
#2475 = CARTESIAN_POINT ( 'NONE',  ( 0.08043054956859153900, -0.08574274854249953900, -0.7015849985486316600 ) ) ;
#2476 = CARTESIAN_POINT ( 'NONE',  ( -0.06358536361752908900, -0.09882975681835128000, 0.7041813673870092000 ) ) ;
#2477 = CARTESIAN_POINT ( 'NONE',  ( 0.01233458891890186000, -0.1437978783239685600, 0.7429017317173543000 ) ) ;
#2478 = CARTESIAN_POINT ( 'NONE',  ( -0.1230140715453306700, 0.08410184025737216200, -0.7327511545309567400 ) ) ;
#2479 = CARTESIAN_POINT ( 'NONE',  ( -0.06238269747983659500, -0.09958087397913352500, -0.7043416158139747000 ) ) ;
#2480 = CARTESIAN_POINT ( 'NONE',  ( -0.07357382950399631000, -0.1260722503979829200, 0.7393515788921498600 ) ) ;
#2481 =( NAMED_UNIT ( * ) SI_UNIT ( $, .STERADIAN. ) SOLID_ANGLE_UNIT ( ) );
#2482 = CARTESIAN_POINT ( 'NONE',  ( -0.02489570050671416000, -0.1148486855746099200, 0.7078364967282480000 ) ) ;
#2483 = CARTESIAN_POINT ( 'NONE',  ( -0.03602315365631245800, 0.1118581976898033900, -0.7071141005982719600 ) ) ;
#2484 = CARTESIAN_POINT ( 'NONE',  ( -0.06706182005607147500, 0.1293979534384943900, -0.7399805115743188800 ) ) ;
#2485 = CARTESIAN_POINT ( 'NONE',  ( 0.02678133078358021700, -0.1144719807742656900, 0.7077440751849160000 ) ) ;
#2486 = AXIS2_PLACEMENT_3D ( 'NONE', #2115, #262, #2426 ) ;
#2487 = CARTESIAN_POINT ( 'NONE',  ( 0.1130123982213361400, -0.03222053435999162200, -0.6947736812984602900 ) ) ;
#2488 = CARTESIAN_POINT ( 'NONE',  ( -0.03754264167866887300, -0.1114071699383954200, 0.7070051699238395500 ) ) ;
#2489 = CIRCLE ( 'NONE', #1515, 0.09999999999999989500 ) ;
#2490 = CARTESIAN_POINT ( 'NONE',  ( -0.1473274858534844900, 0.03286412347872996000, -0.7282472031911244600 ) ) ;
#2491 = CARTESIAN_POINT ( 'NONE',  ( -0.07559059575338965300, -0.08996735973466808700, -0.7023888935368840500 ) ) ;
#2492 = CARTESIAN_POINT ( 'NONE',  ( -0.1104096491586202800, -0.09865039549879818500, 0.7347527199790872000 ) ) ;
#2493 = SURFACE_STYLE_FILL_AREA ( #1338 ) ;
#2494 = CARTESIAN_POINT ( 'NONE',  ( -0.06376710794422683900, -0.09871011312292205000, 0.7041562262004461600 ) ) ;
#2495 = CARTESIAN_POINT ( 'NONE',  ( -0.05720555876131328700, 0.1026521576598445200, -0.7050056323995416200 ) ) ;
#2496 = LINE ( 'NONE', #1876, #3735 ) ;
#2497 = CARTESIAN_POINT ( 'NONE',  ( -0.1510406786028576900, 0.009469763856317196800, -0.7274860580246554900 ) ) ;
#2498 = CARTESIAN_POINT ( 'NONE',  ( -0.01917034309099040900, -0.1159417643941378500, 0.7081051159452259600 ) ) ;
#2499 = B_SPLINE_CURVE_WITH_KNOTS ( 'NONE', 3,
 ( #2789, #616, #1868, #2, #2176, #320, #2484, #630, #2800, #939, #3112, #1247, #3428, #1561, #3754, #1878, #14, #2190, #331, #2497, #640, #2813, #948, #3125, #1258, #3438, #1572, #3762, #1889, #26, #2200, #343, #2507, #649, #2826, #959, #3135, #1271, #3453, #1583, #3772, #1898, #40, #2208 ),
 .UNSPECIFIED., .F., .F.,
 ( 4, 2, 2, 2, 2, 2, 2, 2, 2, 2, 2, 2, 2, 2, 2, 2, 2, 2, 2, 2, 2, 4 ),
 ( 0.0000000000000000000, 0.03123927116394174800, 0.06247854232788349600, 0.07809817790985436300, 0.09371781349182525800, 0.1249570846557669400, 0.1561963558197086200, 0.1874356269836503800, 0.2186748981475920800, 0.2342945337295629100, 0.2499141693115337600, 0.2811534404754754700, 0.3123927116394171200, 0.3436319828033588300, 0.3592516183853297600, 0.3748712539673007500, 0.3904908895492716400, 0.4061105251312425700, 0.4373497962951845000, 0.4685890674591263700, 0.4842087030410973100, 0.4998283386230683000 ),
 .UNSPECIFIED. ) ;
#2500 = VECTOR ( 'NONE', #3048, 39.37007874015748100 ) ;
#2501 = CARTESIAN_POINT ( 'NONE',  ( 0.02113591001619805800, -0.1155875074188486700, 0.7080178559578562700 ) ) ;
#2502 = CARTESIAN_POINT ( 'NONE',  ( -0.1284264359046167800, -0.07628414809911048000, -0.7318178331935825100 ) ) ;
#2503 = CARTESIAN_POINT ( 'NONE',  ( -0.09061571249903599400, -0.07480005819281396200, -0.6997030145965896800 ) ) ;
#2504 = CARTESIAN_POINT ( 'NONE',  ( -0.1406817960452350900, -0.05310866891278161200, 0.7295605400543697700 ) ) ;
#2505 = CARTESIAN_POINT ( 'NONE',  ( -0.08960253630342816800, -0.07601688830449332400, 0.6999000872044109900 ) ) ;
#2506 = CARTESIAN_POINT ( 'NONE',  ( -0.08448954280815605700, 0.08167901781654148000, -0.7008595283648211300 ) ) ;
#2507 = CARTESIAN_POINT ( 'NONE',  ( -0.09991292719793473700, -0.1084256592635881700, -0.7362617532005207900 ) ) ;
#2508 = ORIENTED_EDGE ( 'NONE', *, *, #3044, .F. ) ;
#2509 = ORIENTED_EDGE ( 'NONE', *, *, #1628, .T. ) ;
#2510 = CARTESIAN_POINT ( 'NONE',  ( 0.05458780813498136800, -0.1040512713840370500, 0.7053155195916909200 ) ) ;
#2511 = ORIENTED_EDGE ( 'NONE', *, *, #905, .F. ) ;
#2512 = CARTESIAN_POINT ( 'NONE',  ( -0.09789703144117355100, -0.1100085697107983200, -0.7365248990172490500 ) ) ;
#2513 = CARTESIAN_POINT ( 'NONE',  ( -0.1020600787541308000, -0.05823667177875425200, -0.6973243192170969200 ) ) ;
#2514 = DIMENSIONAL_EXPONENTS ( 1.000000000000000000, 0.0000000000000000000, 0.0000000000000000000, 0.0000000000000000000, 0.0000000000000000000, 0.0000000000000000000, 0.0000000000000000000 ) ;
#2515 = B_SPLINE_CURVE_WITH_KNOTS ( 'NONE', 3,
 ( #3850, #120, #2289, #1665, #3531, #1350, #3208, #2275, #2331, #2644, #3897, #165, #1394, #1713, #766, #3257, #2258, #2884, #704, #3497 ),
 .UNSPECIFIED., .F., .F.,
 ( 4, 2, 2, 2, 2, 2, 2, 2, 2, 4 ),
 ( 0.5000000000000000000, 0.5624702328838346900, 0.5937053493257520300, 0.6093229075467105900, 0.6249404657676692600, 0.6561755822095867200, 0.6874106986515040600, 0.7030282568724627300, 0.7186458150934214000, 0.7498809315353387500 ),
 .UNSPECIFIED. ) ;
#2516 = CARTESIAN_POINT ( 'NONE',  ( -0.1512874512329260600, -0.002200275634152375800, 0.7274346060204609500 ) ) ;
#2517 = CARTESIAN_POINT ( 'NONE',  ( 0.09117013645085463000, 0.07412336953498918600, 0.6995944472238031500 ) ) ;
#2518 = CARTESIAN_POINT ( 'NONE',  ( -0.1118737505612232400, -0.03597543667167105200, 0.6950513972360278200 ) ) ;
#2519 = CARTESIAN_POINT ( 'NONE',  ( -0.1078145277789273000, 0.04675432935365077300, -0.6960179441880129900 ) ) ;
#2520 = FILL_AREA_STYLE_COLOUR ( '', #797 ) ;
#2521 = CARTESIAN_POINT ( 'NONE',  ( 0.07749650154171212900, 0.08840348671108497200, -0.7020841187310014100 ) ) ;
#2522 = AXIS2_PLACEMENT_3D ( 'NONE', #457, #2620, #756 ) ;
#2523 = CARTESIAN_POINT ( 'NONE',  ( 0.07314015174465024500, -0.09196321763358938900, 0.7027789360224650000 ) ) ;
#2524 = STYLED_ITEM ( 'NONE', ( #2351 ), #2264 ) ;
#2525 = CARTESIAN_POINT ( 'NONE',  ( -0.04869123972589473700, -0.1366032193428349800, -0.7414065477825572100 ) ) ;
#2526 = VECTOR ( 'NONE', #459, 39.37007874015748100 ) ;
#2527 = CARTESIAN_POINT ( 'NONE',  ( -0.1138136768529804500, -0.02930634739173666700, -0.6945770330641201100 ) ) ;
#2528 = CARTESIAN_POINT ( 'NONE',  ( -0.1377929723751158700, 0.05973628596162031100, 0.7301135578484190300 ) ) ;
#2529 = CARTESIAN_POINT ( 'NONE',  ( 0.0000000000000000000, 0.1442586111360670800, -0.7429999999999999900 ) ) ;
#2530 = CARTESIAN_POINT ( 'NONE',  ( -0.1167337687631955600, 0.01353390409079445100, 0.6938453092871684800 ) ) ;
#2531 = CIRCLE ( 'NONE', #1903, 0.7429999999999999900 ) ;
#2532 = CARTESIAN_POINT ( 'NONE',  ( -0.1174993237303451100, -0.003858158185542743500, -0.6936504643477845500 ) ) ;
#2533 = CARTESIAN_POINT ( 'NONE',  ( -0.06707884747191532300, 0.1293245778746731600, -0.7399692656775868100 ) ) ;
#2534 = DIRECTION ( 'NONE',  ( 0.0000000000000000000, 0.0000000000000000000, 1.000000000000000000 ) ) ;
#2535 = CARTESIAN_POINT ( 'NONE',  ( -0.1137987712511742000, 0.09508361763403253000, -0.7342354150772960600 ) ) ;
#2536 = SURFACE_STYLE_FILL_AREA ( #1814 ) ;
#2537 = CARTESIAN_POINT ( 'NONE',  ( 0.03783551689065185700, 0.1112582682761629100, -0.7069713083761587400 ) ) ;
#2538 = CARTESIAN_POINT ( 'NONE',  ( 0.08898745308655517400, -0.07673390418754605400, 0.7000186096123466300 ) ) ;
#2539 = CIRCLE ( 'NONE', #2737, 0.4699999999999999200 ) ;
#2540 = EDGE_CURVE ( 'NONE', #3998, #3657, #3366, .T. ) ;
#2541 = CARTESIAN_POINT ( 'NONE',  ( 0.01004574864094900800, -0.1440174055434141600, -0.7429483803699756800 ) ) ;
#2542 = DIRECTION ( 'NONE',  ( -0.0000000000000000000, 1.000000000000000000, -0.0000000000000000000 ) ) ;
#2543 = CARTESIAN_POINT ( 'NONE',  ( -0.1033784811759304700, 0.1053501473823582300, 0.7357753182655280000 ) ) ;
#2544 = CARTESIAN_POINT ( 'NONE',  ( -0.01242123655256125100, 0.1437913870308280300, -0.7429003489863692500 ) ) ;
#2545 = STYLED_ITEM ( 'NONE', ( #1083 ), #3514 ) ;
#2546 = CARTESIAN_POINT ( 'NONE',  ( -0.1016954815342346600, 0.05889000832639934600, 0.6974052483229131700 ) ) ;
#2547 = CARTESIAN_POINT ( 'NONE',  ( -0.1012388487156668100, -0.05964799498117343700, -0.6975045491672440300 ) ) ;
#2548 = CARTESIAN_POINT ( 'NONE',  ( -0.05338493583164824500, 0.1349990399226150800, -0.7410833287722864400 ) ) ;
#2549 = CARTESIAN_POINT ( 'NONE',  ( -0.1137952045622415700, -0.09517654658494373300, 0.7342409859657055300 ) ) ;
#2550 = DIRECTION ( 'NONE',  ( -0.0000000000000000000, -1.000000000000000000, -0.0000000000000000000 ) ) ;
#2551 = CARTESIAN_POINT ( 'NONE',  ( 0.1035231703155172100, 0.1052994147516444200, 0.7357610796927180900 ) ) ;
#2552 = CARTESIAN_POINT ( 'NONE',  ( -0.003850175766203491700, 0.1174527974061557000, -0.7084804468906785700 ) ) ;
#2553 = CARTESIAN_POINT ( 'NONE',  ( 0.1175000002722898500, -1.138157429711819500E-010, -0.6936502912168364100 ) ) ;
#2554 = CARTESIAN_POINT ( 'NONE',  ( 0.0000000000000000000, 1.949999999999999500, 0.1249999999999998300 ) ) ;
#2555 = CARTESIAN_POINT ( 'NONE',  ( 0.09738288444276974000, -0.06575014707509231600, 0.6983314142370125000 ) ) ;
#2556 = UNCERTAINTY_MEASURE_WITH_UNIT (LENGTH_MEASURE( 1.000000000000000100E-005 ), #117, 'distance_accuracy_value', 'NONE');
#2557 = ORIENTED_EDGE ( 'NONE', *, *, #2458, .T. ) ;
#2558 = CARTESIAN_POINT ( 'NONE',  ( 0.06708412741896629900, -0.1293217448296641900, -0.7399687329280823000 ) ) ;
#2559 = CARTESIAN_POINT ( 'NONE',  ( -0.05328261156050021600, 0.1350204250974383600, 0.7410879352322224900 ) ) ;
#2560 = VERTEX_POINT ( 'NONE', #2718 ) ;
#2561 = CARTESIAN_POINT ( 'NONE',  ( -0.01330328602781702000, 0.1167603891051017100, 0.7083074317441464500 ) ) ;
#2562 = CARTESIAN_POINT ( 'NONE',  ( -0.07298281832571577900, 0.09210587258119172500, 0.7028057542047652100 ) ) ;
#2563 = CARTESIAN_POINT ( 'NONE',  ( -0.07750414713318870600, -0.08833507572201237900, -0.7020755367701537700 ) ) ;
#2564 = CARTESIAN_POINT ( 'NONE',  ( -0.03929697041412001700, 0.1393863810738084400, -0.7419751536326835200 ) ) ;
#2565 = CARTESIAN_POINT ( 'NONE',  ( 0.0000000000000000000, 1.989999999999999800, 0.09999999999999989500 ) ) ;
#2566 = DIRECTION ( 'NONE',  ( 0.0000000000000000000, -0.7071067811865444600, -0.7071067811865504600 ) ) ;
#2567 = ORIENTED_EDGE ( 'NONE', *, *, #1971, .F. ) ;
#2568 = EDGE_CURVE ( 'NONE', #2974, #2213, #2433, .T. ) ;
#2569 = MECHANICAL_DESIGN_GEOMETRIC_PRESENTATION_REPRESENTATION (  '', ( #2150 ), #2777 ) ;
#2570 = CARTESIAN_POINT ( 'NONE',  ( -0.1492709737905247000, 0.02358078657573620800, -0.7278511646217480400 ) ) ;
#2571 = CARTESIAN_POINT ( 'NONE',  ( 1.530808498934189400E-017, -1.949999999999999500, 0.1249999999999998300 ) ) ;
#2572 = CARTESIAN_POINT ( 'NONE',  ( 0.1156044649359789200, -0.02104290184495840100, -0.6941302915482561200 ) ) ;
#2573 = CARTESIAN_POINT ( 'NONE',  ( 0.1081422916880557300, -0.04596195889945245400, 0.6959408526693995300 ) ) ;
#2574 = STYLED_ITEM ( 'NONE', ( #1692 ), #159 ) ;
#2575 = CARTESIAN_POINT ( 'NONE',  ( 0.1231064406711974700, -0.08397901293566949200, -0.7327356299709176800 ) ) ;
#2576 = CARTESIAN_POINT ( 'NONE',  ( -0.002382734420168356300, 0.1442604301574594600, 0.7430003884332978500 ) ) ;
#2577 = DIMENSIONAL_EXPONENTS ( 1.000000000000000000, 0.0000000000000000000, 0.0000000000000000000, 0.0000000000000000000, 0.0000000000000000000, 0.0000000000000000000, 0.0000000000000000000 ) ;
#2578 = CARTESIAN_POINT ( 'NONE',  ( -0.08820044388518212500, 0.1172286738203522400, -0.7377490410975395800 ) ) ;
#2579 = CARTESIAN_POINT ( 'NONE',  ( -0.03590367795843642900, 0.1118967475674062000, 0.7071232927597765900 ) ) ;
#2580 = CARTESIAN_POINT ( 'NONE',  ( -0.04145960338265158900, -0.1099595623833404500, -0.7066649613242000900 ) ) ;
#2581 = CARTESIAN_POINT ( 'NONE',  ( 0.1099241463464941900, 0.04155310930459410500, -0.6955202501041652900 ) ) ;
#2582 = DIRECTION ( 'NONE',  ( 0.0000000000000000000, 0.0000000000000000000, 1.000000000000000000 ) ) ;
#2583 = CARTESIAN_POINT ( 'NONE',  ( 0.1136261376673757000, 0.03016985690872256100, 0.6946245002759323700 ) ) ;
#2584 =( CONVERSION_BASED_UNIT ( 'INCH', #1430 ) LENGTH_UNIT ( ) NAMED_UNIT ( #2909 ) );
#2585 = CARTESIAN_POINT ( 'NONE',  ( 0.07585870846077955000, -0.1249025944506465300, -0.7391304887746043000 ) ) ;
#2586 = CARTESIAN_POINT ( 'NONE',  ( 0.1045249749540436800, -0.05367516609387490400, -0.6967733665285152900 ) ) ;
#2587 = FILL_AREA_STYLE ('',( #2278 ) ) ;
#2588 = CARTESIAN_POINT ( 'NONE',  ( 0.1493470234648543400, -0.02349158430690627800, -0.7278361297435960200 ) ) ;
#2589 = DIRECTION ( 'NONE',  ( 0.0000000000000000000, 0.0000000000000000000, 1.000000000000000000 ) ) ;
#2590 = DIMENSIONAL_EXPONENTS ( 1.000000000000000000, 0.0000000000000000000, 0.0000000000000000000, 0.0000000000000000000, 0.0000000000000000000, 0.0000000000000000000, 0.0000000000000000000 ) ;
#2591 = LINE ( 'NONE', #693, #224 ) ;
#2592 = CARTESIAN_POINT ( 'NONE',  ( 0.05350971162030993700, 0.1349542490986262400, 0.7410743513144736300 ) ) ;
#2593 = CARTESIAN_POINT ( 'NONE',  ( 0.07477271877769159400, 0.09063828044241319100, 0.7025196557225038600 ) ) ;
#2594 = CARTESIAN_POINT ( 'NONE',  ( 0.007810078103444482000, 0.1172559909006288000, 0.7084313067755770900 ) ) ;
#2595 = CARTESIAN_POINT ( 'NONE',  ( 0.003970910986047909400, -0.1174957154488320300, -0.7084911813178907900 ) ) ;
#2596 = CARTESIAN_POINT ( 'NONE',  ( 0.1159750033286643800, 0.01925544274051274200, -0.6940376779444659100 ) ) ;
#2597 = COLOUR_RGB ( '',0.9019607843137255100, 0.9019607843137255100, 0.9019607843137255100 ) ;
#2598 = SURFACE_STYLE_USAGE ( .BOTH. , #435 ) ;
#2599 = MECHANICAL_DESIGN_GEOMETRIC_PRESENTATION_REPRESENTATION (  '', ( #2183 ), #2805 ) ;
#2600 = CARTESIAN_POINT ( 'NONE',  ( 0.09312219228336539300, -0.07166815228807903200, -0.6992076523058878800 ) ) ;
#2601 = CARTESIAN_POINT ( 'NONE',  ( -0.04148368529405251800, -0.1100001620461262300, 0.7066727051064903800 ) ) ;
#2602 = CARTESIAN_POINT ( 'NONE',  ( 0.1165415235055818900, 0.01546249485684491500, -0.6938941452347209300 ) ) ;
#2603 = CARTESIAN_POINT ( 'NONE',  ( 0.1473261236672699600, 0.03287014582770943200, -0.7282474804388612300 ) ) ;
#2604 = DIRECTION ( 'NONE',  ( 0.0000000000000000000, 0.0000000000000000000, -1.000000000000000000 ) ) ;
#2605 = CARTESIAN_POINT ( 'NONE',  ( 0.1035759347438624200, 0.1052516037261192900, 0.7357535883669923400 ) ) ;
#2606 = FACE_OUTER_BOUND ( 'NONE', #1538, .T. ) ;
#2607 = CARTESIAN_POINT ( 'NONE',  ( 0.05213463178892157500, 0.1053701075510351100, 0.7056072658790857300 ) ) ;
#2608 = CARTESIAN_POINT ( 'NONE',  ( 0.04864077390660309600, -0.1069766166212977700, -0.7059742207228011400 ) ) ;
#2609 = CARTESIAN_POINT ( 'NONE',  ( 0.07306098634032443000, 0.09204346572211949400, -0.7027934581674734100 ) ) ;
#2610 = SURFACE_STYLE_USAGE ( .BOTH. , #450 ) ;
#2611 = DIMENSIONAL_EXPONENTS ( 1.000000000000000000, 0.0000000000000000000, 0.0000000000000000000, 0.0000000000000000000, 0.0000000000000000000, 0.0000000000000000000, 0.0000000000000000000 ) ;
#2612 = CARTESIAN_POINT ( 'NONE',  ( -0.04312584129332556300, 0.1093041610157360500, 0.7065119491222563400 ) ) ;
#2613 =( LENGTH_UNIT ( ) NAMED_UNIT ( * ) SI_UNIT ( $, .METRE. ) );
#2614 = EDGE_LOOP ( 'NONE', ( #3393, #2509, #1200 ) ) ;
#2615 = ADVANCED_FACE ( 'NONE', ( #790 ), #3681, .F. ) ;
#2616 = CARTESIAN_POINT ( 'NONE',  ( 0.07974419187950615400, -0.08631777831938138000, -0.7016968301789036100 ) ) ;
#2617 = CARTESIAN_POINT ( 'NONE',  ( -0.07604524525735671700, -0.08959361677511754100, 0.7023161079008382000 ) ) ;
#2618 = VERTEX_POINT ( 'NONE', #3358 ) ;
#2619 = CARTESIAN_POINT ( 'NONE',  ( 0.1284248714939486800, 0.07628587979387077600, -0.7318180870030872600 ) ) ;
#2620 = DIRECTION ( 'NONE',  ( -0.0000000000000000000, -1.000000000000000000, -0.0000000000000000000 ) ) ;
#2621 = EDGE_CURVE ( 'NONE', #1458, #1763, #470, .T. ) ;
#2622 = CARTESIAN_POINT ( 'NONE',  ( 0.1416366631462507300, 0.05090984002937178100, 0.7293776445857632600 ) ) ;
#2623 = CARTESIAN_POINT ( 'NONE',  ( -0.1174999999956123900, 1.539189437179346800E-014, -0.6936502913125541800 ) ) ;
#2624 = CARTESIAN_POINT ( 'NONE',  ( 0.08716168007964535100, 0.07880357519264420700, 0.7003650791092809200 ) ) ;
#2625 = ORIENTED_EDGE ( 'NONE', *, *, #1373, .T. ) ;
#2626 = CARTESIAN_POINT ( 'NONE',  ( 0.09332803732094148400, -0.07149205873295536000, -0.6991720516555475200 ) ) ;
#2627 = CARTESIAN_POINT ( 'NONE',  ( 0.03783551689065185700, 0.1112582682761629100, -0.7069713083761587400 ) ) ;
#2628 = CARTESIAN_POINT ( 'NONE',  ( 0.02200661994464317100, 0.1154244756993956100, -0.7079777512339087100 ) ) ;
#2629 = CARTESIAN_POINT ( 'NONE',  ( 0.1488338192840978100, -0.02596948218098808100, 0.7279407518618377100 ) ) ;
#2630 = CARTESIAN_POINT ( 'NONE',  ( -0.06437978822370686600, 0.09829415965775757700, 0.7040696127965139200 ) ) ;
#2631 = CARTESIAN_POINT ( 'NONE',  ( 5.520562739196774800E-005, -0.1442586034176720500, -0.7429999984652950800 ) ) ;
#2632 = CARTESIAN_POINT ( 'NONE',  ( 0.06685562668201906800, -0.09662696567776767100, -0.7037216306425013700 ) ) ;
#2633 = CARTESIAN_POINT ( 'NONE',  ( -0.1017711749024392400, -0.05885183923805135900, 0.6973911426816873400 ) ) ;
#2634 = CARTESIAN_POINT ( 'NONE',  ( 0.09212342068945890400, 0.1144525745713863300, -0.7372694768467668000 ) ) ;
#2635 = DIRECTION ( 'NONE',  ( 0.0000000000000000000, 0.0000000000000000000, 1.000000000000000000 ) ) ;
#2636 = CARTESIAN_POINT ( 'NONE',  ( 0.1174999999999999900, 2.667820306312757000E-019, 0.6936502913514053200 ) ) ;
#2637 = CARTESIAN_POINT ( 'NONE',  ( -0.1100088228491296600, 0.04129517552373167300, -0.6954999597587789900 ) ) ;
#2638 = CARTESIAN_POINT ( 'NONE',  ( 0.05630204661949604600, 0.1031335982907855300, 0.7051123291487774200 ) ) ;
#2639 = PRESENTATION_STYLE_ASSIGNMENT (( #2338 ) ) ;
#2640 = CARTESIAN_POINT ( 'NONE',  ( 0.003846207341260018400, 0.1174999959182609200, -0.7084922512040080500 ) ) ;
#2641 = CARTESIAN_POINT ( 'NONE',  ( 0.05698950453198770000, 0.1027702790724233100, -0.7050316737801803900 ) ) ;
#2642 = CARTESIAN_POINT ( 'NONE',  ( 0.1243606966503279400, -0.08218069390417677400, 0.7325198578576086500 ) ) ;
#2643 = CARTESIAN_POINT ( 'NONE',  ( -0.07893379844703288200, 0.08704385013812034100, 0.7018332907026979500 ) ) ;
#2644 = CARTESIAN_POINT ( 'NONE',  ( -0.09998700669491519800, 0.1086668805949095500, 0.7362751884370768400 ) ) ;
#2645 = CARTESIAN_POINT ( 'NONE',  ( -0.1378488042542587400, -0.05961921838412623900, -0.7301030098503208400 ) ) ;
#2646 = CARTESIAN_POINT ( 'NONE',  ( 0.04681267877775896500, -0.1077761845750044400, -0.7061580303532382100 ) ) ;
#2647 = CARTESIAN_POINT ( 'NONE',  ( -0.1165182732858716000, -0.01528114659230889400, 0.6938999567319391600 ) ) ;
#2648 = MECHANICAL_DESIGN_GEOMETRIC_PRESENTATION_REPRESENTATION (  '', ( #1784 ), #2842 ) ;
#2649 = CARTESIAN_POINT ( 'NONE',  ( 0.04161481450636302100, 0.1387136728079531900, -0.7418374939716204700 ) ) ;
#2650 =( CONVERSION_BASED_UNIT ( 'INCH', #1722 ) LENGTH_UNIT ( ) NAMED_UNIT ( #985 ) );
#2651 = CARTESIAN_POINT ( 'NONE',  ( -0.09958267865419422000, 0.06238002702244877700, -0.6978641795607754000 ) ) ;
#2652 = CARTESIAN_POINT ( 'NONE',  ( 0.07415820577306256300, 0.09114208323953550100, -0.7026178715329617400 ) ) ;
#2653 = CARTESIAN_POINT ( 'NONE',  ( 0.07576847154749669100, -0.1249528578077392000, 0.7391398254507562900 ) ) ;
#2654 = CARTESIAN_POINT ( 'NONE',  ( -0.09064470396377112500, 0.07476492209153295900, 0.6996973465913762800 ) ) ;
#2655 = AXIS2_PLACEMENT_3D ( 'NONE', #2723, #1974, #3865 ) ;
#2656 = CARTESIAN_POINT ( 'NONE',  ( -0.01543896946311206100, 0.1164972660829662700, -0.7082425299759250700 ) ) ;
#2657 = ADVANCED_FACE ( 'NONE', ( #1270 ), #1239, .T. ) ;
#2658 = VECTOR ( 'NONE', #598, 39.37007874015748100 ) ;
#2659 = CARTESIAN_POINT ( 'NONE',  ( 0.0000000000000000000, -1.989999999999999800, 0.4700000000000000300 ) ) ;
#2660 = CARTESIAN_POINT ( 'NONE',  ( -0.1502983090568225100, 0.01661601878632222600, 0.7276396630941334200 ) ) ;
#2661 = CARTESIAN_POINT ( 'NONE',  ( -0.1144036025975815200, 0.02686642831684881600, 0.6944302974014319200 ) ) ;
#2662 = CARTESIAN_POINT ( 'NONE',  ( -0.009647332458885838800, 0.1171194415575386700, -0.7083972308767763100 ) ) ;
#2663 = ORIENTED_EDGE ( 'NONE', *, *, #2540, .T. ) ;
#2664 = CARTESIAN_POINT ( 'NONE',  ( -0.09007253485651479900, 0.07546293189530466100, -0.6998093607189633800 ) ) ;
#2665 = CARTESIAN_POINT ( 'NONE',  ( 0.09196670176770403700, 0.07313896088109499100, -0.6994376528353566400 ) ) ;
#2666 = PRESENTATION_STYLE_ASSIGNMENT (( #2685 ) ) ;
#2667 = CARTESIAN_POINT ( 'NONE',  ( 0.09005586365616791200, 0.07547444179360282600, -0.6998121359967426300 ) ) ;
#2668 = CARTESIAN_POINT ( 'NONE',  ( 0.004917217567543570100, -0.1442017047223118100, 0.7429878415717281500 ) ) ;
#2669 = EDGE_LOOP ( 'NONE', ( #3948, #376 ) ) ;
#2670 = CARTESIAN_POINT ( 'NONE',  ( -0.1026848646677769900, 0.05711636814645910900, 0.6971856549675065100 ) ) ;
#2671 = FILL_AREA_STYLE_COLOUR ( '', #2078 ) ;
#2672 = CARTESIAN_POINT ( 'NONE',  ( -0.09210806821895134400, -0.1144637113548849800, -0.7372713844613105700 ) ) ;
#2673 = UNCERTAINTY_MEASURE_WITH_UNIT (LENGTH_MEASURE( 1.000000000000000100E-005 ), #3652, 'distance_accuracy_value', 'NONE');
#2674 = AXIS2_PLACEMENT_3D ( 'NONE', #894, #689, #263 ) ;
#2675 = FILL_AREA_STYLE_COLOUR ( '', #1671 ) ;
#2676 = ORIENTED_EDGE ( 'NONE', *, *, #3452, .T. ) ;
#2677 = CARTESIAN_POINT ( 'NONE',  ( -0.1309360528256535400, 0.07230119839112966700, 0.7313729921315027500 ) ) ;
#2678 = CARTESIAN_POINT ( 'NONE',  ( -0.09313075464682864200, 0.07166990310055505700, 0.6992065002778672400 ) ) ;
#2679 = CARTESIAN_POINT ( 'NONE',  ( -0.05209883410418691300, 0.1053360889904859400, -0.7056022782263361400 ) ) ;
#2680 = EDGE_CURVE ( 'NONE', #3995, #1650, #57, .T. ) ;
#2681 = CARTESIAN_POINT ( 'NONE',  ( -0.07482487001100555900, 0.09059523316152748300, -0.7025112801011876900 ) ) ;
#2682 = CARTESIAN_POINT ( 'NONE',  ( 0.1013370031647062600, 0.05948090511706665600, -0.6974831513168603400 ) ) ;
#2683 = CARTESIAN_POINT ( 'NONE',  ( -0.05341151767144108900, -0.1350508136299010700, 0.7410918286523774400 ) ) ;
#2684 = CARTESIAN_POINT ( 'NONE',  ( -0.01618359233812900100, 0.1164084884397771900, 0.7082201243635678500 ) ) ;
#2685 = SURFACE_STYLE_USAGE ( .BOTH. , #1134 ) ;
#2686 = CARTESIAN_POINT ( 'NONE',  ( -0.04632859905965399500, -0.1373483585283678500, -0.7415580529124493600 ) ) ;
#2687 = CARTESIAN_POINT ( 'NONE',  ( 0.0000000000000000000, -1.989999999999999800, 1.508723309017186700E-016 ) ) ;
#2688 = CARTESIAN_POINT ( 'NONE',  ( -0.09396761794617242100, 0.1130814064343677300, 0.7370365344626393900 ) ) ;
#2689 = CARTESIAN_POINT ( 'NONE',  ( -0.05876140102060706200, 0.1018232431140421600, 0.7048219107625688400 ) ) ;
#2690 = CARTESIAN_POINT ( 'NONE',  ( -0.08176804629772389800, 0.08440353414091242300, -0.7013459339328255200 ) ) ;
#2691 = VECTOR ( 'NONE', #945, 39.37007874015748100 ) ;
#2692 = AXIS2_PLACEMENT_3D ( 'NONE', #374, #2542, #682 ) ;
#2693 = LENGTH_MEASURE_WITH_UNIT ( LENGTH_MEASURE( 0.02539999999999999900 ), #738 );
#2694 = PRESENTATION_STYLE_ASSIGNMENT (( #3846 ) ) ;
#2695 = CARTESIAN_POINT ( 'NONE',  ( -0.05831049282971386600, 0.1020178376883510400, -0.7048672452273796500 ) ) ;
#2696 = CARTESIAN_POINT ( 'NONE',  ( 0.1130523826311917400, 0.03208007460868485300, -0.6947645720022067600 ) ) ;
#2697 = CARTESIAN_POINT ( 'NONE',  ( -0.09791058658594428700, -0.1099970274266850700, 0.7365230394993449400 ) ) ;
#2698 = CARTESIAN_POINT ( 'NONE',  ( 0.0000000000000000000, 1.489999999999999800, 0.0000000000000000000 ) ) ;
#2699 =( CONVERSION_BASED_UNIT ( 'INCH', #492 ) LENGTH_UNIT ( ) NAMED_UNIT ( #441 ) );
#2700 = CARTESIAN_POINT ( 'NONE',  ( 0.01742529052507684600, -0.1433178663144706000, -0.7427997123610006200 ) ) ;
#2701 = CARTESIAN_POINT ( 'NONE',  ( -0.1167469762410499000, -0.01342115989504058400, 0.6938424335090680500 ) ) ;
#2702 = CARTESIAN_POINT ( 'NONE',  ( -0.04622708701387451300, 0.1373793139975926800, 0.7415643625786674200 ) ) ;
#2703 = UNCERTAINTY_MEASURE_WITH_UNIT (LENGTH_MEASURE( 1.000000000000000100E-005 ), #3153, 'distance_accuracy_value', 'NONE');
#2704 = CARTESIAN_POINT ( 'NONE',  ( -0.01913752367000417000, 0.1159943491328604700, 0.7081176080093425400 ) ) ;
#2705 = LENGTH_MEASURE_WITH_UNIT ( LENGTH_MEASURE( 0.02539999999999999900 ), #3184 );
#2706 = CARTESIAN_POINT ( 'NONE',  ( -0.1070344772452264500, 0.04851369380202395800, -0.6961995478140226000 ) ) ;
#2707 = AXIS2_PLACEMENT_3D ( 'NONE', #2404, #2722, #869 ) ;
#2708 = CARTESIAN_POINT ( 'NONE',  ( -0.02938012079502566600, 0.1137946318612397700, -0.7075791755010839600 ) ) ;
#2709 = CARTESIAN_POINT ( 'NONE',  ( -0.1174999536446970800, 0.0001065237235862751900, 0.6936503030984703100 ) ) ;
#2710 = CARTESIAN_POINT ( 'NONE',  ( -0.1310335103597063100, -0.07225433694715507900, 0.7313581994624625000 ) ) ;
#2711 = SURFACE_STYLE_FILL_AREA ( #3685 ) ;
#2712 = CARTESIAN_POINT ( 'NONE',  ( 0.0000000000000000000, 1.489999999999999800, 0.0000000000000000000 ) ) ;
#2713 = CARTESIAN_POINT ( 'NONE',  ( 0.06928975536613370100, -0.1282601060785493500, -0.7397653251604369200 ) ) ;
#2714 = CARTESIAN_POINT ( 'NONE',  ( 0.01005571519695003100, 0.1439590331464511200, 0.7429360845821743100 ) ) ;
#2715 = CARTESIAN_POINT ( 'NONE',  ( 0.02677445166803666500, 0.1144250351271493700, 0.7077329907136905600 ) ) ;
#2716 = VERTEX_POINT ( 'NONE', #3714 ) ;
#2717 = CARTESIAN_POINT ( 'NONE',  ( -0.1175006726207879800, 0.003816746020301732300, -0.6936501192867012800 ) ) ;
#2718 = CARTESIAN_POINT ( 'NONE',  ( 0.0001661782780621870000, -0.1442585241059669300, -0.7429999814164062200 ) ) ;
#2719 = EDGE_LOOP ( 'NONE', ( #495, #2380, #201, #336 ) ) ;
#2720 = FILL_AREA_STYLE ('',( #1793 ) ) ;
#2721 = ORIENTED_EDGE ( 'NONE', *, *, #1523, .T. ) ;
#2722 = DIRECTION ( 'NONE',  ( -0.0000000000000000000, 1.000000000000000000, -0.0000000000000000000 ) ) ;
#2723 = CARTESIAN_POINT ( 'NONE',  ( 0.0000000000000000000, 0.0000000000000000000, -0.7429999999999999900 ) ) ;
#2724 = CARTESIAN_POINT ( 'NONE',  ( 0.1285773897230340600, -0.07616074811697067000, -0.7317954381591128500 ) ) ;
#2725 = CARTESIAN_POINT ( 'NONE',  ( 0.06712493808947801700, 0.1293663435792971600, 0.7399744962584009500 ) ) ;
#2726 = CARTESIAN_POINT ( 'NONE',  ( 0.06695431421486808300, 0.09657674031135216100, 0.7037101686490124800 ) ) ;
#2727 = CARTESIAN_POINT ( 'NONE',  ( -0.1017276641865118800, -0.05881045616421092700, -0.6973973175221922500 ) ) ;
#2728 =( NAMED_UNIT ( * ) SI_UNIT ( $, .STERADIAN. ) SOLID_ANGLE_UNIT ( ) );
#2729 = CARTESIAN_POINT ( 'NONE',  ( 0.09675886988329629500, 0.06668496588603173300, 0.6984630570424749100 ) ) ;
#2730 = CARTESIAN_POINT ( 'NONE',  ( 0.0000000000000000000, -1.589999999999999600, -0.09999999999999989500 ) ) ;
#2731 = VECTOR ( 'NONE', #2391, 39.37007874015748900 ) ;
#2732 = CARTESIAN_POINT ( 'NONE',  ( 0.1500716630928331800, -0.01883398548343696500, -0.7276865695669747500 ) ) ;
#2733 = CARTESIAN_POINT ( 'NONE',  ( 0.1185130748829985200, 0.08969426912597805400, 0.7334890305791748100 ) ) ;
#2734 = CARTESIAN_POINT ( 'NONE',  ( 0.09981306170444986800, 0.06202660133077205600, 0.6978150284848507700 ) ) ;
#2735 = CARTESIAN_POINT ( 'NONE',  ( -0.08035975475246280600, -0.08574533236987523500, -0.7015914310074925500 ) ) ;
#2736 = SURFACE_STYLE_USAGE ( .BOTH. , #571 ) ;
#2737 = AXIS2_PLACEMENT_3D ( 'NONE', #1685, #3872, #1999 ) ;
#2738 = PRESENTATION_LAYER_ASSIGNMENT (  '', '', ( #2524 ) ) ;
#2739 = FILL_AREA_STYLE ('',( #252 ) ) ;
#2740 = CARTESIAN_POINT ( 'NONE',  ( 1.224646799147351700E-017, 1.589999999999999600, -0.09999999999999989500 ) ) ;
#2741 =( NAMED_UNIT ( * ) PLANE_ANGLE_UNIT ( ) SI_UNIT ( $, .RADIAN. ) );
#2742 = CARTESIAN_POINT ( 'NONE',  ( 0.1473261236672699600, 0.03287014582770943200, -0.7282474804388612300 ) ) ;
#2744 = CIRCLE ( 'NONE', #2438, 0.1249999999999998300 ) ;
#2743 = CARTESIAN_POINT ( 'NONE',  ( 0.09878241207187901700, 0.06365557945199611100, 0.6980362535978114100 ) ) ;
#2745 = CARTESIAN_POINT ( 'NONE',  ( 0.1461405829791736500, 0.03737521287918939300, 0.7284863178170225600 ) ) ;
#2746 = CARTESIAN_POINT ( 'NONE',  ( 0.1165140633196976400, 0.01531049615634823500, 0.6939010205834147400 ) ) ;
#2747 = CARTESIAN_POINT ( 'NONE',  ( -0.04327457596284579200, -0.1092580094213754500, -0.7065007929394020400 ) ) ;
#2748 = B_SPLINE_SURFACE_WITH_KNOTS ( 'NONE', 1, 3, ( 
 ( #3449, #101, #674, #3156, #3797, #3176, #2849, #981, #1923, #2252, #2564, #1647, #381, #2548, #3511, #998, #1327, #2533, #2882, #1015, #1629, #687, #2867, #702, #2257, #1761, #3464, #1596, #3785, #1911, #52, #2224, #366, #2535, #676, #2854, #986, #3161, #1301, #3479, #3801, #1928, #69, #386, #2871, #3180, #1316, #3500, #1633, #3818, #1946, #87, #2570, #706, #2886, #1080, #3258, #1395, #3587, #1714, #3898, #2023, #166, #2332, #485, #2645, #783, #2965, #1095, #3272, #1411, #3604, #1729, #3914, #2034, #181, #2343, #498, #798, #2981, #1107, #1426, #3930, #194, #2359, #511, #2672, #813, #2995, #1125, #3299, #1438, #3631, #3940, #2059, #210, #2372, #523, #2686, #826, #3008, #1136, #3317, #1450, #3643, #1772, #3957, #2071, #220, #2385, #537, #2700, #839, #3022, #1149, #3328, #1464, #3653, #1787, #3968, #2084, #231, #2398, #551, #2713, #848, #3034, #1161, #3341, #1474, #3667, #1799, #3980, #2095, #243, #2407, #558, #2724, #858, #3041, #1171, #3352, #1483, #3677, #1809, #3992, #2106, #255, #2417, #565, #2732, #3050, #1177, #3361, #1492, #3686, #1816, #4002, #2116, #264, #2428, #576, #2742, #879, #3062, #1188, #3374, #1504, #2771, #3700, #1827, #4015, #2132, #276, #2443, #2455, #589, #2758, #896, #3075, #1203, #3388, #1518, #3713, #1839, #4030, #2144, #292, #601, #910, #3086, #1216, #3403, #1534, #3726, #1854, #4047, #2162, #305, #2471, #615, #2788, #925, #3101, #1233, #3415, #1549, #3741, #1867, #1 ),
 ( #1613, #2240, #2552, #691, #1003, #401, #2656, #3288, #3618, #1746, #2048, #2483, #319, #2175, #2798, #13, #2189, #2812, #330, #2495, #639, #947, #3124, #1257, #3437, #1570, #3761, #1888, #25, #2198, #342, #2506, #648, #2824, #958, #3134, #1269, #3451, #1582, #3771, #1897, #38, #2207, #350, #2519, #660, #2834, #969, #3143, #1282, #3462, #1594, #3781, #1910, #49, #2220, #361, #2532, #673, #2848, #980, #3155, #1297, #3474, #1607, #3796, #1922, #64, #2233, #379, #2547, #686, #2866, #996, #3175, #1311, #3494, #1627, #3814, #1940, #82, #2250, #398, #2563, #701, #2880, #1014, #3187, #1326, #3509, #1646, #3828, #1954, #99, #2269, #413, #2580, #719, #2897, #1029, #3203, #1343, #3527, #1661, #3844, #1970, #115, #2286, #431, #2595, #735, #2914, #1041, #3218, #1364, #3544, #1675, #3861, #1990, #129, #2297, #446, #2608, #747, #2930, #1055, #3233, #1378, #3563, #1689, #3875, #2003, #146, #2309, #462, #2626, #871, #760, #2945, #3249, #1389, #3580, #1073, #3891, #2018, #1706, #3806, #424, #1035, #140, #1050, #1668, #455, #3870, #1356, #2923, #123, #3535, #3823, #2602, #2839, #1636, #1334, #3211, #407, #3853, #1743, #3925, #2045, #191, #507, #1422, #2357, #2978, #3615, #1930, #3802, #3481, #2987, #1114, #1648, #2665, #1900, #43, #2211, #352, #2521, #663, #2837, #971, #3146, #1287, #3465, #1597, #3788, #1912, #54, #2225, #367, #2537, #678, #2858, #988, #3164, #1303, #3483, #1616, #3804, #1932, #73 ) ),
 .UNSPECIFIED., .F., .T., .F.,
 ( 2, 2 ),
 ( 4, 2, 2, 2, 2, 2, 2, 2, 2, 2, 2, 2, 2, 2, 2, 2, 2, 2, 2, 2, 2, 2, 2, 2, 2, 2, 2, 2, 2, 2, 2, 2, 2, 2, 2, 2, 2, 2, 2, 2, 2, 2, 2, 2, 2, 2, 2, 2, 2, 2, 2, 2, 2, 2, 2, 2, 2, 2, 2, 2, 2, 2, 2, 2, 2, 2, 2, 2, 2, 2, 2, 2, 2, 2, 2, 2, 2, 2, 2, 2, 2, 2, 2, 2, 2, 2, 2, 2, 2, 2, 2, 2, 2, 2, 2, 2, 2, 2, 2, 2, 2, 2, 2, 2, 4 ),
 ( 0.0000000000000000000, 1.000000000000000000 ),
 ( 0.0008867619288366358800, 0.001066157889636227800, 0.001245553850435819800, 0.001424949811235411800, 0.001604345772035003900, 0.001963137693634188100, 0.002142533654433780000, 0.002321929615233372000, 0.002501325576032963900, 0.002680721536832556300, 0.002860117497632148300, 0.003039513458431740200, 0.003218909419231332200, 0.003398305380030924200, 0.003577701340830516100, 0.003757097301630108100, 0.003936493262429700500, 0.004115889223229292000, 0.004474681144828476800, 0.004654077105628068300, 0.004833473066427660700, 0.005012869027227253100, 0.005192264988026844600, 0.005551056909626028500, 0.005730452870425620900, 0.005909848831225212500, 0.006089244792024804000, 0.006268640752824396400, 0.006627432674423580300, 0.006986224596022765100, 0.007345016517621949000, 0.007703808439221132900, 0.008062600360820317700, 0.008421392282419500700, 0.008511090262819296500, 0.008600788243219092300, 0.008780184204018685500, 0.008959580164818278800, 0.009138976125617870300, 0.009318372086417461800, 0.009497768047217053400, 0.009677164008016644900, 0.009856559968816236400, 0.01003595592961582800, 0.01021535189041542100, 0.01057414381201460600, 0.01075353977281419800, 0.01093293573361378900, 0.01111233169441338100, 0.01129172765521297200, 0.01165051957681215700, 0.01182991553761175000, 0.01200931149841134200, 0.01218870745921093300, 0.01236810342001052500, 0.01272689534160970800, 0.01290629130240929900, 0.01308568726320889300, 0.01326508322400848600, 0.01344447918480807700, 0.01380327110640726000, 0.01398266706720685200, 0.01416206302800644300, 0.01434145898880603500, 0.01452085494960562800, 0.01487964687120481300, 0.01523843879280399600, 0.01559723071440317900, 0.01595602263600236200, 0.01631481455760154500, 0.01667360647920073200, 0.01685300244000032700, 0.01703239840079991800, 0.01721179436159951000, 0.01739119032239910100, 0.01774998224399828400, 0.01792937820479787600, 0.01810877416559746700, 0.01828817012639705900, 0.01846756608719665000, 0.01882635800879583300, 0.01900575396959542500, 0.01918514993039501700, 0.01936454589119460800, 0.01954394185199420300, 0.01972333781279379800, 0.01990273377359339000, 0.02008212973439298100, 0.02026152569519257300, 0.02044092165599216400, 0.02053061963639196000, 0.02062031761679175600, 0.02097910953839093900, 0.02133790145999012200, 0.02151729742078971300, 0.02169669338158930800, 0.02187608934238890300, 0.02205548530318849500, 0.02241427722478767800, 0.02259367318558726900, 0.02277306914638686100, 0.02295246510718645200, 0.02313186106798604400, 0.02349065298958522700, 0.02384944491118441400 ),
 .UNSPECIFIED. ) ;
#2749 = CARTESIAN_POINT ( 'NONE',  ( -0.1026839630936022800, -0.05714422237882150300, 0.6971865818430385000 ) ) ;
#2750 = CARTESIAN_POINT ( 'NONE',  ( 0.1488338192840978100, -0.02596948218098808100, 0.7279407518618377100 ) ) ;
#2751 = DIRECTION ( 'NONE',  ( -0.0000000000000000000, -1.000000000000000000, -0.0000000000000000000 ) ) ;
#2752 = ORIENTED_EDGE ( 'NONE', *, *, #2366, .T. ) ;
#2753 = EDGE_CURVE ( 'NONE', #1763, #3306, #3281, .T. ) ;
#2754 = DIRECTION ( 'NONE',  ( 0.0000000000000000000, 0.0000000000000000000, 1.000000000000000000 ) ) ;
#2755 = LINE ( 'NONE', #796, #283 ) ;
#2756 = SURFACE_STYLE_USAGE ( .BOTH. , #3073 ) ;
#2757 = CARTESIAN_POINT ( 'NONE',  ( 0.1044664856266745400, -0.05382099602873716800, 0.6967874251787852200 ) ) ;
#2758 = CARTESIAN_POINT ( 'NONE',  ( 0.1243526667796603500, 0.08219209688232558000, -0.7325212359967995200 ) ) ;
#2759 = CARTESIAN_POINT ( 'NONE',  ( 0.1159514786434502800, 0.01911001807252291800, 0.6940430512177907500 ) ) ;
#2760 = VERTEX_POINT ( 'NONE', #4031 ) ;
#2761 = CARTESIAN_POINT ( 'NONE',  ( 0.1172621676765807500, -0.007719363323119435600, 0.6937109637396000600 ) ) ;
#2762 = FILL_AREA_STYLE ('',( #3704 ) ) ;
#2763 = PRESENTATION_LAYER_ASSIGNMENT (  '', '', ( #2545 ) ) ;
#2764 = CARTESIAN_POINT ( 'NONE',  ( -0.001791854346013086500, -0.1175020359453274600, -0.7084927633377133800 ) ) ;
#2765 = ORIENTED_EDGE ( 'NONE', *, *, #2776, .F. ) ;
#2766 = CARTESIAN_POINT ( 'NONE',  ( -0.09110045283979126300, -0.07420934564932313300, 0.6996081505458133800 ) ) ;
#2767 = CARTESIAN_POINT ( 'NONE',  ( 0.1243606966503279400, -0.08218069390417677400, 0.7325198578576086500 ) ) ;
#2768 = SURFACE_SIDE_STYLE ('',( #3264 ) ) ;
#2769 = CARTESIAN_POINT ( 'NONE',  ( 0.0001390223268281367000, -0.1442585521747487300, -0.7429999874900662400 ) ) ;
#2770 = CARTESIAN_POINT ( 'NONE',  ( 0.07157385424433264400, -0.09326315919823904800, 0.7030311989363652300 ) ) ;
#2771 = CARTESIAN_POINT ( 'NONE',  ( 0.1406336240632899700, 0.05322361866133777700, -0.7295698187972544700 ) ) ;
#2772 = DIRECTION ( 'NONE',  ( -0.0000000000000000000, -1.000000000000000000, -0.0000000000000000000 ) ) ;
#2773 = CARTESIAN_POINT ( 'NONE',  ( 0.1069889901728530200, -0.04861423720701110000, 0.6962100958225571100 ) ) ;
#2774 = CARTESIAN_POINT ( 'NONE',  ( 0.0000000000000000000, 1.999999999999999800, 0.4873205080756880500 ) ) ;
#2775 = CARTESIAN_POINT ( 'NONE',  ( 0.04689167987053251300, -0.1077547336620729900, -0.7061527119569640500 ) ) ;
#2776 = EDGE_CURVE ( 'NONE', #3486, #1289, #885, .T. ) ;
#2777 =( GEOMETRIC_REPRESENTATION_CONTEXT ( 3 ) GLOBAL_UNCERTAINTY_ASSIGNED_CONTEXT ( ( #2238 ) ) GLOBAL_UNIT_ASSIGNED_CONTEXT ( ( #2371, #522, #209 ) ) REPRESENTATION_CONTEXT ( 'NONE', 'WORKASPACE' ) );
#2778 = CARTESIAN_POINT ( 'NONE',  ( -0.07546630740261373000, -0.09006287150444534900, 0.7024079289599631800 ) ) ;
#2779 = CARTESIAN_POINT ( 'NONE',  ( 0.07576847154749669100, -0.1249528578077392000, 0.7391398254507562900 ) ) ;
#2780 = CARTESIAN_POINT ( 'NONE',  ( -0.1500071506762576100, 0.01886086286160115100, -0.7276997978030117500 ) ) ;
#2781 = CARTESIAN_POINT ( 'NONE',  ( -0.04320566740557778300, -0.1092726576676517600, -0.7065045896357011700 ) ) ;
#2782 = AXIS2_PLACEMENT_3D ( 'NONE', #1058, #132, #3548 ) ;
#2783 = CIRCLE ( 'NONE', #1261, 0.1650000000000005600 ) ;
#2784 = CARTESIAN_POINT ( 'NONE',  ( -0.02714987714449887400, -0.1419366129154013300, 0.7425078548578733000 ) ) ;
#2785 = CARTESIAN_POINT ( 'NONE',  ( 0.09199669783281080900, 0.07309812502980939100, 0.6994315646488988800 ) ) ;
#2786 = CARTESIAN_POINT ( 'NONE',  ( 0.1500690519511268800, -0.01885802901666365800, -0.7276871084859135600 ) ) ;
#2787 = CARTESIAN_POINT ( 'NONE',  ( 0.01342366469526950400, -0.1167466670873433700, 0.7083044756924110600 ) ) ;
#2788 = CARTESIAN_POINT ( 'NONE',  ( 0.04161481450636302100, 0.1387136728079531900, -0.7418374939716204700 ) ) ;
#2789 = CARTESIAN_POINT ( 'NONE',  ( -9.285873139106726300E-017, 0.1442586111360670800, -0.7429999999999999900 ) ) ;
#2790 = CARTESIAN_POINT ( 'NONE',  ( 0.08031725504796244400, -0.08584939461851724700, 0.7016046379899134600 ) ) ;
#2791 = CARTESIAN_POINT ( 'NONE',  ( 0.08841982686591511000, -0.07748013284492245900, -0.7001329920239048900 ) ) ;
#2792 = CARTESIAN_POINT ( 'NONE',  ( -0.05942467358632815700, -0.1013700464764503800, 0.7047264588594337500 ) ) ;
#2793 = CARTESIAN_POINT ( 'NONE',  ( -0.06447117430379797900, -0.09823424459367143000, -0.7040570080887158500 ) ) ;
#2794 = CARTESIAN_POINT ( 'NONE',  ( -0.08001003919204195700, -0.1224555198305132700, 0.7386825863309513000 ) ) ;
#2795 = PRESENTATION_STYLE_ASSIGNMENT (( #3384 ) ) ;
#2796 = CARTESIAN_POINT ( 'NONE',  ( 0.09999999999999989500, -1.589999999999999600, 0.0000000000000000000 ) ) ;
#2797 = CARTESIAN_POINT ( 'NONE',  ( -0.03051921119303016200, -0.1134836671235725100, 0.7075044837554536100 ) ) ;
#2798 = CARTESIAN_POINT ( 'NONE',  ( -0.04326055040889905500, 0.1092633956272135700, -0.7065020545232191300 ) ) ;
#2799 = FACE_OUTER_BOUND ( 'NONE', #1885, .T. ) ;
#2800 = CARTESIAN_POINT ( 'NONE',  ( -0.08002029160135339100, 0.1225168546858685400, -0.7386899090410861100 ) ) ;
#2801 = CARTESIAN_POINT ( 'NONE',  ( 0.01919413058179670500, -0.1159379975997273100, 0.7081041851320312200 ) ) ;
#2802 = UNCERTAINTY_MEASURE_WITH_UNIT (LENGTH_MEASURE( 1.000000000000000100E-005 ), #2917, 'distance_accuracy_value', 'NONE');
#2803 = CARTESIAN_POINT ( 'NONE',  ( -0.02927485296407406400, -0.1138217919465938900, 0.7075857637731315400 ) ) ;
#2804 = VERTEX_POINT ( 'NONE', #3087 ) ;
#2805 =( GEOMETRIC_REPRESENTATION_CONTEXT ( 3 ) GLOBAL_UNCERTAINTY_ASSIGNED_CONTEXT ( ( #3222 ) ) GLOBAL_UNIT_ASSIGNED_CONTEXT ( ( #3056, #1183, #3367 ) ) REPRESENTATION_CONTEXT ( 'NONE', 'WORKASPACE' ) );
#2806 = CARTESIAN_POINT ( 'NONE',  ( -0.1493432511725848200, -0.02352742563211245000, -0.7278369222650277200 ) ) ;
#2807 = CARTESIAN_POINT ( 'NONE',  ( -0.07899946746152133900, -0.08698427233859656900, -0.7018221476803863100 ) ) ;
#2808 = CARTESIAN_POINT ( 'NONE',  ( -0.1137411370064135700, -0.09512463038636885500, 0.7342428964613400000 ) ) ;
#2809 = ORIENTED_EDGE ( 'NONE', *, *, #1802, .T. ) ;
#2810 = FILL_AREA_STYLE ('',( #3098 ) ) ;
#2811 = CARTESIAN_POINT ( 'NONE',  ( -0.06851987951972475500, -0.09547214277282666000, 0.7034827723301038100 ) ) ;
#2812 = CARTESIAN_POINT ( 'NONE',  ( -0.05209883410418691300, 0.1053360889904859400, -0.7056022782263361400 ) ) ;
#2813 = CARTESIAN_POINT ( 'NONE',  ( -0.1512898175602533400, -0.009411122886564813800, -0.7274341146306635400 ) ) ;
#2814 = CARTESIAN_POINT ( 'NONE',  ( -0.02489570050671416000, -0.1148486855746099200, 0.7078364967282480000 ) ) ;
#2815 = VERTEX_POINT ( 'NONE', #1535 ) ;
#2816 = FACE_BOUND ( 'NONE', #4051, .T. ) ;
#2817 = CARTESIAN_POINT ( 'NONE',  ( 0.02665124631866786300, -0.1144965226420895400, 0.7077500483681185000 ) ) ;
#2818 = CARTESIAN_POINT ( 'NONE',  ( -0.1243476518504555600, -0.08219898648852921900, -0.7325220872195189500 ) ) ;
#2819 = CARTESIAN_POINT ( 'NONE',  ( -0.09073012999059110200, -0.07466130990307871800, -0.6996806602320743100 ) ) ;
#2820 = UNCERTAINTY_MEASURE_WITH_UNIT (LENGTH_MEASURE( 1.000000000000000100E-005 ), #399, 'distance_accuracy_value', 'NONE');
#2821 = CARTESIAN_POINT ( 'NONE',  ( -0.1432607027934146800, -0.04641831606011682900, 0.7290583658879326000 ) ) ;
#2822 = DIRECTION ( 'NONE',  ( -0.0000000000000000000, 1.000000000000000000, -0.0000000000000000000 ) ) ;
#2823 = CARTESIAN_POINT ( 'NONE',  ( -0.09327649084833938800, -0.07155784054733634000, 0.6991823396064966700 ) ) ;
#2824 = CARTESIAN_POINT ( 'NONE',  ( -0.08838528877758378100, 0.07744650377550735300, -0.7001347294587960700 ) ) ;
#2825 = EDGE_CURVE ( 'NONE', #3836, #1763, #2439, .T. ) ;
#2826 = CARTESIAN_POINT ( 'NONE',  ( -0.08829816930279783800, -0.1172329307380202300, -0.7377462390171835000 ) ) ;
#2827 = CARTESIAN_POINT ( 'NONE',  ( 0.05706115670328502200, -0.1027304678672733600, 0.7050229217560046700 ) ) ;
#2828 = VECTOR ( 'NONE', #3997, 39.37007874015748100 ) ;
#2829 = CARTESIAN_POINT ( 'NONE',  ( -0.09210806821895134400, -0.1144637113548849800, -0.7372713844613105700 ) ) ;
#2830 = CARTESIAN_POINT ( 'NONE',  ( -0.1031794811975193100, -0.05621793007841895100, -0.6970755582979356600 ) ) ;
#2831 = CARTESIAN_POINT ( 'NONE',  ( -0.1510322501308731800, 0.009575438915443023800, 0.7274878087503582300 ) ) ;
#2832 = CARTESIAN_POINT ( 'NONE',  ( 0.09100208756957164900, 0.07432958865531294500, 0.6996274226803118600 ) ) ;
#2833 = CARTESIAN_POINT ( 'NONE',  ( -0.1144904620866160900, -0.02670281160639648500, 0.6944091080689394100 ) ) ;
#2834 = CARTESIAN_POINT ( 'NONE',  ( -0.1113091963826583100, 0.03783083061811370200, -0.6951890521213270900 ) ) ;
#2835 = FILL_AREA_STYLE ('',( #2520 ) ) ;
#2836 = PRESENTATION_STYLE_ASSIGNMENT (( #3372 ) ) ;
#2837 = CARTESIAN_POINT ( 'NONE',  ( 0.07155046624225047700, 0.09322270196718675200, -0.7030278778584903000 ) ) ;
#2838 = CARTESIAN_POINT ( 'NONE',  ( 0.07415019516346077500, -0.09114859510821686500, 0.7026191453143980600 ) ) ;
#2839 = CARTESIAN_POINT ( 'NONE',  ( 0.1159750033286643800, 0.01925544274051274200, -0.6940376779444659100 ) ) ;
#2840 = CYLINDRICAL_SURFACE ( 'NONE', #2707, 0.09999999999999989500 ) ;
#2841 = CARTESIAN_POINT ( 'NONE',  ( -0.03920259463071747900, -0.1394113003683057400, -0.7419802954700921400 ) ) ;
#2842 =( GEOMETRIC_REPRESENTATION_CONTEXT ( 3 ) GLOBAL_UNCERTAINTY_ASSIGNED_CONTEXT ( ( #3420 ) ) GLOBAL_UNIT_ASSIGNED_CONTEXT ( ( #2205, #348, #658 ) ) REPRESENTATION_CONTEXT ( 'NONE', 'WORKASPACE' ) );
#2843 = CARTESIAN_POINT ( 'NONE',  ( -0.1148644194016808000, -0.02476445777001349800, -0.6943154805241269500 ) ) ;
#2844 = DIMENSIONAL_EXPONENTS ( 1.000000000000000000, 0.0000000000000000000, 0.0000000000000000000, 0.0000000000000000000, 0.0000000000000000000, 0.0000000000000000000, 0.0000000000000000000 ) ;
#2845 = CARTESIAN_POINT ( 'NONE',  ( -0.1321649118698644800, 0.07023857957172238700, 0.7311517404689731300 ) ) ;
#2846 = SURFACE_STYLE_USAGE ( .BOTH. , #669 ) ;
#2847 = CARTESIAN_POINT ( 'NONE',  ( -0.1159271389073209000, 0.01925791438250949400, 0.6940491820880011500 ) ) ;
#2848 = CARTESIAN_POINT ( 'NONE',  ( -0.1165574806511561200, -0.01534223183312827300, -0.6938900995989764100 ) ) ;
#2849 = CARTESIAN_POINT ( 'NONE',  ( -0.01987814690188919100, 0.1430275217555533900, -0.7427381132403478900 ) ) ;
#2850 = CARTESIAN_POINT ( 'NONE',  ( 9.099125717664833900E-017, -2.000000000000000000, 0.7429999999999999900 ) ) ;
#2851 = ORIENTED_EDGE ( 'NONE', *, *, #1730, .F. ) ;
#2852 = CARTESIAN_POINT ( 'NONE',  ( 0.01994053850343537400, -0.1442380850428062700, -0.7429955587122152300 ) ) ;
#2853 = CARTESIAN_POINT ( 'NONE',  ( 0.009987782668108957700, 0.1442584610800860800, 0.7429999999999958900 ) ) ;
#2854 = CARTESIAN_POINT ( 'NONE',  ( -0.1200852197695396100, 0.08786615638666574200, -0.7332383799537518500 ) ) ;
#2855 = DIRECTION ( 'NONE',  ( -0.0000000000000000000, -1.000000000000000000, -0.0000000000000000000 ) ) ;
#2856 = ORIENTED_EDGE ( 'NONE', *, *, #2568, .F. ) ;
#2857 = CARTESIAN_POINT ( 'NONE',  ( 0.1144556042098061200, -0.02664298831423660100, -0.6944173734989490500 ) ) ;
#2858 = CARTESIAN_POINT ( 'NONE',  ( 0.03232141575107252300, 0.1129835954095052800, -0.7073837388918837700 ) ) ;
#2859 = CARTESIAN_POINT ( 'NONE',  ( 0.09010084433182138900, -0.07542076174035765300, 0.6998034100146709500 ) ) ;
#2860 = STYLED_ITEM ( 'NONE', ( #2836 ), #512 ) ;
#2861 = ORIENTED_EDGE ( 'NONE', *, *, #4019, .T. ) ;
#2862 = CARTESIAN_POINT ( 'NONE',  ( 0.01988178649354754200, -0.1430269893421883000, -0.7427380007472773600 ) ) ;
#2863 = CARTESIAN_POINT ( 'NONE',  ( -0.09781825932694150600, 0.1100723543809398000, 0.7365353766698243800 ) ) ;
#2864 = CARTESIAN_POINT ( 'NONE',  ( -0.01987814690188919100, 0.1430275217555533900, -0.7427381132403478900 ) ) ;
#2865 = CARTESIAN_POINT ( 'NONE',  ( -0.09866390589026496900, 0.06383871237658171600, 0.6980615079795857700 ) ) ;
#2866 = CARTESIAN_POINT ( 'NONE',  ( -0.09871455333863331200, -0.06376028713820117200, -0.6980507083190906600 ) ) ;
#2867 = CARTESIAN_POINT ( 'NONE',  ( -0.08210146721166485000, 0.1211898549348960600, -0.7384528300011683500 ) ) ;
#2868 = CARTESIAN_POINT ( 'NONE',  ( -0.1230199426177080000, -0.08409445901193134100, 0.7327501898667265800 ) ) ;
#2869 = CARTESIAN_POINT ( 'NONE',  ( 1.224646799147351700E-017, 1.489999999999999800, -0.09999999999999989500 ) ) ;
#2870 = CARTESIAN_POINT ( 'NONE',  ( 0.1321840229675671800, 0.07264063515310351100, 0.7311877704395608500 ) ) ;
#2871 = CARTESIAN_POINT ( 'NONE',  ( -0.1388145126180640700, 0.05740182652899457300, -0.7299181181130194300 ) ) ;
#2872 = SURFACE_STYLE_USAGE ( .BOTH. , #1004 ) ;
#2873 = DIRECTION ( 'NONE',  ( -0.0000000000000000000, -1.000000000000000000, -0.0000000000000000000 ) ) ;
#2874 = CARTESIAN_POINT ( 'NONE',  ( 0.09984755890071467200, -0.06197073114277731200, 0.6978076760167705200 ) ) ;
#2875 = STYLED_ITEM ( 'NONE', ( #2314 ), #714 ) ;
#2876 = CARTESIAN_POINT ( 'NONE',  ( 0.07365421093126084400, -0.1260293077076002100, -0.7393435357754885000 ) ) ;
#2877 = SURFACE_SIDE_STYLE ('',( #527 ) ) ;
#2878 = CARTESIAN_POINT ( 'NONE',  ( -0.04858727837672697400, 0.1366369573209042500, 0.7414133849301289800 ) ) ;
#2879 = CARTESIAN_POINT ( 'NONE',  ( -0.06837860187083888400, 0.09557354918447932800, 0.7035035203911033100 ) ) ;
#2880 = CARTESIAN_POINT ( 'NONE',  ( -0.07305448569872953500, -0.09204887309917965400, -0.7027945078253869900 ) ) ;
#2881 = EDGE_CURVE ( 'NONE', #88, #3849, #2499, .T. ) ;
#2882 = CARTESIAN_POINT ( 'NONE',  ( -0.06929342148411463100, 0.1282582654294492400, -0.7397649758208378900 ) ) ;
#2883 = CARTESIAN_POINT ( 'NONE',  ( -2.049129849103300500E-015, -0.1442586109681523200, 0.7429999999997271000 ) ) ;
#2884 = CARTESIAN_POINT ( 'NONE',  ( -0.01987989560285276600, 0.1433182184107441900, 0.7427973864542204400 ) ) ;
#2885 = PLANE ( 'NONE',  #3790 ) ;
#2886 = CARTESIAN_POINT ( 'NONE',  ( -0.1503138098743814200, 0.01649180443837884900, -0.7276364622021168600 ) ) ;
#2887 = CARTESIAN_POINT ( 'NONE',  ( 0.08014313075200993300, -0.1224445095137381100, -0.7386766133625951600 ) ) ;
#2888 = CARTESIAN_POINT ( 'NONE',  ( 0.1145165696519620200, -0.02656573639546239800, -0.6944025472790955600 ) ) ;
#2889 = CARTESIAN_POINT ( 'NONE',  ( 0.1113802239328071700, -0.03762235797964340300, 0.6951726072458722600 ) ) ;
#2890 = CARTESIAN_POINT ( 'NONE',  ( 0.1311044888621346300, -0.07213666223315924600, -0.7313454528325376000 ) ) ;
#2891 = FILL_AREA_STYLE_COLOUR ( '', #3336 ) ;
#2892 = CIRCLE ( 'NONE', #3442, 0.4873205080756878900 ) ;
#2893 = CARTESIAN_POINT ( 'NONE',  ( 0.005098901358657766100, 0.1441960684011295300, 0.7429866380373610900 ) ) ;
#2894 = CARTESIAN_POINT ( 'NONE',  ( -0.09409702194751921900, 0.1129831696319543000, -0.7370199838439363000 ) ) ;
#2895 = AXIS2_PLACEMENT_3D ( 'NONE', #1307, #3488, #1621 ) ;
#2896 = CARTESIAN_POINT ( 'NONE',  ( -0.03036693213167558300, 0.1135243538529610600, 0.7075143269447948800 ) ) ;
#2897 = CARTESIAN_POINT ( 'NONE',  ( -0.03598252038698913900, -0.1118715340455957600, -0.7071172761384531000 ) ) ;
#2898 = CARTESIAN_POINT ( 'NONE',  ( 0.1092273962012907200, 0.04335113961972510800, -0.6956858212173610000 ) ) ;
#2899 = FILL_AREA_STYLE_COLOUR ( '', #3520 ) ;
#2900 = LINE ( 'NONE', #328, #2691 ) ;
#2901 =( NAMED_UNIT ( * ) SI_UNIT ( $, .STERADIAN. ) SOLID_ANGLE_UNIT ( ) );
#2902 = DIRECTION ( 'NONE',  ( 8.659560562354969800E-017, 0.7071067811865444600, -0.7071067811865504600 ) ) ;
#2903 = CARTESIAN_POINT ( 'NONE',  ( 0.1038146184915591000, -0.05503612524118372400, -0.6969333935609712800 ) ) ;
#2904 = SURFACE_STYLE_USAGE ( .BOTH. , #729 ) ;
#2905 = FACE_BOUND ( 'NONE', #818, .T. ) ;
#2906 = CARTESIAN_POINT ( 'NONE',  ( 0.1507995534424375100, -0.01178480175214225700, -0.7275359476041077800 ) ) ;
#2907 = CARTESIAN_POINT ( 'NONE',  ( 0.0000000000000000000, 2.000000000000000000, 0.0000000000000000000 ) ) ;
#2908 = CARTESIAN_POINT ( 'NONE',  ( 0.06267120746370745400, 0.1313827450510005000, 0.7403663000188321900 ) ) ;
#2909 = DIMENSIONAL_EXPONENTS ( 1.000000000000000000, 0.0000000000000000000, 0.0000000000000000000, 0.0000000000000000000, 0.0000000000000000000, 0.0000000000000000000, 0.0000000000000000000 ) ;
#2910 = VERTEX_POINT ( 'NONE', #3727 ) ;
#2911 = CARTESIAN_POINT ( 'NONE',  ( 0.07696241218797894600, 0.08879018769692789700, 0.7021632035168538000 ) ) ;
#2912 = CARTESIAN_POINT ( 'NONE',  ( 0.01545967684490805900, 0.1165418227117995500, 0.7082535135894767500 ) ) ;
#2913 = STYLED_ITEM ( 'NONE', ( #2795 ), #1375 ) ;
#2914 = CARTESIAN_POINT ( 'NONE',  ( 0.01353388369806903800, -0.1167337544659024400, -0.7083012681990982200 ) ) ;
#2915 = CARTESIAN_POINT ( 'NONE',  ( 0.1148475188972896500, 0.02489934290494307700, -0.6943197457939553900 ) ) ;
#2916 = CARTESIAN_POINT ( 'NONE',  ( 0.0000000000000000000, 1.989999999999999800, 0.1650000000000005600 ) ) ;
#2917 =( CONVERSION_BASED_UNIT ( 'INCH', #2693 ) LENGTH_UNIT ( ) NAMED_UNIT ( #1360 ) );
#2918 = ORIENTED_EDGE ( 'NONE', *, *, #3729, .F. ) ;
#2919 = CARTESIAN_POINT ( 'NONE',  ( 0.0000000000000000000, -1.989999999999999800, 0.0000000000000000000 ) ) ;
#2920 = CARTESIAN_POINT ( 'NONE',  ( 0.09143383499777199600, -0.07379854986222549000, -0.6995426223580694100 ) ) ;
#2921 = CARTESIAN_POINT ( 'NONE',  ( 0.0000000000000000000, 2.000000000000000000, 0.0000000000000000000 ) ) ;
#2922 = CARTESIAN_POINT ( 'NONE',  ( -0.04854532993814956300, -0.1070200543516704900, 0.7059841428871871400 ) ) ;
#2923 = CARTESIAN_POINT ( 'NONE',  ( 0.1174987023547829400, 0.002019969854049270000, -0.6936506226900047700 ) ) ;
#2924 = CARTESIAN_POINT ( 'NONE',  ( 0.1454540965158538900, 0.03973468449253731600, -0.7286238051584114100 ) ) ;
#2925 = DIMENSIONAL_EXPONENTS ( 1.000000000000000000, 0.0000000000000000000, 0.0000000000000000000, 0.0000000000000000000, 0.0000000000000000000, 0.0000000000000000000, 0.0000000000000000000 ) ;
#2926 = CARTESIAN_POINT ( 'NONE',  ( 0.1138235376249604200, 0.09514369180221514400, 0.7342364892336985500 ) ) ;
#2927 = ADVANCED_FACE ( 'NONE', ( #4020, #1609 ), #351, .T. ) ;
#2928 = CARTESIAN_POINT ( 'NONE',  ( -0.1154061657610677300, 0.09330522228232049400, -0.7339842704594323800 ) ) ;
#2929 = CARTESIAN_POINT ( 'NONE',  ( 0.05885492300063131800, 0.1017153676835791900, 0.7048007842650347900 ) ) ;
#2930 = CARTESIAN_POINT ( 'NONE',  ( 0.05381600319608592600, -0.1044690666681575600, -0.7054078094825696500 ) ) ;
#2931 = CARTESIAN_POINT ( 'NONE',  ( 0.06846439843570484300, 0.09551213230887860300, -0.7034909424784544500 ) ) ;
#2932 =( CONVERSION_BASED_UNIT ( 'INCH', #3117 ) LENGTH_UNIT ( ) NAMED_UNIT ( #3858 ) );
#2933 = CARTESIAN_POINT ( 'NONE',  ( -0.04668665160489571300, 0.1078425435034080400, 0.7061729429128871200 ) ) ;
#2934 = CARTESIAN_POINT ( 'NONE',  ( 0.1167562809327710900, 0.01333824123575393800, 0.6938401261338218400 ) ) ;
#2935 = CARTESIAN_POINT ( 'NONE',  ( 0.07694367145018507500, -0.08880641237186850900, -0.7021663088723700800 ) ) ;
#2936 = CARTESIAN_POINT ( 'NONE',  ( -0.08032440287044906300, -0.08577817433059355100, 0.7015975065340797100 ) ) ;
#2937 = COLOUR_RGB ( '',0.9019607843137255100, 0.9019607843137255100, 0.9019607843137255100 ) ;
#2938 = LENGTH_MEASURE_WITH_UNIT ( LENGTH_MEASURE( 0.02539999999999999900 ), #1677 );
#2939 = CARTESIAN_POINT ( 'NONE',  ( 0.1243526667796603500, 0.08219209688232558000, -0.7325212359967995200 ) ) ;
#2940 = FACE_OUTER_BOUND ( 'NONE', #281, .T. ) ;
#2941 = SURFACE_STYLE_FILL_AREA ( #2423 ) ;
#2942 = CARTESIAN_POINT ( 'NONE',  ( 0.1454731956932318300, 0.03967169602333930900, 0.7286199923955846100 ) ) ;
#2943 = CARTESIAN_POINT ( 'NONE',  ( -0.1174999999999994800, 0.003808648999268431400, -0.6936502779138256100 ) ) ;
#2944 = CARTESIAN_POINT ( 'NONE',  ( -0.1087828787812963900, 0.1002800142057209500, -0.7349955159596278700 ) ) ;
#2945 = CARTESIAN_POINT ( 'NONE',  ( 0.1018263025225910800, -0.05875599207309883200, -0.6973789880537418800 ) ) ;
#2946 = FILL_AREA_STYLE ('',( #3204 ) ) ;
#2947 = CARTESIAN_POINT ( 'NONE',  ( 0.03019762354966967400, 0.1136187820561855400, -0.7075355607546742800 ) ) ;
#2948 = CARTESIAN_POINT ( 'NONE',  ( 0.1461768743917253300, -0.03746658404807429200, 0.7284802471374807200 ) ) ;
#2949 = CARTESIAN_POINT ( 'NONE',  ( -0.06665312613556799400, 0.09678107831552088000, 0.7037527250074492300 ) ) ;
#2950 = FACE_OUTER_BOUND ( 'NONE', #1705, .T. ) ;
#2951 = CARTESIAN_POINT ( 'NONE',  ( 0.06583352722108452800, -0.09732655113688555600, -0.7038669632093276200 ) ) ;
#2952 = CARTESIAN_POINT ( 'NONE',  ( -0.1053469501699901600, -0.05207657530269301600, 0.6965874225586328200 ) ) ;
#2953 = CARTESIAN_POINT ( 'NONE',  ( 0.08612272924848241000, 0.1186255880525453700, -0.7379947318589154000 ) ) ;
#2954 =( CONVERSION_BASED_UNIT ( 'INCH', #4024 ) LENGTH_UNIT ( ) NAMED_UNIT ( #3199 ) );
#2955 = CARTESIAN_POINT ( 'NONE',  ( 0.1174526425498601700, -0.003854653281577814000, 0.6936623909123733600 ) ) ;
#2956 = CARTESIAN_POINT ( 'NONE',  ( -0.1088972634159218200, 0.04414170745930161300, -0.6957633623447930800 ) ) ;
#2957 = CARTESIAN_POINT ( 'NONE',  ( 0.05375339359905829300, 0.1045025129651071800, 0.7054152222611277400 ) ) ;
#2958 = LINE ( 'NONE', #1631, #2209 ) ;
#2959 = CARTESIAN_POINT ( 'NONE',  ( 0.06110040850267173300, 0.1003689131385809000, -0.7045104290422774500 ) ) ;
#2960 = SURFACE_STYLE_FILL_AREA ( #103 ) ;
#2961 = CARTESIAN_POINT ( 'NONE',  ( 0.1200062482724821000, -0.08787047746354582900, 0.7332460126655768700 ) ) ;
#2962 = AXIS2_PLACEMENT_3D ( 'NONE', #2907, #3213, #2604 ) ;
#2963 = CARTESIAN_POINT ( 'NONE',  ( -0.07969754699669530400, 0.08634681682991532400, 0.7017033912441434900 ) ) ;
#2964 = MECHANICAL_DESIGN_GEOMETRIC_PRESENTATION_REPRESENTATION (  '', ( #2524 ), #3149 ) ;
#2965 = CARTESIAN_POINT ( 'NONE',  ( -0.1328067593079033900, -0.06909851017518188500, -0.7310346949149415500 ) ) ;
#2966 = ORIENTED_EDGE ( 'NONE', *, *, #1552, .F. ) ;
#2967 = CARTESIAN_POINT ( 'NONE',  ( 0.04139996867019902400, -0.1100382254995480600, -0.7066814237940046700 ) ) ;
#2968 = CARTESIAN_POINT ( 'NONE',  ( -0.1171321317757227400, -0.009489645500531060700, 0.6937441063518918800 ) ) ;
#2969 = CONICAL_SURFACE ( 'NONE', #711, 0.4873205080756878900, 1.047197551196583000 ) ;
#2970 = ORIENTED_EDGE ( 'NONE', *, *, #1571, .T. ) ;
#2971 = CARTESIAN_POINT ( 'NONE',  ( 0.03436082331205103600, 0.1405087104235220000, -0.7422090279565019000 ) ) ;
#2972 =( NAMED_UNIT ( * ) SI_UNIT ( $, .STERADIAN. ) SOLID_ANGLE_UNIT ( ) );
#2973 = CARTESIAN_POINT ( 'NONE',  ( -0.09822481460142082300, 0.06448557341304743400, -0.6981536591355660400 ) ) ;
#2974 = VERTEX_POINT ( 'NONE', #2850 ) ;
#2975 = B_SPLINE_CURVE_WITH_KNOTS ( 'NONE', 1,
 ( #409, #2263 ),
 .UNSPECIFIED., .F., .F.,
 ( 2, 2 ),
 ( 0.0000000000000000000, 1.000000000000000000 ),
 .UNSPECIFIED. ) ;
#2976 = CARTESIAN_POINT ( 'NONE',  ( 0.07559903619184898900, 0.08996027864131268800, -0.7023875207196809100 ) ) ;
#2977 = CARTESIAN_POINT ( 'NONE',  ( 0.06247838478340100200, -0.1314661297445285900, 0.7403826002048338200 ) ) ;
#2978 = CARTESIAN_POINT ( 'NONE',  ( 0.1026600949737813500, 0.05719100304442717400, -0.6971919902230789800 ) ) ;
#2979 = CARTESIAN_POINT ( 'NONE',  ( -0.09209388870887448600, 0.07300347627144934700, 0.6994140611529371400 ) ) ;
#2980 = CARTESIAN_POINT ( 'NONE',  ( 0.04875653765459011400, -0.1368896769506153000, 0.7414556736446249500 ) ) ;
#2981 = CARTESIAN_POINT ( 'NONE',  ( -0.1104456760093253500, -0.09861316765204276900, -0.7347472663974791200 ) ) ;
#2982 = B_SPLINE_CURVE_WITH_KNOTS ( 'NONE', 3,
 ( #2994, #3298, #812, #510, #2047, #193, #1745, #1425, #3617, #1106, #3287, #2980, #497, #180, #1410, #3271, #1094, #3847 ),
 .UNSPECIFIED., .F., .F.,
 ( 4, 2, 2, 2, 2, 2, 2, 2, 4 ),
 ( 0.0000000000000000000, 0.03124691715535280600, 0.06249383431070561200, 0.1249876686214112500, 0.1562345857767641100, 0.1874815029321169300, 0.2187284200874697900, 0.2343518786651462000, 0.2499753372428226200 ),
 .UNSPECIFIED. ) ;
#2983 = EDGE_CURVE ( 'NONE', #3189, #2910, #4025, .T. ) ;
#2984 = CARTESIAN_POINT ( 'NONE',  ( 0.0000000000000000000, 2.000000000000000000, -0.7429999999999999900 ) ) ;
#2985 = CARTESIAN_POINT ( 'NONE',  ( -0.1492597483673444000, 0.02364357431658087000, 0.7278534657013221400 ) ) ;
#2986 = CARTESIAN_POINT ( 'NONE',  ( -0.1129411437452640000, 0.03246912940455501400, 0.6947911487397804300 ) ) ;
#2987 = CARTESIAN_POINT ( 'NONE',  ( 0.09547270073988800600, 0.06851963735695153200, -0.6987302598739250100 ) ) ;
#2988 = CARTESIAN_POINT ( 'NONE',  ( -0.01543896946311206100, 0.1164972660829662700, -0.7082425299759250700 ) ) ;
#2989 = MECHANICAL_DESIGN_GEOMETRIC_PRESENTATION_REPRESENTATION (  '', ( #2545 ), #3173 ) ;
#2990 = CARTESIAN_POINT ( 'NONE',  ( -0.08715513375762071200, 0.07881086265712294900, -0.7003663149075919400 ) ) ;
#2991 = CARTESIAN_POINT ( 'NONE',  ( 0.09057651902563802800, 0.07484764299765296600, -0.6997106707764323400 ) ) ;
#2992 = CARTESIAN_POINT ( 'NONE',  ( -0.004963016914171634000, -0.1442578845126732700, 0.7429998436961889900 ) ) ;
#2993 = CARTESIAN_POINT ( 'NONE',  ( -0.1033230465294001900, 0.05595397649388005000, 0.6970435041045555100 ) ) ;
#2994 = CARTESIAN_POINT ( 'NONE',  ( 0.1512848552846968700, 7.603287872991357300E-018, 0.7274351466361026500 ) ) ;
#2995 = CARTESIAN_POINT ( 'NONE',  ( -0.08612784407809663500, -0.1186216133990040400, -0.7379940618928591000 ) ) ;
#2996 = CARTESIAN_POINT ( 'NONE',  ( 0.0000000000000000000, 1.949999999999999500, 0.0000000000000000000 ) ) ;
#2997 = CARTESIAN_POINT ( 'NONE',  ( -0.1270328061653763500, 0.07837688497157828400, 0.7320612154992935900 ) ) ;
#2998 = CARTESIAN_POINT ( 'NONE',  ( -0.08831382911180010700, 0.07759833529419417300, 0.7001529954413017200 ) ) ;
#2999 = CIRCLE ( 'NONE', #273, 0.4873205080756878900 ) ;
#3000 = CARTESIAN_POINT ( 'NONE',  ( -0.05720555876131328700, 0.1026521576598445200, -0.7050056323995416200 ) ) ;
#3001 = UNCERTAINTY_MEASURE_WITH_UNIT (LENGTH_MEASURE( 1.000000000000000100E-005 ), #3359, 'distance_accuracy_value', 'NONE');
#3002 = CARTESIAN_POINT ( 'NONE',  ( -0.07466016637729684700, 0.09073106931842742100, -0.7025377082951743700 ) ) ;
#3003 = EDGE_CURVE ( 'NONE', #2560, #770, #3293, .T. ) ;
#3004 = STYLED_ITEM ( 'NONE', ( #3055 ), #1064 ) ;
#3005 = CARTESIAN_POINT ( 'NONE',  ( 0.1027192389442452000, 0.05705449913909598600, -0.6971780307202137800 ) ) ;
#3006 = CARTESIAN_POINT ( 'NONE',  ( -0.06250360182502903700, -0.1313920374849219500, 0.7403697293968764000 ) ) ;
#3007 = CARTESIAN_POINT ( 'NONE',  ( -0.1137860071191713100, 0.02941370030521860800, 0.6945838618687055800 ) ) ;
#3008 = CARTESIAN_POINT ( 'NONE',  ( -0.03438713218371045000, -0.1405623536556508700, -0.7422198300247384600 ) ) ;
#3009 = LINE ( 'NONE', #3507, #961 ) ;
#3010 = DIRECTION ( 'NONE',  ( 0.0000000000000000000, 0.0000000000000000000, -1.000000000000000000 ) ) ;
#3011 = CARTESIAN_POINT ( 'NONE',  ( -0.08803954798808329200, 0.1173387869506171300, 0.7377682859725940300 ) ) ;
#3012 = UNCERTAINTY_MEASURE_WITH_UNIT (LENGTH_MEASURE( 1.000000000000000100E-005 ), #1797, 'distance_accuracy_value', 'NONE');
#3013 = CARTESIAN_POINT ( 'NONE',  ( -0.04854773751616314100, 0.1070711012116119700, 0.7059942606018433400 ) ) ;
#3014 = CARTESIAN_POINT ( 'NONE',  ( -0.08581353749985823300, 0.08028671695988995300, -0.7006168111562288700 ) ) ;
#3015 = ORIENTED_EDGE ( 'NONE', *, *, #4019, .F. ) ;
#3016 = CARTESIAN_POINT ( 'NONE',  ( -0.05630239192193255100, 0.1031334077713992700, -0.7051122870983560500 ) ) ;
#3017 = CARTESIAN_POINT ( 'NONE',  ( 0.1144571116628558000, 0.02658360116597674500, -0.6944170072273694300 ) ) ;
#3018 = CARTESIAN_POINT ( 'NONE',  ( -0.1034201333113664300, -0.1053126833593095900, 0.7357694380129500300 ) ) ;
#3019 = ORIENTED_EDGE ( 'NONE', *, *, #1944, .F. ) ;
#3020 = FILL_AREA_STYLE ('',( #535 ) ) ;
#3021 = SURFACE_STYLE_USAGE ( .BOTH. , #1148 ) ;
#3022 = CARTESIAN_POINT ( 'NONE',  ( 0.02478801113969849100, -0.1423286478812329800, -0.7425904508685274900 ) ) ;
#3023 = CARTESIAN_POINT ( 'NONE',  ( -0.1159257783507200200, -0.01919417241586498700, 0.6940495898328592500 ) ) ;
#3024 = ORIENTED_EDGE ( 'NONE', *, *, #3452, .F. ) ;
#3025 = CARTESIAN_POINT ( 'NONE',  ( -0.03909835687643097000, 0.1393775797187029600, 0.7419744424319665300 ) ) ;
#3026 = CARTESIAN_POINT ( 'NONE',  ( -0.009595595091331909200, 0.1171234180255465600, 0.7083982235480841300 ) ) ;
#3027 = CARTESIAN_POINT ( 'NONE',  ( -0.1100182016222652200, 0.04143619629304613700, -0.6954997770355263500 ) ) ;
#3028 = CARTESIAN_POINT ( 'NONE',  ( -0.02483921857354250800, 0.1148482767231434300, -0.7078364463701530800 ) ) ;
#3029 = CARTESIAN_POINT ( 'NONE',  ( -0.1174999884098551100, 6.391650365183367500E-005, 0.6936502940857352000 ) ) ;
#3030 = CARTESIAN_POINT ( 'NONE',  ( -0.1356374307332005600, -0.06393612277352675500, 0.7305153334349238100 ) ) ;
#3031 = AXIS2_PLACEMENT_3D ( 'NONE', #602, #2772, #911 ) ;
#3032 = DIRECTION ( 'NONE',  ( -0.0000000000000000000, 1.000000000000000000, -0.0000000000000000000 ) ) ;
#3033 =( NAMED_UNIT ( * ) PLANE_ANGLE_UNIT ( ) SI_UNIT ( $, .RADIAN. ) );
#3034 = CARTESIAN_POINT ( 'NONE',  ( 0.07581170179413619600, -0.1248608998166743600, -0.7391252924850666400 ) ) ;
#3035 = CARTESIAN_POINT ( 'NONE',  ( 0.01990480829122055400, 0.1430822253929453500, 0.7427496318205844000 ) ) ;
#3036 = CARTESIAN_POINT ( 'NONE',  ( 0.03237082944713626900, 0.1129695838689059700, 0.7073803624430109500 ) ) ;
#3037 = CARTESIAN_POINT ( 'NONE',  ( -0.1173111098867104000, -0.007689970836866651500, -0.6936986426694292700 ) ) ;
#3038 = SURFACE_STYLE_USAGE ( .BOTH. , #855 ) ;
#3039 = SURFACE_SIDE_STYLE ('',( #1915 ) ) ;
#3040 = CARTESIAN_POINT ( 'NONE',  ( 0.03921270805447864300, 0.1394098460165599200, -0.7419799622362902600 ) ) ;
#3041 = CARTESIAN_POINT ( 'NONE',  ( 0.1357442348566579900, -0.06385859980001014300, -0.7304985055466224300 ) ) ;
#3042 = CARTESIAN_POINT ( 'NONE',  ( 0.07577751922504297200, 0.1248792993466170400, 0.7391287342389970500 ) ) ;
#3043 = CARTESIAN_POINT ( 'NONE',  ( 0.07163737653382579200, 0.09315623929530969500, 0.7030145733085949600 ) ) ;
#3044 = EDGE_CURVE ( 'NONE', #144, #1494, #3637, .T. ) ;
#3045 = CARTESIAN_POINT ( 'NONE',  ( -0.09974631096017667900, -0.06213415844680905000, -0.6978294292739494200 ) ) ;
#3046 = DIRECTION ( 'NONE',  ( 0.0000000000000000000, 0.0000000000000000000, -1.000000000000000000 ) ) ;
#3047 = SURFACE_STYLE_USAGE ( .BOTH. , #867 ) ;
#3048 = DIRECTION ( 'NONE',  ( -0.0000000000000000000, -1.000000000000000000, -0.0000000000000000000 ) ) ;
#3049 = DIRECTION ( 'NONE',  ( 0.0000000000000000000, 0.0000000000000000000, 1.000000000000000000 ) ) ;
#3050 = CARTESIAN_POINT ( 'NONE',  ( 0.1507995534424375100, -0.01178480175214225700, -0.7275359476041077800 ) ) ;
#3051 = CARTESIAN_POINT ( 'NONE',  ( 0.1229835402803511500, 0.08404445062158344400, 0.7327525408322684800 ) ) ;
#3052 = CARTESIAN_POINT ( 'NONE',  ( 0.1027338272266516400, 0.05705853491287909300, 0.6971756160742057500 ) ) ;
#3053 = EDGE_LOOP ( 'NONE', ( #1451, #1293, #3561, #3614 ) ) ;
#3054 = CARTESIAN_POINT ( 'NONE',  ( -0.07603471724048188600, -0.08960301807443470100, -0.7023178810556574000 ) ) ;
#3055 = PRESENTATION_STYLE_ASSIGNMENT (( #3325 ) ) ;
#3056 =( CONVERSION_BASED_UNIT ( 'INCH', #1086 ) LENGTH_UNIT ( ) NAMED_UNIT ( #3230 ) );
#3057 = ORIENTED_EDGE ( 'NONE', *, *, #2680, .T. ) ;
#3058 = SURFACE_STYLE_USAGE ( .BOTH. , #876 ) ;
#3059 = ORIENTED_EDGE ( 'NONE', *, *, #308, .T. ) ;
#3060 = CARTESIAN_POINT ( 'NONE',  ( -5.967955003737531500E-017, -1.999999999999999800, -0.4873205080756877700 ) ) ;
#3061 =( CONVERSION_BASED_UNIT ( 'INCH', #1831 ) LENGTH_UNIT ( ) NAMED_UNIT ( #1037 ) );
#3062 = CARTESIAN_POINT ( 'NONE',  ( 0.1454540965158538900, 0.03973468449253731600, -0.7286238051584114100 ) ) ;
#3063 = CARTESIAN_POINT ( 'NONE',  ( 0.1017889711345138200, 0.05872777894256374400, 0.6973846672876364800 ) ) ;
#3064 = CARTESIAN_POINT ( 'NONE',  ( 0.1479008307754741700, 0.03043347288518184800, 0.7281308865547128100 ) ) ;
#3065 = CARTESIAN_POINT ( 'NONE',  ( 0.1173112833448935300, 0.007682306524978105100, 0.6936985973530261900 ) ) ;
#3066 = FACE_OUTER_BOUND ( 'NONE', #1192, .T. ) ;
#3067 = CARTESIAN_POINT ( 'NONE',  ( -0.03781753736697394300, -0.1112646111478630800, -0.7069728074831110900 ) ) ;
#3068 = CARTESIAN_POINT ( 'NONE',  ( -0.1002975966249290800, -0.06121728900820021900, 0.6977095763648766300 ) ) ;
#3069 = CARTESIAN_POINT ( 'NONE',  ( 0.1461768743917253300, -0.03746658404807429200, 0.7284802471374807200 ) ) ;
#3070 = SURFACE_SIDE_STYLE ('',( #893 ) ) ;
#3071 = PRESENTATION_LAYER_ASSIGNMENT (  '', '', ( #2860 ) ) ;
#3072 = FILL_AREA_STYLE ('',( #2129 ) ) ;
#3073 = SURFACE_SIDE_STYLE ('',( #859 ) ) ;
#3074 = CARTESIAN_POINT ( 'NONE',  ( 0.09977622145743463000, -0.06217360396386870800, 0.6978269062873678800 ) ) ;
#3075 = CARTESIAN_POINT ( 'NONE',  ( 0.1206986583767737400, 0.08698028865108971300, -0.7331312307359790800 ) ) ;
#3076 = CARTESIAN_POINT ( 'NONE',  ( 0.1167484026338932600, 0.01340656371627365100, 0.6938415971337310600 ) ) ;
#3077 = CARTESIAN_POINT ( 'NONE',  ( 0.1167349416631117800, -0.01352640169647965700, 0.6938450135207662200 ) ) ;
#3078 = SURFACE_STYLE_USAGE ( .BOTH. , #900 ) ;
#3079 = CARTESIAN_POINT ( 'NONE',  ( 0.007802337273474496900, -0.1173035357687665200, -0.7084430315002241400 ) ) ;
#3080 = CARTESIAN_POINT ( 'NONE',  ( -0.09002170276825306700, -0.07552365691597598400, 0.6998192437800830900 ) ) ;
#3081 = CARTESIAN_POINT ( 'NONE',  ( 0.1200062482724821000, -0.08787047746354582900, 0.7332460126655768700 ) ) ;
#3082 = CARTESIAN_POINT ( 'NONE',  ( -0.007531809474783893200, -0.1173221069491571500, -0.7084472225805452700 ) ) ;
#3083 = PRESENTATION_LAYER_ASSIGNMENT (  '', '', ( #2875 ) ) ;
#3084 =( LENGTH_UNIT ( ) NAMED_UNIT ( * ) SI_UNIT ( $, .METRE. ) );
#3085 = CARTESIAN_POINT ( 'NONE',  ( 0.06214364310486075000, -0.09979514066932504400, 0.7043831910682173400 ) ) ;
#3086 = CARTESIAN_POINT ( 'NONE',  ( 0.08612272924848241000, 0.1186255880525453700, -0.7379947318589154000 ) ) ;
#3087 = CARTESIAN_POINT ( 'NONE',  ( 0.0000000000000000000, -1.949999999999999500, -0.1249999999999998300 ) ) ;
#3088 = CARTESIAN_POINT ( 'NONE',  ( 0.1044664856266745400, -0.05382099602873716800, 0.6967874251787852200 ) ) ;
#3089 = CARTESIAN_POINT ( 'NONE',  ( 0.05210293493618422400, -0.1053337814486029500, -0.7056017702197473500 ) ) ;
#3090 = PRESENTATION_STYLE_ASSIGNMENT (( #1169 ) ) ;
#3091 = CARTESIAN_POINT ( 'NONE',  ( -0.07478072470722289800, -0.09063180466080647500, 0.7025183849159213300 ) ) ;
#3092 = CARTESIAN_POINT ( 'NONE',  ( 0.06247838478340100200, -0.1314661297445285900, 0.7403826002048338200 ) ) ;
#3093 = AXIS2_PLACEMENT_3D ( 'NONE', #1824, #1491, #597 ) ;
#3094 = CARTESIAN_POINT ( 'NONE',  ( -0.1478718327253243400, 0.03056129680925583100, -0.7281367776977782900 ) ) ;
#3095 = CARTESIAN_POINT ( 'NONE',  ( -0.04677178137072034900, -0.1078056775322621100, -0.7061644675776509400 ) ) ;
#3096 = ORIENTED_EDGE ( 'NONE', *, *, #720, .T. ) ;
#3097 = CARTESIAN_POINT ( 'NONE',  ( -0.03448102475988257900, -0.1404815953393098400, 0.7422033854241245600 ) ) ;
#3098 = FILL_AREA_STYLE_COLOUR ( '', #1154 ) ;
#3099 = CARTESIAN_POINT ( 'NONE',  ( 0.1464596799654064000, -0.03735138487863327900, -0.7284246191578376300 ) ) ;
#3100 = CARTESIAN_POINT ( 'NONE',  ( 0.007659128207023387400, -0.1172658645169104400, 0.7084337707618531000 ) ) ;
#3101 = CARTESIAN_POINT ( 'NONE',  ( 0.03436082331205103600, 0.1405087104235220000, -0.7422090279565019000 ) ) ;
#3102 = ORIENTED_EDGE ( 'NONE', *, *, #3947, .T. ) ;
#3103 = CARTESIAN_POINT ( 'NONE',  ( 0.07157385424433264400, -0.09326315919823904800, 0.7030311989363652300 ) ) ;
#3104 = CARTESIAN_POINT ( 'NONE',  ( 0.09561437429839911300, -0.06840169846517914200, -0.6987046000777521500 ) ) ;
#3105 = EDGE_LOOP ( 'NONE', ( #85, #1542, #2086 ) ) ;
#3106 = CARTESIAN_POINT ( 'NONE',  ( -0.05697628345539597300, -0.1027658828318891700, 0.7050312159960824300 ) ) ;
#3107 = CARTESIAN_POINT ( 'NONE',  ( -0.1322116337925313100, 0.07015859420797968000, -0.7311432898978350600 ) ) ;
#3108 = CARTESIAN_POINT ( 'NONE',  ( -0.06673991610454607600, -0.09672119553539666700, -0.7037403157294894700 ) ) ;
#3109 = CARTESIAN_POINT ( 'NONE',  ( -0.08620741795902613100, -0.1185692202416559900, 0.7379847894097105700 ) ) ;
#3110 = DIRECTION ( 'NONE',  ( 0.0000000000000000000, -0.0000000000000000000, 1.000000000000000000 ) ) ;
#3111 = CARTESIAN_POINT ( 'NONE',  ( -0.03787869975054990900, -0.1112932311498173000, 0.7069787530619263700 ) ) ;
#3112 = CARTESIAN_POINT ( 'NONE',  ( -0.09998306756060605600, 0.1086766392771874500, -0.7362762350520191100 ) ) ;
#3113 = CARTESIAN_POINT ( 'NONE',  ( 0.01342366469526950400, -0.1167466670873433700, 0.7083044756924110600 ) ) ;
#3114 = PRESENTATION_LAYER_ASSIGNMENT (  '', '', ( #2913 ) ) ;
#3115 = CARTESIAN_POINT ( 'NONE',  ( -0.02473003428925071900, -0.1148718415871858900, 0.7078422104209700600 ) ) ;
#3116 = CARTESIAN_POINT ( 'NONE',  ( -0.1461715373576168200, -0.03748618058000748000, -0.7284813216891731200 ) ) ;
#3117 = LENGTH_MEASURE_WITH_UNIT ( LENGTH_MEASURE( 0.02539999999999999900 ), #750 );
#3118 = CARTESIAN_POINT ( 'NONE',  ( -0.08137985349627754900, -0.08476320138399155700, -0.7014125065497066600 ) ) ;
#3119 = FACE_OUTER_BOUND ( 'NONE', #2223, .T. ) ;
#3120 = CARTESIAN_POINT ( 'NONE',  ( -0.1161654777129223200, -0.09242240159955815400, 0.7338632200758229400 ) ) ;
#3121 = CARTESIAN_POINT ( 'NONE',  ( 0.0000000000000000000, -1.489999999999999800, -0.09999999999999989500 ) ) ;
#3122 = CARTESIAN_POINT ( 'NONE',  ( -0.07309416020977584100, -0.09201705949946228900, 0.7027882504756831600 ) ) ;
#3123 = LENGTH_MEASURE_WITH_UNIT ( LENGTH_MEASURE( 0.02539999999999999900 ), #3942 );
#3124 = CARTESIAN_POINT ( 'NONE',  ( -0.06376661020838073100, 0.09871028039649619400, -0.7041562715910696400 ) ) ;
#3125 = CARTESIAN_POINT ( 'NONE',  ( -0.1464403186727871500, -0.03743955080329024200, -0.7284285553263707400 ) ) ;
#3126 = CARTESIAN_POINT ( 'NONE',  ( -0.03051921119303016200, -0.1134836671235725100, 0.7075044837554536100 ) ) ;
#3127 = CARTESIAN_POINT ( 'NONE',  ( 0.03580620170655345000, -0.1119278477477322900, 0.7071300329337889500 ) ) ;
#3128 = CARTESIAN_POINT ( 'NONE',  ( -0.1199899300238616200, -0.08789071130591860600, -0.7332486826628719100 ) ) ;
#3129 = CARTESIAN_POINT ( 'NONE',  ( -0.09340196444733268900, -0.07131607255176029800, -0.6991521204917406900 ) ) ;
#3130 = DIMENSIONAL_EXPONENTS ( 1.000000000000000000, 0.0000000000000000000, 0.0000000000000000000, 0.0000000000000000000, 0.0000000000000000000, 0.0000000000000000000, 0.0000000000000000000 ) ;
#3131 = CARTESIAN_POINT ( 'NONE',  ( -0.1462033046021703500, -0.03737552501135080200, 0.7284749518976887400 ) ) ;
#3132 = CARTESIAN_POINT ( 'NONE',  ( 0.0000000000000000000, 1.989999999999999800, 0.0000000000000000000 ) ) ;
#3133 = CARTESIAN_POINT ( 'NONE',  ( -0.09980515143227278200, -0.06212714307313526400, 0.6978206635283561400 ) ) ;
#3134 = CARTESIAN_POINT ( 'NONE',  ( -0.09326785087883361600, 0.07156781348530605300, -0.6991840004389923100 ) ) ;
#3135 = CARTESIAN_POINT ( 'NONE',  ( -0.06729547749445481700, -0.1295450482417189200, -0.7400030332786714500 ) ) ;
#3136 = CARTESIAN_POINT ( 'NONE',  ( 0.06116435628708924400, -0.1003299425528863300, 0.7045020566228067400 ) ) ;
#3137 = ORIENTED_EDGE ( 'NONE', *, *, #1373, .F. ) ;
#3138 = CARTESIAN_POINT ( 'NONE',  ( -0.08612784407809663500, -0.1186216133990040400, -0.7379940618928591000 ) ) ;
#3139 = CARTESIAN_POINT ( 'NONE',  ( -0.1045533137693655700, -0.05365493633678408000, -0.6967678756192485800 ) ) ;
#3140 = CARTESIAN_POINT ( 'NONE',  ( -0.1499930276898222800, 0.01896028544500835300, 0.7277027084197866800 ) ) ;
#3141 = EDGE_LOOP ( 'NONE', ( #4048, #2918, #2752, #2042 ) ) ;
#3142 = CARTESIAN_POINT ( 'NONE',  ( -0.1159505503452422200, -0.01911719696615593300, 0.6940432865698373800 ) ) ;
#3143 = CARTESIAN_POINT ( 'NONE',  ( -0.1134913745563961700, 0.03048999083328707600, -0.6946558800852104000 ) ) ;
#3144 = SURFACE_STYLE_USAGE ( .BOTH. , #970 ) ;
#3145 = ORIENTED_EDGE ( 'NONE', *, *, #1777, .F. ) ;
#3146 = CARTESIAN_POINT ( 'NONE',  ( 0.06688984609631522200, 0.09662166082430277700, -0.7037194492690926900 ) ) ;
#3147 = AXIS2_PLACEMENT_3D ( 'NONE', #3575, #1700, #3886 ) ;
#3148 = CARTESIAN_POINT ( 'NONE',  ( 0.07559009686773644800, -0.08996783977952721400, 0.7023889766718549600 ) ) ;
#3149 =( GEOMETRIC_REPRESENTATION_CONTEXT ( 3 ) GLOBAL_UNCERTAINTY_ASSIGNED_CONTEXT ( ( #3532 ) ) GLOBAL_UNIT_ASSIGNED_CONTEXT ( ( #2584, #724, #2901 ) ) REPRESENTATION_CONTEXT ( 'NONE', 'WORKASPACE' ) );
#3150 = CARTESIAN_POINT ( 'NONE',  ( -0.02707806439994402800, -0.1419488472143655100, -0.7425104299587513800 ) ) ;
#3151 = CARTESIAN_POINT ( 'NONE',  ( -0.1167602513412855500, -0.01530416638966064500, -0.6938411487948504800 ) ) ;
#3152 = CARTESIAN_POINT ( 'NONE',  ( -0.1283650029141666100, 0.07637834124620711300, 0.7318286216224648700 ) ) ;
#3153 =( CONVERSION_BASED_UNIT ( 'INCH', #802 ) LENGTH_UNIT ( ) NAMED_UNIT ( #1025 ) );
#3154 = CARTESIAN_POINT ( 'NONE',  ( -0.1148325646068760500, 0.02497013476235666500, 0.6943234801092915700 ) ) ;
#3155 = CARTESIAN_POINT ( 'NONE',  ( -0.1144709690419880300, -0.02679126203380056300, -0.6944139691150049700 ) ) ;
#3156 = CARTESIAN_POINT ( 'NONE',  ( -0.009928104873586701300, 0.1439672054934338600, -0.7429378265604879000 ) ) ;
#3157 = CARTESIAN_POINT ( 'NONE',  ( -0.01983015877152811300, -0.1442588672501043100, 0.7430000000000002200 ) ) ;
#3158 = DIRECTION ( 'NONE',  ( 0.0000000000000000000, 0.0000000000000000000, -1.000000000000000000 ) ) ;
#3159 = CARTESIAN_POINT ( 'NONE',  ( 0.03924220705301755000, 0.1396401083386200300, 0.7420265274271032900 ) ) ;
#3160 = PRESENTATION_STYLE_ASSIGNMENT (( #2100 ) ) ;
#3161 = CARTESIAN_POINT ( 'NONE',  ( -0.1271210232956760400, 0.07824633383794378500, -0.7320458834371566000 ) ) ;
#3162 = CARTESIAN_POINT ( 'NONE',  ( 0.0000000000000000000, -1.589999999999999600, 0.0000000000000000000 ) ) ;
#3163 = CARTESIAN_POINT ( 'NONE',  ( 0.1159949237753817900, -0.01913411708552370900, -0.6940326512781009900 ) ) ;
#3164 = CARTESIAN_POINT ( 'NONE',  ( 0.02668738210158632500, 0.1144456704854285200, -0.7077380174252371200 ) ) ;
#3165 = CARTESIAN_POINT ( 'NONE',  ( 0.09062482676785504900, -0.07478901528617955300, 0.6997012349273105100 ) ) ;
#3166 = FACE_OUTER_BOUND ( 'NONE', #2669, .T. ) ;
#3167 = SURFACE_STYLE_FILL_AREA ( #2835 ) ;
#3168 = EDGE_CURVE ( 'NONE', #150, #3486, #406, .T. ) ;
#3169 = CARTESIAN_POINT ( 'NONE',  ( 0.02723811643224307100, -0.1419210519113495700, -0.7425045842119257800 ) ) ;
#3170 = FILL_AREA_STYLE ('',( #1936 ) ) ;
#3171 = CARTESIAN_POINT ( 'NONE',  ( -0.09201300291242155100, 0.1145332769167502800, 0.7372832653008590800 ) ) ;
#3172 = CARTESIAN_POINT ( 'NONE',  ( -0.02723486189120653800, 0.1419213453407502100, -0.7425046482590034200 ) ) ;
#3173 =( GEOMETRIC_REPRESENTATION_CONTEXT ( 3 ) GLOBAL_UNCERTAINTY_ASSIGNED_CONTEXT ( ( #3720 ) ) GLOBAL_UNIT_ASSIGNED_CONTEXT ( ( #3348, #1479, #3674 ) ) REPRESENTATION_CONTEXT ( 'NONE', 'WORKASPACE' ) );
#3174 = CARTESIAN_POINT ( 'NONE',  ( -0.09541534704928293600, 0.06859900840587800100, 0.6987420462421632900 ) ) ;
#3175 = CARTESIAN_POINT ( 'NONE',  ( -0.09547409370877936500, -0.06851718386080629700, -0.6987299451421992200 ) ) ;
#3176 = CARTESIAN_POINT ( 'NONE',  ( -0.01740562729165999100, 0.1433205483858550600, -0.7428002797384147800 ) ) ;
#3177 = CARTESIAN_POINT ( 'NONE',  ( -0.1359203546218769900, -0.06404488488024839800, 0.7304722066062147000 ) ) ;
#3178 = CARTESIAN_POINT ( 'NONE',  ( 0.1174999999999999800, 0.0000000000000000000, 0.6936502913514051000 ) ) ;
#3179 = CARTESIAN_POINT ( 'NONE',  ( 0.1464343378385342700, 0.03746674034284442500, 0.7284297736411754500 ) ) ;
#3180 = CARTESIAN_POINT ( 'NONE',  ( -0.1416518103073007300, 0.05087257981271830300, -0.7293747131678298700 ) ) ;
#3181 = DIRECTION ( 'NONE',  ( 0.0000000000000000000, 1.000000000000000000, 0.0000000000000000000 ) ) ;
#3182 = CARTESIAN_POINT ( 'NONE',  ( 0.1020301016777463000, -0.05828895659967694300, 0.6973309424455209600 ) ) ;
#3183 = CARTESIAN_POINT ( 'NONE',  ( 0.08008446531910352900, -0.1224115283374675300, -0.7386745535967365100 ) ) ;
#3184 =( LENGTH_UNIT ( ) NAMED_UNIT ( * ) SI_UNIT ( $, .METRE. ) );
#3185 = CARTESIAN_POINT ( 'NONE',  ( -0.04148253352311534500, 0.1387496383652267700, 0.7418448939871854500 ) ) ;
#3186 = CARTESIAN_POINT ( 'NONE',  ( -0.06203856004966163500, 0.09986041217045296700, 0.7043971552409189500 ) ) ;
#3187 = CARTESIAN_POINT ( 'NONE',  ( -0.06845843421625040500, -0.09551633051165145400, -0.7034918074110181300 ) ) ;
#3188 = CARTESIAN_POINT ( 'NONE',  ( 0.1144253302706846700, 0.02677304394060089900, -0.6944248972823459100 ) ) ;
#3189 = VERTEX_POINT ( 'NONE', #2883 ) ;
#3190 = CARTESIAN_POINT ( 'NONE',  ( 0.1154267750497352300, 0.02199446052365457100, 0.6941748232978322000 ) ) ;
#3191 = EDGE_CURVE ( 'NONE', #1807, #3397, #1222, .T. ) ;
#3192 = AXIS2_PLACEMENT_3D ( 'NONE', #3162, #2855, #782 ) ;
#3193 = CARTESIAN_POINT ( 'NONE',  ( 0.03986059495787228800, -0.1404299436459212600, -0.7421555297804934800 ) ) ;
#3194 = EDGE_LOOP ( 'NONE', ( #500, #2970, #1498, #3702 ) ) ;
#3195 = CARTESIAN_POINT ( 'NONE',  ( 0.1119431852235999900, -0.03575869419756394500, -0.6950351932579836900 ) ) ;
#3196 = CARTESIAN_POINT ( 'NONE',  ( 0.1137993744095826400, -0.02936146844108581500, 0.6945805646561028500 ) ) ;
#3197 = ORIENTED_EDGE ( 'NONE', *, *, #100, .T. ) ;
#3198 = CARTESIAN_POINT ( 'NONE',  ( 0.1378571956706208000, -0.05960302643959248400, -0.7301014497581843600 ) ) ;
#3199 = DIMENSIONAL_EXPONENTS ( 1.000000000000000000, 0.0000000000000000000, 0.0000000000000000000, 0.0000000000000000000, 0.0000000000000000000, 0.0000000000000000000, 0.0000000000000000000 ) ;
#3200 = CARTESIAN_POINT ( 'NONE',  ( 0.01252485560668081300, 0.1437826965941440300, 0.7428985001096276600 ) ) ;
#3201 = CARTESIAN_POINT ( 'NONE',  ( -0.06257903313031548700, 0.1313597300560498700, -0.7403634111210232200 ) ) ;
#3202 = CARTESIAN_POINT ( 'NONE',  ( -0.02477508133928782100, 0.1148743469054993200, 0.7078427794107908800 ) ) ;
#3203 = CARTESIAN_POINT ( 'NONE',  ( -0.02670781568976761000, -0.1144893634041621200, -0.7077483178043315600 ) ) ;
#3204 = FILL_AREA_STYLE_COLOUR ( '', #3819 ) ;
#3205 = DIRECTION ( 'NONE',  ( 0.0000000000000000000, 1.000000000000000000, 0.0000000000000000000 ) ) ;
#3206 = CARTESIAN_POINT ( 'NONE',  ( 0.1078387909584614100, 0.04669482535426892200, 0.6960122193713190700 ) ) ;
#3207 = CARTESIAN_POINT ( 'NONE',  ( 0.0000000000000000000, 1.989999999999999800, 1.508723309017186700E-016 ) ) ;
#3208 = CARTESIAN_POINT ( 'NONE',  ( -0.1199961452869410400, 0.08797749915905278600, 0.7332530247811871500 ) ) ;
#3209 = CARTESIAN_POINT ( 'NONE',  ( 0.1018508463765216100, -0.05861999798163578000, -0.6973711214569930900 ) ) ;
#3210 =( CONVERSION_BASED_UNIT ( 'INCH', #3586 ) LENGTH_UNIT ( ) NAMED_UNIT ( #427 ) );
#3211 = CARTESIAN_POINT ( 'NONE',  ( 0.1134873955857207000, 0.03050513159513853700, -0.6946568614370211000 ) ) ;
#3212 = CARTESIAN_POINT ( 'NONE',  ( 0.1512257101576395000, -0.004681168456550728100, -0.7274474551372484000 ) ) ;
#3213 = DIRECTION ( 'NONE',  ( -0.0000000000000000000, -1.000000000000000000, -0.0000000000000000000 ) ) ;
#3214 = CARTESIAN_POINT ( 'NONE',  ( 0.07363543998456355300, 0.1260390331024157400, 0.7393453702949336300 ) ) ;
#3215 = CARTESIAN_POINT ( 'NONE',  ( 0.03769698734101240700, 0.1113556382515036600, 0.7069929301977693200 ) ) ;
#3216 = CARTESIAN_POINT ( 'NONE',  ( 0.02489928850003895000, 0.1148475466858058100, 0.7078362223916787600 ) ) ;
#3217 = SURFACE_STYLE_FILL_AREA ( #1664 ) ;
#3218 = CARTESIAN_POINT ( 'NONE',  ( 0.01925236537017283700, -0.1159280267177320200, -0.7081017256063417700 ) ) ;
#3219 = CARTESIAN_POINT ( 'NONE',  ( 0.09374429669501467600, 0.07084626585558270700, -0.6990818276384729300 ) ) ;
#3220 = FILL_AREA_STYLE ('',( #1043 ) ) ;
#3221 =( NAMED_UNIT ( * ) SI_UNIT ( $, .STERADIAN. ) SOLID_ANGLE_UNIT ( ) );
#3222 = UNCERTAINTY_MEASURE_WITH_UNIT (LENGTH_MEASURE( 1.000000000000000100E-005 ), #3056, 'distance_accuracy_value', 'NONE');
#3223 = CARTESIAN_POINT ( 'NONE',  ( 0.09101572771386490200, -0.07431288549200895700, -0.6996247475077256300 ) ) ;
#3224 = DIRECTION ( 'NONE',  ( 0.0000000000000000000, 0.0000000000000000000, 1.000000000000000000 ) ) ;
#3225 = CARTESIAN_POINT ( 'NONE',  ( -0.05373843625790596100, -0.1045090705754385500, 0.7054167401364209700 ) ) ;
#3226 = CARTESIAN_POINT ( 'NONE',  ( 0.1432151709761578500, 0.04654629982167255600, -0.7290673171944301900 ) ) ;
#3227 = CARTESIAN_POINT ( 'NONE',  ( 0.0000000000000000000, 1.989999999999999800, 0.4700000000000000300 ) ) ;
#3228 = CONICAL_SURFACE ( 'NONE', #466, 0.1249999999999998300, 0.7853981633974525000 ) ;
#3229 = CARTESIAN_POINT ( 'NONE',  ( 0.1200328063183621800, 0.08783781643902792400, 0.7332416799223066000 ) ) ;
#3230 = DIMENSIONAL_EXPONENTS ( 1.000000000000000000, 0.0000000000000000000, 0.0000000000000000000, 0.0000000000000000000, 0.0000000000000000000, 0.0000000000000000000, 0.0000000000000000000 ) ;
#3231 = CARTESIAN_POINT ( 'NONE',  ( -0.09978995950254052100, 0.1084509437480334200, -0.7362706076454537100 ) ) ;
#3232 = CARTESIAN_POINT ( 'NONE',  ( 0.06375856266862066400, 0.09871571683137037000, 0.7041574051212645700 ) ) ;
#3233 = CARTESIAN_POINT ( 'NONE',  ( 0.05888147193615359000, -0.1017003810928224100, -0.7047975023592503200 ) ) ;
#3234 = CARTESIAN_POINT ( 'NONE',  ( 0.06367025541800758200, 0.09877296523427056600, -0.7041694923351457000 ) ) ;
#3235 =( NAMED_UNIT ( * ) SI_UNIT ( $, .STERADIAN. ) SOLID_ANGLE_UNIT ( ) );
#3236 = SURFACE_STYLE_FILL_AREA ( #3072 ) ;
#3237 = CARTESIAN_POINT ( 'NONE',  ( -0.05232048140818296900, 0.1052164263553584700, 0.7055756670436161800 ) ) ;
#3238 = AXIS2_PLACEMENT_3D ( 'NONE', #2996, #1126, #3302 ) ;
#3239 = CYLINDRICAL_SURFACE ( 'NONE', #2655, 0.1174999999999999900 ) ;
#3240 = CARTESIAN_POINT ( 'NONE',  ( 0.07557508152106524900, -0.08997161903994170500, -0.7023902915916100400 ) ) ;
#3241 = CARTESIAN_POINT ( 'NONE',  ( -0.08442580313388761700, -0.08174482378454964200, 0.7008711028355925100 ) ) ;
#3242 = CARTESIAN_POINT ( 'NONE',  ( 0.1206986583767737400, 0.08698028865108971300, -0.7331312307359790800 ) ) ;
#3243 = EDGE_CURVE ( 'NONE', #3397, #1807, #2783, .T. ) ;
#3244 = CARTESIAN_POINT ( 'NONE',  ( 0.1473562090652831300, 0.03274886382322600400, 0.7282413962941675100 ) ) ;
#3245 = ORIENTED_EDGE ( 'NONE', *, *, #3168, .F. ) ;
#3246 = CARTESIAN_POINT ( 'NONE',  ( -0.1167483872922472900, 0.01340865996410944800, -0.6938421156503502600 ) ) ;
#3247 = ADVANCED_FACE ( 'NONE', ( #309 ), #1473, .F. ) ;
#3248 = CARTESIAN_POINT ( 'NONE',  ( 0.08138187856192272100, 0.08479064503543704000, 0.7014149972402967700 ) ) ;
#3249 = CARTESIAN_POINT ( 'NONE',  ( 0.1054299028520508200, -0.05201343210931826800, -0.6965713762214844600 ) ) ;
#3250 = CARTESIAN_POINT ( 'NONE',  ( 0.0000000000000000000, 1.999999999999999800, 1.533216245000134500E-016 ) ) ;
#3251 = MANIFOLD_SOLID_BREP ( '0704-001-1-solid1', #3664 ) ;
#3252 = CARTESIAN_POINT ( 'NONE',  ( 0.03851586476188776500, 0.1110386960151820300, -0.7069184404979080800 ) ) ;
#3253 =( LENGTH_UNIT ( ) NAMED_UNIT ( * ) SI_UNIT ( $, .METRE. ) );
#3254 = CARTESIAN_POINT ( 'NONE',  ( 0.1432449249371848500, -0.04646209966979222100, 0.7290614630559034700 ) ) ;
#3255 = ORIENTED_EDGE ( 'NONE', *, *, #39, .T. ) ;
#3256 = CARTESIAN_POINT ( 'NONE',  ( -0.07046713432831930300, 0.09402954521531500800, 0.7031906996052487100 ) ) ;
#3257 = CARTESIAN_POINT ( 'NONE',  ( -0.03917403456014283100, 0.1394194422027159300, 0.7419819554506155200 ) ) ;
#3258 = CARTESIAN_POINT ( 'NONE',  ( -0.1512857213045998800, 0.004685944510349721700, -0.7274349661908322600 ) ) ;
#3259 = CARTESIAN_POINT ( 'NONE',  ( 0.06203242488946454600, -0.09980957572585290300, -0.7043898893431318500 ) ) ;
#3260 = ORIENTED_EDGE ( 'NONE', *, *, #529, .F. ) ;
#3261 = CARTESIAN_POINT ( 'NONE',  ( -0.1077783988594038400, -0.04683824429741335900, 0.6960263921420635200 ) ) ;
#3262 = CARTESIAN_POINT ( 'NONE',  ( 0.07987328660233897200, 0.1225366595520512600, -0.7386973890320053200 ) ) ;
#3263 =( NAMED_UNIT ( * ) SI_UNIT ( $, .STERADIAN. ) SOLID_ANGLE_UNIT ( ) );
#3264 = SURFACE_STYLE_FILL_AREA ( #3752 ) ;
#3265 = CARTESIAN_POINT ( 'NONE',  ( 0.1171181323310366400, -0.009662815269329064200, 0.6937476705863999700 ) ) ;
#3266 = CARTESIAN_POINT ( 'NONE',  ( -0.1070718121336786000, 0.04843137513408165400, -0.6961909496379001800 ) ) ;
#3267 = CARTESIAN_POINT ( 'NONE',  ( 0.04605844363463149800, 0.1081012559293373100, 0.7062329328390699600 ) ) ;
#3268 = CARTESIAN_POINT ( 'NONE',  ( 0.06361318440964532100, 0.09879203513870406200, -0.7041746209212218500 ) ) ;
#3269 = CARTESIAN_POINT ( 'NONE',  ( 0.1153493669265336900, -0.09336939449207090600, 0.7339932209499667700 ) ) ;
#3270 = CARTESIAN_POINT ( 'NONE',  ( -0.08210578265089069100, 0.08406321872803843000, 0.7012853693990189800 ) ) ;
#3271 = CARTESIAN_POINT ( 'NONE',  ( 0.009857476185881961300, -0.1440309713321442100, 0.7429512612690530900 ) ) ;
#3272 = CARTESIAN_POINT ( 'NONE',  ( -0.1309774889779294600, -0.07220352958746967300, -0.7313646750540671000 ) ) ;
#3273 = CARTESIAN_POINT ( 'NONE',  ( 0.03216247687390193900, -0.1130288928278321100, -0.7073940247267156400 ) ) ;
#3274 = CARTESIAN_POINT ( 'NONE',  ( -0.1492898913120005400, -0.02347081092049125400, 0.7278472830366963200 ) ) ;
#3275 = CARTESIAN_POINT ( 'NONE',  ( -0.1174570802569416400, -0.003714227410534778100, 0.6936612577673998400 ) ) ;
#3276 = STYLED_ITEM ( 'NONE', ( #1734 ), #1703 ) ;
#3277 = VECTOR ( 'NONE', #294, 39.37007874015748100 ) ;
#3278 = CARTESIAN_POINT ( 'NONE',  ( 0.02461248530791005200, 0.1424152088878498100, -0.7426081866139525600 ) ) ;
#3279 = DIRECTION ( 'NONE',  ( 0.0000000000000000000, 0.0000000000000000000, 1.000000000000000000 ) ) ;
#3280 = VECTOR ( 'NONE', #86, 39.37007874015748100 ) ;
#3281 = LINE ( 'NONE', #2145, #1728 ) ;
#3282 = CARTESIAN_POINT ( 'NONE',  ( -0.09672019003960312400, 0.06674075662939955900, -0.6984711190169007300 ) ) ;
#3283 = CARTESIAN_POINT ( 'NONE',  ( 0.07898653537104430300, 0.08699593604911233500, -0.7018243524429201900 ) ) ;
#3284 = CARTESIAN_POINT ( 'NONE',  ( 0.04871435686076823500, -0.1366560529119295600, 0.7414163796965233000 ) ) ;
#3285 = CARTESIAN_POINT ( 'NONE',  ( -0.09504185787939820100, 0.06909567007728693900, 0.6988178451743078900 ) ) ;
#3286 = MECHANICAL_DESIGN_GEOMETRIC_PRESENTATION_REPRESENTATION (  '', ( #2860 ), #3485 ) ;
#3287 = CARTESIAN_POINT ( 'NONE',  ( 0.06710874862420429500, -0.1296351050638043000, 0.7400203590455882700 ) ) ;
#3288 = CARTESIAN_POINT ( 'NONE',  ( -0.01925663641512291900, 0.1159273774743434500, -0.7081015650111065500 ) ) ;
#3289 = CARTESIAN_POINT ( 'NONE',  ( -0.1478504503703978500, 0.03065665498466705100, 0.7281411236520608500 ) ) ;
#3290 = CARTESIAN_POINT ( 'NONE',  ( -0.1099611037813005400, 0.04158676962409719300, 0.6955133933262763700 ) ) ;
#3291 = FACE_OUTER_BOUND ( 'NONE', #205, .T. ) ;
#3292 = CARTESIAN_POINT ( 'NONE',  ( -0.02115278668303565200, 0.1155962749551940500, -0.7080199079963885900 ) ) ;
#3293 = B_SPLINE_CURVE_WITH_KNOTS ( 'NONE', 1,
 ( #675, #3742 ),
 .UNSPECIFIED., .F., .F.,
 ( 2, 2 ),
 ( 0.0000000000000000000, 1.000000000000000000 ),
 .UNSPECIFIED. ) ;
#3294 = CARTESIAN_POINT ( 'NONE',  ( -0.08489599214611241700, 0.08124167760174080800, -0.7007843220569772700 ) ) ;
#3295 = CARTESIAN_POINT ( 'NONE',  ( 0.09214425734662393100, 0.07294031210057661000, -0.6994040803190062500 ) ) ;
#3296 = CARTESIAN_POINT ( 'NONE',  ( -0.01729316388044538400, -0.1433325240955468100, 0.7428028233537160600 ) ) ;
#3297 = CARTESIAN_POINT ( 'NONE',  ( -0.1053829359201792600, 0.05200351528027816900, 0.6965792940719147700 ) ) ;
#3298 = CARTESIAN_POINT ( 'NONE',  ( 0.1512850846363266400, -0.009508387507137099800, 0.7274350989377913500 ) ) ;
#3299 = CARTESIAN_POINT ( 'NONE',  ( -0.07577317871235694800, -0.1249479243707468100, -0.7391390048205662700 ) ) ;
#3300 = ORIENTED_EDGE ( 'NONE', *, *, #2199, .F. ) ;
#3301 = MECHANICAL_DESIGN_GEOMETRIC_PRESENTATION_REPRESENTATION (  '', ( #2875 ), #3503 ) ;
#3302 = DIRECTION ( 'NONE',  ( 0.0000000000000000000, 0.0000000000000000000, -1.000000000000000000 ) ) ;
#3303 = CARTESIAN_POINT ( 'NONE',  ( -0.1228501869811908600, 0.08422125683356000700, 0.7327748999841152700 ) ) ;
#3304 = CARTESIAN_POINT ( 'NONE',  ( -0.08168302282121740800, 0.08448552266138738300, 0.7013608434198414000 ) ) ;
#3305 = LENGTH_MEASURE_WITH_UNIT ( LENGTH_MEASURE( 0.02539999999999999900 ), #825 );
#3306 = VERTEX_POINT ( 'NONE', #2916 ) ;
#3307 = CARTESIAN_POINT ( 'NONE',  ( -0.06215270816240892100, 0.09973440983416162500, -0.7043739261396678700 ) ) ;
#3308 = EDGE_CURVE ( 'NONE', #3849, #2213, #3974, .T. ) ;
#3309 = CARTESIAN_POINT ( 'NONE',  ( -0.07133769168809919700, 0.09338544391045350300, -0.7030603015467010700 ) ) ;
#3310 = ORIENTED_EDGE ( 'NONE', *, *, #390, .T. ) ;
#3311 = CARTESIAN_POINT ( 'NONE',  ( 0.1033536372249386100, 0.05589744338746408000, -0.6970366718219351800 ) ) ;
#3312 = CARTESIAN_POINT ( 'NONE',  ( -0.06918988555325743300, -0.1283092201900565600, 0.7397746907897362300 ) ) ;
#3313 =( GEOMETRIC_REPRESENTATION_CONTEXT ( 3 ) GLOBAL_UNCERTAINTY_ASSIGNED_CONTEXT ( ( #2082 ) ) GLOBAL_UNIT_ASSIGNED_CONTEXT ( ( #2932, #1059, #3235 ) ) REPRESENTATION_CONTEXT ( 'NONE', 'WORKASPACE' ) );
#3314 = STYLED_ITEM ( 'NONE', ( #3794 ), #1396 ) ;
#3315 = CARTESIAN_POINT ( 'NONE',  ( -0.1144336308029706200, 0.02668441699689023900, 0.6944228395635128100 ) ) ;
#3316 = CARTESIAN_POINT ( 'NONE',  ( 0.1512797445285900500, 0.009564241523436605900, -0.7274362095209986300 ) ) ;
#3317 = CARTESIAN_POINT ( 'NONE',  ( -0.02462438260335711100, -0.1423546290403139600, -0.7425959284138781100 ) ) ;
#3318 = CARTESIAN_POINT ( 'NONE',  ( -0.1174999999999999900, -0.003812963786868604900, 0.6936502898551861800 ) ) ;
#3319 = CARTESIAN_POINT ( 'NONE',  ( -0.07987654961010964800, 0.1226019095079345800, 0.7387054461037393400 ) ) ;
#3320 = CARTESIAN_POINT ( 'NONE',  ( -0.04319176255941959600, 0.1092778991999161500, 0.7065058721048934600 ) ) ;
#3321 = CARTESIAN_POINT ( 'NONE',  ( -0.08963372078062861700, 0.07599798398052511100, -0.6998952489523084800 ) ) ;
#3322 = CARTESIAN_POINT ( 'NONE',  ( -0.05373745303739216300, 0.1045110676477955500, -0.7054171159590836300 ) ) ;
#3323 = CARTESIAN_POINT ( 'NONE',  ( 0.1150460254813075000, 0.02390843685991957500, -0.6942700918852530200 ) ) ;
#3324 = CARTESIAN_POINT ( 'NONE',  ( -0.1087008119949316000, -0.1003608063550782300, 0.7350076541753093300 ) ) ;
#3325 = SURFACE_STYLE_USAGE ( .BOTH. , #1147 ) ;
#3326 = COLOUR_RGB ( '',0.9019607843137255100, 0.9019607843137255100, 0.9019607843137255100 ) ;
#3327 = FILL_AREA_STYLE ('',( #2083 ) ) ;
#3328 = CARTESIAN_POINT ( 'NONE',  ( 0.03212994248688416000, -0.1409877798459442900, -0.7423090180897823400 ) ) ;
#3329 = CARTESIAN_POINT ( 'NONE',  ( -0.1154014249101158900, -0.02212714605063652700, 0.6941811632460802600 ) ) ;
#3330 = CARTESIAN_POINT ( 'NONE',  ( -0.03189867740489798300, 0.1410350105510728700, 0.7423188924678778600 ) ) ;
#3331 = CARTESIAN_POINT ( 'NONE',  ( -0.003801174324341311700, 0.1174545166088513100, 0.7084808766754009400 ) ) ;
#3332 = VECTOR ( 'NONE', #1110, 39.37007874015748900 ) ;
#3333 = CARTESIAN_POINT ( 'NONE',  ( -0.1129791402915244100, 0.03233616754744177100, -0.6947818314772777900 ) ) ;
#3334 = MECHANICAL_DESIGN_GEOMETRIC_PRESENTATION_REPRESENTATION (  '', ( #2913 ), #3543 ) ;
#3335 = CARTESIAN_POINT ( 'NONE',  ( -0.01535939955796662500, 0.1167543988145119800, -0.7083040554691661900 ) ) ;
#3336 = COLOUR_RGB ( '',0.9019607843137255100, 0.9019607843137255100, 0.9019607843137255100 ) ;
#3337 = CARTESIAN_POINT ( 'NONE',  ( -0.1174999999264988700, 2.949684103187574200E-016, 0.6936502912103964500 ) ) ;
#3338 = CARTESIAN_POINT ( 'NONE',  ( -0.1387679955256274400, -0.05750485166295096100, 0.7299269775321976000 ) ) ;
#3339 = SURFACE_SIDE_STYLE ('',( #2111 ) ) ;
#3340 =( LENGTH_UNIT ( ) NAMED_UNIT ( * ) SI_UNIT ( $, .METRE. ) );
#3341 = CARTESIAN_POINT ( 'NONE',  ( 0.08218830784917044400, -0.1211368706614453900, -0.7384432389515304100 ) ) ;
#3342 = LENGTH_MEASURE_WITH_UNIT ( LENGTH_MEASURE( 0.02539999999999999900 ), #3253 );
#3343 = CARTESIAN_POINT ( 'NONE',  ( 0.03205859793544625600, 0.1410021070406805900, 0.7423120160833098800 ) ) ;
#3344 = CARTESIAN_POINT ( 'NONE',  ( 0.03792535391979541500, 0.1112279567886706000, 0.7069641097548928800 ) ) ;
#3345 = CARTESIAN_POINT ( 'NONE',  ( -0.1159919939094500400, -0.01916331018316244600, -0.6940334069918257000 ) ) ;
#3346 = FACE_OUTER_BOUND ( 'NONE', #1248, .T. ) ;
#3347 = CARTESIAN_POINT ( 'NONE',  ( 0.0000000000000000000, -2.000000000000000000, 0.0000000000000000000 ) ) ;
#3348 =( CONVERSION_BASED_UNIT ( 'INCH', #170 ) LENGTH_UNIT ( ) NAMED_UNIT ( #33 ) );
#3349 = VERTEX_POINT ( 'NONE', #448 ) ;
#3350 = CARTESIAN_POINT ( 'NONE',  ( 0.09962770565059135600, 0.06230811171685259700, 0.6978544881384062300 ) ) ;
#3351 = CARTESIAN_POINT ( 'NONE',  ( 0.04876688172829119600, 0.1366410026741491900, -0.7414133071908212100 ) ) ;
#3352 = CARTESIAN_POINT ( 'NONE',  ( 0.1407072982219123000, -0.05304700741256557900, -0.7295556158134353100 ) ) ;
#3353 = ORIENTED_EDGE ( 'NONE', *, *, #3383, .F. ) ;
#3354 = CARTESIAN_POINT ( 'NONE',  ( 0.08209110575729874900, 0.1211965294246360900, 0.7384540187409623900 ) ) ;
#3355 = CARTESIAN_POINT ( 'NONE',  ( 0.07761190246245121300, 0.08830264632099613100, 0.7020649305331035900 ) ) ;
#3356 = CARTESIAN_POINT ( 'NONE',  ( -0.09657839884192612200, -0.06695185012763087100, -0.6985009750640249800 ) ) ;
#3357 = ORIENTED_EDGE ( 'NONE', *, *, #380, .T. ) ;
#3358 = CARTESIAN_POINT ( 'NONE',  ( 1.530808498934190300E-017, 1.589999999999999600, -0.1249999999999998800 ) ) ;
#3359 =( CONVERSION_BASED_UNIT ( 'INCH', #651 ) LENGTH_UNIT ( ) NAMED_UNIT ( #2514 ) );
#3360 = CARTESIAN_POINT ( 'NONE',  ( 1.224646799147351700E-017, -1.989999999999999800, 0.09999999999999989500 ) ) ;
#3361 = CARTESIAN_POINT ( 'NONE',  ( 0.1512257101576395000, -0.004681168456550728100, -0.7274474551372484000 ) ) ;
#3362 = CARTESIAN_POINT ( 'NONE',  ( 0.07315843773045738200, 0.09196641302563218800, 0.7027782223127992900 ) ) ;
#3363 = CARTESIAN_POINT ( 'NONE',  ( 0.1271853865103676800, 0.07815204666217424900, 0.7320347310803592100 ) ) ;
#3364 = CARTESIAN_POINT ( 'NONE',  ( 0.1070755282847188800, 0.04853578986291373600, 0.6961916817979879600 ) ) ;
#3365 = CARTESIAN_POINT ( 'NONE',  ( -0.07153854227748023000, -0.09323177298243350000, -0.7030296968761581300 ) ) ;
#3366 = LINE ( 'NONE', #2774, #1601 ) ;
#3367 =( NAMED_UNIT ( * ) SI_UNIT ( $, .STERADIAN. ) SOLID_ANGLE_UNIT ( ) );
#3368 = AXIS2_PLACEMENT_3D ( 'NONE', #2318, #474, #2635 ) ;
#3369 = LINE ( 'NONE', #3817, #3280 ) ;
#3370 =( CONVERSION_BASED_UNIT ( 'INCH', #1098 ) LENGTH_UNIT ( ) NAMED_UNIT ( #965 ) );
#3371 = DIRECTION ( 'NONE',  ( -1.060575238724897900E-016, -0.5000000000000127700, -0.8660254037844311600 ) ) ;
#3372 = SURFACE_STYLE_USAGE ( .BOTH. , #1502 ) ;
#3373 = CARTESIAN_POINT ( 'NONE',  ( 0.1144672964604319400, -0.02679983359818739800, 0.6944148647091128400 ) ) ;
#3374 = CARTESIAN_POINT ( 'NONE',  ( 0.1432151709761578500, 0.04654629982167255600, -0.7290673171944301900 ) ) ;
#3375 = CARTESIAN_POINT ( 'NONE',  ( 0.1054407782176397900, 0.05199191997942252000, 0.6965689073974142800 ) ) ;
#3376 = CARTESIAN_POINT ( 'NONE',  ( 0.1492910865244338200, 0.02346199715682926300, 0.7278470362216169500 ) ) ;
#3377 = CARTESIAN_POINT ( 'NONE',  ( 0.1174999999999999900, 2.667820306312757000E-019, 0.6936502913514053200 ) ) ;
#3378 = CARTESIAN_POINT ( 'NONE',  ( -0.03044789156463112100, -0.1135518196403117700, -0.7075199081455810800 ) ) ;
#3379 = CARTESIAN_POINT ( 'NONE',  ( -0.09872777872063905100, -0.06371284449034687900, 0.6980467330590739400 ) ) ;
#3380 = CARTESIAN_POINT ( 'NONE',  ( 0.1432449249371848500, -0.04646209966979222100, 0.7290614630559034700 ) ) ;
#3381 = SURFACE_STYLE_FILL_AREA ( #1825 ) ;
#3382 =( LENGTH_UNIT ( ) NAMED_UNIT ( * ) SI_UNIT ( $, .METRE. ) );
#3383 = EDGE_CURVE ( 'NONE', #2815, #144, #1122, .T. ) ;
#3384 = SURFACE_STYLE_USAGE ( .BOTH. , #1201 ) ;
#3385 = CARTESIAN_POINT ( 'NONE',  ( -0.1174999999264988700, 2.949684103187574200E-016, 0.6936502912103964500 ) ) ;
#3386 = UNCERTAINTY_MEASURE_WITH_UNIT (LENGTH_MEASURE( 1.000000000000000100E-005 ), #2650, 'distance_accuracy_value', 'NONE');
#3387 = CARTESIAN_POINT ( 'NONE',  ( 0.09548718334554577600, -0.06849896398036067800, 0.6987272495680505500 ) ) ;
#3388 = CARTESIAN_POINT ( 'NONE',  ( 0.1184099503654293400, 0.08979510567354864700, -0.7335043867160154800 ) ) ;
#3389 = CARTESIAN_POINT ( 'NONE',  ( 0.1174999117458286900, 0.003848583885105315000, 0.6936503155236863900 ) ) ;
#3390 = CARTESIAN_POINT ( 'NONE',  ( 0.1159271290991189500, -0.01925791025946348500, 0.6940491845730000200 ) ) ;
#3391 =( CONVERSION_BASED_UNIT ( 'INCH', #3579 ) LENGTH_UNIT ( ) NAMED_UNIT ( #2294 ) );
#3392 = AXIS2_PLACEMENT_3D ( 'NONE', #2091, #3976, #3988 ) ;
#3393 = ORIENTED_EDGE ( 'NONE', *, *, #1431, .F. ) ;
#3394 = CARTESIAN_POINT ( 'NONE',  ( 0.01544179626305262600, -0.1164968324272564100, -0.7082424227074607400 ) ) ;
#3395 = CARTESIAN_POINT ( 'NONE',  ( -0.08707078077308058600, -0.07890417997011153800, 0.7003821564002378200 ) ) ;
#3396 = CARTESIAN_POINT ( 'NONE',  ( 0.1153493669265336900, -0.09336939449207090600, 0.7339932209499667700 ) ) ;
#3397 = VERTEX_POINT ( 'NONE', #1380 ) ;
#3398 = CARTESIAN_POINT ( 'NONE',  ( -0.01619426231173899000, -0.1164071723363733900, -0.7082198034239386400 ) ) ;
#3399 = ORIENTED_EDGE ( 'NONE', *, *, #3887, .F. ) ;
#3400 =( NAMED_UNIT ( * ) PLANE_ANGLE_UNIT ( ) SI_UNIT ( $, .RADIAN. ) );
#3401 = CARTESIAN_POINT ( 'NONE',  ( 0.07579837100494153700, 0.1252039859625222700, -0.7391701969721158300 ) ) ;
#3402 = CARTESIAN_POINT ( 'NONE',  ( 0.05201031180446835700, -0.1054334482759371500, 0.7056214538949278100 ) ) ;
#3403 = CARTESIAN_POINT ( 'NONE',  ( 0.07987328660233897200, 0.1225366595520512600, -0.7386973890320053200 ) ) ;
#3404 = CARTESIAN_POINT ( 'NONE',  ( 0.09977622145743463000, -0.06217360396386870800, 0.6978269062873678800 ) ) ;
#3405 = CARTESIAN_POINT ( 'NONE',  ( 0.05720579081188858400, -0.1026520603451216400, -0.7050056096010940400 ) ) ;
#3406 = EDGE_CURVE ( 'NONE', #2716, #3349, #2397, .T. ) ;
#3407 = AXIS2_PLACEMENT_3D ( 'NONE', #1449, #402, #3939 ) ;
#3408 = CARTESIAN_POINT ( 'NONE',  ( -0.07286288145358083000, -0.09220457508269254400, 0.7028249619599067400 ) ) ;
#3409 = CARTESIAN_POINT ( 'NONE',  ( 0.04871435686076823500, -0.1366560529119295600, 0.7414163796965233000 ) ) ;
#3410 = CARTESIAN_POINT ( 'NONE',  ( -0.05241151196090460700, -0.1051711395716789900, -0.7055654913764122200 ) ) ;
#3411 = CARTESIAN_POINT ( 'NONE',  ( -0.04167937719708037600, -0.1386958524877763000, 0.7418338320007014100 ) ) ;
#3412 = CARTESIAN_POINT ( 'NONE',  ( 0.09142087978016512400, 0.07381460036516271400, 0.6995451770752629800 ) ) ;
#3413 = CARTESIAN_POINT ( 'NONE',  ( 0.1435731565135638100, -0.04645505653597977600, -0.7290067515776109700 ) ) ;
#3414 = CARTESIAN_POINT ( 'NONE',  ( 0.001899992785292387400, -0.1175002937992998500, 0.7084923277101655700 ) ) ;
#3415 = CARTESIAN_POINT ( 'NONE',  ( 0.02461248530791005200, 0.1424152088878498100, -0.7426081866139525600 ) ) ;
#3416 = DIRECTION ( 'NONE',  ( 0.0000000000000000000, 1.000000000000000000, 0.0000000000000000000 ) ) ;
#3417 = CARTESIAN_POINT ( 'NONE',  ( 0.06214364310486075000, -0.09979514066932504400, 0.7043831910682173400 ) ) ;
#3418 = LENGTH_MEASURE_WITH_UNIT ( LENGTH_MEASURE( 0.02539999999999999900 ), #4057 );
#3419 = CARTESIAN_POINT ( 'NONE',  ( 0.1018263025225910800, -0.05875599207309883200, -0.6973789880537418800 ) ) ;
#3420 = UNCERTAINTY_MEASURE_WITH_UNIT (LENGTH_MEASURE( 1.000000000000000100E-005 ), #2205, 'distance_accuracy_value', 'NONE');
#3421 = CARTESIAN_POINT ( 'NONE',  ( -0.05360411130706375200, -0.1045792900384825300, 0.7054323622272868900 ) ) ;
#3422 = FACE_BOUND ( 'NONE', #2327, .T. ) ;
#3423 = CARTESIAN_POINT ( 'NONE',  ( -0.1356867530183986400, 0.06384121409562497400, -0.7305061773439522900 ) ) ;
#3424 = CARTESIAN_POINT ( 'NONE',  ( -0.07054696333867926900, -0.09396965663218508100, -0.7031786302811079400 ) ) ;
#3425 = CARTESIAN_POINT ( 'NONE',  ( -0.09217322593291957200, -0.1144158612988769900, 0.7372632223956434600 ) ) ;
#3426 = CARTESIAN_POINT ( 'NONE',  ( 1.530808498934189400E-017, 1.989999999999999800, -0.1249999999999998300 ) ) ;
#3427 = CARTESIAN_POINT ( 'NONE',  ( -0.04679229729323106800, -0.1077979608648224300, 0.7061626581055733300 ) ) ;
#3428 = CARTESIAN_POINT ( 'NONE',  ( -0.1202521760451489000, 0.08803376341083256300, -0.7332252286744663800 ) ) ;
#3429 = CARTESIAN_POINT ( 'NONE',  ( 0.007659128207023387400, -0.1172658645169104400, 0.7084337707618531000 ) ) ;
#3430 = CARTESIAN_POINT ( 'NONE',  ( -0.01526841001346275000, -0.1167646085559059000, 0.7083066393503165700 ) ) ;
#3431 = AXIS2_PLACEMENT_3D ( 'NONE', #2163, #306, #2472 ) ;
#3432 = CARTESIAN_POINT ( 'NONE',  ( -0.1416276649765191300, -0.05093299986162350100, -0.7293793994805687400 ) ) ;
#3433 = CARTESIAN_POINT ( 'NONE',  ( -0.08496874054584137300, -0.08119991903129411500, -0.7007739441434206500 ) ) ;
#3434 = CARTESIAN_POINT ( 'NONE',  ( -0.1230338059445058900, -0.08407528140399067600, 0.7327478248871033300 ) ) ;
#3435 = DIRECTION ( 'NONE',  ( -0.0000000000000000000, 1.000000000000000000, -0.0000000000000000000 ) ) ;
#3436 = CARTESIAN_POINT ( 'NONE',  ( -0.07749131907722393900, -0.08834591333718075400, 0.7020776275412691200 ) ) ;
#3437 = CARTESIAN_POINT ( 'NONE',  ( -0.06850356657978821900, 0.09548386100084682600, -0.7034851693212530500 ) ) ;
#3438 = CARTESIAN_POINT ( 'NONE',  ( -0.1359978715211133100, -0.06389055273575650100, -0.7304576554227132400 ) ) ;
#3439 = ORIENTED_EDGE ( 'NONE', *, *, #3620, .F. ) ;
#3440 = CARTESIAN_POINT ( 'NONE',  ( -0.03787869975054990900, -0.1112932311498173000, 0.7069787530619263700 ) ) ;
#3441 = ORIENTED_EDGE ( 'NONE', *, *, #308, .F. ) ;
#3442 = AXIS2_PLACEMENT_3D ( 'NONE', #77, #2246, #392 ) ;
#3443 = CARTESIAN_POINT ( 'NONE',  ( 0.04133675495319832200, -0.1099931867984721300, 0.7066729484364885300 ) ) ;
#3444 = STYLED_ITEM ( 'NONE', ( #12 ), #1960 ) ;
#3445 = ORIENTED_EDGE ( 'NONE', *, *, #1142, .F. ) ;
#3446 = CARTESIAN_POINT ( 'NONE',  ( -0.1153558215759711000, -0.09336179297574984100, -0.7339921864429574900 ) ) ;
#3447 = CARTESIAN_POINT ( 'NONE',  ( -0.09591987750843239400, -0.06787518180770305000, -0.6986370984735949000 ) ) ;
#3448 = CARTESIAN_POINT ( 'NONE',  ( -0.1488641725241895400, -0.02581256028562148700, 0.7279345456556505200 ) ) ;
#3449 = CARTESIAN_POINT ( 'NONE',  ( 0.0000000000000000000, 0.1442586111360670800, -0.7429999999999999900 ) ) ;
#3450 = CARTESIAN_POINT ( 'NONE',  ( -0.1044827380565749900, -0.05378913868717255500, 0.6967837437731557700 ) ) ;
#3451 = CARTESIAN_POINT ( 'NONE',  ( -0.09873242241684822300, 0.06373237724636461600, -0.6980468879967390800 ) ) ;
#3452 = EDGE_CURVE ( 'NONE', #3694, #439, #397, .T. ) ;
#3453 = CARTESIAN_POINT ( 'NONE',  ( -0.03940368554447229400, -0.1396007716094802300, -0.7420184256278553600 ) ) ;
#3454 = CARTESIAN_POINT ( 'NONE',  ( 0.06367228754815450200, -0.09875394899543878100, 0.7041665661587507300 ) ) ;
#3455 = CARTESIAN_POINT ( 'NONE',  ( -0.07577317871235694800, -0.1249479243707468100, -0.7391390048205662700 ) ) ;
#3456 = SURFACE_STYLE_FILL_AREA ( #2028 ) ;
#3457 = CARTESIAN_POINT ( 'NONE',  ( -0.1066623243044391000, -0.04929827909684533100, -0.6962851373737656300 ) ) ;
#3458 = DIMENSIONAL_EXPONENTS ( 1.000000000000000000, 0.0000000000000000000, 0.0000000000000000000, 0.0000000000000000000, 0.0000000000000000000, 0.0000000000000000000, 0.0000000000000000000 ) ;
#3459 = CARTESIAN_POINT ( 'NONE',  ( -0.1488320157355949000, 0.02598124439063238100, 0.7279411248165024200 ) ) ;
#3460 = CARTESIAN_POINT ( 'NONE',  ( 0.09999999999999989500, 1.589999999999999600, 0.0000000000000000000 ) ) ;
#3461 = CARTESIAN_POINT ( 'NONE',  ( -0.1167557931587184900, -0.01334538394681563900, 0.6938397238048181800 ) ) ;
#3462 = CARTESIAN_POINT ( 'NONE',  ( -0.1148491718654088100, 0.02489246462868265100, -0.6943193359976583800 ) ) ;
#3463 =( CONVERSION_BASED_UNIT ( 'INCH', #1432 ) LENGTH_UNIT ( ) NAMED_UNIT ( #1687 ) );
#3464 = CARTESIAN_POINT ( 'NONE',  ( -0.09409702194751921900, 0.1129831696319543000, -0.7370199838439363000 ) ) ;
#3465 = CARTESIAN_POINT ( 'NONE',  ( 0.06203602573511694100, 0.09980726546566792700, -0.7043894723702417400 ) ) ;
#3466 = CARTESIAN_POINT ( 'NONE',  ( 0.07898474152910067700, -0.08699758566541075700, 0.7018246596117825300 ) ) ;
#3467 = CARTESIAN_POINT ( 'NONE',  ( -0.01969122269426495600, -0.1430512188345739700, -0.7427431329209760500 ) ) ;
#3468 = AXIS2_PLACEMENT_3D ( 'NONE', #3460, #1591, #3779 ) ;
#3469 = CARTESIAN_POINT ( 'NONE',  ( -0.1174999999956123900, 1.539189437179346800E-014, -0.6936502913125541800 ) ) ;
#3470 = CARTESIAN_POINT ( 'NONE',  ( -0.1242752510997169500, 0.08229857937397279400, 0.7325343806820017200 ) ) ;
#3471 = VECTOR ( 'NONE', #2255, 39.37007874015748100 ) ;
#3472 =( NAMED_UNIT ( * ) SI_UNIT ( $, .STERADIAN. ) SOLID_ANGLE_UNIT ( ) );
#3473 = CARTESIAN_POINT ( 'NONE',  ( -0.1134585337735472300, 0.03061267056600712100, 0.6946639713559563700 ) ) ;
#3474 = CARTESIAN_POINT ( 'NONE',  ( -0.1112927961361257800, -0.03788020888252324700, -0.6951930206544918400 ) ) ;
#3475 = CARTESIAN_POINT ( 'NONE',  ( 0.1112324333987640000, 0.03791240041741993800, -0.6952066577004300000 ) ) ;
#3476 = CARTESIAN_POINT ( 'NONE',  ( -0.06707720927546766100, -0.1296463957543018400, 0.7400225857560474000 ) ) ;
#3477 =( NAMED_UNIT ( * ) SI_UNIT ( $, .STERADIAN. ) SOLID_ANGLE_UNIT ( ) );
#3478 = CARTESIAN_POINT ( 'NONE',  ( 0.06262873206819230500, 0.1314025328317317800, 0.7403701420705558500 ) ) ;
#3479 = CARTESIAN_POINT ( 'NONE',  ( -0.1309877820539044100, 0.07221528211894101500, -0.7313637070173317800 ) ) ;
#3480 = CARTESIAN_POINT ( 'NONE',  ( 0.0000000000000000000, -1.989999999999999800, 1.533216245000134500E-016 ) ) ;
#3481 = CARTESIAN_POINT ( 'NONE',  ( 0.09658229383974645300, 0.06694623847836746200, -0.6985001633753268300 ) ) ;
#3482 = CARTESIAN_POINT ( 'NONE',  ( 0.1171230755130225300, -0.009598832228962465200, -0.6937464107390231000 ) ) ;
#3483 = CARTESIAN_POINT ( 'NONE',  ( 0.01911603787421633700, 0.1159985314747583000, -0.7081186376363691700 ) ) ;
#3484 = CARTESIAN_POINT ( 'NONE',  ( 0.09074386242479654000, -0.07464461874191853600, 0.6996779757827640300 ) ) ;
#3485 =( GEOMETRIC_REPRESENTATION_CONTEXT ( 3 ) GLOBAL_UNCERTAINTY_ASSIGNED_CONTEXT ( ( #650 ) ) GLOBAL_UNIT_ASSIGNED_CONTEXT ( ( #3061, #2741, #878 ) ) REPRESENTATION_CONTEXT ( 'NONE', 'WORKASPACE' ) );
#3486 = VERTEX_POINT ( 'NONE', #3964 ) ;
#3487 = CARTESIAN_POINT ( 'NONE',  ( 0.03457789357935085000, -0.1404601632723913000, -0.7421989206553583100 ) ) ;
#3488 = DIRECTION ( 'NONE',  ( -0.0000000000000000000, -1.000000000000000000, -0.0000000000000000000 ) ) ;
#3489 = SURFACE_STYLE_FILL_AREA ( #1760 ) ;
#3490 = CARTESIAN_POINT ( 'NONE',  ( -0.08602182184454818000, 0.1186915757548634800, 0.7380064346074790600 ) ) ;
#3491 = ORIENTED_EDGE ( 'NONE', *, *, #997, .F. ) ;
#3492 = CARTESIAN_POINT ( 'NONE',  ( 0.0000000000000000000, -1.589999999999999600, -0.1249999999999999000 ) ) ;
#3493 = CARTESIAN_POINT ( 'NONE',  ( -0.09195297844172170600, 0.07317475578231548400, 0.6994416077438053700 ) ) ;
#3494 = CARTESIAN_POINT ( 'NONE',  ( -0.09201789258584740200, -0.07309310866482671100, -0.6994287352989719800 ) ) ;
#3495 = CARTESIAN_POINT ( 'NONE',  ( 0.1165415235055818900, 0.01546249485684491500, -0.6938941452347209300 ) ) ;
#3496 = CARTESIAN_POINT ( 'NONE',  ( -0.1464398227948403600, -0.03743328661225818500, 0.7284286474162581200 ) ) ;
#3497 = CARTESIAN_POINT ( 'NONE',  ( 3.245108779091937100E-013, 0.1442586132141649700, 0.7430000002683726500 ) ) ;
#3498 = CARTESIAN_POINT ( 'NONE',  ( 0.1512846275268345300, 0.009442313606390292900, 0.7274351940029579700 ) ) ;
#3499 = ORIENTED_EDGE ( 'NONE', *, *, #4026, .T. ) ;
#3500 = CARTESIAN_POINT ( 'NONE',  ( -0.1454641096952708500, 0.03970017548810410300, -0.7286217994316809300 ) ) ;
#3501 = CARTESIAN_POINT ( 'NONE',  ( 0.1174999999963205900, -0.003798459011009182800, -0.6936502775648449900 ) ) ;
#3502 = CARTESIAN_POINT ( 'NONE',  ( 0.1031415235511452500, -0.05628750936179477400, 0.6970840330963233900 ) ) ;
#3503 =( GEOMETRIC_REPRESENTATION_CONTEXT ( 3 ) GLOBAL_UNCERTAINTY_ASSIGNED_CONTEXT ( ( #1212 ) ) GLOBAL_UNIT_ASSIGNED_CONTEXT ( ( #3799, #1611, #3477 ) ) REPRESENTATION_CONTEXT ( 'NONE', 'WORKASPACE' ) );
#3504 = CARTESIAN_POINT ( 'NONE',  ( 0.08836418328427808600, -0.1171879263445176900, -0.7377383410063694800 ) ) ;
#3505 =( NAMED_UNIT ( * ) PLANE_ANGLE_UNIT ( ) SI_UNIT ( $, .RADIAN. ) );
#3506 = CARTESIAN_POINT ( 'NONE',  ( -0.03430642922863339600, 0.1405202679364788700, 0.7422114412688825000 ) ) ;
#3507 = CARTESIAN_POINT ( 'NONE',  ( 1.224646799147351700E-017, 1.489999999999999800, -0.09999999999999989500 ) ) ;
#3508 = CARTESIAN_POINT ( 'NONE',  ( -0.05201611081262024600, 0.1054286395602514900, 0.7056204603388184200 ) ) ;
#3509 = CARTESIAN_POINT ( 'NONE',  ( -0.06212685517275402100, -0.09980540540082681600, -0.7043853981728459600 ) ) ;
#3510 = EDGE_CURVE ( 'NONE', #150, #710, #2299, .T. ) ;
#3511 = CARTESIAN_POINT ( 'NONE',  ( -0.05569928602683294600, 0.1341462612867235200, -0.7409128663804471800 ) ) ;
#3512 = CARTESIAN_POINT ( 'NONE',  ( 0.1092954677632694000, 0.04313933158273940800, 0.6956692030114655100 ) ) ;
#3513 = CARTESIAN_POINT ( 'NONE',  ( 0.0000000000000000000, 1.489999999999999800, 0.0000000000000000000 ) ) ;
#3514 = ADVANCED_FACE ( 'NONE', ( #3119 ), #3985, .F. ) ;
#3515 = CARTESIAN_POINT ( 'NONE',  ( 0.1203728142333835200, -0.08788529193743376000, -0.7332054146242733500 ) ) ;
#3516 = AXIS2_PLACEMENT_3D ( 'NONE', #279, #2446, #592 ) ;
#3517 = PRESENTATION_LAYER_ASSIGNMENT (  '', '', ( #3314 ) ) ;
#3518 = CARTESIAN_POINT ( 'NONE',  ( 0.1099987486185479100, -0.04132211217934687900, -0.6955023168266359900 ) ) ;
#3519 = CARTESIAN_POINT ( 'NONE',  ( 0.1148506508180316800, -0.02482817250569394100, 0.6943189123277193600 ) ) ;
#3520 = COLOUR_RGB ( '',0.9019607843137255100, 0.9019607843137255100, 0.9019607843137255100 ) ;
#3521 = CARTESIAN_POINT ( 'NONE',  ( 0.1416050594742513400, -0.05082877600353510200, -0.7293817544024235900 ) ) ;
#3522 = SURFACE_SIDE_STYLE ('',( #2493 ) ) ;
#3523 = CARTESIAN_POINT ( 'NONE',  ( 0.02478820880056975900, 0.1423869981584872700, 0.7426022313773883400 ) ) ;
#3524 = DIMENSIONAL_EXPONENTS ( 1.000000000000000000, 0.0000000000000000000, 0.0000000000000000000, 0.0000000000000000000, 0.0000000000000000000, 0.0000000000000000000, 0.0000000000000000000 ) ;
#3525 = CARTESIAN_POINT ( 'NONE',  ( 0.06792451603096592800, 0.09588515028464604500, 0.7035681895090750700 ) ) ;
#3526 = CARTESIAN_POINT ( 'NONE',  ( -0.01534117509727571900, 0.1165576190919015600, 0.7082574339463511000 ) ) ;
#3527 = CARTESIAN_POINT ( 'NONE',  ( -0.01912527827359256400, -0.1159491886169570800, -0.7081069487536493200 ) ) ;
#3528 = CARTESIAN_POINT ( 'NONE',  ( 0.1053287859265164000, 0.05211298769372439000, -0.6965915574075046700 ) ) ;
#3529 = FILL_AREA_STYLE ('',( #2899 ) ) ;
#3530 = DIRECTION ( 'NONE',  ( 0.0000000000000000000, -0.0000000000000000000, -1.000000000000000000 ) ) ;
#3531 = CARTESIAN_POINT ( 'NONE',  ( -0.1312226316955477600, 0.07241324665281710600, 0.7313421029279059100 ) ) ;
#3532 = UNCERTAINTY_MEASURE_WITH_UNIT (LENGTH_MEASURE( 1.000000000000000100E-005 ), #2584, 'distance_accuracy_value', 'NONE');
#3533 = CARTESIAN_POINT ( 'NONE',  ( 0.09961994833245965700, -0.06232032046799557800, -0.6978561508510364700 ) ) ;
#3534 =( NAMED_UNIT ( * ) SI_UNIT ( $, .STERADIAN. ) SOLID_ANGLE_UNIT ( ) );
#3535 = CARTESIAN_POINT ( 'NONE',  ( 0.1172561728465119800, 0.007807890617558647900, -0.6937124914148424800 ) ) ;
#3536 = PRESENTATION_STYLE_ASSIGNMENT (( #3021 ) ) ;
#3537 = CARTESIAN_POINT ( 'NONE',  ( 0.1512831845266640300, 0.002479983367506592700, -0.7274354941128421400 ) ) ;
#3538 = SURFACE_SIDE_STYLE ('',( #475 ) ) ;
#3539 = DIMENSIONAL_EXPONENTS ( 1.000000000000000000, 0.0000000000000000000, 0.0000000000000000000, 0.0000000000000000000, 0.0000000000000000000, 0.0000000000000000000, 0.0000000000000000000 ) ;
#3540 = CARTESIAN_POINT ( 'NONE',  ( 0.08000535102550250500, 0.1224580453483324500, 0.7386830593722533100 ) ) ;
#3541 = CARTESIAN_POINT ( 'NONE',  ( 0.02397174158637341300, 0.1150328363862868800, 0.7078816758718634600 ) ) ;
#3542 = CARTESIAN_POINT ( 'NONE',  ( 0.03051045684181637500, 0.1134859985175994400, 0.7075050479208026000 ) ) ;
#3543 =( GEOMETRIC_REPRESENTATION_CONTEXT ( 3 ) GLOBAL_UNCERTAINTY_ASSIGNED_CONTEXT ( ( #1546 ) ) GLOBAL_UNIT_ASSIGNED_CONTEXT ( ( #3711, #1836, #2141 ) ) REPRESENTATION_CONTEXT ( 'NONE', 'WORKASPACE' ) );
#3544 = CARTESIAN_POINT ( 'NONE',  ( 0.02495470042333733400, -0.1148358770504968300, -0.7078333636363748300 ) ) ;
#3545 = CARTESIAN_POINT ( 'NONE',  ( 0.09196670176770403700, 0.07313896088109499100, -0.6994376528353566400 ) ) ;
#3546 = SURFACE_STYLE_USAGE ( .BOTH. , #1366 ) ;
#3547 = LENGTH_MEASURE_WITH_UNIT ( LENGTH_MEASURE( 0.02539999999999999900 ), #2613 );
#3548 = DIRECTION ( 'NONE',  ( 0.0000000000000000000, -0.0000000000000000000, 1.000000000000000000 ) ) ;
#3549 = DIRECTION ( 'NONE',  ( 0.0000000000000000000, 0.0000000000000000000, 1.000000000000000000 ) ) ;
#3550 = CARTESIAN_POINT ( 'NONE',  ( -0.02097989712554624400, 0.1156159201391439000, 0.7080248152991812600 ) ) ;
#3551 = CARTESIAN_POINT ( 'NONE',  ( -9.285873139106726300E-017, 0.1442586111360670800, -0.7429999999999999900 ) ) ;
#3552 = ORIENTED_EDGE ( 'NONE', *, *, #2149, .T. ) ;
#3553 = CARTESIAN_POINT ( 'NONE',  ( 0.09007977566536716500, -0.07545426469913209300, -0.6998079554029969000 ) ) ;
#3554 = CARTESIAN_POINT ( 'NONE',  ( 3.245108779091937100E-013, 0.1442586132141649700, 0.7430000002683726500 ) ) ;
#3555 = CARTESIAN_POINT ( 'NONE',  ( -0.05883373744961317000, -0.1017279606158329000, 0.7048035057749587600 ) ) ;
#3556 = ORIENTED_EDGE ( 'NONE', *, *, #3044, .T. ) ;
#3557 = CARTESIAN_POINT ( 'NONE',  ( 0.1406336240632899700, 0.05322361866133777700, -0.7295698187972544700 ) ) ;
#3558 = CARTESIAN_POINT ( 'NONE',  ( 1.530808498934190300E-017, -1.589999999999999600, 0.1249999999999998800 ) ) ;
#3559 = CARTESIAN_POINT ( 'NONE',  ( 0.1244160871107216900, 0.08210534423125454000, 0.7325104879114260300 ) ) ;
#3560 = CARTESIAN_POINT ( 'NONE',  ( 0.04141487661708315900, 0.1100329323952867100, 0.7066801878523926200 ) ) ;
#3561 = ORIENTED_EDGE ( 'NONE', *, *, #2621, .T. ) ;
#3562 = CARTESIAN_POINT ( 'NONE',  ( 0.06852945161880198700, 0.09546576442014155500, 0.7034814323311467900 ) ) ;
#3563 = CARTESIAN_POINT ( 'NONE',  ( 0.06383405763969442200, -0.09866712420590395500, -0.7041471259862799300 ) ) ;
#3564 = CARTESIAN_POINT ( 'NONE',  ( 0.05873318898040193200, 0.1017858811861885300, -0.7048161227940087400 ) ) ;
#3565 = CARTESIAN_POINT ( 'NONE',  ( 0.003793011341946931500, 0.1174999999999999900, -0.7084922512387822300 ) ) ;
#3566 = CARTESIAN_POINT ( 'NONE',  ( 2.020667218593139700E-017, 1.989999999999999800, -0.1650000000000005600 ) ) ;
#3567 = CARTESIAN_POINT ( 'NONE',  ( 0.1512849120996735400, -0.002362516451538627900, 0.7274351339612958900 ) ) ;
#3568 = DIMENSIONAL_EXPONENTS ( 1.000000000000000000, 0.0000000000000000000, 0.0000000000000000000, 0.0000000000000000000, 0.0000000000000000000, 0.0000000000000000000, 0.0000000000000000000 ) ;
#3569 = CARTESIAN_POINT ( 'NONE',  ( -0.05451032517337327200, 0.1040918738861787200, 0.7053245471216731400 ) ) ;
#3570 = CARTESIAN_POINT ( 'NONE',  ( 0.1159452050961875300, 0.01907616265312375700, 0.6940447376508883700 ) ) ;
#3571 = ADVANCED_FACE ( 'NONE', ( #853 ), #358, .F. ) ;
#3572 = CARTESIAN_POINT ( 'NONE',  ( 0.07488994855380055900, -0.09054144320849398500, -0.7025008273702279000 ) ) ;
#3573 = CARTESIAN_POINT ( 'NONE',  ( -0.08769883385453589000, -0.07820550073626143800, 0.7002634762337952600 ) ) ;
#3574 = CARTESIAN_POINT ( 'NONE',  ( 0.1184099503654293400, 0.08979510567354864700, -0.7335043867160154800 ) ) ;
#3575 = CARTESIAN_POINT ( 'NONE',  ( 0.0000000000000000000, -1.999999999999999800, 1.533216245000134500E-016 ) ) ;
#3576 = CARTESIAN_POINT ( 'NONE',  ( 0.1488684655854448400, 0.02578927505054246300, 0.7279336672125456000 ) ) ;
#3577 = CARTESIAN_POINT ( 'NONE',  ( -0.1159284403867531100, 0.01917806097792308700, -0.6940489566772575200 ) ) ;
#3578 = CARTESIAN_POINT ( 'NONE',  ( 0.05953585890542514900, 0.1013047345802627600, 0.7047123007313002000 ) ) ;
#3579 = LENGTH_MEASURE_WITH_UNIT ( LENGTH_MEASURE( 0.02539999999999999900 ), #1206 );
#3580 = CARTESIAN_POINT ( 'NONE',  ( 0.1092846174849238200, -0.04320728809148047900, -0.6956722778741748500 ) ) ;
#3581 = CARTESIAN_POINT ( 'NONE',  ( 0.03045786943957396300, 0.1135004201287724300, -0.7075085316114012600 ) ) ;
#3582 = COLOUR_RGB ( '',0.9019607843137255100, 0.9019607843137255100, 0.9019607843137255100 ) ;
#3583 = CARTESIAN_POINT ( 'NONE',  ( 0.04315965957412139900, 0.1092908264298281700, -0.7065088216408979000 ) ) ;
#3584 = CARTESIAN_POINT ( 'NONE',  ( 0.1406782149192960500, -0.05311685574976320000, 0.7295612252194074700 ) ) ;
#3585 = CARTESIAN_POINT ( 'NONE',  ( -0.07305290833217731300, 0.09203256316018639000, 0.7027926160648865200 ) ) ;
#3586 = LENGTH_MEASURE_WITH_UNIT ( LENGTH_MEASURE( 0.02539999999999999900 ), #1034 );
#3587 = CARTESIAN_POINT ( 'NONE',  ( -0.1510416534680861800, -0.009441229894337708700, -0.7274858529481332800 ) ) ;
#3588 = CARTESIAN_POINT ( 'NONE',  ( 0.05872784709632527400, -0.1017750796727072400, -0.7048144978941717200 ) ) ;
#3589 = CARTESIAN_POINT ( 'NONE',  ( -0.1099643099431204900, -0.04144684230010817200, 0.6955106786761062800 ) ) ;
#3590 = CARTESIAN_POINT ( 'NONE',  ( 0.07346886386555598300, 0.1261274916194805000, -0.7393619608939773200 ) ) ;
#3591 = APPLICATION_PROTOCOL_DEFINITION ( 'draft international standard', 'automotive_design', 1998, #3905 ) ;
#3592 = CARTESIAN_POINT ( 'NONE',  ( 0.1164964793842721100, -0.01544462883437416000, 0.6939054728032575400 ) ) ;
#3593 = CARTESIAN_POINT ( 'NONE',  ( -0.1051958587479898800, 0.05236203557302229700, -0.6966215104736370700 ) ) ;
#3594 = ADVANCED_FACE ( 'NONE', ( #480 ), #808, .F. ) ;
#3595 = CARTESIAN_POINT ( 'NONE',  ( 0.05200954525620957900, 0.1053799043884341700, 0.7056120907670515600 ) ) ;
#3596 = PRODUCT_DEFINITION_SHAPE ( 'NONE', 'NONE',  #1423 ) ;
#3597 = CARTESIAN_POINT ( 'NONE',  ( 0.06494292959119697700, 0.09792268234605636100, -0.7039916102161933900 ) ) ;
#3598 = CARTESIAN_POINT ( 'NONE',  ( 0.1103844102870821900, -0.09867622548251871200, 0.7347565235381841000 ) ) ;
#3599 = CYLINDRICAL_SURFACE ( 'NONE', #2674, 0.1174999999999999900 ) ;
#3600 =( GEOMETRIC_REPRESENTATION_CONTEXT ( 3 ) GLOBAL_UNCERTAINTY_ASSIGNED_CONTEXT ( ( #801 ) ) GLOBAL_UNIT_ASSIGNED_CONTEXT ( ( #2954, #1085, #3263 ) ) REPRESENTATION_CONTEXT ( 'NONE', 'WORKASPACE' ) );
#3601 = CARTESIAN_POINT ( 'NONE',  ( -0.08644673525800473900, 0.07960440867622924100, 0.7005000056110071100 ) ) ;
#3602 = STYLED_ITEM ( 'NONE', ( #1221 ), #2307 ) ;
#3603 = SURFACE_STYLE_USAGE ( .BOTH. , #3820 ) ;
#3604 = CARTESIAN_POINT ( 'NONE',  ( -0.1284264359046167800, -0.07628414809911048000, -0.7318178331935825100 ) ) ;
#3605 = CARTESIAN_POINT ( 'NONE',  ( 0.02667313916612047000, -0.1144362769956144300, -0.7077357334010170300 ) ) ;
#3606 = CARTESIAN_POINT ( 'NONE',  ( -0.1503266661418390700, -0.01638456641064819600, 0.7276338055658900800 ) ) ;
#3607 = CARTESIAN_POINT ( 'NONE',  ( -0.1174957589642179900, 0.003967770089966953800, 0.6936513756260981300 ) ) ;
#3608 = CARTESIAN_POINT ( 'NONE',  ( 0.009885618157476796000, 0.1440272991155797400, -0.7429504943512561500 ) ) ;
#3609 = PRODUCT_CONTEXT ( 'NONE', #3905, 'mechanical' ) ;
#3610 = VERTEX_POINT ( 'NONE', #271 ) ;
#3611 = CARTESIAN_POINT ( 'NONE',  ( -0.09398664076100142500, 0.07052427500777777600, -0.6990329298665636200 ) ) ;
#3612 = CARTESIAN_POINT ( 'NONE',  ( 0.08134479483053487500, 0.08479670366646012400, -0.7014186322312637700 ) ) ;
#3613 = CARTESIAN_POINT ( 'NONE',  ( 0.03448178512036107600, -0.1405410124301616500, 0.7422153807648590500 ) ) ;
#3614 = ORIENTED_EDGE ( 'NONE', *, *, #1944, .T. ) ;
#3615 = CARTESIAN_POINT ( 'NONE',  ( 0.1017158614355241900, 0.05885402841050314100, -0.6974007402253878900 ) ) ;
#3616 = CARTESIAN_POINT ( 'NONE',  ( -0.09674560681493769900, 0.06668486923247891900, 0.6984649853249921300 ) ) ;
#3617 = CARTESIAN_POINT ( 'NONE',  ( 0.09230589826440782600, -0.1146794724376381800, 0.7372899622543573900 ) ) ;
#3618 = CARTESIAN_POINT ( 'NONE',  ( -0.02115278668303565200, 0.1155962749551940500, -0.7080199079963885900 ) ) ;
#3619 = ADVANCED_FACE ( 'NONE', ( #3291 ), #1230, .F. ) ;
#3620 = EDGE_CURVE ( 'NONE', #770, #249, #824, .T. ) ;
#3621 = PLANE ( 'NONE',  #654 ) ;
#3622 = ORIENTED_EDGE ( 'NONE', *, *, #1914, .T. ) ;
#3623 = CARTESIAN_POINT ( 'NONE',  ( -0.1460813435127196700, 0.03758418160867780400, 0.7284981988281755700 ) ) ;
#3624 = CARTESIAN_POINT ( 'NONE',  ( -0.1053771926632656000, 0.05212143699854753600, 0.6965834421626988500 ) ) ;
#3625 = CARTESIAN_POINT ( 'NONE',  ( -0.03052119139725197700, 0.1135315226397633500, -0.7075150051146507100 ) ) ;
#3626 = STYLED_ITEM ( 'NONE', ( #2405 ), #3571 ) ;
#3627 = CARTESIAN_POINT ( 'NONE',  ( -0.08134599746852171100, 0.08482553875476395200, -0.7014213165946314700 ) ) ;
#3628 = CARTESIAN_POINT ( 'NONE',  ( 0.09510906064118486400, 0.06900322891226028100, -0.6988040642895907400 ) ) ;
#3629 = CARTESIAN_POINT ( 'NONE',  ( -0.02468240493851450400, -0.1423455140779899300, 0.7425940063368892100 ) ) ;
#3630 = CARTESIAN_POINT ( 'NONE',  ( -0.1070092262393865900, 0.04854026550980391300, 0.6962048648006068400 ) ) ;
#3631 = CARTESIAN_POINT ( 'NONE',  ( -0.06705513148865624400, -0.1293355367884216600, -0.7399713806732011200 ) ) ;
#3632 = SURFACE_SIDE_STYLE ('',( #845 ) ) ;
#3633 = CARTESIAN_POINT ( 'NONE',  ( -0.1183922811621578000, 0.08983905225001453900, 0.7335085342518034000 ) ) ;
#3634 = CARTESIAN_POINT ( 'NONE',  ( -0.07743971494490668700, 0.08839145308697099500, 0.7020862442622881600 ) ) ;
#3635 = CARTESIAN_POINT ( 'NONE',  ( -0.06694203949136749700, 0.09658500601274742900, -0.7037118937522025600 ) ) ;
#3636 = SURFACE_STYLE_FILL_AREA ( #2288 ) ;
#3637 = LINE ( 'NONE', #703, #2058 ) ;
#3638 = CARTESIAN_POINT ( 'NONE',  ( -0.06789556131450066900, 0.09590552834516435900, -0.7035723846040347100 ) ) ;
#3639 = PRESENTATION_LAYER_ASSIGNMENT (  '', '', ( #3004 ) ) ;
#3640 = CARTESIAN_POINT ( 'NONE',  ( 0.1054079483029599900, 0.05195271153181869200, -0.6965735682620399800 ) ) ;
#3641 = CARTESIAN_POINT ( 'NONE',  ( -0.07575024217809683800, -0.1248947601033398200, 0.7391315883024822700 ) ) ;
#3642 = CARTESIAN_POINT ( 'NONE',  ( -0.1150223364122079200, 0.02402213259675966800, 0.6942760087981074700 ) ) ;
#3643 = CARTESIAN_POINT ( 'NONE',  ( -0.01720150896460399500, -0.1433429195048719900, -0.7428050283956833000 ) ) ;
#3644 = CARTESIAN_POINT ( 'NONE',  ( -0.06697233869590361900, 0.1294382052504040000, 0.7399883333660450800 ) ) ;
#3645 = CARTESIAN_POINT ( 'NONE',  ( -0.04047280121203436500, 0.1103138435362297400, 0.7067485145991683200 ) ) ;
#3646 = PRESENTATION_STYLE_ASSIGNMENT (( #1010 ) ) ;
#3647 = CARTESIAN_POINT ( 'NONE',  ( -0.09554263299772174100, 0.06850174247772478100, -0.6987194036181718600 ) ) ;
#3648 = CARTESIAN_POINT ( 'NONE',  ( -0.04935865880088668300, 0.1066344474500813700, -0.7058966519540450500 ) ) ;
#3649 = SURFACE_STYLE_FILL_AREA ( #3327 ) ;
#3650 = CARTESIAN_POINT ( 'NONE',  ( 0.1175000000073648800, 0.007603179937393355500, -0.6936503185462735700 ) ) ;
#3651 = CARTESIAN_POINT ( 'NONE',  ( -0.1129149394750652600, -0.09601546314394632200, 0.7343704325786495300 ) ) ;
#3652 =( CONVERSION_BASED_UNIT ( 'INCH', #2210 ) LENGTH_UNIT ( ) NAMED_UNIT ( #419 ) );
#3653 = CARTESIAN_POINT ( 'NONE',  ( 0.03940777848921256400, -0.1392985830756357500, -0.7419581196636787500 ) ) ;
#3654 = CARTESIAN_POINT ( 'NONE',  ( -0.1135881354557290300, -0.03031330640506678700, 0.6946339336515672300 ) ) ;
#3655 = CARTESIAN_POINT ( 'NONE',  ( -0.01975223365474044700, 0.1431016191279125300, 0.7427537431219397600 ) ) ;
#3656 = CARTESIAN_POINT ( 'NONE',  ( 0.002027883685310325700, 0.1174984515362718500, 0.7084918666130215500 ) ) ;
#3657 = VERTEX_POINT ( 'NONE', #572 ) ;
#3658 = CARTESIAN_POINT ( 'NONE',  ( -0.1144263882541819000, 0.02676813868053003200, -0.6944246329110488300 ) ) ;
#3659 = CARTESIAN_POINT ( 'NONE',  ( -4.490253167922298400E-017, 0.1175000000000000200, -0.7084922537182735100 ) ) ;
#3660 = ORIENTED_EDGE ( 'NONE', *, *, #3807, .F. ) ;
#3661 = FILL_AREA_STYLE ('',( #2413 ) ) ;
#3662 = CARTESIAN_POINT ( 'NONE',  ( -0.1415824231168197300, -0.05088565026544465700, 0.7293861457825273600 ) ) ;
#3663 = AXIS2_PLACEMENT_3D ( 'NONE', #1234, #3416, #1550 ) ;
#3664 = CLOSED_SHELL ( 'NONE', ( #2333, #1752, #3247, #3874, #714, #159, #1375, #3594, #1089, #1396, #784, #3571, #512, #2354, #3922, #2927, #136, #182, #758, #2264, #806, #1681, #1109, #1064, #3900, #1960, #3619, #2615, #1419, #2009, #3514, #1703, #2657, #2307 ) ) ;
#3665 =( LENGTH_UNIT ( ) NAMED_UNIT ( * ) SI_UNIT ( $, .METRE. ) );
#3666 = FILL_AREA_STYLE ('',( #2173 ) ) ;
#3667 = CARTESIAN_POINT ( 'NONE',  ( 0.09232117510027587600, -0.1143794340374735800, -0.7372519688764130900 ) ) ;
#3668 = CARTESIAN_POINT ( 'NONE',  ( 0.03928314934454515300, 0.1393304896130952700, 0.7419647114648458800 ) ) ;
#3669 = CARTESIAN_POINT ( 'NONE',  ( 0.04335684236030999000, 0.1092251440455267200, 0.7064931393713537200 ) ) ;
#3670 = CARTESIAN_POINT ( 'NONE',  ( -0.1135285855758246700, -0.03053284780353235000, -0.6946478780554976600 ) ) ;
#3671 = DIRECTION ( 'NONE',  ( 0.0000000000000000000, 0.0000000000000000000, 1.000000000000000000 ) ) ;
#3672 = STYLED_ITEM ( 'NONE', ( #3646 ), #3874 ) ;
#3673 = PRESENTATION_LAYER_ASSIGNMENT (  '', '', ( #3444 ) ) ;
#3674 =( NAMED_UNIT ( * ) SI_UNIT ( $, .STERADIAN. ) SOLID_ANGLE_UNIT ( ) );
#3675 = CARTESIAN_POINT ( 'NONE',  ( 0.09881897324467330000, 0.06357133256850862300, 0.6980272840814981700 ) ) ;
#3676 = CARTESIAN_POINT ( 'NONE',  ( 0.1512848552846968700, 7.603287872991357300E-018, 0.7274351466361026500 ) ) ;
#3677 = CARTESIAN_POINT ( 'NONE',  ( 0.1432886438558672300, -0.04634046048533856100, -0.7290528782784004800 ) ) ;
#3678 = CARTESIAN_POINT ( 'NONE',  ( 0.08823377166714943500, 0.1172064560535532500, 0.7377451220940028900 ) ) ;
#3679 = CARTESIAN_POINT ( 'NONE',  ( 0.08584111043502026800, 0.08032515988899152600, 0.7006178980279544900 ) ) ;
#3680 = EDGE_CURVE ( 'NONE', #1840, #3998, #2159, .T. ) ;
#3681 = CYLINDRICAL_SURFACE ( 'NONE', #2393, 0.09999999999999989500 ) ;
#3682 = CARTESIAN_POINT ( 'NONE',  ( -0.09319384118966622700, -0.07158781369872367600, -0.6991938246511081300 ) ) ;
#3683 = CONICAL_SURFACE ( 'NONE', #1487, 0.4873205080756878900, 1.047197551196583000 ) ;
#3684 =( NAMED_UNIT ( * ) SI_UNIT ( $, .STERADIAN. ) SOLID_ANGLE_UNIT ( ) );
#3685 = FILL_AREA_STYLE ('',( #2416 ) ) ;
#3686 = CARTESIAN_POINT ( 'NONE',  ( 0.1512831845266640300, 0.002479983367506592700, -0.7274354941128421400 ) ) ;
#3687 = CARTESIAN_POINT ( 'NONE',  ( 0.08044541080798636700, 0.08572842439300797100, 0.7015823930059704700 ) ) ;
#3688 = CARTESIAN_POINT ( 'NONE',  ( 0.1310564235545799100, 0.07210202404561798200, 0.7313514086785711800 ) ) ;
#3689 = CARTESIAN_POINT ( 'NONE',  ( 0.1113026290724803800, 0.03785239048972285200, 0.6951906580798941100 ) ) ;
#3690 = CARTESIAN_POINT ( 'NONE',  ( -0.06689381868484940700, -0.09661842343148024900, -0.7037188104188069100 ) ) ;
#3691 = CARTESIAN_POINT ( 'NONE',  ( -0.1088345658235820400, -0.04429603216856196900, 0.6957781439335186700 ) ) ;
#3692 = CARTESIAN_POINT ( 'NONE',  ( 0.1512849120996735400, -0.002362516451538627900, 0.7274351339612958900 ) ) ;
#3693 =( NAMED_UNIT ( * ) SI_UNIT ( $, .STERADIAN. ) SOLID_ANGLE_UNIT ( ) );
#3694 = VERTEX_POINT ( 'NONE', #904 ) ;
#3695 = FILL_AREA_STYLE_COLOUR ( '', #2425 ) ;
#3696 = PRESENTATION_LAYER_ASSIGNMENT (  '', '', ( #3276 ) ) ;
#3697 = DIRECTION ( 'NONE',  ( 0.0000000000000000000, 0.0000000000000000000, -1.000000000000000000 ) ) ;
#3698 = UNCERTAINTY_MEASURE_WITH_UNIT (LENGTH_MEASURE( 1.000000000000000100E-005 ), #1322, 'distance_accuracy_value', 'NONE');
#3699 = CARTESIAN_POINT ( 'NONE',  ( 0.1118588943283518000, -0.03602102928794741900, 0.6950549983531165700 ) ) ;
#3700 = CARTESIAN_POINT ( 'NONE',  ( 0.1387325025424981400, 0.05758189696435279300, -0.7299337157326484200 ) ) ;
#3701 = CARTESIAN_POINT ( 'NONE',  ( 0.1100064371173217800, 0.04146654509117073100, 0.6955025723072658600 ) ) ;
#3702 = ORIENTED_EDGE ( 'NONE', *, *, #2621, .F. ) ;
#3703 = CARTESIAN_POINT ( 'NONE',  ( 0.1503171506143614900, 0.01645967882402327200, 0.7276357701369563500 ) ) ;
#3704 = FILL_AREA_STYLE_COLOUR ( '', #2937 ) ;
#3705 = CARTESIAN_POINT ( 'NONE',  ( -0.02103100512606183300, -0.1156186754907621700, -0.7080254211720070600 ) ) ;
#3706 = B_SPLINE_CURVE_WITH_KNOTS ( 'NONE', 3,
 ( #1328, #1124, #1063, #2934, #1382, #3570, #3882, #3190, #723, #2583, #416, #1958, #2272, #3512, #3830, #53, #3206, #3786, #1348, #208, #521, #823, #1133, #1770, #3978, #2453, #3350, #3675, #1808, #2104, #2729, #1851, #2158, #2468, #2785, #3412, #2517, #2832, #967, #1280, #1908, #2624, #1704, #759, #745, #3248, #443, #2295, #2911, #1039, #1341, #733, #2283, #2593, #460, #2002, #3842, #1968, #3525, #1658, #113, #160, #2017, #478, #3578, #2323, #775, #2638, #1090, #2957, #3595, #1404, #3908, #1720, #3267, #3560, #3215, #127, #1988, #3859, #1673, #3541, #394, #2248, #79, #1361, #2561, #2684, #1367, #3550, #1679, #3864, #1994, #134, #2301, #451, #2612, #751, #2933, #1062, #3237, #1381, #3569, #1694, #3880, #2007, #151, #2312, #467, #2630, #765, #2949, #1078, #3256, #1393, #3585, #1711, #3896, #2022, #164, #2329, #484, #2643, #2963, #1093, #3270, #1408, #3601, #1725, #3912, #2032, #178, #2342, #496, #2654, #793, #2979, #1105, #3285, #1424, #3616, #1744, #3926, #780, #2046, #192, #2358, #508, #2670, #811, #2993, #1121, #3297, #1437, #3630, #1758, #4027, #3938, #2056, #2370, #3007, #3315, #1448, #3642, #3955, #2069, #219 ),
 .UNSPECIFIED., .F., .F.,
 ( 4, 2, 1, 2, 2, 2, 1, 1, 2, 2, 2, 1, 2, 2, 2, 1, 2, 2, 2, 1, 1, 1, 2, 2, 2, 2, 2, 2, 2, 1, 1, 2, 2, 2, 1, 2, 2, 2, 1, 2, 2, 2, 2, 2, 2, 1, 2, 2, 2, 2, 1, 2, 2, 2, 1, 2, 2, 1, 1, 2, 2, 2, 1, 2, 2, 2, 1, 1, 1, 2, 2, 2, 2, 2, 2, 2, 1, 1, 2, 2, 2, 1, 1, 2, 2, 2, 1, 2, 2, 2, 2, 2, 2, 1, 2, 2, 4 ),
 ( 0.0000000000000000000, 0.01562499999999782800, 0.02343749999999673900, 0.02734374999999619700, 0.03124999999999565600, 0.04687499999999342900, 0.05468749999999229800, 0.05859374999999170100, 0.06054687499999140300, 0.06249999999999110400, 0.07031249999998988300, 0.07421874999998925900, 0.07617187499998896700, 0.07812499999998869000, 0.08593749999998760700, 0.08984374999998712100, 0.09179687499998689900, 0.09374999999998666300, 0.1015624999999858900, 0.1054687499999855000, 0.1074218749999852600, 0.1083984374999851100, 0.1088867187499850500, 0.1093749999999850000, 0.1171874999999847600, 0.1210937499999846800, 0.1249999999999846000, 0.1328124999999844300, 0.1367187499999842900, 0.1386718749999843200, 0.1396484374999843200, 0.1401367187499842900, 0.1406249999999842900, 0.1484374999999842100, 0.1523437499999841000, 0.1542968749999840100, 0.1562499999999839300, 0.1640624999999838500, 0.1679687499999838700, 0.1699218749999839000, 0.1718749999999839300, 0.1796874999999839900, 0.1835937499999840100, 0.1874999999999840100, 0.2031249999999842600, 0.2109374999999844000, 0.2148437499999844600, 0.2187499999999845100, 0.2499999999999846800, 0.2656249999999847300, 0.2734374999999847300, 0.2773437499999847900, 0.2812499999999847900, 0.2968749999999847900, 0.3046874999999847900, 0.3085937499999847900, 0.3124999999999847900, 0.3203124999999848500, 0.3242187499999848500, 0.3261718749999848500, 0.3281249999999848500, 0.3359374999999849600, 0.3398437499999850100, 0.3417968749999850700, 0.3437499999999851200, 0.3515624999999854000, 0.3554687499999855100, 0.3574218749999855700, 0.3583984374999856200, 0.3588867187499855700, 0.3593749999999855700, 0.3671874999999869500, 0.3710937499999875100, 0.3749999999999880700, 0.3828124999999892300, 0.3867187499999899500, 0.3886718749999902300, 0.3896484374999903400, 0.3901367187499904000, 0.3906249999999904500, 0.3984374999999913400, 0.4023437499999917800, 0.4042968749999919500, 0.4052734374999920100, 0.4062499999999921200, 0.4140624999999925600, 0.4179687499999927800, 0.4199218749999929500, 0.4218749999999930600, 0.4296874999999937300, 0.4335937499999940600, 0.4374999999999943900, 0.4531249999999957800, 0.4609374999999965000, 0.4648437499999968400, 0.4687499999999971700, 0.5000000000000000000 ),
 .UNSPECIFIED. ) ;
#3707 = ORIENTED_EDGE ( 'NONE', *, *, #3243, .F. ) ;
#3708 = CARTESIAN_POINT ( 'NONE',  ( -0.09786693711847062300, -0.06502687071835100400, 0.6982293794902316700 ) ) ;
#3709 = CARTESIAN_POINT ( 'NONE',  ( 0.1406782149192960500, -0.05311685574976320000, 0.7295612252194074700 ) ) ;
#3710 =( NAMED_UNIT ( * ) PLANE_ANGLE_UNIT ( ) SI_UNIT ( $, .RADIAN. ) );
#3711 =( CONVERSION_BASED_UNIT ( 'INCH', #3937 ) LENGTH_UNIT ( ) NAMED_UNIT ( #3568 ) );
#3712 = CARTESIAN_POINT ( 'NONE',  ( 0.09202719752878214800, -0.07308169071453490800, 0.6994269092395825100 ) ) ;
#3713 = CARTESIAN_POINT ( 'NONE',  ( 0.1136965627884033300, 0.09528261838406477900, -0.7342562457548214000 ) ) ;
#3714 = CARTESIAN_POINT ( 'NONE',  ( -1.323238871931127600E-016, -1.440141839194656800, 0.0000000000000000000 ) ) ;
#3715 = CARTESIAN_POINT ( 'NONE',  ( 0.1144672964604319400, -0.02679983359818739800, 0.6944148647091128400 ) ) ;
#3716 =( NAMED_UNIT ( * ) SI_UNIT ( $, .STERADIAN. ) SOLID_ANGLE_UNIT ( ) );
#3717 = CARTESIAN_POINT ( 'NONE',  ( 0.02115531442163886400, -0.1155960359541824600, -0.7080198469239018500 ) ) ;
#3718 = CARTESIAN_POINT ( 'NONE',  ( -0.08477944849441580700, -0.08136349867195845400, 0.7008056006931388000 ) ) ;
#3719 = CARTESIAN_POINT ( 'NONE',  ( 0.1103844102870821900, -0.09867622548251871200, 0.7347565235381841000 ) ) ;
#3720 = UNCERTAINTY_MEASURE_WITH_UNIT (LENGTH_MEASURE( 1.000000000000000100E-005 ), #3348, 'distance_accuracy_value', 'NONE');
#3721 = CARTESIAN_POINT ( 'NONE',  ( -0.02100447348172756300, -0.1156114816484814800, -0.7080237299290566000 ) ) ;
#3722 = CARTESIAN_POINT ( 'NONE',  ( 0.004917217567543570100, -0.1442017047223118100, 0.7429878415717281500 ) ) ;
#3723 = PRESENTATION_LAYER_ASSIGNMENT (  '', '', ( #3941 ) ) ;
#3724 = CARTESIAN_POINT ( 'NONE',  ( 0.09994051136280199300, 0.1087046115376799500, -0.7362814461781921300 ) ) ;
#3725 = CARTESIAN_POINT ( 'NONE',  ( 0.04143925246031017500, -0.1100170388622639800, 0.7066766647558930800 ) ) ;
#3726 = CARTESIAN_POINT ( 'NONE',  ( 0.07346886386555598300, 0.1261274916194805000, -0.7393619608939773200 ) ) ;
#3727 = CARTESIAN_POINT ( 'NONE',  ( -0.1512847657622835600, 0.0001569368183616288900, 0.7274351652540939100 ) ) ;
#3728 = CARTESIAN_POINT ( 'NONE',  ( 0.09548718334554577600, -0.06849896398036067800, 0.6987272495680505500 ) ) ;
#3729 = EDGE_CURVE ( 'NONE', #1357, #3349, #2066, .T. ) ;
#3730 = CARTESIAN_POINT ( 'NONE',  ( 0.06220004413056774700, -0.09970534491064626800, -0.7043676974994501600 ) ) ;
#3731 = CARTESIAN_POINT ( 'NONE',  ( -0.06897096106689194800, -0.09513236660792523400, 0.7034142589559779800 ) ) ;
#3732 = CARTESIAN_POINT ( 'NONE',  ( 0.03448178512036107600, -0.1405410124301616500, 0.7422153807648590500 ) ) ;
#3733 = MECHANICAL_DESIGN_GEOMETRIC_PRESENTATION_REPRESENTATION (  '', ( #3314 ), #3954 ) ;
#3734 = CARTESIAN_POINT ( 'NONE',  ( -0.05460445718542216600, -0.1040425295247447000, -0.7053135730429948000 ) ) ;
#3735 = VECTOR ( 'NONE', #10, 39.37007874015748900 ) ;
#3736 = CARTESIAN_POINT ( 'NONE',  ( -0.05341151767144108900, -0.1350508136299010700, 0.7410918286523774400 ) ) ;
#3737 = VECTOR ( 'NONE', #3371, 39.37007874015748100 ) ;
#3738 = SURFACE_SIDE_STYLE ('',( #137 ) ) ;
#3739 = CARTESIAN_POINT ( 'NONE',  ( 0.09245453747859856700, -0.1145726486399322200, -0.7372715921842402100 ) ) ;
#3740 = CARTESIAN_POINT ( 'NONE',  ( -0.007688097150450134600, -0.1173112705677605800, 0.7084449642756017700 ) ) ;
#3741 = CARTESIAN_POINT ( 'NONE',  ( 0.009885618157476796000, 0.1440272991155797400, -0.7429504943512561500 ) ) ;
#3742 = CARTESIAN_POINT ( 'NONE',  ( 0.0001290674313405930100, -0.1174999291131622900, -0.7084922359977724500 ) ) ;
#3743 = CARTESIAN_POINT ( 'NONE',  ( 0.05201031180446835700, -0.1054334482759371500, 0.7056214538949278100 ) ) ;
#3744 = VECTOR ( 'NONE', #2902, 39.37007874015748900 ) ;
#3745 = CARTESIAN_POINT ( 'NONE',  ( 0.1070709983551506500, -0.04854722745066224200, -0.6961927612141294300 ) ) ;
#3746 = CARTESIAN_POINT ( 'NONE',  ( -0.04924840572365563700, -0.1066853616798115900, 0.7059082407370244100 ) ) ;
#3747 = ORIENTED_EDGE ( 'NONE', *, *, #187, .F. ) ;
#3748 = CARTESIAN_POINT ( 'NONE',  ( -0.1433140056732197500, 0.04644615389874551900, -0.7290488541199237100 ) ) ;
#3749 = CARTESIAN_POINT ( 'NONE',  ( -0.07312893151978455700, -0.09197216345050082700, -0.7027806963723636200 ) ) ;
#3750 = CARTESIAN_POINT ( 'NONE',  ( -0.09791058658594428700, -0.1099970274266850700, 0.7365230394993449400 ) ) ;
#3751 = EDGE_LOOP ( 'NONE', ( #1115, #2557, #2276, #716 ) ) ;
#3752 = FILL_AREA_STYLE ('',( #3695 ) ) ;
#3753 = CARTESIAN_POINT ( 'NONE',  ( -0.05201815740037889900, -0.1053757672040129400, 0.7056112183591515300 ) ) ;
#3754 = CARTESIAN_POINT ( 'NONE',  ( -0.1359295589797363500, 0.06403036990145330500, -0.7304705204300431200 ) ) ;
#3755 = CARTESIAN_POINT ( 'NONE',  ( 0.001899992785292387400, -0.1175002937992998500, 0.7084923277101655700 ) ) ;
#3756 = CARTESIAN_POINT ( 'NONE',  ( 0.003857038690383108900, -0.1174985100970065300, 0.7084918904194831300 ) ) ;
#3757 = CARTESIAN_POINT ( 'NONE',  ( -0.1357348521176013900, -0.06387928345438992400, -0.7305003048676961300 ) ) ;
#3758 = CARTESIAN_POINT ( 'NONE',  ( -0.08841349831151122700, -0.07739648389812814300, -0.7001284903801954200 ) ) ;
#3759 = CARTESIAN_POINT ( 'NONE',  ( -0.1310335103597063100, -0.07225433694715507900, 0.7313581994624625000 ) ) ;
#3760 = CARTESIAN_POINT ( 'NONE',  ( -0.08171141372774143300, -0.08445814000813377200, 0.7013558646561201000 ) ) ;
#3761 = CARTESIAN_POINT ( 'NONE',  ( -0.07308332389271159100, 0.09202585777865939000, -0.7027899722597523700 ) ) ;
#3762 = CARTESIAN_POINT ( 'NONE',  ( -0.1230193137482974400, -0.08409781683931325000, -0.7327503848014144100 ) ) ;
#3763 = PRESENTATION_STYLE_ASSIGNMENT (( #3078 ) ) ;
#3764 = CARTESIAN_POINT ( 'NONE',  ( 0.04417031949484644100, -0.1088856743752936900, 0.7064145783783152300 ) ) ;
#3765 = COLOUR_RGB ( '',1.000000000000000000, 1.000000000000000000, 1.000000000000000000 ) ;
#3766 = CARTESIAN_POINT ( 'NONE',  ( -0.1104456760093253500, -0.09861316765204276900, -0.7347472663974791200 ) ) ;
#3767 = CARTESIAN_POINT ( 'NONE',  ( -0.09717506922590879400, -0.06605639797811566100, -0.6983750410273734700 ) ) ;
#3768 = CARTESIAN_POINT ( 'NONE',  ( -0.1500208520176740900, -0.01876116582100173900, 0.7276969721913743000 ) ) ;
#3769 = SURFACE_SIDE_STYLE ('',( #42 ) ) ;
#3770 = CARTESIAN_POINT ( 'NONE',  ( -0.1069949895920967200, -0.04860063472060013200, 0.6962086979645901700 ) ) ;
#3771 = CARTESIAN_POINT ( 'NONE',  ( -0.1017356586181073100, 0.05882002871199249600, -0.6973963944447649800 ) ) ;
#3772 = CARTESIAN_POINT ( 'NONE',  ( -0.01984096607171588800, -0.1430918051837663500, -0.7427516607303926700 ) ) ;
#3773 = CARTESIAN_POINT ( 'NONE',  ( 0.06499938046174907900, -0.09788520827253867400, 0.7039837550252281400 ) ) ;
#3774 = CONICAL_SURFACE ( 'NONE', #1236, 0.09999999999999989500, 1.108284075016399800 ) ;
#3775 = CARTESIAN_POINT ( 'NONE',  ( -0.06705513148865624400, -0.1293355367884216600, -0.7399713806732011200 ) ) ;
#3776 = CARTESIAN_POINT ( 'NONE',  ( -0.1078187602779399600, -0.04671454837553841400, -0.6960165363823930300 ) ) ;
#3777 = PRESENTATION_STYLE_ASSIGNMENT (( #2872 ) ) ;
#3778 = CARTESIAN_POINT ( 'NONE',  ( -0.1472981486214761400, 0.03298479689509634100, 0.7282531435755582600 ) ) ;
#3779 = DIRECTION ( 'NONE',  ( 0.0000000000000000000, -0.0000000000000000000, -1.000000000000000000 ) ) ;
#3780 = CARTESIAN_POINT ( 'NONE',  ( -0.1172721934072274700, -0.007562655363157801300, 0.6937084084643651000 ) ) ;
#3781 = CARTESIAN_POINT ( 'NONE',  ( -0.1159358574748285100, 0.01920677317512437000, -0.6940469878793169600 ) ) ;
#3782 =( NAMED_UNIT ( * ) SI_UNIT ( $, .STERADIAN. ) SOLID_ANGLE_UNIT ( ) );
#3783 = ORIENTED_EDGE ( 'NONE', *, *, #2127, .F. ) ;
#3784 = CIRCLE ( 'NONE', #3192, 0.09999999999999989500 ) ;
#3785 = CARTESIAN_POINT ( 'NONE',  ( -0.09978995950254052100, 0.1084509437480334200, -0.7362706076454537100 ) ) ;
#3786 = CARTESIAN_POINT ( 'NONE',  ( 0.1070818243575735000, 0.04840857702765841800, 0.6961886199303307700 ) ) ;
#3787 = ORIENTED_EDGE ( 'NONE', *, *, #720, .F. ) ;
#3788 = CARTESIAN_POINT ( 'NONE',  ( 0.05706183535661556200, 0.1027320320678086100, -0.7050231789869917400 ) ) ;
#3789 = CARTESIAN_POINT ( 'NONE',  ( 0.08134739522593528700, -0.08479423534820625100, 0.7014181820629975500 ) ) ;
#3790 = AXIS2_PLACEMENT_3D ( 'NONE', #3207, #1349, #3530 ) ;
#3791 = ORIENTED_EDGE ( 'NONE', *, *, #3003, .T. ) ;
#3792 = CARTESIAN_POINT ( 'NONE',  ( -0.01222636290930962500, -0.1438064502580064800, -0.7429035568783511900 ) ) ;
#3793 = CARTESIAN_POINT ( 'NONE',  ( -0.1199087041642555300, 0.08799149516206455900, 0.7332619756673239800 ) ) ;
#3794 = PRESENTATION_STYLE_ASSIGNMENT (( #907 ) ) ;
#3795 = CARTESIAN_POINT ( 'NONE',  ( -0.1112582180291699500, 0.03798175643536286200, 0.6952013738758460200 ) ) ;
#3796 = CARTESIAN_POINT ( 'NONE',  ( -0.1070644809052416800, -0.04856041594297107200, -0.6961942488497209200 ) ) ;
#3797 = CARTESIAN_POINT ( 'NONE',  ( -0.01242123655256125100, 0.1437913870308280300, -0.7429003489863692500 ) ) ;
#3798 = CARTESIAN_POINT ( 'NONE',  ( -0.08827709649193502000, -0.1172487642412204700, 0.7377489213649529600 ) ) ;
#3799 =( CONVERSION_BASED_UNIT ( 'INCH', #22 ) LENGTH_UNIT ( ) NAMED_UNIT ( #3539 ) );
#3800 = CARTESIAN_POINT ( 'NONE',  ( 0.07575009917372904600, 0.1249610748851013300, 0.7391414272541717600 ) ) ;
#3801 = CARTESIAN_POINT ( 'NONE',  ( -0.1322116337925313100, 0.07015859420797968000, -0.7311432898978350600 ) ) ;
#3802 = CARTESIAN_POINT ( 'NONE',  ( 0.09871856517182878200, 0.06375408466331727900, -0.6980498533408293600 ) ) ;
#3803 = CARTESIAN_POINT ( 'NONE',  ( 0.1174540631319887500, -0.003812855879549621000, -0.6936620281989390700 ) ) ;
#3804 = CARTESIAN_POINT ( 'NONE',  ( 0.007677967046342835800, 0.1173115941766551500, -0.7084450473001733300 ) ) ;
#3805 = CARTESIAN_POINT ( 'NONE',  ( 0.09341434780914030500, -0.07129983576623810700, 0.6991496256457774300 ) ) ;
#3806 = CARTESIAN_POINT ( 'NONE',  ( 0.1135243207904838800, -0.03036713181247539800, -0.6946477633885105300 ) ) ;
#3807 = EDGE_CURVE ( 'NONE', #3657, #2271, #2892, .T. ) ;
#3808 = CARTESIAN_POINT ( 'NONE',  ( 0.04180188561795598200, -0.1386625022255167900, -0.7418269711171020500 ) ) ;
#3809 = CARTESIAN_POINT ( 'NONE',  ( -1.888210615029828500E-016, -0.1442586109336714000, -0.7429999999959128200 ) ) ;
#3810 = CARTESIAN_POINT ( 'NONE',  ( -0.07565710680612652800, 0.1250117415574999400, 0.7391508897214180700 ) ) ;
#3811 = CARTESIAN_POINT ( 'NONE',  ( -0.04638091564075760800, 0.1373319850460937000, -0.7415547227047499800 ) ) ;
#3812 = PRESENTATION_LAYER_ASSIGNMENT (  '', '', ( #3626 ) ) ;
#3813 = CARTESIAN_POINT ( 'NONE',  ( -0.08574651611275638200, 0.08042659214752297100, 0.7006354171211998100 ) ) ;
#3814 = CARTESIAN_POINT ( 'NONE',  ( -0.08834729477826154500, -0.07748971884571315100, -0.7001419498035057500 ) ) ;
#3815 = CARTESIAN_POINT ( 'NONE',  ( -0.1512941030213098800, -0.009258335225650912400, 0.7274332233833787900 ) ) ;
#3816 = CARTESIAN_POINT ( 'NONE',  ( 1.530808498934189400E-017, -1.989999999999999800, 0.1249999999999998300 ) ) ;
#3817 = CARTESIAN_POINT ( 'NONE',  ( 0.0000000000000000000, -1.989999999999999800, -0.1249999999999998300 ) ) ;
#3818 = CARTESIAN_POINT ( 'NONE',  ( -0.1473274858534844900, 0.03286412347872996000, -0.7282472031911244600 ) ) ;
#3819 = COLOUR_RGB ( '',0.9019607843137255100, 0.9019607843137255100, 0.9019607843137255100 ) ;
#3820 = SURFACE_SIDE_STYLE ('',( #1242 ) ) ;
#3821 = CARTESIAN_POINT ( 'NONE',  ( 1.530808498934189400E-017, -1.949999999999999500, 0.1249999999999998300 ) ) ;
#3822 = CARTESIAN_POINT ( 'NONE',  ( 0.1045185945319671700, -0.05372288255487932300, 0.6967757164431035400 ) ) ;
#3823 = CARTESIAN_POINT ( 'NONE',  ( 0.1171124258380140900, 0.009727275146196943900, -0.6937491215911384400 ) ) ;
#3824 = CARTESIAN_POINT ( 'NONE',  ( 0.09991694046129816200, -0.1084202244559654700, -0.7362610127173477800 ) ) ;
#3825 = CARTESIAN_POINT ( 'NONE',  ( -0.02464014892710214600, 0.1424100740896723200, 0.7426071068381113700 ) ) ;
#3826 = CARTESIAN_POINT ( 'NONE',  ( -0.07579974066887999700, 0.1248669976501091700, -0.7391264498325420500 ) ) ;
#3827 = CARTESIAN_POINT ( 'NONE',  ( -0.04408968595130759900, 0.1089187486824476100, 0.7064222545203059400 ) ) ;
#3828 = CARTESIAN_POINT ( 'NONE',  ( -0.05379160239011130500, -0.1044814511963119300, -0.7054105836516441100 ) ) ;
#3829 = CARTESIAN_POINT ( 'NONE',  ( 0.1171124258380140900, 0.009727275146196943900, -0.6937491215911384400 ) ) ;
#3830 = CARTESIAN_POINT ( 'NONE',  ( 0.1089234717647298400, 0.04407015431917037800, 0.6957570895022997500 ) ) ;
#3831 = DIRECTION ( 'NONE',  ( 0.0000000000000000000, 0.0000000000000000000, 1.000000000000000000 ) ) ;
#3832 = MECHANICAL_DESIGN_GEOMETRIC_PRESENTATION_REPRESENTATION (  '', ( #3004 ), #4052 ) ;
#3833 = CYLINDRICAL_SURFACE ( 'NONE', #534, 0.09999999999999989500 ) ;
#3834 = CARTESIAN_POINT ( 'NONE',  ( 0.1088773504145818900, -0.04419070304412686000, -0.6957680431459509800 ) ) ;
#3835 = CARTESIAN_POINT ( 'NONE',  ( 0.1167562702525981900, -0.01534760555031844200, 0.6938422004124094000 ) ) ;
#3836 = VERTEX_POINT ( 'NONE', #1602 ) ;
#3837 = CARTESIAN_POINT ( 'NONE',  ( 0.1440680124218675400, -0.04408765320044797500, -0.7288991327496880900 ) ) ;
#3838 =( LENGTH_UNIT ( ) NAMED_UNIT ( * ) SI_UNIT ( $, .METRE. ) );
#3839 = SURFACE_STYLE_FILL_AREA ( #3020 ) ;
#3840 = CARTESIAN_POINT ( 'NONE',  ( 0.03447292805043559300, 0.1404833757160696100, 0.7422037564144934300 ) ) ;
#3841 = EDGE_LOOP ( 'NONE', ( #862, #3255 ) ) ;
#3842 = CARTESIAN_POINT ( 'NONE',  ( 0.07139541989584725900, 0.09334165983362960300, 0.7030515184795262900 ) ) ;
#3843 = CARTESIAN_POINT ( 'NONE',  ( -0.007668682144210632600, 0.1172654066882367200, 0.7084336563338803300 ) ) ;
#3844 = CARTESIAN_POINT ( 'NONE',  ( -0.01336007691939850200, -0.1167541605258892400, -0.7083063373369089500 ) ) ;
#3845 = CARTESIAN_POINT ( 'NONE',  ( 0.1026600949737813500, 0.05719100304442717400, -0.6971919902230789800 ) ) ;
#3846 = SURFACE_STYLE_USAGE ( .BOTH. , #1663 ) ;
#3847 = CARTESIAN_POINT ( 'NONE',  ( -2.049129849103300500E-015, -0.1442586109681523200, 0.7429999999997271000 ) ) ;
#3848 = FILL_AREA_STYLE_COLOUR ( '', #2057 ) ;
#3849 = VERTEX_POINT ( 'NONE', #3809 ) ;
#3850 = CARTESIAN_POINT ( 'NONE',  ( -0.1512847657622835600, 0.0001569368183616288900, 0.7274351652540939100 ) ) ;
#3851 = CARTESIAN_POINT ( 'NONE',  ( 0.09827191141939728400, -0.06441375375752486600, -0.6981436675736743000 ) ) ;
#3852 = DIRECTION ( 'NONE',  ( 0.0000000000000000000, 0.0000000000000000000, -1.000000000000000000 ) ) ;
#3853 = CARTESIAN_POINT ( 'NONE',  ( 0.1118453870818586600, 0.03606399918249557400, -0.6950582838990250200 ) ) ;
#3854 = CARTESIAN_POINT ( 'NONE',  ( 0.1509709203431657500, 0.009586003884183038500, -0.7275003762090303000 ) ) ;
#3855 = B_SPLINE_CURVE_WITH_KNOTS ( 'NONE', 3,
 ( #1773, #3318, #539, #2701, #840, #3023, #1150, #3329, #1465, #3654, #1788, #3969, #2085, #1499, #3691, #1821, #4007, #2123, #269, #2434, #582, #2749, #887, #3068, #1194, #3379, #1509, #3708, #1832, #4022, #2138, #284, #2448, #595, #2766, #902, #3080, #1209, #3395, #1525, #3718, #1846, #4038, #2151, #296, #2461, #606, #2778, #916, #3091, #1224, #3408, #1540, #3731, #1858, #4053, #2167, #311, #2476, #622, #2792, #929, #3106, #1238, #3421, #1554, #3746, #1872, #5, #2182, #323, #2488, #632, #2803, #941, #3115, #1251, #3430, #1564, #3756, #1880, #16, #2192, #335, #2501, #643, #2817, #951, #3127, #1260, #3443, #1574, #3764, #1891, #28, #2201, #344, #2510, #653, #2827, #962, #3136, #1273, #3454, #1586, #3773, #1902, #44, #2212, #353, #2523, #664, #2838, #972, #3148, #1288, #3466, #1598, #3789, #1913, #55, #2226, #369, #2538, #679, #2859, #989, #3165, #1304, #3484, #1618, #3805, #1933, #74, #2243, #389, #2555, #694, #2874, #1007, #3182, #1319, #3502, #1635, #3822, #1948, #90, #2260, #404, #2573, #709, #2889, #1021, #3196, #1333, #3519, #1653, #3835, #1963, #107 ),
 .UNSPECIFIED., .F., .F.,
 ( 4, 2, 1, 2, 2, 2, 1, 2, 2, 2, 2, 2, 2, 1, 2, 2, 2, 1, 1, 2, 2, 2, 2, 2, 2, 2, 1, 2, 2, 2, 1, 2, 2, 2, 2, 2, 2, 2, 2, 2, 1, 2, 2, 2, 2, 1, 2, 2, 2, 1, 2, 2, 1, 1, 2, 2, 2, 1, 2, 2, 2, 1, 1, 2, 2, 2, 2, 2, 2, 2, 1, 1, 2, 2, 2, 1, 2, 2, 2, 1, 2, 2, 2, 2, 2, 2, 1, 2, 2, 4 ),
 ( 0.5001745574662135300, 0.5157941025453929300, 0.5236038750849825200, 0.5275087613547774200, 0.5314136476245723300, 0.5470331927037518400, 0.5548429652433415300, 0.5587478515131364400, 0.5626527377829313400, 0.5704625103225210400, 0.5743673965923159500, 0.5782722828621108500, 0.5860820554017006600, 0.5899869416714955700, 0.5919393848063929700, 0.5938918279412903600, 0.6017016004808805100, 0.6056064867506754100, 0.6075589298855729200, 0.6085351514530217300, 0.6095113730204705400, 0.6173211455600606800, 0.6212260318298558100, 0.6251309180996509300, 0.6329406906392409700, 0.6368455769090359800, 0.6387980200439336000, 0.6397742416113823000, 0.6407504631788311100, 0.6485602357184212500, 0.6524651219882162700, 0.6544175651231138900, 0.6563700082580112800, 0.6641797807976013200, 0.6680846670673963300, 0.6719895533371913500, 0.6797993258767813800, 0.6837042121465765100, 0.6876090984163716300, 0.7032286434955520300, 0.7110384160351421700, 0.7149433023049371900, 0.7188481885747323200, 0.7500872787330931100, 0.7657068238122735100, 0.7735165963518637600, 0.7774214826216587800, 0.7813263688914537900, 0.7969459139706340800, 0.8047556865102241100, 0.8086605727800192400, 0.8125654590498142500, 0.8203752315894044000, 0.8242801178591994100, 0.8262325609940970300, 0.8281850041289946500, 0.8359947766685851300, 0.8398996629383803600, 0.8418521060732779800, 0.8438045492081756000, 0.8516143217477658600, 0.8555192080175610900, 0.8574716511524586000, 0.8584478727199074100, 0.8594240942873562200, 0.8672338668269470300, 0.8711387530967422700, 0.8750436393665376200, 0.8828534119061284300, 0.8867582981759236600, 0.8887107413108212800, 0.8896869628782700900, 0.8901750736619945500, 0.8906631844457190100, 0.8984729569853104900, 0.9023778432551061700, 0.9043302863900040100, 0.9062827295249018500, 0.9140925020644932200, 0.9179973883342889000, 0.9199498314691867400, 0.9219022746040845800, 0.9297120471436761700, 0.9336169334134718500, 0.9375218196832675300, 0.9531413647624507000, 0.9609511373020421800, 0.9648560235718379700, 0.9687609098416337700, 1.000000000000000000 ),
 .UNSPECIFIED. ) ;
#3856 =( LENGTH_UNIT ( ) NAMED_UNIT ( * ) SI_UNIT ( $, .METRE. ) );
#3857 = CARTESIAN_POINT ( 'NONE',  ( 0.08620573392921163100, 0.1185704376626748200, 0.7379849992179690100 ) ) ;
#3858 = DIMENSIONAL_EXPONENTS ( 1.000000000000000000, 0.0000000000000000000, 0.0000000000000000000, 0.0000000000000000000, 0.0000000000000000000, 0.0000000000000000000, 0.0000000000000000000 ) ;
#3859 = CARTESIAN_POINT ( 'NONE',  ( 0.02665367232946965300, 0.1144408312457027300, 0.7077368288023731000 ) ) ;
#3860 = CARTESIAN_POINT ( 'NONE',  ( 0.03607889842603886900, 0.1118406355475793400, 0.7071099034111056900 ) ) ;
#3861 = CARTESIAN_POINT ( 'NONE',  ( 0.03060725387071251000, -0.1134600103417505600, -0.7074987622679530500 ) ) ;
#3862 = CARTESIAN_POINT ( 'NONE',  ( 0.08830590545568270400, 0.07760859176410983600, -0.7001545926804076900 ) ) ;
#3863 =( CONVERSION_BASED_UNIT ( 'INCH', #2938 ) LENGTH_UNIT ( ) NAMED_UNIT ( #1578 ) );
#3864 = CARTESIAN_POINT ( 'NONE',  ( -0.02651408393145256900, 0.1145288668195305800, 0.7077580178394817800 ) ) ;
#3865 = DIRECTION ( 'NONE',  ( 1.000000000000000000, 0.0000000000000000000, 0.0000000000000000000 ) ) ;
#3866 = STYLED_ITEM ( 'NONE', ( #2352 ), #2927 ) ;
#3867 = CARTESIAN_POINT ( 'NONE',  ( 0.08715758934067523200, -0.07880817255057071000, -0.7003658686443563500 ) ) ;
#3868 = CARTESIAN_POINT ( 'NONE',  ( -0.06376710794422683900, -0.09871011312292205000, 0.7041562262004461600 ) ) ;
#3869 = PRESENTATION_STYLE_ASSIGNMENT (( #3546 ) ) ;
#3870 = CARTESIAN_POINT ( 'NONE',  ( 0.1174540631319887500, -0.003812855879549621000, -0.6936620281989390700 ) ) ;
#3871 = CARTESIAN_POINT ( 'NONE',  ( 0.1377283452682961700, 0.05973318792019285900, -0.7301240029520649200 ) ) ;
#3872 = DIRECTION ( 'NONE',  ( -0.0000000000000000000, 1.000000000000000000, -0.0000000000000000000 ) ) ;
#3873 = CARTESIAN_POINT ( 'NONE',  ( 0.1285123795360014800, 0.07615209669334280200, 0.7318027310012243900 ) ) ;
#3874 = ADVANCED_FACE ( 'NONE', ( #420 ), #3228, .F. ) ;
#3875 = CARTESIAN_POINT ( 'NONE',  ( 0.07170405824076776800, -0.09316312831217107800, -0.7030111830248806400 ) ) ;
#3876 = CARTESIAN_POINT ( 'NONE',  ( 0.05199114867147700700, 0.1054412538967151700, -0.7056232885440888400 ) ) ;
#3877 = CARTESIAN_POINT ( 'NONE',  ( 0.007611263416083021400, 0.1173161939393561100, -0.7084456964213917700 ) ) ;
#3878 = CARTESIAN_POINT ( 'NONE',  ( 0.1509786388708180800, -0.009477316015769558800, 0.7274987741270064800 ) ) ;
#3879 = PRESENTATION_LAYER_ASSIGNMENT (  '', '', ( #3672 ) ) ;
#3880 = CARTESIAN_POINT ( 'NONE',  ( -0.05697403522197180800, 0.1027785989885888900, 0.7050335143825313700 ) ) ;
#3881 = MECHANICAL_DESIGN_GEOMETRIC_PRESENTATION_REPRESENTATION (  '', ( #3444 ), #29 ) ;
#3882 = CARTESIAN_POINT ( 'NONE',  ( 0.1156145260523049200, 0.02098742318786038900, 0.6941277658244846500 ) ) ;
#3883 = CARTESIAN_POINT ( 'NONE',  ( 0.07473023893992394900, -0.09067336330984747400, -0.7025264782603051200 ) ) ;
#3884 = CARTESIAN_POINT ( 'NONE',  ( -0.08960253630342816800, -0.07601688830449332400, 0.6999000872044109900 ) ) ;
#3885 = CARTESIAN_POINT ( 'NONE',  ( 0.1136965627884033300, 0.09528261838406477900, -0.7342562457548214000 ) ) ;
#3886 = DIRECTION ( 'NONE',  ( 0.0000000000000000000, 0.0000000000000000000, 1.000000000000000000 ) ) ;
#3887 = EDGE_CURVE ( 'NONE', #2910, #3694, #2975, .T. ) ;
#3888 = CARTESIAN_POINT ( 'NONE',  ( 0.1500154315570428300, 0.01879719924526565600, 0.7276980878586856200 ) ) ;
#3889 = CARTESIAN_POINT ( 'NONE',  ( -0.1154024579879229700, 0.02212148632919664500, -0.6941809165915603400 ) ) ;
#3890 = FACE_OUTER_BOUND ( 'NONE', #3194, .T. ) ;
#3891 = CARTESIAN_POINT ( 'NONE',  ( 0.1112894983531603800, -0.03774474233563444900, -0.6951928893825817200 ) ) ;
#3892 = CARTESIAN_POINT ( 'NONE',  ( 0.02668738210158632500, 0.1144456704854285200, -0.7077380174252371200 ) ) ;
#3893 = CARTESIAN_POINT ( 'NONE',  ( 0.04671568109244186200, 0.1078298615562102300, -0.7061700471741787500 ) ) ;
#3894 = CARTESIAN_POINT ( 'NONE',  ( 0.1377516076200686100, -0.05968529651845388300, 0.7301196286640734300 ) ) ;
#3895 = PRODUCT ( '0704-E0W', '0704-E0W', '', ( #3609 ) ) ;
#3896 = CARTESIAN_POINT ( 'NONE',  ( -0.07406917090422755800, 0.09121417248511469500, 0.7026319927883880600 ) ) ;
#3897 = CARTESIAN_POINT ( 'NONE',  ( -0.09226332640006282300, 0.1147145538650955300, 0.7372958071507678100 ) ) ;
#3898 = CARTESIAN_POINT ( 'NONE',  ( -0.1493432511725848200, -0.02352742563211245000, -0.7278369222650277200 ) ) ;
#3899 = ORIENTED_EDGE ( 'NONE', *, *, #509, .F. ) ;
#3900 = ADVANCED_FACE ( 'NONE', ( #17 ), #3683, .F. ) ;
#3901 = CARTESIAN_POINT ( 'NONE',  ( 0.05636689386847001200, -0.1031019546628956900, -0.7051051819753237900 ) ) ;
#3902 = CARTESIAN_POINT ( 'NONE',  ( -0.1118737505612232400, -0.03597543667167105200, 0.6950513972360278200 ) ) ;
#3903 = ORIENTED_EDGE ( 'NONE', *, *, #2410, .F. ) ;
#3904 = CARTESIAN_POINT ( 'NONE',  ( 0.06248857487657355500, 0.1314613016576179900, -0.7403816653460209000 ) ) ;
#3905 = APPLICATION_CONTEXT ( 'automotive_design' ) ;
#3906 = CARTESIAN_POINT ( 'NONE',  ( 0.1155963280856524400, -0.02115238828546407000, 0.6941324143471986300 ) ) ;
#3907 = CARTESIAN_POINT ( 'NONE',  ( -0.1040622870208875000, 0.05456681918533107900, -0.6968777287120850900 ) ) ;
#3908 = CARTESIAN_POINT ( 'NONE',  ( 0.04855124209138225700, 0.1070042474374050100, 0.7059810196167168900 ) ) ;
#3909 = EDGE_LOOP ( 'NONE', ( #574, #1252, #2663, #1196 ) ) ;
#3910 = CARTESIAN_POINT ( 'NONE',  ( 0.06823031287094712100, 0.09567954883013998800, -0.7035250886453966500 ) ) ;
#3911 = CARTESIAN_POINT ( 'NONE',  ( 0.1034109302705767500, -0.1054001228471635200, 0.7357769168126948600 ) ) ;
#3912 = CARTESIAN_POINT ( 'NONE',  ( -0.08892019594823873100, 0.07681177279663477200, 0.7000314838699698300 ) ) ;
#3913 = CARTESIAN_POINT ( 'NONE',  ( 2.757162494911745700E-005, -0.1442586107458408200, -0.7429999999999999900 ) ) ;
#3914 = CARTESIAN_POINT ( 'NONE',  ( -0.1243476518504555600, -0.08219898648852921900, -0.7325220872195189500 ) ) ;
#3915 = CARTESIAN_POINT ( 'NONE',  ( 0.02400009466444610900, -0.1150269226485414000, -0.7078802330613916900 ) ) ;
#3916 = CARTESIAN_POINT ( 'NONE',  ( -0.1509915473066498500, -0.009284920503744950600, 0.7274960943948152200 ) ) ;
#3917 = CARTESIAN_POINT ( 'NONE',  ( -0.1167337687631955600, 0.01353390409079445100, 0.6938453092871684800 ) ) ;
#3918 = MECHANICAL_DESIGN_GEOMETRIC_PRESENTATION_REPRESENTATION (  '', ( #3276 ), #59 ) ;
#3919 = CARTESIAN_POINT ( 'NONE',  ( 0.0000000000000000000, 0.1442586111360670800, -0.7429999999999999900 ) ) ;
#3920 = APPLICATION_PROTOCOL_DEFINITION ( 'draft international standard', 'automotive_design', 1998, #1736 ) ;
#3921 = CARTESIAN_POINT ( 'NONE',  ( -0.09199166707085168500, 0.07310440491372319200, -0.6994325569142345600 ) ) ;
#3922 = ADVANCED_FACE ( 'NONE', ( #2950 ), #1738, .T. ) ;
#3923 = CARTESIAN_POINT ( 'NONE',  ( 0.08493019832109566200, 0.08124079432800480900, -0.7007810519805217600 ) ) ;
#3924 = CARTESIAN_POINT ( 'NONE',  ( 0.02471303206283034100, -0.1423408894607092500, 0.7425930301876076900 ) ) ;
#3925 = CARTESIAN_POINT ( 'NONE',  ( 0.1099241463464941900, 0.04155310930459410500, -0.6955202501041652900 ) ) ;
#3926 = CARTESIAN_POINT ( 'NONE',  ( -0.09735522232471857700, 0.06578949141279733000, 0.6983371590925310200 ) ) ;
#3927 = EDGE_CURVE ( 'NONE', #3998, #1840, #2539, .T. ) ;
#3928 = DIRECTION ( 'NONE',  ( 0.0000000000000000000, -0.5000000000000127700, 0.8660254037844311600 ) ) ;
#3929 = PRODUCT_RELATED_PRODUCT_CATEGORY ( 'part', '', ( #3895 ) ) ;
#3930 = CARTESIAN_POINT ( 'NONE',  ( -0.1034656499441666000, -0.1052723622049277600, -0.7357630665724275200 ) ) ;
#3931 = CARTESIAN_POINT ( 'NONE',  ( -0.1432483694789399300, 0.04663145048405317700, 0.7290617760164699300 ) ) ;
#3932 = CARTESIAN_POINT ( 'NONE',  ( -0.1016954815342346600, 0.05889000832639934600, 0.6974052483229131700 ) ) ;
#3933 = CARTESIAN_POINT ( 'NONE',  ( -0.03784475755710821300, 0.1112551933007489600, -0.7069705768762454300 ) ) ;
#3934 = CARTESIAN_POINT ( 'NONE',  ( -0.07756813824708984300, 0.08826302527742743700, -0.7020627827391982000 ) ) ;
#3935 = CARTESIAN_POINT ( 'NONE',  ( 0.09669449356821061000, 0.06675791691571689200, -0.6984756132895478800 ) ) ;
#3936 = CARTESIAN_POINT ( 'NONE',  ( -0.03205397828398744800, -0.1410035052918827400, 0.7423123037816847800 ) ) ;
#3937 = LENGTH_MEASURE_WITH_UNIT ( LENGTH_MEASURE( 0.02539999999999999900 ), #1514 );
#3938 = CARTESIAN_POINT ( 'NONE',  ( -0.1100362700992787400, 0.04140603511785440100, 0.6954957168512496700 ) ) ;
#3939 = DIRECTION ( 'NONE',  ( 0.0000000000000000000, 0.0000000000000000000, 1.000000000000000000 ) ) ;
#3940 = CARTESIAN_POINT ( 'NONE',  ( -0.06258460225938100600, -0.1313569773165656200, -0.7403628854416310900 ) ) ;
#3941 = STYLED_ITEM ( 'NONE', ( #2319 ), #758 ) ;
#3942 =( LENGTH_UNIT ( ) NAMED_UNIT ( * ) SI_UNIT ( $, .METRE. ) );
#3943 = CARTESIAN_POINT ( 'NONE',  ( -0.1104012704790238600, 0.09874237005624229800, 0.7347604891782688600 ) ) ;
#3944 = CARTESIAN_POINT ( 'NONE',  ( -0.07298281832571577900, 0.09210587258119172500, 0.7028057542047652100 ) ) ;
#3945 = VECTOR ( 'NONE', #1568, 39.37007874015748900 ) ;
#3946 = CARTESIAN_POINT ( 'NONE',  ( -0.07157420845820300400, 0.09320428632273551600, -0.7030242091560173800 ) ) ;
#3947 = EDGE_CURVE ( 'NONE', #1000, #665, #978, .T. ) ;
#3948 = ORIENTED_EDGE ( 'NONE', *, *, #3927, .T. ) ;
#3949 = CARTESIAN_POINT ( 'NONE',  ( -0.06606511414569936300, 0.09716915821725026500, -0.7038341962212106800 ) ) ;
#3950 = CARTESIAN_POINT ( 'NONE',  ( 0.1070307342439685800, 0.04849280610003041400, -0.6961998718201855000 ) ) ;
#3951 = CARTESIAN_POINT ( 'NONE',  ( -0.08210210806183887400, -0.1211896495676318500, 0.7384527823997552000 ) ) ;
#3952 = ORIENTED_EDGE ( 'NONE', *, *, #1501, .T. ) ;
#3953 = STYLED_ITEM ( 'NONE', ( #3763 ), #2354 ) ;
#3954 =( GEOMETRIC_REPRESENTATION_CONTEXT ( 3 ) GLOBAL_UNCERTAINTY_ASSIGNED_CONTEXT ( ( #834 ) ) GLOBAL_UNIT_ASSIGNED_CONTEXT ( ( #1213, #3400, #1531 ) ) REPRESENTATION_CONTEXT ( 'NONE', 'WORKASPACE' ) );
#3955 = CARTESIAN_POINT ( 'NONE',  ( -0.1167450223043018200, 0.01541740487929545200, 0.6938450550188728400 ) ) ;
#3956 = CARTESIAN_POINT ( 'NONE',  ( 0.1502950857593813000, 0.01899214701201103200, -0.7276429846426805100 ) ) ;
#3957 = CARTESIAN_POINT ( 'NONE',  ( -0.009743675396762728800, -0.1439785636664088800, -0.7429402477802855600 ) ) ;
#3958 = CARTESIAN_POINT ( 'NONE',  ( 0.0000000000000000000, -1.589999999999999600, 0.0000000000000000000 ) ) ;
#3959 = EDGE_LOOP ( 'NONE', ( #2966, #864, #3622 ) ) ;
#3960 = CARTESIAN_POINT ( 'NONE',  ( -0.05676682347835094300, 0.1337231269072534400, 0.7408291796473086600 ) ) ;
#3961 = CARTESIAN_POINT ( 'NONE',  ( -0.03590367795843642900, 0.1118967475674062000, 0.7071232927597765900 ) ) ;
#3962 = CARTESIAN_POINT ( 'NONE',  ( -0.09975856065218184600, 0.06211416662024853800, -0.6978267771017094800 ) ) ;
#3963 = CARTESIAN_POINT ( 'NONE',  ( -0.04675787359201663600, 0.1078000361990275600, -0.7061635216380959300 ) ) ;
#3964 = CARTESIAN_POINT ( 'NONE',  ( 0.0000000000000000000, 1.589999999999999600, 0.09999999999999989500 ) ) ;
#3965 = CARTESIAN_POINT ( 'NONE',  ( -0.1153660147898377100, -0.09332843174205708600, 0.7339893443629135200 ) ) ;
#3966 =( NAMED_UNIT ( * ) SI_UNIT ( $, .STERADIAN. ) SOLID_ANGLE_UNIT ( ) );
#3967 = CARTESIAN_POINT ( 'NONE',  ( 0.0001290674313405930100, -0.1174999291131622900, -0.7084922359977724500 ) ) ;
#3968 = CARTESIAN_POINT ( 'NONE',  ( 0.04890425459481801500, -0.1365948269272023500, -0.7414039498419643400 ) ) ;
#3969 = CARTESIAN_POINT ( 'NONE',  ( -0.1109955266681769700, -0.03864049826006267500, 0.6952646522797537600 ) ) ;
#3970 = CARTESIAN_POINT ( 'NONE',  ( -0.009873663560837917300, 0.1439705932183121300, 0.7429385485778085000 ) ) ;
#3971 = CARTESIAN_POINT ( 'NONE',  ( 0.007810078103444482000, 0.1172559909006288000, 0.7084313067755770900 ) ) ;
#3972 = CARTESIAN_POINT ( 'NONE',  ( -0.1156040053664955200, 0.02111115592144885400, -0.6941304883979290100 ) ) ;
#3973 = UNCERTAINTY_MEASURE_WITH_UNIT (LENGTH_MEASURE( 1.000000000000000100E-005 ), #2412, 'distance_accuracy_value', 'NONE');
#3974 = LINE ( 'NONE', #749, #741 ) ;
#3975 = DIRECTION ( 'NONE',  ( -0.0000000000000000000, -1.000000000000000000, -0.0000000000000000000 ) ) ;
#3976 = DIRECTION ( 'NONE',  ( 0.0000000000000000000, -1.000000000000000000, 0.0000000000000000000 ) ) ;
#3977 = CARTESIAN_POINT ( 'NONE',  ( -0.1440408865005142200, -0.04416822578102413300, 0.7289044946308219600 ) ) ;
#3978 = CARTESIAN_POINT ( 'NONE',  ( 0.1018731956132897100, 0.05858158217142279300, 0.6973662159006357400 ) ) ;
#3979 = DIRECTION ( 'NONE',  ( -0.0000000000000000000, 1.000000000000000000, -0.0000000000000000000 ) ) ;
#3980 = CARTESIAN_POINT ( 'NONE',  ( 0.1035568004421518800, -0.1052691899551506400, -0.7357563208149281400 ) ) ;
#3981 = CARTESIAN_POINT ( 'NONE',  ( 0.04645268874222501600, 0.1373104234269766100, 0.7415503210898449800 ) ) ;
#3982 = CARTESIAN_POINT ( 'NONE',  ( 0.05213463178892157500, 0.1053701075510351100, 0.7056072658790857300 ) ) ;
#3983 = LENGTH_MEASURE_WITH_UNIT ( LENGTH_MEASURE( 0.02539999999999999900 ), #3838 );
#3984 = CARTESIAN_POINT ( 'NONE',  ( -0.1099994484141796100, -0.04148540899307617100, -0.6955042456980822200 ) ) ;
#3985 = CONICAL_SURFACE ( 'NONE', #3392, 0.1249999999999998300, 0.7853981633974525000 ) ;
#3986 = SURFACE_SIDE_STYLE ('',( #1721 ) ) ;
#3987 = LINE ( 'NONE', #3360, #2500 ) ;
#3988 = DIRECTION ( 'NONE',  ( 0.0000000000000000000, 0.0000000000000000000, -1.000000000000000000 ) ) ;
#3989 =( CONVERSION_BASED_UNIT ( 'INCH', #991 ) LENGTH_UNIT ( ) NAMED_UNIT ( #1061 ) );
#3990 = B_SPLINE_CURVE_WITH_KNOTS ( 'NONE', 1,
 ( #3551, #1680 ),
 .UNSPECIFIED., .F., .F.,
 ( 2, 2 ),
 ( 0.0000000000000000000, 1.000000000000000000 ),
 .UNSPECIFIED. ) ;
#3991 = DIRECTION ( 'NONE',  ( 0.0000000000000000000, 0.0000000000000000000, -1.000000000000000000 ) ) ;
#3992 = CARTESIAN_POINT ( 'NONE',  ( 0.1455069303003525300, -0.03955820882412063000, -0.7286132522911471500 ) ) ;
#3993 = CARTESIAN_POINT ( 'NONE',  ( 0.09419373331847001600, 0.1129101873551740000, 0.7370076616053375900 ) ) ;
#3994 = CARTESIAN_POINT ( 'NONE',  ( 0.09204679657158136600, 0.07305682856160758400, 0.6994230098959233200 ) ) ;
#3995 = VERTEX_POINT ( 'NONE', #3558 ) ;
#3996 = CARTESIAN_POINT ( 'NONE',  ( -0.08959461943278687600, -0.07604406134413320400, -0.6999027972874484200 ) ) ;
#3997 = DIRECTION ( 'NONE',  ( -0.0000000000000000000, 1.000000000000000000, -0.0000000000000000000 ) ) ;
#3998 = VERTEX_POINT ( 'NONE', #3227 ) ;
#3999 = DIRECTION ( 'NONE',  ( 0.0000000000000000000, 0.0000000000000000000, 1.000000000000000000 ) ) ;
#4000 = EDGE_LOOP ( 'NONE', ( #1108, #3019, #1060, #3899 ) ) ;
#4001 = CARTESIAN_POINT ( 'NONE',  ( 0.0000000000000000000, -1.489999999999999800, -0.09999999999999989500 ) ) ;
#4002 = CARTESIAN_POINT ( 'NONE',  ( 0.1509709203431657500, 0.009586003884183038500, -0.7275003762090303000 ) ) ;
#4003 = CARTESIAN_POINT ( 'NONE',  ( 0.08840452433765272300, 0.07749543475234271800, 0.7001357537272857600 ) ) ;
#4004 = CARTESIAN_POINT ( 'NONE',  ( 0.1357582372235319500, 0.06383218865125617200, 0.7304959164762807600 ) ) ;
#4005 = CARTESIAN_POINT ( 'NONE',  ( 0.1135045439131267100, 0.03044246356401252400, 0.6946526421441556700 ) ) ;
#4006 = CARTESIAN_POINT ( 'NONE',  ( -0.05885155180902261500, -0.1017712634132602000, -0.7048105778417246300 ) ) ;
#4007 = CARTESIAN_POINT ( 'NONE',  ( -0.1070065999282895800, -0.04857513377356884700, 0.6962060764543355200 ) ) ;
#4008 = CARTESIAN_POINT ( 'NONE',  ( 0.1509786388708180800, -0.009477316015769558800, 0.7274987741270064800 ) ) ;
#4009 = STYLED_ITEM ( 'NONE', ( #2639 ), #70 ) ;
#4010 = PRESENTATION_LAYER_ASSIGNMENT (  '', '', ( #3602 ) ) ;
#4011 = DIRECTION ( 'NONE',  ( 0.0000000000000000000, 0.0000000000000000000, 1.000000000000000000 ) ) ;
#4012 = COLOUR_RGB ( '',0.9019607843137255100, 0.9019607843137255100, 0.9019607843137255100 ) ;
#4013 = DIRECTION ( 'NONE',  ( 0.0000000000000000000, -1.000000000000000000, 0.0000000000000000000 ) ) ;
#4014 = CARTESIAN_POINT ( 'NONE',  ( 0.1099571468422314300, -0.04146536104822014200, 0.6955123811299454000 ) ) ;
#4015 = CARTESIAN_POINT ( 'NONE',  ( 0.1356140437123898900, 0.06398082746253407100, -0.7305196696752914700 ) ) ;
#4016 = CARTESIAN_POINT ( 'NONE',  ( 0.1129861972090445700, 0.03231297075497637000, 0.6947801083668336800 ) ) ;
#4017 = CARTESIAN_POINT ( 'NONE',  ( 0.1512847416547434800, 0.004725032903077255900, 0.7274351719857163900 ) ) ;
#4018 = COLOUR_RGB ( '',0.9019607843137255100, 0.9019607843137255100, 0.9019607843137255100 ) ;
#4019 = EDGE_CURVE ( 'NONE', #2128, #619, #889, .T. ) ;
#4020 = FACE_BOUND ( 'NONE', #2181, .T. ) ;
#4021 = CARTESIAN_POINT ( 'NONE',  ( -0.01529378907238516100, -0.1165165675774404000, -0.7082473165234917100 ) ) ;
#4022 = CARTESIAN_POINT ( 'NONE',  ( -0.09564372000478893500, -0.06828040303053864400, 0.6986951423150629100 ) ) ;
#4023 = CARTESIAN_POINT ( 'NONE',  ( 0.1377516076200686100, -0.05968529651845388300, 0.7301196286640734300 ) ) ;
#4024 = LENGTH_MEASURE_WITH_UNIT ( LENGTH_MEASURE( 0.02539999999999999900 ), #772 );
#4025 = B_SPLINE_CURVE_WITH_KNOTS ( 'NONE', 3,
 ( #982, #3157, #1298, #3476, #1610, #3798, #1924, #66, #2235, #382, #2549, #688, #2868, #999, #3177, #1313, #3496, #1630, #3815, #1942 ),
 .UNSPECIFIED., .F., .F.,
 ( 4, 2, 2, 2, 2, 2, 2, 2, 2, 4 ),
 ( 0.2499753372428227300, 0.3124815029321170700, 0.3437345857767643000, 0.3593611271990878600, 0.3749876686214114200, 0.3906142100437349800, 0.4062407514660585400, 0.4374938343107056500, 0.4687469171553528300, 0.5000000000000000000 ),
 .UNSPECIFIED. ) ;
#4026 = EDGE_CURVE ( 'NONE', #2618, #1458, #62, .T. ) ;
#4027 = CARTESIAN_POINT ( 'NONE',  ( -0.1081048206962071400, 0.04605007760403130600, 0.6959496334652738300 ) ) ;
#4028 = DIRECTION ( 'NONE',  ( 0.0000000000000000000, 0.0000000000000000000, 1.000000000000000000 ) ) ;
#4029 = CARTESIAN_POINT ( 'NONE',  ( 0.08833213999220239400, -0.07750755568915471100, 0.7001448760997360800 ) ) ;
#4030 = CARTESIAN_POINT ( 'NONE',  ( 0.1034217461057932000, 0.1053894413625920700, -0.7357753056678220100 ) ) ;
#4032 = CYLINDRICAL_SURFACE ( 'NONE', #91, 0.1249999999999998300 ) ;
#4031 = CARTESIAN_POINT ( 'NONE',  ( 3.245108779091937100E-013, 0.1442586132141649700, 0.7430000002683726500 ) ) ;
#4033 = CARTESIAN_POINT ( 'NONE',  ( 0.1118588943283518000, -0.03602102928794741900, 0.6950549983531165700 ) ) ;
#4034 = DIRECTION ( 'NONE',  ( -0.0000000000000000000, -1.000000000000000000, -0.0000000000000000000 ) ) ;
#4035 = MECHANICAL_DESIGN_GEOMETRIC_PRESENTATION_REPRESENTATION (  '', ( #3626 ), #203 ) ;
#4036 = CARTESIAN_POINT ( 'NONE',  ( 0.02685597634950073800, -0.1144061283727563600, -0.7077283795456095200 ) ) ;
#4037 = CIRCLE ( 'NONE', #2452, 0.4699999999999999200 ) ;
#4038 = CARTESIAN_POINT ( 'NONE',  ( -0.08123012922181736800, -0.08493543459421605500, 0.7014414473791467100 ) ) ;
#4039 = CARTESIAN_POINT ( 'NONE',  ( 0.1034109302705767500, -0.1054001228471635200, 0.7357769168126948600 ) ) ;
#4040 = CARTESIAN_POINT ( 'NONE',  ( -0.02655233261299594000, -0.1145202877944283400, -0.7077559029003582800 ) ) ;
#4041 = ORIENTED_EDGE ( 'NONE', *, *, #695, .T. ) ;
#4042 = CARTESIAN_POINT ( 'NONE',  ( -0.004963016914171634000, -0.1442578845126732700, 0.7429998436961889900 ) ) ;
#4043 = DIRECTION ( 'NONE',  ( 0.0000000000000000000, 0.0000000000000000000, 1.000000000000000000 ) ) ;
#4044 = LENGTH_MEASURE_WITH_UNIT ( LENGTH_MEASURE( 0.02539999999999999900 ), #3340 );
#4045 = CARTESIAN_POINT ( 'NONE',  ( 0.1202004828471694000, 0.08810861467152125700, -0.7332341353017892700 ) ) ;
#4046 = CARTESIAN_POINT ( 'NONE',  ( 0.03050735888499296600, -0.1135350887465728000, 0.7075158728358036400 ) ) ;
#4047 = CARTESIAN_POINT ( 'NONE',  ( 0.06248857487657355500, 0.1314613016576179900, -0.7403816653460209000 ) ) ;
#4048 = ORIENTED_EDGE ( 'NONE', *, *, #1207, .F. ) ;
#4049 = CARTESIAN_POINT ( 'NONE',  ( 0.09202719752878214800, -0.07308169071453490800, 0.6994269092395825100 ) ) ;
#4050 = CARTESIAN_POINT ( 'NONE',  ( 0.06863073978162873000, -0.09545067179709493300, -0.7034749661829792200 ) ) ;
#4051 = EDGE_LOOP ( 'NONE', ( #2765, #1750 ) ) ;
#4052 =( GEOMETRIC_REPRESENTATION_CONTEXT ( 3 ) GLOBAL_UNCERTAINTY_ASSIGNED_CONTEXT ( ( #2673 ) ) GLOBAL_UNIT_ASSIGNED_CONTEXT ( ( #3652, #1785, #3966 ) ) REPRESENTATION_CONTEXT ( 'NONE', 'WORKASPACE' ) );
#4053 = CARTESIAN_POINT ( 'NONE',  ( -0.06673753245172357700, -0.09670855984795223600, 0.7037385395113537900 ) ) ;
#4054 = CARTESIAN_POINT ( 'NONE',  ( 0.02471303206283034100, -0.1423408894607092500, 0.7425930301876076900 ) ) ;
#4055 = CARTESIAN_POINT ( 'NONE',  ( -0.05706802973342587500, -0.1027264359542908200, -0.7050220521269333600 ) ) ;
#4056 = CARTESIAN_POINT ( 'NONE',  ( -0.06250360182502903700, -0.1313920374849219500, 0.7403697293968764000 ) ) ;
#4057 =( LENGTH_UNIT ( ) NAMED_UNIT ( * ) SI_UNIT ( $, .METRE. ) );
#4058 = CARTESIAN_POINT ( 'NONE',  ( 0.1140432635966469200, -0.09525796659054437700, -0.7342296935697963900 ) ) ;
#4059 = CARTESIAN_POINT ( 'NONE',  ( -0.01534590658880146700, -0.1165095821453957800, 0.7082455845290505100 ) ) ;
ENDSEC;
END-ISO-10303-21;
