  0
SECTION
  2
HEADER
  9
$ACADVER
  1
AC1012
  9
$DWGCODEPAGE
  3
ansi_1252
  9
$INSBASE
 10
0.0
 20
0.0
 30
0.0
  9
$EXTMIN
 10
0.0
 20
0.0
 30
0.0
  9
$EXTMAX
 10
279.4
 20
215.9
 30
0.0
  9
$LIMMIN
 10
0.0
 20
0.0
  9
$LIMMAX
 10
279.4
 20
215.9
  9
$ORTHOMODE
 70
     0
  9
$REGENMODE
 70
     1
  9
$FILLMODE
 70
     1
  9
$QTEXTMODE
 70
     0
  9
$MIRRTEXT
 70
     1
  9
$DRAGMODE
 70
     2
  9
$LTSCALE
 40
1.0
  9
$OSMODE
 70
    37
  9
$ATTMODE
 70
     1
  9
$TEXTSIZE
 40
2.8222222222
  9
$TRACEWID
 40
1.0
  9
$TEXTSTYLE
  7
STANDARD
  9
$CLAYER
  8
0
  9
$CELTYPE
  6
BYLAYER
  9
$CECOLOR
 62
   256
  9
$CELTSCALE
 40
1.0
  9
$DELOBJ
 70
     1
  9
$DISPSILH
 70
     0
  9
$DIMSCALE
 40
1.0
  9
$DIMASZ
 40
3.175
  9
$DIMEXO
 40
1.27
  9
$DIMDLI
 40
3.75
  9
$DIMRND
 40
0.0
  9
$DIMDLE
 40
0.0
  9
$DIMEXE
 40
1.778
  9
$DIMTP
 40
0.0
  9
$DIMTM
 40
0.0
  9
$DIMTXT
 40
2.8222222222
  9
$DIMCEN
 40
2.5
  9
$DIMTSZ
 40
0.0
  9
$DIMTOL
 70
     0
  9
$DIMLIM
 70
     0
  9
$DIMTIH
 70
     1
  9
$DIMTOH
 70
     1
  9
$DIMSE1
 70
     0
  9
$DIMSE2
 70
     0
  9
$DIMTAD
 70
     0
  9
$DIMZIN
 70
     1
  9
$DIMBLK
  1

  9
$DIMASO
 70
     1
  9
$DIMSHO
 70
     1
  9
$DIMPOST
  1

  9
$DIMAPOST
  1

  9
$DIMALT
 70
     0
  9
$DIMALTD
 70
     3
  9
$DIMALTF
 40
0.0393700787
  9
$DIMLFAC
 40
0.5
  9
$DIMTOFL
 70
     1
  9
$DIMTVP
 40
0.0
  9
$DIMTIX
 70
     0
  9
$DIMSOXD
 70
     0
  9
$DIMSAH
 70
     0
  9
$DIMBLK1
  1

  9
$DIMBLK2
  1

  9
$DIMSTYLE
  2
ISO-25
  9
$DIMCLRD
 70
     0
  9
$DIMCLRE
 70
     0
  9
$DIMCLRT
 70
     0
  9
$DIMTFAC
 40
1.0
  9
$DIMGAP
 40
2.54
  9
$DIMJUST
 70
     0
  9
$DIMSD1
 70
     0
  9
$DIMSD2
 70
     0
  9
$DIMTOLJ
 70
     0
  9
$DIMTZIN
 70
     1
  9
$DIMALTZ
 70
     0
  9
$DIMALTTZ
 70
     0
  9
$DIMFIT
 70
     3
  9
$DIMUPT
 70
     0
  9
$DIMUNIT
 70
     2
  9
$DIMDEC
 70
     1
  9
$DIMTDEC
 70
     1
  9
$DIMALTU
 70
     2
  9
$DIMALTTD
 70
     3
  9
$DIMTXSTY
  7
STANDARD
  9
$DIMAUNIT
 70
     0
  9
$LUNITS
 70
     2
  9
$LUPREC
 70
     1
  9
$SKETCHINC
 40
1.0
  9
$FILLETRAD
 40
10.0
  9
$AUNITS
 70
     1
  9
$AUPREC
 70
     0
  9
$MENU
  1
.
  9
$ELEVATION
 40
0.0
  9
$PELEVATION
 40
0.0
  9
$THICKNESS
 40
0.0
  9
$LIMCHECK
 70
     0
  9
$CHAMFERA
 40
0.0
  9
$CHAMFERB
 40
0.0
  9
$CHAMFERC
 40
0.0
  9
$CHAMFERD
 40
0.0
  9
$SKPOLY
 70
     0
  9
$TDCREATE
 40
2459510.573385833
  9
$TDUPDATE
 40
2459510.573388507
  9
$TDINDWG
 40
0.0000000116
  9
$TDUSRTIMER
 40
0.0000000116
  9
$USRTIMER
 70
     1
  9
$ANGBASE
 50
0.0
  9
$ANGDIR
 70
     0
  9
$PDMODE
 70
     0
  9
$PDSIZE
 40
-1.0
  9
$PLINEWID
 40
0.0
  9
$COORDS
 70
     1
  9
$SPLFRAME
 70
     0
  9
$SPLINETYPE
 70
     6
  9
$SPLINESEGS
 70
     8
  9
$ATTDIA
 70
     0
  9
$ATTREQ
 70
     1
  9
$HANDLING
 70
     1
  9
$HANDSEED
  5
3A2
  9
$SURFTAB1
 70
     6
  9
$SURFTAB2
 70
     6
  9
$SURFTYPE
 70
     6
  9
$SURFU
 70
     6
  9
$SURFV
 70
     6
  9
$UCSNAME
  2

  9
$UCSORG
 10
0.0
 20
0.0
 30
0.0
  9
$UCSXDIR
 10
1.0
 20
0.0
 30
0.0
  9
$UCSYDIR
 10
0.0
 20
1.0
 30
0.0
  9
$PUCSNAME
  2

  9
$PUCSORG
 10
0.0
 20
0.0
 30
0.0
  9
$PUCSXDIR
 10
1.0
 20
0.0
 30
0.0
  9
$PUCSYDIR
 10
0.0
 20
1.0
 30
0.0
  9
$USERI1
 70
     0
  9
$USERI2
 70
     0
  9
$USERI3
 70
     0
  9
$USERI4
 70
     0
  9
$USERI5
 70
     0
  9
$USERR1
 40
0.0
  9
$USERR2
 40
0.0
  9
$USERR3
 40
0.0
  9
$USERR4
 40
0.0
  9
$USERR5
 40
0.0
  9
$WORLDVIEW
 70
     1
  9
$SHADEDGE
 70
     3
  9
$SHADEDIF
 70
    70
  9
$TILEMODE
 70
     1
  9
$MAXACTVP
 70
    64
  9
$PINSBASE
 10
0.0
 20
0.0
 30
0.0
  9
$PLIMCHECK
 70
     0
  9
$PEXTMIN
 10
1.0000000000E+20
 20
1.0000000000E+20
 30
1.0000000000E+20
  9
$PEXTMAX
 10
-1.0000000000E+20
 20
-1.0000000000E+20
 30
-1.0000000000E+20
  9
$PLIMMIN
 10
0.0
 20
0.0
  9
$PLIMMAX
 10
420.0
 20
297.0
  9
$UNITMODE
 70
     0
  9
$VISRETAIN
 70
     1
  9
$PLINEGEN
 70
     0
  9
$PSLTSCALE
 70
     1
  9
$TREEDEPTH
 70
  3020
  9
$PICKSTYLE
 70
     1
  9
$CMLSTYLE
  2
STANDARD
  9
$CMLJUST
 70
     0
  9
$CMLSCALE
 40
20.0
  9
$SAVEIMAGES
 70
     1
  0
ENDSEC
  0
SECTION
  2
CLASSES
  0
CLASS
  1
ACDBDICTIONARYWDFLT
  2
AcDbDictionaryWithDefault
  3
ObjectDBX Classes
 90
    32768
280
     0
281
     0
  0
CLASS
  1
VISUALSTYLE
  2
AcDbVisualStyle
  3
ObjectDBX Classes
 90
     4095
280
     0
281
     0
  0
CLASS
  1
MATERIAL
  2
AcDbMaterial
  3
ObjectDBX Classes
 90
     1153
280
     0
281
     0
  0
CLASS
  1
SCALE
  2
AcDbScale
  3
ObjectDBX Classes
 90
     1153
280
     0
281
     0
  0
CLASS
  1
TABLESTYLE
  2
AcDbTableStyle
  3
ObjectDBX Classes
 90
     4095
280
     0
281
     0
  0
CLASS
  1
MLEADERSTYLE
  2
AcDbMLeaderStyle
  3
ACDB_MLEADERSTYLE_CLASS
 90
     4095
280
     0
281
     0
  0
CLASS
  1
SUN
  2
AcDbSun
  3
SCENEOE
 90
     1153
280
     0
281
     0
  0
CLASS
  1
XRECORD
  2
AcDbXrecord
  3
ObjectDBX Classes
 90
    32768
280
     0
281
     0
  0
ENDSEC
  0
SECTION
  2
TABLES
  0
TABLE
  2
VPORT
  5
8
330
0
100
AcDbSymbolTable
 70
     1
  0
VPORT
  5
29
330
8
100
AcDbSymbolTableRecord
100
AcDbViewportTableRecord
  2
*ACTIVE
 70
     0
 10
0.0
 20
0.0
 11
1.0
 21
1.0
 12
139.7
 22
107.95
 13
0.0
 23
0.0
 14
10.0
 24
10.0
 15
10.0
 25
10.0
 16
0.0
 26
0.0
 36
1.0
 17
0.0
 27
0.0
 37
0.0
 40
215.9
 41
1.2941176471
 42
50.0
 43
0.0
 44
0.0
 50
0.0
 51
0.0
 71
     0
 72
  2000
 73
     1
 74
     3
 75
     0
 76
     0
 77
     0
 78
     0
  0
ENDTAB
  0
TABLE
  2
LTYPE
  5
5
330
0
100
AcDbSymbolTable
 70
     8
  0
LTYPE
  5
14
330
5
100
AcDbSymbolTableRecord
100
AcDbLinetypeTableRecord
  2
BYBLOCK
 70
     0
  3

 72
    65
 73
     0
 40
0.0
  0
LTYPE
  5
15
330
5
100
AcDbSymbolTableRecord
100
AcDbLinetypeTableRecord
  2
BYLAYER
 70
     0
  3

 72
    65
 73
     0
 40
0.0
  0
LTYPE
  5
16
330
5
100
AcDbSymbolTableRecord
100
AcDbLinetypeTableRecord
  2
CONTINUOUS
 70
     0
  3
Solid line
 72
    65
 73
     0
 40
0.0
  0
LTYPE
  5
6E
330
5
100
AcDbSymbolTableRecord
100
AcDbLinetypeTableRecord
  2
SLD-SOLID
 70
     0
  3
SolidWorks Line Style
 72
    65
 73
     0
 40
0.0
  0
LTYPE
  5
6F
330
5
100
AcDbSymbolTableRecord
100
AcDbLinetypeTableRecord
  2
SLD-DASHED
 70
     0
  3
SolidWorks Line Style
 72
    65
 73
     2
 40
1.905
 49
1.27
 74
     0
 49
-0.635
 74
     0
  0
LTYPE
  5
70
330
5
100
AcDbSymbolTableRecord
100
AcDbLinetypeTableRecord
  2
SLD-PHANTOM
 70
     0
  3
SolidWorks Line Style
 72
    65
 73
     6
 40
12.7
 49
6.35
 74
     0
 49
-1.27
 74
     0
 49
1.27
 74
     0
 49
-1.27
 74
     0
 49
1.27
 74
     0
 49
-1.27
 74
     0
  0
LTYPE
  5
71
330
5
100
AcDbSymbolTableRecord
100
AcDbLinetypeTableRecord
  2
SLD-CHAIN
 70
     0
  3
SolidWorks Line Style
 72
    65
 73
     4
 40
10.16
 49
6.35
 74
     0
 49
-1.27
 74
     0
 49
1.27
 74
     0
 49
-1.27
 74
     0
  0
LTYPE
  5
72
330
5
100
AcDbSymbolTableRecord
100
AcDbLinetypeTableRecord
  2
SLD-CENTER
 70
     0
  3
SolidWorks Line Style
 72
    65
 73
     4
 40
19.05
 49
15.24
 74
     0
 49
-1.27
 74
     0
 49
1.27
 74
     0
 49
-1.27
 74
     0
  0
LTYPE
  5
73
330
5
100
AcDbSymbolTableRecord
100
AcDbLinetypeTableRecord
  2
SLD-STITCH
 70
     0
  3
SolidWorks Line Style
 72
    65
 73
     2
 40
0.635
 49
0.0
 74
     0
 49
-0.635
 74
     0
  0
LTYPE
  5
74
330
5
100
AcDbSymbolTableRecord
100
AcDbLinetypeTableRecord
  2
SLD-THIN-THICK-CHAIN
 70
     0
  3
SolidWorks Line Style
 72
    65
 73
     4
 40
10.16
 49
6.35
 74
     0
 49
-1.27
 74
     0
 49
1.27
 74
     0
 49
-1.27
 74
     0
  0
ENDTAB
  0
TABLE
  2
LAYER
  5
2
330
0
100
AcDbSymbolTable
 70
     3
  0
LAYER
  5
10
330
2
100
AcDbSymbolTableRecord
100
AcDbLayerTableRecord
  2
0
 70
     0
 62
     7
  6
CONTINUOUS
  0
LAYER
  5
75
330
2
100
AcDbSymbolTableRecord
100
AcDbLayerTableRecord
  2
FORMAT
 70
     0
 62
     7
  6
SLD-SOLID
  0
LAYER
  5
76
330
2
100
AcDbSymbolTableRecord
100
AcDbLayerTableRecord
  2
ARROW
 70
     0
 62
     7
  6
SLD-SOLID
  0
ENDTAB
  0
TABLE
  2
STYLE
  5
3
330
0
100
AcDbSymbolTable
 70
     5
  0
STYLE
  5
11
330
3
100
AcDbSymbolTableRecord
100
AcDbTextStyleTableRecord
  2
STANDARD
 70
     0
 40
0.0
 41
1.0
 50
0.0
 71
     0
 42
2.8222222222
  3
txt
  4

  0
STYLE
  5
A0
330
3
100
AcDbSymbolTableRecord
100
AcDbTextStyleTableRecord
  2
SLDTEXTSTYLE0
 70
     0
 40
0.0
 41
0.75
 50
0.0
 71
     0
 42
2.8222222222
  3
TXT
  4

  0
STYLE
  5
A8
330
3
100
AcDbSymbolTableRecord
100
AcDbTextStyleTableRecord
  2
SLDTEXTSTYLE1
 70
     0
 40
0.0
 41
0.75
 50
0.0
 71
     0
 42
2.8222222222
  3
TXT
  4
bigfont
  0
STYLE
  5
C5
330
3
100
AcDbSymbolTableRecord
100
AcDbTextStyleTableRecord
  2
SLDTEXTSTYLE2
 70
     0
 40
0.0
 41
0.5525
 50
0.0
 71
     0
 42
2.8222222222
  3
TXT
  4

  0
STYLE
  5
E3
330
3
100
AcDbSymbolTableRecord
100
AcDbTextStyleTableRecord
  2
SLDTEXTSTYLE3
 70
     0
 40
0.0
 41
0.6964285714
 50
0.0
 71
     0
 42
2.8222222222
  3
TXT
  4

  0
ENDTAB
  0
TABLE
  2
VIEW
  5
6
330
0
100
AcDbSymbolTable
 70
     0
  0
ENDTAB
  0
TABLE
  2
UCS
  5
7
330
0
100
AcDbSymbolTable
 70
     0
  0
ENDTAB
  0
TABLE
  2
APPID
  5
9
330
0
100
AcDbSymbolTable
 70
     1
  0
APPID
  5
12
330
9
100
AcDbSymbolTableRecord
100
AcDbRegAppTableRecord
  2
ACAD
 70
     0
  0
ENDTAB
  0
TABLE
  2
DIMSTYLE
  5
A
330
0
100
AcDbSymbolTable
 70
     5
  0
DIMSTYLE
105
27
330
A
100
AcDbSymbolTableRecord
100
AcDbDimStyleTableRecord
  2
ISO-25
 70
     0
  3

  4

  5

  6

  7

 40
1.0
 41
2.5
 42
0.625
 43
3.75
 44
1.25
 45
0.0
 46
0.0
 47
0.0
 48
0.0
140
2.5
141
2.5
142
0.0
143
0.0393700787
144
1.0
145
0.0
146
1.0
147
0.625
 71
     0
 72
     0
 73
     0
 74
     0
 75
     0
 76
     0
 77
     1
 78
     8
170
     0
171
     3
172
     1
173
     0
174
     0
175
     0
176
     0
177
     0
178
     0
270
     2
271
     2
272
     2
273
     2
274
     3
340
11
275
     0
280
     0
281
     0
282
     0
283
     0
284
     8
285
     0
286
     0
287
     3
288
     0
  0
DIMSTYLE
105
ED
102
{ACAD_REACTORS
330
EC
102
}
330
A
100
AcDbSymbolTableRecord
100
AcDbDimStyleTableRecord
  2
SLDDIMSTYLE0
 70
     0
  3

  4

  5

  6

  7

 40
1.0
 41
3.175
 42
0.0625
 43
0.38
 44
0.0
 45
0.000000001
 46
0.0
 47
0.0
 48
0.0
140
2.1166666667
141
0.0
142
0.0
143
0.0393700787
144
1.0
145
0.0
146
1.0
147
0.5291666667
 71
     0
 72
     0
 73
     1
 74
     1
 75
     0
 76
     0
 77
     0
 78
    12
170
     1
171
     2
172
     0
173
     1
174
     0
175
     0
176
     0
177
     0
178
     0
270
     2
271
     1
272
     1
273
     2
274
     2
340
A0
275
     0
280
     0
281
     0
282
     0
283
     1
284
    12
285
     0
286
     0
287
     3
288
     0
  0
DIMSTYLE
105
164
102
{ACAD_REACTORS
330
163
102
}
330
A
100
AcDbSymbolTableRecord
100
AcDbDimStyleTableRecord
  2
SLDDIMSTYLE1
 70
     0
  3

  4

  5

  6

  7

 40
1.0
 41
3.175
 42
0.0625
 43
0.38
 44
0.0
 45
0.0
 46
0.0
 47
0.0
 48
0.0
140
2.1166666667
141
0.09
142
0.0
143
0.0393700787
144
1.0
145
0.0
146
1.0
147
0.5291666667
 71
     0
 72
     0
 73
     1
 74
     1
 75
     0
 76
     0
 77
     0
 78
    12
170
     1
171
     2
172
     0
173
     1
174
     0
175
     0
176
     0
177
     0
178
     0
270
     2
271
     4
272
     0
273
     2
274
     2
340
A0
275
     0
280
     0
281
     0
282
     0
283
     1
284
    12
285
     0
286
     0
287
     3
288
     0
  0
DIMSTYLE
105
172
102
{ACAD_REACTORS
330
171
102
}
330
A
100
AcDbSymbolTableRecord
100
AcDbDimStyleTableRecord
  2
SLDDIMSTYLE2
 70
     0
  3

  4

  5

  6

  7

 40
1.0
 41
3.175
 42
0.0625
 43
0.38
 44
0.0
 45
0.000000001
 46
0.0
 47
0.0
 48
0.0
140
2.1166666667
141
0.09
142
0.0
143
0.0393700787
144
1.0
145
0.0
146
1.0
147
0.5291666667
 71
     0
 72
     0
 73
     1
 74
     1
 75
     0
 76
     0
 77
     0
 78
     4
170
     1
171
     2
172
     1
173
     1
174
     0
175
     0
176
     0
177
     0
178
     0
270
     2
271
     1
272
     1
273
     2
274
     2
340
A0
275
     0
280
     0
281
     0
282
     0
283
     1
284
    12
285
     0
286
     0
288
     0
  0
DIMSTYLE
105
18A
330
A
100
AcDbSymbolTableRecord
100
AcDbDimStyleTableRecord
  2
SLDDIMSTYLE3
 70
     0
  3

  4

  5

  6

  7

 40
1.0
 41
3.175
 42
0.0625
 43
0.38
 44
0.0
 45
0.000000001
 46
0.0
 47
0.0
 48
0.0
140
0.18
141
0.09
142
0.0
143
25.4
144
1.0
145
0.0
146
3.175
147
0.0
 71
     0
 72
     0
 73
     1
 74
     1
 75
     0
 76
     0
 77
     0
 78
     0
170
     0
171
     2
172
     0
173
     1
174
     0
175
     0
176
     0
177
     0
178
     0
270
     2
271
     0
272
     0
273
     2
274
     2
340
11
275
     0
280
     0
281
     0
282
     0
283
     1
284
     0
285
     0
286
     0
287
     3
288
     0
  0
ENDTAB
  0
TABLE
  2
BLOCK_RECORD
  5
1
330
0
100
AcDbSymbolTable
 70
    11
  0
BLOCK_RECORD
  5
1F
330
1
100
AcDbSymbolTableRecord
100
AcDbBlockTableRecord
  2
*MODEL_SPACE
  0
BLOCK_RECORD
  5
1B
330
1
100
AcDbSymbolTableRecord
100
AcDbBlockTableRecord
  2
*PAPER_SPACE
  0
BLOCK_RECORD
  5
23
330
1
100
AcDbSymbolTableRecord
100
AcDbBlockTableRecord
  2
*PAPER_SPACE0
  0
BLOCK_RECORD
  5
77
330
1
100
AcDbSymbolTableRecord
100
AcDbBlockTableRecord
  2
THIRD_ANGLE_PROJECTION_BLO
  0
BLOCK_RECORD
  5
9D
330
1
100
AcDbSymbolTableRecord
100
AcDbBlockTableRecord
  2
SW_NOTE_0
  0
BLOCK_RECORD
  5
CB
330
1
100
AcDbSymbolTableRecord
100
AcDbBlockTableRecord
  2
SW_NOTE_1
  0
BLOCK_RECORD
  5
D1
330
1
100
AcDbSymbolTableRecord
100
AcDbBlockTableRecord
  2
SW_NOTE_2
  0
BLOCK_RECORD
  5
D8
330
1
100
AcDbSymbolTableRecord
100
AcDbBlockTableRecord
  2
SW_NOTE_3
  0
BLOCK_RECORD
  5
DF
330
1
100
AcDbSymbolTableRecord
100
AcDbBlockTableRecord
  2
SW_NOTE_4
  0
BLOCK_RECORD
  5
EE
330
1
100
AcDbSymbolTableRecord
100
AcDbBlockTableRecord
  2
_D
  0
BLOCK_RECORD
  5
165
330
1
100
AcDbSymbolTableRecord
100
AcDbBlockTableRecord
  2
_D_1
  0
BLOCK_RECORD
  5
173
330
1
100
AcDbSymbolTableRecord
100
AcDbBlockTableRecord
  2
_D_2
  0
BLOCK_RECORD
  5
18C
330
1
100
AcDbSymbolTableRecord
100
AcDbBlockTableRecord
  2
SW_NOTE_5
  0
ENDTAB
  0
ENDSEC
  0
SECTION
  2
BLOCKS
  0
BLOCK
  5
20
330
1F
100
AcDbEntity
  8
0
100
AcDbBlockBegin
  2
*MODEL_SPACE
 70
     0
 10
0.0
 20
0.0
 30
0.0
  3
*MODEL_SPACE
  1

  0
ENDBLK
  5
21
330
1F
100
AcDbEntity
  8
0
100
AcDbBlockEnd
  0
BLOCK
  5
1C
330
1B
100
AcDbEntity
 67
     1
  8
0
100
AcDbBlockBegin
  2
*PAPER_SPACE
 70
     0
 10
0.0
 20
0.0
 30
0.0
  3
*PAPER_SPACE
  1

  0
ENDBLK
  5
1D
330
1B
100
AcDbEntity
 67
     1
  8
0
100
AcDbBlockEnd
  0
BLOCK
  5
24
330
23
100
AcDbEntity
  8
0
100
AcDbBlockBegin
  2
*PAPER_SPACE0
 70
     0
 10
0.0
 20
0.0
 30
0.0
  3
*PAPER_SPACE0
  1

  0
ENDBLK
  5
25
330
23
100
AcDbEntity
  8
0
100
AcDbBlockEnd
  0
BLOCK
  5
78
330
77
100
AcDbEntity
  8
0
100
AcDbBlockBegin
  2
THIRD_ANGLE_PROJECTION_BLO
 70
     0
 10
0.0
 20
0.0
 30
0.0
  3
THIRD_ANGLE_PROJECTION_BLO
  1

  0
CIRCLE
  5
7A
330
77
100
AcDbEntity
  8
0
  6
SLD-SOLID
 62
     7
100
AcDbCircle
 10
101.4766388944
 20
18.9404083667
 30
0.0
 40
1.768227153674871
  0
CIRCLE
  5
7B
330
77
100
AcDbEntity
  8
0
  6
SLD-SOLID
 62
     7
100
AcDbCircle
 10
101.4766388944
 20
18.9404083667
 30
0.0
 40
3.901228248531818
  0
LINE
  5
7C
330
77
100
AcDbEntity
  8
0
  6
SLD-CENTER
 62
     7
100
AcDbLine
 10
110.1367822585
 20
18.9404083667
 30
0.0
 11
119.4527334874
 21
18.9404083667
 31
0.0
  0
LINE
  5
7D
330
77
100
AcDbEntity
  8
0
  6
SLD-SOLID
 62
     7
100
AcDbLine
 10
111.0016388944
 20
20.7086355204
 30
0.0
 11
111.0016388944
 21
17.172181213
 31
0.0
  0
LINE
  5
7E
330
77
100
AcDbEntity
  8
0
  6
SLD-SOLID
 62
     7
100
AcDbLine
 10
111.0016388944
 20
17.172181213
 30
0.0
 11
118.6216388944
 21
15.1304083667
 31
0.0
  0
LINE
  5
7F
330
77
100
AcDbEntity
  8
0
  6
SLD-SOLID
 62
     7
100
AcDbLine
 10
118.6216388944
 20
15.1304083667
 30
0.0
 11
118.6216388944
 21
22.7504083667
 31
0.0
  0
LINE
  5
80
330
77
100
AcDbEntity
  8
0
  6
SLD-SOLID
 62
     7
100
AcDbLine
 10
118.6216388944
 20
22.7504083667
 30
0.0
 11
111.0016388944
 21
20.7086355204
 31
0.0
  0
LINE
  5
81
330
77
100
AcDbEntity
  8
0
  6
SLD-CENTER
 62
     7
100
AcDbLine
 10
96.6025854619
 20
18.9404083667
 30
0.0
 11
106.3506923269
 21
18.9404083667
 31
0.0
  0
LINE
  5
82
330
77
100
AcDbEntity
  8
0
  6
SLD-CENTER
 62
     7
100
AcDbLine
 10
101.4766388944
 20
23.8144617992
 30
0.0
 11
101.4766388944
 21
14.0663549342
 31
0.0
  0
POINT
  5
83
330
77
100
AcDbEntity
  8
0
  6
CONTINUOUS
 62
     7
100
AcDbPoint
 10
101.4766388944
 20
18.9404083667
 30
0.0
  0
ENDBLK
  5
79
330
77
100
AcDbEntity
  8
0
100
AcDbBlockEnd
  0
BLOCK
  5
9E
330
9D
100
AcDbEntity
  8
0
100
AcDbBlockBegin
  2
SW_NOTE_0
 70
     0
 10
0.0
 20
0.0
 30
0.0
  3
SW_NOTE_0
  1

  0
MTEXT
  5
A1
330
9D
100
AcDbEntity
  8
ARROW
 62
     0
100
AcDbMText
 10
0.0
 20
3.0695925553
 30
0.0
 40
2.38125
 41
0.0
 71
     1
 72
     1
  1
NOTES/SPECIFICATIONS:
  7
SLDTEXTSTYLE0
  0
MTEXT
  5
A2
330
9D
100
AcDbEntity
  8
ARROW
 62
     0
100
AcDbMText
 10
9.9999997765
 20
-3.2804073679
 30
0.0
 40
2.38125
 41
0.0
 71
     1
 72
     1
  1
CLEAR APERTURE: >
  7
SLDTEXTSTYLE0
  0
MTEXT
  5
A3
330
9D
100
AcDbEntity
  8
ARROW
 62
     0
100
AcDbMText
 10
39.5010411739
 20
-3.2804073679
 30
0.0
 40
2.38125
 41
0.0
 71
     1
 72
     1
  1
%%c
  7
SLDTEXTSTYLE0
  0
MTEXT
  5
A4
330
9D
100
AcDbEntity
  8
ARROW
 62
     0
100
AcDbMText
 10
43.0954080075
 20
-3.2804073679
 30
0.0
 40
2.38125
 41
0.0
 71
     1
 72
     1
  1
45.72 mm
  7
SLDTEXTSTYLE0
  0
MTEXT
  5
A5
330
9D
100
AcDbEntity
  8
ARROW
 62
     0
100
AcDbMText
 10
0.0
 20
-3.2804073679
 30
0.0
 40
2.38125
 41
0.0
 71
     1
 72
     1
  1
1.
  7
SLDTEXTSTYLE0
  0
MTEXT
  5
A6
330
9D
100
AcDbEntity
  8
ARROW
 62
     0
100
AcDbMText
 10
9.9999997765
 20
-6.4554073296
 30
0.0
 40
2.38125
 41
0.0
 71
     1
 72
     1
  1
SURFACE QUALITY: 20-10 SCRATCH-DIG
  7
SLDTEXTSTYLE0
  0
MTEXT
  5
A7
330
9D
100
AcDbEntity
  8
ARROW
 62
     0
100
AcDbMText
 10
0.0
 20
-6.4554073296
 30
0.0
 40
2.38125
 41
0.0
 71
     1
 72
     1
  1
2.
  7
SLDTEXTSTYLE0
  0
MTEXT
  5
A9
330
9D
100
AcDbEntity
  8
ARROW
 62
     0
100
AcDbMText
 10
9.9999997765
 20
-9.6304072912
 30
0.0
 40
2.38125
 41
0.0
 71
     1
 72
     1
  1
SURFACE FLATNESS: \M+183C9 /4 @ 633 nm OVER THE CLEAR APERTURE
  7
SLDTEXTSTYLE1
  0
MTEXT
  5
AA
330
9D
100
AcDbEntity
  8
ARROW
 62
     0
100
AcDbMText
 10
0.0
 20
-9.6304072912
 30
0.0
 40
2.38125
 41
0.0
 71
     1
 72
     1
  1
3.
  7
SLDTEXTSTYLE0
  0
MTEXT
  5
AB
330
9D
100
AcDbEntity
  8
ARROW
 62
     0
100
AcDbMText
 10
9.9999997765
 20
-12.8054072528
 30
0.0
 40
2.38125
 41
0.0
 71
     1
 72
     1
  1
COATING (S1): 0.9-2.6 µm BEAMSPLITTER COATING AT 45
  7
SLDTEXTSTYLE0
  0
MTEXT
  5
AC
330
9D
100
AcDbEntity
  8
ARROW
 62
     0
100
AcDbMText
 10
95.1296854764
 20
-12.8054072528
 30
0.0
 40
2.38125
 41
0.0
 71
     1
 72
     1
  1
%%d
  7
SLDTEXTSTYLE0
  0
MTEXT
  5
AD
330
9D
100
AcDbEntity
  8
ARROW
 62
     0
100
AcDbMText
 10
97.5360757619
 20
-12.8054072528
 30
0.0
 40
2.38125
 41
0.0
 71
     1
 72
     1
  1
AOI
  7
SLDTEXTSTYLE0
  0
MTEXT
  5
AE
330
9D
100
AcDbEntity
  8
ARROW
 62
     0
100
AcDbMText
 10
0.0
 20
-12.8054072528
 30
0.0
 40
2.38125
 41
0.0
 71
     1
 72
     1
  1
4.
  7
SLDTEXTSTYLE0
  0
MTEXT
  5
AF
330
9D
100
AcDbEntity
  8
ARROW
 62
     0
100
AcDbMText
 10
9.9999997765
 20
-15.9804072144
 30
0.0
 40
2.38125
 41
0.0
 71
     1
 72
     1
  1
COATING (S2): BBAR COATING FOR 0.9-2.6 µm
  7
SLDTEXTSTYLE0
  0
MTEXT
  5
B0
330
9D
100
AcDbEntity
  8
ARROW
 62
     0
100
AcDbMText
 10
0.0
 20
-15.9804072144
 30
0.0
 40
2.38125
 41
0.0
 71
     1
 72
     1
  1
5.
  7
SLDTEXTSTYLE0
  0
MTEXT
  5
B1
330
9D
100
AcDbEntity
  8
ARROW
 62
     0
100
AcDbMText
 10
20.0
 20
-19.1554071761
 30
0.0
 40
2.38125
 41
0.0
 71
     1
 72
     1
  1
Ravg <1.5% WITHIN WAVELENGTH RANGE AT 45
  7
SLDTEXTSTYLE0
  0
MTEXT
  5
B2
330
9D
100
AcDbEntity
  8
ARROW
 62
     0
100
AcDbMText
 10
91.8608349562
 20
-19.1554071761
 30
0.0
 40
2.38125
 41
0.0
 71
     1
 72
     1
  1
%%d
  7
SLDTEXTSTYLE0
  0
MTEXT
  5
B3
330
9D
100
AcDbEntity
  8
ARROW
 62
     0
100
AcDbMText
 10
94.2672177911
 20
-19.1554071761
 30
0.0
 40
2.38125
 41
0.0
 71
     1
 72
     1
  1
AOI
  7
SLDTEXTSTYLE0
  0
MTEXT
  5
B4
330
9D
100
AcDbEntity
  8
ARROW
 62
     0
100
AcDbMText
 10
9.9999997765
 20
-22.3304071377
 30
0.0
 40
2.38125
 41
0.0
 71
     1
 72
     1
  1
OVERALL PERFORMANCE: Tabs 50
  7
SLDTEXTSTYLE0
  0
MTEXT
  5
B5
330
9D
100
AcDbEntity
  8
ARROW
 62
     0
100
AcDbMText
 10
61.4923257381
 20
-22.3304071377
 30
0.0
 40
2.38125
 41
0.0
 71
     1
 72
     1
  1
%%p
  7
SLDTEXTSTYLE0
  0
MTEXT
  5
B6
330
9D
100
AcDbEntity
  8
ARROW
 62
     0
100
AcDbMText
 10
64.6554193407
 20
-22.3304071377
 30
0.0
 40
2.38125
 41
0.0
 71
     1
 72
     1
  1
10%, Rabs 50
  7
SLDTEXTSTYLE0
  0
MTEXT
  5
B7
330
9D
100
AcDbEntity
  8
ARROW
 62
     0
100
AcDbMText
 10
84.2632520944
 20
-22.3304071377
 30
0.0
 40
2.38125
 41
0.0
 71
     1
 72
     1
  1
%%p
  7
SLDTEXTSTYLE0
  0
MTEXT
  5
B8
330
9D
100
AcDbEntity
  8
ARROW
 62
     0
100
AcDbMText
 10
87.426345697
 20
-22.3304071377
 30
0.0
 40
2.38125
 41
0.0
 71
     1
 72
     1
  1
10%
  7
SLDTEXTSTYLE0
  0
MTEXT
  5
B9
330
9D
100
AcDbEntity
  8
ARROW
 62
     0
100
AcDbMText
 10
0.0
 20
-22.3304071377
 30
0.0
 40
2.38125
 41
0.0
 71
     1
 72
     1
  1
6.
  7
SLDTEXTSTYLE0
  0
MTEXT
  5
BA
330
9D
100
AcDbEntity
  8
ARROW
 62
     0
100
AcDbMText
 10
10.0
 20
-25.5054070993
 30
0.0
 40
2.38125
 41
0.0
 71
     1
 72
     1
  1
Tabs+Rabs >99%, |Ts-Tp| < 40% and |Rs-Rp| < 40%, 900-2600 nm, 45
  7
SLDTEXTSTYLE0
  0
MTEXT
  5
BB
330
9D
100
AcDbEntity
  8
ARROW
 62
     0
100
AcDbMText
 10
114.4045835733
 20
-25.5054070993
 30
0.0
 40
2.38125
 41
0.0
 71
     1
 72
     1
  1
%%d
  7
SLDTEXTSTYLE0
  0
MTEXT
  5
BC
330
9D
100
AcDbEntity
  8
ARROW
 62
     0
100
AcDbMText
 10
116.8109664083
 20
-25.5054070993
 30
0.0
 40
2.38125
 41
0.0
 71
     1
 72
     1
  1
AOI
  7
SLDTEXTSTYLE0
  0
ENDBLK
  5
9F
330
9D
100
AcDbEntity
  8
0
100
AcDbBlockEnd
  0
BLOCK
  5
CC
330
CB
100
AcDbEntity
  8
0
100
AcDbBlockBegin
  2
SW_NOTE_1
 70
     0
 10
0.0
 20
0.0
 30
0.0
  3
SW_NOTE_1
  1

  0
MTEXT
  5
CE
330
CB
100
AcDbEntity
  8
0
  6
CONTINUOUS
 62
     0
100
AcDbMText
 10
19.90725
 20
1.9645392354
 30
0.0
 40
1.524
 41
0.0
 71
     2
 72
     1
  1
VALUES IN PARENTHESIS ARE CALCULATED
  7
SLDTEXTSTYLE0
  0
MTEXT
  5
CF
330
CB
100
AcDbEntity
  8
0
  6
CONTINUOUS
 62
     0
100
AcDbMText
 10
19.8778795174
 20
-0.5594606586
 30
0.0
 40
1.524
 41
0.0
 71
     2
 72
     1
  1
AND MAY CONTAIN ROUNDOFF ERRORS
  7
SLDTEXTSTYLE0
  0
ENDBLK
  5
CD
330
CB
100
AcDbEntity
  8
0
100
AcDbBlockEnd
  0
BLOCK
  5
D2
330
D1
100
AcDbEntity
  8
0
100
AcDbBlockBegin
  2
SW_NOTE_2
 70
     0
 10
0.0
 20
0.0
 30
0.0
  3
SW_NOTE_2
  1

  0
MTEXT
  5
D4
330
D1
100
AcDbEntity
  8
0
  6
CONTINUOUS
 62
     0
100
AcDbMText
 10
0.0
 20
2.7285267159
 30
0.0
 40
2.1166666667
 41
0.0
 71
     1
 72
     1
  1
DRAWING
  7
SLDTEXTSTYLE0
  0
MTEXT
  5
D5
330
D1
100
AcDbEntity
  8
0
  6
CONTINUOUS
 62
     0
100
AcDbMText
 10
0.0
 20
-0.0936954723
 30
0.0
 40
2.1166666667
 41
0.0
 71
     1
 72
     1
  1
PROJECTION
  7
SLDTEXTSTYLE0
  0
ENDBLK
  5
D3
330
D1
100
AcDbEntity
  8
0
100
AcDbBlockEnd
  0
BLOCK
  5
D9
330
D8
100
AcDbEntity
  8
0
100
AcDbBlockBegin
  2
SW_NOTE_3
 70
     0
 10
0.0
 20
0.0
 30
0.0
  3
SW_NOTE_3
  1

  0
MTEXT
  5
DB
330
D8
100
AcDbEntity
  8
0
  6
CONTINUOUS
 62
     0
100
AcDbMText
 10
25.052734375
 20
4.0927900738
 30
0.0
 40
3.175
 41
0.0
 71
     2
 72
     1
  1
FOR INFORMATION ONLY
  7
SLDTEXTSTYLE0
  0
MTEXT
  5
DC
330
D8
100
AcDbEntity
  8
0
  6
CONTINUOUS
 62
     0
100
AcDbMText
 10
25.3768468589
 20
-0.1405432084
 30
0.0
 40
3.175
 41
0.0
 71
     2
 72
     1
  1
NOT FOR MANUFACTURING PURPOSES
  7
SLDTEXTSTYLE0
  0
ENDBLK
  5
DA
330
D8
100
AcDbEntity
  8
0
100
AcDbBlockEnd
  0
BLOCK
  5
E0
330
DF
100
AcDbEntity
  8
0
100
AcDbBlockBegin
  2
SW_NOTE_4
 70
     0
 10
0.0
 20
0.0
 30
0.0
  3
SW_NOTE_4
  1

  0
MTEXT
  5
E2
330
DF
100
AcDbEntity
  8
0
  6
CONTINUOUS
 62
     0
100
AcDbMText
 10
25.5074869792
 20
3.4106583948
 30
0.0
 40
2.6458333333
 41
0.0
 71
     2
 72
     1
  1
Ø50.8 mm 50:50 BEAMSPLITTER,
  7
SLDTEXTSTYLE0
  0
MTEXT
  5
E4
330
DF
100
AcDbEntity
  8
0
  6
CONTINUOUS
 62
     0
100
AcDbMText
 10
25.566287448
 20
-0.1171193403
 30
0.0
 40
2.6458333333
 41
0.0
 71
     2
 72
     1
  1
COATED: 0.9-2.6 µm, T = 8 mm
  7
SLDTEXTSTYLE3
  0
ENDBLK
  5
E1
330
DF
100
AcDbEntity
  8
0
100
AcDbBlockEnd
  0
BLOCK
  5
EF
330
EE
100
AcDbEntity
  8
0
100
AcDbBlockBegin
  2
_D
 70
     0
 10
0.0
 20
0.0
 30
0.0
  3
_D
  1

  0
SOLID
  5
F1
330
EE
100
AcDbEntity
  8
ARROW
100
AcDbTrace
 10
80.7229511776
 20
134.2216746077
 30
0.0
 11
83.3272254527
 21
136.1075283931
 31
0.0
 12
82.608804963
 22
136.8259488828
 32
0.0
 13
82.608804963
 23
136.8259488828
 33
0.0
  0
LINE
  5
F2
330
EE
100
AcDbEntity
  8
ARROW
100
AcDbLine
 10
96.3057220069
 20
143.1264186284
 30
0.0
 11
95.6619025528
 21
143.1264186284
 31
0.0
  0
LINE
  5
F3
330
EE
100
AcDbEntity
  8
ARROW
100
AcDbLine
 10
95.6619025528
 20
143.1264186284
 30
0.0
 11
95.6619025528
 21
139.763270552
 31
0.0
  0
LINE
  5
F4
330
EE
100
AcDbEntity
  8
ARROW
100
AcDbLine
 10
95.6619025528
 20
139.763270552
 30
0.0
 11
96.3057220069
 21
139.763270552
 31
0.0
  0
LINE
  5
F5
330
EE
100
AcDbEntity
  8
ARROW
100
AcDbLine
 10
104.0629135532
 20
143.1264186284
 30
0.0
 11
104.7067330073
 21
143.1264186284
 31
0.0
  0
LINE
  5
F6
330
EE
100
AcDbEntity
  8
ARROW
100
AcDbLine
 10
104.7067330073
 20
143.1264186284
 30
0.0
 11
104.7067330073
 21
139.763270552
 31
0.0
  0
LINE
  5
F7
330
EE
100
AcDbEntity
  8
ARROW
100
AcDbLine
 10
104.7067330073
 20
139.763270552
 30
0.0
 11
104.0629135532
 21
139.763270552
 31
0.0
  0
LINE
  5
F8
330
EE
100
AcDbEntity
  8
ARROW
100
AcDbLine
 10
80.7229511776
 20
134.2216746077
 30
0.0
 11
91.2080830987
 21
144.7068065288
 31
0.0
  0
LINE
  5
F9
330
EE
100
AcDbEntity
  8
ARROW
100
AcDbLine
 10
91.2080830987
 20
144.7068065288
 30
0.0
 11
95.0180830987
 21
144.7068065288
 31
0.0
  0
MTEXT
  5
FA
330
EE
100
AcDbEntity
  8
ARROW
100
AcDbMText
 10
95.0180830987
 20
146.2841582749
 30
0.0
 40
2.1166666667
 41
0.0
 71
     1
 72
     1
  1
%%c
  7
SLDTEXTSTYLE0
  0
MTEXT
  5
FB
330
EE
100
AcDbEntity
  8
ARROW
100
AcDbMText
 10
98.2130738994
 20
146.2841582749
 30
0.0
 40
2.1166666667
 41
0.0
 71
     1
 72
     1
  1
50.8mm
  7
SLDTEXTSTYLE0
  0
MTEXT
  5
FC
330
EE
100
AcDbEntity
  8
ARROW
100
AcDbMText
 10
96.3057220069
 20
142.4917971514
 30
0.0
 40
2.1166666667
 41
0.0
 71
     1
 72
     1
  1
2.00in
  7
SLDTEXTSTYLE0
  0
ENDBLK
  5
F0
330
EE
100
AcDbEntity
  8
0
100
AcDbBlockEnd
  0
BLOCK
  5
166
330
165
100
AcDbEntity
  8
0
100
AcDbBlockBegin
  2
_D_1
 70
     0
 10
0.0
 20
0.0
 30
0.0
  3
_D_1
  1

  0
ARC
  5
168
330
165
100
AcDbEntity
  8
ARROW
100
AcDbCircle
 10
181.1191299464
 20
91.0025837218
 30
0.0
 40
59.06230702315872
100
AcDbArc
 50
83.2861452028
 51
90.0
  0
ARC
  5
169
330
165
100
AcDbEntity
  8
ARROW
100
AcDbCircle
 10
181.1191299464
 20
91.0025837218
 30
0.0
 40
59.06230702315875
100
AcDbArc
 50
90.5
 51
96.6519300516
  0
SOLID
  5
16A
330
165
100
AcDbEntity
  8
ARROW
100
AcDbTrace
 10
181.1191299464
 20
150.064890745
 30
0.0
 11
184.2793458781
 21
149.4718272871
 31
0.0
 12
184.3066247888
 22
150.4874610109
 32
0.0
 13
184.3066247888
 23
150.4874610109
 33
0.0
  0
SOLID
  5
16B
330
165
100
AcDbEntity
  8
ARROW
100
AcDbTrace
 10
180.6037206275
 20
150.0626418333
 30
0.0
 11
177.4126595807
 21
150.4573802222
 31
0.0
 12
177.4488004165
 22
149.4420232209
 32
0.0
 13
177.4488004165
 23
149.4420232209
 33
0.0
  0
LINE
  5
16C
330
165
100
AcDbEntity
  8
ARROW
100
AcDbLine
 10
181.1191299464
 20
142.9311623656
 30
0.0
 11
181.1191299464
 21
151.842890745
 31
0.0
  0
LINE
  5
16D
330
165
100
AcDbEntity
  8
ARROW
100
AcDbLine
 10
180.6671906935
 20
142.7896926516
 30
0.0
 11
180.5882048474
 21
151.8405741325
 31
0.0
  0
MTEXT
  5
16E
330
165
100
AcDbEntity
  8
ARROW
100
AcDbMText
 10
187.3841884517
 20
149.0252440719
 30
0.0
 40
2.1166666667
 41
0.0
 71
     1
 72
     1
  1
30 arcmin
  7
SLDTEXTSTYLE0
  0
MTEXT
  5
16F
330
165
100
AcDbEntity
  8
ARROW
100
AcDbMText
 10
200.8289418155
 20
149.0252440719
 30
0.0
 40
2.1166666667
 41
0.0
 71
     1
 72
     1
  1
%%p
  7
SLDTEXTSTYLE0
  0
MTEXT
  5
170
330
165
100
AcDbEntity
  8
ARROW
100
AcDbMText
 10
202.8468309873
 20
149.0252440719
 30
0.0
 40
2.1166666667
 41
0.0
 71
     1
 72
     1
  1
10
  7
SLDTEXTSTYLE0
  0
ENDBLK
  5
167
330
165
100
AcDbEntity
  8
0
100
AcDbBlockEnd
  0
BLOCK
  5
174
330
173
100
AcDbEntity
  8
0
100
AcDbBlockBegin
  2
_D_2
 70
     0
 10
0.0
 20
0.0
 30
0.0
  3
_D_2
  1

  0
SOLID
  5
176
330
173
100
AcDbEntity
  8
ARROW
100
AcDbTrace
 10
181.1665552243
 20
85.5681851391
 30
0.0
 11
184.3458674101
 21
85.0879112324
 31
0.0
 12
184.33700125
 22
86.1038725462
 32
0.0
 13
184.33700125
 23
86.1038725462
 33
0.0
  0
SOLID
  5
177
330
173
100
AcDbEntity
  8
ARROW
100
AcDbTrace
 10
173.1683985152
 20
85.4983862829
 30
0.0
 11
169.9890863294
 21
85.9786601896
 31
0.0
 12
169.9979524895
 22
84.9626988758
 32
0.0
 13
169.9979524895
 23
84.9626988758
 33
0.0
  0
LINE
  5
178
330
173
100
AcDbEntity
  8
ARROW
100
AcDbLine
 10
190.8528331253
 20
85.6865637674
 30
0.0
 11
190.2090136712
 21
85.6865637674
 31
0.0
  0
LINE
  5
179
330
173
100
AcDbEntity
  8
ARROW
100
AcDbLine
 10
190.2090136712
 20
85.6865637674
 30
0.0
 11
190.2090136712
 21
82.323415691
 31
0.0
  0
LINE
  5
17A
330
173
100
AcDbEntity
  8
ARROW
100
AcDbLine
 10
190.2090136712
 20
82.323415691
 30
0.0
 11
190.8528331253
 21
82.323415691
 31
0.0
  0
LINE
  5
17B
330
173
100
AcDbEntity
  8
ARROW
100
AcDbLine
 10
198.6100246715
 20
85.6865637674
 30
0.0
 11
199.2538441257
 21
85.6865637674
 31
0.0
  0
LINE
  5
17C
330
173
100
AcDbEntity
  8
ARROW
100
AcDbLine
 10
199.2538441257
 20
85.6865637674
 30
0.0
 11
199.2538441257
 21
82.323415691
 31
0.0
  0
LINE
  5
17D
330
173
100
AcDbEntity
  8
ARROW
100
AcDbLine
 10
199.2538441257
 20
82.323415691
 30
0.0
 11
198.6100246715
 21
82.323415691
 31
0.0
  0
LINE
  5
17E
330
173
100
AcDbEntity
  8
ARROW
100
AcDbLine
 10
181.1302126465
 20
89.7326320795
 30
0.0
 11
181.1820710045
 21
83.7902528399
 31
0.0
  0
LINE
  5
17F
330
173
100
AcDbEntity
  8
ARROW
100
AcDbLine
 10
173.1314468119
 20
89.7326320795
 30
0.0
 11
173.1839142953
 21
83.7204539837
 31
0.0
  0
LINE
  5
180
330
173
100
AcDbEntity
  8
ARROW
100
AcDbLine
 10
181.1665552243
 20
85.5681851391
 30
0.0
 11
187.5822131255
 21
85.6241737374
 31
0.0
  0
LINE
  5
181
330
173
100
AcDbEntity
  8
ARROW
100
AcDbLine
 10
173.1683985152
 20
85.4983862829
 30
0.0
 11
166.8186403037
 21
85.4429727825
 31
0.0
  0
MTEXT
  5
182
330
173
100
AcDbEntity
  8
ARROW
100
AcDbMText
 10
189.5926325127
 20
88.8443034139
 30
0.0
 40
2.1166666667
 41
0.0
 71
     1
 72
     1
  1

  7
SLDTEXTSTYLE0
  0
MTEXT
  5
183
330
173
100
AcDbEntity
  8
ARROW
100
AcDbMText
 10
190.1315985299
 20
88.8443034139
 30
0.0
 40
2.1166666667
 41
0.0
 71
     1
 72
     1
  1
8.0mm
  7
SLDTEXTSTYLE0
  0
MTEXT
  5
184
330
173
100
AcDbEntity
  8
ARROW
100
AcDbMText
 10
190.8528331253
 20
85.0519422904
 30
0.0
 40
2.1166666667
 41
0.0
 71
     1
 72
     1
  1
0.31in
  7
SLDTEXTSTYLE0
  0
MTEXT
  5
185
330
173
100
AcDbEntity
  8
ARROW
100
AcDbMText
 10
201.4851635798
 20
88.8443034139
 30
0.0
 40
2.1166666667
 41
0.0
 71
     1
 72
     1
  1

  7
SLDTEXTSTYLE0
  0
ENDBLK
  5
175
330
173
100
AcDbEntity
  8
0
100
AcDbBlockEnd
  0
BLOCK
  5
18D
330
18C
100
AcDbEntity
  8
0
100
AcDbBlockBegin
  2
SW_NOTE_5
 70
     0
 10
0.0
 20
0.0
 30
0.0
  3
SW_NOTE_5
  1

  0
MTEXT
  5
18F
330
18C
100
AcDbEntity
  8
ARROW
 62
     0
100
AcDbMText
 10
2.0225460104
 20
9.2989948519
 30
0.0
 40
2.1166666667
 41
0.0
 71
     1
 72
     1
  1
ARROW INDICATES
  7
SLDTEXTSTYLE0
  0
MTEXT
  5
190
330
18C
100
AcDbEntity
  8
ARROW
 62
     0
100
AcDbMText
 10
2.0225460104
 20
5.4767727327
 30
0.0
 40
2.1166666667
 41
0.0
 71
     1
 72
     1
  1
INTENDED DIRECTION
  7
SLDTEXTSTYLE0
  0
MTEXT
  5
191
330
18C
100
AcDbEntity
  8
ARROW
 62
     0
100
AcDbMText
 10
2.0225460104
 20
1.6545506135
 30
0.0
 40
2.1166666667
 41
0.0
 71
     1
 72
     1
  1
OF LIGHT TRANSMISSION
  7
SLDTEXTSTYLE0
  0
ENDBLK
  5
18E
330
18C
100
AcDbEntity
  8
0
100
AcDbBlockEnd
  0
ENDSEC
  0
SECTION
  2
ENTITIES
  0
LINE
  5
84
330
1F
100
AcDbEntity
  8
0
  6
SLD-SOLID
 62
     7
100
AcDbLine
 10
1.5793501011
 20
214.6453799966
 30
0.0
 11
277.9892068491
 21
214.6453799966
 31
0.0
  0
LINE
  5
85
330
1F
100
AcDbEntity
  8
0
  6
SLD-SOLID
 62
     7
100
AcDbLine
 10
1.5793501011
 20
214.6453799966
 30
0.0
 11
1.5793501011
 21
0.9031642596
 31
0.0
  0
LINE
  5
86
330
1F
100
AcDbEntity
  8
0
  6
SLD-SOLID
 62
     7
100
AcDbLine
 10
277.9892068491
 20
0.9031642596
 30
0.0
 11
1.5793501011
 21
0.9031642596
 31
0.0
  0
LINE
  5
87
330
1F
100
AcDbEntity
  8
0
  6
SLD-SOLID
 62
     7
100
AcDbLine
 10
277.9892068491
 20
0.9031642596
 30
0.0
 11
277.9892068491
 21
214.6453799966
 31
0.0
  0
LINE
  5
88
330
1F
100
AcDbEntity
  8
0
  6
SLD-SOLID
 62
     7
100
AcDbLine
 10
215.7427640041
 20
12.2958890132
 30
0.0
 11
171.6327596684
 21
12.2958890132
 31
0.0
  0
LINE
  5
89
330
1F
100
AcDbEntity
  8
0
  6
SLD-SOLID
 62
     7
100
AcDbLine
 10
171.6327596684
 20
12.2958890132
 30
0.0
 11
171.6327596684
 21
26.1661402506
 31
0.0
  0
LINE
  5
8A
330
1F
100
AcDbEntity
  8
0
  6
SLD-SOLID
 62
     7
100
AcDbLine
 10
171.6327596684
 20
0.9031642596
 30
0.0
 11
171.6327596684
 21
26.1661402506
 31
0.0
  0
LINE
  5
8B
330
1F
100
AcDbEntity
  8
0
  6
SLD-SOLID
 62
     7
100
AcDbLine
 10
215.7427640041
 20
17.1604579552
 30
0.0
 11
277.9892068491
 21
17.1604579552
 31
0.0
  0
LINE
  5
8C
330
1F
100
AcDbEntity
  8
0
  6
SLD-SOLID
 62
     7
100
AcDbLine
 10
215.7427640041
 20
35.2394508358
 30
0.0
 11
215.7427640041
 21
0.9031642596
 31
0.0
  0
LINE
  5
8D
330
1F
100
AcDbEntity
  8
0
  6
SLD-SOLID
 62
     7
100
AcDbLine
 10
215.7427640041
 20
26.1661402506
 30
0.0
 11
171.6327596684
 21
26.1661402506
 31
0.0
  0
LINE
  5
8E
330
1F
100
AcDbEntity
  8
0
  6
SLD-SOLID
 62
     7
100
AcDbLine
 10
215.7427640041
 20
9.1409200612
 30
0.0
 11
277.9892068491
 21
9.1409200612
 31
0.0
  0
LINE
  5
8F
330
1F
100
AcDbEntity
  8
0
  6
SLD-SOLID
 62
     7
100
AcDbLine
 10
215.7427640041
 20
16.9216824031
 30
0.0
 11
171.6327596684
 21
16.9216824031
 31
0.0
  0
LINE
  5
90
330
1F
100
AcDbEntity
  8
0
  6
SLD-SOLID
 62
     7
100
AcDbLine
 10
215.7427640041
 20
21.4874005542
 30
0.0
 11
171.6327596684
 21
21.4874005542
 31
0.0
  0
LINE
  5
91
330
1F
100
AcDbEntity
  8
0
  6
SLD-SOLID
 62
     7
100
AcDbLine
 10
186.1338100705
 20
26.1661402506
 30
0.0
 11
186.1338100705
 21
12.2958890132
 31
0.0
  0
LINE
  5
92
330
1F
100
AcDbEntity
  8
0
  6
SLD-SOLID
 62
     7
100
AcDbLine
 10
198.2145906188
 20
26.1661402506
 30
0.0
 11
198.2145906188
 21
12.2958890132
 31
0.0
  0
LINE
  5
93
330
1F
100
AcDbEntity
  8
0
  6
SLD-SOLID
 62
     7
100
AcDbLine
 10
253.7490408369
 20
9.1409200612
 30
0.0
 11
253.7490408369
 21
0.9031642596
 31
0.0
  0
LINE
  5
94
330
1F
100
AcDbEntity
  8
0
  6
SLD-SOLID
 62
     7
100
AcDbLine
 10
171.6327596684
 20
12.2958890132
 30
0.0
 11
171.6327596684
 21
7.5627342528
 31
0.0
  0
LINE
  5
95
330
1F
100
AcDbEntity
  8
0
  6
SLD-SOLID
 62
     7
100
AcDbLine
 10
171.6327596684
 20
7.5627342528
 30
0.0
 11
215.7427640041
 21
7.5627342528
 31
0.0
  0
LINE
  5
96
330
1F
100
AcDbEntity
  8
0
  6
SLD-SOLID
 62
     7
100
AcDbLine
 10
171.6327596684
 20
7.5627342528
 30
0.0
 11
171.6327596684
 21
35.2394508358
 31
0.0
  0
LINE
  5
97
330
1F
100
AcDbEntity
  8
0
  6
SLD-SOLID
 62
     7
100
AcDbLine
 10
171.6327596684
 20
35.2394508358
 30
0.0
 11
215.7427640041
 21
35.2394508358
 31
0.0
  0
LINE
  5
98
330
1F
100
AcDbEntity
  8
0
  6
SLD-SOLID
 62
     7
100
AcDbLine
 10
270.1683598194
 20
17.1604579552
 30
0.0
 11
270.1683598194
 21
9.1409200612
 31
0.0
  0
LINE
  5
99
330
1F
100
AcDbEntity
  8
0
  6
SLD-SOLID
 62
     7
100
AcDbLine
 10
215.7427640041
 20
35.2394508358
 30
0.0
 11
277.9892068491
 21
35.2394508358
 31
0.0
  0
LINE
  5
9A
330
1F
100
AcDbEntity
  8
0
  6
SLD-SOLID
 62
     7
100
AcDbLine
 10
277.9892068491
 20
35.2394508358
 30
0.0
 11
277.9892068491
 21
50.0331356147
 31
0.0
  0
LINE
  5
9B
330
1F
100
AcDbEntity
  8
0
  6
SLD-SOLID
 62
     7
100
AcDbLine
 10
215.7427640041
 20
24.8927335446
 30
0.0
 11
277.9892068491
 21
24.8927335446
 31
0.0
  0
INSERT
  5
9C
330
1F
100
AcDbEntity
  8
0
  6
CONTINUOUS
 62
     7
100
AcDbBlockReference
  2
THIRD_ANGLE_PROJECTION_BLO
 10
117.7262204235
 20
15.5162339489
 30
0.0
 41
0.8
 42
0.8
 43
0.8
  0
INSERT
  5
BD
330
1F
100
AcDbEntity
  8
ARROW
100
AcDbBlockReference
  2
SW_NOTE_0
 10
4.2736428685
 20
45.1285292769
 30
0.0
  0
MTEXT
  5
BE
330
1F
100
AcDbEntity
  8
0
  6
CONTINUOUS
 62
     7
100
AcDbMText
 10
273.8657318933
 20
13.1125292762
 30
0.0
 40
3.175
 41
0.0
 71
     2
 72
     1
  1
D
  7
SLDTEXTSTYLE0
  0
MTEXT
  5
BF
330
1F
100
AcDbEntity
  8
0
  6
CONTINUOUS
 62
     7
100
AcDbMText
 10
234.6700620412
 20
5.1306563898
 30
0.0
 40
3.175
 41
0.0
 71
     2
 72
     1
  1
BSW24
  7
SLDTEXTSTYLE0
  0
MTEXT
  5
C0
330
1F
100
AcDbEntity
  8
0
  6
CONTINUOUS
 62
     7
100
AcDbMText
 10
216.4199766059
 20
16.8243178599
 30
0.0
 40
2.1166666667
 41
0.0
 71
     1
 72
     1
  1
MATERIAL
  7
SLDTEXTSTYLE0
  0
MTEXT
  5
C1
330
1F
100
AcDbEntity
  8
0
  6
CONTINUOUS
 62
     7
100
AcDbMText
 10
174.230946566
 20
20.054553926
 30
0.0
 40
1.8520833333
 41
0.0
 71
     1
 72
     1
  1
DRAWN
  7
SLDTEXTSTYLE0
  0
MTEXT
  5
C2
330
1F
100
AcDbEntity
  8
0
  6
CONTINUOUS
 62
     7
100
AcDbMText
 10
172.3960124543
 20
15.5787169747
 30
0.0
 40
1.8520833333
 41
0.0
 71
     1
 72
     1
  1
APPROVAL
  7
SLDTEXTSTYLE0
  0
MTEXT
  5
C3
330
1F
100
AcDbEntity
  8
0
  6
CONTINUOUS
 62
     7
100
AcDbMText
 10
271.321689486
 20
16.0237652193
 30
0.0
 40
2.1166666667
 41
0.0
 71
     1
 72
     1
  1
REV
  7
SLDTEXTSTYLE0
  0
MTEXT
  5
C4
330
1F
100
AcDbEntity
  8
0
  6
CONTINUOUS
 62
     7
100
AcDbMText
 10
203.6145073853
 20
24.8221395769
 30
0.0
 40
2.1166666667
 41
0.0
 71
     1
 72
     1
  1
DATE
  7
SLDTEXTSTYLE0
  0
MTEXT
  5
C6
330
1F
100
AcDbEntity
  8
0
  6
CONTINUOUS
 62
     7
100
AcDbMText
 10
228.6458565337
 20
27.7957480569
 30
0.0
 40
2.1166666667
 41
0.0
 71
     1
 72
     1
  1
w w w . t h o r  l a b s . c o m
  7
SLDTEXTSTYLE2
  0
MTEXT
  5
C7
330
1F
100
AcDbEntity
  8
0
  6
CONTINUOUS
 62
     7
100
AcDbMText
 10
216.7004035316
 20
8.3494791871
 30
0.0
 40
2.1166666667
 41
0.0
 71
     1
 72
     1
  1
ITEM #
  7
SLDTEXTSTYLE0
  0
MTEXT
  5
C8
330
1F
100
AcDbEntity
  8
0
  6
CONTINUOUS
 62
     7
100
AcDbMText
 10
254.5318000914
 20
8.3494791871
 30
0.0
 40
2.1166666667
 41
0.0
 71
     1
 72
     1
  1
APPROX WEIGHT
  7
SLDTEXTSTYLE0
  0
MTEXT
  5
C9
330
1F
100
AcDbEntity
  8
0
  6
CONTINUOUS
 62
     7
100
AcDbMText
 10
243.6973853651
 20
13.1125292762
 30
0.0
 40
3.175
 41
0.0
 71
     2
 72
     1
  1
IR FUSED SILICA
  7
SLDTEXTSTYLE0
  0
MTEXT
  5
CA
330
1F
100
AcDbEntity
  8
0
  6
CONTINUOUS
 62
     7
100
AcDbMText
 10
266.2483257569
 20
5.1306563898
 30
0.0
 40
3.175
 41
0.0
 71
     2
 72
     1
  1
36g
  7
SLDTEXTSTYLE0
  0
INSERT
  5
D0
330
1F
100
AcDbEntity
  8
0
  6
CONTINUOUS
 62
     7
100
AcDbBlockReference
  2
SW_NOTE_1
 10
174.8430140051
 20
4.4558554801
 30
0.0
  0
INSERT
  5
D6
330
1F
100
AcDbEntity
  8
0
  6
CONTINUOUS
 62
     7
100
AcDbBlockReference
  2
SW_NOTE_2
 10
174.5483650337
 20
30.4835322715
 30
0.0
  0
MTEXT
  5
D7
330
1F
100
AcDbEntity
  8
0
  6
CONTINUOUS
 62
     7
100
AcDbMText
 10
187.9273588276
 20
24.8221395769
 30
0.0
 40
2.1166666667
 41
0.0
 71
     1
 72
     1
  1
NAME
  7
SLDTEXTSTYLE0
  0
INSERT
  5
DD
330
1F
100
AcDbEntity
  8
0
  6
CONTINUOUS
 62
     7
100
AcDbBlockReference
  2
SW_NOTE_3
 10
58.6204667508
 20
8.1776609732
 30
0.0
  0
MTEXT
  5
DE
330
1F
100
AcDbEntity
  8
0
  6
CONTINUOUS
 62
     7
100
AcDbMText
 10
179.1174811218
 20
10.6680638482
 30
0.0
 40
1.5875
 41
0.0
 71
     1
 72
     1
  1
COPYRIGHT © 2021 BY THORLABS
  7
SLDTEXTSTYLE0
  0
INSERT
  5
E5
330
1F
100
AcDbEntity
  8
0
  6
CONTINUOUS
 62
     7
100
AcDbBlockReference
  2
SW_NOTE_4
 10
221.5922052831
 20
20.9611555011
 30
0.0
  0
MTEXT
  5
E6
330
1F
100
AcDbEntity
  8
ARROW
 62
     7
100
AcDbMText
 10
200.6918415919
 20
20.3177146903
 30
0.0
 40
2.1166666667
 41
0.0
 71
     1
 72
     1
  1
10/JUL/11
  7
SLDTEXTSTYLE0
  0
MTEXT
  5
E7
330
1F
100
AcDbEntity
  8
ARROW
 62
     7
100
AcDbMText
 10
189.6328105181
 20
20.3177146903
 30
0.0
 40
2.1166666667
 41
0.0
 71
     1
 72
     1
  1
GG
  7
SLDTEXTSTYLE0
  0
MTEXT
  5
E8
330
1F
100
AcDbEntity
  8
ARROW
 62
     7
100
AcDbMText
 10
199.8949065365
 20
15.841877739
 30
0.0
 40
2.1166666667
 41
0.0
 71
     1
 72
     1
  1
15/OCT/21
  7
SLDTEXTSTYLE0
  0
MTEXT
  5
E9
330
1F
100
AcDbEntity
  8
ARROW
 62
     7
100
AcDbMText
 10
189.9351215511
 20
15.841877739
 30
0.0
 40
2.1166666667
 41
0.0
 71
     1
 72
     1
  1
BW
  7
SLDTEXTSTYLE0
  0
CIRCLE
  5
EA
330
1F
100
AcDbEntity
  8
0
  6
SLD-SOLID
 62
     7
100
AcDbCircle
 10
62.7624389355
 20
116.2611623656
 30
0.0
 40
25.25857864376268
  0
CIRCLE
  5
EB
330
1F
100
AcDbEntity
  8
0
  6
SLD-SOLID
 62
     7
100
AcDbCircle
 10
62.7624389355
 20
116.2611623656
 30
0.0
 40
25.40000000000002
  0
DIMENSION
  5
EC
330
1F
100
AcDbEntity
  8
ARROW
100
AcDbDimension
  2
_D
 10
44.8019266933
 20
98.3006501234
 30
0.0
 11
101.9973995717
 21
144.7068065288
 31
0.0
 70
   163
  1
<>
  3
SLDDIMSTYLE0
100
AcDbDiametricDimension
 15
80.7229511776
 25
134.2216746077
 35
0.0
 40
0.0
  0
LINE
  5
FD
330
1F
100
AcDbEntity
  8
0
  6
SLD-SOLID
 62
     7
100
AcDbLine
 10
173.2617854877
 20
90.8611626725
 30
0.0
 11
181.0301987725
 21
90.8611626725
 31
0.0
  0
LINE
  5
FE
330
1F
100
AcDbEntity
  8
0
  6
SLD-SOLID
 62
     7
100
AcDbLine
 10
180.536852059
 20
141.6611620586
 30
0.0
 11
173.2617854877
 21
141.6611620586
 31
0.0
  0
POLYLINE
  5
FF
330
1F
100
AcDbEntity
  8
0
  6
SLD-SOLID
 62
     7
100
AcDb2dPolyline
 66
     1
 10
0.0
 20
0.0
 30
0.0
 70
   128
  0
VERTEX
  5
1FD
330
FF
100
AcDbEntity
  8
0
  6
SLD-SOLID
 62
     7
100
AcDbVertex
100
AcDb2dVertex
 10
180.9801981589
 20
90.8587151568
 30
0.0
  0
VERTEX
  5
1FE
330
FF
100
AcDbEntity
  8
0
  6
SLD-SOLID
 62
     7
100
AcDbVertex
100
AcDb2dVertex
 10
181.0496638799
 20
90.9306505125
 30
0.0
  0
VERTEX
  5
1FF
330
FF
100
AcDbEntity
  8
0
  6
SLD-SOLID
 62
     7
100
AcDbVertex
100
AcDb2dVertex
 10
181.1191298338
 20
91.0025840055
 30
0.0
  0
SEQEND
  5
39A
330
FF
100
AcDbEntity
  8
0
  6
SLD-SOLID
 62
     7
  0
POLYLINE
  5
100
330
1F
100
AcDbEntity
  8
0
  6
SLD-SOLID
 62
     7
100
AcDb2dPolyline
 66
     1
 10
0.0
 20
0.0
 30
0.0
 70
   128
  0
VERTEX
  5
200
330
100
100
AcDbEntity
  8
0
  6
SLD-SOLID
 62
     7
100
AcDbVertex
100
AcDb2dVertex
 10
180.6782733919
 20
141.5197407257
 30
0.0
  0
VERTEX
  5
201
330
100
100
AcDbEntity
  8
0
  6
SLD-SOLID
 62
     7
100
AcDbVertex
100
AcDb2dVertex
 10
180.6075627254
 20
141.5904523235
 30
0.0
  0
VERTEX
  5
202
330
100
100
AcDbEntity
  8
0
  6
SLD-SOLID
 62
     7
100
AcDbVertex
100
AcDb2dVertex
 10
180.536852059
 20
141.6611620586
 30
0.0
  0
SEQEND
  5
39B
330
100
100
AcDbEntity
  8
0
  6
SLD-SOLID
 62
     7
  0
LINE
  5
101
330
1F
100
AcDbEntity
  8
0
  6
SLD-SOLID
 62
     7
100
AcDbLine
 10
173.2617854877
 20
141.6611620586
 30
0.0
 11
173.1203639219
 21
141.5197407257
 31
0.0
  0
LINE
  5
102
330
1F
100
AcDbEntity
  8
0
  6
SLD-SOLID
 62
     7
100
AcDbLine
 10
173.1203639219
 20
91.0025840055
 30
0.0
 11
173.2617854877
 21
90.8611626725
 31
0.0
  0
SPLINE
  5
103
330
1F
100
AcDbEntity
  8
0
  6
SLD-SOLID
 62
     7
100
AcDbSpline
210
0.0
220
0.0
230
1.0
 70
     8
 71
     3
 72
    14
 73
    10
 74
     0
 42
0.000000001
 43
0.00000001
 40
0.0
 40
0.0
 40
0.0
 40
0.0
 40
0.1430103408857238
 40
0.2502659478422314
 40
0.4997079877824764
 40
0.6247827482264559
 40
0.7498435528551501
 40
0.8749208248774346
 40
1.0
 40
1.0
 40
1.0
 40
1.0
 10
177.0434410349381
 20
113.0379055047568
 30
0.0
 10
177.0630431724012
 20
113.0784383059517
 30
0.0
 10
177.0973466184424
 20
113.149370099044
 30
0.0
 10
177.1834427718853
 20
113.2812237645819
 30
0.0
 10
177.2887523784365
 20
113.3943481334014
 30
0.0
 10
177.4232109151514
 20
113.4785513155491
 30
0.0
 10
177.5335974583166
 20
113.523300175187
 30
0.0
 10
177.6499165860679
 20
113.5504352499941
 30
0.0
 10
177.7291730689452
 20
113.5533258919018
 30
0.0
 10
177.7688016118612
 20
113.5547712238511
 30
0.0
  0
SPLINE
  5
104
330
1F
100
AcDbEntity
  8
0
  6
SLD-SOLID
 62
     7
100
AcDbSpline
210
0.0
220
0.0
230
1.0
 70
     8
 71
     3
 72
    16
 73
    12
 74
     0
 42
0.000000001
 43
0.00000001
 40
0.0
 40
0.0
 40
0.0
 40
0.0
 40
0.0337410650275351
 40
0.0624645070378527
 40
0.1249473397675376
 40
0.2499225262346242
 40
0.3749322369027318
 40
0.4999553816512168
 40
0.7499869141727119
 40
0.875002453713614
 40
1.0
 40
1.0
 40
1.0
 40
1.0
 10
176.6407968041689
 20
111.8716515796437
 30
0.0
 10
176.6497828760257
 20
111.8823490665695
 30
0.0
 10
176.66641870386
 20
111.9021532205529
 30
0.0
 10
176.6951142688621
 20
111.9451928425461
 30
0.0
 10
176.7344972133217
 20
112.0255036978572
 30
0.0
 10
176.7788141861765
 20
112.1466732462876
 30
0.0
 10
176.8236215538679
 20
112.2948363218016
 30
0.0
 10
176.8733738339009
 20
112.4952339011938
 30
0.0
 10
176.9260243827447
 20
112.6951278118889
 30
0.0
 10
176.9857472038324
 20
112.8934882207521
 30
0.0
 10
177.0242106806321
 20
112.9897687198337
 30
0.0
 10
177.0434410349381
 20
113.0379055047568
 30
0.0
  0
SPLINE
  5
105
330
1F
100
AcDbEntity
  8
0
  6
SLD-SOLID
 62
     7
100
AcDbSpline
210
0.0
220
0.0
230
1.0
 70
     8
 71
     3
 72
    11
 73
     7
 74
     0
 42
0.000000001
 43
0.00000001
 40
0.0
 40
0.0
 40
0.0
 40
0.0
 40
0.2501966187589381
 40
0.5000571358904197
 40
0.7498722619843503
 40
1.0
 40
1.0
 40
1.0
 40
1.0
 10
176.3757727657074
 20
111.7657376515485
 30
0.0
 10
176.4003406176804
 20
111.7667302854903
 30
0.0
 10
176.4494433184024
 20
111.7687142199191
 30
0.0
 10
176.5204990026752
 20
111.7891999891671
 30
0.0
 10
176.5867293723317
 20
111.8221915897972
 30
0.0
 10
176.6227668155419
 20
111.855158045105
 30
0.0
 10
176.6407968041689
 20
111.8716515796437
 30
0.0
  0
SPLINE
  5
106
330
1F
100
AcDbEntity
  8
0
  6
SLD-SOLID
 62
     7
100
AcDbSpline
210
0.0
220
0.0
230
1.0
 70
     8
 71
     3
 72
    15
 73
    11
 74
     0
 42
0.000000001
 43
0.00000001
 40
0.0
 40
0.0
 40
0.0
 40
0.0
 40
0.125275370251643
 40
0.2505459008221438
 40
0.4998899455516698
 40
0.6248465295676188
 40
0.7498871296288072
 40
0.8747571796982551
 40
0.9373759605648334
 40
1.0
 40
1.0
 40
1.0
 40
1.0
 10
175.9280564195535
 20
112.3922666984224
 30
0.0
 10
175.9286614940588
 20
112.3562432432215
 30
0.0
 10
175.9298716196938
 20
112.2841977244903
 30
0.0
 10
175.9481782615402
 20
112.14205454797
 30
0.0
 10
175.9897827438085
 20
112.0007110454916
 30
0.0
 10
176.0798602382113
 20
111.886658102183
 30
0.0
 10
176.1650396928316
 20
111.8180517641294
 30
0.0
 10
176.2496177792896
 20
111.7821098119154
 30
0.0
 10
176.3211124769834
 20
111.7676364146022
 30
0.0
 10
176.3575521594686
 20
111.7663705902825
 30
0.0
 10
176.3757727657074
 20
111.7657376515485
 30
0.0
  0
SPLINE
  5
107
330
1F
100
AcDbEntity
  8
0
  6
SLD-SOLID
 62
     7
100
AcDbSpline
210
0.0
220
0.0
230
1.0
 70
     8
 71
     3
 72
    15
 73
    11
 74
     0
 42
0.000000001
 43
0.00000001
 40
0.0
 40
0.0
 40
0.0
 40
0.0
 40
0.125077051602969
 40
0.2500907010332929
 40
0.3770037493212298
 40
0.4998510636199282
 40
0.6247495841014389
 40
0.7497740173007873
 40
0.8748489178848905
 40
1.0
 40
1.0
 40
1.0
 40
1.0
 10
176.466517958015
 20
113.0581740503329
 30
0.0
 10
176.4265292166156
 20
113.0527037898647
 30
0.0
 10
176.3465720043063
 20
113.0417660418302
 30
0.0
 10
176.2314827231309
 20
113.0006254125311
 30
0.0
 10
176.127306342175
 20
112.93809587453
 30
0.0
 10
176.0430275287264
 20
112.8505205797341
 30
0.0
 10
175.9841416311
 20
112.7455089828076
 30
0.0
 10
175.9497312824811
 20
112.6303032684545
 30
0.0
 10
175.9307520299956
 20
112.5118527782235
 30
0.0
 10
175.9289551387226
 20
112.4321368148889
 30
0.0
 10
175.9280564195535
 20
112.3922666984224
 30
0.0
  0
LINE
  5
108
330
1F
100
AcDbEntity
  8
0
  6
SLD-SOLID
 62
     7
100
AcDbLine
 10
176.4665179807
 20
113.0581740651
 30
0.0
 11
176.4665179807
 21
113.478298568
 31
0.0
  0
SPLINE
  5
109
330
1F
100
AcDbEntity
  8
0
  6
SLD-SOLID
 62
     7
100
AcDbSpline
210
0.0
220
0.0
230
1.0
 70
     8
 71
     3
 72
    16
 73
    12
 74
     0
 42
0.000000001
 43
0.00000001
 40
0.0
 40
0.0
 40
0.0
 40
0.0
 40
0.1252501039117525
 40
0.2504474826799875
 40
0.4996006484765028
 40
0.642311641587441
 40
0.713852348552062
 40
0.7853894622243167
 40
0.8926376358440735
 40
0.9463073593472912
 40
1.0
 40
1.0
 40
1.0
 40
1.0
 10
175.5819025733997
 20
112.3756369717611
 30
0.0
 10
175.5836807589611
 20
112.4413247854301
 30
0.0
 10
175.5872363815408
 20
112.5726727608996
 30
0.0
 10
175.633426893606
 20
112.831145857297
 30
0.0
 10
175.7378879024494
 20
113.0899235880776
 30
0.0
 10
175.9068415150126
 20
113.2719475033296
 30
0.0
 10
176.0322771362973
 20
113.3570182868601
 30
0.0
 10
176.150654924889
 20
113.4171488338281
 30
0.0
 10
176.268885185176
 20
113.4546770501894
 30
0.0
 10
176.3813383776865
 20
113.4725569613422
 30
0.0
 10
176.4381207243931
 20
113.476384433567
 30
0.0
 10
176.466517958015
 20
113.4782985781781
 30
0.0
  0
SPLINE
  5
10A
330
1F
100
AcDbEntity
  8
0
  6
SLD-SOLID
 62
     7
100
AcDbSpline
210
0.0
220
0.0
230
1.0
 70
     8
 71
     3
 72
    16
 73
    12
 74
     0
 42
0.000000001
 43
0.00000001
 40
0.0
 40
0.0
 40
0.0
 40
0.0
 40
0.0625812918325567
 40
0.1251185619905074
 40
0.2500339966083301
 40
0.3748934519169221
 40
0.4997665987942821
 40
0.6425356419198732
 40
0.7497659459521637
 40
0.8748546621773099
 40
1.0
 40
1.0
 40
1.0
 40
1.0
 10
176.4034169964766
 20
111.3499824768391
 30
0.0
 10
176.3724348514963
 20
111.3510842454349
 30
0.0
 10
176.3104923553637
 20
111.3532870076074
 30
0.0
 10
176.1883502443508
 20
111.3752725088117
 30
0.0
 10
176.0430715566076
 20
111.4310477722311
 30
0.0
 10
175.8879227231093
 20
111.5340268646617
 30
0.0
 10
175.7600691055574
 20
111.6805543565796
 30
0.0
 10
175.6756097930159
 20
111.8448680097969
 30
0.0
 10
175.6199843257666
 20
112.0196996181316
 30
0.0
 10
175.5876031329248
 20
112.1919992056036
 30
0.0
 10
175.583803046529
 20
112.3144151498377
 30
0.0
 10
175.5819025733997
 20
112.3756369717611
 30
0.0
  0
SPLINE
  5
10B
330
1F
100
AcDbEntity
  8
0
  6
SLD-SOLID
 62
     7
100
AcDbSpline
210
0.0
220
0.0
230
1.0
 70
     8
 71
     3
 72
    13
 73
     9
 74
     0
 42
0.000000001
 43
0.00000001
 40
0.0
 40
0.0
 40
0.0
 40
0.0
 40
0.125270398714419
 40
0.2504796247751355
 40
0.5002081115003651
 40
0.7496342006308078
 40
0.8747805455085615
 40
1.0
 40
1.0
 40
1.0
 40
1.0
 10
177.0518544964766
 20
111.785257677117
 30
0.0
 10
177.0353949447778
 20
111.7552471760137
 30
0.0
 10
177.002483878989
 20
111.6952408286816
 30
0.0
 10
176.9247425799475
 20
111.582518473906
 30
0.0
 10
176.7999774297555
 20
111.4614219086817
 30
0.0
 10
176.6424702213361
 20
111.3854744606292
 30
0.0
 10
176.5074393630919
 20
111.3534806288014
 30
0.0
 10
176.4380978681791
 20
111.351148754471
 30
0.0
 10
176.4034169964766
 20
111.3499824768391
 30
0.0
  0
SPLINE
  5
10C
330
1F
100
AcDbEntity
  8
0
  6
SLD-SOLID
 62
     7
100
AcDbSpline
210
0.0
220
0.0
230
1.0
 70
     8
 71
     3
 72
    16
 73
    12
 74
     0
 42
0.000000001
 43
0.00000001
 40
0.0
 40
0.0
 40
0.0
 40
0.0
 40
0.0527504287283566
 40
0.1249941999136815
 40
0.2499999026623744
 40
0.3928661216840671
 40
0.5000195877471708
 40
0.7500131823437899
 40
0.8500162248725002
 40
0.910020615928678
 40
1.0
 40
1.0
 40
1.0
 40
1.0
 10
177.3841862272458
 20
112.8174736878344
 30
0.0
 10
177.3772980104173
 20
112.7996041645592
 30
0.0
 10
177.36097611177
 20
112.7572616316457
 30
0.0
 10
177.3324937971664
 20
112.6711152708599
 30
0.0
 10
177.2988213338479
 20
112.5524969689346
 30
0.0
 10
177.2623338587335
 20
112.4216451337348
 30
0.0
 10
177.2159749349035
 20
112.246740972582
 30
0.0
 10
177.1715991716
 20
112.0873697177623
 30
0.0
 10
177.121854201809
 20
111.9477944831544
 30
0.0
 10
177.089398848732
 20
111.8634730451235
 30
0.0
 10
177.0659325645541
 20
111.8145862234723
 30
0.0
 10
177.0518544964766
 20
111.785257677117
 30
0.0
  0
SPLINE
  5
10D
330
1F
100
AcDbEntity
  8
0
  6
SLD-SOLID
 62
     7
100
AcDbSpline
210
0.0
220
0.0
230
1.0
 70
     8
 71
     3
 72
    13
 73
     9
 74
     0
 42
0.000000001
 43
0.00000001
 40
0.0
 40
0.0
 40
0.0
 40
0.0
 40
0.1252815490492491
 40
0.2504017094291023
 40
0.4996939484694364
 40
0.7494089043026815
 40
0.874679694298558
 40
0.9999999999999999
 40
0.9999999999999999
 40
0.9999999999999999
 40
0.9999999999999999
 10
177.7892343041689
 20
113.1344976445289
 30
0.0
 10
177.7661712818584
 20
113.1334491824046
 30
0.0
 10
177.7200749472029
 20
113.1313536087932
 30
0.0
 10
177.6302004164173
 20
113.109909221859
 30
0.0
 10
177.5277365983939
 20
113.0517288386401
 30
0.0
 10
177.4557791358541
 20
112.9604793977699
 30
0.0
 10
177.4117369144851
 20
112.8803583309193
 30
0.0
 10
177.3933709993337
 20
112.838437996621
 30
0.0
 10
177.3841862272458
 20
112.8174736878344
 30
0.0
  0
SPLINE
  5
10E
330
1F
100
AcDbEntity
  8
0
  6
SLD-SOLID
 62
     7
100
AcDbSpline
210
0.0
220
0.0
230
1.0
 70
     8
 71
     3
 72
    15
 73
    11
 74
     0
 42
0.000000001
 43
0.00000001
 40
0.0
 40
0.0
 40
0.0
 40
0.0
 40
0.1252340652107844
 40
0.2504327417586057
 40
0.4998529441288107
 40
0.6248436805348833
 40
0.7498031372441032
 40
0.8747935524492925
 40
0.9373746756917836
 40
1.0
 40
1.0
 40
1.0
 40
1.0
 10
178.3126718041689
 20
112.4558315900736
 30
0.0
 10
178.31169785837
 20
112.4955535226432
 30
0.0
 10
178.30975024199
 20
112.5749861631522
 30
0.0
 10
178.2809594788806
 20
112.731286474206
 30
0.0
 10
178.2209112127403
 20
112.8815949743508
 30
0.0
 10
178.1202969839639
 20
113.0070569897158
 30
0.0
 10
178.0211171444767
 20
113.0764704223584
 30
0.0
 10
177.9283141052001
 20
113.1160626276386
 30
0.0
 10
177.8494231489321
 20
113.1319904943703
 30
0.0
 10
177.809301973689
 20
113.1336617311463
 30
0.0
 10
177.7892343041689
 20
113.1344976445289
 30
0.0
  0
SPLINE
  5
10F
330
1F
100
AcDbEntity
  8
0
  6
SLD-SOLID
 62
     7
100
AcDbSpline
210
0.0
220
0.0
230
1.0
 70
     8
 71
     3
 72
    16
 73
    12
 74
     0
 42
0.000000001
 43
0.00000001
 40
0.0
 40
0.0
 40
0.0
 40
0.0
 40
0.1251168957394033
 40
0.1890308212372085
 40
0.2502670331400987
 40
0.3770907917620686
 40
0.499883737775338
 40
0.6248539258738386
 40
0.7498673850240954
 40
0.874895935272113
 40
1.0
 40
1.0
 40
1.0
 40
1.0
 10
177.5819025733997
 20
111.6522213290253
 30
0.0
 10
177.6325347296979
 20
111.6585999824082
 30
0.0
 10
177.7090314972168
 20
111.6682370668342
 30
0.0
 10
177.8076908480365
 20
111.6941797399039
 30
0.0
 10
177.9047833203572
 20
111.7270351466678
 30
0.0
 10
178.0180452278271
 20
111.7858142329115
 30
0.0
 10
178.1303424931805
 20
111.8901999052493
 30
0.0
 10
178.212612906592
 20
112.0172563818331
 30
0.0
 10
178.2723408332683
 20
112.1565751744168
 30
0.0
 10
178.3070056791027
 20
112.3045890207639
 30
0.0
 10
178.3107827157205
 20
112.4054072547035
 30
0.0
 10
178.3126718041689
 20
112.4558315900736
 30
0.0
  0
LINE
  5
110
330
1F
100
AcDbEntity
  8
0
  6
SLD-SOLID
 62
     7
100
AcDbLine
 10
177.5819025797
 20
111.2368265528
 30
0.0
 11
177.5819025797
 21
111.6522211011
 31
0.0
  0
SPLINE
  5
111
330
1F
100
AcDbEntity
  8
0
  6
SLD-SOLID
 62
     7
100
AcDbSpline
210
0.0
220
0.0
230
1.0
 70
     8
 71
     3
 72
    17
 73
    13
 74
     0
 42
0.000000001
 43
0.00000001
 40
0.0
 40
0.0
 40
0.0
 40
0.0
 40
0.0626907839454782
 40
0.1253747394861348
 40
0.188063017826941
 40
0.2507382830477293
 40
0.3798433107158046
 40
0.5010131522246001
 40
0.7494941325266322
 40
0.8746495530799191
 40
0.9373239098167291
 40
1.0
 40
1.0
 40
1.0
 40
1.0
 10
178.6588256503228
 20
112.4742521612184
 30
0.0
 10
178.6584628107086
 20
112.4357985664077
 30
0.0
 10
178.6577371710013
 20
112.3588955652281
 30
0.0
 10
178.6476061481864
 20
112.2440398173203
 30
0.0
 10
178.6326406518957
 20
112.129780640972
 30
0.0
 10
178.599059825916
 20
111.9775493241792
 30
0.0
 10
178.5339154788955
 20
111.7959502734753
 30
0.0
 10
178.3684963774758
 20
111.5360098675788
 30
0.0
 10
178.1111096869306
 20
111.3484525998337
 30
0.0
 10
177.852081678783
 20
111.2674594834096
 30
0.0
 10
177.6984597588475
 20
111.242451698046
 30
0.0
 10
177.6207553267353
 20
111.2387014702249
 30
0.0
 10
177.5819025733997
 20
111.2368263303837
 30
0.0
  0
SPLINE
  5
112
330
1F
100
AcDbEntity
  8
0
  6
SLD-SOLID
 62
     7
100
AcDbSpline
210
0.0
220
0.0
230
1.0
 70
     8
 71
     3
 72
    15
 73
    11
 74
     0
 42
0.000000001
 43
0.00000001
 40
0.0
 40
0.0
 40
0.0
 40
0.0
 40
0.0626377064476396
 40
0.1252328576414508
 40
0.2502449672968832
 40
0.3754734207666781
 40
0.5002705548539966
 40
0.7495791849839694
 40
0.8747558686070932
 40
0.9999999999999999
 40
0.9999999999999999
 40
0.9999999999999999
 40
0.9999999999999999
 10
177.7688016118612
 20
113.5547712238511
 30
0.0
 10
177.8015369397876
 20
113.5535166193978
 30
0.0
 10
177.8669853556787
 20
113.5510082628534
 30
0.0
 10
177.9960497908467
 20
113.5275496334158
 30
0.0
 10
178.1497207190903
 20
113.4677155512323
 30
0.0
 10
178.3136233070621
 20
113.3579840636697
 30
0.0
 10
178.4910389369581
 20
113.1649060986105
 30
0.0
 10
178.5998649857893
 20
112.9227006116128
 30
0.0
 10
178.6527854401858
 20
112.6686848623578
 30
0.0
 10
178.6568118854526
 20
112.5390746979
 30
0.0
 10
178.6588256503228
 20
112.4742521612184
 30
0.0
  0
SPLINE
  5
113
330
1F
100
AcDbEntity
  8
0
  6
SLD-SOLID
 62
     7
100
AcDbSpline
210
0.0
220
0.0
230
1.0
 70
     8
 71
     3
 72
     8
 73
     4
 74
     0
 42
0.000000001
 43
0.00000001
 40
0.0
 40
0.0
 40
0.0
 40
0.0
 40
1.0
 40
1.0
 40
1.0
 40
1.0
 10
176.3757727657074
 20
115.7245436386735
 30
0.0
 10
177.123969881092
 20
115.5080454962076
 30
0.0
 10
177.8721669964766
 20
115.2916058633268
 30
0.0
 10
178.6203641118612
 20
115.0752955250726
 30
0.0
  0
SPLINE
  5
114
330
1F
100
AcDbEntity
  8
0
  6
SLD-SOLID
 62
     7
100
AcDbSpline
210
0.0
220
0.0
230
1.0
 70
     8
 71
     3
 72
     8
 73
     4
 74
     0
 42
0.000000001
 43
0.00000001
 40
0.0
 40
0.0
 40
0.0
 40
0.0
 40
1.0
 40
1.0
 40
1.0
 40
1.0
 10
175.9827439195535
 20
115.8381050054052
 30
0.0
 10
176.1137535349381
 20
115.8002496804061
 30
0.0
 10
176.2447631503227
 20
115.7623957653396
 30
0.0
 10
176.3757727657074
 20
115.7245436386735
 30
0.0
  0
SPLINE
  5
115
330
1F
100
AcDbEntity
  8
0
  6
SLD-SOLID
 62
     7
100
AcDbSpline
210
0.0
220
0.0
230
1.0
 70
     8
 71
     3
 72
     8
 73
     4
 74
     0
 42
0.000000001
 43
0.00000001
 40
0.0
 40
0.0
 40
0.0
 40
0.0
 40
1.0
 40
1.0
 40
1.0
 40
1.0
 10
176.3276958426304
 20
115.9324455805961
 30
0.0
 10
176.2127118682715
 20
115.9009978939245
 30
0.0
 10
176.0977278939125
 20
115.8695509632087
 30
0.0
 10
175.9827439195535
 20
115.8381050054052
 30
0.0
  0
SPLINE
  5
116
330
1F
100
AcDbEntity
  8
0
  6
SLD-SOLID
 62
     7
100
AcDbSpline
210
0.0
220
0.0
230
1.0
 70
     8
 71
     3
 72
     8
 73
     4
 74
     0
 42
0.000000001
 43
0.00000001
 40
0.0
 40
0.0
 40
0.0
 40
0.0
 40
1.0
 40
1.0
 40
1.0
 40
1.0
 10
178.6203641118612
 20
116.559232446966
 30
0.0
 10
177.8561413554509
 20
116.3503125388883
 30
0.0
 10
177.0919185990407
 20
116.1413623780385
 30
0.0
 10
176.3276958426304
 20
115.932445580596
 30
0.0
  0
LINE
  5
117
330
1F
100
AcDbEntity
  8
0
  6
SLD-SOLID
 62
     7
100
AcDbLine
 10
178.6203641249
 20
116.5592324466
 30
0.0
 11
178.6203641249
 21
117.0242687001
 31
0.0
  0
SPLINE
  5
118
330
1F
100
AcDbEntity
  8
0
  6
SLD-SOLID
 62
     7
100
AcDbSpline
210
0.0
220
0.0
230
1.0
 70
     8
 71
     3
 72
     8
 73
     4
 74
     0
 42
0.000000001
 43
0.00000001
 40
0.0
 40
0.0
 40
0.0
 40
0.0
 40
1.0
 40
1.0
 40
1.0
 40
1.0
 10
175.6203641118612
 20
117.7794874546073
 30
0.0
 10
176.6203641118612
 20
117.5279348862776
 30
0.0
 10
177.6203641118612
 20
117.2761581226976
 30
0.0
 10
178.6203641118612
 20
117.0242686742096
 30
0.0
  0
LINE
  5
119
330
1F
100
AcDbEntity
  8
0
  6
SLD-SOLID
 62
     7
100
AcDbLine
 10
175.6203640988
 20
117.3431665299
 30
0.0
 11
175.6203640988
 21
117.7794874308
 31
0.0
  0
SPLINE
  5
11A
330
1F
100
AcDbEntity
  8
0
  6
SLD-SOLID
 62
     7
100
AcDbSpline
210
0.0
220
0.0
230
1.0
 70
     8
 71
     3
 72
     8
 73
     4
 74
     0
 42
0.000000001
 43
0.00000001
 40
0.0
 40
0.0
 40
0.0
 40
0.0
 40
1.0
 40
1.0
 40
1.0
 40
1.0
 10
177.5819025733997
 20
116.9005179069472
 30
0.0
 10
176.9280564195535
 20
117.0481073460871
 30
0.0
 10
176.2742102657074
 20
117.1956643836511
 30
0.0
 10
175.6203641118612
 20
117.3431665874828
 30
0.0
  0
SPLINE
  5
11B
330
1F
100
AcDbEntity
  8
0
  6
SLD-SOLID
 62
     7
100
AcDbSpline
210
0.0
220
0.0
230
1.0
 70
     8
 71
     3
 72
    10
 73
     6
 74
     0
 42
0.000000001
 43
0.00000001
 40
0.0
 40
0.0
 40
0.0
 40
0.0
 40
0.4999998756231957
 40
0.7499999416973971
 40
1.0
 40
1.0
 40
1.0
 40
1.0
 10
178.2008929580151
 20
116.7611300744735
 30
0.0
 10
178.0977961456079
 20
116.7846657207989
 30
0.0
 10
177.9431509005503
 20
116.8199691963246
 30
0.0
 10
177.7366470080489
 20
116.8656572501292
 30
0.0
 10
177.6334840510816
 20
116.8888976881283
 30
0.0
 10
177.5819025733997
 20
116.9005179069472
 30
0.0
  0
SPLINE
  5
11C
330
1F
100
AcDbEntity
  8
0
  6
SLD-SOLID
 62
     7
100
AcDbSpline
210
0.0
220
0.0
230
1.0
 70
     8
 71
     3
 72
    11
 73
     7
 74
     0
 42
0.000000001
 43
0.00000001
 40
0.0
 40
0.0
 40
0.0
 40
0.0
 40
0.250001228634238
 40
0.5000002471288382
 40
0.7499993874665485
 40
1.0
 40
1.0
 40
1.0
 40
1.0
 10
177.1233689195535
 20
116.5225760196492
 30
0.0
 10
177.2125118161466
 20
116.5452915067597
 30
0.0
 10
177.3907968212635
 20
116.5907222801641
 30
0.0
 10
177.6598637396166
 20
116.6521017883749
 30
0.0
 10
177.9296358376348
 20
116.7103211196333
 30
0.0
 10
178.1104737404023
 20
116.7441937229487
 30
0.0
 10
178.2008929580151
 20
116.7611300744735
 30
0.0
  0
SPLINE
  5
11D
330
1F
100
AcDbEntity
  8
0
  6
SLD-SOLID
 62
     7
100
AcDbSpline
210
0.0
220
0.0
230
1.0
 70
     8
 71
     3
 72
     8
 73
     4
 74
     0
 42
0.000000001
 43
0.00000001
 40
0.0
 40
0.0
 40
0.0
 40
0.0
 40
1.0
 40
1.0
 40
1.0
 40
1.0
 10
175.6203641118612
 20
116.0940962625199
 30
0.0
 10
176.1213657144253
 20
116.2369216985847
 30
0.0
 10
176.6223673169894
 20
116.3797550586011
 30
0.0
 10
177.1233689195535
 20
116.5225760196492
 30
0.0
  0
LINE
  5
11E
330
1F
100
AcDbEntity
  8
0
  6
SLD-SOLID
 62
     7
100
AcDbLine
 10
175.6203640988
 20
115.5851604778
 30
0.0
 11
175.6203640988
 21
116.0940962652
 31
0.0
  0
SPLINE
  5
11F
330
1F
100
AcDbEntity
  8
0
  6
SLD-SOLID
 62
     7
100
AcDbSpline
210
0.0
220
0.0
230
1.0
 70
     8
 71
     3
 72
     8
 73
     4
 74
     0
 42
0.000000001
 43
0.00000001
 40
0.0
 40
0.0
 40
0.0
 40
0.0
 40
1.0
 40
1.0
 40
1.0
 40
1.0
 10
177.6678400733997
 20
114.9930599478744
 30
0.0
 10
176.9853480862202
 20
115.1903296621525
 30
0.0
 10
176.3028560990407
 20
115.3877144031811
 30
0.0
 10
175.6203641118612
 20
115.5851604643327
 30
0.0
  0
SPLINE
  5
120
330
1F
100
AcDbEntity
  8
0
  6
SLD-SOLID
 62
     7
100
AcDbSpline
210
0.0
220
0.0
230
1.0
 70
     8
 71
     3
 72
     8
 73
     4
 74
     0
 42
0.000000001
 43
0.00000001
 40
0.0
 40
0.0
 40
0.0
 40
0.0
 40
1.0
 40
1.0
 40
1.0
 40
1.0
 10
178.2008929580151
 20
114.8388298286489
 30
0.0
 10
178.0232086631432
 20
114.8902314203667
 30
0.0
 10
177.8455243682715
 20
114.9416417769114
 30
0.0
 10
177.6678400733997
 20
114.9930599478744
 30
0.0
  0
SPLINE
  5
121
330
1F
100
AcDbEntity
  8
0
  6
SLD-SOLID
 62
     7
100
AcDbSpline
210
0.0
220
0.0
230
1.0
 70
     8
 71
     3
 72
     8
 73
     4
 74
     0
 42
0.000000001
 43
0.00000001
 40
0.0
 40
0.0
 40
0.0
 40
0.0
 40
1.0
 40
1.0
 40
1.0
 40
1.0
 10
177.5933208426304
 20
114.7020469508432
 30
0.0
 10
177.795844881092
 20
114.7476339028056
 30
0.0
 10
177.9983689195535
 20
114.7932284165413
 30
0.0
 10
178.2008929580151
 20
114.8388298286489
 30
0.0
  0
SPLINE
  5
122
330
1F
100
AcDbEntity
  8
0
  6
SLD-SOLID
 62
     7
100
AcDbSpline
210
0.0
220
0.0
230
1.0
 70
     8
 71
     3
 72
     8
 73
     4
 74
     0
 42
0.000000001
 43
0.00000001
 40
0.0
 40
0.0
 40
0.0
 40
0.0
 40
1.0
 40
1.0
 40
1.0
 40
1.0
 10
175.6203641118612
 20
114.2578365454946
 30
0.0
 10
176.2780163554509
 20
114.4058116364088
 30
0.0
 10
176.9356685990407
 20
114.5538893569651
 30
0.0
 10
177.5933208426304
 20
114.7020469508432
 30
0.0
  0
LINE
  5
123
330
1F
100
AcDbEntity
  8
0
  6
SLD-SOLID
 62
     7
100
AcDbLine
 10
175.6203640988
 20
113.82261644
 30
0.0
 11
175.6203640988
 21
114.2578365177
 31
0.0
  0
SPLINE
  5
124
330
1F
100
AcDbEntity
  8
0
  6
SLD-SOLID
 62
     7
100
AcDbSpline
210
0.0
220
0.0
230
1.0
 70
     8
 71
     3
 72
     8
 73
     4
 74
     0
 42
0.000000001
 43
0.00000001
 40
0.0
 40
0.0
 40
0.0
 40
0.0
 40
1.0
 40
1.0
 40
1.0
 40
1.0
 10
178.6203641118612
 20
114.5755031304806
 30
0.0
 10
177.6203641118612
 20
114.3242553594018
 30
0.0
 10
176.6203641118612
 20
114.0732561034012
 30
0.0
 10
175.6203641118612
 20
113.822616351827
 30
0.0
  0
LINE
  5
125
330
1F
100
AcDbEntity
  8
0
  6
SLD-SOLID
 62
     7
100
AcDbLine
 10
178.6203641249
 20
114.5755030809
 30
0.0
 11
178.6203641249
 21
115.0752954779
 31
0.0
  0
SPLINE
  5
126
330
1F
100
AcDbEntity
  8
0
  6
SLD-SOLID
 62
     7
100
AcDbSpline
210
0.0
220
0.0
230
1.0
 70
     8
 71
     3
 72
    13
 73
     9
 74
     0
 42
0.000000001
 43
0.00000001
 40
0.0
 40
0.0
 40
0.0
 40
0.0
 40
0.250026687813903
 40
0.500000314245393
 40
0.6250017566430134
 40
0.7499998446632242
 40
0.8749949822641397
 40
1.0
 40
1.0
 40
1.0
 40
1.0
 10
178.6510131503227
 20
123.9642328571925
 30
0.0
 10
178.7123588416636
 20
123.8998956953962
 30
0.0
 10
178.8350372053865
 20
123.7712350256209
 30
0.0
 10
179.0000168087284
 20
123.6204349091457
 30
0.0
 10
179.1402960561072
 20
123.5086943499303
 30
0.0
 10
179.2520192844633
 20
123.4329342297839
 30
0.0
 10
179.3681745945861
 20
123.3633878234648
 30
0.0
 10
179.4497614031135
 20
123.3242213222717
 30
0.0
 10
179.4905564195535
 20
123.304637297735
 30
0.0
  0
LINE
  5
127
330
1F
100
AcDbEntity
  8
0
  6
SLD-SOLID
 62
     7
100
AcDbLine
 10
178.4947631685
 20
123.9642328944
 30
0.0
 11
178.6510131359
 21
123.9642328944
 31
0.0
  0
SPLINE
  5
128
330
1F
100
AcDbEntity
  8
0
  6
SLD-SOLID
 62
     7
100
AcDbSpline
210
0.0
220
0.0
230
1.0
 70
     8
 71
     3
 72
    12
 73
     8
 74
     0
 42
0.000000001
 43
0.00000001
 40
0.0
 40
0.0
 40
0.0
 40
0.0
 40
0.1250050359736631
 40
0.2500141165590953
 40
0.4999708928065026
 40
0.7499744060606619
 40
1.0
 40
1.0
 40
1.0
 40
1.0
 10
178.8944025733997
 20
123.3646648365433
 30
0.0
 10
178.8732942196523
 20
123.3866077048466
 30
0.0
 10
178.8310768291842
 20
123.4304941514278
 30
0.0
 10
178.7552202207174
 20
123.5251705739126
 30
0.0
 10
178.6685168317109
 20
123.6489178152738
 30
0.0
 10
178.5757999602017
 20
123.8039179080805
 30
0.0
 10
178.5217762154903
 20
123.9107929676637
 30
0.0
 10
178.4947631503228
 20
123.9642328571925
 30
0.0
  0
LINE
  5
129
330
1F
100
AcDbEntity
  8
0
  6
SLD-SOLID
 62
     7
100
AcDbLine
 10
175.9046188826
 20
123.3646646503
 30
0.0
 11
178.8944025329
 21
123.3646646503
 31
0.0
  0
LINE
  5
12A
330
1F
100
AcDbEntity
  8
0
  6
SLD-SOLID
 62
     7
100
AcDbLine
 10
175.9046188826
 20
123.1676848035
 30
0.0
 11
175.9046188826
 21
123.3646646503
 31
0.0
  0
LINE
  5
12B
330
1F
100
AcDbEntity
  8
0
  6
SLD-SOLID
 62
     7
100
AcDbLine
 10
178.8944025329
 20
123.1676848035
 30
0.0
 11
175.9046188826
 21
123.1676848035
 31
0.0
  0
SPLINE
  5
12C
330
1F
100
AcDbEntity
  8
0
  6
SLD-SOLID
 62
     7
100
AcDbSpline
210
0.0
220
0.0
230
1.0
 70
     8
 71
     3
 72
    12
 73
     8
 74
     0
 42
0.000000001
 43
0.00000001
 40
0.0
 40
0.0
 40
0.0
 40
0.0
 40
0.2500182245954662
 40
0.4999820766736496
 40
0.6632315263961149
 40
0.7856940298509556
 40
0.9999999999999999
 40
0.9999999999999999
 40
0.9999999999999999
 40
0.9999999999999999
 10
178.4983689195535
 20
122.5624568495223
 30
0.0
 10
178.5262806739288
 20
122.616011056128
 30
0.0
 10
178.5820981125925
 20
122.7231078226805
 30
0.0
 10
178.6598085167901
 20
122.8633618686999
 30
0.0
 10
178.7356758056994
 20
122.9686817311808
 30
0.0
 10
178.8100876728907
 20
123.0642215574645
 30
0.0
 10
178.8616135613952
 20
123.1274493746947
 30
0.0
 10
178.8944025733997
 20
123.1676850255172
 30
0.0
  0
LINE
  5
12D
330
1F
100
AcDbEntity
  8
0
  6
SLD-SOLID
 62
     7
100
AcDbLine
 10
178.65281606
 20
122.5624569122
 30
0.0
 11
178.4983689003
 21
122.5624569122
 31
0.0
  0
SPLINE
  5
12E
330
1F
100
AcDbEntity
  8
0
  6
SLD-SOLID
 62
     7
100
AcDbSpline
210
0.0
220
0.0
230
1.0
 70
     8
 71
     3
 72
    13
 73
     9
 74
     0
 42
0.000000001
 43
0.00000001
 40
0.0
 40
0.0
 40
0.0
 40
0.0
 40
0.1428438605763066
 40
0.2856843658321873
 40
0.4999188100878976
 40
0.6527890906805695
 40
0.8194040422641456
 40
1.0
 40
1.0
 40
1.0
 40
1.0
 10
179.4905564195535
 20
123.214516141727
 30
0.0
 10
179.443915637617
 20
123.1931578183689
 30
0.0
 10
179.350635169309
 20
123.1504416733476
 30
0.0
 10
179.199511730905
 20
123.0546227074069
 30
0.0
 10
179.0528716163595
 20
122.9467728718504
 30
0.0
 10
178.9113234561327
 20
122.820237948696
 30
0.0
 10
178.7826371736719
 20
122.6976805428452
 30
0.0
 10
178.6972360194957
 20
122.6087253881271
 30
0.0
 10
178.6528160349381
 20
122.5624568495223
 30
0.0
  0
LINE
  5
12F
330
1F
100
AcDbEntity
  8
0
  6
SLD-SOLID
 62
     7
100
AcDbLine
 10
179.4905563155
 20
123.2145163592
 30
0.0
 11
179.4905563155
 21
123.3046371851
 31
0.0
  0
POLYLINE
  5
130
330
1F
100
AcDbEntity
  8
0
  6
SLD-SOLID
 62
     7
100
AcDb2dPolyline
 66
     1
 10
0.0
 20
0.0
 30
0.0
 70
   128
  0
VERTEX
  5
203
330
130
100
AcDbEntity
  8
0
  6
SLD-SOLID
 62
     7
100
AcDbVertex
100
AcDb2dVertex
 10
180.9801981589
 20
90.8587151568
 30
0.0
  0
VERTEX
  5
204
330
130
100
AcDbEntity
  8
0
  6
SLD-SOLID
 62
     7
100
AcDbVertex
100
AcDb2dVertex
 10
180.9797569448
 20
90.9092859726
 30
0.0
  0
VERTEX
  5
205
330
130
100
AcDbEntity
  8
0
  6
SLD-SOLID
 62
     7
100
AcDbVertex
100
AcDb2dVertex
 10
180.9784400547
 20
91.0601807188
 30
0.0
  0
VERTEX
  5
206
330
130
100
AcDbEntity
  8
0
  6
SLD-SOLID
 62
     7
100
AcDbVertex
100
AcDb2dVertex
 10
180.9762584316
 20
91.3101756375
 30
0.0
  0
VERTEX
  5
207
330
130
100
AcDbEntity
  8
0
  6
SLD-SOLID
 62
     7
100
AcDbVertex
100
AcDb2dVertex
 10
180.9732225528
 20
91.6580451082
 30
0.0
  0
VERTEX
  5
208
330
130
100
AcDbEntity
  8
0
  6
SLD-SOLID
 62
     7
100
AcDbVertex
100
AcDb2dVertex
 10
180.9693433615
 20
92.1025672357
 30
0.0
  0
VERTEX
  5
209
330
130
100
AcDbEntity
  8
0
  6
SLD-SOLID
 62
     7
100
AcDbVertex
100
AcDb2dVertex
 10
180.9646313349
 20
92.6425145369
 30
0.0
  0
VERTEX
  5
20A
330
130
100
AcDbEntity
  8
0
  6
SLD-SOLID
 62
     7
100
AcDbVertex
100
AcDb2dVertex
 10
180.9590988131
 20
93.2764620881
 30
0.0
  0
VERTEX
  5
20B
330
130
100
AcDbEntity
  8
0
  6
SLD-SOLID
 62
     7
100
AcDbVertex
100
AcDb2dVertex
 10
180.9533283385
 20
93.9377178799
 30
0.0
  0
VERTEX
  5
20C
330
130
100
AcDbEntity
  8
0
  6
SLD-SOLID
 62
     7
100
AcDbVertex
100
AcDb2dVertex
 10
180.9469126901
 20
94.6728573542
 30
0.0
  0
VERTEX
  5
20D
330
130
100
AcDbEntity
  8
0
  6
SLD-SOLID
 62
     7
100
AcDbVertex
100
AcDb2dVertex
 10
180.9398758495
 20
95.4791983019
 30
0.0
  0
VERTEX
  5
20E
330
130
100
AcDbEntity
  8
0
  6
SLD-SOLID
 62
     7
100
AcDbVertex
100
AcDb2dVertex
 10
180.9322410999
 20
96.3540529262
 30
0.0
  0
VERTEX
  5
20F
330
130
100
AcDbEntity
  8
0
  6
SLD-SOLID
 62
     7
100
AcDbVertex
100
AcDb2dVertex
 10
180.9240319571
 20
97.2947371553
 30
0.0
  0
VERTEX
  5
210
330
130
100
AcDbEntity
  8
0
  6
SLD-SOLID
 62
     7
100
AcDbVertex
100
AcDb2dVertex
 10
180.9152717041
 20
98.2985613297
 30
0.0
  0
VERTEX
  5
211
330
130
100
AcDbEntity
  8
0
  6
SLD-SOLID
 62
     7
100
AcDbVertex
100
AcDb2dVertex
 10
180.9051179597
 20
99.4620700728
 30
0.0
  0
VERTEX
  5
212
330
130
100
AcDbEntity
  8
0
  6
SLD-SOLID
 62
     7
100
AcDbVertex
100
AcDb2dVertex
 10
180.8943842342
 20
100.6920240249
 30
0.0
  0
VERTEX
  5
213
330
130
100
AcDbEntity
  8
0
  6
SLD-SOLID
 62
     7
100
AcDbVertex
100
AcDb2dVertex
 10
180.8831163952
 20
101.9832049858
 30
0.0
  0
VERTEX
  5
214
330
130
100
AcDbEntity
  8
0
  6
SLD-SOLID
 62
     7
100
AcDbVertex
100
AcDb2dVertex
 10
180.8713596119
 20
103.3303928923
 30
0.0
  0
VERTEX
  5
215
330
130
100
AcDbEntity
  8
0
  6
SLD-SOLID
 62
     7
100
AcDbVertex
100
AcDb2dVertex
 10
180.8591597518
 20
104.7283695441
 30
0.0
  0
VERTEX
  5
216
330
130
100
AcDbEntity
  8
0
  6
SLD-SOLID
 62
     7
100
AcDbVertex
100
AcDb2dVertex
 10
180.8465619842
 20
106.1719158094
 30
0.0
  0
VERTEX
  5
217
330
130
100
AcDbEntity
  8
0
  6
SLD-SOLID
 62
     7
100
AcDbVertex
100
AcDb2dVertex
 10
180.8336138064
 20
107.6556439873
 30
0.0
  0
VERTEX
  5
218
330
130
100
AcDbEntity
  8
0
  6
SLD-SOLID
 62
     7
100
AcDbVertex
100
AcDb2dVertex
 10
180.8214819329
 20
109.045806377
 30
0.0
  0
VERTEX
  5
219
330
130
100
AcDbEntity
  8
0
  6
SLD-SOLID
 62
     7
100
AcDbVertex
100
AcDb2dVertex
 10
180.8091419088
 20
110.4598455492
 30
0.0
  0
VERTEX
  5
21A
330
130
100
AcDbEntity
  8
0
  6
SLD-SOLID
 62
     7
100
AcDbVertex
100
AcDb2dVertex
 10
180.7966347123
 20
111.8930201407
 30
0.0
  0
VERTEX
  5
21B
330
130
100
AcDbEntity
  8
0
  6
SLD-SOLID
 62
     7
100
AcDbVertex
100
AcDb2dVertex
 10
180.78400202
 20
113.3405880898
 30
0.0
  0
VERTEX
  5
21C
330
130
100
AcDbEntity
  8
0
  6
SLD-SOLID
 62
     7
100
AcDbVertex
100
AcDb2dVertex
 10
180.7712850431
 20
114.7978083825
 30
0.0
  0
VERTEX
  5
21D
330
130
100
AcDbEntity
  8
0
  6
SLD-SOLID
 62
     7
100
AcDbVertex
100
AcDb2dVertex
 10
180.7585252253
 20
116.2599390637
 30
0.0
  0
VERTEX
  5
21E
330
130
100
AcDbEntity
  8
0
  6
SLD-SOLID
 62
     7
100
AcDbVertex
100
AcDb2dVertex
 10
180.7446068423
 20
117.854818505
 30
0.0
  0
VERTEX
  5
21F
330
130
100
AcDbEntity
  8
0
  6
SLD-SOLID
 62
     7
100
AcDbVertex
100
AcDb2dVertex
 10
180.7307441058
 20
119.4433411944
 30
0.0
  0
VERTEX
  5
220
330
130
100
AcDbEntity
  8
0
  6
SLD-SOLID
 62
     7
100
AcDbVertex
100
AcDb2dVertex
 10
180.716990334
 20
121.0193508666
 30
0.0
  0
VERTEX
  5
221
330
130
100
AcDbEntity
  8
0
  6
SLD-SOLID
 62
     7
100
AcDbVertex
100
AcDb2dVertex
 10
180.7033997765
 20
122.5766921777
 30
0.0
  0
VERTEX
  5
222
330
130
100
AcDbEntity
  8
0
  6
SLD-SOLID
 62
     7
100
AcDbVertex
100
AcDb2dVertex
 10
180.6900255187
 20
124.1092081543
 30
0.0
  0
VERTEX
  5
223
330
130
100
AcDbEntity
  8
0
  6
SLD-SOLID
 62
     7
100
AcDbVertex
100
AcDb2dVertex
 10
180.67692181
 20
125.6107441511
 30
0.0
  0
VERTEX
  5
224
330
130
100
AcDbEntity
  8
0
  6
SLD-SOLID
 62
     7
100
AcDbVertex
100
AcDb2dVertex
 10
180.6641426673
 20
127.075105476
 30
0.0
  0
VERTEX
  5
225
330
130
100
AcDbEntity
  8
0
  6
SLD-SOLID
 62
     7
100
AcDbVertex
100
AcDb2dVertex
 10
180.6527563175
 20
128.379836249
 30
0.0
  0
VERTEX
  5
226
330
130
100
AcDbEntity
  8
0
  6
SLD-SOLID
 62
     7
100
AcDbVertex
100
AcDb2dVertex
 10
180.6417203779
 20
129.6444493707
 30
0.0
  0
VERTEX
  5
227
330
130
100
AcDbEntity
  8
0
  6
SLD-SOLID
 62
     7
100
AcDbVertex
100
AcDb2dVertex
 10
180.6310693072
 20
130.8649233904
 30
0.0
  0
VERTEX
  5
228
330
130
100
AcDbEntity
  8
0
  6
SLD-SOLID
 62
     7
100
AcDbVertex
100
AcDb2dVertex
 10
180.6208387287
 20
132.037239651
 30
0.0
  0
VERTEX
  5
229
330
130
100
AcDbEntity
  8
0
  6
SLD-SOLID
 62
     7
100
AcDbVertex
100
AcDb2dVertex
 10
180.611063567
 20
133.1573767017
 30
0.0
  0
VERTEX
  5
22A
330
130
100
AcDbEntity
  8
0
  6
SLD-SOLID
 62
     7
100
AcDbVertex
100
AcDb2dVertex
 10
180.6017785138
 20
134.2213158857
 30
0.0
  0
VERTEX
  5
22B
330
130
100
AcDbEntity
  8
0
  6
SLD-SOLID
 62
     7
100
AcDbVertex
100
AcDb2dVertex
 10
180.5922489884
 20
135.3133083682
 30
0.0
  0
VERTEX
  5
22C
330
130
100
AcDbEntity
  8
0
  6
SLD-SOLID
 62
     7
100
AcDbVertex
100
AcDb2dVertex
 10
180.5833776752
 20
136.3298637222
 30
0.0
  0
VERTEX
  5
22D
330
130
100
AcDbEntity
  8
0
  6
SLD-SOLID
 62
     7
100
AcDbVertex
100
AcDb2dVertex
 10
180.575195075
 20
137.2674988013
 30
0.0
  0
VERTEX
  5
22E
330
130
100
AcDbEntity
  8
0
  6
SLD-SOLID
 62
     7
100
AcDbVertex
100
AcDb2dVertex
 10
180.5677314559
 20
138.1227230083
 30
0.0
  0
VERTEX
  5
22F
330
130
100
AcDbEntity
  8
0
  6
SLD-SOLID
 62
     7
100
AcDbVertex
100
AcDb2dVertex
 10
180.5610177843
 20
138.8920513343
 30
0.0
  0
VERTEX
  5
230
330
130
100
AcDbEntity
  8
0
  6
SLD-SOLID
 62
     7
100
AcDbVertex
100
AcDb2dVertex
 10
180.5550838625
 20
139.5719969075
 30
0.0
  0
VERTEX
  5
231
330
130
100
AcDbEntity
  8
0
  6
SLD-SOLID
 62
     7
100
AcDbVertex
100
AcDb2dVertex
 10
180.5499594929
 20
140.1591883402
 30
0.0
  0
VERTEX
  5
232
330
130
100
AcDbEntity
  8
0
  6
SLD-SOLID
 62
     7
100
AcDbVertex
100
AcDb2dVertex
 10
180.5459887991
 20
140.6141952973
 30
0.0
  0
VERTEX
  5
233
330
130
100
AcDbEntity
  8
0
  6
SLD-SOLID
 62
     7
100
AcDbVertex
100
AcDb2dVertex
 10
180.5427214867
 20
140.9885888349
 30
0.0
  0
VERTEX
  5
234
330
130
100
AcDbEntity
  8
0
  6
SLD-SOLID
 62
     7
100
AcDbVertex
100
AcDb2dVertex
 10
180.5401659375
 20
141.281424592
 30
0.0
  0
VERTEX
  5
235
330
130
100
AcDbEntity
  8
0
  6
SLD-SOLID
 62
     7
100
AcDbVertex
100
AcDb2dVertex
 10
180.5383303007
 20
141.4917619329
 30
0.0
  0
VERTEX
  5
236
330
130
100
AcDbEntity
  8
0
  6
SLD-SOLID
 62
     7
100
AcDbVertex
100
AcDb2dVertex
 10
180.5372229582
 20
141.6186546337
 30
0.0
  0
VERTEX
  5
237
330
130
100
AcDbEntity
  8
0
  6
SLD-SOLID
 62
     7
100
AcDbVertex
100
AcDb2dVertex
 10
180.536852059
 20
141.6611620586
 30
0.0
  0
SEQEND
  5
39C
330
130
100
AcDbEntity
  8
0
  6
SLD-SOLID
 62
     7
  0
LINE
  5
131
330
1F
100
AcDbEntity
  8
0
  6
SLD-SOLID
 62
     7
100
AcDbLine
 10
173.2617854877
 20
90.8611626725
 30
0.0
 11
173.2617854877
 21
141.6611620586
 31
0.0
  0
LINE
  5
132
330
1F
100
AcDbEntity
  8
0
  6
SLD-SOLID
 62
     7
100
AcDbLine
 10
177.8895948818
 20
121.6994994681
 30
0.0
 11
178.6203641249
 21
121.6994994681
 31
0.0
  0
LINE
  5
133
330
1F
100
AcDbEntity
  8
0
  6
SLD-SOLID
 62
     7
100
AcDbLine
 10
177.8895948818
 20
121.6994994681
 30
0.0
 11
177.8895948818
 21
122.0745579701
 31
0.0
  0
LINE
  5
134
330
1F
100
AcDbEntity
  8
0
  6
SLD-SOLID
 62
     7
100
AcDbLine
 10
177.5049794968
 20
122.0745579701
 30
0.0
 11
177.8895948818
 21
122.0745579701
 31
0.0
  0
LINE
  5
135
330
1F
100
AcDbEntity
  8
0
  6
SLD-SOLID
 62
     7
100
AcDbLine
 10
177.5049794968
 20
121.6994994681
 30
0.0
 11
177.5049794968
 21
122.0745579701
 31
0.0
  0
LINE
  5
136
330
1F
100
AcDbEntity
  8
0
  6
SLD-SOLID
 62
     7
100
AcDbLine
 10
175.6588256257
 20
121.6994994681
 30
0.0
 11
177.5049794968
 21
121.6994994681
 31
0.0
  0
LINE
  5
137
330
1F
100
AcDbEntity
  8
0
  6
SLD-SOLID
 62
     7
100
AcDbLine
 10
175.6588256257
 20
121.4362117823
 30
0.0
 11
175.6588256257
 21
121.6994994681
 31
0.0
  0
SPLINE
  5
138
330
1F
100
AcDbEntity
  8
0
  6
SLD-SOLID
 62
     7
100
AcDbSpline
210
0.0
220
0.0
230
1.0
 70
     8
 71
     3
 72
     8
 73
     4
 74
     0
 42
0.000000001
 43
0.00000001
 40
0.0
 40
0.0
 40
0.0
 40
0.0
 40
1.0
 40
1.0
 40
1.0
 40
1.0
 10
177.5049794964766
 20
120.0355929604601
 30
0.0
 10
176.889594881092
 20
120.5046853366143
 30
0.0
 10
176.2742102657074
 20
120.971802472181
 30
0.0
 10
175.6588256503228
 20
121.4362115752194
 30
0.0
  0
LINE
  5
139
330
1F
100
AcDbEntity
  8
0
  6
SLD-SOLID
 62
     7
100
AcDbLine
 10
177.8895948818
 20
120.0355929684
 30
0.0
 11
177.5049794968
 21
120.0355929684
 31
0.0
  0
LINE
  5
13A
330
1F
100
AcDbEntity
  8
0
  6
SLD-SOLID
 62
     7
100
AcDbLine
 10
177.8895948818
 20
120.0355929684
 30
0.0
 11
177.8895948818
 21
121.3231943909
 31
0.0
  0
LINE
  5
13B
330
1F
100
AcDbEntity
  8
0
  6
SLD-SOLID
 62
     7
100
AcDbLine
 10
178.6203641249
 20
121.3231943909
 30
0.0
 11
177.8895948818
 21
121.3231943909
 31
0.0
  0
LINE
  5
13C
330
1F
100
AcDbEntity
  8
0
  6
SLD-SOLID
 62
     7
100
AcDbLine
 10
178.6203641249
 20
121.3231943909
 30
0.0
 11
178.6203641249
 21
121.6994994681
 31
0.0
  0
SPLINE
  5
13D
330
1F
100
AcDbEntity
  8
0
  6
SLD-SOLID
 62
     7
100
AcDbSpline
210
0.0
220
0.0
230
1.0
 70
     8
 71
     3
 72
    14
 73
    10
 74
     0
 42
0.000000001
 43
0.00000001
 40
0.0
 40
0.0
 40
0.0
 40
0.0
 40
0.0625675661231027
 40
0.1251140026044145
 40
0.2501011477719551
 40
0.4995675077343522
 40
0.7496838681908562
 40
0.8748402580249527
 40
0.9999999999999999
 40
0.9999999999999999
 40
0.9999999999999999
 40
0.9999999999999999
 10
176.4484891118612
 20
119.7310473287618
 30
0.0
 10
176.4805183333036
 20
119.7301424211325
 30
0.0
 10
176.5445659596261
 20
119.7283329114696
 30
0.0
 10
176.6711825167852
 20
119.7080780508677
 30
0.0
 10
176.8859080784683
 20
119.6413263917864
 30
0.0
 10
177.1567589586255
 20
119.4636190460608
 30
0.0
 10
177.3829104539502
 20
119.2389150581469
 30
0.0
 10
177.5546940113471
 20
119.0502391759691
 30
0.0
 10
177.6377365281778
 20
118.9532824757214
 30
0.0
 10
177.6792583426304
 20
118.9048034763935
 30
0.0
  0
SPLINE
  5
13E
330
1F
100
AcDbEntity
  8
0
  6
SLD-SOLID
 62
     7
100
AcDbSpline
210
0.0
220
0.0
230
1.0
 70
     8
 71
     3
 72
    17
 73
    13
 74
     0
 42
0.000000001
 43
0.00000001
 40
0.0
 40
0.0
 40
0.0
 40
0.0
 40
0.0625815367657528
 40
0.125149296108414
 40
0.2501912548844284
 40
0.3768455455383222
 40
0.5000947322410834
 40
0.6264241736681906
 40
0.7499896198500153
 40
0.8748734351903253
 40
0.9374280894526232
 40
1.0
 40
1.0
 40
1.0
 40
1.0
 10
175.6203641118612
 20
118.814534451682
 30
0.0
 10
175.6208258897056
 20
118.8434087745472
 30
0.0
 10
175.6217493437333
 20
118.9011510635503
 30
0.0
 10
175.6329806077465
 20
119.0160678191176
 30
0.0
 10
175.6625273869237
 20
119.1585072341855
 30
0.0
 10
175.7286945267948
 20
119.3195793725927
 30
0.0
 10
175.829744630735
 20
119.4623946711057
 30
0.0
 10
175.957182712679
 20
119.5801574838864
 30
0.0
 10
176.1074560867361
 20
119.6697123364615
 30
0.0
 10
176.2466016130923
 20
119.7116844233556
 30
0.0
 10
176.3613783115706
 20
119.7293731185556
 30
0.0
 10
176.4194495088856
 20
119.7304892073862
 30
0.0
 10
176.4484891118612
 20
119.7310473287618
 30
0.0
  0
SPLINE
  5
13F
330
1F
100
AcDbEntity
  8
0
  6
SLD-SOLID
 62
     7
100
AcDbSpline
210
0.0
220
0.0
230
1.0
 70
     8
 71
     3
 72
    16
 73
    12
 74
     0
 42
0.000000001
 43
0.00000001
 40
0.0
 40
0.0
 40
0.0
 40
0.0
 40
0.0626652371141795
 40
0.1253166151161194
 40
0.2505047026334657
 40
0.3933880120692195
 40
0.5006362420848608
 40
0.7494706953576434
 40
0.8746802095668544
 40
0.9373347007293171
 40
1.0
 40
1.0
 40
1.0
 40
1.0
 10
176.466517958015
 20
117.8562658961431
 30
0.0
 10
176.4368623239023
 20
117.8597201197522
 30
0.0
 10
176.3775576143494
 20
117.8666278030305
 30
0.0
 10
176.2601940876614
 20
117.888732738891
 30
0.0
 10
176.1094406275012
 20
117.9370911011509
 30
0.0
 10
175.9527242723445
 20
118.0271361189417
 30
0.0
 10
175.7796854627784
 20
118.1918267066404
 30
0.0
 10
175.6723720196793
 20
118.4032061586967
 30
0.0
 10
175.6329021108877
 20
118.6069973719987
 30
0.0
 10
175.6221452227244
 20
118.7254327270243
 30
0.0
 10
175.620957849617
 20
118.7848321691765
 30
0.0
 10
175.6203641118612
 20
118.814534451682
 30
0.0
  0
SPLINE
  5
140
330
1F
100
AcDbEntity
  8
0
  6
SLD-SOLID
 62
     7
100
AcDbSpline
210
0.0
220
0.0
230
1.0
 70
     8
 71
     3
 72
     8
 73
     4
 74
     0
 42
0.000000001
 43
0.00000001
 40
0.0
 40
0.0
 40
0.0
 40
0.0
 40
1.0
 40
1.0
 40
1.0
 40
1.0
 10
176.5049794964766
 20
118.2399245800295
 30
0.0
 10
176.4921589836561
 20
118.1121090847306
 30
0.0
 10
176.4793384708356
 20
117.9842179695691
 30
0.0
 10
176.466517958015
 20
117.8562658961431
 30
0.0
  0
SPLINE
  5
141
330
1F
100
AcDbEntity
  8
0
  6
SLD-SOLID
 62
     7
100
AcDbSpline
210
0.0
220
0.0
230
1.0
 70
     8
 71
     3
 72
    14
 73
    10
 74
     0
 42
0.000000001
 43
0.00000001
 40
0.0
 40
0.0
 40
0.0
 40
0.0
 40
0.1253010519741517
 40
0.2505098478769081
 40
0.4993433692320795
 40
0.6244488719254144
 40
0.7495457180078928
 40
0.87470574138143
 40
1.0
 40
1.0
 40
1.0
 40
1.0
 10
175.966517958015
 20
118.8061634695753
 30
0.0
 10
175.9679041110522
 20
118.7694474116217
 30
0.0
 10
175.9706753965363
 20
118.6960423288416
 30
0.0
 10
176.0016455001839
 20
118.5523594344
 30
0.0
 10
176.0754005585453
 20
118.4200394599828
 30
0.0
 10
176.1866412222784
 20
118.3222785843514
 30
0.0
 10
176.2867791202741
 20
118.2735892515768
 30
0.0
 10
176.3942306580379
 20
118.2444499143664
 30
0.0
 10
176.4680500287467
 20
118.2414335636967
 30
0.0
 10
176.5049794964766
 20
118.2399245800295
 30
0.0
  0
SPLINE
  5
142
330
1F
100
AcDbEntity
  8
0
  6
SLD-SOLID
 62
     7
100
AcDbSpline
210
0.0
220
0.0
230
1.0
 70
     8
 71
     3
 72
    15
 73
    11
 74
     0
 42
0.000000001
 43
0.00000001
 40
0.0
 40
0.0
 40
0.0
 40
0.0
 40
0.062668871853793
 40
0.1253235932687497
 40
0.2503465934107624
 40
0.4992250358967085
 40
0.6243290407597886
 40
0.7494788951445388
 40
0.8747178277475176
 40
0.9999999999999999
 40
0.9999999999999999
 40
0.9999999999999999
 40
0.9999999999999999
 10
176.452094881092
 20
119.3496544920655
 30
0.0
 10
176.4350314488904
 20
119.3492055528645
 30
0.0
 10
176.4009084373577
 20
119.3483077758318
 30
0.0
 10
176.3334481680507
 20
119.3377464014897
 30
0.0
 10
176.2196065282475
 20
119.3009753061429
 30
0.0
 10
176.1090581791928
 20
119.2140461015689
 30
0.0
 10
176.0322661264345
 20
119.1020594355662
 30
0.0
 10
175.9918522414552
 20
119.0080172085014
 30
0.0
 10
175.9705814477365
 20
118.907935827497
 30
0.0
 10
175.9678726104363
 20
118.8400914921668
 30
0.0
 10
175.966517958015
 20
118.8061634695753
 30
0.0
  0
SPLINE
  5
143
330
1F
100
AcDbEntity
  8
0
  6
SLD-SOLID
 62
     7
100
AcDbSpline
210
0.0
220
0.0
230
1.0
 70
     8
 71
     3
 72
    14
 73
    10
 74
     0
 42
0.000000001
 43
0.00000001
 40
0.0
 40
0.0
 40
0.0
 40
0.0
 40
0.2001076230145719
 40
0.5001909591930209
 40
0.6252284615914532
 40
0.7501902181423916
 40
0.8750393928317133
 40
0.9375268274373519
 40
1.0
 40
1.0
 40
1.0
 40
1.0
 10
177.4983689195535
 20
118.5477261259822
 30
0.0
 10
177.4396825648392
 20
118.616423674343
 30
0.0
 10
177.2929895822635
 20
118.7881407338489
 30
0.0
 10
177.0991630473498
 20
118.9936980413848
 30
0.0
 10
176.9155817363996
 20
119.1611415738794
 30
0.0
 10
176.7769999276074
 20
119.2596586008397
 30
0.0
 10
176.6472302673608
 20
119.3180206465152
 30
0.0
 10
176.5370474502739
 20
119.3457616433777
 30
0.0
 10
176.4804102494411
 20
119.3483569745733
 30
0.0
 10
176.452094881092
 20
119.3496544920655
 30
0.0
  0
SPLINE
  5
144
330
1F
100
AcDbEntity
  8
0
  6
SLD-SOLID
 62
     7
100
AcDbSpline
210
0.0
220
0.0
230
1.0
 70
     8
 71
     3
 72
    13
 73
     9
 74
     0
 42
0.000000001
 43
0.00000001
 40
0.0
 40
0.0
 40
0.0
 40
0.0
 40
0.1250209265508467
 40
0.2500493735068957
 40
0.4998209906540669
 40
0.6998499962738506
 40
0.8499221190238195
 40
1.0
 40
1.0
 40
1.0
 40
1.0
 10
178.3535371887843
 20
117.858065218156
 30
0.0
 10
178.3098704989663
 20
117.8741779743983
 30
0.0
 10
178.2225344926404
 20
117.9064044561164
 30
0.0
 10
178.05922165128
 20
117.9959598741726
 30
0.0
 10
177.8852807596661
 20
118.1218957475779
 30
0.0
 10
177.7274652692668
 20
118.2796556556806
 30
0.0
 10
177.6026979115567
 20
118.4172245289934
 30
0.0
 10
177.533145694996
 20
118.504225037299
 30
0.0
 10
177.4983689195535
 20
118.5477261259822
 30
0.0
  0
SPLINE
  5
145
330
1F
100
AcDbEntity
  8
0
  6
SLD-SOLID
 62
     7
100
AcDbSpline
210
0.0
220
0.0
230
1.0
 70
     8
 71
     3
 72
    11
 73
     7
 74
     0
 42
0.000000001
 43
0.00000001
 40
0.0
 40
0.0
 40
0.0
 40
0.0
 40
0.2500297563975158
 40
0.500013372212602
 40
0.7499826864803201
 40
1.0
 40
1.0
 40
1.0
 40
1.0
 10
178.6203641118612
 20
117.8178784600751
 30
0.0
 10
178.5977412581215
 20
117.8178220696378
 30
0.0
 10
178.5524997254718
 20
117.8177092991695
 30
0.0
 10
178.4850553939663
 20
117.8255102454141
 30
0.0
 10
178.4181711974611
 20
117.8373751771267
 30
0.0
 10
178.3750832371734
 20
117.8511680964346
 30
0.0
 10
178.3535371887843
 20
117.858065218156
 30
0.0
  0
LINE
  5
146
330
1F
100
AcDbEntity
  8
0
  6
SLD-SOLID
 62
     7
100
AcDbLine
 10
178.6203641249
 20
117.81787841
 30
0.0
 11
178.6203641249
 21
119.7691443737
 31
0.0
  0
LINE
  5
147
330
1F
100
AcDbEntity
  8
0
  6
SLD-SOLID
 62
     7
100
AcDbLine
 10
178.2357487399
 20
119.7691443737
 30
0.0
 11
178.6203641249
 21
119.7691443737
 31
0.0
  0
LINE
  5
148
330
1F
100
AcDbEntity
  8
0
  6
SLD-SOLID
 62
     7
100
AcDbLine
 10
178.2357487399
 20
118.310614758
 30
0.0
 11
178.2357487399
 21
119.7691443737
 31
0.0
  0
SPLINE
  5
149
330
1F
100
AcDbEntity
  8
0
  6
SLD-SOLID
 62
     7
100
AcDbSpline
210
0.0
220
0.0
230
1.0
 70
     8
 71
     3
 72
    14
 73
    10
 74
     0
 42
0.000000001
 43
0.00000001
 40
0.0
 40
0.0
 40
0.0
 40
0.0
 40
0.2500168615556085
 40
0.3500261258081625
 40
0.5000369762994602
 40
0.6489430765540476
 40
0.7500320193508433
 40
0.8749982441472538
 40
1.0
 40
1.0
 40
1.0
 40
1.0
 10
177.6792583426304
 20
118.9048034763935
 30
0.0
 10
177.7227276575019
 20
118.8525210707864
 30
0.0
 10
177.783585136399
 20
118.7793251760426
 30
0.0
 10
177.8707154463122
 20
118.6748580844026
 30
0.0
 10
177.9405778358337
 20
118.5917710712632
 30
0.0
 10
178.0127098041756
 20
118.510215947667
 30
0.0
 10
178.0823581334255
 20
118.4355206324628
 30
0.0
 10
178.1538368383735
 20
118.3717251497763
 30
0.0
 10
178.2084421770432
 20
118.3309867949871
 30
0.0
 10
178.2357487272458
 20
118.3106147222681
 30
0.0
  0
SPLINE
  5
14A
330
1F
100
AcDbEntity
  8
0
  6
SLD-SOLID
 62
     7
100
AcDbSpline
210
0.0
220
0.0
230
1.0
 70
     8
 71
     3
 72
    15
 73
    11
 74
     0
 42
0.000000001
 43
0.00000001
 40
0.0
 40
0.0
 40
0.0
 40
0.0
 40
0.0626660137184056
 40
0.1253014339097389
 40
0.2503816639133771
 40
0.3754705953053484
 40
0.5003395255217268
 40
0.7493786657958589
 40
0.8746742184793144
 40
1.0
 40
1.0
 40
1.0
 40
1.0
 10
177.7609891118612
 20
110.8604010958629
 30
0.0
 10
177.7941666494808
 20
110.8594153025711
 30
0.0
 10
177.8605055274571
 20
110.8574441972514
 30
0.0
 10
177.9918144967222
 20
110.8370023077636
 30
0.0
 10
178.1486808109851
 20
110.7813586023186
 30
0.0
 10
178.3203249057353
 20
110.6805791379511
 30
0.0
 10
178.5009743724887
 20
110.4868194464463
 30
0.0
 10
178.5842127544709
 20
110.2334275155588
 30
0.0
 10
178.6169861504927
 20
109.9792939208126
 30
0.0
 10
178.6192380342009
 20
109.8507950350526
 30
0.0
 10
178.6203641118612
 20
109.7865378426889
 30
0.0
  0
SPLINE
  5
14B
330
1F
100
AcDbEntity
  8
0
  6
SLD-SOLID
 62
     7
100
AcDbSpline
210
0.0
220
0.0
230
1.0
 70
     8
 71
     3
 72
    14
 73
    10
 74
     0
 42
0.000000001
 43
0.00000001
 40
0.0
 40
0.0
 40
0.0
 40
0.0
 40
0.1252005766083278
 40
0.2503545287147264
 40
0.3754480165954169
 40
0.5005359455017259
 40
0.7497371168274282
 40
0.8748330994379525
 40
1.0
 40
1.0
 40
1.0
 40
1.0
 10
177.0434410349381
 20
110.3092117400445
 30
0.0
 10
177.0561816042206
 20
110.3472805843801
 30
0.0
 10
177.0816579982172
 20
110.4234040962724
 30
0.0
 10
177.1377610892543
 20
110.53101044799
 30
0.0
 10
177.2108403262826
 20
110.6284621519296
 30
0.0
 10
177.3291327228132
 20
110.7403598855089
 30
0.0
 10
177.477119256453
 20
110.8181065210983
 30
0.0
 10
177.6374869409908
 20
110.8558496201167
 30
0.0
 10
177.7198139451316
 20
110.8588836506925
 30
0.0
 10
177.7609891118612
 20
110.8604010958629
 30
0.0
  0
SPLINE
  5
14C
330
1F
100
AcDbEntity
  8
0
  6
SLD-SOLID
 62
     7
100
AcDbSpline
210
0.0
220
0.0
230
1.0
 70
     8
 71
     3
 72
    13
 73
     9
 74
     0
 42
0.000000001
 43
0.00000001
 40
0.0
 40
0.0
 40
0.0
 40
0.0
 40
0.1252117063579249
 40
0.2503483626772341
 40
0.4999414635470233
 40
0.7495523300157627
 40
0.8747402266328825
 40
1.0
 40
1.0
 40
1.0
 40
1.0
 10
176.3980083426304
 20
110.7477110779119
 30
0.0
 10
176.4327406045124
 20
110.746147751178
 30
0.0
 10
176.5021843102739
 20
110.7430220347449
 30
0.0
 10
176.6371329316441
 20
110.7093769365492
 30
0.0
 10
176.7936107359536
 20
110.6316024547445
 30
0.0
 10
176.9191473676852
 20
110.5119227563518
 30
0.0
 10
176.9964476060952
 20
110.3996043787217
 30
0.0
 10
177.0277735618796
 20
110.3393483839549
 30
0.0
 10
177.0434410349381
 20
110.3092117400445
 30
0.0
  0
SPLINE
  5
14D
330
1F
100
AcDbEntity
  8
0
  6
SLD-SOLID
 62
     7
100
AcDbSpline
210
0.0
220
0.0
230
1.0
 70
     8
 71
     3
 72
    16
 73
    12
 74
     0
 42
0.000000001
 43
0.00000001
 40
0.0
 40
0.0
 40
0.0
 40
0.0
 40
0.1354394901083788
 40
0.2502584014440378
 40
0.37526581269896
 40
0.5001591743337205
 40
0.6218974034275078
 40
0.749957122923903
 40
0.8748846055598652
 40
0.9374217603377737
 40
1.0
 40
1.0
 40
1.0
 40
1.0
 10
175.6203641118612
 20
109.7836323419921
 30
0.0
 10
175.6217524443548
 20
109.8457534249418
 30
0.0
 10
175.6243177365768
 20
109.9605376943047
 30
0.0
 10
175.6490235991698
 20
110.1316658666357
 30
0.0
 10
175.6953787120414
 20
110.2942594953859
 30
0.0
 10
175.7794603004657
 20
110.4467806827407
 30
0.0
 10
175.9012586902117
 20
110.575176991121
 30
0.0
 10
176.0515831216912
 20
110.6701036999898
 30
0.0
 10
176.1921785192435
 20
110.7230798657183
 30
0.0
 10
176.3090338337237
 20
110.7445356765636
 30
0.0
 10
176.3683436810194
 20
110.7466523791044
 30
0.0
 10
176.3980083426304
 20
110.7477110779119
 30
0.0
  0
LINE
  5
14E
330
1F
100
AcDbEntity
  8
0
  6
SLD-SOLID
 62
     7
100
AcDbLine
 10
175.6203640988
 20
108.7042591896
 30
0.0
 11
175.6203640988
 21
109.7836322512
 31
0.0
  0
LINE
  5
14F
330
1F
100
AcDbEntity
  8
0
  6
SLD-SOLID
 62
     7
100
AcDbLine
 10
178.6203641249
 20
108.7042591896
 30
0.0
 11
175.6203640988
 21
108.7042591896
 31
0.0
  0
LINE
  5
150
330
1F
100
AcDbEntity
  8
0
  6
SLD-SOLID
 62
     7
100
AcDbLine
 10
178.6203641249
 20
108.7042591896
 30
0.0
 11
178.6203641249
 21
109.7865379777
 31
0.0
  0
POLYLINE
  5
151
330
1F
100
AcDbEntity
  8
0
  6
SLD-SOLID
 62
     7
100
AcDb2dPolyline
 66
     1
 10
0.0
 20
0.0
 30
0.0
 70
   128
  0
VERTEX
  5
238
330
151
100
AcDbEntity
  8
0
  6
SLD-SOLID
 62
     7
100
AcDbVertex
100
AcDb2dVertex
 10
181.1191298338
 20
91.0025840055
 30
0.0
  0
VERTEX
  5
239
330
151
100
AcDbEntity
  8
0
  6
SLD-SOLID
 62
     7
100
AcDbVertex
100
AcDb2dVertex
 10
181.1186911808
 20
91.0528698366
 30
0.0
  0
VERTEX
  5
23A
330
151
100
AcDbEntity
  8
0
  6
SLD-SOLID
 62
     7
100
AcDbVertex
100
AcDb2dVertex
 10
181.1173817413
 20
91.2029170792
 30
0.0
  0
VERTEX
  5
23B
330
151
100
AcDbEntity
  8
0
  6
SLD-SOLID
 62
     7
100
AcDbVertex
100
AcDb2dVertex
 10
181.1152122254
 20
91.4515075635
 30
0.0
  0
VERTEX
  5
23C
330
151
100
AcDbEntity
  8
0
  6
SLD-SOLID
 62
     7
100
AcDbVertex
100
AcDb2dVertex
 10
181.1121933432
 20
91.7974249821
 30
0.0
  0
VERTEX
  5
23D
330
151
100
AcDbEntity
  8
0
  6
SLD-SOLID
 62
     7
100
AcDbVertex
100
AcDb2dVertex
 10
181.1083358051
 20
92.2394493025
 30
0.0
  0
VERTEX
  5
23E
330
151
100
AcDbEntity
  8
0
  6
SLD-SOLID
 62
     7
100
AcDbVertex
100
AcDb2dVertex
 10
181.1036503213
 20
92.7763642173
 30
0.0
  0
VERTEX
  5
23F
330
151
100
AcDbEntity
  8
0
  6
SLD-SOLID
 62
     7
100
AcDbVertex
100
AcDb2dVertex
 10
181.0981489988
 20
93.4067522537
 30
0.0
  0
VERTEX
  5
240
330
151
100
AcDbEntity
  8
0
  6
SLD-SOLID
 62
     7
100
AcDbVertex
100
AcDb2dVertex
 10
181.0924106548
 20
94.064293931
 30
0.0
  0
VERTEX
  5
241
330
151
100
AcDbEntity
  8
0
  6
SLD-SOLID
 62
     7
100
AcDbVertex
100
AcDb2dVertex
 10
181.0860315608
 20
94.7953057837
 30
0.0
  0
VERTEX
  5
242
330
151
100
AcDbEntity
  8
0
  6
SLD-SOLID
 62
     7
100
AcDbVertex
100
AcDb2dVertex
 10
181.0790340686
 20
95.597118641
 30
0.0
  0
VERTEX
  5
243
330
151
100
AcDbEntity
  8
0
  6
SLD-SOLID
 62
     7
100
AcDbVertex
100
AcDb2dVertex
 10
181.0714423927
 20
96.4670596074
 30
0.0
  0
VERTEX
  5
244
330
151
100
AcDbEntity
  8
0
  6
SLD-SOLID
 62
     7
100
AcDbVertex
100
AcDb2dVertex
 10
181.0632788846
 20
97.4024595123
 30
0.0
  0
VERTEX
  5
245
330
151
100
AcDbEntity
  8
0
  6
SLD-SOLID
 62
     7
100
AcDbVertex
100
AcDb2dVertex
 10
181.0545682246
 20
98.4006473224
 30
0.0
  0
VERTEX
  5
246
330
151
100
AcDbEntity
  8
0
  6
SLD-SOLID
 62
     7
100
AcDbVertex
100
AcDb2dVertex
 10
181.0444712909
 20
99.5576237689
 30
0.0
  0
VERTEX
  5
247
330
151
100
AcDbEntity
  8
0
  6
SLD-SOLID
 62
     7
100
AcDbVertex
100
AcDb2dVertex
 10
181.0337978685
 20
100.7806701015
 30
0.0
  0
VERTEX
  5
248
330
151
100
AcDbEntity
  8
0
  6
SLD-SOLID
 62
     7
100
AcDbVertex
100
AcDb2dVertex
 10
181.0225931266
 20
102.0645988535
 30
0.0
  0
VERTEX
  5
249
330
151
100
AcDbEntity
  8
0
  6
SLD-SOLID
 62
     7
100
AcDbVertex
100
AcDb2dVertex
 10
181.0109024672
 20
103.4042216267
 30
0.0
  0
VERTEX
  5
24A
330
151
100
AcDbEntity
  8
0
  6
SLD-SOLID
 62
     7
100
AcDbVertex
100
AcDb2dVertex
 10
180.9987710593
 20
104.7943481605
 30
0.0
  0
VERTEX
  5
24B
330
151
100
AcDbEntity
  8
0
  6
SLD-SOLID
 62
     7
100
AcDbVertex
100
AcDb2dVertex
 10
180.9862440722
 20
106.2297891255
 30
0.0
  0
VERTEX
  5
24C
330
151
100
AcDbEntity
  8
0
  6
SLD-SOLID
 62
     7
100
AcDbVertex
100
AcDb2dVertex
 10
180.9733685376
 20
107.7051847603
 30
0.0
  0
VERTEX
  5
24D
330
151
100
AcDbEntity
  8
0
  6
SLD-SOLID
 62
     7
100
AcDbVertex
100
AcDb2dVertex
 10
180.9613048835
 20
109.0875403385
 30
0.0
  0
VERTEX
  5
24E
330
151
100
AcDbEntity
  8
0
  6
SLD-SOLID
 62
     7
100
AcDbVertex
100
AcDb2dVertex
 10
180.9490340101
 20
110.4936390545
 30
0.0
  0
VERTEX
  5
24F
330
151
100
AcDbEntity
  8
0
  6
SLD-SOLID
 62
     7
100
AcDbVertex
100
AcDb2dVertex
 10
180.9365971284
 20
111.918765622
 30
0.0
  0
VERTEX
  5
250
330
151
100
AcDbEntity
  8
0
  6
SLD-SOLID
 62
     7
100
AcDbVertex
100
AcDb2dVertex
 10
180.9240354495
 20
113.3582049876
 30
0.0
  0
VERTEX
  5
251
330
151
100
AcDbEntity
  8
0
  6
SLD-SOLID
 62
     7
100
AcDbVertex
100
AcDb2dVertex
 10
180.9113899516
 20
114.8072422145
 30
0.0
  0
VERTEX
  5
252
330
151
100
AcDbEntity
  8
0
  6
SLD-SOLID
 62
     7
100
AcDbVertex
100
AcDb2dVertex
 10
180.8987016129
 20
116.2611623656
 30
0.0
  0
VERTEX
  5
253
330
151
100
AcDbEntity
  8
0
  6
SLD-SOLID
 62
     7
100
AcDbVertex
100
AcDb2dVertex
 10
180.8848614609
 20
117.8470858501
 30
0.0
  0
VERTEX
  5
254
330
151
100
AcDbEntity
  8
0
  6
SLD-SOLID
 62
     7
100
AcDbVertex
100
AcDb2dVertex
 10
180.8710764898
 20
119.4266882155
 30
0.0
  0
VERTEX
  5
255
330
151
100
AcDbEntity
  8
0
  6
SLD-SOLID
 62
     7
100
AcDbVertex
100
AcDb2dVertex
 10
180.8574002506
 20
120.9938479949
 30
0.0
  0
VERTEX
  5
256
330
151
100
AcDbEntity
  8
0
  6
SLD-SOLID
 62
     7
100
AcDbVertex
100
AcDb2dVertex
 10
180.8438858288
 20
122.5424437213
 30
0.0
  0
VERTEX
  5
257
330
151
100
AcDbEntity
  8
0
  6
SLD-SOLID
 62
     7
100
AcDbVertex
100
AcDb2dVertex
 10
180.8305867752
 20
124.066354743
 30
0.0
  0
VERTEX
  5
258
330
151
100
AcDbEntity
  8
0
  6
SLD-SOLID
 62
     7
100
AcDbVertex
100
AcDb2dVertex
 10
180.8175566411
 20
125.5594590109
 30
0.0
  0
VERTEX
  5
259
330
151
100
AcDbEntity
  8
0
  6
SLD-SOLID
 62
     7
100
AcDbVertex
100
AcDb2dVertex
 10
180.8048492102
 20
127.0155967574
 30
0.0
  0
VERTEX
  5
25A
330
151
100
AcDbEntity
  8
0
  6
SLD-SOLID
 62
     7
100
AcDbVertex
100
AcDb2dVertex
 10
180.7935268888
 20
128.3130008157
 30
0.0
  0
VERTEX
  5
25B
330
151
100
AcDbEntity
  8
0
  6
SLD-SOLID
 62
     7
100
AcDbVertex
100
AcDb2dVertex
 10
180.7825526493
 20
129.5705116715
 30
0.0
  0
VERTEX
  5
25C
330
151
100
AcDbEntity
  8
0
  6
SLD-SOLID
 62
     7
100
AcDbVertex
100
AcDb2dVertex
 10
180.771961649
 20
130.7841320883
 30
0.0
  0
VERTEX
  5
25D
330
151
100
AcDbEntity
  8
0
  6
SLD-SOLID
 62
     7
100
AcDbVertex
100
AcDb2dVertex
 10
180.7617883468
 20
131.9498648297
 30
0.0
  0
VERTEX
  5
25E
330
151
100
AcDbEntity
  8
0
  6
SLD-SOLID
 62
     7
100
AcDbVertex
100
AcDb2dVertex
 10
180.7520681331
 20
133.0637117278
 30
0.0
  0
VERTEX
  5
25F
330
151
100
AcDbEntity
  8
0
  6
SLD-SOLID
 62
     7
100
AcDbVertex
100
AcDb2dVertex
 10
180.7428352339
 20
134.1216774087
 30
0.0
  0
VERTEX
  5
260
330
151
100
AcDbEntity
  8
0
  6
SLD-SOLID
 62
     7
100
AcDbVertex
100
AcDb2dVertex
 10
180.7333592596
 20
135.2075362008
 30
0.0
  0
VERTEX
  5
261
330
151
100
AcDbEntity
  8
0
  6
SLD-SOLID
 62
     7
100
AcDbVertex
100
AcDb2dVertex
 10
180.7245375393
 20
136.2183825474
 30
0.0
  0
VERTEX
  5
262
330
151
100
AcDbEntity
  8
0
  6
SLD-SOLID
 62
     7
100
AcDbVertex
100
AcDb2dVertex
 10
180.7164010396
 20
137.1507519286
 30
0.0
  0
VERTEX
  5
263
330
151
100
AcDbEntity
  8
0
  6
SLD-SOLID
 62
     7
100
AcDbVertex
100
AcDb2dVertex
 10
180.7089795629
 20
138.0011742364
 30
0.0
  0
VERTEX
  5
264
330
151
100
AcDbEntity
  8
0
  6
SLD-SOLID
 62
     7
100
AcDbVertex
100
AcDb2dVertex
 10
180.702303377
 20
138.7661830883
 30
0.0
  0
VERTEX
  5
265
330
151
100
AcDbEntity
  8
0
  6
SLD-SOLID
 62
     7
100
AcDbVertex
100
AcDb2dVertex
 10
180.69640275
 20
139.4423083763
 30
0.0
  0
VERTEX
  5
266
330
151
100
AcDbEntity
  8
0
  6
SLD-SOLID
 62
     7
100
AcDbVertex
100
AcDb2dVertex
 10
180.6913072514
 20
140.0262029271
 30
0.0
  0
VERTEX
  5
267
330
151
100
AcDbEntity
  8
0
  6
SLD-SOLID
 62
     7
100
AcDbVertex
100
AcDb2dVertex
 10
180.6873589093
 20
140.478654335
 30
0.0
  0
VERTEX
  5
268
330
151
100
AcDbEntity
  8
0
  6
SLD-SOLID
 62
     7
100
AcDbVertex
100
AcDb2dVertex
 10
180.6841099905
 20
140.8509449463
 30
0.0
  0
VERTEX
  5
269
330
151
100
AcDbEntity
  8
0
  6
SLD-SOLID
 62
     7
100
AcDbVertex
100
AcDb2dVertex
 10
180.681568644
 20
141.1421359878
 30
0.0
  0
VERTEX
  5
26A
330
151
100
AcDbEntity
  8
0
  6
SLD-SOLID
 62
     7
100
AcDbVertex
100
AcDb2dVertex
 10
180.6797434846
 20
141.3512905489
 30
0.0
  0
VERTEX
  5
26B
330
151
100
AcDbEntity
  8
0
  6
SLD-SOLID
 62
     7
100
AcDbVertex
100
AcDb2dVertex
 10
180.6786421957
 20
141.4774717193
 30
0.0
  0
VERTEX
  5
26C
330
151
100
AcDbEntity
  8
0
  6
SLD-SOLID
 62
     7
100
AcDbVertex
100
AcDb2dVertex
 10
180.6782733919
 20
141.5197407257
 30
0.0
  0
SEQEND
  5
39D
330
151
100
AcDbEntity
  8
0
  6
SLD-SOLID
 62
     7
  0
LINE
  5
152
330
1F
100
AcDbEntity
  8
0
  6
SLD-SOLID
 62
     7
100
AcDbLine
 10
173.1203639219
 20
91.0025840055
 30
0.0
 11
173.1203639219
 21
141.5197407257
 31
0.0
  0
LINE
  5
153
330
1F
100
AcDbEntity
  8
0
  6
SLD-SOLID
 62
     7
100
AcDbLine
 10
177.5049794968
 20
121.3231943909
 30
0.0
 11
176.4244506639
 21
121.3231943909
 31
0.0
  0
SPLINE
  5
154
330
1F
100
AcDbEntity
  8
0
  6
SLD-SOLID
 62
     7
100
AcDbSpline
210
0.0
220
0.0
230
1.0
 70
     8
 71
     3
 72
     8
 73
     4
 74
     0
 42
0.000000001
 43
0.00000001
 40
0.0
 40
0.0
 40
0.0
 40
0.0
 40
1.0
 40
1.0
 40
1.0
 40
1.0
 10
176.4244506503227
 20
121.3231941909113
 30
0.0
 10
176.784626932374
 20
121.051119495003
 30
0.0
 10
177.1448032144253
 20
120.7781374750774
 30
0.0
 10
177.5049794964766
 20
120.5043948839302
 30
0.0
  0
LINE
  5
155
330
1F
100
AcDbEntity
  8
0
  6
SLD-SOLID
 62
     7
100
AcDbLine
 10
177.5049794968
 20
120.5043946754
 30
0.0
 11
177.5049794968
 21
121.3231943909
 31
0.0
  0
LINE
  5
156
330
1F
100
AcDbEntity
  8
0
  6
SLD-SOLID
 62
     7
100
AcDbLine
 10
176.889594878
 20
109.1092075582
 30
0.0
 11
176.889594878
 21
109.7046374704
 31
0.0
  0
SPLINE
  5
157
330
1F
100
AcDbEntity
  8
0
  6
SLD-SOLID
 62
     7
100
AcDbSpline
210
0.0
220
0.0
230
1.0
 70
     8
 71
     3
 72
    11
 73
     7
 74
     0
 42
0.000000001
 43
0.00000001
 40
0.0
 40
0.0
 40
0.0
 40
0.0
 40
0.5000311683834644
 40
0.7500609272080986
 40
0.8765740921214844
 40
1.0
 40
1.0
 40
1.0
 40
1.0
 10
176.889594881092
 20
109.7046376258927
 30
0.0
 10
176.8889016327369
 20
109.7632274040121
 30
0.0
 10
176.8878617405523
 20
109.8511137320649
 30
0.0
 10
176.8768304629547
 20
109.9535092265413
 30
0.0
 10
176.8662836718938
 20
110.0113740497226
 30
0.0
 10
176.8581531814697
 20
110.0396702014127
 30
0.0
 10
176.8541381503227
 20
110.0536435196811
 30
0.0
  0
SPLINE
  5
158
330
1F
100
AcDbEntity
  8
0
  6
SLD-SOLID
 62
     7
100
AcDbSpline
210
0.0
220
0.0
230
1.0
 70
     8
 71
     3
 72
    13
 73
     9
 74
     0
 42
0.000000001
 43
0.00000001
 40
0.0
 40
0.0
 40
0.0
 40
0.0
 40
0.1253259270605699
 40
0.250528080993775
 40
0.4997860069566131
 40
0.7493850119673049
 40
0.8746452998853728
 40
1.0
 40
1.0
 40
1.0
 40
1.0
 10
176.8541381503227
 20
110.0536435196811
 30
0.0
 10
176.846546436574
 20
110.0746950546178
 30
0.0
 10
176.8313705067283
 20
110.1167773337866
 30
0.0
 10
176.7853761865744
 20
110.1941433804445
 30
0.0
 10
176.7023955315435
 20
110.274339540563
 30
0.0
 10
176.5948511965701
 20
110.3190552252387
 30
0.0
 10
176.504119458459
 20
110.3329717944868
 30
0.0
 10
176.4582242214126
 20
110.3346606681833
 30
0.0
 10
176.4352679580151
 20
110.3355054231495
 30
0.0
  0
SPLINE
  5
159
330
1F
100
AcDbEntity
  8
0
  6
SLD-SOLID
 62
     7
100
AcDbSpline
210
0.0
220
0.0
230
1.0
 70
     8
 71
     3
 72
    17
 73
    13
 74
     0
 42
0.000000001
 43
0.00000001
 40
0.0
 40
0.0
 40
0.0
 40
0.0
 40
0.062577226012528
 40
0.1251218797937909
 40
0.2499730197880371
 40
0.3498773800919798
 40
0.4248322791572898
 40
0.4997937112000359
 40
0.6245551070231122
 40
0.7496814356971369
 40
0.8748345516634725
 40
0.9999999999999999
 40
0.9999999999999999
 40
0.9999999999999999
 40
0.9999999999999999
 10
176.4352679580151
 20
110.3355054231495
 30
0.0
 10
176.4149604862949
 20
110.3349168635351
 30
0.0
 10
176.3743561131486
 20
110.3337400506589
 30
0.0
 10
176.2939065339456
 20
110.3225368046617
 30
0.0
 10
176.2045230182054
 20
110.2931327032696
 30
0.0
 10
176.1219264007329
 20
110.2418735916052
 30
0.0
 10
176.0636921029211
 20
110.1861928122948
 30
0.0
 10
176.0172854964111
 20
110.111371486534
 30
0.0
 10
175.9878330313386
 20
110.0120022075969
 30
0.0
 10
175.9745806430452
 20
109.8947577808277
 30
0.0
 10
175.9669844619666
 20
109.7770675713139
 30
0.0
 10
175.9666734644395
 20
109.6985987541116
 30
0.0
 10
175.966517958015
 20
109.6593624125605
 30
0.0
  0
LINE
  5
15A
330
1F
100
AcDbEntity
  8
0
  6
SLD-SOLID
 62
     7
100
AcDbLine
 10
175.9665179569
 20
109.1092075582
 30
0.0
 11
175.9665179569
 21
109.6593626205
 31
0.0
  0
LINE
  5
15B
330
1F
100
AcDbEntity
  8
0
  6
SLD-SOLID
 62
     7
100
AcDbLine
 10
175.9665179569
 20
109.1092075582
 30
0.0
 11
176.889594878
 21
109.1092075582
 31
0.0
  0
LINE
  5
15C
330
1F
100
AcDbEntity
  8
0
  6
SLD-SOLID
 62
     7
100
AcDbLine
 10
178.2742102668
 20
109.1092075582
 30
0.0
 11
178.2742102668
 21
109.7929301102
 31
0.0
  0
SPLINE
  5
15D
330
1F
100
AcDbEntity
  8
0
  6
SLD-SOLID
 62
     7
100
AcDbSpline
210
0.0
220
0.0
230
1.0
 70
     8
 71
     3
 72
    10
 73
     6
 74
     0
 42
0.000000001
 43
0.00000001
 40
0.0
 40
0.0
 40
0.0
 40
0.0
 40
0.4000551315947794
 40
0.7001130489825335
 40
1.0
 40
1.0
 40
1.0
 40
1.0
 10
178.2742102657074
 20
109.7929302631152
 30
0.0
 10
178.2740186858588
 20
109.8261131986087
 30
0.0
 10
178.2736834131893
 20
109.8841847100274
 30
0.0
 10
178.2705775751178
 20
109.96728440351
 30
0.0
 10
178.2633833008443
 20
110.0167040138822
 30
0.0
 10
178.2597871887843
 20
110.0414067775118
 30
0.0
  0
SPLINE
  5
15E
330
1F
100
AcDbEntity
  8
0
  6
SLD-SOLID
 62
     7
100
AcDbSpline
210
0.0
220
0.0
230
1.0
 70
     8
 71
     3
 72
    14
 73
    10
 74
     0
 42
0.000000001
 43
0.00000001
 40
0.0
 40
0.0
 40
0.0
 40
0.0
 40
0.1252091874379776
 40
0.2503702745392941
 40
0.3754443115751205
 40
0.5004441034223578
 40
0.7496801817937156
 40
0.8747777459972323
 40
0.9999999999999999
 40
0.9999999999999999
 40
0.9999999999999999
 40
0.9999999999999999
 10
178.2597871887843
 20
110.0414067775118
 30
0.0
 10
178.2532671755643
 20
110.0698767651194
 30
0.0
 10
178.2402296538515
 20
110.1268058033099
 30
0.0
 10
178.2070529384016
 20
110.2085379682286
 30
0.0
 10
178.1591575518827
 20
110.2835100251387
 30
0.0
 10
178.07172908639
 20
110.3644672470975
 30
0.0
 10
177.9627561896226
 20
110.4193146526523
 30
0.0
 10
177.845188749845
 20
110.444798752347
 30
0.0
 10
177.785059231544
 20
110.4467771962281
 30
0.0
 10
177.7549794964766
 20
110.4477669109219
 30
0.0
  0
SPLINE
  5
15F
330
1F
100
AcDbEntity
  8
0
  6
SLD-SOLID
 62
     7
100
AcDbSpline
210
0.0
220
0.0
230
1.0
 70
     8
 71
     3
 72
    16
 73
    12
 74
     0
 42
0.000000001
 43
0.00000001
 40
0.0
 40
0.0
 40
0.0
 40
0.0
 40
0.0715384074325388
 40
0.1430272757148695
 40
0.2856180476656958
 40
0.3935275862642849
 40
0.4996048059806283
 40
0.6244921122074591
 40
0.7496079071924778
 40
0.8747912983268189
 40
1.0
 40
1.0
 40
1.0
 40
1.0
 10
177.7549794964766
 20
110.4477669109219
 30
0.0
 10
177.7306263532357
 20
110.4470730543915
 30
0.0
 10
177.6819369308983
 20
110.4456858218147
 30
0.0
 10
177.5858720718052
 20
110.4295132444919
 30
0.0
 10
177.4828185460249
 20
110.3886755502624
 30
0.0
 10
177.3854822587419
 20
110.3162727690174
 30
0.0
 10
177.3150679638725
 20
110.2258105860004
 30
0.0
 10
177.2703081086591
 20
110.115085063963
 30
0.0
 10
177.248369839514
 20
109.9928196993307
 30
0.0
 10
177.2370362992183
 20
109.869462467755
 30
0.0
 10
177.2361779468251
 20
109.7870696634565
 30
0.0
 10
177.2357487272458
 20
109.7458690970258
 30
0.0
  0
LINE
  5
160
330
1F
100
AcDbEntity
  8
0
  6
SLD-SOLID
 62
     7
100
AcDbLine
 10
177.2357487288
 20
109.1092075582
 30
0.0
 11
177.2357487288
 21
109.7458689835
 31
0.0
  0
LINE
  5
161
330
1F
100
AcDbEntity
  8
0
  6
SLD-SOLID
 62
     7
100
AcDbLine
 10
177.2357487288
 20
109.1092075582
 30
0.0
 11
178.2742102668
 21
109.1092075582
 31
0.0
  0
LINE
  5
162
330
1F
100
AcDbEntity
  8
ARROW
100
AcDbLine
 10
181.1191299464
 20
91.0025837218
 30
0.0
 11
181.1191299464
 21
141.6611623656
 31
0.0
  0
DIMENSION
  5
163
330
1F
100
AcDbEntity
  8
ARROW
100
AcDbDimension
  2
_D_1
 10
181.1191299464
 20
91.0025837218
 30
0.0
 11
196.6794908949
 21
147.9782915107
 31
0.0
 70
   162
  1
30 arcmin%%p10
  3
SLDDIMSTYLE1
100
AcDb2LineAngularDimension
 13
181.1191299464
 23
141.6611623656
 33
0.0
 14
181.1191299464
 24
91.0025837218
 34
0.0
 15
180.6782733936
 25
141.5197410093
 35
0.0
 16
184.5775777542
 26
149.9635475001
 36
0.0
  0
DIMENSION
  5
171
330
1F
100
AcDbEntity
  8
ARROW
100
AcDbDimension
  2
_D_2
 10
173.1683985152
 20
85.4983862829
 30
0.0
 11
194.7314291312
 21
85.6865640003
 31
0.0
 70
   160
  1
<>
  3
SLDDIMSTYLE2
100
AcDbAlignedDimension
 13
181.1191299464
 23
91.0025837218
 33
0.0
 14
173.1203641119
 24
91.0025837218
 34
0.0
 50
0.5
100
AcDbRotatedDimension
  0
MTEXT
  5
186
330
1F
100
AcDbEntity
  8
ARROW
100
AcDbMText
 10
192.3691424329
 20
114.49749045
 30
0.0
 40
2.1166666667
 41
0.0
 71
     1
 72
     1
  1
S2
  7
SLDTEXTSTYLE0
  0
POLYLINE
  5
187
330
1F
100
AcDbEntity
  8
ARROW
100
AcDb2dPolyline
 66
     1
 10
0.0
 20
0.0
 30
0.0
 70
   128
  0
VERTEX
  5
26D
330
187
100
AcDbEntity
  8
ARROW
100
AcDbVertex
100
AcDb2dVertex
 10
191.6875
 20
112.5
 30
0.0
  0
VERTEX
  5
26E
330
187
100
AcDbEntity
  8
ARROW
100
AcDbVertex
100
AcDb2dVertex
 10
185.3375
 20
112.5
 30
0.0
  0
VERTEX
  5
26F
330
187
100
AcDbEntity
  8
ARROW
100
AcDbVertex
100
AcDb2dVertex
 10
181.1191299464
 20
116.1256137674
 30
0.0
  0
SEQEND
  5
39E
330
187
100
AcDbEntity
  8
ARROW
  0
SOLID
  5
188
330
1F
100
AcDbEntity
  8
ARROW
100
AcDbTrace
 10
181.1191299464
 20
116.1256137674
 30
0.0
 11
183.1958630164
 21
113.6708492663
 31
0.0
 12
183.8581055156
 22
114.4413626486
 32
0.0
 13
183.8581055156
 23
114.4413626486
 33
0.0
  0
MTEXT
  5
189
330
1F
100
AcDbEntity
  8
ARROW
100
AcDbMText
 10
154.9629019479
 20
127.2452246846
 30
0.0
 40
2.1166666667
 41
0.0
 71
     1
 72
     1
  1
S1
  7
SLDTEXTSTYLE0
  0
LEADER
  5
18B
330
1F
100
AcDbEntity
  8
ARROW
100
AcDbLeader
  3
SLDDIMSTYLE3
 76
     3
 10
173.2617854681
 20
116.8545609989
 30
0.0
 10
164.6625
 20
125.0
 30
0.0
 10
158.3125
 20
125.0
 30
0.0
1001
ACAD
1000
DSTYLE
1002
{
1070
     6
1000

1002
}
  0
INSERT
  5
192
102
{ACAD_REACTORS
330
193
102
}
330
1F
100
AcDbEntity
  8
ARROW
100
AcDbBlockReference
  2
SW_NOTE_5
 10
190.125
 20
131.3810652355
 30
0.0
  0
LEADER
  5
193
330
1F
100
AcDbEntity
  8
ARROW
100
AcDbLeader
  3
SLDDIMSTYLE3
 73
     2
 76
     3
 10
179.057360732
 20
123.5755218402
 30
0.0
 10
183.775
 20
131.3810652355
 30
0.0
 10
190.125
 20
131.3810652355
 30
0.0
340
192
1001
ACAD
1000
DSTYLE
1002
{
1070
     6
1000

1002
}
  0
LINE
  5
194
330
1F
100
AcDbEntity
  8
0
  6
SLD-SOLID
 62
     7
100
AcDbLine
 10
231.5613432678
 20
190.8317765172
 30
0.0
 11
231.5613432678
 21
190.7163189748
 31
0.0
  0
LINE
  5
195
330
1F
100
AcDbEntity
  8
0
  6
SLD-SOLID
 62
     7
100
AcDbLine
 10
249.4189526744
 20
159.7826804567
 30
0.0
 11
249.5189364215
 21
159.7249423029
 31
0.0
  0
LINE
  5
196
330
1F
100
AcDbEntity
  8
0
  6
SLD-SOLID
 62
     7
100
AcDbLine
 10
262.2208234144
 20
158.4657523926
 30
0.0
 11
267.6326607924
 21
161.5899396107
 31
0.0
  0
LINE
  5
197
330
1F
100
AcDbEntity
  8
0
  6
SLD-SOLID
 62
     7
100
AcDbLine
 10
242.0130341429
 20
205.4572424216
 30
0.0
 11
236.8228876054
 21
202.4610346015
 31
0.0
  0
LINE
  5
198
330
1F
100
AcDbEntity
  8
0
  6
SLD-SOLID
 62
     7
100
AcDbLine
 10
272.7822203943
 20
173.3308709707
 30
0.0
 11
272.780482588
 21
173.446325979
 31
0.0
  0
LINE
  5
199
330
1F
100
AcDbEntity
  8
0
  6
SLD-SOLID
 62
     7
100
AcDbLine
 10
254.769000855
 20
204.11382191
 30
0.0
 11
254.6690172134
 21
204.1715600028
 31
0.0
  0
POLYLINE
  5
19A
330
1F
100
AcDbEntity
  8
0
  6
SLD-SOLID
 62
     7
100
AcDb2dPolyline
 66
     1
 10
0.0
 20
0.0
 30
0.0
 70
   128
  0
VERTEX
  5
270
330
19A
100
AcDbEntity
  8
0
  6
SLD-SOLID
 62
     7
100
AcDbVertex
100
AcDb2dVertex
 10
249.4218555099
 20
201.0303250387
 30
0.0
  0
VERTEX
  5
271
330
19A
100
AcDbEntity
  8
0
  6
SLD-SOLID
 62
     7
100
AcDbVertex
100
AcDb2dVertex
 10
248.7500325509
 20
201.4035642275
 30
0.0
  0
VERTEX
  5
272
330
19A
100
AcDbEntity
  8
0
  6
SLD-SOLID
 62
     7
100
AcDbVertex
100
AcDb2dVertex
 10
248.0791604821
 20
201.7470832376
 30
0.0
  0
VERTEX
  5
273
330
19A
100
AcDbEntity
  8
0
  6
SLD-SOLID
 62
     7
100
AcDbVertex
100
AcDb2dVertex
 10
247.410188848
 20
202.0603958563
 30
0.0
  0
VERTEX
  5
274
330
19A
100
AcDbEntity
  8
0
  6
SLD-SOLID
 62
     7
100
AcDbVertex
100
AcDb2dVertex
 10
246.7440645031
 20
202.3430586246
 30
0.0
  0
VERTEX
  5
275
330
19A
100
AcDbEntity
  8
0
  6
SLD-SOLID
 62
     7
100
AcDbVertex
100
AcDb2dVertex
 10
246.081730272
 20
202.594671465
 30
0.0
  0
VERTEX
  5
276
330
19A
100
AcDbEntity
  8
0
  6
SLD-SOLID
 62
     7
100
AcDbVertex
100
AcDb2dVertex
 10
245.4241236146
 20
202.8148782476
 30
0.0
  0
VERTEX
  5
277
330
19A
100
AcDbEntity
  8
0
  6
SLD-SOLID
 62
     7
100
AcDbVertex
100
AcDb2dVertex
 10
244.7721752996
 20
203.0033672943
 30
0.0
  0
VERTEX
  5
278
330
19A
100
AcDbEntity
  8
0
  6
SLD-SOLID
 62
     7
100
AcDbVertex
100
AcDb2dVertex
 10
244.1268080871
 20
203.15987182
 30
0.0
  0
VERTEX
  5
279
330
19A
100
AcDbEntity
  8
0
  6
SLD-SOLID
 62
     7
100
AcDbVertex
100
AcDb2dVertex
 10
243.4889354221
 20
203.2841703101
 30
0.0
  0
VERTEX
  5
27A
330
19A
100
AcDbEntity
  8
0
  6
SLD-SOLID
 62
     7
100
AcDbVertex
100
AcDb2dVertex
 10
242.859460142
 20
203.3760868339
 30
0.0
  0
VERTEX
  5
27B
330
19A
100
AcDbEntity
  8
0
  6
SLD-SOLID
 62
     7
100
AcDbVertex
100
AcDb2dVertex
 10
242.2392731987
 20
203.4354912938
 30
0.0
  0
VERTEX
  5
27C
330
19A
100
AcDbEntity
  8
0
  6
SLD-SOLID
 62
     7
100
AcDbVertex
100
AcDb2dVertex
 10
241.6292523975
 20
203.4622996096
 30
0.0
  0
VERTEX
  5
27D
330
19A
100
AcDbEntity
  8
0
  6
SLD-SOLID
 62
     7
100
AcDbVertex
100
AcDb2dVertex
 10
241.0302611546
 20
203.4564738369
 30
0.0
  0
VERTEX
  5
27E
330
19A
100
AcDbEntity
  8
0
  6
SLD-SOLID
 62
     7
100
AcDbVertex
100
AcDb2dVertex
 10
240.4431472751
 20
203.4180222216
 30
0.0
  0
VERTEX
  5
27F
330
19A
100
AcDbEntity
  8
0
  6
SLD-SOLID
 62
     7
100
AcDbVertex
100
AcDb2dVertex
 10
239.8687417531
 20
203.3469991875
 30
0.0
  0
VERTEX
  5
280
330
19A
100
AcDbEntity
  8
0
  6
SLD-SOLID
 62
     7
100
AcDbVertex
100
AcDb2dVertex
 10
239.3078575953
 20
203.24350526
 30
0.0
  0
VERTEX
  5
281
330
19A
100
AcDbEntity
  8
0
  6
SLD-SOLID
 62
     7
100
AcDbVertex
100
AcDb2dVertex
 10
238.7612886706
 20
203.107686923
 30
0.0
  0
VERTEX
  5
282
330
19A
100
AcDbEntity
  8
0
  6
SLD-SOLID
 62
     7
100
AcDbVertex
100
AcDb2dVertex
 10
238.2298085862
 20
202.9397364122
 30
0.0
  0
VERTEX
  5
283
330
19A
100
AcDbEntity
  8
0
  6
SLD-SOLID
 62
     7
100
AcDbVertex
100
AcDb2dVertex
 10
237.7141695926
 20
202.7398914428
 30
0.0
  0
VERTEX
  5
284
330
19A
100
AcDbEntity
  8
0
  6
SLD-SOLID
 62
     7
100
AcDbVertex
100
AcDb2dVertex
 10
237.2151015193
 20
202.508434873
 30
0.0
  0
VERTEX
  5
285
330
19A
100
AcDbEntity
  8
0
  6
SLD-SOLID
 62
     7
100
AcDbVertex
100
AcDb2dVertex
 10
236.7333107412
 20
202.2456943036
 30
0.0
  0
VERTEX
  5
286
330
19A
100
AcDbEntity
  8
0
  6
SLD-SOLID
 62
     7
100
AcDbVertex
100
AcDb2dVertex
 10
236.2694791793
 20
201.9520416147
 30
0.0
  0
VERTEX
  5
287
330
19A
100
AcDbEntity
  8
0
  6
SLD-SOLID
 62
     7
100
AcDbVertex
100
AcDb2dVertex
 10
235.8242633354
 20
201.6278924386
 30
0.0
  0
VERTEX
  5
288
330
19A
100
AcDbEntity
  8
0
  6
SLD-SOLID
 62
     7
100
AcDbVertex
100
AcDb2dVertex
 10
235.3982933627
 20
201.2737055724
 30
0.0
  0
VERTEX
  5
289
330
19A
100
AcDbEntity
  8
0
  6
SLD-SOLID
 62
     7
100
AcDbVertex
100
AcDb2dVertex
 10
234.992172174
 20
200.889982328
 30
0.0
  0
VERTEX
  5
28A
330
19A
100
AcDbEntity
  8
0
  6
SLD-SOLID
 62
     7
100
AcDbVertex
100
AcDb2dVertex
 10
234.6064745885
 20
200.4772658226
 30
0.0
  0
VERTEX
  5
28B
330
19A
100
AcDbEntity
  8
0
  6
SLD-SOLID
 62
     7
100
AcDbVertex
100
AcDb2dVertex
 10
234.2417465179
 20
200.0361402103
 30
0.0
  0
VERTEX
  5
28C
330
19A
100
AcDbEntity
  8
0
  6
SLD-SOLID
 62
     7
100
AcDbVertex
100
AcDb2dVertex
 10
233.8985041942
 20
199.5672298552
 30
0.0
  0
VERTEX
  5
28D
330
19A
100
AcDbEntity
  8
0
  6
SLD-SOLID
 62
     7
100
AcDbVertex
100
AcDb2dVertex
 10
233.5772334383
 20
199.0711984473
 30
0.0
  0
VERTEX
  5
28E
330
19A
100
AcDbEntity
  8
0
  6
SLD-SOLID
 62
     7
100
AcDbVertex
100
AcDb2dVertex
 10
233.2783889732
 20
198.5487480637
 30
0.0
  0
VERTEX
  5
28F
330
19A
100
AcDbEntity
  8
0
  6
SLD-SOLID
 62
     7
100
AcDbVertex
100
AcDb2dVertex
 10
233.0023937797
 20
198.0006181745
 30
0.0
  0
VERTEX
  5
290
330
19A
100
AcDbEntity
  8
0
  6
SLD-SOLID
 62
     7
100
AcDbVertex
100
AcDb2dVertex
 10
232.7496384982
 20
197.4275845963
 30
0.0
  0
VERTEX
  5
291
330
19A
100
AcDbEntity
  8
0
  6
SLD-SOLID
 62
     7
100
AcDbVertex
100
AcDb2dVertex
 10
232.5204808755
 20
196.8304583939
 30
0.0
  0
VERTEX
  5
292
330
19A
100
AcDbEntity
  8
0
  6
SLD-SOLID
 62
     7
100
AcDbVertex
100
AcDb2dVertex
 10
232.3152452586
 20
196.2100847327
 30
0.0
  0
VERTEX
  5
293
330
19A
100
AcDbEntity
  8
0
  6
SLD-SOLID
 62
     7
100
AcDbVertex
100
AcDb2dVertex
 10
232.1342221357
 20
195.5673416824
 30
0.0
  0
VERTEX
  5
294
330
19A
100
AcDbEntity
  8
0
  6
SLD-SOLID
 62
     7
100
AcDbVertex
100
AcDb2dVertex
 10
231.9776677245
 20
194.9031389738
 30
0.0
  0
VERTEX
  5
295
330
19A
100
AcDbEntity
  8
0
  6
SLD-SOLID
 62
     7
100
AcDbVertex
100
AcDb2dVertex
 10
231.8458036105
 20
194.2184167115
 30
0.0
  0
VERTEX
  5
296
330
19A
100
AcDbEntity
  8
0
  6
SLD-SOLID
 62
     7
100
AcDbVertex
100
AcDb2dVertex
 10
231.7388164326
 20
193.5141440434
 30
0.0
  0
VERTEX
  5
297
330
19A
100
AcDbEntity
  8
0
  6
SLD-SOLID
 62
     7
100
AcDbVertex
100
AcDb2dVertex
 10
231.6568576191
 20
192.7913177887
 30
0.0
  0
VERTEX
  5
298
330
19A
100
AcDbEntity
  8
0
  6
SLD-SOLID
 62
     7
100
AcDbVertex
100
AcDb2dVertex
 10
231.6000431735
 20
192.0509610271
 30
0.0
  0
VERTEX
  5
299
330
19A
100
AcDbEntity
  8
0
  6
SLD-SOLID
 62
     7
100
AcDbVertex
100
AcDb2dVertex
 10
231.5684535104
 20
191.2941216508
 30
0.0
  0
VERTEX
  5
29A
330
19A
100
AcDbEntity
  8
0
  6
SLD-SOLID
 62
     7
100
AcDbVertex
100
AcDb2dVertex
 10
231.5621333413
 20
190.5218708813
 30
0.0
  0
VERTEX
  5
29B
330
19A
100
AcDbEntity
  8
0
  6
SLD-SOLID
 62
     7
100
AcDbVertex
100
AcDb2dVertex
 10
231.5810916119
 20
189.7353017532
 30
0.0
  0
VERTEX
  5
29C
330
19A
100
AcDbEntity
  8
0
  6
SLD-SOLID
 62
     7
100
AcDbVertex
100
AcDb2dVertex
 10
231.6253014887
 20
188.9355275673
 30
0.0
  0
VERTEX
  5
29D
330
19A
100
AcDbEntity
  8
0
  6
SLD-SOLID
 62
     7
100
AcDbVertex
100
AcDb2dVertex
 10
231.6947003976
 20
188.1236803143
 30
0.0
  0
VERTEX
  5
29E
330
19A
100
AcDbEntity
  8
0
  6
SLD-SOLID
 62
     7
100
AcDbVertex
100
AcDb2dVertex
 10
231.7891901123
 20
187.3009090732
 30
0.0
  0
VERTEX
  5
29F
330
19A
100
AcDbEntity
  8
0
  6
SLD-SOLID
 62
     7
100
AcDbVertex
100
AcDb2dVertex
 10
231.9086368931
 20
186.4683783849
 30
0.0
  0
VERTEX
  5
2A0
330
19A
100
AcDbEntity
  8
0
  6
SLD-SOLID
 62
     7
100
AcDbVertex
100
AcDb2dVertex
 10
232.0528716764
 20
185.6272666034
 30
0.0
  0
VERTEX
  5
2A1
330
19A
100
AcDbEntity
  8
0
  6
SLD-SOLID
 62
     7
100
AcDbVertex
100
AcDb2dVertex
 10
232.2216903141
 20
184.7787642283
 30
0.0
  0
VERTEX
  5
2A2
330
19A
100
AcDbEntity
  8
0
  6
SLD-SOLID
 62
     7
100
AcDbVertex
100
AcDb2dVertex
 10
232.4148538622
 20
183.9240722198
 30
0.0
  0
VERTEX
  5
2A3
330
19A
100
AcDbEntity
  8
0
  6
SLD-SOLID
 62
     7
100
AcDbVertex
100
AcDb2dVertex
 10
232.6320889194
 20
183.064400299
 30
0.0
  0
VERTEX
  5
2A4
330
19A
100
AcDbEntity
  8
0
  6
SLD-SOLID
 62
     7
100
AcDbVertex
100
AcDb2dVertex
 10
232.8730880136
 20
182.2009652353
 30
0.0
  0
VERTEX
  5
2A5
330
19A
100
AcDbEntity
  8
0
  6
SLD-SOLID
 62
     7
100
AcDbVertex
100
AcDb2dVertex
 10
233.1375100377
 20
181.3349891245
 30
0.0
  0
VERTEX
  5
2A6
330
19A
100
AcDbEntity
  8
0
  6
SLD-SOLID
 62
     7
100
AcDbVertex
100
AcDb2dVertex
 10
233.4249807319
 20
180.467697659
 30
0.0
  0
VERTEX
  5
2A7
330
19A
100
AcDbEntity
  8
0
  6
SLD-SOLID
 62
     7
100
AcDbVertex
100
AcDb2dVertex
 10
233.7350932134
 20
179.6003183927
 30
0.0
  0
VERTEX
  5
2A8
330
19A
100
AcDbEntity
  8
0
  6
SLD-SOLID
 62
     7
100
AcDbVertex
100
AcDb2dVertex
 10
234.0674085528
 20
178.7340790042
 30
0.0
  0
VERTEX
  5
2A9
330
19A
100
AcDbEntity
  8
0
  6
SLD-SOLID
 62
     7
100
AcDbVertex
100
AcDb2dVertex
 10
234.4214563949
 20
177.8702055583
 30
0.0
  0
VERTEX
  5
2AA
330
19A
100
AcDbEntity
  8
0
  6
SLD-SOLID
 62
     7
100
AcDbVertex
100
AcDb2dVertex
 10
234.7967356246
 20
177.0099207713
 30
0.0
  0
VERTEX
  5
2AB
330
19A
100
AcDbEntity
  8
0
  6
SLD-SOLID
 62
     7
100
AcDbVertex
100
AcDb2dVertex
 10
235.1927150759
 20
176.1544422801
 30
0.0
  0
VERTEX
  5
2AC
330
19A
100
AcDbEntity
  8
0
  6
SLD-SOLID
 62
     7
100
AcDbVertex
100
AcDb2dVertex
 10
235.6088342844
 20
175.304980919
 30
0.0
  0
VERTEX
  5
2AD
330
19A
100
AcDbEntity
  8
0
  6
SLD-SOLID
 62
     7
100
AcDbVertex
100
AcDb2dVertex
 10
236.0445042799
 20
174.4627390054
 30
0.0
  0
VERTEX
  5
2AE
330
19A
100
AcDbEntity
  8
0
  6
SLD-SOLID
 62
     7
100
AcDbVertex
100
AcDb2dVertex
 10
236.49910842
 20
173.6289086386
 30
0.0
  0
VERTEX
  5
2AF
330
19A
100
AcDbEntity
  8
0
  6
SLD-SOLID
 62
     7
100
AcDbVertex
100
AcDb2dVertex
 10
236.9720032636
 20
172.8046700122
 30
0.0
  0
VERTEX
  5
2B0
330
19A
100
AcDbEntity
  8
0
  6
SLD-SOLID
 62
     7
100
AcDbVertex
100
AcDb2dVertex
 10
237.4625194809
 20
171.9911897438
 30
0.0
  0
VERTEX
  5
2B1
330
19A
100
AcDbEntity
  8
0
  6
SLD-SOLID
 62
     7
100
AcDbVertex
100
AcDb2dVertex
 10
237.9699628009
 20
171.1896192239
 30
0.0
  0
VERTEX
  5
2B2
330
19A
100
AcDbEntity
  8
0
  6
SLD-SOLID
 62
     7
100
AcDbVertex
100
AcDb2dVertex
 10
238.4936149945
 20
170.4010929858
 30
0.0
  0
VERTEX
  5
2B3
330
19A
100
AcDbEntity
  8
0
  6
SLD-SOLID
 62
     7
100
AcDbVertex
100
AcDb2dVertex
 10
239.0327348905
 20
169.6267271002
 30
0.0
  0
VERTEX
  5
2B4
330
19A
100
AcDbEntity
  8
0
  6
SLD-SOLID
 62
     7
100
AcDbVertex
100
AcDb2dVertex
 10
239.586559425
 20
168.8676175955
 30
0.0
  0
VERTEX
  5
2B5
330
19A
100
AcDbEntity
  8
0
  6
SLD-SOLID
 62
     7
100
AcDbVertex
100
AcDb2dVertex
 10
240.1543047213
 20
168.1248389063
 30
0.0
  0
VERTEX
  5
2B6
330
19A
100
AcDbEntity
  8
0
  6
SLD-SOLID
 62
     7
100
AcDbVertex
100
AcDb2dVertex
 10
240.7351671994
 20
167.3994423527
 30
0.0
  0
VERTEX
  5
2B7
330
19A
100
AcDbEntity
  8
0
  6
SLD-SOLID
 62
     7
100
AcDbVertex
100
AcDb2dVertex
 10
241.3283247134
 20
166.6924546525
 30
0.0
  0
VERTEX
  5
2B8
330
19A
100
AcDbEntity
  8
0
  6
SLD-SOLID
 62
     7
100
AcDbVertex
100
AcDb2dVertex
 10
241.9329377151
 20
166.0048764677
 30
0.0
  0
VERTEX
  5
2B9
330
19A
100
AcDbEntity
  8
0
  6
SLD-SOLID
 62
     7
100
AcDbVertex
100
AcDb2dVertex
 10
242.5481504426
 20
165.3376809883
 30
0.0
  0
VERTEX
  5
2BA
330
19A
100
AcDbEntity
  8
0
  6
SLD-SOLID
 62
     7
100
AcDbVertex
100
AcDb2dVertex
 10
243.173092131
 20
164.6918125549
 30
0.0
  0
VERTEX
  5
2BB
330
19A
100
AcDbEntity
  8
0
  6
SLD-SOLID
 62
     7
100
AcDbVertex
100
AcDb2dVertex
 10
243.8068782451
 20
164.0681853221
 30
0.0
  0
VERTEX
  5
2BC
330
19A
100
AcDbEntity
  8
0
  6
SLD-SOLID
 62
     7
100
AcDbVertex
100
AcDb2dVertex
 10
244.4486117317
 20
163.4676819644
 30
0.0
  0
VERTEX
  5
2BD
330
19A
100
AcDbEntity
  8
0
  6
SLD-SOLID
 62
     7
100
AcDbVertex
100
AcDb2dVertex
 10
245.0973842887
 20
162.8911524273
 30
0.0
  0
VERTEX
  5
2BE
330
19A
100
AcDbEntity
  8
0
  6
SLD-SOLID
 62
     7
100
AcDbVertex
100
AcDb2dVertex
 10
245.7522776512
 20
162.3394127238
 30
0.0
  0
VERTEX
  5
2BF
330
19A
100
AcDbEntity
  8
0
  6
SLD-SOLID
 62
     7
100
AcDbVertex
100
AcDb2dVertex
 10
246.4123648908
 20
161.8132437797
 30
0.0
  0
VERTEX
  5
2C0
330
19A
100
AcDbEntity
  8
0
  6
SLD-SOLID
 62
     7
100
AcDbVertex
100
AcDb2dVertex
 10
247.0767117278
 20
161.3133903284
 30
0.0
  0
VERTEX
  5
2C1
330
19A
100
AcDbEntity
  8
0
  6
SLD-SOLID
 62
     7
100
AcDbVertex
100
AcDb2dVertex
 10
247.7443778535
 20
160.8405598566
 30
0.0
  0
VERTEX
  5
2C2
330
19A
100
AcDbEntity
  8
0
  6
SLD-SOLID
 62
     7
100
AcDbVertex
100
AcDb2dVertex
 10
248.4144182614
 20
160.3954216028
 30
0.0
  0
VERTEX
  5
2C3
330
19A
100
AcDbEntity
  8
0
  6
SLD-SOLID
 62
     7
100
AcDbVertex
100
AcDb2dVertex
 10
249.085884584
 20
159.9786056106
 30
0.0
  0
VERTEX
  5
2C4
330
19A
100
AcDbEntity
  8
0
  6
SLD-SOLID
 62
     7
100
AcDbVertex
100
AcDb2dVertex
 10
249.7578264358
 20
159.5907018362
 30
0.0
  0
VERTEX
  5
2C5
330
19A
100
AcDbEntity
  8
0
  6
SLD-SOLID
 62
     7
100
AcDbVertex
100
AcDb2dVertex
 10
250.4292927584
 20
159.2322593143
 30
0.0
  0
VERTEX
  5
2C6
330
19A
100
AcDbEntity
  8
0
  6
SLD-SOLID
 62
     7
100
AcDbVertex
100
AcDb2dVertex
 10
251.0993331662
 20
158.90378538
 30
0.0
  0
VERTEX
  5
2C7
330
19A
100
AcDbEntity
  8
0
  6
SLD-SOLID
 62
     7
100
AcDbVertex
100
AcDb2dVertex
 10
251.766999292
 20
158.6057449514
 30
0.0
  0
VERTEX
  5
2C8
330
19A
100
AcDbEntity
  8
0
  6
SLD-SOLID
 62
     7
100
AcDbVertex
100
AcDb2dVertex
 10
252.431346129
 20
158.3385598716
 30
0.0
  0
VERTEX
  5
2C9
330
19A
100
AcDbEntity
  8
0
  6
SLD-SOLID
 62
     7
100
AcDbVertex
100
AcDb2dVertex
 10
253.0914333686
 20
158.1026083111
 30
0.0
  0
VERTEX
  5
2CA
330
19A
100
AcDbEntity
  8
0
  6
SLD-SOLID
 62
     7
100
AcDbVertex
100
AcDb2dVertex
 10
253.7463267311
 20
157.8982242328
 30
0.0
  0
VERTEX
  5
2CB
330
19A
100
AcDbEntity
  8
0
  6
SLD-SOLID
 62
     7
100
AcDbVertex
100
AcDb2dVertex
 10
254.3950992881
 20
157.7256969197
 30
0.0
  0
VERTEX
  5
2CC
330
19A
100
AcDbEntity
  8
0
  6
SLD-SOLID
 62
     7
100
AcDbVertex
100
AcDb2dVertex
 10
255.0368327747
 20
157.5852705649
 30
0.0
  0
VERTEX
  5
2CD
330
19A
100
AcDbEntity
  8
0
  6
SLD-SOLID
 62
     7
100
AcDbVertex
100
AcDb2dVertex
 10
255.6706188888
 20
157.4771439262
 30
0.0
  0
VERTEX
  5
2CE
330
19A
100
AcDbEntity
  8
0
  6
SLD-SOLID
 62
     7
100
AcDbVertex
100
AcDb2dVertex
 10
256.2955605772
 20
157.4014700446
 30
0.0
  0
VERTEX
  5
2CF
330
19A
100
AcDbEntity
  8
0
  6
SLD-SOLID
 62
     7
100
AcDbVertex
100
AcDb2dVertex
 10
256.9107733047
 20
157.3583560282
 30
0.0
  0
VERTEX
  5
2D0
330
19A
100
AcDbEntity
  8
0
  6
SLD-SOLID
 62
     7
100
AcDbVertex
100
AcDb2dVertex
 10
257.5153863064
 20
157.3478629001
 30
0.0
  0
VERTEX
  5
2D1
330
19A
100
AcDbEntity
  8
0
  6
SLD-SOLID
 62
     7
100
AcDbVertex
100
AcDb2dVertex
 10
258.1085438204
 20
157.370005512
 30
0.0
  0
VERTEX
  5
2D2
330
19A
100
AcDbEntity
  8
0
  6
SLD-SOLID
 62
     7
100
AcDbVertex
100
AcDb2dVertex
 10
258.6894062985
 20
157.4247525235
 30
0.0
  0
VERTEX
  5
2D3
330
19A
100
AcDbEntity
  8
0
  6
SLD-SOLID
 62
     7
100
AcDbVertex
100
AcDb2dVertex
 10
259.2571515948
 20
157.5120264465
 30
0.0
  0
VERTEX
  5
2D4
330
19A
100
AcDbEntity
  8
0
  6
SLD-SOLID
 62
     7
100
AcDbVertex
100
AcDb2dVertex
 10
259.8109761293
 20
157.6317037544
 30
0.0
  0
VERTEX
  5
2D5
330
19A
100
AcDbEntity
  8
0
  6
SLD-SOLID
 62
     7
100
AcDbVertex
100
AcDb2dVertex
 10
260.3500960253
 20
157.7836150573
 30
0.0
  0
VERTEX
  5
2D6
330
19A
100
AcDbEntity
  8
0
  6
SLD-SOLID
 62
     7
100
AcDbVertex
100
AcDb2dVertex
 10
260.8737482189
 20
157.9675453419
 30
0.0
  0
VERTEX
  5
2D7
330
19A
100
AcDbEntity
  8
0
  6
SLD-SOLID
 62
     7
100
AcDbVertex
100
AcDb2dVertex
 10
261.3811915389
 20
158.1832342753
 30
0.0
  0
VERTEX
  5
2D8
330
19A
100
AcDbEntity
  8
0
  6
SLD-SOLID
 62
     7
100
AcDbVertex
100
AcDb2dVertex
 10
261.8717077562
 20
158.4303765741
 30
0.0
  0
VERTEX
  5
2D9
330
19A
100
AcDbEntity
  8
0
  6
SLD-SOLID
 62
     7
100
AcDbVertex
100
AcDb2dVertex
 10
262.3446025998
 20
158.7086224358
 30
0.0
  0
VERTEX
  5
2DA
330
19A
100
AcDbEntity
  8
0
  6
SLD-SOLID
 62
     7
100
AcDbVertex
100
AcDb2dVertex
 10
262.7992067399
 20
159.0175780347
 30
0.0
  0
VERTEX
  5
2DB
330
19A
100
AcDbEntity
  8
0
  6
SLD-SOLID
 62
     7
100
AcDbVertex
100
AcDb2dVertex
 10
263.2348767354
 20
159.3568060785
 30
0.0
  0
VERTEX
  5
2DC
330
19A
100
AcDbEntity
  8
0
  6
SLD-SOLID
 62
     7
100
AcDbVertex
100
AcDb2dVertex
 10
263.6509959439
 20
159.725826428
 30
0.0
  0
VERTEX
  5
2DD
330
19A
100
AcDbEntity
  8
0
  6
SLD-SOLID
 62
     7
100
AcDbVertex
100
AcDb2dVertex
 10
264.0469753952
 20
160.1241167761
 30
0.0
  0
VERTEX
  5
2DE
330
19A
100
AcDbEntity
  8
0
  6
SLD-SOLID
 62
     7
100
AcDbVertex
100
AcDb2dVertex
 10
264.4222546249
 20
160.5511133874
 30
0.0
  0
VERTEX
  5
2DF
330
19A
100
AcDbEntity
  8
0
  6
SLD-SOLID
 62
     7
100
AcDbVertex
100
AcDb2dVertex
 10
264.7763024669
 20
161.0062118958
 30
0.0
  0
VERTEX
  5
2E0
330
19A
100
AcDbEntity
  8
0
  6
SLD-SOLID
 62
     7
100
AcDbVertex
100
AcDb2dVertex
 10
265.1086178064
 20
161.4887681604
 30
0.0
  0
VERTEX
  5
2E1
330
19A
100
AcDbEntity
  8
0
  6
SLD-SOLID
 62
     7
100
AcDbVertex
100
AcDb2dVertex
 10
265.4187302879
 20
161.9980991767
 30
0.0
  0
VERTEX
  5
2E2
330
19A
100
AcDbEntity
  8
0
  6
SLD-SOLID
 62
     7
100
AcDbVertex
100
AcDb2dVertex
 10
265.706200982
 20
162.5334840437
 30
0.0
  0
VERTEX
  5
2E3
330
19A
100
AcDbEntity
  8
0
  6
SLD-SOLID
 62
     7
100
AcDbVertex
100
AcDb2dVertex
 10
265.9706230062
 20
163.0941649839
 30
0.0
  0
VERTEX
  5
2E4
330
19A
100
AcDbEntity
  8
0
  6
SLD-SOLID
 62
     7
100
AcDbVertex
100
AcDb2dVertex
 10
266.2116221004
 20
163.6793484161
 30
0.0
  0
VERTEX
  5
2E5
330
19A
100
AcDbEntity
  8
0
  6
SLD-SOLID
 62
     7
100
AcDbVertex
100
AcDb2dVertex
 10
266.4288571576
 20
164.2882060786
 30
0.0
  0
VERTEX
  5
2E6
330
19A
100
AcDbEntity
  8
0
  6
SLD-SOLID
 62
     7
100
AcDbVertex
100
AcDb2dVertex
 10
266.6220207057
 20
164.9198762015
 30
0.0
  0
VERTEX
  5
2E7
330
19A
100
AcDbEntity
  8
0
  6
SLD-SOLID
 62
     7
100
AcDbVertex
100
AcDb2dVertex
 10
266.7908393434
 20
165.5734647264
 30
0.0
  0
VERTEX
  5
2E8
330
19A
100
AcDbEntity
  8
0
  6
SLD-SOLID
 62
     7
100
AcDbVertex
100
AcDb2dVertex
 10
266.9350741267
 20
166.2480465718
 30
0.0
  0
VERTEX
  5
2E9
330
19A
100
AcDbEntity
  8
0
  6
SLD-SOLID
 62
     7
100
AcDbVertex
100
AcDb2dVertex
 10
267.0545209075
 20
166.9426669425
 30
0.0
  0
VERTEX
  5
2EA
330
19A
100
AcDbEntity
  8
0
  6
SLD-SOLID
 62
     7
100
AcDbVertex
100
AcDb2dVertex
 10
267.1490106222
 20
167.6563426811
 30
0.0
  0
VERTEX
  5
2EB
330
19A
100
AcDbEntity
  8
0
  6
SLD-SOLID
 62
     7
100
AcDbVertex
100
AcDb2dVertex
 10
267.2184095311
 20
168.3880636594
 30
0.0
  0
VERTEX
  5
2EC
330
19A
100
AcDbEntity
  8
0
  6
SLD-SOLID
 62
     7
100
AcDbVertex
100
AcDb2dVertex
 10
267.2626194079
 20
169.1367942081
 30
0.0
  0
VERTEX
  5
2ED
330
19A
100
AcDbEntity
  8
0
  6
SLD-SOLID
 62
     7
100
AcDbVertex
100
AcDb2dVertex
 10
267.2815776785
 20
169.9014745829
 30
0.0
  0
VERTEX
  5
2EE
330
19A
100
AcDbEntity
  8
0
  6
SLD-SOLID
 62
     7
100
AcDbVertex
100
AcDb2dVertex
 10
267.2752575094
 20
170.6810224643
 30
0.0
  0
VERTEX
  5
2EF
330
19A
100
AcDbEntity
  8
0
  6
SLD-SOLID
 62
     7
100
AcDbVertex
100
AcDb2dVertex
 10
267.2436678463
 20
171.4743344893
 30
0.0
  0
VERTEX
  5
2F0
330
19A
100
AcDbEntity
  8
0
  6
SLD-SOLID
 62
     7
100
AcDbVertex
100
AcDb2dVertex
 10
267.1868534007
 20
172.2802878135
 30
0.0
  0
VERTEX
  5
2F1
330
19A
100
AcDbEntity
  8
0
  6
SLD-SOLID
 62
     7
100
AcDbVertex
100
AcDb2dVertex
 10
267.1048945872
 20
173.0977417001
 30
0.0
  0
VERTEX
  5
2F2
330
19A
100
AcDbEntity
  8
0
  6
SLD-SOLID
 62
     7
100
AcDbVertex
100
AcDb2dVertex
 10
266.9979074093
 20
173.9255391346
 30
0.0
  0
VERTEX
  5
2F3
330
19A
100
AcDbEntity
  8
0
  6
SLD-SOLID
 62
     7
100
AcDbVertex
100
AcDb2dVertex
 10
266.8660432953
 20
174.7625084622
 30
0.0
  0
VERTEX
  5
2F4
330
19A
100
AcDbEntity
  8
0
  6
SLD-SOLID
 62
     7
100
AcDbVertex
100
AcDb2dVertex
 10
266.7094888841
 20
175.6074650464
 30
0.0
  0
VERTEX
  5
2F5
330
19A
100
AcDbEntity
  8
0
  6
SLD-SOLID
 62
     7
100
AcDbVertex
100
AcDb2dVertex
 10
266.5284657612
 20
176.4592129458
 30
0.0
  0
VERTEX
  5
2F6
330
19A
100
AcDbEntity
  8
0
  6
SLD-SOLID
 62
     7
100
AcDbVertex
100
AcDb2dVertex
 10
266.3232301443
 20
177.3165466063
 30
0.0
  0
VERTEX
  5
2F7
330
19A
100
AcDbEntity
  8
0
  6
SLD-SOLID
 62
     7
100
AcDbVertex
100
AcDb2dVertex
 10
266.0940725216
 20
178.1782525681
 30
0.0
  0
VERTEX
  5
2F8
330
19A
100
AcDbEntity
  8
0
  6
SLD-SOLID
 62
     7
100
AcDbVertex
100
AcDb2dVertex
 10
265.8413172401
 20
179.0431111827
 30
0.0
  0
VERTEX
  5
2F9
330
19A
100
AcDbEntity
  8
0
  6
SLD-SOLID
 62
     7
100
AcDbVertex
100
AcDb2dVertex
 10
265.5653220466
 20
179.9098983395
 30
0.0
  0
VERTEX
  5
2FA
330
19A
100
AcDbEntity
  8
0
  6
SLD-SOLID
 62
     7
100
AcDbVertex
100
AcDb2dVertex
 10
265.2664775815
 20
180.7773871982
 30
0.0
  0
VERTEX
  5
2FB
330
19A
100
AcDbEntity
  8
0
  6
SLD-SOLID
 62
     7
100
AcDbVertex
100
AcDb2dVertex
 10
264.9452068256
 20
181.6443499252
 30
0.0
  0
VERTEX
  5
2FC
330
19A
100
AcDbEntity
  8
0
  6
SLD-SOLID
 62
     7
100
AcDbVertex
100
AcDb2dVertex
 10
264.6019645019
 20
182.5095594319
 30
0.0
  0
VERTEX
  5
2FD
330
19A
100
AcDbEntity
  8
0
  6
SLD-SOLID
 62
     7
100
AcDbVertex
100
AcDb2dVertex
 10
264.2372364313
 20
183.3717911109
 30
0.0
  0
VERTEX
  5
2FE
330
19A
100
AcDbEntity
  8
0
  6
SLD-SOLID
 62
     7
100
AcDbVertex
100
AcDb2dVertex
 10
263.8515388458
 20
184.2298245697
 30
0.0
  0
VERTEX
  5
2FF
330
19A
100
AcDbEntity
  8
0
  6
SLD-SOLID
 62
     7
100
AcDbVertex
100
AcDb2dVertex
 10
263.4454176571
 20
185.0824453579
 30
0.0
  0
VERTEX
  5
300
330
19A
100
AcDbEntity
  8
0
  6
SLD-SOLID
 62
     7
100
AcDbVertex
100
AcDb2dVertex
 10
263.0194476844
 20
185.9284466861
 30
0.0
  0
VERTEX
  5
301
330
19A
100
AcDbEntity
  8
0
  6
SLD-SOLID
 62
     7
100
AcDbVertex
100
AcDb2dVertex
 10
262.5742318405
 20
186.7666311339
 30
0.0
  0
VERTEX
  5
302
330
19A
100
AcDbEntity
  8
0
  6
SLD-SOLID
 62
     7
100
AcDbVertex
100
AcDb2dVertex
 10
262.1104002786
 20
187.5958123452
 30
0.0
  0
VERTEX
  5
303
330
19A
100
AcDbEntity
  8
0
  6
SLD-SOLID
 62
     7
100
AcDbVertex
100
AcDb2dVertex
 10
261.6286095005
 20
188.4148167065
 30
0.0
  0
VERTEX
  5
304
330
19A
100
AcDbEntity
  8
0
  6
SLD-SOLID
 62
     7
100
AcDbVertex
100
AcDb2dVertex
 10
261.1295414272
 20
189.2224850088
 30
0.0
  0
VERTEX
  5
305
330
19A
100
AcDbEntity
  8
0
  6
SLD-SOLID
 62
     7
100
AcDbVertex
100
AcDb2dVertex
 10
260.6139024336
 20
190.0176740879
 30
0.0
  0
VERTEX
  5
306
330
19A
100
AcDbEntity
  8
0
  6
SLD-SOLID
 62
     7
100
AcDbVertex
100
AcDb2dVertex
 10
260.0824223492
 20
190.7992584426
 30
0.0
  0
VERTEX
  5
307
330
19A
100
AcDbEntity
  8
0
  6
SLD-SOLID
 62
     7
100
AcDbVertex
100
AcDb2dVertex
 10
259.5358534245
 20
191.5661318277
 30
0.0
  0
VERTEX
  5
308
330
19A
100
AcDbEntity
  8
0
  6
SLD-SOLID
 62
     7
100
AcDbVertex
100
AcDb2dVertex
 10
258.9749692667
 20
192.3172088196
 30
0.0
  0
VERTEX
  5
309
330
19A
100
AcDbEntity
  8
0
  6
SLD-SOLID
 62
     7
100
AcDbVertex
100
AcDb2dVertex
 10
258.4005637447
 20
193.0514263529
 30
0.0
  0
VERTEX
  5
30A
330
19A
100
AcDbEntity
  8
0
  6
SLD-SOLID
 62
     7
100
AcDbVertex
100
AcDb2dVertex
 10
257.8134498652
 20
193.7677452246
 30
0.0
  0
VERTEX
  5
30B
330
19A
100
AcDbEntity
  8
0
  6
SLD-SOLID
 62
     7
100
AcDbVertex
100
AcDb2dVertex
 10
257.2144586223
 20
194.4651515656
 30
0.0
  0
VERTEX
  5
30C
330
19A
100
AcDbEntity
  8
0
  6
SLD-SOLID
 62
     7
100
AcDbVertex
100
AcDb2dVertex
 10
256.6044378211
 20
195.1426582752
 30
0.0
  0
VERTEX
  5
30D
330
19A
100
AcDbEntity
  8
0
  6
SLD-SOLID
 62
     7
100
AcDbVertex
100
AcDb2dVertex
 10
255.9842508778
 20
195.7993064184
 30
0.0
  0
VERTEX
  5
30E
330
19A
100
AcDbEntity
  8
0
  6
SLD-SOLID
 62
     7
100
AcDbVertex
100
AcDb2dVertex
 10
255.3547755977
 20
196.4341665831
 30
0.0
  0
VERTEX
  5
30F
330
19A
100
AcDbEntity
  8
0
  6
SLD-SOLID
 62
     7
100
AcDbVertex
100
AcDb2dVertex
 10
254.7169029327
 20
197.0463401959
 30
0.0
  0
VERTEX
  5
310
330
19A
100
AcDbEntity
  8
0
  6
SLD-SOLID
 62
     7
100
AcDbVertex
100
AcDb2dVertex
 10
254.0715357202
 20
197.6349607933
 30
0.0
  0
VERTEX
  5
311
330
19A
100
AcDbEntity
  8
0
  6
SLD-SOLID
 62
     7
100
AcDbVertex
100
AcDb2dVertex
 10
253.4195874052
 20
198.1991952488
 30
0.0
  0
VERTEX
  5
312
330
19A
100
AcDbEntity
  8
0
  6
SLD-SOLID
 62
     7
100
AcDbVertex
100
AcDb2dVertex
 10
252.7619807478
 20
198.7382449516
 30
0.0
  0
VERTEX
  5
313
330
19A
100
AcDbEntity
  8
0
  6
SLD-SOLID
 62
     7
100
AcDbVertex
100
AcDb2dVertex
 10
252.0996465167
 20
199.2513469371
 30
0.0
  0
VERTEX
  5
314
330
19A
100
AcDbEntity
  8
0
  6
SLD-SOLID
 62
     7
100
AcDbVertex
100
AcDb2dVertex
 10
251.4335221718
 20
199.7377749669
 30
0.0
  0
VERTEX
  5
315
330
19A
100
AcDbEntity
  8
0
  6
SLD-SOLID
 62
     7
100
AcDbVertex
100
AcDb2dVertex
 10
250.7645505377
 20
200.1968405564
 30
0.0
  0
VERTEX
  5
316
330
19A
100
AcDbEntity
  8
0
  6
SLD-SOLID
 62
     7
100
AcDbVertex
100
AcDb2dVertex
 10
250.0936784689
 20
200.6278939496
 30
0.0
  0
VERTEX
  5
317
330
19A
100
AcDbEntity
  8
0
  6
SLD-SOLID
 62
     7
100
AcDbVertex
100
AcDb2dVertex
 10
249.4218555099
 20
201.0303250387
 30
0.0
  0
SEQEND
  5
39F
330
19A
100
AcDbEntity
  8
0
  6
SLD-SOLID
 62
     7
  0
POLYLINE
  5
19B
330
1F
100
AcDbEntity
  8
0
  6
SLD-SOLID
 62
     7
100
AcDb2dPolyline
 66
     1
 10
0.0
 20
0.0
 30
0.0
 70
   128
  0
VERTEX
  5
318
330
19B
100
AcDbEntity
  8
0
  6
SLD-SOLID
 62
     7
100
AcDbVertex
100
AcDb2dVertex
 10
249.5218555099
 20
201.203530119
 30
0.0
  0
VERTEX
  5
319
330
19B
100
AcDbEntity
  8
0
  6
SLD-SOLID
 62
     7
100
AcDbVertex
100
AcDb2dVertex
 10
248.8502905073
 20
201.5767128646
 30
0.0
  0
VERTEX
  5
31A
330
19B
100
AcDbEntity
  8
0
  6
SLD-SOLID
 62
     7
100
AcDbVertex
100
AcDb2dVertex
 10
248.1796647492
 20
201.9203667239
 30
0.0
  0
VERTEX
  5
31B
330
19B
100
AcDbEntity
  8
0
  6
SLD-SOLID
 62
     7
100
AcDbVertex
100
AcDb2dVertex
 10
247.5109161662
 20
202.234011066
 30
0.0
  0
VERTEX
  5
31C
330
19B
100
AcDbEntity
  8
0
  6
SLD-SOLID
 62
     7
100
AcDbVertex
100
AcDb2dVertex
 10
246.8449800636
 20
202.5172072308
 30
0.0
  0
VERTEX
  5
31D
330
19B
100
AcDbEntity
  8
0
  6
SLD-SOLID
 62
     7
100
AcDbVertex
100
AcDb2dVertex
 10
246.1827878135
 20
202.769559143
 30
0.0
  0
VERTEX
  5
31E
330
19B
100
AcDbEntity
  8
0
  6
SLD-SOLID
 62
     7
100
AcDbVertex
100
AcDb2dVertex
 10
245.5252655514
 20
202.9907138655
 30
0.0
  0
VERTEX
  5
31F
330
19B
100
AcDbEntity
  8
0
  6
SLD-SOLID
 62
     7
100
AcDbVertex
100
AcDb2dVertex
 10
244.8733328818
 20
203.1803620935
 30
0.0
  0
VERTEX
  5
320
330
19B
100
AcDbEntity
  8
0
  6
SLD-SOLID
 62
     7
100
AcDbVertex
100
AcDb2dVertex
 10
244.2279015915
 20
203.3382385867
 30
0.0
  0
VERTEX
  5
321
330
19B
100
AcDbEntity
  8
0
  6
SLD-SOLID
 62
     7
100
AcDbVertex
100
AcDb2dVertex
 10
243.5898743743
 20
203.4641225407
 30
0.0
  0
VERTEX
  5
322
330
19B
100
AcDbEntity
  8
0
  6
SLD-SOLID
 62
     7
100
AcDbVertex
100
AcDb2dVertex
 10
242.9601435692
 20
203.5578378953
 30
0.0
  0
VERTEX
  5
323
330
19B
100
AcDbEntity
  8
0
  6
SLD-SOLID
 62
     7
100
AcDbVertex
100
AcDb2dVertex
 10
242.3395899116
 20
203.6192535811
 30
0.0
  0
VERTEX
  5
324
330
19B
100
AcDbEntity
  8
0
  6
SLD-SOLID
 62
     7
100
AcDbVertex
100
AcDb2dVertex
 10
241.7290813018
 20
203.6482837028
 30
0.0
  0
VERTEX
  5
325
330
19B
100
AcDbEntity
  8
0
  6
SLD-SOLID
 62
     7
100
AcDbVertex
100
AcDb2dVertex
 10
241.1294715914
 20
203.6448876591
 30
0.0
  0
VERTEX
  5
326
330
19B
100
AcDbEntity
  8
0
  6
SLD-SOLID
 62
     7
100
AcDbVertex
100
AcDb2dVertex
 10
240.5415993888
 20
203.6090701997
 30
0.0
  0
VERTEX
  5
327
330
19B
100
AcDbEntity
  8
0
  6
SLD-SOLID
 62
     7
100
AcDbVertex
100
AcDb2dVertex
 10
239.9662868864
 20
203.5408814185
 30
0.0
  0
VERTEX
  5
328
330
19B
100
AcDbEntity
  8
0
  6
SLD-SOLID
 62
     7
100
AcDbVertex
100
AcDb2dVertex
 10
239.4043387108
 20
203.4404166836
 30
0.0
  0
VERTEX
  5
329
330
19B
100
AcDbEntity
  8
0
  6
SLD-SOLID
 62
     7
100
AcDbVertex
100
AcDb2dVertex
 10
238.8565407973
 20
203.3078165042
 30
0.0
  0
VERTEX
  5
32A
330
19B
100
AcDbEntity
  8
0
  6
SLD-SOLID
 62
     7
100
AcDbVertex
100
AcDb2dVertex
 10
238.3236592908
 20
203.1432663336
 30
0.0
  0
VERTEX
  5
32B
330
19B
100
AcDbEntity
  8
0
  6
SLD-SOLID
 62
     7
100
AcDbVertex
100
AcDb2dVertex
 10
237.8064394742
 20
202.94699631
 30
0.0
  0
VERTEX
  5
32C
330
19B
100
AcDbEntity
  8
0
  6
SLD-SOLID
 62
     7
100
AcDbVertex
100
AcDb2dVertex
 10
237.3056047264
 20
202.7192809348
 30
0.0
  0
VERTEX
  5
32D
330
19B
100
AcDbEntity
  8
0
  6
SLD-SOLID
 62
     7
100
AcDbVertex
100
AcDb2dVertex
 10
236.8218555099
 20
202.4604386886
 30
0.0
  0
VERTEX
  5
32E
330
19B
100
AcDbEntity
  8
0
  6
SLD-SOLID
 62
     7
100
AcDbVertex
100
AcDb2dVertex
 10
236.3558683918
 20
202.1708315857
 30
0.0
  0
VERTEX
  5
32F
330
19B
100
AcDbEntity
  8
0
  6
SLD-SOLID
 62
     7
100
AcDbVertex
100
AcDb2dVertex
 10
235.9082950971
 20
201.8508646677
 30
0.0
  0
VERTEX
  5
330
330
19B
100
AcDbEntity
  8
0
  6
SLD-SOLID
 62
     7
100
AcDbVertex
100
AcDb2dVertex
 10
235.4797615977
 20
201.5009854374
 30
0.0
  0
VERTEX
  5
331
330
19B
100
AcDbEntity
  8
0
  6
SLD-SOLID
 62
     7
100
AcDbVertex
100
AcDb2dVertex
 10
235.0708672364
 20
201.1216832325
 30
0.0
  0
VERTEX
  5
332
330
19B
100
AcDbEntity
  8
0
  6
SLD-SOLID
 62
     7
100
AcDbVertex
100
AcDb2dVertex
 10
234.6821838889
 20
200.7134885414
 30
0.0
  0
VERTEX
  5
333
330
19B
100
AcDbEntity
  8
0
  6
SLD-SOLID
 62
     7
100
AcDbVertex
100
AcDb2dVertex
 10
234.3142551639
 20
200.2769722613
 30
0.0
  0
VERTEX
  5
334
330
19B
100
AcDbEntity
  8
0
  6
SLD-SOLID
 62
     7
100
AcDbVertex
100
AcDb2dVertex
 10
233.9675956432
 20
199.8127448996
 30
0.0
  0
VERTEX
  5
335
330
19B
100
AcDbEntity
  8
0
  6
SLD-SOLID
 62
     7
100
AcDbVertex
100
AcDb2dVertex
 10
233.6426901614
 20
199.3214557205
 30
0.0
  0
VERTEX
  5
336
330
19B
100
AcDbEntity
  8
0
  6
SLD-SOLID
 62
     7
100
AcDbVertex
100
AcDb2dVertex
 10
233.3399931282
 20
198.803791836
 30
0.0
  0
VERTEX
  5
337
330
19B
100
AcDbEntity
  8
0
  6
SLD-SOLID
 62
     7
100
AcDbVertex
100
AcDb2dVertex
 10
233.0599278927
 20
198.2604772461
 30
0.0
  0
VERTEX
  5
338
330
19B
100
AcDbEntity
  8
0
  6
SLD-SOLID
 62
     7
100
AcDbVertex
100
AcDb2dVertex
 10
232.8028861515
 20
197.6922718254
 30
0.0
  0
VERTEX
  5
339
330
19B
100
AcDbEntity
  8
0
  6
SLD-SOLID
 62
     7
100
AcDbVertex
100
AcDb2dVertex
 10
232.5692274007
 20
197.0999702603
 30
0.0
  0
VERTEX
  5
33A
330
19B
100
AcDbEntity
  8
0
  6
SLD-SOLID
 62
     7
100
AcDbVertex
100
AcDb2dVertex
 10
232.3592784333
 20
196.4844009384
 30
0.0
  0
VERTEX
  5
33B
330
19B
100
AcDbEntity
  8
0
  6
SLD-SOLID
 62
     7
100
AcDbVertex
100
AcDb2dVertex
 10
232.1733328818
 20
195.8464247889
 30
0.0
  0
VERTEX
  5
33C
330
19B
100
AcDbEntity
  8
0
  6
SLD-SOLID
 62
     7
100
AcDbVertex
100
AcDb2dVertex
 10
232.011650808
 20
195.1869340791
 30
0.0
  0
VERTEX
  5
33D
330
19B
100
AcDbEntity
  8
0
  6
SLD-SOLID
 62
     7
100
AcDbVertex
100
AcDb2dVertex
 10
231.8744583387
 20
194.5068511665
 30
0.0
  0
VERTEX
  5
33E
330
19B
100
AcDbEntity
  8
0
  6
SLD-SOLID
 62
     7
100
AcDbVertex
100
AcDb2dVertex
 10
231.7619473501
 20
193.8071272084
 30
0.0
  0
VERTEX
  5
33F
330
19B
100
AcDbEntity
  8
0
  6
SLD-SOLID
 62
     7
100
AcDbVertex
100
AcDb2dVertex
 10
231.6742751989
 20
193.0887408322
 30
0.0
  0
VERTEX
  5
340
330
19B
100
AcDbEntity
  8
0
  6
SLD-SOLID
 62
     7
100
AcDbVertex
100
AcDb2dVertex
 10
231.6115645027
 20
192.3526967661
 30
0.0
  0
VERTEX
  5
341
330
19B
100
AcDbEntity
  8
0
  6
SLD-SOLID
 62
     7
100
AcDbVertex
100
AcDb2dVertex
 10
231.573902968
 20
191.6000244344
 30
0.0
  0
VERTEX
  5
342
330
19B
100
AcDbEntity
  8
0
  6
SLD-SOLID
 62
     7
100
AcDbVertex
100
AcDb2dVertex
 10
231.5613432678
 20
190.8317765172
 30
0.0
  0
SEQEND
  5
3A0
330
19B
100
AcDbEntity
  8
0
  6
SLD-SOLID
 62
     7
  0
POLYLINE
  5
19C
330
1F
100
AcDbEntity
  8
0
  6
SLD-SOLID
 62
     7
100
AcDb2dPolyline
 66
     1
 10
0.0
 20
0.0
 30
0.0
 70
   128
  0
VERTEX
  5
343
330
19C
100
AcDbEntity
  8
0
  6
SLD-SOLID
 62
     7
100
AcDbVertex
100
AcDb2dVertex
 10
249.5189364215
 20
159.7249423029
 30
0.0
  0
VERTEX
  5
344
330
19C
100
AcDbEntity
  8
0
  6
SLD-SOLID
 62
     7
100
AcDbVertex
100
AcDb2dVertex
 10
249.5218555099
 20
159.7232568752
 30
0.0
  0
VERTEX
  5
345
330
19C
100
AcDbEntity
  8
0
  6
SLD-SOLID
 62
     7
100
AcDbVertex
100
AcDb2dVertex
 10
250.1934205124
 20
159.3500741296
 30
0.0
  0
VERTEX
  5
346
330
19C
100
AcDbEntity
  8
0
  6
SLD-SOLID
 62
     7
100
AcDbVertex
100
AcDb2dVertex
 10
250.8640462706
 20
159.0064202702
 30
0.0
  0
VERTEX
  5
347
330
19C
100
AcDbEntity
  8
0
  6
SLD-SOLID
 62
     7
100
AcDbVertex
100
AcDb2dVertex
 10
251.5327948536
 20
158.6927759282
 30
0.0
  0
VERTEX
  5
348
330
19C
100
AcDbEntity
  8
0
  6
SLD-SOLID
 62
     7
100
AcDbVertex
100
AcDb2dVertex
 10
252.1987309562
 20
158.4095797633
 30
0.0
  0
VERTEX
  5
349
330
19C
100
AcDbEntity
  8
0
  6
SLD-SOLID
 62
     7
100
AcDbVertex
100
AcDb2dVertex
 10
252.8609232063
 20
158.1572278512
 30
0.0
  0
VERTEX
  5
34A
330
19C
100
AcDbEntity
  8
0
  6
SLD-SOLID
 62
     7
100
AcDbVertex
100
AcDb2dVertex
 10
253.5184454684
 20
157.9360731287
 30
0.0
  0
VERTEX
  5
34B
330
19C
100
AcDbEntity
  8
0
  6
SLD-SOLID
 62
     7
100
AcDbVertex
100
AcDb2dVertex
 10
254.170378138
 20
157.7464249007
 30
0.0
  0
VERTEX
  5
34C
330
19C
100
AcDbEntity
  8
0
  6
SLD-SOLID
 62
     7
100
AcDbVertex
100
AcDb2dVertex
 10
254.8158094283
 20
157.5885484074
 30
0.0
  0
VERTEX
  5
34D
330
19C
100
AcDbEntity
  8
0
  6
SLD-SOLID
 62
     7
100
AcDbVertex
100
AcDb2dVertex
 10
255.4538366455
 20
157.4626644535
 30
0.0
  0
VERTEX
  5
34E
330
19C
100
AcDbEntity
  8
0
  6
SLD-SOLID
 62
     7
100
AcDbVertex
100
AcDb2dVertex
 10
256.0835674506
 20
157.3689490989
 30
0.0
  0
VERTEX
  5
34F
330
19C
100
AcDbEntity
  8
0
  6
SLD-SOLID
 62
     7
100
AcDbVertex
100
AcDb2dVertex
 10
256.7041211082
 20
157.307533413
 30
0.0
  0
VERTEX
  5
350
330
19C
100
AcDbEntity
  8
0
  6
SLD-SOLID
 62
     7
100
AcDbVertex
100
AcDb2dVertex
 10
257.314629718
 20
157.2785032913
 30
0.0
  0
VERTEX
  5
351
330
19C
100
AcDbEntity
  8
0
  6
SLD-SOLID
 62
     7
100
AcDbVertex
100
AcDb2dVertex
 10
257.9142394284
 20
157.281899335
 30
0.0
  0
VERTEX
  5
352
330
19C
100
AcDbEntity
  8
0
  6
SLD-SOLID
 62
     7
100
AcDbVertex
100
AcDb2dVertex
 10
258.502111631
 20
157.3177167945
 30
0.0
  0
VERTEX
  5
353
330
19C
100
AcDbEntity
  8
0
  6
SLD-SOLID
 62
     7
100
AcDbVertex
100
AcDb2dVertex
 10
259.0774241334
 20
157.3859055757
 30
0.0
  0
VERTEX
  5
354
330
19C
100
AcDbEntity
  8
0
  6
SLD-SOLID
 62
     7
100
AcDbVertex
100
AcDb2dVertex
 10
259.639372309
 20
157.4863703105
 30
0.0
  0
VERTEX
  5
355
330
19C
100
AcDbEntity
  8
0
  6
SLD-SOLID
 62
     7
100
AcDbVertex
100
AcDb2dVertex
 10
260.1871702225
 20
157.6189704899
 30
0.0
  0
VERTEX
  5
356
330
19C
100
AcDbEntity
  8
0
  6
SLD-SOLID
 62
     7
100
AcDbVertex
100
AcDb2dVertex
 10
260.720051729
 20
157.7835206606
 30
0.0
  0
VERTEX
  5
357
330
19C
100
AcDbEntity
  8
0
  6
SLD-SOLID
 62
     7
100
AcDbVertex
100
AcDb2dVertex
 10
261.2372715456
 20
157.9797906842
 30
0.0
  0
VERTEX
  5
358
330
19C
100
AcDbEntity
  8
0
  6
SLD-SOLID
 62
     7
100
AcDbVertex
100
AcDb2dVertex
 10
261.7381062934
 20
158.2075060593
 30
0.0
  0
VERTEX
  5
359
330
19C
100
AcDbEntity
  8
0
  6
SLD-SOLID
 62
     7
100
AcDbVertex
100
AcDb2dVertex
 10
262.2218555099
 20
158.4663483055
 30
0.0
  0
VERTEX
  5
35A
330
19C
100
AcDbEntity
  8
0
  6
SLD-SOLID
 62
     7
100
AcDbVertex
100
AcDb2dVertex
 10
262.687842628
 20
158.7559554084
 30
0.0
  0
VERTEX
  5
35B
330
19C
100
AcDbEntity
  8
0
  6
SLD-SOLID
 62
     7
100
AcDbVertex
100
AcDb2dVertex
 10
263.1354159226
 20
159.0759223264
 30
0.0
  0
VERTEX
  5
35C
330
19C
100
AcDbEntity
  8
0
  6
SLD-SOLID
 62
     7
100
AcDbVertex
100
AcDb2dVertex
 10
263.5639494221
 20
159.4258015567
 30
0.0
  0
VERTEX
  5
35D
330
19C
100
AcDbEntity
  8
0
  6
SLD-SOLID
 62
     7
100
AcDbVertex
100
AcDb2dVertex
 10
263.9728437834
 20
159.8051037617
 30
0.0
  0
VERTEX
  5
35E
330
19C
100
AcDbEntity
  8
0
  6
SLD-SOLID
 62
     7
100
AcDbVertex
100
AcDb2dVertex
 10
264.3615271309
 20
160.2132984528
 30
0.0
  0
VERTEX
  5
35F
330
19C
100
AcDbEntity
  8
0
  6
SLD-SOLID
 62
     7
100
AcDbVertex
100
AcDb2dVertex
 10
264.7294558559
 20
160.6498147329
 30
0.0
  0
VERTEX
  5
360
330
19C
100
AcDbEntity
  8
0
  6
SLD-SOLID
 62
     7
100
AcDbVertex
100
AcDb2dVertex
 10
265.0761153766
 20
161.1140420945
 30
0.0
  0
VERTEX
  5
361
330
19C
100
AcDbEntity
  8
0
  6
SLD-SOLID
 62
     7
100
AcDbVertex
100
AcDb2dVertex
 10
265.4010208584
 20
161.6053312737
 30
0.0
  0
VERTEX
  5
362
330
19C
100
AcDbEntity
  8
0
  6
SLD-SOLID
 62
     7
100
AcDbVertex
100
AcDb2dVertex
 10
265.7037178916
 20
162.1229951581
 30
0.0
  0
VERTEX
  5
363
330
19C
100
AcDbEntity
  8
0
  6
SLD-SOLID
 62
     7
100
AcDbVertex
100
AcDb2dVertex
 10
265.9837831271
 20
162.666309748
 30
0.0
  0
VERTEX
  5
364
330
19C
100
AcDbEntity
  8
0
  6
SLD-SOLID
 62
     7
100
AcDbVertex
100
AcDb2dVertex
 10
266.2408248683
 20
163.2345151688
 30
0.0
  0
VERTEX
  5
365
330
19C
100
AcDbEntity
  8
0
  6
SLD-SOLID
 62
     7
100
AcDbVertex
100
AcDb2dVertex
 10
266.4744836191
 20
163.8268167338
 30
0.0
  0
VERTEX
  5
366
330
19C
100
AcDbEntity
  8
0
  6
SLD-SOLID
 62
     7
100
AcDbVertex
100
AcDb2dVertex
 10
266.6844325865
 20
164.4423860558
 30
0.0
  0
VERTEX
  5
367
330
19C
100
AcDbEntity
  8
0
  6
SLD-SOLID
 62
     7
100
AcDbVertex
100
AcDb2dVertex
 10
266.870378138
 20
165.0803622053
 30
0.0
  0
VERTEX
  5
368
330
19C
100
AcDbEntity
  8
0
  6
SLD-SOLID
 62
     7
100
AcDbVertex
100
AcDb2dVertex
 10
267.0320602118
 20
165.7398529151
 30
0.0
  0
VERTEX
  5
369
330
19C
100
AcDbEntity
  8
0
  6
SLD-SOLID
 62
     7
100
AcDbVertex
100
AcDb2dVertex
 10
267.1692526811
 20
166.4199358277
 30
0.0
  0
VERTEX
  5
36A
330
19C
100
AcDbEntity
  8
0
  6
SLD-SOLID
 62
     7
100
AcDbVertex
100
AcDb2dVertex
 10
267.2817636697
 20
167.1196597857
 30
0.0
  0
VERTEX
  5
36B
330
19C
100
AcDbEntity
  8
0
  6
SLD-SOLID
 62
     7
100
AcDbVertex
100
AcDb2dVertex
 10
267.3694358208
 20
167.8380461619
 30
0.0
  0
VERTEX
  5
36C
330
19C
100
AcDbEntity
  8
0
  6
SLD-SOLID
 62
     7
100
AcDbVertex
100
AcDb2dVertex
 10
267.4321465171
 20
168.574090228
 30
0.0
  0
VERTEX
  5
36D
330
19C
100
AcDbEntity
  8
0
  6
SLD-SOLID
 62
     7
100
AcDbVertex
100
AcDb2dVertex
 10
267.4698080518
 20
169.3267625598
 30
0.0
  0
VERTEX
  5
36E
330
19C
100
AcDbEntity
  8
0
  6
SLD-SOLID
 62
     7
100
AcDbVertex
100
AcDb2dVertex
 10
267.482367752
 20
170.0950104769
 30
0.0
  0
VERTEX
  5
36F
330
19C
100
AcDbEntity
  8
0
  6
SLD-SOLID
 62
     7
100
AcDbVertex
100
AcDb2dVertex
 10
267.4698080518
 20
170.8777595153
 30
0.0
  0
VERTEX
  5
370
330
19C
100
AcDbEntity
  8
0
  6
SLD-SOLID
 62
     7
100
AcDbVertex
100
AcDb2dVertex
 10
267.4321465171
 20
171.6739149295
 30
0.0
  0
VERTEX
  5
371
330
19C
100
AcDbEntity
  8
0
  6
SLD-SOLID
 62
     7
100
AcDbVertex
100
AcDb2dVertex
 10
267.3694358208
 20
172.4823632243
 30
0.0
  0
VERTEX
  5
372
330
19C
100
AcDbEntity
  8
0
  6
SLD-SOLID
 62
     7
100
AcDbVertex
100
AcDb2dVertex
 10
267.2817636697
 20
173.3019737116
 30
0.0
  0
VERTEX
  5
373
330
19C
100
AcDbEntity
  8
0
  6
SLD-SOLID
 62
     7
100
AcDbVertex
100
AcDb2dVertex
 10
267.1692526811
 20
174.131600092
 30
0.0
  0
VERTEX
  5
374
330
19C
100
AcDbEntity
  8
0
  6
SLD-SOLID
 62
     7
100
AcDbVertex
100
AcDb2dVertex
 10
267.0320602118
 20
174.970082058
 30
0.0
  0
VERTEX
  5
375
330
19C
100
AcDbEntity
  8
0
  6
SLD-SOLID
 62
     7
100
AcDbVertex
100
AcDb2dVertex
 10
266.870378138
 20
175.8162469168
 30
0.0
  0
VERTEX
  5
376
330
19C
100
AcDbEntity
  8
0
  6
SLD-SOLID
 62
     7
100
AcDbVertex
100
AcDb2dVertex
 10
266.6844325865
 20
176.6689112303
 30
0.0
  0
VERTEX
  5
377
330
19C
100
AcDbEntity
  8
0
  6
SLD-SOLID
 62
     7
100
AcDbVertex
100
AcDb2dVertex
 10
266.4744836191
 20
177.5268824704
 30
0.0
  0
VERTEX
  5
378
330
19C
100
AcDbEntity
  8
0
  6
SLD-SOLID
 62
     7
100
AcDbVertex
100
AcDb2dVertex
 10
266.2408248683
 20
178.3889606867
 30
0.0
  0
VERTEX
  5
379
330
19C
100
AcDbEntity
  8
0
  6
SLD-SOLID
 62
     7
100
AcDbVertex
100
AcDb2dVertex
 10
265.9837831271
 20
179.2539401848
 30
0.0
  0
VERTEX
  5
37A
330
19C
100
AcDbEntity
  8
0
  6
SLD-SOLID
 62
     7
100
AcDbVertex
100
AcDb2dVertex
 10
265.7037178916
 20
180.1206112128
 30
0.0
  0
VERTEX
  5
37B
330
19C
100
AcDbEntity
  8
0
  6
SLD-SOLID
 62
     7
100
AcDbVertex
100
AcDb2dVertex
 10
265.4010208584
 20
180.9877616527
 30
0.0
  0
VERTEX
  5
37C
330
19C
100
AcDbEntity
  8
0
  6
SLD-SOLID
 62
     7
100
AcDbVertex
100
AcDb2dVertex
 10
265.0761153766
 20
181.8541787164
 30
0.0
  0
VERTEX
  5
37D
330
19C
100
AcDbEntity
  8
0
  6
SLD-SOLID
 62
     7
100
AcDbVertex
100
AcDb2dVertex
 10
264.7294558559
 20
182.7186506412
 30
0.0
  0
VERTEX
  5
37E
330
19C
100
AcDbEntity
  8
0
  6
SLD-SOLID
 62
     7
100
AcDbVertex
100
AcDb2dVertex
 10
264.3615271309
 20
183.579968385
 30
0.0
  0
VERTEX
  5
37F
330
19C
100
AcDbEntity
  8
0
  6
SLD-SOLID
 62
     7
100
AcDbVertex
100
AcDb2dVertex
 10
263.9728437834
 20
184.4369273169
 30
0.0
  0
VERTEX
  5
380
330
19C
100
AcDbEntity
  8
0
  6
SLD-SOLID
 62
     7
100
AcDbVertex
100
AcDb2dVertex
 10
263.5639494221
 20
185.2883289025
 30
0.0
  0
VERTEX
  5
381
330
19C
100
AcDbEntity
  8
0
  6
SLD-SOLID
 62
     7
100
AcDbVertex
100
AcDb2dVertex
 10
263.1354159226
 20
186.1329823797
 30
0.0
  0
VERTEX
  5
382
330
19C
100
AcDbEntity
  8
0
  6
SLD-SOLID
 62
     7
100
AcDbVertex
100
AcDb2dVertex
 10
262.687842628
 20
186.9697064242
 30
0.0
  0
VERTEX
  5
383
330
19C
100
AcDbEntity
  8
0
  6
SLD-SOLID
 62
     7
100
AcDbVertex
100
AcDb2dVertex
 10
262.2218555099
 20
187.7973308017
 30
0.0
  0
VERTEX
  5
384
330
19C
100
AcDbEntity
  8
0
  6
SLD-SOLID
 62
     7
100
AcDbVertex
100
AcDb2dVertex
 10
261.7381062934
 20
188.6146980047
 30
0.0
  0
VERTEX
  5
385
330
19C
100
AcDbEntity
  8
0
  6
SLD-SOLID
 62
     7
100
AcDbVertex
100
AcDb2dVertex
 10
261.2372715456
 20
189.4206648713
 30
0.0
  0
VERTEX
  5
386
330
19C
100
AcDbEntity
  8
0
  6
SLD-SOLID
 62
     7
100
AcDbVertex
100
AcDb2dVertex
 10
260.720051729
 20
190.2141041839
 30
0.0
  0
VERTEX
  5
387
330
19C
100
AcDbEntity
  8
0
  6
SLD-SOLID
 62
     7
100
AcDbVertex
100
AcDb2dVertex
 10
260.1871702225
 20
190.993906246
 30
0.0
  0
VERTEX
  5
388
330
19C
100
AcDbEntity
  8
0
  6
SLD-SOLID
 62
     7
100
AcDbVertex
100
AcDb2dVertex
 10
259.639372309
 20
191.7589804338
 30
0.0
  0
VERTEX
  5
389
330
19C
100
AcDbEntity
  8
0
  6
SLD-SOLID
 62
     7
100
AcDbVertex
100
AcDb2dVertex
 10
259.0774241334
 20
192.5082567218
 30
0.0
  0
VERTEX
  5
38A
330
19C
100
AcDbEntity
  8
0
  6
SLD-SOLID
 62
     7
100
AcDbVertex
100
AcDb2dVertex
 10
258.502111631
 20
193.2406871795
 30
0.0
  0
VERTEX
  5
38B
330
19C
100
AcDbEntity
  8
0
  6
SLD-SOLID
 62
     7
100
AcDbVertex
100
AcDb2dVertex
 10
257.9142394284
 20
193.9552474367
 30
0.0
  0
VERTEX
  5
38C
330
19C
100
AcDbEntity
  8
0
  6
SLD-SOLID
 62
     7
100
AcDbVertex
100
AcDb2dVertex
 10
257.314629718
 20
194.6509381161
 30
0.0
  0
VERTEX
  5
38D
330
19C
100
AcDbEntity
  8
0
  6
SLD-SOLID
 62
     7
100
AcDbVertex
100
AcDb2dVertex
 10
256.7041211082
 20
195.3267862314
 30
0.0
  0
VERTEX
  5
38E
330
19C
100
AcDbEntity
  8
0
  6
SLD-SOLID
 62
     7
100
AcDbVertex
100
AcDb2dVertex
 10
256.0835674506
 20
195.9818465481
 30
0.0
  0
VERTEX
  5
38F
330
19C
100
AcDbEntity
  8
0
  6
SLD-SOLID
 62
     7
100
AcDbVertex
100
AcDb2dVertex
 10
255.4538366455
 20
196.6152029049
 30
0.0
  0
VERTEX
  5
390
330
19C
100
AcDbEntity
  8
0
  6
SLD-SOLID
 62
     7
100
AcDbVertex
100
AcDb2dVertex
 10
254.8158094283
 20
197.2259694958
 30
0.0
  0
VERTEX
  5
391
330
19C
100
AcDbEntity
  8
0
  6
SLD-SOLID
 62
     7
100
AcDbVertex
100
AcDb2dVertex
 10
254.170378138
 20
197.8132921084
 30
0.0
  0
VERTEX
  5
392
330
19C
100
AcDbEntity
  8
0
  6
SLD-SOLID
 62
     7
100
AcDbVertex
100
AcDb2dVertex
 10
253.5184454684
 20
198.376349319
 30
0.0
  0
VERTEX
  5
393
330
19C
100
AcDbEntity
  8
0
  6
SLD-SOLID
 62
     7
100
AcDbVertex
100
AcDb2dVertex
 10
252.8609232063
 20
198.9143536411
 30
0.0
  0
VERTEX
  5
394
330
19C
100
AcDbEntity
  8
0
  6
SLD-SOLID
 62
     7
100
AcDbVertex
100
AcDb2dVertex
 10
252.1987309562
 20
199.426552627
 30
0.0
  0
VERTEX
  5
395
330
19C
100
AcDbEntity
  8
0
  6
SLD-SOLID
 62
     7
100
AcDbVertex
100
AcDb2dVertex
 10
251.5327948536
 20
199.9122299202
 30
0.0
  0
VERTEX
  5
396
330
19C
100
AcDbEntity
  8
0
  6
SLD-SOLID
 62
     7
100
AcDbVertex
100
AcDb2dVertex
 10
250.8640462706
 20
200.3707062571
 30
0.0
  0
VERTEX
  5
397
330
19C
100
AcDbEntity
  8
0
  6
SLD-SOLID
 62
     7
100
AcDbVertex
100
AcDb2dVertex
 10
250.1934205124
 20
200.8013404169
 30
0.0
  0
VERTEX
  5
398
330
19C
100
AcDbEntity
  8
0
  6
SLD-SOLID
 62
     7
100
AcDbVertex
100
AcDb2dVertex
 10
249.5218555099
 20
201.203530119
 30
0.0
  0
VERTEX
  5
399
330
19C
100
AcDbEntity
  8
0
  6
SLD-SOLID
 62
     7
100
AcDbVertex
100
AcDb2dVertex
 10
249.5218555099
 20
201.203530119
 30
0.0
  0
SEQEND
  5
3A1
330
19C
100
AcDbEntity
  8
0
  6
SLD-SOLID
 62
     7
  0
SPLINE
  5
19D
330
1F
100
AcDbEntity
  8
0
  6
SLD-SOLID
 62
     7
100
AcDbSpline
210
0.0
220
0.0
230
1.0
 70
     8
 71
     3
 72
    14
 73
    10
 74
     0
 42
0.000000001
 43
0.00000001
 40
0.0
 40
0.0
 40
0.0
 40
0.0
 40
0.1430103408857238
 40
0.2502659478422314
 40
0.4997079877824764
 40
0.6247827482264559
 40
0.7498435528551501
 40
0.8749208248774346
 40
1.0
 40
1.0
 40
1.0
 40
1.0
 10
270.0112008496054
 20
169.0905997106211
 30
0.0
 10
270.0286870568618
 20
169.1296051684706
 30
0.0
 10
270.0592876568331
 20
169.1978641336564
 30
0.0
 10
270.131453240404
 20
169.3341573262013
 30
0.0
 10
270.2151542286393
 20
169.464184055205
 30
0.0
 10
270.3168504458743
 20
169.5840044534216
 30
0.0
 10
270.3983577425071
 20
169.6636110320861
 30
0.0
 10
270.4826724582823
 20
169.732057958191
 30
0.0
 10
270.5389339027871
 20
169.7666448802399
 30
0.0
 10
270.5670648390479
 20
169.7839384728268
 30
0.0
  0
SPLINE
  5
19E
330
1F
100
AcDbEntity
  8
0
  6
SLD-SOLID
 62
     7
100
AcDbSpline
210
0.0
220
0.0
230
1.0
 70
     8
 71
     3
 72
    16
 73
    12
 74
     0
 42
0.000000001
 43
0.00000001
 40
0.0
 40
0.0
 40
0.0
 40
0.0
 40
0.0337410650275351
 40
0.0624645070378527
 40
0.1249473397675376
 40
0.2499225262346242
 40
0.3749322369027318
 40
0.4999553816512168
 40
0.7499869141727119
 40
0.875002453713614
 40
1.0
 40
1.0
 40
1.0
 40
1.0
 10
269.6014599128334
 20
168.0461221755026
 30
0.0
 10
269.6091384639238
 20
168.0577606789284
 30
0.0
 10
269.6233536912216
 20
168.079306927648
 30
0.0
 10
269.6489245951962
 20
168.1231160589232
 30
0.0
 10
269.6865167583625
 20
168.1991442113799
 30
0.0
 10
269.7321784459096
 20
168.307904897827
 30
0.0
 10
269.7807451366693
 20
168.4374302404591
 30
0.0
 10
269.8378970815061
 20
168.6086880921605
 30
0.0
 10
269.8957213405723
 20
168.7815127292392
 30
0.0
 10
269.9571711600198
 20
168.9567660684584
 30
0.0
 10
269.9931918172034
 20
169.045990637042
 30
0.0
 10
270.0112008496054
 20
169.0905997106211
 30
0.0
  0
SPLINE
  5
19F
330
1F
100
AcDbEntity
  8
0
  6
SLD-SOLID
 62
     7
100
AcDbSpline
210
0.0
220
0.0
230
1.0
 70
     8
 71
     3
 72
    11
 73
     7
 74
     0
 42
0.000000001
 43
0.00000001
 40
0.0
 40
0.0
 40
0.0
 40
0.0
 40
0.2501966187589381
 40
0.5000571358904197
 40
0.7498722619843503
 40
1.0
 40
1.0
 40
1.0
 40
1.0
 10
269.4007558113186
 20
167.8591353674075
 30
0.0
 10
269.4182543613516
 20
167.8699015892596
 30
0.0
 10
269.4532279547407
 20
167.8914195701598
 30
0.0
 10
269.5060701779863
 20
167.935652307686
 30
0.0
 10
269.5570687100292
 20
167.9872214812038
 30
0.0
 10
269.5866566781596
 20
168.0264804279248
 30
0.0
 10
269.6014599128334
 20
168.0461221755026
 30
0.0
  0
SPLINE
  5
1A0
330
1F
100
AcDbEntity
  8
0
  6
SLD-SOLID
 62
     7
100
AcDbSpline
210
0.0
220
0.0
230
1.0
 70
     8
 71
     3
 72
    15
 73
    11
 74
     0
 42
0.000000001
 43
0.00000001
 40
0.0
 40
0.0
 40
0.0
 40
0.0
 40
0.125275370251643
 40
0.2505459008221438
 40
0.4998899455516698
 40
0.6248465295676188
 40
0.7498871296288072
 40
0.8747571796982551
 40
0.9373759605648334
 40
1.0
 40
1.0
 40
1.0
 40
1.0
 10
269.1581324358493
 20
168.1452661405394
 30
0.0
 10
269.1546015857137
 20
168.1183838233135
 30
0.0
 10
269.1475400218478
 20
168.0646202273887
 30
0.0
 10
269.1443123545
 20
167.965363506231
 30
0.0
 10
269.1569913267841
 20
167.8765975898731
 30
0.0
 10
269.2067047516383
 20
167.828309754775
 30
0.0
 10
269.2583726173901
 20
167.8120038535047
 30
0.0
 10
269.3136304680256
 20
167.8198063403617
 30
0.0
 10
269.3623467202119
 20
167.8382337781523
 30
0.0
 10
269.3879524225809
 20
167.8521679759708
 30
0.0
 10
269.4007558113186
 20
167.8591353674075
 30
0.0
  0
SPLINE
  5
1A1
330
1F
100
AcDbEntity
  8
0
  6
SLD-SOLID
 62
     7
100
AcDbSpline
210
0.0
220
0.0
230
1.0
 70
     8
 71
     3
 72
    15
 73
    11
 74
     0
 42
0.000000001
 43
0.00000001
 40
0.0
 40
0.0
 40
0.0
 40
0.0
 40
0.125077051602969
 40
0.2500907010332929
 40
0.3770037493212298
 40
0.4998510636199282
 40
0.6247495841014389
 40
0.7497740173007873
 40
0.8748489178848905
 40
1.0
 40
1.0
 40
1.0
 40
1.0
 10
269.6050823266912
 20
168.8705923583126
 30
0.0
 10
269.5763142305361
 20
168.850086002939
 30
0.0
 10
269.5187926209152
 20
168.8090836869642
 30
0.0
 10
269.4336795389018
 20
168.7306655977634
 30
0.0
 10
269.3542514028911
 20
168.6404101224773
 30
0.0
 10
269.2863933605682
 20
168.5392690272085
 30
0.0
 10
269.2345515679344
 20
168.4353754779625
 30
0.0
 10
269.1986447926033
 20
168.3339409628669
 30
0.0
 10
269.1729512485142
 20
168.2365590550025
 30
0.0
 10
269.1630730425472
 20
168.1757032878919
 30
0.0
 10
269.1581324358493
 20
168.1452661405394
 30
0.0
  0
ARC
  5
1A2
330
1F
100
AcDbEntity
  8
0
  6
SLD-SOLID
 62
     7
100
AcDbCircle
 10
249.8687421879
 20
171.1898542812
 30
0.0
 40
19.87214376815117
100
AcDbArc
 50
353.2977813076
 51
354.2337380356
  0
SPLINE
  5
1A3
330
1F
100
AcDbEntity
  8
0
  6
SLD-SOLID
 62
     7
100
AcDbSpline
210
0.0
220
0.0
230
1.0
 70
     8
 71
     3
 72
    16
 73
    12
 74
     0
 42
0.000000001
 43
0.00000001
 40
0.0
 40
0.0
 40
0.0
 40
0.0
 40
0.1252501039117525
 40
0.2504474826799875
 40
0.4996006484765028
 40
0.642311641587441
 40
0.713852348552062
 40
0.7853894622243167
 40
0.8926376358440735
 40
0.9463073593472912
 40
1.0
 40
1.0
 40
1.0
 40
1.0
 10
268.911548454874
 20
167.9914343843054
 30
0.0
 10
268.9198864408409
 20
168.0417094732842
 30
0.0
 10
268.9365589028254
 20
168.1422384874964
 30
0.0
 10
268.9952508993819
 20
168.3571204598088
 30
0.0
 10
269.093027999767
 20
168.5972603346116
 30
0.0
 10
269.2279464288887
 20
168.8059386387066
 30
0.0
 10
269.3236336016462
 20
168.9225700350495
 30
0.0
 10
269.4121812531952
 20
169.0171961963826
 30
0.0
 10
269.4987399747436
 20
169.0943943738763
 30
0.0
 10
269.5796551184038
 20
169.1540904314547
 30
0.0
 10
269.6201046610556
 20
169.18022226326
 30
0.0
 10
269.640333749482
 20
169.1932909681618
 30
0.0
  0
SPLINE
  5
1A4
330
1F
100
AcDbEntity
  8
0
  6
SLD-SOLID
 62
     7
100
AcDbSpline
210
0.0
220
0.0
230
1.0
 70
     8
 71
     3
 72
    16
 73
    12
 74
     0
 42
0.000000001
 43
0.00000001
 40
0.0
 40
0.0
 40
0.0
 40
0.0
 40
0.0625812918325567
 40
0.1251185619905074
 40
0.2500339966083301
 40
0.3748934519169221
 40
0.4997665987942821
 40
0.6425356419198732
 40
0.7497659459521637
 40
0.8748546621773099
 40
1.0
 40
1.0
 40
1.0
 40
1.0
 10
269.3649065773405
 20
167.5629185960129
 30
0.0
 10
269.3431524906836
 20
167.5510825274677
 30
0.0
 10
269.2996596198877
 20
167.527418716245
 30
0.0
 10
269.216350939119
 20
167.4937460427398
 30
0.0
 10
269.1213376440651
 20
167.4755321301863
 30
0.0
 10
269.0256180669193
 20
167.4882117314113
 30
0.0
 10
268.9545808739773
 20
167.5444855767167
 30
0.0
 10
268.9157843454794
 20
167.6320978718143
 30
0.0
 10
268.8978077967826
 20
167.7398195732093
 30
0.0
 10
268.895197159326
 20
167.855580038669
 30
0.0
 10
268.9060972008907
 20
167.9461427717461
 30
0.0
 10
268.911548454874
 20
167.9914343843054
 30
0.0
  0
SPLINE
  5
1A5
330
1F
100
AcDbEntity
  8
0
  6
SLD-SOLID
 62
     7
100
AcDbSpline
210
0.0
220
0.0
230
1.0
 70
     8
 71
     3
 72
    13
 73
     9
 74
     0
 42
0.000000001
 43
0.00000001
 40
0.0
 40
0.0
 40
0.0
 40
0.0
 40
0.125270398714419
 40
0.2504796247751355
 40
0.5002081115003651
 40
0.7496342006308078
 40
0.8747805455085615
 40
1.0
 40
1.0
 40
1.0
 40
1.0
 10
269.8812942900663
 20
168.149623915223
 30
0.0
 10
269.8658333362602
 20
168.1206068234125
 30
0.0
 10
269.8349189786165
 20
168.0625868095597
 30
0.0
 10
269.765219537523
 20
167.947312410195
 30
0.0
 10
269.660734836263
 20
167.8068905759589
 30
0.0
 10
269.5388786001218
 20
167.6866323302067
 30
0.0
 10
269.4389497394027
 20
167.6079554761494
 30
0.0
 10
269.3895924356561
 20
167.5779338116124
 30
0.0
 10
269.3649065773405
 20
167.5629185960129
 30
0.0
  0
SPLINE
  5
1A6
330
1F
100
AcDbEntity
  8
0
  6
SLD-SOLID
 62
     7
100
AcDbSpline
210
0.0
220
0.0
230
1.0
 70
     8
 71
     3
 72
    16
 73
    12
 74
     0
 42
0.000000001
 43
0.00000001
 40
0.0
 40
0.0
 40
0.0
 40
0.0
 40
0.0527504287283566
 40
0.1249941999136815
 40
0.2499999026623744
 40
0.3928661216840671
 40
0.5000195877471708
 40
0.7500131823437899
 40
0.8500162248725002
 40
0.910020615928678
 40
1.0
 40
1.0
 40
1.0
 40
1.0
 10
270.2315093280732
 20
169.0616138974428
 30
0.0
 10
270.2249014776211
 20
169.0452137371741
 30
0.0
 10
270.2092439180463
 20
169.0063529172594
 30
0.0
 10
270.1805372362354
 20
168.9293297198607
 30
0.0
 10
270.1445967644682
 20
168.8257305558216
 30
0.0
 10
270.1048809649301
 20
168.7120234644565
 30
0.0
 10
270.0528423711295
 20
168.5614005179916
 30
0.0
 10
270.0030481345403
 20
168.4237842519763
 30
0.0
 10
269.9510115286856
 20
168.2992432728692
 30
0.0
 10
269.9176876555067
 20
168.2231320263811
 30
0.0
 10
269.8949407707075
 20
168.1771873736653
 30
0.0
 10
269.8812942900663
 20
168.149623915223
 30
0.0
  0
SPLINE
  5
1A7
330
1F
100
AcDbEntity
  8
0
  6
SLD-SOLID
 62
     7
100
AcDbSpline
210
0.0
220
0.0
230
1.0
 70
     8
 71
     3
 72
    13
 73
     9
 74
     0
 42
0.000000001
 43
0.00000001
 40
0.0
 40
0.0
 40
0.0
 40
0.0
 40
0.1252815490492491
 40
0.2504017094291023
 40
0.4996939484694364
 40
0.7494089043026815
 40
0.874679694298558
 40
0.9999999999999999
 40
0.9999999999999999
 40
0.9999999999999999
 40
0.9999999999999999
 10
270.5471613474857
 20
169.4689394000057
 30
0.0
 10
270.530761453348
 20
169.4587219067593
 30
0.0
 10
270.4979827915442
 20
169.4383000825211
 30
0.0
 10
270.4325461070865
 20
169.385191363281
 30
0.0
 10
270.3549383450777
 20
169.2988344210991
 30
0.0
 10
270.2957148528963
 20
169.1997678667462
 30
0.0
 10
270.2570418995565
 20
169.1207147397355
 30
0.0
 10
270.2400213062992
 20
169.0813167731624
 30
0.0
 10
270.2315093280732
 20
169.0616138974428
 30
0.0
  0
SPLINE
  5
1A8
330
1F
100
AcDbEntity
  8
0
  6
SLD-SOLID
 62
     7
100
AcDbSpline
210
0.0
220
0.0
230
1.0
 70
     8
 71
     3
 72
    15
 73
    11
 74
     0
 42
0.000000001
 43
0.00000001
 40
0.0
 40
0.0
 40
0.0
 40
0.0
 40
0.1252340652107844
 40
0.2504327417586057
 40
0.4998529441288107
 40
0.6248436805348833
 40
0.7498031372441032
 40
0.8747935524492925
 40
0.9373746756917836
 40
1.0
 40
1.0
 40
1.0
 40
1.0
 10
270.85117903524
 20
169.1666138145364
 30
0.0
 10
270.8547065241376
 20
169.1962168803607
 30
0.0
 10
270.8617605051344
 20
169.25541464677
 30
0.0
 10
270.8573207942644
 20
169.3620982076384
 30
0.0
 10
270.8294240729416
 20
169.4519117752291
 30
0.0
 10
270.769880248385
 20
169.5065882768254
 30
0.0
 10
270.7060055159052
 20
169.5191700501578
 30
0.0
 10
270.6438863172903
 20
169.5115941975794
 30
0.0
 10
270.5895014694526
 20
169.4915884385459
 30
0.0
 10
270.5612780426708
 20
169.4764908561295
 30
0.0
 10
270.5471613474857
 20
169.4689394000057
 30
0.0
  0
SPLINE
  5
1A9
330
1F
100
AcDbEntity
  8
0
  6
SLD-SOLID
 62
     7
100
AcDbSpline
210
0.0
220
0.0
230
1.0
 70
     8
 71
     3
 72
    16
 73
    12
 74
     0
 42
0.000000001
 43
0.00000001
 40
0.0
 40
0.0
 40
0.0
 40
0.0
 40
0.1251168957394033
 40
0.1890308212372085
 40
0.2502670331400987
 40
0.3770907917620686
 40
0.499883737775338
 40
0.6248539258738386
 40
0.7498673850240954
 40
0.874895935272113
 40
1.0
 40
1.0
 40
1.0
 40
1.0
 10
270.2389959443379
 20
168.2672330875942
 30
0.0
 10
270.2756302884696
 20
168.2926294648197
 30
0.0
 10
270.3309786897847
 20
168.3309991671289
 30
0.0
 10
270.4041035129781
 20
168.3905146508982
 30
0.0
 10
270.4769941143572
 20
168.4545306649088
 30
0.0
 10
270.5646021794107
 20
168.5444190682961
 30
0.0
 10
270.6570897221126
 20
168.6679427063834
 30
0.0
 10
270.7307475782851
 20
168.7963339625336
 30
0.0
 10
270.7893971642533
 20
168.9249981210833
 30
0.0
 10
270.8307763708719
 20
169.0502704211675
 30
0.0
 10
270.8443767784731
 20
169.1278248789073
 30
0.0
 10
270.85117903524
 20
169.1666138145364
 30
0.0
  0
ARC
  5
1AA
330
1F
100
AcDbEntity
  8
0
  6
SLD-SOLID
 62
     7
100
AcDbCircle
 10
252.9217326167
 20
171.314762755
 30
0.0
 40
17.58337414245068
100
AcDbArc
 50
349.0036506094
 51
350.0191613211
  0
SPLINE
  5
1AB
330
1F
100
AcDbEntity
  8
0
  6
SLD-SOLID
 62
     7
100
AcDbSpline
210
0.0
220
0.0
230
1.0
 70
     8
 71
     3
 72
    17
 73
    13
 74
     0
 42
0.000000001
 43
0.00000001
 40
0.0
 40
0.0
 40
0.0
 40
0.0
 40
0.0626907839454782
 40
0.1253747394861348
 40
0.188063017826941
 40
0.2507382830477293
 40
0.3798433107158046
 40
0.5010131522246001
 40
0.7494941325266322
 40
0.8746495530799191
 40
0.9373239098167291
 40
1.0
 40
1.0
 40
1.0
 40
1.0
 10
271.0979155584164
 20
169.3218198076406
 30
0.0
 10
271.0935223181311
 20
169.2926608165425
 30
0.0
 10
271.0847363160812
 20
169.2343460104015
 30
0.0
 10
271.0647328990939
 20
169.1438382823743
 30
0.0
 10
271.0410255282505
 20
169.0520090230581
 30
0.0
 10
270.9992834661856
 20
168.9243874608253
 30
0.0
 10
270.9308339840126
 20
168.762435096136
 30
0.0
 10
270.7802162511574
 20
168.5020834162135
 30
0.0
 10
270.5722955140377
 20
168.2588327571245
 30
0.0
 10
270.3776724176352
 20
168.0935795270826
 30
0.0
 10
270.2654856833471
 20
168.0125054912927
 30
0.0
 10
270.2100050736186
 20
167.9780330227772
 30
0.0
 10
270.1822643851392
 20
167.960796550163
 30
0.0
  0
SPLINE
  5
1AC
330
1F
100
AcDbEntity
  8
0
  6
SLD-SOLID
 62
     7
100
AcDbSpline
210
0.0
220
0.0
230
1.0
 70
     8
 71
     3
 72
    15
 73
    11
 74
     0
 42
0.000000001
 43
0.00000001
 40
0.0
 40
0.0
 40
0.0
 40
0.0
 40
0.0626377064476396
 40
0.1252328576414508
 40
0.2502449672968832
 40
0.3754734207666781
 40
0.5002705548539966
 40
0.7495791849839694
 40
0.8747558686070932
 40
0.9999999999999999
 40
0.9999999999999999
 40
0.9999999999999999
 40
0.9999999999999999
 10
270.5670648390479
 20
169.7839384728268
 30
0.0
 10
270.5901172183049
 20
169.7963315690707
 30
0.0
 10
270.6362063153283
 20
169.8211093418482
 30
0.0
 10
270.7256854545265
 20
169.8556684577934
 30
0.0
 10
270.8297501641925
 20
169.8721944019662
 30
0.0
 10
270.9369267001406
 20
169.8545338691646
 30
0.0
 10
271.0463438038053
 20
169.7785562407916
 30
0.0
 10
271.1015246350107
 20
169.6377768290411
 30
0.0
 10
271.114054886329
 20
169.4663337310479
 30
0.0
 10
271.1032963002849
 20
169.3699997642332
 30
0.0
 10
271.0979155584163
 20
169.3218198076406
 30
0.0
  0
SPLINE
  5
1AD
330
1F
100
AcDbEntity
  8
0
  6
SLD-SOLID
 62
     7
100
AcDbSpline
210
0.0
220
0.0
230
1.0
 70
     8
 71
     3
 72
     8
 73
     4
 74
     0
 42
0.000000001
 43
0.00000001
 40
0.0
 40
0.0
 40
0.0
 40
0.0
 40
1.0
 40
1.0
 40
1.0
 40
1.0
 10
269.6802806065333
 20
170.930295792732
 30
0.0
 10
270.2061009056077
 20
171.0608008205326
 30
0.0
 10
270.7299633903496
 20
171.1924838459542
 30
0.0
 10
271.2518697590169
 20
171.3254016874883
 30
0.0
  0
SPLINE
  5
1AE
330
1F
100
AcDbEntity
  8
0
  6
SLD-SOLID
 62
     7
100
AcDbSpline
210
0.0
220
0.0
230
1.0
 70
     8
 71
     3
 72
     8
 73
     4
 74
     0
 42
0.000000001
 43
0.00000001
 40
0.0
 40
0.0
 40
0.0
 40
0.0
 40
1.0
 40
1.0
 40
1.0
 40
1.0
 10
269.403884487309
 20
170.8617114284379
 30
0.0
 10
269.4960763744444
 20
170.8845370797585
 30
0.0
 10
269.5882084125003
 20
170.9073984324847
 30
0.0
 10
269.6802806065333
 20
170.930295792732
 30
0.0
  0
SPLINE
  5
1AF
330
1F
100
AcDbEntity
  8
0
  6
SLD-SOLID
 62
     7
100
AcDbSpline
210
0.0
220
0.0
230
1.0
 70
     8
 71
     3
 72
     8
 73
     4
 74
     0
 42
0.000000001
 43
0.00000001
 40
0.0
 40
0.0
 40
0.0
 40
0.0
 40
1.0
 40
1.0
 40
1.0
 40
1.0
 10
269.6487896457772
 20
171.0789851678768
 30
0.0
 10
269.5671958928416
 20
171.0065360698265
 30
0.0
 10
269.4855608392621
 20
170.9341114313991
 30
0.0
 10
269.403884487309
 20
170.8617114284379
 30
0.0
  0
SPLINE
  5
1B0
330
1F
100
AcDbEntity
  8
0
  6
SLD-SOLID
 62
     7
100
AcDbSpline
210
0.0
220
0.0
230
1.0
 70
     8
 71
     3
 72
     8
 73
     4
 74
     0
 42
0.000000001
 43
0.00000001
 40
0.0
 40
0.0
 40
0.0
 40
0.0
 40
1.0
 40
1.0
 40
1.0
 40
1.0
 10
271.2702183239183
 20
172.5265043454265
 30
0.0
 10
270.7315649522971
 20
172.0429530290031
 30
0.0
 10
270.1910887172035
 20
171.5604293266401
 30
0.0
 10
269.6487896457772
 20
171.0789851678768
 30
0.0
  0
ARC
  5
1B1
330
1F
100
AcDbEntity
  8
0
  6
SLD-SOLID
 62
     7
100
AcDbCircle
 10
246.5677239585
 20
172.2760537348
 30
0.0
 40
24.70376395171937
100
AcDbArc
 50
0.5808834971
 51
1.4709268108
  0
SPLINE
  5
1B2
330
1F
100
AcDbEntity
  8
0
  6
SLD-SOLID
 62
     7
100
AcDbSpline
210
0.0
220
0.0
230
1.0
 70
     8
 71
     3
 72
     8
 73
     4
 74
     0
 42
0.000000001
 43
0.00000001
 40
0.0
 40
0.0
 40
0.0
 40
0.0
 40
1.0
 40
1.0
 40
1.0
 40
1.0
 10
269.1180173843846
 20
172.3161071809372
 30
0.0
 10
269.8357759438641
 20
172.5127591577522
 30
0.0
 10
270.5508871650262
 20
172.710756345876
 30
0.0
 10
271.2633475027549
 20
172.9101918446058
 30
0.0
  0
ARC
  5
1B3
330
1F
100
AcDbEntity
  8
0
  6
SLD-SOLID
 62
     7
100
AcDbCircle
 10
243.3415105337
 20
171.017502345
 30
0.0
 40
25.80919758427856
100
AcDbArc
 50
2.0721366088
 51
2.8840883729
  0
SPLINE
  5
1B4
330
1F
100
AcDbEntity
  8
0
  6
SLD-SOLID
 62
     7
100
AcDbSpline
210
0.0
220
0.0
230
1.0
 70
     8
 71
     3
 72
     8
 73
     4
 74
     0
 42
0.000000001
 43
0.00000001
 40
0.0
 40
0.0
 40
0.0
 40
0.0
 40
1.0
 40
1.0
 40
1.0
 40
1.0
 10
270.5314610311821
 20
172.3838449354986
 30
0.0
 10
270.0664942163004
 20
172.2389720608344
 30
0.0
 10
269.6006174845002
 20
172.0945980128171
 30
0.0
 10
269.1338313735929
 20
171.9507041642036
 30
0.0
  0
SPLINE
  5
1B5
330
1F
100
AcDbEntity
  8
0
  6
SLD-SOLID
 62
     7
100
AcDbSpline
210
0.0
220
0.0
230
1.0
 70
     8
 71
     3
 72
    10
 73
     6
 74
     0
 42
0.000000001
 43
0.00000001
 40
0.0
 40
0.0
 40
0.0
 40
0.0
 40
0.4999998756231957
 40
0.7499999416973971
 40
1.0
 40
1.0
 40
1.0
 40
1.0
 10
270.9713644073275
 20
172.5214270391901
 30
0.0
 10
270.8981229974495
 20
172.4987571469351
 30
0.0
 10
270.7882608638442
 20
172.4647523027372
 30
0.0
 10
270.6414920953833
 20
172.4181948168736
 30
0.0
 10
270.5681380522025
 20
172.3952948958382
 30
0.0
 10
270.5314610311821
 20
172.3838449354986
 30
0.0
  0
SPLINE
  5
1B6
330
1F
100
AcDbEntity
  8
0
  6
SLD-SOLID
 62
     7
100
AcDbSpline
210
0.0
220
0.0
230
1.0
 70
     8
 71
     3
 72
    11
 73
     7
 74
     0
 42
0.000000001
 43
0.00000001
 40
0.0
 40
0.0
 40
0.0
 40
0.0
 40
0.250001228634238
 40
0.5000002471288382
 40
0.7499993874665485
 40
1.0
 40
1.0
 40
1.0
 40
1.0
 10
270.2119683583813
 20
171.8853285595642
 30
0.0
 10
270.2748236031688
 20
171.9403681052858
 30
0.0
 10
270.4005335370711
 20
172.050446710151
 30
0.0
 10
270.5901654183867
 20
172.210761843482
 30
0.0
 10
270.7802452390961
 20
172.3688136878498
 30
0.0
 10
270.907657892866
 20
172.4705558222204
 30
0.0
 10
270.9713644073275
 20
172.5214270391901
 30
0.0
  0
SPLINE
  5
1B7
330
1F
100
AcDbEntity
  8
0
  6
SLD-SOLID
 62
     7
100
AcDbSpline
210
0.0
220
0.0
230
1.0
 70
     8
 71
     3
 72
     8
 73
     4
 74
     0
 42
0.000000001
 43
0.00000001
 40
0.0
 40
0.0
 40
0.0
 40
0.0
 40
1.0
 40
1.0
 40
1.0
 40
1.0
 10
269.1497461945814
 20
170.9215998363593
 30
0.0
 10
269.5046721103467
 20
171.2423500363791
 30
0.0
 10
269.85874615605
 20
171.5635984807479
 30
0.0
 10
270.2119683583813
 20
171.8853285595642
 30
0.0
  0
ARC
  5
1B8
330
1F
100
AcDbEntity
  8
0
  6
SLD-SOLID
 62
     7
100
AcDbCircle
 10
245.7940340151
 20
171.0540292367
 30
0.0
 40
23.35608762093279
100
AcDbArc
 50
358.6640262701
 51
359.6751302485
  0
SPLINE
  5
1B9
330
1F
100
AcDbEntity
  8
0
  6
SLD-SOLID
 62
     7
100
AcDbSpline
210
0.0
220
0.0
230
1.0
 70
     8
 71
     3
 72
     8
 73
     4
 74
     0
 42
0.000000001
 43
0.00000001
 40
0.0
 40
0.0
 40
0.0
 40
0.0
 40
1.0
 40
1.0
 40
1.0
 40
1.0
 10
270.575521275578
 20
170.8710522993879
 30
0.0
 10
270.0998993753121
 20
170.7495097560799
 30
0.0
 10
269.6226503347434
 20
170.6290004649109
 30
0.0
 10
269.1437726993622
 20
170.509481411898
 30
0.0
  0
SPLINE
  5
1BA
330
1F
100
AcDbEntity
  8
0
  6
SLD-SOLID
 62
     7
100
AcDbSpline
210
0.0
220
0.0
230
1.0
 70
     8
 71
     3
 72
     8
 73
     4
 74
     0
 42
0.000000001
 43
0.00000001
 40
0.0
 40
0.0
 40
0.0
 40
0.0
 40
1.0
 40
1.0
 40
1.0
 40
1.0
 10
270.9466626297444
 20
170.9660504684418
 30
0.0
 10
270.823059361157
 20
170.9343137143274
 30
0.0
 10
270.6993455883157
 20
170.9026479098
 30
0.0
 10
270.575521275578
 20
170.8710522993879
 30
0.0
  0
SPLINE
  5
1BB
330
1F
100
AcDbEntity
  8
0
  6
SLD-SOLID
 62
     7
100
AcDbSpline
210
0.0
220
0.0
230
1.0
 70
     8
 71
     3
 72
     8
 73
     4
 74
     0
 42
0.000000001
 43
0.00000001
 40
0.0
 40
0.0
 40
0.0
 40
0.0
 40
1.0
 40
1.0
 40
1.0
 40
1.0
 10
270.5113579494616
 20
170.6096309057694
 30
0.0
 10
270.6565464637111
 20
170.7283812351632
 30
0.0
 10
270.8016480329983
 20
170.8471879313117
 30
0.0
 10
270.9466626297444
 20
170.9660504684418
 30
0.0
  0
SPLINE
  5
1BC
330
1F
100
AcDbEntity
  8
0
  6
SLD-SOLID
 62
     7
100
AcDbSpline
210
0.0
220
0.0
230
1.0
 70
     8
 71
     3
 72
     8
 73
     4
 74
     0
 42
0.000000001
 43
0.00000001
 40
0.0
 40
0.0
 40
0.0
 40
0.0
 40
1.0
 40
1.0
 40
1.0
 40
1.0
 10
269.094184530373
 20
169.4542939021969
 30
0.0
 10
269.5674932933522
 20
169.8387988966056
 30
0.0
 10
270.0398848101315
 20
170.2239172072658
 30
0.0
 10
270.5113579494616
 20
170.6096309057694
 30
0.0
  0
ARC
  5
1BD
330
1F
100
AcDbEntity
  8
0
  6
SLD-SOLID
 62
     7
100
AcDbCircle
 10
248.2569630353
 20
170.939940279
 30
0.0
 40
20.89011595923095
100
AcDbArc
 50
354.9869680015
 51
355.9218424859
  0
SPLINE
  5
1BE
330
1F
100
AcDbEntity
  8
0
  6
SLD-SOLID
 62
     7
100
AcDbSpline
210
0.0
220
0.0
230
1.0
 70
     8
 71
     3
 72
     8
 73
     4
 74
     0
 42
0.000000001
 43
0.00000001
 40
0.0
 40
0.0
 40
0.0
 40
0.0
 40
1.0
 40
1.0
 40
1.0
 40
1.0
 10
271.2318600952109
 20
170.928852132872
 30
0.0
 10
270.5129370068904
 20
170.3223154268902
 30
0.0
 10
269.7913718903931
 20
169.7175068540134
 30
0.0
 10
269.06717113905
 20
169.114513350783
 30
0.0
  0
ARC
  5
1BF
330
1F
100
AcDbEntity
  8
0
  6
SLD-SOLID
 62
     7
100
AcDbCircle
 10
249.3192929497
 20
172.2333273583
 30
0.0
 40
21.95136110859913
100
AcDbArc
 50
356.5931504299
 51
357.6295250117
  0
SPLINE
  5
1C0
330
1F
100
AcDbEntity
  8
0
  6
SLD-SOLID
 62
     7
100
AcDbSpline
210
0.0
220
0.0
230
1.0
 70
     8
 71
     3
 72
    13
 73
     9
 74
     0
 42
0.000000001
 43
0.00000001
 40
0.0
 40
0.0
 40
0.0
 40
0.0
 40
0.250026687813903
 40
0.500000314245393
 40
0.6250017566430134
 40
0.7499998446632242
 40
0.8749949822641397
 40
1.0
 40
1.0
 40
1.0
 40
1.0
 10
270.4472681009869
 20
179.0730905673829
 30
0.0
 10
270.5050070279429
 20
179.0373077960508
 30
0.0
 10
270.6204726283337
 20
178.965749847309
 30
0.0
 10
270.7696112183581
 20
178.8912102088047
 30
0.0
 10
270.8924756163979
 20
178.8435664901016
 30
0.0
 10
270.9873250439225
 20
178.8181616009893
 30
0.0
 10
271.0838567346809
 20
178.8004777004237
 30
0.0
 10
271.1495595117581
 20
178.7971753801836
 30
0.0
 10
271.1824121986005
 20
178.7955241548089
 30
0.0
  0
LINE
  5
1C1
330
1F
100
AcDbEntity
  8
0
  6
SLD-SOLID
 62
     7
100
AcDbLine
 10
270.3367826664
 20
179.0093086836
 30
0.0
 11
270.447268101
 21
179.0730905674
 31
0.0
  0
SPLINE
  5
1C2
330
1F
100
AcDbEntity
  8
0
  6
SLD-SOLID
 62
     7
100
AcDbSpline
210
0.0
220
0.0
230
1.0
 70
     8
 71
     3
 72
    12
 73
     8
 74
     0
 42
0.000000001
 43
0.00000001
 40
0.0
 40
0.0
 40
0.0
 40
0.0
 40
0.1250050359736631
 40
0.2500141165590953
 40
0.4999708928065026
 40
0.7499744060606619
 40
1.0
 40
1.0
 40
1.0
 40
1.0
 10
270.7485604033646
 20
178.6082915644446
 30
0.0
 10
270.7291022066925
 20
178.6202087585557
 30
0.0
 10
270.6901851837666
 20
178.6440435323657
 30
0.0
 10
270.6167400173185
 20
178.7018197368629
 30
0.0
 10
270.5291245691755
 20
178.782658381287
 30
0.0
 10
270.4299200623184
 20
178.8907970196989
 30
0.0
 10
270.3678293790072
 20
178.9698036327184
 30
0.0
 10
270.3367826664266
 20
179.0093086836468
 30
0.0
  0
LINE
  5
1C3
330
1F
100
AcDbEntity
  8
0
  6
SLD-SOLID
 62
     7
100
AcDbLine
 10
268.6344641074
 20
177.3878497506
 30
0.0
 11
270.7485604034
 21
178.6082915644
 31
0.0
  0
ARC
  5
1C4
330
1F
100
AcDbEntity
  8
0
  6
SLD-SOLID
 62
     7
100
AcDbCircle
 10
235.3548500746
 20
170.0600138261
 30
0.0
 40
34.07682334828441
100
AcDbArc
 50
12.1013562116
 51
12.4177979846
  0
LINE
  5
1C5
330
1F
100
AcDbEntity
  8
0
  6
SLD-SOLID
 62
     7
100
AcDbLine
 10
270.7885239126
 20
178.4243790668
 30
0.0
 11
268.6744276167
 21
177.203937253
 31
0.0
  0
SPLINE
  5
1C6
330
1F
100
AcDbEntity
  8
0
  6
SLD-SOLID
 62
     7
100
AcDbSpline
210
0.0
220
0.0
230
1.0
 70
     8
 71
     3
 72
    12
 73
     8
 74
     0
 42
0.000000001
 43
0.00000001
 40
0.0
 40
0.0
 40
0.0
 40
0.0
 40
0.2500182245954662
 40
0.4999820766736496
 40
0.6632315263961149
 40
0.7856940298509556
 40
0.9999999999999999
 40
0.9999999999999999
 40
0.9999999999999999
 40
0.9999999999999999
 10
270.6237263914725
 20
177.7019960569821
 30
0.0
 10
270.6336894687067
 20
177.7627610729492
 30
0.0
 10
270.6536134564627
 20
177.8842778900592
 30
0.0
 10
270.6820800956835
 20
178.0458110059996
 30
0.0
 10
270.7154635535256
 20
178.1744757821058
 30
0.0
 10
270.7494681942081
 20
178.2936079401979
 30
0.0
 10
270.7733356313883
 20
178.3735238085536
 30
0.0
 10
270.7885239125986
 20
178.4243790668117
 30
0.0
  0
LINE
  5
1C7
330
1F
100
AcDbEntity
  8
0
  6
SLD-SOLID
 62
     7
100
AcDbLine
 10
270.7329369941
 20
177.7650419959
 30
0.0
 11
270.6237263915
 21
177.701996057
 31
0.0
  0
SPLINE
  5
1C8
330
1F
100
AcDbEntity
  8
0
  6
SLD-SOLID
 62
     7
100
AcDbSpline
210
0.0
220
0.0
230
1.0
 70
     8
 71
     3
 72
    13
 73
     9
 74
     0
 42
0.000000001
 43
0.00000001
 40
0.0
 40
0.0
 40
0.0
 40
0.0
 40
0.1428438605763066
 40
0.2856843658321873
 40
0.4999188100878976
 40
0.6527890906805695
 40
0.8194040422641456
 40
1.0
 40
1.0
 40
1.0
 40
1.0
 10
271.2006773260562
 20
178.7113923192742
 30
0.0
 10
271.171985494172
 20
178.6724379058481
 30
0.0
 10
271.1146025043582
 20
178.5945299940128
 30
0.0
 10
271.0267168461623
 20
178.443646807315
 30
0.0
 10
270.9440407394483
 20
178.2835927364835
 30
0.0
 10
270.8680932182139
 20
178.1085543121483
 30
0.0
 10
270.8000794417467
 20
177.942684180998
 30
0.0
 10
270.7559106524452
 20
177.8258245710361
 30
0.0
 10
270.7329369940957
 20
177.7650419959059
 30
0.0
  0
ARC
  5
1C9
330
1F
100
AcDbEntity
  8
0
  6
SLD-SOLID
 62
     7
100
AcDbCircle
 10
237.8995330357
 20
171.5257205611
 30
0.0
 40
34.06758121238535
100
AcDbArc
 50
12.1765086574
 51
12.3213000438
  0
SPLINE
  5
1CA
330
1F
100
AcDbEntity
  8
0
  6
SLD-SOLID
 62
     7
100
AcDbSpline
210
0.0
220
0.0
230
1.0
 70
     8
 71
     3
 72
    18
 73
    14
 74
     0
 42
0.000000001
 43
0.00000001
 40
0.0
 40
0.0
 40
0.0
 40
0.0
 40
0.0933445968010977
 40
0.1866896723728834
 40
0.2800371406697016
 40
0.3733834666671436
 40
0.4667276940267729
 40
0.5600737145614594
 40
0.6480867121614347
 40
0.7361023204439266
 40
0.8241186797103796
 40
0.9121329756505889
 40
1.0
 40
1.0
 40
1.0
 40
1.0
 10
254.6661044145863
 20
204.1732417995609
 30
0.0
 10
254.2273260709373
 20
204.4157779278005
 30
0.0
 10
253.3497671331157
 20
204.9008514282638
 30
0.0
 10
252.0416394953641
 20
205.483436143134
 30
0.0
 10
250.7483316177282
 20
205.9567820212143
 30
0.0
 10
249.4767735716938
 20
206.3082484819869
 30
0.0
 10
248.2337969152996
 20
206.5382494184507
 30
0.0
 10
247.0494836758066
 20
206.6413015482727
 30
0.0
 10
245.9276967882894
 20
206.6255036725659
 30
0.0
 10
244.8701223467401
 20
206.500687778851
 30
0.0
 10
243.8609599132673
 20
206.2648300507242
 30
0.0
 10
242.8999239520847
 20
205.9287597045759
 30
0.0
 10
242.3084166396925
 20
205.6144766223463
 30
0.0
 10
242.0129106283933
 20
205.4574666613488
 30
0.0
  0
SPLINE
  5
1CB
330
1F
100
AcDbEntity
  8
0
  6
SLD-SOLID
 62
     7
100
AcDbSpline
210
0.0
220
0.0
230
1.0
 70
     8
 71
     3
 72
    41
 73
    37
 74
     0
 42
0.000000001
 43
0.00000001
 40
0.0
 40
0.0
 40
0.0
 40
0.0
 40
0.0000212443151042
 40
0.0311309930300959
 40
0.0622409751598821
 40
0.0933518127795608
 40
0.1244623111798389
 40
0.1555721343381825
 40
0.1866825613818864
 40
0.2160155843277101
 40
0.2453494522242216
 40
0.2746835311136573
 40
0.3040168694753368
 40
0.3333501917581497
 40
0.3644604873218641
 40
0.3955709176056366
 40
0.4266820957528848
 40
0.457792819916792
 40
0.4889027487500177
 40
0.5200131580918422
 40
0.549346051895617
 40
0.5786796848235487
 40
0.6080134276885365
 40
0.6373463351673031
 40
0.6666791393241027
 40
0.6977888005679579
 40
0.7288985233412495
 40
0.7600089363145207
 40
0.791118853963924
 40
0.8222279519916496
 40
0.8533375239272193
 40
0.882669638387507
 40
0.9120025170347286
 40
0.9413355450684145
 40
0.970667790976717
 40
1.0
 40
1.0
 40
1.0
 40
1.0
 10
267.6336472110855
 20
161.5881487748382
 30
0.0
 10
267.6338645532919
 20
161.5882572223725
 30
0.0
 10
267.9523534609706
 20
161.7471740627672
 30
0.0
 10
268.5289666580172
 20
162.1699012415773
 30
0.0
 10
269.3494705746569
 20
162.8662259195282
 30
0.0
 10
270.0844451811165
 20
163.6868675158827
 30
0.0
 10
270.7401025941638
 20
164.6096192198312
 30
0.0
 10
271.3099609905344
 20
165.6347230090462
 30
0.0
 10
271.7814093568638
 20
166.7352583642239
 30
0.0
 10
272.1579654617735
 20
167.8990669156789
 30
0.0
 10
272.4446303303374
 20
169.1140945428594
 30
0.0
 10
272.6477018551649
 20
170.3974669742087
 30
0.0
 10
272.7661000909317
 20
171.743222196424
 30
0.0
 10
272.7993677927939
 20
173.1736551606478
 30
0.0
 10
272.7401605344559
 20
174.6862301839401
 30
0.0
 10
272.5835000987734
 20
176.2755670380342
 30
0.0
 10
272.3319885868763
 20
177.9035802336261
 30
0.0
 10
271.9870330108247
 20
179.5615915881579
 30
0.0
 10
271.5501244175022
 20
181.2408935949628
 30
0.0
 10
271.0325143735508
 20
182.9004167294026
 30
0.0
 10
270.4432014523677
 20
184.5305821469219
 30
0.0
 10
269.7912823290893
 20
186.1236494450549
 30
0.0
 10
269.0683639343504
 20
187.7043697651427
 30
0.0
 10
268.2777527331499
 20
189.265263064768
 30
0.0
 10
267.4055193779454
 20
190.8297145964829
 30
0.0
 10
266.4507011963797
 20
192.3875026457941
 30
0.0
 10
265.4149080073248
 20
193.9277812225867
 30
0.0
 10
264.3225640951177
 20
195.4124615257086
 30
0.0
 10
263.179515055352
 20
196.8337008807833
 30
0.0
 10
261.9916536473271
 20
198.1836937803824
 30
0.0
 10
260.7882252507977
 20
199.4300538024735
 30
0.0
 10
259.5782470153461
 20
200.5715516394542
 30
0.0
 10
258.3696280633498
 20
201.6098636550148
 30
0.0
 10
257.1442052458293
 20
202.5604532725649
 30
0.0
 10
255.9076735863792
 20
203.4277891243788
 30
0.0
 10
255.0799606317103
 20
203.9247576786559
 30
0.0
 10
254.6661044145863
 20
204.1732417995609
 30
0.0
  0
LINE
  5
1CC
330
1F
100
AcDbEntity
  8
0
  6
SLD-SOLID
 62
     7
100
AcDbLine
 10
270.3382197273
 20
176.6651675658
 30
0.0
 11
270.8549516058
 21
176.9634705297
 31
0.0
  0
ARC
  5
1CD
330
1F
100
AcDbEntity
  8
0
  6
SLD-SOLID
 62
     7
100
AcDbCircle
 10
238.6855483708
 20
171.2498764059
 30
0.0
 40
32.11256735837161
100
AcDbArc
 50
9.7084434915
 51
10.326329525
  0
LINE
  5
1CE
330
1F
100
AcDbEntity
  8
0
  6
SLD-SOLID
 62
     7
100
AcDbLine
 10
270.0060168737
 20
176.8491915186
 30
0.0
 11
270.2779810203
 21
177.0061930785
 31
0.0
  0
ARC
  5
1CF
330
1F
100
AcDbEntity
  8
0
  6
SLD-SOLID
 62
     7
100
AcDbCircle
 10
238.4135842234
 20
171.0928748458
 30
0.0
 40
32.11256735921022
100
AcDbArc
 50
9.7084434915
 51
10.3263295249
  0
LINE
  5
1D0
330
1F
100
AcDbEntity
  8
0
  6
SLD-SOLID
 62
     7
100
AcDbLine
 10
268.7608276769
 20
175.754558518
 30
0.0
 11
270.0662555807
 21
176.5081660058
 31
0.0
  0
ARC
  5
1D1
330
1F
100
AcDbEntity
  8
0
  6
SLD-SOLID
 62
     7
100
AcDbCircle
 10
237.5627541024
 20
170.4172852981
 30
0.0
 40
31.65132351393881
100
AcDbArc
 50
9.2712972208
 51
9.7080096115
  0
SPLINE
  5
1D2
330
1F
100
AcDbEntity
  8
0
  6
SLD-SOLID
 62
     7
100
AcDbSpline
210
0.0
220
0.0
230
1.0
 70
     8
 71
     3
 72
     8
 73
     4
 74
     0
 42
0.000000001
 43
0.00000001
 40
0.0
 40
0.0
 40
0.0
 40
0.0
 40
1.0
 40
1.0
 40
1.0
 40
1.0
 10
270.2833513877307
 20
175.0241916894448
 30
0.0
 10
269.7983651016582
 20
175.1847963907079
 30
0.0
 10
269.3040844187465
 20
175.3491537685046
 30
0.0
 10
268.8006021120538
 20
175.5166119115621
 30
0.0
  0
LINE
  5
1D3
330
1F
100
AcDbEntity
  8
0
  6
SLD-SOLID
 62
     7
100
AcDbLine
 10
270.5553155343
 20
175.1811932494
 30
0.0
 11
270.2833513877
 21
175.0241916894
 31
0.0
  0
ARC
  5
1D4
330
1F
100
AcDbEntity
  8
0
  6
SLD-SOLID
 62
     7
100
AcDbCircle
 10
240.4183396635
 20
171.5274298334
 30
0.0
 40
30.35765639402925
100
AcDbArc
 50
6.9127197464
 51
9.0937076362
  0
LINE
  5
1D5
330
1F
100
AcDbEntity
  8
0
  6
SLD-SOLID
 62
     7
100
AcDbLine
 10
270.9111677169
 20
176.6237490391
 30
0.0
 11
270.3944358383
 21
176.3254460751
 31
0.0
  0
ARC
  5
1D6
330
1F
100
AcDbEntity
  8
0
  6
SLD-SOLID
 62
     7
100
AcDbCircle
 10
239.737660599
 20
171.6397609356
 30
0.0
 40
31.56941056538453
100
AcDbArc
 50
9.0835151877
 51
9.7084683181
  0
SPLINE
  5
1D7
330
1F
100
AcDbEntity
  8
0
  6
SLD-SOLID
 62
     7
100
AcDbSpline
210
0.0
220
0.0
230
1.0
 70
     8
 71
     3
 72
    14
 73
    10
 74
     0
 42
0.000000001
 43
0.00000001
 40
0.0
 40
0.0
 40
0.0
 40
0.0
 40
0.0625675661231027
 40
0.1251140026044145
 40
0.2501011477719551
 40
0.4995675077343522
 40
0.7496838681908562
 40
0.8748402580249527
 40
0.9999999999999999
 40
0.9999999999999999
 40
0.9999999999999999
 40
0.9999999999999999
 10
269.5673269306529
 20
174.3263425526426
 30
0.0
 10
269.5900633425126
 20
174.3386271236498
 30
0.0
 10
269.6355284879367
 20
174.3631921170517
 30
0.0
 10
269.7270305101359
 20
174.3972009880403
 30
0.0
 10
269.8853174042145
 20
174.4266221455774
 30
0.0
 10
270.0935055013271
 20
174.3824572706096
 30
0.0
 10
270.2727966880217
 20
174.2801066102043
 30
0.0
 10
270.4094292266764
 20
174.1874142562878
 30
0.0
 10
270.4754409659206
 20
174.1379339719975
 30
0.0
 10
270.5084472775451
 20
174.1131934985415
 30
0.0
  0
SPLINE
  5
1D8
330
1F
100
AcDbEntity
  8
0
  6
SLD-SOLID
 62
     7
100
AcDbSpline
210
0.0
220
0.0
230
1.0
 70
     8
 71
     3
 72
    17
 73
    13
 74
     0
 42
0.000000001
 43
0.00000001
 40
0.0
 40
0.0
 40
0.0
 40
0.0
 40
0.0625815367657528
 40
0.125149296108414
 40
0.2501912548844284
 40
0.3768455455383222
 40
0.5000947322410834
 40
0.6264241736681906
 40
0.7499896198500153
 40
0.8748734351903253
 40
0.9374280894526232
 40
1.0
 40
1.0
 40
1.0
 40
1.0
 10
269.0591536681013
 20
173.1952465963665
 30
0.0
 10
269.0573967489735
 20
173.2202149064031
 30
0.0
 10
269.0538832975067
 20
173.2701460296637
 30
0.0
 10
269.0531781226182
 20
173.3735566343984
 30
0.0
 10
269.0628535876495
 20
173.5084009331496
 30
0.0
 10
269.0961694757584
 20
173.6747094447212
 30
0.0
 10
269.1550545243721
 20
173.8398284740858
 30
0.0
 10
269.2343605687101
 20
173.9942456958074
 30
0.0
 10
269.3321298478687
 20
174.1336142859309
 30
0.0
 10
269.426456032081
 20
174.2270323972073
 30
0.0
 10
269.5058938134242
 20
174.2893221113884
 30
0.0
 10
269.5468473422675
 20
174.3140012710516
 30
0.0
 10
269.5673269306529
 20
174.3263425526426
 30
0.0
  0
SPLINE
  5
1D9
330
1F
100
AcDbEntity
  8
0
  6
SLD-SOLID
 62
     7
100
AcDbSpline
210
0.0
220
0.0
230
1.0
 70
     8
 71
     3
 72
    16
 73
    12
 74
     0
 42
0.000000001
 43
0.00000001
 40
0.0
 40
0.0
 40
0.0
 40
0.0
 40
0.0626652371141795
 40
0.1253166151161194
 40
0.2505047026334657
 40
0.3933880120692195
 40
0.5006362420848608
 40
0.7494706953576434
 40
0.8746802095668544
 40
0.9373347007293171
 40
1.0
 40
1.0
 40
1.0
 40
1.0
 10
269.7130048785621
 20
172.7261278065409
 30
0.0
 10
269.6918812874056
 20
172.71693161045
 30
0.0
 10
269.6496387768091
 20
172.698541252109
 30
0.0
 10
269.5656561514301
 20
172.6692564368229
 30
0.0
 10
269.4568508316145
 20
172.6484786395831
 30
0.0
 10
269.3417418779576
 20
172.6605105524082
 30
0.0
 10
269.2110146128679
 20
172.7291840945785
 30
0.0
 10
269.123268630516
 20
172.8648271559195
 30
0.0
 10
269.0823185000104
 20
173.0226474521231
 30
0.0
 10
269.0667140206987
 20
173.1195810164772
 30
0.0
 10
269.0616739305266
 20
173.1700232862853
 30
0.0
 10
269.0591536681013
 20
173.1952465963665
 30
0.0
  0
SPLINE
  5
1DA
330
1F
100
AcDbEntity
  8
0
  6
SLD-SOLID
 62
     7
100
AcDbSpline
210
0.0
220
0.0
230
1.0
 70
     8
 71
     3
 72
     8
 73
     4
 74
     0
 42
0.000000001
 43
0.00000001
 40
0.0
 40
0.0
 40
0.0
 40
0.0
 40
1.0
 40
1.0
 40
1.0
 40
1.0
 10
269.7210677908669
 20
173.0661464715645
 30
0.0
 10
269.7190646864655
 20
172.9524695001541
 30
0.0
 10
269.7163772927607
 20
172.839125813846
 30
0.0
 10
269.7130048785621
 20
172.7261278065409
 30
0.0
  0
SPLINE
  5
1DB
330
1F
100
AcDbEntity
  8
0
  6
SLD-SOLID
 62
     7
100
AcDbSpline
210
0.0
220
0.0
230
1.0
 70
     8
 71
     3
 72
    14
 73
    10
 74
     0
 42
0.000000001
 43
0.00000001
 40
0.0
 40
0.0
 40
0.0
 40
0.0
 40
0.1253010519741517
 40
0.2505098478769081
 40
0.4993433692320795
 40
0.6244488719254144
 40
0.7495457180078928
 40
0.87470574138143
 40
1.0
 40
1.0
 40
1.0
 40
1.0
 10
269.3045184733209
 20
173.3293680687478
 30
0.0
 10
269.3080797118907
 20
173.2984637162947
 30
0.0
 10
269.3151995669784
 20
173.2366777655004
 30
0.0
 10
269.3466382279586
 20
173.1264899093925
 30
0.0
 10
269.4069760322686
 20
173.0438272049851
 30
0.0
 10
269.4913394489889
 20
173.0061172766404
 30
0.0
 10
269.5649074809829
 20
173.0056439206786
 30
0.0
 10
269.6425072294304
 20
173.0247773884336
 30
0.0
 10
269.6948715818654
 20
173.052351850853
 30
0.0
 10
269.7210677908669
 20
173.0661464715645
 30
0.0
  0
SPLINE
  5
1DC
330
1F
100
AcDbEntity
  8
0
  6
SLD-SOLID
 62
     7
100
AcDbSpline
210
0.0
220
0.0
230
1.0
 70
     8
 71
     3
 72
    15
 73
    11
 74
     0
 42
0.000000001
 43
0.00000001
 40
0.0
 40
0.0
 40
0.0
 40
0.0
 40
0.062668871853793
 40
0.1253235932687497
 40
0.2503465934107624
 40
0.4992250358967085
 40
0.6243290407597886
 40
0.7494788951445388
 40
0.8747178277475176
 40
0.9999999999999999
 40
0.9999999999999999
 40
0.9999999999999999
 40
0.9999999999999999
 10
269.6049883565382
 20
173.9961220369854
 30
0.0
 10
269.592961605243
 20
173.9887676310799
 30
0.0
 10
269.5689108182563
 20
173.974060479871
 30
0.0
 10
269.5221228028866
 20
173.9373717219488
 30
0.0
 10
269.4447948824235
 20
173.8590458419865
 30
0.0
 10
269.373980319956
 20
173.7386924065393
 30
0.0
 10
269.3287391173372
 20
173.6106742589175
 30
0.0
 10
269.3075242891415
 20
173.5131377785825
 30
0.0
 10
269.3000599812934
 20
173.4183606511456
 30
0.0
 10
269.3030321383148
 20
173.3590356760209
 30
0.0
 10
269.3045184733209
 20
173.3293680687478
 30
0.0
  0
SPLINE
  5
1DD
330
1F
100
AcDbEntity
  8
0
  6
SLD-SOLID
 62
     7
100
AcDbSpline
210
0.0
220
0.0
230
1.0
 70
     8
 71
     3
 72
    14
 73
    10
 74
     0
 42
0.000000001
 43
0.00000001
 40
0.0
 40
0.0
 40
0.0
 40
0.0
 40
0.2001076230145719
 40
0.5001909591930209
 40
0.6252284615914532
 40
0.7501902181423916
 40
0.8750393928317133
 40
0.9375268274373519
 40
1.0
 40
1.0
 40
1.0
 40
1.0
 10
270.4051606386305
 20
173.7335717840557
 30
0.0
 10
270.3591530478827
 20
173.7683137367281
 30
0.0
 10
270.2441520269338
 20
173.8551550592606
 30
0.0
 10
270.0917549339667
 20
173.9527364037823
 30
0.0
 10
269.94860444289
 20
174.0222226297893
 30
0.0
 10
269.8424452826335
 20
174.0508108688604
 30
0.0
 10
269.7457025395204
 20
174.0483692545585
 30
0.0
 10
269.6653965372947
 20
174.0274264332975
 30
0.0
 10
269.6251228846153
 20
174.0065560417607
 30
0.0
 10
269.6049883565382
 20
173.9961220369854
 30
0.0
  0
SPLINE
  5
1DE
330
1F
100
AcDbEntity
  8
0
  6
SLD-SOLID
 62
     7
100
AcDbSpline
210
0.0
220
0.0
230
1.0
 70
     8
 71
     3
 72
    13
 73
     9
 74
     0
 42
0.000000001
 43
0.00000001
 40
0.0
 40
0.0
 40
0.0
 40
0.0
 40
0.1250209265508467
 40
0.2500493735068957
 40
0.4998209906540669
 40
0.6998499962738506
 40
0.8499221190238195
 40
1.0
 40
1.0
 40
1.0
 40
1.0
 10
271.0472488690951
 20
173.4979321729049
 30
0.0
 10
271.0156491817811
 20
173.493681167377
 30
0.0
 10
270.9524479063318
 20
173.4851789006096
 30
0.0
 10
270.8327812367515
 20
173.4940567238215
 30
0.0
 10
270.7035484514391
 20
173.5294862482056
 30
0.0
 10
270.5833665510025
 20
173.5988413394546
 30
0.0
 10
270.4871310135403
 20
173.6648664492773
 30
0.0
 10
270.4324844463894
 20
173.7106697128921
 30
0.0
 10
270.4051606386305
 20
173.7335717840557
 30
0.0
  0
SPLINE
  5
1DF
330
1F
100
AcDbEntity
  8
0
  6
SLD-SOLID
 62
     7
100
AcDbSpline
210
0.0
220
0.0
230
1.0
 70
     8
 71
     3
 72
    11
 73
     7
 74
     0
 42
0.000000001
 43
0.00000001
 40
0.0
 40
0.0
 40
0.0
 40
0.0
 40
0.2500297563975158
 40
0.500013372212602
 40
0.7499826864803201
 40
1.0
 40
1.0
 40
1.0
 40
1.0
 10
271.2376914659146
 20
173.5730175382856
 30
0.0
 10
271.2216971838067
 20
173.563735314411
 30
0.0
 10
271.1897115711817
 20
173.5451725796067
 30
0.0
 10
271.1416817648749
 20
173.524207288244
 30
0.0
 10
271.0938695376974
 20
173.506892099875
 30
0.0
 10
271.0627900865161
 20
173.5009190063694
 30
0.0
 10
271.0472488690951
 20
173.4979321729049
 30
0.0
  0
ARC
  5
1E0
330
1F
100
AcDbEntity
  8
0
  6
SLD-SOLID
 62
     7
100
AcDbCircle
 10
243.6785274647
 20
172.1364608611
 30
0.0
 40
27.59657977957323
100
AcDbArc
 50
2.9839151745
 51
6.470103912
  0
LINE
  5
1E1
330
1F
100
AcDbEntity
  8
0
  6
SLD-SOLID
 62
     7
100
AcDbLine
 10
270.8273746355
 20
175.0891734725
 30
0.0
 11
271.0993387821
 21
175.2461750325
 31
0.0
  0
ARC
  5
1E2
330
1F
100
AcDbEntity
  8
0
  6
SLD-SOLID
 62
     7
100
AcDbCircle
 10
243.0465308183
 20
171.9451148334
 30
0.0
 40
27.95818999726559
100
AcDbArc
 50
3.8711836154
 51
6.4568970397
  0
SPLINE
  5
1E3
330
1F
100
AcDbEntity
  8
0
  6
SLD-SOLID
 62
     7
100
AcDbSpline
210
0.0
220
0.0
230
1.0
 70
     8
 71
     3
 72
    14
 73
    10
 74
     0
 42
0.000000001
 43
0.00000001
 40
0.0
 40
0.0
 40
0.0
 40
0.0
 40
0.2500168615556085
 40
0.3500261258081625
 40
0.5000369762994602
 40
0.6489430765540476
 40
0.7500320193508433
 40
0.8749982441472538
 40
1.0
 40
1.0
 40
1.0
 40
1.0
 10
270.5084472775451
 20
174.1131934985415
 30
0.0
 10
270.5429903615108
 20
174.0860501839853
 30
0.0
 10
270.5913510271824
 20
174.0480492700606
 30
0.0
 10
270.6601223878685
 20
173.9941806565688
 30
0.0
 10
270.7150480914111
 20
173.9516650071867
 30
0.0
 10
270.7712596617348
 20
173.9115107956032
 30
0.0
 10
270.8251170135587
 20
173.8762892958434
 30
0.0
 10
270.8794829331276
 20
173.8511686978347
 30
0.0
 10
270.9204459033541
 20
173.8388369906167
 30
0.0
 10
270.9409302997555
 20
173.8326702605783
 30
0.0
  0
SPLINE
  5
1E4
330
1F
100
AcDbEntity
  8
0
  6
SLD-SOLID
 62
     7
100
AcDbSpline
210
0.0
220
0.0
230
1.0
 70
     8
 71
     3
 72
    15
 73
    11
 74
     0
 42
0.000000001
 43
0.00000001
 40
0.0
 40
0.0
 40
0.0
 40
0.0
 40
0.0626660137184056
 40
0.1253014339097389
 40
0.2503816639133771
 40
0.3754705953053484
 40
0.5003395255217268
 40
0.7493786657958589
 40
0.8746742184793144
 40
1.0
 40
1.0
 40
1.0
 40
1.0
 10
270.253084563586
 20
167.7587540674863
 30
0.0
 10
270.2763929821862
 20
167.7715798742283
 30
0.0
 10
270.3229984402245
 20
167.7972252261577
 30
0.0
 10
270.4126987075665
 20
167.8359524346746
 30
0.0
 10
270.5150021814853
 20
167.8595254712932
 30
0.0
 10
270.6205136062769
 20
167.8564561079209
 30
0.0
 10
270.7170730326375
 20
167.7899845318387
 30
0.0
 10
270.7332375601679
 20
167.641704586017
 30
0.0
 10
270.7113482972663
 20
167.4735870030993
 30
0.0
 10
270.6892118633193
 20
167.3832799660277
 30
0.0
 10
270.6781423113463
 20
167.3381210012742
 30
0.0
  0
SPLINE
  5
1E5
330
1F
100
AcDbEntity
  8
0
  6
SLD-SOLID
 62
     7
100
AcDbSpline
210
0.0
220
0.0
230
1.0
 70
     8
 71
     3
 72
    14
 73
    10
 74
     0
 42
0.000000001
 43
0.00000001
 40
0.0
 40
0.0
 40
0.0
 40
0.0
 40
0.1252005766083278
 40
0.2503545287147264
 40
0.3754480165954169
 40
0.5005359455017259
 40
0.7497371168274282
 40
0.8748330994379525
 40
1.0
 40
1.0
 40
1.0
 40
1.0
 10
269.6563348705425
 20
167.0673696577456
 30
0.0
 10
269.6717934718401
 20
167.0999318663433
 30
0.0
 10
269.7027049176759
 20
167.1650441574224
 30
0.0
 10
269.7601373799454
 20
167.2655570990959
 30
0.0
 10
269.8276211407027
 20
167.3658353286157
 30
0.0
 10
269.9290991769976
 20
167.4951972435356
 30
0.0
 10
270.0458373091656
 20
167.6121064617529
 30
0.0
 10
270.1650557972676
 20
167.7050273527645
 30
0.0
 10
270.2237360986592
 20
167.7408417796219
 30
0.0
 10
270.253084563586
 20
167.7587540674863
 30
0.0
  0
SPLINE
  5
1E6
330
1F
100
AcDbEntity
  8
0
  6
SLD-SOLID
 62
     7
100
AcDbSpline
210
0.0
220
0.0
230
1.0
 70
     8
 71
     3
 72
    13
 73
     9
 74
     0
 42
0.000000001
 43
0.00000001
 40
0.0
 40
0.0
 40
0.0
 40
0.0
 40
0.1252117063579249
 40
0.2503483626772341
 40
0.4999414635470233
 40
0.7495523300157627
 40
0.8747402266328825
 40
1.0
 40
1.0
 40
1.0
 40
1.0
 10
269.2717824087492
 20
167.1204831883092
 30
0.0
 10
269.2960962635574
 20
167.1335262789568
 30
0.0
 10
269.3447093998103
 20
167.1596046424168
 30
0.0
 10
269.4348293570423
 20
167.1902800518623
 30
0.0
 10
269.533129906241
 20
167.1977760629603
 30
0.0
 10
269.6024468573377
 20
167.1625260052377
 30
0.0
 10
269.6384384314512
 20
167.1131445141874
 30
0.0
 10
269.650368249587
 20
167.0826308622952
 30
0.0
 10
269.6563348705425
 20
167.0673696577456
 30
0.0
  0
SPLINE
  5
1E7
330
1F
100
AcDbEntity
  8
0
  6
SLD-SOLID
 62
     7
100
AcDbSpline
210
0.0
220
0.0
230
1.0
 70
     8
 71
     3
 72
    16
 73
    12
 74
     0
 42
0.000000001
 43
0.00000001
 40
0.0
 40
0.0
 40
0.0
 40
0.0
 40
0.1354394901083788
 40
0.2502584014440378
 40
0.37526581269896
 40
0.5001591743337205
 40
0.6218974034275078
 40
0.749957122923903
 40
0.8748846055598652
 40
0.9374217603377737
 40
1.0
 40
1.0
 40
1.0
 40
1.0
 10
268.5562802413992
 20
166.111449105629
 30
0.0
 10
268.568745158513
 20
166.1561111075637
 30
0.0
 10
268.5917772168036
 20
166.2386353492049
 30
0.0
 10
268.6397178710587
 20
166.3708630019965
 30
0.0
 10
268.7006951685762
 20
166.5062705812234
 30
0.0
 10
268.7858251532172
 20
166.6503107521571
 30
0.0
 10
268.8930153960437
 20
166.7927091614015
 30
0.0
 10
269.0145604229097
 20
166.9227803281209
 30
0.0
 10
269.1223612777793
 20
167.0185886436735
 30
0.0
 10
269.208368838319
 20
167.0818587076861
 30
0.0
 10
269.2506399250033
 20
167.1076055432211
 30
0.0
 10
269.2717824087492
 20
167.1204831883092
 30
0.0
  0
ARC
  5
1E8
330
1F
100
AcDbEntity
  8
0
  6
SLD-SOLID
 62
     7
100
AcDbCircle
 10
253.9759417978
 20
169.9421197523
 30
0.0
 40
15.0751552805935
100
AcDbArc
 50
342.2920633687
 51
345.2794479464
  0
LINE
  5
1E9
330
1F
100
AcDbEntity
  8
0
  6
SLD-SOLID
 62
     7
100
AcDbLine
 10
270.4581468767
 20
166.5813969974
 30
0.0
 11
268.3368265331
 21
165.3567848297
 31
0.0
  0
ARC
  5
1EA
330
1F
100
AcDbEntity
  8
0
  6
SLD-SOLID
 62
     7
100
AcDbCircle
 10
256.0957828225
 20
171.167176106
 30
0.0
 40
15.07669961418734
100
AcDbArc
 50
342.2921652806
 51
345.2873376148
  0
SPLINE
  5
1EB
330
1F
100
AcDbEntity
  8
0
  6
SLD-SOLID
 62
     7
100
AcDbSpline
210
0.0
220
0.0
230
1.0
 70
     8
 71
     3
 72
    14
 73
    10
 74
     0
 42
0.000000001
 43
0.00000001
 40
0.0
 40
0.0
 40
0.0
 40
0.0
 40
0.1294006572129578
 40
0.27589517483138
 40
0.4223932121174732
 40
0.5688891088209771
 40
0.7153812566272914
 40
0.8618756622809916
 40
1.0
 40
1.0
 40
1.0
 40
1.0
 10
272.7755038682034
 20
173.4488912194679
 30
0.0
 10
272.763532805447
 20
173.8970278923036
 30
0.0
 10
272.738009299437
 20
174.8525002087763
 30
0.0
 10
272.5813710110302
 20
176.3753447937879
 30
0.0
 10
272.333118444156
 20
177.9931231409563
 30
0.0
 10
271.9899101070995
 20
179.6421365997875
 30
0.0
 10
271.5543678725535
 20
181.3118506290186
 30
0.0
 10
271.0441164014299
 20
182.9623672396976
 30
0.0
 10
270.6389302819521
 20
184.0530339327412
 30
0.0
 10
270.442295078864
 20
184.5823301163434
 30
0.0
  0
SPLINE
  5
1EC
330
1F
100
AcDbEntity
  8
0
  6
SLD-SOLID
 62
     7
100
AcDbSpline
210
0.0
220
0.0
230
1.0
 70
     8
 71
     3
 72
    22
 73
    18
 74
     0
 42
0.000000001
 43
0.00000001
 40
0.0
 40
0.0
 40
0.0
 40
0.0
 40
0.0006835403322484
 40
0.0702593442472489
 40
0.1398331638407757
 40
0.2094067352611395
 40
0.2831947755168748
 40
0.3569829582325527
 40
0.4307727747819012
 40
0.5045614134619496
 40
0.578348105232825
 40
0.6521359183305767
 40
0.7217078339812631
 40
0.7912815605797465
 40
0.8608556403037791
 40
0.9304278641187329
 40
0.9999999999999999
 40
0.9999999999999999
 40
0.9999999999999999
 40
0.9999999999999999
 10
269.800937765137
 20
186.149667114122
 30
0.0
 10
269.798817634415
 20
186.1548509283957
 30
0.0
 10
269.5808948766476
 20
186.6876818008166
 30
0.0
 10
269.0820352909138
 20
187.7383675273763
 30
0.0
 10
268.3027666225715
 20
189.29143622598
 30
0.0
 10
267.4335584205238
 20
190.8468468733139
 30
0.0
 10
266.4846333570468
 20
192.395959096368
 30
0.0
 10
265.4545119579959
 20
193.9275679460045
 30
0.0
 10
264.3683413902611
 20
195.4039157587594
 30
0.0
 10
263.2317012109843
 20
196.8171721235803
 30
0.0
 10
262.0505135794159
 20
198.159583895243
 30
0.0
 10
260.853842893513
 20
199.3989442643863
 30
0.0
 10
259.6506601154953
 20
200.5340314481849
 30
0.0
 10
258.4488287791674
 20
201.5665122466433
 30
0.0
 10
257.2302880315767
 20
202.5117632905818
 30
0.0
 10
256.0007008278153
 20
203.3742281130528
 30
0.0
 10
255.177636378948
 20
203.8684056496041
 30
0.0
 10
254.7661044145862
 20
204.1154942617295
 30
0.0
  0
LINE
  5
1ED
330
1F
100
AcDbEntity
  8
0
  6
SLD-SOLID
 62
     7
100
AcDbLine
 10
270.1224716917
 20
176.1684445152
 30
0.0
 11
269.3584224174
 21
175.7273682576
 31
0.0
  0
SPLINE
  5
1EE
330
1F
100
AcDbEntity
  8
0
  6
SLD-SOLID
 62
     7
100
AcDbSpline
210
0.0
220
0.0
230
1.0
 70
     8
 71
     3
 72
     8
 73
     4
 74
     0
 42
0.000000001
 43
0.00000001
 40
0.0
 40
0.0
 40
0.0
 40
0.0
 40
1.0
 40
1.0
 40
1.0
 40
1.0
 10
269.3584224173559
 20
175.7273682576334
 30
0.0
 10
269.6522314511433
 20
175.6296466579905
 30
0.0
 10
269.9428857827428
 20
175.5330053620663
 30
0.0
 10
270.230366074324
 20
175.4375753629994
 30
0.0
  0
ARC
  5
1EF
330
1F
100
AcDbEntity
  8
0
  6
SLD-SOLID
 62
     7
100
AcDbCircle
 10
239.8074275972
 20
171.3197949138
 30
0.0
 40
30.7003469265831
100
AcDbArc
 50
7.7082075175
 51
9.0870381946
  0
ARC
  5
1F0
330
1F
100
AcDbEntity
  8
0
  6
SLD-SOLID
 62
     7
100
AcDbCircle
 10
254.7036387612
 20
170.5070548643
 30
0.0
 40
15.25125871841169
100
AcDbArc
 50
343.4219247894
 51
345.0539508532
  0
SPLINE
  5
1F1
330
1F
100
AcDbEntity
  8
0
  6
SLD-SOLID
 62
     7
100
AcDbSpline
210
0.0
220
0.0
230
1.0
 70
     8
 71
     3
 72
    11
 73
     7
 74
     0
 42
0.000000001
 43
0.00000001
 40
0.0
 40
0.0
 40
0.0
 40
0.0
 40
0.5000311683834644
 40
0.7500609272080986
 40
0.8765740921214844
 40
1.0
 40
1.0
 40
1.0
 40
1.0
 10
269.4389337812993
 20
166.5736119491724
 30
0.0
 10
269.4494259241106
 20
166.6148299354672
 30
0.0
 10
269.4651644357535
 20
166.6766580833362
 30
0.0
 10
269.475993200264
 20
166.745010846326
 30
0.0
 10
269.4789661313467
 20
166.7819331136673
 30
0.0
 10
269.4782699744818
 20
166.7988021608101
 30
0.0
 10
269.4779261955275
 20
166.8071325008221
 30
0.0
  0
SPLINE
  5
1F2
330
1F
100
AcDbEntity
  8
0
  6
SLD-SOLID
 62
     7
100
AcDbSpline
210
0.0
220
0.0
230
1.0
 70
     8
 71
     3
 72
    13
 73
     9
 74
     0
 42
0.000000001
 43
0.00000001
 40
0.0
 40
0.0
 40
0.0
 40
0.0
 40
0.1253259270605699
 40
0.250528080993775
 40
0.4997860069566131
 40
0.7493850119673049
 40
0.8746452998853728
 40
1.0
 40
1.0
 40
1.0
 40
1.0
 10
269.4779261955275
 20
166.8071325008221
 30
0.0
 10
269.4762975821523
 20
166.8190641800529
 30
0.0
 10
269.4730419638364
 20
166.8429157546699
 30
0.0
 10
269.4540762900275
 20
166.8794868035903
 30
0.0
 10
269.4092466912811
 20
166.9031037378859
 30
0.0
 10
269.3408117342054
 20
166.8913225116991
 30
0.0
 10
269.2790182990651
 20
166.8642844222519
 30
0.0
 10
269.2468518812143
 20
166.8467634904996
 30
0.0
 10
269.2307626133891
 20
166.8379997243626
 30
0.0
  0
SPLINE
  5
1F3
330
1F
100
AcDbEntity
  8
0
  6
SLD-SOLID
 62
     7
100
AcDbSpline
210
0.0
220
0.0
230
1.0
 70
     8
 71
     3
 72
    17
 73
    13
 74
     0
 42
0.000000001
 43
0.00000001
 40
0.0
 40
0.0
 40
0.0
 40
0.0
 40
0.062577226012528
 40
0.1251218797937909
 40
0.2499730197880371
 40
0.3498773800919798
 40
0.4248322791572898
 40
0.4997937112000359
 40
0.6245551070231122
 40
0.7496814356971369
 40
0.8748345516634725
 40
0.9999999999999999
 40
0.9999999999999999
 40
0.9999999999999999
 40
0.9999999999999999
 10
269.2307626133891
 20
166.8379997243626
 30
0.0
 10
269.2163032402509
 20
166.8292871752115
 30
0.0
 10
269.1873920202596
 20
166.8118666119004
 30
0.0
 10
269.1286035337573
 20
166.7709768861339
 30
0.0
 10
269.0603971754617
 20
166.7133685025271
 30
0.0
 10
268.993193864067
 20
166.6428764432379
 30
0.0
 10
268.9423665538541
 20
166.5792098429979
 30
0.0
 10
268.8964574409821
 20
166.5067312136516
 30
0.0
 10
268.8579797882189
 20
166.4237595866835
 30
0.0
 10
268.8273488777499
 20
166.3348882181803
 30
0.0
 10
268.8002431905589
 20
166.2482355552444
 30
0.0
 10
268.7851708943078
 20
166.1926097140531
 30
0.0
 10
268.7776343749011
 20
166.1647954232066
 30
0.0
  0
ARC
  5
1F4
330
1F
100
AcDbEntity
  8
0
  6
SLD-SOLID
 62
     7
100
AcDbCircle
 10
254.0743303285
 20
170.123515166
 30
0.0
 40
15.2269042120118
100
AcDbArc
 50
343.4210888915
 51
344.9310108499
  0
LINE
  5
1F5
330
1F
100
AcDbEntity
  8
0
  6
SLD-SOLID
 62
     7
100
AcDbLine
 10
268.6682165477
 20
165.7787370469
 30
0.0
 11
269.3209304996
 21
166.1555407908
 31
0.0
  0
ARC
  5
1F6
330
1F
100
AcDbEntity
  8
0
  6
SLD-SOLID
 62
     7
100
AcDbCircle
 10
255.6369720179
 20
171.0853707064
 30
0.0
 40
15.29883579687313
100
AcDbArc
 50
343.4237400016
 51
345.2929615487
  0
SPLINE
  5
1F7
330
1F
100
AcDbEntity
  8
0
  6
SLD-SOLID
 62
     7
100
AcDbSpline
210
0.0
220
0.0
230
1.0
 70
     8
 71
     3
 72
    10
 73
     6
 74
     0
 42
0.000000001
 43
0.00000001
 40
0.0
 40
0.0
 40
0.0
 40
0.0
 40
0.4000551315947794
 40
0.7001130489825335
 40
1.0
 40
1.0
 40
1.0
 40
1.0
 10
270.4345655219028
 20
167.2013517529953
 30
0.0
 10
270.4405792939285
 20
167.2248188900478
 30
0.0
 10
270.4511036440399
 20
167.265887351805
 30
0.0
 10
270.4640292599183
 20
167.3237442123754
 30
0.0
 10
270.4678015217779
 20
167.356046196858
 30
0.0
 10
270.4696871152166
 20
167.3721925865489
 30
0.0
  0
SPLINE
  5
1F8
330
1F
100
AcDbEntity
  8
0
  6
SLD-SOLID
 62
     7
100
AcDbSpline
210
0.0
220
0.0
230
1.0
 70
     8
 71
     3
 72
    14
 73
    10
 74
     0
 42
0.000000001
 43
0.00000001
 40
0.0
 40
0.0
 40
0.0
 40
0.0
 40
0.1252091874379776
 40
0.2503702745392941
 40
0.3754443115751205
 40
0.5004441034223578
 40
0.7496801817937156
 40
0.8747777459972323
 40
0.9999999999999999
 40
0.9999999999999999
 40
0.9999999999999999
 40
0.9999999999999999
 10
270.4696871152166
 20
167.3721925865489
 30
0.0
 10
270.4701393767172
 20
167.3898554166555
 30
0.0
 10
270.4710437259776
 20
167.4251742915195
 30
0.0
 10
270.4618492258109
 20
167.4701340721676
 30
0.0
 10
270.4408993627119
 20
167.5043437328497
 30
0.0
 10
270.3928511632301
 20
167.5268089353121
 30
0.0
 10
270.324977811063
 20
167.5218101756682
 30
0.0
 10
270.2460880337631
 20
167.4921780706467
 30
0.0
 10
270.2038987290275
 20
167.469058691524
 30
0.0
 10
270.18279356895
 20
167.4574932438274
 30
0.0
  0
SPLINE
  5
1F9
330
1F
100
AcDbEntity
  8
0
  6
SLD-SOLID
 62
     7
100
AcDbSpline
210
0.0
220
0.0
230
1.0
 70
     8
 71
     3
 72
    16
 73
    12
 74
     0
 42
0.000000001
 43
0.00000001
 40
0.0
 40
0.0
 40
0.0
 40
0.0
 40
0.0715384074325388
 40
0.1430272757148695
 40
0.2856180476656958
 40
0.3935275862642849
 40
0.4996048059806283
 40
0.6244921122074591
 40
0.7496079071924778
 40
0.8747912983268189
 40
1.0
 40
1.0
 40
1.0
 40
1.0
 10
270.18279356895
 20
167.4574932438274
 30
0.0
 10
270.1654579895696
 20
167.4470521949208
 30
0.0
 10
270.1307988354075
 20
167.4261773273591
 30
0.0
 10
270.0601793539471
 20
167.3753113865979
 30
0.0
 10
269.9804907001824
 20
167.3038352888083
 30
0.0
 10
269.8994263628122
 20
167.2120467743673
 30
0.0
 10
269.8341348348545
 20
167.1183859052751
 30
0.0
 10
269.7831706741392
 20
167.0208526724717
 30
0.0
 10
269.7458655832492
 20
166.924643202049
 30
0.0
 10
269.7154326696077
 20
166.8322327408814
 30
0.0
 10
269.699454828251
 20
166.7734786991901
 30
0.0
 10
269.6914651000237
 20
166.7440987088089
 30
0.0
  0
ARC
  5
1FA
330
1F
100
AcDbEntity
  8
0
  6
SLD-SOLID
 62
     7
100
AcDbCircle
 10
254.9270630361
 20
170.6544828195
 30
0.0
 40
15.27346300614552
100
AcDbArc
 50
343.4227420852
 51
345.1656868161
  0
LINE
  5
1FB
330
1F
100
AcDbEntity
  8
0
  6
SLD-SOLID
 62
     7
100
AcDbLine
 10
269.5656982315
 20
166.2968421948
 30
0.0
 11
270.3000014274
 21
166.7207464067
 31
0.0
  0
OLE2FRAME
  5
1FC
330
1F
100
AcDbEntity
  8
0
100
AcDbOle2Frame
 70
     2
  3
Paintbrush Picture
 10
229.0524258301
 20
33.6996297921
 30
0.0
 11
265.1686469208
 21
28.555479607
 31
0.0
 71
     2
 72
     0
 90
     7296
310
80557333EF78ADA16C40002412788DD94040000000000000000041161DC7B292
310
7040002412788DD94040000000000000000041161DC7B2927040F6DD59E9338E
310
3C4000000000000000007333EF78ADA16C40F6DD59E9338E3C40000000000000
310
00000000000001000000000100000100000001000000000001000000001C0000
310
D0CF11E0A1B11AE1000000000000000000000000000000003E000300FEFF0900
310
0600000000000000000000000100000001000000000000000010000002000000
310
01000000FEFFFFFF0000000000000000FFFFFFFFFFFFFFFFFFFFFFFFFFFFFFFF
310
FFFFFFFFFFFFFFFFFFFFFFFFFFFFFFFFFFFFFFFFFFFFFFFFFFFFFFFFFFFFFFFF
310
FFFFFFFFFFFFFFFFFFFFFFFFFFFFFFFFFFFFFFFFFFFFFFFFFFFFFFFFFFFFFFFF
310
FFFFFFFFFFFFFFFFFFFFFFFFFFFFFFFFFFFFFFFFFFFFFFFFFFFFFFFFFFFFFFFF
310
FFFFFFFFFFFFFFFFFFFFFFFFFFFFFFFFFFFFFFFFFFFFFFFFFFFFFFFFFFFFFFFF
310
FFFFFFFFFFFFFFFFFFFFFFFFFFFFFFFFFFFFFFFFFFFFFFFFFFFFFFFFFFFFFFFF
310
FFFFFFFFFFFFFFFFFFFFFFFFFFFFFFFFFFFFFFFFFFFFFFFFFFFFFFFFFFFFFFFF
310
FFFFFFFFFFFFFFFFFFFFFFFFFFFFFFFFFFFFFFFFFFFFFFFFFFFFFFFFFFFFFFFF
310
FFFFFFFFFFFFFFFFFFFFFFFFFFFFFFFFFFFFFFFFFFFFFFFFFFFFFFFFFFFFFFFF
310
FFFFFFFFFFFFFFFFFFFFFFFFFFFFFFFFFFFFFFFFFFFFFFFFFFFFFFFFFFFFFFFF
310
FFFFFFFFFFFFFFFFFFFFFFFFFFFFFFFFFFFFFFFFFFFFFFFFFFFFFFFFFFFFFFFF
310
FFFFFFFFFFFFFFFFFFFFFFFFFFFFFFFFFFFFFFFFFFFFFFFFFFFFFFFFFFFFFFFF
310
FFFFFFFFFFFFFFFFFFFFFFFFFFFFFFFFFFFFFFFFFFFFFFFFFFFFFFFFFFFFFFFF
310
FFFFFFFFFFFFFFFFFFFFFFFFFFFFFFFFFFFFFFFFFFFFFFFFFFFFFFFFFFFFFFFF
310
FDFFFFFFFEFFFFFFFEFFFFFFFEFFFFFF05000000060000000700000008000000
310
090000000A0000000B0000000C000000FEFFFFFFFFFFFFFFFFFFFFFFFFFFFFFF
310
FFFFFFFFFFFFFFFFFFFFFFFFFFFFFFFFFFFFFFFFFFFFFFFFFFFFFFFFFFFFFFFF
310
FFFFFFFFFFFFFFFFFFFFFFFFFFFFFFFFFFFFFFFFFFFFFFFFFFFFFFFFFFFFFFFF
310
FFFFFFFFFFFFFFFFFFFFFFFFFFFFFFFFFFFFFFFFFFFFFFFFFFFFFFFFFFFFFFFF
310
FFFFFFFFFFFFFFFFFFFFFFFFFFFFFFFFFFFFFFFFFFFFFFFFFFFFFFFFFFFFFFFF
310
FFFFFFFFFFFFFFFFFFFFFFFFFFFFFFFFFFFFFFFFFFFFFFFFFFFFFFFFFFFFFFFF
310
FFFFFFFFFFFFFFFFFFFFFFFFFFFFFFFFFFFFFFFFFFFFFFFFFFFFFFFFFFFFFFFF
310
FFFFFFFFFFFFFFFFFFFFFFFFFFFFFFFFFFFFFFFFFFFFFFFFFFFFFFFFFFFFFFFF
310
FFFFFFFFFFFFFFFFFFFFFFFFFFFFFFFFFFFFFFFFFFFFFFFFFFFFFFFFFFFFFFFF
310
FFFFFFFFFFFFFFFFFFFFFFFFFFFFFFFFFFFFFFFFFFFFFFFFFFFFFFFFFFFFFFFF
310
FFFFFFFFFFFFFFFFFFFFFFFFFFFFFFFFFFFFFFFFFFFFFFFFFFFFFFFFFFFFFFFF
310
FFFFFFFFFFFFFFFFFFFFFFFFFFFFFFFFFFFFFFFFFFFFFFFFFFFFFFFFFFFFFFFF
310
FFFFFFFFFFFFFFFFFFFFFFFFFFFFFFFFFFFFFFFFFFFFFFFFFFFFFFFFFFFFFFFF
310
FFFFFFFFFFFFFFFFFFFFFFFFFFFFFFFFFFFFFFFFFFFFFFFFFFFFFFFFFFFFFFFF
310
FFFFFFFFFFFFFFFFFFFFFFFFFFFFFFFFFFFFFFFFFFFFFFFFFFFFFFFFFFFFFFFF
310
52006F006F007400200045006E00740072007900000000000000000000000000
310
0000000000000000000000000000000000000000000000000000000000000000
310
16000500FFFFFFFFFFFFFFFF020000000A00030000000000C000000000000046
310
000000000000000000000000F0C252A16CC7D70103000000C000000000000000
310
01004F006C006500000000000000000000000000000000000000000000000000
310
0000000000000000000000000000000000000000000000000000000000000000
310
0A000200FFFFFFFFFFFFFFFFFFFFFFFF00000000000000000000000000000000
310
0000000000000000000000000000000000000000000000001400000000000000
310
010043006F006D0070004F0062006A0000000000000000000000000000000000
310
0000000000000000000000000000000000000000000000000000000000000000
310
120002010100000003000000FFFFFFFF00000000000000000000000000000000
310
0000000000000000000000000000000000000000010000004D00000000000000
310
01004F006C006500310030004E00610074006900760065000000000000000000
310
0000000000000000000000000000000000000000000000000000000000000000
310
1A000200FFFFFFFFFFFFFFFFFFFFFFFF00000000000000000000000000000000
310
000000000000000000000000000000000000000004000000E411000000000000
310
FEFFFFFF02000000FEFFFFFFFFFFFFFFFFFFFFFFFFFFFFFFFFFFFFFFFFFFFFFF
310
FFFFFFFFFFFFFFFFFFFFFFFFFFFFFFFFFFFFFFFFFFFFFFFFFFFFFFFFFFFFFFFF
310
FFFFFFFFFFFFFFFFFFFFFFFFFFFFFFFFFFFFFFFFFFFFFFFFFFFFFFFFFFFFFFFF
310
FFFFFFFFFFFFFFFFFFFFFFFFFFFFFFFFFFFFFFFFFFFFFFFFFFFFFFFFFFFFFFFF
310
FFFFFFFFFFFFFFFFFFFFFFFFFFFFFFFFFFFFFFFFFFFFFFFFFFFFFFFFFFFFFFFF
310
FFFFFFFFFFFFFFFFFFFFFFFFFFFFFFFFFFFFFFFFFFFFFFFFFFFFFFFFFFFFFFFF
310
FFFFFFFFFFFFFFFFFFFFFFFFFFFFFFFFFFFFFFFFFFFFFFFFFFFFFFFFFFFFFFFF
310
FFFFFFFFFFFFFFFFFFFFFFFFFFFFFFFFFFFFFFFFFFFFFFFFFFFFFFFFFFFFFFFF
310
FFFFFFFFFFFFFFFFFFFFFFFFFFFFFFFFFFFFFFFFFFFFFFFFFFFFFFFFFFFFFFFF
310
FFFFFFFFFFFFFFFFFFFFFFFFFFFFFFFFFFFFFFFFFFFFFFFFFFFFFFFFFFFFFFFF
310
FFFFFFFFFFFFFFFFFFFFFFFFFFFFFFFFFFFFFFFFFFFFFFFFFFFFFFFFFFFFFFFF
310
FFFFFFFFFFFFFFFFFFFFFFFFFFFFFFFFFFFFFFFFFFFFFFFFFFFFFFFFFFFFFFFF
310
FFFFFFFFFFFFFFFFFFFFFFFFFFFFFFFFFFFFFFFFFFFFFFFFFFFFFFFFFFFFFFFF
310
FFFFFFFFFFFFFFFFFFFFFFFFFFFFFFFFFFFFFFFFFFFFFFFFFFFFFFFFFFFFFFFF
310
FFFFFFFFFFFFFFFFFFFFFFFFFFFFFFFFFFFFFFFFFFFFFFFFFFFFFFFFFFFFFFFF
310
FFFFFFFFFFFFFFFFFFFFFFFFFFFFFFFFFFFFFFFFFFFFFFFFFFFFFFFFFFFFFFFF
310
0100000200000000000000000000000000000000000000000000000000000000
310
0000000000000000000000000000000000000000000000000000000000000000
310
0100FEFF030A0000FFFFFFFF0A00030000000000C00000000000004607000000
310
5042727573680007000000504272757368000700000050427275736800F439B2
310
7100000000000000000000000000000000000000000000000000000000000000
310
0000000000000000000000000000000000000000000000000000000000000000
310
0000000000000000000000000000000000000000000000000000000000000000
310
0000000000000000000000000000000000000000000000000000000000000000
310
0000000000000000000000000000000000000000000000000000000000000000
310
0000000000000000000000000000000000000000000000000000000000000000
310
0000000000000000000000000000000000000000000000000000000000000000
310
0000000000000000000000000000000000000000000000000000000000000000
310
0000000000000000000000000000000000000000000000000000000000000000
310
0000000000000000000000000000000000000000000000000000000000000000
310
0000000000000000000000000000000000000000000000000000000000000000
310
0000000000000000000000000000000000000000000000000000000000000000
310
E0110000424DDE11000000000000360400002800000096000000170000000100
310
08000000000000000000E7240000E72400000001000000010000000000FF0101
310
01FF020202FF030303FF040404FF050505FF060606FF070707FF080808FF0909
310
09FF0A0A0AFF0B0B0BFF0C0C0CFF0D0D0DFF0E0E0EFF0F0F0FFF101010FF1111
310
11FF121212FF131313FF141414FF151515FF161616FF171717FF181818FF1919
310
19FF1A1A1AFF1B1B1BFF1C1C1CFF1D1D1DFF1E1E1EFF1F1F1FFF202020FF2121
310
21FF222222FF232323FF242424FF252525FF262626FF272727FF282828FF2929
310
29FF2A2A2AFF2B2B2BFF2C2C2CFF2D2D2DFF2E2E2EFF2F2F2FFF303030FF3131
310
31FF323232FF333333FF343434FF353535FF363636FF373737FF383838FF3939
310
39FF3A3A3AFF3B3B3BFF3C3C3CFF3D3D3DFF3E3E3EFF3F3F3FFF404040FF4141
310
41FF424242FF434343FF444444FF454545FF464646FF474747FF484848FF4949
310
49FF4A4A4AFF4B4B4BFF4C4C4CFF4D4D4DFF4E4E4EFF4F4F4FFF505050FF5151
310
51FF525252FF535353FF545454FF555555FF565656FF575757FF585858FF5959
310
59FF5A5A5AFF5B5B5BFF5C5C5CFF5D5D5DFF5E5E5EFF5F5F5FFF606060FF6161
310
61FF626262FF636363FF646464FF656565FF666666FF676767FF686868FF6969
310
69FF6A6A6AFF6B6B6BFF6C6C6CFF6D6D6DFF6E6E6EFF6F6F6FFF707070FF7171
310
71FF727272FF737373FF747474FF757575FF767676FF777777FF787878FF7979
310
79FF7A7A7AFF7B7B7BFF7C7C7CFF7D7D7DFF7E7E7EFF7F7F7FFF808080FF8181
310
81FF828282FF838383FF848484FF858585FF868686FF878787FF888888FF8989
310
89FF8A8A8AFF8B8B8BFF8C8C8CFF8D8D8DFF8E8E8EFF8F8F8FFF909090FF9191
310
91FF929292FF939393FF949494FF959595FF969696FF979797FF989898FF9999
310
99FF9A9A9AFF9B9B9BFF9C9C9CFF9D9D9DFF9E9E9EFF9F9F9FFFA0A0A0FFA1A1
310
A1FFA2A2A2FFA3A3A3FFA4A4A4FFA5A5A5FFA6A6A6FFA7A7A7FFA8A8A8FFA9A9
310
A9FFAAAAAAFFABABABFFACACACFFADADADFFAEAEAEFFAFAFAFFFB0B0B0FFB1B1
310
B1FFB2B2B2FFB3B3B3FFB4B4B4FFB5B5B5FFB6B6B6FFB7B7B7FFB8B8B8FFB9B9
310
B9FFBABABAFFBBBBBBFFBCBCBCFFBDBDBDFFBEBEBEFFBFBFBFFFC0C0C0FFC1C1
310
C1FFC2C2C2FFC3C3C3FFC4C4C4FFC5C5C5FFC6C6C6FFC7C7C7FFC8C8C8FFC9C9
310
C9FFCACACAFFCBCBCBFFCCCCCCFFCDCDCDFFCECECEFFCFCFCFFFD0D0D0FFD1D1
310
D1FFD2D2D2FFD3D3D3FFD4D4D4FFD5D5D5FFD6D6D6FFD7D7D7FFD8D8D8FFD9D9
310
D9FFDADADAFFDBDBDBFFDCDCDCFFDDDDDDFFDEDEDEFFDFDFDFFFE0E0E0FFE1E1
310
E1FFE2E2E2FFE3E3E3FFE4E4E4FFE5E5E5FFE6E6E6FFE7E7E7FFE8E8E8FFE9E9
310
E9FFEAEAEAFFEBEBEBFFECECECFFEDEDEDFFEEEEEEFFEFEFEFFFF0F0F0FFF1F1
310
F1FFF2F2F2FFF3F3F3FFF4F4F4FFF5F5F5FFF6F6F6FFF7F7F7FFF8F8F8FFF9F9
310
F9FFFAFAFAFFFBFBFBFFFCFCFCFFFDFDFDFFFEFEFEFFFFFFFFFFFFFFFFFFFFFF
310
C94E4E4E4F4E4EFFFFFFFFFFC94E4E4E4E4E72FFFFFFFFFFFFFF734E4D4E4E4E
310
C9FFFFFFFFFFAA683516171616265B9BE9FFFFFFFFFF4E4E4E4D4E4EFFFFFFFF
310
FFFFFFFF4E4E4F4E4D4E4E4E4F4E4E4F4D4E4E4E4E4E4D4E4F4E4D4E4E4EAAFF
310
FFFFFFFFFFEA4E4F4F4E4E4E4E4E4D4D4F4F4E4E4E4E4E5B7FAAFFFFFFFFFFFF
310
C9744E1716171616164D8DEAFFFFFFFF0000FFFFFFFFFFFFBA161617161716FF
310
FFFFFFFFB917171616174FFFFFFFFFFFFFFF4E1716161616B9FFFFFFB9341717
310
1716171617171616268CFFFFFFFF161617161617FFFFFFFFFFFFFFB917161717
310
1617167F807F7F7F7F7F7F807F7F807F7F807F7F7F414EFFFFFFFFFFFF8C167F
310
7F807F7F7F7E7F7F807F807F7F807F4E3417258EFFFFEA4E162674AABAEAEBBA
310
AA74341680FFFFFF0000FFFFFFFFFFFFB9171717171617FFFFFFFFFFBB161616
310
16164EFFFFFFFFFFFFFF4E1717171717B9FFFF9C171617171716161616171616
310
171766FFFFFF161717161617FFFFFFFFFFFFFF8E16171717161616FFFFFFFFFF
310
FFFFFFFFFFFFFFFFFFFFFFFFFFAA16D9FFFFFFFFFF3467FFFFFFFFEAFFFFFFFF
310
FFFFFFFFFFFFFFFFFFCA671667EB26278DFFFFFFFFFFFFFFFFFFFF8C2541EAFF
310
0000FFFFFFFFFFFFB9171717171716FFFFFFFFFFBA16171617174EFFFFFFFFFF
310
FFFF4E1717161616BAFF9B1617161616171716171617161616161667FFFF1616
310
16161716FFFFFFFFFFFFFF7F16161617174017FFFFFFFFFFFFFFFFFFFFFFFFFF
310
FFFFFFFFFFFF344E7F7F7F7E7417DAFFFFFFFF80FFFFFFFFFFFFFFFFFFFFFFFF
310
FFFFFF9B163425CAFFFFFFFFFFFFFFFFFFFFFFFFCA2667FF0000FFFFFFFFFFFF
310
BA171717171617FFFFFFFFFFB916171716164EFFFFFFFFFFFFFF4F1716161717
310
B9C91716171616161716161617171616161617168DFF161716161717FFFFFFFF
310
FFFFFF7F17171716164F16FFFFFFFFFFFFFFFFFFFFFFFFFFFFFFFFFFFFFF9B16
310
17161617174EFFFFFFFFFF34FFFFFFFFD9BABABABABADAFFFFFFFFFF7F16AAFF
310
FFFFFFFFFFFFFFFFFFFFFFFFFF9C16BA0000FFFFFFFFFFFFB9161717161717FF
310
FFFFFFFFB917161716174DFFFFFFFFFFFFFF4E1616161616BA4E161617171716
310
419BEAEAAA4E16161617161726E9171717161616FFFFFFFFFFFFFF4F16161717
310
164E16FFFFFFFFFFBAB9B9B9B9B9BABABACAFFFFFFFFFFFFFFFFFFFFFFFFFFFF
310
FFFFBA16FFFFFFFF7F1617161617174DEAFFFFFFEA41FFFFFFFFFFAA4D16174E
310
9BFFFFFFFFFF34730000FFFFFFFFFFFFB9161617171617FFFFFFFFFFBA161616
310
16164EFFFFFFFFFFFFFF4F16161717169B1617161716175BFFFFFFFFFFFF7417
310
16171616168D171717161617FFFFFFFFFFFFEA2616171717167416FFFFFFFFFF
310
16171616171717171717EAFFFFFFFFFFFFFFFFFFFFFFFFFFFFFF6716FFFFFFFF
310
7F4EFFFFFFFFBA2573FFFFFFFFBAFFFFFFFFAA167FB9BB9B269BFFFFFFFF664F
310
0000FFFFFFFFFFFFB9171616161616FFFFFFFFFFBA16161717164EFFFFFFFFFF
310
FFFF4E16161616174E161617171626EAFFFFFFFFFFFFFF4E16161616164E1716
310
16161617FFFFFFFFFFFF671616161716347F16FFFFFFFFFF16B9FFFFFFFFFFFF
310
D9168DFFFFFFFFFFFFFFFFFFFFFFFFFFFFEA1716FFFFFFFF7F4EFFFFFFFFFF7F
310
4EFFFFFFFFFFFFFFFFFF5B66FFFFFFEA347FFFFFFFFF7F4D0000FFFFFFFFFFFF
310
B9171616171617FFFFFFFFFFBA17161716174EFFFFFFFFFFFFFF4D1716161617
310
17161716161673FFFFFFFFFFFFFFFF9B1617161717161616171616174F4E4E4E
310
4E341616171616167E7F16FFFFFFFFFF16BAFFFFFFFFFFFFFF5B41FFFFFFFF34
310
1616171616BAFFFFFF9B1716FFFFFFFF7F4EFFFFFFFFFF4E4EFFFFFFFF734E4E
310
4E4E267EDA9B67164EEAFFFFFFFF744D0000FFFFFFFFFFFFBA171717161617FF
310
FFFFFFFFBA1616171616347F7F7F7F80807F331616161717161717161716B9FF
310
FFFFFFFFFFFFFFE9161616161616171716161716171616161616171616171734
310
EA7F16FFFFFFFFFF16BAFFFFFFFFFFFFFFAA17C9FFFFFF7326BABA5B25FFFFFF
310
FF401716FFFFFFFF7F264F4E4E4E4217AAFFFFFFEA16677F73261616164173CA
310
FFFFFFFFFFFF417F0000FFFFFFFFFFFFBA171616171617FFFFFFFFFFBA161616
310
17171616161616161616161717161616161616161617EAFFFFFFFFFFFFFFFFFF
310
261717161716161617161616161617161617161616174EEAFF8016FFFFFFFFFF
310
17BAFFFFFFFFFFFFFFFF3467FFFFFFC916C9FF3467FFFFFFDA166716FFFFFFFF
310
9C4D4E4E4E4E67AAFFFFFFFF6834FF7F262567AAEAFFFFFFFFFFFFFFFF9B17D9
310
0000FFFFFFFFFFFFB9161616161616FFFFFFFFFFBA1617161717171616161616
310
1716171716161716161617171716FFFFFFFFFFFFFFFFFFFF4E17161716171616
310
1617171616161716171717161616169BFF7F17FFFFFFFFFF17B9FFFFFFFFFFFF
310
FFFF7326FFFFFFFF3473DA16AAFFFFFF7317AA16FFFFFFFFFFFFFFFFFFFFFFFF
310
FFFFEA6725BA4E167FEAFFFFFFFFFFFFFFFFFFFF9C167FFF0000FFFFFFFFFFFF
310
B9161717171716FFFFFFFFFFBA16161716171616171717161617161716161616
310
171617171617EAFFFFFFFFFFFFFFFFFF26161717161616161616161617171616
310
1616161616171616AA8016FFFFFFFFFF16BAFFFFFFFFFFFFFFFFDA179BFFFFFF
310
74348D26FFFFFFFF2566B917FFFFFFFFD8BAB9BAB9BADAFFFFEA41169B7425C9
310
FFFFFFFFFFFFFFFFFFFFAB4F1680FFFF0000FFFFFFFFFFFFBA161717171617FF
310
FFFFFFFFBA17161717161617171617161616161617171616171716171617BBFF
310
FFFFFFFFFFFFFFE9171616161617161617161716FFFFFFFFFFD9671616161617
310
348017FFFFFFFFFF16BAFFFFFFFFFFFFFFFFFF4E5AFFFFFFC916265AFFFFFFAA
310
16AABA16FFFFFFFF7F1617161616179BFFFFEB4127168DFFFFFFFFFFFFFFD99B
310
6734175AC9FFFFFF0000FFFFFFFFFFFFB9161617171617FFFFFFFFFFBB161616
310
1616347F807F7F7F7F8033171716171617171616161672FFFFFFFFFFFFFFFF9C
310
171617171617161716161617FFFFFFFFFFFFFF4117161616174E17FFFFFFFFFF
310
16BAFFFFFFFFFFFFFFFFFF9B16DAFFFFFF34169BFFFFFF5A26FFB917FFFFFFFF
310
7F4EFFFFFFEA5B26FFFFFFEA2616EAFFFFFFFFDA743416331617414E4E4E4ECA
310
0000FFFFFFFFFFFFBA161716161616FFFFFFFFFFBA17171616164EFFFFFFFFFF
310
FFFF4E16161717174E161717171626EBFFFFFFFFFFFFFF4E16161617165B1616
310
16171617FFFFFFFFFFFFFF6716161616161617FFFFFFFFFF16BAFFFFFFFFFFFF
310
FFFFFFEA268CFFFFFF7316EAFFFFEB1774FFB916FFFFFFFF7F4EFFFFFFFF7316
310
FFFFFFFF6826FFFFFFFFEB264D9CEABA257F807F7F6616BA0000FFFFFFFFFFFF
310
BA161716161616FFFFFFFFFFBA16171616164DFFFFFFFFFFFFFF4E1617161617
310
9B1617171717165BEBFFFFFFFFFF671616161617179B171616161616FFFFFFFF
310
FFFFFF3417161617171617FFFFFFFFFF17BAFFFFFFFFFFFFFFFFFFFF6734FFFF
310
FFEBCAFFFFFF8D17C9FFBA17FFFFFFFF7F357F808066174FFFFFFFFF7F16FFFF
310
FFFFD91673B99B415BFFFFFFFFBA16DA00009B7F7F7F807F671617161616167F
310
80807F7E6617161616164EFFFFFFFFFFFFFF4E1616161617B94E171716161616
310
349BC9D9AA4E16171616161634FF161617161717B9B9BAB9BA9B411716171716
310
163416FFFFFFFFFF16B9FFFFFFFFFFFFFFFFFFFFC917CAFFFFFFFFFFFFFF3342
310
FFFFBA17FFFFFFFF9B4E4E4F4E4E66EAFFFFFFFF5B16C9FFFFFFFFAA4E164E73
310
EAFFFFFFFF8D26FF00004E161716161616171617171616171717171617161616
310
17174EFFFFFFFFFFFFFF4E1717171616B9D92616171716171716171717171716
310
16171716AAFF161717171617161617171616161617161716166717FFFFFFFFFF
310
17B9FFFFFFFFFFFFFFFFFFFFFF3467FFFFFFFFFFFFCA168CFFFFBB17FFFFFFFF
310
FFFFFFFFFFFFFFFFFFFFFFEA26265BFFFFFFFFFFFFFFFFFFFFFFFFFFEA3467FF
310
00004D16161616161617161717161617161616171617171616164EFFFFFFFFFF
310
FFFF4D1617161616BAFF9B1616161616161716161616171717161766FFFF1616
310
16171617161617161716171616171717667F16FFFFFFFFFF17BAFFFFFFFFFFFF
310
FFFFFFFFFF8C26EAFFFFFFFFFF6617EAFFFFBA17FFFFFFFFFFFFFFFFFFFFFFFF
310
FFFFEA5A25BA269BFFFFFFFFFFFFFFFFFFFFFFFF6616DAFF00004E1616171616
310
1616161616161716161617171616171616174EFFFFFFFFFFFFFF4D1717171716
310
B9FFFF9C161616161616161716161717171667FFFFFF17161717171716161617
310
1716161616161641E97E16FFFFFFFFFF16B9FFFFFFFFFFFFFFFFFFFFFFEA169B
310
FFFFFFFFEA265BFFFFFFB916FFFFFFFFFFFFFFFFFFFFFFFFFF9B3416AAFF9B17
310
67EAFFFFFFFFFFFFFFFFEA5B169BFFFF00004D17161716161616161717171616
310
161717161716171716174EFFFFFFFFFFFFFF4D1616161616BAFFFFFFBB411616
310
161716161616171634ABFFFFFFFF161716161617171716171617171617267FFF
310
FF7F164E4E4E4E4F17BAFFFFFFFFFFFFFFFFFFFFFFFF66344D4E4E4F4117AAFF
310
FFFFBA174E4E4E4D4E4D4D4E4E4E4E4116174EBBFFFFFFCA342666ABEAFFFFEA
310
AA6725269CFFFFFF0000724F4E4D4D4D4E4D4D4E4E4E4D4E4E4E4E4E4E4E4E4D
310
4E4E74FFFFFFFFFFFFFF734E4E4E4D4ECAFFFFFFFFFFAA663416171717265B9B
310
FFFFFFFFFFFF7F8080807F80807F7F7F7F7F807FBAFFFFFFFF9B4E4E4F4D4D4E
310
4DC9FFFFFFFFFFFFFFFFFFFFFFFFBA4E4E4E4E4D4E4EFFFFFFFFC94E4E4E4F4E
310
4E4E4D4E4E5A807F9CD9FFFFFFFFFFFFFF9B5B2617171716174E8DEAFFFFFFFF
310
0000000000000000000000000000000000000000000000000000000000000000
  1
OLE
  0
ENDSEC
  0
SECTION
  2
OBJECTS
  0
DICTIONARY
  5
C
330
0
100
AcDbDictionary
  3
ACAD_GROUP
350
D
  3
ACAD_MLINESTYLE
350
17
  3
ACAD_SCALELIST
350
47
1001
ACAD
1000
TREAT_AS_HARD
1070
     0
  0
DICTIONARY
  5
D
102
{ACAD_REACTORS
330
C
102
}
330
C
100
AcDbDictionary
1001
ACAD
1000
TREAT_AS_HARD
1070
     0
  0
DICTIONARY
  5
17
102
{ACAD_REACTORS
330
C
102
}
330
C
100
AcDbDictionary
  3
STANDARD
350
18
1001
ACAD
1000
TREAT_AS_HARD
1070
     0
  0
DICTIONARY
  5
47
102
{ACAD_REACTORS
330
C
102
}
330
C
100
AcDbDictionary
1001
ACAD
1000
TREAT_AS_HARD
1070
     0
  0
MLINESTYLE
  5
18
102
{ACAD_REACTORS
330
17
102
}
330
17
100
AcDbMlineStyle
  2
Standard
 70
     0
  3

 62
   256
 51
90.0
 52
90.0
 71
     2
 49
0.5
 62
   256
  6
BYLAYER
 49
-0.5
 62
   256
  6
BYLAYER
  0
ENDSEC
  0
EOF
