ISO-10303-21;
HEADER;
FILE_DESCRIPTION (( 'STEP AP214' ),
    '1' );
FILE_NAME ('21081-E0W.STEP',
    '2012-05-19T15:15:36',
    ( 'Admin' ),
    ( 'Thorlabs, Inc.' ),
    'SwSTEP 2.0',
    'SolidWorks 2011',
    '' );
FILE_SCHEMA (( 'AUTOMOTIVE_DESIGN' ));
ENDSEC;

DATA;
#1 = CARTESIAN_POINT ( 'NONE',  ( 3.799565003834312700, -18.49528227112856600, -17.41172318318048100 ) ) ;
#2 = CARTESIAN_POINT ( 'NONE',  ( 3.804077470268444100, -19.01379543612118200, -16.85134755985411900 ) ) ;
#3 = CARTESIAN_POINT ( 'NONE',  ( 3.807755080093833600, -19.43736861335741800, -16.35652487584292600 ) ) ;
#4 = CARTESIAN_POINT ( 'NONE',  ( 3.814856675015648500, -20.25607715106713200, -15.34927219617983800 ) ) ;
#5 = CARTESIAN_POINT ( 'NONE',  ( 3.819252905324905400, -20.76393138147426500, -14.65429640738759800 ) ) ;
#6 = CARTESIAN_POINT ( 'NONE',  ( 3.831427097336821400, -22.16998626845828500, -12.51274179774170000 ) ) ;
#7 = CARTESIAN_POINT ( 'NONE',  ( 3.838190560123621700, -22.95018106499560800, -11.00966600367064000 ) ) ;
#8 = CARTESIAN_POINT ( 'NONE',  ( 3.849012155254938300, -24.18939246417576400, -7.924446267250512900 ) ) ;
#9 = CARTESIAN_POINT ( 'NONE',  ( 3.853070287599455600, -24.64849349513606900, -6.342399257208820800 ) ) ;
#10 = CARTESIAN_POINT ( 'NONE',  ( 3.858481221846204800, -25.25375005559221000, -3.165812383462539800 ) ) ;
#11 = CARTESIAN_POINT ( 'NONE',  ( 3.859834023755329900, -25.39999999999999900, -1.571260600824636600 ) ) ;
#12 = CARTESIAN_POINT ( 'NONE',  ( 3.859834160429526800, -25.40122330191520900, -3.850835193855414300E-015 ) ) ;
#13 = CARTESIAN_POINT ( 'NONE',  ( -1.499999999999992700, -0.1670661030591754100, 25.39945056329385800 ) ) ;
#14 = CARTESIAN_POINT ( 'NONE',  ( -1.304658561693083500, -0.1113782051264534800, 25.39981685311071800 ) ) ;
#15 = CARTESIAN_POINT ( 'NONE',  ( -1.109317123386174300, -0.05568910256411444700, 25.39999999999999900 ) ) ;
#16 = CARTESIAN_POINT ( 'NONE',  ( -0.9139756850792719600, 3.843901543141755200E-014, 25.39999999999999900 ) ) ;
#17 = CARTESIAN_POINT ( 'NONE',  ( -1.192307692307685200, -3.868895667156654100, 25.10361819173993700 ) ) ;
#18 = CARTESIAN_POINT ( 'NONE',  ( -1.192134900582435500, -3.891828232094816100, 25.10008389240315200 ) ) ;
#19 = CARTESIAN_POINT ( 'NONE',  ( -1.191529481667643800, -3.922508673231290800, 25.09530781945155200 ) ) ;
#20 = CARTESIAN_POINT ( 'NONE',  ( -1.190217254778282300, -3.951802535676592200, 25.09070269085301400 ) ) ;
#21 = CARTESIAN_POINT ( 'NONE',  ( -1.189525035078105000, -3.962964814641280100, 25.08894025089259500 ) ) ;
#22 = CARTESIAN_POINT ( 'NONE',  ( -1.189034702667410400, -3.970097012964513000, 25.08781263367919900 ) ) ;
#23 = CARTESIAN_POINT ( 'NONE',  ( -1.188909533819051200, -3.971910780201117800, 25.08752576306174500 ) ) ;
#24 = CARTESIAN_POINT ( 'NONE',  ( -1.186867321428052500, -3.996183182688562800, 25.08367808956713700 ) ) ;
#25 = CARTESIAN_POINT ( 'NONE',  ( -1.183926236209406700, -4.024121201149602800, 25.07921473055189300 ) ) ;
#26 = CARTESIAN_POINT ( 'NONE',  ( -1.180249505466588200, -4.050277712072133200, 25.07499401724462400 ) ) ;
#27 = CARTESIAN_POINT ( 'NONE',  ( -1.177634874854894200, -4.067319682759595000, 25.07223534326364200 ) ) ;
#28 = CARTESIAN_POINT ( 'NONE',  ( -1.176574415199615600, -4.073827502829376000, 25.07117928851091900 ) ) ;
#29 = CARTESIAN_POINT ( 'NONE',  ( -1.167577484543912000, -4.123530946578902100, 25.06308272268384500 ) ) ;
#30 = CARTESIAN_POINT ( 'NONE',  ( -1.153343909157693600, -4.178699441225705700, 25.05395105797557400 ) ) ;
#31 = CARTESIAN_POINT ( 'NONE',  ( -1.133954445872415300, -4.227168231663702300, 25.04578393871624400 ) ) ;
#32 = CARTESIAN_POINT ( 'NONE',  ( -1.119882384149105500, -4.257993291409464500, 25.04056184461434100 ) ) ;
#33 = CARTESIAN_POINT ( 'NONE',  ( -1.113078970928856400, -4.271291112212595400, 25.03829692857502900 ) ) ;
#34 = CARTESIAN_POINT ( 'NONE',  ( -1.086117137520609800, -4.317181221995667800, 25.03043966236857200 ) ) ;
#35 = CARTESIAN_POINT ( 'NONE',  ( -1.064888040523130700, -4.344605799141134200, 25.02568988394312300 ) ) ;
#36 = CARTESIAN_POINT ( 'NONE',  ( -1.023946930654041900, -4.385172137908283800, 25.01860215420155200 ) ) ;
#37 = CARTESIAN_POINT ( 'NONE',  ( -1.010038124437711000, -4.397535679723136900, 25.01643078893371800 ) ) ;
#38 = CARTESIAN_POINT ( 'NONE',  ( -0.9816969728184455900, -4.419947399333898000, 25.01248077378711800 ) ) ;
#39 = CARTESIAN_POINT ( 'NONE',  ( -0.9686588454406343000, -4.429151953332271900, 25.01085185928514000 ) ) ;
#40 = CARTESIAN_POINT ( 'NONE',  ( -0.9364821793979177800, -4.448621659353094100, 25.00739616762906800 ) ) ;
#41 = CARTESIAN_POINT ( 'NONE',  ( -0.9201099204613704100, -4.457036394208036400, 25.00589687511648800 ) ) ;
#42 = CARTESIAN_POINT ( 'NONE',  ( -0.8867975507578994600, -4.471227041232416400, 25.00336338763261800 ) ) ;
#43 = CARTESIAN_POINT ( 'NONE',  ( -0.8712155491919791900, -4.476651521619849000, 25.00239218590444100 ) ) ;
#44 = CARTESIAN_POINT ( 'NONE',  ( -0.8433423303673056600, -4.483864155818751300, 25.00109933979131000 ) ) ;
#45 = CARTESIAN_POINT ( 'NONE',  ( -0.8296815236948317200, -4.486988574489991800, 25.00053876846816400 ) ) ;
#46 = CARTESIAN_POINT ( 'NONE',  ( -0.8164344211321521400, -4.489390242370827600, 25.00010751551292300 ) ) ;
#47 = CARTESIAN_POINT ( 'NONE',  ( -0.8076949536703199600, -4.490830750666079400, 24.99984879363017500 ) ) ;
#48 = CARTESIAN_POINT ( 'NONE',  ( -0.8021748945822169100, -4.491627211178955500, 24.99970570153918500 ) ) ;
#49 = CARTESIAN_POINT ( 'NONE',  ( -0.7867673595632288500, -4.493642941571710700, 24.99934350734133700 ) ) ;
#50 = CARTESIAN_POINT ( 'NONE',  ( -0.7686000124217021700, -4.494774382090532100, 24.99914005902423900 ) ) ;
#51 = CARTESIAN_POINT ( 'NONE',  ( -0.7445913461538392600, -4.495424714030518100, 24.99902311372353500 ) ) ;
#52 = FILL_AREA_STYLE_COLOUR ( '', #1611 ) ;
#53 = FILL_AREA_STYLE ('',( #52 ) ) ;
#54 = SURFACE_SIDE_STYLE ('',( #2870 ) ) ;
#55 = SURFACE_STYLE_USAGE ( .BOTH. , #54 ) ;
#56 =( LENGTH_UNIT ( ) NAMED_UNIT ( * ) SI_UNIT ( .MILLI., .METRE. ) );
#57 =( NAMED_UNIT ( * ) PLANE_ANGLE_UNIT ( ) SI_UNIT ( $, .RADIAN. ) );
#58 =( NAMED_UNIT ( * ) SI_UNIT ( $, .STERADIAN. ) SOLID_ANGLE_UNIT ( ) );
#59 = CARTESIAN_POINT ( 'NONE',  ( -4.000000000000000000, -4.592425496802558200E-016, 0.0000000000000000000 ) ) ;
#60 = DIRECTION ( 'NONE',  ( -1.000000000000000000, -0.0000000000000000000, -0.0000000000000000000 ) ) ;
#61 = DIRECTION ( 'NONE',  ( 0.0000000000000000000, 0.0000000000000000000, 1.000000000000000000 ) ) ;
#62 = CARTESIAN_POINT ( 'NONE',  ( -1.215745192307685200, -4.592425496802558200E-016, 0.0000000000000000000 ) ) ;
#63 = DIRECTION ( 'NONE',  ( -1.000000000000000000, -0.0000000000000000000, -0.0000000000000000000 ) ) ;
#64 = DIRECTION ( 'NONE',  ( 0.0000000000000000000, 0.2796654516127647900, 0.9600975133673810300 ) ) ;
#65 = FILL_AREA_STYLE_COLOUR ( '', #1584 ) ;
#66 = FILL_AREA_STYLE ('',( #65 ) ) ;
#67 = SURFACE_SIDE_STYLE ('',( #2874 ) ) ;
#68 = SURFACE_STYLE_USAGE ( .BOTH. , #67 ) ;
#69 =( LENGTH_UNIT ( ) NAMED_UNIT ( * ) SI_UNIT ( .MILLI., .METRE. ) );
#70 =( NAMED_UNIT ( * ) PLANE_ANGLE_UNIT ( ) SI_UNIT ( $, .RADIAN. ) );
#71 =( NAMED_UNIT ( * ) SI_UNIT ( $, .STERADIAN. ) SOLID_ANGLE_UNIT ( ) );
#72 = CARTESIAN_POINT ( 'NONE',  ( -4.000000000000000000, -4.592425496802558200E-016, 0.0000000000000000000 ) ) ;
#73 = DIRECTION ( 'NONE',  ( -1.000000000000000000, -0.0000000000000000000, -0.0000000000000000000 ) ) ;
#74 = DIRECTION ( 'NONE',  ( 0.0000000000000000000, 0.0000000000000000000, 1.000000000000000000 ) ) ;
#75 = CARTESIAN_POINT ( 'NONE',  ( -3.858578643762689900, -4.592425496802558200E-016, 0.0000000000000000000 ) ) ;
#76 = DIRECTION ( 'NONE',  ( -1.000000000000000000, -0.0000000000000000000, -0.0000000000000000000 ) ) ;
#77 = DIRECTION ( 'NONE',  ( 0.0000000000000000000, 1.000000000000000000, 0.0000000000000000000 ) ) ;
#78 = FILL_AREA_STYLE_COLOUR ( '', #1588 ) ;
#79 = FILL_AREA_STYLE ('',( #78 ) ) ;
#80 = SURFACE_SIDE_STYLE ('',( #2878 ) ) ;
#81 = SURFACE_STYLE_USAGE ( .BOTH. , #80 ) ;
#82 =( LENGTH_UNIT ( ) NAMED_UNIT ( * ) SI_UNIT ( .MILLI., .METRE. ) );
#83 =( NAMED_UNIT ( * ) PLANE_ANGLE_UNIT ( ) SI_UNIT ( $, .RADIAN. ) );
#84 =( NAMED_UNIT ( * ) SI_UNIT ( $, .STERADIAN. ) SOLID_ANGLE_UNIT ( ) );
#85 = CARTESIAN_POINT ( 'NONE',  ( -4.000000000000000000, -4.592425496802558200E-016, 0.0000000000000000000 ) ) ;
#86 = DIRECTION ( 'NONE',  ( -1.000000000000000000, -0.0000000000000000000, -0.0000000000000000000 ) ) ;
#87 = DIRECTION ( 'NONE',  ( 0.0000000000000000000, 0.0000000000000000000, 1.000000000000000000 ) ) ;
#88 = CARTESIAN_POINT ( 'NONE',  ( -1.538461538461531900, -3.885525393817998600, 25.10104962773460400 ) ) ;
#89 = CARTESIAN_POINT ( 'NONE',  ( -1.537482380676127300, -3.842547435462883700, 25.10770241520922500 ) ) ;
#90 = CARTESIAN_POINT ( 'NONE',  ( -1.536139761235240300, -3.804666493625823400, 25.11345478340192700 ) ) ;
#91 = CARTESIAN_POINT ( 'NONE',  ( -1.533580639590687900, -3.755507072006374800, 25.12083679345759500 ) ) ;
#92 = CARTESIAN_POINT ( 'NONE',  ( -1.532164780647607100, -3.732842776420445500, 25.12421572566397600 ) ) ;
#93 = CARTESIAN_POINT ( 'NONE',  ( -1.530274423502602500, -3.709755848024859600, 25.12762982923987600 ) ) ;
#94 = CARTESIAN_POINT ( 'NONE',  ( -1.529413158645154500, -3.700580572340639800, 25.12898152514763300 ) ) ;
#95 = CARTESIAN_POINT ( 'NONE',  ( -1.528827623896789500, -3.694623553055667000, 25.12985805500704100 ) ) ;
#96 = CARTESIAN_POINT ( 'NONE',  ( -1.528667591418155300, -3.693007793688416500, 25.13009571451195600 ) ) ;
#97 = CARTESIAN_POINT ( 'NONE',  ( -1.524684735604668200, -3.656094290019632700, 25.13551420536493800 ) ) ;
#98 = CARTESIAN_POINT ( 'NONE',  ( -1.517727567348103400, -3.607227978166315500, 25.14258877102421500 ) ) ;
#99 = CARTESIAN_POINT ( 'NONE',  ( -1.508300358333666300, -3.558890686472528900, 25.14944452492562700 ) ) ;
#100 = CARTESIAN_POINT ( 'NONE',  ( -1.501466654377847400, -3.526783543339475600, 25.15396709604675300 ) ) ;
#101 = CARTESIAN_POINT ( 'NONE',  ( -1.498091779999932900, -3.512060344088383100, 25.15602778548166500 ) ) ;
#102 = CARTESIAN_POINT ( 'NONE',  ( -1.476680897513954500, -3.426023903820637700, 25.16797943978716700 ) ) ;
#103 = CARTESIAN_POINT ( 'NONE',  ( -1.454900687447730400, -3.361613439255010800, 25.17664024507416100 ) ) ;
#104 = CARTESIAN_POINT ( 'NONE',  ( -1.415253116232231900, -3.271649417957612500, 25.18843434638594300 ) ) ;
#105 = CARTESIAN_POINT ( 'NONE',  ( -1.400874383141039500, -3.242769968078632800, 25.19216597714435600 ) ) ;
#106 = CARTESIAN_POINT ( 'NONE',  ( -1.369791164919932100, -3.187231502726277200, 25.19925274752986200 ) ) ;
#107 = CARTESIAN_POINT ( 'NONE',  ( -1.354233134188608900, -3.162211723607872800, 25.20240400354991200 ) ) ;
#108 = CARTESIAN_POINT ( 'NONE',  ( -1.297191687545014000, -3.080652030581644500, 25.21254817028140100 ) ) ;
#109 = CARTESIAN_POINT ( 'NONE',  ( -1.252955102283251700, -3.031811876842246200, 25.21844597666471100 ) ) ;
#110 = CARTESIAN_POINT ( 'NONE',  ( -1.177286793141561400, -2.966869986899555400, 25.22614036400463900 ) ) ;
#111 = CARTESIAN_POINT ( 'NONE',  ( -1.152754051293062300, -2.948410516745927800, 25.22830206373593500 ) ) ;
#112 = CARTESIAN_POINT ( 'NONE',  ( -1.096489755038745100, -2.911265236794043700, 25.23261548701194800 ) ) ;
#113 = CARTESIAN_POINT ( 'NONE',  ( -1.066124382623272700, -2.893485992641967400, 25.23465803345807500 ) ) ;
#114 = CARTESIAN_POINT ( 'NONE',  ( -0.9774908468466081400, -2.848552387580362200, 25.23978324621573300 ) ) ;
#115 = CARTESIAN_POINT ( 'NONE',  ( -0.9152625830052856200, -2.826001034936961500, 25.24230537307323600 ) ) ;
#116 = CARTESIAN_POINT ( 'NONE',  ( -0.8186608503627484900, -2.801852166957227800, 25.24499336569043700 ) ) ;
#117 = CARTESIAN_POINT ( 'NONE',  ( -0.7874102929592262700, -2.795868639254822400, 25.24565580344276200 ) ) ;
#118 = CARTESIAN_POINT ( 'NONE',  ( -0.7366066586463264600, -2.789474400042860400, 25.24636285031911600 ) ) ;
#119 = CARTESIAN_POINT ( 'NONE',  ( -0.7260642676529874800, -2.788508857884969000, 25.24646945930295100 ) ) ;
#120 = CARTESIAN_POINT ( 'NONE',  ( -0.6948499804295318300, -2.785834366882292000, 25.24676471729233600 ) ) ;
#121 = CARTESIAN_POINT ( 'NONE',  ( -0.6759796570311612500, -2.784398427071900400, 25.24692313496938600 ) ) ;
#122 = CARTESIAN_POINT ( 'NONE',  ( -0.6538461538461471900, -2.782863787400997200, 25.24709229081187100 ) ) ;
#123 = CARTESIAN_POINT ( 'NONE',  ( 1.774038461538468300, 7.103502470964224700, 24.38647683953147500 ) ) ;
#124 = CARTESIAN_POINT ( 'NONE',  ( 1.760179970320792500, 7.117792145346874700, 24.38231442041885400 ) ) ;
#125 = CARTESIAN_POINT ( 'NONE',  ( 1.748062898727355700, 7.130493329083165600, 24.37860125250064800 ) ) ;
#126 = CARTESIAN_POINT ( 'NONE',  ( 1.727311594788958600, 7.152723025069274600, 24.37208828703789400 ) ) ;
#127 = CARTESIAN_POINT ( 'NONE',  ( 1.720112508001070600, 7.160597565906805100, 24.36977518552056700 ) ) ;
#128 = CARTESIAN_POINT ( 'NONE',  ( 1.703456591445487600, 7.179793126789673100, 24.36412671839868300 ) ) ;
#129 = CARTESIAN_POINT ( 'NONE',  ( 1.690031904029815700, 7.195806813838999000, 24.35940542086752500 ) ) ;
#130 = CARTESIAN_POINT ( 'NONE',  ( 1.675208091615666200, 7.214243175210461000, 24.35394711687496600 ) ) ;
#131 = CARTESIAN_POINT ( 'NONE',  ( 1.665014633339905000, 7.227072075670161400, 24.35014320236499300 ) ) ;
#132 = CARTESIAN_POINT ( 'NONE',  ( 1.658714954165103200, 7.235102215130560000, 24.34775821586531600 ) ) ;
#133 = CARTESIAN_POINT ( 'NONE',  ( 1.636914183662840000, 7.263130007619969900, 24.33942254282940400 ) ) ;
#134 = CARTESIAN_POINT ( 'NONE',  ( 1.619501569262532700, 7.286686647249538900, 24.33238299600278500 ) ) ;
#135 = CARTESIAN_POINT ( 'NONE',  ( 1.584732344464923100, 7.336062584424238900, 24.31754202868336300 ) ) ;
#136 = CARTESIAN_POINT ( 'NONE',  ( 1.566525497424346300, 7.363204060381394600, 24.30933860289268000 ) ) ;
#137 = CARTESIAN_POINT ( 'NONE',  ( 1.533568753919291700, 7.414454101226767500, 24.29375614691369400 ) ) ;
#138 = CARTESIAN_POINT ( 'NONE',  ( 1.509627393422080300, 7.453023945757923500, 24.28196265956591700 ) ) ;
#139 = CARTESIAN_POINT ( 'NONE',  ( 1.483054151155598800, 7.498252538023534100, 24.26801455254574700 ) ) ;
#140 = CARTESIAN_POINT ( 'NONE',  ( 1.471956692680019600, 7.517685479575441800, 24.26199602472844700 ) ) ;
#141 = CARTESIAN_POINT ( 'NONE',  ( 1.464623070123932400, 7.530651706928904500, 24.25797458450905000 ) ) ;
#142 = CARTESIAN_POINT ( 'NONE',  ( 1.460018887974271500, 7.538888517819746200, 24.25541557296822900 ) ) ;
#143 = CARTESIAN_POINT ( 'NONE',  ( 1.436327146089455300, 7.581600800425741600, 24.24213089229660100 ) ) ;
#144 = CARTESIAN_POINT ( 'NONE',  ( 1.408664668173539700, 7.634778080420408800, 24.22550928076445600 ) ) ;
#145 = CARTESIAN_POINT ( 'NONE',  ( 1.374399038461545700, 7.703070491613401800, 24.20377460234735200 ) ) ;
#146 = FILL_AREA_STYLE_COLOUR ( '', #1610 ) ;
#147 = FILL_AREA_STYLE ('',( #146 ) ) ;
#148 = SURFACE_SIDE_STYLE ('',( #2881 ) ) ;
#149 = SURFACE_STYLE_USAGE ( .BOTH. , #148 ) ;
#150 =( LENGTH_UNIT ( ) NAMED_UNIT ( * ) SI_UNIT ( .MILLI., .METRE. ) );
#151 =( NAMED_UNIT ( * ) PLANE_ANGLE_UNIT ( ) SI_UNIT ( $, .RADIAN. ) );
#152 =( NAMED_UNIT ( * ) SI_UNIT ( $, .STERADIAN. ) SOLID_ANGLE_UNIT ( ) );
#153 = CARTESIAN_POINT ( 'NONE',  ( 3.416487925471169500, 25.39999999999999900, 0.0000000000000000000 ) ) ;
#154 = CARTESIAN_POINT ( 'NONE',  ( 3.416487925471169500, 25.39999999999999900, -3.325012367090649100 ) ) ;
#155 = CARTESIAN_POINT ( 'NONE',  ( 3.422257483837875600, 24.73887409494380300, -6.648716605582940500 ) ) ;
#156 = CARTESIAN_POINT ( 'NONE',  ( 3.444466089878856200, 22.19401990739727600, -12.79253809939855000 ) ) ;
#157 = CARTESIAN_POINT ( 'NONE',  ( 3.460896401990321000, 20.31129262135008400, -15.61023860410899100 ) ) ;
#158 = CARTESIAN_POINT ( 'NONE',  ( 3.501932555045239100, 15.60901523631779500, -20.31251598914127900 ) ) ;
#159 = CARTESIAN_POINT ( 'NONE',  ( 3.526522254773526700, 12.79131473728393500, -22.19524326990831000 ) ) ;
#160 = CARTESIAN_POINT ( 'NONE',  ( 3.580138572472722800, 6.647493267353832300, -24.74009744754396700 ) ) ;
#161 = CARTESIAN_POINT ( 'NONE',  ( 3.609144100930849100, 3.323788914926324900, -25.40122334849656800 ) ) ;
#162 = CARTESIAN_POINT ( 'NONE',  ( 3.667177984969847100, -3.326235518756742100, -25.40122334849656800 ) ) ;
#163 = CARTESIAN_POINT ( 'NONE',  ( 3.696183513429415900, -6.649939871187123200, -24.74009744754974300 ) ) ;
#164 = CARTESIAN_POINT ( 'NONE',  ( 3.749799831125728100, -12.79376134111145900, -22.19524326990254800 ) ) ;
#165 = CARTESIAN_POINT ( 'NONE',  ( 3.774389530856178800, -15.61146184013667300, -20.31251598914705200 ) ) ;
#166 = CARTESIAN_POINT ( 'NONE',  ( 3.815425683909654500, -20.31373922519203400, -15.61023860410323000 ) ) ;
#167 = CARTESIAN_POINT ( 'NONE',  ( 3.831855996021094100, -22.19646651123064300, -12.79253809939958100 ) ) ;
#168 = CARTESIAN_POINT ( 'NONE',  ( 3.854064602063565400, -24.74132069877127200, -6.648716605581897800 ) ) ;
#169 = CARTESIAN_POINT ( 'NONE',  ( 3.859834160429526800, -25.40244660383041600, -3.325012235116251000 ) ) ;
#170 = CARTESIAN_POINT ( 'NONE',  ( 3.859834160429526800, -25.40244660383041600, 3.325012235116245200 ) ) ;
#171 = CARTESIAN_POINT ( 'NONE',  ( 3.854064602062025700, -24.74132069876576500, 6.648716605583164400 ) ) ;
#172 = CARTESIAN_POINT ( 'NONE',  ( 3.831855996022635000, -22.19646651123614900, 12.79253809939832600 ) ) ;
#173 = CARTESIAN_POINT ( 'NONE',  ( 3.815425683910375300, -20.31373922516897000, 15.61023860412052300 ) ) ;
#174 = CARTESIAN_POINT ( 'NONE',  ( 3.774389530855457100, -15.61146184015975400, 20.31251598912973900 ) ) ;
#175 = CARTESIAN_POINT ( 'NONE',  ( 3.749799831126448900, -12.79376134112302100, 22.19524326990830700 ) ) ;
#176 = CARTESIAN_POINT ( 'NONE',  ( 3.696183513428694200, -6.649939871175613200, 24.74009744754396300 ) ) ;
#177 = CARTESIAN_POINT ( 'NONE',  ( 3.667177984969319100, -3.326235518750723800, 25.40122334849656800 ) ) ;
#178 = CARTESIAN_POINT ( 'NONE',  ( 3.609144100931377200, 3.323788914920294600, 25.40122334849656800 ) ) ;
#179 = CARTESIAN_POINT ( 'NONE',  ( 3.580138572472002100, 6.647493267348068000, 24.74009744754396300 ) ) ;
#180 = CARTESIAN_POINT ( 'NONE',  ( 3.526522254774247400, 12.79131473728970600, 22.19524326990830700 ) ) ;
#181 = CARTESIAN_POINT ( 'NONE',  ( 3.501932555045239100, 15.60901523630625200, 20.31251598914705500 ) ) ;
#182 = CARTESIAN_POINT ( 'NONE',  ( 3.460896401990321000, 20.31129262136161300, 15.61023860410323200 ) ) ;
#183 = CARTESIAN_POINT ( 'NONE',  ( 3.444466089878782400, 22.19401990739995200, 12.79253809937815600 ) ) ;
#184 = CARTESIAN_POINT ( 'NONE',  ( 3.422257483837949400, 24.73887409494110700, 6.648716605603366900 ) ) ;
#185 = CARTESIAN_POINT ( 'NONE',  ( 3.416487925471169500, 25.39999999999999900, 3.325012367090649100 ) ) ;
#186 = CARTESIAN_POINT ( 'NONE',  ( 3.416487925471169500, 25.39999999999999900, 0.0000000000000000000 ) ) ;
#187 = CARTESIAN_POINT ( 'NONE',  ( 3.463628377550283900, 25.35285954792088200, 0.0000000000000000000 ) ) ;
#188 = CARTESIAN_POINT ( 'NONE',  ( 3.463628377550283900, 25.35285954792088200, -3.318787845715411900 ) ) ;
#189 = CARTESIAN_POINT ( 'NONE',  ( 3.469387135052495600, 24.69297129925851000, -6.636270016957722900 ) ) ;
#190 = CARTESIAN_POINT ( 'NONE',  ( 3.491554166623894100, 22.15288107423899100, -12.76859028784789100 ) ) ;
#191 = CARTESIAN_POINT ( 'NONE',  ( 3.507953721565551000, 20.27367821071900900, -15.58101616506582600 ) ) ;
#192 = CARTESIAN_POINT ( 'NONE',  ( 3.548913058116554400, 15.58020312508587300, -20.27449125067589000 ) ) ;
#193 = CARTESIAN_POINT ( 'NONE',  ( 3.573456728791595300, 12.76777703320121100, -22.15369431436386800 ) ) ;
#194 = CARTESIAN_POINT ( 'NONE',  ( 3.626972684945485500, 6.635455857222932100, -24.69378491428936000 ) ) ;
#195 = CARTESIAN_POINT ( 'NONE',  ( 3.655923920354053000, 3.317972872108190300, -25.35367331855294600 ) ) ;
#196 = CARTESIAN_POINT ( 'NONE',  ( 3.713849175656369200, -3.319603941328466600, -25.35367331855294600 ) ) ;
#197 = CARTESIAN_POINT ( 'NONE',  ( 3.742800411065658700, -6.637086926446079900, -24.69378491428936700 ) ) ;
#198 = CARTESIAN_POINT ( 'NONE',  ( 3.796316367218106200, -12.76940810241859300, -22.15369431436387200 ) ) ;
#199 = CARTESIAN_POINT ( 'NONE',  ( 3.820860037893868200, -15.58183419430038400, -20.27449125068166300 ) ) ;
#200 = CARTESIAN_POINT ( 'NONE',  ( 3.861819374444872600, -20.27530927994505200, -15.58101616506006500 ) ) ;
#201 = CARTESIAN_POINT ( 'NONE',  ( 3.878218929386503700, -22.15451214345068500, -12.76859028784890700 ) ) ;
#202 = CARTESIAN_POINT ( 'NONE',  ( 3.900385960957951400, -24.69460236848737000, -6.636270016956695300 ) ) ;
#203 = CARTESIAN_POINT ( 'NONE',  ( 3.906144718460138300, -25.35449061714116000, -3.318787713988074800 ) ) ;
#204 = CARTESIAN_POINT ( 'NONE',  ( 3.906144718460138300, -25.35449061714116000, 3.318787713988069000 ) ) ;
#205 = CARTESIAN_POINT ( 'NONE',  ( 3.900385960956411300, -24.69460236847611900, 6.636270016957906700 ) ) ;
#206 = CARTESIAN_POINT ( 'NONE',  ( 3.878218929388044700, -22.15451214346193600, 12.76859028784770800 ) ) ;
#207 = CARTESIAN_POINT ( 'NONE',  ( 3.861819374445592400, -20.27530927992776100, 15.58101616507158700 ) ) ;
#208 = CARTESIAN_POINT ( 'NONE',  ( 3.820860037893146500, -15.58183419431769900, 20.27449125067011300 ) ) ;
#209 = CARTESIAN_POINT ( 'NONE',  ( 3.796316367218106200, -12.76940810243015500, 22.15369431436963100 ) ) ;
#210 = CARTESIAN_POINT ( 'NONE',  ( 3.742800411065658700, -6.637086926434570000, 24.69378491428359000 ) ) ;
#211 = CARTESIAN_POINT ( 'NONE',  ( 3.713849175656561500, -3.319603941322451400, 25.35367331855294600 ) ) ;
#212 = CARTESIAN_POINT ( 'NONE',  ( 3.655923920353861200, 3.317972872102161700, 25.35367331855294600 ) ) ;
#213 = CARTESIAN_POINT ( 'NONE',  ( 3.626972684944764300, 6.635455857217163400, 24.69378491428936000 ) ) ;
#214 = CARTESIAN_POINT ( 'NONE',  ( 3.573456728792316500, 12.76777703320698300, 22.15369431436386800 ) ) ;
#215 = CARTESIAN_POINT ( 'NONE',  ( 3.548913058116554400, 15.58020312508587100, 20.27449125068166300 ) ) ;
#216 = CARTESIAN_POINT ( 'NONE',  ( 3.507953721565551000, 20.27367821071900500, 15.58101616506006500 ) ) ;
#217 = CARTESIAN_POINT ( 'NONE',  ( 3.491554166623820300, 22.15288107424164800, 12.76859028782753600 ) ) ;
#218 = CARTESIAN_POINT ( 'NONE',  ( 3.469387135052569300, 24.69297129925583100, 6.636270016978112800 ) ) ;
#219 = CARTESIAN_POINT ( 'NONE',  ( 3.463628377550283900, 25.35285954792088200, 3.318787845715411900 ) ) ;
#220 = CARTESIAN_POINT ( 'NONE',  ( 3.463628377550283900, 25.35285954792088200, 0.0000000000000000000 ) ) ;
#221 = CARTESIAN_POINT ( 'NONE',  ( 3.510768829629364000, 25.30571909584180500, 0.0000000000000000000 ) ) ;
#222 = CARTESIAN_POINT ( 'NONE',  ( 3.510768829629364000, 25.30571909584180500, -3.312563324340180000 ) ) ;
#223 = CARTESIAN_POINT ( 'NONE',  ( 3.516516786268522900, 24.64706850357324400, -6.623823428335403400 ) ) ;
#224 = CARTESIAN_POINT ( 'NONE',  ( 3.538642243367454900, 22.11174224108072700, -12.74464247629436300 ) ) ;
#225 = CARTESIAN_POINT ( 'NONE',  ( 3.555011041139304300, 20.23606380007064900, -15.55179372601691400 ) ) ;
#226 = CARTESIAN_POINT ( 'NONE',  ( 3.595893561189277900, 15.55139101387128000, -20.23646651221628500 ) ) ;
#227 = CARTESIAN_POINT ( 'NONE',  ( 3.620391202809630100, 12.74423932911561700, -22.11214535883676300 ) ) ;
#228 = CARTESIAN_POINT ( 'NONE',  ( 3.673806797418213100, 6.623418447094927300, -24.64747238101748300 ) ) ;
#229 = CARTESIAN_POINT ( 'NONE',  ( 3.702703739776501900, 3.312156829290064900, -25.30612328860936000 ) ) ;
#230 = CARTESIAN_POINT ( 'NONE',  ( 3.760520366343577800, -3.312972363900203100, -25.30612328860936000 ) ) ;
#231 = CARTESIAN_POINT ( 'NONE',  ( 3.789417308701867900, -6.624233981707934800, -24.64747238102326000 ) ) ;
#232 = CARTESIAN_POINT ( 'NONE',  ( 3.842832903310450900, -12.74505486372286000, -22.11214535883100000 ) ) ;
#233 = CARTESIAN_POINT ( 'NONE',  ( 3.867330544932245000, -15.55220654847564700, -20.23646651222205900 ) ) ;
#234 = CARTESIAN_POINT ( 'NONE',  ( 3.908213064979335200, -20.23687933468655600, -15.55179372601115000 ) ) ;
#235 = CARTESIAN_POINT ( 'NONE',  ( 3.924581862752600300, -22.11255777568229100, -12.74464247629825100 ) ) ;
#236 = CARTESIAN_POINT ( 'NONE',  ( 3.946707319851581600, -24.64788403819195400, -6.623823428331500700 ) ) ;
#237 = CARTESIAN_POINT ( 'NONE',  ( 3.952455276490716200, -25.30653463045193900, -3.312563192859901300 ) ) ;
#238 = CARTESIAN_POINT ( 'NONE',  ( 3.952455276490716200, -25.30653463045193900, 3.312563192859895100 ) ) ;
#239 = CARTESIAN_POINT ( 'NONE',  ( 3.946707319850042000, -24.64788403818649300, 6.623823428335549900 ) ) ;
#240 = CARTESIAN_POINT ( 'NONE',  ( 3.924581862754139600, -22.11255777568775100, 12.74464247629421500 ) ) ;
#241 = CARTESIAN_POINT ( 'NONE',  ( 3.908213064980055100, -20.23687933466926100, 15.55179372602267500 ) ) ;
#242 = CARTESIAN_POINT ( 'NONE',  ( 3.867330544931523000, -15.55220654849296100, 20.23646651221050900 ) ) ;
#243 = CARTESIAN_POINT ( 'NONE',  ( 3.842832903309730200, -12.74505486373730400, 22.11214535883675900 ) ) ;
#244 = CARTESIAN_POINT ( 'NONE',  ( 3.789417308702588600, -6.624233981693540900, 24.64747238101747900 ) ) ;
#245 = CARTESIAN_POINT ( 'NONE',  ( 3.760520366343048900, -3.312972363894190600, 25.30612328860936000 ) ) ;
#246 = CARTESIAN_POINT ( 'NONE',  ( 3.702703739777030800, 3.312156829284040900, 25.30612328860936000 ) ) ;
#247 = CARTESIAN_POINT ( 'NONE',  ( 3.673806797418213100, 6.623418447089159500, 24.64747238101747900 ) ) ;
#248 = CARTESIAN_POINT ( 'NONE',  ( 3.620391202809630100, 12.74423932912138800, 22.11214535883675900 ) ) ;
#249 = CARTESIAN_POINT ( 'NONE',  ( 3.595893561189277900, 15.55139101387127600, 20.23646651222205900 ) ) ;
#250 = CARTESIAN_POINT ( 'NONE',  ( 3.555011041139304300, 20.23606380007064600, 15.55179372601115300 ) ) ;
#251 = CARTESIAN_POINT ( 'NONE',  ( 3.538642243368102400, 22.11174224108337700, 12.74464247627404300 ) ) ;
#252 = CARTESIAN_POINT ( 'NONE',  ( 3.516516786267875400, 24.64706850357058000, 6.623823428355752400 ) ) ;
#253 = CARTESIAN_POINT ( 'NONE',  ( 3.510768829629364000, 25.30571909584180500, 3.312563324340180000 ) ) ;
#254 = CARTESIAN_POINT ( 'NONE',  ( 3.510768829629364000, 25.30571909584180500, 0.0000000000000000000 ) ) ;
#255 = CARTESIAN_POINT ( 'NONE',  ( 3.557909281708478300, 25.25857864376268900, 0.0000000000000000000 ) ) ;
#256 = CARTESIAN_POINT ( 'NONE',  ( 3.557909281708478300, 25.25857864376268900, -3.306338802964943600 ) ) ;
#257 = CARTESIAN_POINT ( 'NONE',  ( 3.563646437483863700, 24.60116570789371300, -6.611376839710186600 ) ) ;
#258 = CARTESIAN_POINT ( 'NONE',  ( 3.585730320111771600, 22.07060340791667100, -12.72069466474370200 ) ) ;
#259 = CARTESIAN_POINT ( 'NONE',  ( 3.602068360714533800, 20.19844938943380400, -15.52257128697374500 ) ) ;
#260 = CARTESIAN_POINT ( 'NONE',  ( 3.642874064260593200, 15.52257890264512800, -20.19844177375089000 ) ) ;
#261 = CARTESIAN_POINT ( 'NONE',  ( 3.667325676827697800, 12.72070162503000800, -22.07059640329808300 ) ) ;
#262 = CARTESIAN_POINT ( 'NONE',  ( 3.720640909890975000, 6.611381036966908400, -24.60115984775711000 ) ) ;
#263 = CARTESIAN_POINT ( 'NONE',  ( 3.749483559199706700, 3.306340786471917400, -25.25857325866573400 ) ) ;
#264 = CARTESIAN_POINT ( 'NONE',  ( 3.807191557030100300, -3.306340786471915200, -25.25857325866573400 ) ) ;
#265 = CARTESIAN_POINT ( 'NONE',  ( 3.836034206338831100, -6.611381036969779000, -24.60115984776288300 ) ) ;
#266 = CARTESIAN_POINT ( 'NONE',  ( 3.889349439402107800, -12.72070162502711300, -22.07059640329232400 ) ) ;
#267 = CARTESIAN_POINT ( 'NONE',  ( 3.913801051969934000, -15.52257890263935600, -20.19844177375666300 ) ) ;
#268 = CARTESIAN_POINT ( 'NONE',  ( 3.954606755514552300, -20.19844938943957000, -15.52257128696798600 ) ) ;
#269 = CARTESIAN_POINT ( 'NONE',  ( 3.970944796118009500, -22.07060340791386800, -12.72069466474757800 ) ) ;
#270 = CARTESIAN_POINT ( 'NONE',  ( 3.993028678745967200, -24.60116570789651600, -6.611376839706300000 ) ) ;
#271 = CARTESIAN_POINT ( 'NONE',  ( 3.998765834521327700, -25.25857864376268600, -3.306338671731726500 ) ) ;
#272 = CARTESIAN_POINT ( 'NONE',  ( 3.998765834521327700, -25.25857864376268600, 3.306338671731720200 ) ) ;
#273 = CARTESIAN_POINT ( 'NONE',  ( 3.993028678744428000, -24.60116570789107400, 6.611376839710295000 ) ) ;
#274 = CARTESIAN_POINT ( 'NONE',  ( 3.970944796119549200, -22.07060340791931100, 12.72069466474359300 ) ) ;
#275 = CARTESIAN_POINT ( 'NONE',  ( 3.954606755515992900, -20.19844938942227600, 15.52257128697951100 ) ) ;
#276 = CARTESIAN_POINT ( 'NONE',  ( 3.913801051968491600, -15.52257890265667100, 20.19844177374511700 ) ) ;
#277 = CARTESIAN_POINT ( 'NONE',  ( 3.889349439401387000, -12.72070162503867500, 22.07059640330384900 ) ) ;
#278 = CARTESIAN_POINT ( 'NONE',  ( 3.836034206339552700, -6.611381036958269100, 24.60115984775133700 ) ) ;
#279 = CARTESIAN_POINT ( 'NONE',  ( 3.807191557030291700, -3.306340786465920000, 25.25857325866573400 ) ) ;
#280 = CARTESIAN_POINT ( 'NONE',  ( 3.749483559199514800, 3.306340786465909300, 25.25857325866573400 ) ) ;
#281 = CARTESIAN_POINT ( 'NONE',  ( 3.720640909890253800, 6.611381036961140500, 24.60115984775711000 ) ) ;
#282 = CARTESIAN_POINT ( 'NONE',  ( 3.667325676828419000, 12.72070162503578000, 22.07059640329808300 ) ) ;
#283 = CARTESIAN_POINT ( 'NONE',  ( 3.642874064259872500, 15.52257890264512400, 20.19844177375666700 ) ) ;
#284 = CARTESIAN_POINT ( 'NONE',  ( 3.602068360715254600, 20.19844938943380100, 15.52257128696799000 ) ) ;
#285 = CARTESIAN_POINT ( 'NONE',  ( 3.585730320110977600, 22.07060340791930400, 12.72069466472342100 ) ) ;
#286 = CARTESIAN_POINT ( 'NONE',  ( 3.563646437484657700, 24.60116570789106700, 6.611376839730501100 ) ) ;
#287 = CARTESIAN_POINT ( 'NONE',  ( 3.557909281708478300, 25.25857864376268900, 3.306338802964943600 ) ) ;
#288 = CARTESIAN_POINT ( 'NONE',  ( 3.557909281708478300, 25.25857864376268900, 0.0000000000000000000 ) ) ;
#289 = CARTESIAN_POINT ( 'NONE',  ( -0.07692307692306991900, -3.223256860822269600, 25.19465449672136600 ) ) ;
#290 = CARTESIAN_POINT ( 'NONE',  ( -0.05768065880424002500, -3.181832750166663400, 25.19995405535954800 ) ) ;
#291 = CARTESIAN_POINT ( 'NONE',  ( -0.03953282347673250200, -3.146026270950177400, 25.20443301123755800 ) ) ;
#292 = CARTESIAN_POINT ( 'NONE',  ( -0.01395294467245450500, -3.100757072138411500, 25.21002849578815500 ) ) ;
#293 = CARTESIAN_POINT ( 'NONE',  ( -0.002723783734955595500, -3.082008883232629300, 25.21232853231556300 ) ) ;
#294 = CARTESIAN_POINT ( 'NONE',  ( 0.01346028689317690100, -3.056704970682896100, 25.21540455587886200 ) ) ;
#295 = CARTESIAN_POINT ( 'NONE',  ( 0.02150735363355308800, -3.044535562120543700, 25.21687747478111100 ) ) ;
#296 = CARTESIAN_POINT ( 'NONE',  ( 0.02948696751339783100, -3.033090237642560800, 25.21825485157764400 ) ) ;
#297 = CARTESIAN_POINT ( 'NONE',  ( 0.03479172057539740200, -3.025620955562738700, 25.21915208689738800 ) ) ;
#298 = CARTESIAN_POINT ( 'NONE',  ( 0.03677055578335140100, -3.022869283491112400, 25.21948218378499000 ) ) ;
#299 = CARTESIAN_POINT ( 'NONE',  ( 0.06650145788815538300, -2.982583525150369000, 25.22430368133427700 ) ) ;
#300 = CARTESIAN_POINT ( 'NONE',  ( 0.1068094098940039300, -2.934499597068110700, 25.22994372277858200 ) ) ;
#301 = CARTESIAN_POINT ( 'NONE',  ( 0.1550021649998523100, -2.888268788356275000, 25.23525635453103900 ) ) ;
#302 = CARTESIAN_POINT ( 'NONE',  ( 0.1759062338521499600, -2.870571080779275300, 25.23727113152071100 ) ) ;
#303 = CARTESIAN_POINT ( 'NONE',  ( 0.1898978421869686200, -2.859242835300296500, 25.23855706859009400 ) ) ;
#304 = CARTESIAN_POINT ( 'NONE',  ( 0.1956380741806235900, -2.854759109262203800, 25.23906473300891300 ) ) ;
#305 = CARTESIAN_POINT ( 'NONE',  ( 0.2373116741360963800, -2.824063485816032500, 25.24252911518487600 ) ) ;
#306 = CARTESIAN_POINT ( 'NONE',  ( 0.2710982467100379000, -2.802928359552821400, 25.24487855688365900 ) ) ;
#307 = CARTESIAN_POINT ( 'NONE',  ( 0.3210769417614846600, -2.777072464879025900, 25.24773145670632600 ) ) ;
#308 = CARTESIAN_POINT ( 'NONE',  ( 0.3472965550027520800, -2.764996850583093700, 25.24905719014874700 ) ) ;
#309 = CARTESIAN_POINT ( 'NONE',  ( 0.3753615668173331300, -2.754200147092408900, 25.25023551654310700 ) ) ;
#310 = CARTESIAN_POINT ( 'NONE',  ( 0.3944816632655685500, -2.747286586256688000, 25.25098866389419100 ) ) ;
#311 = CARTESIAN_POINT ( 'NONE',  ( 0.4054397630606726400, -2.743592309295602900, 25.25139024158017200 ) ) ;
#312 = CARTESIAN_POINT ( 'NONE',  ( 0.4317711515933823600, -2.735213602616420200, 25.25229965996853900 ) ) ;
#313 = CARTESIAN_POINT ( 'NONE',  ( 0.4594070564356893500, -2.727740117302790900, 25.25310804630785100 ) ) ;
#314 = CARTESIAN_POINT ( 'NONE',  ( 0.4939318489601732800, -2.720605494675402400, 25.25387716523445600 ) ) ;
#315 = CARTESIAN_POINT ( 'NONE',  ( 0.5092173822296219800, -2.717887348310121400, 25.25416973738401100 ) ) ;
#316 = CARTESIAN_POINT ( 'NONE',  ( 0.5195164474350538700, -2.716150708710295200, 25.25435657644595400 ) ) ;
#317 = CARTESIAN_POINT ( 'NONE',  ( 0.5260985478134592200, -2.715112304994362200, 25.25446822876108800 ) ) ;
#318 = CARTESIAN_POINT ( 'NONE',  ( 0.5610188121049911600, -2.709846876082539600, 25.25503419255738500 ) ) ;
#319 = CARTESIAN_POINT ( 'NONE',  ( 0.6005051197119315500, -2.707134769440215500, 25.25532462470874500 ) ) ;
#320 = CARTESIAN_POINT ( 'NONE',  ( 0.6484375000000066600, -2.706391141727959600, 25.25540431250262700 ) ) ;
#321 = CARTESIAN_POINT ( 'NONE',  ( 0.5474759615384681100, -1.268102417704709300, 25.36832505819435100 ) ) ;
#322 = CARTESIAN_POINT ( 'NONE',  ( -0.1350160256410190000, -1.070832703426586100, 25.37818610345619400 ) ) ;
#323 = CARTESIAN_POINT ( 'NONE',  ( -0.8175080128205063400, -0.8734479623979946000, 25.38574602483385300 ) ) ;
#324 = CARTESIAN_POINT ( 'NONE',  ( -1.499999999999992700, -0.6760019012464095800, 25.39100276534015100 ) ) ;
#325 = FILL_AREA_STYLE_COLOUR ( '', #1635 ) ;
#326 = FILL_AREA_STYLE ('',( #325 ) ) ;
#327 = SURFACE_SIDE_STYLE ('',( #2885 ) ) ;
#328 = SURFACE_STYLE_USAGE ( .BOTH. , #327 ) ;
#329 =( LENGTH_UNIT ( ) NAMED_UNIT ( * ) SI_UNIT ( .MILLI., .METRE. ) );
#330 =( NAMED_UNIT ( * ) PLANE_ANGLE_UNIT ( ) SI_UNIT ( $, .RADIAN. ) );
#331 =( NAMED_UNIT ( * ) SI_UNIT ( $, .STERADIAN. ) SOLID_ANGLE_UNIT ( ) );
#332 = CARTESIAN_POINT ( 'NONE',  ( -4.000000000000000000, -4.592425496802558200E-016, 0.0000000000000000000 ) ) ;
#333 = DIRECTION ( 'NONE',  ( -1.000000000000000000, -0.0000000000000000000, -0.0000000000000000000 ) ) ;
#334 = DIRECTION ( 'NONE',  ( 0.0000000000000000000, 0.0000000000000000000, 1.000000000000000000 ) ) ;
#335 = CARTESIAN_POINT ( 'NONE',  ( 2.370192307692314600, -4.592425496802558200E-016, 0.0000000000000000000 ) ) ;
#336 = DIRECTION ( 'NONE',  ( -1.000000000000000000, -0.0000000000000000000, -0.0000000000000000000 ) ) ;
#337 = DIRECTION ( 'NONE',  ( 0.0000000000000000000, 0.2773021626833038200, 0.9607827593015824100 ) ) ;
#338 = CARTESIAN_POINT ( 'NONE',  ( 0.3846153846153912400, -4.592425496802558200E-016, 0.0000000000000000000 ) ) ;
#339 = DIRECTION ( 'NONE',  ( -1.000000000000000000, -0.0000000000000000000, -0.0000000000000000000 ) ) ;
#340 = DIRECTION ( 'NONE',  ( 0.0000000000000000000, 0.1992925915485132000, 0.9799400302844442100 ) ) ;
#341 = CARTESIAN_POINT ( 'NONE',  ( -0.7926682692307625000, -0.3287167849830087700, 25.39787284941930800 ) ) ;
#342 = CARTESIAN_POINT ( 'NONE',  ( -0.9076522435897370600, -0.3601644716545965300, 25.39746583177183900 ) ) ;
#343 = CARTESIAN_POINT ( 'NONE',  ( -1.022636217948711600, -0.3916114023703648500, 25.39700040619352400 ) ) ;
#344 = CARTESIAN_POINT ( 'NONE',  ( -1.137620192307686100, -0.4230573601738482100, 25.39647657589538100 ) ) ;
#345 = CARTESIAN_POINT ( 'NONE',  ( 3.557909281708478300, 25.25857864376270000, 6.938893903907228400E-015 ) ) ;
#346 = CARTESIAN_POINT ( 'NONE',  ( 3.557909281708478300, 25.25857864376268900, -3.306338802964943600 ) ) ;
#347 = CARTESIAN_POINT ( 'NONE',  ( 3.563646437483863700, 24.60116570789371300, -6.611376839710186600 ) ) ;
#348 = CARTESIAN_POINT ( 'NONE',  ( 3.585730320111771600, 22.07060340791667100, -12.72069466474370200 ) ) ;
#349 = CARTESIAN_POINT ( 'NONE',  ( 3.602068360714533800, 20.19844938943380400, -15.52257128697374500 ) ) ;
#350 = CARTESIAN_POINT ( 'NONE',  ( 3.642874064260593200, 15.52257890264512800, -20.19844177375089000 ) ) ;
#351 = CARTESIAN_POINT ( 'NONE',  ( 3.667325676827697800, 12.72070162503000800, -22.07059640329808300 ) ) ;
#352 = CARTESIAN_POINT ( 'NONE',  ( 3.720640909890975000, 6.611381036966908400, -24.60115984775711000 ) ) ;
#353 = CARTESIAN_POINT ( 'NONE',  ( 3.749483559199706700, 3.306340786471917400, -25.25857325866573400 ) ) ;
#354 = CARTESIAN_POINT ( 'NONE',  ( 3.807191557030100300, -3.306340786471915200, -25.25857325866573400 ) ) ;
#355 = CARTESIAN_POINT ( 'NONE',  ( 3.836034206338831100, -6.611381036969779000, -24.60115984776288300 ) ) ;
#356 = CARTESIAN_POINT ( 'NONE',  ( 3.889349439402107800, -12.72070162502711300, -22.07059640329232400 ) ) ;
#357 = CARTESIAN_POINT ( 'NONE',  ( 3.913801051969934000, -15.52257890263935600, -20.19844177375666300 ) ) ;
#358 = CARTESIAN_POINT ( 'NONE',  ( 3.954606755514552300, -20.19844938943957000, -15.52257128696798600 ) ) ;
#359 = CARTESIAN_POINT ( 'NONE',  ( 3.970944796118009500, -22.07060340791386800, -12.72069466474757800 ) ) ;
#360 = CARTESIAN_POINT ( 'NONE',  ( 3.993028678745969000, -24.60116570789669100, -6.611376839705876300 ) ) ;
#361 = CARTESIAN_POINT ( 'NONE',  ( 3.998765834521329100, -25.25857864376287400, -3.306338671730810800 ) ) ;
#362 = CARTESIAN_POINT ( 'NONE',  ( 3.998765834521328200, -25.25857864376269300, 3.686287386450715100E-015 ) ) ;
#363 = CARTESIAN_POINT ( 'NONE',  ( -4.000000000000000000, -4.592425496802558200E-016, 25.39999999999999900 ) ) ;
#364 = DIRECTION ( 'NONE',  ( -1.000000000000000000, -0.0000000000000000000, -0.0000000000000000000 ) ) ;
#365 = FILL_AREA_STYLE_COLOUR ( '', #1622 ) ;
#366 = FILL_AREA_STYLE ('',( #365 ) ) ;
#367 = SURFACE_SIDE_STYLE ('',( #2890 ) ) ;
#368 = SURFACE_STYLE_USAGE ( .BOTH. , #367 ) ;
#369 =( LENGTH_UNIT ( ) NAMED_UNIT ( * ) SI_UNIT ( .MILLI., .METRE. ) );
#370 =( NAMED_UNIT ( * ) PLANE_ANGLE_UNIT ( ) SI_UNIT ( $, .RADIAN. ) );
#371 =( NAMED_UNIT ( * ) SI_UNIT ( $, .STERADIAN. ) SOLID_ANGLE_UNIT ( ) );
#372 = CARTESIAN_POINT ( 'NONE',  ( -4.000000000000000000, -4.592425496802558200E-016, 0.0000000000000000000 ) ) ;
#373 = DIRECTION ( 'NONE',  ( -1.000000000000000000, -0.0000000000000000000, -0.0000000000000000000 ) ) ;
#374 = DIRECTION ( 'NONE',  ( 0.0000000000000000000, 0.0000000000000000000, 1.000000000000000000 ) ) ;
#375 = CARTESIAN_POINT ( 'NONE',  ( -0.6538461538461471900, -3.202988315246186900, 25.19723925060832000 ) ) ;
#376 = CARTESIAN_POINT ( 'NONE',  ( -0.6791234297133024200, -3.206126488440176100, 25.19684033658556600 ) ) ;
#377 = CARTESIAN_POINT ( 'NONE',  ( -0.7129642595790488500, -3.211042792144849700, 25.19621450075279200 ) ) ;
#378 = CARTESIAN_POINT ( 'NONE',  ( -0.7453138308695265200, -3.217144251396377300, 25.19543586681583100 ) ) ;
#379 = CARTESIAN_POINT ( 'NONE',  ( -0.7576497763755394300, -3.219837535730493800, 25.19509172594167300 ) ) ;
#380 = CARTESIAN_POINT ( 'NONE',  ( -0.7655341497182991400, -3.221650474167844000, 25.19485997296687100 ) ) ;
#381 = CARTESIAN_POINT ( 'NONE',  ( -0.7679115215203831100, -3.222207898913163500, 25.19478870571575900 ) ) ;
#382 = CARTESIAN_POINT ( 'NONE',  ( -0.7928996017643956700, -3.228616082152665300, 25.19396882005216300 ) ) ;
#383 = CARTESIAN_POINT ( 'NONE',  ( -0.8123697252738673000, -3.234547914506359100, 25.19320832934659600 ) ) ;
#384 = CARTESIAN_POINT ( 'NONE',  ( -0.8502692909213340800, -3.248021709814401500, 25.19147477043912500 ) ) ;
#385 = CARTESIAN_POINT ( 'NONE',  ( -0.8674032187361370200, -3.254959883357183300, 25.19057993804147700 ) ) ;
#386 = CARTESIAN_POINT ( 'NONE',  ( -0.9634262976133743900, -3.299712557377085400, 25.18478112576410400 ) ) ;
#387 = CARTESIAN_POINT ( 'NONE',  ( -1.026474959782330800, -3.350774918191653300, 25.17809089724492100 ) ) ;
#388 = CARTESIAN_POINT ( 'NONE',  ( -1.084375119140772700, -3.428660972872549000, 25.16752929956564700 ) ) ;
#389 = CARTESIAN_POINT ( 'NONE',  ( -1.100469520013655800, -3.453360453794615200, 25.16415795323920400 ) ) ;
#390 = CARTESIAN_POINT ( 'NONE',  ( -1.114650450484563600, -3.480058746074985000, 25.16047050284038600 ) ) ;
#391 = CARTESIAN_POINT ( 'NONE',  ( -1.123679188486951700, -3.498301577280738900, 25.15794051338124100 ) ) ;
#392 = CARTESIAN_POINT ( 'NONE',  ( -1.128636295246208100, -3.509177951979217900, 25.15642533987211100 ) ) ;
#393 = CARTESIAN_POINT ( 'NONE',  ( -1.138937718573631600, -3.533274866033908600, 25.15305611328218700 ) ) ;
#394 = CARTESIAN_POINT ( 'NONE',  ( -1.148586445074888800, -3.559594812955935200, 25.14935272913637100 ) ) ;
#395 = CARTESIAN_POINT ( 'NONE',  ( -1.157256126336896300, -3.589246265238180000, 25.14512713315075500 ) ) ;
#396 = CARTESIAN_POINT ( 'NONE',  ( -1.162818348236178900, -3.609753834193774500, 25.14219132357726100 ) ) ;
#397 = CARTESIAN_POINT ( 'NONE',  ( -1.165820733527730400, -3.621793006155559400, 25.14045960349027500 ) ) ;
#398 = CARTESIAN_POINT ( 'NONE',  ( -1.172521198111677700, -3.650527291224518100, 25.13630889992964500 ) ) ;
#399 = CARTESIAN_POINT ( 'NONE',  ( -1.178226546326425000, -3.679656871876808600, 25.13206757293189500 ) ) ;
#400 = CARTESIAN_POINT ( 'NONE',  ( -1.183141332264195000, -3.714332303778949700, 25.12695591873695400 ) ) ;
#401 = CARTESIAN_POINT ( 'NONE',  ( -1.184874500456218400, -3.729341162952533000, 25.12472965508641200 ) ) ;
#402 = CARTESIAN_POINT ( 'NONE',  ( -1.185947019553466500, -3.739379938376472500, 25.12323751882583200 ) ) ;
#403 = CARTESIAN_POINT ( 'NONE',  ( -1.186587325558671400, -3.746037418592834900, 25.12224543486595600 ) ) ;
#404 = CARTESIAN_POINT ( 'NONE',  ( -1.189357737471720800, -3.776912762933828400, 25.11763722913111300 ) ) ;
#405 = CARTESIAN_POINT ( 'NONE',  ( -1.191161918539427800, -3.816731057526645500, 25.11165764767154900 ) ) ;
#406 = CARTESIAN_POINT ( 'NONE',  ( -1.192307692307685200, -3.868895667156654100, 25.10361819173993700 ) ) ;
#407 = CARTESIAN_POINT ( 'NONE',  ( 0.6688701923076995100, -3.126664721050208300, 25.20682383248908900 ) ) ;
#408 = CARTESIAN_POINT ( 'NONE',  ( 0.6535229532796889000, -3.127373150853288900, 25.20673595856703700 ) ) ;
#409 = CARTESIAN_POINT ( 'NONE',  ( 0.6333970362976257800, -3.128568324107748200, 25.20658766400888600 ) ) ;
#410 = CARTESIAN_POINT ( 'NONE',  ( 0.6176135316554900400, -3.129962283150044700, 25.20641458729558700 ) ) ;
#411 = CARTESIAN_POINT ( 'NONE',  ( 0.6080561757473842400, -3.130935762852454100, 25.20629368807443900 ) ) ;
#412 = CARTESIAN_POINT ( 'NONE',  ( 0.6058527385158121200, -3.131153253245079400, 25.20626668095109200 ) ) ;
#413 = CARTESIAN_POINT ( 'NONE',  ( 0.5763204990330256200, -3.135264499962392600, 25.20575584067639600 ) ) ;
#414 = CARTESIAN_POINT ( 'NONE',  ( 0.5553792983197996000, -3.140112711700252700, 25.20515335761156100 ) ) ;
#415 = CARTESIAN_POINT ( 'NONE',  ( 0.5102721697218862700, -3.155942507622658600, 25.20317619887380500 ) ) ;
#416 = CARTESIAN_POINT ( 'NONE',  ( 0.4890543007935068100, -3.165563877311018600, 25.20197086897897500 ) ) ;
#417 = CARTESIAN_POINT ( 'NONE',  ( 0.4492899536778997600, -3.188218075814926800, 25.19911498134900500 ) ) ;
#418 = CARTESIAN_POINT ( 'NONE',  ( 0.4292721442976380500, -3.202510801643187600, 25.19730360914814300 ) ) ;
#419 = CARTESIAN_POINT ( 'NONE',  ( 0.3977932410504090300, -3.229466083313851800, 25.19386301111754600 ) ) ;
#420 = CARTESIAN_POINT ( 'NONE',  ( 0.3749970497665748900, -3.252726892051642800, 25.19087786789405900 ) ) ;
#421 = CARTESIAN_POINT ( 'NONE',  ( 0.3534203377101208800, -3.280550901526457300, 25.18726033319901300 ) ) ;
#422 = CARTESIAN_POINT ( 'NONE',  ( 0.3393068583896810500, -3.300113816584461900, 25.18470460631679600 ) ) ;
#423 = CARTESIAN_POINT ( 'NONE',  ( 0.3314653273757895400, -3.311866065726152700, 25.18316167086159400 ) ) ;
#424 = CARTESIAN_POINT ( 'NONE',  ( 0.3197344169142775100, -3.330527644977181900, 25.18070043076847900 ) ) ;
#425 = CARTESIAN_POINT ( 'NONE',  ( 0.3111728710216267700, -3.345031711213302100, 25.17877961316919100 ) ) ;
#426 = CARTESIAN_POINT ( 'NONE',  ( 0.3029662805591995000, -3.360297236027846200, 25.17674382688599300 ) ) ;
#427 = CARTESIAN_POINT ( 'NONE',  ( 0.2975740992354095100, -3.370643421914246500, 25.17536077519852400 ) ) ;
#428 = CARTESIAN_POINT ( 'NONE',  ( 0.2939759904568121600, -3.377822798520629700, 25.17439820637175900 ) ) ;
#429 = CARTESIAN_POINT ( 'NONE',  ( 0.2855972201145596200, -3.394925505187643000, 25.17210105241715500 ) ) ;
#430 = CARTESIAN_POINT ( 'NONE',  ( 0.2761045131133132400, -3.415743039222625600, 25.16929667417619900 ) ) ;
#431 = CARTESIAN_POINT ( 'NONE',  ( 0.2638221153846223600, -3.443688677744655400, 25.16547254256858300 ) ) ;
#432 = CARTESIAN_POINT ( 'NONE',  ( -4.000000000000000000, -4.592425496802558200E-016, -25.25857864376268900 ) ) ;
#433 = DIRECTION ( 'NONE',  ( 0.7071067811865487900, 0.0000000000000000000, -0.7071067811865463500 ) ) ;
#434 = CARTESIAN_POINT ( 'NONE',  ( 1.774038461538468300, 6.906522659938105800, 24.44299377629019800 ) ) ;
#435 = DIRECTION ( 'NONE',  ( -1.000000000000000000, 0.0000000000000000000, 0.0000000000000000000 ) ) ;
#436 = CARTESIAN_POINT ( 'NONE',  ( 0.2638221153846223600, -3.443688677744655400, 25.16547254256858300 ) ) ;
#437 = CARTESIAN_POINT ( 'NONE',  ( 0.2578405432399174500, -3.458130644405283900, 25.16349627778796700 ) ) ;
#438 = CARTESIAN_POINT ( 'NONE',  ( 0.2476935699264150900, -3.485001373244643200, 25.15980134053414100 ) ) ;
#439 = CARTESIAN_POINT ( 'NONE',  ( 0.2337998579752190200, -3.525455976253538500, 25.15415353764924300 ) ) ;
#440 = CARTESIAN_POINT ( 'NONE',  ( 0.2263391078949269200, -3.547958220628296000, 25.15098550698943200 ) ) ;
#441 = CARTESIAN_POINT ( 'NONE',  ( 0.2224802593286059300, -3.559777889603097400, 25.14931415533766700 ) ) ;
#442 = CARTESIAN_POINT ( 'NONE',  ( 0.2207989370445761200, -3.564965272042523600, 25.14857899975828200 ) ) ;
#443 = CARTESIAN_POINT ( 'NONE',  ( 0.2196719377349279400, -3.568450593443425900, 25.14808468770744900 ) ) ;
#444 = CARTESIAN_POINT ( 'NONE',  ( 0.2186394001761486100, -3.571654522398120000, 25.14762979046739100 ) ) ;
#445 = CARTESIAN_POINT ( 'NONE',  ( 0.2168775468438669300, -3.577128367205358600, 25.14685228257453900 ) ) ;
#446 = CARTESIAN_POINT ( 'NONE',  ( 0.2128642257200839300, -3.590581135691505800, 25.14494402152148900 ) ) ;
#447 = CARTESIAN_POINT ( 'NONE',  ( 0.2033115847001927800, -3.623203071727048500, 25.14025696339211500 ) ) ;
#448 = CARTESIAN_POINT ( 'NONE',  ( 0.1976520993566924000, -3.642624569245751500, 25.13745611214280000 ) ) ;
#449 = CARTESIAN_POINT ( 'NONE',  ( 0.1895038279972218700, -3.670722711606193600, 25.13336283176651900 ) ) ;
#450 = CARTESIAN_POINT ( 'NONE',  ( 0.1850433077028072500, -3.686131110330453700, 25.13110571444902100 ) ) ;
#451 = CARTESIAN_POINT ( 'NONE',  ( 0.1830488594449119200, -3.693025925739569900, 25.13009281839377400 ) ) ;
#452 = CARTESIAN_POINT ( 'NONE',  ( 0.1817008280056161300, -3.697687175989169600, 25.12940737657368800 ) ) ;
#453 = CARTESIAN_POINT ( 'NONE',  ( 0.1806795949001278600, -3.701219486855376100, 25.12888727830614500 ) ) ;
#454 = CARTESIAN_POINT ( 'NONE',  ( 0.1689844861498709400, -3.741677331109157100, 25.12292624876275200 ) ) ;
#455 = CARTESIAN_POINT ( 'NONE',  ( 0.1569868950895992300, -3.784765298660865100, 25.11648474179549200 ) ) ;
#456 = CARTESIAN_POINT ( 'NONE',  ( 0.1380051891818854800, -3.855167140255769000, 25.10574137241101800 ) ) ;
#457 = CARTESIAN_POINT ( 'NONE',  ( 0.1316748402160162800, -3.878952739543116500, 25.10207616808618500 ) ) ;
#458 = CARTESIAN_POINT ( 'NONE',  ( 0.1227659858789974400, -3.912172075727020200, 25.09691286245988500 ) ) ;
#459 = CARTESIAN_POINT ( 'NONE',  ( 0.1184111081066329700, -3.928391657351581100, 25.09438058979858300 ) ) ;
#460 = CARTESIAN_POINT ( 'NONE',  ( 0.1142055544284859800, -3.944026441465382100, 25.09192464864042200 ) ) ;
#461 = CARTESIAN_POINT ( 'NONE',  ( 0.1114350351084359700, -3.954319711613368600, 25.09030455698719600 ) ) ;
#462 = CARTESIAN_POINT ( 'NONE',  ( 0.1105161970448014100, -3.957732341479833300, 25.08976684883612800 ) ) ;
#463 = CARTESIAN_POINT ( 'NONE',  ( 0.09429903801971059600, -4.017904354346513600, 25.08025870694793000 ) ) ;
#464 = CARTESIAN_POINT ( 'NONE',  ( 0.08072719801070357700, -4.066322220315941900, 25.07243415545591600 ) ) ;
#465 = CARTESIAN_POINT ( 'NONE',  ( 0.06163455668380407600, -4.131366396060317700, 25.06176957880829500 ) ) ;
#466 = CARTESIAN_POINT ( 'NONE',  ( 0.05240451569200689500, -4.161992784200961600, 25.05670492206379400 ) ) ;
#467 = CARTESIAN_POINT ( 'NONE',  ( 0.04218962396030274300, -4.194409936048215200, 25.05128874375681700 ) ) ;
#468 = CARTESIAN_POINT ( 'NONE',  ( 0.03793041809501392800, -4.207593310970466400, 25.04907538574418200 ) ) ;
#469 = CARTESIAN_POINT ( 'NONE',  ( 0.03511730415745890200, -4.216224559098154000, 25.04762403140218700 ) ) ;
#470 = CARTESIAN_POINT ( 'NONE',  ( 0.03415832075892069600, -4.219152694959481300, 25.04713119842015000 ) ) ;
#471 = CARTESIAN_POINT ( 'NONE',  ( 0.01782696053837735900, -4.268352360035745400, 25.03883254313090100 ) ) ;
#472 = CARTESIAN_POINT ( 'NONE',  ( 0.002774823856894643000, -4.310143333634715500, 25.03166987939584200 ) ) ;
#473 = CARTESIAN_POINT ( 'NONE',  ( -0.03021125888910151200, -4.394492676451212900, 25.01699955278701300 ) ) ;
#474 = CARTESIAN_POINT ( 'NONE',  ( -0.04572222402956367000, -4.430503531799947000, 25.01065304581403100 ) ) ;
#475 = CARTESIAN_POINT ( 'NONE',  ( -0.06850961538460831300, -4.475904688462079200, 25.00252541684145800 ) ) ;
#476 = CARTESIAN_POINT ( 'NONE',  ( -0.06850961538460831300, -4.475904688462079200, 25.00252541684145800 ) ) ;
#477 = CARTESIAN_POINT ( 'NONE',  ( -0.07949275880966875900, -4.495899194371810700, 24.99894603830858100 ) ) ;
#478 = CARTESIAN_POINT ( 'NONE',  ( -0.09409060119295133100, -4.522034929668233600, 24.99423075072097300 ) ) ;
#479 = CARTESIAN_POINT ( 'NONE',  ( -0.1078368899867436400, -4.545786071450566000, 24.98991585985843900 ) ) ;
#480 = CARTESIAN_POINT ( 'NONE',  ( -0.1130243293297890100, -4.554521329234830800, 24.98832413915196700 ) ) ;
#481 = CARTESIAN_POINT ( 'NONE',  ( -0.1163262161622936100, -4.560024050069206900, 24.98732055432454400 ) ) ;
#482 = CARTESIAN_POINT ( 'NONE',  ( -0.1170640579891402800, -4.561257201969606700, 24.98709562091372400 ) ) ;
#483 = CARTESIAN_POINT ( 'NONE',  ( -0.1380289811914647000, -4.595352992665284300, 24.98086627941371100 ) ) ;
#484 = CARTESIAN_POINT ( 'NONE',  ( -0.1562618935160684500, -4.621733160883402500, 24.97599581959162400 ) ) ;
#485 = CARTESIAN_POINT ( 'NONE',  ( -0.2218539806590809100, -4.704345088974735100, 24.96061448855994800 ) ) ;
#486 = CARTESIAN_POINT ( 'NONE',  ( -0.2708926752777379700, -4.751087135104207000, 24.95172946950075500 ) ) ;
#487 = CARTESIAN_POINT ( 'NONE',  ( -0.3550569863754461900, -4.810605373379815800, 24.94029839562340800 ) ) ;
#488 = CARTESIAN_POINT ( 'NONE',  ( -0.3992501225676955400, -4.836790630580269500, 24.93523297039771700 ) ) ;
#489 = CARTESIAN_POINT ( 'NONE',  ( -0.4466097297250378700, -4.857621506768429900, 24.93117636897125400 ) ) ;
#490 = CARTESIAN_POINT ( 'NONE',  ( -0.4788864613777310500, -4.870319435101540900, 24.92869893203097200 ) ) ;
#491 = CARTESIAN_POINT ( 'NONE',  ( -0.4942814907384992500, -4.875738219097277300, 24.92763944252617100 ) ) ;
#492 = CARTESIAN_POINT ( 'NONE',  ( -0.5301558759657456500, -4.886729065681850100, 24.92548716467488000 ) ) ;
#493 = CARTESIAN_POINT ( 'NONE',  ( -0.5562476261523866500, -4.893728076207386500, 24.92411382033080300 ) ) ;
#494 = CARTESIAN_POINT ( 'NONE',  ( -0.5811183182383371500, -4.898861513302874100, 24.92310490734609400 ) ) ;
#495 = CARTESIAN_POINT ( 'NONE',  ( -0.5974274333843727600, -4.901869278433213900, 24.92251351541918300 ) ) ;
#496 = CARTESIAN_POINT ( 'NONE',  ( -0.6076493940268320500, -4.903470340954375400, 24.92219852371300300 ) ) ;
#497 = CARTESIAN_POINT ( 'NONE',  ( -0.6360500697102283700, -4.907395017332062200, 24.92142621086478000 ) ) ;
#498 = CARTESIAN_POINT ( 'NONE',  ( -0.6705892651172608000, -4.909703176036294400, 24.92097142947265100 ) ) ;
#499 = CARTESIAN_POINT ( 'NONE',  ( -0.7169471153846088700, -4.911179888739921400, 24.92068041006177000 ) ) ;
#500 = CARTESIAN_POINT ( 'NONE',  ( -4.000000000000000000, -4.592425496802558200E-016, 0.0000000000000000000 ) ) ;
#501 = DIRECTION ( 'NONE',  ( -1.000000000000000000, -0.0000000000000000000, -0.0000000000000000000 ) ) ;
#502 = DIRECTION ( 'NONE',  ( 0.0000000000000000000, 1.000000000000000000, 0.0000000000000000000 ) ) ;
#503 = CARTESIAN_POINT ( 'NONE',  ( 1.532451923076929800, 6.301294483943192600, 24.60596854071440700 ) ) ;
#504 = DIRECTION ( 'NONE',  ( -1.000000000000000000, 0.0000000000000000000, 0.0000000000000000000 ) ) ;
#505 = CARTESIAN_POINT ( 'NONE',  ( -0.4795673076923006600, -4.389510785935412300, 25.01783753764814500 ) ) ;
#506 = CARTESIAN_POINT ( 'NONE',  ( -0.4598922010799264000, -4.366774070884389400, 25.02182681353192400 ) ) ;
#507 = CARTESIAN_POINT ( 'NONE',  ( -0.4453369919867181100, -4.347443070713897100, 25.02519039667880900 ) ) ;
#508 = CARTESIAN_POINT ( 'NONE',  ( -0.4274804288445191400, -4.317309159356638800, 25.03040042694715000 ) ) ;
#509 = CARTESIAN_POINT ( 'NONE',  ( -0.4185986791748086400, -4.301173835165837300, 25.03318086420433600 ) ) ;
#510 = CARTESIAN_POINT ( 'NONE',  ( -0.4097867273571809700, -4.283434911370819400, 25.03621823570524900 ) ) ;
#511 = CARTESIAN_POINT ( 'NONE',  ( -0.4039276034458916300, -4.271252477514960500, 25.03829947219123800 ) ) ;
#512 = CARTESIAN_POINT ( 'NONE',  ( -0.4002525201810510100, -4.263316283546979300, 25.03965171055350300 ) ) ;
#513 = CARTESIAN_POINT ( 'NONE',  ( -0.3894486467022846300, -4.239411125025743100, 25.04371716864575600 ) ) ;
#514 = CARTESIAN_POINT ( 'NONE',  ( -0.3760737203815953700, -4.207010088484728300, 25.04919424009377900 ) ) ;
#515 = CARTESIAN_POINT ( 'NONE',  ( -0.3597516529183268900, -4.162699568614784500, 25.05658103519623500 ) ) ;
#516 = CARTESIAN_POINT ( 'NONE',  ( -0.3526026268435411600, -4.142313442770643000, 25.05995388996568400 ) ) ;
#517 = CARTESIAN_POINT ( 'NONE',  ( -0.3478024196148362700, -4.128412371244211300, 25.06224772278660100 ) ) ;
#518 = CARTESIAN_POINT ( 'NONE',  ( -0.3449204170060602400, -4.119920275401943500, 25.06364483398287400 ) ) ;
#519 = CARTESIAN_POINT ( 'NONE',  ( -0.3350729700650632000, -4.090547683584905900, 25.06846598185842000 ) ) ;
#520 = CARTESIAN_POINT ( 'NONE',  ( -0.3235448476106720400, -4.054416405064799300, 25.07434561438903100 ) ) ;
#521 = CARTESIAN_POINT ( 'NONE',  ( -0.3106007956947926000, -4.010714057792371000, 25.08135682369327700 ) ) ;
#522 = CARTESIAN_POINT ( 'NONE',  ( -0.3042551258070795300, -3.988475347244749600, 25.08489860057725100 ) ) ;
#523 = CARTESIAN_POINT ( 'NONE',  ( -0.3015626292988229400, -3.978861401973121700, 25.08642406825487800 ) ) ;
#524 = CARTESIAN_POINT ( 'NONE',  ( -0.2997736485823770400, -3.972433642414528800, 25.08744270636292500 ) ) ;
#525 = CARTESIAN_POINT ( 'NONE',  ( -0.2984699700600286800, -3.967710923856177600, 25.08818991282780800 ) ) ;
#526 = CARTESIAN_POINT ( 'NONE',  ( -0.2941834792154398000, -3.952116295375112600, 25.09065510786052800 ) ) ;
#527 = CARTESIAN_POINT ( 'NONE',  ( -0.2890444049477782200, -3.932697026484410800, 25.09371501715482800 ) ) ;
#528 = CARTESIAN_POINT ( 'NONE',  ( -0.2793425032709122600, -3.895223027073474700, 25.09954974467533600 ) ) ;
#529 = CARTESIAN_POINT ( 'NONE',  ( -0.2757763209993947500, -3.881340792525714200, 25.10170178466347900 ) ) ;
#530 = CARTESIAN_POINT ( 'NONE',  ( -0.2679795263645682300, -3.850792416565624000, 25.10640628601438000 ) ) ;
#531 = CARTESIAN_POINT ( 'NONE',  ( -0.2634353851464337800, -3.832885350257881900, 25.10914732289286600 ) ) ;
#532 = CARTESIAN_POINT ( 'NONE',  ( -0.2421888923745393900, -3.748793301016925600, 25.12192626057178300 ) ) ;
#533 = CARTESIAN_POINT ( 'NONE',  ( -0.2269930251652703100, -3.690180164995722700, 25.13056137516673900 ) ) ;
#534 = CARTESIAN_POINT ( 'NONE',  ( -0.2069012148637371100, -3.615294043247275500, 25.14140579106800600 ) ) ;
#535 = CARTESIAN_POINT ( 'NONE',  ( -0.1975308073410625100, -3.581109125765075300, 25.14629967222599700 ) ) ;
#536 = CARTESIAN_POINT ( 'NONE',  ( -0.1877807860804381600, -3.546935369003580500, 25.15113115278933300 ) ) ;
#537 = CARTESIAN_POINT ( 'NONE',  ( -0.1832013056624160800, -3.531276345632564400, 25.15333219726565500 ) ) ;
#538 = CARTESIAN_POINT ( 'NONE',  ( -0.1809854480064778700, -3.523803880303173900, 25.15437961968929100 ) ) ;
#539 = CARTESIAN_POINT ( 'NONE',  ( -0.1800516267010204000, -3.520677913475572100, 25.15481719509346800 ) ) ;
#540 = CARTESIAN_POINT ( 'NONE',  ( -0.1794325973808613400, -3.518610940564598400, 25.15510640283486400 ) ) ;
#541 = CARTESIAN_POINT ( 'NONE',  ( -0.1795114598092887000, -3.518870252062441800, 25.15507021548878800 ) ) ;
#542 = CARTESIAN_POINT ( 'NONE',  ( -0.1677370146120421800, -3.479757051571740400, 25.16053800099407700 ) ) ;
#543 = CARTESIAN_POINT ( 'NONE',  ( -0.1583331668971319500, -3.448996703053600800, 25.16475795768463500 ) ) ;
#544 = CARTESIAN_POINT ( 'NONE',  ( -0.1467443699132191200, -3.411948406964468500, 25.16979863645803300 ) ) ;
#545 = CARTESIAN_POINT ( 'NONE',  ( -0.1415792150683754200, -3.395697218277410100, 25.17199604683443700 ) ) ;
#546 = CARTESIAN_POINT ( 'NONE',  ( -0.1366543774651730300, -3.380717283321869300, 25.17400994723624000 ) ) ;
#547 = CARTESIAN_POINT ( 'NONE',  ( -0.1347796991457543600, -3.375150288520664800, 25.17475647719905400 ) ) ;
#548 = CARTESIAN_POINT ( 'NONE',  ( -0.1335823505700676500, -3.371628526138363400, 25.17522838502377500 ) ) ;
#549 = CARTESIAN_POINT ( 'NONE',  ( -0.1335715439521685000, -3.371578068416641200, 25.17523528523634000 ) ) ;
#550 = CARTESIAN_POINT ( 'NONE',  ( -0.1147374734198897700, -3.317399996806580400, 25.18248406931052200 ) ) ;
#551 = CARTESIAN_POINT ( 'NONE',  ( -0.09622394657748983800, -3.269019656475087300, 25.18879987207956000 ) ) ;
#552 = CARTESIAN_POINT ( 'NONE',  ( -0.07692307692306991900, -3.223256860822269600, 25.19465449672136600 ) ) ;
#553 = CARTESIAN_POINT ( 'NONE',  ( -1.499999999999992700, -4.592425496802558200E-016, 0.0000000000000000000 ) ) ;
#554 = DIRECTION ( 'NONE',  ( -1.000000000000000000, -0.0000000000000000000, -0.0000000000000000000 ) ) ;
#555 = DIRECTION ( 'NONE',  ( 0.0000000000000000000, -0.006577405632250981300, 0.9999783686336163300 ) ) ;
#556 = CARTESIAN_POINT ( 'NONE',  ( -1.499999999999992700, -6.477530023586965900, 24.56016296349698900 ) ) ;
#557 = CARTESIAN_POINT ( 'NONE',  ( -1.499733148031465700, -6.410574415648781600, 24.57782192452716100 ) ) ;
#558 = CARTESIAN_POINT ( 'NONE',  ( -1.496986693560006900, -6.348507587207439700, 24.59390027316320000 ) ) ;
#559 = CARTESIAN_POINT ( 'NONE',  ( -1.489147608098417800, -6.262787124343519800, 24.61581538854519700 ) ) ;
#560 = CARTESIAN_POINT ( 'NONE',  ( -1.484298214429023800, -6.221771686626545300, 24.62622193236896000 ) ) ;
#561 = CARTESIAN_POINT ( 'NONE',  ( -1.477013349338847800, -6.177157402186153900, 24.63743111552495800 ) ) ;
#562 = CARTESIAN_POINT ( 'NONE',  ( -1.473542570198225900, -6.158731487013512600, 24.64203858338206000 ) ) ;
#563 = CARTESIAN_POINT ( 'NONE',  ( -1.471151229859593900, -6.146601965919642500, 24.64506691706424500 ) ) ;
#564 = CARTESIAN_POINT ( 'NONE',  ( -1.470326933369510400, -6.142518277252127000, 24.64608557270703300 ) ) ;
#565 = CARTESIAN_POINT ( 'NONE',  ( -1.461910557290148500, -6.103447506159994000, 24.65580998541190300 ) ) ;
#566 = CARTESIAN_POINT ( 'NONE',  ( -1.450626648819991900, -6.059295287691839800, 24.66670474984053700 ) ) ;
#567 = CARTESIAN_POINT ( 'NONE',  ( -1.437566354587451700, -6.019253511157311100, 24.67648198511571100 ) ) ;
#568 = CARTESIAN_POINT ( 'NONE',  ( -1.428464739374117200, -5.993473516514749000, 24.68275615080608900 ) ) ;
#569 = CARTESIAN_POINT ( 'NONE',  ( -1.424385312128267900, -5.982660083156436500, 24.68537976080497700 ) ) ;
#570 = CARTESIAN_POINT ( 'NONE',  ( -1.396313729353538100, -5.914688915114717300, 24.70181338949582200 ) ) ;
#571 = CARTESIAN_POINT ( 'NONE',  ( -1.367253859963419200, -5.863044380570322300, 24.71410350771473900 ) ) ;
#572 = CARTESIAN_POINT ( 'NONE',  ( -1.300626501444718300, -5.771696387499917000, 24.73559626144265500 ) ) ;
#573 = CARTESIAN_POINT ( 'NONE',  ( -1.261528325003463700, -5.730385141848972600, 24.74518382035633500 ) ) ;
#574 = CARTESIAN_POINT ( 'NONE',  ( -1.194204314568724200, -5.674986222358900700, 24.75792581013853400 ) ) ;
#575 = CARTESIAN_POINT ( 'NONE',  ( -1.170316853461668600, -5.657614512155762800, 24.76189969828579500 ) ) ;
#576 = CARTESIAN_POINT ( 'NONE',  ( -1.119649682656603800, -5.625063539841411500, 24.76931445980829600 ) ) ;
#577 = CARTESIAN_POINT ( 'NONE',  ( -1.091271181155965700, -5.609086653014816000, 24.77293548180461600 ) ) ;
#578 = CARTESIAN_POINT ( 'NONE',  ( -1.011390054583403100, -5.569234613061103000, 24.78193631844403200 ) ) ;
#579 = CARTESIAN_POINT ( 'NONE',  ( -0.9581731832143116600, -5.549311321016958200, 24.78639497781946200 ) ) ;
#580 = CARTESIAN_POINT ( 'NONE',  ( -0.8836745976736378700, -5.530723981082847900, 24.79054470465407800 ) ) ;
#581 = CARTESIAN_POINT ( 'NONE',  ( -0.8615705262767683300, -5.525978515028094200, 24.79160286871250200 ) ) ;
#582 = CARTESIAN_POINT ( 'NONE',  ( -0.8398347112778964400, -5.522479471943730900, 24.79238232987750800 ) ) ;
#583 = CARTESIAN_POINT ( 'NONE',  ( -0.8254260027004258800, -5.520423783149032800, 24.79284014314020700 ) ) ;
#584 = CARTESIAN_POINT ( 'NONE',  ( -0.8160298350430628100, -5.519299077254346200, 24.79309052890915800 ) ) ;
#585 = CARTESIAN_POINT ( 'NONE',  ( -0.7915808911058585000, -5.516721769864807000, 24.79366421841969600 ) ) ;
#586 = CARTESIAN_POINT ( 'NONE',  ( -0.7619861320975719300, -5.514944313537511400, 24.79405960220976700 ) ) ;
#587 = CARTESIAN_POINT ( 'NONE',  ( -0.7223557692307625000, -5.513451287667153100, 24.79439160170140600 ) ) ;
#588 = CARTESIAN_POINT ( 'NONE',  ( -4.000000000000000000, -4.592425496802558200E-016, 0.0000000000000000000 ) ) ;
#589 = DIRECTION ( 'NONE',  ( -1.000000000000000000, -0.0000000000000000000, -0.0000000000000000000 ) ) ;
#590 = DIRECTION ( 'NONE',  ( 0.0000000000000000000, 1.000000000000000000, 0.0000000000000000000 ) ) ;
#591 = CARTESIAN_POINT ( 'NONE',  ( 0.4615384615384689500, -4.608941036553737500, 24.97834387067267100 ) ) ;
#592 = CARTESIAN_POINT ( 'NONE',  ( 0.4943135200211027900, -4.604996070090099800, 24.97907178593864000 ) ) ;
#593 = CARTESIAN_POINT ( 'NONE',  ( 0.5377735686243349000, -4.599100037800576000, 24.98015825737966700 ) ) ;
#594 = CARTESIAN_POINT ( 'NONE',  ( 0.5784975152001841100, -4.592258824971577400, 24.98141640835126900 ) ) ;
#595 = CARTESIAN_POINT ( 'NONE',  ( 0.5938121829909933600, -4.589334911682974500, 24.98195360752581700 ) ) ;
#596 = CARTESIAN_POINT ( 'NONE',  ( 0.6035467499248060600, -4.587387421857473100, 24.98231129463301400 ) ) ;
#597 = CARTESIAN_POINT ( 'NONE',  ( 0.6060712126468560400, -4.586880450815423900, 24.98240440524009600 ) ) ;
#598 = CARTESIAN_POINT ( 'NONE',  ( 0.6385576467552156500, -4.579691249974476200, 24.98372394675018200 ) ) ;
#599 = CARTESIAN_POINT ( 'NONE',  ( 0.6763194955302838100, -4.569886361872258700, 24.98552056233699800 ) ) ;
#600 = CARTESIAN_POINT ( 'NONE',  ( 0.7122485360729091700, -4.558313944833937400, 24.98763276023681700 ) ) ;
#601 = CARTESIAN_POINT ( 'NONE',  ( 0.7357939390496710500, -4.550206113416507500, 24.98911045446705300 ) ) ;
#602 = CARTESIAN_POINT ( 'NONE',  ( 0.7462592644681903500, -4.546387603198386500, 24.98980560847325100 ) ) ;
#603 = CARTESIAN_POINT ( 'NONE',  ( 0.8086049718719975400, -4.521994088346260400, 24.99423859351815100 ) ) ;
#604 = CARTESIAN_POINT ( 'NONE',  ( 0.8540252450129516300, -4.497764838043728700, 24.99861948978226800 ) ) ;
#605 = CARTESIAN_POINT ( 'NONE',  ( 0.9154712155512463300, -4.454338345819866900, 25.00638090836567400 ) ) ;
#606 = CARTESIAN_POINT ( 'NONE',  ( 0.9348391325351546000, -4.438682370532689900, 25.00916614321933600 ) ) ;
#607 = CARTESIAN_POINT ( 'NONE',  ( 0.9713468201119257500, -4.405007158850734700, 25.01511951392796400 ) ) ;
#608 = CARTESIAN_POINT ( 'NONE',  ( 0.9892224170320173000, -4.386106246497151400, 25.01844155542717000 ) ) ;
#609 = CARTESIAN_POINT ( 'NONE',  ( 1.019802159172238600, -4.349465259543218400, 25.02483761833256500 ) ) ;
#610 = CARTESIAN_POINT ( 'NONE',  ( 1.034437873794061200, -4.329824324674316200, 25.02824551947363200 ) ) ;
#611 = CARTESIAN_POINT ( 'NONE',  ( 1.062400990141129800, -4.287898455400224400, 25.03546243435039600 ) ) ;
#612 = CARTESIAN_POINT ( 'NONE',  ( 1.076321598931481800, -4.264508449914301600, 25.03945863276771900 ) ) ;
#613 = CARTESIAN_POINT ( 'NONE',  ( 1.112561713567040900, -4.196997681693917800, 25.05089408036690900 ) ) ;
#614 = CARTESIAN_POINT ( 'NONE',  ( 1.132316262470399300, -4.150847699652787000, 25.05858733387738700 ) ) ;
#615 = CARTESIAN_POINT ( 'NONE',  ( 1.155534389984774300, -4.079304756404895600, 25.07029829605524900 ) ) ;
#616 = CARTESIAN_POINT ( 'NONE',  ( 1.165589979933715700, -4.043034247916756000, 25.07618305880610500 ) ) ;
#617 = CARTESIAN_POINT ( 'NONE',  ( 1.174602922376381400, -3.999844396673107200, 25.08309235823599400 ) ) ;
#618 = CARTESIAN_POINT ( 'NONE',  ( 1.177883059316574600, -3.981147019430360900, 25.08606203641799200 ) ) ;
#619 = CARTESIAN_POINT ( 'NONE',  ( 1.179940361126016200, -3.968640436646552900, 25.08804362978398900 ) ) ;
#620 = CARTESIAN_POINT ( 'NONE',  ( 1.181177640875061200, -3.960452632631819000, 25.08933707010880500 ) ) ;
#621 = CARTESIAN_POINT ( 'NONE',  ( 1.186810181384348600, -3.921021101601409200, 25.09555443865627600 ) ) ;
#622 = CARTESIAN_POINT ( 'NONE',  ( 1.190311585917106100, -3.870788034233289200, 25.10341377230092500 ) ) ;
#623 = CARTESIAN_POINT ( 'NONE',  ( 1.192307692307699200, -3.805330775505478200, 25.11333226971265400 ) ) ;
#624 = CARTESIAN_POINT ( 'NONE',  ( -1.499999999999992700, -2.003325820084464600, 25.32087450422245900 ) ) ;
#625 = CARTESIAN_POINT ( 'NONE',  ( -0.8423477564102495000, -1.855350729170274400, 25.33258193242792400 ) ) ;
#626 = CARTESIAN_POINT ( 'NONE',  ( -0.1846955128205062500, -1.707273008613938000, 25.34299217861743600 ) ) ;
#627 = CARTESIAN_POINT ( 'NONE',  ( 0.4729567307692377200, -1.559115414735898100, 25.35210364296290200 ) ) ;
#628 = CARTESIAN_POINT ( 'NONE',  ( 0.6484375000000066600, -2.706391141727959600, 25.25540431250262700 ) ) ;
#629 = CARTESIAN_POINT ( 'NONE',  ( 0.6702344342116023400, -2.707270465092327200, 25.25531008344437800 ) ) ;
#630 = CARTESIAN_POINT ( 'NONE',  ( 0.6988310123197255500, -2.708689111102768900, 25.25515799082292600 ) ) ;
#631 = CARTESIAN_POINT ( 'NONE',  ( 0.7250207461629786200, -2.710518598475341300, 25.25496167976466600 ) ) ;
#632 = CARTESIAN_POINT ( 'NONE',  ( 0.7347078591066112900, -2.711340035233361400, 25.25487349585215600 ) ) ;
#633 = CARTESIAN_POINT ( 'NONE',  ( 0.7408243658015938300, -2.711895964260557800, 25.25481380563283600 ) ) ;
#634 = CARTESIAN_POINT ( 'NONE',  ( 0.7424509547713094000, -2.712045216569580800, 25.25479778024329700 ) ) ;
#635 = CARTESIAN_POINT ( 'NONE',  ( 0.7782490381882740700, -2.715817417679081900, 25.25439263032452100 ) ) ;
#636 = CARTESIAN_POINT ( 'NONE',  ( 0.8114312369539606900, -2.721847056728107000, 25.25374452553550600 ) ) ;
#637 = CARTESIAN_POINT ( 'NONE',  ( 0.9060823677903302500, -2.745700822780170500, 25.25116596984621600 ) ) ;
#638 = CARTESIAN_POINT ( 'NONE',  ( 0.9667042892637075500, -2.768837445297702300, 25.24865353832132800 ) ) ;
#639 = CARTESIAN_POINT ( 'NONE',  ( 1.085027878036392200, -2.830629239077153200, 25.24180073623017200 ) ) ;
#640 = CARTESIAN_POINT ( 'NONE',  ( 1.139179751046499400, -2.867122851831578800, 25.23769801409263300 ) ) ;
#641 = CARTESIAN_POINT ( 'NONE',  ( 1.212892678497307500, -2.930246962766964700, 25.23042015824751500 ) ) ;
#642 = CARTESIAN_POINT ( 'NONE',  ( 1.236211173970185500, -2.952685566542598400, 25.22780656212408300 ) ) ;
#643 = CARTESIAN_POINT ( 'NONE',  ( 0.7983298133809807500, -5.833567749316518600, 24.72103371250985800 ) ) ;
#644 = CARTESIAN_POINT ( 'NONE',  ( 0.7767419437558372700, -5.827898968600022700, 24.72237064674822800 ) ) ;
#645 = CARTESIAN_POINT ( 'NONE',  ( 0.7508733971839404200, -5.822932820669088000, 24.72354052660307400 ) ) ;
#646 = CARTESIAN_POINT ( 'NONE',  ( 0.7396405846511500100, -5.821157532144774800, 24.72395852828114800 ) ) ;
#647 = CARTESIAN_POINT ( 'NONE',  ( 0.7321195335018660900, -5.820052468350880300, 24.72421868508395400 ) ) ;
#648 = CARTESIAN_POINT ( 'NONE',  ( 0.7270963389090121500, -5.819383385763053700, 24.72437617244210600 ) ) ;
#649 = CARTESIAN_POINT ( 'NONE',  ( 0.7041767521809231300, -5.816518807145419200, 24.72505037019888600 ) ) ;
#650 = CARTESIAN_POINT ( 'NONE',  ( 0.6741986409989045900, -5.814628890186648700, 24.72549478726096700 ) ) ;
#651 = CARTESIAN_POINT ( 'NONE',  ( 0.6346153846153914600, -5.813395454657215700, 24.72578478608456400 ) ) ;
#652 = CARTESIAN_POINT ( 'NONE',  ( -0.2662259615384549000, -6.207518845897915600, 24.62979313306999900 ) ) ;
#653 = CARTESIAN_POINT ( 'NONE',  ( -0.2712937568666008400, -6.193490667466253500, 24.63332869593557500 ) ) ;
#654 = CARTESIAN_POINT ( 'NONE',  ( -0.2781879792364561600, -6.175176487819227200, 24.63792567542481000 ) ) ;
#655 = CARTESIAN_POINT ( 'NONE',  ( -0.2840209956727667900, -6.160959054753613300, 24.64148134795788900 ) ) ;
#656 = CARTESIAN_POINT ( 'NONE',  ( -0.2876738497561860400, -6.152391519442934600, 24.64362185409429900 ) ) ;
#657 = CARTESIAN_POINT ( 'NONE',  ( -0.2886401921775460500, -6.150136897171429400, 24.64418475292357200 ) ) ;
#658 = CARTESIAN_POINT ( 'NONE',  ( -0.3003040739319320400, -6.125403878449033000, 24.65035178590294500 ) ) ;
#659 = CARTESIAN_POINT ( 'NONE',  ( -0.3115600156537388600, -6.106366313669943800, 24.65507402505998500 ) ) ;
#660 = CARTESIAN_POINT ( 'NONE',  ( -0.3527355399808245800, -6.049236982900289700, 24.66917653421684500 ) ) ;
#661 = CARTESIAN_POINT ( 'NONE',  ( -0.3843662134018023800, -6.018672570721405700, 24.67663323515871800 ) ) ;
#662 = CARTESIAN_POINT ( 'NONE',  ( -0.4420520124455481500, -5.981586227336544300, 24.68563930788427300 ) ) ;
#663 = CARTESIAN_POINT ( 'NONE',  ( -0.4621348526441521100, -5.970948618624610100, 24.68821290897015800 ) ) ;
#664 = CARTESIAN_POINT ( 'NONE',  ( -0.5040090140760703500, -5.953125674015458600, 24.69251665493563400 ) ) ;
#665 = CARTESIAN_POINT ( 'NONE',  ( -0.5275748228943868400, -5.945512644477558300, 24.69434968092252400 ) ) ;
#666 = CARTESIAN_POINT ( 'NONE',  ( -0.5588814341428887100, -5.937967021678499400, 24.69616476989472200 ) ) ;
#667 = CARTESIAN_POINT ( 'NONE',  ( -0.5751944438732103900, -5.934709410560244300, 24.69694778531759700 ) ) ;
#668 = CARTESIAN_POINT ( 'NONE',  ( -0.5953807707442112500, -5.931810636053783400, 24.69764408915344600 ) ) ;
#669 = CARTESIAN_POINT ( 'NONE',  ( -0.6042794427287027100, -5.930761554030393500, 24.69789601369266300 ) ) ;
#670 = CARTESIAN_POINT ( 'NONE',  ( -0.6102668660605362600, -5.930105111752651800, 24.69805363743276800 ) ) ;
#671 = CARTESIAN_POINT ( 'NONE',  ( -0.6144475688997309600, -5.929689865271931200, 24.69815333450544900 ) ) ;
#672 = CARTESIAN_POINT ( 'NONE',  ( -0.6314502204528091900, -5.928098876113255100, 24.69853529726606200 ) ) ;
#673 = CARTESIAN_POINT ( 'NONE',  ( -0.6543700209329823500, -5.926813489190023700, 24.69884376400940700 ) ) ;
#674 = CARTESIAN_POINT ( 'NONE',  ( -0.6850961538461473000, -5.925656942429558400, 24.69912123539289800 ) ) ;
#675 = CARTESIAN_POINT ( 'NONE',  ( -1.153846153846146900, -7.151954871063665600, 24.37231095982218300 ) ) ;
#676 = DIRECTION ( 'NONE',  ( 1.000000000000000000, 0.0000000000000000000, 0.0000000000000000000 ) ) ;
#677 = CARTESIAN_POINT ( 'NONE',  ( -1.153846153846146900, -4.592425496802558200E-016, 0.0000000000000000000 ) ) ;
#678 = DIRECTION ( 'NONE',  ( -1.000000000000000000, -0.0000000000000000000, -0.0000000000000000000 ) ) ;
#679 = DIRECTION ( 'NONE',  ( 0.0000000000000000000, -0.2599133839771107200, 0.9656319344499575400 ) ) ;
#680 = CARTESIAN_POINT ( 'NONE',  ( -0.2307692307692236200, -4.592425496802558200E-016, 0.0000000000000000000 ) ) ;
#681 = DIRECTION ( 'NONE',  ( -1.000000000000000000, -0.0000000000000000000, -0.0000000000000000000 ) ) ;
#682 = DIRECTION ( 'NONE',  ( 0.0000000000000000000, -0.2581308952632410100, 0.9661099528058892900 ) ) ;
#683 = CARTESIAN_POINT ( 'NONE',  ( 0.6346153846153914600, -5.813395454657215700, 24.72578478608456400 ) ) ;
#684 = CARTESIAN_POINT ( 'NONE',  ( 0.6062585162165766700, -5.814234564839714500, 24.72558749894632900 ) ) ;
#685 = CARTESIAN_POINT ( 'NONE',  ( 0.5841057921657337700, -5.815299194250743900, 24.72533714710261400 ) ) ;
#686 = CARTESIAN_POINT ( 'NONE',  ( 0.5522086327599921000, -5.817879450404161500, 24.72473013921708700 ) ) ;
#687 = CARTESIAN_POINT ( 'NONE',  ( 0.5286872122576427000, -5.820970017391620600, 24.72400306678852300 ) ) ;
#688 = CARTESIAN_POINT ( 'NONE',  ( 0.4658679032274257200, -5.833894258540473400, 24.72095783217005800 ) ) ;
#689 = CARTESIAN_POINT ( 'NONE',  ( 0.4250056125431161400, -5.847664231553801900, 24.71770988401349800 ) ) ;
#690 = CARTESIAN_POINT ( 'NONE',  ( 0.3491788093212892000, -5.884527970916838800, 24.70895969956544400 ) ) ;
#691 = CARTESIAN_POINT ( 'NONE',  ( 0.3122328286097812400, -5.908656813350245500, 24.70321025641133900 ) ) ;
#692 = CARTESIAN_POINT ( 'NONE',  ( 0.2501208049276651400, -5.964420275001269400, 24.68980585370348300 ) ) ;
#693 = CARTESIAN_POINT ( 'NONE',  ( 0.2228621427904318700, -5.998213573080200000, 24.68162632214091800 ) ) ;
#694 = CARTESIAN_POINT ( 'NONE',  ( 0.1924863325049942200, -6.049604868257748800, 24.66906143191250000 ) ) ;
#695 = CARTESIAN_POINT ( 'NONE',  ( 0.1788367896961515500, -6.076762195108679000, 24.66239334671299900 ) ) ;
#696 = CARTESIAN_POINT ( 'NONE',  ( 0.1674947903881250600, -6.106108366166999700, 24.65513227114737300 ) ) ;
#697 = CARTESIAN_POINT ( 'NONE',  ( 0.1604462449607324800, -6.126158434358208300, 24.65015800201468500 ) ) ;
#698 = CARTESIAN_POINT ( 'NONE',  ( 0.1566675676604687400, -6.138209247846792700, 24.64715943361133200 ) ) ;
#699 = CARTESIAN_POINT ( 'NONE',  ( 0.1491655067798995600, -6.164393116472525400, 24.64062866832780000 ) ) ;
#700 = CARTESIAN_POINT ( 'NONE',  ( 0.1423659953025940000, -6.192681061238563900, 24.63354374818255700 ) ) ;
#701 = CARTESIAN_POINT ( 'NONE',  ( 0.1366203079301846200, -6.224119536573877700, 24.62560579529374000 ) ) ;
#702 = CARTESIAN_POINT ( 'NONE',  ( 0.1330240328163326300, -6.245777921221720600, 24.62012150558042500 ) ) ;
#703 = CARTESIAN_POINT ( 'NONE',  ( 0.1311504453731829600, -6.258376080649455300, 24.61692177450307600 ) ) ;
#704 = CARTESIAN_POINT ( 'NONE',  ( 0.1270362064659713000, -6.288702974241081400, 24.60919848709357200 ) ) ;
#705 = CARTESIAN_POINT ( 'NONE',  ( 0.1235501269232642900, -6.319271905221348200, 24.60137377466936200 ) ) ;
#706 = CARTESIAN_POINT ( 'NONE',  ( 0.1205823130113195700, -6.355358218361449700, 24.59206421131928600 ) ) ;
#707 = CARTESIAN_POINT ( 'NONE',  ( 0.1195459525250329300, -6.370914219179399900, 24.58803531840391400 ) ) ;
#708 = CARTESIAN_POINT ( 'NONE',  ( 0.1189073921478835900, -6.381304971364063900, 24.58534066612998000 ) ) ;
#709 = CARTESIAN_POINT ( 'NONE',  ( 0.1185228344627951800, -6.388297192289373400, 24.58352439202703700 ) ) ;
#710 = CARTESIAN_POINT ( 'NONE',  ( 0.1169434895193129800, -6.419155064886202100, 24.57550104226931600 ) ) ;
#711 = CARTESIAN_POINT ( 'NONE',  ( 0.1159559107504213200, -6.460362585261783000, 24.56475005290218800 ) ) ;
#712 = CARTESIAN_POINT ( 'NONE',  ( 0.1153846153846222200, -6.515293268553312700, 24.55017217097965700 ) ) ;
#713 = CARTESIAN_POINT ( 'NONE',  ( -0.6850961538461473000, -5.925656942429558400, 24.69912123539289800 ) ) ;
#714 = CARTESIAN_POINT ( 'NONE',  ( -0.6985936605166900300, -5.926066555977961100, 24.69902296350121100 ) ) ;
#715 = CARTESIAN_POINT ( 'NONE',  ( -0.7163215864144231200, -5.926733014379917300, 24.69886305496859400 ) ) ;
#716 = CARTESIAN_POINT ( 'NONE',  ( -0.7302720111500338200, -5.927477526863660800, 24.69868438274181300 ) ) ;
#717 = CARTESIAN_POINT ( 'NONE',  ( -0.7387328496044134300, -5.927991213484060200, 24.69856109660284800 ) ) ;
#718 = CARTESIAN_POINT ( 'NONE',  ( -0.7408272061975660300, -5.928117949102355200, 24.69853068022266000 ) ) ;
#719 = CARTESIAN_POINT ( 'NONE',  ( -0.7663637802334990500, -5.930182790372259500, 24.69803504246193200 ) ) ;
#720 = CARTESIAN_POINT ( 'NONE',  ( -0.7860641552446958600, -5.932939509468324600, 24.69737327147998600 ) ) ;
#721 = CARTESIAN_POINT ( 'NONE',  ( -0.8464163832138462700, -5.945223011392576100, 24.69442030662202800 ) ) ;
#722 = CARTESIAN_POINT ( 'NONE',  ( -0.8843872004799426800, -5.957829565757929700, 24.69138699380466000 ) ) ;
#723 = CARTESIAN_POINT ( 'NONE',  ( -0.9578896796063523000, -5.992863064819130300, 24.68290738747710100 ) ) ;
#724 = CARTESIAN_POINT ( 'NONE',  ( -0.9918277550336539500, -6.015281930059853900, 24.67746330907815600 ) ) ;
#725 = CARTESIAN_POINT ( 'NONE',  ( -1.037316111188339300, -6.056799812278733000, 24.66729371153696300 ) ) ;
#726 = CARTESIAN_POINT ( 'NONE',  ( -1.049823480431752300, -6.070473364075753300, 24.66393324048284100 ) ) ;
#727 = CARTESIAN_POINT ( 'NONE',  ( -1.066930879146593000, -6.093488325351612100, 24.65825343505781900 ) ) ;
#728 = CARTESIAN_POINT ( 'NONE',  ( -1.072384945712256700, -6.101603649652994400, 24.65624688902437700 ) ) ;
#729 = CARTESIAN_POINT ( 'NONE',  ( -1.082796279498349700, -6.118720980187895900, 24.65200461050969600 ) ) ;
#730 = CARTESIAN_POINT ( 'NONE',  ( -1.088320731296520000, -6.128860637173975300, 24.64948560478584500 ) ) ;
#731 = CARTESIAN_POINT ( 'NONE',  ( -1.100745780206736900, -6.153782622320777700, 24.64328006980815300 ) ) ;
#732 = CARTESIAN_POINT ( 'NONE',  ( -1.111531947937219200, -6.180282815529083400, 24.63665490967710900 ) ) ;
#733 = CARTESIAN_POINT ( 'NONE',  ( -1.119859793898101000, -6.209146390219789400, 24.62938499067180900 ) ) ;
#734 = CARTESIAN_POINT ( 'NONE',  ( -1.124865397478777000, -6.228913477330390700, 24.62439320685570000 ) ) ;
#735 = CARTESIAN_POINT ( 'NONE',  ( -1.127401190852777500, -6.240687933911778500, 24.62141133560005500 ) ) ;
#736 = CARTESIAN_POINT ( 'NONE',  ( -1.132352299703204700, -6.267026249008957900, 24.61472547430463100 ) ) ;
#737 = CARTESIAN_POINT ( 'NONE',  ( -1.135318181656573800, -6.285555364897516200, 24.61000200883702900 ) ) ;
#738 = CARTESIAN_POINT ( 'NONE',  ( -1.140580231002817500, -6.324550611783749300, 24.60000944469615900 ) ) ;
#739 = CARTESIAN_POINT ( 'NONE',  ( -1.143010384306695700, -6.346480907212958700, 24.59436125551267300 ) ) ;
#740 = CARTESIAN_POINT ( 'NONE',  ( -1.146665032709939000, -6.386417973418623700, 24.58402104906919000 ) ) ;
#741 = CARTESIAN_POINT ( 'NONE',  ( -1.148954702991846100, -6.416099343750866000, 24.57629724139280100 ) ) ;
#742 = CARTESIAN_POINT ( 'NONE',  ( -1.150836181951487600, -6.450253320367506800, 24.56734434931262700 ) ) ;
#743 = CARTESIAN_POINT ( 'NONE',  ( -1.151473286569351600, -6.464789182019267800, 24.56352022452956500 ) ) ;
#744 = CARTESIAN_POINT ( 'NONE',  ( -1.151860413312883800, -6.474457196742710300, 24.56097369805140200 ) ) ;
#745 = CARTESIAN_POINT ( 'NONE',  ( -1.152087646888512600, -6.480898873435594800, 24.55927443339618300 ) ) ;
#746 = CARTESIAN_POINT ( 'NONE',  ( -1.153018954876555900, -6.509631397810541600, 24.55168826840368700 ) ) ;
#747 = CARTESIAN_POINT ( 'NONE',  ( -1.153570630973987900, -6.548885273236060700, 24.54129386354035700 ) ) ;
#748 = CARTESIAN_POINT ( 'NONE',  ( -1.153846153846146900, -6.601799953018613100, 24.52705113502892000 ) ) ;
#749 = CARTESIAN_POINT ( 'NONE',  ( -0.2307692307692236200, -6.556524739686321500, 24.53919280126958600 ) ) ;
#750 = CARTESIAN_POINT ( 'NONE',  ( -0.2309228603366076100, -6.519009884905261600, 24.54921623910105300 ) ) ;
#751 = CARTESIAN_POINT ( 'NONE',  ( -0.2317646594546918200, -6.468904295930075300, 24.56246716802374100 ) ) ;
#752 = CARTESIAN_POINT ( 'NONE',  ( -0.2338166292680550200, -6.421275354976242700, 24.57493662365166600 ) ) ;
#753 = CARTESIAN_POINT ( 'NONE',  ( -0.2351100818853037700, -6.400171178956624900, 24.58043673807035700 ) ) ;
#754 = CARTESIAN_POINT ( 'NONE',  ( -0.2357217332306738300, -6.391707650882128900, 24.58263780430575500 ) ) ;
#755 = CARTESIAN_POINT ( 'NONE',  ( -0.2361422373519001800, -6.386194471439291800, 24.58407062072890900 ) ) ;
#756 = CARTESIAN_POINT ( 'NONE',  ( -0.2362177236332593200, -6.385165403448778100, 24.58433815292734400 ) ) ;
#757 = CARTESIAN_POINT ( 'NONE',  ( -0.2380383370149399000, -6.363713726402430400, 24.58990569234540800 ) ) ;
#758 = CARTESIAN_POINT ( 'NONE',  ( -0.2403705949773628200, -6.339906839215380800, 24.59605589503373200 ) ) ;
#759 = CARTESIAN_POINT ( 'NONE',  ( -0.2429241357963948800, -6.319007076503102600, 24.60142671892549200 ) ) ;
#760 = CARTESIAN_POINT ( 'NONE',  ( -0.2446756703105519800, -6.305720341478064500, 24.60483566323147600 ) ) ;
#761 = CARTESIAN_POINT ( 'NONE',  ( -0.2453524244885037000, -6.300849877220553500, 24.60608359533064200 ) ) ;
#762 = CARTESIAN_POINT ( 'NONE',  ( -0.2510951309305440300, -6.263617846754906200, 24.61560555177409500 ) ) ;
#763 = CARTESIAN_POINT ( 'NONE',  ( -0.2576701295177251100, -6.234988543430713300, 24.62286986480686600 ) ) ;
#764 = CARTESIAN_POINT ( 'NONE',  ( -0.2662259615384549000, -6.207518845897915600, 24.62979313306999900 ) ) ;
#765 = CARTESIAN_POINT ( 'NONE',  ( 3.416487925471169500, 25.39999999999999900, 7.776507174585692200E-016 ) ) ;
#766 = CARTESIAN_POINT ( 'NONE',  ( 3.416488062141661300, 25.39999999999999900, -1.571400753194213600 ) ) ;
#767 = CARTESIAN_POINT ( 'NONE',  ( 3.417840738298184800, 25.25373868120615500, -3.165934670230438700 ) ) ;
#768 = CARTESIAN_POINT ( 'NONE',  ( 3.423251169583297200, 24.64843597535348600, -6.342638542729304200 ) ) ;
#769 = CARTESIAN_POINT ( 'NONE',  ( 3.427308924711886200, 24.18930016227637100, -7.924741158078004900 ) ) ;
#770 = CARTESIAN_POINT ( 'NONE',  ( 3.438129513941125600, 22.94999702475898600, -11.01005909733425600 ) ) ;
#771 = CARTESIAN_POINT ( 'NONE',  ( 3.444892348041778400, 22.16974526449869700, -12.51317746935799100 ) ) ;
#772 = CARTESIAN_POINT ( 'NONE',  ( 3.461123095215146200, 20.29487271838681300, -15.36864850326434100 ) ) ;
#773 = CARTESIAN_POINT ( 'NONE',  ( 3.470591008287864400, 19.20018645318092600, -16.72087473804577200 ) ) ;
#774 = CARTESIAN_POINT ( 'NONE',  ( 3.481453728239419600, 17.95540284194114400, -17.96562149499753100 ) ) ;
#775 = CARTESIAN_POINT ( 'NONE',  ( 3.481467108272914900, 17.95386997467816300, -17.96715259878234900 ) ) ;
#776 = CARTESIAN_POINT ( 'NONE',  ( 3.481521755044654200, 17.94760948298348400, -17.97340628322585900 ) ) ;
#777 = CARTESIAN_POINT ( 'NONE',  ( 3.481603794765996800, 17.93821199707609500, -17.98278864892863600 ) ) ;
#778 = CARTESIAN_POINT ( 'NONE',  ( 3.481795707728597000, 17.91623725327440300, -18.00469365266263100 ) ) ;
#779 = CARTESIAN_POINT ( 'NONE',  ( 3.482181481438329800, 17.87209835406736900, -18.04855447800973100 ) ) ;
#780 = CARTESIAN_POINT ( 'NONE',  ( 3.482960819995926100, 17.78306047276069900, -18.13647577860057300 ) ) ;
#781 = CARTESIAN_POINT ( 'NONE',  ( 3.484550661663628400, 17.60192493108925000, -18.31308772186545400 ) ) ;
#782 = CARTESIAN_POINT ( 'NONE',  ( 3.485966808040257700, 17.44135396558974100, -18.46568697658319600 ) ) ;
#783 = CARTESIAN_POINT ( 'NONE',  ( 3.488870334056413600, 17.11295415337521300, -18.77222668798424700 ) ) ;
#784 = CARTESIAN_POINT ( 'NONE',  ( 3.490900995751038400, 16.88434239134190000, -18.97837945421845200 ) ) ;
#785 = CARTESIAN_POINT ( 'NONE',  ( 3.497277913886490500, 16.16810993878591800, -19.59979183034342800 ) ) ;
#786 = CARTESIAN_POINT ( 'NONE',  ( 3.501909103378886300, 15.65005447241683900, -20.01808423606256300 ) ) ;
#787 = CARTESIAN_POINT ( 'NONE',  ( 3.516942404062358900, 13.96433266079163500, -21.26285538740248900 ) ) ;
#788 = CARTESIAN_POINT ( 'NONE',  ( 3.528484247459724400, 12.66391494755080600, -22.08050648283789400 ) ) ;
#789 = CARTESIAN_POINT ( 'NONE',  ( 3.554607220137882000, 9.677962781208963200, -23.54273868399726400 ) ) ;
#790 = CARTESIAN_POINT ( 'NONE',  ( 3.569188349418675400, 7.991481133829991800, -24.18703153944012700 ) ) ;
#791 = CARTESIAN_POINT ( 'NONE',  ( 3.601389893863693900, 4.249565685707914000, -25.11607964800807500 ) ) ;
#792 = CARTESIAN_POINT ( 'NONE',  ( 3.619010309027916400, 2.193143226472303200, -25.39999999742866200 ) ) ;
#793 = CARTESIAN_POINT ( 'NONE',  ( 3.638150366854801200, 5.960934306073379900E-008, -25.40061165933147400 ) ) ;
#794 = CARTESIAN_POINT ( 'NONE',  ( -4.000000000000000000, 2.651360320154021200E-015, -25.39999999999999900 ) ) ;
#795 = DIRECTION ( 'NONE',  ( -1.000000000000000000, -0.0000000000000000000, -0.0000000000000000000 ) ) ;
#796 = CARTESIAN_POINT ( 'NONE',  ( -4.000000000000000000, -4.592425496802558200E-016, 25.39999999999999900 ) ) ;
#797 = DIRECTION ( 'NONE',  ( -1.000000000000000000, -0.0000000000000000000, -0.0000000000000000000 ) ) ;
#798 = CARTESIAN_POINT ( 'NONE',  ( -0.9139756850792719600, 3.843901543141755200E-014, 25.39999999999999900 ) ) ;
#799 = CARTESIAN_POINT ( 'NONE',  ( -0.6083155208220719600, 0.08713942307691856200, 25.39999999999999900 ) ) ;
#800 = CARTESIAN_POINT ( 'NONE',  ( -0.3026553565648789100, 0.1742788461375556200, 25.39955157405034200 ) ) ;
#801 = CARTESIAN_POINT ( 'NONE',  ( 0.003004807692314967500, 0.2614136540701387800, 25.39865474590072800 ) ) ;
#802 = CARTESIAN_POINT ( 'NONE',  ( 0.003004807692314967500, 0.2614136540701387800, 25.39865474590072800 ) ) ;
#803 = CARTESIAN_POINT ( 'NONE',  ( 0.06241422075650239500, 0.2765428995320107200, 25.39849902933310200 ) ) ;
#804 = CARTESIAN_POINT ( 'NONE',  ( 0.1404340288168818000, 0.2962670845834860000, 25.39827608765078500 ) ) ;
#805 = CARTESIAN_POINT ( 'NONE',  ( 0.2120420930328289500, 0.3140819146905755000, 25.39805874596099500 ) ) ;
#806 = CARTESIAN_POINT ( 'NONE',  ( 0.2429923638438467300, 0.3216901759660827900, 25.39796296242491300 ) ) ;
#807 = CARTESIAN_POINT ( 'NONE',  ( 0.2552166739135056700, 0.3246724717669464700, 25.39792488991807000 ) ) ;
#808 = CARTESIAN_POINT ( 'NONE',  ( 0.2631350824696138100, 0.3265988053189361500, 25.39790019171284300 ) ) ;
#809 = CARTESIAN_POINT ( 'NONE',  ( 0.2657669960101697300, 0.3272380922144415000, 25.39789197271062100 ) ) ;
#810 = CARTESIAN_POINT ( 'NONE',  ( 0.3497435582710994900, 0.3475403645234730300, 25.39762943411352600 ) ) ;
#811 = CARTESIAN_POINT ( 'NONE',  ( 0.4374480191675433300, 0.3677723692180242000, 25.39734742431466700 ) ) ;
#812 = CARTESIAN_POINT ( 'NONE',  ( 0.5907017162086872800, 0.4017329049946250000, 25.39682536951755400 ) ) ;
#813 = CARTESIAN_POINT ( 'NONE',  ( 0.6627528219898236600, 0.4174118505347452200, 25.39657305765796700 ) ) ;
#814 = CARTESIAN_POINT ( 'NONE',  ( 0.7388048956071383600, 0.4334267534974354200, 25.39630236818568700 ) ) ;
#815 = CARTESIAN_POINT ( 'NONE',  ( 0.7696827379158415200, 0.4398023237075950300, 25.39619219895551800 ) ) ;
#816 = CARTESIAN_POINT ( 'NONE',  ( 0.7898866542266908000, 0.4439442696432036600, 25.39612013232884600 ) ) ;
#817 = CARTESIAN_POINT ( 'NONE',  ( 0.8019920015890170700, 0.4464039898899525000, 25.39607697632917600 ) ) ;
#818 = CARTESIAN_POINT ( 'NONE',  ( 0.8697314115438651300, 0.4600801649763519000, 25.39583576239800800 ) ) ;
#819 = CARTESIAN_POINT ( 'NONE',  ( 0.9600681593634465800, 0.4774284236778212300, 25.39552264310682600 ) ) ;
#820 = CARTESIAN_POINT ( 'NONE',  ( 1.080528846153852500, 0.4999677088944126100, 25.39507889907142500 ) ) ;
#821 = CARTESIAN_POINT ( 'NONE',  ( 1.080528846153852500, 0.4999677088944126100, 25.39507889907142500 ) ) ;
#822 = CARTESIAN_POINT ( 'NONE',  ( 0.9768557877995258700, 0.5233487852605217500, 25.39461858220340000 ) ) ;
#823 = CARTESIAN_POINT ( 'NONE',  ( 0.8720190016827185100, 0.5471194956625834400, 25.39411721740244900 ) ) ;
#824 = CARTESIAN_POINT ( 'NONE',  ( 0.7459140039675917800, 0.5758620817666778600, 25.39347191553155600 ) ) ;
#825 = CARTESIAN_POINT ( 'NONE',  ( 0.7076445224121744600, 0.5844835236823102700, 25.39327542545011300 ) ) ;
#826 = CARTESIAN_POINT ( 'NONE',  ( 0.6622303250093181100, 0.5945395348563882200, 25.39304111746168100 ) ) ;
#827 = CARTESIAN_POINT ( 'NONE',  ( 0.6393316090775026400, 0.5995669555903474500, 25.39292269665254800 ) ) ;
#828 = CARTESIAN_POINT ( 'NONE',  ( 0.6278343468040005200, 0.6020805196914255100, 25.39286316961615200 ) ) ;
#829 = CARTESIAN_POINT ( 'NONE',  ( 0.6228966834780151900, 0.6031577301007002800, 25.39283759018714200 ) ) ;
#830 = CARTESIAN_POINT ( 'NONE',  ( 0.6196026267698532300, 0.6038758634066281300, 25.39282052215933700 ) ) ;
#831 = CARTESIAN_POINT ( 'NONE',  ( 0.6165652748020865600, 0.6045373559385033300, 25.39280477986793400 ) ) ;
#832 = CARTESIAN_POINT ( 'NONE',  ( 0.6079811010725376700, 0.6064061566092833200, 25.39276028436155000 ) ) ;
#833 = CARTESIAN_POINT ( 'NONE',  ( 0.5563922054768824000, 0.6179936730450572600, 25.39248984323532100 ) ) ;
#834 = CARTESIAN_POINT ( 'NONE',  ( 0.4615384615384681100, 0.6393555413681371000, 25.39195196300831400 ) ) ;
#835 = CARTESIAN_POINT ( 'NONE',  ( 0.4615384615384681100, 0.6393555413681371000, 25.39195196300831400 ) ) ;
#836 = CARTESIAN_POINT ( 'NONE',  ( -0.1923076923076857400, 0.7869449805080530600, 25.38823574119523800 ) ) ;
#837 = CARTESIAN_POINT ( 'NONE',  ( -0.8461538461538397100, 0.9345020180720291500, 25.38323270253553700 ) ) ;
#838 = CARTESIAN_POINT ( 'NONE',  ( -1.499999999999992700, 1.082004221903720700, 25.37694360760929900 ) ) ;
#839 = CARTESIAN_POINT ( 'NONE',  ( -1.499999999999992700, -4.592425496802558200E-016, 0.0000000000000000000 ) ) ;
#840 = DIRECTION ( 'NONE',  ( -1.000000000000000000, -0.0000000000000000000, -0.0000000000000000000 ) ) ;
#841 = DIRECTION ( 'NONE',  ( 0.0000000000000000000, 0.05977657830819895600, 0.9982117814801445600 ) ) ;
#842 = CARTESIAN_POINT ( 'NONE',  ( 1.500000000000006400, 0.2980700813869663300, 25.39825100723634300 ) ) ;
#843 = CARTESIAN_POINT ( 'NONE',  ( 1.136572879022547600, 0.1987179486865413300, 25.39941698903058400 ) ) ;
#844 = CARTESIAN_POINT ( 'NONE',  ( 0.7731457580450883400, 0.09935897435897407500, 25.39999999999999900 ) ) ;
#845 = CARTESIAN_POINT ( 'NONE',  ( 0.4097186370676294500, -4.592425496802558200E-016, 25.39999999999999900 ) ) ;
#846 = CARTESIAN_POINT ( 'NONE',  ( -1.499999999999992700, 1.518325089028252900, 25.35457924959567000 ) ) ;
#847 = CARTESIAN_POINT ( 'NONE',  ( -0.4999999999999930600, 1.266772520698514100, 25.36964313892093500 ) ) ;
#848 = CARTESIAN_POINT ( 'NONE',  ( 0.5000000000000069900, 1.014995757118562600, 25.38096312649356500 ) ) ;
#849 = CARTESIAN_POINT ( 'NONE',  ( 1.500000000000006400, 0.7631063086305566200, 25.38853419876240400 ) ) ;
#850 = CARTESIAN_POINT ( 'NONE',  ( 1.500000000000006400, -4.592425496802558200E-016, 0.0000000000000000000 ) ) ;
#851 = DIRECTION ( 'NONE',  ( -1.000000000000000000, -0.0000000000000000000, -0.0000000000000000000 ) ) ;
#852 = DIRECTION ( 'NONE',  ( 0.0000000000000000000, 0.03004355545789595000, 0.9995485905024569200 ) ) ;
#853 = CARTESIAN_POINT ( 'NONE',  ( -4.000000000000000000, -4.592425496802558200E-016, 25.39999999999999900 ) ) ;
#854 = DIRECTION ( 'NONE',  ( -1.000000000000000000, -0.0000000000000000000, -0.0000000000000000000 ) ) ;
#855 = CARTESIAN_POINT ( 'NONE',  ( -0.7223557692307625000, -5.513451287667153100, 24.79439160170140600 ) ) ;
#856 = CARTESIAN_POINT ( 'NONE',  ( -0.6992962529967743400, -5.514428839764250700, 24.79417422649998300 ) ) ;
#857 = CARTESIAN_POINT ( 'NONE',  ( -0.6690354107854110700, -5.516177347145789300, 24.79378532874880000 ) ) ;
#858 = CARTESIAN_POINT ( 'NONE',  ( -0.6413058511164867500, -5.518711039441791800, 24.79322144399361200 ) ) ;
#859 = CARTESIAN_POINT ( 'NONE',  ( -0.6310449161678772800, -5.519902708336357700, 24.79295614213957300 ) ) ;
#860 = CARTESIAN_POINT ( 'NONE',  ( -0.6245649955471052100, -5.520720664791571000, 24.79277401818720600 ) ) ;
#861 = CARTESIAN_POINT ( 'NONE',  ( -0.6226551383310091600, -5.520968696042701600, 24.79271879084137000 ) ) ;
#862 = CARTESIAN_POINT ( 'NONE',  ( -0.6025100913948929800, -5.523994649058535900, 24.79204487870904900 ) ) ;
#863 = CARTESIAN_POINT ( 'NONE',  ( -0.5860359009756677100, -5.527224277236693500, 24.79132527535984200 ) ) ;
#864 = CARTESIAN_POINT ( 'NONE',  ( -0.5523712143965519000, -5.535300841817371700, 24.78952322474448200 ) ) ;
#865 = CARTESIAN_POINT ( 'NONE',  ( -0.5337564683146688300, -5.540606760664002400, 24.78833808622010400 ) ) ;
#866 = CARTESIAN_POINT ( 'NONE',  ( -0.4853832709899786300, -5.556195629060094500, 24.78485028286182500 ) ) ;
#867 = CARTESIAN_POINT ( 'NONE',  ( -0.4538682290284651900, -5.569071140798824300, 24.78196308622674200 ) ) ;
#868 = CARTESIAN_POINT ( 'NONE',  ( -0.3923056576153324800, -5.599782782963195900, 24.77504148456692300 ) ) ;
#869 = CARTESIAN_POINT ( 'NONE',  ( -0.3605737198827562200, -5.618786114273647500, 24.77074137263704400 ) ) ;
#870 = CARTESIAN_POINT ( 'NONE',  ( -0.3053149900513254500, -5.657077237508543600, 24.76202460779184700 ) ) ;
#871 = CARTESIAN_POINT ( 'NONE',  ( -0.2790821397960182000, -5.678372004143284400, 24.75715391510826200 ) ) ;
#872 = CARTESIAN_POINT ( 'NONE',  ( -0.2294094686062182200, -5.725252171231254300, 24.74635460365041300 ) ) ;
#873 = CARTESIAN_POINT ( 'NONE',  ( -0.2051739180438141000, -5.751838439397886300, 24.74019215329429900 ) ) ;
#874 = CARTESIAN_POINT ( 'NONE',  ( -0.1733025530745565500, -5.791926074156394000, 24.73082652592149700 ) ) ;
#875 = CARTESIAN_POINT ( 'NONE',  ( -0.1580656400030335800, -5.812445683522256000, 24.72601543368102700 ) ) ;
#876 = CARTESIAN_POINT ( 'NONE',  ( -0.1415120878925252300, -5.837216834119390200, 24.72017383755932600 ) ) ;
#877 = CARTESIAN_POINT ( 'NONE',  ( -0.1346797469465083100, -5.848011126768317200, 24.71762083380738800 ) ) ;
#878 = CARTESIAN_POINT ( 'NONE',  ( -0.1301830837669223400, -5.855246883302898600, 24.71590778746043100 ) ) ;
#879 = CARTESIAN_POINT ( 'NONE',  ( -0.1272272507481490300, -5.860114680543493800, 24.71475393675143200 ) ) ;
#880 = CARTESIAN_POINT ( 'NONE',  ( -0.1141458948905772600, -5.881960334369767700, 24.70957184808297000 ) ) ;
#881 = CARTESIAN_POINT ( 'NONE',  ( -0.09786233161027578500, -5.911772277462241700, 24.70248280295528100 ) ) ;
#882 = CARTESIAN_POINT ( 'NONE',  ( -0.07692307692306991900, -5.951950625534594900, 24.69279821630586700 ) ) ;
#883 = CARTESIAN_POINT ( 'NONE',  ( 1.153846153846160600, -6.468232102463895600, 24.56261332734478100 ) ) ;
#884 = CARTESIAN_POINT ( 'NONE',  ( 1.153911069525852100, -6.441378124960911200, 24.56968495922078300 ) ) ;
#885 = CARTESIAN_POINT ( 'NONE',  ( 1.153718042637650500, -6.406816068610544900, 24.57871720295735300 ) ) ;
#886 = CARTESIAN_POINT ( 'NONE',  ( 1.153089415137838800, -6.380851552320573100, 24.58545905045543000 ) ) ;
#887 = CARTESIAN_POINT ( 'NONE',  ( 1.152573530002051200, -6.365453878094830200, 24.58945018051888500 ) ) ;
#888 = CARTESIAN_POINT ( 'NONE',  ( 1.152060649851413000, -6.353016682159260900, 24.59266761300993000 ) ) ;
#889 = CARTESIAN_POINT ( 'NONE',  ( 1.149594768438988900, -6.299695592790329500, 24.60641737520272100 ) ) ;
#890 = CARTESIAN_POINT ( 'NONE',  ( 1.147614218773493500, -6.267148193159152400, 24.61473629462571800 ) ) ;
#891 = CARTESIAN_POINT ( 'NONE',  ( 1.139423076923084000, -6.219755588067309700, 24.62670583786441700 ) ) ;
#892 = CARTESIAN_POINT ( 'NONE',  ( 0.1153846153846222200, -4.592425496802558200E-016, 0.0000000000000000000 ) ) ;
#893 = DIRECTION ( 'NONE',  ( -1.000000000000000000, -0.0000000000000000000, -0.0000000000000000000 ) ) ;
#894 = DIRECTION ( 'NONE',  ( 0.0000000000000000000, -0.2565076089981618800, 0.9665422114558919200 ) ) ;
#895 = CARTESIAN_POINT ( 'NONE',  ( 1.153846153846160600, -4.592425496802558200E-016, 0.0000000000000000000 ) ) ;
#896 = DIRECTION ( 'NONE',  ( -1.000000000000000000, -0.0000000000000000000, -0.0000000000000000000 ) ) ;
#897 = DIRECTION ( 'NONE',  ( 0.0000000000000000000, -0.2546548071836179400, 0.9670320207616056600 ) ) ;
#898 = CARTESIAN_POINT ( 'NONE',  ( 0.1153846153846222200, -7.151954871063665600, 24.37231095982218300 ) ) ;
#899 = DIRECTION ( 'NONE',  ( 1.000000000000000000, 0.0000000000000000000, 0.0000000000000000000 ) ) ;
#900 = CARTESIAN_POINT ( 'NONE',  ( 0.3846153846153912400, 3.774430594881038400, 25.11799501720680500 ) ) ;
#901 = CARTESIAN_POINT ( 'NONE',  ( -0.2307692307692241800, 4.243522971035213600, 25.04750544926283200 ) ) ;
#902 = CARTESIAN_POINT ( 'NONE',  ( -0.8461538461538397100, 4.710640106601948300, 24.96387161925465400 ) ) ;
#903 = CARTESIAN_POINT ( 'NONE',  ( -1.461538461538455000, 5.175049209640343800, 24.86722472809945100 ) ) ;
#904 = CARTESIAN_POINT ( 'NONE',  ( 0.7692307692307763800, 3.774430594881038400, 25.11799501720680500 ) ) ;
#905 = DIRECTION ( 'NONE',  ( -1.000000000000000000, 0.0000000000000000000, 0.0000000000000000000 ) ) ;
#906 = CARTESIAN_POINT ( 'NONE',  ( -1.461538461538455000, 5.438337107325388300, 24.81097518250920300 ) ) ;
#907 = DIRECTION ( 'NONE',  ( 1.000000000000000000, 0.0000000000000000000, 0.0000000000000000000 ) ) ;
#908 = CARTESIAN_POINT ( 'NONE',  ( 1.500000000000006400, -7.556903145308195000, 24.24980855290266400 ) ) ;
#909 = DIRECTION ( 'NONE',  ( -1.000000000000000000, 0.0000000000000000000, 0.0000000000000000000 ) ) ;
#910 = CARTESIAN_POINT ( 'NONE',  ( 1.500000000000006400, -4.592425496802558200E-016, 0.0000000000000000000 ) ) ;
#911 = DIRECTION ( 'NONE',  ( -1.000000000000000000, -0.0000000000000000000, -0.0000000000000000000 ) ) ;
#912 = DIRECTION ( 'NONE',  ( 0.0000000000000000000, -0.2549064772791395600, 0.9669657118228854900 ) ) ;
#913 = CARTESIAN_POINT ( 'NONE',  ( -0.6718749999999936700, 3.469884963182718000, 25.16187390363202400 ) ) ;
#914 = CARTESIAN_POINT ( 'NONE',  ( -0.6506174188891855600, 3.469299778453674300, 25.16195460206092000 ) ) ;
#915 = CARTESIAN_POINT ( 'NONE',  ( -0.6226853836130512600, 3.468261369933340900, 25.16209777101847700 ) ) ;
#916 = CARTESIAN_POINT ( 'NONE',  ( -0.5970180978068667700, 3.466768778713568800, 25.16230344397161600 ) ) ;
#917 = CARTESIAN_POINT ( 'NONE',  ( -0.5875007086076378100, 3.466068856601704200, 25.16239986050592800 ) ) ;
#918 = CARTESIAN_POINT ( 'NONE',  ( -0.5814853105073256600, 3.465588855004366800, 25.16246597507412000 ) ) ;
#919 = CARTESIAN_POINT ( 'NONE',  ( -0.5798249893370864800, 3.465454050514234800, 25.16248454266256500 ) ) ;
#920 = CARTESIAN_POINT ( 'NONE',  ( -0.5450779254052693400, 3.462166553280776200, 25.16293725817097700 ) ) ;
#921 = CARTESIAN_POINT ( 'NONE',  ( -0.5122572255404632700, 3.457042560405728900, 25.16364243650400900 ) ) ;
#922 = CARTESIAN_POINT ( 'NONE',  ( -0.4499501877700256600, 3.443908501715289300, 25.16544333343831100 ) ) ;
#923 = CARTESIAN_POINT ( 'NONE',  ( -0.4037005614767051300, 3.431884449047048600, 25.16708829289090900 ) ) ;
#924 = CARTESIAN_POINT ( 'NONE',  ( -0.3581719132351472400, 3.416598861749741400, 25.16916531296312700 ) ) ;
#925 = CARTESIAN_POINT ( 'NONE',  ( -0.3279796984189443100, 3.405683497701665900, 25.17064461325649200 ) ) ;
#926 = CARTESIAN_POINT ( 'NONE',  ( -0.3110342534208208100, 3.399064632109744600, 25.17153926842054200 ) ) ;
#927 = CARTESIAN_POINT ( 'NONE',  ( -0.2460020344166887800, 3.372144374089051300, 25.17516861033198000 ) ) ;
#928 = CARTESIAN_POINT ( 'NONE',  ( -0.1928880439293646500, 3.344681544069671600, 25.17884508898904300 ) ) ;
#929 = CARTESIAN_POINT ( 'NONE',  ( -0.1115847352723502600, 3.294585967113473800, 25.18543203852053100 ) ) ;
#930 = CARTESIAN_POINT ( 'NONE',  ( -0.07052500021233636100, 3.267312774993326800, 25.18899298203833900 ) ) ;
#931 = CARTESIAN_POINT ( 'NONE',  ( -0.02190783469551582300, 3.231596407758102100, 25.19359016548524400 ) ) ;
#932 = CARTESIAN_POINT ( 'NONE',  ( 0.002579283382928433700, 3.212763368362236100, 25.19599581421120500 ) ) ;
#933 = CARTESIAN_POINT ( 'NONE',  ( 0.01311202012798365900, 3.204483119547703000, 25.19704934726244300 ) ) ;
#934 = CARTESIAN_POINT ( 'NONE',  ( 0.02014234630659338500, 3.198916515667751300, 25.19775666597390500 ) ) ;
#935 = CARTESIAN_POINT ( 'NONE',  ( 0.02457137272087816000, 3.195379513975717100, 25.19820537735449800 ) ) ;
#936 = CARTESIAN_POINT ( 'NONE',  ( 0.06901026160301156100, 3.159692060563062700, 25.20272787550083000 ) ) ;
#937 = CARTESIAN_POINT ( 'NONE',  ( 0.1130455488579478100, 3.120956645898575600, 25.20756998866929500 ) ) ;
#938 = CARTESIAN_POINT ( 'NONE',  ( 0.2055370246877955600, 3.033174506097299000, 25.21828319959153200 ) ) ;
#939 = CARTESIAN_POINT ( 'NONE',  ( 0.2548078009458319400, 2.983256154846141600, 25.22425551563041400 ) ) ;
#940 = CARTESIAN_POINT ( 'NONE',  ( 0.3295858782734945000, 2.903245046351855800, 25.23354689895265000 ) ) ;
#941 = CARTESIAN_POINT ( 'NONE',  ( 0.3643989011297945600, 2.865555275243732300, 25.23785959588774100 ) ) ;
#942 = CARTESIAN_POINT ( 'NONE',  ( 0.4005060667989682700, 2.825640959963985600, 25.24234469877246300 ) ) ;
#943 = CARTESIAN_POINT ( 'NONE',  ( 0.4150145604436458700, 2.809404609507227600, 25.24415327046456500 ) ) ;
#944 = CARTESIAN_POINT ( 'NONE',  ( 0.4244722215561372900, 2.798773705266514700, 25.24533411047149700 ) ) ;
#945 = CARTESIAN_POINT ( 'NONE',  ( 0.4304903705249340500, 2.791970173301209000, 25.24608712685853000 ) ) ;
#946 = CARTESIAN_POINT ( 'NONE',  ( 0.4585479620347199800, 2.760133962911003100, 25.24960338502464200 ) ) ;
#947 = CARTESIAN_POINT ( 'NONE',  ( 0.5003100787269032500, 2.711882101737545200, 25.25490849909662900 ) ) ;
#948 = CARTESIAN_POINT ( 'NONE',  ( 0.5588942307692378300, 2.643641110814427100, 25.26204983126293900 ) ) ;
#949 = CARTESIAN_POINT ( 'NONE',  ( -1.499999999999992700, 2.553372086102944300, 25.27133338369604600 ) ) ;
#950 = CARTESIAN_POINT ( 'NONE',  ( -1.499668835639190700, 2.572613449837545500, 25.26938926937836200 ) ) ;
#951 = CARTESIAN_POINT ( 'NONE',  ( -1.499100557523968000, 2.597862848426673900, 25.26680533485073400 ) ) ;
#952 = CARTESIAN_POINT ( 'NONE',  ( -1.498312386135009400, 2.621002115353949800, 25.26440993792145300 ) ) ;
#953 = CARTESIAN_POINT ( 'NONE',  ( -1.497947774056628500, 2.629565317794433800, 25.26351902705797800 ) ) ;
#954 = CARTESIAN_POINT ( 'NONE',  ( -1.497698738373205000, 2.634973344955118300, 25.26295554487722900 ) ) ;
#955 = CARTESIAN_POINT ( 'NONE',  ( -1.497632915296966700, 2.636390991880518200, 25.26280774579290900 ) ) ;
#956 = CARTESIAN_POINT ( 'NONE',  ( -1.495903528811536800, 2.668244092984643600, 25.25947908983640000 ) ) ;
#957 = CARTESIAN_POINT ( 'NONE',  ( -1.493280482731028400, 2.695965486697375500, 25.25653752511016100 ) ) ;
#958 = CARTESIAN_POINT ( 'NONE',  ( -1.485045296326760200, 2.756201432752870300, 25.25003507571528500 ) ) ;
#959 = CARTESIAN_POINT ( 'NONE',  ( -1.477420031670363800, 2.799921599207182000, 25.24523382162358900 ) ) ;
#960 = CARTESIAN_POINT ( 'NONE',  ( -1.467621454734175700, 2.841458657929683400, 25.24056853779601900 ) ) ;
#961 = CARTESIAN_POINT ( 'NONE',  ( -1.460606111825651500, 2.868665125205484200, 25.23749091758789800 ) ) ;
#962 = CARTESIAN_POINT ( 'NONE',  ( -1.457240597091878300, 2.880764775745018500, 25.23611308820506900 ) ) ;
#963 = CARTESIAN_POINT ( 'NONE',  ( -1.435369269085140100, 2.952662641424427500, 25.22786426211140700 ) ) ;
#964 = CARTESIAN_POINT ( 'NONE',  ( -1.401514092068957300, 3.033422173419456900, 25.21830107768727600 ) ) ;
#965 = CARTESIAN_POINT ( 'NONE',  ( -1.356244539940631100, 3.105920994524267200, 25.20939911292740400 ) ) ;
#966 = CARTESIAN_POINT ( 'NONE',  ( -1.323528310719047900, 3.152419551942113900, 25.20362671973270000 ) ) ;
#967 = CARTESIAN_POINT ( 'NONE',  ( -1.306827206506434600, 3.173703086293735900, 25.20095477378690100 ) ) ;
#968 = CARTESIAN_POINT ( 'NONE',  ( -1.247367456367376900, 3.241097728026441700, 25.19240632966600300 ) ) ;
#969 = CARTESIAN_POINT ( 'NONE',  ( -1.204512145275290300, 3.280696246386877000, 25.18726319749004000 ) ) ;
#970 = CARTESIAN_POINT ( 'NONE',  ( -1.135405962138087600, 3.332111076078802600, 25.18049512195593900 ) ) ;
#971 = CARTESIAN_POINT ( 'NONE',  ( -1.111566698342508100, 3.347918832260586600, 25.17839655041198900 ) ) ;
#972 = CARTESIAN_POINT ( 'NONE',  ( -1.062280431918324600, 3.376875237759026800, 25.17452932997582900 ) ) ;
#973 = CARTESIAN_POINT ( 'NONE',  ( -1.035620962525519500, 3.390569822422040400, 25.17268689877119700 ) ) ;
#974 = CARTESIAN_POINT ( 'NONE',  ( -0.9605057466827774400, 3.424391777865033700, 25.16811591376745100 ) ) ;
#975 = CARTESIAN_POINT ( 'NONE',  ( -0.9068726869248398000, 3.441324193300236100, 25.16579903599062000 ) ) ;
#976 = CARTESIAN_POINT ( 'NONE',  ( -0.8294119587722302800, 3.456658423793429200, 25.16369452453120600 ) ) ;
#977 = CARTESIAN_POINT ( 'NONE',  ( -0.8070344595082502600, 3.460544035146458300, 25.16316041652435200 ) ) ;
#978 = CARTESIAN_POINT ( 'NONE',  ( -0.7859480390169750800, 3.463357795624717000, 25.16277316717451000 ) ) ;
#979 = CARTESIAN_POINT ( 'NONE',  ( -0.7721773317500589800, 3.464995456773662500, 25.16254770820573200 ) ) ;
#980 = CARTESIAN_POINT ( 'NONE',  ( -0.7636361814712281400, 3.465853529963496300, 25.16242952281400100 ) ) ;
#981 = CARTESIAN_POINT ( 'NONE',  ( -0.7396401944853090400, 3.467965149939136200, 25.16213863380223300 ) ) ;
#982 = CARTESIAN_POINT ( 'NONE',  ( -0.7106528664606250900, 3.469168176738536900, 25.16197275026459600 ) ) ;
#983 = CARTESIAN_POINT ( 'NONE',  ( -0.6718749999999936700, 3.469884963182718000, 25.16187390363202400 ) ) ;
#984 = CARTESIAN_POINT ( 'NONE',  ( -0.6538461538461471900, 1.595103530564047700, 25.34986478714989400 ) ) ;
#985 = CARTESIAN_POINT ( 'NONE',  ( -0.6735923584021715800, 1.597417065107726400, 25.34971921133915600 ) ) ;
#986 = CARTESIAN_POINT ( 'NONE',  ( -0.6995043443232776800, 1.600577270837605400, 25.34951988682538400 ) ) ;
#987 = CARTESIAN_POINT ( 'NONE',  ( -0.7232471829669410200, 1.603721534747177800, 25.34932106533070600 ) ) ;
#988 = CARTESIAN_POINT ( 'NONE',  ( -0.7320324399004474200, 1.604952798079808600, 25.34924311837686200 ) ) ;
#989 = CARTESIAN_POINT ( 'NONE',  ( -0.7375803344467080100, 1.605747800906987000, 25.34919277133935700 ) ) ;
#990 = CARTESIAN_POINT ( 'NONE',  ( -0.7388404580259745300, 1.605927425680236100, 25.34918139580197800 ) ) ;
#991 = CARTESIAN_POINT ( 'NONE',  ( -0.7732596607018650300, 1.611116997373759800, 25.34885250628855900 ) ) ;
#992 = CARTESIAN_POINT ( 'NONE',  ( -0.8009383707820150200, 1.616320925870285500, 25.34852175300970200 ) ) ;
#993 = CARTESIAN_POINT ( 'NONE',  ( -0.8602738935779166200, 1.630206248019682200, 25.34763255191951700 ) ) ;
#994 = CARTESIAN_POINT ( 'NONE',  ( -0.8892755774390614900, 1.638307345872973300, 25.34711098207522900 ) ) ;
#995 = CARTESIAN_POINT ( 'NONE',  ( -0.9459467900877404100, 1.656825977655644700, 25.34590723917662200 ) ) ;
#996 = CARTESIAN_POINT ( 'NONE',  ( -0.9724711390783727900, 1.666752612201498200, 25.34525758333667200 ) ) ;
#997 = CARTESIAN_POINT ( 'NONE',  ( -1.056917032221258400, 1.702951701983050500, 25.34285975269122600 ) ) ;
#998 = CARTESIAN_POINT ( 'NONE',  ( -1.108902574629074400, 1.732272056070403200, 25.34088455139386300 ) ) ;
#999 = CARTESIAN_POINT ( 'NONE',  ( -1.204250220069820600, 1.801280319499906100, 25.33607281197890200 ) ) ;
#1000 = CARTESIAN_POINT ( 'NONE',  ( -1.249729450905074700, 1.842981534774785800, 25.33308919386622500 ) ) ;
#1001 = CARTESIAN_POINT ( 'NONE',  ( -1.325425502038035000, 1.931932277538794800, 25.32646099866512700 ) ) ;
#1002 = CARTESIAN_POINT ( 'NONE',  ( -1.374565395378852100, 2.004473686400614100, 25.32088022124478100 ) ) ;
#1003 = CARTESIAN_POINT ( 'NONE',  ( -1.418539017177562900, 2.099289231816176200, 25.31312672671539600 ) ) ;
#1004 = CARTESIAN_POINT ( 'NONE',  ( -1.434522800712958500, 2.142104619543716600, 25.30951599660024700 ) ) ;
#1005 = CARTESIAN_POINT ( 'NONE',  ( -1.444542644319146700, 2.171132440057920400, 25.30704242125031200 ) ) ;
#1006 = CARTESIAN_POINT ( 'NONE',  ( -1.449659242325889400, 2.187344688917857400, 25.30564577281267800 ) ) ;
#1007 = CARTESIAN_POINT ( 'NONE',  ( -1.461506924745888500, 2.227970046608324300, 25.30211233356321200 ) ) ;
#1008 = CARTESIAN_POINT ( 'NONE',  ( -1.468418486413235700, 2.256066532605103300, 25.29962485908102500 ) ) ;
#1009 = CARTESIAN_POINT ( 'NONE',  ( -1.480267823189291600, 2.314283219775569800, 25.29436592184980300 ) ) ;
#1010 = CARTESIAN_POINT ( 'NONE',  ( -1.485405137086893300, 2.345975682193926800, 25.29144676603859700 ) ) ;
#1011 = CARTESIAN_POINT ( 'NONE',  ( -1.491032151647637500, 2.390313588732156700, 25.28728180929545700 ) ) ;
#1012 = CARTESIAN_POINT ( 'NONE',  ( -1.493440626058161200, 2.412494328096952400, 25.28517861819292600 ) ) ;
#1013 = CARTESIAN_POINT ( 'NONE',  ( -1.495541705348202700, 2.438392411399616900, 25.28268852826741800 ) ) ;
#1014 = CARTESIAN_POINT ( 'NONE',  ( -1.496290280574885400, 2.449495986679021800, 25.28161354112311800 ) ) ;
#1015 = CARTESIAN_POINT ( 'NONE',  ( -1.496755577986852400, 2.456899346389172800, 25.28089514699130200 ) ) ;
#1016 = CARTESIAN_POINT ( 'NONE',  ( -1.497037615391882100, 2.461835107621506100, 25.28041483158612500 ) ) ;
#1017 = CARTESIAN_POINT ( 'NONE',  ( -1.498231293475746500, 2.484056668627709900, 25.27824868015339600 ) ) ;
#1018 = CARTESIAN_POINT ( 'NONE',  ( -1.499174544712381400, 2.513749512273940800, 25.27533678044835600 ) ) ;
#1019 = CARTESIAN_POINT ( 'NONE',  ( -1.499999999999992700, 2.553372086102944300, 25.27133338369604600 ) ) ;
#1020 = CARTESIAN_POINT ( 'NONE',  ( -0.6153846153846078700, 1.978762214450436900, 25.32280592862219100 ) ) ;
#1021 = CARTESIAN_POINT ( 'NONE',  ( -0.6282051282051210900, 1.850946719151519200, 25.33279362403128900 ) ) ;
#1022 = CARTESIAN_POINT ( 'NONE',  ( -0.6410256410256340900, 1.723055603989998000, 25.34181358822720000 ) ) ;
#1023 = CARTESIAN_POINT ( 'NONE',  ( -0.6538461538461471900, 1.595103530564047700, 25.34986478714989400 ) ) ;
#1024 = CARTESIAN_POINT ( 'NONE',  ( -1.153846153846146900, 2.545001103996205900, 25.27217777281289200 ) ) ;
#1025 = CARTESIAN_POINT ( 'NONE',  ( -1.153328905953059600, 2.522608605480267700, 25.27443277964122400 ) ) ;
#1026 = CARTESIAN_POINT ( 'NONE',  ( -1.152021939053226500, 2.492085577053024400, 25.27746184257484400 ) ) ;
#1027 = CARTESIAN_POINT ( 'NONE',  ( -1.149567727981399200, 2.461844406433298700, 25.28041606496580900 ) ) ;
#1028 = CARTESIAN_POINT ( 'NONE',  ( -1.148316762588755400, 2.450034750986688900, 25.28156135132225300 ) ) ;
#1029 = CARTESIAN_POINT ( 'NONE',  ( -1.147438527738642300, 2.442417426672276900, 25.28229838752009000 ) ) ;
#1030 = CARTESIAN_POINT ( 'NONE',  ( -1.147165280809767200, 2.440118472596768400, 25.28252057087472000 ) ) ;
#1031 = CARTESIAN_POINT ( 'NONE',  ( -1.143808406790950000, 2.415445052311778500, 25.28489704213652400 ) ) ;
#1032 = CARTESIAN_POINT ( 'NONE',  ( -1.138831592554024400, 2.387207244662362000, 25.28758190525350400 ) ) ;
#1033 = CARTESIAN_POINT ( 'NONE',  ( -1.132431930195582700, 2.361026300688368700, 25.29003020272390500 ) ) ;
#1034 = CARTESIAN_POINT ( 'NONE',  ( -1.127849300151840200, 2.344029557137395200, 25.29161122353606900 ) ) ;
#1035 = CARTESIAN_POINT ( 'NONE',  ( -1.125807650453929400, 2.337017254928429400, 25.29226042775492900 ) ) ;
#1036 = CARTESIAN_POINT ( 'NONE',  ( -1.110731335188905700, 2.290524536200254900, 25.29653914021521300 ) ) ;
#1037 = CARTESIAN_POINT ( 'NONE',  ( -1.088116221804199500, 2.238852696962125900, 25.30117105994001000 ) ) ;
#1038 = CARTESIAN_POINT ( 'NONE',  ( -1.058715805819474800, 2.193367459981258700, 25.30512497965020200 ) ) ;
#1039 = CARTESIAN_POINT ( 'NONE',  ( -1.037607683474098400, 2.164419426970735700, 25.30761742231719300 ) ) ;
#1040 = CARTESIAN_POINT ( 'NONE',  ( -1.027388885893285400, 2.151815913807499900, 25.30869205776507900 ) ) ;
#1041 = CARTESIAN_POINT ( 'NONE',  ( -0.9879356089995813300, 2.108972906417704100, 25.31231034273209700 ) ) ;
#1042 = CARTESIAN_POINT ( 'NONE',  ( -0.9591626601294400700, 2.084193530418250600, 25.31435360402297600 ) ) ;
#1043 = CARTESIAN_POINT ( 'NONE',  ( -0.9168841111561888400, 2.055785466900013100, 25.31667111568026500 ) ) ;
#1044 = CARTESIAN_POINT ( 'NONE',  ( -0.9016223099121659600, 2.046920650926527900, 25.31738897518356900 ) ) ;
#1045 = CARTESIAN_POINT ( 'NONE',  ( -0.8687608042515736500, 2.030400414882148800, 25.31871921774840200 ) ) ;
#1046 = CARTESIAN_POINT ( 'NONE',  ( -0.8499673906519268400, 2.022296568860205000, 25.31936729960602900 ) ) ;
#1047 = CARTESIAN_POINT ( 'NONE',  ( -0.8148174970124022500, 2.009092245960888000, 25.32041848414048600 ) ) ;
#1048 = CARTESIAN_POINT ( 'NONE',  ( -0.7882912813867859500, 2.000603393731131200, 25.32109045579182500 ) ) ;
#1049 = CARTESIAN_POINT ( 'NONE',  ( -0.7570573878806145000, 1.993175312078636200, 25.32167565838344500 ) ) ;
#1050 = CARTESIAN_POINT ( 'NONE',  ( -0.7436100102473358600, 1.990522359128532600, 25.32188423919617600 ) ) ;
#1051 = CARTESIAN_POINT ( 'NONE',  ( -0.7346314422088197100, 1.988871618001013800, 25.32201394779950800 ) ) ;
#1052 = CARTESIAN_POINT ( 'NONE',  ( -0.7289077096822009800, 1.987912317374811400, 25.32208926776919000 ) ) ;
#1053 = CARTESIAN_POINT ( 'NONE',  ( -0.6994299202546527800, 1.983280936470564400, 25.32245275993878400 ) ) ;
#1054 = CARTESIAN_POINT ( 'NONE',  ( -0.6626806588009195300, 1.980402401661181000, 25.32267776192192300 ) ) ;
#1055 = CARTESIAN_POINT ( 'NONE',  ( -0.6153846153846078700, 1.978762214450436900, 25.32280592862219100 ) ) ;
#1056 = CARTESIAN_POINT ( 'NONE',  ( -0.6682692307692240700, 3.088492126486388900, 25.21152943366648500 ) ) ;
#1057 = CARTESIAN_POINT ( 'NONE',  ( -0.6796981471065380900, 3.088204579885005100, 25.21156465903497000 ) ) ;
#1058 = CARTESIAN_POINT ( 'NONE',  ( -0.6896711204835216400, 3.087857109043003600, 25.21160722053620200 ) ) ;
#1059 = CARTESIAN_POINT ( 'NONE',  ( -0.7067051813168264700, 3.087042317057554700, 25.21170700093820800 ) ) ;
#1060 = CARTESIAN_POINT ( 'NONE',  ( -0.7118424684758168900, 3.086755958051898000, 25.21174206921264000 ) ) ;
#1061 = CARTESIAN_POINT ( 'NONE',  ( -0.7269003580624614500, 3.085339538741314900, 25.21191544567280500 ) ) ;
#1062 = CARTESIAN_POINT ( 'NONE',  ( -0.7348778659354976400, 3.084342777562525000, 25.21203742872168300 ) ) ;
#1063 = CARTESIAN_POINT ( 'NONE',  ( -0.7517300078409974200, 3.081772127049371900, 25.21235177911230000 ) ) ;
#1064 = CARTESIAN_POINT ( 'NONE',  ( -0.7617575201991848600, 3.079967929915365500, 25.21257226572427300 ) ) ;
#1065 = CARTESIAN_POINT ( 'NONE',  ( -0.7862684765585448200, 3.075071433705850700, 25.21317010001536800 ) ) ;
#1066 = CARTESIAN_POINT ( 'NONE',  ( -0.8025130890093327100, 3.070785081891209700, 25.21369285880613000 ) ) ;
#1067 = CARTESIAN_POINT ( 'NONE',  ( -0.8348102636666718800, 3.060167956338243100, 25.21498365409697600 ) ) ;
#1068 = CARTESIAN_POINT ( 'NONE',  ( -0.8521004885963826500, 3.053266829389269100, 25.21582059636241300 ) ) ;
#1069 = CARTESIAN_POINT ( 'NONE',  ( -0.8962571116801966200, 3.032918099203953500, 25.21827897619215600 ) ) ;
#1070 = CARTESIAN_POINT ( 'NONE',  ( -0.9384225182976071400, 3.007312668408312900, 25.22135688167379500 ) ) ;
#1071 = CARTESIAN_POINT ( 'NONE',  ( -0.9841308638683818900, 2.968233797982655600, 25.22597569540723900 ) ) ;
#1072 = CARTESIAN_POINT ( 'NONE',  ( -1.002973448652383800, 2.949512076303597100, 25.22816721068348000 ) ) ;
#1073 = CARTESIAN_POINT ( 'NONE',  ( -1.015369237136185300, 2.936592232584698300, 25.22967436091852300 ) ) ;
#1074 = CARTESIAN_POINT ( 'NONE',  ( -1.022259111061445200, 2.929026666286153700, 25.23055368837605900 ) ) ;
#1075 = CARTESIAN_POINT ( 'NONE',  ( -1.069572223563615800, 2.874915262724290900, 25.23682243861260900 ) ) ;
#1076 = CARTESIAN_POINT ( 'NONE',  ( -1.106494028536796100, 2.806984989262613100, 25.24449669462275000 ) ) ;
#1077 = CARTESIAN_POINT ( 'NONE',  ( -1.130015979739735100, 2.730602512623527800, 25.25280273650782100 ) ) ;
#1078 = CARTESIAN_POINT ( 'NONE',  ( -1.136244353550195600, 2.706724272936691800, 25.25537831896845400 ) ) ;
#1079 = CARTESIAN_POINT ( 'NONE',  ( -1.142061419449165800, 2.677179252969687600, 25.25852020322739800 ) ) ;
#1080 = CARTESIAN_POINT ( 'NONE',  ( -1.144243868360173900, 2.664155479203770000, 25.25989499171597100 ) ) ;
#1081 = CARTESIAN_POINT ( 'NONE',  ( -1.145629816671644800, 2.655392590914201100, 25.26081767477067100 ) ) ;
#1082 = CARTESIAN_POINT ( 'NONE',  ( -1.146462222627908600, 2.649727136455343400, 25.26141240254594700 ) ) ;
#1083 = CARTESIAN_POINT ( 'NONE',  ( -1.150512365830541200, 2.620765150057759600, 25.26444656142555800 ) ) ;
#1084 = CARTESIAN_POINT ( 'NONE',  ( -1.152823670932819500, 2.586932385264807200, 25.26795513881278100 ) ) ;
#1085 = CARTESIAN_POINT ( 'NONE',  ( -1.153846153846146900, 2.545001103996205900, 25.27217777281289200 ) ) ;
#1086 = CARTESIAN_POINT ( 'NONE',  ( 0.3780048076923144300, 2.286563760403152600, 25.29686988877499600 ) ) ;
#1087 = CARTESIAN_POINT ( 'NONE',  ( 0.3361068138094884800, 2.336140421843306400, 25.29238869414857400 ) ) ;
#1088 = CARTESIAN_POINT ( 'NONE',  ( 0.2778909875821774500, 2.404047949982143400, 25.28603184242188500 ) ) ;
#1089 = CARTESIAN_POINT ( 'NONE',  ( 0.2266219082502573000, 2.462282286606554600, 25.28037787367508600 ) ) ;
#1090 = CARTESIAN_POINT ( 'NONE',  ( 0.1939862435612863300, 2.498956891942858000, 25.27677894722640800 ) ) ;
#1091 = CARTESIAN_POINT ( 'NONE',  ( 0.1701915365627735300, 2.525416884928647600, 25.27415295087498800 ) ) ;
#1092 = CARTESIAN_POINT ( 'NONE',  ( 0.1070011953827419000, 2.594639089199238100, 25.26717236463987200 ) ) ;
#1093 = CARTESIAN_POINT ( 'NONE',  ( 0.04670347090343170800, 2.658799463695033200, 25.26051171044920100 ) ) ;
#1094 = CARTESIAN_POINT ( 'NONE',  ( -0.01858179509616592100, 2.724807478122632400, 25.25343522023026900 ) ) ;
#1095 = CARTESIAN_POINT ( 'NONE',  ( -0.04995890828939752300, 2.755601493710684300, 25.25008495128893000 ) ) ;
#1096 = CARTESIAN_POINT ( 'NONE',  ( -0.06533108493437407600, 2.770446178634176100, 25.24845854565351600 ) ) ;
#1097 = CARTESIAN_POINT ( 'NONE',  ( -0.07185136493543986500, 2.776689849907359300, 25.24777213550075700 ) ) ;
#1098 = CARTESIAN_POINT ( 'NONE',  ( -0.07618315255750100800, 2.780826002423719200, 25.24731690839626100 ) ) ;
#1099 = CARTESIAN_POINT ( 'NONE',  ( -0.07738019749671830300, 2.781968353378127200, 25.24719114902189800 ) ) ;
#1100 = CARTESIAN_POINT ( 'NONE',  ( -0.1053894945305429200, 2.808557593964849300, 25.24425815202289100 ) ) ;
#1101 = CARTESIAN_POINT ( 'NONE',  ( -0.1398829336521284800, 2.840341726823260700, 25.24070226758764700 ) ) ;
#1102 = CARTESIAN_POINT ( 'NONE',  ( -0.1751337713444955400, 2.871009103738471500, 25.23722293606883600 ) ) ;
#1103 = CARTESIAN_POINT ( 'NONE',  ( -0.1891716643663350100, 2.882778271771593300, 25.23587929591168700 ) ) ;
#1104 = CARTESIAN_POINT ( 'NONE',  ( -0.1982925688594905100, 2.890319099633547900, 25.23501674071794600 ) ) ;
#1105 = CARTESIAN_POINT ( 'NONE',  ( -0.2010613668863459300, 2.892595937778626800, 25.23475603495580100 ) ) ;
#1106 = CARTESIAN_POINT ( 'NONE',  ( -0.2310392178073177000, 2.916626370372843900, 25.23199685049739900 ) ) ;
#1107 = CARTESIAN_POINT ( 'NONE',  ( -0.2664276364687048800, 2.943090652953865400, 25.22892504805196300 ) ) ;
#1108 = CARTESIAN_POINT ( 'NONE',  ( -0.3009385514644222200, 2.965999081511126800, 25.22623441204471800 ) ) ;
#1109 = CARTESIAN_POINT ( 'NONE',  ( -0.3237508273136406900, 2.980481415670447600, 25.22452742260589500 ) ) ;
#1110 = CARTESIAN_POINT ( 'NONE',  ( -0.3335561464086093100, 2.986462539957851300, 25.22382000770805600 ) ) ;
#1111 = CARTESIAN_POINT ( 'NONE',  ( -0.3971284240704145400, 3.023044537323381900, 25.21947799353815600 ) ) ;
#1112 = CARTESIAN_POINT ( 'NONE',  ( -0.4472574406040261100, 3.045380964522001100, 25.21677897615773000 ) ) ;
#1113 = CARTESIAN_POINT ( 'NONE',  ( -0.5146503750826596500, 3.066408396624650900, 25.21422530025612800 ) ) ;
#1114 = CARTESIAN_POINT ( 'NONE',  ( -0.5350757596489005300, 3.072009558858587000, 25.21354348590369900 ) ) ;
#1115 = CARTESIAN_POINT ( 'NONE',  ( -0.5558124005491179600, 3.076550290824378000, 25.21298951503381900 ) ) ;
#1116 = CARTESIAN_POINT ( 'NONE',  ( -0.5697059958901461400, 3.079341808867886800, 25.21264873037608500 ) ) ;
#1117 = CARTESIAN_POINT ( 'NONE',  ( -0.5782593618543525600, 3.080879686215372900, 25.21246083153169000 ) ) ;
#1118 = CARTESIAN_POINT ( 'NONE',  ( -0.6054792692950903300, 3.085380650872249200, 25.21191066536800900 ) ) ;
#1119 = CARTESIAN_POINT ( 'NONE',  ( -0.6336678984373312900, 3.087618022264516900, 25.21163651419938400 ) ) ;
#1120 = CARTESIAN_POINT ( 'NONE',  ( -0.6682692307692240700, 3.088492126486388900, 25.21152943366648500 ) ) ;
#1121 = CARTESIAN_POINT ( 'NONE',  ( 1.233173076923084000, 1.596902852576939100, 25.34975150330731700 ) ) ;
#1122 = CARTESIAN_POINT ( 'NONE',  ( 1.204727379421530100, 1.607149571717225100, 25.34910601315241500 ) ) ;
#1123 = CARTESIAN_POINT ( 'NONE',  ( 1.167194156029837100, 1.621269706652564300, 25.34820722353421000 ) ) ;
#1124 = CARTESIAN_POINT ( 'NONE',  ( 1.137363916929103400, 1.633515310446030700, 25.34741885869187800 ) ) ;
#1125 = CARTESIAN_POINT ( 'NONE',  ( 1.119188865148827100, 1.641262520511353600, 25.34691840059053900 ) ) ;
#1126 = CARTESIAN_POINT ( 'NONE',  ( 1.112980472227461900, 1.643979545041214200, 25.34674240894181800 ) ) ;
#1127 = CARTESIAN_POINT ( 'NONE',  ( 1.084783479941684400, 1.657195789589534200, 25.34588290184465000 ) ) ;
#1128 = CARTESIAN_POINT ( 'NONE',  ( 1.055315245335327200, 1.672019950368701400, 25.34491200737646500 ) ) ;
#1129 = CARTESIAN_POINT ( 'NONE',  ( 1.023940147248098900, 1.689255413768675500, 25.34376555418432600 ) ) ;
#1130 = CARTESIAN_POINT ( 'NONE',  ( 1.002599667749754000, 1.701281489282157300, 25.34296110585014700 ) ) ;
#1131 = CARTESIAN_POINT ( 'NONE',  ( 0.9902710769519118500, 1.708416264343644700, 25.34248106338657200 ) ) ;
#1132 = CARTESIAN_POINT ( 'NONE',  ( 0.9420335276479456800, 1.736890816048728400, 25.34055507638337100 ) ) ;
#1133 = CARTESIAN_POINT ( 'NONE',  ( 0.8849312064340753000, 1.774428271288066100, 25.33797025266186500 ) ) ;
#1134 = CARTESIAN_POINT ( 'NONE',  ( 0.8196816230986169200, 1.824112036159726300, 25.33442326341457100 ) ) ;
#1135 = CARTESIAN_POINT ( 'NONE',  ( 0.7920110426864310800, 1.846666718868568400, 25.33278273294245500 ) ) ;
#1136 = CARTESIAN_POINT ( 'NONE',  ( 0.7736292172408818500, 1.861983477901703300, 25.33166154228863200 ) ) ;
#1137 = CARTESIAN_POINT ( 'NONE',  ( 0.7631176866742743800, 1.870959218555012800, 25.33099993231287800 ) ) ;
#1138 = CARTESIAN_POINT ( 'NONE',  ( 0.7242554234988701800, 1.904766433767039800, 25.32849384243165500 ) ) ;
#1139 = CARTESIAN_POINT ( 'NONE',  ( 0.6917857564203395700, 1.935129961515963600, 25.32620013188358500 ) ) ;
#1140 = CARTESIAN_POINT ( 'NONE',  ( 0.6240867091868620400, 2.002486694469515400, 25.32096341229237500 ) ) ;
#1141 = CARTESIAN_POINT ( 'NONE',  ( 0.5878966591651561000, 2.040679714575790400, 25.31791584036401600 ) ) ;
#1142 = CARTESIAN_POINT ( 'NONE',  ( 0.5397850475933286800, 2.093242707788232500, 25.31360590701372700 ) ) ;
#1143 = CARTESIAN_POINT ( 'NONE',  ( 0.5166708859668977000, 2.119006496724812600, 25.31146593234924300 ) ) ;
#1144 = CARTESIAN_POINT ( 'NONE',  ( 0.4949691905796918500, 2.143994036091893200, 25.30935317250821400 ) ) ;
#1145 = CARTESIAN_POINT ( 'NONE',  ( 0.4808152750413817200, 2.160479930743224800, 25.30795121906166800 ) ) ;
#1146 = CARTESIAN_POINT ( 'NONE',  ( 0.4759850958868567200, 2.166186466637131300, 25.30746309799510000 ) ) ;
#1147 = CARTESIAN_POINT ( 'NONE',  ( 0.4457793493421722300, 2.202201034336626500, 25.30437011344831800 ) ) ;
#1148 = CARTESIAN_POINT ( 'NONE',  ( 0.4151329697136367800, 2.239929469532613300, 25.30108512488783400 ) ) ;
#1149 = CARTESIAN_POINT ( 'NONE',  ( 0.3780048076923144300, 2.286563760403152600, 25.29686988877499600 ) ) ;
#1150 = CARTESIAN_POINT ( 'NONE',  ( 1.500000000000006400, 1.556716094496062100, 25.35225108350611500 ) ) ;
#1151 = CARTESIAN_POINT ( 'NONE',  ( 1.485085434128741400, 1.556681814954526700, 25.35225318838879000 ) ) ;
#1152 = CARTESIAN_POINT ( 'NONE',  ( 1.471978197247384700, 1.556761299443886000, 25.35224830846447500 ) ) ;
#1153 = CARTESIAN_POINT ( 'NONE',  ( 1.449378381464490500, 1.557147796090136500, 25.35222457258172900 ) ) ;
#1154 = CARTESIAN_POINT ( 'NONE',  ( 1.442120584596974000, 1.557332451663676200, 25.35221323535878600 ) ) ;
#1155 = CARTESIAN_POINT ( 'NONE',  ( 1.412360488760020700, 1.558961847100680500, 25.35211311002908400 ) ) ;
#1156 = CARTESIAN_POINT ( 'NONE',  ( 1.390011573663958700, 1.561327024738094100, 25.35196780630254300 ) ) ;
#1157 = CARTESIAN_POINT ( 'NONE',  ( 1.352168961557599800, 1.566874562029493700, 25.35162534314831000 ) ) ;
#1158 = CARTESIAN_POINT ( 'NONE',  ( 1.334383764626433400, 1.569843589977412400, 25.35144175460457600 ) ) ;
#1159 = CARTESIAN_POINT ( 'NONE',  ( 1.318302731378285800, 1.573105494013831800, 25.35123942460380400 ) ) ;
#1160 = CARTESIAN_POINT ( 'NONE',  ( 1.307960745586858700, 1.575345178665216400, 25.35110034745904900 ) ) ;
#1161 = CARTESIAN_POINT ( 'NONE',  ( 1.301833863821863600, 1.576780729786546200, 25.35101109120672900 ) ) ;
#1162 = CARTESIAN_POINT ( 'NONE',  ( 1.283598616494732200, 1.581289508071196200, 25.35073049347230200 ) ) ;
#1163 = CARTESIAN_POINT ( 'NONE',  ( 1.261927370683614900, 1.587696430648089200, 25.35033146013404700 ) ) ;
#1164 = CARTESIAN_POINT ( 'NONE',  ( 1.233173076923084000, 1.596902852576939100, 25.34975150330731700 ) ) ;
#1165 = CARTESIAN_POINT ( 'NONE',  ( 1.500000000000006400, -4.592425496802558200E-016, 0.0000000000000000000 ) ) ;
#1166 = DIRECTION ( 'NONE',  ( -1.000000000000000000, -0.0000000000000000000, -0.0000000000000000000 ) ) ;
#1167 = DIRECTION ( 'NONE',  ( 0.0000000000000000000, 0.1381095248206669900, 0.9904169622708455200 ) ) ;
#1168 = CARTESIAN_POINT ( 'NONE',  ( 1.115384615384622300, 3.507981930444942000, 25.15659084167947800 ) ) ;
#1169 = DIRECTION ( 'NONE',  ( 1.000000000000000000, 0.0000000000000000000, 0.0000000000000000000 ) ) ;
#1170 = CARTESIAN_POINT ( 'NONE',  ( 0.5588942307692378300, 2.643641110814427100, 25.26204983126293900 ) ) ;
#1171 = CARTESIAN_POINT ( 'NONE',  ( 0.5723006809086901300, 2.627183273484688300, 25.26377212282877200 ) ) ;
#1172 = CARTESIAN_POINT ( 'NONE',  ( 0.5898769225514667300, 2.605889286468068300, 25.26598565510567700 ) ) ;
#1173 = CARTESIAN_POINT ( 'NONE',  ( 0.6224959722706211500, 2.566688496240428800, 25.26998778566386200 ) ) ;
#1174 = CARTESIAN_POINT ( 'NONE',  ( 0.6403691689439456900, 2.545273112032289100, 25.27215891821201100 ) ) ;
#1175 = CARTESIAN_POINT ( 'NONE',  ( 0.6639576574035476200, 2.517110684292048100, 25.27497335621096000 ) ) ;
#1176 = CARTESIAN_POINT ( 'NONE',  ( 0.6764360080518642100, 2.502234795242057200, 25.27644860847591700 ) ) ;
#1177 = CARTESIAN_POINT ( 'NONE',  ( 0.6819304668479666500, 2.495689102447620700, 25.27709518110569300 ) ) ;
#1178 = CARTESIAN_POINT ( 'NONE',  ( 0.6856260158748210800, 2.491287457437368700, 25.27752938273769700 ) ) ;
#1179 = CARTESIAN_POINT ( 'NONE',  ( 0.6886024435830769800, 2.487743371036938100, 25.27787834775617900 ) ) ;
#1180 = CARTESIAN_POINT ( 'NONE',  ( 0.6955143181480807300, 2.479514358592705700, 25.27868791230837100 ) ) ;
#1181 = CARTESIAN_POINT ( 'NONE',  ( 0.7046286122454221700, 2.468613068800274800, 25.27975793858197300 ) ) ;
#1182 = CARTESIAN_POINT ( 'NONE',  ( 0.7287980116303360800, 2.439634562559274100, 25.28257097523739500 ) ) ;
#1183 = CARTESIAN_POINT ( 'NONE',  ( 0.7445624988554608900, 2.420669102167851200, 25.28439403458844800 ) ) ;
#1184 = CARTESIAN_POINT ( 'NONE',  ( 0.7693047470636371600, 2.391097538362159100, 25.28720769797568800 ) ) ;
#1185 = CARTESIAN_POINT ( 'NONE',  ( 0.7865662313209629300, 2.370610918960392800, 25.28913743572346800 ) ) ;
#1186 = CARTESIAN_POINT ( 'NONE',  ( 0.8044380262982657700, 2.349672360447743200, 25.29108728857617500 ) ) ;
#1187 = CARTESIAN_POINT ( 'NONE',  ( 0.8128072729561896000, 2.339943851079130200, 25.29198836832995700 ) ) ;
#1188 = CARTESIAN_POINT ( 'NONE',  ( 0.8162726677744288600, 2.335933241293240800, 25.29235887866961700 ) ) ;
#1189 = CARTESIAN_POINT ( 'NONE',  ( 0.8185559476136967700, 2.333294781103686200, 25.29260242085955600 ) ) ;
#1190 = CARTESIAN_POINT ( 'NONE',  ( 0.8188713117346438900, 2.332929419929404600, 25.29263618709361300 ) ) ;
#1191 = CARTESIAN_POINT ( 'NONE',  ( 0.8516378029373649100, 2.295186381474842600, 25.29611416923496100 ) ) ;
#1192 = CARTESIAN_POINT ( 'NONE',  ( 0.8785212925132994700, 2.264854608785677600, 25.29883535543433100 ) ) ;
#1193 = CARTESIAN_POINT ( 'NONE',  ( 0.9129131854254987100, 2.227151475887016600, 25.30217294005659700 ) ) ;
#1194 = CARTESIAN_POINT ( 'NONE',  ( 0.9286257965186713900, 2.210248490197644200, 25.30365523391510900 ) ) ;
#1195 = CARTESIAN_POINT ( 'NONE',  ( 0.9443613392422531800, 2.193939581683493200, 25.30507185128451300 ) ) ;
#1196 = CARTESIAN_POINT ( 'NONE',  ( 0.9505488925055493000, 2.187681131347416500, 25.30561311877685100 ) ) ;
#1197 = CARTESIAN_POINT ( 'NONE',  ( 0.9545503167341686800, 2.183671304331611400, 25.30595944998535500 ) ) ;
#1198 = CARTESIAN_POINT ( 'NONE',  ( 0.9552635474518603700, 2.182950667981617500, 25.30602172853140200 ) ) ;
#1199 = CARTESIAN_POINT ( 'NONE',  ( 0.9707774304046714600, 2.167723289050959700, 25.30733342811972300 ) ) ;
#1200 = CARTESIAN_POINT ( 'NONE',  ( 0.9895890405595538800, 2.150066133120675600, 25.30884115379891200 ) ) ;
#1201 = CARTESIAN_POINT ( 'NONE',  ( 1.011877082643727600, 2.130544006571585000, 25.31048863157029400 ) ) ;
#1202 = CARTESIAN_POINT ( 'NONE',  ( 1.021502207159116900, 2.122408397855174700, 25.31117124628933400 ) ) ;
#1203 = CARTESIAN_POINT ( 'NONE',  ( 1.027935202720335700, 2.117036000251347100, 25.31162116182819600 ) ) ;
#1204 = CARTESIAN_POINT ( 'NONE',  ( 1.032195645895984000, 2.113531222782609700, 25.31191397344159800 ) ) ;
#1205 = CARTESIAN_POINT ( 'NONE',  ( 1.051967936804072400, 2.097415772101415900, 25.31325845695061400 ) ) ;
#1206 = CARTESIAN_POINT ( 'NONE',  ( 1.078965286229614600, 2.076654299322850100, 25.31498077652250700 ) ) ;
#1207 = CARTESIAN_POINT ( 'NONE',  ( 1.115384615384622300, 2.049452356689027300, 25.31718280215359600 ) ) ;
#1208 = CARTESIAN_POINT ( 'NONE',  ( 0.7692307692307763800, 5.438337107325388300, 24.81097518250920300 ) ) ;
#1209 = DIRECTION ( 'NONE',  ( 1.000000000000000000, 0.0000000000000000000, 0.0000000000000000000 ) ) ;
#1210 = CARTESIAN_POINT ( 'NONE',  ( 1.115384615384622300, -4.592425496802558200E-016, 0.0000000000000000000 ) ) ;
#1211 = DIRECTION ( 'NONE',  ( -1.000000000000000000, -0.0000000000000000000, -0.0000000000000000000 ) ) ;
#1212 = DIRECTION ( 'NONE',  ( 0.0000000000000000000, 0.1381095248206669900, 0.9904169622708455200 ) ) ;
#1213 = CARTESIAN_POINT ( 'NONE',  ( 0.7692307692307763800, -4.592425496802558200E-016, 0.0000000000000000000 ) ) ;
#1214 = DIRECTION ( 'NONE',  ( -1.000000000000000000, -0.0000000000000000000, -0.0000000000000000000 ) ) ;
#1215 = DIRECTION ( 'NONE',  ( 0.0000000000000000000, 0.2288738367975285400, 0.9734560939403370500 ) ) ;
#1216 = CARTESIAN_POINT ( 'NONE',  ( 0.3846153846153912400, 5.813395454657223700, 24.72578478608456000 ) ) ;
#1217 = DIRECTION ( 'NONE',  ( 1.000000000000000000, 0.0000000000000000000, 0.0000000000000000000 ) ) ;
#1218 = CARTESIAN_POINT ( 'NONE',  ( 0.3846153846153912400, -4.592425496802558200E-016, 0.0000000000000000000 ) ) ;
#1219 = DIRECTION ( 'NONE',  ( -1.000000000000000000, -0.0000000000000000000, -0.0000000000000000000 ) ) ;
#1220 = DIRECTION ( 'NONE',  ( 0.0000000000000000000, 0.2288738367975285400, 0.9734560939403370500 ) ) ;
#1221 = CARTESIAN_POINT ( 'NONE',  ( -1.461538461538455000, -4.592425496802558200E-016, 0.0000000000000000000 ) ) ;
#1222 = DIRECTION ( 'NONE',  ( -1.000000000000000000, -0.0000000000000000000, -0.0000000000000000000 ) ) ;
#1223 = DIRECTION ( 'NONE',  ( 0.0000000000000000000, 0.2141077601309208400, 0.9768100465554805400 ) ) ;
#1224 = FILL_AREA_STYLE_COLOUR ( '', #1567 ) ;
#1225 = FILL_AREA_STYLE ('',( #1224 ) ) ;
#1226 = SURFACE_SIDE_STYLE ('',( #2866 ) ) ;
#1227 = SURFACE_STYLE_USAGE ( .BOTH. , #1226 ) ;
#1228 =( LENGTH_UNIT ( ) NAMED_UNIT ( * ) SI_UNIT ( .MILLI., .METRE. ) );
#1229 =( NAMED_UNIT ( * ) PLANE_ANGLE_UNIT ( ) SI_UNIT ( $, .RADIAN. ) );
#1230 =( NAMED_UNIT ( * ) SI_UNIT ( $, .STERADIAN. ) SOLID_ANGLE_UNIT ( ) );
#1231 = CARTESIAN_POINT ( 'NONE',  ( -1.215745192307685200, 7.103502470964224700, 24.38647683953147500 ) ) ;
#1232 = DIRECTION ( 'NONE',  ( 1.000000000000000000, 0.0000000000000000000, 0.0000000000000000000 ) ) ;
#1233 = CARTESIAN_POINT ( 'NONE',  ( -1.499999999999992700, -4.592425496802558200E-016, 0.0000000000000000000 ) ) ;
#1234 = DIRECTION ( 'NONE',  ( -1.000000000000000000, -0.0000000000000000000, -0.0000000000000000000 ) ) ;
#1235 = DIRECTION ( 'NONE',  ( 0.0000000000000000000, -0.07887109527891589300, 0.9968848230008841000 ) ) ;
#1236 = CARTESIAN_POINT ( 'NONE',  ( 1.378004807692314400, 6.301294483943192600, 24.60596854071440700 ) ) ;
#1237 = CARTESIAN_POINT ( 'NONE',  ( 1.397193498195796100, 6.339321797729815500, 24.59623020010789300 ) ) ;
#1238 = CARTESIAN_POINT ( 'NONE',  ( 1.425722746590853300, 6.393506799037514700, 24.58227065627516700 ) ) ;
#1239 = CARTESIAN_POINT ( 'NONE',  ( 1.480785883825998000, 6.495670195286997700, 24.55539673200143700 ) ) ;
#1240 = CARTESIAN_POINT ( 'NONE',  ( 1.505910634131883100, 6.540784332616673200, 24.54341748844128500 ) ) ;
#1241 = CARTESIAN_POINT ( 'NONE',  ( 1.531010910776627700, 6.583004024855138200, 24.53210714227071400 ) ) ;
#1242 = CARTESIAN_POINT ( 'NONE',  ( 1.540865615328923500, 6.598869207349066500, 24.52784035411125500 ) ) ;
#1243 = CARTESIAN_POINT ( 'NONE',  ( 1.547234850171145900, 6.608950923783727800, 24.52512578845389900 ) ) ;
#1244 = CARTESIAN_POINT ( 'NONE',  ( 1.549188336264827500, 6.612021513048147400, 24.52429843377964500 ) ) ;
#1245 = CARTESIAN_POINT ( 'NONE',  ( 1.569762818562723900, 6.643364719488552300, 24.51583936424410800 ) ) ;
#1246 = CARTESIAN_POINT ( 'NONE',  ( 1.586996354147194500, 6.668142109092475100, 24.50911105762765600 ) ) ;
#1247 = CARTESIAN_POINT ( 'NONE',  ( 1.623011324808441500, 6.717103725568626300, 24.49573762029081100 ) ) ;
#1248 = CARTESIAN_POINT ( 'NONE',  ( 1.638538071632013300, 6.737059234376404900, 24.49025791847131100 ) ) ;
#1249 = CARTESIAN_POINT ( 'NONE',  ( 1.663377563291964300, 6.768938358176123800, 24.48145251523607200 ) ) ;
#1250 = CARTESIAN_POINT ( 'NONE',  ( 1.668549465331121000, 6.775554107073222800, 24.47962248786630100 ) ) ;
#1251 = CARTESIAN_POINT ( 'NONE',  ( 1.679301276823762100, 6.789265125033185000, 24.47582337059030500 ) ) ;
#1252 = CARTESIAN_POINT ( 'NONE',  ( 1.681750003118611200, 6.792368822406922700, 24.47496170055021400 ) ) ;
#1253 = CARTESIAN_POINT ( 'NONE',  ( 1.693068421763701800, 6.806665692713829200, 24.47099098932558900 ) ) ;
#1254 = CARTESIAN_POINT ( 'NONE',  ( 1.717994719091024700, 6.837885342170341800, 24.46230212117606600 ) ) ;
#1255 = CARTESIAN_POINT ( 'NONE',  ( 1.749789396529777100, 6.876974838404074800, 24.45134270035589800 ) ) ;
#1256 = CARTESIAN_POINT ( 'NONE',  ( 1.774038461538468300, 6.906522659938105800, 24.44299377629019800 ) ) ;
#1257 = CARTESIAN_POINT ( 'NONE',  ( 3.638150366854801200, 5.960934306073379900E-008, -25.40061165933147400 ) ) ;
#1258 = CARTESIAN_POINT ( 'NONE',  ( 3.657291314878037300, -2.193245105163895000, -25.40000000257144900 ) ) ;
#1259 = CARTESIAN_POINT ( 'NONE',  ( 3.674915468479410800, -4.250021232111626200, -25.11601561608469200 ) ) ;
#1260 = CARTESIAN_POINT ( 'NONE',  ( 3.707120904802927400, -7.992243719892862000, -24.18679311572005000 ) ) ;
#1261 = CARTESIAN_POINT ( 'NONE',  ( 3.721703734441374600, -9.678825888077394500, -23.54239032549861900 ) ) ;
#1262 = CARTESIAN_POINT ( 'NONE',  ( 3.747829616671647800, -12.66488381867655900, -22.07995766910057300 ) ) ;
#1263 = CARTESIAN_POINT ( 'NONE',  ( 3.759372669263473900, -13.96530737202699500, -21.26221607944673400 ) ) ;
#1264 = CARTESIAN_POINT ( 'NONE',  ( 3.779418997400503700, -16.21288068590842400, -19.60240144647518100 ) ) ;
#1265 = CARTESIAN_POINT ( 'NONE',  ( 3.787922272945708700, -17.16078977798723300, -18.76026930723056200 ) ) ;
#1266 = CARTESIAN_POINT ( 'NONE',  ( 3.794932938823155900, -17.96402610983194100, -17.95699823085101700 ) ) ;
#1267 = CARTESIAN_POINT ( 'NONE',  ( 3.794989111645728800, -17.97046222919033900, -17.95055804631671800 ) ) ;
#1268 = CARTESIAN_POINT ( 'NONE',  ( 3.795073571729738100, -17.98013979781139300, -17.94086452086691700 ) ) ;
#1269 = CARTESIAN_POINT ( 'NONE',  ( 3.795200199935654200, -17.99464953366966200, -17.92631909896726900 ) ) ;
#1270 = CARTESIAN_POINT ( 'NONE',  ( 3.795495232308752100, -18.02845924379746700, -17.89234389093485000 ) ) ;
#1271 = CARTESIAN_POINT ( 'NONE',  ( 3.796083563292159900, -18.09589313826111100, -17.82425028033662400 ) ) ;
#1272 = CARTESIAN_POINT ( 'NONE',  ( 3.797253290207788000, -18.23001751349271200, -17.68749321426230000 ) ) ;
#1273 = EDGE_CURVE ( 'NONE', #2815, #2814, #2842, .T. ) ;
#1274 = EDGE_CURVE ( 'NONE', #2813, #2811, #2844, .T. ) ;
#1275 = EDGE_CURVE ( 'NONE', #2814, #2822, #1349, .T. ) ;
#1276 = EDGE_CURVE ( 'NONE', #2813, #2812, #1371, .T. ) ;
#1277 = EDGE_CURVE ( 'NONE', #2810, #2811, #1377, .T. ) ;
#1278 = EDGE_CURVE ( 'NONE', #2765, #2766, #1355, .T. ) ;
#1279 = EDGE_CURVE ( 'NONE', #2766, #2767, #1339, .T. ) ;
#1280 = ADVANCED_FACE ( 'NONE', ( #2845 ), #1372, .T. ) ;
#1281 = ADVANCED_FACE ( 'NONE', ( #2843 ), #2622, .F. ) ;
#1282 = ADVANCED_FACE ( 'NONE', ( #2850 ), #2611, .F. ) ;
#1283 = EDGE_CURVE ( 'NONE', #2405, #2835, #1343, .T. ) ;
#1284 = EDGE_CURVE ( 'NONE', #2835, #2396, #1353, .T. ) ;
#1285 = EDGE_CURVE ( 'NONE', #2396, #2385, #1351, .T. ) ;
#1286 = EDGE_CURVE ( 'NONE', #2406, #2385, #1350, .T. ) ;
#1287 = EDGE_CURVE ( 'NONE', #2397, #2837, #2854, .T. ) ;
#1288 = EDGE_CURVE ( 'NONE', #2405, #2406, #1354, .T. ) ;
#1289 = EDGE_CURVE ( 'NONE', #2777, #2776, #1359, .T. ) ;
#1290 = EDGE_CURVE ( 'NONE', #2771, #2770, #1344, .T. ) ;
#1291 = EDGE_CURVE ( 'NONE', #2775, #2773, #2855, .T. ) ;
#1292 = EDGE_CURVE ( 'NONE', #2775, #2774, #1382, .T. ) ;
#1293 = EDGE_CURVE ( 'NONE', #2773, #2772, #1395, .T. ) ;
#1294 = EDGE_CURVE ( 'NONE', #2776, #2780, #1352, .T. ) ;
#1295 = EDGE_CURVE ( 'NONE', #2770, #2774, #1367, .T. ) ;
#1296 = EDGE_CURVE ( 'NONE', #2772, #2771, #1346, .T. ) ;
#1297 = EDGE_CURVE ( 'NONE', #2396, #2789, #1340, .T. ) ;
#1298 = EDGE_CURVE ( 'NONE', #2789, #2838, #2856, .T. ) ;
#1299 = EDGE_CURVE ( 'NONE', #2841, #2837, #2857, .T. ) ;
#1300 = EDGE_CURVE ( 'NONE', #2841, #2788, #1366, .T. ) ;
#1301 = EDGE_CURVE ( 'NONE', #2788, #2787, #1369, .T. ) ;
#1302 = EDGE_CURVE ( 'NONE', #2787, #2786, #1365, .T. ) ;
#1303 = EDGE_CURVE ( 'NONE', #2786, #2785, #1368, .T. ) ;
#1304 = EDGE_CURVE ( 'NONE', #2785, #2784, #1392, .T. ) ;
#1305 = EDGE_CURVE ( 'NONE', #2782, #2839, #1363, .T. ) ;
#1306 = EDGE_CURVE ( 'NONE', #2784, #2783, #1364, .T. ) ;
#1307 = EDGE_CURVE ( 'NONE', #2782, #2783, #1400, .T. ) ;
#1308 = EDGE_CURVE ( 'NONE', #2835, #2839, #2858, .T. ) ;
#1309 = EDGE_CURVE ( 'NONE', #2764, #2765, #1361, .T. ) ;
#1310 = EDGE_CURVE ( 'NONE', #2778, #2777, #1362, .T. ) ;
#1311 = EDGE_CURVE ( 'NONE', #2781, #2780, #1403, .T. ) ;
#1312 = EDGE_CURVE ( 'NONE', #2779, #2778, #1406, .T. ) ;
#1313 = EDGE_CURVE ( 'NONE', #2781, #2779, #2859, .T. ) ;
#1314 = EDGE_CURVE ( 'NONE', #2809, #2808, #1356, .T. ) ;
#1315 = EDGE_CURVE ( 'NONE', #2810, #2809, #2860, .T. ) ;
#1316 = EDGE_CURVE ( 'NONE', #2807, #2806, #2861, .T. ) ;
#1317 = EDGE_CURVE ( 'NONE', #2769, #2768, #2862, .T. ) ;
#1318 =( GEOMETRIC_REPRESENTATION_CONTEXT ( 3 ) GLOBAL_UNCERTAINTY_ASSIGNED_CONTEXT ( ( #1357 ) ) GLOBAL_UNIT_ASSIGNED_CONTEXT ( ( #2635, #2634, #2633 ) ) REPRESENTATION_CONTEXT ( 'NONE', 'WORKASPACE' ) );
#1319 = COLOUR_RGB ( '',0.7529411764705882200, 0.7529411764705882200, 0.7529411764705882200 ) ;
#1320 = EDGE_CURVE ( 'NONE', #2769, #2767, #1379, .T. ) ;
#1321 = EDGE_CURVE ( 'NONE', #2790, #2802, #1345, .T. ) ;
#1322 = EDGE_CURVE ( 'NONE', #2791, #2790, #1360, .T. ) ;
#1323 = EDGE_CURVE ( 'NONE', #2792, #2791, #1342, .T. ) ;
#1324 = EDGE_CURVE ( 'NONE', #2793, #2792, #1358, .T. ) ;
#1325 = EDGE_CURVE ( 'NONE', #2794, #2793, #1341, .T. ) ;
#1326 = EDGE_CURVE ( 'NONE', #2795, #2794, #1507, .T. ) ;
#1327 = EDGE_CURVE ( 'NONE', #2796, #2795, #1508, .T. ) ;
#1328 = EDGE_CURVE ( 'NONE', #2797, #2796, #1506, .T. ) ;
#1329 = EDGE_CURVE ( 'NONE', #2798, #2797, #1505, .T. ) ;
#1330 = EDGE_CURVE ( 'NONE', #2798, #2799, #1402, .T. ) ;
#1331 = EDGE_CURVE ( 'NONE', #2800, #2799, #2863, .T. ) ;
#1332 = EDGE_CURVE ( 'NONE', #2802, #2801, #1504, .T. ) ;
#1333 = EDGE_CURVE ( 'NONE', #2803, #2812, #2864, .T. ) ;
#1334 = EDGE_CURVE ( 'NONE', #2801, #2800, #1411, .T. ) ;
#1335 = EDGE_CURVE ( 'NONE', #2803, #2804, #1415, .T. ) ;
#1336 = EDGE_CURVE ( 'NONE', #2805, #2804, #2865, .T. ) ;
#1337 = EDGE_CURVE ( 'NONE', #2806, #2805, #1416, .T. ) ;
#1338 = EDGE_CURVE ( 'NONE', #2808, #2807, #1418, .T. ) ;
#1339 = B_SPLINE_CURVE_WITH_KNOTS ( 'NONE', 3,
 ( #2680, #2679, #2678, #2677, #2676, #2675, #2674, #2673, #2672, #2671, #2670, #2669, #2668, #2667, #2666, #2665, #2664, #2663, #2662, #2661, #2660, #2659, #2658, #2657, #2656, #2655, #2654, #2653, #2652, #2651, #2650, #2649, #2648, #2647, #2646, #2645, #2644, #2643, #2642, #2641, #2640 ),
 .UNSPECIFIED., .F., .F.,
 ( 4, 1, 1, 2, 2, 2, 2, 2, 1, 2, 2, 1, 2, 2, 2, 1, 1, 2, 2, 1, 1, 1, 2, 2, 4 ),
 ( 0.0000000000000000000, 0.03125000000000274100, 0.04687500000000405200, 0.05468750000000483600, 0.06250000000000562100, 0.1250000000000104400, 0.1875000000000152700, 0.2500000000000201000, 0.3125000000000253100, 0.3437500000000274800, 0.3750000000000296400, 0.4375000000000330800, 0.4687500000000342500, 0.5000000000000353100, 0.6250000000000459600, 0.6875000000000511800, 0.7187500000000530700, 0.7343750000000532900, 0.7500000000000535100, 0.8125000000000562900, 0.8437500000000560700, 0.8593750000000550700, 0.8671875000000538500, 0.8750000000000526200, 1.000000000000000000 ),
 .UNSPECIFIED. ) ;
#1340 = B_SPLINE_CURVE_WITH_KNOTS ( 'NONE', 3,
 ( #765, #766, #767, #768, #769, #770, #771, #772, #773, #774, #775, #776, #777, #778, #779, #780, #781, #782, #783, #784, #785, #786, #787, #788, #789, #790, #791, #792, #793 ),
 .UNSPECIFIED., .F., .F.,
 ( 4, 2, 2, 2, 2, 2, 1, 1, 1, 1, 1, 2, 2, 2, 2, 2, 4 ),
 ( 0.0000000000000000000, 0.03124927376007202000, 0.06249854752014404000, 0.09374782128021605400, 0.1249970950402880800, 0.1251191625159133500, 0.1252412299915386400, 0.1254853649427891700, 0.1259736348452902800, 0.1269501746502924000, 0.1289032542602964500, 0.1328094134803045900, 0.1406217319203208200, 0.1562463688003533600, 0.1874956425604184500, 0.2187449163204835700, 0.2499941900805486800 ),
 .UNSPECIFIED. ) ;
#1341 = B_SPLINE_CURVE_WITH_KNOTS ( 'NONE', 3,
 ( #1024, #1025, #1026, #1027, #1028, #1029, #1030, #1031, #1032, #1033, #1034, #1035, #1036, #1037, #1038, #1039, #1040, #1041, #1042, #1043, #1044, #1045, #1046, #1047, #1048, #1049, #1050, #1051, #1052, #1053, #1054, #1055 ),
 .UNSPECIFIED., .F., .F.,
 ( 4, 1, 1, 2, 2, 1, 2, 2, 1, 2, 2, 2, 2, 2, 1, 1, 2, 2, 4 ),
 ( 0.0000000000000000000, 0.06250000000000169300, 0.09375000000000324700, 0.1093750000000040200, 0.1250000000000048000, 0.1875000000000057200, 0.2187500000000056900, 0.2500000000000057200, 0.3750000000000058300, 0.4375000000000056600, 0.5000000000000055500, 0.6250000000000052200, 0.6875000000000048800, 0.7500000000000044400, 0.8125000000000040000, 0.8437500000000038900, 0.8593750000000037700, 0.8750000000000035500, 1.000000000000000000 ),
 .UNSPECIFIED. ) ;
#1342 = B_SPLINE_CURVE_WITH_KNOTS ( 'NONE', 3,
 ( #984, #985, #986, #987, #988, #989, #990, #991, #992, #993, #994, #995, #996, #997, #998, #999, #1000, #1001, #1002, #1003, #1004, #1005, #1006, #1007, #1008, #1009, #1010, #1011, #1012, #1013, #1014, #1015, #1016, #1017, #1018, #1019 ),
 .UNSPECIFIED., .F., .F.,
 ( 4, 1, 1, 2, 2, 2, 2, 2, 2, 2, 1, 1, 2, 2, 2, 2, 1, 1, 2, 2, 4 ),
 ( 0.0000000000000000000, 0.03125000000000131800, 0.04687500000000197800, 0.05468750000000213000, 0.06250000000000229000, 0.1250000000000027200, 0.1875000000000031900, 0.2500000000000036100, 0.3750000000000045000, 0.5000000000000053300, 0.6250000000000062200, 0.6875000000000071100, 0.7187500000000072200, 0.7500000000000074400, 0.8125000000000083300, 0.8750000000000091000, 0.9062500000000095500, 0.9218750000000098800, 0.9296875000000092100, 0.9375000000000085500, 1.000000000000000000 ),
 .UNSPECIFIED. ) ;
#1343 = B_SPLINE_CURVE_WITH_KNOTS ( 'NONE', 3,
 ( #2607, #2606, #2605, #2604, #2603, #2602, #2601, #2600, #2599, #2598, #2597, #2596, #2595, #2593, #2592, #2591, #2590, #2589, #2588, #2587, #2586, #2585, #2584, #2583, #2582, #2581, #2580, #2579, #2578, #2577, #2576, #2575, #2574, #2573, #2572, #2571, #2570, #2569 ),
 .UNSPECIFIED., .F., .F.,
 ( 4, 2, 2, 2, 2, 2, 1, 1, 1, 1, 1, 2, 2, 2, 2, 2, 2, 2, 1, 1, 1, 2, 4 ),
 ( 0.5000000000000000000, 0.5312509536914625800, 0.5625019073829251600, 0.5937528610743877400, 0.6093783379201190800, 0.6171910763429846500, 0.6210974455544174800, 0.6230506301601339600, 0.6240272224629921400, 0.6245155186144212300, 0.6247596666901358300, 0.6248817407279930700, 0.6250038147658503200, 0.6562547684573207800, 0.6875057221487912400, 0.7187566758402617100, 0.7343821526859969400, 0.7421948911088646100, 0.7461012603202983300, 0.7480544449260152500, 0.7490310372288737600, 0.7495193333803029700, 0.7500076295317321700 ),
 .UNSPECIFIED. ) ;
#1344 = B_SPLINE_CURVE_WITH_KNOTS ( 'NONE', 3,
 ( #652, #653, #654, #655, #656, #657, #658, #659, #660, #661, #662, #663, #664, #665, #666, #667, #668, #669, #670, #671, #672, #673, #674 ),
 .UNSPECIFIED., .F., .F.,
 ( 4, 1, 2, 2, 2, 2, 2, 2, 1, 1, 2, 2, 4 ),
 ( 0.0000000000000000000, 0.06249999999999797400, 0.09374999999999915300, 0.1250000000000003300, 0.2500000000000008900, 0.4999999999999984500, 0.6249999999999974500, 0.7499999999999962300, 0.8124999999999956700, 0.8437499999999961100, 0.8593749999999962300, 0.8749999999999963400, 1.000000000000000000 ),
 .UNSPECIFIED. ) ;
#1345 = B_SPLINE_CURVE_WITH_KNOTS ( 'NONE', 3,
 ( #913, #914, #915, #916, #917, #918, #919, #920, #921, #922, #923, #924, #925, #926, #927, #928, #929, #930, #931, #932, #933, #934, #935, #936, #937, #938, #939, #940, #941, #942, #943, #944, #945, #946, #947, #948 ),
 .UNSPECIFIED., .F., .F.,
 ( 4, 1, 1, 2, 2, 2, 1, 2, 2, 2, 1, 1, 1, 2, 2, 2, 2, 1, 1, 2, 2, 4 ),
 ( 0.0000000000000000000, 0.03124999999999932700, 0.04687499999999891100, 0.05468749999999873000, 0.06249999999999855700, 0.1249999999999972900, 0.1874999999999958400, 0.2187499999999951400, 0.2499999999999944800, 0.3749999999999920100, 0.4374999999999908400, 0.4687499999999900100, 0.4843749999999898400, 0.4921874999999902300, 0.4999999999999905600, 0.6249999999999928900, 0.7499999999999951200, 0.8124999999999962300, 0.8437499999999964500, 0.8593749999999965600, 0.8749999999999966700, 1.000000000000000000 ),
 .UNSPECIFIED. ) ;
#1346 = B_SPLINE_CURVE_WITH_KNOTS ( 'NONE', 3,
 ( #749, #750, #751, #752, #753, #754, #755, #756, #757, #758, #759, #760, #761, #762, #763, #764 ),
 .UNSPECIFIED., .F., .F.,
 ( 4, 1, 1, 1, 2, 2, 1, 2, 2, 4 ),
 ( 0.0000000000000000000, 0.2500000000000150400, 0.3750000000000225400, 0.4375000000000263100, 0.4687500000000282000, 0.5000000000000300900, 0.6250000000000258700, 0.6875000000000237600, 0.7500000000000215400, 1.000000000000000000 ),
 .UNSPECIFIED. ) ;
#1347 = UNCERTAINTY_MEASURE_WITH_UNIT (LENGTH_MEASURE( 1.000000000000000100E-005 ), #2614, 'distance_accuracy_value', 'NONE');
#1348 = UNCERTAINTY_MEASURE_WITH_UNIT (LENGTH_MEASURE( 1.000000000000000100E-005 ), #2625, 'distance_accuracy_value', 'NONE');
#1349 = B_SPLINE_CURVE_WITH_KNOTS ( 'NONE', 3,
 ( #2745, #2744, #2743, #2742, #2741, #2740, #2739, #2738, #2737, #2736, #2735, #2734, #2733, #2732, #2731, #2730, #2729, #2728, #2727, #2726, #2725, #2724, #2723, #2722, #2721, #2720, #2719, #2718, #2717, #2716, #2715 ),
 .UNSPECIFIED., .F., .F.,
 ( 4, 1, 1, 1, 2, 2, 1, 1, 1, 2, 2, 1, 2, 2, 2, 1, 1, 2, 2, 4 ),
 ( 0.0000000000000000000, 0.1250000000000052700, 0.1875000000000081000, 0.2187500000000081000, 0.2343750000000061600, 0.2500000000000042200, 0.3749999999999845100, 0.4374999999999758000, 0.4687499999999714700, 0.4843749999999711900, 0.4999999999999709100, 0.5624999999999740200, 0.5937499999999751300, 0.6249999999999761300, 0.7499999999999799000, 0.8124999999999830100, 0.8437499999999851200, 0.8593749999999867900, 0.8749999999999883400, 1.000000000000000000 ),
 .UNSPECIFIED. ) ;
#1350 = B_SPLINE_CURVE_WITH_KNOTS ( 'NONE', 3,
 ( #2534, #2533, #2532, #2531, #2530, #2529, #2528, #2527, #2526, #2525, #2524, #2523, #2522, #2521, #2520, #2519, #2518, #2517 ),
 .UNSPECIFIED., .F., .F.,
 ( 4, 2, 2, 2, 2, 2, 2, 2, 4 ),
 ( 0.5000000000000000000, 0.5625000000000000000, 0.6250000000000000000, 0.6875000000000000000, 0.7500000000000000000, 0.8125000000000000000, 0.8750000000000000000, 0.9375000000000000000, 1.000000000000000000 ),
 .UNSPECIFIED. ) ;
#1351 = B_SPLINE_CURVE_WITH_KNOTS ( 'NONE', 3,
 ( #2538, #2537, #2536, #2535 ),
 .UNSPECIFIED., .F., .F.,
 ( 4, 4 ),
 ( 0.0000000000000000000, 1.000000000000000000 ),
 .UNSPECIFIED. ) ;
#1352 = B_SPLINE_CURVE_WITH_KNOTS ( 'NONE', 3,
 ( #683, #684, #685, #686, #687, #688, #689, #690, #691, #692, #693, #694, #695, #696, #697, #698, #699, #700, #701, #702, #703, #704, #705, #706, #707, #708, #709, #710, #711, #712 ),
 .UNSPECIFIED., .F., .F.,
 ( 4, 2, 2, 2, 2, 2, 1, 2, 2, 1, 2, 2, 1, 1, 2, 2, 4 ),
 ( 0.0000000000000000000, 0.06249999999999808500, 0.1249999999999961700, 0.2499999999999914000, 0.3749999999999866200, 0.4999999999999818500, 0.5624999999999794600, 0.5937499999999771300, 0.6249999999999749100, 0.6874999999999729100, 0.7187499999999744600, 0.7499999999999759100, 0.8124999999999839000, 0.8437499999999865700, 0.8593749999999879000, 0.8749999999999891200, 1.000000000000000000 ),
 .UNSPECIFIED. ) ;
#1353 = B_SPLINE_CURVE_WITH_KNOTS ( 'NONE', 3,
 ( #2568, #2567, #2566, #2565, #2564, #2563, #2562, #2561, #2560, #2559, #2558, #2557, #2556, #2555, #2554, #2553, #2552, #2551, #2550, #2549, #2548, #2547, #2546, #2545, #2544, #2543, #2542, #2541, #2540, #2539 ),
 .UNSPECIFIED., .F., .F.,
 ( 4, 2, 2, 2, 2, 2, 1, 1, 1, 1, 1, 1, 2, 2, 2, 2, 2, 4 ),
 ( 0.7500076295317320600, 0.7812566758402439400, 0.8125057221487558300, 0.8437547684572678200, 0.8593792916115237100, 0.8671915531886516000, 0.8710976839772156500, 0.8730507493714976300, 0.8740272820686386700, 0.8745155484172091300, 0.8747596815914944200, 0.8748817481786371800, 0.8749427814722085000, 0.8750038147657798200, 0.9062528610743348900, 0.9375019073828899700, 0.9687509536914449300, 1.000000000000000000 ),
 .UNSPECIFIED. ) ;
#1354 = B_SPLINE_CURVE_WITH_KNOTS ( 'NONE', 3,
 ( #2514, #2513, #2512, #2511 ),
 .UNSPECIFIED., .F., .F.,
 ( 4, 4 ),
 ( 0.0000000000000000000, 1.000000000000000000 ),
 .UNSPECIFIED. ) ;
#1355 = B_SPLINE_CURVE_WITH_KNOTS ( 'NONE', 3,
 ( #2708, #2707, #2706, #2705, #2704, #2703, #2702, #2701, #2700, #2699, #2698, #2697, #2696, #2695, #2694, #2693, #2692, #2691, #2690, #2689, #2688, #2687, #2686, #2685, #2684, #2683, #2682, #2681 ),
 .UNSPECIFIED., .F., .F.,
 ( 4, 1, 1, 2, 2, 2, 2, 2, 2, 2, 2, 1, 1, 2, 2, 4 ),
 ( 0.0000000000000000000, 0.06249999999999766900, 0.09374999999999535100, 0.1093749999999955600, 0.1249999999999957500, 0.2499999999999952300, 0.3124999999999950000, 0.3749999999999947800, 0.4374999999999945600, 0.4999999999999943400, 0.7499999999999944500, 0.8124999999999942300, 0.8437499999999943400, 0.8593749999999951200, 0.8749999999999958900, 1.000000000000000000 ),
 .UNSPECIFIED. ) ;
#1356 = B_SPLINE_CURVE_WITH_KNOTS ( 'NONE', 3,
 ( #900, #901, #902, #903 ),
 .UNSPECIFIED., .F., .F.,
 ( 4, 4 ),
 ( 0.0000000000000000000, 1.000000000000000000 ),
 .UNSPECIFIED. ) ;
#1357 = UNCERTAINTY_MEASURE_WITH_UNIT (LENGTH_MEASURE( 1.000000000000000100E-005 ), #2635, 'distance_accuracy_value', 'NONE');
#1358 = B_SPLINE_CURVE_WITH_KNOTS ( 'NONE', 3,
 ( #1020, #1021, #1022, #1023 ),
 .UNSPECIFIED., .F., .F.,
 ( 4, 4 ),
 ( 0.0000000000000000000, 1.000000000000000000 ),
 .UNSPECIFIED. ) ;
#1359 = B_SPLINE_CURVE_WITH_KNOTS ( 'NONE', 3,
 ( #2510, #2509, #2508, #2507, #2506, #2505, #2504, #2503, #2502, #2501, #2500, #2499, #2498, #2497, #2496, #2495, #2494, #2493, #2492, #2491, #2751, #2750, #2594, #643, #644, #645, #646, #647, #648, #649, #650, #651 ),
 .UNSPECIFIED., .F., .F.,
 ( 4, 1, 1, 2, 2, 2, 2, 2, 2, 2, 2, 2, 2, 1, 1, 2, 2, 4 ),
 ( 0.0000000000000000000, 0.06249999999999564200, 0.09374999999999357500, 0.1093749999999925300, 0.1249999999999915100, 0.1874999999999928400, 0.2499999999999941700, 0.3124999999999955000, 0.3749999999999968400, 0.4374999999999981100, 0.4999999999999994400, 0.6250000000000021100, 0.7500000000000047700, 0.8125000000000061100, 0.8437500000000061100, 0.8593750000000061100, 0.8750000000000061100, 1.000000000000000000 ),
 .UNSPECIFIED. ) ;
#1360 = B_SPLINE_CURVE_WITH_KNOTS ( 'NONE', 3,
 ( #949, #950, #951, #952, #953, #954, #955, #956, #957, #958, #959, #960, #961, #962, #963, #964, #965, #966, #967, #968, #969, #970, #971, #972, #973, #974, #975, #976, #977, #978, #979, #980, #981, #982, #983 ),
 .UNSPECIFIED., .F., .F.,
 ( 4, 1, 1, 2, 2, 2, 1, 2, 2, 1, 2, 2, 2, 2, 2, 2, 1, 2, 2, 4 ),
 ( 0.0000000000000000000, 0.03125000000000390700, 0.04687500000000594700, 0.05468750000000641800, 0.06250000000000689700, 0.1250000000000067400, 0.1875000000000065800, 0.2187500000000065500, 0.2500000000000064900, 0.3750000000000062700, 0.4375000000000052700, 0.5000000000000042200, 0.6250000000000031100, 0.6875000000000025500, 0.7500000000000020000, 0.8750000000000006700, 0.9062500000000002200, 0.9218750000000002200, 0.9375000000000002200, 1.000000000000000000 ),
 .UNSPECIFIED. ) ;
#1361 = B_SPLINE_CURVE_WITH_KNOTS ( 'NONE', 3,
 ( #855, #856, #857, #858, #859, #860, #861, #862, #863, #864, #865, #866, #867, #868, #869, #870, #871, #872, #873, #874, #875, #876, #877, #878, #879, #880, #881, #882 ),
 .UNSPECIFIED., .F., .F.,
 ( 4, 1, 1, 2, 2, 2, 2, 2, 2, 2, 2, 1, 1, 2, 2, 4 ),
 ( 0.0000000000000000000, 0.06249999999999941700, 0.09374999999999893100, 0.1093749999999987000, 0.1249999999999984500, 0.1874999999999988300, 0.2499999999999992200, 0.3749999999999983300, 0.4999999999999974500, 0.6249999999999965600, 0.7499999999999956700, 0.8124999999999964500, 0.8437499999999955600, 0.8593749999999964500, 0.8749999999999972200, 1.000000000000000000 ),
 .UNSPECIFIED. ) ;
#1362 = B_SPLINE_CURVE_WITH_KNOTS ( 'NONE', 3,
 ( #883, #884, #885, #886, #887, #888, #889, #890, #891 ),
 .UNSPECIFIED., .F., .F.,
 ( 4, 1, 2, 2, 4 ),
 ( 0.0000000000000000000, 0.2500000000000078300, 0.3750000000000064400, 0.5000000000000051100, 1.000000000000000000 ),
 .UNSPECIFIED. ) ;
#1363 = B_SPLINE_CURVE_WITH_KNOTS ( 'NONE', 3,
 ( #842, #843, #844, #845 ),
 .UNSPECIFIED., .F., .F.,
 ( 4, 4 ),
 ( 0.0000000000000000000, 0.4755512943432437800 ),
 .UNSPECIFIED. ) ;
#1364 = B_SPLINE_CURVE_WITH_KNOTS ( 'NONE', 3,
 ( #846, #847, #848, #849 ),
 .UNSPECIFIED., .F., .F.,
 ( 4, 4 ),
 ( 0.0000000000000000000, 1.000000000000000000 ),
 .UNSPECIFIED. ) ;
#1365 = B_SPLINE_CURVE_WITH_KNOTS ( 'NONE', 3,
 ( #821, #822, #823, #824, #825, #826, #827, #828, #829, #830, #831, #832, #833, #834 ),
 .UNSPECIFIED., .F., .F.,
 ( 4, 2, 1, 1, 1, 1, 2, 2, 4 ),
 ( 0.0000000000000000000, 0.5000000000000137700, 0.6250000000000173200, 0.6875000000000191000, 0.7187500000000197600, 0.7343750000000202100, 0.7421875000000203200, 0.7500000000000204300, 1.000000000000000000 ),
 .UNSPECIFIED. ) ;
#1366 = B_SPLINE_CURVE_WITH_KNOTS ( 'NONE', 3,
 ( #798, #799, #800, #801 ),
 .UNSPECIFIED., .F., .F.,
 ( 4, 4 ),
 ( 0.3899018232819237400, 1.000000000000000000 ),
 .UNSPECIFIED. ) ;
#1367 = B_SPLINE_CURVE_WITH_KNOTS ( 'NONE', 3,
 ( #713, #714, #715, #716, #717, #718, #719, #720, #721, #722, #723, #724, #725, #726, #727, #728, #729, #730, #731, #732, #733, #734, #735, #736, #737, #738, #739, #740, #741, #742, #743, #744, #745, #746, #747, #748 ),
 .UNSPECIFIED., .F., .F.,
 ( 4, 1, 2, 2, 2, 2, 2, 2, 2, 2, 1, 2, 2, 2, 2, 1, 1, 2, 2, 4 ),
 ( 0.0000000000000000000, 0.03125000000000062500, 0.04687500000000097800, 0.06250000000000133200, 0.1250000000000024700, 0.2500000000000043900, 0.3750000000000066600, 0.4375000000000075500, 0.4687500000000089400, 0.5000000000000102100, 0.5625000000000128800, 0.5937500000000129900, 0.6250000000000131000, 0.6875000000000161000, 0.7500000000000191000, 0.8125000000000220900, 0.8437500000000210900, 0.8593750000000193200, 0.8750000000000175400, 1.000000000000000000 ),
 .UNSPECIFIED. ) ;
#1368 = B_SPLINE_CURVE_WITH_KNOTS ( 'NONE', 3,
 ( #835, #836, #837, #838 ),
 .UNSPECIFIED., .F., .F.,
 ( 4, 4 ),
 ( 0.0000000000000000000, 1.000000000000000000 ),
 .UNSPECIFIED. ) ;
#1369 = B_SPLINE_CURVE_WITH_KNOTS ( 'NONE', 3,
 ( #802, #803, #804, #805, #806, #807, #808, #809, #810, #811, #812, #813, #814, #815, #816, #817, #818, #819, #820 ),
 .UNSPECIFIED., .F., .F.,
 ( 4, 1, 1, 1, 2, 2, 2, 1, 1, 2, 2, 4 ),
 ( 0.0000000000000000000, 0.1250000000000001100, 0.1875000000000001700, 0.2187500000000002500, 0.2343750000000002800, 0.2500000000000002800, 0.5000000000000008900, 0.6250000000000011100, 0.6875000000000012200, 0.7187500000000011100, 0.7500000000000010000, 1.000000000000000000 ),
 .UNSPECIFIED. ) ;
#1370 = VECTOR ( 'NONE', #2748, 1000.000000000000000 ) ;
#1371 = CIRCLE ( 'NONE', #1376, 25.39999999999999900 ) ;
#1372 = CONICAL_SURFACE ( 'NONE', #1374, 25.25857864376268900, 0.7853981633974466100 ) ;
#1373 = STYLED_ITEM ( 'NONE', ( #2847 ), #1280 ) ;
#1374 = AXIS2_PLACEMENT_3D ( 'NONE', #2632, #2631, #2630 ) ;
#1375 = VECTOR ( 'NONE', #2746, 1000.000000000000000 ) ;
#1376 = AXIS2_PLACEMENT_3D ( 'NONE', #2714, #2713, #2712 ) ;
#1377 = CIRCLE ( 'NONE', #1378, 25.39999999999999900 ) ;
#1378 = AXIS2_PLACEMENT_3D ( 'NONE', #2711, #2710, #2709 ) ;
#1379 = CIRCLE ( 'NONE', #1413, 25.39999999999999900 ) ;
#1380 = PRESENTATION_LAYER_ASSIGNMENT (  '', '', ( #1373 ) ) ;
#1381 = MECHANICAL_DESIGN_GEOMETRIC_PRESENTATION_REPRESENTATION (  '', ( #1373 ), #1318 ) ;
#1382 = CIRCLE ( 'NONE', #1394, 25.39999999999999900 ) ;
#1383 = AXIS2_PLACEMENT_3D ( 'NONE', #2621, #2620, #2619 ) ;
#1384 = STYLED_ITEM ( 'NONE', ( #2849 ), #1281 ) ;
#1385 = PRESENTATION_LAYER_ASSIGNMENT (  '', '', ( #1384 ) ) ;
#1386 = MECHANICAL_DESIGN_GEOMETRIC_PRESENTATION_REPRESENTATION (  '', ( #1384 ), #1594 ) ;
#1387 = AXIS2_PLACEMENT_3D ( 'NONE', #2610, #2609, #2608 ) ;
#1388 = STYLED_ITEM ( 'NONE', ( #2852 ), #1282 ) ;
#1389 = PRESENTATION_LAYER_ASSIGNMENT (  '', '', ( #1388 ) ) ;
#1390 = MECHANICAL_DESIGN_GEOMETRIC_PRESENTATION_REPRESENTATION (  '', ( #1388 ), #1590 ) ;
#1391 = VECTOR ( 'NONE', #2515, 999.9999999999998900 ) ;
#1392 = CIRCLE ( 'NONE', #1399, 25.39999999999999900 ) ;
#1393 = VECTOR ( 'NONE', #676, 1000.000000000000000 ) ;
#1394 = AXIS2_PLACEMENT_3D ( 'NONE', #677, #678, #679 ) ;
#1395 = CIRCLE ( 'NONE', #1396, 25.39999999999999900 ) ;
#1396 = AXIS2_PLACEMENT_3D ( 'NONE', #680, #681, #682 ) ;
#1397 = VECTOR ( 'NONE', #795, 1000.000000000000000 ) ;
#1398 = VECTOR ( 'NONE', #797, 1000.000000000000000 ) ;
#1399 = AXIS2_PLACEMENT_3D ( 'NONE', #839, #840, #841 ) ;
#1400 = CIRCLE ( 'NONE', #1401, 25.39999999999999900 ) ;
#1401 = AXIS2_PLACEMENT_3D ( 'NONE', #850, #851, #852 ) ;
#1402 = CIRCLE ( 'NONE', #1414, 25.39999999999999900 ) ;
#1403 = CIRCLE ( 'NONE', #1405, 25.40000000000000200 ) ;
#1404 = VECTOR ( 'NONE', #854, 1000.000000000000000 ) ;
#1405 = AXIS2_PLACEMENT_3D ( 'NONE', #892, #893, #894 ) ;
#1406 = CIRCLE ( 'NONE', #1407, 25.39999999999999900 ) ;
#1407 = AXIS2_PLACEMENT_3D ( 'NONE', #895, #896, #897 ) ;
#1408 = VECTOR ( 'NONE', #899, 1000.000000000000000 ) ;
#1409 = VECTOR ( 'NONE', #905, 1000.000000000000000 ) ;
#1410 = VECTOR ( 'NONE', #907, 1000.000000000000000 ) ;
#1411 = CIRCLE ( 'NONE', #1420, 25.39999999999999900 ) ;
#1412 = VECTOR ( 'NONE', #909, 1000.000000000000000 ) ;
#1413 = AXIS2_PLACEMENT_3D ( 'NONE', #910, #911, #912 ) ;
#1414 = AXIS2_PLACEMENT_3D ( 'NONE', #1165, #1166, #1167 ) ;
#1415 = CIRCLE ( 'NONE', #1422, 25.39999999999999900 ) ;
#1416 = CIRCLE ( 'NONE', #1425, 25.39999999999999900 ) ;
#1417 = VECTOR ( 'NONE', #1169, 1000.000000000000000 ) ;
#1418 = CIRCLE ( 'NONE', #1427, 25.39999999999999900 ) ;
#1419 = VECTOR ( 'NONE', #1209, 1000.000000000000000 ) ;
#1420 = AXIS2_PLACEMENT_3D ( 'NONE', #1210, #1211, #1212 ) ;
#1421 = STYLED_ITEM ( 'NONE', ( #2871 ), #1559 ) ;
#1422 = AXIS2_PLACEMENT_3D ( 'NONE', #1213, #1214, #1215 ) ;
#1423 = STYLED_ITEM ( 'NONE', ( #2867 ), #1548 ) ;
#1424 = VECTOR ( 'NONE', #1217, 1000.000000000000000 ) ;
#1425 = AXIS2_PLACEMENT_3D ( 'NONE', #1218, #1219, #1220 ) ;
#1426 = CIRCLE ( 'NONE', #1472, 25.40000000000000200 ) ;
#1427 = AXIS2_PLACEMENT_3D ( 'NONE', #1221, #1222, #1223 ) ;
#1428 = PRESENTATION_LAYER_ASSIGNMENT (  '', '', ( #1423 ) ) ;
#1429 = MECHANICAL_DESIGN_GEOMETRIC_PRESENTATION_REPRESENTATION (  '', ( #1423 ), #1579 ) ;
#1430 = STYLED_ITEM ( 'NONE', ( #2875 ), #1561 ) ;
#1431 = CIRCLE ( 'NONE', #1433, 25.39999999999999900 ) ;
#1432 = VECTOR ( 'NONE', #1232, 1000.000000000000000 ) ;
#1433 = AXIS2_PLACEMENT_3D ( 'NONE', #1233, #1234, #1235 ) ;
#1434 = AXIS2_PLACEMENT_3D ( 'NONE', #59, #60, #61 ) ;
#1435 = PRESENTATION_LAYER_ASSIGNMENT (  '', '', ( #1421 ) ) ;
#1436 = MECHANICAL_DESIGN_GEOMETRIC_PRESENTATION_REPRESENTATION (  '', ( #1421 ), #1575 ) ;
#1437 = CIRCLE ( 'NONE', #1439, 25.39999999999999900 ) ;
#1438 = AXIS2_PLACEMENT_3D ( 'NONE', #85, #86, #87 ) ;
#1439 = AXIS2_PLACEMENT_3D ( 'NONE', #62, #63, #64 ) ;
#1440 = AXIS2_PLACEMENT_3D ( 'NONE', #72, #73, #74 ) ;
#1441 = PRESENTATION_LAYER_ASSIGNMENT (  '', '', ( #1430 ) ) ;
#1442 = MECHANICAL_DESIGN_GEOMETRIC_PRESENTATION_REPRESENTATION (  '', ( #1430 ), #1571 ) ;
#1443 = CIRCLE ( 'NONE', #1445, 25.39999999999999900 ) ;
#1444 = STYLED_ITEM ( 'NONE', ( #2886 ), #1572 ) ;
#1445 = AXIS2_PLACEMENT_3D ( 'NONE', #75, #76, #77 ) ;
#1446 = STYLED_ITEM ( 'NONE', ( #2879 ), #1563 ) ;
#1447 = PRESENTATION_LAYER_ASSIGNMENT (  '', '', ( #1446 ) ) ;
#1448 = MECHANICAL_DESIGN_GEOMETRIC_PRESENTATION_REPRESENTATION (  '', ( #1446 ), #1589 ) ;
#1449 = PRESENTATION_LAYER_ASSIGNMENT (  '', '', ( #1450 ) ) ;
#1450 = STYLED_ITEM ( 'NONE', ( #2882 ), #1566 ) ;
#1451 = PRESENTATION_LAYER_ASSIGNMENT (  '', '', ( #1444 ) ) ;
#1452 = MECHANICAL_DESIGN_GEOMETRIC_PRESENTATION_REPRESENTATION (  '', ( #1450 ), #1600 ) ;
#1453 = AXIS2_PLACEMENT_3D ( 'NONE', #332, #333, #334 ) ;
#1454 = MECHANICAL_DESIGN_GEOMETRIC_PRESENTATION_REPRESENTATION (  '', ( #1444 ), #1583 ) ;
#1455 = CIRCLE ( 'NONE', #1456, 25.39999999999999900 ) ;
#1456 = AXIS2_PLACEMENT_3D ( 'NONE', #335, #336, #337 ) ;
#1457 = CIRCLE ( 'NONE', #1458, 25.39999999999999900 ) ;
#1458 = AXIS2_PLACEMENT_3D ( 'NONE', #338, #339, #340 ) ;
#1459 = AXIS2_PLACEMENT_3D ( 'NONE', #372, #373, #374 ) ;
#1460 = STYLED_ITEM ( 'NONE', ( #2891 ), #1581 ) ;
#1461 = VECTOR ( 'NONE', #364, 1000.000000000000000 ) ;
#1462 = PRESENTATION_LAYER_ASSIGNMENT (  '', '', ( #1460 ) ) ;
#1463 = MECHANICAL_DESIGN_GEOMETRIC_PRESENTATION_REPRESENTATION (  '', ( #1460 ), #1631 ) ;
#1464 = CIRCLE ( 'NONE', #1474, 25.25857864376268900 ) ;
#1465 = VECTOR ( 'NONE', #433, 999.9999999999998900 ) ;
#1466 = CIRCLE ( 'NONE', #1468, 25.25857864376268900 ) ;
#1467 = VECTOR ( 'NONE', #435, 1000.000000000000000 ) ;
#1468 = AXIS2_PLACEMENT_3D ( 'NONE', #500, #501, #502 ) ;
#1469 = AXIS2_PLACEMENT_3D ( 'NONE', #1753, #1754, #1755 ) ;
#1470 = CIRCLE ( 'NONE', #2463, 25.39999999999999900 ) ;
#1471 = VECTOR ( 'NONE', #504, 1000.000000000000000 ) ;
#1472 = AXIS2_PLACEMENT_3D ( 'NONE', #553, #554, #555 ) ;
#1473 = STYLED_ITEM ( 'NONE', ( #2899 ), #1623 ) ;
#1474 = AXIS2_PLACEMENT_3D ( 'NONE', #588, #589, #590 ) ;
#1475 = CIRCLE ( 'NONE', #1476, 25.39999999999999900 ) ;
#1476 = AXIS2_PLACEMENT_3D ( 'NONE', #1723, #1724, #1725 ) ;
#1477 = STYLED_ITEM ( 'NONE', ( #2909 ), #1625 ) ;
#1478 = AXIS2_PLACEMENT_3D ( 'NONE', #1733, #1734, #1735 ) ;
#1479 = PRESENTATION_LAYER_ASSIGNMENT (  '', '', ( #1473 ) ) ;
#1480 = MECHANICAL_DESIGN_GEOMETRIC_PRESENTATION_REPRESENTATION (  '', ( #1473 ), #1615 ) ;
#1481 = AXIS2_PLACEMENT_3D ( 'NONE', #1743, #1744, #1745 ) ;
#1482 = STYLED_ITEM ( 'NONE', ( #2903 ), #1624 ) ;
#1483 = PRESENTATION_LAYER_ASSIGNMENT (  '', '', ( #1482 ) ) ;
#1484 = MECHANICAL_DESIGN_GEOMETRIC_PRESENTATION_REPRESENTATION (  '', ( #1482 ), #1592 ) ;
#1485 = CIRCLE ( 'NONE', #1492, 25.39999999999999900 ) ;
#1486 = PRESENTATION_LAYER_ASSIGNMENT (  '', '', ( #1477 ) ) ;
#1487 = MECHANICAL_DESIGN_GEOMETRIC_PRESENTATION_REPRESENTATION (  '', ( #1477 ), #1573 ) ;
#1488 = CIRCLE ( 'NONE', #1490, 25.39999999999999900 ) ;
#1489 = VECTOR ( 'NONE', #1791, 1000.000000000000000 ) ;
#1490 = AXIS2_PLACEMENT_3D ( 'NONE', #1796, #1797, #1798 ) ;
#1491 = AXIS2_PLACEMENT_3D ( 'NONE', #1829, #1830, #1831 ) ;
#1492 = AXIS2_PLACEMENT_3D ( 'NONE', #1815, #1816, #1817 ) ;
#1493 = UNCERTAINTY_MEASURE_WITH_UNIT (LENGTH_MEASURE( 1.000000000000000100E-005 ), #150, 'distance_accuracy_value', 'NONE');
#1494 = UNCERTAINTY_MEASURE_WITH_UNIT (LENGTH_MEASURE( 1.000000000000000100E-005 ), #1228, 'distance_accuracy_value', 'NONE');
#1495 = B_SPLINE_CURVE_WITH_KNOTS ( 'NONE', 3,
 ( #123, #124, #125, #126, #127, #128, #129, #130, #131, #132, #133, #134, #135, #136, #137, #138, #139, #140, #141, #142, #143, #144, #145 ),
 .UNSPECIFIED., .F., .F.,
 ( 4, 2, 2, 1, 2, 2, 2, 2, 1, 1, 2, 2, 4 ),
 ( 0.0000000000000000000, 0.06250000000000265100, 0.1250000000000053000, 0.1875000000000079400, 0.2187500000000066600, 0.2500000000000053800, 0.3750000000000025000, 0.4999999999999996700, 0.6249999999999968900, 0.6874999999999974500, 0.7187499999999977800, 0.7499999999999980000, 1.000000000000000000 ),
 .UNSPECIFIED. ) ;
#1496 = UNCERTAINTY_MEASURE_WITH_UNIT (LENGTH_MEASURE( 1.000000000000000100E-005 ), #82, 'distance_accuracy_value', 'NONE');
#1497 = UNCERTAINTY_MEASURE_WITH_UNIT (LENGTH_MEASURE( 1.000000000000000100E-005 ), #69, 'distance_accuracy_value', 'NONE');
#1498 = UNCERTAINTY_MEASURE_WITH_UNIT (LENGTH_MEASURE( 1.000000000000000100E-005 ), #56, 'distance_accuracy_value', 'NONE');
#1499 = B_SPLINE_CURVE_WITH_KNOTS ( 'NONE', 3,
 ( #17, #18, #19, #20, #21, #22, #23, #24, #25, #26, #27, #28, #29, #30, #31, #32, #33, #34, #35, #36, #37, #38, #39, #40, #41, #42, #43, #44, #45, #46, #47, #48, #49, #50, #51 ),
 .UNSPECIFIED., .F., .F.,
 ( 4, 1, 1, 2, 2, 1, 2, 2, 1, 2, 2, 2, 2, 2, 2, 2, 1, 2, 2, 4 ),
 ( 0.0000000000000000000, 0.06250000000000409400, 0.09375000000000613400, 0.1093750000000054400, 0.1250000000000047500, 0.1875000000000020800, 0.2187500000000017500, 0.2500000000000013900, 0.3750000000000025500, 0.4375000000000017800, 0.5000000000000010000, 0.6249999999999998900, 0.6874999999999995600, 0.7499999999999991100, 0.8124999999999987800, 0.8749999999999984500, 0.9062499999999984500, 0.9218749999999985600, 0.9374999999999986700, 1.000000000000000000 ),
 .UNSPECIFIED. ) ;
#1500 = B_SPLINE_CURVE_WITH_KNOTS ( 'NONE', 3,
 ( #13, #14, #15, #16 ),
 .UNSPECIFIED., .F., .F.,
 ( 4, 4 ),
 ( 0.0000000000000000000, 0.3899018232819237400 ),
 .UNSPECIFIED. ) ;
#1501 = B_SPLINE_CURVE_WITH_KNOTS ( 'NONE', 3,
 ( #1236, #1237, #1238, #1239, #1240, #1241, #1242, #1243, #1244, #1245, #1246, #1247, #1248, #1249, #1250, #1251, #1252, #1253, #1254, #1255, #1256 ),
 .UNSPECIFIED., .F., .F.,
 ( 4, 2, 1, 1, 2, 2, 2, 2, 2, 2, 1, 4 ),
 ( 0.0000000000000000000, 0.2499999999999966100, 0.3749999999999973400, 0.4374999999999979500, 0.4687499999999983900, 0.4999999999999987800, 0.6249999999999997800, 0.7500000000000006700, 0.7812499999999986700, 0.8124999999999965600, 0.8749999999999986700, 1.000000000000000000 ),
 .UNSPECIFIED. ) ;
#1502 = B_SPLINE_CURVE_WITH_KNOTS ( 'NONE', 3,
 ( #1257, #1258, #1259, #1260, #1261, #1262, #1263, #1264, #1265, #1266, #1267, #1268, #1269, #1270, #1271, #1272, #1, #2, #3, #4, #5, #6, #7, #8, #9, #10, #11, #12 ),
 .UNSPECIFIED., .F., .F.,
 ( 4, 2, 2, 2, 2, 2, 1, 1, 1, 1, 1, 1, 2, 2, 2, 2, 4 ),
 ( 0.2499941900805487400, 0.2812449163204876500, 0.3124956425604266100, 0.3437463688003655200, 0.3749970950403044800, 0.3751191681896791600, 0.3752412413390539000, 0.3754853876378033100, 0.3759736802353022000, 0.3769502654302998600, 0.3789034358202951200, 0.3828097766002856500, 0.3906224581602665800, 0.4062478212802285700, 0.4374985475201523800, 0.4687492737600761900, 0.5000000000000000000 ),
 .UNSPECIFIED. ) ;
#1503 = B_SPLINE_CURVE_WITH_KNOTS ( 'NONE', 3,
 ( #88, #89, #90, #91, #92, #93, #94, #95, #96, #97, #98, #99, #100, #101, #102, #103, #104, #105, #106, #107, #108, #109, #110, #111, #112, #113, #114, #115, #116, #117, #118, #119, #120, #121, #122 ),
 .UNSPECIFIED., .F., .F.,
 ( 4, 2, 1, 1, 2, 2, 1, 2, 2, 2, 2, 2, 2, 2, 2, 2, 2, 2, 4 ),
 ( 0.0000000000000000000, 0.06250000000000804900, 0.09375000000001255900, 0.1093750000000143400, 0.1171875000000151500, 0.1250000000000159600, 0.1875000000000153800, 0.2187500000000155200, 0.2500000000000156500, 0.3750000000000129900, 0.4375000000000116600, 0.5000000000000103300, 0.6250000000000076600, 0.6875000000000063300, 0.7500000000000051100, 0.8750000000000024400, 0.9375000000000012200, 0.9687500000000006700, 1.000000000000000000 ),
 .UNSPECIFIED. ) ;
#1504 = B_SPLINE_CURVE_WITH_KNOTS ( 'NONE', 3,
 ( #1170, #1171, #1172, #1173, #1174, #1175, #1176, #1177, #1178, #1179, #1180, #1181, #1182, #1183, #1184, #1185, #1186, #1187, #1188, #1189, #1190, #1191, #1192, #1193, #1194, #1195, #1196, #1197, #1198, #1199, #1200, #1201, #1202, #1203, #1204, #1205, #1206, #1207 ),
 .UNSPECIFIED., .F., .F.,
 ( 4, 2, 1, 1, 1, 2, 2, 2, 2, 1, 1, 1, 2, 2, 2, 1, 1, 2, 2, 1, 1, 2, 2, 4 ),
 ( 0.0000000000000000000, 0.1249999999999925600, 0.1874999999999883400, 0.2187499999999868700, 0.2343749999999857600, 0.2421874999999852900, 0.2499999999999848200, 0.3124999999999869500, 0.3749999999999890600, 0.4374999999999911700, 0.4687499999999925100, 0.4843749999999921700, 0.4921874999999912800, 0.4999999999999904500, 0.6249999999999923400, 0.6874999999999926700, 0.7187499999999936700, 0.7343749999999931200, 0.7499999999999926700, 0.8124999999999943400, 0.8437499999999947800, 0.8593749999999952300, 0.8749999999999957800, 1.000000000000000000 ),
 .UNSPECIFIED. ) ;
#1505 = B_SPLINE_CURVE_WITH_KNOTS ( 'NONE', 3,
 ( #1150, #1151, #1152, #1153, #1154, #1155, #1156, #1157, #1158, #1159, #1160, #1161, #1162, #1163, #1164 ),
 .UNSPECIFIED., .F., .F.,
 ( 4, 2, 2, 2, 1, 2, 2, 4 ),
 ( 0.0000000000000000000, 0.1249999999999998300, 0.2499999999999996700, 0.4999999999999992200, 0.6249999999999991100, 0.6874999999999993300, 0.7499999999999994400, 1.000000000000000000 ),
 .UNSPECIFIED. ) ;
#1506 = B_SPLINE_CURVE_WITH_KNOTS ( 'NONE', 3,
 ( #1121, #1122, #1123, #1124, #1125, #1126, #1127, #1128, #1129, #1130, #1131, #1132, #1133, #1134, #1135, #1136, #1137, #1138, #1139, #1140, #1141, #1142, #1143, #1144, #1145, #1146, #1147, #1148, #1149 ),
 .UNSPECIFIED., .F., .F.,
 ( 4, 1, 2, 2, 1, 2, 2, 1, 1, 2, 2, 2, 2, 1, 2, 2, 4 ),
 ( 0.0000000000000000000, 0.06249999999999993100, 0.09375000000000005600, 0.1250000000000001900, 0.1875000000000004400, 0.2187500000000007200, 0.2500000000000010000, 0.3750000000000020000, 0.4375000000000023300, 0.4687500000000027200, 0.5000000000000030000, 0.6250000000000028900, 0.7500000000000023300, 0.8125000000000025500, 0.8437500000000031100, 0.8750000000000034400, 1.000000000000000000 ),
 .UNSPECIFIED. ) ;
#1507 = B_SPLINE_CURVE_WITH_KNOTS ( 'NONE', 3,
 ( #1056, #1057, #1058, #1059, #1060, #1061, #1062, #1063, #1064, #1065, #1066, #1067, #1068, #1069, #1070, #1071, #1072, #1073, #1074, #1075, #1076, #1077, #1078, #1079, #1080, #1081, #1082, #1083, #1084, #1085 ),
 .UNSPECIFIED., .F., .F.,
 ( 4, 2, 2, 2, 2, 2, 2, 1, 1, 2, 2, 2, 1, 1, 2, 2, 4 ),
 ( 0.0000000000000000000, 0.03124999999999938200, 0.06249999999999876500, 0.09374999999999814000, 0.1249999999999975300, 0.1874999999999962800, 0.2499999999999950600, 0.3749999999999925600, 0.4374999999999908400, 0.4687499999999905100, 0.4999999999999901200, 0.7499999999999875700, 0.8124999999999879000, 0.8437499999999890100, 0.8593749999999909000, 0.8749999999999927800, 1.000000000000000000 ),
 .UNSPECIFIED. ) ;
#1508 = B_SPLINE_CURVE_WITH_KNOTS ( 'NONE', 3,
 ( #1086, #1087, #1088, #1089, #1090, #1091, #1092, #1093, #1094, #1095, #1096, #1097, #1098, #1099, #1100, #1101, #1102, #1103, #1104, #1105, #1106, #1107, #1108, #1109, #1110, #1111, #1112, #1113, #1114, #1115, #1116, #1117, #1118, #1119, #1120 ),
 .UNSPECIFIED., .F., .F.,
 ( 4, 1, 2, 2, 1, 1, 1, 1, 2, 2, 1, 1, 2, 2, 1, 2, 2, 2, 1, 2, 2, 4 ),
 ( 0.0000000000000000000, 0.1250000000000029700, 0.1875000000000043900, 0.2500000000000058300, 0.3750000000000086600, 0.4375000000000107700, 0.4687500000000118200, 0.4843750000000122700, 0.4921875000000121600, 0.5000000000000119900, 0.5625000000000112100, 0.5937500000000108800, 0.6093750000000103300, 0.6250000000000098800, 0.6875000000000077700, 0.7187500000000069900, 0.7500000000000061100, 0.8750000000000024400, 0.9062500000000017800, 0.9218750000000015500, 0.9375000000000014400, 1.000000000000000000 ),
 .UNSPECIFIED. ) ;
#1509 = B_SPLINE_CURVE_WITH_KNOTS ( 'NONE', 3,
 ( #436, #437, #438, #439, #440, #441, #442, #443, #444, #445, #446, #447, #448, #449, #450, #451, #452, #453, #454, #455, #456, #457, #458, #459, #460, #461, #462, #463, #464, #465, #466, #467, #468, #469, #470, #471, #472, #473, #474, #475 ),
 .UNSPECIFIED., .F., .F.,
 ( 4, 1, 1, 1, 1, 2, 2, 2, 1, 1, 1, 2, 2, 2, 2, 1, 2, 2, 2, 1, 1, 2, 2, 2, 4 ),
 ( 0.0000000000000000000, 0.06250000000000371900, 0.09375000000000552300, 0.1093750000000064300, 0.1171875000000068700, 0.1210937500000075400, 0.1250000000000082200, 0.1874999999999817900, 0.2187499999999692200, 0.2343749999999629700, 0.2421874999999598100, 0.2460937499999586400, 0.2499999999999574500, 0.3749999999999582000, 0.4374999999999590900, 0.4687499999999582600, 0.4843749999999597500, 0.4999999999999612500, 0.6249999999999746900, 0.6874999999999794600, 0.7187499999999827900, 0.7343749999999840100, 0.7499999999999851200, 0.8749999999999925600, 1.000000000000000000 ),
 .UNSPECIFIED. ) ;
#1510 = B_SPLINE_CURVE_WITH_KNOTS ( 'NONE', 3,
 ( #1756, #1757, #1758, #1759, #1760, #1761, #1762, #1763, #1764, #1765, #1766, #1767, #1768, #1769, #1770, #1771, #1772, #1773, #1774, #1775, #1776, #1777, #1778, #1779, #1780, #1781, #1782, #1783, #1784, #1785, #1786, #1787, #1788, #1789 ),
 .UNSPECIFIED., .F., .F.,
 ( 4, 1, 1, 2, 2, 2, 2, 2, 1, 2, 2, 2, 2, 2, 1, 1, 1, 2, 2, 4 ),
 ( 0.0000000000000000000, 0.03125000000000080500, 0.04687500000000119300, 0.05468750000000153300, 0.06250000000000187400, 0.1250000000000034700, 0.2500000000000067700, 0.3750000000000104400, 0.4375000000000127100, 0.4687500000000140400, 0.5000000000000153200, 0.6250000000000203200, 0.6875000000000226500, 0.7500000000000248700, 0.8125000000000272000, 0.8437500000000277600, 0.8593750000000274200, 0.8671875000000265300, 0.8750000000000256500, 1.000000000000000000 ),
 .UNSPECIFIED. ) ;
#1511 = B_SPLINE_CURVE_WITH_KNOTS ( 'NONE', 3,
 ( #476, #477, #478, #479, #480, #481, #482, #483, #484, #485, #486, #487, #488, #489, #490, #491, #492, #493, #494, #495, #496, #497, #498, #499 ),
 .UNSPECIFIED., .F., .F.,
 ( 4, 1, 1, 2, 2, 2, 2, 1, 2, 2, 1, 2, 2, 4 ),
 ( 0.0000000000000000000, 0.06250000000000072200, 0.09374999999999975000, 0.1093749999999992500, 0.1249999999999987500, 0.2499999999999982200, 0.4999999999999977800, 0.6249999999999967800, 0.6874999999999970000, 0.7499999999999973400, 0.8124999999999978900, 0.8437499999999982200, 0.8749999999999984500, 1.000000000000000000 ),
 .UNSPECIFIED. ) ;
#1512 = B_SPLINE_CURVE_WITH_KNOTS ( 'NONE', 3,
 ( #1875, #1876, #1877, #1878 ),
 .UNSPECIFIED., .F., .F.,
 ( 4, 4 ),
 ( 0.0000000000000000000, 1.000000000000000000 ),
 .UNSPECIFIED. ) ;
#1513 = B_SPLINE_CURVE_WITH_KNOTS ( 'NONE', 3,
 ( #505, #506, #507, #508, #509, #510, #511, #512, #513, #514, #515, #516, #517, #518, #519, #520, #521, #522, #523, #524, #525, #526, #527, #528, #529, #530, #531, #532, #533, #534, #535, #536, #537, #538, #539, #540, #541, #542, #543, #544, #545, #546, #547, #548, #549, #550, #551, #552 ),
 .UNSPECIFIED., .F., .F.,
 ( 4, 2, 1, 2, 2, 1, 1, 2, 2, 1, 1, 1, 2, 2, 2, 2, 2, 2, 1, 1, 1, 1, 2, 2, 2, 1, 1, 2, 2, 4 ),
 ( 0.0000000000000000000, 0.06249999999999875100, 0.09374999999999711300, 0.1093749999999971800, 0.1249999999999972400, 0.1875000000000013900, 0.2187500000000034400, 0.2343750000000030000, 0.2500000000000025500, 0.3124999999999960600, 0.3437499999999937800, 0.3593749999999926700, 0.3671874999999924500, 0.3749999999999922300, 0.4374999999999901700, 0.4687499999999890600, 0.4999999999999880100, 0.6249999999999837900, 0.6874999999999804600, 0.7187499999999789100, 0.7343749999999794600, 0.7421874999999782400, 0.7460937499999792400, 0.7499999999999801300, 0.8124999999999873400, 0.8437499999999914500, 0.8593749999999922300, 0.8671874999999926700, 0.8749999999999930100, 1.000000000000000000 ),
 .UNSPECIFIED. ) ;
#1514 = B_SPLINE_CURVE_WITH_KNOTS ( 'NONE', 3,
 ( #1818, #1819, #1820, #1821 ),
 .UNSPECIFIED., .F., .F.,
 ( 4, 4 ),
 ( 0.0000000000000000000, 1.000000000000000000 ),
 .UNSPECIFIED. ) ;
#1515 = B_SPLINE_CURVE_WITH_KNOTS ( 'NONE', 3,
 ( #375, #376, #377, #378, #379, #380, #381, #382, #383, #384, #385, #386, #387, #388, #389, #390, #391, #392, #393, #394, #395, #396, #397, #398, #399, #400, #401, #402, #403, #404, #405, #406 ),
 .UNSPECIFIED., .F., .F.,
 ( 4, 1, 1, 2, 2, 2, 2, 2, 1, 2, 2, 1, 2, 2, 1, 1, 2, 2, 4 ),
 ( 0.0000000000000000000, 0.06249999999999988900, 0.09374999999999966700, 0.1093749999999993900, 0.1249999999999991100, 0.1874999999999993300, 0.2499999999999995600, 0.4999999999999991100, 0.5624999999999973400, 0.5937499999999957800, 0.6249999999999941200, 0.6874999999999922300, 0.7187499999999927800, 0.7499999999999932300, 0.8124999999999957800, 0.8437499999999971100, 0.8593749999999968900, 0.8749999999999967800, 1.000000000000000000 ),
 .UNSPECIFIED. ) ;
#1516 = B_SPLINE_CURVE_WITH_KNOTS ( 'NONE', 3,
 ( #289, #290, #291, #292, #293, #294, #295, #296, #297, #298, #299, #300, #301, #302, #303, #304, #305, #306, #307, #308, #309, #310, #311, #312, #313, #314, #315, #316, #317, #318, #319, #320 ),
 .UNSPECIFIED., .F., .F.,
 ( 4, 2, 2, 1, 2, 2, 1, 1, 2, 2, 2, 1, 2, 2, 1, 1, 2, 2, 4 ),
 ( 0.0000000000000000000, 0.1250000000000032500, 0.1875000000000035200, 0.2187500000000031400, 0.2343750000000029100, 0.2500000000000027200, 0.3750000000000009400, 0.4375000000000000600, 0.4687500000000000600, 0.5000000000000001100, 0.6250000000000003300, 0.6875000000000005600, 0.7187500000000008900, 0.7500000000000012200, 0.8125000000000011100, 0.8437500000000010000, 0.8593750000000010000, 0.8750000000000010000, 1.000000000000000000 ),
 .UNSPECIFIED. ) ;
#1517 = B_SPLINE_CURVE_WITH_KNOTS ( 'NONE', 3,
 ( #1799, #1800, #1801, #1802 ),
 .UNSPECIFIED., .F., .F.,
 ( 4, 4 ),
 ( 0.0000000000000000000, 1.000000000000000000 ),
 .UNSPECIFIED. ) ;
#1518 = B_SPLINE_CURVE_WITH_KNOTS ( 'NONE', 3,
 ( #341, #342, #343, #344 ),
 .UNSPECIFIED., .F., .F.,
 ( 4, 4 ),
 ( 0.0000000000000000000, 1.000000000000000000 ),
 .UNSPECIFIED. ) ;
#1519 = UNCERTAINTY_MEASURE_WITH_UNIT (LENGTH_MEASURE( 1.000000000000000100E-005 ), #2183, 'distance_accuracy_value', 'NONE');
#1520 = PRODUCT ( '21081-E0W', '21081-E0W', '', ( #2191 ) ) ;
#1521 = UNCERTAINTY_MEASURE_WITH_UNIT (LENGTH_MEASURE( 1.000000000000000100E-005 ), #2176, 'distance_accuracy_value', 'NONE');
#1522 = B_SPLINE_CURVE_WITH_KNOTS ( 'NONE', 3,
 ( #407, #408, #409, #410, #411, #412, #413, #414, #415, #416, #417, #418, #419, #420, #421, #422, #423, #424, #425, #426, #427, #428, #429, #430, #431 ),
 .UNSPECIFIED., .F., .F.,
 ( 4, 1, 2, 2, 2, 2, 2, 1, 2, 2, 1, 2, 2, 4 ),
 ( 0.0000000000000000000, 0.06249999999999955600, 0.09374999999999962500, 0.1249999999999996900, 0.2499999999999993900, 0.3749999999999996700, 0.4999999999999996700, 0.6249999999999996700, 0.6874999999999996700, 0.7499999999999996700, 0.8124999999999996700, 0.8437499999999997800, 0.8749999999999998900, 1.000000000000000000 ),
 .UNSPECIFIED. ) ;
#1523 = B_SPLINE_CURVE_WITH_KNOTS ( 'NONE', 3,
 ( #345, #346, #347, #348, #349, #350, #351, #352, #353, #354, #355, #356, #357, #358, #359, #360, #361, #362 ),
 .UNSPECIFIED., .F., .F.,
 ( 4, 2, 2, 2, 2, 2, 2, 2, 4 ),
 ( 0.0000000000000000000, 0.06250000000000000000, 0.1250000000000000000, 0.1875000000000000000, 0.2500000000000000000, 0.3125000000000000000, 0.3750000000000000000, 0.4375000000000000000, 0.5000000000000000000 ),
 .UNSPECIFIED. ) ;
#1524 = UNCERTAINTY_MEASURE_WITH_UNIT (LENGTH_MEASURE( 1.000000000000000100E-005 ), #2060, 'distance_accuracy_value', 'NONE');
#1525 = B_SPLINE_CURVE_WITH_KNOTS ( 'NONE', 3,
 ( #2069, #2070, #2071, #2072 ),
 .UNSPECIFIED., .F., .F.,
 ( 4, 4 ),
 ( 0.0000000000000000000, 1.000000000000000000 ),
 .UNSPECIFIED. ) ;
#1526 = UNCERTAINTY_MEASURE_WITH_UNIT (LENGTH_MEASURE( 1.000000000000000100E-005 ), #1907, 'distance_accuracy_value', 'NONE');
#1527 = UNCERTAINTY_MEASURE_WITH_UNIT (LENGTH_MEASURE( 1.000000000000000100E-005 ), #1897, 'distance_accuracy_value', 'NONE');
#1528 = UNCERTAINTY_MEASURE_WITH_UNIT (LENGTH_MEASURE( 1.000000000000000100E-005 ), #2050, 'distance_accuracy_value', 'NONE');
#1529 = UNCERTAINTY_MEASURE_WITH_UNIT (LENGTH_MEASURE( 1.000000000000000100E-005 ), #1887, 'distance_accuracy_value', 'NONE');
#1530 = B_SPLINE_CURVE_WITH_KNOTS ( 'NONE', 3,
 ( #556, #557, #558, #559, #560, #561, #562, #563, #564, #565, #566, #567, #568, #569, #570, #571, #572, #573, #574, #575, #576, #577, #578, #579, #580, #581, #582, #583, #584, #585, #586, #587 ),
 .UNSPECIFIED., .F., .F.,
 ( 4, 2, 1, 1, 2, 2, 1, 2, 2, 2, 2, 2, 2, 2, 1, 2, 2, 4 ),
 ( 0.0000000000000000000, 0.1249999999999812600, 0.1874999999999701400, 0.2187499999999664700, 0.2343749999999656400, 0.2499999999999648100, 0.3124999999999629700, 0.3437499999999629700, 0.3749999999999629200, 0.4999999999999691400, 0.6249999999999753500, 0.6874999999999790200, 0.7499999999999825700, 0.8749999999999914500, 0.9062499999999937800, 0.9218749999999947800, 0.9374999999999958900, 1.000000000000000000 ),
 .UNSPECIFIED. ) ;
#1531 = B_SPLINE_CURVE_WITH_KNOTS ( 'NONE', 3,
 ( #1879, #1880, #1881, #1882 ),
 .UNSPECIFIED., .F., .F.,
 ( 4, 4 ),
 ( 0.4755512943432437800, 1.000000000000000000 ),
 .UNSPECIFIED. ) ;
#1532 = B_SPLINE_CURVE_WITH_KNOTS ( 'NONE', 3,
 ( #1835, #1836, #1837, #1838, #1839, #1840, #1841, #1842, #1843, #1844, #1845, #1846, #1847, #1848, #1849, #1850, #1851, #1852, #1853, #1854, #1855, #1856, #1857, #1858, #1859, #1860, #1861, #1862, #1863, #1864, #1865, #1866, #1867, #1868, #1869, #1870, #1871, #1872, #1873, #1874 ),
 .UNSPECIFIED., .F., .F.,
 ( 4, 1, 1, 2, 2, 2, 2, 2, 2, 2, 2, 2, 1, 2, 2, 1, 2, 2, 1, 1, 2, 2, 4 ),
 ( 0.0000000000000000000, 0.03125000000000115900, 0.04687500000000182500, 0.05468750000000164500, 0.06250000000000147100, 0.09375000000000129100, 0.1250000000000011100, 0.1875000000000015300, 0.2500000000000019400, 0.3750000000000027800, 0.5000000000000036600, 0.6250000000000045500, 0.6875000000000050000, 0.7187500000000048800, 0.7500000000000047700, 0.8125000000000035500, 0.8437500000000031100, 0.8750000000000025500, 0.9062500000000021100, 0.9218750000000017800, 0.9296875000000016700, 0.9375000000000014400, 1.000000000000000000 ),
 .UNSPECIFIED. ) ;
#1533 = UNCERTAINTY_MEASURE_WITH_UNIT (LENGTH_MEASURE( 1.000000000000000100E-005 ), #1750, 'distance_accuracy_value', 'NONE');
#1534 = UNCERTAINTY_MEASURE_WITH_UNIT (LENGTH_MEASURE( 1.000000000000000100E-005 ), #1826, 'distance_accuracy_value', 'NONE');
#1535 = UNCERTAINTY_MEASURE_WITH_UNIT (LENGTH_MEASURE( 1.000000000000000100E-005 ), #329, 'distance_accuracy_value', 'NONE');
#1536 = UNCERTAINTY_MEASURE_WITH_UNIT (LENGTH_MEASURE( 1.000000000000000100E-005 ), #1740, 'distance_accuracy_value', 'NONE');
#1537 = B_SPLINE_CURVE_WITH_KNOTS ( 'NONE', 3,
 ( #321, #322, #323, #324 ),
 .UNSPECIFIED., .F., .F.,
 ( 4, 4 ),
 ( 0.0000000000000000000, 1.000000000000000000 ),
 .UNSPECIFIED. ) ;
#1538 = UNCERTAINTY_MEASURE_WITH_UNIT (LENGTH_MEASURE( 1.000000000000000100E-005 ), #369, 'distance_accuracy_value', 'NONE');
#1539 = B_SPLINE_CURVE_WITH_KNOTS ( 'NONE', 3,
 ( #1803, #1804, #1805, #1806, #1807, #1808, #1809, #1810, #1811, #1812, #1813, #1814 ),
 .UNSPECIFIED., .F., .F.,
 ( 4, 2, 2, 2, 2, 4 ),
 ( 0.0000000000000000000, 0.1250000000000004400, 0.2500000000000008900, 0.3750000000000013300, 0.5000000000000017800, 1.000000000000000000 ),
 .UNSPECIFIED. ) ;
#1540 = B_SPLINE_CURVE_WITH_KNOTS ( 'NONE', 3,
 ( #628, #629, #630, #631, #632, #633, #634, #635, #636, #637, #638, #639, #640, #641, #642, #1656, #1657, #1658, #1659, #1660, #1661, #1662, #1663, #1664, #1665, #1666, #1667, #1668, #1669, #1670, #1671, #1672 ),
 .UNSPECIFIED., .F., .F.,
 ( 4, 1, 1, 2, 2, 2, 2, 2, 2, 2, 1, 2, 2, 1, 1, 1, 2, 2, 4 ),
 ( 0.0000000000000000000, 0.03124999999999958400, 0.04687499999999950000, 0.05468749999999936900, 0.06249999999999923700, 0.1249999999999969500, 0.2499999999999923400, 0.3749999999999873400, 0.4374999999999850100, 0.4999999999999826800, 0.6249999999999794600, 0.6874999999999782400, 0.7499999999999769100, 0.8124999999999756900, 0.8437499999999754600, 0.8593749999999750200, 0.8671874999999752400, 0.8749999999999754600, 1.000000000000000000 ),
 .UNSPECIFIED. ) ;
#1541 = B_SPLINE_CURVE_WITH_KNOTS ( 'NONE', 3,
 ( #1792, #1793, #1794, #1795 ),
 .UNSPECIFIED., .F., .F.,
 ( 4, 4 ),
 ( 0.0000000000000000000, 1.000000000000000000 ),
 .UNSPECIFIED. ) ;
#1542 = B_SPLINE_CURVE_WITH_KNOTS ( 'NONE', 3,
 ( #1719, #1720, #1721, #1722 ),
 .UNSPECIFIED., .F., .F.,
 ( 4, 4 ),
 ( 0.0000000000000000000, 1.000000000000000000 ),
 .UNSPECIFIED. ) ;
#1543 = B_SPLINE_CURVE_WITH_KNOTS ( 'NONE', 3,
 ( #1689, #1690, #1691, #1692, #1693, #1694, #1695, #1696, #1697, #1698, #1699, #1700, #1701, #1702, #1703, #1704, #1705, #1706, #1707, #1708, #1709, #1710, #1711, #1712, #1713, #1714, #1715, #1716, #1717, #1718 ),
 .UNSPECIFIED., .F., .F.,
 ( 4, 1, 1, 2, 2, 2, 1, 2, 2, 2, 2, 2, 2, 1, 2, 2, 4 ),
 ( 0.0000000000000000000, 0.06250000000000222000, 0.09375000000000344200, 0.1093750000000040200, 0.1250000000000046100, 0.2500000000000037700, 0.3750000000000029400, 0.4375000000000017200, 0.5000000000000004400, 0.6249999999999998900, 0.7499999999999990000, 0.8124999999999982200, 0.8749999999999974500, 0.9062499999999974500, 0.9218749999999977800, 0.9374999999999981100, 1.000000000000000000 ),
 .UNSPECIFIED. ) ;
#1544 = UNCERTAINTY_MEASURE_WITH_UNIT (LENGTH_MEASURE( 1.000000000000000100E-005 ), #1730, 'distance_accuracy_value', 'NONE');
#1545 = B_SPLINE_CURVE_WITH_KNOTS ( 'NONE', 3,
 ( #591, #592, #593, #594, #595, #596, #597, #598, #599, #600, #601, #602, #603, #604, #605, #606, #607, #608, #609, #610, #611, #612, #613, #614, #615, #616, #617, #618, #619, #620, #621, #622, #623 ),
 .UNSPECIFIED., .F., .F.,
 ( 4, 1, 1, 2, 2, 1, 2, 2, 2, 2, 2, 2, 2, 2, 1, 1, 2, 2, 4 ),
 ( 0.0000000000000000000, 0.06249999999999909800, 0.09374999999999864000, 0.1093749999999986400, 0.1249999999999986400, 0.1874999999999992200, 0.2187499999999993900, 0.2499999999999995600, 0.3749999999999998300, 0.4375000000000001100, 0.5000000000000003300, 0.5625000000000005600, 0.6250000000000007800, 0.7499999999999983300, 0.8124999999999982200, 0.8437499999999974500, 0.8593749999999977800, 0.8749999999999981100, 1.000000000000000000 ),
 .UNSPECIFIED. ) ;
#1546 = B_SPLINE_CURVE_WITH_KNOTS ( 'NONE', 3,
 ( #624, #625, #626, #627 ),
 .UNSPECIFIED., .F., .F.,
 ( 4, 4 ),
 ( 0.0000000000000000000, 1.000000000000000000 ),
 .UNSPECIFIED. ) ;
#1547 = B_SPLINE_CURVE_WITH_KNOTS ( 'NONE', 3,
 ( #1673, #1674, #1675, #1676, #1677, #1678, #1679, #1680, #1681, #1682, #1683, #1684, #1685, #1686, #1687, #1688 ),
 .UNSPECIFIED., .F., .F.,
 ( 4, 1, 2, 2, 2, 1, 2, 2, 4 ),
 ( 0.0000000000000000000, 0.1250000000000003900, 0.1875000000000002500, 0.2500000000000001100, 0.5000000000000028900, 0.6250000000000057700, 0.6875000000000091000, 0.7500000000000125500, 1.000000000000000000 ),
 .UNSPECIFIED. ) ;
#1548 = MANIFOLD_SOLID_BREP ( '21081-001-1-solid1', #2333 ) ;
#1549 = ADVANCED_BREP_SHAPE_REPRESENTATION ( '21081-E0W', ( #1548, #2487 ), #1605 ) ;
#1550 = B_SPLINE_SURFACE_WITH_KNOTS ( 'NONE', 3, 3, ( 
 ( #153, #154, #155, #156, #157, #158, #159, #160, #161, #162, #163, #164, #165, #166, #167, #168, #169, #170, #171, #172, #173, #174, #175, #176, #177, #178, #179, #180, #181, #182, #183, #184, #185, #186 ),
 ( #187, #188, #189, #190, #191, #192, #193, #194, #195, #196, #197, #198, #199, #200, #201, #202, #203, #204, #205, #206, #207, #208, #209, #210, #211, #212, #213, #214, #215, #216, #217, #218, #219, #220 ),
 ( #221, #222, #223, #224, #225, #226, #227, #228, #229, #230, #231, #232, #233, #234, #235, #236, #237, #238, #239, #240, #241, #242, #243, #244, #245, #246, #247, #248, #249, #250, #251, #252, #253, #254 ),
 ( #255, #256, #257, #258, #259, #260, #261, #262, #263, #264, #265, #266, #267, #268, #269, #270, #271, #272, #273, #274, #275, #276, #277, #278, #279, #280, #281, #282, #283, #284, #285, #286, #287, #288 ) ),
 .UNSPECIFIED., .F., .T., .F.,
 ( 4, 4 ),
 ( 4, 2, 2, 2, 2, 2, 2, 2, 2, 2, 2, 2, 2, 2, 2, 2, 4 ),
 ( 0.0000000000000000000, 1.000000000000000000 ),
 ( 0.0000000000000000000, 0.06250000000000000000, 0.1250000000000000000, 0.1875000000000000000, 0.2500000000000000000, 0.3125000000000000000, 0.3750000000000000000, 0.4375000000000000000, 0.5000000000000000000, 0.5625000000000000000, 0.6250000000000000000, 0.6875000000000000000, 0.7500000000000000000, 0.8125000000000000000, 0.8750000000000000000, 0.9375000000000000000, 1.000000000000000000 ),
 .UNSPECIFIED. ) ;
#1551 = B_SPLINE_SURFACE_WITH_KNOTS ( 'NONE', 3, 3, ( 
 ( #1910, #1911, #1912, #1913, #1914, #1915, #1916, #1917, #1918, #1919, #1920, #1921, #1922, #1923, #1924, #1925, #1926, #1927, #1928, #1929, #1930, #1931, #1932, #1933, #1934, #1935, #1936, #1937, #1938, #1939, #1940, #1941, #1942, #1943 ),
 ( #1944, #1945, #1946, #1947, #1948, #1949, #1950, #1951, #1952, #1953, #1954, #1955, #1956, #1957, #1958, #1959, #1960, #1961, #1962, #1963, #1964, #1965, #1966, #1967, #1968, #1969, #1970, #1971, #1972, #1973, #1974, #1975, #1976, #1977 ),
 ( #1978, #1979, #1980, #1981, #1982, #1983, #1984, #1985, #1986, #1987, #1988, #1989, #1990, #1991, #1992, #1993, #1994, #1995, #1996, #1997, #1998, #1999, #2000, #2001, #2002, #2003, #2004, #2005, #2006, #2007, #2008, #2009, #2010, #2011 ),
 ( #2012, #2013, #2014, #2015, #2016, #2017, #2018, #2019, #2020, #2021, #2022, #2023, #2024, #2025, #2026, #2027, #2028, #2029, #2030, #2031, #2032, #2033, #2034, #2035, #2036, #2037, #2038, #2039, #2040, #2041, #2042, #2043, #2044, #2045 ) ),
 .UNSPECIFIED., .F., .T., .F.,
 ( 4, 4 ),
 ( 4, 2, 2, 2, 2, 2, 2, 2, 2, 2, 2, 2, 2, 2, 2, 2, 4 ),
 ( 0.0000000000000000000, 1.000000000000000000 ),
 ( 0.0000000000000000000, 0.06250000000000000000, 0.1250000000000000000, 0.1875000000000000000, 0.2500000000000000000, 0.3125000000000000000, 0.3750000000000000000, 0.4375000000000000000, 0.5000000000000000000, 0.5625000000000000000, 0.6250000000000000000, 0.6875000000000000000, 0.7500000000000000000, 0.8125000000000000000, 0.8750000000000000000, 0.9375000000000000000, 1.000000000000000000 ),
 .UNSPECIFIED. ) ;
#1552 = COLOUR_RGB ( '',0.7529411764705882200, 0.7529411764705882200, 0.7529411764705882200 ) ;
#1553 = EDGE_CURVE ( 'NONE', #2817, #2816, #2853, .T. ) ;
#1554 = EDGE_CURVE ( 'NONE', #2828, #2829, #1431, .T. ) ;
#1555 = EDGE_CURVE ( 'NONE', #2820, #2819, #1501, .T. ) ;
#1556 = EDGE_CURVE ( 'NONE', #2789, #2405, #1502, .T. ) ;
#1557 = EDGE_CURVE ( 'NONE', #2834, #2841, #1500, .T. ) ;
#1558 = EDGE_CURVE ( 'NONE', #2428, #2391, #1499, .T. ) ;
#1559 = ADVANCED_FACE ( 'NONE', ( #2869 ), #2868, .T. ) ;
#1560 = EDGE_CURVE ( 'NONE', #2818, #2817, #1437, .T. ) ;
#1561 = ADVANCED_FACE ( 'NONE', ( #2873 ), #2872, .T. ) ;
#1562 = EDGE_CURVE ( 'NONE', #2838, #2837, #1443, .T. ) ;
#1563 = ADVANCED_FACE ( 'NONE', ( #2877 ), #2876, .T. ) ;
#1564 = EDGE_CURVE ( 'NONE', #2753, #2752, #1503, .T. ) ;
#1565 = EDGE_CURVE ( 'NONE', #2816, #2815, #1495, .T. ) ;
#1566 = ADVANCED_FACE ( 'NONE', ( #2880 ), #1550, .T. ) ;
#1567 = COLOUR_RGB ( '',0.7960784313725489700, 0.8235294117647058400, 0.9372549019607843100 ) ;
#1568 = EDGE_CURVE ( 'NONE', #2373, #2762, #1516, .T. ) ;
#1569 = COLOUR_RGB ( '',0.7529411764705882200, 0.7529411764705882200, 0.7529411764705882200 ) ;
#1570 = EDGE_CURVE ( 'NONE', #2832, #2833, #1537, .T. ) ;
#1571 =( GEOMETRIC_REPRESENTATION_CONTEXT ( 3 ) GLOBAL_UNCERTAINTY_ASSIGNED_CONTEXT ( ( #1497 ) ) GLOBAL_UNIT_ASSIGNED_CONTEXT ( ( #69, #70, #71 ) ) REPRESENTATION_CONTEXT ( 'NONE', 'WORKASPACE' ) );
#1572 = ADVANCED_FACE ( 'NONE', ( #2884 ), #2883, .T. ) ;
#1573 =( GEOMETRIC_REPRESENTATION_CONTEXT ( 3 ) GLOBAL_UNCERTAINTY_ASSIGNED_CONTEXT ( ( #1533 ) ) GLOBAL_UNIT_ASSIGNED_CONTEXT ( ( #1750, #1751, #1752 ) ) REPRESENTATION_CONTEXT ( 'NONE', 'WORKASPACE' ) );
#1574 = EDGE_CURVE ( 'NONE', #2823, #2822, #1455, .T. ) ;
#1575 =( GEOMETRIC_REPRESENTATION_CONTEXT ( 3 ) GLOBAL_UNCERTAINTY_ASSIGNED_CONTEXT ( ( #1498 ) ) GLOBAL_UNIT_ASSIGNED_CONTEXT ( ( #56, #57, #58 ) ) REPRESENTATION_CONTEXT ( 'NONE', 'WORKASPACE' ) );
#1576 = EDGE_CURVE ( 'NONE', #2417, #2418, #1457, .T. ) ;
#1577 = EDGE_CURVE ( 'NONE', #2840, #2824, #1518, .T. ) ;
#1578 = EDGE_CURVE ( 'NONE', #2385, #2406, #1523, .T. ) ;
#1579 =( GEOMETRIC_REPRESENTATION_CONTEXT ( 3 ) GLOBAL_UNCERTAINTY_ASSIGNED_CONTEXT ( ( #1494 ) ) GLOBAL_UNIT_ASSIGNED_CONTEXT ( ( #1228, #1229, #1230 ) ) REPRESENTATION_CONTEXT ( 'NONE', 'WORKASPACE' ) );
#1580 = EDGE_CURVE ( 'NONE', #2839, #2841, #2888, .T. ) ;
#1581 = ADVANCED_FACE ( 'NONE', ( #2889 ), #2887, .T. ) ;
#1582 = EDGE_CURVE ( 'NONE', #2427, #2428, #1515, .T. ) ;
#1583 =( GEOMETRIC_REPRESENTATION_CONTEXT ( 3 ) GLOBAL_UNCERTAINTY_ASSIGNED_CONTEXT ( ( #1535 ) ) GLOBAL_UNIT_ASSIGNED_CONTEXT ( ( #329, #330, #331 ) ) REPRESENTATION_CONTEXT ( 'NONE', 'WORKASPACE' ) );
#1584 = COLOUR_RGB ( '',0.7529411764705882200, 0.7529411764705882200, 0.7529411764705882200 ) ;
#1585 = EDGE_CURVE ( 'NONE', #2757, #2756, #1522, .T. ) ;
#1586 = COLOUR_RGB ( '',0.7529411764705882200, 0.7529411764705882200, 0.7529411764705882200 ) ;
#1587 = EDGE_CURVE ( 'NONE', #2836, #2838, #2893, .T. ) ;
#1588 = COLOUR_RGB ( '',0.7529411764705882200, 0.7529411764705882200, 0.7529411764705882200 ) ;
#1589 =( GEOMETRIC_REPRESENTATION_CONTEXT ( 3 ) GLOBAL_UNCERTAINTY_ASSIGNED_CONTEXT ( ( #1496 ) ) GLOBAL_UNIT_ASSIGNED_CONTEXT ( ( #82, #83, #84 ) ) REPRESENTATION_CONTEXT ( 'NONE', 'WORKASPACE' ) );
#1590 =( GEOMETRIC_REPRESENTATION_CONTEXT ( 3 ) GLOBAL_UNCERTAINTY_ASSIGNED_CONTEXT ( ( #1347 ) ) GLOBAL_UNIT_ASSIGNED_CONTEXT ( ( #2614, #2613, #2612 ) ) REPRESENTATION_CONTEXT ( 'NONE', 'WORKASPACE' ) );
#1591 = EDGE_CURVE ( 'NONE', #2819, #2818, #2894, .T. ) ;
#1592 =( GEOMETRIC_REPRESENTATION_CONTEXT ( 3 ) GLOBAL_UNCERTAINTY_ASSIGNED_CONTEXT ( ( #1536 ) ) GLOBAL_UNIT_ASSIGNED_CONTEXT ( ( #1740, #1741, #1742 ) ) REPRESENTATION_CONTEXT ( 'NONE', 'WORKASPACE' ) );
#1593 = EDGE_CURVE ( 'NONE', #2756, #2755, #1509, .T. ) ;
#1594 =( GEOMETRIC_REPRESENTATION_CONTEXT ( 3 ) GLOBAL_UNCERTAINTY_ASSIGNED_CONTEXT ( ( #1348 ) ) GLOBAL_UNIT_ASSIGNED_CONTEXT ( ( #2625, #2624, #2623 ) ) REPRESENTATION_CONTEXT ( 'NONE', 'WORKASPACE' ) );
#1595 = EDGE_CURVE ( 'NONE', #2755, #2754, #1511, .T. ) ;
#1596 = EDGE_CURVE ( 'NONE', #2836, #2397, #1466, .T. ) ;
#1597 = EDGE_CURVE ( 'NONE', #2821, #2820, #2895, .T. ) ;
#1598 = EDGE_CURVE ( 'NONE', #2392, #2373, #1513, .T. ) ;
#1599 = EDGE_CURVE ( 'NONE', #2833, #2834, #1426, .T. ) ;
#1600 =( GEOMETRIC_REPRESENTATION_CONTEXT ( 3 ) GLOBAL_UNCERTAINTY_ASSIGNED_CONTEXT ( ( #1493 ) ) GLOBAL_UNIT_ASSIGNED_CONTEXT ( ( #150, #151, #152 ) ) REPRESENTATION_CONTEXT ( 'NONE', 'WORKASPACE' ) );
#1601 = EDGE_CURVE ( 'NONE', #2763, #2764, #1530, .T. ) ;
#1602 = EDGE_CURVE ( 'NONE', #2397, #2836, #1464, .T. ) ;
#1603 = EDGE_CURVE ( 'NONE', #2759, #2758, #1545, .T. ) ;
#1604 = EDGE_CURVE ( 'NONE', #2829, #2830, #1546, .T. ) ;
#1605 =( GEOMETRIC_REPRESENTATION_CONTEXT ( 3 ) GLOBAL_UNCERTAINTY_ASSIGNED_CONTEXT ( ( #1521 ) ) GLOBAL_UNIT_ASSIGNED_CONTEXT ( ( #2176, #2177, #2178 ) ) REPRESENTATION_CONTEXT ( 'NONE', 'WORKASPACE' ) );
#1606 = COLOUR_RGB ( '',0.7529411764705882200, 0.7529411764705882200, 0.7529411764705882200 ) ;
#1607 = COLOUR_RGB ( '',0.7960784313725489700, 0.8235294117647058400, 0.9372549019607843100 ) ;
#1608 =( GEOMETRIC_REPRESENTATION_CONTEXT ( 3 ) GLOBAL_UNCERTAINTY_ASSIGNED_CONTEXT ( ( #1519 ) ) GLOBAL_UNIT_ASSIGNED_CONTEXT ( ( #2183, #2184, #2185 ) ) REPRESENTATION_CONTEXT ( 'NONE', 'WORKASPACE' ) );
#1609 = COLOUR_RGB ( '',0.7529411764705882200, 0.7529411764705882200, 0.7529411764705882200 ) ;
#1610 = COLOUR_RGB ( '',0.7529411764705882200, 0.7529411764705882200, 0.7529411764705882200 ) ;
#1611 = COLOUR_RGB ( '',0.7529411764705882200, 0.7529411764705882200, 0.7529411764705882200 ) ;
#1612 = EDGE_CURVE ( 'NONE', #2762, #2761, #1540, .T. ) ;
#1613 = EDGE_CURVE ( 'NONE', #2391, #2392, #1547, .T. ) ;
#1614 = EDGE_CURVE ( 'NONE', #2758, #2757, #1543, .T. ) ;
#1615 =( GEOMETRIC_REPRESENTATION_CONTEXT ( 3 ) GLOBAL_UNCERTAINTY_ASSIGNED_CONTEXT ( ( #1544 ) ) GLOBAL_UNIT_ASSIGNED_CONTEXT ( ( #1730, #1731, #1732 ) ) REPRESENTATION_CONTEXT ( 'NONE', 'WORKASPACE' ) );
#1616 =( GEOMETRIC_REPRESENTATION_CONTEXT ( 3 ) GLOBAL_UNCERTAINTY_ASSIGNED_CONTEXT ( ( #1526 ) ) GLOBAL_UNIT_ASSIGNED_CONTEXT ( ( #1907, #1908, #1909 ) ) REPRESENTATION_CONTEXT ( 'NONE', 'WORKASPACE' ) );
#1617 = COLOUR_RGB ( '',0.7529411764705882200, 0.7529411764705882200, 0.7529411764705882200 ) ;
#1618 =( GEOMETRIC_REPRESENTATION_CONTEXT ( 3 ) GLOBAL_UNCERTAINTY_ASSIGNED_CONTEXT ( ( #1529 ) ) GLOBAL_UNIT_ASSIGNED_CONTEXT ( ( #1887, #1888, #1889 ) ) REPRESENTATION_CONTEXT ( 'NONE', 'WORKASPACE' ) );
#1619 = EDGE_CURVE ( 'NONE', #2831, #2832, #1542, .T. ) ;
#1620 = EDGE_CURVE ( 'NONE', #2768, #2763, #1475, .T. ) ;
#1621 =( GEOMETRIC_REPRESENTATION_CONTEXT ( 3 ) GLOBAL_UNCERTAINTY_ASSIGNED_CONTEXT ( ( #1527 ) ) GLOBAL_UNIT_ASSIGNED_CONTEXT ( ( #1897, #1898, #1899 ) ) REPRESENTATION_CONTEXT ( 'NONE', 'WORKASPACE' ) );
#1622 = COLOUR_RGB ( '',0.7529411764705882200, 0.7529411764705882200, 0.7529411764705882200 ) ;
#1623 = ADVANCED_FACE ( 'NONE', ( #2896, #2897, #2898 ), #2900, .T. ) ;
#1624 = ADVANCED_FACE ( 'NONE', ( #2901 ), #2904, .T. ) ;
#1625 = ADVANCED_FACE ( 'NONE', ( #2905, #2906, #2907 ), #2910, .T. ) ;
#1626 = EDGE_CURVE ( 'NONE', #2754, #2753, #1510, .T. ) ;
#1627 = COLOUR_RGB ( '',0.7529411764705882200, 0.7529411764705882200, 0.7529411764705882200 ) ;
#1628 =( GEOMETRIC_REPRESENTATION_CONTEXT ( 3 ) GLOBAL_UNCERTAINTY_ASSIGNED_CONTEXT ( ( #1534 ) ) GLOBAL_UNIT_ASSIGNED_CONTEXT ( ( #1826, #1827, #1828 ) ) REPRESENTATION_CONTEXT ( 'NONE', 'WORKASPACE' ) );
#1629 = COLOUR_RGB ( '',0.7529411764705882200, 0.7529411764705882200, 0.7529411764705882200 ) ;
#1630 = EDGE_CURVE ( 'NONE', #2418, #2374, #2912, .T. ) ;
#1631 =( GEOMETRIC_REPRESENTATION_CONTEXT ( 3 ) GLOBAL_UNCERTAINTY_ASSIGNED_CONTEXT ( ( #1538 ) ) GLOBAL_UNIT_ASSIGNED_CONTEXT ( ( #369, #370, #371 ) ) REPRESENTATION_CONTEXT ( 'NONE', 'WORKASPACE' ) );
#1632 = EDGE_CURVE ( 'NONE', #2824, #2825, #1541, .T. ) ;
#1633 = EDGE_CURVE ( 'NONE', #2427, #2752, #1488, .T. ) ;
#1634 = EDGE_CURVE ( 'NONE', #2374, #2417, #1517, .T. ) ;
#1635 = COLOUR_RGB ( '',0.7529411764705882200, 0.7529411764705882200, 0.7529411764705882200 ) ;
#1636 = EDGE_CURVE ( 'NONE', #2823, #2821, #1539, .T. ) ;
#1637 = EDGE_CURVE ( 'NONE', #2827, #2826, #1485, .T. ) ;
#1638 = EDGE_CURVE ( 'NONE', #2825, #2826, #1514, .T. ) ;
#1639 = ADVANCED_FACE ( 'NONE', ( #2913, #2914 ), #2916, .T. ) ;
#1640 = COLOUR_RGB ( '',0.7529411764705882200, 0.7529411764705882200, 0.7529411764705882200 ) ;
#1641 = COLOUR_RGB ( '',0.7529411764705882200, 0.7529411764705882200, 0.7529411764705882200 ) ;
#1642 = EDGE_CURVE ( 'NONE', #2760, #2759, #1470, .T. ) ;
#1643 = EDGE_CURVE ( 'NONE', #2761, #2760, #1532, .T. ) ;
#1644 = EDGE_CURVE ( 'NONE', #2830, #2831, #1512, .T. ) ;
#1645 = EDGE_CURVE ( 'NONE', #2839, #2840, #1531, .T. ) ;
#1646 = ADVANCED_FACE ( 'NONE', ( #2918 ), #2462, .T. ) ;
#1647 = ADVANCED_FACE ( 'NONE', ( #2917 ), #2923, .T. ) ;
#1648 = ADVANCED_FACE ( 'NONE', ( #2924 ), #1551, .T. ) ;
#1649 = ADVANCED_FACE ( 'NONE', ( #2927, #2928, #2929, #2930 ), #2933, .T. ) ;
#1650 = ADVANCED_FACE ( 'NONE', ( #2934 ), #2937, .T. ) ;
#1651 = EDGE_CURVE ( 'NONE', #2837, #2838, #2469, .T. ) ;
#1652 =( GEOMETRIC_REPRESENTATION_CONTEXT ( 3 ) GLOBAL_UNCERTAINTY_ASSIGNED_CONTEXT ( ( #1528 ) ) GLOBAL_UNIT_ASSIGNED_CONTEXT ( ( #2050, #2051, #2052 ) ) REPRESENTATION_CONTEXT ( 'NONE', 'WORKASPACE' ) );
#1653 =( GEOMETRIC_REPRESENTATION_CONTEXT ( 3 ) GLOBAL_UNCERTAINTY_ASSIGNED_CONTEXT ( ( #1524 ) ) GLOBAL_UNIT_ASSIGNED_CONTEXT ( ( #2060, #2061, #2062 ) ) REPRESENTATION_CONTEXT ( 'NONE', 'WORKASPACE' ) );
#1654 = COLOUR_RGB ( '',0.7529411764705882200, 0.7529411764705882200, 0.7529411764705882200 ) ;
#1655 = EDGE_CURVE ( 'NONE', #2827, #2828, #1525, .T. ) ;
#1656 = CARTESIAN_POINT ( 'NONE',  ( 1.280343204227822700, -3.000354466897216200, 25.22218168723295800 ) ) ;
#1657 = CARTESIAN_POINT ( 'NONE',  ( 1.302390711151443400, -3.027264322680701900, 25.21896710987363100 ) ) ;
#1658 = CARTESIAN_POINT ( 'NONE',  ( 1.357371958056967600, -3.102099226895451700, 25.20990888241266600 ) ) ;
#1659 = CARTESIAN_POINT ( 'NONE',  ( 1.405767499121687300, -3.183318453550794600, 25.19985418510039900 ) ) ;
#1660 = CARTESIAN_POINT ( 'NONE',  ( 1.444284481425196700, -3.274088492372082500, 25.18811906709311200 ) ) ;
#1661 = CARTESIAN_POINT ( 'NONE',  ( 1.467767234347267900, -3.336720746693961000, 25.17989857510400100 ) ) ;
#1662 = CARTESIAN_POINT ( 'NONE',  ( 1.479005826749227600, -3.371179619545555500, 25.17530831487735200 ) ) ;
#1663 = CARTESIAN_POINT ( 'NONE',  ( 1.496908441948647100, -3.433879467484165300, 25.16683278800021700 ) ) ;
#1664 = CARTESIAN_POINT ( 'NONE',  ( 1.508476536679704600, -3.481204116317351300, 25.16034616812587600 ) ) ;
#1665 = CARTESIAN_POINT ( 'NONE',  ( 1.518719630529387300, -3.536939361968113100, 25.15254491679635500 ) ) ;
#1666 = CARTESIAN_POINT ( 'NONE',  ( 1.523027923286759200, -3.564937588448055200, 25.14858514190912000 ) ) ;
#1667 = CARTESIAN_POINT ( 'NONE',  ( 1.524700065718316700, -3.576964794863500200, 25.14687533830603500 ) ) ;
#1668 = CARTESIAN_POINT ( 'NONE',  ( 1.525776100950428700, -3.584989145010328800, 25.14573262512260900 ) ) ;
#1669 = CARTESIAN_POINT ( 'NONE',  ( 1.526447524698248100, -3.590233941639131600, 25.14498415551138800 ) ) ;
#1670 = CARTESIAN_POINT ( 'NONE',  ( 1.532338397013552700, -3.637644752039488800, 25.13820941180415100 ) ) ;
#1671 = CARTESIAN_POINT ( 'NONE',  ( 1.536227560967685000, -3.702297217248962500, 25.12887417751775500 ) ) ;
#1672 = CARTESIAN_POINT ( 'NONE',  ( 1.538461538461545900, -3.786910204360697900, 25.11611656096755900 ) ) ;
#1673 = CARTESIAN_POINT ( 'NONE',  ( -0.7445913461538392600, -4.495424714030518100, 24.99902311372353500 ) ) ;
#1674 = CARTESIAN_POINT ( 'NONE',  ( -0.7282214690277529800, -4.494741259472066400, 24.99914601526649700 ) ) ;
#1675 = CARTESIAN_POINT ( 'NONE',  ( -0.7067849002043373700, -4.493491038191551800, 24.99937079376724100 ) ) ;
#1676 = CARTESIAN_POINT ( 'NONE',  ( -0.6900257016794925100, -4.491903239502223100, 24.99965611000585500 ) ) ;
#1677 = CARTESIAN_POINT ( 'NONE',  ( -0.6798923182848342100, -4.490769687133374400, 24.99985975858120200 ) ) ;
#1678 = CARTESIAN_POINT ( 'NONE',  ( -0.6770689507467192400, -4.490440081140302900, 24.99991897476283900 ) ) ;
#1679 = CARTESIAN_POINT ( 'NONE',  ( -0.6483144886282853300, -4.485857693075582000, 25.00074188158756200 ) ) ;
#1680 = CARTESIAN_POINT ( 'NONE',  ( -0.6252382790355260900, -4.479495208708831600, 25.00188429184212800 ) ) ;
#1681 = CARTESIAN_POINT ( 'NONE',  ( -0.5883765224930547200, -4.465067813056746700, 25.00446346738280900 ) ) ;
#1682 = CARTESIAN_POINT ( 'NONE',  ( -0.5710394216355564300, -4.457257200280309900, 25.00585763220394500 ) ) ;
#1683 = CARTESIAN_POINT ( 'NONE',  ( -0.5553429868986662400, -4.448550917778545600, 25.00740698326077900 ) ) ;
#1684 = CARTESIAN_POINT ( 'NONE',  ( -0.5452432895453185300, -4.442547654172226000, 25.00847415647178800 ) ) ;
#1685 = CARTESIAN_POINT ( 'NONE',  ( -0.5390369179985895500, -4.438531872551905600, 25.00918711607996100 ) ) ;
#1686 = CARTESIAN_POINT ( 'NONE',  ( -0.5223047324998426600, -4.427101303640220000, 25.01121469060316800 ) ) ;
#1687 = CARTESIAN_POINT ( 'NONE',  ( -0.5035970080976630600, -4.411525090502917300, 25.01397501247192800 ) ) ;
#1688 = CARTESIAN_POINT ( 'NONE',  ( -0.4795673076923006600, -4.389510785935412300, 25.01783753764814500 ) ) ;
#1689 = CARTESIAN_POINT ( 'NONE',  ( 1.192307692307699200, -3.805330775505478200, 25.11333226971265400 ) ) ;
#1690 = CARTESIAN_POINT ( 'NONE',  ( 1.191803207239896500, -3.779231987570330600, 25.11728692295684300 ) ) ;
#1691 = CARTESIAN_POINT ( 'NONE',  ( 1.190669599639089700, -3.744793487982901200, 25.12244374126309400 ) ) ;
#1692 = CARTESIAN_POINT ( 'NONE',  ( 1.188687517439718700, -3.712867580208156300, 25.12717123806251300 ) ) ;
#1693 = CARTESIAN_POINT ( 'NONE',  ( 1.187696723640325300, -3.700954222503702900, 25.12892660656612200 ) ) ;
#1694 = CARTESIAN_POINT ( 'NONE',  ( 1.187004787774137900, -3.693405217357415900, 25.13003725535742900 ) ) ;
#1695 = CARTESIAN_POINT ( 'NONE',  ( 1.186801843290773700, -3.691249504811628900, 25.13035416905972900 ) ) ;
#1696 = CARTESIAN_POINT ( 'NONE',  ( 1.181976930846363000, -3.648018877538119500, 25.13669562004349300 ) ) ;
#1697 = CARTESIAN_POINT ( 'NONE',  ( 1.175197062786451200, -3.610015806642564500, 25.14218534969610300 ) ) ;
#1698 = CARTESIAN_POINT ( 'NONE',  ( 1.155065700536515900, -3.528413147590297300, 25.15376709247731000 ) ) ;
#1699 = CARTESIAN_POINT ( 'NONE',  ( 1.135885616780758700, -3.470452795048717000, 25.16184180379528700 ) ) ;
#1700 = CARTESIAN_POINT ( 'NONE',  ( 1.110583189922544500, -3.417365262257518100, 25.16906661541145200 ) ) ;
#1701 = CARTESIAN_POINT ( 'NONE',  ( 1.092354384660966700, -3.383057402279846300, 25.17370100401572900 ) ) ;
#1702 = CARTESIAN_POINT ( 'NONE',  ( 1.083604190068979000, -3.368047717252149900, 25.17571394025793900 ) ) ;
#1703 = CARTESIAN_POINT ( 'NONE',  ( 1.049046014957749200, -3.315031888503211300, 25.18276861045561400 ) ) ;
#1704 = CARTESIAN_POINT ( 'NONE',  ( 1.023426906448370800, -3.284075890641334500, 25.18681251679208800 ) ) ;
#1705 = CARTESIAN_POINT ( 'NONE',  ( 0.9685459185041638300, -3.232383138678739200, 25.19349873392560800 ) ) ;
#1706 = CARTESIAN_POINT ( 'NONE',  ( 0.9353813604413173700, -3.208674012848584700, 25.19652418080427100 ) ) ;
#1707 = CARTESIAN_POINT ( 'NONE',  ( 0.8804132513695150900, -3.178186673096944600, 25.20038163202285000 ) ) ;
#1708 = CARTESIAN_POINT ( 'NONE',  ( 0.8620145460358358300, -3.169279573954933300, 25.20150246403837700 ) ) ;
#1709 = CARTESIAN_POINT ( 'NONE',  ( 0.8250651307489890200, -3.153977087436055500, 25.20342214848507800 ) ) ;
#1710 = CARTESIAN_POINT ( 'NONE',  ( 0.8077529338863268500, -3.147923409574342900, 25.20417839792562400 ) ) ;
#1711 = CARTESIAN_POINT ( 'NONE',  ( 0.7779550958561992600, -3.139702087524743200, 25.20520339986060800 ) ) ;
#1712 = CARTESIAN_POINT ( 'NONE',  ( 0.7631337575454945100, -3.136184959717599700, 25.20564123482197500 ) ) ;
#1713 = CARTESIAN_POINT ( 'NONE',  ( 0.7484287902913283600, -3.133558224562325000, 25.20596781450314000 ) ) ;
#1714 = CARTESIAN_POINT ( 'NONE',  ( 0.7386513390233366800, -3.132004939840859100, 25.20616086732176700 ) ) ;
#1715 = CARTESIAN_POINT ( 'NONE',  ( 0.7322120005849311900, -3.131141144373449100, 25.20626817461455000 ) ) ;
#1716 = CARTESIAN_POINT ( 'NONE',  ( 0.7157153881978994800, -3.129177755556508800, 25.20651203715665300 ) ) ;
#1717 = CARTESIAN_POINT ( 'NONE',  ( 0.6957012262646242700, -3.127816502818149900, 25.20668096500827800 ) ) ;
#1718 = CARTESIAN_POINT ( 'NONE',  ( 0.6688701923076995100, -3.126664721050208300, 25.20682383248908900 ) ) ;
#1719 = CARTESIAN_POINT ( 'NONE',  ( 1.080528846153852500, -1.422332536930141600, 25.36014531019863600 ) ) ;
#1720 = CARTESIAN_POINT ( 'NONE',  ( 0.9028445512820580900, -1.370930945212361300, 25.36302818628061200 ) ) ;
#1721 = CARTESIAN_POINT ( 'NONE',  ( 0.7251602564102634900, -1.319520588667666600, 25.36575478574780700 ) ) ;
#1722 = CARTESIAN_POINT ( 'NONE',  ( 0.5474759615384681100, -1.268102417704709300, 25.36832505819435100 ) ) ;
#1723 = CARTESIAN_POINT ( 'NONE',  ( -1.499999999999992700, -4.592425496802558200E-016, 0.0000000000000000000 ) ) ;
#1724 = DIRECTION ( 'NONE',  ( -1.000000000000000000, -0.0000000000000000000, -0.0000000000000000000 ) ) ;
#1725 = DIRECTION ( 'NONE',  ( 0.0000000000000000000, -0.2550208670703538200, 0.9669355497439758900 ) ) ;
#1726 = FILL_AREA_STYLE_COLOUR ( '', #1654 ) ;
#1727 = FILL_AREA_STYLE ('',( #1726 ) ) ;
#1728 = SURFACE_SIDE_STYLE ('',( #2892 ) ) ;
#1729 = SURFACE_STYLE_USAGE ( .BOTH. , #1728 ) ;
#1730 =( LENGTH_UNIT ( ) NAMED_UNIT ( * ) SI_UNIT ( .MILLI., .METRE. ) );
#1731 =( NAMED_UNIT ( * ) PLANE_ANGLE_UNIT ( ) SI_UNIT ( $, .RADIAN. ) );
#1732 =( NAMED_UNIT ( * ) SI_UNIT ( $, .STERADIAN. ) SOLID_ANGLE_UNIT ( ) );
#1733 = CARTESIAN_POINT ( 'NONE',  ( -4.000000000000000000, -4.592425496802558200E-016, 0.0000000000000000000 ) ) ;
#1734 = DIRECTION ( 'NONE',  ( -1.000000000000000000, -0.0000000000000000000, -0.0000000000000000000 ) ) ;
#1735 = DIRECTION ( 'NONE',  ( 0.0000000000000000000, 0.0000000000000000000, 1.000000000000000000 ) ) ;
#1736 = FILL_AREA_STYLE_COLOUR ( '', #1552 ) ;
#1737 = FILL_AREA_STYLE ('',( #1736 ) ) ;
#1738 = SURFACE_SIDE_STYLE ('',( #2902 ) ) ;
#1739 = SURFACE_STYLE_USAGE ( .BOTH. , #1738 ) ;
#1740 =( LENGTH_UNIT ( ) NAMED_UNIT ( * ) SI_UNIT ( .MILLI., .METRE. ) );
#1741 =( NAMED_UNIT ( * ) PLANE_ANGLE_UNIT ( ) SI_UNIT ( $, .RADIAN. ) );
#1742 =( NAMED_UNIT ( * ) SI_UNIT ( $, .STERADIAN. ) SOLID_ANGLE_UNIT ( ) );
#1743 = CARTESIAN_POINT ( 'NONE',  ( -4.000000000000000000, -4.592425496802558200E-016, 0.0000000000000000000 ) ) ;
#1744 = DIRECTION ( 'NONE',  ( -1.000000000000000000, -0.0000000000000000000, -0.0000000000000000000 ) ) ;
#1745 = DIRECTION ( 'NONE',  ( 0.0000000000000000000, 0.0000000000000000000, 1.000000000000000000 ) ) ;
#1746 = FILL_AREA_STYLE_COLOUR ( '', #1641 ) ;
#1747 = FILL_AREA_STYLE ('',( #1746 ) ) ;
#1748 = SURFACE_SIDE_STYLE ('',( #2908 ) ) ;
#1749 = SURFACE_STYLE_USAGE ( .BOTH. , #1748 ) ;
#1750 =( LENGTH_UNIT ( ) NAMED_UNIT ( * ) SI_UNIT ( .MILLI., .METRE. ) );
#1751 =( NAMED_UNIT ( * ) PLANE_ANGLE_UNIT ( ) SI_UNIT ( $, .RADIAN. ) );
#1752 =( NAMED_UNIT ( * ) SI_UNIT ( $, .STERADIAN. ) SOLID_ANGLE_UNIT ( ) );
#1753 = CARTESIAN_POINT ( 'NONE',  ( -4.000000000000000000, -4.592425496802558200E-016, 0.0000000000000000000 ) ) ;
#1754 = DIRECTION ( 'NONE',  ( -1.000000000000000000, -0.0000000000000000000, -0.0000000000000000000 ) ) ;
#1755 = DIRECTION ( 'NONE',  ( 0.0000000000000000000, 0.0000000000000000000, 1.000000000000000000 ) ) ;
#1756 = CARTESIAN_POINT ( 'NONE',  ( -0.7169471153846088700, -4.911179888739921400, 24.92068041006177000 ) ) ;
#1757 = CARTESIAN_POINT ( 'NONE',  ( -0.7375745140133231900, -4.910401848502211000, 24.92083374036837300 ) ) ;
#1758 = CARTESIAN_POINT ( 'NONE',  ( -0.7646376671973057500, -4.909129999657828600, 24.92108433043414100 ) ) ;
#1759 = CARTESIAN_POINT ( 'NONE',  ( -0.7894249425835469000, -4.907462785085505700, 24.92141266983816200 ) ) ;
#1760 = CARTESIAN_POINT ( 'NONE',  ( -0.7985938313215627000, -4.906708965140009800, 24.92156109073625100 ) ) ;
#1761 = CARTESIAN_POINT ( 'NONE',  ( -0.8043832617503162700, -4.906197685150629300, 24.92166174921142000 ) ) ;
#1762 = CARTESIAN_POINT ( 'NONE',  ( -0.8059226166380298900, -4.906060407237434100, 24.92168877576700600 ) ) ;
#1763 = CARTESIAN_POINT ( 'NONE',  ( -0.8398106086534125000, -4.902576487491666400, 24.92237456074698400 ) ) ;
#1764 = CARTESIAN_POINT ( 'NONE',  ( -0.8716118312523771800, -4.896843777211318000, 24.92350250832687000 ) ) ;
#1765 = CARTESIAN_POINT ( 'NONE',  ( -0.9599420923162538300, -4.874762435863876100, 24.92783416660673600 ) ) ;
#1766 = CARTESIAN_POINT ( 'NONE',  ( -1.017619767598803900, -4.852975155865842700, 24.93209774015748800 ) ) ;
#1767 = CARTESIAN_POINT ( 'NONE',  ( -1.130638747372233200, -4.795204394598727000, 24.94327324956046300 ) ) ;
#1768 = CARTESIAN_POINT ( 'NONE',  ( -1.182608693641201200, -4.759929186403097000, 24.95004297334892100 ) ) ;
#1769 = CARTESIAN_POINT ( 'NONE',  ( -1.249073510402727300, -4.701525686941619300, 24.96109069678067300 ) ) ;
#1770 = CARTESIAN_POINT ( 'NONE',  ( -1.280901623789651100, -4.669740775407455600, 24.96706807960205400 ) ) ;
#1771 = CARTESIAN_POINT ( 'NONE',  ( -1.310623294685818300, -4.634075722386653800, 24.97369614563187000 ) ) ;
#1772 = CARTESIAN_POINT ( 'NONE',  ( -1.329969643618649700, -4.609436090501795000, 24.97825566172987900 ) ) ;
#1773 = CARTESIAN_POINT ( 'NONE',  ( -1.340534836194575500, -4.595072111153036200, 24.98090171857755200 ) ) ;
#1774 = CARTESIAN_POINT ( 'NONE',  ( -1.380929880494506700, -4.537220181388398100, 24.99151550235478000 ) ) ;
#1775 = CARTESIAN_POINT ( 'NONE',  ( -1.409946442056473300, -4.484216963706265900, 25.00110956765931300 ) ) ;
#1776 = CARTESIAN_POINT ( 'NONE',  ( -1.448522073582454000, -4.394596663297044800, 25.01696305539229200 ) ) ;
#1777 = CARTESIAN_POINT ( 'NONE',  ( -1.458736150718254100, -4.367613196491157100, 25.02168665531951300 ) ) ;
#1778 = CARTESIAN_POINT ( 'NONE',  ( -1.478016496128297300, -4.310224602325431100, 25.03163622276152700 ) ) ;
#1779 = CARTESIAN_POINT ( 'NONE',  ( -1.487251222169972500, -4.278687416570451600, 25.03704736411468800 ) ) ;
#1780 = CARTESIAN_POINT ( 'NONE',  ( -1.502498593970641900, -4.219312399481475000, 25.04712178269636500 ) ) ;
#1781 = CARTESIAN_POINT ( 'NONE',  ( -1.512362131532612800, -4.174514414299253900, 25.05464138732135400 ) ) ;
#1782 = CARTESIAN_POINT ( 'NONE',  ( -1.521118607266651600, -4.121783037315038800, 25.06334605081667600 ) ) ;
#1783 = CARTESIAN_POINT ( 'NONE',  ( -1.524809098944938300, -4.095300549367114400, 25.06768071864279800 ) ) ;
#1784 = CARTESIAN_POINT ( 'NONE',  ( -1.526243364052333600, -4.083925879627138900, 25.06953458259743100 ) ) ;
#1785 = CARTESIAN_POINT ( 'NONE',  ( -1.527166790972085200, -4.076337203398509200, 25.07076962884318800 ) ) ;
#1786 = CARTESIAN_POINT ( 'NONE',  ( -1.527744319600722800, -4.071369100451490500, 25.07157675019880500 ) ) ;
#1787 = CARTESIAN_POINT ( 'NONE',  ( -1.532789470177645000, -4.026677493108875800, 25.07882940312313400 ) ) ;
#1788 = CARTESIAN_POINT ( 'NONE',  ( -1.536262951943464700, -3.965627334816523000, 25.08865022091856600 ) ) ;
#1789 = CARTESIAN_POINT ( 'NONE',  ( -1.538461538461531900, -3.885525393817998600, 25.10104962773460400 ) ) ;
#1790 = CARTESIAN_POINT ( 'NONE',  ( 0.3846153846153912400, 5.062031825332233800, 24.89047676922488300 ) ) ;
#1791 = DIRECTION ( 'NONE',  ( -1.000000000000000000, 0.0000000000000000000, 0.0000000000000000000 ) ) ;
#1792 = CARTESIAN_POINT ( 'NONE',  ( -1.137620192307686100, -0.4230573601738482100, 25.39647657589538100 ) ) ;
#1793 = CARTESIAN_POINT ( 'NONE',  ( -1.006610576923070400, -0.4609126851729346600, 25.39584597763838400 ) ) ;
#1794 = CARTESIAN_POINT ( 'NONE',  ( -0.8756009615384547900, -0.4987666002394695600, 25.39513074000152300 ) ) ;
#1795 = CARTESIAN_POINT ( 'NONE',  ( -0.7445913461538392600, -0.5366187269055652200, 25.39433087013584300 ) ) ;
#1796 = CARTESIAN_POINT ( 'NONE',  ( -0.6538461538461471900, -4.592425496802558200E-016, 0.0000000000000000000 ) ) ;
#1797 = DIRECTION ( 'NONE',  ( -1.000000000000000000, -0.0000000000000000000, -0.0000000000000000000 ) ) ;
#1798 = DIRECTION ( 'NONE',  ( 0.0000000000000000000, -0.1095615664331101200, 0.9939800114492862700 ) ) ;
#1799 = CARTESIAN_POINT ( 'NONE',  ( -0.6959134615384544600, 5.062031825332233800, 24.89047676922488300 ) ) ;
#1800 = CARTESIAN_POINT ( 'NONE',  ( -0.3357371794871725200, 4.789957129423934000, 24.94580920750337300 ) ) ;
#1801 = CARTESIAN_POINT ( 'NONE',  ( 0.02443910256410934700, 4.516975109498366300, 24.99668022316266700 ) ) ;
#1802 = CARTESIAN_POINT ( 'NONE',  ( 0.3846153846153912400, 4.243232518351151200, 25.04306246838048400 ) ) ;
#1803 = CARTESIAN_POINT ( 'NONE',  ( 2.370192307692314600, 6.953353776147906700, 24.42971287722657100 ) ) ;
#1804 = CARTESIAN_POINT ( 'NONE',  ( 2.318685258410280600, 6.930203211844827600, 24.43630215089203600 ) ) ;
#1805 = CARTESIAN_POINT ( 'NONE',  ( 2.276979000727532100, 6.910186164493231900, 24.44196462333597000 ) ) ;
#1806 = CARTESIAN_POINT ( 'NONE',  ( 2.213168068560605200, 6.876432354222576000, 24.45148227723958800 ) ) ;
#1807 = CARTESIAN_POINT ( 'NONE',  ( 2.175784293973681100, 6.854326004054252400, 24.45769648561411500 ) ) ;
#1808 = CARTESIAN_POINT ( 'NONE',  ( 2.096582707442353300, 6.803273643443986900, 24.47194659369574100 ) ) ;
#1809 = CARTESIAN_POINT ( 'NONE',  ( 2.054917326726156900, 6.774523179552836000, 24.47992247898155300 ) ) ;
#1810 = CARTESIAN_POINT ( 'NONE',  ( 1.981614735276427100, 6.721058334413230600, 24.49465541200078900 ) ) ;
#1811 = CARTESIAN_POINT ( 'NONE',  ( 1.947533739034375000, 6.694482294127033700, 24.50193014293841600 ) ) ;
#1812 = CARTESIAN_POINT ( 'NONE',  ( 1.798144187988978800, 6.569237347194655500, 24.53601237628590000 ) ) ;
#1813 = CARTESIAN_POINT ( 'NONE',  ( 1.669742886072856700, 6.446608159176524700, 24.56875544509193400 ) ) ;
#1814 = CARTESIAN_POINT ( 'NONE',  ( 1.532451923076929800, 6.301294483943192600, 24.60596854071440700 ) ) ;
#1815 = CARTESIAN_POINT ( 'NONE',  ( 1.500000000000006400, -4.592425496802558200E-016, 0.0000000000000000000 ) ) ;
#1816 = DIRECTION ( 'NONE',  ( -1.000000000000000000, -0.0000000000000000000, -0.0000000000000000000 ) ) ;
#1817 = DIRECTION ( 'NONE',  ( 0.0000000000000000000, -0.04668767088608313800, 0.9989095361378991200 ) ) ;
#1818 = CARTESIAN_POINT ( 'NONE',  ( -0.7445913461538392600, -0.5366187269055652200, 25.39433087013584300 ) ) ;
#1819 = CARTESIAN_POINT ( 'NONE',  ( 0.003605769230775922700, -0.7531168693714366300, 25.38975595307338300 ) ) ;
#1820 = CARTESIAN_POINT ( 'NONE',  ( 0.7518028846153913500, -0.9695565022522934000, 25.38241226842905000 ) ) ;
#1821 = CARTESIAN_POINT ( 'NONE',  ( 1.500000000000006400, -1.185866840506512000, 25.37230221790263600 ) ) ;
#1822 = FILL_AREA_STYLE_COLOUR ( '', #1627 ) ;
#1823 = FILL_AREA_STYLE ('',( #1822 ) ) ;
#1824 = SURFACE_SIDE_STYLE ('',( #2911 ) ) ;
#1825 = SURFACE_STYLE_USAGE ( .BOTH. , #1824 ) ;
#1826 =( LENGTH_UNIT ( ) NAMED_UNIT ( * ) SI_UNIT ( .MILLI., .METRE. ) );
#1827 =( NAMED_UNIT ( * ) PLANE_ANGLE_UNIT ( ) SI_UNIT ( $, .RADIAN. ) );
#1828 =( NAMED_UNIT ( * ) SI_UNIT ( $, .STERADIAN. ) SOLID_ANGLE_UNIT ( ) );
#1829 = CARTESIAN_POINT ( 'NONE',  ( -4.000000000000000000, -4.592425496802558200E-016, 0.0000000000000000000 ) ) ;
#1830 = DIRECTION ( 'NONE',  ( -1.000000000000000000, -0.0000000000000000000, -0.0000000000000000000 ) ) ;
#1831 = DIRECTION ( 'NONE',  ( 0.0000000000000000000, 0.0000000000000000000, 1.000000000000000000 ) ) ;
#1832 = CARTESIAN_POINT ( 'NONE',  ( 0.4615384615384681100, -4.592425496802558200E-016, 0.0000000000000000000 ) ) ;
#1833 = DIRECTION ( 'NONE',  ( -1.000000000000000000, -0.0000000000000000000, -0.0000000000000000000 ) ) ;
#1834 = DIRECTION ( 'NONE',  ( 0.0000000000000000000, -0.1814543715178636700, 0.9833993649871131100 ) ) ;
#1835 = CARTESIAN_POINT ( 'NONE',  ( 1.538461538461545900, -3.786910204360697900, 25.11611656096755900 ) ) ;
#1836 = CARTESIAN_POINT ( 'NONE',  ( 1.538229529329963000, -3.812252724398201400, 25.11229551452907300 ) ) ;
#1837 = CARTESIAN_POINT ( 'NONE',  ( 1.537731051390180700, -3.845665784651773200, 25.10719963953975100 ) ) ;
#1838 = CARTESIAN_POINT ( 'NONE',  ( 1.536886181369554700, -3.876605960339047000, 25.10243094084820100 ) ) ;
#1839 = CARTESIAN_POINT ( 'NONE',  ( 1.536467670126956800, -3.888143597986388300, 25.10064447455808800 ) ) ;
#1840 = CARTESIAN_POINT ( 'NONE',  ( 1.536176123945023300, -3.895452673079164100, 25.09951119341822300 ) ) ;
#1841 = CARTESIAN_POINT ( 'NONE',  ( 1.536090816552304000, -3.897536630121192200, 25.09918784289270400 ) ) ;
#1842 = CARTESIAN_POINT ( 'NONE',  ( 1.534965582454725000, -3.920792287513553900, 25.09557216588926200 ) ) ;
#1843 = CARTESIAN_POINT ( 'NONE',  ( 1.533729707450763900, -3.939664300060767000, 25.09261685496866400 ) ) ;
#1844 = CARTESIAN_POINT ( 'NONE',  ( 1.530586581991043800, -3.977942628497289000, 25.08657704573932200 ) ) ;
#1845 = CARTESIAN_POINT ( 'NONE',  ( 1.528899729364402000, -3.995415805086030200, 25.08380217093142400 ) ) ;
#1846 = CARTESIAN_POINT ( 'NONE',  ( 1.521509721332075000, -4.060234570811963400, 25.07342039797932300 ) ) ;
#1847 = CARTESIAN_POINT ( 'NONE',  ( 1.516543094885511900, -4.096492941096318700, 25.06750836181228300 ) ) ;
#1848 = CARTESIAN_POINT ( 'NONE',  ( 1.504723902385059400, -4.165698510075058500, 25.05610077025432500 ) ) ;
#1849 = CARTESIAN_POINT ( 'NONE',  ( 1.496390965169355400, -4.203509445929793000, 25.04979349029218500 ) ) ;
#1850 = CARTESIAN_POINT ( 'NONE',  ( 1.464922122935130800, -4.323495875862862500, 25.02946195355826100 ) ) ;
#1851 = CARTESIAN_POINT ( 'NONE',  ( 1.437513161197228300, -4.397613063460552100, 25.01651071694754700 ) ) ;
#1852 = CARTESIAN_POINT ( 'NONE',  ( 1.369835770557918300, -4.534147912119437700, 24.99212499604812600 ) ) ;
#1853 = CARTESIAN_POINT ( 'NONE',  ( 1.330809587006962700, -4.595060254187701300, 24.98097102883439600 ) ) ;
#1854 = CARTESIAN_POINT ( 'NONE',  ( 1.234928771339738300, -4.711251140203107600, 24.95931900066614900 ) ) ;
#1855 = CARTESIAN_POINT ( 'NONE',  ( 1.180256849083832500, -4.763146838844853000, 24.94944087384351100 ) ) ;
#1856 = CARTESIAN_POINT ( 'NONE',  ( 1.088151694066528600, -4.831722036574726400, 24.93621872082314500 ) ) ;
#1857 = CARTESIAN_POINT ( 'NONE',  ( 1.039574798649516700, -4.863692461715908500, 24.93000575588019200 ) ) ;
#1858 = CARTESIAN_POINT ( 'NONE',  ( 0.9872114263699647300, -4.892192134224419700, 24.92441659114270900 ) ) ;
#1859 = CARTESIAN_POINT ( 'NONE',  ( 0.9514610722141426700, -4.910421129167823500, 24.92083165990291600 ) ) ;
#1860 = CARTESIAN_POINT ( 'NONE',  ( 0.9316083086463763400, -4.919844294255764100, 24.91897254963889800 ) ) ;
#1861 = CARTESIAN_POINT ( 'NONE',  ( 0.8801290600196669500, -4.942793971551553900, 24.91443418968820500 ) ) ;
#1862 = CARTESIAN_POINT ( 'NONE',  ( 0.8267073669891257200, -4.963098638933813900, 24.91039721445487800 ) ) ;
#1863 = CARTESIAN_POINT ( 'NONE',  ( 0.7703720073528387300, -4.979439591122668300, 24.90713165801569300 ) ) ;
#1864 = CARTESIAN_POINT ( 'NONE',  ( 0.7321676194607023000, -4.989453057144078100, 24.90512767005869000 ) ) ;
#1865 = CARTESIAN_POINT ( 'NONE',  ( 0.7111037729249557500, -4.994361759405630400, 24.90414354104433100 ) ) ;
#1866 = CARTESIAN_POINT ( 'NONE',  ( 0.6748802458083491600, -5.001930096335853700, 24.90262456465428200 ) ) ;
#1867 = CARTESIAN_POINT ( 'NONE',  ( 0.6469084591758836900, -5.007064857779770500, 24.90159267678280500 ) ) ;
#1868 = CARTESIAN_POINT ( 'NONE',  ( 0.6128674608384062600, -5.012108037331504600, 24.90057783004608200 ) ) ;
#1869 = CARTESIAN_POINT ( 'NONE',  ( 0.5979769085652877300, -5.014066411361963700, 24.90018350204997300 ) ) ;
#1870 = CARTESIAN_POINT ( 'NONE',  ( 0.5879828619419572600, -5.015326887600370900, 24.89992965098138800 ) ) ;
#1871 = CARTESIAN_POINT ( 'NONE',  ( 0.5814757745947299900, -5.016105183972003400, 24.89977286968962400 ) ) ;
#1872 = CARTESIAN_POINT ( 'NONE',  ( 0.5491884821529196000, -5.019835875009412100, 24.89902125046918600 ) ) ;
#1873 = CARTESIAN_POINT ( 'NONE',  ( 0.5104052034468253800, -5.022441273404294500, 24.89849568531244400 ) ) ;
#1874 = CARTESIAN_POINT ( 'NONE',  ( 0.4615384615384681100, -5.024336035195329200, 24.89811333023925900 ) ) ;
#1875 = CARTESIAN_POINT ( 'NONE',  ( 0.4729567307692377200, -1.559115414735898100, 25.35210364296290200 ) ) ;
#1876 = CARTESIAN_POINT ( 'NONE',  ( 0.6754807692307762700, -1.513528462773425300, 25.35490717045381400 ) ) ;
#1877 = CARTESIAN_POINT ( 'NONE',  ( 0.8780048076923149300, -1.467933949037742100, 25.35758773919984000 ) ) ;
#1878 = CARTESIAN_POINT ( 'NONE',  ( 1.080528846153852500, -1.422332536930141600, 25.36014531019863600 ) ) ;
#1879 = CARTESIAN_POINT ( 'NONE',  ( 0.4097186370676294500, -4.592425496802558200E-016, 25.39999999999999900 ) ) ;
#1880 = CARTESIAN_POINT ( 'NONE',  ( 0.008923001634832171100, -0.1095753205128197200, 25.39999999999999900 ) ) ;
#1881 = CARTESIAN_POINT ( 'NONE',  ( -0.3918726337979651600, -0.2191506409744050100, 25.39929093001271100 ) ) ;
#1882 = CARTESIAN_POINT ( 'NONE',  ( -0.7926682692307625000, -0.3287167849830087700, 25.39787284941930800 ) ) ;
#1883 = FILL_AREA_STYLE_COLOUR ( '', #1609 ) ;
#1884 = FILL_AREA_STYLE ('',( #1883 ) ) ;
#1885 = SURFACE_SIDE_STYLE ('',( #2919 ) ) ;
#1886 = SURFACE_STYLE_USAGE ( .BOTH. , #1885 ) ;
#1887 =( LENGTH_UNIT ( ) NAMED_UNIT ( * ) SI_UNIT ( .MILLI., .METRE. ) );
#1888 =( NAMED_UNIT ( * ) PLANE_ANGLE_UNIT ( ) SI_UNIT ( $, .RADIAN. ) );
#1889 =( NAMED_UNIT ( * ) SI_UNIT ( $, .STERADIAN. ) SOLID_ANGLE_UNIT ( ) );
#1890 = CARTESIAN_POINT ( 'NONE',  ( -4.000000000000000000, -4.592425496802558200E-016, 0.0000000000000000000 ) ) ;
#1891 = DIRECTION ( 'NONE',  ( 1.000000000000000000, 0.0000000000000000000, 0.0000000000000000000 ) ) ;
#1892 = DIRECTION ( 'NONE',  ( 0.0000000000000000000, 0.0000000000000000000, -1.000000000000000000 ) ) ;
#1893 = FILL_AREA_STYLE_COLOUR ( '', #1606 ) ;
#1894 = FILL_AREA_STYLE ('',( #1893 ) ) ;
#1895 = SURFACE_SIDE_STYLE ('',( #2921 ) ) ;
#1896 = SURFACE_STYLE_USAGE ( .BOTH. , #1895 ) ;
#1897 =( LENGTH_UNIT ( ) NAMED_UNIT ( * ) SI_UNIT ( .MILLI., .METRE. ) );
#1898 =( NAMED_UNIT ( * ) PLANE_ANGLE_UNIT ( ) SI_UNIT ( $, .RADIAN. ) );
#1899 =( NAMED_UNIT ( * ) SI_UNIT ( $, .STERADIAN. ) SOLID_ANGLE_UNIT ( ) );
#1900 = CARTESIAN_POINT ( 'NONE',  ( -4.000000000000000000, -4.592425496802558200E-016, 0.0000000000000000000 ) ) ;
#1901 = DIRECTION ( 'NONE',  ( -1.000000000000000000, -0.0000000000000000000, -0.0000000000000000000 ) ) ;
#1902 = DIRECTION ( 'NONE',  ( 0.0000000000000000000, 0.0000000000000000000, 1.000000000000000000 ) ) ;
#1903 = FILL_AREA_STYLE_COLOUR ( '', #1569 ) ;
#1904 = FILL_AREA_STYLE ('',( #1903 ) ) ;
#1905 = SURFACE_SIDE_STYLE ('',( #2925 ) ) ;
#1906 = SURFACE_STYLE_USAGE ( .BOTH. , #1905 ) ;
#1907 =( LENGTH_UNIT ( ) NAMED_UNIT ( * ) SI_UNIT ( .MILLI., .METRE. ) );
#1908 =( NAMED_UNIT ( * ) PLANE_ANGLE_UNIT ( ) SI_UNIT ( $, .RADIAN. ) );
#1909 =( NAMED_UNIT ( * ) SI_UNIT ( $, .STERADIAN. ) SOLID_ANGLE_UNIT ( ) );
#1910 = CARTESIAN_POINT ( 'NONE',  ( 3.416487925471169500, 25.39999999999999900, 0.0000000000000000000 ) ) ;
#1911 = CARTESIAN_POINT ( 'NONE',  ( 3.416487925471169500, 25.39999999999999900, -3.325012367090649100 ) ) ;
#1912 = CARTESIAN_POINT ( 'NONE',  ( 3.422257483837875600, 24.73887409494380300, -6.648716605582940500 ) ) ;
#1913 = CARTESIAN_POINT ( 'NONE',  ( 3.444466089878856200, 22.19401990739727600, -12.79253809939855000 ) ) ;
#1914 = CARTESIAN_POINT ( 'NONE',  ( 3.460896401990321000, 20.31129262135008400, -15.61023860410899100 ) ) ;
#1915 = CARTESIAN_POINT ( 'NONE',  ( 3.501932555045239100, 15.60901523631779500, -20.31251598914127900 ) ) ;
#1916 = CARTESIAN_POINT ( 'NONE',  ( 3.526522254773526700, 12.79131473728393500, -22.19524326990831000 ) ) ;
#1917 = CARTESIAN_POINT ( 'NONE',  ( 3.580138572472722800, 6.647493267353832300, -24.74009744754396700 ) ) ;
#1918 = CARTESIAN_POINT ( 'NONE',  ( 3.609144100930849100, 3.323788914926324900, -25.40122334849656800 ) ) ;
#1919 = CARTESIAN_POINT ( 'NONE',  ( 3.667177984969847100, -3.326235518756742100, -25.40122334849656800 ) ) ;
#1920 = CARTESIAN_POINT ( 'NONE',  ( 3.696183513429415900, -6.649939871187123200, -24.74009744754974300 ) ) ;
#1921 = CARTESIAN_POINT ( 'NONE',  ( 3.749799831125728100, -12.79376134111145900, -22.19524326990254800 ) ) ;
#1922 = CARTESIAN_POINT ( 'NONE',  ( 3.774389530856178800, -15.61146184013667300, -20.31251598914705200 ) ) ;
#1923 = CARTESIAN_POINT ( 'NONE',  ( 3.815425683909654500, -20.31373922519203400, -15.61023860410323000 ) ) ;
#1924 = CARTESIAN_POINT ( 'NONE',  ( 3.831855996021094100, -22.19646651123064300, -12.79253809939958100 ) ) ;
#1925 = CARTESIAN_POINT ( 'NONE',  ( 3.854064602063565400, -24.74132069877127200, -6.648716605581897800 ) ) ;
#1926 = CARTESIAN_POINT ( 'NONE',  ( 3.859834160429526800, -25.40244660383041600, -3.325012235116251000 ) ) ;
#1927 = CARTESIAN_POINT ( 'NONE',  ( 3.859834160429526800, -25.40244660383041600, 3.325012235116245200 ) ) ;
#1928 = CARTESIAN_POINT ( 'NONE',  ( 3.854064602062025700, -24.74132069876576500, 6.648716605583164400 ) ) ;
#1929 = CARTESIAN_POINT ( 'NONE',  ( 3.831855996022635000, -22.19646651123614900, 12.79253809939832600 ) ) ;
#1930 = CARTESIAN_POINT ( 'NONE',  ( 3.815425683910375300, -20.31373922516897000, 15.61023860412052300 ) ) ;
#1931 = CARTESIAN_POINT ( 'NONE',  ( 3.774389530855457100, -15.61146184015975400, 20.31251598912973900 ) ) ;
#1932 = CARTESIAN_POINT ( 'NONE',  ( 3.749799831126448900, -12.79376134112302100, 22.19524326990830700 ) ) ;
#1933 = CARTESIAN_POINT ( 'NONE',  ( 3.696183513428694200, -6.649939871175613200, 24.74009744754396300 ) ) ;
#1934 = CARTESIAN_POINT ( 'NONE',  ( 3.667177984969319100, -3.326235518750723800, 25.40122334849656800 ) ) ;
#1935 = CARTESIAN_POINT ( 'NONE',  ( 3.609144100931377200, 3.323788914920294600, 25.40122334849656800 ) ) ;
#1936 = CARTESIAN_POINT ( 'NONE',  ( 3.580138572472002100, 6.647493267348068000, 24.74009744754396300 ) ) ;
#1937 = CARTESIAN_POINT ( 'NONE',  ( 3.526522254774247400, 12.79131473728970600, 22.19524326990830700 ) ) ;
#1938 = CARTESIAN_POINT ( 'NONE',  ( 3.501932555045239100, 15.60901523630625200, 20.31251598914705500 ) ) ;
#1939 = CARTESIAN_POINT ( 'NONE',  ( 3.460896401990321000, 20.31129262136161300, 15.61023860410323200 ) ) ;
#1940 = CARTESIAN_POINT ( 'NONE',  ( 3.444466089878782400, 22.19401990739995200, 12.79253809937815600 ) ) ;
#1941 = CARTESIAN_POINT ( 'NONE',  ( 3.422257483837949400, 24.73887409494110700, 6.648716605603366900 ) ) ;
#1942 = CARTESIAN_POINT ( 'NONE',  ( 3.416487925471169500, 25.39999999999999900, 3.325012367090649100 ) ) ;
#1943 = CARTESIAN_POINT ( 'NONE',  ( 3.416487925471169500, 25.39999999999999900, 0.0000000000000000000 ) ) ;
#1944 = CARTESIAN_POINT ( 'NONE',  ( 3.463628377550283900, 25.35285954792088200, 0.0000000000000000000 ) ) ;
#1945 = CARTESIAN_POINT ( 'NONE',  ( 3.463628377550283900, 25.35285954792088200, -3.318787845715411900 ) ) ;
#1946 = CARTESIAN_POINT ( 'NONE',  ( 3.469387135052495600, 24.69297129925851000, -6.636270016957722900 ) ) ;
#1947 = CARTESIAN_POINT ( 'NONE',  ( 3.491554166623894100, 22.15288107423899100, -12.76859028784789100 ) ) ;
#1948 = CARTESIAN_POINT ( 'NONE',  ( 3.507953721565551000, 20.27367821071900900, -15.58101616506582600 ) ) ;
#1949 = CARTESIAN_POINT ( 'NONE',  ( 3.548913058116554400, 15.58020312508587300, -20.27449125067589000 ) ) ;
#1950 = CARTESIAN_POINT ( 'NONE',  ( 3.573456728791595300, 12.76777703320121100, -22.15369431436386800 ) ) ;
#1951 = CARTESIAN_POINT ( 'NONE',  ( 3.626972684945485500, 6.635455857222932100, -24.69378491428936000 ) ) ;
#1952 = CARTESIAN_POINT ( 'NONE',  ( 3.655923920354053000, 3.317972872108190300, -25.35367331855294600 ) ) ;
#1953 = CARTESIAN_POINT ( 'NONE',  ( 3.713849175656369200, -3.319603941328466600, -25.35367331855294600 ) ) ;
#1954 = CARTESIAN_POINT ( 'NONE',  ( 3.742800411065658700, -6.637086926446079900, -24.69378491428936700 ) ) ;
#1955 = CARTESIAN_POINT ( 'NONE',  ( 3.796316367218106200, -12.76940810241859300, -22.15369431436387200 ) ) ;
#1956 = CARTESIAN_POINT ( 'NONE',  ( 3.820860037893868200, -15.58183419430038400, -20.27449125068166300 ) ) ;
#1957 = CARTESIAN_POINT ( 'NONE',  ( 3.861819374444872600, -20.27530927994505200, -15.58101616506006500 ) ) ;
#1958 = CARTESIAN_POINT ( 'NONE',  ( 3.878218929386503700, -22.15451214345068500, -12.76859028784890700 ) ) ;
#1959 = CARTESIAN_POINT ( 'NONE',  ( 3.900385960957951400, -24.69460236848737000, -6.636270016956695300 ) ) ;
#1960 = CARTESIAN_POINT ( 'NONE',  ( 3.906144718460138300, -25.35449061714116000, -3.318787713988074800 ) ) ;
#1961 = CARTESIAN_POINT ( 'NONE',  ( 3.906144718460138300, -25.35449061714116000, 3.318787713988069000 ) ) ;
#1962 = CARTESIAN_POINT ( 'NONE',  ( 3.900385960956411300, -24.69460236847611900, 6.636270016957906700 ) ) ;
#1963 = CARTESIAN_POINT ( 'NONE',  ( 3.878218929388044700, -22.15451214346193600, 12.76859028784770800 ) ) ;
#1964 = CARTESIAN_POINT ( 'NONE',  ( 3.861819374445592400, -20.27530927992776100, 15.58101616507158700 ) ) ;
#1965 = CARTESIAN_POINT ( 'NONE',  ( 3.820860037893146500, -15.58183419431769900, 20.27449125067011300 ) ) ;
#1966 = CARTESIAN_POINT ( 'NONE',  ( 3.796316367218106200, -12.76940810243015500, 22.15369431436963100 ) ) ;
#1967 = CARTESIAN_POINT ( 'NONE',  ( 3.742800411065658700, -6.637086926434570000, 24.69378491428359000 ) ) ;
#1968 = CARTESIAN_POINT ( 'NONE',  ( 3.713849175656561500, -3.319603941322451400, 25.35367331855294600 ) ) ;
#1969 = CARTESIAN_POINT ( 'NONE',  ( 3.655923920353861200, 3.317972872102161700, 25.35367331855294600 ) ) ;
#1970 = CARTESIAN_POINT ( 'NONE',  ( 3.626972684944764300, 6.635455857217163400, 24.69378491428936000 ) ) ;
#1971 = CARTESIAN_POINT ( 'NONE',  ( 3.573456728792316500, 12.76777703320698300, 22.15369431436386800 ) ) ;
#1972 = CARTESIAN_POINT ( 'NONE',  ( 3.548913058116554400, 15.58020312508587100, 20.27449125068166300 ) ) ;
#1973 = CARTESIAN_POINT ( 'NONE',  ( 3.507953721565551000, 20.27367821071900500, 15.58101616506006500 ) ) ;
#1974 = CARTESIAN_POINT ( 'NONE',  ( 3.491554166623820300, 22.15288107424164800, 12.76859028782753600 ) ) ;
#1975 = CARTESIAN_POINT ( 'NONE',  ( 3.469387135052569300, 24.69297129925583100, 6.636270016978112800 ) ) ;
#1976 = CARTESIAN_POINT ( 'NONE',  ( 3.463628377550283900, 25.35285954792088200, 3.318787845715411900 ) ) ;
#1977 = CARTESIAN_POINT ( 'NONE',  ( 3.463628377550283900, 25.35285954792088200, 0.0000000000000000000 ) ) ;
#1978 = CARTESIAN_POINT ( 'NONE',  ( 3.510768829629364000, 25.30571909584180500, 0.0000000000000000000 ) ) ;
#1979 = CARTESIAN_POINT ( 'NONE',  ( 3.510768829629364000, 25.30571909584180500, -3.312563324340180000 ) ) ;
#1980 = CARTESIAN_POINT ( 'NONE',  ( 3.516516786268522900, 24.64706850357324400, -6.623823428335403400 ) ) ;
#1981 = CARTESIAN_POINT ( 'NONE',  ( 3.538642243367454900, 22.11174224108072700, -12.74464247629436300 ) ) ;
#1982 = CARTESIAN_POINT ( 'NONE',  ( 3.555011041139304300, 20.23606380007064900, -15.55179372601691400 ) ) ;
#1983 = CARTESIAN_POINT ( 'NONE',  ( 3.595893561189277900, 15.55139101387128000, -20.23646651221628500 ) ) ;
#1984 = CARTESIAN_POINT ( 'NONE',  ( 3.620391202809630100, 12.74423932911561700, -22.11214535883676300 ) ) ;
#1985 = CARTESIAN_POINT ( 'NONE',  ( 3.673806797418213100, 6.623418447094927300, -24.64747238101748300 ) ) ;
#1986 = CARTESIAN_POINT ( 'NONE',  ( 3.702703739776501900, 3.312156829290064900, -25.30612328860936000 ) ) ;
#1987 = CARTESIAN_POINT ( 'NONE',  ( 3.760520366343577800, -3.312972363900203100, -25.30612328860936000 ) ) ;
#1988 = CARTESIAN_POINT ( 'NONE',  ( 3.789417308701867900, -6.624233981707934800, -24.64747238102326000 ) ) ;
#1989 = CARTESIAN_POINT ( 'NONE',  ( 3.842832903310450900, -12.74505486372286000, -22.11214535883100000 ) ) ;
#1990 = CARTESIAN_POINT ( 'NONE',  ( 3.867330544932245000, -15.55220654847564700, -20.23646651222205900 ) ) ;
#1991 = CARTESIAN_POINT ( 'NONE',  ( 3.908213064979335200, -20.23687933468655600, -15.55179372601115000 ) ) ;
#1992 = CARTESIAN_POINT ( 'NONE',  ( 3.924581862752600300, -22.11255777568229100, -12.74464247629825100 ) ) ;
#1993 = CARTESIAN_POINT ( 'NONE',  ( 3.946707319851581600, -24.64788403819195400, -6.623823428331500700 ) ) ;
#1994 = CARTESIAN_POINT ( 'NONE',  ( 3.952455276490716200, -25.30653463045193900, -3.312563192859901300 ) ) ;
#1995 = CARTESIAN_POINT ( 'NONE',  ( 3.952455276490716200, -25.30653463045193900, 3.312563192859895100 ) ) ;
#1996 = CARTESIAN_POINT ( 'NONE',  ( 3.946707319850042000, -24.64788403818649300, 6.623823428335549900 ) ) ;
#1997 = CARTESIAN_POINT ( 'NONE',  ( 3.924581862754139600, -22.11255777568775100, 12.74464247629421500 ) ) ;
#1998 = CARTESIAN_POINT ( 'NONE',  ( 3.908213064980055100, -20.23687933466926100, 15.55179372602267500 ) ) ;
#1999 = CARTESIAN_POINT ( 'NONE',  ( 3.867330544931523000, -15.55220654849296100, 20.23646651221050900 ) ) ;
#2000 = CARTESIAN_POINT ( 'NONE',  ( 3.842832903309730200, -12.74505486373730400, 22.11214535883675900 ) ) ;
#2001 = CARTESIAN_POINT ( 'NONE',  ( 3.789417308702588600, -6.624233981693540900, 24.64747238101747900 ) ) ;
#2002 = CARTESIAN_POINT ( 'NONE',  ( 3.760520366343048900, -3.312972363894190600, 25.30612328860936000 ) ) ;
#2003 = CARTESIAN_POINT ( 'NONE',  ( 3.702703739777030800, 3.312156829284040900, 25.30612328860936000 ) ) ;
#2004 = CARTESIAN_POINT ( 'NONE',  ( 3.673806797418213100, 6.623418447089159500, 24.64747238101747900 ) ) ;
#2005 = CARTESIAN_POINT ( 'NONE',  ( 3.620391202809630100, 12.74423932912138800, 22.11214535883675900 ) ) ;
#2006 = CARTESIAN_POINT ( 'NONE',  ( 3.595893561189277900, 15.55139101387127600, 20.23646651222205900 ) ) ;
#2007 = CARTESIAN_POINT ( 'NONE',  ( 3.555011041139304300, 20.23606380007064600, 15.55179372601115300 ) ) ;
#2008 = CARTESIAN_POINT ( 'NONE',  ( 3.538642243368102400, 22.11174224108337700, 12.74464247627404300 ) ) ;
#2009 = CARTESIAN_POINT ( 'NONE',  ( 3.516516786267875400, 24.64706850357058000, 6.623823428355752400 ) ) ;
#2010 = CARTESIAN_POINT ( 'NONE',  ( 3.510768829629364000, 25.30571909584180500, 3.312563324340180000 ) ) ;
#2011 = CARTESIAN_POINT ( 'NONE',  ( 3.510768829629364000, 25.30571909584180500, 0.0000000000000000000 ) ) ;
#2012 = CARTESIAN_POINT ( 'NONE',  ( 3.557909281708478300, 25.25857864376268900, 0.0000000000000000000 ) ) ;
#2013 = CARTESIAN_POINT ( 'NONE',  ( 3.557909281708478300, 25.25857864376268900, -3.306338802964943600 ) ) ;
#2014 = CARTESIAN_POINT ( 'NONE',  ( 3.563646437483863700, 24.60116570789371300, -6.611376839710186600 ) ) ;
#2015 = CARTESIAN_POINT ( 'NONE',  ( 3.585730320111771600, 22.07060340791667100, -12.72069466474370200 ) ) ;
#2016 = CARTESIAN_POINT ( 'NONE',  ( 3.602068360714533800, 20.19844938943380400, -15.52257128697374500 ) ) ;
#2017 = CARTESIAN_POINT ( 'NONE',  ( 3.642874064260593200, 15.52257890264512800, -20.19844177375089000 ) ) ;
#2018 = CARTESIAN_POINT ( 'NONE',  ( 3.667325676827697800, 12.72070162503000800, -22.07059640329808300 ) ) ;
#2019 = CARTESIAN_POINT ( 'NONE',  ( 3.720640909890975000, 6.611381036966908400, -24.60115984775711000 ) ) ;
#2020 = CARTESIAN_POINT ( 'NONE',  ( 3.749483559199706700, 3.306340786471917400, -25.25857325866573400 ) ) ;
#2021 = CARTESIAN_POINT ( 'NONE',  ( 3.807191557030100300, -3.306340786471915200, -25.25857325866573400 ) ) ;
#2022 = CARTESIAN_POINT ( 'NONE',  ( 3.836034206338831100, -6.611381036969779000, -24.60115984776288300 ) ) ;
#2023 = CARTESIAN_POINT ( 'NONE',  ( 3.889349439402107800, -12.72070162502711300, -22.07059640329232400 ) ) ;
#2024 = CARTESIAN_POINT ( 'NONE',  ( 3.913801051969934000, -15.52257890263935600, -20.19844177375666300 ) ) ;
#2025 = CARTESIAN_POINT ( 'NONE',  ( 3.954606755514552300, -20.19844938943957000, -15.52257128696798600 ) ) ;
#2026 = CARTESIAN_POINT ( 'NONE',  ( 3.970944796118009500, -22.07060340791386800, -12.72069466474757800 ) ) ;
#2027 = CARTESIAN_POINT ( 'NONE',  ( 3.993028678745967200, -24.60116570789651600, -6.611376839706300000 ) ) ;
#2028 = CARTESIAN_POINT ( 'NONE',  ( 3.998765834521327700, -25.25857864376268600, -3.306338671731726500 ) ) ;
#2029 = CARTESIAN_POINT ( 'NONE',  ( 3.998765834521327700, -25.25857864376268600, 3.306338671731720200 ) ) ;
#2030 = CARTESIAN_POINT ( 'NONE',  ( 3.993028678744428000, -24.60116570789107400, 6.611376839710295000 ) ) ;
#2031 = CARTESIAN_POINT ( 'NONE',  ( 3.970944796119549200, -22.07060340791931100, 12.72069466474359300 ) ) ;
#2032 = CARTESIAN_POINT ( 'NONE',  ( 3.954606755515992900, -20.19844938942227600, 15.52257128697951100 ) ) ;
#2033 = CARTESIAN_POINT ( 'NONE',  ( 3.913801051968491600, -15.52257890265667100, 20.19844177374511700 ) ) ;
#2034 = CARTESIAN_POINT ( 'NONE',  ( 3.889349439401387000, -12.72070162503867500, 22.07059640330384900 ) ) ;
#2035 = CARTESIAN_POINT ( 'NONE',  ( 3.836034206339552700, -6.611381036958269100, 24.60115984775133700 ) ) ;
#2036 = CARTESIAN_POINT ( 'NONE',  ( 3.807191557030291700, -3.306340786465920000, 25.25857325866573400 ) ) ;
#2037 = CARTESIAN_POINT ( 'NONE',  ( 3.749483559199514800, 3.306340786465909300, 25.25857325866573400 ) ) ;
#2038 = CARTESIAN_POINT ( 'NONE',  ( 3.720640909890253800, 6.611381036961140500, 24.60115984775711000 ) ) ;
#2039 = CARTESIAN_POINT ( 'NONE',  ( 3.667325676828419000, 12.72070162503578000, 22.07059640329808300 ) ) ;
#2040 = CARTESIAN_POINT ( 'NONE',  ( 3.642874064259872500, 15.52257890264512400, 20.19844177375666700 ) ) ;
#2041 = CARTESIAN_POINT ( 'NONE',  ( 3.602068360715254600, 20.19844938943380100, 15.52257128696799000 ) ) ;
#2042 = CARTESIAN_POINT ( 'NONE',  ( 3.585730320110977600, 22.07060340791930400, 12.72069466472342100 ) ) ;
#2043 = CARTESIAN_POINT ( 'NONE',  ( 3.563646437484657700, 24.60116570789106700, 6.611376839730501100 ) ) ;
#2044 = CARTESIAN_POINT ( 'NONE',  ( 3.557909281708478300, 25.25857864376268900, 3.306338802964943600 ) ) ;
#2045 = CARTESIAN_POINT ( 'NONE',  ( 3.557909281708478300, 25.25857864376268900, 0.0000000000000000000 ) ) ;
#2046 = FILL_AREA_STYLE_COLOUR ( '', #1629 ) ;
#2047 = FILL_AREA_STYLE ('',( #2046 ) ) ;
#2048 = SURFACE_SIDE_STYLE ('',( #2931 ) ) ;
#2049 = SURFACE_STYLE_USAGE ( .BOTH. , #2048 ) ;
#2050 =( LENGTH_UNIT ( ) NAMED_UNIT ( * ) SI_UNIT ( .MILLI., .METRE. ) );
#2051 =( NAMED_UNIT ( * ) PLANE_ANGLE_UNIT ( ) SI_UNIT ( $, .RADIAN. ) );
#2052 =( NAMED_UNIT ( * ) SI_UNIT ( $, .STERADIAN. ) SOLID_ANGLE_UNIT ( ) );
#2053 = CARTESIAN_POINT ( 'NONE',  ( -4.000000000000000000, -4.592425496802558200E-016, 0.0000000000000000000 ) ) ;
#2054 = DIRECTION ( 'NONE',  ( -1.000000000000000000, -0.0000000000000000000, -0.0000000000000000000 ) ) ;
#2055 = DIRECTION ( 'NONE',  ( 0.0000000000000000000, 0.0000000000000000000, 1.000000000000000000 ) ) ;
#2056 = FILL_AREA_STYLE_COLOUR ( '', #1617 ) ;
#2057 = FILL_AREA_STYLE ('',( #2056 ) ) ;
#2058 = SURFACE_SIDE_STYLE ('',( #2935 ) ) ;
#2059 = SURFACE_STYLE_USAGE ( .BOTH. , #2058 ) ;
#2060 =( LENGTH_UNIT ( ) NAMED_UNIT ( * ) SI_UNIT ( .MILLI., .METRE. ) );
#2061 =( NAMED_UNIT ( * ) PLANE_ANGLE_UNIT ( ) SI_UNIT ( $, .RADIAN. ) );
#2062 =( NAMED_UNIT ( * ) SI_UNIT ( $, .STERADIAN. ) SOLID_ANGLE_UNIT ( ) );
#2063 = CARTESIAN_POINT ( 'NONE',  ( -4.000000000000000000, -4.592425496802558200E-016, 0.0000000000000000000 ) ) ;
#2064 = DIRECTION ( 'NONE',  ( -1.000000000000000000, -0.0000000000000000000, -0.0000000000000000000 ) ) ;
#2065 = DIRECTION ( 'NONE',  ( 0.0000000000000000000, 0.0000000000000000000, 1.000000000000000000 ) ) ;
#2066 = CARTESIAN_POINT ( 'NONE',  ( -3.858578643762689900, -4.592425496802558200E-016, 0.0000000000000000000 ) ) ;
#2067 = DIRECTION ( 'NONE',  ( -1.000000000000000000, -0.0000000000000000000, -0.0000000000000000000 ) ) ;
#2068 = DIRECTION ( 'NONE',  ( 0.0000000000000000000, 1.000000000000000000, 0.0000000000000000000 ) ) ;
#2069 = CARTESIAN_POINT ( 'NONE',  ( 1.500000000000006400, -1.685659235098477100, 25.34400427996979500 ) ) ;
#2070 = CARTESIAN_POINT ( 'NONE',  ( 0.5000000000000065500, -1.936907006177264200, 25.32729349816363800 ) ) ;
#2071 = CARTESIAN_POINT ( 'NONE',  ( -0.4999999999999935100, -2.187906262177855300, 25.30684632427801300 ) ) ;
#2072 = CARTESIAN_POINT ( 'NONE',  ( -1.499999999999992700, -2.438546013752084000, 25.28267179984769100 ) ) ;
#2073 = CARTESIAN_POINT ( 'NONE',  ( -0.07692307692306991900, -3.223256860822269600, 25.19465449672136600 ) ) ;
#2074 = CARTESIAN_POINT ( 'NONE',  ( -0.6959134615384544600, 5.062031825332233800, 24.89047676922488300 ) ) ;
#2075 = CARTESIAN_POINT ( 'NONE',  ( 3.557909281708478300, 25.25857864376270000, 6.938893903907228400E-015 ) ) ;
#2076 = CARTESIAN_POINT ( 'NONE',  ( -0.7445913461538392600, -4.495424714030518100, 24.99902311372353500 ) ) ;
#2077 = CARTESIAN_POINT ( 'NONE',  ( -0.4795673076923006600, -4.389510785935412300, 25.01783753764814500 ) ) ;
#2078 = CARTESIAN_POINT ( 'NONE',  ( 3.416487925471169500, 25.39999999999999900, 7.776507174585692200E-016 ) ) ;
#2079 = CARTESIAN_POINT ( 'NONE',  ( -4.000000000000000000, 2.642700759591666300E-015, 25.25857864376268900 ) ) ;
#2080 = CARTESIAN_POINT ( 'NONE',  ( 3.859834160429526800, -25.40122330191520900, -3.850835193855414300E-015 ) ) ;
#2081 = CARTESIAN_POINT ( 'NONE',  ( 3.998765834521328200, -25.25857864376269300, 3.686287386450715100E-015 ) ) ;
#2082 = CARTESIAN_POINT ( 'NONE',  ( 0.3846153846153912400, 4.243232518351151200, 25.04306246838048400 ) ) ;
#2083 = CARTESIAN_POINT ( 'NONE',  ( 0.3846153846153912400, 5.062031825332233800, 24.89047676922488300 ) ) ;
#2084 = CARTESIAN_POINT ( 'NONE',  ( -0.6538461538461471900, -3.202988315246186900, 25.19723925060832000 ) ) ;
#2085 = CARTESIAN_POINT ( 'NONE',  ( -1.192307692307685200, -3.868895667156654100, 25.10361819173993700 ) ) ;
#2086 = CARTESIAN_POINT ( 'NONE',  ( -0.6538461538461471900, -2.782863787400997200, 25.24709229081187100 ) ) ;
#2087 = CARTESIAN_POINT ( 'NONE',  ( -1.538461538461531900, -3.885525393817998600, 25.10104962773460400 ) ) ;
#2088 = CARTESIAN_POINT ( 'NONE',  ( -0.7169471153846088700, -4.911179888739921400, 24.92068041006177000 ) ) ;
#2089 = CARTESIAN_POINT ( 'NONE',  ( -0.06850961538460831300, -4.475904688462079200, 25.00252541684145800 ) ) ;
#2090 = CARTESIAN_POINT ( 'NONE',  ( 0.2638221153846223600, -3.443688677744655400, 25.16547254256858300 ) ) ;
#2091 = CARTESIAN_POINT ( 'NONE',  ( 0.6688701923076995100, -3.126664721050208300, 25.20682383248908900 ) ) ;
#2092 = CARTESIAN_POINT ( 'NONE',  ( 1.192307692307699200, -3.805330775505478200, 25.11333226971265400 ) ) ;
#2093 = CARTESIAN_POINT ( 'NONE',  ( 0.4615384615384689500, -4.608941036553737500, 24.97834387067267100 ) ) ;
#2094 = CARTESIAN_POINT ( 'NONE',  ( 0.4615384615384681100, -5.024336035195329200, 24.89811333023925900 ) ) ;
#2095 = CARTESIAN_POINT ( 'NONE',  ( 1.538461538461545900, -3.786910204360697900, 25.11611656096755900 ) ) ;
#2096 = CARTESIAN_POINT ( 'NONE',  ( 0.6484375000000066600, -2.706391141727959600, 25.25540431250262700 ) ) ;
#2097 = CARTESIAN_POINT ( 'NONE',  ( -1.499999999999992700, -6.477530023586965900, 24.56016296349698900 ) ) ;
#2098 = CARTESIAN_POINT ( 'NONE',  ( -0.7223557692307625000, -5.513451287667153100, 24.79439160170140600 ) ) ;
#2099 = CARTESIAN_POINT ( 'NONE',  ( -0.07692307692306991900, -5.951950625534594900, 24.69279821630586700 ) ) ;
#2100 = CARTESIAN_POINT ( 'NONE',  ( 0.6406250000000066600, -5.400761269716188200, 24.81918164862680600 ) ) ;
#2101 = CARTESIAN_POINT ( 'NONE',  ( 1.500000000000006400, -6.474624522890144900, 24.56092908030128900 ) ) ;
#2102 = CARTESIAN_POINT ( 'NONE',  ( -1.499999999999992700, -7.556903145308200300, 24.24980855290266000 ) ) ;
#2103 = CARTESIAN_POINT ( 'NONE',  ( 1.500000000000006400, -7.556903145308195000, 24.24980855290266400 ) ) ;
#2104 = CARTESIAN_POINT ( 'NONE',  ( -0.6850961538461473000, -5.925656942429558400, 24.69912123539289800 ) ) ;
#2105 = CARTESIAN_POINT ( 'NONE',  ( -0.2662259615384549000, -6.207518845897915600, 24.62979313306999900 ) ) ;
#2106 = CARTESIAN_POINT ( 'NONE',  ( -0.2307692307692236200, -6.556524739686321500, 24.53919280126958600 ) ) ;
#2107 = CARTESIAN_POINT ( 'NONE',  ( -0.2307692307692236200, -7.151954871063671800, 24.37231095982218300 ) ) ;
#2108 = CARTESIAN_POINT ( 'NONE',  ( -1.153846153846146900, -6.601799953018613100, 24.52705113502892000 ) ) ;
#2109 = CARTESIAN_POINT ( 'NONE',  ( -1.153846153846146900, -7.151954871063670900, 24.37231095982218300 ) ) ;
#2110 = CARTESIAN_POINT ( 'NONE',  ( 0.6346153846153914600, -5.813395454657215700, 24.72578478608456400 ) ) ;
#2111 = CARTESIAN_POINT ( 'NONE',  ( 1.139423076923084000, -6.219755588067309700, 24.62670583786441700 ) ) ;
#2112 = CARTESIAN_POINT ( 'NONE',  ( 1.153846153846160600, -6.468232102463895600, 24.56261332734478100 ) ) ;
#2113 = CARTESIAN_POINT ( 'NONE',  ( 1.153846153846160600, -7.151954871063670900, 24.37231095982218300 ) ) ;
#2114 = CARTESIAN_POINT ( 'NONE',  ( 0.1153846153846222200, -6.515293268553312700, 24.55017217097965700 ) ) ;
#2115 = CARTESIAN_POINT ( 'NONE',  ( 0.1153846153846222200, -7.151954871063671800, 24.37231095982218300 ) ) ;
#2116 = CARTESIAN_POINT ( 'NONE',  ( 1.500000000000006400, 0.2980700813869663300, 25.39825100723634300 ) ) ;
#2117 = CARTESIAN_POINT ( 'NONE',  ( 1.500000000000006400, 0.7631063086305566200, 25.38853419876240400 ) ) ;
#2118 = CARTESIAN_POINT ( 'NONE',  ( -1.499999999999992700, 1.518325089028252900, 25.35457924959567000 ) ) ;
#2119 = CARTESIAN_POINT ( 'NONE',  ( -1.499999999999992700, 1.082004221903720700, 25.37694360760929900 ) ) ;
#2120 = CARTESIAN_POINT ( 'NONE',  ( 0.4615384615384681100, 0.6393555413681371000, 25.39195196300831400 ) ) ;
#2121 = CARTESIAN_POINT ( 'NONE',  ( 1.080528846153852500, 0.4999677088944126100, 25.39507889907142500 ) ) ;
#2122 = CARTESIAN_POINT ( 'NONE',  ( 0.003004807692314967500, 0.2614136540701387800, 25.39865474590072800 ) ) ;
#2123 = CARTESIAN_POINT ( 'NONE',  ( 3.638150366854801200, 5.960934306073379900E-008, -25.40061165933147400 ) ) ;
#2124 = CARTESIAN_POINT ( 'NONE',  ( -0.6718749999999936700, 3.469884963182718000, 25.16187390363202400 ) ) ;
#2125 = CARTESIAN_POINT ( 'NONE',  ( -1.499999999999992700, 2.553372086102944300, 25.27133338369604600 ) ) ;
#2126 = CARTESIAN_POINT ( 'NONE',  ( -0.6538461538461471900, 1.595103530564047700, 25.34986478714989400 ) ) ;
#2127 = CARTESIAN_POINT ( 'NONE',  ( -0.6153846153846078700, 1.978762214450436900, 25.32280592862219100 ) ) ;
#2128 = CARTESIAN_POINT ( 'NONE',  ( -1.153846153846146900, 2.545001103996205900, 25.27217777281289200 ) ) ;
#2129 = CARTESIAN_POINT ( 'NONE',  ( -0.6682692307692240700, 3.088492126486388900, 25.21152943366648500 ) ) ;
#2130 = CARTESIAN_POINT ( 'NONE',  ( 0.3780048076923144300, 2.286563760403152600, 25.29686988877499600 ) ) ;
#2131 = CARTESIAN_POINT ( 'NONE',  ( 1.233173076923084000, 1.596902852576939100, 25.34975150330731700 ) ) ;
#2132 = CARTESIAN_POINT ( 'NONE',  ( 1.500000000000006400, 1.556716094496062100, 25.35225108350611500 ) ) ;
#2133 = CARTESIAN_POINT ( 'NONE',  ( 1.500000000000006400, 3.507981930444941100, 25.15659084167947400 ) ) ;
#2134 = CARTESIAN_POINT ( 'NONE',  ( 1.115384615384622300, 3.507981930444942000, 25.15659084167947800 ) ) ;
#2135 = CARTESIAN_POINT ( 'NONE',  ( 1.115384615384622300, 2.049452356689027300, 25.31718280215359600 ) ) ;
#2136 = CARTESIAN_POINT ( 'NONE',  ( 0.5588942307692378300, 2.643641110814427100, 25.26204983126293900 ) ) ;
#2137 = CARTESIAN_POINT ( 'NONE',  ( 0.7692307692307763800, 5.438337107325388300, 24.81097518250920300 ) ) ;
#2138 = CARTESIAN_POINT ( 'NONE',  ( 0.7692307692307763800, 5.813395454657223700, 24.72578478608456000 ) ) ;
#2139 = CARTESIAN_POINT ( 'NONE',  ( 0.3846153846153912400, 5.813395454657223700, 24.72578478608456000 ) ) ;
#2140 = CARTESIAN_POINT ( 'NONE',  ( 0.3846153846153912400, 5.438337107325383000, 24.81097518250920300 ) ) ;
#2141 = CARTESIAN_POINT ( 'NONE',  ( -1.461538461538455000, 5.438337107325388300, 24.81097518250920300 ) ) ;
#2142 = CARTESIAN_POINT ( 'NONE',  ( -1.461538461538455000, 5.175049209640343800, 24.86722472809945100 ) ) ;
#2143 = CARTESIAN_POINT ( 'NONE',  ( 0.3846153846153912400, 3.774430594881038400, 25.11799501720680500 ) ) ;
#2144 = CARTESIAN_POINT ( 'NONE',  ( 0.7692307692307763800, 3.774430594881038400, 25.11799501720680500 ) ) ;
#2145 = CARTESIAN_POINT ( 'NONE',  ( 0.7692307692307763800, 5.062031825332233800, 24.89047676922488300 ) ) ;
#2146 = CARTESIAN_POINT ( 'NONE',  ( 1.500000000000007300, 5.438337107325388300, 24.81097518250920300 ) ) ;
#2147 = CARTESIAN_POINT ( 'NONE',  ( 1.500000000000006400, 5.062031825332233800, 24.89047676922488300 ) ) ;
#2148 = CARTESIAN_POINT ( 'NONE',  ( 1.530649038461545000, 7.703070491613401800, 24.20377460234735200 ) ) ;
#2149 = CARTESIAN_POINT ( 'NONE',  ( 1.374399038461545700, 7.703070491613401800, 24.20377460234735200 ) ) ;
#2150 = CARTESIAN_POINT ( 'NONE',  ( 1.774038461538468300, 7.103502470964224700, 24.38647683953147500 ) ) ;
#2151 = CARTESIAN_POINT ( 'NONE',  ( -1.215745192307685200, 7.103502470964224700, 24.38647683953147500 ) ) ;
#2152 = CARTESIAN_POINT ( 'NONE',  ( -1.215745192307685200, 6.906522659938099600, 24.44299377629020100 ) ) ;
#2153 = CARTESIAN_POINT ( 'NONE',  ( 1.774038461538468300, 6.906522659938105800, 24.44299377629019800 ) ) ;
#2154 = CARTESIAN_POINT ( 'NONE',  ( 1.378004807692314400, 6.301294483943192600, 24.60596854071440700 ) ) ;
#2155 = CARTESIAN_POINT ( 'NONE',  ( 1.532451923076929800, 6.301294483943192600, 24.60596854071440700 ) ) ;
#2156 = CARTESIAN_POINT ( 'NONE',  ( 2.370192307692314600, 7.043474932155915800, 24.40388208626019300 ) ) ;
#2157 = CARTESIAN_POINT ( 'NONE',  ( 2.370192307692314600, 6.953353776147906700, 24.42971287722657100 ) ) ;
#2158 = CARTESIAN_POINT ( 'NONE',  ( -1.137620192307686100, -0.4230573601738482100, 25.39647657589538100 ) ) ;
#2159 = CARTESIAN_POINT ( 'NONE',  ( -0.7445913461538392600, -0.5366187269055652200, 25.39433087013584300 ) ) ;
#2160 = CARTESIAN_POINT ( 'NONE',  ( 1.500000000000006400, -1.185866840506512000, 25.37230221790263600 ) ) ;
#2161 = CARTESIAN_POINT ( 'NONE',  ( 1.500000000000006400, -1.685659235098477100, 25.34400427996979500 ) ) ;
#2162 = CARTESIAN_POINT ( 'NONE',  ( -1.499999999999992700, -2.438546013752084000, 25.28267179984769100 ) ) ;
#2163 = CARTESIAN_POINT ( 'NONE',  ( -1.499999999999992700, -2.003325820084464600, 25.32087450422245900 ) ) ;
#2164 = CARTESIAN_POINT ( 'NONE',  ( 0.4729567307692377200, -1.559115414735898100, 25.35210364296290200 ) ) ;
#2165 = CARTESIAN_POINT ( 'NONE',  ( 1.080528846153852500, -1.422332536930141600, 25.36014531019863600 ) ) ;
#2166 = CARTESIAN_POINT ( 'NONE',  ( 0.5474759615384681100, -1.268102417704709300, 25.36832505819435100 ) ) ;
#2167 = CARTESIAN_POINT ( 'NONE',  ( -1.499999999999992700, -0.6760019012464095800, 25.39100276534015100 ) ) ;
#2168 = CARTESIAN_POINT ( 'NONE',  ( -1.499999999999992700, -0.1670661030591754100, 25.39945056329385800 ) ) ;
#2169 = CARTESIAN_POINT ( 'NONE',  ( 3.638150391475258000, 5.944065548147603500E-008, 25.40061165933148100 ) ) ;
#2170 = CARTESIAN_POINT ( 'NONE',  ( -4.000000000000000000, -4.592425496802558200E-016, -25.25857864376268900 ) ) ;
#2171 = CARTESIAN_POINT ( 'NONE',  ( -3.858578643762689900, -4.592425496802558200E-016, 25.39999999999999900 ) ) ;
#2172 = CARTESIAN_POINT ( 'NONE',  ( -3.858578643762689900, 2.651360320154021200E-015, -25.39999999999999900 ) ) ;
#2173 = CARTESIAN_POINT ( 'NONE',  ( 0.4097186370676294500, -4.592425496802558200E-016, 25.39999999999999900 ) ) ;
#2174 = CARTESIAN_POINT ( 'NONE',  ( -0.7926682692307625000, -0.3287167849830087700, 25.39787284941930800 ) ) ;
#2175 = CARTESIAN_POINT ( 'NONE',  ( -0.9139756850792719600, 3.843901543141755200E-014, 25.39999999999999900 ) ) ;
#2176 =( LENGTH_UNIT ( ) NAMED_UNIT ( * ) SI_UNIT ( .MILLI., .METRE. ) );
#2177 =( NAMED_UNIT ( * ) PLANE_ANGLE_UNIT ( ) SI_UNIT ( $, .RADIAN. ) );
#2178 =( NAMED_UNIT ( * ) SI_UNIT ( $, .STERADIAN. ) SOLID_ANGLE_UNIT ( ) );
#2179 = FILL_AREA_STYLE_COLOUR ( '', #1607 ) ;
#2180 = FILL_AREA_STYLE ('',( #2179 ) ) ;
#2181 = SURFACE_SIDE_STYLE ('',( #2938 ) ) ;
#2182 = SURFACE_STYLE_USAGE ( .BOTH. , #2181 ) ;
#2183 =( LENGTH_UNIT ( ) NAMED_UNIT ( * ) SI_UNIT ( .MILLI., .METRE. ) );
#2184 =( NAMED_UNIT ( * ) PLANE_ANGLE_UNIT ( ) SI_UNIT ( $, .RADIAN. ) );
#2185 =( NAMED_UNIT ( * ) SI_UNIT ( $, .STERADIAN. ) SOLID_ANGLE_UNIT ( ) );
#2186 = CARTESIAN_POINT ( 'NONE',  ( 0.0000000000000000000, 0.0000000000000000000, 0.0000000000000000000 ) ) ;
#2187 = DIRECTION ( 'NONE',  ( 0.0000000000000000000, 0.0000000000000000000, 1.000000000000000000 ) ) ;
#2188 = DIRECTION ( 'NONE',  ( 1.000000000000000000, 0.0000000000000000000, 0.0000000000000000000 ) ) ;
#2189 = APPLICATION_CONTEXT ( 'automotive_design' ) ;
#2190 = APPLICATION_PROTOCOL_DEFINITION ( 'draft international standard', 'automotive_design', 1998, #2189 ) ;
#2191 = PRODUCT_CONTEXT ( 'NONE', #2189, 'mechanical' ) ;
#2192 = APPLICATION_CONTEXT ( 'automotive_design' ) ;
#2193 = APPLICATION_PROTOCOL_DEFINITION ( 'draft international standard', 'automotive_design', 1998, #2192 ) ;
#2194 = ORIENTED_EDGE ( 'NONE', *, *, #1297, .F. ) ;
#2195 = ORIENTED_EDGE ( 'NONE', *, *, #1556, .F. ) ;
#2196 = ORIENTED_EDGE ( 'NONE', *, *, #1288, .F. ) ;
#2197 = ORIENTED_EDGE ( 'NONE', *, *, #1285, .T. ) ;
#2198 = ORIENTED_EDGE ( 'NONE', *, *, #1597, .F. ) ;
#2199 = ORIENTED_EDGE ( 'NONE', *, *, #1555, .F. ) ;
#2200 = ORIENTED_EDGE ( 'NONE', *, *, #1591, .F. ) ;
#2201 = ORIENTED_EDGE ( 'NONE', *, *, #1560, .F. ) ;
#2202 = ORIENTED_EDGE ( 'NONE', *, *, #1553, .F. ) ;
#2203 = ORIENTED_EDGE ( 'NONE', *, *, #1565, .F. ) ;
#2204 = ORIENTED_EDGE ( 'NONE', *, *, #1275, .F. ) ;
#2205 = ORIENTED_EDGE ( 'NONE', *, *, #1574, .T. ) ;
#2206 = ORIENTED_EDGE ( 'NONE', *, *, #1636, .F. ) ;
#2207 = ORIENTED_EDGE ( 'NONE', *, *, #1273, .F. ) ;
#2208 = ORIENTED_EDGE ( 'NONE', *, *, #1331, .F. ) ;
#2209 = ORIENTED_EDGE ( 'NONE', *, *, #1330, .T. ) ;
#2210 = ORIENTED_EDGE ( 'NONE', *, *, #1329, .F. ) ;
#2211 = ORIENTED_EDGE ( 'NONE', *, *, #1328, .F. ) ;
#2212 = ORIENTED_EDGE ( 'NONE', *, *, #1327, .F. ) ;
#2213 = ORIENTED_EDGE ( 'NONE', *, *, #1326, .F. ) ;
#2214 = ORIENTED_EDGE ( 'NONE', *, *, #1325, .F. ) ;
#2215 = ORIENTED_EDGE ( 'NONE', *, *, #1324, .F. ) ;
#2216 = ORIENTED_EDGE ( 'NONE', *, *, #1323, .F. ) ;
#2217 = ORIENTED_EDGE ( 'NONE', *, *, #1321, .F. ) ;
#2218 = ORIENTED_EDGE ( 'NONE', *, *, #1332, .F. ) ;
#2219 = ORIENTED_EDGE ( 'NONE', *, *, #1334, .F. ) ;
#2220 = ORIENTED_EDGE ( 'NONE', *, *, #1322, .F. ) ;
#2221 = ORIENTED_EDGE ( 'NONE', *, *, #1277, .T. ) ;
#2222 = ORIENTED_EDGE ( 'NONE', *, *, #1315, .F. ) ;
#2223 = ORIENTED_EDGE ( 'NONE', *, *, #1314, .F. ) ;
#2224 = ORIENTED_EDGE ( 'NONE', *, *, #1338, .F. ) ;
#2225 = ORIENTED_EDGE ( 'NONE', *, *, #1316, .F. ) ;
#2226 = ORIENTED_EDGE ( 'NONE', *, *, #1337, .F. ) ;
#2227 = ORIENTED_EDGE ( 'NONE', *, *, #1336, .F. ) ;
#2228 = ORIENTED_EDGE ( 'NONE', *, *, #1333, .F. ) ;
#2229 = ORIENTED_EDGE ( 'NONE', *, *, #1276, .T. ) ;
#2230 = ORIENTED_EDGE ( 'NONE', *, *, #1274, .F. ) ;
#2231 = ORIENTED_EDGE ( 'NONE', *, *, #1630, .F. ) ;
#2232 = ORIENTED_EDGE ( 'NONE', *, *, #1634, .F. ) ;
#2233 = ORIENTED_EDGE ( 'NONE', *, *, #1335, .T. ) ;
#2234 = ORIENTED_EDGE ( 'NONE', *, *, #1576, .F. ) ;
#2235 = ORIENTED_EDGE ( 'NONE', *, *, #1576, .T. ) ;
#2236 = ORIENTED_EDGE ( 'NONE', *, *, #1630, .T. ) ;
#2237 = ORIENTED_EDGE ( 'NONE', *, *, #1634, .T. ) ;
#2238 = ORIENTED_EDGE ( 'NONE', *, *, #1642, .F. ) ;
#2239 = ORIENTED_EDGE ( 'NONE', *, *, #1603, .F. ) ;
#2240 = ORIENTED_EDGE ( 'NONE', *, *, #1614, .F. ) ;
#2241 = ORIENTED_EDGE ( 'NONE', *, *, #1585, .F. ) ;
#2242 = ORIENTED_EDGE ( 'NONE', *, *, #1593, .F. ) ;
#2243 = ORIENTED_EDGE ( 'NONE', *, *, #1595, .F. ) ;
#2244 = ORIENTED_EDGE ( 'NONE', *, *, #1626, .F. ) ;
#2245 = ORIENTED_EDGE ( 'NONE', *, *, #1564, .F. ) ;
#2246 = ORIENTED_EDGE ( 'NONE', *, *, #1633, .T. ) ;
#2247 = ORIENTED_EDGE ( 'NONE', *, *, #1582, .F. ) ;
#2248 = ORIENTED_EDGE ( 'NONE', *, *, #1558, .F. ) ;
#2249 = ORIENTED_EDGE ( 'NONE', *, *, #1613, .F. ) ;
#2250 = ORIENTED_EDGE ( 'NONE', *, *, #1568, .F. ) ;
#2251 = ORIENTED_EDGE ( 'NONE', *, *, #1612, .F. ) ;
#2252 = ORIENTED_EDGE ( 'NONE', *, *, #1643, .F. ) ;
#2253 = ORIENTED_EDGE ( 'NONE', *, *, #1598, .F. ) ;
#2254 = ORIENTED_EDGE ( 'NONE', *, *, #1300, .F. ) ;
#2255 = ORIENTED_EDGE ( 'NONE', *, *, #1301, .F. ) ;
#2256 = ORIENTED_EDGE ( 'NONE', *, *, #1302, .F. ) ;
#2257 = ORIENTED_EDGE ( 'NONE', *, *, #1303, .F. ) ;
#2258 = ORIENTED_EDGE ( 'NONE', *, *, #1304, .F. ) ;
#2259 = ORIENTED_EDGE ( 'NONE', *, *, #1307, .T. ) ;
#2260 = ORIENTED_EDGE ( 'NONE', *, *, #1305, .F. ) ;
#2261 = ORIENTED_EDGE ( 'NONE', *, *, #1306, .F. ) ;
#2262 = ORIENTED_EDGE ( 'NONE', *, *, #1580, .F. ) ;
#2263 = ORIENTED_EDGE ( 'NONE', *, *, #1568, .T. ) ;
#2264 = ORIENTED_EDGE ( 'NONE', *, *, #1598, .T. ) ;
#2265 = ORIENTED_EDGE ( 'NONE', *, *, #1613, .T. ) ;
#2266 = ORIENTED_EDGE ( 'NONE', *, *, #1558, .T. ) ;
#2267 = ORIENTED_EDGE ( 'NONE', *, *, #1582, .T. ) ;
#2268 = ORIENTED_EDGE ( 'NONE', *, *, #1633, .F. ) ;
#2269 = ORIENTED_EDGE ( 'NONE', *, *, #1564, .T. ) ;
#2270 = ORIENTED_EDGE ( 'NONE', *, *, #1626, .T. ) ;
#2271 = ORIENTED_EDGE ( 'NONE', *, *, #1595, .T. ) ;
#2272 = ORIENTED_EDGE ( 'NONE', *, *, #1593, .T. ) ;
#2273 = ORIENTED_EDGE ( 'NONE', *, *, #1585, .T. ) ;
#2274 = ORIENTED_EDGE ( 'NONE', *, *, #1614, .T. ) ;
#2275 = ORIENTED_EDGE ( 'NONE', *, *, #1603, .T. ) ;
#2276 = ORIENTED_EDGE ( 'NONE', *, *, #1643, .T. ) ;
#2277 = ORIENTED_EDGE ( 'NONE', *, *, #1642, .T. ) ;
#2278 = ORIENTED_EDGE ( 'NONE', *, *, #1612, .T. ) ;
#2279 = ORIENTED_EDGE ( 'NONE', *, *, #1279, .T. ) ;
#2280 = ORIENTED_EDGE ( 'NONE', *, *, #1278, .T. ) ;
#2281 = ORIENTED_EDGE ( 'NONE', *, *, #1309, .T. ) ;
#2282 = ORIENTED_EDGE ( 'NONE', *, *, #1620, .T. ) ;
#2283 = ORIENTED_EDGE ( 'NONE', *, *, #1320, .F. ) ;
#2284 = ORIENTED_EDGE ( 'NONE', *, *, #1601, .T. ) ;
#2285 = ORIENTED_EDGE ( 'NONE', *, *, #1317, .T. ) ;
#2286 = ORIENTED_EDGE ( 'NONE', *, *, #1562, .F. ) ;
#2287 = ORIENTED_EDGE ( 'NONE', *, *, #1299, .T. ) ;
#2288 = ORIENTED_EDGE ( 'NONE', *, *, #1557, .T. ) ;
#2289 = ORIENTED_EDGE ( 'NONE', *, *, #1599, .T. ) ;
#2290 = ORIENTED_EDGE ( 'NONE', *, *, #1570, .T. ) ;
#2291 = ORIENTED_EDGE ( 'NONE', *, *, #1619, .T. ) ;
#2292 = ORIENTED_EDGE ( 'NONE', *, *, #1644, .T. ) ;
#2293 = ORIENTED_EDGE ( 'NONE', *, *, #1604, .T. ) ;
#2294 = ORIENTED_EDGE ( 'NONE', *, *, #1554, .T. ) ;
#2295 = ORIENTED_EDGE ( 'NONE', *, *, #1655, .T. ) ;
#2296 = ORIENTED_EDGE ( 'NONE', *, *, #1637, .F. ) ;
#2297 = ORIENTED_EDGE ( 'NONE', *, *, #1638, .T. ) ;
#2298 = ORIENTED_EDGE ( 'NONE', *, *, #1632, .T. ) ;
#2299 = ORIENTED_EDGE ( 'NONE', *, *, #1577, .T. ) ;
#2300 = ORIENTED_EDGE ( 'NONE', *, *, #1308, .T. ) ;
#2301 = ORIENTED_EDGE ( 'NONE', *, *, #1645, .T. ) ;
#2302 = ORIENTED_EDGE ( 'NONE', *, *, #1556, .T. ) ;
#2303 = ORIENTED_EDGE ( 'NONE', *, *, #1283, .T. ) ;
#2304 = ORIENTED_EDGE ( 'NONE', *, *, #1298, .F. ) ;
#2305 = ORIENTED_EDGE ( 'NONE', *, *, #1620, .F. ) ;
#2306 = ORIENTED_EDGE ( 'NONE', *, *, #1601, .F. ) ;
#2307 = EDGE_LOOP ( 'NONE', ( #2369, #2337, #2336, #2334 ) ) ;
#2308 = EDGE_LOOP ( 'NONE', ( #2450, #2449, #2448, #2404, #2407, #2409, #2408, #2410, #2411, #2412, #2413, #2414, #2415, #2416 ) ) ;
#2309 = EDGE_LOOP ( 'NONE', ( #2435, #2437, #2436, #2438, #2439, #2440, #2441, #2442, #2443, #2444, #2445, #2446, #2447 ) ) ;
#2310 = EDGE_LOOP ( 'NONE', ( #2361, #2363, #2362, #2364, #2365, #2429, #2430, #2431, #2432, #2433, #2434 ) ) ;
#2311 = EDGE_LOOP ( 'NONE', ( #2335, #2339, #2338, #2340, #2341, #2342, #2343, #2344, #2345, #2346, #2347, #2348, #2349, #2350 ) ) ;
#2312 = EDGE_LOOP ( 'NONE', ( #2351, #2353, #2352, #2354, #2355, #2356, #2357, #2358, #2359, #2360 ) ) ;
#2313 = EDGE_LOOP ( 'NONE', ( #2368, #2371, #2366, #2367, #2370 ) ) ;
#2314 = EDGE_LOOP ( 'NONE', ( #2419, #2421, #2420, #2424, #2425, #2426 ) ) ;
#2315 = EDGE_LOOP ( 'NONE', ( #2388, #2382, #2387, #2383, #2381, #2384 ) ) ;
#2316 = EDGE_LOOP ( 'NONE', ( #2393, #2394, #2395, #2390, #2398, #2399 ) ) ;
#2317 = EDGE_LOOP ( 'NONE', ( #2401, #2402, #2403, #2400, #2451, #2452 ) ) ;
#2318 = EDGE_LOOP ( 'NONE', ( #2453, #2372, #2454, #2455, #2389, #2306, #2305 ) ) ;
#2319 = EDGE_LOOP ( 'NONE', ( #2304, #2302, #2303, #2300, #2301, #2299, #2298, #2297, #2296, #2295, #2294, #2293, #2292, #2291, #2290, #2289, #2288, #2287, #2286 ) ) ;
#2320 = EDGE_LOOP ( 'NONE', ( #2283, #2285, #2282, #2284, #2281, #2280, #2279 ) ) ;
#2321 = EDGE_LOOP ( 'NONE', ( #2278, #2276, #2277, #2275, #2274, #2273, #2272, #2271, #2270, #2269, #2268, #2267, #2266, #2265, #2264, #2263 ) ) ;
#2322 = EDGE_LOOP ( 'NONE', ( #2262, #2260, #2259, #2261, #2258, #2257, #2256, #2255, #2254 ) ) ;
#2323 = EDGE_LOOP ( 'NONE', ( #2252, #2251, #2250, #2253, #2249, #2248, #2247, #2246, #2245, #2244, #2243, #2242, #2241, #2240, #2239, #2238 ) ) ;
#2324 = EDGE_LOOP ( 'NONE', ( #2237, #2235, #2236 ) ) ;
#2325 = EDGE_LOOP ( 'NONE', ( #2234, #2232, #2231 ) ) ;
#2326 = EDGE_LOOP ( 'NONE', ( #2230, #2229, #2228, #2233, #2227, #2226, #2225, #2224, #2223, #2222, #2221 ) ) ;
#2327 = EDGE_LOOP ( 'NONE', ( #2219, #2218, #2217, #2220, #2216, #2215, #2214, #2213, #2212, #2211, #2210, #2209, #2208 ) ) ;
#2328 = EDGE_LOOP ( 'NONE', ( #2206, #2205, #2204, #2207, #2203, #2202, #2201, #2200, #2199, #2198 ) ) ;
#2329 = EDGE_LOOP ( 'NONE', ( #2196, #2195, #2194, #2197, #2375 ) ) ;
#2330 = EDGE_LOOP ( 'NONE', ( #2377, #2378 ) ) ;
#2331 = EDGE_LOOP ( 'NONE', ( #2379, #2380, #2376, #2423 ) ) ;
#2332 = EDGE_LOOP ( 'NONE', ( #2422, #2386 ) ) ;
#2333 = CLOSED_SHELL ( 'NONE', ( #1648, #1646, #1650, #1649, #1647, #1624, #1623, #1625, #1581, #1559, #1572, #1639, #1561, #1563, #1566, #1281, #1280, #1282 ) ) ;
#2334 = ORIENTED_EDGE ( 'NONE', *, *, #1587, .F. ) ;
#2335 = ORIENTED_EDGE ( 'NONE', *, *, #1645, .F. ) ;
#2336 = ORIENTED_EDGE ( 'NONE', *, *, #1651, .T. ) ;
#2337 = ORIENTED_EDGE ( 'NONE', *, *, #1287, .T. ) ;
#2338 = ORIENTED_EDGE ( 'NONE', *, *, #1557, .F. ) ;
#2339 = ORIENTED_EDGE ( 'NONE', *, *, #1580, .T. ) ;
#2340 = ORIENTED_EDGE ( 'NONE', *, *, #1599, .F. ) ;
#2341 = ORIENTED_EDGE ( 'NONE', *, *, #1570, .F. ) ;
#2342 = ORIENTED_EDGE ( 'NONE', *, *, #1619, .F. ) ;
#2343 = ORIENTED_EDGE ( 'NONE', *, *, #1644, .F. ) ;
#2344 = ORIENTED_EDGE ( 'NONE', *, *, #1604, .F. ) ;
#2345 = ORIENTED_EDGE ( 'NONE', *, *, #1554, .F. ) ;
#2346 = ORIENTED_EDGE ( 'NONE', *, *, #1655, .F. ) ;
#2347 = ORIENTED_EDGE ( 'NONE', *, *, #1637, .T. ) ;
#2348 = ORIENTED_EDGE ( 'NONE', *, *, #1638, .F. ) ;
#2349 = ORIENTED_EDGE ( 'NONE', *, *, #1632, .F. ) ;
#2350 = ORIENTED_EDGE ( 'NONE', *, *, #1577, .F. ) ;
#2351 = ORIENTED_EDGE ( 'NONE', *, *, #1574, .F. ) ;
#2352 = ORIENTED_EDGE ( 'NONE', *, *, #1597, .T. ) ;
#2353 = ORIENTED_EDGE ( 'NONE', *, *, #1636, .T. ) ;
#2354 = ORIENTED_EDGE ( 'NONE', *, *, #1555, .T. ) ;
#2355 = ORIENTED_EDGE ( 'NONE', *, *, #1591, .T. ) ;
#2356 = ORIENTED_EDGE ( 'NONE', *, *, #1560, .T. ) ;
#2357 = ORIENTED_EDGE ( 'NONE', *, *, #1553, .T. ) ;
#2358 = ORIENTED_EDGE ( 'NONE', *, *, #1565, .T. ) ;
#2359 = ORIENTED_EDGE ( 'NONE', *, *, #1273, .T. ) ;
#2360 = ORIENTED_EDGE ( 'NONE', *, *, #1275, .T. ) ;
#2361 = ORIENTED_EDGE ( 'NONE', *, *, #1276, .F. ) ;
#2362 = ORIENTED_EDGE ( 'NONE', *, *, #1277, .F. ) ;
#2363 = ORIENTED_EDGE ( 'NONE', *, *, #1274, .T. ) ;
#2364 = ORIENTED_EDGE ( 'NONE', *, *, #1315, .T. ) ;
#2365 = ORIENTED_EDGE ( 'NONE', *, *, #1314, .T. ) ;
#2366 = ORIENTED_EDGE ( 'NONE', *, *, #1286, .T. ) ;
#2367 = ORIENTED_EDGE ( 'NONE', *, *, #1285, .F. ) ;
#2368 = ORIENTED_EDGE ( 'NONE', *, *, #1283, .F. ) ;
#2369 = ORIENTED_EDGE ( 'NONE', *, *, #1602, .F. ) ;
#2370 = ORIENTED_EDGE ( 'NONE', *, *, #1284, .F. ) ;
#2371 = ORIENTED_EDGE ( 'NONE', *, *, #1288, .T. ) ;
#2372 = ORIENTED_EDGE ( 'NONE', *, *, #1320, .T. ) ;
#2373 = VERTEX_POINT ( 'NONE', #2073 ) ;
#2374 = VERTEX_POINT ( 'NONE', #2074 ) ;
#2375 = ORIENTED_EDGE ( 'NONE', *, *, #1578, .T. ) ;
#2376 = ORIENTED_EDGE ( 'NONE', *, *, #1587, .T. ) ;
#2377 = ORIENTED_EDGE ( 'NONE', *, *, #1578, .F. ) ;
#2378 = ORIENTED_EDGE ( 'NONE', *, *, #1286, .F. ) ;
#2379 = ORIENTED_EDGE ( 'NONE', *, *, #1287, .F. ) ;
#2380 = ORIENTED_EDGE ( 'NONE', *, *, #1596, .F. ) ;
#2381 = ORIENTED_EDGE ( 'NONE', *, *, #1290, .T. ) ;
#2382 = ORIENTED_EDGE ( 'NONE', *, *, #1291, .T. ) ;
#2383 = ORIENTED_EDGE ( 'NONE', *, *, #1296, .T. ) ;
#2384 = ORIENTED_EDGE ( 'NONE', *, *, #1295, .T. ) ;
#2385 = VERTEX_POINT ( 'NONE', #2075 ) ;
#2386 = ORIENTED_EDGE ( 'NONE', *, *, #1602, .T. ) ;
#2387 = ORIENTED_EDGE ( 'NONE', *, *, #1293, .T. ) ;
#2388 = ORIENTED_EDGE ( 'NONE', *, *, #1292, .F. ) ;
#2389 = ORIENTED_EDGE ( 'NONE', *, *, #1309, .F. ) ;
#2390 = ORIENTED_EDGE ( 'NONE', *, *, #1289, .F. ) ;
#2391 = VERTEX_POINT ( 'NONE', #2076 ) ;
#2392 = VERTEX_POINT ( 'NONE', #2077 ) ;
#2393 = ORIENTED_EDGE ( 'NONE', *, *, #1313, .F. ) ;
#2394 = ORIENTED_EDGE ( 'NONE', *, *, #1311, .T. ) ;
#2395 = ORIENTED_EDGE ( 'NONE', *, *, #1294, .F. ) ;
#2396 = VERTEX_POINT ( 'NONE', #2078 ) ;
#2397 = VERTEX_POINT ( 'NONE', #2079 ) ;
#2398 = ORIENTED_EDGE ( 'NONE', *, *, #1310, .F. ) ;
#2399 = ORIENTED_EDGE ( 'NONE', *, *, #1312, .F. ) ;
#2400 = ORIENTED_EDGE ( 'NONE', *, *, #1290, .F. ) ;
#2401 = ORIENTED_EDGE ( 'NONE', *, *, #1291, .F. ) ;
#2402 = ORIENTED_EDGE ( 'NONE', *, *, #1292, .T. ) ;
#2403 = ORIENTED_EDGE ( 'NONE', *, *, #1295, .F. ) ;
#2404 = ORIENTED_EDGE ( 'NONE', *, *, #1651, .F. ) ;
#2405 = VERTEX_POINT ( 'NONE', #2080 ) ;
#2406 = VERTEX_POINT ( 'NONE', #2081 ) ;
#2407 = ORIENTED_EDGE ( 'NONE', *, *, #1299, .F. ) ;
#2408 = ORIENTED_EDGE ( 'NONE', *, *, #1301, .T. ) ;
#2409 = ORIENTED_EDGE ( 'NONE', *, *, #1300, .T. ) ;
#2410 = ORIENTED_EDGE ( 'NONE', *, *, #1302, .T. ) ;
#2411 = ORIENTED_EDGE ( 'NONE', *, *, #1303, .T. ) ;
#2412 = ORIENTED_EDGE ( 'NONE', *, *, #1304, .T. ) ;
#2413 = ORIENTED_EDGE ( 'NONE', *, *, #1306, .T. ) ;
#2414 = ORIENTED_EDGE ( 'NONE', *, *, #1307, .F. ) ;
#2415 = ORIENTED_EDGE ( 'NONE', *, *, #1305, .T. ) ;
#2416 = ORIENTED_EDGE ( 'NONE', *, *, #1308, .F. ) ;
#2417 = VERTEX_POINT ( 'NONE', #2082 ) ;
#2418 = VERTEX_POINT ( 'NONE', #2083 ) ;
#2419 = ORIENTED_EDGE ( 'NONE', *, *, #1311, .F. ) ;
#2420 = ORIENTED_EDGE ( 'NONE', *, *, #1312, .T. ) ;
#2421 = ORIENTED_EDGE ( 'NONE', *, *, #1313, .T. ) ;
#2422 = ORIENTED_EDGE ( 'NONE', *, *, #1596, .T. ) ;
#2423 = ORIENTED_EDGE ( 'NONE', *, *, #1562, .T. ) ;
#2424 = ORIENTED_EDGE ( 'NONE', *, *, #1310, .T. ) ;
#2425 = ORIENTED_EDGE ( 'NONE', *, *, #1289, .T. ) ;
#2426 = ORIENTED_EDGE ( 'NONE', *, *, #1294, .T. ) ;
#2427 = VERTEX_POINT ( 'NONE', #2084 ) ;
#2428 = VERTEX_POINT ( 'NONE', #2085 ) ;
#2429 = ORIENTED_EDGE ( 'NONE', *, *, #1338, .T. ) ;
#2430 = ORIENTED_EDGE ( 'NONE', *, *, #1316, .T. ) ;
#2431 = ORIENTED_EDGE ( 'NONE', *, *, #1337, .T. ) ;
#2432 = ORIENTED_EDGE ( 'NONE', *, *, #1336, .T. ) ;
#2433 = ORIENTED_EDGE ( 'NONE', *, *, #1335, .F. ) ;
#2434 = ORIENTED_EDGE ( 'NONE', *, *, #1333, .T. ) ;
#2435 = ORIENTED_EDGE ( 'NONE', *, *, #1332, .T. ) ;
#2436 = ORIENTED_EDGE ( 'NONE', *, *, #1331, .T. ) ;
#2437 = ORIENTED_EDGE ( 'NONE', *, *, #1334, .T. ) ;
#2438 = ORIENTED_EDGE ( 'NONE', *, *, #1330, .F. ) ;
#2439 = ORIENTED_EDGE ( 'NONE', *, *, #1329, .T. ) ;
#2440 = ORIENTED_EDGE ( 'NONE', *, *, #1328, .T. ) ;
#2441 = ORIENTED_EDGE ( 'NONE', *, *, #1327, .T. ) ;
#2442 = ORIENTED_EDGE ( 'NONE', *, *, #1326, .T. ) ;
#2443 = ORIENTED_EDGE ( 'NONE', *, *, #1325, .T. ) ;
#2444 = ORIENTED_EDGE ( 'NONE', *, *, #1324, .T. ) ;
#2445 = ORIENTED_EDGE ( 'NONE', *, *, #1323, .T. ) ;
#2446 = ORIENTED_EDGE ( 'NONE', *, *, #1322, .T. ) ;
#2447 = ORIENTED_EDGE ( 'NONE', *, *, #1321, .T. ) ;
#2448 = ORIENTED_EDGE ( 'NONE', *, *, #1298, .T. ) ;
#2449 = ORIENTED_EDGE ( 'NONE', *, *, #1297, .T. ) ;
#2450 = ORIENTED_EDGE ( 'NONE', *, *, #1284, .T. ) ;
#2451 = ORIENTED_EDGE ( 'NONE', *, *, #1296, .F. ) ;
#2452 = ORIENTED_EDGE ( 'NONE', *, *, #1293, .F. ) ;
#2453 = ORIENTED_EDGE ( 'NONE', *, *, #1317, .F. ) ;
#2454 = ORIENTED_EDGE ( 'NONE', *, *, #1279, .F. ) ;
#2455 = ORIENTED_EDGE ( 'NONE', *, *, #1278, .F. ) ;
#2456 = PRODUCT_DEFINITION_CONTEXT ( 'detailed design', #2192, 'design' ) ;
#2457 = PRODUCT_DEFINITION_SHAPE ( 'NONE', 'NONE',  #2488 ) ;
#2458 = STYLED_ITEM ( 'NONE', ( #2915 ), #1639 ) ;
#2459 = PRESENTATION_LAYER_ASSIGNMENT (  '', '', ( #2458 ) ) ;
#2460 = MECHANICAL_DESIGN_GEOMETRIC_PRESENTATION_REPRESENTATION (  '', ( #2458 ), #1628 ) ;
#2461 = STYLED_ITEM ( 'NONE', ( #2920 ), #1646 ) ;
#2462 = CONICAL_SURFACE ( 'NONE', #2464, 25.25857864376268900, 0.7853981633974466100 ) ;
#2463 = AXIS2_PLACEMENT_3D ( 'NONE', #1832, #1833, #1834 ) ;
#2464 = AXIS2_PLACEMENT_3D ( 'NONE', #1890, #1891, #1892 ) ;
#2465 = PRESENTATION_LAYER_ASSIGNMENT (  '', '', ( #2461 ) ) ;
#2466 = MECHANICAL_DESIGN_GEOMETRIC_PRESENTATION_REPRESENTATION (  '', ( #2461 ), #1618 ) ;
#2467 = AXIS2_PLACEMENT_3D ( 'NONE', #2053, #2054, #2055 ) ;
#2468 = STYLED_ITEM ( 'NONE', ( #2932 ), #1649 ) ;
#2469 = CIRCLE ( 'NONE', #2483, 25.39999999999999900 ) ;
#2470 = AXIS2_PLACEMENT_3D ( 'NONE', #1900, #1901, #1902 ) ;
#2471 = STYLED_ITEM ( 'NONE', ( #2922 ), #1647 ) ;
#2472 = PRESENTATION_LAYER_ASSIGNMENT (  '', '', ( #2471 ) ) ;
#2473 = MECHANICAL_DESIGN_GEOMETRIC_PRESENTATION_REPRESENTATION (  '', ( #2471 ), #1621 ) ;
#2474 = STYLED_ITEM ( 'NONE', ( #2926 ), #1648 ) ;
#2475 = PRESENTATION_LAYER_ASSIGNMENT (  '', '', ( #2474 ) ) ;
#2476 = MECHANICAL_DESIGN_GEOMETRIC_PRESENTATION_REPRESENTATION (  '', ( #2474 ), #1616 ) ;
#2477 = PRESENTATION_LAYER_ASSIGNMENT (  '', '', ( #2468 ) ) ;
#2478 = MECHANICAL_DESIGN_GEOMETRIC_PRESENTATION_REPRESENTATION (  '', ( #2468 ), #1652 ) ;
#2479 = AXIS2_PLACEMENT_3D ( 'NONE', #2063, #2064, #2065 ) ;
#2480 = STYLED_ITEM ( 'NONE', ( #2936 ), #1650 ) ;
#2481 = PRESENTATION_LAYER_ASSIGNMENT (  '', '', ( #2480 ) ) ;
#2482 = MECHANICAL_DESIGN_GEOMETRIC_PRESENTATION_REPRESENTATION (  '', ( #2480 ), #1653 ) ;
#2483 = AXIS2_PLACEMENT_3D ( 'NONE', #2066, #2067, #2068 ) ;
#2484 = STYLED_ITEM ( 'NONE', ( #2939 ), #1549 ) ;
#2485 = PRESENTATION_LAYER_ASSIGNMENT (  '', '', ( #2484 ) ) ;
#2486 = MECHANICAL_DESIGN_GEOMETRIC_PRESENTATION_REPRESENTATION (  '', ( #2484 ), #1608 ) ;
#2487 = AXIS2_PLACEMENT_3D ( 'NONE', #2186, #2187, #2188 ) ;
#2488 = PRODUCT_DEFINITION ( 'UNKNOWN', '', #2489, #2456 ) ;
#2489 = PRODUCT_DEFINITION_FORMATION_WITH_SPECIFIED_SOURCE ( 'ANY', '', #1520, .NOT_KNOWN. ) ;
#2490 = PRODUCT_RELATED_PRODUCT_CATEGORY ( 'part', '', ( #1520 ) ) ;
#2491 = CARTESIAN_POINT ( 'NONE',  ( 0.9484249643648388100, -5.901382496471661900, 24.70493905378957000 ) ) ;
#2492 = CARTESIAN_POINT ( 'NONE',  ( 0.9827637499459716000, -5.927841830179396300, 24.69859861392252400 ) ) ;
#2493 = CARTESIAN_POINT ( 'NONE',  ( 0.9964442146151314400, -5.939322613021532900, 24.69584086758936400 ) ) ;
#2494 = CARTESIAN_POINT ( 'NONE',  ( 1.017943461854954800, -5.959646433181942100, 24.69094416279596200 ) ) ;
#2495 = CARTESIAN_POINT ( 'NONE',  ( 1.027483925711628600, -5.969816091081409800, 24.68848730676070200 ) ) ;
#2496 = CARTESIAN_POINT ( 'NONE',  ( 1.044146533898500500, -5.990170870408121600, 24.68355652252592900 ) ) ;
#2497 = CARTESIAN_POINT ( 'NONE',  ( 1.053797238577753900, -6.003176913487357600, 24.68039762514539600 ) ) ;
#2498 = CARTESIAN_POINT ( 'NONE',  ( 1.069932981255216500, -6.027754657281087200, 24.67440645246681900 ) ) ;
#2499 = CARTESIAN_POINT ( 'NONE',  ( 1.077385430562205700, -6.040508132469431900, 24.67128790165205700 ) ) ;
#2500 = CARTESIAN_POINT ( 'NONE',  ( 1.091059485112700700, -6.066943196597048200, 24.66480053586279200 ) ) ;
#2501 = CARTESIAN_POINT ( 'NONE',  ( 1.096023436230963100, -6.077933596946417400, 24.66209475402719400 ) ) ;
#2502 = CARTESIAN_POINT ( 'NONE',  ( 1.107146102254714400, -6.105009854245403200, 24.65540608355644300 ) ) ;
#2503 = CARTESIAN_POINT ( 'NONE',  ( 1.112481331143336600, -6.119503725397467300, 24.65181388034023200 ) ) ;
#2504 = CARTESIAN_POINT ( 'NONE',  ( 1.118867737100047900, -6.138814142732621300, 24.64700746055677900 ) ) ;
#2505 = CARTESIAN_POINT ( 'NONE',  ( 1.119269119295893200, -6.140125744257022500, 24.64668058849569100 ) ) ;
#2506 = CARTESIAN_POINT ( 'NONE',  ( 1.120975927022550600, -6.145678323773912800, 24.64529663297468800 ) ) ;
#2507 = CARTESIAN_POINT ( 'NONE',  ( 1.123564282952004100, -6.154386055452387300, 24.64312477208356700 ) ) ;
#2508 = CARTESIAN_POINT ( 'NONE',  ( 1.129800790497011500, -6.177355427088183000, 24.63738279287300900 ) ) ;
#2509 = CARTESIAN_POINT ( 'NONE',  ( 1.135484100466355000, -6.201585995579183200, 24.63129477579038000 ) ) ;
#2510 = CARTESIAN_POINT ( 'NONE',  ( 1.139423076923084000, -6.219755588067309700, 24.62670583786441700 ) ) ;
#2511 = CARTESIAN_POINT ( 'NONE',  ( 3.998765834521328200, -25.25857864376269300, 3.686287386450715100E-015 ) ) ;
#2512 = CARTESIAN_POINT ( 'NONE',  ( 3.952455276490716200, -25.30653463045193900, -3.035766082959412400E-015 ) ) ;
#2513 = CARTESIAN_POINT ( 'NONE',  ( 3.906144718460138300, -25.35449061714116000, -3.035766082959412400E-015 ) ) ;
#2514 = CARTESIAN_POINT ( 'NONE',  ( 3.859834160429526800, -25.40122330191520900, -3.850835193855414300E-015 ) ) ;
#2515 = DIRECTION ( 'NONE',  ( 0.7071067811865487900, 8.659560562354919300E-017, 0.7071067811865463500 ) ) ;
#2516 = CARTESIAN_POINT ( 'NONE',  ( -4.000000000000000000, 2.634041199029311300E-015, 25.25857864376268900 ) ) ;
#2517 = CARTESIAN_POINT ( 'NONE',  ( 3.557909281708478300, 25.25857864376270000, 6.938893903907228400E-015 ) ) ;
#2518 = CARTESIAN_POINT ( 'NONE',  ( 3.557909281708478300, 25.25857864376268900, 3.306338802964943600 ) ) ;
#2519 = CARTESIAN_POINT ( 'NONE',  ( 3.563646437484657700, 24.60116570789106700, 6.611376839730501100 ) ) ;
#2520 = CARTESIAN_POINT ( 'NONE',  ( 3.585730320110977600, 22.07060340791930400, 12.72069466472342100 ) ) ;
#2521 = CARTESIAN_POINT ( 'NONE',  ( 3.602068360715254600, 20.19844938943380100, 15.52257128696799000 ) ) ;
#2522 = CARTESIAN_POINT ( 'NONE',  ( 3.642874064259872500, 15.52257890264512400, 20.19844177375666700 ) ) ;
#2523 = CARTESIAN_POINT ( 'NONE',  ( 3.667325676828419000, 12.72070162503578000, 22.07059640329808300 ) ) ;
#2524 = CARTESIAN_POINT ( 'NONE',  ( 3.720640909890253800, 6.611381036961140500, 24.60115984775711000 ) ) ;
#2525 = CARTESIAN_POINT ( 'NONE',  ( 3.749483559199514800, 3.306340786465909300, 25.25857325866573400 ) ) ;
#2526 = CARTESIAN_POINT ( 'NONE',  ( 3.807191557030291700, -3.306340786465920000, 25.25857325866573400 ) ) ;
#2527 = CARTESIAN_POINT ( 'NONE',  ( 3.836034206339552700, -6.611381036958269100, 24.60115984775133700 ) ) ;
#2528 = CARTESIAN_POINT ( 'NONE',  ( 3.889349439401387000, -12.72070162503867500, 22.07059640330384900 ) ) ;
#2529 = CARTESIAN_POINT ( 'NONE',  ( 3.913801051968491600, -15.52257890265667100, 20.19844177374511700 ) ) ;
#2530 = CARTESIAN_POINT ( 'NONE',  ( 3.954606755515992900, -20.19844938942227600, 15.52257128697951100 ) ) ;
#2531 = CARTESIAN_POINT ( 'NONE',  ( 3.970944796119549200, -22.07060340791931100, 12.72069466474359300 ) ) ;
#2532 = CARTESIAN_POINT ( 'NONE',  ( 3.993028678744426200, -24.60116570789090000, 6.611376839710717800 ) ) ;
#2533 = CARTESIAN_POINT ( 'NONE',  ( 3.998765834521325900, -25.25857864376249800, 3.306338671732636400 ) ) ;
#2534 = CARTESIAN_POINT ( 'NONE',  ( 3.998765834521328200, -25.25857864376269300, 3.686287386450715100E-015 ) ) ;
#2535 = CARTESIAN_POINT ( 'NONE',  ( 3.557909281708478300, 25.25857864376270000, 6.938893903907228400E-015 ) ) ;
#2536 = CARTESIAN_POINT ( 'NONE',  ( 3.510768829629364000, 25.30571909584180500, 0.0000000000000000000 ) ) ;
#2537 = CARTESIAN_POINT ( 'NONE',  ( 3.463628377550283900, 25.35285954792088200, 0.0000000000000000000 ) ) ;
#2538 = CARTESIAN_POINT ( 'NONE',  ( 3.416487925471169500, 25.39999999999999900, 7.776507174585692200E-016 ) ) ;
#2539 = CARTESIAN_POINT ( 'NONE',  ( 3.416487925471169500, 25.39999999999999900, 7.776507174585692200E-016 ) ) ;
#2540 = CARTESIAN_POINT ( 'NONE',  ( 3.416487788802016600, 25.40000000000000200, 1.571385367100898400 ) ) ;
#2541 = CARTESIAN_POINT ( 'NONE',  ( 3.417840244551171300, 25.25374155515849500, 3.165905266887985900 ) ) ;
#2542 = CARTESIAN_POINT ( 'NONE',  ( 3.423250340886101000, 24.64844886406286100, 6.342585221290043800 ) ) ;
#2543 = CARTESIAN_POINT ( 'NONE',  ( 3.427307981471878800, 24.18932018695795000, 7.924677940513634100 ) ) ;
#2544 = CARTESIAN_POINT ( 'NONE',  ( 3.438128447480046200, 22.95003373694885700, 11.00998106451341500 ) ) ;
#2545 = CARTESIAN_POINT ( 'NONE',  ( 3.444891272902438600, 22.16979152161792800, 12.51309452066497800 ) ) ;
#2546 = CARTESIAN_POINT ( 'NONE',  ( 3.461122108583844600, 20.29493843762940800, 15.36856090881414100 ) ) ;
#2547 = CARTESIAN_POINT ( 'NONE',  ( 3.470590118842857800, 19.20026208164161500, 16.72078741480533600 ) ) ;
#2548 = CARTESIAN_POINT ( 'NONE',  ( 3.481431855509785800, 17.95790933414418000, 17.96311509944954600 ) ) ;
#2549 = CARTESIAN_POINT ( 'NONE',  ( 3.481436288404922100, 17.95740149667414100, 17.96362256844109200 ) ) ;
#2550 = CARTESIAN_POINT ( 'NONE',  ( 3.481461873909975000, 17.95447016642252100, 17.96655240543393400 ) ) ;
#2551 = CARTESIAN_POINT ( 'NONE',  ( 3.481500270816040300, 17.95007141503020900, 17.97094784041711400 ) ) ;
#2552 = CARTESIAN_POINT ( 'NONE',  ( 3.481589994136236900, 17.93979536434054000, 17.98120860464964500 ) ) ;
#2553 = CARTESIAN_POINT ( 'NONE',  ( 3.481769962934165200, 17.91919403050546900, 18.00174907263196600 ) ) ;
#2554 = CARTESIAN_POINT ( 'NONE',  ( 3.482131989160136300, 17.87779409144618400, 18.04290530484532300 ) ) ;
#2555 = CARTESIAN_POINT ( 'NONE',  ( 3.482864396132525200, 17.79420239501082800, 18.12551523934607900 ) ) ;
#2556 = CARTESIAN_POINT ( 'NONE',  ( 3.484362628159121100, 17.62382986897095400, 18.29189494066029900 ) ) ;
#2557 = CARTESIAN_POINT ( 'NONE',  ( 3.485704115179299100, 17.47225416549690600, 18.43639026146460900 ) ) ;
#2558 = CARTESIAN_POINT ( 'NONE',  ( 3.488463473406657700, 17.16151377157440200, 18.72760131610737800 ) ) ;
#2559 = CARTESIAN_POINT ( 'NONE',  ( 3.490404891140891100, 16.94423403418677400, 18.92470806195380500 ) ) ;
#2560 = CARTESIAN_POINT ( 'NONE',  ( 3.496534681091569400, 16.26045984753926300, 19.52239776483553200 ) ) ;
#2561 = CARTESIAN_POINT ( 'NONE',  ( 3.501028590055994100, 15.76199893905543300, 19.92944410777492000 ) ) ;
#2562 = CARTESIAN_POINT ( 'NONE',  ( 3.515732463941193800, 14.12693139607501400, 21.15285373961219400 ) ) ;
#2563 = CARTESIAN_POINT ( 'NONE',  ( 3.527164575853885400, 12.84941571956132800, 21.97307682707285200 ) ) ;
#2564 = CARTESIAN_POINT ( 'NONE',  ( 3.553287858324400100, 9.875838362428604400, 23.46042212369033900 ) ) ;
#2565 = CARTESIAN_POINT ( 'NONE',  ( 3.567979028882217700, 8.178578762517995300, 24.12728379697574600 ) ) ;
#2566 = CARTESIAN_POINT ( 'NONE',  ( 3.600620428642978200, 4.373520448982180400, 25.09755551596316900 ) ) ;
#2567 = CARTESIAN_POINT ( 'NONE',  ( 3.618570657845919100, 2.264412809052725400, 25.39999999734099500 ) ) ;
#2568 = CARTESIAN_POINT ( 'NONE',  ( 3.638150391475258000, 5.944065548147603500E-008, 25.40061165933148100 ) ) ;
#2569 = CARTESIAN_POINT ( 'NONE',  ( 3.638150391475258000, 5.944065548147603500E-008, 25.40061165933148100 ) ) ;
#2570 = CARTESIAN_POINT ( 'NONE',  ( 3.638456368772002400, -0.03538357946629742300, 25.40000000004155100 ) ) ;
#2571 = CARTESIAN_POINT ( 'NONE',  ( 3.638744879046633700, -0.06813050041362818400, 25.39993166212422800 ) ) ;
#2572 = CARTESIAN_POINT ( 'NONE',  ( 3.639341622354552700, -0.1365464830801737300, 25.39965600679714400 ) ) ;
#2573 = CARTESIAN_POINT ( 'NONE',  ( 3.640235624013612000, -0.2390723976523683500, 25.39903559738869300 ) ) ;
#2574 = CARTESIAN_POINT ( 'NONE',  ( 3.642313834765017700, -0.4776073179432181500, 25.39614776664773600 ) ) ;
#2575 = CARTESIAN_POINT ( 'NONE',  ( 3.646439083788919300, -0.9518627833846593500, 25.38467755939585400 ) ) ;
#2576 = CARTESIAN_POINT ( 'NONE',  ( 3.649921572988407400, -1.353389741188920200, 25.36531160242897400 ) ) ;
#2577 = CARTESIAN_POINT ( 'NONE',  ( 3.656815300007008500, -2.149432530092898000, 25.31447660367627600 ) ) ;
#2578 = CARTESIAN_POINT ( 'NONE',  ( 3.661316116178906700, -2.670767714203518700, 25.26444959520503300 ) ) ;
#2579 = CARTESIAN_POINT ( 'NONE',  ( 3.674533559173089400, -4.204141701925447400, 25.07083657714039400 ) ) ;
#2580 = CARTESIAN_POINT ( 'NONE',  ( 3.682965180473867700, -5.185381577761471100, 24.88375174547722700 ) ) ;
#2581 = CARTESIAN_POINT ( 'NONE',  ( 3.707120022290167200, -7.992132924784970200, 24.18683409342128200 ) ) ;
#2582 = CARTESIAN_POINT ( 'NONE',  ( 3.721703220719656500, -9.678754123415160400, 23.54242150293624300 ) ) ;
#2583 = CARTESIAN_POINT ( 'NONE',  ( 3.747829558682539600, -12.66485775446091300, 22.07997440357919000 ) ) ;
#2584 = CARTESIAN_POINT ( 'NONE',  ( 3.759372698215933900, -13.96528819991966100, 21.26222818633843700 ) ) ;
#2585 = CARTESIAN_POINT ( 'NONE',  ( 3.779418918386634500, -16.21285158418615400, 19.60242498937038400 ) ) ;
#2586 = CARTESIAN_POINT ( 'NONE',  ( 3.787921999023938100, -17.16074400601091200, 18.76030885577785100 ) ) ;
#2587 = CARTESIAN_POINT ( 'NONE',  ( 3.794932327756905800, -17.96395614825884500, 17.95706821949549300 ) ) ;
#2588 = CARTESIAN_POINT ( 'NONE',  ( 3.794988169767966800, -17.97035449352602400, 17.95066590093351900 ) ) ;
#2589 = CARTESIAN_POINT ( 'NONE',  ( 3.795072633212984500, -17.98003263451492000, 17.94097191825757800 ) ) ;
#2590 = CARTESIAN_POINT ( 'NONE',  ( 3.795199266456378100, -17.99454322767911000, 17.92642581050753100 ) ) ;
#2591 = CARTESIAN_POINT ( 'NONE',  ( 3.795494310555397500, -18.02835492947277600, 17.89244900209633800 ) ) ;
#2592 = CARTESIAN_POINT ( 'NONE',  ( 3.796082664877802300, -18.09579277245912400, 17.82435219063088600 ) ) ;
#2593 = CARTESIAN_POINT ( 'NONE',  ( 3.797252438020092000, -18.22992490590367300, 17.68758872346029800 ) ) ;
#2594 = CARTESIAN_POINT ( 'NONE',  ( 0.8407253255731016500, -5.846787476822846100, 24.71791168777263400 ) ) ;
#2595 = CARTESIAN_POINT ( 'NONE',  ( 3.799564242294609900, -18.49520462793339000, 17.41180590130214200 ) ) ;
#2596 = CARTESIAN_POINT ( 'NONE',  ( 3.801498231084083500, -18.71743597007177200, 17.17163399319078800 ) ) ;
#2597 = CARTESIAN_POINT ( 'NONE',  ( 3.805302798354305500, -19.15494331512364200, 16.68645677649295700 ) ) ;
#2598 = CARTESIAN_POINT ( 'NONE',  ( 3.807754629456156200, -19.43733886315547100, 16.35656071364800500 ) ) ;
#2599 = CARTESIAN_POINT ( 'NONE',  ( 3.814856481526809300, -20.25608314689969100, 15.34926634687915500 ) ) ;
#2600 = CARTESIAN_POINT ( 'NONE',  ( 3.819252861260717900, -20.76395513648986600, 14.65426429418992500 ) ) ;
#2601 = CARTESIAN_POINT ( 'NONE',  ( 3.831427435522869500, -22.17004809856004100, 12.51263948829617700 ) ) ;
#2602 = CARTESIAN_POINT ( 'NONE',  ( 3.838191065111532700, -22.95024788296940000, 11.00952864468922100 ) ) ;
#2603 = CARTESIAN_POINT ( 'NONE',  ( 3.849012817783318100, -24.18944873951463500, 7.924277162389487600 ) ) ;
#2604 = CARTESIAN_POINT ( 'NONE',  ( 3.853070940866438800, -24.64853435165432300, 6.342233457998780500 ) ) ;
#2605 = CARTESIAN_POINT ( 'NONE',  ( 3.858481680527138900, -25.25376272670685300, 3.165697247627147900 ) ) ;
#2606 = CARTESIAN_POINT ( 'NONE',  ( 3.859834297104718400, -25.40000000000000200, 1.571272036899196800 ) ) ;
#2607 = CARTESIAN_POINT ( 'NONE',  ( 3.859834160429526800, -25.40122330191520900, -3.850835193855414300E-015 ) ) ;
#2608 = DIRECTION ( 'NONE',  ( 0.0000000000000000000, 0.0000000000000000000, -1.000000000000000000 ) ) ;
#2609 = DIRECTION ( 'NONE',  ( 1.000000000000000000, 0.0000000000000000000, 0.0000000000000000000 ) ) ;
#2610 = CARTESIAN_POINT ( 'NONE',  ( -4.000000000000000000, 4.592425496802558200E-016, -3.206875441844124300E-030 ) ) ;
#2611 = PLANE ( 'NONE',  #1387 ) ;
#2612 =( NAMED_UNIT ( * ) SI_UNIT ( $, .STERADIAN. ) SOLID_ANGLE_UNIT ( ) );
#2613 =( NAMED_UNIT ( * ) PLANE_ANGLE_UNIT ( ) SI_UNIT ( $, .RADIAN. ) );
#2614 =( LENGTH_UNIT ( ) NAMED_UNIT ( * ) SI_UNIT ( .MILLI., .METRE. ) );
#2615 = SURFACE_STYLE_USAGE ( .BOTH. , #2616 ) ;
#2616 = SURFACE_SIDE_STYLE ('',( #2851 ) ) ;
#2617 = FILL_AREA_STYLE ('',( #2618 ) ) ;
#2618 = FILL_AREA_STYLE_COLOUR ( '', #1640 ) ;
#2619 = DIRECTION ( 'NONE',  ( 0.008726535498366978400, -0.9999619230641713100, 0.0000000000000000000 ) ) ;
#2620 = DIRECTION ( 'NONE',  ( -0.9999619230641713100, -0.008726535498366978400, 0.0000000000000000000 ) ) ;
#2621 = CARTESIAN_POINT ( 'NONE',  ( 4.000000000000000000, -25.39999999999999900, -30.00000000000000000 ) ) ;
#2622 = PLANE ( 'NONE',  #1383 ) ;
#2623 =( NAMED_UNIT ( * ) SI_UNIT ( $, .STERADIAN. ) SOLID_ANGLE_UNIT ( ) );
#2624 =( NAMED_UNIT ( * ) PLANE_ANGLE_UNIT ( ) SI_UNIT ( $, .RADIAN. ) );
#2625 =( LENGTH_UNIT ( ) NAMED_UNIT ( * ) SI_UNIT ( .MILLI., .METRE. ) );
#2626 = SURFACE_STYLE_USAGE ( .BOTH. , #2627 ) ;
#2627 = SURFACE_SIDE_STYLE ('',( #2848 ) ) ;
#2628 = FILL_AREA_STYLE ('',( #2629 ) ) ;
#2629 = FILL_AREA_STYLE_COLOUR ( '', #1586 ) ;
#2630 = DIRECTION ( 'NONE',  ( 0.0000000000000000000, 0.0000000000000000000, -1.000000000000000000 ) ) ;
#2631 = DIRECTION ( 'NONE',  ( 1.000000000000000000, 0.0000000000000000000, 0.0000000000000000000 ) ) ;
#2632 = CARTESIAN_POINT ( 'NONE',  ( -4.000000000000000000, -4.592425496802558200E-016, 0.0000000000000000000 ) ) ;
#2633 =( NAMED_UNIT ( * ) SI_UNIT ( $, .STERADIAN. ) SOLID_ANGLE_UNIT ( ) );
#2634 =( NAMED_UNIT ( * ) PLANE_ANGLE_UNIT ( ) SI_UNIT ( $, .RADIAN. ) );
#2635 =( LENGTH_UNIT ( ) NAMED_UNIT ( * ) SI_UNIT ( .MILLI., .METRE. ) );
#2636 = SURFACE_STYLE_USAGE ( .BOTH. , #2637 ) ;
#2637 = SURFACE_SIDE_STYLE ('',( #2846 ) ) ;
#2638 = FILL_AREA_STYLE ('',( #2639 ) ) ;
#2639 = FILL_AREA_STYLE_COLOUR ( '', #1319 ) ;
#2640 = CARTESIAN_POINT ( 'NONE',  ( 1.500000000000006400, -6.474624522890144900, 24.56092908030128900 ) ) ;
#2641 = CARTESIAN_POINT ( 'NONE',  ( 1.499134090957068300, -6.392866321294882000, 24.58248175264789400 ) ) ;
#2642 = CARTESIAN_POINT ( 'NONE',  ( 1.496825502806197200, -6.328658408630262900, 24.59899165891860300 ) ) ;
#2643 = CARTESIAN_POINT ( 'NONE',  ( 1.492839781343717300, -6.279201191467826100, 24.61161598538906900 ) ) ;
#2644 = CARTESIAN_POINT ( 'NONE',  ( 1.492368658261151500, -6.273515557404434300, 24.61306608173725500 ) ) ;
#2645 = CARTESIAN_POINT ( 'NONE',  ( 1.491629140100605700, -6.264980563217187100, 24.61523995283148700 ) ) ;
#2646 = CARTESIAN_POINT ( 'NONE',  ( 1.490485921985480500, -6.252237968506130400, 24.61848195822711100 ) ) ;
#2647 = CARTESIAN_POINT ( 'NONE',  ( 1.487580826930049900, -6.222924703510449800, 24.62591568615475900 ) ) ;
#2648 = CARTESIAN_POINT ( 'NONE',  ( 1.480820292338640000, -6.165977408331677600, 24.64026451553571900 ) ) ;
#2649 = CARTESIAN_POINT ( 'NONE',  ( 1.473396386436485000, -6.120048862121058700, 24.65169192744226800 ) ) ;
#2650 = CARTESIAN_POINT ( 'NONE',  ( 1.466304708203210100, -6.083381759652549900, 24.66074863880541900 ) ) ;
#2651 = CARTESIAN_POINT ( 'NONE',  ( 1.464186967889585100, -6.072907418826769500, 24.66333061454569300 ) ) ;
#2652 = CARTESIAN_POINT ( 'NONE',  ( 1.460427734103499500, -6.055371920193908700, 24.66764180922358200 ) ) ;
#2653 = CARTESIAN_POINT ( 'NONE',  ( 1.454565725598567100, -6.029341012256339600, 24.67402677077101500 ) ) ;
#2654 = CARTESIAN_POINT ( 'NONE',  ( 1.439325600973088800, -5.970510209001418800, 24.68835828915430900 ) ) ;
#2655 = CARTESIAN_POINT ( 'NONE',  ( 1.423584743098739800, -5.923359983865426900, 24.69969141518383200 ) ) ;
#2656 = CARTESIAN_POINT ( 'NONE',  ( 1.388532502137165300, -5.833440645316870600, 24.72114010826813400 ) ) ;
#2657 = CARTESIAN_POINT ( 'NONE',  ( 1.360403641212282000, -5.779336363118218000, 24.73381738644972900 ) ) ;
#2658 = CARTESIAN_POINT ( 'NONE',  ( 1.319291689701387800, -5.719044018964587500, 24.74778149078547800 ) ) ;
#2659 = CARTESIAN_POINT ( 'NONE',  ( 1.308592734636443400, -5.704451322802914800, 24.75114957927677800 ) ) ;
#2660 = CARTESIAN_POINT ( 'NONE',  ( 1.288249109606002300, -5.679008518559659700, 24.75699966950937300 ) ) ;
#2661 = CARTESIAN_POINT ( 'NONE',  ( 1.256311392397022800, -5.642053119878025500, 24.76546585613758800 ) ) ;
#2662 = CARTESIAN_POINT ( 'NONE',  ( 1.220106836198088500, -5.608728119924208500, 24.77302191550048600 ) ) ;
#2663 = CARTESIAN_POINT ( 'NONE',  ( 1.181057720672517700, -5.577827968080661100, 24.77999085241500400 ) ) ;
#2664 = CARTESIAN_POINT ( 'NONE',  ( 1.169423981168881100, -5.569261188307567800, 24.78191711647857100 ) ) ;
#2665 = CARTESIAN_POINT ( 'NONE',  ( 1.143302368257449000, -5.551147851445218600, 24.78598078920818200 ) ) ;
#2666 = CARTESIAN_POINT ( 'NONE',  ( 1.102648447324362500, -5.524731531557922200, 24.79189155662906800 ) ) ;
#2667 = CARTESIAN_POINT ( 'NONE',  ( 1.057580021693464500, -5.500577978867888800, 24.79725551176745300 ) ) ;
#2668 = CARTESIAN_POINT ( 'NONE',  ( 0.9935647833431006100, -5.470387277199881400, 24.80393319727614500 ) ) ;
#2669 = CARTESIAN_POINT ( 'NONE',  ( 0.9637299000975094700, -5.458311070312882800, 24.80659108112069700 ) ) ;
#2670 = CARTESIAN_POINT ( 'NONE',  ( 0.9012799126790357300, -5.436840216620933800, 24.81130567433261900 ) ) ;
#2671 = CARTESIAN_POINT ( 'NONE',  ( 0.8698524239705663900, -5.428005668823856500, 24.81323849903408200 ) ) ;
#2672 = CARTESIAN_POINT ( 'NONE',  ( 0.8065924565551605400, -5.414141011986552100, 24.81626739566320700 ) ) ;
#2673 = CARTESIAN_POINT ( 'NONE',  ( 0.7726907849410659100, -5.408789915613468200, 24.81743341102389200 ) ) ;
#2674 = CARTESIAN_POINT ( 'NONE',  ( 0.7359147081837484900, -5.405408682735791000, 24.81816989869410500 ) ) ;
#2675 = CARTESIAN_POINT ( 'NONE',  ( 0.7343095402920347700, -5.405282526709509500, 24.81819737346157200 ) ) ;
#2676 = CARTESIAN_POINT ( 'NONE',  ( 0.7281001557291048000, -5.404797328781269200, 24.81830304223970500 ) ) ;
#2677 = CARTESIAN_POINT ( 'NONE',  ( 0.7182680929643049400, -5.404086182635381900, 24.81845790794254800 ) ) ;
#2678 = CARTESIAN_POINT ( 'NONE',  ( 0.6917007117369448100, -5.402543399038870000, 24.81879380902272600 ) ) ;
#2679 = CARTESIAN_POINT ( 'NONE',  ( 0.6627128396400751000, -5.401420832985857100, 24.81903812480672400 ) ) ;
#2680 = CARTESIAN_POINT ( 'NONE',  ( 0.6406250000000066600, -5.400761269716188200, 24.81918164862680600 ) ) ;
#2681 = CARTESIAN_POINT ( 'NONE',  ( 0.6406250000000066600, -5.400761269716188200, 24.81918164862680600 ) ) ;
#2682 = CARTESIAN_POINT ( 'NONE',  ( 0.5901280293075299400, -5.401931931205196800, 24.81892690762367700 ) ) ;
#2683 = CARTESIAN_POINT ( 'NONE',  ( 0.5491173486688063500, -5.404773387576081900, 24.81830868437864600 ) ) ;
#2684 = CARTESIAN_POINT ( 'NONE',  ( 0.5136524092607147600, -5.409849248278485200, 24.81720232911217400 ) ) ;
#2685 = CARTESIAN_POINT ( 'NONE',  ( 0.5074044240239432600, -5.410798561628102900, 24.81699537934672900 ) ) ;
#2686 = CARTESIAN_POINT ( 'NONE',  ( 0.4972543344821969700, -5.412471593028049800, 24.81663055266967200 ) ) ;
#2687 = CARTESIAN_POINT ( 'NONE',  ( 0.4820676446877242300, -5.415140870127474100, 24.81604834795146500 ) ) ;
#2688 = CARTESIAN_POINT ( 'NONE',  ( 0.4469011467943160800, -5.422487214576014100, 24.81444475688059400 ) ) ;
#2689 = CARTESIAN_POINT ( 'NONE',  ( 0.4172197685320159800, -5.430700407928053900, 24.81264869033148200 ) ) ;
#2690 = CARTESIAN_POINT ( 'NONE',  ( 0.3193070281416010600, -5.462334371274083700, 24.80571656743774200 ) ) ;
#2691 = CARTESIAN_POINT ( 'NONE',  ( 0.2473975753852182500, -5.500489992453803500, 24.79732524619501500 ) ) ;
#2692 = CARTESIAN_POINT ( 'NONE',  ( 0.1654689935618821600, -5.564217136555755300, 24.78305183492189900 ) ) ;
#2693 = CARTESIAN_POINT ( 'NONE',  ( 0.1517074567528572400, -5.576124374399714000, 24.78037611234950400 ) ) ;
#2694 = CARTESIAN_POINT ( 'NONE',  ( 0.1221276093642702100, -5.603942425590890500, 24.77410003610502500 ) ) ;
#2695 = CARTESIAN_POINT ( 'NONE',  ( 0.1075268209316784000, -5.618906204700625300, 24.77071179626726400 ) ) ;
#2696 = CARTESIAN_POINT ( 'NONE',  ( 0.07870351458989820200, -5.650940616640582400, 24.76342343009462300 ) ) ;
#2697 = CARTESIAN_POINT ( 'NONE',  ( 0.06666713117158892800, -5.665643836677922700, 24.76006370106924900 ) ) ;
#2698 = CARTESIAN_POINT ( 'NONE',  ( 0.04237534680539043600, -5.697944071482218900, 24.75265052319355900 ) ) ;
#2699 = CARTESIAN_POINT ( 'NONE',  ( 0.03094820536329173600, -5.714620553328216200, 24.74880651102390100 ) ) ;
#2700 = CARTESIAN_POINT ( 'NONE',  ( -0.001176966740002570100, -5.766226767468330300, 24.73685258921623700 ) ) ;
#2701 = CARTESIAN_POINT ( 'NONE',  ( -0.01910704235442407500, -5.800740793778110100, 24.72878764787060400 ) ) ;
#2702 = CARTESIAN_POINT ( 'NONE',  ( -0.03779296861983506100, -5.843599007404393800, 24.71866449836429100 ) ) ;
#2703 = CARTESIAN_POINT ( 'NONE',  ( -0.03879307170980931400, -5.845989886310220200, 24.71809898697245700 ) ) ;
#2704 = CARTESIAN_POINT ( 'NONE',  ( -0.04194089744425967500, -5.853597805131764500, 24.71629842869612000 ) ) ;
#2705 = CARTESIAN_POINT ( 'NONE',  ( -0.04673414466092108000, -5.865464649311994600, 24.71348712854814900 ) ) ;
#2706 = CARTESIAN_POINT ( 'NONE',  ( -0.05841894847136469600, -5.896337615630761400, 24.70614960110259900 ) ) ;
#2707 = CARTESIAN_POINT ( 'NONE',  ( -0.06929259797443329500, -5.928253847823675900, 24.69851008620753100 ) ) ;
#2708 = CARTESIAN_POINT ( 'NONE',  ( -0.07692307692306991900, -5.951950625534594900, 24.69279821630586700 ) ) ;
#2709 = DIRECTION ( 'NONE',  ( 0.0000000000000000000, 0.1992925915485132000, 0.9799400302844442100 ) ) ;
#2710 = DIRECTION ( 'NONE',  ( -1.000000000000000000, -0.0000000000000000000, -0.0000000000000000000 ) ) ;
#2711 = CARTESIAN_POINT ( 'NONE',  ( 0.7692307692307763800, -4.592425496802558200E-016, 0.0000000000000000000 ) ) ;
#2712 = DIRECTION ( 'NONE',  ( 0.0000000000000000000, 0.2141077601309208400, 0.9768100465554805400 ) ) ;
#2713 = DIRECTION ( 'NONE',  ( -1.000000000000000000, -0.0000000000000000000, -0.0000000000000000000 ) ) ;
#2714 = CARTESIAN_POINT ( 'NONE',  ( 1.500000000000006400, -4.592425496802558200E-016, 0.0000000000000000000 ) ) ;
#2715 = CARTESIAN_POINT ( 'NONE',  ( 2.370192307692314600, 7.043474932155915800, 24.40388208626019300 ) ) ;
#2716 = CARTESIAN_POINT ( 'NONE',  ( 2.316685859485515800, 7.068999082933505200, 24.39651527816258200 ) ) ;
#2717 = CARTESIAN_POINT ( 'NONE',  ( 2.276236664065499000, 7.089179173303818100, 24.39064939283456800 ) ) ;
#2718 = CARTESIAN_POINT ( 'NONE',  ( 2.245420728603111800, 7.105882586751960200, 24.38578348956821500 ) ) ;
#2719 = CARTESIAN_POINT ( 'NONE',  ( 2.239392974958029500, 7.109179368731252800, 24.38482266150441200 ) ) ;
#2720 = CARTESIAN_POINT ( 'NONE',  ( 2.229890741675890600, 7.114447957576591500, 24.38328603344405100 ) ) ;
#2721 = CARTESIAN_POINT ( 'NONE',  ( 2.215586904944780100, 7.122466701755525900, 24.38094590964470500 ) ) ;
#2722 = CARTESIAN_POINT ( 'NONE',  ( 2.181857878250213800, 7.141987893930786600, 24.37523854720056700 ) ) ;
#2723 = CARTESIAN_POINT ( 'NONE',  ( 2.152341442245766500, 7.160109433455359000, 24.36992014966240900 ) ) ;
#2724 = CARTESIAN_POINT ( 'NONE',  ( 2.092500781310443300, 7.198202159260219400, 24.35870658459377900 ) ) ;
#2725 = CARTESIAN_POINT ( 'NONE',  ( 2.056397850331685500, 7.222907037991855200, 24.35139314123563300 ) ) ;
#2726 = CARTESIAN_POINT ( 'NONE',  ( 2.012172872338248400, 7.255364142666007200, 24.34172830824102400 ) ) ;
#2727 = CARTESIAN_POINT ( 'NONE',  ( 2.005791400443298800, 7.260166715420584900, 24.34029624136197300 ) ) ;
#2728 = CARTESIAN_POINT ( 'NONE',  ( 1.989547043074914300, 7.272564731865519300, 24.33659475098738100 ) ) ;
#2729 = CARTESIAN_POINT ( 'NONE',  ( 1.964162617147590100, 7.292265524743624100, 24.33070521418963500 ) ) ;
#2730 = CARTESIAN_POINT ( 'NONE',  ( 1.935724521596026400, 7.315275306884273300, 24.32379607243098000 ) ) ;
#2731 = CARTESIAN_POINT ( 'NONE',  ( 1.910329625511809400, 7.336285281578165400, 24.31746157659335900 ) ) ;
#2732 = CARTESIAN_POINT ( 'NONE',  ( 1.908032638011303300, 7.338206370324841500, 24.31688174796535100 ) ) ;
#2733 = CARTESIAN_POINT ( 'NONE',  ( 1.900570491699082200, 7.344462883903237800, 24.31499281564719400 ) ) ;
#2734 = CARTESIAN_POINT ( 'NONE',  ( 1.889291092635878800, 7.353981068318002000, 24.31211716101619300 ) ) ;
#2735 = CARTESIAN_POINT ( 'NONE',  ( 1.862369237657636800, 7.377123725814219500, 24.30511040776155000 ) ) ;
#2736 = CARTESIAN_POINT ( 'NONE',  ( 1.806112499044759700, 7.427140443427482800, 24.28990013504071000 ) ) ;
#2737 = CARTESIAN_POINT ( 'NONE',  ( 1.753755816822754500, 7.476398444272825300, 24.27477827523662800 ) ) ;
#2738 = CARTESIAN_POINT ( 'NONE',  ( 1.712419994879338200, 7.516522916497104100, 24.26235571883264100 ) ) ;
#2739 = CARTESIAN_POINT ( 'NONE',  ( 1.710782218128697400, 7.518125987788351900, 24.26185879770785900 ) ) ;
#2740 = CARTESIAN_POINT ( 'NONE',  ( 1.704403070962783500, 7.524371308696553100, 24.25992265233006200 ) ) ;
#2741 = CARTESIAN_POINT ( 'NONE',  ( 1.694685848903462900, 7.533923242657806400, 24.25695942288210800 ) ) ;
#2742 = CARTESIAN_POINT ( 'NONE',  ( 1.670972821591902200, 7.557498278297270400, 24.24963061772468000 ) ) ;
#2743 = CARTESIAN_POINT ( 'NONE',  ( 1.619388730276196700, 7.609793019233424400, 24.23330164264133700 ) ) ;
#2744 = CARTESIAN_POINT ( 'NONE',  ( 1.568045731961158500, 7.663421687629329100, 24.21639319333224400 ) ) ;
#2745 = CARTESIAN_POINT ( 'NONE',  ( 1.530649038461545000, 7.703070491613401800, 24.20377460234735200 ) ) ;
#2746 = DIRECTION ( 'NONE',  ( -1.000000000000000000, 0.0000000000000000000, 0.0000000000000000000 ) ) ;
#2747 = CARTESIAN_POINT ( 'NONE',  ( 1.500000000000006400, 5.062031825332233800, 24.89047676922488300 ) ) ;
#2748 = DIRECTION ( 'NONE',  ( 1.000000000000000000, 0.0000000000000000000, 0.0000000000000000000 ) ) ;
#2749 = CARTESIAN_POINT ( 'NONE',  ( 1.374399038461545700, 7.703070491613401800, 24.20377460234735200 ) ) ;
#2750 = CARTESIAN_POINT ( 'NONE',  ( 0.8707887702931119700, -5.858789385512901400, 24.71507191427391300 ) ) ;
#2751 = CARTESIAN_POINT ( 'NONE',  ( 0.9237407160621908800, -5.885806920401740200, 24.70865171730908500 ) ) ;
#2752 = VERTEX_POINT ( 'NONE', #2086 ) ;
#2753 = VERTEX_POINT ( 'NONE', #2087 ) ;
#2754 = VERTEX_POINT ( 'NONE', #2088 ) ;
#2755 = VERTEX_POINT ( 'NONE', #2089 ) ;
#2756 = VERTEX_POINT ( 'NONE', #2090 ) ;
#2757 = VERTEX_POINT ( 'NONE', #2091 ) ;
#2758 = VERTEX_POINT ( 'NONE', #2092 ) ;
#2759 = VERTEX_POINT ( 'NONE', #2093 ) ;
#2760 = VERTEX_POINT ( 'NONE', #2094 ) ;
#2761 = VERTEX_POINT ( 'NONE', #2095 ) ;
#2762 = VERTEX_POINT ( 'NONE', #2096 ) ;
#2763 = VERTEX_POINT ( 'NONE', #2097 ) ;
#2764 = VERTEX_POINT ( 'NONE', #2098 ) ;
#2765 = VERTEX_POINT ( 'NONE', #2099 ) ;
#2766 = VERTEX_POINT ( 'NONE', #2100 ) ;
#2767 = VERTEX_POINT ( 'NONE', #2101 ) ;
#2768 = VERTEX_POINT ( 'NONE', #2102 ) ;
#2769 = VERTEX_POINT ( 'NONE', #2103 ) ;
#2770 = VERTEX_POINT ( 'NONE', #2104 ) ;
#2771 = VERTEX_POINT ( 'NONE', #2105 ) ;
#2772 = VERTEX_POINT ( 'NONE', #2106 ) ;
#2773 = VERTEX_POINT ( 'NONE', #2107 ) ;
#2774 = VERTEX_POINT ( 'NONE', #2108 ) ;
#2775 = VERTEX_POINT ( 'NONE', #2109 ) ;
#2776 = VERTEX_POINT ( 'NONE', #2110 ) ;
#2777 = VERTEX_POINT ( 'NONE', #2111 ) ;
#2778 = VERTEX_POINT ( 'NONE', #2112 ) ;
#2779 = VERTEX_POINT ( 'NONE', #2113 ) ;
#2780 = VERTEX_POINT ( 'NONE', #2114 ) ;
#2781 = VERTEX_POINT ( 'NONE', #2115 ) ;
#2782 = VERTEX_POINT ( 'NONE', #2116 ) ;
#2783 = VERTEX_POINT ( 'NONE', #2117 ) ;
#2784 = VERTEX_POINT ( 'NONE', #2118 ) ;
#2785 = VERTEX_POINT ( 'NONE', #2119 ) ;
#2786 = VERTEX_POINT ( 'NONE', #2120 ) ;
#2787 = VERTEX_POINT ( 'NONE', #2121 ) ;
#2788 = VERTEX_POINT ( 'NONE', #2122 ) ;
#2789 = VERTEX_POINT ( 'NONE', #2123 ) ;
#2790 = VERTEX_POINT ( 'NONE', #2124 ) ;
#2791 = VERTEX_POINT ( 'NONE', #2125 ) ;
#2792 = VERTEX_POINT ( 'NONE', #2126 ) ;
#2793 = VERTEX_POINT ( 'NONE', #2127 ) ;
#2794 = VERTEX_POINT ( 'NONE', #2128 ) ;
#2795 = VERTEX_POINT ( 'NONE', #2129 ) ;
#2796 = VERTEX_POINT ( 'NONE', #2130 ) ;
#2797 = VERTEX_POINT ( 'NONE', #2131 ) ;
#2798 = VERTEX_POINT ( 'NONE', #2132 ) ;
#2799 = VERTEX_POINT ( 'NONE', #2133 ) ;
#2800 = VERTEX_POINT ( 'NONE', #2134 ) ;
#2801 = VERTEX_POINT ( 'NONE', #2135 ) ;
#2802 = VERTEX_POINT ( 'NONE', #2136 ) ;
#2803 = VERTEX_POINT ( 'NONE', #2137 ) ;
#2804 = VERTEX_POINT ( 'NONE', #2138 ) ;
#2805 = VERTEX_POINT ( 'NONE', #2139 ) ;
#2806 = VERTEX_POINT ( 'NONE', #2140 ) ;
#2807 = VERTEX_POINT ( 'NONE', #2141 ) ;
#2808 = VERTEX_POINT ( 'NONE', #2142 ) ;
#2809 = VERTEX_POINT ( 'NONE', #2143 ) ;
#2810 = VERTEX_POINT ( 'NONE', #2144 ) ;
#2811 = VERTEX_POINT ( 'NONE', #2145 ) ;
#2812 = VERTEX_POINT ( 'NONE', #2146 ) ;
#2813 = VERTEX_POINT ( 'NONE', #2147 ) ;
#2814 = VERTEX_POINT ( 'NONE', #2148 ) ;
#2815 = VERTEX_POINT ( 'NONE', #2149 ) ;
#2816 = VERTEX_POINT ( 'NONE', #2150 ) ;
#2817 = VERTEX_POINT ( 'NONE', #2151 ) ;
#2818 = VERTEX_POINT ( 'NONE', #2152 ) ;
#2819 = VERTEX_POINT ( 'NONE', #2153 ) ;
#2820 = VERTEX_POINT ( 'NONE', #2154 ) ;
#2821 = VERTEX_POINT ( 'NONE', #2155 ) ;
#2822 = VERTEX_POINT ( 'NONE', #2156 ) ;
#2823 = VERTEX_POINT ( 'NONE', #2157 ) ;
#2824 = VERTEX_POINT ( 'NONE', #2158 ) ;
#2825 = VERTEX_POINT ( 'NONE', #2159 ) ;
#2826 = VERTEX_POINT ( 'NONE', #2160 ) ;
#2827 = VERTEX_POINT ( 'NONE', #2161 ) ;
#2828 = VERTEX_POINT ( 'NONE', #2162 ) ;
#2829 = VERTEX_POINT ( 'NONE', #2163 ) ;
#2830 = VERTEX_POINT ( 'NONE', #2164 ) ;
#2831 = VERTEX_POINT ( 'NONE', #2165 ) ;
#2832 = VERTEX_POINT ( 'NONE', #2166 ) ;
#2833 = VERTEX_POINT ( 'NONE', #2167 ) ;
#2834 = VERTEX_POINT ( 'NONE', #2168 ) ;
#2835 = VERTEX_POINT ( 'NONE', #2169 ) ;
#2836 = VERTEX_POINT ( 'NONE', #2170 ) ;
#2837 = VERTEX_POINT ( 'NONE', #2171 ) ;
#2838 = VERTEX_POINT ( 'NONE', #2172 ) ;
#2839 = VERTEX_POINT ( 'NONE', #2173 ) ;
#2840 = VERTEX_POINT ( 'NONE', #2174 ) ;
#2841 = VERTEX_POINT ( 'NONE', #2175 ) ;
#2842 = LINE ( 'NONE', #2749, #1370 ) ;
#2843 = FACE_OUTER_BOUND ( 'NONE', #2330, .T. ) ;
#2844 = LINE ( 'NONE', #2747, #1375 ) ;
#2845 = FACE_OUTER_BOUND ( 'NONE', #2331, .T. ) ;
#2846 = SURFACE_STYLE_FILL_AREA ( #2638 ) ;
#2847 = PRESENTATION_STYLE_ASSIGNMENT (( #2636 ) ) ;
#2848 = SURFACE_STYLE_FILL_AREA ( #2628 ) ;
#2849 = PRESENTATION_STYLE_ASSIGNMENT (( #2626 ) ) ;
#2850 = FACE_OUTER_BOUND ( 'NONE', #2332, .T. ) ;
#2851 = SURFACE_STYLE_FILL_AREA ( #2617 ) ;
#2852 = PRESENTATION_STYLE_ASSIGNMENT (( #2615 ) ) ;
#2853 = LINE ( 'NONE', #1231, #1432 ) ;
#2854 = LINE ( 'NONE', #2516, #1391 ) ;
#2855 = LINE ( 'NONE', #675, #1393 ) ;
#2856 = LINE ( 'NONE', #794, #1397 ) ;
#2857 = LINE ( 'NONE', #796, #1398 ) ;
#2858 = LINE ( 'NONE', #853, #1404 ) ;
#2859 = LINE ( 'NONE', #898, #1408 ) ;
#2860 = LINE ( 'NONE', #904, #1409 ) ;
#2861 = LINE ( 'NONE', #906, #1410 ) ;
#2862 = LINE ( 'NONE', #908, #1412 ) ;
#2863 = LINE ( 'NONE', #1168, #1417 ) ;
#2864 = LINE ( 'NONE', #1208, #1419 ) ;
#2865 = LINE ( 'NONE', #1216, #1424 ) ;
#2866 = SURFACE_STYLE_FILL_AREA ( #1225 ) ;
#2867 = PRESENTATION_STYLE_ASSIGNMENT (( #1227 ) ) ;
#2868 = CYLINDRICAL_SURFACE ( 'NONE', #1434, 25.39999999999999900 ) ;
#2869 = FACE_OUTER_BOUND ( 'NONE', #2323, .T. ) ;
#2870 = SURFACE_STYLE_FILL_AREA ( #53 ) ;
#2871 = PRESENTATION_STYLE_ASSIGNMENT (( #55 ) ) ;
#2872 = CYLINDRICAL_SURFACE ( 'NONE', #1440, 25.39999999999999900 ) ;
#2873 = FACE_OUTER_BOUND ( 'NONE', #2327, .T. ) ;
#2874 = SURFACE_STYLE_FILL_AREA ( #66 ) ;
#2875 = PRESENTATION_STYLE_ASSIGNMENT (( #68 ) ) ;
#2876 = CYLINDRICAL_SURFACE ( 'NONE', #1438, 25.39999999999999900 ) ;
#2877 = FACE_OUTER_BOUND ( 'NONE', #2328, .T. ) ;
#2878 = SURFACE_STYLE_FILL_AREA ( #79 ) ;
#2879 = PRESENTATION_STYLE_ASSIGNMENT (( #81 ) ) ;
#2880 = FACE_OUTER_BOUND ( 'NONE', #2329, .T. ) ;
#2881 = SURFACE_STYLE_FILL_AREA ( #147 ) ;
#2882 = PRESENTATION_STYLE_ASSIGNMENT (( #149 ) ) ;
#2883 = CYLINDRICAL_SURFACE ( 'NONE', #1453, 25.39999999999999900 ) ;
#2884 = FACE_OUTER_BOUND ( 'NONE', #2324, .T. ) ;
#2885 = SURFACE_STYLE_FILL_AREA ( #326 ) ;
#2886 = PRESENTATION_STYLE_ASSIGNMENT (( #328 ) ) ;
#2887 = CYLINDRICAL_SURFACE ( 'NONE', #1459, 25.39999999999999900 ) ;
#2888 = LINE ( 'NONE', #363, #1461 ) ;
#2889 = FACE_OUTER_BOUND ( 'NONE', #2322, .T. ) ;
#2890 = SURFACE_STYLE_FILL_AREA ( #366 ) ;
#2891 = PRESENTATION_STYLE_ASSIGNMENT (( #368 ) ) ;
#2892 = SURFACE_STYLE_FILL_AREA ( #1727 ) ;
#2893 = LINE ( 'NONE', #432, #1465 ) ;
#2894 = LINE ( 'NONE', #434, #1467 ) ;
#2895 = LINE ( 'NONE', #503, #1471 ) ;
#2896 = FACE_BOUND ( 'NONE', #2316, .T. ) ;
#2897 = FACE_BOUND ( 'NONE', #2317, .T. ) ;
#2898 = FACE_OUTER_BOUND ( 'NONE', #2318, .T. ) ;
#2899 = PRESENTATION_STYLE_ASSIGNMENT (( #1729 ) ) ;
#2900 = CYLINDRICAL_SURFACE ( 'NONE', #1478, 25.39999999999999900 ) ;
#2901 = FACE_OUTER_BOUND ( 'NONE', #2315, .T. ) ;
#2902 = SURFACE_STYLE_FILL_AREA ( #1737 ) ;
#2903 = PRESENTATION_STYLE_ASSIGNMENT (( #1739 ) ) ;
#2904 = CYLINDRICAL_SURFACE ( 'NONE', #1481, 25.39999999999999900 ) ;
#2905 = FACE_OUTER_BOUND ( 'NONE', #2319, .T. ) ;
#2906 = FACE_BOUND ( 'NONE', #2320, .T. ) ;
#2907 = FACE_BOUND ( 'NONE', #2321, .T. ) ;
#2908 = SURFACE_STYLE_FILL_AREA ( #1747 ) ;
#2909 = PRESENTATION_STYLE_ASSIGNMENT (( #1749 ) ) ;
#2910 = CYLINDRICAL_SURFACE ( 'NONE', #1469, 25.39999999999999900 ) ;
#2911 = SURFACE_STYLE_FILL_AREA ( #1823 ) ;
#2912 = LINE ( 'NONE', #1790, #1489 ) ;
#2913 = FACE_BOUND ( 'NONE', #2325, .T. ) ;
#2914 = FACE_OUTER_BOUND ( 'NONE', #2326, .T. ) ;
#2915 = PRESENTATION_STYLE_ASSIGNMENT (( #1825 ) ) ;
#2916 = CYLINDRICAL_SURFACE ( 'NONE', #1491, 25.39999999999999900 ) ;
#2917 = FACE_OUTER_BOUND ( 'NONE', #2314, .T. ) ;
#2918 = FACE_OUTER_BOUND ( 'NONE', #2307, .T. ) ;
#2919 = SURFACE_STYLE_FILL_AREA ( #1884 ) ;
#2920 = PRESENTATION_STYLE_ASSIGNMENT (( #1886 ) ) ;
#2921 = SURFACE_STYLE_FILL_AREA ( #1894 ) ;
#2922 = PRESENTATION_STYLE_ASSIGNMENT (( #1896 ) ) ;
#2923 = CYLINDRICAL_SURFACE ( 'NONE', #2470, 25.39999999999999900 ) ;
#2924 = FACE_OUTER_BOUND ( 'NONE', #2313, .T. ) ;
#2925 = SURFACE_STYLE_FILL_AREA ( #1904 ) ;
#2926 = PRESENTATION_STYLE_ASSIGNMENT (( #1906 ) ) ;
#2927 = FACE_BOUND ( 'NONE', #2312, .T. ) ;
#2928 = FACE_BOUND ( 'NONE', #2310, .T. ) ;
#2929 = FACE_BOUND ( 'NONE', #2309, .T. ) ;
#2930 = FACE_OUTER_BOUND ( 'NONE', #2308, .T. ) ;
#2931 = SURFACE_STYLE_FILL_AREA ( #2047 ) ;
#2932 = PRESENTATION_STYLE_ASSIGNMENT (( #2049 ) ) ;
#2933 = CYLINDRICAL_SURFACE ( 'NONE', #2467, 25.39999999999999900 ) ;
#2934 = FACE_OUTER_BOUND ( 'NONE', #2311, .T. ) ;
#2935 = SURFACE_STYLE_FILL_AREA ( #2057 ) ;
#2936 = PRESENTATION_STYLE_ASSIGNMENT (( #2059 ) ) ;
#2937 = CYLINDRICAL_SURFACE ( 'NONE', #2479, 25.39999999999999900 ) ;
#2938 = SURFACE_STYLE_FILL_AREA ( #2180 ) ;
#2939 = PRESENTATION_STYLE_ASSIGNMENT (( #2182 ) ) ;
#2940 = SHAPE_DEFINITION_REPRESENTATION ( #2457, #1549 ) ;
ENDSEC;
END-ISO-10303-21;
